ProjectID,District,County,ProjectType,ContractorID,LetDate,NumBidders,WinningBid_USD,EngineerEst_USD,WorkingDays
A00220031,Lufkin,Polk,Maintenance,FIRM-6755,2026-05-13,8,156885.00,267243.80,365
A00220140,Lufkin,Houston,Maintenance,FIRM-B029,2026-05-04,5,1258375.00,775525.00,365
A00216397,Lubbock,Terry,Maintenance,FIRM-6731,2025-09-16,6,471580.00,566250.00,180
A00215967,Dallas,Dallas,Maintenance,FIRM-6621,2025-09-10,6,243600.00,147756.00,180
A00212204,Houston,Fort Bend,Maintenance,FIRM-6244,2025-08-26,7,889835.00,456333.00,70
A00217008,Lufkin,Trinity,Maintenance,FIRM-6731,2025-08-20,10,296875.00,451750.00,365
A00210519,Bryan,Milam,Maintenance,FIRM-6621,2025-08-12,5,438000.00,298400.00,365
A00214300,Dallas,Navarro,Maintenance,FIRM-6731,2025-07-09,24,103008.10,151675.70,101
A00184778,Dallas,Dallas,Construction,FIRM-3E2B,2025-02-06,8,5047479.00,4268721.15,240
A00206546,Tyler,Cherokee,Construction,FIRM-7362,2024-09-06,12,159987.10,180908.61,50
A00206956,Beaumont,Liberty,Maintenance,FIRM-D0C9,2024-11-13,6,179275.00,273650.00,365
A00213305,Brownwood,Brown,Maintenance,FIRM-3E2B,2025-03-20,5,653616.50,525106.11,365
A00213817,Bryan,Burleson,Maintenance,FIRM-2C76,2025-02-11,11,410528.00,523900.00,365
A00213095,El Paso,Brewster,Maintenance,FIRM-22C3,2025-04-08,2,1049000.00,574875.00,365
A00212006,Dallas,Collin,Maintenance,FIRM-62DB,2025-04-09,6,98500.00,47852.00,13
A00212372,Houston,Montgomery,Maintenance,FIRM-CE22,2025-01-07,4,1091048.00,1540441.18,365
A00211693,Houston,Fort Bend,Maintenance,FIRM-6755,2024-12-03,15,732257.00,985425.00,365
A00188972,Yoakum,Jackson,Construction,FIRM-DC50,2025-12-02,12,21288201.98,17962824.25,319
A00189583,Yoakum,Victoria,Construction,FIRM-4055,2026-02-05,8,497178.00,610270.00,30
A00183040,Houston,Galveston,Construction,FIRM-32EC,2025-07-02,4,72369054.00,50940000.00,900
A00214550,Laredo,Val Verde,Construction,FIRM-CF69,2025-06-05,11,108050.00,247660.00,5
A00184350,Odessa,Ector,Construction,FIRM-B884,2025-06-05,12,8360128.00,6735407.03,177
A00193283,Fort Worth,Tarrant,Construction,FIRM-1859,2024-12-03,9,2584707.50,1658355.81,214
A00197898,Austin,Travis,Construction,FIRM-40DE,2024-12-04,6,768495.00,801600.00,48
A00206103,Waco,McLennan,Construction,FIRM-DF31,2024-08-01,7,1013078.00,983606.25,120
A00198343,Austin,Travis,Construction,FIRM-00C2,2024-08-02,2,406602.55,413697.36,38
A00182639,Lufkin,Houston,Construction,FIRM-68F6,2024-08-01,2,1536462.00,823651.75,128
A00205571,San Angelo,Tom Green,Construction,FIRM-72A0,2024-08-01,4,2806718.44,2657355.80,140
A00195580,Corpus Christi,Live Oak,Construction,FIRM-B173,2024-08-02,4,14385828.18,17609534.40,353
A00180603,Houston,Galveston,Construction,FIRM-D186,2024-08-01,6,315582.23,371716.55,66
A00216037,Wichita Falls,Young,Maintenance,FIRM-6755,2026-01-21,3,562607.50,445535.00,150
A00219004,Yoakum,Wharton,Maintenance,FIRM-81BD,2026-05-11,3,933297.28,839068.65,30
A00213056,Yoakum,Victoria,Maintenance,FIRM-81BD,2025-01-15,3,998424.27,999500.00,365
A00217650,Abilene,Haskell,Maintenance,FIRM-5ED6,2025-10-14,4,885782.99,895193.00,365
A00214718,Austin,Travis,Maintenance,FIRM-573E,2025-08-07,5,12111218.45,17510932.40,231
A00218660,Brownwood,Brown,Maintenance,FIRM-586A,2026-02-05,7,1025505.16,1499178.78,90
A00218661,Brownwood,Eastland,Maintenance,FIRM-7C19,2026-02-11,6,1052574.22,998666.47,90
A00213022,Bryan,Brazos,Maintenance,FIRM-7B58,2025-01-08,6,898733.55,1143823.75,10
A00217747,Bryan,Robertson,Maintenance,FIRM-B173,2026-03-05,8,2329117.10,2222204.58,25
A00214913,Bryan,Brazos,Maintenance,FIRM-C434,2025-06-10,6,814127.50,866860.00,365
A00214914,Bryan,Walker,Maintenance,FIRM-7B58,2025-05-02,6,1349975.00,1311700.00,365
A00214912,Bryan,Washington,Maintenance,FIRM-7B58,2025-05-06,5,733532.50,788450.00,365
A00217428,Pharr,Hidalgo,Maintenance,FIRM-357D,2026-04-08,4,1249484.00,1359545.50,192
A00215571,Pharr,Hidalgo,Maintenance,FIRM-B122,2025-07-22,5,817470.07,895298.00,140
A00216569,Pharr,Hidalgo,Maintenance,FIRM-970E,2025-08-07,5,1296843.44,1498583.17,730
A00217976,Pharr,Hidalgo,Maintenance,FIRM-57DC,2026-02-04,6,1685137.64,2181454.09,120
A00218360,Pharr,Starr,Maintenance,FIRM-1A77,2025-12-02,2,893522.80,942608.00,730
A00211842,Pharr,Hidalgo,Maintenance,FIRM-196E,2024-09-05,3,424500.00,437000.00,480
A00214871,Pharr,Hidalgo,Maintenance,FIRM-449E,2025-04-15,7,415049.00,437000.00,480
A00215277,San Angelo,Tom Green,Maintenance,FIRM-A40A,2025-10-14,2,828114.14,758795.20,60
A00214606,San Angelo,Tom Green,Maintenance,FIRM-75F3,2025-05-01,3,1377750.10,1327656.00,365
A00215234,San Antonio,Bexar,Maintenance,FIRM-6244,2025-06-18,4,175413.73,183920.00,15
A00215243,San Antonio,Bexar,Maintenance,FIRM-6244,2025-06-18,4,313178.84,289130.00,27
A00215232,San Antonio,Medina,Maintenance,FIRM-FAE7,2025-06-18,5,258171.10,296520.40,39
A00215227,San Antonio,Kerr,Maintenance,FIRM-6244,2025-06-18,4,451750.80,326675.50,40
A00215233,San Antonio,Comal,Maintenance,FIRM-1BB8,2025-06-18,4,593778.00,506440.00,70
A00215011,Tyler,Gregg,Maintenance,FIRM-DAA9,2025-09-16,3,283388.44,430395.20,42
A00215012,Tyler,Henderson,Maintenance,FIRM-A40A,2025-09-16,2,547291.30,436550.20,42
A00218213,Wichita Falls,Wichita,Maintenance,FIRM-8D8B,2025-12-10,4,816731.00,636693.00,36
A00213189,Wichita Falls,Cooke,Maintenance,FIRM-7A54,2025-07-25,8,577561.74,958755.00,80
A00213590,Yoakum,Lavaca,Maintenance,FIRM-6244,2025-06-12,5,1172844.57,995670.40,83
A00214759,Yoakum,Austin,Maintenance,FIRM-9C62,2025-08-13,6,125529.00,194156.00,90
A00214764,Yoakum,De Witt,Maintenance,FIRM-AD0D,2025-08-13,8,112281.05,186212.00,90
A00214766,Yoakum,Calhoun,Maintenance,FIRM-1CB8,2025-08-07,9,1335470.54,1911345.27,75
A00216584,Austin,Bastrop,Maintenance,FIRM-6731,2026-07-08,7,140350.00,179290.00,42
A00188833,Amarillo,Potter,Construction,FIRM-8698,2024-09-06,4,3354582.50,3248892.00,182
A00134846,Fort Worth,Tarrant,Construction,FIRM-2DCC,2024-08-02,5,1888888.87,2605720.00,300
A00205613,Houston,Harris,Construction,FIRM-1A5E,2024-08-02,5,4753276.24,6203016.33,635
A00193138,Austin,Travis,Construction,FIRM-D848,2024-08-01,8,457971.56,533560.38,73
A00194047,El Paso,El Paso,Construction,FIRM-C9ED,2024-08-02,2,2231207.47,2125589.74,196
A00199363,Beaumont,Jefferson,Construction,FIRM-CA3B,2024-08-02,4,181194.00,260000.00,9
A00135046,Corpus Christi,Nueces,Construction,FIRM-AD0D,2024-08-02,7,2562692.01,4893749.30,44
A00193945,Dallas,Dallas,Construction,FIRM-3FEF,2024-08-02,4,773400.00,737050.00,45
A00193180,Fort Worth,Johnson,Construction,FIRM-AC3C,2024-08-01,7,90220.00,118150.00,40
A00131229,Houston,Harris,Construction,FIRM-E675,2024-08-01,5,398115.17,581054.77,68
A00193193,Pharr,Hidalgo,Construction,FIRM-D848,2024-08-01,4,241811.09,238964.20,34
A00187297,Bryan,Washington,Construction,FIRM-C434,2024-10-01,6,17441398.88,20997386.58,293
A00208777,Dallas,Kaufman,Construction,FIRM-EBCE,2024-08-01,5,3012842.00,2888827.60,172
A00193454,Houston,Galveston,Construction,FIRM-D186,2024-08-01,6,411474.50,643489.90,42
A00219467,Dallas,Navarro,Maintenance,FIRM-B173,2026-08-12,5,955632.80,991442.50,25
A00214635,Dallas,Collin,Maintenance,FIRM-CEE4,2025-07-09,4,441920.25,474864.18,30
A00217376,Dallas,Collin,Maintenance,FIRM-B8AE,2026-05-13,2,236150.97,197454.00,30
A00217106,Dallas,Denton,Maintenance,FIRM-3F89,2026-08-12,8,662133.21,687370.30,34
A00217348,Dallas,Ellis,Maintenance,FIRM-C434,2026-04-08,8,1143763.90,1437046.10,50
A00211540,Dallas,Ellis,Maintenance,FIRM-B8AE,2025-05-02,6,1004907.92,1152692.01,80
A00214386,Dallas,Navarro,Maintenance,FIRM-B173,2025-05-07,5,924038.00,843352.00,180
A00211674,Fort Worth,Johnson,Maintenance,FIRM-3F89,2025-01-07,5,3330725.30,4209090.28,365
A00214734,Fort Worth,Tarrant,Maintenance,FIRM-1816,2025-07-02,6,3130822.01,4368583.89,365
A00212324,Fort Worth,Wise,Maintenance,FIRM-CF08,2025-01-07,6,6475473.33,5764659.74,365
A00212912,Houston,Harris,Maintenance,FIRM-23F6,2025-08-08,4,1994500.00,2154550.00,730
A00214483,Houston,Fort Bend,Maintenance,FIRM-CA7F,2025-06-10,4,534900.00,550820.55,365
A00211693,Houston,Fort Bend,Maintenance,FIRM-75F3,2025-04-15,15,427543.00,607155.00,365
A00216550,Lufkin,Nacogdoches,Maintenance,FIRM-B173,2025-08-13,3,827886.45,960749.00,40
A00212173,Paris,Hopkins,Maintenance,FIRM-3FEF,2024-11-21,6,427200.00,371078.00,40
A00217804,Paris,Hopkins,Maintenance,FIRM-DAA9,2025-11-20,7,190653.43,246622.50,40
A00218598,San Antonio,Bexar,Maintenance,FIRM-2B61,2026-01-07,6,1555322.57,1622506.93,365
A00218599,San Antonio,Bexar,Maintenance,FIRM-B173,2026-01-06,5,1616344.10,1659105.95,365
A00218601,San Antonio,Frio,Maintenance,FIRM-2B61,2026-01-07,7,1957501.52,1980953.64,365
A00218569,San Antonio,Kerr,Maintenance,FIRM-2B61,2026-01-07,5,1989196.99,1849461.80,365
A00218600,San Antonio,Wilson,Maintenance,FIRM-B173,2026-01-06,6,1893845.70,2037436.46,365
A00212078,San Antonio,Medina,Maintenance,FIRM-2B61,2024-10-01,8,2137469.20,2353656.48,365
A00211943,San Antonio,Atascosa,Maintenance,FIRM-37C1,2024-10-01,5,1415565.24,1887311.51,132
A00217257,San Antonio,Wilson,Maintenance,FIRM-37C1,2025-10-09,5,2086489.07,2340469.51,132
A00217157,Tyler,Smith,Maintenance,FIRM-8056,2025-12-02,5,1933465.00,2298777.50,24
A00217142,Tyler,Wood,Maintenance,FIRM-68F6,2025-09-05,6,1916265.50,2468586.50,25
A00217143,Tyler,Henderson,Maintenance,FIRM-8056,2025-09-05,4,4487610.00,5605029.90,52
A00212214,Waco,Hill,Maintenance,FIRM-8056,2024-12-04,4,1448925.00,1580805.60,365
A00217948,Waco,McLennan,Maintenance,FIRM-B173,2026-01-14,4,669245.50,661758.75,365
A00212213,Waco,McLennan,Maintenance,FIRM-8056,2024-12-04,4,1423275.00,1638414.57,365
A00180616,Houston,Harris,Construction,FIRM-9CC3,2024-08-02,2,998083.31,1065254.99,149
A00196827,San Angelo,Tom Green,Construction,FIRM-292D,2024-11-06,3,3735644.55,2491289.31,175
A00193158,Tyler,Smith,Construction,FIRM-0E52,2024-11-06,6,1734104.84,1449885.71,133
A00194677,Wichita Falls,Young,Construction,FIRM-D8DE,2024-08-01,6,4490409.69,4748281.73,95
A00196818,San Angelo,Tom Green,Construction,FIRM-C449,2024-08-02,2,2447858.80,2221106.20,143
A00201476,Lufkin,Polk,Construction,FIRM-DAA9,2024-08-02,5,5472431.47,6970372.75,203
A00193159,Austin,Williamson,Construction,FIRM-C449,2024-08-01,7,567567.00,651968.47,99
A00200684,Tyler,Smith,Construction,FIRM-B48A,2024-11-07,19,3108496.40,4536200.00,259
A00198513,Houston,Harris,Construction,FIRM-8B19,2024-08-01,6,3184595.00,5423928.00,539
A00126156,Laredo,La Salle,Construction,FIRM-ECFD,2024-08-02,6,12342227.72,14758445.79,580
A00135507,Fort Worth,Tarrant,Construction,FIRM-CA49,2025-03-04,5,4204056.00,3901065.00,768
A00193250,San Angelo,Tom Green,Construction,FIRM-3DD2,2024-08-01,4,273114.60,251645.91,51
A00198667,Tyler,Smith,Construction,FIRM-9888,2024-11-06,8,865454.00,820887.90,72
A00198663,Tyler,Smith,Construction,FIRM-0E52,2024-11-06,7,1685437.84,1555500.00,144
A00134161,Waco,Limestone,Construction,FIRM-8056,2024-11-06,7,9559736.50,13009783.40,210
A00139929,Houston,Harris,Construction,FIRM-23F6,2024-11-06,4,20354967.27,21488383.75,549
A00190503,San Antonio,Uvalde,Construction,FIRM-B479,2024-08-01,6,118630.28,90089.00,180
A00212222,Waco,McLennan,Maintenance,FIRM-9ED8,2025-03-20,9,420190.00,592265.00,365
A00219520,Waco,McLennan,Maintenance,FIRM-4055,2026-04-08,9,755540.00,968608.78,365
A00213281,Waco,McLennan,Maintenance,FIRM-C449,2025-04-04,5,1538097.95,1609077.13,180
A00213187,Yoakum,Fayette,Maintenance,FIRM-1338,2025-10-22,6,205668.40,213885.90,75
A00213185,Yoakum,Victoria,Maintenance,FIRM-2375,2025-08-15,9,335309.25,611139.09,75
A00216224,Abilene,Taylor,Maintenance,FIRM-2479,2025-10-14,5,972599.50,627217.00,42
A00214120,Abilene,Callahan,Maintenance,FIRM-621E,2025-03-20,9,348072.00,410943.78,365
A00214125,Abilene,Haskell,Maintenance,FIRM-A9C9,2025-04-01,3,217898.00,254009.87,365
A00214118,Abilene,Howard,Maintenance,FIRM-621E,2025-03-27,3,467354.00,541025.86,365
A00214119,Abilene,Jones,Maintenance,FIRM-621E,2025-03-27,3,331915.20,383380.58,365
A00213455,Abilene,Kent,Maintenance,FIRM-621E,2025-03-20,6,409445.00,413098.31,365
A00214124,Abilene,Mitchell,Maintenance,FIRM-621E,2025-03-25,4,254780.69,276244.91,365
A00214121,Abilene,Nolan,Maintenance,FIRM-621E,2025-03-20,7,248129.00,292624.20,365
A00214123,Abilene,Scurry,Maintenance,FIRM-621E,2025-03-27,3,238076.40,269506.04,365
A00214122,Abilene,Shackelford,Maintenance,FIRM-A9C9,2025-03-25,6,145285.15,157946.45,365
A00214126,Abilene,Taylor,Maintenance,FIRM-95E3,2025-04-01,2,183251.00,214208.94,365
A00214117,Abilene,Taylor,Maintenance,FIRM-95E3,2025-03-25,3,330241.00,401850.50,365
A00218135,Abilene,Howard,Maintenance,FIRM-B029,2026-01-15,3,222761.00,247887.40,273
A00218131,Abilene,Taylor,Maintenance,FIRM-2970,2026-01-15,3,324596.00,418717.10,273
A00212175,Abilene,Howard,Maintenance,FIRM-B029,2024-11-26,3,410935.00,563595.00,365
A00212174,Abilene,Taylor,Maintenance,FIRM-B029,2024-11-26,3,418500.00,524890.00,365
A00212422,Abilene,Howard,Maintenance,FIRM-449E,2024-11-26,6,231515.30,316750.00,46
A00214039,Amarillo,Potter,Maintenance,FIRM-A40A,2025-09-05,4,1963566.30,1769107.60,76
A00218375,Amarillo,Potter,Maintenance,FIRM-9BF0,2026-03-18,3,272385.00,294482.00,50
A00214631,Amarillo,Potter,Maintenance,FIRM-DC30,2025-04-23,5,329294.26,506948.00,45
A00218944,Amarillo,Potter,Maintenance,FIRM-A214,2026-03-18,4,640393.60,614855.42,60
A00215474,Austin,Travis,Maintenance,FIRM-2375,2025-11-12,13,570915.00,822270.00,65
A00215471,Austin,Williamson,Maintenance,FIRM-9D5B,2026-01-14,10,522876.00,725466.02,66
A00215477,Austin,Travis,Maintenance,FIRM-8D8B,2026-05-13,5,439780.98,522354.00,78
A00212530,Austin,Bastrop,Maintenance,FIRM-8201,2025-08-13,5,350356.66,700000.00,126
A00214347,Austin,Williamson,Maintenance,FIRM-F002,2025-07-09,8,93836.00,186861.91,65
A00212635,Atlanta,Bowie,Maintenance,FIRM-649E,2025-02-20,5,715078.00,825242.50,365
A00212636,Atlanta,Harrison,Maintenance,FIRM-31A1,2025-02-20,6,730955.00,825242.50,365
A00212637,Atlanta,Titus,Maintenance,FIRM-31A1,2025-02-20,4,730955.03,825242.50,365
A00217124,Corpus Christi,Nueces,Maintenance,FIRM-3866,2025-10-21,4,384353.75,428436.50,170
A00214632,Dallas,Kaufman,Maintenance,FIRM-EFD2,2025-07-09,4,306115.00,923560.00,365
A00214578,Dallas,Kaufman,Maintenance,FIRM-EFD2,2025-07-02,6,608290.00,1412845.00,365
A00215507,Dallas,Dallas,Maintenance,FIRM-2C76,2025-07-31,3,930156.12,848586.50,68
A00215508,Dallas,Dallas,Maintenance,FIRM-2C76,2025-07-31,3,1066860.94,980959.38,68
A00217254,Dallas,Dallas,Maintenance,FIRM-A646,2025-08-13,4,1119711.40,954871.50,68
A00217648,Dallas,Dallas,Maintenance,FIRM-035A,2025-10-15,6,623501.55,957933.68,68
A00216929,Dallas,Dallas,Maintenance,FIRM-EFD2,2025-08-13,5,927357.45,972549.88,68
A00218278,Dallas,Dallas,Maintenance,FIRM-80E3,2026-07-01,3,2424621.71,3077247.18,730
A00217331,Dallas,Ellis,Maintenance,FIRM-6755,2025-11-12,8,408528.00,552300.00,365
A00217115,Dallas,Navarro,Maintenance,FIRM-EFD2,2025-12-10,10,124287.00,316130.00,365
A00216373,Fort Worth,Tarrant,Maintenance,FIRM-8B19,2025-10-08,8,1167456.23,1834602.40,180
A00214326,Houston,Harris,Maintenance,FIRM-6755,2025-06-05,8,754394.00,1044275.00,730
A00215015,Laredo,Webb,Maintenance,FIRM-8B19,2025-07-01,5,1788378.08,1374656.28,160
A00216240,Lufkin,Angelina,Maintenance,FIRM-2375,2025-07-23,4,293167.00,282300.00,365
A00211578,Lufkin,Houston,Maintenance,FIRM-40DE,2024-09-11,5,97685.00,129290.30,365
A00217122,Lufkin,Houston,Maintenance,FIRM-2375,2025-09-24,4,176050.00,193750.00,365
A00214694,Lufkin,Polk,Maintenance,FIRM-6731,2025-05-21,3,163555.00,190930.60,365
A00217092,Odessa,Reeves,Maintenance,FIRM-7519,2025-08-12,3,520679.00,686750.00,365
A00218435,Tyler,Wood,Maintenance,FIRM-A66A,2026-05-12,2,330480.00,318875.00,730
A00214716,Austin,Williamson,Maintenance,FIRM-586A,2025-08-08,6,13801280.44,22291641.84,225
A00217813,Beaumont,Chambers,Maintenance,FIRM-B173,2026-05-12,4,566129.25,534167.65,30
A00213849,Beaumont,Jasper,Maintenance,FIRM-7B58,2025-06-04,3,2469559.00,2843734.79,54
A00213021,Bryan,Washington,Maintenance,FIRM-7B58,2025-03-05,10,1299406.20,1454685.33,25
A00213018,Bryan,Madison,Maintenance,FIRM-8056,2025-06-04,6,3461709.75,4066898.90,26
A00217203,Bryan,Robertson,Maintenance,FIRM-573E,2026-05-07,6,2266507.80,2801462.93,30
A00214289,Corpus Christi,Karnes,Maintenance,FIRM-81BD,2025-04-03,5,1289865.64,1452855.06,365
A00216248,Dallas,Collin,Maintenance,FIRM-3FEF,2025-10-15,5,444180.20,640676.08,34
A00216760,Dallas,Collin,Maintenance,FIRM-40DE,2025-10-15,5,461459.00,451670.00,14
A00213646,Dallas,Rockwall,Maintenance,FIRM-B173,2026-07-08,5,1174731.82,990798.80,50
A00214310,Dallas,Kaufman,Maintenance,FIRM-3F89,2025-07-01,6,2959052.00,3717673.50,137
A00214744,Lubbock,Castro,Maintenance,FIRM-08FE,2025-12-02,9,2282169.65,2132740.81,85
A00215396,Paris,Lamar,Maintenance,FIRM-3FEF,2025-07-24,2,223063.20,258093.00,32
A00214346,Paris,Grayson,Maintenance,FIRM-F9CD,2025-07-02,3,4089492.44,4659491.20,254
A00215035,Paris,Delta,Maintenance,FIRM-0C1D,2025-07-02,3,6077146.15,5866759.30,102
A00215787,San Angelo,Real,Maintenance,FIRM-38DD,2025-08-26,3,461671.80,357864.93,50
A00219498,Wichita Falls,Cooke,Maintenance,FIRM-3FEF,2026-08-06,4,987928.20,1042851.17,96
A00213057,Yoakum,Gonzales,Maintenance,FIRM-81BD,2025-09-04,5,2922696.74,3471249.50,365
A00214602,Abilene,Kent,Maintenance,FIRM-2C76,2026-05-13,8,572628.00,867768.65,68
A00219000,Austin,Hays,Maintenance,FIRM-573E,2026-05-13,4,890313.75,938785.00,120
A00215427,Austin,Travis,Maintenance,FIRM-81BD,2026-02-11,3,717000.25,991479.60,120
A00215429,Austin,Travis,Maintenance,FIRM-357D,2025-12-10,4,455590.00,599663.85,730
A00216599,Austin,Hays,Maintenance,FIRM-357D,2026-08-06,6,1975939.10,1745379.05,730
A00212082,Beaumont,Chambers,Maintenance,FIRM-8D8B,2025-02-18,7,258947.00,368260.00,365
A00216549,Beaumont,Chambers,Maintenance,FIRM-2375,2026-02-10,7,342306.00,484870.00,365
A00212523,Beaumont,Jasper,Maintenance,FIRM-75F3,2025-06-04,5,671470.00,1415277.50,365
A00213969,Beaumont,Jefferson,Maintenance,FIRM-75F3,2025-06-04,5,622654.00,1065545.00,365
A00215344,Bryan,Freestone,Maintenance,FIRM-C434,2025-06-10,7,403575.00,783650.00,365
A00215732,Bryan,Grimes,Maintenance,FIRM-7B58,2025-06-12,5,362890.00,783650.00,365
A00215733,Bryan,Washington,Maintenance,FIRM-7B58,2025-06-11,6,230840.00,490650.00,365
A00213054,Dallas,Collin,Maintenance,FIRM-555E,2025-06-11,7,170348.00,205679.00,19
A00217944,Dallas,Ellis,Maintenance,FIRM-3FEF,2026-02-11,8,312935.00,374925.00,30
A00217120,Dallas,Dallas,Maintenance,FIRM-CB2B,2025-11-05,3,2084886.00,2412741.00,365
A00214926,Dallas,Kaufman,Maintenance,FIRM-4D95,2025-08-13,6,318290.00,347450.00,365
A00216020,Dallas,Denton,Maintenance,FIRM-3FEF,2026-01-14,6,382330.75,355352.09,25
A00218079,El Paso,El Paso,Maintenance,FIRM-9A1B,2026-02-10,3,1079180.00,822750.00,365
A00186884,Houston,Brazoria,Construction,FIRM-CA3B,2024-08-02,4,835253.60,978737.53,99
A00193470,Houston,Montgomery,Construction,FIRM-CA3B,2024-08-02,5,573846.14,745470.10,83
A00193605,Paris,Franklin,Construction,FIRM-3E2B,2024-08-01,3,167535.90,173451.54,22
A00209691,Waco,Bell,Construction,FIRM-EEA6,2024-08-01,6,1467608.80,1995966.38,180
A00082318,Bryan,Robertson,Construction,FIRM-80CC,2024-11-07,6,18997916.10,19385140.90,360
A00195111,Paris,Fannin,Construction,FIRM-3E2B,2024-08-02,4,516689.00,528887.00,32
A00130739,Houston,Harris,Construction,FIRM-BCBF,2024-08-01,5,4137770.75,5144475.90,118
A00193005,Houston,Harris,Construction,FIRM-B173,2024-08-02,4,18279582.41,18228317.57,137
A00180732,Houston,Harris,Construction,FIRM-D186,2024-08-01,6,753027.04,1139040.38,195
A00186876,Houston,Harris,Construction,FIRM-CA3B,2024-08-02,4,658352.03,902284.90,152
A00130772,Houston,Harris,Construction,FIRM-E675,2024-08-01,6,464642.33,832681.00,68
A00196596,Beaumont,Liberty,Construction,FIRM-A503,2024-08-01,6,3702741.54,3734209.20,90
A00201983,Fort Worth,Hood,Construction,FIRM-3505,2024-08-01,5,941155.73,1554331.76,85
A00193459,Houston,Galveston,Construction,FIRM-6C4B,2024-08-01,7,1024065.57,1693031.70,119
A00180611,Houston,Montgomery,Construction,FIRM-6C4B,2024-08-01,7,518164.78,1710175.50,60
A00128019,Lubbock,Hale,Construction,FIRM-F311,2024-10-01,3,26114007.11,20473703.50,445
A00215077,Beaumont,Chambers,Maintenance,FIRM-A40A,2025-06-17,3,237217.33,235325.50,15
A00212344,Beaumont,Jasper,Maintenance,FIRM-A40A,2025-06-17,4,665142.46,871646.16,36
A00214733,Beaumont,Jefferson,Maintenance,FIRM-FAE7,2025-06-17,4,327137.22,382073.45,37
A00212359,Beaumont,Orange,Maintenance,FIRM-75F3,2025-03-05,3,3671201.00,3777909.00,730
A00215793,Brownwood,Eastland,Maintenance,FIRM-FAE7,2025-08-28,4,565807.00,569595.64,49
A00218646,Bryan,Walker,Maintenance,FIRM-3FEF,2026-02-10,8,57501.00,101566.99,9
A00219623,Bryan,Grimes,Maintenance,FIRM-D186,2026-03-17,5,260839.30,322718.24,30
A00217586,Childress,Childress,Maintenance,FIRM-FAE7,2025-10-14,3,757663.00,589150.00,16
A00214428,Corpus Christi,Nueces,Maintenance,FIRM-6244,2025-08-19,3,168350.00,109365.00,17
A00214430,Corpus Christi,San Patricio,Maintenance,FIRM-A40A,2025-08-19,3,179918.00,188250.00,20
A00214429,Corpus Christi,Karnes,Maintenance,FIRM-A40A,2025-07-15,4,333539.41,272462.50,41
A00214427,Corpus Christi,Live Oak,Maintenance,FIRM-1BB8,2025-07-15,4,312800.09,284512.50,43
A00212944,Dallas,Collin,Maintenance,FIRM-FAE7,2025-08-13,4,131448.01,137066.85,14
A00215107,Dallas,Kaufman,Maintenance,FIRM-FAE7,2025-08-13,4,72996.00,72719.25,14
A00213150,Dallas,Denton,Maintenance,FIRM-FAE7,2025-08-13,5,70637.20,73140.00,17
A00214476,Dallas,Navarro,Maintenance,FIRM-A40A,2025-08-13,4,147118.00,164840.80,17
A00215817,Dallas,Dallas,Maintenance,FIRM-2C76,2025-08-13,4,253974.00,210500.00,18
A00212006,Dallas,Collin,Maintenance,FIRM-1A0B,2025-05-21,6,57013.00,47852.00,13
A00218954,Dallas,Collin,Maintenance,FIRM-1A0B,2026-04-15,2,82065.00,89700.00,180
A00215939,Dallas,Denton,Maintenance,FIRM-62DB,2025-12-10,4,766890.00,700075.00,365
A00217333,Dallas,Ellis,Maintenance,FIRM-A992,2025-12-10,4,241101.00,366800.00,365
A00211561,Dallas,Navarro,Maintenance,FIRM-CB2B,2025-01-15,4,375060.00,585359.29,365
A00217835,Dallas,Navarro,Maintenance,FIRM-62DB,2026-02-11,3,319854.00,357085.00,365
A00214533,Dallas,Ellis,Maintenance,FIRM-88A8,2025-05-07,7,336673.00,525272.00,180
A00212550,Dallas,Collin,Maintenance,FIRM-2812,2025-01-15,6,415315.00,559760.23,365
A00218953,Dallas,Collin,Maintenance,FIRM-1A0B,2026-04-15,7,353193.00,453640.00,365
A00212556,Dallas,Collin,Maintenance,FIRM-3FEF,2025-01-15,8,630208.01,832182.16,365
A00218952,Dallas,Collin,Maintenance,FIRM-1A0B,2026-04-15,7,239769.56,308325.00,365
A00215931,Dallas,Denton,Maintenance,FIRM-2812,2025-11-12,9,395027.00,496848.00,365
A00217346,Dallas,Ellis,Maintenance,FIRM-7039,2025-12-02,8,1073320.00,1639424.00,365
A00217332,Dallas,Ellis,Maintenance,FIRM-88A8,2025-11-12,6,230459.50,263908.00,365
A00217116,Dallas,Navarro,Maintenance,FIRM-CB2B,2025-12-10,11,379653.00,577842.10,365
A00217226,Dallas,Navarro,Maintenance,FIRM-CB2B,2025-12-10,12,229214.88,363248.60,365
A00214167,Dallas,Kaufman,Maintenance,FIRM-01A6,2025-04-09,6,640310.95,730017.35,75
A00217779,Dallas,Navarro,Maintenance,FIRM-DC30,2026-02-11,5,25349.95,46879.70,11
A00217098,Dallas,Denton,Maintenance,FIRM-BBB8,2026-01-14,5,80976.25,117869.50,34
A00211526,Dallas,Ellis,Maintenance,FIRM-DC30,2025-02-12,5,235372.25,340922.70,65
A00217349,Dallas,Ellis,Maintenance,FIRM-1CB8,2026-03-11,3,176686.00,225866.00,65
A00214537,Dallas,Collin,Maintenance,FIRM-1CB8,2026-03-11,3,214195.00,362560.00,72
A00212005,Dallas,Collin,Maintenance,FIRM-DC30,2025-02-12,4,287730.50,599729.20,90
A00212608,Dallas,Navarro,Maintenance,FIRM-BBB8,2025-03-12,8,67842.38,86334.99,11
A00214638,Dallas,Collin,Maintenance,FIRM-E675,2025-08-13,4,166612.00,379640.00,12
A00218146,Dallas,Navarro,Maintenance,FIRM-EBAD,2026-05-13,3,72949.13,74053.43,12
A00214634,Dallas,Collin,Maintenance,FIRM-01A6,2025-08-13,4,183993.76,341124.36,23
A00214212,Dallas,Kaufman,Maintenance,FIRM-BBB8,2025-04-09,7,410092.91,523088.00,45
A00214191,Dallas,Kaufman,Maintenance,FIRM-BBB8,2025-04-09,7,482123.42,649899.00,45
A00212370,Dallas,Denton,Maintenance,FIRM-DC30,2025-05-01,7,748276.90,1093277.31,26
A00217351,Dallas,Ellis,Maintenance,FIRM-DC30,2026-06-10,5,159615.70,300757.55,29
A00211542,Dallas,Ellis,Maintenance,FIRM-DC30,2025-05-07,9,186910.35,279546.10,40
A00217108,Dallas,Denton,Maintenance,FIRM-BBB8,2026-08-12,3,384013.77,337034.00,45
A00213318,Dallas,Navarro,Maintenance,FIRM-DC30,2025-03-12,8,56997.00,83012.71,34
A00218287,Dallas,Navarro,Maintenance,FIRM-1CB8,2026-03-11,4,108905.40,156716.82,48
A00214636,Dallas,Collin,Maintenance,FIRM-AFFE,2025-08-13,5,378982.57,576426.03,102
A00213144,Dallas,Denton,Maintenance,FIRM-1A77,2025-04-03,3,939740.35,1263365.61,365
A00217363,Dallas,Ellis,Maintenance,FIRM-CE22,2026-08-05,3,1667621.00,1809328.30,365
A00216981,Dallas,Kaufman,Maintenance,FIRM-1A77,2025-11-12,2,596459.06,679865.10,365
A00216980,Dallas,Rockwall,Maintenance,FIRM-1A77,2025-11-12,2,391980.92,436781.50,365
A00218108,Dallas,Denton,Maintenance,FIRM-9E10,2026-07-08,10,101186.00,131970.00,33
A00213804,Dallas,Denton,Maintenance,FIRM-D744,2025-07-09,12,76625.37,99399.50,34
A00212642,Dallas,Collin,Maintenance,FIRM-2C76,2025-05-07,8,79789.00,97446.00,51
A00214300,Dallas,Navarro,Maintenance,FIRM-2375,2025-09-10,24,127261.00,162068.70,66
A00211541,Dallas,Ellis,Maintenance,FIRM-2375,2024-11-13,7,225950.00,265700.00,81
A00216503,Dallas,Kaufman,Maintenance,FIRM-D744,2025-10-15,9,189350.11,378100.00,91
A00217350,Dallas,Ellis,Maintenance,FIRM-9E10,2025-11-12,10,222280.00,341770.00,120
A00212757,Dallas,Kaufman,Maintenance,FIRM-CB2B,2025-01-15,3,806314.66,954908.00,365
A00212775,Dallas,Kaufman,Maintenance,FIRM-A992,2025-01-15,3,617233.00,695944.00,365
A00212786,Dallas,Rockwall,Maintenance,FIRM-621E,2025-01-15,5,412981.00,458542.00,365
A00217745,Dallas,Rockwall,Maintenance,FIRM-A992,2026-01-14,4,643984.00,534507.00,365
A00214399,El Paso,El Paso,Maintenance,FIRM-970E,2025-07-03,3,355000.00,439940.00,365
A00215348,Fort Worth,Tarrant,Maintenance,FIRM-2C76,2025-08-21,3,286674.60,179643.52,23
A00215350,Fort Worth,Parker,Maintenance,FIRM-2C76,2025-07-01,4,322280.00,281721.28,28
A00215357,Fort Worth,Erath,Maintenance,FIRM-A40A,2025-08-21,5,272258.00,273215.58,29
A00215341,Fort Worth,Wise,Maintenance,FIRM-2C76,2025-07-01,4,622343.00,506116.32,50
A00215349,Fort Worth,Tarrant,Maintenance,FIRM-3FEF,2025-08-21,5,973911.37,833703.04,65
A00218364,Fort Worth,Tarrant,Maintenance,FIRM-6731,2025-12-17,10,180889.04,228500.50,67
A00213805,Fort Worth,Wise,Maintenance,FIRM-DC30,2025-08-21,5,464621.56,622860.16,72
A00215670,Fort Worth,Palo Pinto,Maintenance,FIRM-DC30,2025-08-21,5,78438.10,216023.49,180
A00213977,Fort Worth,Erath,Maintenance,FIRM-DC30,2025-08-21,6,462595.20,571622.34,63
A00215297,Fort Worth,Tarrant,Maintenance,FIRM-DC30,2025-09-05,4,609227.56,1061685.98,161
A00211665,Fort Worth,Palo Pinto,Maintenance,FIRM-AFFE,2025-01-13,6,294433.35,638675.82,180
A00212316,Fort Worth,Parker,Maintenance,FIRM-F0E1,2025-03-20,2,193840.90,211682.90,10
A00215395,Fort Worth,Parker,Maintenance,FIRM-2375,2025-09-18,9,261175.00,447961.45,365
A00211707,Houston,Harris,Maintenance,FIRM-80E3,2025-01-14,7,516859.00,568175.28,120
A00212032,Houston,Galveston,Maintenance,FIRM-DE40,2025-01-07,2,2100000.00,2042000.00,730
A00216763,Lubbock,Parmer,Maintenance,FIRM-FAE7,2025-09-09,6,464211.16,557200.50,30
A00216764,Lubbock,Hale,Maintenance,FIRM-6244,2025-09-09,5,818688.91,808672.00,44
A00216762,Lubbock,Terry,Maintenance,FIRM-FAE7,2025-09-09,5,730462.28,799492.00,44
A00216260,Lufkin,San Jacinto,Maintenance,FIRM-A40A,2025-07-23,5,427928.80,425778.00,30
A00214393,Lufkin,Nacogdoches,Maintenance,FIRM-B029,2025-04-16,2,909825.00,947250.00,365
A00215116,Lufkin,Sabine,Maintenance,FIRM-7C19,2025-04-30,3,934500.00,944500.00,365
A00211558,Lufkin,San Jacinto,Maintenance,FIRM-2375,2025-01-15,3,681105.00,811043.00,365
A00215296,Lufkin,San Jacinto,Maintenance,FIRM-7C19,2025-05-21,4,1003250.00,961260.00,365
A00214202,Lufkin,Trinity,Maintenance,FIRM-2375,2025-03-19,8,221945.00,291312.50,365
A00214339,Maintenance Division,Brooks,Maintenance,FIRM-CE22,2025-06-05,2,1888900.00,1541155.30,250
A00214325,Maintenance Division,Culberson,Maintenance,FIRM-CE22,2025-06-05,3,3750000.00,3044616.25,230
A00218934,Maintenance Division,Baylor,Maintenance,FIRM-03D3,2026-01-07,3,278631.00,185000.00,140
A00218181,Maintenance Division,Bell,Maintenance,FIRM-9E10,2025-12-03,4,195000.00,185000.00,140
A00218186,Maintenance Division,Crockett,Maintenance,FIRM-9E10,2025-12-03,3,189000.00,185000.00,140
A00217918,Maintenance Division,Kerr,Maintenance,FIRM-9E10,2025-11-06,5,150000.00,185000.00,140
A00218184,Maintenance Division,Kimble,Maintenance,FIRM-9E10,2025-12-03,4,200000.00,197000.00,140
A00216765,Odessa,Ector,Maintenance,FIRM-85EC,2025-09-09,5,405594.00,524913.50,40
A00216171,Odessa,Andrews,Maintenance,FIRM-FAE7,2025-08-12,5,274434.00,325300.00,22
A00214203,Odessa,Reeves,Maintenance,FIRM-85EC,2025-03-11,5,132476.00,189995.00,30
A00211676,Odessa,Pecos,Maintenance,FIRM-01A6,2024-09-24,3,269292.92,247623.00,60
A00217234,Paris,Hopkins,Maintenance,FIRM-DAA9,2025-09-18,5,163396.56,144387.50,26
A00217145,Paris,Hunt,Maintenance,FIRM-DAA9,2025-09-18,5,289673.25,257027.00,33
A00217229,Paris,Red River,Maintenance,FIRM-DAA9,2025-09-18,5,400320.28,320722.16,48
A00211557,Paris,Grayson,Maintenance,FIRM-DAA9,2024-09-19,4,361567.25,325793.60,50
A00217231,Paris,Grayson,Maintenance,FIRM-A40A,2025-09-18,3,839451.00,432989.00,60
A00214549,Paris,Hunt,Maintenance,FIRM-D005,2025-05-15,7,458164.00,449580.00,365
A00213065,Paris,Lamar,Maintenance,FIRM-BBB8,2025-02-07,9,1063283.67,1605550.07,53
A00218080,Paris,Lamar,Maintenance,FIRM-E675,2026-02-05,8,770226.04,1127301.56,54
A00215281,Paris,Fannin,Maintenance,FIRM-B029,2025-08-21,4,445800.00,601300.00,365
A00215376,Paris,Grayson,Maintenance,FIRM-B029,2025-07-01,2,814000.00,1291100.00,365
A00217633,Paris,Hopkins,Maintenance,FIRM-B029,2025-12-03,5,875862.00,1133442.00,365
A00217020,Paris,Hunt,Maintenance,FIRM-B029,2025-09-05,5,1599750.00,2104121.00,365
A00218284,Paris,Grayson,Maintenance,FIRM-756E,2026-01-15,9,191462.00,235350.00,240
A00217466,Fort Worth,Tarrant,Maintenance,FIRM-74BB,2025-10-15,3,138482.50,141470.11,20
A00217960,Houston,Galveston,Maintenance,FIRM-7799,2026-03-10,4,915900.00,825157.10,365
A00215832,Houston,Montgomery,Maintenance,FIRM-CA7F,2025-11-12,3,293700.00,299450.00,365
A00212579,Houston,Harris,Maintenance,FIRM-CB64,2025-02-06,4,1987327.75,2669174.31,730
A00214335,Laredo,Webb,Maintenance,FIRM-C464,2025-04-22,2,435260.50,408645.63,365
A00216138,Laredo,Webb,Maintenance,FIRM-ECFD,2025-07-10,2,1340905.46,949674.70,74
A00217600,Lubbock,Hale,Maintenance,FIRM-75F3,2025-10-14,6,467721.00,732750.00,365
A00217601,Lubbock,Hale,Maintenance,FIRM-75F3,2025-11-05,7,2146870.72,2339276.69,145
A00212287,Lufkin,Angelina,Maintenance,FIRM-4A00,2024-10-22,3,347200.00,318550.00,730
A00216051,Odessa,Ector,Maintenance,FIRM-8B19,2025-11-06,5,1760245.15,1584268.69,60
A00214847,Paris,Hopkins,Maintenance,FIRM-3FEF,2025-07-02,5,1988500.00,2709275.00,132
A00216404,Paris,Rains,Maintenance,FIRM-0BA5,2025-12-18,3,270176.50,301039.77,30
A00213980,Pharr,Hidalgo,Maintenance,FIRM-C0B9,2025-03-05,8,1183370.60,1400078.00,120
A00216316,Pharr,Hidalgo,Maintenance,FIRM-D40E,2025-08-07,4,1308893.00,1588326.50,220
A00214710,Pharr,Hidalgo,Maintenance,FIRM-0E52,2025-05-01,5,1676037.20,1749888.50,240
A00216847,San Angelo,Tom Green,Maintenance,FIRM-F402,2026-04-16,3,762302.00,588344.55,54
A00212996,San Angelo,Concho,Maintenance,FIRM-DC30,2025-07-02,6,1141450.50,1609957.34,97
A00212384,San Antonio,Bexar,Maintenance,FIRM-B173,2024-11-06,7,1592374.00,1745470.64,365
A00214915,San Antonio,Guadalupe,Maintenance,FIRM-80E3,2025-07-02,5,1429483.20,2046067.00,365
A00217840,San Antonio,Kendall,Maintenance,FIRM-DC30,2025-12-17,3,248090.40,352305.90,32
A00216167,Tyler,Henderson,Maintenance,FIRM-6755,2025-07-08,4,573272.00,683580.00,730
A00212782,Tyler,Rusk,Maintenance,FIRM-A66A,2025-03-11,2,813463.00,656924.00,730
A00218468,Waco,Bell,Maintenance,FIRM-4D83,2026-07-08,5,640640.00,615078.60,90
A00211859,Waco,Bell,Maintenance,FIRM-AFFE,2025-12-02,8,1401798.23,1417710.81,165
A00215430,Wichita Falls,Wichita,Maintenance,FIRM-1D33,2025-07-01,4,2136200.00,2526725.00,365
A00211671,Lufkin,San Jacinto,Maintenance,FIRM-3FEF,2024-08-28,3,737340.00,893903.00,60
A00211784,Beaumont,Liberty,Maintenance,FIRM-8B19,2024-08-22,2,11985429.90,10571517.25,180
A00184419,Bryan,Madison,Construction,FIRM-80CC,2024-08-01,4,938332.30,802039.63,41
A00193143,Austin,Travis,Construction,FIRM-00C2,2024-08-01,4,1219420.60,1511336.25,55
A00211618,Brownwood,Brown,Maintenance,FIRM-CE22,2024-08-22,4,253740.00,630000.00,180
A00211537,Lufkin,Angelina,Maintenance,FIRM-3899,2024-08-13,4,52722.60,62160.00,240
A00211559,Abilene,Howard,Maintenance,FIRM-E5F6,2024-08-15,3,123294.75,125422.25,183
A00211690,Corpus Christi,Nueces,Maintenance,FIRM-C372,2024-08-20,4,523000.00,575000.00,180
A00211684,Corpus Christi,Live Oak,Maintenance,FIRM-B173,2024-08-20,4,293250.00,333000.00,180
A00211885,Beaumont,Orange,Maintenance,FIRM-8F2F,2024-08-29,3,49720.00,47000.00,365
A00211577,Beaumont,Jefferson,Maintenance,FIRM-6621,2024-08-29,2,84000.00,67340.00,365
A00211529,Pharr,Hidalgo,Maintenance,FIRM-E3EE,2024-08-28,2,159950.00,132000.00,120
A00211653,Pharr,Cameron,Maintenance,FIRM-9E61,2024-08-06,2,99600.00,99600.00,730
A00211616,Brownwood,Stephens,Maintenance,FIRM-A9C9,2024-08-22,5,349761.84,414036.00,80
A00211615,Brownwood,Eastland,Maintenance,FIRM-CB2B,2024-08-22,3,676573.90,760594.00,140
A00211691,Amarillo,Potter,Maintenance,FIRM-03F9,2024-08-21,3,276499.36,288532.00,365
A00211612,Laredo,Maverick,Maintenance,FIRM-059F,2024-08-22,3,297140.74,341682.90,365
A00216266,Dallas,Collin,Maintenance,FIRM-7519,2025-10-15,17,40833.00,33156.00,16
A00218605,Odessa,Reeves,Maintenance,FIRM-6755,2025-12-16,24,499338.00,835920.00,60
A00216198,Abilene,Stonewall,Maintenance,FIRM-6621,2025-08-19,4,380000.00,231936.00,183
A00216735,Brownwood,Brown,Maintenance,FIRM-ED63,2025-07-24,12,240000.00,233600.00,365
A00220082,El Paso,El Paso,Maintenance,FIRM-CE22,2026-07-09,8,478000.00,558600.00,365
A00219871,Odessa,Midland,Maintenance,FIRM-059F,2026-03-10,15,239578.00,429137.50,365
A00217652,Corpus Christi,Nueces,Maintenance,FIRM-449E,2025-11-13,7,70810.01,251374.00,365
A00212242,Houston,Harris,Maintenance,FIRM-1A5E,2025-01-08,3,4290486.28,4692797.46,730
A00214744,Lubbock,Castro,Maintenance,FIRM-7733,2025-09-04,9,3593324.25,2189700.20,85
A00208090,El Paso,El Paso,Construction,FIRM-7F87,2025-05-01,6,967189.90,1411457.52,92
A00206605,El Paso,El Paso,Construction,FIRM-EC9D,2026-05-06,5,867336.25,1100225.79,157
A00206569,El Paso,El Paso,Construction,FIRM-D545,2025-07-02,2,1219020.08,1220791.57,119
A00210325,El Paso,Culberson,Construction,FIRM-C9ED,2026-01-06,2,2093655.00,2110961.25,152
A00178419,Odessa,Reeves,Construction,FIRM-3EA5,2024-11-06,7,27943634.65,41098806.79,240
A00005346,Abilene,Nolan,Construction,FIRM-3EA5,2024-11-07,4,34593730.02,44172100.10,324
A00192925,Beaumont,Liberty,Construction,FIRM-0E52,2024-08-01,12,1654702.80,1973209.56,114
A00198204,Bryan,Brazos,Construction,FIRM-EBAD,2024-09-06,6,4187005.86,5254932.50,100
A00205823,Dallas,Dallas,Construction,FIRM-1FAE,2024-08-01,8,861720.00,1034332.25,85
A00190363,Dallas,Ellis,Construction,FIRM-B8AE,2024-08-02,8,9843419.00,10755474.77,240
A00201984,Fort Worth,Parker,Construction,FIRM-1BBA,2024-08-02,6,1239439.77,1719354.02,128
A00196976,Paris,Hunt,Construction,FIRM-0BA5,2024-08-02,5,1270585.00,1350648.00,168
A00070553,San Angelo,Concho,Construction,FIRM-0E52,2024-11-07,4,14120524.72,9625756.35,289
A00194664,Wichita Falls,Wichita,Construction,FIRM-CF08,2024-10-01,6,2555716.29,2421276.55,80
A00183447,Yoakum,Colorado,Construction,FIRM-0E52,2024-09-06,5,2778932.59,3046350.50,270
A00199704,Bryan,Brazos,Construction,FIRM-611B,2024-08-02,5,1348041.00,2189450.10,44
A00203777,Waco,Bell,Construction,FIRM-B173,2024-08-02,7,12103561.02,12215675.58,150
A00195720,Childress,Childress,Construction,FIRM-2C76,2024-08-02,8,2390689.00,2886075.00,162
A00180766,Houston,Harris,Construction,FIRM-23F6,2024-10-02,5,38157859.84,46625734.04,735
A00212171,Austin,Blanco,Maintenance,FIRM-059C,2024-08-20,3,188864.00,188864.00,730
A00212171,Austin,Blanco,Maintenance,FIRM-5CC6,2024-08-20,3,188864.00,188864.00,730
A00212220,Beaumont,Chambers,Maintenance,FIRM-DC8D,2024-08-11,3,189252.59,189252.59,365
A00212220,Beaumont,Chambers,Maintenance,FIRM-5CC6,2024-08-11,3,189252.59,189252.59,365
A00212217,Beaumont,Hardin,Maintenance,FIRM-DC8D,2024-08-11,3,100941.48,100941.48,365
A00212217,Beaumont,Hardin,Maintenance,FIRM-5CC6,2024-08-11,3,100941.48,100941.48,365
A00212219,Beaumont,Jasper,Maintenance,FIRM-DC8D,2024-08-11,3,149194.53,149194.53,365
A00212219,Beaumont,Jasper,Maintenance,FIRM-5CC6,2024-08-11,3,149194.53,149194.53,365
A00212210,Beaumont,Jefferson,Maintenance,FIRM-DC8D,2024-08-11,3,80937.72,80937.72,365
A00212210,Beaumont,Jefferson,Maintenance,FIRM-5CC6,2024-08-11,3,80937.72,80937.72,365
A00212218,Beaumont,Liberty,Maintenance,FIRM-DC8D,2024-08-11,3,219151.13,219151.13,365
A00212218,Beaumont,Liberty,Maintenance,FIRM-5CC6,2024-08-11,3,219151.13,219151.13,365
A00212216,Beaumont,Tyler,Maintenance,FIRM-DC8D,2024-08-11,3,94918.94,94918.94,365
A00212216,Beaumont,Tyler,Maintenance,FIRM-5CC6,2024-08-11,3,94918.94,94918.94,365
A00211528,Fort Worth,Hood,Maintenance,FIRM-EA7F,2024-08-18,3,268239.80,268239.80,365
A00211528,Fort Worth,Hood,Maintenance,FIRM-5CC6,2024-08-18,3,268239.80,268239.80,365
A00211531,Fort Worth,Johnson,Maintenance,FIRM-D6BE,2024-08-25,3,433681.12,433681.12,365
A00211531,Fort Worth,Johnson,Maintenance,FIRM-5CC6,2024-08-25,3,433681.12,433681.12,365
A00211533,Fort Worth,Parker,Maintenance,FIRM-D6BE,2024-08-25,3,433655.71,433655.71,365
A00211533,Fort Worth,Parker,Maintenance,FIRM-5CC6,2024-08-25,3,433655.71,433655.71,365
A00211534,Fort Worth,Tarrant,Maintenance,FIRM-D6BE,2024-08-25,3,1651908.26,1651908.26,365
A00211534,Fort Worth,Tarrant,Maintenance,FIRM-5CC6,2024-08-25,3,1651908.26,1651908.26,365
A00211532,Fort Worth,Tarrant,Maintenance,FIRM-EA7F,2024-08-25,3,732904.00,732904.00,365
A00211532,Fort Worth,Tarrant,Maintenance,FIRM-5CC6,2024-08-25,3,732904.00,732904.00,365
A00211530,Fort Worth,Wise,Maintenance,FIRM-EA7F,2024-08-18,3,264827.60,264827.60,365
A00211530,Fort Worth,Wise,Maintenance,FIRM-5CC6,2024-08-18,3,264827.60,264827.60,365
A00212073,Lufkin,Shelby,Maintenance,FIRM-BDF0,2024-08-25,3,86518.91,86518.88,365
A00212073,Lufkin,Shelby,Maintenance,FIRM-5CC6,2024-08-25,3,86518.91,86518.88,365
A00212071,Lufkin,Houston,Maintenance,FIRM-BDF0,2024-08-25,3,63086.39,63086.39,365
A00212071,Lufkin,Houston,Maintenance,FIRM-5CC6,2024-08-25,3,63086.39,63086.39,365
A00212072,Lufkin,Polk,Maintenance,FIRM-BDF0,2024-08-25,3,101050.43,101050.43,365
A00212072,Lufkin,Polk,Maintenance,FIRM-5CC6,2024-08-25,3,101050.43,101050.43,365
A00212074,Lufkin,Trinity,Maintenance,FIRM-BDF0,2024-08-25,3,53509.82,53509.82,365
A00212074,Lufkin,Trinity,Maintenance,FIRM-5CC6,2024-08-25,3,53509.82,53509.82,365
A00211883,Waco,Bell,Maintenance,FIRM-769D,2024-08-25,3,184547.93,184547.93,365
A00211883,Waco,Bell,Maintenance,FIRM-5CC6,2024-08-25,3,184547.93,184547.93,365
A00212040,Waco,Limestone,Maintenance,FIRM-3BE5,2024-08-25,3,42318.72,42318.72,365
A00212040,Waco,Limestone,Maintenance,FIRM-5CC6,2024-08-25,3,42318.72,42318.72,365
A00212141,Waco,McLennan,Maintenance,FIRM-769D,2024-08-25,3,199107.09,199107.09,365
A00212141,Waco,McLennan,Maintenance,FIRM-5CC6,2024-08-25,3,199107.09,199107.09,365
A00212207,Beaumont,Jefferson,Maintenance,FIRM-DC8D,2024-08-11,3,29565.12,29565.12,365
A00212207,Beaumont,Jefferson,Maintenance,FIRM-5CC6,2024-08-11,3,29565.12,29565.12,365
A00212087,Corpus Christi,Jim Wells,Maintenance,FIRM-4B05,2024-08-10,3,53248.16,53248.16,730
A00212087,Corpus Christi,Jim Wells,Maintenance,FIRM-5CC6,2024-08-10,3,53248.16,53248.16,730
A00212120,Corpus Christi,Kleberg,Maintenance,FIRM-5CC6,2024-08-10,3,29216.80,29216.80,730
A00212120,Corpus Christi,Kleberg,Maintenance,FIRM-8E6A,2024-08-10,3,29216.80,29216.80,730
A00212084,Corpus Christi,Nueces,Maintenance,FIRM-4B05,2024-08-10,3,31788.92,31788.92,730
A00212084,Corpus Christi,Nueces,Maintenance,FIRM-5CC6,2024-08-10,3,31788.92,31788.92,730
A00211527,Fort Worth,Tarrant,Maintenance,FIRM-D6BE,2024-09-01,3,79740.00,79740.00,365
A00211527,Fort Worth,Tarrant,Maintenance,FIRM-5CC6,2024-09-01,3,79740.00,79740.00,365
A00211844,Lubbock,Hale,Maintenance,FIRM-8D0F,2024-08-18,3,65626.00,65626.00,365
A00211844,Lubbock,Hale,Maintenance,FIRM-5CC6,2024-08-18,3,65626.00,65626.00,365
A00212132,Lubbock,Hale,Maintenance,FIRM-8D0F,2024-08-18,3,253764.65,253764.65,365
A00212132,Lubbock,Hale,Maintenance,FIRM-5CC6,2024-08-18,3,253764.65,253764.65,365
A00212121,Lubbock,Lamb,Maintenance,FIRM-8D0F,2024-08-18,3,224204.44,224204.44,365
A00212121,Lubbock,Lamb,Maintenance,FIRM-5CC6,2024-08-18,3,224204.44,224204.44,365
A00212133,Lubbock,Terry,Maintenance,FIRM-8D0F,2024-08-18,3,96388.67,96388.67,365
A00212133,Lubbock,Terry,Maintenance,FIRM-5CC6,2024-08-18,3,96388.67,96388.67,365
A00212147,Lubbock,Terry,Maintenance,FIRM-8D0F,2024-08-18,3,246387.83,246387.83,365
A00212147,Lubbock,Terry,Maintenance,FIRM-5CC6,2024-08-18,3,246387.83,246387.83,365
A00184975,Paris,Hopkins,Construction,FIRM-C6AB,2024-08-01,6,562558.51,481824.00,64
A00004667,Waco,Hill,Construction,FIRM-8B5E,2024-08-01,7,759759.10,769812.05,75
A00188019,Childress,Wheeler,Construction,FIRM-88FE,2024-08-01,6,691555.00,677770.00,101
A00180721,Houston,Harris,Construction,FIRM-9CC3,2024-08-01,5,848433.64,852487.55,158
A00186669,Pharr,Cameron,Construction,FIRM-1D29,2024-10-02,4,6961346.03,5246981.26,217
A00177886,San Antonio,Bexar,Construction,FIRM-CA49,2024-08-02,3,880880.00,1006758.20,95
A00136648,Corpus Christi,Refugio,Construction,FIRM-8F42,2024-08-01,8,681681.50,637148.60,80
A00184404,Pharr,Hidalgo,Construction,FIRM-D848,2024-08-01,4,1125347.90,1112464.92,180
A00212125,Lubbock,Lamb,Maintenance,FIRM-8D0F,2024-08-18,3,146168.84,76238.12,730
A00212125,Lubbock,Lamb,Maintenance,FIRM-5CC6,2024-08-18,3,146168.84,76238.12,730
A00212240,Lufkin,Nacogdoches,Maintenance,FIRM-4E75,2024-08-25,3,48910.00,48910.00,396
A00212240,Lufkin,Nacogdoches,Maintenance,FIRM-5CC6,2024-08-25,3,48910.00,48910.00,396
A00211652,Waco,Bell,Maintenance,FIRM-769D,2024-08-25,3,9025.89,9025.89,365
A00211652,Waco,Bell,Maintenance,FIRM-5CC6,2024-08-25,3,9025.89,9025.89,365
A00211560,Waco,Bosque,Maintenance,FIRM-A437,2024-08-25,3,28070.00,28070.00,365
A00211560,Waco,Bosque,Maintenance,FIRM-5CC6,2024-08-25,3,28070.00,28070.00,365
A00211963,Waco,Coryell,Maintenance,FIRM-769D,2024-08-25,3,22903.90,22903.90,365
A00211963,Waco,Coryell,Maintenance,FIRM-5CC6,2024-08-25,3,22903.90,22903.90,365
A00211644,Waco,Hamilton,Maintenance,FIRM-A437,2024-08-25,3,14040.00,14040.00,365
A00211644,Waco,Hamilton,Maintenance,FIRM-5CC6,2024-08-25,3,14040.00,14040.00,365
A00212029,Waco,Hill,Maintenance,FIRM-A437,2024-08-25,3,15820.00,15820.00,365
A00212029,Waco,Hill,Maintenance,FIRM-5CC6,2024-08-25,3,15820.00,15820.00,365
A00212039,Waco,Limestone,Maintenance,FIRM-3BE5,2024-08-25,3,18352.81,18352.81,365
A00212039,Waco,Limestone,Maintenance,FIRM-5CC6,2024-08-25,3,18352.81,18352.81,365
A00212164,Waco,McLennan,Maintenance,FIRM-769D,2024-08-25,3,44974.48,44974.48,365
A00212164,Waco,McLennan,Maintenance,FIRM-5CC6,2024-08-25,3,44974.48,44974.48,365
A00211658,Waco,Bell,Maintenance,FIRM-A437,2024-08-25,3,33630.00,33630.00,365
A00211658,Waco,Bell,Maintenance,FIRM-5CC6,2024-08-25,3,33630.00,33630.00,365
A00211548,Waco,Bosque,Maintenance,FIRM-A437,2024-08-25,3,110760.00,110760.00,365
A00211548,Waco,Bosque,Maintenance,FIRM-5CC6,2024-08-25,3,110760.00,110760.00,365
A00211754,Waco,Coryell,Maintenance,FIRM-A437,2024-08-25,3,87380.00,87380.00,365
A00211754,Waco,Coryell,Maintenance,FIRM-5CC6,2024-08-25,3,87380.00,87380.00,365
A00212031,Waco,Falls,Maintenance,FIRM-A437,2024-08-25,3,91200.00,91200.00,365
A00212031,Waco,Falls,Maintenance,FIRM-5CC6,2024-08-25,3,91200.00,91200.00,365
A00211562,Waco,Hamilton,Maintenance,FIRM-A437,2024-08-25,3,92300.00,92300.00,365
A00211562,Waco,Hamilton,Maintenance,FIRM-5CC6,2024-08-25,3,92300.00,92300.00,365
A00212030,Waco,Hill,Maintenance,FIRM-A437,2024-08-25,3,68400.00,68400.00,365
A00212030,Waco,Hill,Maintenance,FIRM-5CC6,2024-08-25,3,68400.00,68400.00,365
A00212037,Waco,Limestone,Maintenance,FIRM-3BE5,2024-08-25,3,75155.20,75155.20,365
A00212037,Waco,Limestone,Maintenance,FIRM-5CC6,2024-08-25,3,75155.20,75155.20,365
A00212241,Lufkin,Nacogdoches,Maintenance,FIRM-769D,2024-08-25,3,24200.00,24200.00,396
A00212241,Lufkin,Nacogdoches,Maintenance,FIRM-5CC6,2024-08-25,3,24200.00,24200.00,396
A00211998,Amarillo,Moore,Maintenance,FIRM-5CC6,2024-08-04,3,16276.20,16276.20,365
A00211998,Amarillo,Moore,Maintenance,FIRM-8E6A,2024-08-04,3,16276.20,16276.20,365
A00211997,Amarillo,Randall,Maintenance,FIRM-5CC6,2024-08-12,3,23211.60,23211.60,365
A00211997,Amarillo,Randall,Maintenance,FIRM-8E6A,2024-08-12,3,23211.60,23211.60,365
A00211996,Amarillo,Randall,Maintenance,FIRM-5CC6,2024-08-12,3,83200.48,83200.48,365
A00211996,Amarillo,Randall,Maintenance,FIRM-8E6A,2024-08-12,3,83200.48,83200.48,365
A00212085,Corpus Christi,Live Oak,Maintenance,FIRM-4B05,2024-08-10,3,31817.32,31817.32,730
A00212085,Corpus Christi,Live Oak,Maintenance,FIRM-5CC6,2024-08-10,3,31817.32,31817.32,730
A00212090,Corpus Christi,Refugio,Maintenance,FIRM-4B05,2024-08-10,3,22453.24,22453.24,730
A00212090,Corpus Christi,Refugio,Maintenance,FIRM-5CC6,2024-08-10,3,22453.24,22453.24,730
A00212088,Corpus Christi,San Patricio,Maintenance,FIRM-4B05,2024-08-10,3,25579.68,25579.68,730
A00212088,Corpus Christi,San Patricio,Maintenance,FIRM-5CC6,2024-08-10,3,25579.68,25579.68,730
A00212105,Corpus Christi,San Patricio,Maintenance,FIRM-4B05,2024-08-10,3,82634.28,82634.28,730
A00212105,Corpus Christi,San Patricio,Maintenance,FIRM-5CC6,2024-08-10,3,82634.28,82634.28,730
A00211730,Fort Worth,Tarrant,Maintenance,FIRM-87B3,2024-09-01,3,18000.00,18000.00,365
A00211730,Fort Worth,Tarrant,Maintenance,FIRM-5CC6,2024-09-01,3,18000.00,18000.00,365
A00212248,San Antonio,Bexar,Maintenance,FIRM-5CC6,2024-08-20,3,75323.60,75323.60,730
A00212248,San Antonio,Bexar,Maintenance,FIRM-8E6A,2024-08-20,3,75323.60,75323.60,730
A00211680,Waco,Bell,Maintenance,FIRM-86F2,2024-08-25,3,43402.48,43402.48,365
A00211680,Waco,Bell,Maintenance,FIRM-5CC6,2024-08-25,3,43402.48,43402.48,365
A00211683,Waco,Bosque,Maintenance,FIRM-86F2,2024-08-25,3,8233.36,8233.36,365
A00211683,Waco,Bosque,Maintenance,FIRM-5CC6,2024-08-25,3,8233.36,8233.36,365
A00211667,Waco,Coryell,Maintenance,FIRM-F99F,2024-08-25,3,17377.44,17377.44,365
A00211667,Waco,Coryell,Maintenance,FIRM-5CC6,2024-08-25,3,17377.44,17377.44,365
A00211837,Waco,Falls,Maintenance,FIRM-86F2,2024-08-25,3,11163.24,11163.24,365
A00211837,Waco,Falls,Maintenance,FIRM-5CC6,2024-08-25,3,11163.24,11163.24,365
A00211839,Waco,Hill,Maintenance,FIRM-86F2,2024-08-25,3,18574.96,18574.96,365
A00211839,Waco,Hill,Maintenance,FIRM-5CC6,2024-08-25,3,18574.96,18574.96,365
A00212036,Waco,Limestone,Maintenance,FIRM-3BE5,2024-08-25,3,11388.48,11388.48,365
A00212036,Waco,Limestone,Maintenance,FIRM-5CC6,2024-08-25,3,11388.48,11388.48,365
A00211832,Waco,McLennan,Maintenance,FIRM-86F2,2024-08-25,3,193352.96,193352.96,365
A00211832,Waco,McLennan,Maintenance,FIRM-5CC6,2024-08-25,3,193352.96,193352.96,365
A00211835,Waco,McLennan,Maintenance,FIRM-86F2,2024-08-25,3,12487.94,12487.94,365
A00211835,Waco,McLennan,Maintenance,FIRM-5CC6,2024-08-25,3,12487.94,12487.94,365
A00211841,Waco,McLennan,Maintenance,FIRM-86F2,2024-08-25,3,45192.40,45192.40,365
A00211841,Waco,McLennan,Maintenance,FIRM-5CC6,2024-08-25,3,45192.40,45192.40,365
A00121680,Pharr,Kenedy,Construction,FIRM-E289,2024-08-01,6,33508385.70,40574001.21,453
A00183901,Yoakum,Matagorda,Construction,FIRM-8B19,2024-09-06,7,30981397.22,26875955.70,467
A00178478,Bryan,Washington,Construction,FIRM-80CC,2024-08-01,5,522512.60,526961.41,86
A00192279,Dallas,Kaufman,Construction,FIRM-008F,2024-08-02,6,5405602.01,6095724.53,240
A00184796,Pharr,Kenedy,Construction,FIRM-E289,2024-08-02,4,93082026.74,106176094.30,685
A00184356,Bryan,Milam,Construction,FIRM-B173,2024-08-02,5,3193316.70,2941639.13,190
A00064766,Dallas,Denton,Construction,FIRM-AD6A,2024-08-02,7,11749150.19,13211118.18,377
A00196902,Dallas,Ellis,Construction,FIRM-B173,2024-08-01,3,10720298.94,10910393.10,147
A00181207,El Paso,Hudspeth,Construction,FIRM-9A1B,2024-08-01,4,20919511.75,24305693.27,312
A00198527,Austin,Travis,Construction,FIRM-D848,2024-08-02,6,1809359.21,2015258.75,110
A00180580,Houston,Harris,Construction,FIRM-16A4,2024-08-02,3,2826450.12,2958919.00,130
A00065640,San Antonio,Bexar,Construction,FIRM-7B56,2024-08-02,9,16250382.92,19927581.32,326
A00218896,Bryan,Walker,Maintenance,FIRM-3FEF,2026-01-13,5,344186.00,399540.75,28
A00214877,Corpus Christi,Nueces,Maintenance,FIRM-B379,2025-05-20,4,599978.00,532755.00,68
A00213454,Dallas,Dallas,Maintenance,FIRM-A646,2025-04-09,7,337964.60,737957.50,42
A00216261,Dallas,Dallas,Maintenance,FIRM-4D95,2025-10-08,17,994560.00,2222850.00,120
A00218322,El Paso,El Paso,Maintenance,FIRM-EBBA,2026-03-04,11,1025237.00,1290866.50,135
A00215119,Houston,Harris,Maintenance,FIRM-7519,2025-08-12,7,483400.00,428464.00,45
A00211669,Lufkin,Nacogdoches,Maintenance,FIRM-3FEF,2024-10-31,7,323160.00,380435.00,30
A00212920,San Antonio,Atascosa,Maintenance,FIRM-6755,2025-02-20,15,67357.00,105150.00,48
A00218193,Fort Worth,Palo Pinto,Maintenance,FIRM-7F87,2025-12-17,5,788004.89,844309.40,29
A00218196,Fort Worth,Tarrant,Maintenance,FIRM-9419,2026-01-06,14,960310.00,1606885.10,100
A00215121,Houston,Harris,Maintenance,FIRM-23F6,2025-08-19,4,499134.00,583557.00,45
A00218325,Bryan,Walker,Maintenance,FIRM-6755,2025-11-24,9,114511.00,210237.12,12
A00215134,Houston,Harris,Maintenance,FIRM-7F87,2025-08-12,7,280600.00,410089.79,28
A00215133,Houston,Harris,Maintenance,FIRM-7F87,2025-08-19,7,289066.00,449354.60,43
A00218605,Odessa,Reeves,Maintenance,FIRM-9419,2026-02-24,24,393560.00,549280.00,60
A00214051,Lufkin,Houston,Maintenance,FIRM-4055,2025-07-30,9,230695.00,377120.00,40
A00214050,Lufkin,San Augustine,Maintenance,FIRM-5AF6,2025-07-09,3,425610.00,518760.00,90
A00216259,Dallas,Dallas,Maintenance,FIRM-A646,2025-10-15,7,299758.38,536215.00,25
A00185354,Corpus Christi,Live Oak,Construction,FIRM-8611,2024-08-01,5,968539.79,1069870.00,99
A00136649,Corpus Christi,San Patricio,Construction,FIRM-7733,2024-08-01,9,867435.50,725622.70,106
A00136650,Corpus Christi,San Patricio,Construction,FIRM-C0B9,2024-08-02,9,977756.80,906124.12,102
A00193128,Dallas,Collin,Construction,FIRM-72A0,2024-08-02,5,2208225.16,2042338.54,180
A00135145,Laredo,Duval,Construction,FIRM-7733,2024-08-01,8,2301233.00,2644774.19,148
A00209966,Amarillo,Potter,Construction,FIRM-C28C,2026-04-07,6,7487324.30,7802744.75,137
A00207270,Atlanta,Cass,Construction,FIRM-86E8,2025-07-01,5,131208.57,167736.50,20
A00207273,Atlanta,Cass,Construction,FIRM-CB2B,2026-08-05,5,119056.40,164050.00,34
A00212312,Beaumont,Jefferson,Construction,FIRM-9888,2025-07-01,5,1263786.30,1690590.00,38
A00212313,Beaumont,Jefferson,Construction,FIRM-0F0C,2026-06-03,6,1233654.08,1628270.50,96
A00209977,Bryan,Brazos,Construction,FIRM-80CC,2026-03-05,10,421789.50,368585.25,47
A00190949,Corpus Christi,Goliad,Construction,FIRM-ECFD,2026-06-03,11,825294.90,1292157.80,143
A00176929,Corpus Christi,Bee,Construction,FIRM-4064,2024-10-02,4,1284612.00,1515354.20,96
A00198202,Corpus Christi,Nueces,Construction,FIRM-88FE,2025-04-03,7,1821967.00,2076600.00,150
A00203943,El Paso,El Paso,Construction,FIRM-D545,2025-06-04,2,1100233.45,653691.94,77
A00213131,El Paso,Presidio,Construction,FIRM-8ABF,2025-07-01,4,1179327.80,848847.00,92
A00139362,Houston,Harris,Construction,FIRM-3FEF,2026-04-07,7,383467.00,468119.00,44
A00183413,Pharr,Hidalgo,Construction,FIRM-F5C3,2026-07-02,9,1942734.90,2404056.00,153
A00187130,San Antonio,Guadalupe,Construction,FIRM-81BD,2026-05-07,5,14244557.66,19746678.83,504
A00177149,Abilene,Jones,Construction,FIRM-5ED6,2026-01-07,6,2611154.60,2746601.05,154
A00134330,Beaumont,Jefferson,Construction,FIRM-7519,2026-01-07,8,528287.00,695032.00,104
A00196604,Beaumont,Jefferson,Construction,FIRM-3FEF,2026-07-01,6,3928543.50,4638268.80,240
A00196825,Corpus Christi,Nueces,Construction,FIRM-B379,2026-06-02,15,177547.00,221133.94,39
A00208955,Corpus Christi,Nueces,Construction,FIRM-654C,2026-06-03,10,478472.60,514400.50,35
A00041603,El Paso,Brewster,Construction,FIRM-CE22,2025-05-01,5,894199.50,1109482.70,126
A00190266,Abilene,Mitchell,Construction,FIRM-3505,2024-11-07,6,1243855.77,1279367.50,64
A00184285,Abilene,Taylor,Construction,FIRM-2C76,2025-04-04,7,493190.20,680582.90,54
A00206920,Abilene,Mitchell,Construction,FIRM-7733,2026-04-08,6,12796839.00,12515642.92,212
A00186948,Abilene,Shackelford,Construction,FIRM-3F89,2024-12-04,10,5659269.00,7330144.26,107
A00062536,Abilene,Taylor,Construction,FIRM-80FF,2025-10-08,10,72482832.00,84918828.81,800
A00132662,Abilene,Taylor,Construction,FIRM-3EA5,2026-06-03,4,136705243.93,126337928.70,839
A00207724,Abilene,Taylor,Construction,FIRM-81BF,2026-05-07,15,4004004.00,5992792.40,114
A00202528,Abilene,Nolan,Construction,FIRM-7733,2025-04-04,6,664504.00,970593.50,23
A00195443,Abilene,Howard,Construction,FIRM-0C1D,2025-12-03,3,1010382.69,1049937.07,51
A00193006,Amarillo,Potter,Construction,FIRM-D0D7,2026-08-06,4,30085056.41,31174130.40,217
A00193225,Amarillo,Armstrong,Construction,FIRM-1BBA,2026-06-02,6,6922965.90,8256773.50,161
A00208898,Amarillo,Dallam,Construction,FIRM-2E02,2025-11-06,1,17475908.80,19238161.13,116
A00195667,Amarillo,Armstrong,Construction,FIRM-C324,2024-11-06,6,19891474.25,21345607.38,162
A00206578,Amarillo,Hartley,Construction,FIRM-D0D7,2025-12-02,6,15925814.45,19781316.40,189
A00188623,Atlanta,Bowie,Construction,FIRM-D0C4,2024-10-01,3,10662923.12,10805303.74,103
A00058984,Atlanta,Bowie,Construction,FIRM-B638,2025-12-02,6,10382445.26,10155546.50,312
A00197211,Austin,Caldwell,Construction,FIRM-81BD,2025-04-04,7,4315552.20,5525420.22,64
A00200789,Austin,Williamson,Construction,FIRM-00C2,2026-07-01,6,2920576.22,3081165.65,128
A00209818,Austin,Travis,Construction,FIRM-586A,2026-02-04,6,2185902.87,2158946.59,39
A00132358,Beaumont,Liberty,Construction,FIRM-16A4,2024-11-06,8,27266205.50,31409598.75,603
A00187743,Beaumont,Jefferson,Construction,FIRM-B173,2025-11-05,6,3143022.05,5468279.23,81
A00210039,Beaumont,Liberty,Construction,FIRM-B173,2026-07-02,4,1939953.24,2109576.76,62
A00196627,Beaumont,Liberty,Construction,FIRM-7B58,2025-11-06,5,4088177.20,6408891.21,92
A00178424,Beaumont,Jefferson,Construction,FIRM-2B61,2024-09-05,4,9870092.80,12200097.04,60
A00139849,Brownwood,Eastland,Construction,FIRM-F402,2026-07-01,5,1029929.05,1318735.86,49
A00212622,Brownwood,Eastland,Construction,FIRM-8B19,2025-10-08,6,7760918.61,8646114.75,91
A00178984,Brownwood,Eastland,Construction,FIRM-37C1,2024-11-06,3,17087352.48,17326635.55,97
A00197443,Brownwood,Eastland,Construction,FIRM-9557,2025-11-06,5,12031351.68,15709023.77,93
A00196763,Childress,Childress,Construction,FIRM-9557,2025-10-08,4,6688614.40,8165599.44,50
A00194237,Childress,Donley,Construction,FIRM-1338,2025-07-02,4,238960.00,218359.79,30
A00190019,Childress,Cottle,Construction,FIRM-D8DE,2026-01-06,10,46493743.17,45384887.94,449
A00203773,Childress,Childress,Construction,FIRM-0C1D,2025-11-06,9,5183756.46,6986325.94,125
A00211596,Childress,Collingsworth,Construction,FIRM-1859,2026-05-06,14,2396525.55,2507551.66,100
A00210994,Dallas,Collin,Construction,FIRM-2375,2025-06-05,7,336918.67,399646.00,60
A00209316,Dallas,Collin,Construction,FIRM-80E3,2025-10-09,6,2620351.00,2784343.87,196
A00193995,Dallas,Dallas,Construction,FIRM-2DCC,2025-11-05,9,1127949.43,1144816.15,80
A00193863,Dallas,Dallas,Construction,FIRM-60EB,2026-07-02,5,4688430.62,5674110.30,320
A00211984,Dallas,Dallas,Construction,FIRM-9419,2026-04-07,14,319026.00,509989.85,32
A00196245,Dallas,Ellis,Construction,FIRM-B8AE,2026-02-05,8,5401081.08,6141864.62,129
A00214469,Dallas,Dallas,Construction,FIRM-E16E,2026-03-05,6,1098618.00,934435.20,76
A00218096,Dallas,Ellis,Construction,FIRM-2C76,2026-05-06,7,3796555.52,3999027.10,220
A00209326,Dallas,Collin,Construction,FIRM-C455,2026-06-03,8,2190495.45,3714697.00,146
A00196246,Dallas,Ellis,Construction,FIRM-1816,2025-10-08,6,5190650.16,5520733.73,71
A00193385,Dallas,Dallas,Construction,FIRM-CA49,2025-11-06,9,2607221.00,4118396.75,200
A00216465,Dallas,Dallas,Construction,FIRM-3FEF,2026-02-04,6,714400.00,829955.00,105
A00137832,El Paso,Brewster,Construction,FIRM-8D37,2024-12-04,3,6055674.71,6309719.65,54
A00183875,El Paso,Presidio,Construction,FIRM-CB57,2026-03-04,4,4176256.00,4806126.10,32
A00213273,Fort Worth,Wise,Construction,FIRM-2375,2025-09-05,7,230077.00,274801.70,39
A00217109,Fort Worth,Parker,Construction,FIRM-4A0B,2026-07-02,8,291493.75,375912.50,36
A00199005,Fort Worth,Parker,Construction,FIRM-3866,2024-10-01,8,10713976.55,13457777.30,299
A00128998,Fort Worth,Parker,Construction,FIRM-B83B,2025-07-02,6,5099674.81,5855860.77,152
A00211766,Fort Worth,Tarrant,Construction,FIRM-0E52,2025-07-01,5,494457.50,675946.70,64
A00064555,Fort Worth,Johnson,Construction,FIRM-4F2D,2026-06-02,9,19812334.00,20058072.07,510
A00132718,Fort Worth,Johnson,Construction,FIRM-3F89,2026-08-05,9,2800123.52,3991946.40,128
A00007222,Fort Worth,Tarrant,Construction,FIRM-AD6A,2026-08-05,11,66140141.56,74343261.75,666
A00219255,Fort Worth,Wise,Construction,FIRM-47AF,2026-08-05,6,1237814.41,1221713.62,171
A00193318,Fort Worth,Tarrant,Construction,FIRM-F402,2026-01-06,10,3872523.74,5270569.04,83
A00217855,Fort Worth,Tarrant,Construction,FIRM-CEE4,2026-07-01,8,8547147.17,8675951.77,157
A00219620,Fort Worth,Johnson,Construction,FIRM-9557,2026-07-02,8,1879034.47,2135136.14,54
A00209716,Houston,Harris,Construction,FIRM-CE22,2026-08-05,8,1422408.75,1357254.35,80
A00214360,Houston,Harris,Construction,FIRM-B479,2025-11-06,6,2411103.10,2502397.50,84
A00216766,Houston,Waller,Construction,FIRM-2B61,2025-12-03,4,2311694.30,2590267.52,77
A00198503,Houston,Fort Bend,Construction,FIRM-E95A,2025-12-03,8,557545.00,1075637.00,83
A00186737,Houston,Fort Bend,Construction,FIRM-4D83,2024-09-06,4,241600.00,301611.79,58
A00131119,Houston,Harris,Construction,FIRM-E675,2024-09-06,6,583946.47,708509.21,68
A00210230,Houston,Fort Bend,Construction,FIRM-7C19,2025-09-05,5,600106.56,901416.49,38
A00196967,Houston,Harris,Construction,FIRM-1338,2025-09-05,10,2447344.00,3798635.84,123
A00140405,Houston,Fort Bend,Construction,FIRM-E675,2026-06-03,5,3174124.48,6272429.63,276
A00206808,Houston,Waller,Construction,FIRM-8DAD,2026-08-05,8,3894237.41,4454020.25,305
A00195669,Houston,Fort Bend,Construction,FIRM-1A5E,2024-10-01,7,27926486.70,29760302.87,540
A00193596,Houston,Harris,Construction,FIRM-1A5E,2025-07-01,9,2899776.47,3452673.23,110
A00121975,Houston,Harris,Construction,FIRM-980D,2026-02-04,11,74036474.93,78925854.11,864
A00127779,Houston,Harris,Construction,FIRM-3FEF,2026-08-06,5,2463336.00,1782087.46,84
A00068611,Houston,Fort Bend,Construction,FIRM-16A4,2026-08-05,8,48831300.51,52496966.16,556
A00186776,Houston,Waller,Construction,FIRM-CA3B,2024-09-05,7,571855.20,622114.13,140
A00189763,Laredo,Webb,Construction,FIRM-37C1,2025-09-04,5,4828838.85,5545072.68,120
A00214550,Laredo,Val Verde,Construction,FIRM-B379,2025-09-04,11,138550.00,247660.00,5
A00206655,Laredo,Val Verde,Construction,FIRM-7F87,2025-12-03,5,571506.10,576948.57,45
A00067526,Laredo,Webb,Construction,FIRM-336E,2025-02-06,5,10599419.72,11256117.52,109
A00119468,Laredo,Webb,Construction,FIRM-0E6B,2026-06-02,7,69849999.50,66832713.24,448
A00136503,Laredo,Zavala,Construction,FIRM-654C,2026-08-05,11,13786606.52,17896171.15,284
A00119935,Laredo,Webb,Construction,FIRM-050A,2026-08-06,5,205813980.82,226858175.99,894
A00189674,Laredo,La Salle,Construction,FIRM-81BD,2026-05-07,4,24814865.14,27692720.89,319
A00210998,Odessa,Ector,Construction,FIRM-8D37,2024-09-06,4,4515761.18,4183467.49,19
A00180194,Odessa,Reeves,Construction,FIRM-3EA5,2024-11-07,7,31497131.45,37995861.93,240
A00208465,Odessa,Martin,Construction,FIRM-F311,2026-07-02,5,8792882.85,5911334.34,282
A00189375,Odessa,Terrell,Construction,FIRM-37C1,2024-09-06,4,13343819.72,13290266.69,84
A00212545,Paris,Hopkins,Construction,FIRM-008F,2025-01-07,13,339000.00,1068480.00,30
A00209704,Paris,Hopkins,Construction,FIRM-C6AB,2026-01-07,7,2279664.82,2874515.70,286
A00193711,Paris,Hunt,Construction,FIRM-2B61,2025-11-05,5,12986714.57,17093993.48,128
A00197713,Paris,Red River,Construction,FIRM-3E2B,2024-10-02,4,1195344.00,1138458.55,151
A00197744,Paris,Red River,Construction,FIRM-40DE,2025-02-07,12,1486446.00,1743510.41,158
A00206966,Paris,Grayson,Construction,FIRM-3567,2026-08-05,11,993246.10,1185228.20,91
A00193205,Paris,Hopkins,Construction,FIRM-C92E,2024-12-03,3,14548148.96,13199844.72,120
A00192921,Pharr,Hidalgo,Construction,FIRM-DAA9,2025-09-04,10,734476.11,927977.00,96
A00129662,Pharr,Hidalgo,Construction,FIRM-1D29,2025-09-05,3,10273482.71,12098637.08,180
A00192906,Pharr,Cameron,Construction,FIRM-357D,2025-09-05,6,1285169.95,1513548.08,191
A00196887,Pharr,Cameron,Construction,FIRM-0E52,2025-11-05,5,1004819.78,1035935.35,95
A00134752,Pharr,Starr,Construction,FIRM-1D29,2026-01-07,4,2373627.82,2841695.75,71
A00209509,Pharr,Cameron,Construction,FIRM-3866,2024-11-06,6,687735.16,2190254.00,69
A00208065,San Angelo,Menard,Construction,FIRM-37C1,2024-12-04,4,11252313.93,11446359.00,75
A00211390,San Angelo,Runnels,Construction,FIRM-0C1D,2026-03-04,3,10981878.26,14058843.21,181
A00063678,San Antonio,Bexar,Construction,FIRM-573E,2026-02-04,5,15028560.49,18518602.56,265
A00179104,San Antonio,Comal,Construction,FIRM-37C1,2024-10-02,2,16993738.72,17458686.68,132
A00215457,San Antonio,Frio,Construction,FIRM-37C1,2025-10-08,2,8695114.82,8650513.15,132
A00187152,San Antonio,Uvalde,Construction,FIRM-37C1,2025-10-08,3,6088753.32,6224457.28,132
A00187185,San Antonio,Bexar,Construction,FIRM-B173,2025-10-09,6,2846601.58,3256890.74,69
A00207949,San Antonio,Bexar,Construction,FIRM-1338,2025-12-02,8,1759160.95,1826588.00,163
A00184201,San Antonio,Bexar,Construction,FIRM-4064,2024-09-05,12,1024954.00,1034460.00,32
A00184331,San Antonio,Medina,Construction,FIRM-C449,2024-09-05,4,2230735.00,2300334.48,180
A00064418,San Antonio,Medina,Construction,FIRM-654C,2024-11-06,8,12823667.12,14708153.76,318
A00206281,San Antonio,Uvalde,Construction,FIRM-654C,2025-02-06,11,2879645.50,3252006.00,184
A00193362,San Antonio,Comal,Construction,FIRM-B7AC,2026-07-01,8,12034296.02,14509411.70,343
A00178600,San Antonio,Bexar,Construction,FIRM-8BBD,2025-02-06,7,7922686.37,9598054.17,131
A00207468,San Antonio,Bexar,Construction,FIRM-00C2,2025-04-04,5,4223266.29,6680545.51,127
A00197417,San Antonio,Bexar,Construction,FIRM-2B61,2026-04-07,7,3947711.24,4814213.78,203
A00218304,San Antonio,Bexar,Construction,FIRM-60EB,2026-08-06,8,7903389.28,10408179.05,382
A00061208,San Antonio,Bexar,Construction,FIRM-2B61,2025-07-01,8,3232998.95,5388451.41,80
A00183926,Waco,Falls,Construction,FIRM-8056,2025-02-07,7,3949757.01,4914108.92,150
A00194304,Waco,McLennan,Construction,FIRM-0E52,2025-06-05,6,446495.85,455373.20,53
A00134193,Waco,Hill,Construction,FIRM-C434,2025-10-08,4,3553261.05,4084368.50,135
A00197927,Wichita Falls,Montague,Construction,FIRM-CF08,2025-01-08,5,6806246.03,7950753.78,158
A00192765,Wichita Falls,Montague,Construction,FIRM-37C1,2024-11-06,5,11361820.16,12017972.50,68
A00213506,Wichita Falls,Wichita,Construction,FIRM-37C1,2025-11-06,5,9871512.49,11647166.91,68
A00213569,Wichita Falls,Cooke,Construction,FIRM-A87F,2026-05-06,10,664203.25,798794.50,51
A00213998,Wichita Falls,Wichita,Construction,FIRM-CEE4,2026-02-05,6,2689048.60,2965919.76,68
A00067416,Wichita Falls,Montague,Construction,FIRM-E801,2026-08-05,5,11180257.88,15521039.92,402
A00188271,Wichita Falls,Wilbarger,Construction,FIRM-C455,2025-10-09,6,3176311.41,3208474.10,218
A00194321,Wichita Falls,Montague,Construction,FIRM-38DC,2025-10-09,8,20093158.64,21707026.00,311
A00208985,Wichita Falls,Montague,Construction,FIRM-D8DE,2025-09-04,9,4768150.23,5850475.04,119
A00194383,Yoakum,Fayette,Construction,FIRM-2B61,2024-11-07,3,20248015.63,23742982.60,75
A00194495,Yoakum,Colorado,Construction,FIRM-2B61,2025-11-05,4,20511237.04,24391765.24,75
A00196770,Yoakum,Gonzales,Construction,FIRM-88FE,2025-04-04,8,5381995.91,5467250.60,201
A00193674,Dallas,Dallas,Construction,FIRM-3E2B,2025-05-01,5,2361631.94,2115094.75,60
A00185972,Odessa,Terrell,Construction,FIRM-88FE,2025-01-07,4,3731413.10,3702725.60,217
A00196924,Paris,Grayson,Construction,FIRM-0C1D,2025-01-07,5,14667931.64,15941259.39,128
A00130702,Houston,Harris,Construction,FIRM-B173,2025-01-07,2,44841587.31,39796142.58,413
A00189926,Odessa,Martin,Construction,FIRM-FFD8,2025-06-05,6,11318569.20,16256053.79,179
A00193105,Pharr,Cameron,Construction,FIRM-8201,2025-09-04,4,1036984.70,962158.58,96
A00206294,Bryan,Brazos,Construction,FIRM-80CC,2025-05-01,5,4454972.58,4885536.76,277
A00184729,Dallas,Collin,Construction,FIRM-3E2B,2025-06-04,3,4580162.24,4635342.70,180
A00183412,Pharr,Starr,Construction,FIRM-2DAF,2025-04-04,7,1458980.10,1661328.00,117
A00129937,San Antonio,Bexar,Construction,FIRM-B173,2025-02-06,5,21789871.13,33898933.00,190
A00210032,Beaumont,Orange,Construction,FIRM-B173,2025-07-02,2,2802309.20,2910047.69,48
A00197100,Beaumont,Jefferson,Construction,FIRM-8B19,2025-07-01,10,5167739.54,7462307.59,207
A00191986,Childress,Donley,Construction,FIRM-6C9D,2025-02-07,4,4458100.20,3194304.66,253
A00193579,Paris,Lamar,Construction,FIRM-DA83,2025-09-05,10,1345111.44,1759908.94,157
A00195718,Childress,Collingsworth,Construction,FIRM-A646,2024-10-02,8,7277549.57,8803627.00,125
A00190749,Dallas,Dallas,Construction,FIRM-2C76,2025-04-04,7,1837551.00,2200606.00,199
A00182660,Abilene,Howard,Construction,FIRM-8B19,2025-03-04,7,14287269.77,16650393.44,397
A00187759,Childress,Childress,Construction,FIRM-115B,2024-09-06,7,4054308.57,2941335.97,290
A00207984,Houston,Harris,Construction,FIRM-0929,2025-02-06,4,3952209.55,4442819.98,135
A00204105,Dallas,Navarro,Construction,FIRM-EBCE,2024-08-01,4,7778331.00,5985598.05,125
A00128284,Houston,Montgomery,Construction,FIRM-80FF,2024-08-02,5,42630751.17,44825424.60,683
A00123239,San Angelo,Irion,Construction,FIRM-0C1D,2024-08-02,5,52231940.64,57311002.26,448
A00064247,Austin,Williamson,Construction,FIRM-504D,2025-01-07,5,139751032.36,126574851.23,812
A00194199,Yoakum,Wharton,Construction,FIRM-42ED,2024-08-02,8,2156908.46,2107468.50,223
A00178784,Fort Worth,Tarrant,Construction,FIRM-3DD2,2024-08-02,4,2474212.90,2367808.00,171
A00186686,Fort Worth,Parker,Construction,FIRM-3FEF,2024-08-01,6,523283.00,565016.00,86
A00182800,Fort Worth,Somervell,Construction,FIRM-3FEF,2024-08-02,8,1348858.00,1628621.00,215
A00096029,Pharr,Hidalgo,Construction,FIRM-9545,2024-10-02,9,19548135.00,21445754.75,452
A00180762,Houston,Galveston,Construction,FIRM-23F6,2024-08-02,4,2818752.40,2819481.18,164
A00214666,Abilene,Kent,Maintenance,FIRM-2479,2025-09-11,13,611250.00,997965.00,58
A00213069,Beaumont,Jasper,Maintenance,FIRM-A646,2025-07-01,12,594805.82,1140338.53,30
A00217091,Beaumont,Jasper,Maintenance,FIRM-F23B,2026-08-05,9,1880325.00,2126165.06,39
A00214130,Bryan,Freestone,Maintenance,FIRM-9ED8,2025-06-12,7,188514.00,231343.64,34
A00213949,Bryan,Freestone,Maintenance,FIRM-6755,2025-05-06,13,422313.00,747777.38,50
A00217584,Childress,Childress,Maintenance,FIRM-6755,2025-12-05,13,554446.00,872120.00,102
A00219130,Childress,Childress,Maintenance,FIRM-2479,2026-01-15,12,576246.00,882110.00,102
A00214813,Childress,Hall,Maintenance,FIRM-EBBA,2025-10-08,9,1079105.00,1488986.00,104
A00216833,Corpus Christi,Nueces,Maintenance,FIRM-B379,2025-09-16,7,276452.00,199786.66,60
A00212884,Corpus Christi,Live Oak,Maintenance,FIRM-2375,2025-01-14,7,456790.00,537421.50,68
A00212682,Corpus Christi,Kleberg,Maintenance,FIRM-9ED8,2024-11-19,9,296578.00,449118.67,68
A00213688,Dallas,Collin,Maintenance,FIRM-4D95,2025-08-13,5,32400.00,45433.00,10
A00217117,Dallas,Navarro,Maintenance,FIRM-4055,2025-12-10,12,134302.00,288486.10,34
A00217553,Dallas,Dallas,Maintenance,FIRM-6755,2025-10-15,6,438264.00,600017.50,71
A00213834,Houston,Waller,Maintenance,FIRM-1A5E,2025-05-13,7,776700.00,812450.00,365
A00219512,Houston,Harris,Maintenance,FIRM-1A5E,2026-07-14,9,488125.00,666280.00,30
A00218348,Houston,Montgomery,Maintenance,FIRM-6755,2026-02-04,11,1198560.00,1153575.00,548
A00212419,Odessa,Ector,Maintenance,FIRM-2C76,2025-01-14,5,686631.00,765225.00,50
A00214348,Paris,Hunt,Maintenance,FIRM-6755,2025-07-24,8,209178.00,325575.00,52
A00218968,Pharr,Cameron,Maintenance,FIRM-3866,2026-06-25,4,733936.25,657203.80,120
A00218389,San Angelo,Kimble,Maintenance,FIRM-BE3F,2026-01-15,11,365527.00,543207.20,80
A00216183,San Antonio,Bexar,Maintenance,FIRM-B379,2025-10-15,6,40152.00,44190.41,14
A00214336,San Antonio,Bexar,Maintenance,FIRM-6755,2025-07-23,4,35566.00,44119.63,10
A00214337,San Antonio,Bexar,Maintenance,FIRM-E152,2025-11-12,8,50807.00,75832.61,13
A00214343,San Antonio,Guadalupe,Maintenance,FIRM-6755,2025-08-20,7,61036.10,103346.10,13
A00217164,San Antonio,Bandera,Maintenance,FIRM-3FEF,2025-09-17,4,92080.00,83556.21,14
A00214338,San Antonio,Comal,Maintenance,FIRM-6755,2025-08-20,8,82602.00,114478.94,30
A00214342,San Antonio,Atascosa,Maintenance,FIRM-E152,2026-03-18,8,72204.00,103319.51,41
A00214044,Wichita Falls,Archer,Maintenance,FIRM-00E4,2025-10-28,13,491415.00,642276.00,68
A00214045,Wichita Falls,Wichita,Maintenance,FIRM-1859,2025-08-08,10,1492330.00,1305071.50,68
A00215319,Yoakum,De Witt,Maintenance,FIRM-6244,2025-09-23,9,305712.41,473155.00,75
A00212451,Yoakum,Fayette,Maintenance,FIRM-3FEF,2026-01-12,8,164770.00,202345.00,60
A00218501,Yoakum,Wharton,Maintenance,FIRM-4055,2026-07-08,10,152900.00,231570.00,30
A00214674,Dallas,Navarro,Maintenance,FIRM-4055,2025-08-13,10,335539.00,568766.10,35
A00218045,Fort Worth,Palo Pinto,Maintenance,FIRM-8B19,2026-07-01,4,1961440.00,2032014.95,103
A00216245,San Angelo,Tom Green,Maintenance,FIRM-6755,2025-11-20,12,505933.90,750054.70,90
A00218355,Amarillo,Potter,Maintenance,FIRM-035A,2026-01-28,12,499719.30,981231.00,109
A00211700,Dallas,Collin,Maintenance,FIRM-9419,2025-07-09,7,199431.00,227905.99,26
A00212347,Dallas,Denton,Maintenance,FIRM-035A,2025-06-05,13,887943.00,1479237.06,73
A00216266,Dallas,Collin,Maintenance,FIRM-3FEF,2026-01-14,17,53876.00,58520.00,16
A00218411,Dallas,Ellis,Maintenance,FIRM-035A,2026-02-11,12,205783.90,287773.10,35
A00212320,Fort Worth,Johnson,Maintenance,FIRM-035A,2025-08-08,10,637481.50,936152.30,128
A00217632,Lufkin,Shelby,Maintenance,FIRM-3FEF,2025-09-24,10,589785.00,878495.00,80
A00211809,Pharr,Cameron,Maintenance,FIRM-3866,2024-09-05,4,602116.00,788240.00,120
A00218969,Pharr,Cameron,Maintenance,FIRM-C0B9,2026-06-25,4,277220.00,295433.50,120
A00219217,Waco,Bell,Maintenance,FIRM-3866,2026-08-05,5,1320412.04,1644862.51,85
A00217094,Dallas,Denton,Maintenance,FIRM-2375,2026-01-14,9,140047.15,153216.95,45
A00218400,Paris,Hunt,Maintenance,FIRM-2479,2026-03-19,5,394150.00,321375.00,40
A00216832,Corpus Christi,Nueces,Maintenance,FIRM-3866,2025-11-10,9,379499.50,880710.90,60
A00217667,Dallas,Dallas,Maintenance,FIRM-A646,2025-10-15,5,469310.00,655360.00,20
A00219086,Dallas,Denton,Maintenance,FIRM-9419,2026-05-13,10,238282.00,306319.50,80
A00217374,Dallas,Collin,Maintenance,FIRM-6755,2026-03-11,7,43579.00,46331.00,20
A00213015,Fort Worth,Parker,Maintenance,FIRM-3FEF,2025-09-18,6,142050.00,285427.65,32
A00219537,Houston,Harris,Maintenance,FIRM-1A5E,2026-07-02,11,898477.00,1094618.13,238
A00213807,Houston,Brazoria,Maintenance,FIRM-2C76,2025-04-15,6,307652.00,345310.00,21
A00214350,Paris,Fannin,Maintenance,FIRM-035A,2025-09-18,10,86644.12,174277.00,56
A00214351,Paris,Grayson,Maintenance,FIRM-3866,2026-04-16,8,418850.80,544061.50,60
A00216062,Tyler,Gregg,Maintenance,FIRM-DAA9,2025-08-12,9,334371.37,431155.00,240
A00214075,Wichita Falls,Wilbarger,Maintenance,FIRM-CF69,2025-03-13,4,112028.00,144840.00,14
A00218500,Yoakum,Lavaca,Maintenance,FIRM-FC21,2026-07-31,5,118350.00,177860.00,75
A00218499,Yoakum,Victoria,Maintenance,FIRM-FC21,2026-06-10,8,182850.00,206840.00,75
A00216543,Tyler,Cherokee,Maintenance,FIRM-C3C1,2025-10-21,7,194460.10,311459.25,92
A00216166,Tyler,Anderson,Maintenance,FIRM-9ED8,2025-10-21,8,322159.49,393728.50,95
A00218248,Tyler,Smith,Maintenance,FIRM-2C76,2025-12-09,9,439998.60,646985.00,118
A00213946,Waco,Bell,Maintenance,FIRM-F23B,2025-06-18,8,897734.00,891854.00,70
A00213214,Waco,Hill,Maintenance,FIRM-B379,2025-11-05,8,1179951.00,1552814.38,84
A00213687,Abilene,Taylor,Maintenance,FIRM-2479,2025-04-01,13,643004.00,956650.00,365
A00215418,Atlanta,Bowie,Maintenance,FIRM-9419,2025-06-18,10,602634.00,999015.13,55
A00214714,Austin,Travis,Maintenance,FIRM-B379,2026-01-06,7,732645.75,1289892.38,80
A00215951,Brownwood,Comanche,Maintenance,FIRM-9ED8,2025-09-05,12,684585.50,1027615.02,102
A00214129,Bryan,Freestone,Maintenance,FIRM-CB2B,2025-07-09,7,405446.60,451815.00,61
A00213950,Bryan,Freestone,Maintenance,FIRM-6755,2025-07-08,8,194063.50,279223.00,30
A00212049,Dallas,Navarro,Maintenance,FIRM-2375,2025-01-15,8,223095.00,284900.00,41
A00211695,Dallas,Ellis,Maintenance,FIRM-F23B,2025-01-15,11,733230.00,928400.00,60
A00218809,Dallas,Ellis,Maintenance,FIRM-3FEF,2026-03-11,13,369500.00,520878.60,66
A00217111,Dallas,Collin,Maintenance,FIRM-40DE,2025-11-12,7,216855.00,221418.00,30
A00212379,Houston,Fort Bend,Maintenance,FIRM-1A5E,2025-01-14,3,409700.00,432225.00,365
A00218250,Houston,Fort Bend,Maintenance,FIRM-1A5E,2026-03-10,6,329415.00,349670.00,365
A00219003,Houston,Harris,Maintenance,FIRM-3FEF,2026-04-14,6,393900.00,517098.60,37
A00216582,Laredo,Dimmit,Maintenance,FIRM-6755,2025-10-14,9,783171.00,980014.20,160
A00213672,Lubbock,Lubbock,Maintenance,FIRM-7F0A,2026-01-27,9,797655.44,804356.00,160
A00214349,Paris,Lamar,Maintenance,FIRM-6755,2025-07-24,5,224665.00,335182.50,70
A00218966,Pharr,Hidalgo,Maintenance,FIRM-B379,2026-03-31,2,1026749.00,582160.70,120
A00214916,San Antonio,Bexar,Maintenance,FIRM-80E3,2025-07-01,6,1143629.00,1640752.00,365
A00217860,San Antonio,Guadalupe,Maintenance,FIRM-B379,2026-04-22,2,247629.00,124896.70,32
A00217857,San Antonio,Wilson,Maintenance,FIRM-6755,2025-12-17,9,53716.10,85284.02,16
A00214344,San Antonio,Guadalupe,Maintenance,FIRM-6755,2025-12-17,6,33340.00,39973.75,10
A00214340,San Antonio,Comal,Maintenance,FIRM-6755,2025-12-17,7,28359.00,35553.72,14
A00214345,San Antonio,Wilson,Maintenance,FIRM-E152,2025-11-12,6,53230.00,69445.01,15
A00214341,San Antonio,Guadalupe,Maintenance,FIRM-39D3,2026-01-14,9,58581.10,64348.00,16
A00216189,San Antonio,Wilson,Maintenance,FIRM-E152,2025-11-12,7,90862.00,110128.00,16
A00218464,San Antonio,Guadalupe,Maintenance,FIRM-6755,2026-03-18,8,48346.00,48907.70,22
A00219576,San Antonio,Guadalupe,Maintenance,FIRM-B379,2026-07-22,5,175688.00,218298.80,24
A00216530,Tyler,Wood,Maintenance,FIRM-C3C1,2025-11-12,8,143287.00,152820.50,60
A00061494,Lufkin,Houston,Construction,FIRM-381C,2024-08-02,7,8999168.11,8959520.20,330
A00133599,Dallas,Dallas,Construction,FIRM-3F89,2024-08-02,8,14715096.44,14667651.10,255
A00204944,Atlanta,Titus,Construction,FIRM-C6AB,2024-09-06,4,3819729.19,4308284.83,424
A00196394,Atlanta,Titus,Construction,FIRM-C6AB,2025-10-09,8,1331902.88,1390645.70,132
A00186809,Houston,Montgomery,Construction,FIRM-23F6,2026-07-02,5,8096089.00,11173102.00,310
A00059128,Tyler,Gregg,Construction,FIRM-AD6A,2026-01-07,8,197976991.87,220422253.24,962
A00212663,Fort Worth,Tarrant,Construction,FIRM-0E52,2025-07-02,3,286843.97,410581.20,45
A00199263,Houston,Galveston,Construction,FIRM-0929,2026-04-08,5,3185937.08,3887385.31,398
A00203348,Atlanta,Bowie,Construction,FIRM-F3FB,2026-08-06,5,10625436.47,12397796.00,337
A00058517,Tyler,Rusk,Construction,FIRM-9457,2026-02-05,9,10286588.48,12659926.87,386
A00199633,Brownwood,Stephens,Construction,FIRM-1859,2025-12-03,7,1341645.00,1293068.00,136
A00058846,El Paso,El Paso,Construction,FIRM-9C62,2025-07-01,4,890832.68,1123240.55,152
A00129683,Fort Worth,Johnson,Construction,FIRM-9557,2025-10-08,9,4574922.62,5966546.15,299
A00209833,Fort Worth,Tarrant,Construction,FIRM-CEE4,2026-04-07,8,5395973.71,8810551.86,73
A00198027,Laredo,Webb,Construction,FIRM-C0B9,2026-08-05,4,2041432.14,2168274.20,327
A00197960,Pharr,Cameron,Construction,FIRM-1D29,2026-04-08,5,7826503.09,7236974.35,112
A00179426,Atlanta,Bowie,Construction,FIRM-DA83,2025-10-09,7,2531388.30,4024993.95,158
A00186167,Atlanta,Bowie,Construction,FIRM-C6AB,2024-11-07,9,1777958.06,1848087.75,137
A00043462,Atlanta,Morris,Construction,FIRM-2FA7,2025-08-07,6,246934.93,276302.05,75
A00206315,Brownwood,Coleman,Construction,FIRM-0E52,2026-06-03,5,2189860.83,2544721.05,193
A00188032,Bryan,Brazos,Construction,FIRM-7519,2025-05-02,7,590567.00,550286.00,66
A00207372,Childress,Dickens,Construction,FIRM-88FE,2025-12-03,6,1016530.80,1094124.97,112
A00083929,Corpus Christi,Nueces,Construction,FIRM-8C47,2024-10-01,7,78963043.96,74013183.14,801
A00205982,Houston,Galveston,Construction,FIRM-80FF,2024-09-06,5,17513705.44,20323491.96,339
A00176944,Dallas,Collin,Construction,FIRM-7B56,2024-08-02,6,15084320.86,13064642.45,271
A00203665,Austin,Bastrop,Construction,FIRM-CF69,2025-03-04,20,180204.00,277476.00,64
A00132253,Corpus Christi,Nueces,Construction,FIRM-E71F,2026-05-07,5,41937000.00,43826715.00,621
A00203781,El Paso,Hudspeth,Construction,FIRM-C9ED,2024-09-05,2,752716.50,751533.84,80
A00203782,El Paso,Hudspeth,Construction,FIRM-C9ED,2025-09-05,3,841056.00,929754.00,74
A00121011,Pharr,Hidalgo,Construction,FIRM-1D29,2026-05-06,7,25599270.56,33933190.86,670
A00064788,Abilene,Nolan,Construction,FIRM-DE02,2024-11-06,6,7895450.24,10452751.90,288
A00206732,Austin,Williamson,Construction,FIRM-1338,2026-07-02,8,342220.25,432477.50,61
A00208947,Corpus Christi,Nueces,Construction,FIRM-7733,2025-03-04,5,4423799.33,5114929.69,113
A00219663,Fort Worth,Tarrant,Construction,FIRM-1FAE,2026-06-02,8,1177759.00,1434972.42,87
A00217861,Houston,Montgomery,Construction,FIRM-9888,2026-04-07,8,1514369.34,2075081.32,872
A00208135,Waco,Bell,Construction,FIRM-9888,2025-01-07,4,119767.00,154338.20,60
A00212948,Yoakum,Jackson,Construction,FIRM-2B61,2026-08-05,4,1003037.63,935446.45,29
A00212148,Abilene,Taylor,Construction,FIRM-0E52,2026-07-02,8,254408.38,319006.50,54
A00133631,Childress,Donley,Construction,FIRM-C9B4,2025-11-05,7,1781819.00,2141909.00,78
A00198364,Houston,Montgomery,Construction,FIRM-4A0B,2026-05-07,8,1579083.27,2218948.70,377
A00201249,Austin,Travis,Construction,FIRM-0F0C,2025-08-08,6,581040.00,1057860.00,43
A00217765,Austin,Travis,Construction,FIRM-9888,2026-06-03,7,425750.00,500263.00,53
A00185000,Austin,Bastrop,Construction,FIRM-88FE,2025-10-09,9,846903.00,880992.30,72
A00215754,Beaumont,Jefferson,Construction,FIRM-79E7,2026-07-01,5,6391809.49,6050405.96,193
A00188538,Fort Worth,Johnson,Construction,FIRM-EBBA,2024-09-05,5,923878.45,1442276.00,80
A00216194,Houston,Harris,Construction,FIRM-B3AF,2026-06-02,8,4349108.00,6616380.25,101
A00213981,Lufkin,Angelina,Construction,FIRM-86E8,2025-08-07,7,330230.00,850792.50,74
A00200096,Paris,Hopkins,Construction,FIRM-F9CD,2025-01-07,5,3075739.84,3727196.32,122
A00215672,Tyler,Smith,Construction,FIRM-CB2B,2026-07-02,7,218268.00,377300.00,29
A00196226,Tyler,Anderson,Construction,FIRM-6DE5,2026-01-07,6,1861683.02,1940375.45,92
A00036755,Abilene,Fisher,Construction,FIRM-E9AA,2025-11-06,9,1728544.32,2287777.10,176
A00205806,Austin,Hays,Construction,FIRM-573E,2024-10-02,7,601590.00,882663.49,19
A00205586,Fort Worth,Tarrant,Construction,FIRM-F402,2025-07-01,3,4218125.00,4997540.00,365
A00205587,Fort Worth,Tarrant,Construction,FIRM-F402,2026-07-02,3,4900925.00,4999550.00,365
A00198512,Houston,Harris,Construction,FIRM-1A5E,2024-12-03,6,2588189.34,2689405.97,91
A00209676,Houston,Harris,Construction,FIRM-EB5A,2026-03-05,6,4927653.00,3477244.00,225
A00215377,Houston,Harris,Construction,FIRM-756E,2026-07-01,9,1538016.00,1553482.00,60
A00213982,Lufkin,Angelina,Construction,FIRM-0F0C,2026-08-06,6,452892.50,666100.00,350
A00207923,Lufkin,Angelina,Construction,FIRM-1A5E,2025-01-08,4,938603.00,780750.00,126
A00208470,Lufkin,Angelina,Construction,FIRM-2C76,2025-04-04,4,1439937.00,1741997.35,128
A00214748,Odessa,Ector,Construction,FIRM-7519,2026-01-06,12,498387.00,727299.59,151
A00187815,Odessa,Ector,Construction,FIRM-6755,2026-01-07,15,1656587.00,2435465.90,319
A00131033,Paris,Grayson,Construction,FIRM-3FEF,2025-01-07,7,1472289.00,1600735.00,89
A00216376,Waco,McLennan,Construction,FIRM-F402,2025-09-05,10,2806853.80,3712217.50,135
A00210962,Waco,McLennan,Construction,FIRM-2DCC,2025-05-01,11,1843383.70,2178980.95,150
A00194788,Wichita Falls,Wichita,Construction,FIRM-C6AB,2025-02-07,9,3651021.44,4035461.60,220
A00194689,Wichita Falls,Cooke,Construction,FIRM-CEE4,2025-06-04,7,7282548.10,7545119.80,374
A00205830,Yoakum,De Witt,Construction,FIRM-CE22,2024-09-05,11,597546.00,572435.00,90
A00210464,Yoakum,De Witt,Construction,FIRM-7F87,2025-12-02,11,1923922.10,2566783.00,152
A00189931,Yoakum,De Witt,Construction,FIRM-4DE8,2026-01-07,11,4149487.70,5249638.75,90
A00101674,Yoakum,Calhoun,Construction,FIRM-3FEF,2026-02-04,12,342249.80,437441.10,30
A00188551,Amarillo,Potter,Construction,FIRM-C28C,2026-02-04,7,1996761.20,2472866.82,151
A00197283,Austin,Travis,Construction,FIRM-7F87,2025-05-01,10,659811.50,1589430.94,261
A00212001,Austin,Travis,Construction,FIRM-2C76,2025-05-01,9,2334542.00,3325546.29,304
A00212000,Austin,Travis,Construction,FIRM-7F87,2025-05-02,7,865709.00,1641284.22,261
A00216831,Austin,Travis,Construction,FIRM-6755,2026-03-04,14,769928.00,1033376.00,240
A00197284,Austin,Travis,Construction,FIRM-7519,2026-03-05,15,1606502.00,1877685.00,237
A00216828,Austin,Travis,Construction,FIRM-B379,2026-03-05,14,327386.00,518717.50,131
A00217763,Austin,Williamson,Construction,FIRM-B479,2026-06-02,7,1517875.05,2098984.02,129
A00183040,Houston,Galveston,Construction,FIRM-32EC,2026-05-06,4,79906625.00,65500000.00,900
A00201302,Houston,Galveston,Construction,FIRM-F5C3,2026-02-05,9,736599.00,916947.24,45
A00212315,Laredo,Webb,Maintenance,FIRM-5CC6,2024-11-21,3,883489.88,883489.88,730
A00212315,Laredo,Webb,Maintenance,FIRM-8E6A,2024-11-21,3,883489.88,883489.88,730
A00219632,Houston,Harris,Maintenance,FIRM-2375,2026-08-05,6,1532630.00,1755655.10,365
A00219636,Amarillo,Hutchinson,Maintenance,FIRM-EDAE,2026-03-04,3,1456985.00,1382493.00,120
A00219685,Odessa,Midland,Maintenance,FIRM-A214,2026-03-10,7,143026.00,181000.00,365
A00219686,Corpus Christi,Bee,Maintenance,FIRM-E5F6,2026-02-17,3,416212.50,420000.00,180
A00219687,Corpus Christi,Bee,Maintenance,FIRM-C372,2026-02-17,6,220025.00,247000.00,180
A00219688,Corpus Christi,Nueces,Maintenance,FIRM-E5F6,2026-02-17,3,315570.00,306200.00,180
A00219692,Corpus Christi,San Patricio,Maintenance,FIRM-EBF6,2026-02-17,2,269450.00,305000.00,365
A00219693,Corpus Christi,Jim Wells,Maintenance,FIRM-E5F6,2026-02-17,3,463848.00,470300.00,180
A00219695,Corpus Christi,Live Oak,Maintenance,FIRM-E5F6,2026-02-17,3,422336.00,443200.00,180
A00219697,El Paso,El Paso,Maintenance,FIRM-C8B5,2026-06-04,3,500077.00,502940.75,365
A00219698,El Paso,Culberson,Maintenance,FIRM-A214,2026-05-12,3,188044.00,194620.00,144
A00219717,Bryan,Grimes,Maintenance,FIRM-2375,2026-03-10,5,105879.00,128750.00,365
A00219734,Beaumont,Jefferson,Maintenance,FIRM-B173,2026-05-07,3,1059848.83,1288965.25,69
A00219763,Amarillo,Potter,Maintenance,FIRM-D0D7,2026-05-06,2,6531750.00,6607850.00,730
A00219774,Dallas,Collin,Maintenance,FIRM-EFD2,2026-05-13,5,298090.00,314545.00,365
A00219780,San Antonio,Wilson,Maintenance,FIRM-B379,2026-07-22,3,51322.00,63238.90,16
A00219781,Bryan,Walker,Maintenance,FIRM-6ECC,2026-03-10,5,67648.00,68000.00,180
A00219782,El Paso,Culberson,Maintenance,FIRM-F402,2026-05-05,3,1917794.00,994580.00,365
A00219788,Corpus Christi,Nueces,Maintenance,FIRM-1A77,2026-03-04,3,2369854.44,2804917.46,730
A00219796,Pharr,Hidalgo,Maintenance,FIRM-1A77,2026-04-07,2,1294157.52,1303041.82,730
A00219815,Dallas,Collin,Maintenance,FIRM-4055,2026-06-10,6,109861.00,121696.00,28
A00219817,Lufkin,Nacogdoches,Maintenance,FIRM-68F6,2026-08-04,4,593777.00,672888.00,40
A00219828,Houston,Waller,Maintenance,FIRM-E5F6,2026-06-09,3,174208.50,162250.00,365
A00219843,Atlanta,Bowie,Maintenance,FIRM-45A9,2026-04-06,3,669900.00,697500.00,180
A00219846,Abilene,Taylor,Maintenance,FIRM-059F,2026-03-26,5,624648.00,718320.00,365
A00219855,Fort Worth,Wise,Maintenance,FIRM-1A77,2026-06-17,6,298810.00,391191.00,365
A00219864,Fort Worth,Tarrant,Maintenance,FIRM-1A77,2026-07-01,3,1498682.88,1683221.99,365
A00219866,Yoakum,Victoria,Maintenance,FIRM-A40A,2026-06-10,5,862772.50,784664.30,55
A00219871,Odessa,Midland,Maintenance,FIRM-C8B5,2026-04-21,15,207027.00,229137.50,365
A00219880,Odessa,Pecos,Maintenance,FIRM-6621,2026-03-10,4,17450.00,22750.00,120
A00219881,Odessa,Midland,Maintenance,FIRM-6621,2026-03-10,4,22250.00,26000.00,120
A00219882,Odessa,Ector,Maintenance,FIRM-6ECC,2026-03-10,4,13470.50,19500.00,120
A00219886,Waco,McLennan,Maintenance,FIRM-9ED5,2026-05-06,6,1652460.04,2246616.64,365
A00219888,Waco,Hill,Maintenance,FIRM-2479,2026-06-11,7,1014063.00,804077.49,73
A00219890,Odessa,Pecos,Maintenance,FIRM-6621,2026-04-21,5,35000.00,45500.00,120
A00219892,Odessa,Midland,Maintenance,FIRM-6621,2026-04-21,4,24750.00,35750.00,120
A00219895,Waco,Hill,Maintenance,FIRM-8056,2026-07-02,4,1864225.00,1959150.00,200
A00219896,Waco,McLennan,Maintenance,FIRM-8056,2026-07-02,4,1955437.50,2004625.00,200
A00219898,Odessa,Ector,Maintenance,FIRM-6621,2026-04-21,4,24750.00,35750.00,120
A00219911,Dallas,Denton,Maintenance,FIRM-CEE4,2026-05-07,4,5633585.65,5788541.15,120
A00219922,Austin,Hays,Maintenance,FIRM-2375,2026-05-13,5,754625.00,929515.00,365
A00219938,Bryan,Burleson,Maintenance,FIRM-0EAE,2026-03-11,5,274801.32,236924.20,365
A00219944,Lufkin,San Augustine,Maintenance,FIRM-9ED5,2026-04-09,3,818501.00,957125.00,365
A00219951,Odessa,Midland,Maintenance,FIRM-1BBA,2026-04-21,3,398390.00,334350.00,365
A00219960,Houston,Harris,Maintenance,FIRM-EEA6,2026-04-14,4,687169.50,879642.41,30
A00219961,Dallas,Collin,Maintenance,FIRM-035A,2026-07-08,10,99466.08,165820.00,34
A00219971,Waco,Bell,Maintenance,FIRM-CE22,2026-05-19,3,393172.60,403058.25,365
A00219974,Yoakum,Calhoun,Maintenance,FIRM-81BD,2026-04-06,2,648273.21,599960.65,30
A00219975,Dallas,Navarro,Maintenance,FIRM-9E10,2026-07-08,9,24772.00,46810.40,29
A00219977,Dallas,Collin,Maintenance,FIRM-CEE4,2026-07-08,5,710405.80,738371.20,34
A00219978,Dallas,Collin,Maintenance,FIRM-9E10,2026-07-08,11,63884.00,77791.00,55
A00219979,Dallas,Collin,Maintenance,FIRM-937E,2026-08-12,7,31658.98,39339.40,4
A00219980,Dallas,Collin,Maintenance,FIRM-1A77,2026-08-12,3,922919.26,740632.32,365
A00219981,Dallas,Collin,Maintenance,FIRM-BBB8,2026-07-08,3,172487.00,224691.20,11
A00219983,Dallas,Collin,Maintenance,FIRM-BBB8,2026-07-08,3,225415.00,308602.52,18
A00219984,Dallas,Collin,Maintenance,FIRM-BBB8,2026-07-08,3,243686.50,293913.40,47
A00219996,Houston,Brazoria,Maintenance,FIRM-7B58,2026-06-02,5,1369590.00,1276673.74,365
A00220004,Tyler,Anderson,Maintenance,FIRM-CB2B,2026-08-11,6,223693.00,288080.00,137
A00220006,Tyler,Rusk,Maintenance,FIRM-7039,2026-07-07,7,187161.79,216637.00,114
A00220007,Tyler,Gregg,Maintenance,FIRM-CB2B,2026-08-11,7,49461.00,59360.00,28
A00220008,Tyler,Cherokee,Maintenance,FIRM-CB2B,2026-06-09,6,128546.14,157228.00,78
A00220009,Tyler,Wood,Maintenance,FIRM-B686,2026-07-07,7,179306.66,229812.00,121
A00220010,San Angelo,Runnels,Maintenance,FIRM-E5F6,2026-03-24,3,558123.00,602323.00,180
A00220011,San Angelo,Reagan,Maintenance,FIRM-EBF6,2026-03-24,3,514140.00,560481.00,180
A00220013,Brownwood,Lampasas,Maintenance,FIRM-8056,2026-03-24,4,193750.00,388000.00,365
A00220014,Lufkin,Sabine,Maintenance,FIRM-D5CA,2026-04-27,2,956320.00,826250.00,180
A00220015,Lufkin,San Augustine,Maintenance,FIRM-D5CA,2026-04-27,2,833620.00,720800.00,180
A00220016,Lufkin,Polk,Maintenance,FIRM-D5CA,2026-04-27,2,950450.00,820600.00,180
A00220017,Lufkin,San Jacinto,Maintenance,FIRM-B173,2026-04-28,3,636750.00,705750.00,180
A00220018,Lufkin,Nacogdoches,Maintenance,FIRM-1E51,2026-04-28,3,880050.00,850000.00,180
A00220019,Houston,Harris,Maintenance,FIRM-80E3,2026-06-09,4,599300.00,742281.11,365
A00220020,Paris,Grayson,Maintenance,FIRM-EBF6,2026-03-19,2,844949.96,728222.65,182
A00220021,Paris,Lamar,Maintenance,FIRM-EBF6,2026-03-19,2,429300.00,348250.00,182
A00220022,Amarillo,Potter,Maintenance,FIRM-756E,2026-07-29,8,434096.00,745014.00,120
A00220025,Amarillo,Hansford,Maintenance,FIRM-0BDA,2026-04-22,2,625000.00,593750.00,120
A00220026,Houston,Galveston,Maintenance,FIRM-1A5E,2026-07-14,5,757739.00,921114.45,365
A00220027,San Antonio,Comal,Maintenance,FIRM-B379,2026-07-22,5,58369.00,74026.16,16
A00220028,Austin,Burnet,Maintenance,FIRM-BBB8,2026-04-08,5,1072388.20,1706599.40,365
A00220029,Austin,Bastrop,Maintenance,FIRM-BBB8,2026-04-07,6,1057585.00,1575809.40,365
A00220031,Lufkin,Polk,Maintenance,FIRM-6731,2026-06-29,8,139589.00,188500.00,365
A00220032,Lufkin,Sabine,Maintenance,FIRM-5AF6,2026-05-13,4,126615.00,200370.00,365
A00220033,Bryan,Washington,Maintenance,FIRM-6621,2026-04-14,3,197551.20,208008.00,180
A00220034,Bryan,Washington,Maintenance,FIRM-C764,2026-04-14,3,287953.00,282000.00,180
A00220035,Paris,Delta,Maintenance,FIRM-EBF6,2026-03-19,2,601690.00,549800.00,182
A00220037,Paris,Red River,Maintenance,FIRM-EBF6,2026-03-19,2,632350.00,545600.00,182
A00220042,Paris,Hopkins,Maintenance,FIRM-EBF6,2026-03-19,2,319550.00,273500.00,182
A00220043,Paris,Hunt,Maintenance,FIRM-EBF6,2026-03-19,2,319550.00,292500.00,182
A00220044,Paris,Rains,Maintenance,FIRM-EBF6,2026-03-19,2,306350.00,281300.00,182
A00220045,Lufkin,Trinity,Maintenance,FIRM-9ED5,2026-05-20,3,934175.00,954500.00,365
A00220046,Fort Worth,Hood,Maintenance,FIRM-008F,2026-05-29,2,410560.53,360920.30,30
A00220051,Waco,Bell,Maintenance,FIRM-B173,2026-07-01,5,1302581.00,1367899.00,200
A00220053,Waco,Coryell,Maintenance,FIRM-8056,2026-07-01,5,1194787.50,1227192.00,200
A00220061,Dallas,Navarro,Maintenance,FIRM-1A77,2026-06-03,3,1093690.14,1261224.58,365
A00220062,Amarillo,Randall,Maintenance,FIRM-D840,2026-04-22,3,48600.00,44460.00,120
A00220064,Paris,Franklin,Maintenance,FIRM-E3E5,2026-04-16,9,121450.00,253524.00,40
A00220065,El Paso,El Paso,Maintenance,FIRM-55C8,2026-05-05,4,1650378.00,998900.00,365
A00220066,Bryan,Freestone,Maintenance,FIRM-1A77,2026-04-14,2,211921.00,73030.50,365
A00220080,El Paso,El Paso,Maintenance,FIRM-1A77,2026-06-04,2,1195899.75,903130.00,365
A00220082,El Paso,El Paso,Maintenance,FIRM-85EC,2026-08-12,8,531000.00,555100.00,365
A00220087,Odessa,Ector,Maintenance,FIRM-5BA1,2026-04-21,3,602455.32,640740.00,730
A00220088,Odessa,Pecos,Maintenance,FIRM-1BBA,2026-04-21,2,401860.00,349050.00,365
A00220099,Dallas,Dallas,Maintenance,FIRM-72A0,2026-07-02,5,1600000.00,1602769.00,365
A00220125,Corpus Christi,San Patricio,Maintenance,FIRM-7733,2026-05-19,4,517854.50,498201.26,34
A00220135,Laredo,Duval,Maintenance,FIRM-E5F6,2026-04-23,3,903920.00,800000.00,365
A00220136,Laredo,La Salle,Maintenance,FIRM-B122,2026-05-26,2,632346.20,531343.00,730
A00220137,Laredo,Webb,Maintenance,FIRM-A988,2026-06-09,2,885125.00,789624.00,730
A00220139,Laredo,Webb,Maintenance,FIRM-6244,2026-06-23,4,623184.00,597459.40,95
A00220140,Lufkin,Houston,Maintenance,FIRM-9ED5,2026-06-04,5,1083000.00,775525.00,365
A00220146,Lufkin,Nacogdoches,Maintenance,FIRM-71C2,2026-07-08,8,316975.00,342800.00,365
A00220147,Dallas,Kaufman,Maintenance,FIRM-2375,2026-07-08,5,712000.00,985300.00,365
A00220151,Austin,Bastrop,Maintenance,FIRM-75F3,2026-05-13,6,757352.00,970617.00,365
A00220166,Bryan,Burleson,Maintenance,FIRM-EBBA,2026-05-12,6,612294.00,552328.93,46
A00220168,Lubbock,Terry,Maintenance,FIRM-E5F6,2026-04-21,3,685627.50,697500.00,180
A00220169,Lubbock,Hale,Maintenance,FIRM-E5F6,2026-04-21,3,826770.00,775000.00,180
A00220170,Lubbock,Lamb,Maintenance,FIRM-E5F6,2026-04-21,3,836930.00,775000.00,180
A00220171,Lubbock,Lubbock,Maintenance,FIRM-E5F6,2026-04-21,3,318990.00,310000.00,180
A00220172,Lubbock,Lamb,Maintenance,FIRM-C28C,2026-04-21,3,446000.00,437500.00,180
A00220173,Lubbock,Hale,Maintenance,FIRM-C28C,2026-04-21,3,428175.00,437500.00,180
A00220174,Lubbock,Lubbock,Maintenance,FIRM-C28C,2026-04-21,3,179250.00,175000.00,180
A00220176,Lubbock,Terry,Maintenance,FIRM-EBF6,2026-03-24,3,337200.00,300900.00,180
A00220178,Lubbock,Lamb,Maintenance,FIRM-EBF6,2026-03-24,3,221250.00,202250.00,180
A00220179,Lubbock,Hale,Maintenance,FIRM-EBF6,2026-03-24,3,281000.00,252000.00,180
A00220180,Lubbock,Lubbock,Maintenance,FIRM-EBF6,2026-03-24,3,128200.00,114950.00,180
A00220181,San Angelo,Concho,Maintenance,FIRM-A9C9,2026-07-16,4,270355.80,266010.16,365
A00220182,Lubbock,Lamb,Maintenance,FIRM-45A9,2026-03-24,3,224100.00,189000.00,180
A00220183,San Angelo,Sterling,Maintenance,FIRM-35AE,2026-07-16,5,237103.41,227948.81,365
A00220198,San Angelo,Kimble,Maintenance,FIRM-B122,2026-07-09,4,237735.70,209488.74,365
A00220199,San Angelo,Runnels,Maintenance,FIRM-B122,2026-07-09,6,204318.86,194599.67,365
A00220200,San Angelo,Real,Maintenance,FIRM-B122,2026-07-28,3,348532.18,290430.52,365
A00220220,Pharr,Hidalgo,Maintenance,FIRM-2479,2026-06-17,4,1223676.00,860702.60,40
A00220238,Dallas,Collin,Maintenance,FIRM-3F89,2026-08-12,7,501226.67,777976.94,30
A00220249,Lufkin,Angelina,Maintenance,FIRM-2375,2026-07-08,5,133187.00,186000.00,365
A00220257,Bryan,Washington,Maintenance,FIRM-3FEF,2026-06-11,7,546000.00,635259.83,48
A00220258,Bryan,Grimes,Maintenance,FIRM-4A00,2026-07-14,5,487782.00,523545.00,42
A00220284,Lufkin,Nacogdoches,Maintenance,FIRM-DAA9,2026-07-22,6,532857.12,585324.00,30
A00220287,Odessa,Winkler,Maintenance,FIRM-E464,2026-04-21,4,206064.80,201460.00,730
A00220296,Tyler,Smith,Maintenance,FIRM-AFFE,2026-04-21,5,160265.00,151550.00,730
A00220299,Tyler,Smith,Maintenance,FIRM-B173,2026-04-07,3,3196200.00,3173000.00,365
A00220327,Lufkin,Houston,Maintenance,FIRM-FAE7,2026-07-23,6,597887.20,733810.00,40
A00220329,Abilene,Jones,Maintenance,FIRM-CE80,2026-04-27,4,372413.00,409376.00,365
A00220330,Abilene,Callahan,Maintenance,FIRM-A992,2026-04-27,4,419502.00,395786.00,365
A00220331,Abilene,Howard,Maintenance,FIRM-5BA1,2026-04-27,2,539211.24,491744.00,365
A00220333,Abilene,Mitchell,Maintenance,FIRM-5BA1,2026-04-28,2,297115.32,295784.00,365
A00220334,Abilene,Haskell,Maintenance,FIRM-A9C9,2026-04-29,4,375662.00,319694.00,365
A00220335,Abilene,Borden,Maintenance,FIRM-5BA1,2026-04-28,2,547063.92,518748.00,365
A00220336,Abilene,Fisher,Maintenance,FIRM-CE80,2026-04-29,3,270892.00,239112.00,365
A00220337,Abilene,Scurry,Maintenance,FIRM-35AE,2026-04-29,3,324156.52,306107.00,365
A00220338,Abilene,Nolan,Maintenance,FIRM-5BA1,2026-04-28,3,324394.85,320860.00,365
A00220346,Dallas,Kaufman,Maintenance,FIRM-9E10,2026-07-08,9,281657.00,379325.00,90
A00220353,Amarillo,Potter,Maintenance,FIRM-03F9,2026-05-27,3,588386.88,611612.80,365
A00220367,Lufkin,Angelina,Maintenance,FIRM-B173,2026-08-04,4,845924.88,925727.00,45
A00220390,Atlanta,Bowie,Maintenance,FIRM-C6AB,2026-06-03,12,904025.08,1994770.00,336
A00220409,Odessa,Ector,Maintenance,FIRM-2C76,2026-04-21,8,521996.50,660927.26,72
A00220441,Corpus Christi,Live Oak,Maintenance,FIRM-80E3,2026-04-14,11,639738.26,850025.03,126
A00220458,Paris,Franklin,Maintenance,FIRM-2217,2026-04-16,4,538931.25,549128.25,182
A00220493,Tyler,Van Zandt,Maintenance,FIRM-6621,2026-04-21,2,244000.00,255000.00,365
A00220499,Fort Worth,Wise,Maintenance,FIRM-9557,2026-06-03,7,5864828.05,5882581.00,365
A00220501,Odessa,Ector,Maintenance,FIRM-9ED5,2026-07-14,2,770900.00,771550.00,365
A00220506,Houston,Waller,Maintenance,FIRM-94A8,2026-07-14,5,327293.72,525410.00,365
A00220509,Beaumont,Liberty,Maintenance,FIRM-7B58,2026-06-10,4,726406.30,693480.79,45
A00220510,Beaumont,Chambers,Maintenance,FIRM-B173,2026-06-23,3,570461.00,509774.40,30
A00220523,Corpus Christi,Jim Wells,Maintenance,FIRM-B122,2026-04-14,3,455361.64,480192.00,365
A00220540,Brownwood,Brown,Maintenance,FIRM-8056,2026-04-22,4,202600.00,276048.00,365
A00220541,Lubbock,Lubbock,Maintenance,FIRM-2970,2026-06-09,4,622422.00,776853.00,365
A00220542,Lufkin,Angelina,Maintenance,FIRM-035A,2026-07-22,9,225584.20,380860.00,40
A00220543,Lufkin,Sabine,Maintenance,FIRM-5AF6,2026-07-23,6,807680.00,999980.00,90
A00220544,Lufkin,Polk,Maintenance,FIRM-4055,2026-06-10,8,464739.85,678865.00,60
A00220558,Paris,Fannin,Maintenance,FIRM-0C1D,2026-04-16,6,697240.00,747200.00,120
A00220566,Paris,Rains,Maintenance,FIRM-0C1D,2026-04-16,5,609315.00,637000.00,120
A00220574,Dallas,Kaufman,Maintenance,FIRM-DAA9,2026-08-12,6,203415.97,237980.00,34
A00220583,Paris,Franklin,Maintenance,FIRM-0C1D,2026-04-16,4,689440.00,792000.00,120
A00220585,Paris,Red River,Maintenance,FIRM-0C1D,2026-04-16,3,550240.00,659500.00,120
A00220588,Paris,Lamar,Maintenance,FIRM-0C1D,2026-04-16,3,603160.00,720500.00,120
A00220589,Dallas,Ellis,Maintenance,FIRM-8056,2026-06-10,3,550000.00,805000.00,365
A00220590,Fort Worth,Tarrant,Maintenance,FIRM-1A77,2026-04-30,2,944756.60,968570.00,90
A00220592,Lubbock,Hale,Maintenance,FIRM-2970,2026-06-09,4,203377.00,218476.00,365
A00220617,San Angelo,Sutton,Maintenance,FIRM-61E5,2026-04-09,3,38988.00,44916.00,180
A00220619,Paris,Delta,Maintenance,FIRM-0C1D,2026-04-16,4,603160.00,720500.00,120
A00220620,Paris,Hopkins,Maintenance,FIRM-0C1D,2026-04-16,5,627760.00,742500.00,120
A00220625,Paris,Hunt,Maintenance,FIRM-0C1D,2026-04-16,7,617190.00,649750.00,120
A00220662,Houston,Waller,Maintenance,FIRM-DC30,2026-08-11,3,398235.00,434160.00,365
A00220668,Paris,Lamar,Maintenance,FIRM-D005,2026-05-21,6,212515.00,266350.00,365
A00220686,Yoakum,Victoria,Maintenance,FIRM-1A5E,2026-04-06,6,547152.00,567500.00,365
A00220691,Beaumont,Jefferson,Maintenance,FIRM-B173,2026-07-02,3,3199771.30,2668474.93,88
A00220698,Fort Worth,Tarrant,Maintenance,FIRM-CF08,2026-05-20,5,784000.00,760692.00,365
A00220699,Amarillo,Potter,Maintenance,FIRM-30F9,2026-05-06,8,731280.40,731910.00,163
A00220700,Amarillo,Potter,Maintenance,FIRM-30F9,2026-05-07,7,479590.40,405171.20,40
A00220702,Amarillo,Randall,Maintenance,FIRM-9BBE,2026-04-22,6,418533.00,486960.00,59
A00220703,Amarillo,Oldham,Maintenance,FIRM-9BBE,2026-05-06,8,557239.00,582992.00,69
A00220705,Amarillo,Hemphill,Maintenance,FIRM-E820,2026-05-07,7,708982.14,717429.26,93
A00220707,Amarillo,Carson,Maintenance,FIRM-E820,2026-05-06,7,783954.06,885818.00,114
A00220710,Amarillo,Dallam,Maintenance,FIRM-CE80,2026-05-06,4,724466.00,669356.16,91
A00220711,Amarillo,Moore,Maintenance,FIRM-E6FF,2026-05-07,7,521111.00,501512.00,68
A00220712,Amarillo,Hutchinson,Maintenance,FIRM-E6FF,2026-05-07,7,565329.60,642420.00,115
A00220716,San Antonio,Bexar,Maintenance,FIRM-B173,2026-06-17,4,195795.00,177624.75,24
A00220722,Austin,Caldwell,Maintenance,FIRM-2375,2026-06-10,8,181602.00,245598.00,64
A00220727,Corpus Christi,Bee,Maintenance,FIRM-6CD6,2026-04-14,5,607250.00,630000.00,180
A00220732,Amarillo,Randall,Maintenance,FIRM-0887,2026-05-07,3,1255000.00,1196288.00,120
A00220735,Tyler,Gregg,Maintenance,FIRM-1D33,2026-07-21,4,473835.00,628992.00,114
A00220736,Tyler,Anderson,Maintenance,FIRM-2C76,2026-07-21,5,411596.60,425485.00,79
A00220746,Odessa,Ector,Maintenance,FIRM-6621,2026-04-21,3,19000.00,25500.00,120
A00220774,Tyler,Rusk,Maintenance,FIRM-F3FB,2026-06-03,5,4217863.25,3970361.90,50
A00220775,Tyler,Henderson,Maintenance,FIRM-8056,2026-06-02,6,977218.00,1086902.00,15
A00220776,Tyler,Smith,Maintenance,FIRM-B173,2026-06-02,7,5091894.46,5179659.25,42
A00220777,Tyler,Gregg,Maintenance,FIRM-68F6,2026-06-02,6,2670043.86,3489919.00,50
A00220783,Dallas,Navarro,Maintenance,FIRM-DAA9,2026-08-12,6,258715.51,279634.50,29
A00220791,Abilene,Shackelford,Maintenance,FIRM-D8DE,2026-06-04,3,398680.00,400200.00,183
A00220796,Laredo,Webb,Maintenance,FIRM-CE22,2026-08-06,4,1786303.40,1937680.50,730
A00220799,Tyler,Smith,Maintenance,FIRM-A66A,2026-05-12,2,631830.00,568750.00,730
A00220800,Laredo,Dimmit,Maintenance,FIRM-E5F6,2026-04-22,3,1088300.00,999200.00,365
A00220829,Laredo,Maverick,Maintenance,FIRM-B122,2026-06-18,4,460614.56,439480.00,730
A00220849,Laredo,Val Verde,Maintenance,FIRM-EBF6,2026-05-14,2,287820.00,280800.00,365
A00220857,Brownwood,Eastland,Maintenance,FIRM-C764,2026-06-10,3,274920.00,283880.00,365
A00220865,Corpus Christi,Kleberg,Maintenance,FIRM-336E,2026-04-14,2,509350.00,466000.00,180
A00220866,Corpus Christi,Goliad,Maintenance,FIRM-B173,2026-05-19,4,514500.00,534000.00,180
A00220883,El Paso,El Paso,Maintenance,FIRM-6765,2026-07-09,5,426250.00,530600.00,365
A00220884,Childress,Childress,Maintenance,FIRM-6ECC,2026-04-30,5,293205.00,300000.00,365
A00220889,El Paso,El Paso,Maintenance,FIRM-6765,2026-07-09,5,381500.00,428700.00,365
A00220891,El Paso,Culberson,Maintenance,FIRM-85EC,2026-08-12,4,1106900.00,998750.00,365
A00220893,Wichita Falls,Archer,Maintenance,FIRM-D8DE,2026-04-23,3,891854.00,826447.00,180
A00220894,Wichita Falls,Baylor,Maintenance,FIRM-D8DE,2026-04-23,2,726664.00,805841.00,180
A00220914,Bryan,Walker,Maintenance,FIRM-B029,2026-05-06,3,3004120.00,3006160.00,730
A00220915,Tyler,Rusk,Maintenance,FIRM-8056,2026-05-06,3,2302000.00,2414500.00,365
A00220918,Tyler,Wood,Maintenance,FIRM-2EFC,2026-04-28,5,843576.74,866275.48,116
A00220936,Tyler,Henderson,Maintenance,FIRM-8056,2026-05-06,3,1561000.00,1826000.00,365
A00220947,Fort Worth,Wise,Maintenance,FIRM-A40A,2026-07-30,4,678878.85,669139.00,34
A00220950,Fort Worth,Tarrant,Maintenance,FIRM-AFC4,2026-07-30,5,148858.00,115081.00,6
A00220952,Fort Worth,Tarrant,Maintenance,FIRM-A40A,2026-07-30,5,371856.91,316966.62,13
A00220953,Fort Worth,Parker,Maintenance,FIRM-A40A,2026-07-30,5,725924.49,771546.96,180
A00220954,Fort Worth,Erath,Maintenance,FIRM-A40A,2026-07-30,3,474635.51,611308.00,31
A00220956,Fort Worth,Johnson,Maintenance,FIRM-A40A,2026-07-30,3,172507.92,184437.28,9
A00220960,Corpus Christi,Aransas,Maintenance,FIRM-B122,2026-05-19,2,535828.90,487086.00,365
A00221038,Childress,Childress,Maintenance,FIRM-0C1D,2026-04-30,2,125000.00,85000.00,180
A00221074,Wichita Falls,Wichita,Maintenance,FIRM-DC30,2026-06-02,3,1388611.50,1736490.00,365
A00221075,Wichita Falls,Wichita,Maintenance,FIRM-9ED5,2026-06-24,2,458800.00,489500.00,365
A00221146,Waco,Coryell,Maintenance,FIRM-BBB8,2026-08-06,6,2469735.18,3504595.67,92
A00221171,Brownwood,Brown,Maintenance,FIRM-6621,2026-04-22,2,600000.00,690000.00,365
A00221196,Houston,Waller,Maintenance,FIRM-1A5E,2026-07-14,6,716400.00,721750.00,365
A00221197,Lubbock,Lubbock,Maintenance,FIRM-2970,2026-04-28,4,359220.00,630075.00,180
A00221205,Paris,Lamar,Maintenance,FIRM-2F74,2026-05-07,3,1605225.00,1589750.00,182
A00221216,Bryan,Freestone,Maintenance,FIRM-3FEF,2026-08-11,4,144677.50,154057.50,12
A00221256,San Angelo,Tom Green,Maintenance,FIRM-6731,2026-05-28,5,427879.00,508475.00,365
A00221263,Odessa,Reeves,Maintenance,FIRM-5BA1,2026-05-12,3,336657.20,359196.80,730
A00221284,Fort Worth,Tarrant,Maintenance,FIRM-6731,2026-08-05,5,2492455.00,3755208.85,365
A00221298,Childress,Wheeler,Maintenance,FIRM-BD5E,2026-06-02,6,847645.00,1000000.00,365
A00221301,Childress,Childress,Maintenance,FIRM-AA78,2026-06-02,5,1420929.00,1999375.00,730
A00221302,Childress,Donley,Maintenance,FIRM-B941,2026-07-02,5,917556.48,997344.00,139
A00221307,Childress,Dickens,Maintenance,FIRM-B941,2026-07-02,6,823363.20,894960.00,125
A00221309,Childress,Hardeman,Maintenance,FIRM-CE80,2026-07-01,4,852480.00,829440.00,116
A00221312,Childress,Childress,Maintenance,FIRM-CE80,2026-07-01,4,851760.00,730080.00,102
A00221315,Yoakum,Wharton,Maintenance,FIRM-0CCB,2026-06-22,5,549793.00,694300.00,365
A00221323,Corpus Christi,Refugio,Maintenance,FIRM-B173,2026-05-19,4,439500.00,440500.00,180
A00221362,Wichita Falls,Wichita,Maintenance,FIRM-6731,2026-07-15,5,779554.00,890600.00,365
A00221365,Wichita Falls,Wichita,Maintenance,FIRM-6731,2026-07-15,5,600844.00,619618.00,365
A00221374,Corpus Christi,San Patricio,Maintenance,FIRM-336E,2026-05-19,2,618000.00,543000.00,180
A00221379,Lufkin,San Jacinto,Maintenance,FIRM-9D9B,2026-05-12,2,776800.00,759000.00,180
A00221383,Bryan,Brazos,Maintenance,FIRM-1A77,2026-05-12,3,193687.95,171816.00,365
A00221392,Odessa,Midland,Maintenance,FIRM-9ED5,2026-07-15,2,1686750.00,860500.00,365
A00221393,Odessa,Pecos,Maintenance,FIRM-9ED5,2026-07-15,3,1187750.00,592900.00,365
A00221398,Odessa,Midland,Maintenance,FIRM-6621,2026-05-12,2,59250.00,55800.00,120
A00221402,Waco,Coryell,Maintenance,FIRM-1BB8,2026-06-18,5,449992.27,380925.95,35
A00221404,Tyler,Gregg,Maintenance,FIRM-035A,2026-08-11,14,133104.95,257618.00,30
A00221424,Bryan,Robertson,Maintenance,FIRM-CB2B,2026-06-10,8,698834.00,972650.00,30
A00221426,Corpus Christi,Nueces,Maintenance,FIRM-1A77,2026-05-06,2,1829490.00,1925215.60,730
A00221431,Lufkin,Angelina,Maintenance,FIRM-BBB8,2026-07-08,2,201805.00,212150.00,365
A00221435,Tyler,Wood,Maintenance,FIRM-1E51,2026-07-01,3,2206460.00,2194000.00,365
A00221436,Odessa,Pecos,Maintenance,FIRM-E5F6,2026-04-28,3,190988.50,219100.00,120
A00221437,Odessa,Midland,Maintenance,FIRM-E5F6,2026-04-28,3,167751.50,185600.00,120
A00221438,Odessa,Ector,Maintenance,FIRM-C764,2026-06-09,3,254624.00,257500.00,120
A00221442,Waco,McLennan,Maintenance,FIRM-B379,2026-07-01,12,922471.00,1179878.46,87
A00221455,Dallas,Ellis,Maintenance,FIRM-DAA9,2026-08-12,7,230014.28,259470.00,26
A00221467,Dallas,Collin,Maintenance,FIRM-45A9,2026-08-12,3,148528.80,143982.00,90
A00221477,Paris,Hopkins,Maintenance,FIRM-9419,2026-07-01,7,1650050.00,1988535.00,119
A00221479,Dallas,Collin,Maintenance,FIRM-45A9,2026-08-12,3,46680.00,55800.00,180
A00221480,Paris,Grayson,Maintenance,FIRM-6D2A,2026-07-02,5,3616799.19,4148343.20,254
A00221510,Atlanta,Bowie,Maintenance,FIRM-4A00,2026-06-17,5,678945.00,984050.00,365
A00221512,Atlanta,Bowie,Maintenance,FIRM-F402,2026-08-06,4,3381575.00,3544140.00,730
A00221527,San Antonio,Kerr,Maintenance,FIRM-DAA9,2026-07-29,5,257243.85,244318.50,35
A00221528,San Antonio,Medina,Maintenance,FIRM-DAA9,2026-07-29,6,271090.42,294739.00,42
A00221529,San Antonio,Comal,Maintenance,FIRM-6244,2026-07-29,4,314292.80,281258.00,40
A00221530,San Antonio,Bexar,Maintenance,FIRM-6244,2026-07-29,4,267967.55,267986.00,28
A00221531,San Antonio,Bexar,Maintenance,FIRM-6244,2026-07-29,4,153491.00,156005.00,16
A00221534,Tyler,Smith,Maintenance,FIRM-616E,2026-08-11,12,167226.10,204170.00,330
A00221545,Childress,Childress,Maintenance,FIRM-6731,2026-06-09,5,300100.00,325000.00,730
A00221566,Fort Worth,Erath,Maintenance,FIRM-1A77,2026-07-30,2,81747.60,83862.32,365
A00221579,Paris,Grayson,Maintenance,FIRM-C764,2026-05-21,3,485865.00,510000.00,120
A00221580,Paris,Hopkins,Maintenance,FIRM-45A9,2026-05-21,3,470350.00,490750.00,182
A00221582,Beaumont,Hardin,Maintenance,FIRM-9D9B,2026-05-06,2,1185775.00,1210525.00,365
A00221587,Corpus Christi,Refugio,Maintenance,FIRM-E5F6,2026-05-19,3,361060.00,362500.00,180
A00221588,Corpus Christi,Aransas,Maintenance,FIRM-E5F6,2026-05-19,3,314975.00,302000.00,180
A00221590,Corpus Christi,Jim Wells,Maintenance,FIRM-3436,2026-05-19,4,297000.00,339000.00,180
A00221591,Corpus Christi,Refugio,Maintenance,FIRM-3436,2026-05-19,4,468600.00,480000.00,180
A00221592,Corpus Christi,Nueces,Maintenance,FIRM-B122,2026-05-19,2,510044.10,428610.00,365
A00221612,Odessa,Ector,Maintenance,FIRM-6731,2026-05-12,4,262035.00,273750.00,365
A00221638,Fort Worth,Tarrant,Maintenance,FIRM-CEE4,2026-07-01,7,6134750.00,6338356.54,365
A00221639,Fort Worth,Palo Pinto,Maintenance,FIRM-0CCB,2026-07-01,6,974892.00,1707467.00,365
A00221696,Atlanta,Cass,Maintenance,FIRM-A66A,2026-07-15,4,673520.20,955847.00,365
A00221698,Atlanta,Upshur,Maintenance,FIRM-2375,2026-07-02,7,763249.15,1041766.75,365
A00221699,Atlanta,Panola,Maintenance,FIRM-2375,2026-07-15,5,479269.05,641988.25,365
A00221700,Atlanta,Marion,Maintenance,FIRM-2EFC,2026-07-15,7,338876.00,468923.75,365
A00221701,Atlanta,Harrison,Maintenance,FIRM-2375,2026-07-15,5,354692.40,482104.75,365
A00221741,Wichita Falls,Archer,Maintenance,FIRM-2217,2026-05-27,4,421600.00,365500.00,180
A00221746,Wichita Falls,Wichita,Maintenance,FIRM-0887,2026-06-17,2,101100.00,109279.96,180
A00221756,Wichita Falls,Wichita,Maintenance,FIRM-EBF6,2026-06-17,3,1002670.00,942600.00,180
A00221757,Wichita Falls,Wichita,Maintenance,FIRM-D8DE,2026-06-17,3,594170.00,723903.00,180
A00221758,Wichita Falls,Montague,Maintenance,FIRM-CEE4,2026-06-17,6,638200.00,618803.00,180
A00221759,Wichita Falls,Cooke,Maintenance,FIRM-A367,2026-06-17,6,578755.00,618803.00,180
A00221760,Wichita Falls,Young,Maintenance,FIRM-D8DE,2026-06-17,5,570948.00,618803.00,180
A00221761,Wichita Falls,Clay,Maintenance,FIRM-CDE6,2026-06-17,6,639960.00,618803.00,180
A00221762,Wichita Falls,Throckmorton,Maintenance,FIRM-D8DE,2026-06-17,2,621369.00,618803.00,180
A00221763,Wichita Falls,Wilbarger,Maintenance,FIRM-A367,2026-06-17,3,764811.00,618803.00,180
A00221764,Wichita Falls,Wichita,Maintenance,FIRM-A367,2026-06-17,4,713466.00,790823.00,180
A00221766,Wichita Falls,Wichita,Maintenance,FIRM-1A0B,2026-07-16,5,765828.00,643947.00,57
A00221772,Bryan,Washington,Maintenance,FIRM-A40A,2026-06-09,5,150269.55,153735.00,49
A00221773,Bryan,Brazos,Maintenance,FIRM-A40A,2026-06-10,6,244833.34,231369.00,49
A00221774,Bryan,Freestone,Maintenance,FIRM-FAE7,2026-06-11,6,294936.56,245888.00,49
A00221777,Bryan,Brazos,Maintenance,FIRM-6621,2026-06-11,4,150000.00,154500.00,365
A00221778,Bryan,Burleson,Maintenance,FIRM-8056,2026-06-09,6,212600.00,225600.00,180
A00221779,Bryan,Robertson,Maintenance,FIRM-8056,2026-06-10,6,330664.00,357300.00,180
A00221780,Bryan,Brazos,Maintenance,FIRM-45A9,2026-06-11,4,235400.00,202800.00,180
A00221781,Bryan,Brazos,Maintenance,FIRM-4C9C,2026-06-09,3,363150.32,364160.00,365
A00221782,Bryan,Freestone,Maintenance,FIRM-C764,2026-06-10,3,348432.00,330000.00,180
A00221790,Amarillo,Carson,Maintenance,FIRM-7F0A,2026-05-27,4,249834.38,292950.00,365
A00221802,Abilene,Jones,Maintenance,FIRM-BC9E,2026-07-10,2,741613.80,776197.07,18
A00221809,Paris,Lamar,Maintenance,FIRM-0C1D,2026-07-02,4,6261324.33,6428873.14,113
A00221834,Bryan,Walker,Maintenance,FIRM-1A0B,2026-06-09,7,210258.00,243600.00,365
A00221838,Bryan,Brazos,Maintenance,FIRM-BBB8,2026-07-02,9,1008500.00,2360250.00,730
A00221844,Corpus Christi,Nueces,Maintenance,FIRM-B173,2026-07-21,5,609236.70,682012.90,24
A00221865,Dallas,Denton,Maintenance,FIRM-937E,2026-08-12,7,38286.30,49945.00,8
A00221894,Tyler,Wood,Maintenance,FIRM-DAA9,2026-08-11,7,309486.90,376908.35,40
A00221918,Tyler,Smith,Maintenance,FIRM-A40A,2026-08-11,7,592019.55,632575.68,40
A00221952,Dallas,Ellis,Maintenance,FIRM-6731,2026-07-08,4,740750.00,657100.00,365
A00221958,Beaumont,Jefferson,Maintenance,FIRM-6621,2026-05-26,5,287250.00,336250.00,365
A00222000,Beaumont,Orange,Maintenance,FIRM-6621,2026-05-26,5,211750.00,231750.00,365
A00222037,Beaumont,Liberty,Maintenance,FIRM-6621,2026-05-26,5,145000.00,175800.00,365
A00222059,Yoakum,Jackson,Maintenance,FIRM-7BC2,2026-06-10,3,9500.00,10135.00,365
A00222066,Yoakum,Victoria,Maintenance,FIRM-EF97,2026-06-10,3,12710.00,14110.00,365
A00222263,Dallas,Collin,Maintenance,FIRM-9ED5,2026-05-28,2,199875.00,80500.00,93
A00222277,Pharr,Hidalgo,Maintenance,FIRM-CE22,2026-06-04,6,566460.60,582160.70,120
A00222293,Odessa,Midland,Maintenance,FIRM-8F2F,2026-06-09,5,22986.75,54750.00,120
A00222317,Bryan,Washington,Maintenance,FIRM-D019,2026-07-01,6,1091717.25,1239700.00,365
A00222319,Bryan,Brazos,Maintenance,FIRM-8056,2026-08-06,5,987330.50,1123615.00,365
A00222320,Bryan,Walker,Maintenance,FIRM-8056,2026-07-02,5,1433237.50,1620840.00,365
A00222327,Fort Worth,Tarrant,Maintenance,FIRM-B173,2026-06-17,5,546100.00,527550.00,365
A00222330,Dallas,Dallas,Maintenance,FIRM-3FEF,2026-08-12,8,327750.00,368850.00,20
A00222332,Paris,Lamar,Maintenance,FIRM-B029,2026-07-02,4,1867015.00,1582500.00,365
A00222372,Lufkin,Shelby,Maintenance,FIRM-5AF6,2026-08-12,5,124256.00,163825.00,365
A00222373,Fort Worth,Tarrant,Maintenance,FIRM-F402,2026-06-30,2,678974.00,866950.00,365
A00222374,Dallas,Collin,Maintenance,FIRM-9ED5,2026-07-08,3,545700.00,248346.60,365
A00222386,Atlanta,Harrison,Maintenance,FIRM-0C1D,2026-08-12,2,970786.54,946231.85,120
A00222399,Fort Worth,Palo Pinto,Maintenance,FIRM-4C9C,2026-07-15,3,170000.00,175000.00,365
A00222414,Fort Worth,Palo Pinto,Maintenance,FIRM-4C9C,2026-07-15,3,200934.00,187830.00,365
A00222415,Fort Worth,Palo Pinto,Maintenance,FIRM-4C9C,2026-07-15,3,306103.60,309874.40,365
A00222416,Lufkin,Polk,Maintenance,FIRM-71C2,2026-08-12,7,205805.00,279065.00,365
A00222424,Lufkin,Angelina,Maintenance,FIRM-E5F6,2026-07-07,3,870420.00,795000.00,180
A00222443,Odessa,Midland,Maintenance,FIRM-6731,2026-06-09,2,249128.00,238320.00,365
A00222450,San Angelo,Tom Green,Maintenance,FIRM-6621,2026-06-18,4,83550.00,98337.00,180
A00222462,Tyler,Smith,Maintenance,FIRM-C89B,2026-07-21,6,553299.00,621455.00,115
A00222516,Brownwood,Lampasas,Maintenance,FIRM-C764,2026-06-16,3,254461.00,239132.00,365
A00222517,Bryan,Milam,Maintenance,FIRM-573E,2026-07-14,4,372300.00,438000.00,180
A00222518,Bryan,Walker,Maintenance,FIRM-6621,2026-07-15,4,424640.00,467520.00,180
A00222520,Bryan,Washington,Maintenance,FIRM-6621,2026-07-14,3,231200.00,225000.00,180
A00222521,Bryan,Walker,Maintenance,FIRM-4C9C,2026-07-15,2,292075.48,292160.00,365
A00222523,Bryan,Washington,Maintenance,FIRM-4C9C,2026-07-14,3,162022.84,168480.00,365
A00222524,Bryan,Brazos,Maintenance,FIRM-4C9C,2026-07-15,2,220226.60,224640.00,365
A00222525,Bryan,Walker,Maintenance,FIRM-4C9C,2026-07-14,3,217640.44,224640.00,365
A00222526,Bryan,Washington,Maintenance,FIRM-6621,2026-07-15,6,115500.00,120000.00,180
A00222528,Brownwood,Comanche,Maintenance,FIRM-C764,2026-06-16,3,259715.25,232795.00,365
A00222530,Brownwood,Mills,Maintenance,FIRM-C764,2026-06-16,3,252343.50,232795.00,365
A00222566,Yoakum,Gonzales,Maintenance,FIRM-1A77,2026-06-29,2,61658.60,79972.00,365
A00222573,Brownwood,Brown,Maintenance,FIRM-45A9,2026-06-16,3,859180.00,950640.00,365
A00222594,Lufkin,San Jacinto,Maintenance,FIRM-2375,2026-08-11,2,244385.00,201750.00,365
A00222622,Dallas,Collin,Maintenance,FIRM-A87F,2026-08-12,5,451805.00,771975.00,365
A00222666,Brownwood,Eastland,Maintenance,FIRM-7039,2026-07-15,8,615708.00,899895.67,76
A00222667,Brownwood,Mills,Maintenance,FIRM-7039,2026-07-15,7,680182.00,985809.85,85
A00222690,Odessa,Pecos,Maintenance,FIRM-DAA9,2026-07-14,6,236501.00,280079.00,16
A00222709,Pharr,Hidalgo,Maintenance,FIRM-6621,2026-06-25,4,220216.00,229600.00,365
A00222747,Pharr,Cameron,Maintenance,FIRM-CE22,2026-07-10,3,469494.00,561750.70,365
A00222813,Bryan,Brazos,Maintenance,FIRM-3FEF,2026-08-12,5,362100.00,425370.00,365
A00222908,El Paso,El Paso,Maintenance,FIRM-BD5E,2026-08-05,7,1772400.00,2430000.00,365
A00222959,Corpus Christi,Live Oak,Maintenance,FIRM-DC30,2026-08-05,4,1742362.42,2430921.95,730
A00222989,Bryan,Walker,Maintenance,FIRM-8056,2026-08-11,4,636380.00,656000.00,180
A00222994,Amarillo,Randall,Maintenance,FIRM-0C1D,2026-07-29,3,625000.00,625000.00,120
A00223006,Amarillo,Hansford,Maintenance,FIRM-2217,2026-07-29,2,518078.75,472200.00,120
A00223019,Bryan,Washington,Maintenance,FIRM-94A8,2026-08-11,3,268455.00,350900.00,365
A00223026,Paris,Hopkins,Maintenance,FIRM-C764,2026-07-23,3,524880.00,544650.00,120
A00223027,Brownwood,Eastland,Maintenance,FIRM-2479,2026-08-05,10,2982234.75,3216450.08,34
A00223039,Brownwood,San Saba,Maintenance,FIRM-8056,2026-07-15,5,178980.00,222000.00,365
A00223052,Amarillo,Moore,Maintenance,FIRM-EBF6,2026-08-06,3,934200.00,1055080.00,120
A00223053,El Paso,El Paso,Maintenance,FIRM-F4D4,2026-08-12,4,715750.00,785975.00,365
A00223074,Amarillo,Hansford,Maintenance,FIRM-EBF6,2026-08-06,3,1147052.00,1226016.00,120
A00223079,Brownwood,Stephens,Maintenance,FIRM-E5F6,2026-08-11,3,341675.00,302000.00,365
A00223081,Maintenance Division,Austin,Maintenance,FIRM-69A2,2026-08-05,4,4395474.10,7033125.00,730
A00223083,Maintenance Division,Cameron,Maintenance,FIRM-69A2,2026-08-06,3,4425474.10,7033325.00,730
A00223085,Amarillo,Hemphill,Maintenance,FIRM-EBF6,2026-08-06,3,1538330.00,1656120.00,120
A00223088,Amarillo,Moore,Maintenance,FIRM-EDAE,2026-08-06,2,833061.00,833063.00,120
A00223089,Amarillo,Dallam,Maintenance,FIRM-59BC,2026-08-05,5,1230475.00,1168566.50,120
A00223094,Bryan,Brazos,Maintenance,FIRM-2375,2026-08-12,3,264125.00,350900.00,365
A00223098,Amarillo,Hutchinson,Maintenance,FIRM-4C9C,2026-08-05,3,4484629.20,4090043.45,120
A00223205,Paris,Grayson,Maintenance,FIRM-0C1D,2026-08-06,2,1934598.00,1954944.00,182
A00223396,Abilene,Howard,Maintenance,FIRM-0C1D,2026-08-13,3,810712.50,798075.00,183
A00223397,Abilene,Nolan,Maintenance,FIRM-5ED6,2026-08-13,2,991673.75,994550.00,183
A00188250,San Antonio,Bexar,Construction,FIRM-81BD,2025-03-04,5,1579728.40,2571025.78,158
A00212033,Houston,Brazoria,Maintenance,FIRM-23F6,2024-09-07,2,1897921.00,2842634.50,81
A00213066,Dallas,Dallas,Maintenance,FIRM-1FAE,2024-12-02,2,750740.00,750740.00,80
A00212353,Abilene,Callahan,Maintenance,FIRM-A646,2024-10-14,2,194455.50,201305.00,5
A00214700,Amarillo,Randall,Maintenance,FIRM-D840,2025-04-23,3,44460.00,45000.00,120
A00213351,Dallas,Collin,Maintenance,FIRM-2217,2025-02-12,4,124000.00,142400.00,180
A00218532,Dallas,Collin,Maintenance,FIRM-6621,2026-03-11,3,123000.00,130000.00,180
A00217236,Dallas,Ellis,Maintenance,FIRM-6621,2025-11-12,2,44000.00,35750.00,180
A00217962,Dallas,Denton,Maintenance,FIRM-2217,2026-02-11,4,47278.00,49857.50,365
A00215736,Dallas,Kaufman,Maintenance,FIRM-6621,2025-07-09,2,17000.00,13500.00,180
A00211535,Fort Worth,Johnson,Maintenance,FIRM-4C9C,2024-09-19,3,44034.00,45519.00,180
A00217258,Fort Worth,Erath,Maintenance,FIRM-4C9C,2025-09-18,2,322861.00,298273.00,365
A00216519,Fort Worth,Wise,Maintenance,FIRM-4C9C,2025-09-18,2,134469.50,134500.00,365
A00217144,Houston,Harris,Maintenance,FIRM-6621,2025-11-12,3,245670.00,254450.00,365
A00216662,Lufkin,Angelina,Maintenance,FIRM-3899,2025-08-19,3,82978.52,90102.00,240
A00212617,Maintenance Division,Garza,Maintenance,FIRM-E3EE,2024-12-04,6,125000.00,170000.00,365
A00212619,Maintenance Division,Guadalupe,Maintenance,FIRM-E3EE,2024-12-04,4,212500.00,289000.00,365
A00212618,Maintenance Division,Henderson,Maintenance,FIRM-E3EE,2024-12-04,6,150000.00,204000.00,365
A00212614,Maintenance Division,Garza,Maintenance,FIRM-2217,2024-12-04,8,159800.00,204000.00,365
A00212616,Maintenance Division,Guadalupe,Maintenance,FIRM-6621,2024-12-04,6,135000.00,180000.00,365
A00212615,Maintenance Division,Henderson,Maintenance,FIRM-2217,2024-12-04,7,151980.00,204000.00,365
A00212383,San Angelo,Tom Green,Maintenance,FIRM-4C9C,2024-10-10,4,72642.00,80000.00,180
A00217612,San Angelo,Tom Green,Maintenance,FIRM-6621,2025-09-18,3,79200.00,71516.16,180
A00212881,Yoakum,Fayette,Maintenance,FIRM-6621,2025-03-24,4,42000.00,45150.00,365
A00218719,Yoakum,Fayette,Maintenance,FIRM-6621,2026-03-24,3,51030.00,54922.00,365
A00212879,Yoakum,Fayette,Maintenance,FIRM-D840,2025-03-24,3,25252.50,27300.00,365
A00218632,Yoakum,Fayette,Maintenance,FIRM-D840,2026-03-24,3,25725.00,26250.00,365
A00212926,Yoakum,Victoria,Maintenance,FIRM-D840,2025-04-21,2,18637.50,18112.50,365
A00218973,Yoakum,Victoria,Maintenance,FIRM-D840,2026-04-22,3,20475.00,19687.50,365
A00212822,Yoakum,Wharton,Maintenance,FIRM-8F2F,2025-02-18,3,101872.41,79250.00,365
A00218593,Yoakum,Wharton,Maintenance,FIRM-D840,2026-02-17,3,103887.50,96250.00,365
A00214646,Brownwood,Eastland,Maintenance,FIRM-D8DE,2025-04-10,3,405105.00,375452.00,365
A00218328,Bryan,Brazos,Maintenance,FIRM-ED63,2025-12-10,3,127395.00,154500.00,365
A00217933,Bryan,Brazos,Maintenance,FIRM-6621,2025-11-13,6,264500.00,268500.00,180
A00214586,Bryan,Freestone,Maintenance,FIRM-8F2F,2025-04-08,6,80276.00,119200.00,180
A00218613,Bryan,Freestone,Maintenance,FIRM-6621,2026-01-13,5,80600.00,108000.00,180
A00217118,Bryan,Robertson,Maintenance,FIRM-08FE,2025-09-09,3,40380.00,48180.00,180
A00214587,Bryan,Walker,Maintenance,FIRM-6621,2025-04-09,5,114700.00,119200.00,180
A00213842,Bryan,Washington,Maintenance,FIRM-6621,2025-02-12,5,288300.00,297000.00,180
A00212540,Dallas,Kaufman,Maintenance,FIRM-E3EE,2024-10-31,2,159552.00,159800.00,180
A00217778,Dallas,Kaufman,Maintenance,FIRM-AE17,2026-01-14,3,100000.00,161400.00,365
A00215735,Dallas,Kaufman,Maintenance,FIRM-C434,2025-07-09,6,117812.50,108750.00,180
A00216179,Dallas,Kaufman,Maintenance,FIRM-08FE,2025-08-13,6,234485.65,236075.00,365
A00212097,Fort Worth,Palo Pinto,Maintenance,FIRM-D8DE,2024-11-20,3,71250.00,120550.00,365
A00216659,Fort Worth,Parker,Maintenance,FIRM-6621,2025-09-18,3,51000.00,36600.00,365
A00216506,Fort Worth,Tarrant,Maintenance,FIRM-4C9C,2025-09-18,2,484590.70,494941.43,365
A00214410,Odessa,Ector,Maintenance,FIRM-6621,2025-04-08,5,30250.00,38500.00,120
A00214409,Odessa,Midland,Maintenance,FIRM-6621,2025-04-08,6,30000.00,42000.00,120
A00214408,Odessa,Pecos,Maintenance,FIRM-6621,2025-04-08,5,42000.00,49000.00,120
A00213757,Odessa,Midland,Maintenance,FIRM-8F2F,2025-01-30,2,19500.00,19500.00,120
A00213973,San Angelo,Tom Green,Maintenance,FIRM-37AE,2025-02-21,6,849231.83,800764.50,90
A00212325,San Antonio,Bexar,Maintenance,FIRM-3436,2024-10-22,3,99600.00,90000.00,365
A00212866,Tyler,Cherokee,Maintenance,FIRM-8F2F,2025-01-21,3,534050.00,578275.00,365
A00214676,Tyler,Anderson,Maintenance,FIRM-C434,2025-04-15,4,883890.00,928000.00,365
A00213350,Waco,Bell,Maintenance,FIRM-6621,2025-05-20,4,383865.00,481710.00,365
A00216675,Abilene,Taylor,Maintenance,FIRM-0887,2025-11-18,2,190440.00,207240.00,180
A00214840,Amarillo,Randall,Maintenance,FIRM-0887,2025-05-02,5,1259250.00,1396625.00,120
A00216131,Fort Worth,Tarrant,Maintenance,FIRM-9C62,2025-08-21,3,226093.00,266055.66,365
A00216370,Maintenance Division,Garza,Maintenance,FIRM-60D3,2025-08-07,4,2899987.45,3505948.45,365
A00216372,Maintenance Division,Guadalupe,Maintenance,FIRM-60D3,2025-08-08,4,3673575.20,4311449.75,365
A00216371,Maintenance Division,Henderson,Maintenance,FIRM-60D3,2025-08-07,4,4206650.60,4860186.00,365
A00212762,Odessa,Ector,Maintenance,FIRM-0887,2024-11-12,4,235440.00,241200.00,120
A00218311,Odessa,Ector,Maintenance,FIRM-0887,2025-11-13,2,228600.00,241200.00,120
A00212800,Wichita Falls,Wichita,Maintenance,FIRM-0887,2025-01-22,4,147400.00,166760.00,180
A00218266,Abilene,Haskell,Maintenance,FIRM-EBF6,2026-01-08,4,308880.00,398640.00,183
A00216201,Abilene,Callahan,Maintenance,FIRM-6621,2025-08-19,2,63000.00,59700.00,183
A00216199,Abilene,Kent,Maintenance,FIRM-6621,2025-08-19,2,42800.00,37300.00,183
A00216377,Amarillo,Gray,Maintenance,FIRM-45A9,2025-08-08,3,2198840.00,2334620.00,120
A00216375,Amarillo,Moore,Maintenance,FIRM-45A9,2025-08-07,3,1272116.00,1324136.00,120
A00216374,Amarillo,Randall,Maintenance,FIRM-45A9,2025-08-07,3,644450.00,663260.00,120
A00213843,Atlanta,Bowie,Maintenance,FIRM-EBF6,2025-03-19,2,798900.00,848850.00,180
A00214991,Austin,Blanco,Maintenance,FIRM-EBF6,2026-01-07,4,1627320.00,1934640.00,365
A00214997,Austin,Travis,Maintenance,FIRM-EBF6,2026-02-04,2,1478920.00,1942160.00,365
A00212785,Brownwood,Brown,Maintenance,FIRM-45A9,2024-11-26,3,889200.00,930090.00,180
A00212946,Brownwood,San Saba,Maintenance,FIRM-45A9,2024-11-26,2,79200.00,96120.00,180
A00212340,Bryan,Brazos,Maintenance,FIRM-61E5,2024-10-08,4,130320.00,153000.00,180
A00214868,Bryan,Brazos,Maintenance,FIRM-45A9,2025-05-06,3,83520.00,96000.00,180
A00212341,Bryan,Walker,Maintenance,FIRM-61E5,2024-10-08,4,174960.00,204000.00,180
A00214869,Bryan,Walker,Maintenance,FIRM-45A9,2025-05-06,3,111360.00,128000.00,180
A00214566,Bryan,Washington,Maintenance,FIRM-61E5,2025-04-08,4,84240.00,96000.00,180
A00213188,Bryan,Brazos,Maintenance,FIRM-61E5,2025-01-14,4,205640.00,246000.00,180
A00214579,Bryan,Freestone,Maintenance,FIRM-45A9,2025-04-08,5,96000.00,117840.00,180
A00214580,Bryan,Walker,Maintenance,FIRM-45A9,2025-04-09,5,96000.00,118640.00,180
A00214570,Bryan,Washington,Maintenance,FIRM-45A9,2025-04-09,4,120000.00,145760.00,180
A00214595,Bryan,Brazos,Maintenance,FIRM-6621,2025-04-08,3,313200.00,310000.00,365
A00218653,Childress,Childress,Maintenance,FIRM-EBF6,2026-01-07,3,1985520.00,2335800.00,365
A00213880,Corpus Christi,Jim Wells,Maintenance,FIRM-EBF6,2025-02-19,2,223380.00,228600.00,180
A00213883,Corpus Christi,Karnes,Maintenance,FIRM-EBF6,2025-03-18,2,167400.00,162000.00,180
A00212707,Corpus Christi,Nueces,Maintenance,FIRM-EBF6,2024-11-19,2,51300.00,51300.00,180
A00213884,Corpus Christi,Nueces,Maintenance,FIRM-EBF6,2025-03-18,2,131490.00,129800.00,180
A00213402,Corpus Christi,San Patricio,Maintenance,FIRM-EBF6,2025-01-14,2,181140.00,167500.00,180
A00213881,Corpus Christi,Nueces,Maintenance,FIRM-EBF6,2026-01-13,2,50400.00,54000.00,365
A00212702,Corpus Christi,Karnes,Maintenance,FIRM-6621,2024-11-12,3,71280.00,63744.00,180
A00218480,Corpus Christi,Karnes,Maintenance,FIRM-6621,2025-11-24,2,79200.00,71280.00,180
A00212703,Corpus Christi,Nueces,Maintenance,FIRM-6621,2024-11-12,3,115456.00,105344.00,180
A00218481,Corpus Christi,Nueces,Maintenance,FIRM-6621,2025-11-24,2,123328.00,118080.00,180
A00214357,Dallas,Collin,Maintenance,FIRM-45A9,2025-05-07,3,41760.00,50400.00,180
A00216497,Dallas,Denton,Maintenance,FIRM-45A9,2025-10-15,3,43440.00,43200.00,180
A00214324,Dallas,Collin,Maintenance,FIRM-EBF6,2025-04-09,2,44000.00,44150.00,180
A00218928,Dallas,Collin,Maintenance,FIRM-EBF6,2026-04-15,2,43850.00,40000.00,180
A00217230,Dallas,Ellis,Maintenance,FIRM-EBF6,2025-11-12,2,97775.00,117000.00,180
A00216178,Dallas,Kaufman,Maintenance,FIRM-45A9,2025-08-13,4,149232.00,174192.00,365
A00216206,Dallas,Navarro,Maintenance,FIRM-45A9,2025-09-10,3,148170.00,187530.00,365
A00215545,El Paso,Brewster,Maintenance,FIRM-EBF6,2025-10-07,2,300960.00,345600.00,365
A00212012,El Paso,El Paso,Maintenance,FIRM-EBF6,2024-12-03,2,1048615.68,1048615.68,365
A00218288,Fort Worth,Jack,Maintenance,FIRM-EBF6,2025-12-03,3,1998220.00,2436680.00,365
A00217294,Fort Worth,Erath,Maintenance,FIRM-4C9C,2025-09-18,3,176320.00,165680.00,365
A00217222,Fort Worth,Johnson,Maintenance,FIRM-4C9C,2025-09-18,3,104720.00,191400.00,365
A00215926,Fort Worth,Palo Pinto,Maintenance,FIRM-4C9C,2025-08-21,3,115000.00,125000.00,365
A00216796,Fort Worth,Parker,Maintenance,FIRM-4C9C,2025-09-18,3,414000.00,436500.00,365
A00216504,Fort Worth,Tarrant,Maintenance,FIRM-4C9C,2025-08-21,3,251700.00,301440.00,365
A00216773,Fort Worth,Tarrant,Maintenance,FIRM-4C9C,2025-09-18,3,200750.00,204500.00,365
A00216520,Fort Worth,Wise,Maintenance,FIRM-4C9C,2025-09-18,3,114200.00,116550.00,365
A00213359,Houston,Waller,Maintenance,FIRM-EBF6,2025-07-29,3,258420.00,255600.00,365
A00214284,Lubbock,Lamb,Maintenance,FIRM-45A9,2025-03-18,4,189000.00,173250.00,180
A00214282,Lubbock,Hale,Maintenance,FIRM-EBF6,2025-03-18,3,161900.00,201750.00,180
A00214281,Lubbock,Lamb,Maintenance,FIRM-EBF6,2025-03-18,3,161800.00,199500.00,180
A00214283,Lubbock,Lubbock,Maintenance,FIRM-EBF6,2025-03-18,3,55200.00,68750.00,180
A00214280,Lubbock,Terry,Maintenance,FIRM-EBF6,2025-03-18,3,221000.00,277000.00,180
A00217873,Lubbock,Lubbock,Maintenance,FIRM-6621,2025-10-14,2,175000.00,175000.00,180
A00212865,Lufkin,Polk,Maintenance,FIRM-D5CA,2024-11-19,2,452200.00,468650.00,180
A00212308,Lufkin,Sabine,Maintenance,FIRM-D5CA,2024-11-19,2,457150.00,468650.00,180
A00212780,Lufkin,San Augustine,Maintenance,FIRM-D5CA,2024-11-19,2,458950.00,468650.00,180
A00217559,Odessa,Ector,Maintenance,FIRM-45A9,2025-09-09,3,51600.00,84000.00,120
A00211908,Odessa,Ector,Maintenance,FIRM-45A9,2024-09-10,4,62580.00,84000.00,120
A00211907,Odessa,Midland,Maintenance,FIRM-45A9,2024-09-10,4,95880.00,115500.00,120
A00217558,Odessa,Midland,Maintenance,FIRM-45A9,2025-09-09,3,77400.00,118500.00,120
A00212945,Odessa,Pecos,Maintenance,FIRM-45A9,2025-01-14,4,124200.00,157500.00,120
A00217557,Odessa,Pecos,Maintenance,FIRM-45A9,2025-09-09,3,107500.00,157500.00,120
A00211905,Odessa,Ector,Maintenance,FIRM-6621,2024-09-10,4,23000.00,25000.00,240
A00217556,Odessa,Ector,Maintenance,FIRM-13AD,2025-09-09,4,22000.00,25000.00,240
A00211904,Odessa,Midland,Maintenance,FIRM-6621,2024-09-10,4,23000.00,25000.00,240
A00217555,Odessa,Midland,Maintenance,FIRM-6621,2025-09-09,4,22200.00,25000.00,240
A00211903,Odessa,Pecos,Maintenance,FIRM-C20C,2024-09-10,3,29100.00,30000.00,240
A00217554,Odessa,Pecos,Maintenance,FIRM-6621,2025-09-09,4,26800.00,30000.00,240
A00213974,San Angelo,Tom Green,Maintenance,FIRM-45A9,2025-02-21,4,707414.50,855478.00,90
A00212118,San Angelo,Reagan,Maintenance,FIRM-45A9,2024-09-23,3,508155.00,604143.00,180
A00212382,San Angelo,Reagan,Maintenance,FIRM-6621,2024-10-10,4,165600.00,230400.00,180
A00213200,San Antonio,Bexar,Maintenance,FIRM-EBF6,2025-01-28,2,765400.00,709650.00,365
A00217444,San Antonio,Bexar,Maintenance,FIRM-6621,2025-09-16,2,321250.00,269100.00,365
A00217863,San Antonio,Bexar,Maintenance,FIRM-4C9C,2025-10-14,3,171900.00,167250.00,365
A00212750,Tyler,Gregg,Maintenance,FIRM-EBF6,2025-02-11,2,884010.00,875500.00,365
A00212759,Tyler,Henderson,Maintenance,FIRM-EBF6,2025-02-11,2,591400.00,680750.00,365
A00212751,Tyler,Smith,Maintenance,FIRM-EBF6,2024-11-21,2,452820.00,478300.00,365
A00212687,Tyler,Wood,Maintenance,FIRM-EBF6,2024-11-21,2,507175.00,492950.00,365
A00217954,Waco,Hill,Maintenance,FIRM-EBF6,2026-01-06,4,1241125.00,1445255.00,365
A00212195,Waco,Limestone,Maintenance,FIRM-EBF6,2025-01-07,4,1092050.00,1230845.00,365
A00212806,Wichita Falls,Wichita,Maintenance,FIRM-EBF6,2025-02-07,3,1044600.00,1304200.00,180
A00211759,Yoakum,Colorado,Maintenance,FIRM-6621,2024-09-10,3,106400.00,115200.00,180
A00216494,Yoakum,Colorado,Maintenance,FIRM-6621,2025-09-22,2,353200.00,300000.00,365
A00217223,Abilene,Callahan,Maintenance,FIRM-5ED6,2025-08-11,4,294197.30,330643.15,183
A00212856,Abilene,Shackelford,Maintenance,FIRM-D8DE,2024-11-22,4,320925.00,313575.00,183
A00218631,Abilene,Howard,Maintenance,FIRM-8F2F,2026-02-12,5,146691.70,167484.50,183
A00214401,Abilene,Howard,Maintenance,FIRM-0C1D,2025-03-18,4,671912.50,731012.00,183
A00214361,Abilene,Nolan,Maintenance,FIRM-D8DE,2025-03-18,3,578564.25,629455.00,183
A00218265,Abilene,Fisher,Maintenance,FIRM-E5F6,2026-01-08,3,807180.00,813270.00,183
A00212908,Abilene,Jones,Maintenance,FIRM-E5F6,2024-11-22,3,45448.00,46300.00,180
A00216202,Abilene,Scurry,Maintenance,FIRM-4C9C,2025-08-19,3,61145.50,66397.50,183
A00212526,Abilene,Scurry,Maintenance,FIRM-4C9C,2024-10-28,3,60361.00,67020.00,183
A00216198,Abilene,Stonewall,Maintenance,FIRM-4C9C,2025-09-30,4,275962.00,256186.00,183
A00216196,Abilene,Taylor,Maintenance,FIRM-4C9C,2025-08-19,3,232916.00,216070.00,183
A00211654,Amarillo,Carson,Maintenance,FIRM-EDAE,2024-09-05,3,1126552.00,1138418.50,120
A00217420,Amarillo,Carson,Maintenance,FIRM-EDAE,2025-11-05,3,2264271.00,2303131.50,120
A00211645,Amarillo,Deaf Smith,Maintenance,FIRM-EDAE,2024-11-06,3,1831402.00,1836204.00,120
A00217421,Amarillo,Deaf Smith,Maintenance,FIRM-EDAE,2025-09-05,2,530047.00,613806.00,120
A00215334,Amarillo,Hutchinson,Maintenance,FIRM-8F2F,2025-06-05,2,990457.38,1057416.60,120
A00216392,Amarillo,Randall,Maintenance,FIRM-5CCF,2025-08-07,5,1718815.00,2041001.00,120
A00214701,Amarillo,Hartley,Maintenance,FIRM-0C1D,2025-04-23,4,625000.00,658500.00,120
A00212140,Amarillo,Hemphill,Maintenance,FIRM-0BDA,2024-09-10,3,630000.00,600000.00,120
A00217061,Amarillo,Hemphill,Maintenance,FIRM-0BDA,2025-08-12,2,614500.00,625000.00,120
A00216181,Amarillo,Randall,Maintenance,FIRM-0C1D,2025-07-23,3,625000.00,625000.00,120
A00216518,Amarillo,Potter,Maintenance,FIRM-2217,2025-07-23,3,358401.25,392900.00,120
A00219094,Amarillo,Potter,Maintenance,FIRM-C764,2026-01-28,3,531392.00,493184.00,120
A00216378,Amarillo,Moore,Maintenance,FIRM-4C9C,2025-08-08,2,2695199.80,2970467.70,120
A00216954,Amarillo,Randall,Maintenance,FIRM-4C9C,2025-08-12,3,374784.75,400798.75,120
A00216393,Amarillo,Gray,Maintenance,FIRM-4C9C,2025-08-08,4,1132168.64,1214847.42,120
A00212253,Atlanta,Harrison,Maintenance,FIRM-0C1D,2024-10-09,3,1118576.40,972638.78,120
A00214876,Atlanta,Harrison,Maintenance,FIRM-E2B5,2025-07-02,3,1203506.28,1229825.28,120
A00218249,Atlanta,Harrison,Maintenance,FIRM-6ECC,2025-12-02,3,1179123.84,1229825.28,120
A00212263,Atlanta,Bowie,Maintenance,FIRM-0C1D,2024-10-09,2,402700.00,322000.00,180
A00217709,Atlanta,Bowie,Maintenance,FIRM-B91A,2025-10-15,3,399000.00,402700.00,180
A00212262,Atlanta,Bowie,Maintenance,FIRM-0C1D,2024-10-09,2,412700.00,412450.00,180
A00217708,Atlanta,Bowie,Maintenance,FIRM-B91A,2025-10-15,3,399000.00,413800.00,180
A00212254,Atlanta,Cass,Maintenance,FIRM-0C1D,2024-10-09,2,415200.00,415200.00,180
A00217705,Atlanta,Cass,Maintenance,FIRM-B91A,2025-10-15,3,403600.00,415200.00,180
A00212260,Atlanta,Harrison,Maintenance,FIRM-1E51,2024-10-09,2,396480.00,380480.00,180
A00217706,Atlanta,Harrison,Maintenance,FIRM-1E51,2025-10-15,2,396480.00,396480.00,180
A00212258,Atlanta,Marion,Maintenance,FIRM-1E51,2024-10-09,2,396480.00,380480.00,180
A00217704,Atlanta,Marion,Maintenance,FIRM-1E51,2025-10-15,2,396480.00,396480.00,180
A00212256,Atlanta,Morris,Maintenance,FIRM-0C1D,2024-10-09,2,377000.00,377000.00,180
A00217702,Atlanta,Morris,Maintenance,FIRM-B91A,2025-10-15,3,382910.00,377000.00,180
A00212255,Atlanta,Panola,Maintenance,FIRM-1E51,2024-10-09,2,396480.00,380480.00,180
A00217701,Atlanta,Panola,Maintenance,FIRM-1E51,2025-10-15,2,396480.00,396480.00,180
A00212261,Atlanta,Titus,Maintenance,FIRM-0C1D,2024-10-09,2,377000.00,377000.00,180
A00217707,Atlanta,Titus,Maintenance,FIRM-B91A,2025-10-15,3,382910.00,377000.00,180
A00212257,Atlanta,Upshur,Maintenance,FIRM-0C1D,2024-10-09,3,387000.00,349000.00,180
A00217703,Atlanta,Upshur,Maintenance,FIRM-1E51,2025-10-15,3,396480.00,387000.00,180
A00214875,Atlanta,Bowie,Maintenance,FIRM-E5F6,2025-11-05,3,2261120.00,2167755.00,180
A00215111,Austin,Bastrop,Maintenance,FIRM-6621,2025-11-06,3,2088750.00,2164250.00,365
A00214887,Austin,Blanco,Maintenance,FIRM-3436,2025-09-04,6,2556200.00,2657600.00,365
A00214891,Austin,Hays,Maintenance,FIRM-573E,2025-10-09,5,2040450.00,2107100.00,365
A00214996,Austin,Bastrop,Maintenance,FIRM-E5F6,2026-01-14,3,358343.00,369500.00,365
A00214998,Austin,Burnet,Maintenance,FIRM-C764,2026-03-11,3,791677.50,788700.00,365
A00214999,Austin,Bastrop,Maintenance,FIRM-6621,2026-03-11,3,278570.00,322150.00,365
A00215112,Austin,Travis,Maintenance,FIRM-4C9C,2026-07-08,3,824226.85,854589.50,365
A00219439,Brownwood,Eastland,Maintenance,FIRM-6ECC,2026-04-22,4,143000.00,152500.00,365
A00214585,Brownwood,Brown,Maintenance,FIRM-B173,2025-03-27,2,286000.00,276048.00,365
A00214945,Brownwood,Coleman,Maintenance,FIRM-E5F6,2025-04-17,2,245020.00,219650.00,365
A00215423,Brownwood,McCulloch,Maintenance,FIRM-E5F6,2025-05-15,3,254060.00,242735.00,365
A00214613,Brownwood,San Saba,Maintenance,FIRM-573E,2025-03-27,3,208000.00,214000.00,365
A00214615,Brownwood,Stephens,Maintenance,FIRM-D8DE,2025-03-27,2,202300.00,189130.00,365
A00216735,Brownwood,Brown,Maintenance,FIRM-E5F6,2025-10-15,12,220220.00,233600.00,365
A00217314,Brownwood,Comanche,Maintenance,FIRM-B173,2025-08-28,2,673268.75,639250.00,365
A00219440,Brownwood,Eastland,Maintenance,FIRM-2217,2026-04-22,4,136800.00,189000.00,90
A00212494,Brownwood,Eastland,Maintenance,FIRM-C764,2024-10-31,3,270560.00,283880.00,180
A00212482,Brownwood,Stephens,Maintenance,FIRM-C764,2024-10-31,3,282842.50,267308.50,180
A00217959,Brownwood,Brown,Maintenance,FIRM-E5F6,2025-10-22,3,283795.00,368172.25,365
A00217969,Brownwood,Coleman,Maintenance,FIRM-E5F6,2025-10-22,3,283795.00,368172.25,365
A00215420,Brownwood,Comanche,Maintenance,FIRM-C764,2025-05-15,3,252801.00,233626.25,365
A00215081,Brownwood,Lampasas,Maintenance,FIRM-E5F6,2025-04-24,3,251584.00,239132.00,365
A00217970,Brownwood,McCulloch,Maintenance,FIRM-E5F6,2025-10-22,3,274860.00,373932.00,365
A00215082,Brownwood,Mills,Maintenance,FIRM-C764,2025-04-24,3,251536.00,232795.00,365
A00215088,Brownwood,San Saba,Maintenance,FIRM-E5F6,2025-04-24,2,248572.25,238305.00,365
A00215437,Brownwood,Brown,Maintenance,FIRM-6621,2025-05-15,6,128000.00,152668.00,365
A00216185,Brownwood,Brown,Maintenance,FIRM-6621,2025-07-24,2,461525.00,372726.15,365
A00215284,Bryan,Brazos,Maintenance,FIRM-CE22,2025-06-12,5,47856.00,45000.00,180
A00219080,Bryan,Brazos,Maintenance,FIRM-9D9B,2026-02-10,2,734800.00,740000.00,180
A00213839,Bryan,Walker,Maintenance,FIRM-8F2F,2025-02-11,6,146895.00,170000.00,180
A00217507,Bryan,Walker,Maintenance,FIRM-8F2F,2025-09-09,5,74066.40,64000.00,180
A00213838,Bryan,Washington,Maintenance,FIRM-6621,2025-02-12,5,112500.00,127500.00,180
A00216677,Bryan,Brazos,Maintenance,FIRM-E3EE,2025-08-12,4,136752.00,130000.00,365
A00217932,Bryan,Brazos,Maintenance,FIRM-6621,2025-11-12,8,111000.00,111000.00,180
A00218327,Bryan,Walker,Maintenance,FIRM-08FE,2025-12-09,7,133290.00,152000.00,180
A00217930,Bryan,Washington,Maintenance,FIRM-6621,2025-11-13,8,100000.00,111000.00,180
A00213194,Bryan,Brazos,Maintenance,FIRM-B173,2025-01-15,3,492500.00,595000.00,180
A00215641,Bryan,Brazos,Maintenance,FIRM-C434,2025-06-12,3,192100.00,217000.00,180
A00213845,Bryan,Burleson,Maintenance,FIRM-8056,2025-02-11,5,401000.00,502000.00,180
A00216200,Bryan,Burleson,Maintenance,FIRM-D019,2025-07-08,4,292200.00,317000.00,180
A00215286,Bryan,Freestone,Maintenance,FIRM-8056,2025-06-11,4,442000.00,505000.00,180
A00213195,Bryan,Grimes,Maintenance,FIRM-E5F6,2025-01-15,3,459000.00,502000.00,180
A00218326,Bryan,Grimes,Maintenance,FIRM-8056,2025-12-10,3,297600.00,350200.00,180
A00215287,Bryan,Leon,Maintenance,FIRM-8056,2025-06-10,4,539000.00,606000.00,180
A00213196,Bryan,Madison,Maintenance,FIRM-6621,2025-01-14,3,880000.00,780000.00,180
A00215285,Bryan,Madison,Maintenance,FIRM-8056,2025-06-11,4,202400.00,227200.00,180
A00213846,Bryan,Milam,Maintenance,FIRM-573E,2025-02-12,5,390150.00,519000.00,180
A00213847,Bryan,Robertson,Maintenance,FIRM-8056,2025-02-11,4,481500.00,597500.00,180
A00216197,Bryan,Robertson,Maintenance,FIRM-8056,2025-07-09,5,411000.00,435000.00,180
A00213197,Bryan,Walker,Maintenance,FIRM-8056,2025-03-11,4,626200.00,680000.00,180
A00215294,Bryan,Washington,Maintenance,FIRM-8056,2025-06-11,4,796200.00,895200.00,180
A00218387,Bryan,Washington,Maintenance,FIRM-8056,2025-12-10,3,581200.00,652800.00,180
A00216116,Bryan,Brazos,Maintenance,FIRM-6621,2025-07-08,3,238320.00,245508.00,180
A00213827,Bryan,Walker,Maintenance,FIRM-6621,2025-02-11,4,521177.60,536016.00,180
A00212799,Bryan,Washington,Maintenance,FIRM-6621,2024-11-19,3,205140.80,213045.60,180
A00215283,Bryan,Brazos,Maintenance,FIRM-E5F6,2025-06-10,3,299745.00,292500.00,180
A00213203,Bryan,Freestone,Maintenance,FIRM-C764,2025-01-21,3,353316.00,336000.00,180
A00215282,Bryan,Walker,Maintenance,FIRM-C764,2025-06-12,3,276680.00,260000.00,180
A00212541,Bryan,Washington,Maintenance,FIRM-E5F6,2024-11-12,3,259570.00,260000.00,180
A00216117,Bryan,Brazos,Maintenance,FIRM-4C9C,2025-07-09,2,284178.60,303920.00,365
A00217121,Bryan,Washington,Maintenance,FIRM-4C9C,2025-09-09,3,118695.48,120360.00,365
A00218640,Childress,Childress,Maintenance,FIRM-EDAE,2026-01-15,2,250464.00,231400.00,365
A00212411,Childress,Childress,Maintenance,FIRM-6621,2024-10-08,4,247000.00,284500.00,180
A00215340,Childress,Childress,Maintenance,FIRM-C764,2025-05-14,3,962017.50,993750.00,180
A00212267,Childress,Childress,Maintenance,FIRM-4C9C,2024-09-17,4,376027.50,387800.00,180
A00215419,Childress,Childress,Maintenance,FIRM-3EB5,2025-05-14,3,373738.50,387800.00,180
A00215401,Corpus Christi,Jim Wells,Maintenance,FIRM-3436,2025-05-20,6,253000.00,248000.00,180
A00213394,Corpus Christi,Nueces,Maintenance,FIRM-E5F6,2025-01-14,6,191270.00,193000.00,180
A00219155,Corpus Christi,Nueces,Maintenance,FIRM-E5F6,2026-01-13,5,188870.00,186000.00,180
A00214850,Corpus Christi,San Patricio,Maintenance,FIRM-3436,2025-05-20,5,256000.00,268000.00,180
A00216076,Corpus Christi,Karnes,Maintenance,FIRM-3436,2025-07-15,5,480500.00,488000.00,360
A00212305,Corpus Christi,Aransas,Maintenance,FIRM-6621,2024-10-15,7,276000.00,276000.00,180
A00217680,Corpus Christi,Aransas,Maintenance,FIRM-C764,2025-09-16,6,298760.00,329000.00,180
A00213392,Corpus Christi,Bee,Maintenance,FIRM-C372,2025-01-22,8,226005.00,286700.00,180
A00214856,Corpus Christi,Goliad,Maintenance,FIRM-C372,2025-04-15,6,218335.00,227500.00,180
A00212704,Corpus Christi,Jim Wells,Maintenance,FIRM-6621,2024-11-19,6,480000.00,520000.00,180
A00218329,Corpus Christi,Jim Wells,Maintenance,FIRM-336E,2025-11-13,7,199750.00,240000.00,180
A00218330,Corpus Christi,Jim Wells,Maintenance,FIRM-6621,2025-11-13,7,384000.00,432000.00,180
A00216088,Corpus Christi,Karnes,Maintenance,FIRM-C372,2025-07-15,6,154300.00,165000.00,180
A00212705,Corpus Christi,Kleberg,Maintenance,FIRM-C764,2024-11-19,6,269784.00,291600.00,180
A00218043,Corpus Christi,Live Oak,Maintenance,FIRM-C372,2025-10-21,5,238062.50,247000.00,180
A00212302,Corpus Christi,Live Oak,Maintenance,FIRM-C372,2024-10-15,7,239281.25,276250.00,180
A00212706,Corpus Christi,Refugio,Maintenance,FIRM-336E,2024-11-19,6,258125.00,295000.00,180
A00219151,Corpus Christi,Refugio,Maintenance,FIRM-336E,2026-01-13,4,224200.00,265500.00,180
A00216078,Corpus Christi,San Patricio,Maintenance,FIRM-C764,2025-07-15,5,337195.00,450500.00,180
A00214845,Corpus Christi,Aransas,Maintenance,FIRM-336E,2025-04-15,3,419525.00,429500.00,180
A00217993,Corpus Christi,Aransas,Maintenance,FIRM-C372,2025-10-21,3,422750.00,426300.00,180
A00214852,Corpus Christi,Bee,Maintenance,FIRM-B173,2025-04-15,5,443750.00,500000.00,180
A00214853,Corpus Christi,Goliad,Maintenance,FIRM-C372,2025-04-15,3,531000.00,540000.00,180
A00216457,Corpus Christi,Jim Wells,Maintenance,FIRM-C372,2025-08-19,4,498460.00,516800.00,180
A00215402,Corpus Christi,Karnes,Maintenance,FIRM-B173,2025-05-20,5,769500.00,792000.00,180
A00213882,Corpus Christi,Kleberg,Maintenance,FIRM-336E,2025-05-20,3,415000.00,484000.00,180
A00217357,Corpus Christi,Kleberg,Maintenance,FIRM-336E,2025-08-19,3,454500.00,484000.00,180
A00216458,Corpus Christi,Live Oak,Maintenance,FIRM-C372,2025-08-19,4,356000.00,304000.00,180
A00212788,Corpus Christi,Nueces,Maintenance,FIRM-336E,2024-11-19,2,557000.00,575000.00,180
A00217691,Corpus Christi,Nueces,Maintenance,FIRM-336E,2025-10-21,2,674400.00,663000.00,180
A00213397,Corpus Christi,Nueces,Maintenance,FIRM-C372,2025-01-22,3,411620.00,427000.00,180
A00219156,Corpus Christi,Nueces,Maintenance,FIRM-336E,2026-01-13,3,509970.00,533400.00,180
A00214848,Corpus Christi,Refugio,Maintenance,FIRM-C372,2025-04-15,4,377085.00,429000.00,180
A00215400,Corpus Christi,San Patricio,Maintenance,FIRM-C372,2025-05-20,4,617500.00,678000.00,180
A00212303,Corpus Christi,Goliad,Maintenance,FIRM-B173,2024-10-15,4,244425.00,286000.00,180
A00218002,Corpus Christi,Goliad,Maintenance,FIRM-3436,2025-10-21,3,285000.00,294000.00,180
A00214858,Corpus Christi,Jim Wells,Maintenance,FIRM-B173,2025-04-15,4,291600.00,302800.00,180
A00216077,Corpus Christi,Karnes,Maintenance,FIRM-3436,2025-07-15,4,279000.00,277800.00,180
A00217356,Corpus Christi,Live Oak,Maintenance,FIRM-C372,2025-08-19,2,321000.00,297000.00,180
A00214849,Corpus Christi,Refugio,Maintenance,FIRM-3436,2025-04-15,3,457600.00,485200.00,180
A00213885,Corpus Christi,Nueces,Maintenance,FIRM-2217,2025-03-18,4,238180.00,244830.00,180
A00214319,Corpus Christi,San Patricio,Maintenance,FIRM-2217,2025-03-18,2,280010.00,297100.00,180
A00217677,Corpus Christi,Karnes,Maintenance,FIRM-6621,2025-09-16,2,570000.00,519000.00,360
A00212307,Corpus Christi,Aransas,Maintenance,FIRM-C764,2024-10-15,3,316239.00,327900.00,180
A00217678,Corpus Christi,Aransas,Maintenance,FIRM-E5F6,2025-09-16,3,374440.00,352500.00,180
A00213389,Corpus Christi,Bee,Maintenance,FIRM-D0C9,2025-01-14,4,416750.00,415750.00,180
A00213398,Corpus Christi,Jim Wells,Maintenance,FIRM-C764,2025-01-22,3,388704.00,374000.00,180
A00213391,Corpus Christi,Karnes,Maintenance,FIRM-C764,2025-01-14,3,330690.00,330000.00,180
A00212304,Corpus Christi,Kleberg,Maintenance,FIRM-C764,2024-10-15,3,324552.00,336300.00,180
A00218003,Corpus Christi,Kleberg,Maintenance,FIRM-C764,2025-10-21,3,340801.00,327600.00,180
A00213387,Corpus Christi,Live Oak,Maintenance,FIRM-C764,2025-01-22,3,440824.00,415600.00,180
A00212708,Corpus Christi,Nueces,Maintenance,FIRM-C764,2024-11-19,3,348650.00,348000.00,180
A00219145,Corpus Christi,Nueces,Maintenance,FIRM-C764,2026-01-13,3,354100.00,356000.00,180
A00213395,Corpus Christi,Nueces,Maintenance,FIRM-D0C9,2025-01-14,4,279530.00,295400.00,180
A00212306,Corpus Christi,Refugio,Maintenance,FIRM-C764,2024-10-15,3,305115.00,312900.00,180
A00217679,Corpus Christi,Refugio,Maintenance,FIRM-E5F6,2025-09-16,3,356320.00,343000.00,180
A00213399,Corpus Christi,San Patricio,Maintenance,FIRM-C764,2025-01-22,3,347640.00,330000.00,180
A00214368,Dallas,Collin,Maintenance,FIRM-6621,2025-04-09,5,140000.00,160000.00,180
A00215618,Dallas,Dallas,Maintenance,FIRM-9D9B,2025-09-10,2,275625.00,275625.00,180
A00215617,Dallas,Dallas,Maintenance,FIRM-9D9B,2025-09-10,2,291375.00,291375.00,180
A00212606,Dallas,Kaufman,Maintenance,FIRM-9D9B,2025-02-12,2,290000.00,270000.00,180
A00218214,Dallas,Kaufman,Maintenance,FIRM-9D9B,2026-02-11,2,395000.00,392500.00,365
A00216249,Dallas,Navarro,Maintenance,FIRM-6621,2025-10-15,3,276125.00,215177.00,365
A00217504,Dallas,Navarro,Maintenance,FIRM-C434,2026-01-14,4,527900.00,537800.00,365
A00213806,Dallas,Navarro,Maintenance,FIRM-8056,2025-03-12,3,541500.00,599200.00,365
A00215920,Dallas,Denton,Maintenance,FIRM-6621,2025-08-13,3,26250.00,47250.00,120
A00214366,Dallas,Collin,Maintenance,FIRM-6621,2025-04-09,5,230000.00,250000.00,180
A00217261,Dallas,Ellis,Maintenance,FIRM-6621,2025-11-12,6,120000.00,155000.00,180
A00218220,Dallas,Kaufman,Maintenance,FIRM-6ECC,2026-02-11,7,130360.00,160000.00,365
A00216246,Dallas,Navarro,Maintenance,FIRM-6621,2025-09-10,3,217250.00,201924.00,365
A00218929,Dallas,Collin,Maintenance,FIRM-337E,2026-04-15,3,558250.00,576000.00,180
A00212787,Dallas,Collin,Maintenance,FIRM-D0C9,2025-01-03,4,277608.00,296500.00,180
A00214925,Dallas,Collin,Maintenance,FIRM-CDE6,2025-04-09,3,567000.00,585000.00,180
A00212538,Dallas,Ellis,Maintenance,FIRM-B173,2025-02-12,3,275000.00,337800.00,180
A00212604,Dallas,Kaufman,Maintenance,FIRM-B173,2025-02-12,3,234000.00,211800.00,180
A00217963,Dallas,Denton,Maintenance,FIRM-CF08,2026-02-11,3,72200.00,85960.00,365
A00218203,Dallas,Kaufman,Maintenance,FIRM-B173,2026-02-11,2,352000.00,448000.00,365
A00216176,Dallas,Kaufman,Maintenance,FIRM-6621,2025-08-13,4,194378.00,197940.00,365
A00216195,Dallas,Navarro,Maintenance,FIRM-6621,2025-09-10,2,120000.00,123200.00,365
A00214367,Dallas,Collin,Maintenance,FIRM-C764,2025-05-07,3,150510.00,117500.00,180
A00219511,Dallas,Collin,Maintenance,FIRM-C764,2026-05-13,3,95850.00,68700.00,180
A00217176,Dallas,Denton,Maintenance,FIRM-E5F6,2025-12-10,3,82240.00,78950.00,180
A00217207,Dallas,Ellis,Maintenance,FIRM-C764,2025-09-10,3,678457.50,622500.00,180
A00216177,Dallas,Kaufman,Maintenance,FIRM-C764,2025-08-13,3,181040.00,186250.00,180
A00215975,Dallas,Navarro,Maintenance,FIRM-E5F6,2025-09-10,3,74240.00,74000.00,180
A00215916,Dallas,Denton,Maintenance,FIRM-6621,2025-08-13,4,26400.00,31200.00,120
A00212423,Dallas,Collin,Maintenance,FIRM-6621,2024-11-13,2,42500.00,40000.00,180
A00218042,Dallas,Collin,Maintenance,FIRM-3FEF,2026-01-14,6,97500.00,112500.00,180
A00215268,Dallas,Navarro,Maintenance,FIRM-6621,2025-06-11,6,83000.00,97000.00,365
A00214679,Dallas,Collin,Maintenance,FIRM-4C9C,2025-09-10,4,105117.00,108000.00,180
A00214680,Dallas,Collin,Maintenance,FIRM-4C9C,2025-09-10,3,204052.00,196000.00,180
A00215977,Dallas,Dallas,Maintenance,FIRM-4C9C,2025-09-10,3,176061.50,184625.00,180
A00215979,Dallas,Dallas,Maintenance,FIRM-4C9C,2025-09-10,3,253880.75,259875.00,180
A00215976,Dallas,Dallas,Maintenance,FIRM-4C9C,2025-09-10,2,163440.75,163625.00,180
A00215978,Dallas,Dallas,Maintenance,FIRM-4C9C,2025-09-10,3,253526.50,259875.00,180
A00212570,Dallas,Dallas,Maintenance,FIRM-7B24,2024-10-31,3,329167.00,393750.00,180
A00216475,Dallas,Denton,Maintenance,FIRM-4C9C,2025-10-15,3,108120.50,105000.00,180
A00216479,Dallas,Denton,Maintenance,FIRM-4C9C,2025-10-15,3,69754.00,65200.00,180
A00212569,Dallas,Denton,Maintenance,FIRM-7B24,2024-10-31,3,64680.00,75000.00,180
A00216870,Dallas,Ellis,Maintenance,FIRM-4C9C,2025-11-12,2,142840.00,130000.00,180
A00212426,Dallas,Ellis,Maintenance,FIRM-4C9C,2024-10-31,3,164650.00,165000.00,180
A00217019,Dallas,Kaufman,Maintenance,FIRM-4C9C,2025-10-15,3,265400.00,250950.00,180
A00216133,Dallas,Navarro,Maintenance,FIRM-4C9C,2025-09-10,2,145170.50,145560.00,180
A00215549,El Paso,Brewster,Maintenance,FIRM-6621,2025-10-07,3,85000.00,152600.00,365
A00217683,El Paso,El Paso,Maintenance,FIRM-698A,2025-12-04,3,837950.00,909134.00,365
A00217968,El Paso,El Paso,Maintenance,FIRM-698A,2025-12-09,3,61985.00,73500.00,365
A00212375,El Paso,El Paso,Maintenance,FIRM-6621,2024-11-26,2,189750.00,172200.00,365
A00213448,El Paso,Culberson,Maintenance,FIRM-8F2F,2025-05-05,4,175750.00,206810.00,365
A00219398,El Paso,Culberson,Maintenance,FIRM-698A,2026-05-05,3,242600.00,217100.00,365
A00212529,El Paso,Brewster,Maintenance,FIRM-4C9C,2024-11-26,3,420328.50,465623.00,365
A00217509,El Paso,El Paso,Maintenance,FIRM-4C9C,2025-11-10,2,308799.00,282800.00,365
A00218291,Fort Worth,Jack,Maintenance,FIRM-D8DE,2025-12-02,5,895412.50,1593550.00,365
A00214288,Fort Worth,Jack,Maintenance,FIRM-CDE6,2025-03-20,3,834125.00,850000.00,365
A00214775,Fort Worth,Tarrant,Maintenance,FIRM-CDE6,2025-06-04,5,194000.00,231000.00,365
A00212555,Fort Worth,Hood,Maintenance,FIRM-6621,2024-12-03,2,1080000.00,984000.00,365
A00215557,Fort Worth,Erath,Maintenance,FIRM-9557,2025-07-02,4,2037000.00,2161934.00,365
A00217544,Fort Worth,Johnson,Maintenance,FIRM-9557,2025-11-19,3,910250.00,942250.00,365
A00213997,Fort Worth,Palo Pinto,Maintenance,FIRM-D8DE,2025-04-03,6,861870.00,967110.00,365
A00215570,Fort Worth,Parker,Maintenance,FIRM-FFDB,2025-07-02,7,598000.00,723300.00,365
A00212246,Fort Worth,Palo Pinto,Maintenance,FIRM-6621,2024-11-20,2,310000.00,312190.00,365
A00211764,Fort Worth,Tarrant,Maintenance,FIRM-4C9C,2024-10-17,2,506683.90,735487.68,180
A00211771,Fort Worth,Tarrant,Maintenance,FIRM-4C9C,2024-10-17,4,257614.83,259688.59,180
A00211789,Fort Worth,Erath,Maintenance,FIRM-4C9C,2024-10-17,2,316713.00,333853.00,365
A00211833,Fort Worth,Hood,Maintenance,FIRM-4C9C,2024-10-17,2,440760.00,504525.00,365
A00217221,Fort Worth,Johnson,Maintenance,FIRM-4C9C,2025-09-18,2,367185.00,389000.00,365
A00215922,Fort Worth,Palo Pinto,Maintenance,FIRM-4C9C,2025-08-21,3,309874.40,318936.20,365
A00215925,Fort Worth,Palo Pinto,Maintenance,FIRM-4C9C,2025-08-21,3,187806.00,191673.00,365
A00217135,Fort Worth,Parker,Maintenance,FIRM-4C9C,2025-09-18,2,589470.00,586238.00,365
A00212058,Fort Worth,Parker,Maintenance,FIRM-4C9C,2024-09-19,4,160581.00,206715.00,365
A00212057,Fort Worth,Parker,Maintenance,FIRM-4C9C,2024-09-19,3,88519.00,108411.00,365
A00216772,Fort Worth,Tarrant,Maintenance,FIRM-4C9C,2025-09-05,2,1007870.50,1066816.50,365
A00211925,Fort Worth,Wise,Maintenance,FIRM-4C9C,2024-09-19,3,246369.50,255000.00,365
A00213061,Lubbock,Hale,Maintenance,FIRM-6621,2025-01-16,4,300000.00,297500.00,180
A00217875,Lubbock,Hale,Maintenance,FIRM-6621,2025-11-05,3,1679125.00,1685000.00,180
A00213062,Lubbock,Lamb,Maintenance,FIRM-CE22,2025-01-16,4,209100.00,204000.00,180
A00213060,Lubbock,Terry,Maintenance,FIRM-F86F,2025-01-16,4,451600.00,459000.00,180
A00214797,Lubbock,Hale,Maintenance,FIRM-C28C,2025-05-15,4,428175.00,437500.00,180
A00214796,Lubbock,Lamb,Maintenance,FIRM-C28C,2025-05-15,4,446000.00,437500.00,180
A00214795,Lubbock,Terry,Maintenance,FIRM-C28C,2025-05-15,4,556900.00,525000.00,180
A00217874,Lubbock,Lubbock,Maintenance,FIRM-4C9C,2025-10-14,3,197012.50,180500.00,180
A00213063,Lubbock,Lubbock,Maintenance,FIRM-C324,2025-01-16,3,843000.00,903500.00,180
A00214781,Lubbock,Lubbock,Maintenance,FIRM-C324,2026-03-24,2,994500.00,903500.00,180
A00214782,Lubbock,Hale,Maintenance,FIRM-E5F6,2025-05-15,3,779900.00,775000.00,180
A00214783,Lubbock,Lubbock,Maintenance,FIRM-E5F6,2025-05-15,3,295400.00,310000.00,180
A00214780,Lubbock,Terry,Maintenance,FIRM-E5F6,2025-05-15,3,648300.00,697500.00,180
A00219079,Lufkin,Houston,Maintenance,FIRM-9D9B,2026-01-27,2,798000.00,828500.00,180
A00214509,Lufkin,San Jacinto,Maintenance,FIRM-9D9B,2025-04-08,2,610000.00,615000.00,180
A00217836,Lufkin,Shelby,Maintenance,FIRM-8F2F,2025-10-14,2,535392.00,534550.00,180
A00218955,Lufkin,Shelby,Maintenance,FIRM-9D9B,2026-01-13,2,836050.00,862750.00,180
A00216660,Lufkin,Angelina,Maintenance,FIRM-B173,2025-08-19,2,644431.00,627900.00,180
A00217985,Lufkin,Houston,Maintenance,FIRM-B173,2025-11-20,3,667785.00,752900.00,180
A00212781,Lufkin,Nacogdoches,Maintenance,FIRM-1E51,2024-11-12,3,358700.00,346700.00,180
A00217984,Lufkin,Polk,Maintenance,FIRM-B173,2025-11-20,2,583920.00,626250.00,180
A00217837,Lufkin,Sabine,Maintenance,FIRM-B173,2025-10-14,2,666680.00,681500.00,180
A00217981,Lufkin,San Augustine,Maintenance,FIRM-B173,2025-11-20,2,695641.00,721500.00,180
A00212123,Lufkin,San Jacinto,Maintenance,FIRM-B173,2024-11-12,2,299000.00,277104.00,180
A00217983,Lufkin,Shelby,Maintenance,FIRM-B173,2025-11-20,2,724255.00,775750.00,180
A00212124,Lufkin,Trinity,Maintenance,FIRM-E5F6,2024-11-12,3,235450.00,246284.00,180
A00218419,Lufkin,Trinity,Maintenance,FIRM-B173,2025-12-22,3,419100.00,472200.00,180
A00218420,Lufkin,Angelina,Maintenance,FIRM-6621,2025-12-22,3,314940.00,339016.00,180
A00218957,Lufkin,Nacogdoches,Maintenance,FIRM-6621,2026-01-13,3,456900.00,480860.00,180
A00217986,Lufkin,Trinity,Maintenance,FIRM-2217,2025-11-20,3,243936.40,263672.00,180
A00218031,Maintenance Division,Nolan,Maintenance,FIRM-4C9C,2025-11-06,3,1377945.00,1394017.50,365
A00216143,Maintenance Division,Titus,Maintenance,FIRM-4C9C,2025-08-07,3,1244297.50,1277000.00,365
A00216222,Odessa,Ector,Maintenance,FIRM-8F2F,2025-07-08,6,21645.00,35000.00,120
A00215846,Odessa,Midland,Maintenance,FIRM-8F2F,2025-07-08,6,41795.25,52500.00,120
A00216223,Odessa,Pecos,Maintenance,FIRM-8F2F,2025-07-08,6,23966.50,40250.00,120
A00219092,Odessa,Pecos,Maintenance,FIRM-6621,2026-01-13,3,29250.00,35250.00,120
A00215838,Odessa,Ector,Maintenance,FIRM-8F2F,2025-06-10,3,160256.80,156000.00,120
A00218469,Odessa,Ector,Maintenance,FIRM-6621,2025-11-24,2,161200.00,160000.00,120
A00215837,Odessa,Midland,Maintenance,FIRM-6621,2025-06-10,3,83000.00,88000.00,120
A00215836,Odessa,Pecos,Maintenance,FIRM-8F2F,2025-06-10,3,98559.70,105000.00,120
A00219058,Odessa,Pecos,Maintenance,FIRM-8F2F,2026-01-13,3,101065.00,107000.00,120
A00212970,Odessa,Ector,Maintenance,FIRM-8F2F,2025-02-11,3,492692.00,578000.00,120
A00218921,Odessa,Ector,Maintenance,FIRM-6621,2026-01-13,2,571500.00,532000.00,120
A00212971,Odessa,Midland,Maintenance,FIRM-0C1D,2025-03-11,2,354800.00,372000.00,120
A00218920,Odessa,Midland,Maintenance,FIRM-6621,2026-01-13,2,445750.00,372000.00,120
A00212966,Odessa,Pecos,Maintenance,FIRM-08FE,2025-02-11,3,237500.00,280000.00,120
A00218919,Odessa,Pecos,Maintenance,FIRM-6621,2026-01-13,2,372500.00,360000.00,120
A00215842,Odessa,Ector,Maintenance,FIRM-C764,2025-06-24,3,257434.50,266000.00,120
A00215840,Odessa,Midland,Maintenance,FIRM-E5F6,2025-06-24,3,309989.00,320500.00,120
A00215839,Odessa,Pecos,Maintenance,FIRM-E5F6,2025-06-24,3,140894.00,154000.00,120
A00212283,Odessa,Ector,Maintenance,FIRM-4C9C,2024-10-31,2,120129.00,150000.00,240
A00217579,Odessa,Ector,Maintenance,FIRM-4C9C,2025-10-14,2,153412.50,150000.00,240
A00212281,Odessa,Midland,Maintenance,FIRM-4C9C,2024-10-31,3,160726.50,169875.00,240
A00217578,Odessa,Midland,Maintenance,FIRM-ED63,2025-10-14,3,154125.00,158250.00,240
A00212278,Odessa,Pecos,Maintenance,FIRM-4C9C,2024-10-31,3,200913.00,249750.00,240
A00217577,Odessa,Pecos,Maintenance,FIRM-ED63,2025-10-14,3,222750.00,249750.00,240
A00217938,Paris,Hopkins,Maintenance,FIRM-4C9C,2025-10-16,2,197639.15,172000.00,182
A00218298,San Angelo,Runnels,Maintenance,FIRM-C764,2025-11-19,4,211194.00,223000.00,180
A00216055,San Angelo,Kimble,Maintenance,FIRM-6621,2025-06-18,3,139300.00,128458.00,180
A00216049,San Angelo,Tom Green,Maintenance,FIRM-8F2F,2025-06-18,5,89397.00,105300.50,180
A00213976,San Angelo,Tom Green,Maintenance,FIRM-37AE,2025-03-05,2,1144683.80,1251731.00,90
A00213975,San Angelo,Tom Green,Maintenance,FIRM-6069,2025-02-21,3,97627.20,79200.00,90
A00214259,San Angelo,Tom Green,Maintenance,FIRM-E5F6,2025-03-27,3,329448.00,341700.00,180
A00218297,San Angelo,Concho,Maintenance,FIRM-6621,2025-11-19,2,116000.00,115596.00,180
A00218296,San Angelo,Runnels,Maintenance,FIRM-6621,2025-11-19,2,111000.00,131150.00,180
A00212381,San Angelo,Tom Green,Maintenance,FIRM-4C9C,2024-10-10,3,418700.00,486777.00,180
A00217610,San Angelo,Tom Green,Maintenance,FIRM-4C9C,2025-09-18,3,631352.08,586034.96,180
A00213676,San Antonio,Bexar,Maintenance,FIRM-E5F6,2025-02-04,5,763932.00,803518.30,365
A00212321,San Antonio,Bexar,Maintenance,FIRM-C764,2024-10-22,7,242127.00,292500.00,365
A00213207,San Antonio,Bexar,Maintenance,FIRM-B173,2025-01-28,5,660800.00,700850.00,365
A00213680,San Antonio,Bexar,Maintenance,FIRM-B173,2025-02-04,6,580720.00,700280.00,365
A00213681,San Antonio,Comal,Maintenance,FIRM-B173,2025-02-04,6,781000.00,858000.00,365
A00213205,San Antonio,Guadalupe,Maintenance,FIRM-B173,2025-01-28,5,301000.00,326000.00,365
A00213124,San Antonio,Medina,Maintenance,FIRM-573E,2025-01-14,7,224850.00,240000.00,365
A00213121,San Antonio,Bexar,Maintenance,FIRM-B173,2025-01-14,5,64800.00,65700.00,365
A00213122,San Antonio,Atascosa,Maintenance,FIRM-E5F6,2025-01-14,4,283760.00,284600.00,365
A00213123,San Antonio,Bandera,Maintenance,FIRM-E5F6,2025-01-14,5,276288.00,271992.00,365
A00213119,San Antonio,Bexar,Maintenance,FIRM-E5F6,2025-01-14,5,271722.50,268150.00,365
A00213125,San Antonio,Comal,Maintenance,FIRM-E5F6,2025-01-14,4,107960.00,104500.00,365
A00213210,San Antonio,Frio,Maintenance,FIRM-E5F6,2025-01-28,3,624570.00,634500.00,365
A00213120,San Antonio,Guadalupe,Maintenance,FIRM-E5F6,2025-01-14,5,265150.00,274000.00,365
A00213678,San Antonio,Kendall,Maintenance,FIRM-E5F6,2025-02-04,3,600884.40,627020.00,365
A00213209,San Antonio,Kerr,Maintenance,FIRM-E5F6,2025-01-28,3,615540.00,624000.00,365
A00213206,San Antonio,Medina,Maintenance,FIRM-E5F6,2025-01-28,3,490320.00,491400.00,365
A00213204,San Antonio,Uvalde,Maintenance,FIRM-E5F6,2025-01-28,3,716967.00,696000.00,365
A00213208,San Antonio,Wilson,Maintenance,FIRM-E5F6,2025-01-28,3,747885.00,788400.00,365
A00212322,San Antonio,Bexar,Maintenance,FIRM-6621,2024-10-22,3,223000.00,242500.00,365
A00217442,San Antonio,Bexar,Maintenance,FIRM-6621,2025-09-16,2,452700.00,430720.00,365
A00217443,San Antonio,Bexar,Maintenance,FIRM-6621,2025-09-16,2,159500.00,136300.00,365
A00214789,Tyler,Smith,Maintenance,FIRM-0C1D,2025-06-05,4,1960847.50,2279200.00,365
A00217882,Tyler,Anderson,Maintenance,FIRM-8056,2025-11-05,3,1572500.00,1573500.00,365
A00213855,Tyler,Cherokee,Maintenance,FIRM-1E51,2025-03-04,3,2006420.00,2097585.00,365
A00214192,Tyler,Henderson,Maintenance,FIRM-8056,2025-04-03,2,1748700.00,1516360.00,365
A00213857,Tyler,Rusk,Maintenance,FIRM-1E51,2025-03-04,3,1254580.00,1042820.00,365
A00213856,Tyler,Smith,Maintenance,FIRM-8056,2025-03-05,3,2966600.00,2793430.00,365
A00213858,Tyler,Van Zandt,Maintenance,FIRM-B173,2025-03-05,4,1200800.00,1320680.00,365
A00214825,Tyler,Van Zandt,Maintenance,FIRM-2217,2025-06-10,4,227000.00,270000.00,365
A00212876,Tyler,Van Zandt,Maintenance,FIRM-C764,2024-11-21,3,318600.00,290000.00,365
A00218383,Waco,Hill,Maintenance,FIRM-6ECC,2026-01-14,4,704309.80,882730.00,90
A00211864,Waco,McLennan,Maintenance,FIRM-6621,2024-12-03,4,1646175.00,1912025.00,365
A00213952,Waco,Bell,Maintenance,FIRM-B173,2025-07-01,5,1367899.00,1464648.00,183
A00218381,Waco,Bell,Maintenance,FIRM-8056,2026-01-14,5,761450.00,788901.50,183
A00218380,Waco,Bosque,Maintenance,FIRM-8056,2026-01-06,5,1416100.00,1585950.00,183
A00213954,Waco,Coryell,Maintenance,FIRM-B173,2025-07-02,5,1227192.00,1346624.50,183
A00217955,Waco,Falls,Maintenance,FIRM-8056,2026-01-07,4,1531500.00,1743375.00,183
A00213920,Waco,Hill,Maintenance,FIRM-8056,2025-07-01,4,1959150.00,2071681.50,183
A00217953,Waco,McLennan,Maintenance,FIRM-8056,2026-01-06,4,2710700.00,2968650.00,183
A00213921,Waco,McLennan,Maintenance,FIRM-8056,2025-07-02,4,2004625.00,2280115.00,183
A00212234,Waco,Bell,Maintenance,FIRM-B173,2025-01-08,5,1283290.00,1354500.00,200
A00212233,Waco,Bosque,Maintenance,FIRM-8056,2025-01-08,4,1801950.00,1758500.00,200
A00212200,Waco,Falls,Maintenance,FIRM-C434,2025-01-07,4,2141500.00,2143000.00,200
A00212194,Waco,McLennan,Maintenance,FIRM-C434,2025-01-07,4,2455650.00,2506800.00,200
A00212226,Waco,Bell,Maintenance,FIRM-573E,2024-11-13,4,651375.00,620750.00,365
A00217006,Waco,Bell,Maintenance,FIRM-B173,2025-11-12,4,642837.50,636927.50,365
A00216511,Waco,Hill,Maintenance,FIRM-E5F6,2025-11-13,3,576400.00,557832.00,365
A00215500,Waco,McLennan,Maintenance,FIRM-4C9C,2025-05-20,2,622932.63,784950.00,365
A00213726,Wichita Falls,Wichita,Maintenance,FIRM-C764,2025-02-19,3,658320.00,742500.00,180
A00212808,Wichita Falls,Wichita,Maintenance,FIRM-D8DE,2025-02-19,3,571270.00,622000.00,180
A00211922,Wichita Falls,Baylor,Maintenance,FIRM-D8DE,2024-09-11,2,744054.00,745000.00,180
A00212809,Wichita Falls,Clay,Maintenance,FIRM-A367,2025-02-26,5,589235.00,641200.00,180
A00212810,Wichita Falls,Cooke,Maintenance,FIRM-A367,2025-02-26,5,539206.00,628600.00,180
A00212811,Wichita Falls,Montague,Maintenance,FIRM-A367,2025-02-26,5,556528.00,634900.00,180
A00212812,Wichita Falls,Throckmorton,Maintenance,FIRM-D8DE,2025-02-26,3,597933.00,577100.00,180
A00212817,Wichita Falls,Wichita,Maintenance,FIRM-A367,2025-02-26,5,578643.00,649300.00,180
A00212819,Wichita Falls,Wilbarger,Maintenance,FIRM-A367,2025-02-26,4,653216.00,706100.00,180
A00212813,Wichita Falls,Young,Maintenance,FIRM-D8DE,2025-02-26,3,547869.00,559400.00,180
A00217255,Wichita Falls,Wichita,Maintenance,FIRM-4C9C,2025-09-12,2,538693.45,589690.00,365
A00212877,Yoakum,Fayette,Maintenance,FIRM-C372,2025-03-24,6,345328.00,333800.00,365
A00218634,Yoakum,Fayette,Maintenance,FIRM-3436,2026-03-24,6,552000.00,579800.00,365
A00212918,Yoakum,Victoria,Maintenance,FIRM-3436,2025-04-21,6,340800.00,345600.00,365
A00218689,Yoakum,Victoria,Maintenance,FIRM-C548,2026-04-22,5,512400.00,479400.00,365
A00212821,Yoakum,Wharton,Maintenance,FIRM-C548,2025-02-18,6,419800.00,428100.00,365
A00218595,Yoakum,Wharton,Maintenance,FIRM-3436,2026-02-17,5,470300.00,511000.00,365
A00212828,Yoakum,Wharton,Maintenance,FIRM-E3EE,2025-02-18,2,126125.00,125500.00,365
A00218590,Yoakum,Wharton,Maintenance,FIRM-E3EE,2026-02-17,2,159340.00,158500.00,365
A00212885,Yoakum,Fayette,Maintenance,FIRM-61E5,2025-03-24,4,403074.50,446000.00,365
A00218616,Yoakum,Fayette,Maintenance,FIRM-61E5,2026-03-24,4,498447.25,435000.00,365
A00212929,Yoakum,Victoria,Maintenance,FIRM-EBF6,2025-04-21,4,287925.00,322500.00,365
A00218664,Yoakum,Victoria,Maintenance,FIRM-EBF6,2026-04-22,4,365700.00,324750.00,365
A00212906,Yoakum,Wharton,Maintenance,FIRM-45A9,2025-02-18,4,567231.25,656875.00,365
A00218579,Yoakum,Wharton,Maintenance,FIRM-EBF6,2026-02-17,4,428644.00,443000.00,365
A00212880,Yoakum,Fayette,Maintenance,FIRM-C548,2025-03-24,7,159375.00,175500.00,365
A00218630,Yoakum,Fayette,Maintenance,FIRM-C548,2026-03-24,5,278750.00,307500.00,365
A00212922,Yoakum,Victoria,Maintenance,FIRM-C548,2025-04-21,8,223125.00,240000.00,365
A00218690,Yoakum,Victoria,Maintenance,FIRM-C548,2026-04-22,4,300375.00,298500.00,365
A00212832,Yoakum,Wharton,Maintenance,FIRM-C372,2025-02-18,7,560700.00,587600.00,365
A00218586,Yoakum,Wharton,Maintenance,FIRM-C372,2026-02-17,8,376875.00,412500.00,365
A00212835,Yoakum,Austin,Maintenance,FIRM-C548,2025-02-18,3,971250.00,976500.00,365
A00218604,Yoakum,Austin,Maintenance,FIRM-C548,2026-02-17,5,967500.00,999750.00,365
A00212934,Yoakum,Calhoun,Maintenance,FIRM-C548,2025-04-21,3,1009800.00,990000.00,365
A00218695,Yoakum,Calhoun,Maintenance,FIRM-C548,2026-04-22,4,1010000.00,980000.00,365
A00212839,Yoakum,Colorado,Maintenance,FIRM-3436,2025-02-18,5,892500.00,945000.00,365
A00218611,Yoakum,Colorado,Maintenance,FIRM-3436,2026-02-17,5,880000.00,990000.00,365
A00212891,Yoakum,De Witt,Maintenance,FIRM-B173,2025-03-24,5,957000.00,960000.00,365
A00218636,Yoakum,De Witt,Maintenance,FIRM-3436,2026-03-24,5,936000.00,984000.00,365
A00212886,Yoakum,Fayette,Maintenance,FIRM-B173,2025-03-24,5,877250.00,990000.00,365
A00218644,Yoakum,Fayette,Maintenance,FIRM-B173,2026-03-24,6,1036750.00,975000.00,365
A00212888,Yoakum,Gonzales,Maintenance,FIRM-B173,2025-03-24,5,886200.00,960000.00,365
A00218642,Yoakum,Gonzales,Maintenance,FIRM-3436,2026-03-24,5,862500.00,977500.00,365
A00212933,Yoakum,Jackson,Maintenance,FIRM-C548,2025-04-21,3,970000.00,980000.00,365
A00218693,Yoakum,Jackson,Maintenance,FIRM-C548,2026-04-22,4,1008000.00,997500.00,365
A00212889,Yoakum,Lavaca,Maintenance,FIRM-B173,2025-03-24,6,977500.00,977500.00,365
A00218638,Yoakum,Lavaca,Maintenance,FIRM-3436,2026-03-24,6,943000.00,977500.00,365
A00212837,Yoakum,Matagorda,Maintenance,FIRM-C548,2025-02-18,4,976500.00,987000.00,365
A00218609,Yoakum,Matagorda,Maintenance,FIRM-C548,2026-02-17,5,955500.00,987000.00,365
A00212935,Yoakum,Victoria,Maintenance,FIRM-C372,2025-04-21,4,1018490.00,990000.00,365
A00218691,Yoakum,Victoria,Maintenance,FIRM-3436,2026-04-22,4,1045000.00,990000.00,365
A00212838,Yoakum,Wharton,Maintenance,FIRM-C548,2025-02-18,5,945000.00,955500.00,365
A00218602,Yoakum,Wharton,Maintenance,FIRM-C548,2026-02-17,5,962125.00,978250.00,365
A00212847,Yoakum,Austin,Maintenance,FIRM-3436,2025-02-18,6,225000.00,235000.00,365
A00212936,Yoakum,Calhoun,Maintenance,FIRM-C548,2025-04-21,4,594000.00,612000.00,365
A00218696,Yoakum,Calhoun,Maintenance,FIRM-3436,2026-04-22,4,502500.00,500000.00,365
A00212840,Yoakum,Colorado,Maintenance,FIRM-3436,2025-02-18,5,217500.00,227500.00,365
A00218612,Yoakum,Colorado,Maintenance,FIRM-3436,2026-02-17,6,417500.00,450000.00,365
A00216496,Yoakum,De Witt,Maintenance,FIRM-3436,2025-09-22,5,504000.00,540000.00,365
A00212895,Yoakum,Fayette,Maintenance,FIRM-3436,2025-03-24,5,531000.00,534000.00,365
A00218645,Yoakum,Fayette,Maintenance,FIRM-B173,2026-03-24,6,436250.00,450000.00,365
A00212896,Yoakum,Gonzales,Maintenance,FIRM-B173,2025-03-24,5,474000.00,510000.00,365
A00218643,Yoakum,Gonzales,Maintenance,FIRM-3436,2026-03-24,5,405000.00,400000.00,365
A00212938,Yoakum,Jackson,Maintenance,FIRM-C548,2025-04-21,4,480000.00,500000.00,365
A00218694,Yoakum,Jackson,Maintenance,FIRM-3436,2026-04-22,4,297000.00,285000.00,365
A00212897,Yoakum,Lavaca,Maintenance,FIRM-B173,2025-03-24,5,516000.00,546000.00,365
A00218641,Yoakum,Lavaca,Maintenance,FIRM-B173,2026-03-24,6,430000.00,450000.00,365
A00212845,Yoakum,Matagorda,Maintenance,FIRM-C548,2025-02-18,6,246250.00,247500.00,365
A00218610,Yoakum,Matagorda,Maintenance,FIRM-C548,2026-02-17,6,235000.00,247500.00,365
A00212943,Yoakum,Victoria,Maintenance,FIRM-3436,2025-04-21,4,467500.00,500000.00,365
A00218692,Yoakum,Victoria,Maintenance,FIRM-3436,2026-04-22,4,477500.00,475000.00,365
A00212842,Yoakum,Wharton,Maintenance,FIRM-3436,2025-02-18,6,227500.00,232500.00,365
A00218603,Yoakum,Wharton,Maintenance,FIRM-C548,2026-02-17,5,217500.00,232500.00,365
A00212925,Yoakum,Victoria,Maintenance,FIRM-2217,2025-04-21,4,62293.75,64687.50,365
A00218687,Yoakum,Victoria,Maintenance,FIRM-6621,2026-04-22,3,229372.50,240898.50,365
A00212829,Yoakum,Wharton,Maintenance,FIRM-2217,2025-02-18,4,101418.75,104062.50,365
A00218588,Yoakum,Wharton,Maintenance,FIRM-6621,2026-02-17,4,656407.50,686855.50,365
A00212878,Yoakum,Fayette,Maintenance,FIRM-E5F6,2025-03-24,3,243140.00,250000.00,365
A00218633,Yoakum,Fayette,Maintenance,FIRM-E5F6,2026-03-24,3,245040.00,244000.00,365
A00212927,Yoakum,Victoria,Maintenance,FIRM-C764,2025-04-21,3,369290.00,377000.00,365
A00218669,Yoakum,Victoria,Maintenance,FIRM-C764,2026-04-22,3,777670.00,738000.00,365
A00212831,Yoakum,Wharton,Maintenance,FIRM-C764,2025-02-18,3,635010.00,643000.00,365
A00218585,Yoakum,Wharton,Maintenance,FIRM-E5F6,2026-02-17,3,753400.00,768000.00,365
A00212882,Yoakum,Fayette,Maintenance,FIRM-6621,2025-03-24,4,105000.00,126000.00,365
A00218629,Yoakum,Fayette,Maintenance,FIRM-6621,2026-03-24,4,101850.00,119000.00,365
A00212923,Yoakum,Victoria,Maintenance,FIRM-8F2F,2025-04-21,5,114492.00,120750.00,365
A00218663,Yoakum,Victoria,Maintenance,FIRM-6621,2026-04-22,4,87850.00,89250.00,365
A00212827,Yoakum,Wharton,Maintenance,FIRM-6621,2025-02-18,4,123550.00,119000.00,365
A00218591,Yoakum,Wharton,Maintenance,FIRM-336E,2026-02-17,4,92750.00,122500.00,365
A00216935,Pharr,Hidalgo,Maintenance,FIRM-6621,2025-08-11,2,40302.50,44957.50,120
A00212238,Beaumont,Jefferson,Maintenance,FIRM-B173,2024-09-18,4,704930.00,923000.00,365
A00212783,Houston,Montgomery,Maintenance,FIRM-6621,2025-04-15,3,162500.00,182938.00,365
A00217746,Beaumont,Newton,Maintenance,FIRM-D5CA,2025-09-16,2,866030.00,887040.00,365
A00217748,Laredo,Duval,Maintenance,FIRM-6621,2025-11-07,2,54000.00,37250.00,365
A00217750,Laredo,Val Verde,Maintenance,FIRM-6621,2025-11-07,2,80000.00,56000.00,365
A00212128,Laredo,Duval,Maintenance,FIRM-EBF6,2024-10-08,2,512200.00,515760.00,365
A00215453,Laredo,La Salle,Maintenance,FIRM-EBF6,2025-06-24,2,474480.00,474480.00,365
A00212435,Laredo,Maverick,Maintenance,FIRM-EBF6,2024-11-21,2,378400.00,378400.00,365
A00213148,Paris,Hopkins,Maintenance,FIRM-61E5,2025-04-17,4,428050.00,479250.00,182
A00212770,Paris,Delta,Maintenance,FIRM-EBF6,2025-03-20,2,252500.00,268000.00,182
A00212764,Paris,Fannin,Maintenance,FIRM-EBF6,2025-02-20,2,913710.00,989500.00,182
A00219502,Paris,Fannin,Maintenance,FIRM-EBF6,2026-02-19,2,628700.00,643000.00,182
A00212773,Paris,Franklin,Maintenance,FIRM-EBF6,2025-02-20,2,271800.00,285250.00,182
A00219510,Paris,Franklin,Maintenance,FIRM-EBF6,2026-02-19,2,287350.00,304000.00,182
A00212766,Paris,Grayson,Maintenance,FIRM-EBF6,2025-03-20,2,733012.11,728222.65,182
A00213037,Paris,Hopkins,Maintenance,FIRM-EBF6,2025-04-17,2,272700.00,273500.00,182
A00214909,Paris,Hunt,Maintenance,FIRM-EBF6,2025-04-17,2,272700.00,292500.00,182
A00212768,Paris,Lamar,Maintenance,FIRM-EBF6,2025-03-20,2,197600.00,269750.00,182
A00214911,Paris,Rains,Maintenance,FIRM-EBF6,2025-04-17,2,261300.00,281300.00,182
A00212772,Paris,Red River,Maintenance,FIRM-EBF6,2025-03-20,2,301350.00,301600.00,182
A00218034,Pharr,Hidalgo,Maintenance,FIRM-EBF6,2025-11-05,2,956800.00,963000.00,365
A00212130,Paris,Lamar,Maintenance,FIRM-8F2F,2024-11-21,3,83468.00,117600.00,120
A00214286,Pharr,Hidalgo,Maintenance,FIRM-8F2F,2025-04-15,3,149352.73,88897.70,120
A00213854,Beaumont,Jefferson,Maintenance,FIRM-E3EE,2025-02-11,2,193390.00,208500.00,365
A00217673,Beaumont,Jefferson,Maintenance,FIRM-E5F6,2025-09-16,6,744450.00,933500.00,365
A00212603,Beaumont,Jefferson,Maintenance,FIRM-B173,2024-11-12,2,898000.00,928500.00,365
A00218715,Beaumont,Jefferson,Maintenance,FIRM-F4D3,2025-12-17,3,856500.00,806500.00,365
A00212607,Beaumont,Liberty,Maintenance,FIRM-E5F6,2024-11-12,3,458000.00,676000.00,365
A00218734,Beaumont,Liberty,Maintenance,FIRM-B173,2025-12-17,3,458000.00,573000.00,365
A00212605,Beaumont,Orange,Maintenance,FIRM-B173,2024-11-12,2,910000.00,948000.00,365
A00218716,Beaumont,Orange,Maintenance,FIRM-B173,2025-12-17,2,919700.00,775500.00,365
A00217770,Beaumont,Jefferson,Maintenance,FIRM-B173,2025-09-30,2,322000.00,291000.00,365
A00217841,Beaumont,Liberty,Maintenance,FIRM-B173,2025-09-30,2,405500.00,373000.00,365
A00217834,Beaumont,Orange,Maintenance,FIRM-B173,2025-09-30,2,235500.00,220000.00,365
A00213868,Beaumont,Jefferson,Maintenance,FIRM-6621,2025-02-18,3,183776.00,190784.00,365
A00212286,Beaumont,Jefferson,Maintenance,FIRM-C764,2024-09-18,3,595171.00,687000.00,365
A00217755,Beaumont,Jefferson,Maintenance,FIRM-C764,2025-09-17,3,672636.00,730700.00,365
A00217688,Beaumont,Jefferson,Maintenance,FIRM-6621,2025-09-16,2,388220.00,349240.00,365
A00212857,El Paso,Brewster,Maintenance,FIRM-C764,2025-03-06,3,406996.75,454275.00,365
A00212531,El Paso,El Paso,Maintenance,FIRM-4C9C,2024-11-08,2,278887.00,311000.00,365
A00212386,Houston,Fort Bend,Maintenance,FIRM-B173,2025-01-14,5,714700.00,783600.00,365
A00218685,Houston,Fort Bend,Maintenance,FIRM-F4D3,2026-05-12,3,553800.00,506000.00,365
A00213338,Houston,Waller,Maintenance,FIRM-CB57,2025-04-15,3,179500.00,195250.00,365
A00211663,Laredo,Duval,Maintenance,FIRM-C764,2024-09-10,5,170840.00,177975.00,365
A00212389,Laredo,Val Verde,Maintenance,FIRM-E5F6,2024-10-17,3,325700.00,420000.00,365
A00217749,Laredo,Zavala,Maintenance,FIRM-6621,2025-09-30,2,143750.00,120000.00,365
A00215328,Laredo,Duval,Maintenance,FIRM-C764,2025-05-22,3,881040.00,904000.00,365
A00212391,Laredo,Kinney,Maintenance,FIRM-E5F6,2024-11-21,3,856000.00,860100.00,365
A00213174,Laredo,La Salle,Maintenance,FIRM-E5F6,2025-01-09,2,825670.00,788334.00,365
A00214155,Laredo,Maverick,Maintenance,FIRM-E5F6,2025-03-20,3,838150.00,786000.00,365
A00215302,Laredo,Val Verde,Maintenance,FIRM-E5F6,2025-05-22,3,816620.00,814400.00,365
A00215439,Laredo,Webb,Maintenance,FIRM-E5F6,2025-05-20,3,566650.00,558400.00,365
A00214534,Laredo,Zavala,Maintenance,FIRM-E5F6,2025-03-27,3,984768.00,971000.00,365
A00216800,Paris,Fannin,Maintenance,FIRM-9D9B,2025-08-21,3,326300.00,328250.00,182
A00216782,Paris,Grayson,Maintenance,FIRM-0C1D,2025-08-07,4,1954944.00,1689500.00,182
A00211538,Paris,Hunt,Maintenance,FIRM-E3EE,2024-10-17,2,346215.00,288300.00,182
A00217942,Paris,Hunt,Maintenance,FIRM-0C1D,2025-10-16,2,311460.00,288300.00,182
A00217893,Paris,Grayson,Maintenance,FIRM-4C9C,2025-10-16,3,484275.50,470400.00,182
A00214987,Paris,Delta,Maintenance,FIRM-0C1D,2025-04-17,2,720500.00,745000.00,120
A00213370,Paris,Fannin,Maintenance,FIRM-0C1D,2025-04-17,4,747200.00,762000.00,120
A00214905,Paris,Franklin,Maintenance,FIRM-0C1D,2025-04-17,2,792000.00,772000.00,120
A00212763,Paris,Grayson,Maintenance,FIRM-CDE6,2025-01-07,3,1071461.00,1079000.00,120
A00216931,Paris,Grayson,Maintenance,FIRM-A367,2025-08-21,2,913875.00,853500.00,120
A00215000,Paris,Hopkins,Maintenance,FIRM-0C1D,2025-04-17,2,742500.00,744000.00,120
A00215003,Paris,Hunt,Maintenance,FIRM-0C1D,2025-04-17,4,649750.00,680000.00,120
A00214976,Paris,Lamar,Maintenance,FIRM-0C1D,2025-04-17,2,720500.00,745000.00,120
A00214904,Paris,Rains,Maintenance,FIRM-0C1D,2025-04-17,4,637000.00,649500.00,120
A00214955,Paris,Red River,Maintenance,FIRM-0C1D,2025-04-17,2,938000.00,890000.00,120
A00213309,Paris,Lamar,Maintenance,FIRM-0C1D,2025-05-02,3,1628050.00,1589750.00,182
A00211536,Paris,Lamar,Maintenance,FIRM-1600,2024-10-01,3,1624400.00,1610550.00,182
A00218245,Paris,Lamar,Maintenance,FIRM-0C1D,2025-12-03,3,1597100.00,1610550.00,182
A00215664,Paris,Franklin,Maintenance,FIRM-2217,2025-06-26,4,549128.25,579862.50,182
A00215392,Paris,Fannin,Maintenance,FIRM-C764,2025-05-15,3,247575.00,262500.00,120
A00215422,Paris,Grayson,Maintenance,FIRM-C764,2025-05-15,3,245070.00,262500.00,120
A00215680,Paris,Hopkins,Maintenance,FIRM-C764,2025-06-26,3,514650.00,525000.00,120
A00217090,Paris,Hunt,Maintenance,FIRM-C764,2025-08-21,3,410050.00,412500.00,120
A00217900,Paris,Hunt,Maintenance,FIRM-6621,2025-10-16,4,455500.00,714000.00,182
A00218472,Pharr,Hidalgo,Maintenance,FIRM-E5F6,2025-11-24,4,469239.00,340000.00,365
A00211931,Pharr,Starr,Maintenance,FIRM-E5F6,2024-09-05,3,1107058.00,1187500.00,120
A00211958,Pharr,Cameron,Maintenance,FIRM-E5F6,2024-09-06,3,2103209.50,2005000.00,180
A00214810,Dallas,Dallas,Maintenance,FIRM-6621,2025-08-13,2,177300.00,149175.00,180
A00215967,Dallas,Dallas,Maintenance,FIRM-82D6,2025-11-12,6,194334.00,200550.00,180
A00215968,Dallas,Dallas,Maintenance,FIRM-6621,2025-08-13,2,109050.00,98335.00,180
A00214811,Dallas,Dallas,Maintenance,FIRM-D227,2025-08-13,2,387400.00,399600.00,180
A00218552,Fort Worth,Tarrant,Maintenance,FIRM-72A0,2025-12-17,3,361500.00,365000.00,365
A00217753,Fort Worth,Tarrant,Maintenance,FIRM-72A0,2025-12-17,2,999000.00,828125.00,365
A00217182,Maintenance Division,Henderson,Maintenance,FIRM-9C62,2025-10-09,4,4044058.50,8889558.75,365
A00217183,Maintenance Division,Henderson,Maintenance,FIRM-444F,2025-10-09,3,7918434.27,8856596.60,365
A00216993,Maintenance Division,Travis,Maintenance,FIRM-540C,2025-10-09,2,871850.00,747950.00,365
A00217000,Maintenance Division,Travis,Maintenance,FIRM-540C,2025-10-08,3,186680.00,141500.00,365
A00217001,Maintenance Division,Travis,Maintenance,FIRM-540C,2025-10-08,3,1073750.00,918750.00,365
A00217003,Maintenance Division,Travis,Maintenance,FIRM-540C,2025-11-06,2,28800.00,31000.00,365
A00217794,Dallas,Dallas,Maintenance,FIRM-82D6,2025-12-10,3,450645.00,434555.00,365
A00218276,Fort Worth,Tarrant,Maintenance,FIRM-6621,2025-12-17,3,475000.00,365000.00,365
A00212634,Atlanta,Bowie,Maintenance,FIRM-CB2B,2024-11-20,3,155358.18,164880.00,42
A00217720,Atlanta,Bowie,Maintenance,FIRM-AEEB,2026-02-06,6,155270.00,169354.00,42
A00212629,Atlanta,Marion,Maintenance,FIRM-2EFC,2024-11-20,6,144903.00,166858.00,45
A00217715,Atlanta,Marion,Maintenance,FIRM-5E22,2026-02-06,7,180033.00,172467.00,45
A00212627,Atlanta,Morris,Maintenance,FIRM-DAA9,2024-11-20,6,168279.60,193596.00,51
A00217713,Atlanta,Morris,Maintenance,FIRM-E6A2,2026-02-06,7,200827.96,198632.00,51
A00212626,Atlanta,Panola,Maintenance,FIRM-E6A2,2024-11-20,5,191983.22,206492.00,57
A00217712,Atlanta,Panola,Maintenance,FIRM-E6A2,2026-02-06,6,207725.58,211058.00,57
A00212628,Atlanta,Upshur,Maintenance,FIRM-DAA9,2024-11-20,8,177689.40,206616.00,59
A00217714,Atlanta,Upshur,Maintenance,FIRM-E6A2,2026-02-06,8,187061.64,207284.00,59
A00212630,Atlanta,Cass,Maintenance,FIRM-CB2B,2024-11-20,4,227864.02,227924.00,62
A00217716,Atlanta,Cass,Maintenance,FIRM-AF08,2026-02-06,8,234924.00,231926.00,62
A00212633,Atlanta,Bowie,Maintenance,FIRM-AEEB,2024-11-20,3,235647.60,249432.00,69
A00217719,Atlanta,Bowie,Maintenance,FIRM-AEEB,2026-02-06,6,242870.00,252868.00,69
A00212632,Atlanta,Titus,Maintenance,FIRM-AF08,2024-11-20,6,266184.00,280972.00,77
A00217718,Atlanta,Titus,Maintenance,FIRM-AF08,2026-02-06,6,278578.00,283578.00,77
A00212631,Atlanta,Harrison,Maintenance,FIRM-2EFC,2024-11-20,5,280302.00,322772.00,87
A00217717,Atlanta,Harrison,Maintenance,FIRM-3E88,2026-02-06,7,325367.78,324574.00,87
A00211799,Atlanta,Titus,Maintenance,FIRM-2FA7,2024-11-20,6,186448.20,414226.63,17
A00216255,Brownwood,Brown,Maintenance,FIRM-94A8,2025-07-09,3,340500.00,408600.00,365
A00217982,Brownwood,Coleman,Maintenance,FIRM-621E,2025-10-22,5,269527.50,359370.00,365
A00217636,Brownwood,McCulloch,Maintenance,FIRM-1C09,2025-10-15,6,339148.80,447120.00,365
A00217647,Brownwood,San Saba,Maintenance,FIRM-B122,2025-10-15,6,281992.26,414018.00,365
A00214705,Childress,Childress,Maintenance,FIRM-6755,2025-05-14,3,102060.00,104490.00,730
A00215544,El Paso,El Paso,Maintenance,FIRM-9A1B,2025-10-14,4,863550.00,994665.00,365
A00212309,Lufkin,Houston,Maintenance,FIRM-D896,2024-10-31,5,380104.92,424911.50,75
A00212310,Lufkin,Nacogdoches,Maintenance,FIRM-D896,2024-11-20,6,398350.10,479000.00,75
A00216242,Lufkin,Trinity,Maintenance,FIRM-D896,2025-08-20,3,333950.10,382750.25,75
A00217987,Lufkin,Houston,Maintenance,FIRM-2375,2026-01-14,6,256312.00,292000.00,365
A00219211,Lufkin,San Augustine,Maintenance,FIRM-4621,2026-04-22,5,173441.63,183906.13,38
A00212868,Lufkin,Shelby,Maintenance,FIRM-E6A2,2025-03-26,7,246777.92,310780.52,60
A00219622,Odessa,Pecos,Maintenance,FIRM-E464,2026-02-10,4,302806.00,422520.00,730
A00218403,Odessa,Reeves,Maintenance,FIRM-E464,2026-02-10,5,201576.00,319680.00,730
A00218409,Odessa,Ward,Maintenance,FIRM-621E,2026-01-13,3,303321.78,305460.00,730
A00212745,Wichita Falls,Throckmorton,Maintenance,FIRM-621E,2025-03-19,8,101468.00,126546.74,37
A00218711,Wichita Falls,Throckmorton,Maintenance,FIRM-621E,2026-03-19,4,102929.84,126546.74,37
A00218714,Wichita Falls,Young,Maintenance,FIRM-A9C9,2026-02-25,4,182149.00,243651.00,70
A00212746,Wichita Falls,Young,Maintenance,FIRM-621E,2025-03-19,8,194729.00,243651.00,71
A00212820,Yoakum,Jackson,Maintenance,FIRM-6731,2025-07-18,6,96926.00,121915.00,30
A00212408,Yoakum,Austin,Maintenance,FIRM-621E,2025-03-25,5,375687.00,426816.00,730
A00212404,Yoakum,Calhoun,Maintenance,FIRM-4621,2025-03-25,3,328884.00,380640.00,730
A00212405,Yoakum,Colorado,Maintenance,FIRM-4621,2025-03-25,5,476967.30,561882.00,730
A00212398,Yoakum,De Witt,Maintenance,FIRM-4621,2025-03-25,6,594944.64,662620.00,730
A00212400,Yoakum,Fayette,Maintenance,FIRM-0EAE,2025-03-25,7,869585.64,943722.00,730
A00212401,Yoakum,Gonzales,Maintenance,FIRM-2C76,2025-03-25,5,765506.00,870030.00,730
A00212399,Yoakum,Gonzales,Maintenance,FIRM-4621,2025-03-25,5,728900.10,857734.00,730
A00212403,Yoakum,Jackson,Maintenance,FIRM-4621,2025-03-25,6,616669.92,686770.00,730
A00212397,Yoakum,Lavaca,Maintenance,FIRM-4621,2025-03-25,4,580029.04,652610.00,730
A00212407,Yoakum,Matagorda,Maintenance,FIRM-4621,2025-03-25,4,674061.20,761320.00,730
A00212402,Yoakum,Victoria,Maintenance,FIRM-B122,2025-03-25,6,840121.52,964236.00,730
A00212406,Yoakum,Wharton,Maintenance,FIRM-4621,2025-03-25,5,839701.68,937510.00,730
A00218961,Amarillo,Randall,Maintenance,FIRM-F865,2026-01-28,3,130145.00,163097.00,60
A00219505,Atlanta,Bowie,Maintenance,FIRM-C841,2026-03-18,3,634437.50,607300.00,730
A00219506,Atlanta,Harrison,Maintenance,FIRM-6755,2026-03-18,4,597215.00,574800.00,730
A00217158,Bryan,Leon,Maintenance,FIRM-0EAE,2025-12-09,5,79657.64,80416.50,23
A00214407,El Paso,El Paso,Maintenance,FIRM-970E,2025-07-03,3,187087.50,497500.00,365
A00214545,El Paso,El Paso,Maintenance,FIRM-970E,2025-07-03,2,235900.00,474450.00,365
A00217479,El Paso,El Paso,Maintenance,FIRM-0D1E,2025-12-03,4,1469600.00,1517802.00,365
A00212293,Houston,Harris,Maintenance,FIRM-2375,2025-09-04,5,793130.00,1306025.00,730
A00214416,Laredo,Webb,Maintenance,FIRM-9419,2025-10-14,6,564033.00,645630.93,42
A00212280,Odessa,Midland,Maintenance,FIRM-6755,2024-10-08,8,463943.00,498025.00,365
A00217696,Atlanta,Upshur,Maintenance,FIRM-BA3C,2026-03-18,3,52820.00,79600.00,730
A00215724,Bryan,Milam,Maintenance,FIRM-C1B7,2025-06-11,3,41615.00,48725.00,365
A00215495,El Paso,Brewster,Maintenance,FIRM-95D5,2025-09-10,4,226830.00,305578.00,365
A00215494,El Paso,Culberson,Maintenance,FIRM-1975,2025-09-09,5,54606.00,78660.00,365
A00215496,El Paso,Hudspeth,Maintenance,FIRM-1975,2025-09-10,4,47586.00,75210.00,365
A00218905,El Paso,Jeff Davis,Maintenance,FIRM-CA76,2026-03-03,3,32900.00,39000.00,365
A00214412,Odessa,Reeves,Maintenance,FIRM-CA76,2025-04-08,3,72640.00,75750.00,730
A00219077,Yoakum,Austin,Maintenance,FIRM-7BC2,2026-03-31,5,10780.00,11700.00,365
A00217801,Yoakum,Colorado,Maintenance,FIRM-7BC2,2025-10-10,3,11620.00,12360.00,365
A00218271,Yoakum,De Witt,Maintenance,FIRM-EF97,2025-11-19,3,64500.00,77400.00,365
A00217798,Yoakum,De Witt,Maintenance,FIRM-EF97,2025-10-10,4,8010.00,8870.00,365
A00217799,Yoakum,Fayette,Maintenance,FIRM-EF97,2025-10-10,3,8970.00,10200.00,365
A00217797,Yoakum,Gonzales,Maintenance,FIRM-EF97,2025-10-10,3,7046.00,7670.00,365
A00214562,Yoakum,Jackson,Maintenance,FIRM-659C,2025-06-03,4,9122.87,10135.00,365
A00217800,Yoakum,Lavaca,Maintenance,FIRM-EF97,2025-10-10,4,8010.00,8850.00,365
A00217796,Yoakum,Matagorda,Maintenance,FIRM-EF97,2025-10-10,3,7165.00,8270.00,365
A00214582,Yoakum,Victoria,Maintenance,FIRM-659C,2025-06-03,4,13504.92,14910.00,365
A00219076,Yoakum,Wharton,Maintenance,FIRM-1A3E,2026-02-06,4,14880.00,18380.00,365
A00212247,Beaumont,Jefferson,Maintenance,FIRM-970E,2025-08-08,5,1005084.00,1319312.00,730
A00212378,Bryan,Brazos,Maintenance,FIRM-4621,2024-11-12,4,764400.00,806000.00,730
A00219264,Lufkin,Trinity,Maintenance,FIRM-4621,2026-04-22,4,146011.15,159554.00,34
A00219097,Lufkin,Sabine,Maintenance,FIRM-5AF6,2026-03-18,4,223705.51,219605.90,54
A00215097,Lufkin,San Jacinto,Maintenance,FIRM-2C9C,2025-04-30,3,224775.56,288531.30,54
A00219212,Lufkin,Shelby,Maintenance,FIRM-5AF6,2026-03-18,4,269099.24,256174.32,60
A00219125,Lufkin,Houston,Maintenance,FIRM-5C15,2026-02-18,8,302550.00,262810.00,66
A00212987,Lufkin,Angelina,Maintenance,FIRM-2EFC,2025-03-19,4,367807.03,365571.76,69
A00213719,Lufkin,Nacogdoches,Maintenance,FIRM-4924,2025-04-23,6,281450.99,370538.86,71
A00218073,Lufkin,Nacogdoches,Maintenance,FIRM-621E,2026-02-11,4,295403.92,251704.60,71
A00219252,Lufkin,Angelina,Maintenance,FIRM-2EFC,2026-03-12,5,361148.44,364399.48,74
A00214228,Lufkin,Polk,Maintenance,FIRM-2C9C,2025-03-26,5,460098.86,577172.10,96
A00218253,Odessa,Ector,Maintenance,FIRM-5CE1,2025-11-13,3,393801.30,445819.50,365
A00218406,Odessa,Andrews,Maintenance,FIRM-A214,2026-02-10,6,261399.20,335369.60,730
A00218408,Odessa,Martin,Maintenance,FIRM-621E,2026-01-13,3,303855.52,336960.00,730
A00216388,Odessa,Midland,Maintenance,FIRM-1A77,2025-09-09,3,608379.18,658866.00,365
A00212279,Odessa,Pecos,Maintenance,FIRM-F4D4,2024-11-12,4,558584.64,578370.48,365
A00214070,Wichita Falls,Wichita,Maintenance,FIRM-F4DB,2025-03-27,4,373800.00,572725.80,275
A00218423,Wichita Falls,Wichita,Maintenance,FIRM-6173,2026-01-28,4,958860.00,830824.20,275
A00218706,Wichita Falls,Archer,Maintenance,FIRM-9241,2026-02-25,7,157085.27,210730.61,59
A00218707,Wichita Falls,Baylor,Maintenance,FIRM-621E,2026-03-19,5,186187.50,216697.75,59
A00212744,Wichita Falls,Baylor,Maintenance,FIRM-621E,2025-03-19,8,185145.00,220340.11,60
A00218713,Wichita Falls,Wilbarger,Maintenance,FIRM-621E,2026-03-19,3,267941.24,282957.65,78
A00218712,Wichita Falls,Wichita,Maintenance,FIRM-9241,2026-02-25,7,242634.90,303318.78,82
A00218709,Wichita Falls,Cooke,Maintenance,FIRM-1A0B,2026-03-19,4,289370.41,313674.62,87
A00218708,Wichita Falls,Clay,Maintenance,FIRM-9241,2026-03-19,4,287415.31,319343.86,89
A00218710,Wichita Falls,Montague,Maintenance,FIRM-1A0B,2026-02-25,6,339479.12,381728.81,103
A00213097,Abilene,Taylor,Maintenance,FIRM-7A54,2025-07-24,5,677415.00,961985.13,365
A00213098,Abilene,Taylor,Maintenance,FIRM-DC30,2025-11-20,4,157200.00,291000.00,365
A00218010,Amarillo,Carson,Maintenance,FIRM-03F9,2025-12-10,4,156618.00,216000.00,365
A00218012,Amarillo,Potter,Maintenance,FIRM-03F9,2025-12-10,2,387018.00,468000.00,365
A00217606,Amarillo,Gray,Maintenance,FIRM-03F9,2025-09-24,2,161356.37,185186.00,365
A00217131,Amarillo,Moore,Maintenance,FIRM-5CE1,2025-08-12,4,226225.00,285160.00,365
A00214275,Atlanta,Cass,Maintenance,FIRM-AEEB,2025-03-19,6,85000.00,100000.00,365
A00214273,Atlanta,Marion,Maintenance,FIRM-5E22,2025-03-19,5,87500.00,100000.00,365
A00214274,Atlanta,Morris,Maintenance,FIRM-5E22,2025-03-19,7,90000.00,100000.00,365
A00212917,Atlanta,Harrison,Maintenance,FIRM-2375,2025-02-20,10,183178.00,242260.00,365
A00212916,Atlanta,Marion,Maintenance,FIRM-2EFC,2025-02-20,9,192868.06,248620.00,365
A00212915,Atlanta,Panola,Maintenance,FIRM-2375,2025-02-20,8,196557.00,248620.00,365
A00212913,Atlanta,Upshur,Maintenance,FIRM-2375,2025-02-20,7,420697.00,647375.00,365
A00215040,Beaumont,Orange,Maintenance,FIRM-DA34,2025-07-09,5,161120.00,269350.00,365
A00212048,Beaumont,Jefferson,Maintenance,FIRM-DC30,2025-02-11,4,847583.35,719054.00,365
A00217067,Beaumont,Jefferson,Maintenance,FIRM-DC30,2026-02-05,6,1147969.85,1416538.35,365
A00215512,Beaumont,Jefferson,Maintenance,FIRM-970E,2025-06-23,5,115263.00,314971.55,365
A00215659,Beaumont,Jasper,Maintenance,FIRM-6731,2025-11-12,4,363380.00,508800.00,365
A00215630,Beaumont,Jefferson,Maintenance,FIRM-6731,2025-11-12,4,300165.00,551050.00,365
A00213828,Beaumont,Liberty,Maintenance,FIRM-F865,2025-02-11,9,218625.00,273650.00,365
A00215948,Beaumont,Liberty,Maintenance,FIRM-6731,2026-02-10,13,171570.00,275545.00,365
A00214551,Brownwood,Comanche,Maintenance,FIRM-7E02,2025-03-27,5,222471.50,265649.17,365
A00212522,Bryan,Brazos,Maintenance,FIRM-2812,2024-11-12,5,536108.00,577720.00,365
A00212758,Bryan,Burleson,Maintenance,FIRM-D0C9,2025-01-15,8,235672.84,305452.00,365
A00218779,Bryan,Burleson,Maintenance,FIRM-D5E1,2026-01-13,5,219997.48,236924.20,365
A00213818,Bryan,Freestone,Maintenance,FIRM-621E,2025-02-12,5,276271.00,325300.00,365
A00219266,Bryan,Freestone,Maintenance,FIRM-D535,2026-02-10,5,239011.87,242906.00,365
A00217481,Bryan,Grimes,Maintenance,FIRM-4621,2025-12-09,5,312790.27,361619.56,365
A00213175,Bryan,Leon,Maintenance,FIRM-E6A2,2025-01-14,5,292187.20,358000.00,365
A00213820,Bryan,Madison,Maintenance,FIRM-2C9C,2025-02-12,5,193951.44,248760.00,365
A00212760,Bryan,Milam,Maintenance,FIRM-B122,2025-01-21,4,312088.46,387501.40,365
A00213819,Bryan,Robertson,Maintenance,FIRM-B122,2025-02-11,6,352364.15,382987.60,365
A00218078,Bryan,Walker,Maintenance,FIRM-2C9C,2025-11-12,5,252861.17,277699.00,365
A00212477,Bryan,Washington,Maintenance,FIRM-9540,2024-11-12,5,313696.00,342180.00,365
A00212774,Bryan,Brazos,Maintenance,FIRM-DC30,2024-11-19,4,270206.00,284800.00,365
A00217543,Bryan,Washington,Maintenance,FIRM-DC30,2025-10-14,5,114100.00,121500.00,365
A00213677,Bryan,Brazos,Maintenance,FIRM-2375,2025-02-11,7,542050.00,574688.00,365
A00219269,Bryan,Brazos,Maintenance,FIRM-E675,2026-02-10,8,432177.50,512819.00,365
A00212542,Bryan,Freestone,Maintenance,FIRM-2375,2024-11-12,4,97443.00,147299.60,365
A00218137,Bryan,Freestone,Maintenance,FIRM-DF16,2025-11-13,3,98999.98,120942.00,365
A00219615,Bryan,Washington,Maintenance,FIRM-B705,2026-03-10,4,145109.00,166706.00,365
A00217935,Bryan,Brazos,Maintenance,FIRM-E675,2025-11-06,8,2845805.00,4719225.00,365
A00218847,Bryan,Brazos,Maintenance,FIRM-02BE,2026-01-13,7,111514.41,139500.00,365
A00213817,Bryan,Burleson,Maintenance,FIRM-2C76,2025-04-08,11,428730.00,523900.00,365
A00219624,Bryan,Burleson,Maintenance,FIRM-2375,2026-03-11,5,69354.00,90250.00,365
A00215824,Bryan,Freestone,Maintenance,FIRM-2375,2025-07-14,8,183754.00,237900.00,365
A00219414,Bryan,Milam,Maintenance,FIRM-2375,2026-02-10,10,64878.00,85500.00,365
A00218219,Bryan,Robertson,Maintenance,FIRM-4D95,2025-12-10,6,94750.00,126500.00,365
A00215749,Bryan,Walker,Maintenance,FIRM-9D57,2025-06-10,10,175375.04,206775.00,365
A00212778,Bryan,Washington,Maintenance,FIRM-6731,2025-01-21,4,198575.00,195400.00,365
A00218782,Bryan,Washington,Maintenance,FIRM-2812,2026-01-13,6,91131.00,102000.00,365
A00214435,Corpus Christi,Nueces,Maintenance,FIRM-DC3D,2026-03-05,2,6619350.00,6620845.00,730
A00214432,Corpus Christi,Nueces,Maintenance,FIRM-DC3D,2025-07-01,2,8596700.00,8587640.00,730
A00214433,Corpus Christi,Nueces,Maintenance,FIRM-DC3D,2025-12-03,2,6544400.00,6554696.00,730
A00218766,Dallas,Dallas,Maintenance,FIRM-1CB8,2026-03-04,4,1238782.00,1300715.00,365
A00218378,Dallas,Dallas,Maintenance,FIRM-EFD2,2025-12-10,5,561164.00,663345.00,92
A00218379,Dallas,Dallas,Maintenance,FIRM-7C19,2025-12-10,5,858725.00,985175.00,92
A00218275,Dallas,Dallas,Maintenance,FIRM-B029,2025-12-03,4,825825.00,1262505.00,365
A00218767,Dallas,Dallas,Maintenance,FIRM-2970,2026-03-11,3,626700.00,654730.00,365
A00215565,Fort Worth,Parker,Maintenance,FIRM-1A77,2025-08-07,4,749034.46,2378379.31,365
A00213979,Fort Worth,Tarrant,Maintenance,FIRM-970E,2025-08-07,4,1041335.26,1387170.09,365
A00219047,Houston,Montgomery,Maintenance,FIRM-7385,2026-04-08,3,1670180.00,1625355.00,365
A00212239,Houston,Waller,Maintenance,FIRM-7385,2024-11-26,5,289714.00,363800.00,365
A00218787,Houston,Galveston,Maintenance,FIRM-4D95,2026-05-12,5,336670.00,344600.00,365
A00213177,Houston,Galveston,Maintenance,FIRM-B479,2025-03-11,6,111915.00,134715.00,730
A00213073,Houston,Fort Bend,Maintenance,FIRM-0929,2025-03-11,4,454048.24,505035.80,365
A00217588,Houston,Galveston,Maintenance,FIRM-FBE4,2025-12-09,5,289075.20,263367.50,365
A00218362,Houston,Montgomery,Maintenance,FIRM-621E,2026-03-10,5,521202.84,459334.92,365
A00218187,Houston,Waller,Maintenance,FIRM-2970,2026-01-13,5,674390.00,692880.00,365
A00212432,Lufkin,Angelina,Maintenance,FIRM-40DE,2024-11-13,7,740808.00,830602.50,365
A00217699,Lufkin,Shelby,Maintenance,FIRM-40DE,2025-10-15,6,712389.50,832500.00,365
A00211673,Lufkin,Trinity,Maintenance,FIRM-5AF6,2024-10-31,4,173970.00,205905.99,365
A00217754,Lufkin,Trinity,Maintenance,FIRM-C1B7,2025-10-15,5,169015.00,146750.00,365
A00217232,Lufkin,Nacogdoches,Maintenance,FIRM-9D57,2025-09-24,6,539000.25,585500.00,365
A00211576,Lufkin,San Augustine,Maintenance,FIRM-5AF6,2024-09-11,4,186380.00,270802.25,365
A00216459,Lufkin,San Augustine,Maintenance,FIRM-71C2,2025-08-20,5,177510.00,209875.00,365
A00212574,Lufkin,Houston,Maintenance,FIRM-5B18,2025-02-19,12,227400.00,299375.00,365
A00216489,Lufkin,Houston,Maintenance,FIRM-2479,2026-01-14,5,270255.00,337375.00,365
A00212277,Odessa,Ector,Maintenance,FIRM-1BBA,2024-10-08,8,363685.00,411000.00,365
A00215567,Odessa,Midland,Maintenance,FIRM-6731,2025-06-10,3,209440.00,241320.00,365
A00215511,Odessa,Ector,Maintenance,FIRM-6755,2025-06-10,5,271110.00,337275.00,365
A00218918,Odessa,Ector,Maintenance,FIRM-EBAD,2026-01-13,2,325550.00,274175.00,365
A00212967,Odessa,Pecos,Maintenance,FIRM-A214,2025-03-11,6,88024.00,79200.00,365
A00212969,Odessa,Ector,Maintenance,FIRM-059F,2025-03-11,8,393225.00,443875.00,365
A00214411,Odessa,Midland,Maintenance,FIRM-059F,2025-04-08,7,462532.50,477437.50,365
A00212968,Odessa,Pecos,Maintenance,FIRM-A214,2025-02-11,5,242300.00,304000.00,365
A00213306,San Antonio,Bandera,Maintenance,FIRM-90CF,2025-02-04,4,531230.00,515250.00,730
A00213308,San Antonio,Kendall,Maintenance,FIRM-B122,2025-02-04,3,806186.72,671710.00,730
A00213307,San Antonio,Kerr,Maintenance,FIRM-90CF,2025-02-04,3,969563.00,817128.00,730
A00219222,San Antonio,McMullen,Maintenance,FIRM-B122,2026-01-20,3,473335.58,521678.00,730
A00213424,San Antonio,Medina,Maintenance,FIRM-B122,2025-02-04,4,846635.48,945300.00,730
A00213411,San Antonio,Uvalde,Maintenance,FIRM-6755,2025-02-04,5,609785.00,796310.00,730
A00215649,San Antonio,Comal,Maintenance,FIRM-C1B7,2025-08-20,7,181560.00,205440.00,730
A00217548,San Antonio,Kerr,Maintenance,FIRM-6755,2025-09-17,10,524272.00,798208.00,730
A00219491,Tyler,Gregg,Maintenance,FIRM-D535,2026-02-10,5,347634.64,281252.80,72
A00218097,Tyler,Anderson,Maintenance,FIRM-5C15,2025-12-09,10,699934.80,708580.80,108
A00212931,Tyler,Van Zandt,Maintenance,FIRM-A66A,2025-03-11,5,677281.32,815131.24,108
A00212932,Tyler,Henderson,Maintenance,FIRM-035A,2025-02-11,7,736319.81,943586.98,122
A00213202,Tyler,Anderson,Maintenance,FIRM-AB3F,2025-01-21,7,436408.00,514000.00,730
A00217527,Tyler,Gregg,Maintenance,FIRM-6173,2026-01-20,3,178925.25,179770.00,730
A00217892,Tyler,Henderson,Maintenance,FIRM-E9EA,2025-10-21,7,515500.00,548000.00,730
A00214608,Tyler,Smith,Maintenance,FIRM-4319,2025-05-13,11,596875.00,647200.00,730
A00216737,Tyler,Van Zandt,Maintenance,FIRM-2EFC,2025-08-19,10,503400.00,719840.00,730
A00213956,Waco,Bell,Maintenance,FIRM-42AB,2025-12-17,4,377932.84,428484.27,365
A00211992,Waco,Coryell,Maintenance,FIRM-89A7,2024-11-13,3,137522.44,115718.82,365
A00212126,Waco,Bell,Maintenance,FIRM-CB2B,2024-11-13,5,567081.60,663698.28,365
A00217012,Waco,Bell,Maintenance,FIRM-94A8,2025-11-12,6,402986.86,504098.85,365
A00212225,Waco,Bosque,Maintenance,FIRM-A992,2024-11-13,4,338780.34,462321.72,365
A00217016,Waco,Bosque,Maintenance,FIRM-94A8,2025-11-12,5,271100.31,337482.46,365
A00212127,Waco,Coryell,Maintenance,FIRM-A992,2024-11-13,4,408809.58,513516.50,365
A00217013,Waco,Coryell,Maintenance,FIRM-94A8,2025-11-12,5,303191.94,388728.47,365
A00216034,Waco,Falls,Maintenance,FIRM-4621,2025-11-13,7,314909.33,477943.21,365
A00212224,Waco,Hamilton,Maintenance,FIRM-7039,2024-11-13,5,230614.98,361710.76,365
A00217014,Waco,Hamilton,Maintenance,FIRM-94A8,2025-11-12,7,196226.10,231384.44,365
A00216033,Waco,Hill,Maintenance,FIRM-88A8,2025-11-13,5,389973.64,410806.82,365
A00211863,Waco,Hill,Maintenance,FIRM-88A8,2024-11-13,4,420860.34,605669.24,365
A00216035,Waco,Limestone,Maintenance,FIRM-4621,2025-11-13,6,262974.19,301358.03,365
A00212212,Waco,Limestone,Maintenance,FIRM-4621,2024-11-13,5,290611.81,508143.64,365
A00216032,Waco,McLennan,Maintenance,FIRM-94A8,2025-11-13,7,476954.74,628987.08,365
A00213059,Waco,Bell,Maintenance,FIRM-DC30,2025-02-25,6,414447.50,653192.80,365
A00218029,Waco,Coryell,Maintenance,FIRM-DF16,2025-12-17,4,159994.58,167487.18,365
A00211866,Waco,Hill,Maintenance,FIRM-2375,2024-12-03,2,112762.00,115717.98,365
A00217951,Waco,Hill,Maintenance,FIRM-FBE4,2025-12-17,4,79159.60,64410.12,365
A00217950,Waco,McLennan,Maintenance,FIRM-FBE4,2025-12-17,3,422807.16,432898.41,365
A00218306,Waco,Hill,Maintenance,FIRM-4055,2026-04-29,7,486600.00,564713.45,365
A00213213,Waco,Hill,Maintenance,FIRM-7039,2025-04-21,9,390597.00,520885.00,365
A00213212,Waco,McLennan,Maintenance,FIRM-756E,2025-04-21,9,148867.50,208112.00,365
A00218305,Waco,McLennan,Maintenance,FIRM-635B,2026-04-29,5,186570.00,368460.18,365
A00213580,Waco,Bell,Maintenance,FIRM-756E,2025-04-21,7,122102.00,179450.00,365
A00218312,Waco,Bell,Maintenance,FIRM-D744,2026-04-20,6,204805.03,255447.59,365
A00213582,Waco,Coryell,Maintenance,FIRM-756E,2025-04-21,7,223244.00,286450.00,365
A00218313,Waco,Coryell,Maintenance,FIRM-ECFC,2026-04-20,6,496680.00,574008.94,365
A00214069,Wichita Falls,Wichita,Maintenance,FIRM-1A77,2025-03-27,2,849519.90,510562.28,365
A00213240,Yoakum,Austin,Maintenance,FIRM-7385,2025-01-15,2,249528.60,227589.00,365
A00213242,Yoakum,Gonzales,Maintenance,FIRM-1A77,2025-01-15,3,29912.50,31000.00,365
A00213865,Yoakum,Colorado,Maintenance,FIRM-6731,2025-12-29,9,403550.00,621375.00,365
A00215366,Laredo,Kinney,Maintenance,FIRM-37C1,2025-09-05,3,5349596.12,6477825.39,120
A00212201,Waco,McLennan,Maintenance,FIRM-B173,2025-04-21,3,177815.20,145879.00,21
A00218911,El Paso,Brewster,Maintenance,FIRM-E464,2026-05-05,4,678600.00,866000.00,180
A00217528,San Antonio,Medina,Maintenance,FIRM-9B37,2025-09-17,12,589992.00,842140.00,365
A00212066,Beaumont,Jefferson,Maintenance,FIRM-0E52,2025-03-11,6,419655.00,498495.00,365
A00217065,Beaumont,Jefferson,Maintenance,FIRM-8D8B,2026-03-12,7,334760.00,388207.00,365
A00213305,Brownwood,Brown,Maintenance,FIRM-3E2B,2025-05-08,5,605182.80,525106.11,365
A00215469,El Paso,El Paso,Maintenance,FIRM-F4D4,2025-07-02,4,1905745.50,1632025.00,365
A00215084,Houston,Fort Bend,Maintenance,FIRM-1A5E,2025-07-15,3,1130160.00,652800.00,365
A00215831,Houston,Montgomery,Maintenance,FIRM-4D95,2026-05-12,6,568800.00,562175.00,365
A00214842,Houston,Harris,Maintenance,FIRM-80E3,2025-07-01,4,4988410.00,5551811.02,730
A00216492,Lufkin,Shelby,Maintenance,FIRM-6731,2025-07-30,5,138118.00,161949.00,365
A00217752,Pharr,Hidalgo,Maintenance,FIRM-1D29,2026-06-03,4,6198303.45,6820553.31,134
A00212193,Waco,McLennan,Maintenance,FIRM-4A00,2024-10-31,3,402350.00,331020.45,365
A00216031,Waco,McLennan,Maintenance,FIRM-CB2B,2025-10-23,7,310048.00,365007.25,365
A00214924,Yoakum,Jackson,Maintenance,FIRM-1338,2025-12-16,5,740415.00,924921.00,45
A00216488,Atlanta,Bowie,Maintenance,FIRM-A40A,2025-09-17,2,1068557.88,687136.00,48
A00212259,Beaumont,Jefferson,Maintenance,FIRM-1A77,2025-08-08,5,1224806.74,1517420.26,730
A00212311,Beaumont,Jefferson,Maintenance,FIRM-1A77,2025-04-04,2,964441.62,1090827.94,730
A00218658,Brownwood,Eastland,Maintenance,FIRM-DAA9,2026-08-11,5,555420.29,706237.69,75
A00218662,Brownwood,McCulloch,Maintenance,FIRM-D744,2026-07-15,6,651000.10,996442.89,80
A00214647,Brownwood,Mills,Maintenance,FIRM-6731,2025-04-17,10,581070.00,980596.16,102
A00215171,Bryan,Brazos,Maintenance,FIRM-A40A,2025-06-12,4,267898.99,191968.00,57
A00215173,Bryan,Freestone,Maintenance,FIRM-A40A,2025-06-10,3,288524.00,181758.50,57
A00215170,Bryan,Washington,Maintenance,FIRM-A40A,2025-06-11,4,243835.68,182434.50,57
A00215493,El Paso,El Paso,Maintenance,FIRM-6244,2025-09-09,3,1308890.00,804925.00,60
A00213442,El Paso,Brewster,Maintenance,FIRM-CA76,2025-05-05,2,77278.00,81400.00,365
A00213068,El Paso,Presidio,Maintenance,FIRM-E464,2025-03-06,4,59681.00,68850.00,365
A00215332,El Paso,Brewster,Maintenance,FIRM-CE22,2025-05-22,4,596400.00,694900.00,365
A00217389,El Paso,El Paso,Maintenance,FIRM-2970,2025-11-12,3,667850.00,906200.00,365
A00217484,El Paso,El Paso,Maintenance,FIRM-2970,2025-12-04,3,667040.00,944635.00,365
A00218906,El Paso,Hudspeth,Maintenance,FIRM-22C3,2026-04-09,3,471795.00,525850.00,365
A00212204,Houston,Fort Bend,Maintenance,FIRM-2479,2025-10-21,7,783389.96,679167.71,89
A00214355,Laredo,Webb,Maintenance,FIRM-6244,2025-06-03,5,500445.42,585703.90,95
A00216253,Lufkin,Angelina,Maintenance,FIRM-A40A,2025-07-30,5,830189.03,713566.50,40
A00212119,Maintenance Division,Val Verde,Maintenance,FIRM-654C,2024-12-04,5,874350.00,894784.85,180
A00213863,Maintenance Division,Orange,Maintenance,FIRM-88C1,2025-03-05,7,835675.00,1260000.00,240
A00218033,Odessa,Pecos,Maintenance,FIRM-FAE7,2025-10-21,5,175695.80,244640.00,20
A00211829,Tyler,Van Zandt,Maintenance,FIRM-449E,2024-10-15,9,45360.16,66450.00,29
A00211823,Tyler,Gregg,Maintenance,FIRM-5E22,2024-10-08,7,95910.75,151200.00,67
A00211828,Tyler,Wood,Maintenance,FIRM-B686,2024-10-15,6,185039.26,275667.00,124
A00211826,Tyler,Rusk,Maintenance,FIRM-7039,2024-10-08,5,247030.00,305650.00,138
A00211822,Tyler,Cherokee,Maintenance,FIRM-7039,2024-10-08,8,86335.00,111900.00,48
A00211824,Tyler,Henderson,Maintenance,FIRM-449E,2024-10-15,10,128723.38,164290.00,73
A00211827,Tyler,Smith,Maintenance,FIRM-616C,2024-10-15,9,144747.20,181610.00,81
A00211811,Tyler,Anderson,Maintenance,FIRM-7039,2024-10-08,3,177331.25,229040.00,103
A00216532,Tyler,Smith,Maintenance,FIRM-987C,2025-09-16,13,188686.00,238882.00,121
A00218533,Tyler,Van Zandt,Maintenance,FIRM-449E,2026-06-09,8,191250.06,255500.00,145
A00213948,Waco,Coryell,Maintenance,FIRM-2375,2025-06-04,4,1218598.84,1209497.65,100
A00213876,Waco,Bell,Maintenance,FIRM-9C62,2025-08-07,12,2659782.14,4112752.57,120
A00213922,Waco,McLennan,Maintenance,FIRM-BBB8,2025-08-12,5,40186.51,52313.80,60
A00218466,El Paso,El Paso,Maintenance,FIRM-CA76,2026-03-03,4,43200.00,54000.00,365
A00218937,Atlanta,Bowie,Maintenance,FIRM-A66A,2026-03-18,4,180035.00,182810.00,365
A00218938,Atlanta,Harrison,Maintenance,FIRM-6731,2026-03-18,3,232465.00,201210.00,365
A00218939,Atlanta,Titus,Maintenance,FIRM-A66A,2026-03-18,3,173785.00,182810.00,365
A00217502,Beaumont,Jefferson,Maintenance,FIRM-B173,2025-09-30,2,596903.90,493474.50,22
A00219098,El Paso,El Paso,Maintenance,FIRM-9A1B,2026-03-03,3,857432.82,999906.00,365
A00212288,El Paso,El Paso,Maintenance,FIRM-9A1B,2025-01-07,2,1240901.00,1429002.00,365
A00212290,El Paso,El Paso,Maintenance,FIRM-00C2,2025-01-07,3,1275344.60,1482209.25,365
A00212100,Beaumont,Jefferson,Maintenance,FIRM-CA3B,2025-01-09,3,904884.21,745000.55,365
A00217068,Beaumont,Jefferson,Maintenance,FIRM-1338,2026-01-13,3,882505.00,953517.21,365
A00217476,El Paso,El Paso,Maintenance,FIRM-9A1B,2025-12-11,2,1075375.00,929663.00,365
A00217487,El Paso,El Paso,Maintenance,FIRM-9A1B,2025-12-11,4,870050.00,918714.00,365
A00212284,Odessa,Winkler,Maintenance,FIRM-BC9E,2024-09-24,4,313830.40,402320.00,60
A00214692,Odessa,Pecos,Maintenance,FIRM-292D,2025-07-01,6,1781182.26,1890909.00,30
A00212377,San Angelo,Kimble,Maintenance,FIRM-94A8,2026-04-16,5,403154.00,523020.00,365
A00212376,San Angelo,Tom Green,Maintenance,FIRM-94A8,2025-03-11,6,505853.00,980215.31,365
A00219475,Dallas,Dallas,Maintenance,FIRM-2C76,2026-05-13,5,873192.21,897081.50,50
A00218004,Dallas,Dallas,Maintenance,FIRM-B8AE,2026-01-06,6,2016811.00,2100508.50,70
A00215303,Fort Worth,Erath,Maintenance,FIRM-3F89,2025-07-01,4,3185927.60,4410716.32,365
A00216065,Lufkin,Trinity,Maintenance,FIRM-B173,2025-08-13,2,887791.68,978078.00,35
A00212228,Waco,Bell,Maintenance,FIRM-B173,2024-12-03,4,1547097.00,1638414.57,365
A00218027,Waco,Bell,Maintenance,FIRM-8056,2026-01-14,4,527000.00,671013.75,365
A00212230,Waco,Coryell,Maintenance,FIRM-8056,2024-12-04,5,1449375.00,1580805.60,365
A00218028,Waco,Coryell,Maintenance,FIRM-8056,2026-01-14,4,555360.00,736524.75,365
A00217949,Waco,Hill,Maintenance,FIRM-8056,2026-01-14,4,734700.00,820761.00,365
A00212503,Atlanta,Bowie,Maintenance,FIRM-A592,2025-01-08,4,1391847.50,1463712.00,365
A00217596,Austin,Burnet,Maintenance,FIRM-9D5B,2025-10-15,9,126252.00,200600.40,365
A00212044,Austin,Burnet,Maintenance,FIRM-F4DB,2025-03-12,5,224448.00,399798.00,730
A00212042,Austin,Mason,Maintenance,FIRM-4621,2026-03-11,3,242501.28,289680.00,106
A00212041,Austin,Gillespie,Maintenance,FIRM-4621,2026-03-11,3,247902.56,288704.00,114
A00215436,Austin,Llano,Maintenance,FIRM-8ABF,2026-04-13,4,296614.36,333680.00,130
A00212266,Childress,Hardeman,Maintenance,FIRM-E464,2025-04-16,7,871200.00,979200.00,87
A00212015,Childress,Childress,Maintenance,FIRM-621E,2024-09-10,4,705744.00,689520.00,104
A00218942,Houston,Harris,Maintenance,FIRM-3FEF,2026-04-14,6,177984.05,237548.99,28
A00218212,Laredo,Duval,Maintenance,FIRM-B122,2025-11-13,3,569033.01,478179.00,730
A00218136,Laredo,Kinney,Maintenance,FIRM-621E,2025-11-18,3,241953.80,295529.80,730
A00213140,Laredo,Webb,Maintenance,FIRM-B122,2025-02-05,3,746056.74,822872.39,730
A00214074,Laredo,Zavala,Maintenance,FIRM-621E,2025-03-13,6,480773.15,576679.64,730
A00217730,Pharr,Cameron,Maintenance,FIRM-B122,2025-10-09,3,1330728.23,1169388.60,730
A00215785,San Angelo,Coke,Maintenance,FIRM-196E,2026-07-23,6,167400.00,166685.76,365
A00217123,San Angelo,Reagan,Maintenance,FIRM-E464,2026-07-23,5,183407.40,193458.54,365
A00212553,Beaumont,Liberty,Maintenance,FIRM-7B58,2025-06-05,4,1763446.30,1898782.75,60
A00214364,Beaumont,Jasper,Maintenance,FIRM-CB2B,2025-06-17,7,150459.00,167915.00,26
A00215117,Beaumont,Chambers,Maintenance,FIRM-3FEF,2025-07-22,3,1042037.00,776468.00,60
A00214621,Beaumont,Jefferson,Maintenance,FIRM-F402,2025-07-01,5,879310.00,1169487.00,63
A00213103,Brownwood,Brown,Maintenance,FIRM-75F3,2025-02-06,8,1320359.00,1972330.16,365
A00219214,Bryan,Brazos,Maintenance,FIRM-6755,2026-02-10,5,529711.00,425932.00,365
A00218314,Bryan,Freestone,Maintenance,FIRM-94A8,2025-12-09,5,296311.00,389575.00,365
A00218315,Bryan,Walker,Maintenance,FIRM-2375,2025-12-10,6,268385.00,389575.00,365
A00213243,Bryan,Walker,Maintenance,FIRM-75F3,2025-01-14,5,465520.00,702175.00,365
A00214369,Corpus Christi,Jim Wells,Maintenance,FIRM-81BD,2025-08-19,5,764825.55,857485.95,34
A00218244,Corpus Christi,Aransas,Maintenance,FIRM-7733,2025-12-10,5,698456.00,857017.09,39
A00213403,Corpus Christi,Nueces,Maintenance,FIRM-336E,2025-02-19,6,673234.65,797723.61,23
A00215070,Corpus Christi,San Patricio,Maintenance,FIRM-81BD,2025-09-04,11,1459019.09,1888979.73,49
A00212488,Corpus Christi,Nueces,Maintenance,FIRM-7733,2024-11-19,2,192590.00,148471.40,365
A00219580,Dallas,Dallas,Maintenance,FIRM-80E3,2026-03-05,5,755724.84,1204480.21,365
A00212584,Dallas,Denton,Maintenance,FIRM-6755,2025-02-12,7,150022.00,176750.00,365
A00217102,Dallas,Denton,Maintenance,FIRM-6755,2026-02-11,7,114722.00,151310.00,365
A00212672,Dallas,Collin,Maintenance,FIRM-3FEF,2025-03-12,5,374050.00,253856.60,365
A00217097,Dallas,Denton,Maintenance,FIRM-7C19,2026-02-11,6,550050.00,678000.00,365
A00218005,Dallas,Ellis,Maintenance,FIRM-0E52,2026-01-06,7,1160562.50,1436105.00,365
A00217303,Dallas,Kaufman,Maintenance,FIRM-80E3,2025-12-02,9,1708740.00,2099750.00,365
A00217832,Dallas,Navarro,Maintenance,FIRM-80E3,2026-01-07,4,1224500.00,1768890.00,365
A00214256,Dallas,Dallas,Maintenance,FIRM-3DD2,2025-06-05,4,1602620.90,1440680.00,365
A00213435,El Paso,El Paso,Maintenance,FIRM-55C8,2025-05-01,3,1271955.00,1381000.00,365
A00212479,Fort Worth,Tarrant,Maintenance,FIRM-1338,2025-08-07,2,1229020.00,1101800.00,730
A00212533,Houston,Galveston,Maintenance,FIRM-2375,2025-06-10,5,932600.00,886983.97,365
A00218618,Houston,Fort Bend,Maintenance,FIRM-75F3,2026-04-14,4,344733.00,303181.00,365
A00217008,Lufkin,Trinity,Maintenance,FIRM-6755,2026-02-18,10,182920.00,250000.00,365
A00214053,Lufkin,San Augustine,Maintenance,FIRM-FB20,2025-09-17,8,617373.14,772026.50,120
A00217878,Paris,Lamar,Maintenance,FIRM-1338,2025-11-20,4,488025.00,497445.00,365
A00214746,Paris,Grayson,Maintenance,FIRM-75F3,2025-08-21,5,562174.00,795860.00,365
A00218062,Paris,Hunt,Maintenance,FIRM-A66A,2026-02-19,5,607439.00,954090.00,365
A00216238,Paris,Lamar,Maintenance,FIRM-2375,2025-08-21,5,256209.00,305880.00,365
A00219572,Paris,Lamar,Maintenance,FIRM-0BA5,2026-04-16,4,549355.00,659278.60,365
A00218471,Pharr,Cameron,Maintenance,FIRM-C0B9,2025-12-04,7,383573.34,630068.00,30
A00217549,San Antonio,Bexar,Maintenance,FIRM-C449,2025-09-17,3,399960.00,369805.93,365
A00212215,Waco,McLennan,Maintenance,FIRM-7F87,2025-04-04,6,1653775.00,1628300.00,365
A00218307,Waco,Hill,Maintenance,FIRM-7F87,2026-07-01,8,1432275.00,1693643.00,365
A00217330,Waco,McLennan,Maintenance,FIRM-E2B5,2025-10-09,4,881110.43,967854.20,365
A00213955,Waco,McLennan,Maintenance,FIRM-2375,2025-09-04,7,1102226.50,1696076.27,365
A00216038,Wichita Falls,Archer,Maintenance,FIRM-3FEF,2026-02-11,8,288779.00,309367.50,34
A00213250,Houston,Harris,Maintenance,FIRM-0929,2025-03-04,2,14495710.00,17148975.19,730
A00211625,Laredo,Val Verde,Maintenance,FIRM-F616,2024-09-12,6,14130.00,15000.00,365
A00218561,Paris,Hopkins,Maintenance,FIRM-BA3C,2026-02-19,4,39250.00,41000.00,365
A00216594,Austin,Bastrop,Maintenance,FIRM-1BB8,2026-08-12,4,133049.96,120391.00,14
A00216596,Austin,Travis,Maintenance,FIRM-1BB8,2026-08-12,4,100510.52,91316.04,16
A00216595,Austin,Burnet,Maintenance,FIRM-1BB8,2026-08-12,4,246705.99,301552.66,33
A00216593,Austin,Williamson,Maintenance,FIRM-1BB8,2026-08-12,4,292322.45,248885.00,52
A00219626,Austin,Bastrop,Maintenance,FIRM-8ABF,2026-04-13,5,404146.00,449236.00,192
A00216592,Austin,Travis,Maintenance,FIRM-88A8,2026-07-08,3,391005.00,333707.50,730
A00216587,Austin,Travis,Maintenance,FIRM-2375,2026-06-10,8,96950.00,112900.00,50
A00216590,Austin,Williamson,Maintenance,FIRM-F002,2026-06-10,8,226347.00,229978.00,65
A00216589,Austin,Hays,Maintenance,FIRM-F002,2026-06-10,8,282944.28,283905.45,90
A00216585,Austin,Burnet,Maintenance,FIRM-658B,2026-06-10,7,144355.00,178222.72,127
A00214708,Houston,Harris,Maintenance,FIRM-CB57,2026-03-05,3,5003000.00,5077543.76,365
A00211838,Laredo,Webb,Maintenance,FIRM-A988,2024-10-24,2,853896.00,778975.00,365
A00217979,Laredo,Maverick,Maintenance,FIRM-059F,2025-10-23,2,694203.20,385247.70,730
A00217991,Laredo,Val Verde,Maintenance,FIRM-059F,2025-10-28,2,363296.00,318192.00,730
A00212122,Laredo,La Salle,Maintenance,FIRM-6755,2024-09-24,5,523891.00,622645.70,365
A00211999,Laredo,Webb,Maintenance,FIRM-A988,2024-10-08,4,684342.40,775562.00,730
A00212183,Laredo,Dimmit,Maintenance,FIRM-B122,2024-10-10,4,455979.28,614804.00,365
A00211666,Laredo,Duval,Maintenance,FIRM-196E,2024-09-10,3,238005.00,190444.00,365
A00211614,Laredo,Val Verde,Maintenance,FIRM-B122,2024-09-12,5,273112.70,332260.00,365
A00218247,Laredo,Val Verde,Maintenance,FIRM-621E,2025-11-13,4,528285.00,558680.44,730
A00211805,Laredo,Val Verde,Maintenance,FIRM-A988,2024-09-12,2,158504.00,132808.76,365
A00213831,Lubbock,Hale,Maintenance,FIRM-CB36,2025-02-27,3,160929.00,234500.00,180
A00216399,Lubbock,Hale,Maintenance,FIRM-B029,2025-09-16,2,476450.00,234500.00,180
A00213830,Lubbock,Hockley,Maintenance,FIRM-CB36,2025-02-27,3,217450.00,234000.00,180
A00216398,Lubbock,Lamb,Maintenance,FIRM-B029,2025-09-16,2,470125.00,234000.00,180
A00213832,Lubbock,Lubbock,Maintenance,FIRM-2970,2025-03-25,3,474625.00,844950.00,180
A00213829,Lubbock,Terry,Maintenance,FIRM-CB36,2025-02-27,3,448475.00,566250.00,180
A00216397,Lubbock,Terry,Maintenance,FIRM-B029,2026-01-20,6,320700.00,566250.00,180
A00213079,San Angelo,Kimble,Maintenance,FIRM-DE47,2025-12-09,3,350080.57,378435.48,365
A00213866,San Angelo,Crockett,Maintenance,FIRM-E464,2025-08-21,9,139289.10,264420.00,48
A00216192,San Angelo,Tom Green,Maintenance,FIRM-BD47,2025-10-02,7,186000.00,187200.00,48
A00218650,San Angelo,Tom Green,Maintenance,FIRM-621E,2025-12-09,2,184808.00,187200.00,48
A00214225,San Angelo,Tom Green,Maintenance,FIRM-E2B5,2025-07-08,5,241395.00,283018.96,60
A00213867,San Angelo,Sutton,Maintenance,FIRM-E464,2025-08-21,8,234881.00,401084.00,72
A00213019,Yoakum,Victoria,Maintenance,FIRM-B705,2026-04-30,4,582000.00,587500.00,365
A00218162,Abilene,Howard,Maintenance,FIRM-6731,2025-12-03,6,268962.50,966365.00,365
A00213382,Abilene,Scurry,Maintenance,FIRM-6731,2025-12-09,4,159043.00,306527.50,365
A00218161,Abilene,Taylor,Maintenance,FIRM-6755,2025-12-02,5,845277.00,1381930.00,365
A00214035,Amarillo,Carson,Maintenance,FIRM-6755,2025-02-27,7,259524.00,366100.00,365
A00213972,Amarillo,Potter,Maintenance,FIRM-6755,2025-02-27,7,259524.00,366100.00,365
A00218353,Amarillo,Moore,Maintenance,FIRM-85EC,2025-11-24,3,376352.00,396075.00,365
A00218138,Amarillo,Potter,Maintenance,FIRM-AA78,2025-12-02,4,1794755.00,2272700.00,365
A00215461,Amarillo,Potter,Maintenance,FIRM-2970,2025-07-23,3,388185.00,556680.00,365
A00212506,Atlanta,Bowie,Maintenance,FIRM-BBB8,2024-12-03,4,1182650.00,1239590.00,365
A00212504,Atlanta,Bowie,Maintenance,FIRM-BBB8,2025-01-15,5,249767.50,275250.00,365
A00212625,Atlanta,Bowie,Maintenance,FIRM-75F3,2025-06-05,3,7265080.00,9644675.00,730
A00216597,Austin,Travis,Maintenance,FIRM-1BB8,2026-08-12,4,210976.28,203173.10,32
A00212046,Austin,Travis,Maintenance,FIRM-E2B5,2025-04-09,6,90407.00,147414.00,54
A00218332,Austin,Travis,Maintenance,FIRM-94A8,2025-12-10,5,147484.00,136018.00,60
A00212368,Austin,Burnet,Maintenance,FIRM-A992,2024-10-09,5,337264.00,341240.00,92
A00216743,Austin,Blanco,Maintenance,FIRM-4621,2025-09-10,5,240522.76,260400.00,104
A00212045,Austin,Williamson,Maintenance,FIRM-E2B5,2025-04-09,8,286825.00,457830.00,110
A00213138,Austin,Hays,Maintenance,FIRM-94A8,2025-08-13,5,242610.00,190951.00,118
A00215434,Austin,Travis,Maintenance,FIRM-EBAD,2025-12-03,3,2475269.80,3476287.26,730
A00219602,Beaumont,Jefferson,Maintenance,FIRM-94A8,2026-07-21,6,473882.25,665155.00,365
A00213106,Brownwood,Brown,Maintenance,FIRM-EBAD,2025-02-07,8,2694772.50,2970422.75,365
A00218402,Brownwood,Eastland,Maintenance,FIRM-2970,2026-01-07,3,1599150.00,2332087.12,365
A00213235,Bryan,Brazos,Maintenance,FIRM-649E,2025-02-12,6,124451.00,161490.00,365
A00219243,Bryan,Brazos,Maintenance,FIRM-7C19,2026-02-10,6,216800.00,264890.00,365
A00212965,Childress,Childress,Maintenance,FIRM-6755,2025-01-15,5,331022.00,481100.00,730
A00219146,Corpus Christi,Nueces,Maintenance,FIRM-AD0D,2026-03-17,7,416751.00,501200.00,365
A00215416,Corpus Christi,Bee,Maintenance,FIRM-B122,2025-06-17,5,540612.80,614289.60,365
A00215415,Corpus Christi,Goliad,Maintenance,FIRM-B122,2025-06-17,5,439253.10,491808.05,365
A00213967,Corpus Christi,Jim Wells,Maintenance,FIRM-6755,2025-02-19,4,490538.40,682512.00,365
A00215417,Corpus Christi,Karnes,Maintenance,FIRM-B122,2025-06-17,5,509428.07,585435.00,365
A00215279,Corpus Christi,Kleberg,Maintenance,FIRM-2C76,2025-05-20,5,598631.00,721023.04,365
A00218252,Corpus Christi,Live Oak,Maintenance,FIRM-CB2B,2025-11-13,4,832767.00,997874.50,365
A00213966,Corpus Christi,Nueces,Maintenance,FIRM-2C76,2025-02-19,3,311391.16,463212.00,365
A00216384,Corpus Christi,San Patricio,Maintenance,FIRM-B122,2025-07-15,5,503439.50,577427.00,365
A00218176,Corpus Christi,San Patricio,Maintenance,FIRM-57DC,2025-11-13,5,687911.84,907685.07,365
A00217599,Corpus Christi,Jim Wells,Maintenance,FIRM-D744,2025-10-21,7,158575.10,238220.00,365
A00217441,Corpus Christi,Karnes,Maintenance,FIRM-D744,2025-10-21,7,348000.00,639100.00,365
A00218562,Corpus Christi,Refugio,Maintenance,FIRM-D744,2025-12-10,7,97500.05,158958.00,365
A00219567,Dallas,Navarro,Maintenance,FIRM-EFD2,2026-05-13,4,70945.00,78500.00,365
A00213487,Dallas,Collin,Maintenance,FIRM-EFD2,2025-07-09,6,353325.00,596500.00,365
A00211659,Dallas,Denton,Maintenance,FIRM-75F3,2024-09-11,6,559210.00,917000.00,365
A00214576,Dallas,Denton,Maintenance,FIRM-EFD2,2025-07-09,7,506220.00,717750.00,365
A00216273,Dallas,Ellis,Maintenance,FIRM-EFD2,2025-08-13,5,249400.00,933500.00,365
A00219568,Dallas,Navarro,Maintenance,FIRM-EFD2,2026-05-13,3,196178.00,273410.00,365
A00213486,Dallas,Collin,Maintenance,FIRM-EFD2,2025-05-07,5,596312.00,986583.33,180
A00217050,Dallas,Collin,Maintenance,FIRM-75F3,2025-11-12,5,281455.20,446954.00,365
A00213803,Dallas,Denton,Maintenance,FIRM-75F3,2025-07-09,7,488902.00,926030.00,365
A00219085,Dallas,Denton,Maintenance,FIRM-75F3,2026-04-15,3,618454.00,762895.00,365
A00211544,Dallas,Ellis,Maintenance,FIRM-EFD2,2025-08-13,5,314300.00,984925.00,365
A00218006,Dallas,Ellis,Maintenance,FIRM-EFD2,2026-01-06,3,709394.00,1799104.00,365
A00218951,Dallas,Navarro,Maintenance,FIRM-6731,2026-05-13,4,323352.00,414505.76,365
A00217341,Dallas,Kaufman,Maintenance,FIRM-BBB8,2025-12-10,6,170770.00,321910.00,365
A00216741,Dallas,Collin,Maintenance,FIRM-AE17,2025-10-15,2,470000.00,396100.00,365
A00212854,Dallas,Denton,Maintenance,FIRM-9419,2025-03-12,3,790200.00,870000.00,365
A00214740,Dallas,Kaufman,Maintenance,FIRM-8F07,2025-08-13,3,430875.00,400500.00,365
A00218226,Dallas,Collin,Maintenance,FIRM-1CB8,2026-02-11,5,184934.50,208014.50,365
A00218763,Dallas,Dallas,Maintenance,FIRM-BBB8,2026-03-05,4,1391333.50,1578265.00,365
A00212734,Dallas,Navarro,Maintenance,FIRM-01A6,2025-04-09,6,392477.50,615762.50,365
A00218746,Dallas,Navarro,Maintenance,FIRM-DC30,2026-04-15,4,334437.50,417028.50,365
A00211565,Dallas,Ellis,Maintenance,FIRM-2375,2024-11-13,9,225042.00,263160.00,365
A00212338,Dallas,Navarro,Maintenance,FIRM-6755,2025-02-12,9,136521.00,191950.00,365
A00218180,Dallas,Denton,Maintenance,FIRM-DC30,2026-02-11,5,199699.50,244440.00,365
A00211737,Dallas,Collin,Maintenance,FIRM-4055,2024-11-13,3,87000.00,86455.00,365
A00218956,Dallas,Collin,Maintenance,FIRM-4D95,2026-04-15,4,56020.00,72320.00,365
A00214633,Dallas,Collin,Maintenance,FIRM-970E,2025-07-02,5,1040055.52,1476483.39,365
A00216583,Dallas,Collin,Maintenance,FIRM-72CE,2025-11-12,3,352230.00,313650.00,365
A00217541,Dallas,Dallas,Maintenance,FIRM-72CE,2025-11-12,3,249375.00,295625.00,365
A00211539,Dallas,Ellis,Maintenance,FIRM-01A6,2024-11-13,3,428050.00,445845.00,365
A00214908,Dallas,Kaufman,Maintenance,FIRM-01A6,2025-08-13,3,624750.00,675675.00,365
A00218959,Dallas,Navarro,Maintenance,FIRM-9ED5,2026-05-13,3,789165.00,885650.00,365
A00219137,Fort Worth,Wise,Maintenance,FIRM-1A77,2026-06-17,3,369644.25,167572.30,365
A00214920,Fort Worth,Tarrant,Maintenance,FIRM-75F3,2025-07-01,7,2311375.00,2950165.87,365
A00215819,Fort Worth,Tarrant,Maintenance,FIRM-2375,2025-08-21,4,428314.20,415924.64,365
A00214581,Fort Worth,Tarrant,Maintenance,FIRM-94A8,2025-07-01,8,1434062.00,2393935.49,365
A00217511,Fort Worth,Wise,Maintenance,FIRM-9CDF,2025-11-05,4,977150.00,1804575.00,365
A00215974,Fort Worth,Erath,Maintenance,FIRM-94A8,2025-08-08,4,524135.00,1141647.90,730
A00216856,Fort Worth,Tarrant,Maintenance,FIRM-9BF0,2025-11-06,4,727450.00,999250.00,365
A00211911,Fort Worth,Tarrant,Maintenance,FIRM-4A0B,2024-12-03,5,1567970.38,2988898.87,365
A00214073,Fort Worth,Tarrant,Maintenance,FIRM-94A8,2025-06-04,4,681912.50,1033829.38,365
A00213892,Fort Worth,Wise,Maintenance,FIRM-CB2B,2025-04-28,7,732707.44,951202.92,365
A00219122,Fort Worth,Wise,Maintenance,FIRM-5D21,2026-04-15,8,720413.70,814244.76,365
A00215637,Fort Worth,Palo Pinto,Maintenance,FIRM-94A8,2025-10-08,10,1250155.00,2199844.86,730
A00216769,Fort Worth,Parker,Maintenance,FIRM-7039,2025-11-05,10,1112200.00,1183436.00,730
A00213947,Fort Worth,Erath,Maintenance,FIRM-DC30,2025-12-17,5,274358.00,490192.30,365
A00215663,Fort Worth,Palo Pinto,Maintenance,FIRM-DC30,2025-08-21,4,393860.00,577967.80,365
A00217130,Fort Worth,Parker,Maintenance,FIRM-1CB8,2025-11-19,4,570732.50,841871.40,365
A00219630,Fort Worth,Tarrant,Maintenance,FIRM-BBB8,2026-06-03,4,1095877.50,1561630.00,365
A00214567,Fort Worth,Tarrant,Maintenance,FIRM-BBB8,2025-08-21,3,409232.50,698729.27,365
A00212998,Fort Worth,Wise,Maintenance,FIRM-01A6,2025-02-20,5,420370.00,640325.00,365
A00218067,Fort Worth,Wise,Maintenance,FIRM-1CB8,2026-03-18,4,369260.00,406745.00,365
A00217264,Fort Worth,Erath,Maintenance,FIRM-D744,2025-11-19,12,203290.08,384767.00,365
A00211643,Fort Worth,Palo Pinto,Maintenance,FIRM-6731,2024-11-07,8,691099.00,993590.00,365
A00217903,Fort Worth,Palo Pinto,Maintenance,FIRM-2EFC,2025-12-03,11,568513.00,1035146.87,365
A00217656,Fort Worth,Tarrant,Maintenance,FIRM-6731,2025-10-31,7,170112.00,238354.02,365
A00216531,Fort Worth,Wise,Maintenance,FIRM-FBE4,2025-11-19,7,495494.00,544810.00,365
A00216895,Fort Worth,Erath,Maintenance,FIRM-4A0B,2025-11-06,8,1187971.00,1178676.20,365
A00216897,Fort Worth,Tarrant,Maintenance,FIRM-62DB,2025-11-19,5,1145406.16,916516.80,365
A00216896,Fort Worth,Wise,Maintenance,FIRM-4A0B,2025-11-06,8,1748008.30,1726950.50,365
A00217990,Houston,Fort Bend,Maintenance,FIRM-7385,2026-02-04,5,1096900.20,1492738.00,365
A00216188,Houston,Galveston,Maintenance,FIRM-1A77,2025-09-04,4,997155.00,1217394.38,365
A00212392,Houston,Montgomery,Maintenance,FIRM-1A77,2025-01-14,4,673876.00,813132.80,365
A00214307,Houston,Montgomery,Maintenance,FIRM-1A77,2025-04-04,2,1498867.04,1320828.27,365
A00212867,Houston,Harris,Maintenance,FIRM-CA3B,2025-07-02,5,1957558.77,2036526.70,730
A00211556,Houston,Montgomery,Maintenance,FIRM-1BB8,2025-06-10,3,122601.98,118421.00,32
A00215076,Houston,Brazoria,Maintenance,FIRM-80E3,2025-11-12,7,520525.00,651149.04,365
A00218617,Houston,Fort Bend,Maintenance,FIRM-8D8B,2026-04-14,3,412645.00,412300.00,365
A00214311,Houston,Galveston,Maintenance,FIRM-2375,2025-09-09,5,488680.00,675930.18,365
A00214255,Houston,Harris,Maintenance,FIRM-2375,2025-09-04,5,1831124.00,2263500.00,365
A00216533,Houston,Montgomery,Maintenance,FIRM-8D8B,2026-01-13,6,490378.30,573294.50,365
A00212450,Houston,Harris,Maintenance,FIRM-80E3,2025-10-14,3,221860.00,236467.44,365
A00218221,Houston,Fort Bend,Maintenance,FIRM-33FF,2026-02-10,9,200387.18,333150.00,365
A00219294,Houston,Waller,Maintenance,FIRM-D896,2026-08-11,4,193948.26,212400.00,365
A00213891,Houston,Montgomery,Maintenance,FIRM-4D95,2025-12-09,6,342270.00,583321.90,365
A00213137,Houston,Galveston,Maintenance,FIRM-DE40,2025-07-02,3,16470000.00,13000000.00,730
A00212869,Houston,Galveston,Maintenance,FIRM-CAFB,2026-03-04,2,40819142.00,34405075.97,730
A00213256,Houston,Harris,Maintenance,FIRM-CB64,2025-09-04,7,2671630.00,3023832.97,365
A00216803,Houston,Harris,Maintenance,FIRM-0F0C,2025-11-06,5,2238142.05,2945146.00,740
A00214291,Houston,Fort Bend,Maintenance,FIRM-75F3,2025-04-15,3,380254.00,454700.00,365
A00215085,Houston,Brazoria,Maintenance,FIRM-0929,2026-01-13,4,504755.82,458746.22,365
A00218916,Houston,Waller,Maintenance,FIRM-CC20,2026-06-09,4,284601.87,306205.78,365
A00212544,Houston,Montgomery,Maintenance,FIRM-CC20,2025-01-08,5,1094425.18,1630114.86,730
A00213877,Houston,Galveston,Maintenance,FIRM-DC30,2025-09-30,6,663354.91,724903.28,365
A00218786,Houston,Harris,Maintenance,FIRM-DC30,2026-08-11,3,637744.40,752113.87,365
A00215463,Houston,Fort Bend,Maintenance,FIRM-DA34,2026-02-10,5,171415.00,286100.00,365
A00216168,Houston,Galveston,Maintenance,FIRM-DA34,2025-12-09,7,255900.00,534677.84,365
A00218202,Houston,Harris,Maintenance,FIRM-E04B,2026-02-10,5,160741.00,325008.40,365
A00218625,Houston,Fort Bend,Maintenance,FIRM-E675,2026-06-09,4,489178.70,508767.50,365
A00215083,Houston,Brazoria,Maintenance,FIRM-DC30,2025-09-05,4,1446919.75,2223709.87,730
A00215086,Houston,Fort Bend,Maintenance,FIRM-E675,2025-08-12,4,535400.00,947810.00,365
A00215578,Houston,Galveston,Maintenance,FIRM-EEA6,2026-05-12,5,847316.40,987638.24,365
A00218366,Houston,Montgomery,Maintenance,FIRM-DC30,2026-04-14,5,693268.40,755901.25,365
A00214396,Houston,Waller,Maintenance,FIRM-1CB8,2025-07-15,5,480471.00,640460.00,365
A00215765,Houston,Harris,Maintenance,FIRM-DA34,2025-09-09,5,211257.00,354918.25,365
A00212855,Houston,Waller,Maintenance,FIRM-1A77,2025-03-11,4,169385.00,225150.00,365
A00218393,Houston,Harris,Maintenance,FIRM-C5E8,2026-03-10,8,786994.00,891997.00,365
A00212747,Houston,Harris,Maintenance,FIRM-75F3,2025-11-12,7,634000.00,775125.00,365
A00218574,Houston,Montgomery,Maintenance,FIRM-B705,2026-03-10,8,267250.00,293895.00,365
A00212221,Houston,Waller,Maintenance,FIRM-2375,2024-11-26,5,567100.00,637725.00,365
A00214314,Houston,Galveston,Maintenance,FIRM-7C19,2025-09-04,4,981940.00,1025875.44,730
A00212580,Houston,Harris,Maintenance,FIRM-1338,2025-09-05,7,1678290.00,2208651.13,365
A00212582,Houston,Harris,Maintenance,FIRM-CB64,2025-10-09,7,1127272.00,1426268.45,365
A00217989,Houston,Fort Bend,Maintenance,FIRM-449E,2026-01-13,3,180000.09,192100.00,365
A00217643,Houston,Montgomery,Maintenance,FIRM-4D95,2025-12-09,3,233685.00,290027.85,365
A00215331,Laredo,Zavala,Maintenance,FIRM-AD0D,2025-07-02,6,641470.00,1464637.48,365
A00217871,Lubbock,Lamb,Maintenance,FIRM-6755,2025-12-04,6,291801.00,476500.00,365
A00217872,Lubbock,Lubbock,Maintenance,FIRM-75F3,2025-12-04,8,376491.00,877325.00,365
A00217870,Lubbock,Terry,Maintenance,FIRM-6731,2025-12-04,8,261910.50,506500.00,365
A00214402,Lubbock,Bailey,Maintenance,FIRM-B384,2025-04-17,6,562959.36,661664.00,730
A00218171,Lubbock,Castro,Maintenance,FIRM-28F5,2026-02-26,7,488944.00,745360.00,730
A00219044,Lubbock,Dawson,Maintenance,FIRM-28F5,2026-02-26,7,276820.00,419800.00,730
A00219375,Lubbock,Gaines,Maintenance,FIRM-E820,2026-02-26,5,528456.20,753400.00,730
A00218170,Lubbock,Garza,Maintenance,FIRM-621E,2026-02-26,5,661839.92,774640.00,730
A00214398,Lubbock,Hale,Maintenance,FIRM-B384,2025-04-17,5,467957.72,552528.00,730
A00214400,Lubbock,Hockley,Maintenance,FIRM-9BBE,2025-04-17,6,567034.80,679008.00,730
A00218172,Lubbock,Lubbock,Maintenance,FIRM-621E,2026-02-26,4,334230.70,390736.80,730
A00218173,Lubbock,Lubbock,Maintenance,FIRM-621E,2026-02-26,3,174348.60,203520.00,730
A00217649,Lubbock,Lubbock,Maintenance,FIRM-AA78,2025-10-14,6,789053.75,942991.50,730
A00215014,Lufkin,Angelina,Maintenance,FIRM-CA3B,2025-06-11,5,363983.30,315815.00,365
A00219341,Lufkin,Shelby,Maintenance,FIRM-6731,2026-08-11,4,126342.00,186000.00,365
A00216930,Lufkin,Angelina,Maintenance,FIRM-DC30,2025-09-17,4,257750.00,320625.00,365
A00215093,Lufkin,Angelina,Maintenance,FIRM-6513,2025-06-11,7,357060.00,442000.00,365
A00214252,Lufkin,Angelina,Maintenance,FIRM-1CB8,2025-04-23,5,195528.70,201350.00,365
A00214083,Lufkin,Angelina,Maintenance,FIRM-1CB8,2025-03-26,7,540457.00,648000.00,365
A00219575,Lufkin,Angelina,Maintenance,FIRM-AFFE,2026-03-18,7,558500.00,585700.00,365
A00212576,Lufkin,Polk,Maintenance,FIRM-649E,2025-02-19,10,131060.00,189525.00,365
A00216379,Lufkin,Shelby,Maintenance,FIRM-6731,2025-08-13,8,179010.00,200500.00,365
A00217692,Lufkin,Angelina,Maintenance,FIRM-6725,2026-07-23,8,133175.00,150500.00,180
A00216460,Lufkin,Angelina,Maintenance,FIRM-5AF6,2025-08-26,8,186020.00,283500.00,365
A00213616,Lufkin,Nacogdoches,Maintenance,FIRM-649E,2025-02-19,7,253989.95,299750.00,365
A00216418,Lufkin,Nacogdoches,Maintenance,FIRM-71C2,2025-09-17,5,315375.00,354500.00,365
A00216386,Lufkin,Polk,Maintenance,FIRM-71C2,2025-08-26,10,192250.00,274875.00,365
A00214127,Lufkin,Sabine,Maintenance,FIRM-5AF6,2025-03-19,8,259535.00,285702.50,365
A00215090,Lufkin,Sabine,Maintenance,FIRM-1297,2025-04-30,7,300058.00,383752.50,365
A00217295,Lufkin,Sabine,Maintenance,FIRM-5AF6,2026-04-22,5,292558.00,298350.00,365
A00213645,Lufkin,San Jacinto,Maintenance,FIRM-6731,2025-04-16,7,104005.00,123000.00,365
A00217682,Lufkin,San Jacinto,Maintenance,FIRM-71C2,2026-04-09,4,115750.00,95300.00,365
A00217224,Lufkin,Trinity,Maintenance,FIRM-6731,2026-03-12,6,184235.00,184500.00,365
A00212086,Maintenance Division,Harris,Maintenance,FIRM-F859,2024-10-02,7,4984734.41,7033325.00,730
A00215301,Maintenance Division,Jefferson,Maintenance,FIRM-F859,2025-06-04,5,4444220.41,5674258.00,730
A00212264,Maintenance Division,Nueces,Maintenance,FIRM-AC22,2025-10-08,3,4966260.00,4936855.00,730
A00212285,Maintenance Division,Victoria,Maintenance,FIRM-F859,2024-10-02,7,4848403.41,7033325.00,730
A00218257,Paris,Grayson,Maintenance,FIRM-1A77,2025-12-18,3,318677.77,376750.00,365
A00212571,Paris,Hopkins,Maintenance,FIRM-1A77,2025-08-21,2,66599.00,95450.00,365
A00213128,Paris,Hopkins,Maintenance,FIRM-D896,2025-04-17,7,94565.00,125450.00,120
A00219346,Paris,Grayson,Maintenance,FIRM-D896,2026-03-19,4,224885.00,303900.00,365
A00215611,Paris,Hunt,Maintenance,FIRM-2375,2025-08-21,6,240042.00,286500.00,365
A00212460,Paris,Lamar,Maintenance,FIRM-2375,2024-11-21,5,162950.00,213750.00,365
A00217651,Paris,Lamar,Maintenance,FIRM-D896,2025-11-20,4,167950.00,217250.00,365
A00212510,Paris,Delta,Maintenance,FIRM-40FB,2025-02-20,9,182310.00,242196.00,365
A00218337,Paris,Delta,Maintenance,FIRM-B686,2025-12-18,4,198965.00,220360.00,365
A00212516,Paris,Fannin,Maintenance,FIRM-CFA5,2025-02-20,8,351128.20,430636.00,365
A00218339,Paris,Fannin,Maintenance,FIRM-621E,2026-01-15,6,380479.00,400560.00,365
A00218342,Paris,Franklin,Maintenance,FIRM-B686,2026-02-19,5,154559.10,168175.50,365
A00212514,Paris,Grayson,Maintenance,FIRM-7519,2025-01-16,4,345676.00,381640.00,365
A00218340,Paris,Grayson,Maintenance,FIRM-1A0B,2026-01-15,8,346572.00,380282.00,365
A00212515,Paris,Grayson,Maintenance,FIRM-CFA5,2025-01-16,4,354007.26,393194.00,365
A00218334,Paris,Grayson,Maintenance,FIRM-BEFC,2025-12-18,4,365629.06,412290.00,365
A00218335,Paris,Hopkins,Maintenance,FIRM-B686,2025-12-18,5,299938.00,341720.00,365
A00218341,Paris,Hopkins,Maintenance,FIRM-B686,2026-02-19,5,207295.10,229957.00,365
A00212512,Paris,Hunt,Maintenance,FIRM-D0C9,2025-01-16,9,291999.06,353414.00,365
A00218343,Paris,Hunt,Maintenance,FIRM-2EFC,2026-02-19,6,300231.40,336680.00,365
A00212509,Paris,Lamar,Maintenance,FIRM-7519,2025-01-16,7,315814.00,380425.00,365
A00218336,Paris,Lamar,Maintenance,FIRM-B686,2025-12-18,6,306977.00,355330.00,365
A00212513,Paris,Rains,Maintenance,FIRM-B686,2025-02-20,6,190504.00,237950.00,365
A00218344,Paris,Rains,Maintenance,FIRM-2EFC,2026-02-19,6,216225.00,231900.00,365
A00212511,Paris,Red River,Maintenance,FIRM-40FB,2025-02-20,7,279515.00,344680.00,365
A00218338,Paris,Red River,Maintenance,FIRM-60E9,2026-01-15,7,304809.00,327746.00,365
A00213669,Paris,Hopkins,Maintenance,FIRM-AFFE,2025-04-17,5,273500.00,461800.00,365
A00213668,Paris,Lamar,Maintenance,FIRM-AFFE,2025-04-17,5,295000.00,592420.00,365
A00217676,Paris,Grayson,Maintenance,FIRM-FBE4,2025-12-18,5,379000.00,366500.00,365
A00213671,Paris,Lamar,Maintenance,FIRM-DC30,2025-06-26,3,572012.00,637750.00,365
A00213666,Paris,Hunt,Maintenance,FIRM-AFFE,2025-05-02,6,1794778.50,2024043.50,365
A00213665,Paris,Lamar,Maintenance,FIRM-AFFE,2025-05-01,5,1840028.50,2037558.50,365
A00218283,Paris,Grayson,Maintenance,FIRM-A66A,2026-01-15,12,84025.00,125300.00,365
A00212534,Paris,Hunt,Maintenance,FIRM-A66A,2025-02-20,13,105885.00,180064.30,365
A00218057,Paris,Hunt,Maintenance,FIRM-A66A,2026-02-19,10,89335.00,174297.30,365
A00212300,Paris,Lamar,Maintenance,FIRM-D005,2024-11-21,4,200825.00,275300.00,365
A00212301,Paris,Red River,Maintenance,FIRM-D005,2024-11-21,6,220125.00,269550.00,365
A00218582,Paris,Red River,Maintenance,FIRM-D005,2026-03-19,5,250350.00,235650.00,365
A00216729,Paris,Hunt,Maintenance,FIRM-449E,2025-08-21,8,201020.44,285300.00,365
A00211770,Pharr,Hidalgo,Maintenance,FIRM-57DC,2024-12-03,4,767105.00,834095.00,240
A00214505,San Angelo,Kimble,Maintenance,FIRM-A214,2026-03-26,6,199196.00,326465.00,365
A00214227,San Angelo,Tom Green,Maintenance,FIRM-7A54,2026-03-24,7,77856.00,128450.00,365
A00213081,San Angelo,Tom Green,Maintenance,FIRM-1A0B,2026-05-05,8,449501.25,686415.00,90
A00214742,San Angelo,Kimble,Maintenance,FIRM-6731,2025-07-24,10,126660.00,350388.00,365
A00212371,San Antonio,Bexar,Maintenance,FIRM-DC30,2024-12-03,5,1479950.00,2953496.50,365
A00217818,San Antonio,Bexar,Maintenance,FIRM-DC30,2025-11-06,4,1296560.00,1999985.00,365
A00217803,San Antonio,Bexar,Maintenance,FIRM-75F3,2025-10-09,3,1674650.00,1566000.00,365
A00217802,San Antonio,Frio,Maintenance,FIRM-B029,2025-10-15,3,914000.00,856500.00,365
A00214902,San Antonio,Bexar,Maintenance,FIRM-C449,2025-06-18,3,345325.00,280935.00,365
A00212223,Waco,McLennan,Maintenance,FIRM-1CB8,2025-05-02,7,1416895.83,2181075.20,365
A00211947,Waco,Bosque,Maintenance,FIRM-B029,2024-11-06,2,3168625.00,5338478.00,365
A00217009,Waco,Bosque,Maintenance,FIRM-B029,2025-11-06,3,2726105.00,2943610.40,365
A00215343,Yoakum,Victoria,Maintenance,FIRM-1338,2025-08-26,3,543050.00,581330.00,365
A00216495,Yoakum,Fayette,Maintenance,FIRM-ECFC,2025-10-08,5,946199.00,1689375.00,730
A00218521,Yoakum,Gonzales,Maintenance,FIRM-57DC,2025-12-22,2,979725.00,987875.00,365
A00213055,Yoakum,Victoria,Maintenance,FIRM-E675,2025-03-25,7,672525.00,817800.00,365
A00216203,Beaumont,Orange,Maintenance,FIRM-B173,2025-09-05,3,1190491.45,1067994.07,24
A00215308,Beaumont,Hardin,Maintenance,FIRM-B173,2025-08-12,3,556091.50,387487.00,17
A00213086,Corpus Christi,Kleberg,Maintenance,FIRM-336E,2025-01-14,4,898358.10,960595.80,34
A00214421,Corpus Christi,Jim Wells,Maintenance,FIRM-37C1,2025-10-08,8,1868073.13,2111740.00,20
A00218811,Houston,Waller,Maintenance,FIRM-23F6,2026-04-14,4,481400.00,392435.00,365
A00212741,Houston,Harris,Maintenance,FIRM-CB57,2025-04-22,4,487049.43,529303.07,36
A00216262,Lubbock,Swisher,Maintenance,FIRM-C28C,2025-09-09,4,963870.90,590933.00,75
A00218577,Tyler,Smith,Maintenance,FIRM-AFFE,2026-01-06,3,1684171.00,2364827.50,730
A00215731,Yoakum,Lavaca,Maintenance,FIRM-81BD,2025-05-29,4,791562.44,981505.10,30
A00214046,Fort Worth,Palo Pinto,Maintenance,FIRM-9557,2025-08-08,4,6554076.08,6752620.74,365
A00216684,Odessa,Midland,Maintenance,FIRM-0C1D,2025-09-04,5,1532796.06,1774837.75,60
A00218554,Abilene,Taylor,Maintenance,FIRM-1338,2026-02-11,3,881525.00,992225.00,365
A00215438,Austin,Travis,Maintenance,FIRM-80E3,2026-07-02,4,756200.00,1178810.00,730
A00212369,Beaumont,Orange,Maintenance,FIRM-035A,2024-11-13,12,212039.00,317863.00,29
A00216493,Beaumont,Jasper,Maintenance,FIRM-94A8,2026-07-21,5,313007.00,532481.50,365
A00213887,Bryan,Walker,Maintenance,FIRM-3FEF,2025-04-09,7,168965.00,188454.97,20
A00218000,Bryan,Brazos,Maintenance,FIRM-8D8B,2025-11-12,11,179564.95,195406.15,26
A00212677,Corpus Christi,Nueces,Maintenance,FIRM-78B1,2024-11-19,3,730498.31,749398.50,180
A00214313,Corpus Christi,San Patricio,Maintenance,FIRM-AD0D,2025-03-18,3,188952.00,198595.00,365
A00215292,Dallas,Dallas,Maintenance,FIRM-AC3C,2025-07-09,7,485525.00,663421.38,105
A00215529,Dallas,Dallas,Maintenance,FIRM-AC3C,2025-07-09,7,450404.00,600318.63,105
A00217099,Dallas,Denton,Maintenance,FIRM-3FEF,2026-02-11,4,76356.00,50183.00,15
A00211921,Dallas,Collin,Maintenance,FIRM-3FEF,2024-10-31,5,244800.00,283095.00,365
A00217375,Dallas,Collin,Maintenance,FIRM-EFD2,2025-12-10,8,89809.00,249736.00,365
A00212007,El Paso,El Paso,Maintenance,FIRM-75F3,2024-12-04,6,1234611.00,1628400.00,365
A00213622,El Paso,El Paso,Maintenance,FIRM-22C3,2025-05-02,2,1603475.00,1290561.62,365
A00217905,El Paso,Presidio,Maintenance,FIRM-85EC,2026-01-07,5,1198026.00,1760250.00,365
A00214015,Fort Worth,Tarrant,Maintenance,FIRM-3F89,2025-07-01,7,4210079.00,4940462.46,365
A00212712,Fort Worth,Tarrant,Maintenance,FIRM-CB2B,2025-08-08,5,1286000.00,1972000.00,730
A00214381,Houston,Harris,Maintenance,FIRM-1A5E,2025-06-04,5,5144697.90,3769901.80,365
A00218945,Houston,Brazoria,Maintenance,FIRM-33FF,2026-07-14,5,320088.00,409930.90,365
A00217825,Houston,Harris,Maintenance,FIRM-7C19,2026-01-07,4,1056205.00,1284121.75,365
A00218978,Houston,Harris,Maintenance,FIRM-2375,2026-07-14,4,952987.00,659077.00,365
A00212070,Houston,Galveston,Maintenance,FIRM-80E3,2025-05-13,6,421850.00,536620.36,365
A00214298,Houston,Montgomery,Maintenance,FIRM-6755,2026-02-10,7,444263.00,656645.46,365
A00217524,Houston,Waller,Maintenance,FIRM-C1B7,2025-12-09,6,284740.00,753542.70,365
A00212736,Houston,Harris,Maintenance,FIRM-75F3,2025-05-01,7,1126484.00,1509733.00,730
A00214768,Houston,Harris,Maintenance,FIRM-3866,2025-08-07,5,8487545.43,9004107.45,365
A00214769,Houston,Harris,Maintenance,FIRM-80E3,2025-07-01,6,7978980.70,14004540.90,365
A00214767,Houston,Harris,Maintenance,FIRM-8B19,2025-08-08,6,8751469.42,12285537.50,365
A00213546,Lufkin,Nacogdoches,Maintenance,FIRM-5AF6,2025-02-19,6,98012.00,130180.00,365
A00217726,Lufkin,Nacogdoches,Maintenance,FIRM-C1B7,2026-02-11,6,150750.00,148355.00,365
A00214695,Lufkin,Sabine,Maintenance,FIRM-5AF6,2025-05-21,3,103435.00,154946.85,365
A00212577,Lufkin,San Augustine,Maintenance,FIRM-5AF6,2025-01-15,4,123070.00,177895.00,365
A00217725,Lufkin,San Augustine,Maintenance,FIRM-5AF6,2026-01-05,5,120970.05,181270.00,365
A00212176,Lufkin,San Jacinto,Maintenance,FIRM-C1B7,2025-01-15,6,143895.00,229740.00,365
A00217700,Lufkin,San Jacinto,Maintenance,FIRM-2375,2026-01-05,5,186220.00,212590.00,365
A00216236,Paris,Hopkins,Maintenance,FIRM-0BA5,2025-10-16,5,299930.00,316512.63,40
A00213670,Paris,Hunt,Maintenance,FIRM-85B3,2025-06-26,5,409057.00,604545.45,365
A00064689,Abilene,Jones,Construction,FIRM-1DF0,2024-12-03,6,14844600.55,14375294.75,103
A00188777,Houston,Waller,Construction,FIRM-C434,2026-04-08,6,1140622.52,848686.03,40
A00216480,Houston,Fort Bend,Construction,FIRM-BCBF,2026-06-03,5,3065936.15,2859278.60,73
A00208845,Pharr,Cameron,Construction,FIRM-7733,2025-09-05,4,4646842.47,5386210.20,100
A00193344,Abilene,Taylor,Construction,FIRM-0A7D,2025-07-02,5,797375.00,942691.00,63
A00212942,El Paso,El Paso,Construction,FIRM-75F3,2025-03-04,10,276338.00,425202.00,51
A00060109,Fort Worth,Tarrant,Construction,FIRM-8B19,2025-11-06,9,9907252.48,11406087.09,323
A00123516,Houston,Harris,Construction,FIRM-D186,2026-02-04,5,1278950.78,1699693.25,180
A00215811,Houston,Harris,Construction,FIRM-9200,2026-05-07,6,2254485.54,2286187.03,56
A00186770,Houston,Harris,Construction,FIRM-9CC3,2024-09-06,5,514412.05,611132.61,89
A00193592,Houston,Galveston,Construction,FIRM-D186,2026-01-07,13,4291676.33,5126158.92,120
A00193595,Houston,Harris,Construction,FIRM-7F87,2026-08-05,14,1834898.09,2203492.80,120
A00215203,Laredo,Webb,Construction,FIRM-8201,2026-04-08,4,582871.72,823513.55,58
A00206486,Pharr,Hidalgo,Construction,FIRM-8201,2026-06-03,8,837743.21,1012070.00,128
A00210548,Dallas,Denton,Construction,FIRM-A87F,2025-08-08,15,288012.00,976026.20,46
A00217225,El Paso,Hudspeth,Construction,FIRM-8B19,2026-02-04,3,18198405.00,17756320.88,296
A00206590,Fort Worth,Hood,Construction,FIRM-DC30,2026-05-07,4,126370.10,188493.66,17
A00183891,Fort Worth,Tarrant,Construction,FIRM-1338,2025-07-02,10,1172135.00,2180309.00,120
A00186838,Houston,Brazoria,Construction,FIRM-D186,2024-10-01,4,90038.02,113525.92,47
A00193458,Houston,Montgomery,Construction,FIRM-2F37,2024-12-04,7,1308619.25,1712053.35,264
A00193463,Houston,Montgomery,Construction,FIRM-D186,2025-09-04,9,636099.25,667613.00,52
A00206015,Houston,Harris,Construction,FIRM-7C19,2024-12-04,5,405810.67,511621.27,42
A00141130,Houston,Harris,Construction,FIRM-DC30,2025-07-02,4,1588377.55,2124618.81,67
A00197546,Houston,Harris,Construction,FIRM-7C19,2025-07-01,5,875958.39,1092183.78,75
A00213071,Waco,McLennan,Construction,FIRM-9C62,2025-04-03,6,378726.35,494421.60,105
A00195528,Abilene,Scurry,Construction,FIRM-7733,2025-04-03,5,5573028.95,7639239.35,162
A00192940,Atlanta,Harrison,Construction,FIRM-47AF,2026-02-05,10,1619890.45,1614403.48,132
A00130007,Austin,Travis,Construction,FIRM-81BD,2024-11-07,5,3314600.08,4018784.61,70
A00197378,Austin,Hays,Construction,FIRM-573E,2026-03-04,8,1788337.62,2310563.58,50
A00209819,Austin,Hays,Construction,FIRM-8BBD,2026-03-05,8,1570962.64,2510763.77,33
A00197982,Austin,Llano,Construction,FIRM-81BD,2025-07-01,6,1179799.95,1337472.10,62
A00193136,Austin,Williamson,Construction,FIRM-A365,2026-02-05,10,2760447.65,3092707.89,135
A00204825,Brownwood,Stephens,Construction,FIRM-95A4,2024-11-06,12,501898.98,618292.00,45
A00205634,Dallas,Ellis,Construction,FIRM-E801,2026-02-04,12,18932077.24,25389268.20,381
A00196687,Dallas,Kaufman,Construction,FIRM-00E4,2026-07-01,10,598150.10,726590.00,79
A00064052,Dallas,Kaufman,Construction,FIRM-08FE,2025-04-03,10,16864509.37,18042937.69,381
A00176137,Dallas,Denton,Construction,FIRM-CEE4,2025-09-05,8,4145279.20,4037878.05,127
A00176132,Dallas,Denton,Construction,FIRM-CF08,2025-11-05,7,5095390.44,5694490.47,241
A00188996,Dallas,Collin,Construction,FIRM-F9CD,2026-07-02,7,11064754.04,12398052.11,257
A00194003,Dallas,Collin,Construction,FIRM-6D2A,2025-11-06,6,8652246.35,12202344.72,228
A00131586,Dallas,Kaufman,Construction,FIRM-008F,2025-03-05,7,80359417.06,99274919.89,774
A00206074,Fort Worth,Parker,Construction,FIRM-9557,2026-01-06,10,6252902.76,10552188.50,116
A00205023,Houston,Montgomery,Construction,FIRM-85FC,2026-01-07,13,2219724.30,2760375.80,132
A00186223,Houston,Harris,Construction,FIRM-16A4,2025-10-08,11,6547219.34,8730471.70,242
A00190685,Houston,Fort Bend,Construction,FIRM-980D,2026-07-01,12,19505917.99,20113245.09,342
A00191470,Houston,Fort Bend,Construction,FIRM-80FF,2026-08-06,10,32673736.13,42352205.94,460
A00191471,Houston,Fort Bend,Construction,FIRM-80FF,2026-08-05,9,25954399.85,31713551.79,357
A00130684,Houston,Harris,Construction,FIRM-BCBF,2025-01-08,7,1067872.27,1858367.48,42
A00140284,Houston,Fort Bend,Construction,FIRM-BCBF,2025-03-05,4,5168419.02,7142956.41,78
A00188408,Houston,Montgomery,Construction,FIRM-A503,2025-05-02,6,4090556.76,4988014.32,75
A00188781,Houston,Waller,Construction,FIRM-BCBF,2026-02-04,8,3274774.38,4422423.25,82
A00139359,Houston,Harris,Construction,FIRM-CA7F,2026-03-04,10,2049391.00,3780771.71,158
A00213393,Laredo,Webb,Construction,FIRM-336E,2025-12-02,4,3866337.78,4320911.92,175
A00133020,Laredo,Webb,Construction,FIRM-80FF,2026-06-02,8,2951706.36,3395617.48,130
A00064662,Lufkin,Houston,Construction,FIRM-68F6,2025-08-08,7,9900198.38,11385716.50,207
A00193119,Lufkin,Nacogdoches,Construction,FIRM-68F6,2026-05-06,10,5074603.77,5568462.80,148
A00206568,Lufkin,Houston,Construction,FIRM-0FBA,2026-07-01,6,3814102.44,4104552.80,156
A00199843,Odessa,Reeves,Construction,FIRM-00C2,2026-08-06,6,8604312.00,8844235.35,239
A00187426,Paris,Fannin,Construction,FIRM-F9CD,2025-09-04,5,5445359.04,5774526.36,214
A00193590,Paris,Lamar,Construction,FIRM-9798,2026-06-03,6,4580817.96,4618483.94,124
A00197563,Pharr,Cameron,Construction,FIRM-AF52,2026-01-06,8,6565145.66,7384758.79,443
A00197420,San Antonio,Medina,Construction,FIRM-8BBD,2026-03-04,10,11778114.45,16198822.06,224
A00186300,San Antonio,Bexar,Construction,FIRM-050A,2026-07-01,8,167741121.11,175294461.04,828
A00059931,San Antonio,Bexar,Construction,FIRM-891D,2026-04-07,5,55859370.00,61080463.21,761
A00059341,San Antonio,Bexar,Construction,FIRM-16A4,2026-04-08,6,96535029.71,108472351.54,781
A00212486,Tyler,Smith,Construction,FIRM-397E,2026-04-08,10,1516226.34,1629505.50,130
A00060555,Tyler,Gregg,Construction,FIRM-840D,2025-11-06,6,3494061.95,3954370.45,89
A00049653,Tyler,Gregg,Construction,FIRM-4D5C,2026-08-06,6,17959231.08,19466265.25,603
A00131524,Waco,Coryell,Construction,FIRM-8056,2025-09-04,4,7187652.68,12372591.53,180
A00194280,Waco,Bell,Construction,FIRM-E54D,2026-08-06,9,4094514.95,4466139.97,223
A00194681,Wichita Falls,Archer,Construction,FIRM-D8DE,2025-05-02,7,1712102.36,1935196.45,102
A00190971,Abilene,Taylor,Construction,FIRM-7F0A,2025-05-01,10,1338126.80,1390494.33,101
A00206930,Abilene,Taylor,Construction,FIRM-5ED6,2026-02-05,7,8968076.23,10040718.56,126
A00128458,Amarillo,Randall,Construction,FIRM-D0D7,2026-08-05,6,42220204.15,50287231.93,537
A00206714,Atlanta,Bowie,Construction,FIRM-C6AB,2026-05-06,12,942425.98,1157636.50,132
A00211983,Dallas,Dallas,Construction,FIRM-8B19,2026-02-04,5,7984022.60,9329111.00,209
A00196240,Dallas,Navarro,Construction,FIRM-B173,2025-12-03,8,1627075.18,2046631.06,36
A00210422,El Paso,El Paso,Construction,FIRM-00C2,2026-02-04,3,7195638.49,7749232.96,228
A00193343,El Paso,El Paso,Construction,FIRM-8DAD,2026-08-06,5,6996635.80,6949288.00,180
A00188712,Houston,Brazoria,Construction,FIRM-CB57,2025-04-03,7,2192872.71,2336182.94,90
A00187842,Odessa,Martin,Construction,FIRM-FFD8,2026-04-08,6,9373792.34,9927435.20,251
A00196643,Odessa,Ector,Construction,FIRM-FFD8,2026-04-07,4,10253365.56,7771644.52,181
A00128943,Odessa,Reeves,Construction,FIRM-08FE,2026-07-01,5,7369593.92,6744963.22,242
A00135150,San Antonio,Bexar,Construction,FIRM-CA83,2026-03-05,9,2498077.69,3287114.71,86
A00203744,Austin,Travis,Construction,FIRM-A646,2025-02-07,6,720110.11,645768.30,26
A00188196,Austin,Travis,Construction,FIRM-B173,2024-10-02,3,1673616.60,1561683.34,28
A00196221,Tyler,Gregg,Construction,FIRM-F3FB,2025-12-03,5,12524243.35,9540392.11,153
A00209377,Dallas,Denton,Construction,FIRM-80E3,2025-02-06,7,1920304.66,2467224.92,95
A00184102,Beaumont,Liberty,Construction,FIRM-7B58,2025-05-01,5,484908.43,573353.55,24
A00130307,Houston,Harris,Construction,FIRM-7B58,2025-02-06,8,1835597.33,2565249.09,81
A00196794,Lufkin,Houston,Construction,FIRM-B173,2024-10-01,4,13181849.79,14652486.20,263
A00206865,San Antonio,Atascosa,Construction,FIRM-2E97,2025-06-04,8,1236296.25,1904135.00,112
A00140276,Houston,Fort Bend,Construction,FIRM-BCBF,2025-02-07,8,585949.45,628501.57,17
A00180424,Laredo,Webb,Construction,FIRM-7733,2025-07-02,4,26042349.50,30716266.51,479
A00193383,Yoakum,Calhoun,Construction,FIRM-2B61,2025-07-01,8,4398168.09,5019825.65,150
A00187707,Bryan,Brazos,Construction,FIRM-80CC,2025-06-05,11,1789919.35,2013591.48,173
A00206665,Laredo,Dimmit,Construction,FIRM-81BD,2025-06-05,7,1400124.62,1691049.58,90
A00049652,Tyler,Gregg,Construction,FIRM-4D5C,2025-08-07,5,22863768.44,25999390.20,473
A00206608,El Paso,El Paso,Construction,FIRM-9A1B,2025-05-02,3,2780753.75,2097643.75,99
A00205768,Abilene,Stonewall,Construction,FIRM-6C9D,2025-09-05,11,3884350.00,8261189.51,107
A00177327,Dallas,Denton,Construction,FIRM-3FEF,2025-03-04,7,3143471.81,3503880.98,144
A00066995,Dallas,Rockwall,Construction,FIRM-B173,2025-01-07,4,3015283.42,3070989.24,150
A00059543,Lufkin,Angelina,Construction,FIRM-4D5C,2025-06-04,5,11124511.69,13188203.36,194
A00129124,Waco,McLennan,Construction,FIRM-8056,2025-05-01,4,10809103.87,15103012.16,300
A00199664,Austin,Williamson,Construction,FIRM-81BD,2025-06-05,9,4662190.69,5189367.85,225
A00184816,Dallas,Denton,Construction,FIRM-CF08,2025-01-08,6,9988205.61,10474532.26,279
A00193944,Dallas,Ellis,Construction,FIRM-C434,2025-08-08,8,6535504.83,7053216.56,180
A00063792,Fort Worth,Tarrant,Construction,FIRM-1FAE,2025-01-08,8,7221685.35,8152678.40,278
A00194530,Lufkin,Polk,Construction,FIRM-C6AB,2025-09-04,8,2472737.42,2506059.50,105
A00193092,Tyler,Anderson,Construction,FIRM-C6AB,2025-07-01,11,1639418.17,2383206.49,125
A00058519,Tyler,Gregg,Construction,FIRM-DA83,2025-07-02,7,31901002.57,37001247.46,535
A00134101,Waco,Coryell,Construction,FIRM-8056,2025-02-06,7,4787271.59,5558480.26,120
A00130760,Houston,Galveston,Construction,FIRM-891D,2025-06-04,6,9764258.62,12707852.20,180
A00133296,Houston,Harris,Construction,FIRM-11C9,2024-09-05,5,10487209.90,11757853.70,324
A00188549,San Angelo,Crockett,Construction,FIRM-654C,2024-09-05,6,5673708.11,6809082.18,298
A00184481,El Paso,El Paso,Construction,FIRM-C9ED,2024-12-03,3,6226703.14,6053315.43,340
A00187525,Bryan,Robertson,Construction,FIRM-C434,2025-07-02,8,18180794.59,25133871.91,435
A00187789,Dallas,Collin,Construction,FIRM-1816,2025-09-04,6,6821246.89,7332346.58,231
A00194720,El Paso,El Paso,Construction,FIRM-A2A4,2025-07-02,6,11897786.23,16966232.75,270
A00121173,Pharr,Starr,Construction,FIRM-891D,2025-09-05,7,62281400.15,75006464.81,662
A00210921,Houston,Brazoria,Maintenance,FIRM-4D3E,2024-08-04,3,392121.92,392121.92,365
A00210921,Houston,Brazoria,Maintenance,FIRM-5CC6,2024-08-04,3,392121.92,392121.92,365
A00211118,Houston,Harris,Maintenance,FIRM-5CC6,2024-08-18,3,998677.20,998677.20,365
A00211118,Houston,Harris,Maintenance,FIRM-4D3E,2024-08-18,3,998677.20,998677.20,365
A00210450,Laredo,Maverick,Maintenance,FIRM-B122,2024-08-08,2,271786.44,228402.50,365
A00211074,Paris,Fannin,Maintenance,FIRM-D6BE,2024-08-18,3,135538.84,135538.84,365
A00211074,Paris,Fannin,Maintenance,FIRM-5CC6,2024-08-18,3,135538.84,135538.84,365
A00211075,Paris,Grayson,Maintenance,FIRM-5CC6,2024-08-18,3,216265.32,216265.32,365
A00211075,Paris,Grayson,Maintenance,FIRM-D6BE,2024-08-18,3,216265.32,216265.32,365
A00211068,Paris,Hopkins,Maintenance,FIRM-D4AD,2024-08-18,3,159219.25,159219.25,365
A00211068,Paris,Hopkins,Maintenance,FIRM-5CC6,2024-08-18,3,159219.25,159219.25,365
A00211069,Paris,Hunt,Maintenance,FIRM-EA7F,2024-08-18,3,194606.90,194606.90,365
A00211069,Paris,Hunt,Maintenance,FIRM-5CC6,2024-08-18,3,194606.90,194606.90,365
A00211072,Paris,Lamar,Maintenance,FIRM-5CC6,2024-08-18,3,270969.25,270969.25,365
A00211072,Paris,Lamar,Maintenance,FIRM-D4AD,2024-08-18,3,270969.25,270969.25,365
A00211071,Paris,Rains,Maintenance,FIRM-5CC6,2024-08-18,3,78906.70,78906.70,365
A00211071,Paris,Rains,Maintenance,FIRM-EA7F,2024-08-18,3,78906.70,78906.70,365
A00207455,San Angelo,Coke,Maintenance,FIRM-35AE,2024-08-05,3,129688.00,123516.80,50
A00209461,San Angelo,Concho,Maintenance,FIRM-A9C9,2024-08-05,2,231228.57,257856.00,76
A00210619,San Angelo,Kimble,Maintenance,FIRM-B122,2024-08-05,2,232019.48,194992.00,72
A00207456,San Angelo,Reagan,Maintenance,FIRM-35AE,2024-08-05,2,137681.70,127829.70,52
A00207457,San Angelo,Real,Maintenance,FIRM-B122,2024-08-05,2,309138.54,202844.68,68
A00210623,San Angelo,Runnels,Maintenance,FIRM-B122,2024-08-05,3,225577.33,189614.00,58
A00207459,San Angelo,Sterling,Maintenance,FIRM-35AE,2024-08-05,2,181295.70,167825.70,74
A00210621,San Angelo,Tom Green,Maintenance,FIRM-35AE,2024-08-05,2,141714.50,176380.00,46
A00210874,Dallas,Kaufman,Maintenance,FIRM-6621,2024-08-07,3,85064.00,89180.00,180
A00209837,Fort Worth,Palo Pinto,Maintenance,FIRM-C20C,2024-08-15,4,156640.00,68310.00,180
A00210566,Bryan,Brazos,Maintenance,FIRM-94A8,2024-08-01,7,400901.00,650950.00,365
A00210674,Bryan,Washington,Maintenance,FIRM-94A8,2024-08-01,8,400151.00,651400.00,365
A00210176,Dallas,Dallas,Maintenance,FIRM-2DCC,2024-08-07,3,823336.37,987585.00,365
A00194768,Houston,Harris,Maintenance,FIRM-1A5E,2024-08-01,3,3560810.00,4766060.25,365
A00209403,Lufkin,Houston,Maintenance,FIRM-6731,2024-08-07,4,239834.00,322969.00,365
A00210606,Paris,Hunt,Maintenance,FIRM-A66A,2024-08-15,4,607777.00,935500.00,365
A00210635,Wichita Falls,Wichita,Maintenance,FIRM-2C76,2024-08-02,13,448995.00,546685.00,100
A00187167,Yoakum,Colorado,Maintenance,FIRM-3FEF,2024-08-28,3,473375.00,409810.00,45
A00210695,Paris,Lamar,Maintenance,FIRM-BA3C,2024-08-15,6,91843.04,114525.00,365
A00207144,Pharr,Cameron,Maintenance,FIRM-5CC6,2024-08-06,3,54000.00,54000.00,730
A00207144,Pharr,Cameron,Maintenance,FIRM-8E6A,2024-08-06,3,54000.00,54000.00,730
A00210524,Pharr,Cameron,Maintenance,FIRM-5CC6,2024-08-06,3,59223.84,59223.84,730
A00210524,Pharr,Cameron,Maintenance,FIRM-8E6A,2024-08-06,3,59223.84,59223.84,730
A00209465,Wichita Falls,Archer,Maintenance,FIRM-5CC6,2024-08-31,3,74973.90,74973.90,730
A00209465,Wichita Falls,Archer,Maintenance,FIRM-9042,2024-08-31,3,74973.90,74973.90,730
A00209468,Wichita Falls,Clay,Maintenance,FIRM-5CC6,2024-08-31,3,123276.46,123276.46,730
A00209468,Wichita Falls,Clay,Maintenance,FIRM-9042,2024-08-31,3,123276.46,123276.46,730
A00209469,Wichita Falls,Wichita,Maintenance,FIRM-9042,2024-08-31,3,75634.50,75634.50,730
A00209469,Wichita Falls,Wichita,Maintenance,FIRM-5CC6,2024-08-31,3,75634.50,75634.50,730
A00209471,Wichita Falls,Wilbarger,Maintenance,FIRM-9042,2024-08-31,3,119826.20,119826.20,730
A00209471,Wichita Falls,Wilbarger,Maintenance,FIRM-5CC6,2024-08-31,3,119826.20,119826.20,730
A00209672,Atlanta,Bowie,Maintenance,FIRM-DC30,2024-08-02,6,858521.00,1075005.00,254
A00206039,Austin,Bastrop,Maintenance,FIRM-1A77,2024-08-14,2,68358.00,71730.00,120
A00188076,Austin,Travis,Maintenance,FIRM-88A8,2024-08-27,4,534570.00,685377.50,730
A00210696,Bryan,Brazos,Maintenance,FIRM-DC30,2024-08-01,9,1138950.00,1854000.00,730
A00210607,Corpus Christi,Live Oak,Maintenance,FIRM-AD0D,2024-08-02,5,1055857.42,2079982.09,365
A00205720,Dallas,Collin,Maintenance,FIRM-3FEF,2024-08-07,3,309500.00,249250.00,365
A00208425,Fort Worth,Erath,Maintenance,FIRM-2375,2024-08-01,5,288605.00,341366.41,365
A00208729,Houston,Brazoria,Maintenance,FIRM-1A5E,2024-08-06,5,440382.80,879729.38,90
A00209671,Houston,Galveston,Maintenance,FIRM-B479,2024-08-06,4,269911.48,263367.50,80
A00209269,Houston,Harris,Maintenance,FIRM-C5E8,2024-08-01,7,1287900.00,1604385.00,730
A00209251,Houston,Harris,Maintenance,FIRM-7C19,2024-08-06,4,858823.50,906111.18,365
A00208645,Houston,Waller,Maintenance,FIRM-DC30,2024-08-06,6,177113.92,215820.00,365
A00209651,Houston,Harris,Maintenance,FIRM-970E,2024-08-06,3,322137.50,327837.50,365
A00211105,Lubbock,Lubbock,Maintenance,FIRM-5CC6,2024-08-25,3,234532.49,234532.49,365
A00211105,Lubbock,Lubbock,Maintenance,FIRM-8D0F,2024-08-25,3,234532.49,234532.49,365
A00195241,Maintenance Division,Travis,Maintenance,FIRM-6C4B,2024-08-01,3,186000.00,194000.00,365
A00211259,Odessa,Ector,Maintenance,FIRM-CE22,2024-08-13,5,133272.00,130800.00,120
A00211502,Paris,Hopkins,Maintenance,FIRM-A66A,2024-08-15,4,520380.00,520750.00,365
A00209692,Paris,Hunt,Maintenance,FIRM-B686,2024-08-15,5,202561.00,253300.00,365
A00207139,Pharr,Cameron,Maintenance,FIRM-5CC6,2024-08-04,3,970690.00,970690.00,365
A00207139,Pharr,Cameron,Maintenance,FIRM-AFF1,2024-08-04,3,970690.00,970690.00,365
A00207033,Pharr,Hidalgo,Maintenance,FIRM-AFF1,2024-08-04,3,625150.00,625150.00,365
A00207033,Pharr,Hidalgo,Maintenance,FIRM-5CC6,2024-08-04,3,625150.00,625150.00,365
A00208103,Pharr,Hidalgo,Maintenance,FIRM-AFF1,2024-08-06,3,753500.00,753500.00,730
A00208103,Pharr,Hidalgo,Maintenance,FIRM-5CC6,2024-08-06,3,753500.00,753500.00,730
A00206556,Tyler,Rusk,Maintenance,FIRM-68F6,2024-08-01,5,1069580.00,1015331.12,730
A00210661,Amarillo,Armstrong,Maintenance,FIRM-EBF6,2024-08-02,3,1759440.00,2356171.00,120
A00210658,Amarillo,Gray,Maintenance,FIRM-EBF6,2024-08-02,3,1489814.00,1991316.00,120
A00210659,Amarillo,Sherman,Maintenance,FIRM-EBF6,2024-08-02,3,2026146.00,2664531.00,120
A00188577,Austin,Travis,Maintenance,FIRM-C20C,2024-08-02,3,595820.00,631634.60,365
A00210876,Dallas,Kaufman,Maintenance,FIRM-EBF6,2024-08-07,4,168288.00,187560.00,180
A00211365,Pharr,Hidalgo,Maintenance,FIRM-EBF6,2024-08-01,2,539800.00,563500.00,120
A00209511,Beaumont,Jasper,Maintenance,FIRM-40DE,2024-08-27,3,299999.99,200218.80,35
A00208037,Fort Worth,Palo Pinto,Maintenance,FIRM-9557,2024-08-01,2,5457150.00,4756110.68,365
A00210238,Pharr,Hidalgo,Maintenance,FIRM-5CC6,2024-08-17,3,362410.92,362410.92,730
A00210238,Pharr,Hidalgo,Maintenance,FIRM-D717,2024-08-17,3,362410.92,362410.92,730
A00210633,Wichita Falls,Archer,Maintenance,FIRM-2479,2024-08-01,14,626451.20,726966.50,79
A00205780,Bryan,Freestone,Maintenance,FIRM-3FEF,2024-08-14,5,833890.00,883540.00,32
A00209626,Lufkin,Shelby,Maintenance,FIRM-5AF6,2024-08-14,6,116036.50,130524.42,365
A00207032,Pharr,Hidalgo,Maintenance,FIRM-5CC6,2024-08-04,3,805354.00,805354.00,365
A00207032,Pharr,Hidalgo,Maintenance,FIRM-AFF1,2024-08-04,3,805354.00,805354.00,365
A00207150,Pharr,Starr,Maintenance,FIRM-5CC6,2024-08-06,3,293923.25,320473.25,180
A00207150,Pharr,Starr,Maintenance,FIRM-AFF1,2024-08-06,3,293923.25,320473.25,180
A00208098,Pharr,Cameron,Maintenance,FIRM-AFF1,2024-08-17,3,785685.00,785685.00,365
A00208098,Pharr,Cameron,Maintenance,FIRM-5CC6,2024-08-17,3,785685.00,785685.00,365
A00208099,Pharr,Starr,Maintenance,FIRM-5CC6,2024-08-17,3,529902.00,529902.00,730
A00208099,Pharr,Starr,Maintenance,FIRM-AFF1,2024-08-17,3,529902.00,529902.00,730
A00206231,San Antonio,Bexar,Maintenance,FIRM-3FEF,2024-08-22,4,212600.00,247291.52,365
A00205959,Abilene,Taylor,Maintenance,FIRM-FAE7,2024-08-02,5,553523.06,666507.30,50
A00205965,Abilene,Scurry,Maintenance,FIRM-B029,2024-08-20,4,336613.00,434825.00,365
A00207511,Beaumont,Orange,Maintenance,FIRM-A40A,2024-08-01,6,379813.60,633899.85,29
A00193357,Beaumont,Jefferson,Maintenance,FIRM-035A,2024-08-14,5,127999.24,228002.50,12
A00210532,Brownwood,Brown,Maintenance,FIRM-FAE7,2024-08-22,3,767379.00,948449.76,60
A00210922,Brownwood,Brown,Maintenance,FIRM-DC30,2024-08-22,4,428950.80,564505.04,40
A00207541,Corpus Christi,Karnes,Maintenance,FIRM-A40A,2024-08-20,3,252597.00,235875.00,35
A00207538,Corpus Christi,Kleberg,Maintenance,FIRM-6244,2024-08-20,4,199640.00,170387.50,25
A00207539,Corpus Christi,Nueces,Maintenance,FIRM-A40A,2024-08-20,4,140026.00,105400.00,16
A00207542,Corpus Christi,San Patricio,Maintenance,FIRM-A40A,2024-08-20,4,198732.20,205325.00,22
A00209146,Dallas,Collin,Maintenance,FIRM-FAE7,2024-08-07,5,152014.36,240742.81,14
A00208462,Dallas,Dallas,Maintenance,FIRM-2C76,2024-08-07,5,128183.00,131400.00,9
A00208463,Dallas,Dallas,Maintenance,FIRM-2C76,2024-08-07,4,232474.00,230480.00,16
A00208093,Dallas,Denton,Maintenance,FIRM-FAE7,2024-08-07,4,31755.00,73076.00,6
A00209400,Dallas,Ellis,Maintenance,FIRM-2C76,2024-08-07,4,104642.00,104610.00,13
A00208687,Dallas,Kaufman,Maintenance,FIRM-FAE7,2024-08-07,4,78113.16,88868.72,23
A00208504,Dallas,Navarro,Maintenance,FIRM-FAE7,2024-08-07,4,222132.70,234787.85,36
A00188443,Dallas,Denton,Maintenance,FIRM-DC30,2024-08-07,3,364566.65,681634.98,40
A00208108,El Paso,El Paso,Maintenance,FIRM-A40A,2024-08-01,3,372991.00,407400.00,60
A00209317,Fort Worth,Wise,Maintenance,FIRM-2375,2024-08-01,5,382893.00,294397.00,40
A00209320,Fort Worth,Erath,Maintenance,FIRM-A40A,2024-08-01,5,463646.21,409213.50,56
A00209319,Fort Worth,Parker,Maintenance,FIRM-2375,2024-08-01,5,321041.55,274992.50,37
A00210303,Odessa,Ector,Maintenance,FIRM-A40A,2024-08-13,3,565230.00,324266.00,40
A00210302,Odessa,Midland,Maintenance,FIRM-FAE7,2024-08-13,3,370358.60,211100.00,37
A00210328,Odessa,Pecos,Maintenance,FIRM-FAE7,2024-08-13,3,259484.00,313900.00,30
A00209953,Paris,Hunt,Maintenance,FIRM-2375,2024-08-01,4,1785001.00,2021144.00,365
A00210171,Paris,Lamar,Maintenance,FIRM-B029,2024-08-02,6,1542915.00,2314000.00,365
A00211508,Paris,Fannin,Maintenance,FIRM-BA3C,2024-08-15,6,32382.00,41480.00,365
A00190828,San Angelo,Sutton,Maintenance,FIRM-16EC,2024-08-02,6,1277999.26,1160879.58,120
A00209410,Tyler,Wood,Maintenance,FIRM-A40A,2024-08-06,3,199087.80,161165.00,42
A00209409,Tyler,Henderson,Maintenance,FIRM-A40A,2024-08-13,2,506410.59,329985.00,42
A00211037,Waco,Bell,Maintenance,FIRM-A40A,2024-08-02,6,1167325.86,1145632.48,150
A00208032,Wichita Falls,Cooke,Maintenance,FIRM-3993,2024-08-13,12,46041.80,63206.80,32
A00209502,Yoakum,Calhoun,Maintenance,FIRM-AD0D,2024-08-01,8,1257941.13,1986616.45,75
A00210187,Pharr,Hidalgo,Maintenance,FIRM-AFF1,2024-08-17,3,652546.42,652546.42,730
A00210187,Pharr,Hidalgo,Maintenance,FIRM-5CC6,2024-08-17,3,652546.42,652546.42,730
A00194299,Corpus Christi,Karnes,Maintenance,FIRM-5CC6,2024-08-10,3,28665.00,28665.00,730
A00194299,Corpus Christi,Karnes,Maintenance,FIRM-8E6A,2024-08-10,3,28665.00,28665.00,730
A00211106,Lubbock,Lamb,Maintenance,FIRM-8E6A,2024-08-18,3,77280.12,77280.12,365
A00211106,Lubbock,Lamb,Maintenance,FIRM-5CC6,2024-08-18,3,77280.12,77280.12,365
A00210996,Paris,Fannin,Maintenance,FIRM-5CC6,2024-08-18,3,20040.00,20040.00,365
A00210996,Paris,Fannin,Maintenance,FIRM-87B3,2024-08-18,3,20040.00,20040.00,365
A00207146,Pharr,Cameron,Maintenance,FIRM-15B0,2024-08-06,2,49080.00,49080.00,365
A00207040,Pharr,Hidalgo,Maintenance,FIRM-EACA,2024-08-04,3,63161.40,63161.40,730
A00207040,Pharr,Hidalgo,Maintenance,FIRM-5CC6,2024-08-04,3,63161.40,63161.40,730
A00209466,Wichita Falls,Baylor,Maintenance,FIRM-5CC6,2024-08-31,3,20306.40,20306.40,730
A00209466,Wichita Falls,Baylor,Maintenance,FIRM-9042,2024-08-31,3,20306.40,20306.40,730
A00208288,Beaumont,Jefferson,Maintenance,FIRM-3866,2024-08-09,7,508346.00,614993.50,60
A00205783,Bryan,Freestone,Maintenance,FIRM-3FEF,2024-08-13,4,282875.00,277639.94,15
A00206926,Dallas,Denton,Maintenance,FIRM-1FAE,2024-08-07,5,256900.00,259500.00,365
A00209625,Lufkin,Angelina,Maintenance,FIRM-C1B7,2024-08-14,6,191034.00,181424.50,365
A00199244,Bryan,Walker,Maintenance,FIRM-CB2B,2024-08-13,4,163498.00,140357.00,36
A00209932,Paris,Grayson,Maintenance,FIRM-9419,2024-08-15,5,237915.00,252887.10,44
A00209934,Paris,Grayson,Maintenance,FIRM-2375,2024-08-15,7,241326.50,267092.36,72
A00195496,San Angelo,Coke,Maintenance,FIRM-88FE,2024-08-02,6,1693487.25,1814403.95,231
A00211430,Waco,Falls,Maintenance,FIRM-80FF,2024-08-23,2,3072072.00,4605394.00,120
A00207412,Beaumont,Jefferson,Maintenance,FIRM-75F3,2024-08-01,6,349447.00,808935.00,365
A00210227,Beaumont,Chambers,Maintenance,FIRM-2375,2024-08-27,3,153849.79,102655.50,15
A00207714,Corpus Christi,San Patricio,Maintenance,FIRM-7733,2024-08-20,2,548370.00,498637.50,365
A00201366,Fort Worth,Parker,Maintenance,FIRM-CEE4,2024-08-01,4,3345738.00,3366437.60,365
A00208273,Fort Worth,Tarrant,Maintenance,FIRM-CF08,2024-08-01,6,4068900.00,4319936.08,365
A00209915,Houston,Harris,Maintenance,FIRM-80E3,2024-08-02,3,14959422.62,27205771.48,730
A00207204,Houston,Brazoria,Maintenance,FIRM-23F6,2024-08-02,3,1898800.00,1818742.40,730
A00211145,Lubbock,Garza,Maintenance,FIRM-BD5E,2024-08-01,3,1099065.54,896621.50,60
A00209935,Paris,Hopkins,Maintenance,FIRM-A66A,2024-08-15,6,197281.00,220540.00,52
A00207153,Pharr,Cameron,Maintenance,FIRM-5CC6,2024-08-04,3,439393.50,439393.50,365
A00207153,Pharr,Cameron,Maintenance,FIRM-AFF1,2024-08-04,3,439393.50,439393.50,365
A00210983,San Antonio,Comal,Maintenance,FIRM-2B61,2024-08-01,8,2292836.66,2608172.46,365
A00211040,San Antonio,Bandera,Maintenance,FIRM-B173,2024-08-02,7,1543147.25,1624452.96,365
A00210634,Wichita Falls,Cooke,Maintenance,FIRM-3FEF,2024-08-01,10,533127.00,610218.00,79
A00210655,Amarillo,Moore,Maintenance,FIRM-3EB5,2024-08-01,4,2393353.00,2505216.50,120
A00210651,Amarillo,Randall,Maintenance,FIRM-C28C,2024-08-01,4,999165.00,1074068.00,120
A00210647,Amarillo,Carson,Maintenance,FIRM-6621,2024-08-01,4,387690.00,432740.00,120
A00210654,Amarillo,Potter,Maintenance,FIRM-4C9C,2024-08-01,4,145388.50,157432.00,120
A00210656,Amarillo,Hemphill,Maintenance,FIRM-EDAE,2024-08-02,3,726393.00,724724.00,120
A00210866,Atlanta,Bowie,Maintenance,FIRM-E5F6,2024-08-01,3,2893160.00,2701000.00,180
A00210571,Bryan,Brazos,Maintenance,FIRM-9D9B,2024-08-01,2,691600.00,730000.00,180
A00211012,Bryan,Walker,Maintenance,FIRM-4C9C,2024-08-13,3,202386.88,224640.00,365
A00211008,Bryan,Washington,Maintenance,FIRM-4C9C,2024-08-13,3,149182.32,168480.00,365
A00211011,Bryan,Brazos,Maintenance,FIRM-4C9C,2024-08-14,3,155851.04,168480.00,365
A00211444,Bryan,Walker,Maintenance,FIRM-4C9C,2024-08-14,4,245487.72,285200.00,365
A00207661,Corpus Christi,Karnes,Maintenance,FIRM-6621,2024-08-20,3,266400.00,275800.00,180
A00209566,Dallas,Collin,Maintenance,FIRM-61E5,2024-08-07,3,46109.00,48500.00,180
A00210880,Fort Worth,Erath,Maintenance,FIRM-9557,2024-08-01,2,1425000.00,1356000.00,180
A00211317,Fort Worth,Johnson,Maintenance,FIRM-B173,2024-08-01,4,979137.50,991305.00,180
A00209836,Fort Worth,Palo Pinto,Maintenance,FIRM-4C9C,2024-08-15,5,167088.00,185652.00,180
A00211184,Laredo,Dimmit,Maintenance,FIRM-E5F6,2024-08-22,3,343585.00,346140.00,182
A00211234,Lufkin,Trinity,Maintenance,FIRM-B173,2024-08-06,3,203500.00,210000.00,180
A00210562,Odessa,Ector,Maintenance,FIRM-CE22,2024-08-13,3,28750.00,35000.00,120
A00209456,Paris,Grayson,Maintenance,FIRM-0C1D,2024-08-01,3,1495416.00,1654500.00,182
A00209686,Paris,Fannin,Maintenance,FIRM-9D9B,2024-08-15,2,291750.00,301250.00,182
A00209951,Paris,Hunt,Maintenance,FIRM-0C1D,2024-08-15,4,463500.00,459000.00,120
A00210261,Paris,Hunt,Maintenance,FIRM-E5F6,2024-08-15,3,414850.00,412500.00,120
A00210467,Tyler,Wood,Maintenance,FIRM-B173,2024-08-01,3,1896800.00,1764400.00,365
A00209747,Waco,Coryell,Maintenance,FIRM-8056,2024-08-01,5,1892350.00,1783500.00,183
A00209743,Waco,Hill,Maintenance,FIRM-8056,2024-08-01,4,1778575.00,1696600.00,183
A00209744,Waco,McLennan,Maintenance,FIRM-B173,2024-08-01,4,2213910.00,2252250.00,183
A00209769,Waco,Bell,Maintenance,FIRM-4C9C,2024-08-02,3,529032.92,537674.78,183
A00209746,Waco,Bell,Maintenance,FIRM-B173,2024-08-02,5,1496929.00,1488800.00,183
A00203459,Austin,Travis,Maintenance,FIRM-CF69,2024-09-11,6,216995.00,271733.10,66
A00209235,Houston,Montgomery,Maintenance,FIRM-C20C,2024-10-15,2,229800.00,263000.00,365
A00206078,Amarillo,Potter,Maintenance,FIRM-1859,2025-02-06,8,1595496.40,2003276.25,140
A00210143,Amarillo,Potter,Maintenance,FIRM-A646,2026-06-03,11,1256310.30,1720012.45,80
A00207554,Atlanta,Morris,Maintenance,FIRM-3FEF,2024-09-04,5,842650.00,995529.07,90
A00211363,Bryan,Brazos,Maintenance,FIRM-31A1,2024-11-12,6,114951.50,127279.83,48
A00186735,Bryan,Walker,Maintenance,FIRM-3FEF,2024-11-12,7,283536.00,299050.00,12
A00205547,Bryan,Brazos,Maintenance,FIRM-649E,2025-01-15,3,873660.60,896350.00,365
A00210413,Childress,Childress,Maintenance,FIRM-F23B,2024-09-05,11,754020.00,937520.00,102
A00210414,Childress,Donley,Maintenance,FIRM-2479,2024-10-08,8,724905.60,745135.00,102
A00192155,Corpus Christi,Refugio,Maintenance,FIRM-3D12,2025-05-20,8,568771.00,740979.00,21
A00211120,Dallas,Collin,Maintenance,FIRM-6755,2024-10-09,8,50101.00,52286.02,9
A00208038,Dallas,Denton,Maintenance,FIRM-3FEF,2024-10-09,9,147816.00,176550.00,16
A00210878,Dallas,Kaufman,Maintenance,FIRM-08FE,2024-09-11,4,212135.00,227430.00,180
A00211506,Dallas,Denton,Maintenance,FIRM-D0C9,2024-11-13,3,31200.00,22080.00,240
A00210586,Dallas,Denton,Maintenance,FIRM-0A63,2025-01-08,7,924426.77,1062025.00,365
A00211524,Dallas,Ellis,Maintenance,FIRM-3FEF,2025-03-04,5,1343904.30,1654884.75,65
A00209147,Dallas,Collin,Maintenance,FIRM-7C19,2026-02-11,5,278461.00,333800.00,365
A00207380,El Paso,El Paso,Maintenance,FIRM-7519,2025-12-09,8,555941.00,861118.00,104
A00208005,Houston,Harris,Maintenance,FIRM-7519,2025-08-12,7,249972.00,343120.00,40
A00209399,Paris,Red River,Maintenance,FIRM-A66A,2025-01-16,7,164232.00,208978.00,32
A00206162,Paris,Grayson,Maintenance,FIRM-BD5E,2025-07-24,5,496711.00,751000.00,40
A00210529,San Antonio,Bexar,Maintenance,FIRM-6755,2024-11-14,6,174951.00,185056.92,27
A00155357,San Antonio,Bexar,Maintenance,FIRM-E152,2025-01-16,9,218588.00,251787.22,50
A00206347,San Antonio,Medina,Maintenance,FIRM-E152,2025-01-16,9,149921.00,198876.44,23
A00189581,San Antonio,Comal,Maintenance,FIRM-6755,2025-02-20,14,135300.00,190731.48,25
A00185435,San Antonio,Comal,Maintenance,FIRM-6755,2025-02-20,13,100463.00,180083.27,38
A00210463,San Antonio,Kerr,Maintenance,FIRM-6755,2025-02-20,12,69326.00,82335.06,26
A00206740,San Antonio,Bexar,Maintenance,FIRM-3FEF,2025-07-23,4,98815.00,100507.41,14
A00209709,Waco,McLennan,Maintenance,FIRM-3FEF,2024-09-05,6,1743360.00,1674713.84,110
A00210610,Waco,McLennan,Maintenance,FIRM-6755,2024-09-05,4,700293.00,1179886.00,365
A00209955,Waco,Bell,Maintenance,FIRM-94A8,2024-09-06,5,716115.50,1413106.00,365
A00192573,Corpus Christi,Live Oak,Maintenance,FIRM-5CC6,2024-09-14,3,126345.48,126345.48,730
A00192573,Corpus Christi,Live Oak,Maintenance,FIRM-3C1E,2024-09-14,3,126345.48,126345.48,730
A00210890,Houston,Harris,Maintenance,FIRM-4A0B,2025-01-08,5,12667795.34,12218920.00,730
A00206122,Beaumont,Chambers,Maintenance,FIRM-CB2B,2025-03-04,5,1336896.47,1676085.28,730
A00206147,Beaumont,Jasper,Maintenance,FIRM-CB2B,2025-03-04,4,1566440.87,1796806.60,730
A00206157,Beaumont,Liberty,Maintenance,FIRM-2EFC,2025-03-04,6,1724765.60,1762037.00,730
A00206160,Beaumont,Newton,Maintenance,FIRM-4621,2025-03-04,5,786497.00,1023392.00,730
A00206242,Beaumont,Tyler,Maintenance,FIRM-CB2B,2025-03-04,5,911983.00,1051000.00,730
A00206151,Beaumont,Hardin,Maintenance,FIRM-4621,2025-03-05,4,905969.00,1283250.00,730
A00206127,Beaumont,Jefferson,Maintenance,FIRM-CC20,2025-03-11,5,403895.52,586688.00,730
A00206238,Beaumont,Jefferson,Maintenance,FIRM-CC20,2025-03-11,8,444169.76,636720.00,730
A00206171,Beaumont,Orange,Maintenance,FIRM-4621,2025-03-11,5,677504.00,951980.00,730
A00209680,Amarillo,Gray,Maintenance,FIRM-75F3,2025-04-23,3,354520.00,551955.00,365
A00210306,Atlanta,Cass,Maintenance,FIRM-CB2B,2024-10-09,4,615004.00,657725.00,150
A00210071,Austin,Travis,Maintenance,FIRM-D40E,2024-11-06,5,1427650.00,1500250.00,730
A00210080,Austin,Williamson,Maintenance,FIRM-CB2B,2025-01-15,4,294003.00,378254.00,118
A00210084,Austin,Travis,Maintenance,FIRM-621E,2025-02-12,4,253920.00,261384.00,93
A00210091,Austin,Lee,Maintenance,FIRM-B122,2025-03-12,5,432188.94,508632.00,164
A00210102,Austin,Caldwell,Maintenance,FIRM-E2B5,2025-04-09,6,337017.00,426896.00,194
A00210087,Austin,Travis,Maintenance,FIRM-B384,2025-04-09,5,226689.68,234478.00,110
A00210104,Austin,Travis,Maintenance,FIRM-CE22,2025-05-14,3,146974.00,163270.00,730
A00210127,Austin,Bastrop,Maintenance,FIRM-1A77,2025-08-13,2,123654.00,140184.00,120
A00206247,Beaumont,Jasper,Maintenance,FIRM-D896,2024-09-05,3,2350250.45,2414590.00,730
A00206959,Beaumont,Jasper,Maintenance,FIRM-CB2B,2024-11-13,4,362870.00,394450.00,365
A00206953,Beaumont,Jefferson,Maintenance,FIRM-CB2B,2024-11-13,4,404890.00,505230.00,365
A00210986,Childress,Wheeler,Maintenance,FIRM-75F3,2024-09-03,4,140644.00,162300.00,730
A00208165,Dallas,Denton,Maintenance,FIRM-75F3,2024-09-11,6,796757.00,999735.50,365
A00211018,Dallas,Collin,Maintenance,FIRM-CB36,2024-10-09,5,386560.00,553577.28,365
A00207997,Dallas,Collin,Maintenance,FIRM-AC3C,2024-10-31,5,102300.00,151682.00,365
A00200575,Dallas,Denton,Maintenance,FIRM-AC3C,2024-10-31,5,139435.00,208112.00,365
A00210585,Dallas,Denton,Maintenance,FIRM-B029,2025-01-15,6,438010.00,808480.00,365
A00211523,Dallas,Ellis,Maintenance,FIRM-EFD2,2025-05-07,6,557450.00,764700.00,365
A00211525,Dallas,Ellis,Maintenance,FIRM-01A6,2025-06-11,6,260994.00,373267.50,365
A00211116,Fort Worth,Wise,Maintenance,FIRM-75F3,2024-09-05,6,1231667.00,1628420.00,365
A00210326,Fort Worth,Tarrant,Maintenance,FIRM-7C19,2024-11-06,3,3509156.65,2351784.15,365
A00211488,Fort Worth,Tarrant,Maintenance,FIRM-6731,2024-12-03,9,241177.00,349690.19,365
A00200313,Fort Worth,Tarrant,Maintenance,FIRM-3E2B,2025-05-01,2,2385405.00,1967200.00,730
A00207748,Fort Worth,Johnson,Maintenance,FIRM-94A8,2025-06-05,9,865191.00,1113881.00,365
A00211370,Fort Worth,Johnson,Maintenance,FIRM-6731,2025-07-24,9,240333.90,538933.55,365
A00210093,Houston,Montgomery,Maintenance,FIRM-33FF,2024-09-10,4,505509.43,595965.10,90
A00210145,Houston,Montgomery,Maintenance,FIRM-2375,2024-09-10,5,1020636.40,887172.00,180
A00207982,Houston,Montgomery,Maintenance,FIRM-7C19,2024-09-10,4,580072.00,656238.60,365
A00190889,Houston,Fort Bend,Maintenance,FIRM-E675,2024-09-10,5,531689.00,537880.50,365
A00209870,Houston,Montgomery,Maintenance,FIRM-DC30,2024-09-10,5,818891.93,902442.28,730
A00210608,Houston,Montgomery,Maintenance,FIRM-4D95,2024-10-02,5,1000062.00,1542200.00,731
A00210908,Houston,Fort Bend,Maintenance,FIRM-B705,2024-10-15,6,480272.50,524725.00,365
A00139794,Houston,Brazoria,Maintenance,FIRM-196E,2024-11-12,5,623625.00,664935.40,365
A00207113,Houston,Montgomery,Maintenance,FIRM-6D7D,2024-12-04,5,845281.18,943946.08,239
A00176523,Houston,Brazoria,Maintenance,FIRM-8D8B,2025-01-14,4,475750.00,582369.97,365
A00194712,Houston,Harris,Maintenance,FIRM-1A77,2025-06-04,3,2832039.24,3881536.84,365
A00208664,Houston,Harris,Maintenance,FIRM-DA34,2025-06-10,4,220450.00,352850.00,365
A00211352,Lubbock,Crosby,Maintenance,FIRM-CE80,2024-10-08,6,668656.00,816252.00,730
A00211354,Lubbock,Swisher,Maintenance,FIRM-CB2B,2024-10-08,4,514012.00,572920.00,730
A00211364,Lufkin,Angelina,Maintenance,FIRM-6513,2024-09-11,5,432900.00,395450.00,365
A00211338,Paris,Grayson,Maintenance,FIRM-196E,2024-09-19,2,318000.00,225800.00,365
A00210170,San Angelo,Tom Green,Maintenance,FIRM-6731,2025-07-22,10,101768.00,246591.00,365
A00211306,San Antonio,Frio,Maintenance,FIRM-B029,2024-10-01,3,1121650.00,1720000.00,365
A00211311,San Antonio,Bexar,Maintenance,FIRM-B029,2024-10-02,5,1646250.00,2423750.00,365
A00206051,Tyler,Cherokee,Maintenance,FIRM-BEFC,2025-12-09,9,667922.97,715627.84,112
A00205446,Waco,Bell,Maintenance,FIRM-01A6,2024-10-02,7,4363168.50,7878178.80,365
A00183992,Yoakum,Victoria,Maintenance,FIRM-B705,2025-04-24,4,155122.55,164716.75,365
A00210076,Austin,Blanco,Maintenance,FIRM-45A9,2025-01-08,3,1825710.00,2187600.00,365
A00210094,Austin,Travis,Maintenance,FIRM-EBF6,2025-02-06,2,1708860.00,1863900.00,365
A00210522,Bryan,Grimes,Maintenance,FIRM-6621,2025-09-09,3,508000.00,374400.00,365
A00210519,Bryan,Milam,Maintenance,FIRM-6621,2025-10-14,5,412800.00,358400.00,365
A00207537,Corpus Christi,Karnes,Maintenance,FIRM-37C1,2024-10-02,5,1502474.21,1596863.10,14
A00211127,Corpus Christi,Aransas,Maintenance,FIRM-A922,2024-11-06,3,1776045.47,1845144.85,34
A00210121,Dallas,Denton,Maintenance,FIRM-61E5,2024-09-11,3,45506.00,57950.00,240
A00211441,Dallas,Navarro,Maintenance,FIRM-EBF6,2024-09-11,2,154900.00,157500.00,365
A00210438,Dallas,Denton,Maintenance,FIRM-EBF6,2025-02-12,4,142560.00,178200.00,120
A00191474,Laredo,Val Verde,Maintenance,FIRM-EBF6,2024-10-24,2,283920.00,299520.00,182
A00210970,Laredo,Maverick,Maintenance,FIRM-37C1,2024-10-02,3,3876465.82,4456701.32,120
A00210904,Lubbock,Lubbock,Maintenance,FIRM-6621,2024-09-10,4,147200.00,175000.00,180
A00208908,San Angelo,Sutton,Maintenance,FIRM-61E5,2024-09-26,3,36138.00,40812.00,180
A00210057,Austin,Bastrop,Maintenance,FIRM-75F3,2024-09-05,5,1138216.00,2991733.68,730
A00210089,Austin,Travis,Maintenance,FIRM-6755,2025-04-03,4,2534513.00,3745615.00,730
A00207313,Dallas,Collin,Maintenance,FIRM-035A,2024-09-11,7,255025.00,357838.81,30
A00210572,Dallas,Denton,Maintenance,FIRM-3866,2024-10-31,7,293532.00,377358.00,29
A00191714,Houston,Brazoria,Maintenance,FIRM-2375,2025-03-11,9,678427.00,917667.96,365
A00210120,Houston,Harris,Maintenance,FIRM-31A1,2024-10-15,5,632000.00,664000.00,365
A00139797,Houston,Brazoria,Maintenance,FIRM-9200,2025-03-05,7,1892568.70,2045252.35,66
A00204765,Lubbock,Lubbock,Maintenance,FIRM-1338,2025-09-16,2,395450.00,248250.00,365
A00210436,Tyler,Van Zandt,Maintenance,FIRM-C3C1,2025-03-11,5,167715.00,172465.00,43
A00196393,Waco,McLennan,Maintenance,FIRM-CB2B,2025-09-05,5,1576247.00,1819359.90,365
A00185070,Yoakum,Colorado,Maintenance,FIRM-D186,2025-01-17,4,146024.63,199658.10,30
A00202264,Abilene,Taylor,Maintenance,FIRM-BC9E,2025-03-10,2,466240.00,469087.05,16
A00204543,Abilene,Fisher,Maintenance,FIRM-0203,2025-04-01,5,176616.00,216799.00,365
A00207646,Amarillo,Potter,Maintenance,FIRM-A40A,2024-09-05,4,2379129.77,1729454.75,80
A00211152,Atlanta,Titus,Maintenance,FIRM-A40A,2024-09-04,2,624941.00,478250.00,43
A00210117,Austin,Bastrop,Maintenance,FIRM-1BB8,2025-07-09,4,214796.50,209705.72,25
A00210118,Austin,Burnet,Maintenance,FIRM-1BB8,2025-07-09,5,235390.93,317755.50,35
A00210122,Austin,Hays,Maintenance,FIRM-1BB8,2025-07-09,4,176920.20,174786.81,32
A00210116,Austin,Williamson,Maintenance,FIRM-1BB8,2025-07-09,4,265380.95,255168.75,35
A00210959,Childress,Childress,Maintenance,FIRM-A40A,2024-10-08,5,867300.00,826000.00,25
A00206929,Dallas,Denton,Maintenance,FIRM-6755,2024-10-31,7,98979.00,109887.80,50
A00210584,Dallas,Denton,Maintenance,FIRM-0A63,2025-01-03,7,45887.00,74211.00,23
A00210180,Dallas,Kaufman,Maintenance,FIRM-B686,2024-09-11,9,227054.00,302677.00,115
A00207852,Dallas,Denton,Maintenance,FIRM-1A77,2024-10-31,2,669741.13,786950.60,180
A00210577,Dallas,Denton,Maintenance,FIRM-2C76,2024-11-13,8,190368.00,231609.60,365
A00210576,Dallas,Denton,Maintenance,FIRM-1A0B,2024-11-13,5,482476.00,573777.89,365
A00210575,Dallas,Denton,Maintenance,FIRM-3993,2024-11-13,13,150125.00,196516.00,40
A00211485,Dallas,Navarro,Maintenance,FIRM-D535,2025-01-08,8,631956.08,1024351.20,365
A00210578,Dallas,Denton,Maintenance,FIRM-1A0B,2025-01-15,4,542325.00,585575.00,365
A00210587,Dallas,Denton,Maintenance,FIRM-DC30,2025-02-12,4,89077.50,149439.00,34
A00206885,Dallas,Navarro,Maintenance,FIRM-DC30,2025-02-12,5,48005.25,73172.48,25
A00210309,Lubbock,Hale,Maintenance,FIRM-A40A,2024-09-05,4,892524.00,501258.50,48
A00210308,Lubbock,Lamb,Maintenance,FIRM-FAE7,2024-09-05,4,607346.32,637376.50,61
A00210307,Lubbock,Terry,Maintenance,FIRM-FAE7,2024-09-05,4,458987.12,420966.00,40
A00211191,Paris,Hopkins,Maintenance,FIRM-DAA9,2024-09-19,5,237146.61,281556.00,49
A00209245,Paris,Hunt,Maintenance,FIRM-DAA9,2024-09-19,5,325000.44,287760.00,48
A00211190,Paris,Lamar,Maintenance,FIRM-DAA9,2024-09-19,3,417320.67,280767.85,48
A00210468,Paris,Grayson,Maintenance,FIRM-196E,2024-09-19,3,544200.00,573200.00,365
A00211271,Pharr,Hidalgo,Maintenance,FIRM-AD0D,2025-01-07,5,1576455.03,2518644.70,120
A00211263,Pharr,Hidalgo,Maintenance,FIRM-6244,2025-06-11,4,1106111.87,885730.00,40
A00211148,San Angelo,Kimble,Maintenance,FIRM-85EC,2024-11-19,6,737490.43,655626.30,60
A00208461,Tyler,Gregg,Maintenance,FIRM-CB36,2024-09-05,6,1425453.00,1587400.00,730
A00208459,Tyler,Henderson,Maintenance,FIRM-CB36,2024-09-05,6,1051801.00,1247250.00,730
A00208460,Tyler,Smith,Maintenance,FIRM-7C19,2024-09-05,6,1341365.00,1450375.00,730
A00210612,Waco,Hill,Maintenance,FIRM-9C62,2024-09-05,8,2640060.24,3575842.85,120
A00209459,Wichita Falls,Baylor,Maintenance,FIRM-6244,2024-11-20,6,1232489.94,903860.91,53
A00190663,Houston,Harris,Maintenance,FIRM-5CC6,2024-11-17,3,16080.34,16080.34,365
A00190663,Houston,Harris,Maintenance,FIRM-EF52,2024-11-17,3,16080.34,16080.34,365
A00209952,Amarillo,Potter,Maintenance,FIRM-F23B,2025-06-05,9,1052829.50,1301967.00,94
A00207962,Austin,Travis,Maintenance,FIRM-CF69,2024-09-11,8,193989.00,216480.03,69
A00211114,Dallas,Dallas,Maintenance,FIRM-A646,2024-10-09,4,493270.00,822625.00,11
A00195227,Houston,Brazoria,Maintenance,FIRM-3866,2026-07-14,10,378060.00,560454.40,50
A00197067,Pharr,Cameron,Maintenance,FIRM-2C76,2025-01-07,7,585185.00,700355.00,120
A00211439,Tyler,Henderson,Maintenance,FIRM-31A1,2024-09-17,8,460630.00,431410.00,240
A00205606,Beaumont,Jasper,Maintenance,FIRM-9640,2024-09-25,5,579509.10,692175.71,93
A00207367,Dallas,Kaufman,Maintenance,FIRM-008F,2025-06-04,4,4164553.25,4381737.30,160
A00210950,Houston,Harris,Maintenance,FIRM-4055,2024-10-15,5,446000.00,549750.00,365
A00203365,Houston,Harris,Maintenance,FIRM-80E3,2025-02-06,5,4149300.00,6402371.23,730
A00209505,Houston,Brazoria,Maintenance,FIRM-D896,2024-09-10,8,622840.00,809762.94,730
A00210609,Houston,Montgomery,Maintenance,FIRM-4D95,2024-10-01,6,1109686.00,1571674.91,365
A00190666,Houston,Harris,Maintenance,FIRM-8D8B,2025-06-04,4,7981348.60,8414516.50,365
A00211442,Tyler,Smith,Maintenance,FIRM-C3C1,2024-09-10,8,227017.00,245235.00,50
A00208402,Wichita Falls,Wichita,Maintenance,FIRM-88FE,2025-08-08,5,1562345.20,1454615.81,141
A00210523,Austin,Burnet,Maintenance,FIRM-B379,2025-04-09,12,347061.00,509574.24,96
A00210073,Austin,Burnet,Maintenance,FIRM-6755,2025-02-07,6,1043063.00,3830745.00,730
A00210124,Austin,Hays,Maintenance,FIRM-6755,2025-04-04,5,535511.50,1248865.00,730
A00210101,Austin,Travis,Maintenance,FIRM-D40E,2025-04-03,3,917361.00,1199974.00,730
A00210069,Austin,Hays,Maintenance,FIRM-C449,2025-08-08,4,1988790.22,1744478.86,730
A00210097,Austin,Travis,Maintenance,FIRM-9A50,2025-08-13,2,822148.32,889217.05,102
A00210106,Austin,Travis,Maintenance,FIRM-8D8B,2026-05-13,6,338450.00,333200.00,730
A00211186,Beaumont,Chambers,Maintenance,FIRM-7B58,2024-10-02,5,800597.44,1004476.56,30
A00207085,Beaumont,Liberty,Maintenance,FIRM-80E3,2024-10-02,4,4579980.00,6109209.00,730
A00190003,Corpus Christi,Bee,Maintenance,FIRM-336E,2026-04-14,4,407828.00,491500.00,365
A00209970,Dallas,Dallas,Maintenance,FIRM-1FAE,2024-10-01,13,1712318.00,2368220.00,103
A00211170,Dallas,Collin,Maintenance,FIRM-6755,2024-10-09,9,60242.00,69251.84,22
A00209741,Dallas,Dallas,Maintenance,FIRM-7362,2025-03-05,4,2186275.00,2605831.70,850
A00194327,El Paso,El Paso,Maintenance,FIRM-9A1B,2024-09-06,8,1220296.00,1247490.20,100
A00207981,Houston,Montgomery,Maintenance,FIRM-CB57,2025-04-15,5,160976.09,195592.96,21
A00189031,Houston,Harris,Maintenance,FIRM-CB57,2025-06-04,5,1718247.52,1969787.27,90
A00210440,Laredo,Webb,Maintenance,FIRM-9419,2024-11-12,5,964255.00,936985.60,160
A00208433,Laredo,La Salle,Maintenance,FIRM-C464,2024-10-24,2,673645.00,509369.95,365
A00210046,Lubbock,Lubbock,Maintenance,FIRM-2C76,2024-10-03,8,922390.00,1018220.00,100
A00210615,Lubbock,Hale,Maintenance,FIRM-6755,2024-10-02,3,2193772.50,2224912.00,365
A00210697,Lubbock,Lubbock,Maintenance,FIRM-9BD8,2025-09-23,2,1305473.85,945676.90,51
A00200304,Odessa,Ector,Maintenance,FIRM-00C2,2025-03-04,4,1293571.00,1004746.35,40
A00209936,Paris,Red River,Maintenance,FIRM-9ED8,2024-11-21,7,327282.00,430775.50,53
A00151488,Pharr,Cameron,Maintenance,FIRM-2375,2025-09-04,6,487387.00,591344.25,120
A00211402,San Angelo,Kimble,Maintenance,FIRM-6755,2024-10-15,10,652583.00,987486.87,180
A00205469,Yoakum,Wharton,Maintenance,FIRM-6244,2025-04-28,10,602966.86,844963.50,45
A00207878,Yoakum,Gonzales,Maintenance,FIRM-6755,2025-05-06,6,388629.00,577410.00,75
A00206750,Yoakum,Lavaca,Maintenance,FIRM-31A1,2024-11-13,7,596669.25,549238.25,90
A00210031,Austin,Blanco,Maintenance,FIRM-3436,2024-09-06,7,2590000.00,2691800.00,365
A00210066,Austin,Hays,Maintenance,FIRM-573E,2024-10-02,5,2044980.00,2122800.00,365
A00210072,Austin,Bastrop,Maintenance,FIRM-6621,2024-11-06,2,2121750.00,1873500.00,365
A00210078,Austin,Bastrop,Maintenance,FIRM-C764,2025-01-15,3,618846.00,654000.00,365
A00210090,Austin,Burnet,Maintenance,FIRM-C764,2025-03-12,3,835730.00,834700.00,365
A00210095,Austin,Bastrop,Maintenance,FIRM-CE22,2025-03-12,5,178668.50,185900.00,365
A00210128,Austin,Travis,Maintenance,FIRM-4C9C,2025-08-13,3,605977.13,631031.00,365
A00210517,Dallas,Dallas,Maintenance,FIRM-9D9B,2024-09-11,2,275400.00,297000.00,210
A00210518,Dallas,Dallas,Maintenance,FIRM-9D9B,2024-09-11,2,261000.00,275000.00,210
A00210875,Dallas,Kaufman,Maintenance,FIRM-C764,2024-09-11,3,176836.25,183625.00,180
A00211443,Dallas,Navarro,Maintenance,FIRM-C764,2024-09-11,3,73330.00,73600.00,210
A00209547,Dallas,Collin,Maintenance,FIRM-4C9C,2024-09-11,3,82060.50,97500.00,210
A00209548,Dallas,Collin,Maintenance,FIRM-4C9C,2024-09-11,3,178903.00,217600.00,210
A00210510,Dallas,Dallas,Maintenance,FIRM-7B24,2024-09-11,3,902853.00,486750.00,210
A00210511,Dallas,Dallas,Maintenance,FIRM-4C9C,2024-09-11,3,333847.50,412500.00,210
A00210515,Dallas,Dallas,Maintenance,FIRM-4C9C,2024-09-11,3,229961.00,255200.00,210
A00210516,Dallas,Dallas,Maintenance,FIRM-4C9C,2024-09-11,3,177500.50,196100.00,210
A00209485,Dallas,Denton,Maintenance,FIRM-7B24,2024-09-11,3,173808.00,84480.00,210
A00210021,Dallas,Denton,Maintenance,FIRM-4C9C,2024-09-11,3,126376.00,134400.00,210
A00210879,Dallas,Kaufman,Maintenance,FIRM-4C9C,2024-09-11,3,237240.00,262800.00,210
A00211440,Dallas,Navarro,Maintenance,FIRM-7B24,2024-09-11,2,144450.00,137500.00,210
A00210539,Dallas,Denton,Maintenance,FIRM-C764,2024-10-09,3,79415.00,82500.00,120
A00210537,Dallas,Denton,Maintenance,FIRM-D0C9,2025-01-15,3,89874.00,74700.00,120
A00211497,Dallas,Denton,Maintenance,FIRM-CEE4,2025-02-12,5,78950.00,86800.00,240
A00209696,Dallas,Dallas,Maintenance,FIRM-B8AE,2025-01-08,5,1020538.00,1406343.00,28
A00209695,Dallas,Dallas,Maintenance,FIRM-3F89,2025-01-15,5,800466.21,983771.00,61
A00210588,Dallas,Denton,Maintenance,FIRM-CEE4,2025-04-09,5,591651.10,773080.35,63
A00210360,El Paso,El Paso,Maintenance,FIRM-CE22,2024-09-09,3,919927.00,864785.00,365
A00210484,El Paso,El Paso,Maintenance,FIRM-698A,2025-01-06,3,27400.00,30200.00,365
A00209742,El Paso,El Paso,Maintenance,FIRM-698A,2025-02-11,2,547600.00,595000.00,365
A00210008,Fort Worth,Tarrant,Maintenance,FIRM-4C9C,2024-09-19,4,560682.00,601500.00,180
A00210993,Houston,Montgomery,Maintenance,FIRM-E3EE,2025-04-15,2,96250.00,96250.00,365
A00207983,Houston,Harris,Maintenance,FIRM-CA7F,2024-11-26,5,345227.30,571547.40,180
A00208608,Houston,Harris,Maintenance,FIRM-CA7F,2025-07-02,4,2239840.00,3266121.91,365
A00210903,Lubbock,Lubbock,Maintenance,FIRM-3EB5,2024-09-10,3,169383.00,180500.00,180
A00210148,Paris,Hopkins,Maintenance,FIRM-4C9C,2024-10-17,3,377832.65,333235.00,182
A00209674,Paris,Hunt,Maintenance,FIRM-CE22,2024-10-17,5,445000.00,714000.00,182
A00211404,Pharr,Hidalgo,Maintenance,FIRM-E5F6,2024-09-06,3,1150440.00,1145000.00,120
A00205628,Pharr,Hidalgo,Maintenance,FIRM-C764,2025-11-05,3,6644252.06,6845338.00,365
A00211265,Pharr,Hidalgo,Maintenance,FIRM-E3EE,2025-11-24,2,370670.00,371000.00,365
A00211491,Pharr,Hidalgo,Maintenance,FIRM-1D29,2024-10-02,3,1893237.00,2424238.97,40
A00211276,Pharr,Cameron,Maintenance,FIRM-E289,2026-04-07,5,4198452.50,3735225.46,60
A00208906,San Angelo,Runnels,Maintenance,FIRM-E5F6,2024-09-26,3,549065.00,618604.00,180
A00210435,Tyler,Gregg,Maintenance,FIRM-1E51,2024-12-03,2,1325170.00,1080930.00,365
A00210545,Tyler,Cherokee,Maintenance,FIRM-840D,2024-09-05,5,1926120.95,2156897.50,16
A00210546,Tyler,Wood,Maintenance,FIRM-4D5C,2024-09-05,4,2296091.21,2195451.50,21
A00210591,Tyler,Gregg,Maintenance,FIRM-EBCE,2024-10-01,4,3163446.00,2843885.00,49
A00210434,Tyler,Smith,Maintenance,FIRM-4D5C,2025-04-04,3,3527042.00,3496043.00,26
A00181880,Waco,Hill,Maintenance,FIRM-E5F6,2024-12-04,3,1057040.00,1126000.00,365
A00210732,Wichita Falls,Archer,Maintenance,FIRM-D8DE,2024-09-11,3,509211.00,550500.00,180
A00211119,Yoakum,De Witt,Maintenance,FIRM-3436,2024-09-10,5,272155.00,292500.00,180
A00213451,San Antonio,Bexar,Construction,FIRM-4A0B,2026-03-04,6,2101093.30,2639423.53,130
A00196423,San Antonio,Bexar,Construction,FIRM-6513,2026-06-02,4,2201472.00,2949230.00,175
A00209805,Austin,Blanco,Construction,FIRM-81BD,2025-09-05,9,507632.56,742494.35,180
A00176113,Brownwood,Brown,Construction,FIRM-BBB8,2025-02-06,7,2883374.13,4088339.88,125
A00187099,Brownwood,Eastland,Construction,FIRM-EBAD,2026-01-06,8,952952.03,1180985.23,48
A00187100,Brownwood,Brown,Construction,FIRM-EBAD,2026-01-07,7,1851158.82,2313757.04,92
A00195009,Fort Worth,Johnson,Construction,FIRM-8D37,2025-12-03,4,2872329.07,2876136.22,108
A00134707,Pharr,Cameron,Construction,FIRM-7733,2024-09-06,4,6481370.35,6162380.75,100
A00186990,San Antonio,Bexar,Construction,FIRM-B379,2026-07-02,8,3303411.00,4603719.40,214
A00208026,Atlanta,Cass,Construction,FIRM-8698,2025-07-01,2,828166.25,925427.18,110
A00196602,Beaumont,Jefferson,Construction,FIRM-2C76,2025-01-07,6,1855370.00,1898234.62,270
A00134325,Beaumont,Jefferson,Construction,FIRM-2375,2025-04-03,6,198960.00,230308.80,139
A00043255,Beaumont,Hardin,Construction,FIRM-B173,2026-02-04,3,190948.00,120914.00,21
A00214620,Childress,Hardeman,Construction,FIRM-EBBA,2026-03-05,3,112207.00,71462.51,29
A00204123,Childress,Childress,Construction,FIRM-9C62,2024-10-01,6,1519265.56,2033741.96,142
A00176801,Corpus Christi,Nueces,Construction,FIRM-D186,2025-03-05,6,335262.33,373527.71,30
A00206419,Dallas,Dallas,Construction,FIRM-8698,2025-03-05,3,462427.00,391415.75,40
A00206422,Dallas,Dallas,Construction,FIRM-CA49,2026-06-03,6,353981.40,436623.50,50
A00212610,El Paso,El Paso,Construction,FIRM-9A1B,2025-03-05,8,2373713.00,2596795.52,97
A00209445,Houston,Montgomery,Construction,FIRM-BCBF,2026-01-06,8,4872184.63,4888551.88,66
A00210232,Houston,Harris,Construction,FIRM-EEA6,2026-03-05,3,910738.56,849603.93,109
A00196689,Laredo,Webb,Construction,FIRM-74BB,2025-03-04,7,3111940.00,3082511.60,400
A00184531,Laredo,Webb,Construction,FIRM-C464,2024-10-02,5,1161106.04,1224873.01,165
A00138757,San Antonio,Bexar,Construction,FIRM-52AC,2025-01-08,5,141123.05,178634.52,24
A00184686,San Antonio,Bexar,Construction,FIRM-1338,2025-07-01,7,1122572.65,1318899.09,135
A00193476,San Antonio,Bexar,Construction,FIRM-C449,2026-07-01,8,1259523.52,1495172.83,180
A00178244,Atlanta,Bowie,Construction,FIRM-BBB8,2025-02-06,7,3631142.74,3703987.00,117
A00187027,Atlanta,Cass,Construction,FIRM-BBB8,2026-01-07,4,3492988.12,3554909.46,119
A00184187,Beaumont,Jefferson,Construction,FIRM-4D83,2025-07-01,5,702600.00,591184.20,40
A00200263,Beaumont,Chambers,Construction,FIRM-A992,2026-05-07,9,310773.00,379570.00,43
A00214577,Beaumont,Jefferson,Construction,FIRM-92DA,2026-06-02,9,750343.00,1065220.00,57
A00184278,Beaumont,Chambers,Construction,FIRM-E675,2026-08-06,4,224135.44,734197.10,28
A00196613,Beaumont,Jefferson,Construction,FIRM-DC30,2025-01-08,6,1798959.01,3063064.65,163
A00196607,Beaumont,Jefferson,Construction,FIRM-8D8B,2025-01-08,11,797582.25,1033616.00,80
A00196608,Beaumont,Jefferson,Construction,FIRM-8D8B,2026-01-06,13,241946.88,197092.50,26
A00212586,Beaumont,Liberty,Construction,FIRM-DC30,2026-05-07,5,2407664.07,2871254.80,116
A00196614,Beaumont,Jefferson,Construction,FIRM-6513,2026-06-02,7,5188814.94,6716109.16,158
A00196615,Beaumont,Jefferson,Construction,FIRM-BBB8,2026-08-05,4,1165773.90,2290289.81,73
A00193394,Bryan,Robertson,Construction,FIRM-D186,2025-10-09,10,71003.22,76043.48,52
A00212656,Childress,Childress,Construction,FIRM-9C62,2026-03-05,3,320106.45,334045.55,47
A00124048,Childress,Childress,Construction,FIRM-AA78,2025-01-08,7,1788474.59,2335072.49,63
A00124049,Childress,Childress,Construction,FIRM-AA78,2026-01-07,5,1744885.36,1679854.06,34
A00213720,Corpus Christi,Nueces,Construction,FIRM-AD0D,2026-01-07,7,24670.00,33854.70,22
A00209957,Corpus Christi,Nueces,Construction,FIRM-9C62,2026-04-07,4,399441.80,412873.49,194
A00209954,Corpus Christi,Nueces,Construction,FIRM-DC30,2026-04-08,4,287086.00,351498.60,139
A00209956,Corpus Christi,Nueces,Construction,FIRM-DC30,2026-04-08,4,384970.75,455717.18,159
A00212685,Corpus Christi,Jim Wells,Construction,FIRM-DC30,2026-06-02,6,374219.60,440635.56,16
A00179672,Corpus Christi,Nueces,Construction,FIRM-AD0D,2025-08-07,7,3305401.57,5950154.45,56
A00188160,Corpus Christi,Nueces,Construction,FIRM-DC30,2026-07-02,4,513228.50,719490.75,123
A00188161,Corpus Christi,Nueces,Construction,FIRM-DC30,2026-08-05,7,4763993.20,5148857.38,89
A00209144,Dallas,Dallas,Construction,FIRM-8698,2025-07-01,6,497235.00,782869.50,60
A00206423,Dallas,Dallas,Construction,FIRM-8698,2026-07-01,5,421431.25,538196.25,40
A00196360,Dallas,Dallas,Construction,FIRM-BBB8,2025-02-06,5,2930055.22,4630469.75,129
A00209365,Dallas,Denton,Construction,FIRM-BBB8,2025-02-07,5,1152494.02,1928562.58,130
A00196363,Dallas,Dallas,Construction,FIRM-BBB8,2026-02-05,7,1414770.17,1680787.25,71
A00059060,El Paso,El Paso,Construction,FIRM-9C62,2025-12-02,5,2979311.72,2938020.32,96
A00058845,El Paso,El Paso,Construction,FIRM-9C62,2024-12-04,5,3964117.93,4523277.59,122
A00183881,El Paso,El Paso,Construction,FIRM-9C62,2026-03-05,7,320400.00,373920.00,38
A00186805,Houston,Galveston,Construction,FIRM-2DCC,2025-01-08,8,3005355.06,2495102.93,209
A00186839,Houston,Harris,Construction,FIRM-D186,2025-04-04,2,452373.90,542676.93,69
A00212598,Laredo,Webb,Construction,FIRM-9C62,2025-02-07,10,1443018.84,1995220.37,135
A00215305,Pharr,Hidalgo,Construction,FIRM-9C62,2026-04-07,3,1133354.22,1682282.25,129
A00213291,Pharr,Cameron,Construction,FIRM-AD0D,2025-05-01,2,84320.00,109400.50,160
A00214091,Pharr,Hidalgo,Construction,FIRM-AD0D,2025-05-02,4,2409724.65,2983525.40,240
A00219386,Pharr,Hidalgo,Construction,FIRM-DC30,2026-05-07,6,1281211.66,1785197.54,98
A00190670,San Antonio,Bexar,Construction,FIRM-C449,2024-09-06,7,439957.00,521285.60,53
A00190025,San Antonio,Bexar,Construction,FIRM-D848,2024-11-06,9,1111075.00,1467530.56,212
A00218301,San Antonio,Bexar,Construction,FIRM-CA49,2026-08-05,13,757888.00,1308517.53,134
A00204343,San Antonio,Bexar,Construction,FIRM-6513,2025-05-01,6,1855565.00,2785310.00,176
A00196424,San Antonio,Bexar,Construction,FIRM-9C62,2026-06-02,10,2418379.60,3134329.90,89
A00045322,Abilene,Taylor,Construction,FIRM-5ED6,2025-12-03,10,2697516.37,3220742.74,282
A00184211,Atlanta,Panola,Construction,FIRM-C6AB,2026-06-02,8,2349069.11,2765156.40,340
A00130848,Atlanta,Bowie,Construction,FIRM-0C1D,2024-10-02,5,2429230.47,2583732.90,69
A00196488,Atlanta,Cass,Construction,FIRM-C841,2024-12-04,7,1327253.73,2240718.50,102
A00178549,Austin,Williamson,Construction,FIRM-573E,2024-11-07,3,2125758.68,2397089.69,42
A00188201,Austin,Bastrop,Construction,FIRM-573E,2024-12-03,7,2843419.14,3294015.37,58
A00209808,Austin,Williamson,Construction,FIRM-573E,2025-03-05,6,3853029.88,5710807.33,89
A00178516,Austin,Bastrop,Construction,FIRM-8BBD,2025-10-08,9,6445912.15,8424891.46,140
A00135345,Austin,Williamson,Construction,FIRM-E54D,2026-02-05,11,3649316.08,4222092.25,184
A00190263,Austin,Bastrop,Construction,FIRM-00C2,2025-06-04,8,7601604.21,7909275.61,312
A00130902,Austin,Hays,Construction,FIRM-7C19,2026-01-07,11,999084.54,1096941.16,108
A00193147,Austin,Bastrop,Construction,FIRM-81BD,2026-05-06,9,3189428.56,3339793.85,99
A00197439,Austin,Hays,Construction,FIRM-88FE,2026-08-06,8,3441589.85,3130181.38,352
A00216740,Austin,Williamson,Construction,FIRM-573E,2026-04-07,5,1567486.66,1713954.79,44
A00200904,Beaumont,Newton,Construction,FIRM-6C9D,2026-03-05,9,1485795.74,1795624.50,190
A00178374,Beaumont,Orange,Construction,FIRM-49EE,2026-05-07,4,1783411.33,1780484.90,216
A00183477,Beaumont,Jefferson,Construction,FIRM-85FC,2026-06-03,5,3062119.23,3223814.05,125
A00192187,Beaumont,Chambers,Construction,FIRM-F5C3,2026-08-06,7,1675109.80,1431058.00,222
A00187963,Beaumont,Hardin,Construction,FIRM-BCBF,2026-07-01,4,6974719.38,5913739.66,116
A00184091,Beaumont,Liberty,Construction,FIRM-7B58,2024-09-06,2,396091.75,276991.37,26
A00193004,Beaumont,Jefferson,Construction,FIRM-7B58,2026-03-05,4,1134405.95,1293489.02,76
A00180186,Beaumont,Liberty,Construction,FIRM-BCBF,2026-07-02,3,5657771.28,6892326.85,169
A00211687,Beaumont,Chambers,Construction,FIRM-7799,2026-08-05,3,2499686.76,2493248.19,60
A00176103,Brownwood,Brown,Construction,FIRM-EBBA,2024-09-05,7,1607645.15,1904239.42,94
A00189999,Bryan,Washington,Construction,FIRM-3FEF,2026-04-07,10,732054.40,800382.90,120
A00189992,Bryan,Leon,Construction,FIRM-C6AB,2026-08-05,9,2572458.35,2078039.50,228
A00186409,Corpus Christi,Nueces,Construction,FIRM-8B19,2026-04-08,6,21281902.03,15784447.60,537
A00136586,Corpus Christi,Goliad,Construction,FIRM-74BB,2026-05-06,14,1135007.50,1200909.50,147
A00176646,Corpus Christi,Nueces,Construction,FIRM-336E,2026-05-06,8,14868485.21,14038390.99,428
A00190177,Corpus Christi,Karnes,Construction,FIRM-00E4,2026-06-02,11,817324.60,1115074.80,119
A00190176,Corpus Christi,Jim Wells,Construction,FIRM-7733,2026-06-03,9,877584.50,915014.80,123
A00196530,Corpus Christi,San Patricio,Construction,FIRM-336E,2026-02-04,5,2477701.15,2494844.00,109
A00196471,Corpus Christi,Karnes,Construction,FIRM-2B61,2026-08-05,10,8343313.99,9367704.15,266
A00123610,Corpus Christi,San Patricio,Construction,FIRM-A922,2025-09-05,9,11945409.91,16313324.65,478
A00128788,Corpus Christi,Nueces,Construction,FIRM-8C47,2026-01-06,5,30814865.00,35976367.00,780
A00185406,Dallas,Collin,Construction,FIRM-E16E,2025-12-02,9,1814251.42,1911786.35,169
A00194041,Dallas,Navarro,Construction,FIRM-64D9,2026-02-05,16,1223665.41,1539579.65,197
A00185405,Dallas,Denton,Construction,FIRM-64D9,2026-06-03,6,2342967.20,2505046.00,195
A00187772,Dallas,Rockwall,Construction,FIRM-2C76,2026-04-08,8,3381745.21,3419169.90,68
A00210343,Dallas,Dallas,Construction,FIRM-3FEF,2026-05-07,9,2678695.00,3206856.70,223
A00178241,Dallas,Dallas,Construction,FIRM-CF08,2024-09-06,5,3669509.03,3361319.55,253
A00196059,Dallas,Rockwall,Construction,FIRM-1816,2025-03-04,6,1317483.82,1622451.08,61
A00045158,Dallas,Collin,Construction,FIRM-F9CD,2025-05-02,9,16422403.23,22962770.42,238
A00209324,Dallas,Collin,Construction,FIRM-CEE4,2025-06-04,8,1429321.60,2499670.00,58
A00066973,Dallas,Ellis,Construction,FIRM-B173,2025-10-08,6,8523201.01,9725830.78,290
A00066969,Dallas,Collin,Construction,FIRM-6D2A,2025-11-06,6,6601557.92,9890108.45,188
A00195794,Dallas,Collin,Construction,FIRM-6D2A,2025-12-03,8,5803761.69,6545696.11,155
A00212454,Dallas,Collin,Construction,FIRM-CEE4,2026-07-01,10,4381938.02,4456443.01,163
A00187792,Dallas,Collin,Construction,FIRM-6D2A,2026-08-06,8,18829387.87,18327261.60,294
A00064204,Dallas,Ellis,Construction,FIRM-C434,2024-11-07,7,5747468.58,5268123.10,167
A00058758,Dallas,Ellis,Construction,FIRM-C434,2025-03-04,7,9167313.88,11176341.03,277
A00189017,Dallas,Kaufman,Construction,FIRM-3F89,2025-09-04,7,1036224.70,1309319.24,45
A00218069,Dallas,Rockwall,Construction,FIRM-F402,2026-04-07,9,2341216.75,2169620.36,140
A00045441,Dallas,Rockwall,Construction,FIRM-0E6B,2026-02-04,13,29812033.71,34640754.70,653
A00184275,El Paso,El Paso,Construction,FIRM-00C2,2025-10-08,5,2528665.60,3160703.60,162
A00185027,Fort Worth,Parker,Construction,FIRM-3F89,2026-06-02,10,8486108.01,13679045.04,434
A00208449,Fort Worth,Tarrant,Construction,FIRM-B8AE,2025-05-01,6,1214768.05,1576570.05,56
A00061424,Fort Worth,Parker,Construction,FIRM-CEE4,2025-10-09,11,5006549.45,8229059.30,110
A00210421,Fort Worth,Parker,Construction,FIRM-9557,2026-06-03,8,5970809.71,8270038.70,115
A00208213,Fort Worth,Johnson,Construction,FIRM-38DC,2024-11-06,6,4649679.70,5429921.42,150
A00193582,Houston,Galveston,Construction,FIRM-92DA,2026-07-02,11,2165895.50,3256548.60,180
A00186521,Laredo,Zavala,Construction,FIRM-2E97,2026-04-07,6,1523015.88,1631536.66,134
A00211280,Laredo,La Salle,Construction,FIRM-FF46,2026-01-07,9,714669.37,966017.14,70
A00207258,Lubbock,Lubbock,Construction,FIRM-504D,2026-04-07,3,5991100.00,4462426.10,198
A00206565,Lufkin,Houston,Construction,FIRM-9457,2026-06-03,10,4462648.02,5065573.30,155
A00132271,Odessa,Midland,Construction,FIRM-FFD8,2025-12-02,4,19237651.69,22443467.70,443
A00195344,Paris,Hunt,Construction,FIRM-6C9D,2026-03-05,13,2085509.00,2724591.78,128
A00181046,Pharr,Starr,Construction,FIRM-88FE,2025-01-07,9,600289.00,659164.24,63
A00191889,Pharr,Cameron,Construction,FIRM-C0B9,2026-03-04,7,1389617.20,1543643.17,116
A00206853,Pharr,Hidalgo,Construction,FIRM-F5C3,2026-06-03,8,493025.00,447695.20,148
A00127949,Pharr,Cameron,Construction,FIRM-1D29,2024-09-05,6,12411801.56,13126017.35,320
A00191548,Pharr,Hidalgo,Construction,FIRM-1D29,2024-09-05,5,20273402.95,22884378.90,410
A00131912,Pharr,Hidalgo,Construction,FIRM-1D29,2026-08-05,8,6373926.58,6597423.30,354
A00199763,Pharr,Hidalgo,Construction,FIRM-9545,2025-07-01,7,3406133.00,4068431.47,128
A00192928,Pharr,Hidalgo,Construction,FIRM-76B8,2026-08-06,5,662208.95,648520.91,120
A00109269,Pharr,Hidalgo,Construction,FIRM-9545,2026-05-07,7,24782061.44,33439909.61,474
A00196419,San Antonio,Bexar,Construction,FIRM-B379,2026-06-02,7,4555821.00,9327084.54,392
A00178602,San Antonio,Guadalupe,Construction,FIRM-81BD,2025-01-08,6,1001033.48,1929703.70,95
A00188143,San Antonio,Wilson,Construction,FIRM-81BD,2025-12-02,9,9689290.55,11652395.32,453
A00217913,San Antonio,Bexar,Construction,FIRM-2B61,2026-05-06,6,4426974.30,6145410.27,105
A00207189,San Antonio,Kerr,Construction,FIRM-573E,2025-02-07,8,908186.10,1115562.83,62
A00060559,Tyler,Rusk,Construction,FIRM-397E,2026-04-07,9,8734907.66,8986323.64,285
A00196862,Tyler,Cherokee,Construction,FIRM-0E52,2025-08-08,14,4101438.93,5515547.89,210
A00130820,Yoakum,De Witt,Construction,FIRM-C449,2025-12-03,9,883521.20,1003566.00,85
A00124556,Yoakum,Matagorda,Construction,FIRM-2B61,2025-03-04,7,7126058.17,6940691.05,205
A00198367,Yoakum,Wharton,Construction,FIRM-2B61,2026-01-06,8,1897773.35,1941144.68,75
A00064705,Abilene,Haskell,Construction,FIRM-D8DE,2026-01-06,5,5128776.62,5488051.55,234
A00182262,Austin,Travis,Construction,FIRM-9888,2025-07-01,4,787071.00,794532.54,91
A00209975,Bryan,Brazos,Construction,FIRM-F002,2025-07-01,5,89847.71,100612.19,39
A00185350,Corpus Christi,Kleberg,Construction,FIRM-0E52,2026-05-07,9,1171488.51,1426805.10,151
A00179701,Corpus Christi,Nueces,Construction,FIRM-CA3B,2025-05-01,7,2925020.46,3356296.65,244
A00193123,Dallas,Collin,Construction,FIRM-4D83,2024-11-07,5,1368368.00,1726191.25,100
A00193656,Dallas,Dallas,Construction,FIRM-3E2B,2026-02-05,9,2755215.37,2849510.60,180
A00193278,Dallas,Dallas,Construction,FIRM-60EB,2026-06-02,10,1547640.51,2403467.25,100
A00184368,Dallas,Dallas,Construction,FIRM-3E2B,2026-08-05,10,2618604.00,2806537.86,120
A00189293,Dallas,Dallas,Construction,FIRM-DE01,2024-09-05,4,4859646.00,4511880.00,913
A00211575,Dallas,Dallas,Construction,FIRM-72A0,2025-09-04,5,4816125.50,4818655.00,913
A00188372,El Paso,El Paso,Construction,FIRM-8B19,2026-06-02,7,812409.50,769257.28,50
A00209339,Houston,Harris,Construction,FIRM-9200,2026-02-05,6,4112543.00,3786658.15,73
A00188698,Houston,Galveston,Construction,FIRM-CB57,2026-03-04,8,3316075.00,3895210.16,49
A00140549,Houston,Harris,Construction,FIRM-CA7F,2026-04-07,5,1798696.38,1578949.80,56
A00186780,Houston,Harris,Construction,FIRM-9CC3,2025-08-07,8,1474737.54,1784321.05,164
A00206691,Pharr,Hidalgo,Construction,FIRM-CA3B,2026-05-06,5,1927530.53,2365384.41,206
A00203564,Pharr,Cameron,Construction,FIRM-CA3B,2026-05-07,5,750892.98,628778.15,148
A00203563,Pharr,Hidalgo,Construction,FIRM-C0B9,2026-08-05,5,757002.25,833832.29,307
A00207502,San Antonio,Wilson,Construction,FIRM-8205,2026-05-07,18,948874.50,1202995.95,85
A00197415,San Antonio,Frio,Construction,FIRM-81BD,2025-09-05,9,2460100.93,3688493.12,85
A00193380,Yoakum,Austin,Construction,FIRM-8056,2026-05-06,9,2587895.46,2755373.81,135
A00219121,Fort Worth,Tarrant,Construction,FIRM-9557,2026-06-03,9,1490460.71,1720788.26,46
A00199364,Beaumont,Jefferson,Construction,FIRM-7B58,2025-05-02,4,1999855.30,2634301.98,38
A00184668,Corpus Christi,Nueces,Construction,FIRM-79A9,2025-01-08,8,846575.84,877733.36,41
A00183414,Wichita Falls,Throckmorton,Construction,FIRM-00E4,2025-07-02,9,728607.05,707816.50,102
A00197887,Beaumont,Orange,Construction,FIRM-B173,2025-04-04,6,3916261.96,4965742.39,113
A00184342,San Antonio,Frio,Construction,FIRM-81BD,2025-02-07,8,614053.88,704586.63,61
A00206418,Dallas,Dallas,Construction,FIRM-C4BA,2025-07-02,5,1120692.25,1141097.50,46
A00211965,El Paso,El Paso,Construction,FIRM-9A1B,2025-09-05,7,4508215.72,6376065.64,164
A00184576,San Antonio,Bexar,Construction,FIRM-C449,2025-04-03,4,689689.00,878040.82,95
A00179427,Atlanta,Bowie,Construction,FIRM-3FEF,2024-12-03,9,1943602.00,2287179.00,167
A00184204,Atlanta,Harrison,Construction,FIRM-B638,2025-06-04,7,1320897.70,1820704.20,181
A00200563,Atlanta,Harrison,Construction,FIRM-C6AB,2025-05-01,7,829830.19,1224209.00,99
A00132273,El Paso,Culberson,Construction,FIRM-08FE,2025-06-04,5,123682483.70,105998212.00,628
A00178004,Lufkin,Shelby,Construction,FIRM-9457,2025-01-07,5,5239176.28,5249245.10,205
A00187950,San Antonio,Wilson,Construction,FIRM-8BBD,2025-06-04,11,723241.20,826861.00,89
A00141245,Houston,Galveston,Construction,FIRM-BCBF,2025-01-07,4,7395778.28,10505594.42,157
A00129807,Houston,Brazoria,Construction,FIRM-A503,2025-04-03,7,1714183.49,2031776.76,54
A00190132,Beaumont,Jasper,Construction,FIRM-1A5E,2025-01-08,9,1980225.41,1863814.80,136
A00190138,Beaumont,Liberty,Construction,FIRM-8035,2025-06-05,4,5682862.55,5454555.45,217
A00183266,Beaumont,Jefferson,Construction,FIRM-7F0A,2025-01-07,5,2688466.62,3021840.60,337
A00044436,Fort Worth,Johnson,Construction,FIRM-115B,2025-03-05,4,3569153.54,3591277.58,152
A00130692,Houston,Montgomery,Construction,FIRM-A503,2025-01-07,6,8172669.33,12136141.38,124
A00184386,Pharr,Cameron,Construction,FIRM-2A36,2025-08-08,7,978047.44,1337871.27,224
A00193322,Abilene,Taylor,Construction,FIRM-5ED6,2025-03-05,7,1784682.40,2358683.10,192
A00184303,Beaumont,Jefferson,Construction,FIRM-D186,2025-08-07,3,2195951.45,2330486.06,193
A00199643,Brownwood,Brown,Construction,FIRM-115B,2025-07-01,10,1364489.16,1481086.45,93
A00184682,Corpus Christi,Jim Wells,Construction,FIRM-81BD,2025-02-06,7,1711943.10,2235251.25,81
A00135886,Childress,Donley,Construction,FIRM-49EE,2025-06-05,11,954735.00,1025624.82,96
A00064134,Brownwood,Coleman,Construction,FIRM-74BB,2024-10-02,5,1097424.00,1244007.20,141
A00194464,Brownwood,Mills,Construction,FIRM-74BB,2024-12-03,10,1470000.00,1708452.00,220
A00136607,Corpus Christi,Live Oak,Construction,FIRM-654C,2025-06-04,8,4876307.11,7223072.75,529
A00183699,Houston,Montgomery,Construction,FIRM-CC48,2024-09-05,11,2474861.61,2863272.99,146
A00181043,Pharr,Hidalgo,Construction,FIRM-9545,2025-01-08,5,2537954.75,3497309.28,306
A00135286,Pharr,Cameron,Construction,FIRM-C0B9,2025-08-07,5,1646412.80,1837309.84,136
A00199485,Pharr,Cameron,Construction,FIRM-2A36,2025-08-07,9,1627355.47,1926659.08,140
A00129735,Dallas,Dallas,Construction,FIRM-4FB6,2024-09-05,8,2289177.40,2658707.80,122
A00135676,Brownwood,Lampasas,Construction,FIRM-FF46,2024-10-01,8,1523054.20,1732595.00,99
A00064769,Dallas,Ellis,Construction,FIRM-88FE,2025-07-01,14,3124044.67,3438768.40,191
A00129184,Dallas,Ellis,Construction,FIRM-115B,2025-07-02,11,2531308.08,2929682.70,158
A00191334,Dallas,Collin,Construction,FIRM-F9CD,2025-08-07,6,7635940.97,9529627.96,218
A00190970,Corpus Christi,Nueces,Construction,FIRM-38DD,2025-09-04,9,1410756.50,1674356.14,158
A00135430,Brownwood,Coleman,Construction,FIRM-49EE,2024-10-01,7,1621100.00,1861061.00,150
A00178897,Fort Worth,Tarrant,Construction,FIRM-CEE4,2025-04-03,5,2429826.66,2846178.83,88
A00130847,Amarillo,Lipscomb,Construction,FIRM-C9B4,2025-03-04,6,18726656.18,19101995.50,172
A00130689,Houston,Montgomery,Construction,FIRM-BCBF,2025-02-06,7,8353735.85,12606975.42,120
A00064833,Dallas,Dallas,Construction,FIRM-DA83,2025-05-02,7,8168666.00,7689300.70,597
A00043203,Dallas,Denton,Construction,FIRM-49EE,2025-09-04,9,1636168.50,1679259.00,103
A00131128,Houston,Montgomery,Construction,FIRM-A6BA,2025-04-04,9,3494494.80,4016607.05,179
A00111732,Wichita Falls,Montague,Construction,FIRM-CF08,2025-07-02,5,10432735.26,10216776.75,437
A00184597,Austin,Travis,Construction,FIRM-55FB,2025-04-03,7,7905115.95,8767592.29,147
A00184382,Dallas,Dallas,Construction,FIRM-3DD2,2025-04-03,6,3625595.00,4366292.00,220
A00201583,Fort Worth,Hood,Construction,FIRM-A082,2025-07-02,5,14553381.79,14523093.89,334
A00135479,Amarillo,Randall,Construction,FIRM-7F0A,2025-08-08,4,11797726.05,12261847.02,351
A00196405,San Antonio,Bexar,Construction,FIRM-6513,2025-06-05,3,2097274.50,2986117.50,261
A00207610,Wichita Falls,Cooke,Construction,FIRM-41DD,2026-02-04,8,5255697.32,5976727.05,321
A00191591,Childress,Briscoe,Construction,FIRM-D0C4,2024-10-01,5,7724031.17,7752095.65,54
A00207750,Fort Worth,Palo Pinto,Construction,FIRM-08FE,2024-12-03,8,4012954.18,4038962.75,93
A00134735,Pharr,Hidalgo,Construction,FIRM-7733,2024-09-05,4,8895309.40,8292928.70,120
A00206170,Pharr,Brooks,Construction,FIRM-2B61,2024-09-06,5,5005655.50,4956874.25,100
A00132314,Houston,Harris,Construction,FIRM-2F37,2026-02-05,8,1434678.45,2070251.55,226
A00213529,Abilene,Taylor,Construction,FIRM-0A7D,2026-06-02,1,332526.75,414754.57,77
A00191148,Amarillo,Potter,Construction,FIRM-2375,2025-04-03,7,1712643.68,2299431.00,76
A00212752,Austin,Williamson,Construction,FIRM-9D5B,2025-07-01,6,1125474.50,1536456.75,93
A00206734,Austin,Williamson,Construction,FIRM-C449,2025-09-05,8,283786.00,344205.31,35
A00213488,Austin,Williamson,Construction,FIRM-C449,2026-05-07,7,379121.00,510441.50,142
A00206738,Austin,Travis,Construction,FIRM-CA49,2026-07-02,4,685485.00,666866.70,96
A00188200,Austin,Travis,Construction,FIRM-8201,2025-02-06,8,338133.50,565323.12,59
A00218356,Austin,Travis,Construction,FIRM-8201,2026-08-06,5,307519.92,316715.00,24
A00184092,Beaumont,Jefferson,Construction,FIRM-60EB,2025-05-02,8,1596374.37,1387771.45,22
A00206120,Fort Worth,Tarrant,Construction,FIRM-1859,2024-09-06,4,3575245.00,3646092.00,277
A00207797,Fort Worth,Tarrant,Construction,FIRM-035A,2024-12-04,12,896115.50,1446722.34,156
A00188242,Fort Worth,Tarrant,Construction,FIRM-B884,2025-08-07,3,3198007.00,3078857.27,400
A00188243,Fort Worth,Tarrant,Construction,FIRM-DE01,2026-08-06,10,1054946.50,1389510.90,158
A00196124,Houston,Harris,Construction,FIRM-C4BA,2024-12-03,7,12243838.00,17178800.00,126
A00131231,Houston,Harris,Construction,FIRM-D186,2025-02-07,11,1290191.75,1501240.00,105
A00215737,Houston,Harris,Construction,FIRM-CB57,2026-03-04,13,2725853.00,3696283.32,76
A00122283,Lubbock,Lubbock,Construction,FIRM-2375,2025-04-03,4,5554538.56,6394701.32,187
A00208022,Lubbock,Lubbock,Construction,FIRM-CA49,2025-11-06,5,1007925.80,1122553.00,110
A00196725,Odessa,Midland,Construction,FIRM-0A7D,2025-05-01,5,520377.83,640974.22,70
A00200975,Odessa,Midland,Construction,FIRM-0A7D,2026-01-07,4,414647.25,434174.00,40
A00126695,Pharr,Hidalgo,Construction,FIRM-1D29,2025-12-02,5,11224906.94,14084469.05,160
A00196848,San Angelo,Tom Green,Construction,FIRM-F23B,2025-06-05,23,274353.00,363785.00,38
A00196865,San Angelo,Tom Green,Construction,FIRM-FC21,2026-06-02,27,306395.00,418763.00,66
A00196413,San Antonio,Bexar,Construction,FIRM-2375,2026-06-03,12,919419.00,1034924.00,231
A00211554,Tyler,Rusk,Construction,FIRM-F865,2025-09-05,8,119461.00,142213.00,65
A00193096,Tyler,Smith,Construction,FIRM-A592,2024-11-07,8,299532.50,326138.75,34
A00213348,Tyler,Smith,Construction,FIRM-1338,2026-06-03,12,565280.50,726421.00,85
A00211470,Abilene,Taylor,Construction,FIRM-E675,2026-03-05,7,440761.85,838690.00,20
A00213597,Amarillo,Potter,Construction,FIRM-9C62,2026-05-06,2,837808.70,1100340.00,153
A00195662,Amarillo,Potter,Construction,FIRM-9C62,2024-12-04,6,1520328.36,2009802.85,83
A00184537,Amarillo,Potter,Construction,FIRM-3DD2,2025-06-05,5,659390.60,680873.00,51
A00195663,Amarillo,Potter,Construction,FIRM-BBB8,2025-12-03,4,1124669.55,1971041.31,63
A00188229,Austin,Travis,Construction,FIRM-DC30,2024-09-05,4,718620.70,923167.83,78
A00188225,Austin,Travis,Construction,FIRM-EBAD,2024-09-06,5,662612.50,778332.60,81
A00188232,Austin,Travis,Construction,FIRM-E675,2024-11-06,7,520603.49,723791.78,41
A00210040,Austin,Travis,Construction,FIRM-EBAD,2025-11-06,7,546003.23,790451.88,39
A00214224,Austin,Travis,Construction,FIRM-BBB8,2026-02-04,6,797815.65,832204.16,101
A00188226,Austin,Travis,Construction,FIRM-BBB8,2024-11-06,7,423846.07,712216.99,35
A00188228,Austin,Travis,Construction,FIRM-E675,2025-01-08,8,425581.21,660012.50,32
A00197321,Austin,Travis,Construction,FIRM-CA49,2025-06-04,8,619888.00,995885.85,89
A00197327,Austin,Travis,Construction,FIRM-2375,2025-07-02,8,504526.50,727725.50,60
A00210038,Austin,Travis,Construction,FIRM-EBAD,2025-11-05,9,951282.97,994692.80,78
A00210035,Austin,Travis,Construction,FIRM-DC30,2026-01-06,7,1018392.02,1083607.11,30
A00210037,Austin,Travis,Construction,FIRM-E675,2026-03-04,7,860991.74,917859.04,45
A00210036,Austin,Travis,Construction,FIRM-DC30,2026-03-05,7,868730.54,856501.66,53
A00197324,Austin,Travis,Construction,FIRM-8D8B,2026-04-08,8,388999.12,513907.32,369
A00197323,Austin,Travis,Construction,FIRM-2375,2026-06-03,9,209560.00,250954.00,27
A00193189,Fort Worth,Wise,Construction,FIRM-A87F,2024-12-04,8,149400.00,279420.00,86
A00184249,Fort Worth,Tarrant,Construction,FIRM-AC3C,2025-03-05,5,1235855.00,1559515.00,106
A00206719,Fort Worth,Tarrant,Construction,FIRM-1338,2025-10-08,8,290075.00,565725.00,75
A00218580,Fort Worth,Tarrant,Construction,FIRM-DC30,2026-07-01,3,5748830.33,10878097.30,320
A00209590,Houston,Harris,Construction,FIRM-C5E8,2026-01-07,6,589862.50,589049.25,48
A00196754,Houston,Harris,Construction,FIRM-DC30,2024-12-03,5,1317621.60,1881969.21,108
A00205831,Houston,Harris,Construction,FIRM-92DA,2024-09-05,7,3987105.00,4768720.00,203
A00197007,Houston,Harris,Construction,FIRM-92DA,2025-09-04,10,1387236.40,1966947.93,127
A00208211,Lubbock,Lubbock,Construction,FIRM-9C62,2025-01-07,6,751868.00,775084.85,68
A00141080,Lubbock,Lubbock,Construction,FIRM-A214,2025-02-06,8,7105937.80,8598938.10,85
A00141081,Lubbock,Lubbock,Construction,FIRM-DC30,2025-02-07,6,1393453.53,1520503.60,68
A00191310,Lubbock,Lubbock,Construction,FIRM-1CB8,2025-03-05,6,1428551.82,1683735.80,90
A00187102,Lubbock,Lubbock,Construction,FIRM-DC30,2026-02-05,6,1239059.60,1452114.98,70
A00187101,Lubbock,Lubbock,Construction,FIRM-9C62,2026-02-05,11,6490124.68,8192558.00,85
A00191311,Lubbock,Lubbock,Construction,FIRM-A214,2026-03-05,6,1984573.40,1736848.60,90
A00129303,Lufkin,Angelina,Construction,FIRM-9C62,2024-12-04,7,3846146.06,4692580.65,134
A00178217,Odessa,Ector,Construction,FIRM-059F,2025-08-08,9,2898156.92,3640667.19,66
A00187817,Odessa,Ector,Construction,FIRM-059F,2026-07-01,9,5487907.75,6626988.88,119
A00209768,Paris,Fannin,Construction,FIRM-2375,2025-03-05,10,86689.50,130350.00,46
A00196903,Paris,Lamar,Construction,FIRM-9C62,2024-12-04,8,2803366.99,4234759.61,69
A00196905,Paris,Lamar,Construction,FIRM-BBB8,2025-11-06,6,1997709.63,3459833.28,54
A00131939,San Angelo,Tom Green,Construction,FIRM-7A54,2024-10-01,9,2217486.98,2663866.96,49
A00131941,San Angelo,Tom Green,Construction,FIRM-A214,2025-10-09,10,2488408.15,2956233.35,54
A00193473,San Antonio,Wilson,Construction,FIRM-8201,2025-09-04,7,376948.22,538231.20,49
A00196407,San Antonio,Bexar,Construction,FIRM-6513,2025-06-04,8,3977770.10,5983992.70,108
A00206546,Tyler,Cherokee,Construction,FIRM-2375,2025-06-04,12,139946.20,183008.61,50
A00193210,Tyler,Gregg,Construction,FIRM-7F87,2026-02-05,9,294668.80,395800.00,65
A00209969,Tyler,Smith,Construction,FIRM-AFFE,2025-02-06,6,1665532.18,2641702.71,63
A00210821,Tyler,Smith,Construction,FIRM-BBB8,2025-03-05,8,2004522.14,3436279.84,73
A00063483,Tyler,Smith,Construction,FIRM-BBB8,2025-04-03,6,1787718.13,1975061.84,57
A00063484,Tyler,Smith,Construction,FIRM-BBB8,2026-02-04,4,2466733.32,3424377.50,55
A00188593,Waco,McLennan,Construction,FIRM-D186,2024-09-05,9,830318.16,924047.00,75
A00210581,Waco,McLennan,Construction,FIRM-9C62,2025-05-02,12,2298505.22,2495773.13,60
A00215226,Waco,McLennan,Construction,FIRM-9C62,2026-05-06,5,4467953.10,8127124.96,90
A00213566,Wichita Falls,Wichita,Construction,FIRM-7F87,2025-10-08,3,253469.08,272441.00,37
A00211067,Wichita Falls,Cooke,Construction,FIRM-FBED,2026-06-03,13,847121.75,1296300.00,138
A00140573,Yoakum,De Witt,Construction,FIRM-AD0D,2024-09-05,8,1442562.30,2108690.60,90
A00209446,Houston,Harris,Construction,FIRM-3FEF,2024-11-07,11,3348460.00,4715636.00,298
A00178155,Odessa,Ector,Construction,FIRM-F23B,2025-01-08,9,2477220.00,3069930.15,409
A00200688,Tyler,Smith,Construction,FIRM-EB5A,2025-04-03,8,3583067.00,3487920.00,291
A00215299,Yoakum,De Witt,Construction,FIRM-7F87,2025-08-08,36,223847.00,397780.00,75
A00195365,Abilene,Taylor,Construction,FIRM-EBBA,2025-10-09,10,2254759.80,2988466.50,291
A00194081,Abilene,Nolan,Construction,FIRM-74BB,2025-10-09,9,918428.50,1233119.30,149
A00061686,Abilene,Fisher,Construction,FIRM-49EE,2026-04-07,7,3158063.63,4574023.29,229
A00194074,Abilene,Fisher,Construction,FIRM-64D9,2026-04-08,8,1880830.34,2507178.28,255
A00200845,Amarillo,Randall,Construction,FIRM-C28C,2024-12-03,6,4199123.40,5252420.20,81
A00206280,Atlanta,Panola,Construction,FIRM-840D,2026-07-01,5,2441151.06,1973067.92,141
A00195331,Austin,Hays,Construction,FIRM-8BBD,2024-11-07,8,4963084.38,6105602.64,213
A00193148,Austin,Hays,Construction,FIRM-8BBD,2025-11-06,8,1989310.84,3180793.24,95
A00184602,Austin,Travis,Construction,FIRM-CA49,2026-05-07,6,378536.00,442945.20,62
A00193151,Austin,Travis,Construction,FIRM-3FEF,2026-06-02,8,388598.00,406871.00,43
A00135282,Austin,Caldwell,Construction,FIRM-B173,2024-09-05,9,2033352.21,2141975.10,43
A00199639,Austin,Caldwell,Construction,FIRM-573E,2025-09-04,7,2233729.17,2839355.14,43
A00212065,Austin,Travis,Construction,FIRM-55FB,2026-07-02,7,7779122.15,16306478.85,227
A00219820,Beaumont,Jasper,Construction,FIRM-B173,2026-08-05,2,3276380.72,3763963.81,91
A00206438,Beaumont,Orange,Construction,FIRM-B173,2026-05-06,2,220722.50,120196.33,23
A00124687,Bryan,Burleson,Construction,FIRM-80CC,2025-12-02,10,2315333.30,2394608.45,209
A00130238,Dallas,Ellis,Construction,FIRM-C434,2025-09-05,7,9501431.30,11197531.25,265
A00217361,Dallas,Denton,Construction,FIRM-555E,2026-01-07,6,1537356.71,1495317.65,95
A00195921,Fort Worth,Tarrant,Construction,FIRM-EBBA,2024-11-07,6,5157489.52,5761253.87,299
A00190562,Fort Worth,Jack,Construction,FIRM-95A4,2024-11-06,7,788118.19,811642.89,85
A00036817,Fort Worth,Erath,Construction,FIRM-C6AB,2026-02-04,10,976095.21,1213920.00,60
A00032669,Fort Worth,Wise,Construction,FIRM-C6AB,2026-02-04,10,875772.49,1013532.50,82
A00065079,Fort Worth,Erath,Construction,FIRM-74BB,2026-02-05,13,625625.25,731018.50,69
A00037264,Fort Worth,Hood,Construction,FIRM-3FEF,2026-04-08,9,632977.00,795481.00,68
A00064472,Fort Worth,Tarrant,Construction,FIRM-F5C3,2026-07-02,4,7071177.70,5087705.45,236
A00065091,Fort Worth,Parker,Construction,FIRM-6C9D,2026-08-05,11,1531854.00,1806940.80,127
A00214454,Fort Worth,Wise,Construction,FIRM-6C9D,2026-08-06,9,961912.00,854301.50,76
A00213110,Fort Worth,Palo Pinto,Construction,FIRM-1BBA,2025-08-07,6,348738.58,578977.31,67
A00189667,Fort Worth,Tarrant,Construction,FIRM-0215,2026-08-05,8,2193007.88,2655169.00,192
A00210469,Fort Worth,Palo Pinto,Construction,FIRM-CEE4,2026-02-05,8,324932.30,689691.00,15
A00062245,Fort Worth,Johnson,Construction,FIRM-38DC,2026-05-06,6,17138490.71,18645847.20,600
A00178840,Fort Worth,Tarrant,Construction,FIRM-B884,2025-10-09,5,538838.00,527106.86,56
A00131976,Fort Worth,Tarrant,Construction,FIRM-3F89,2026-07-01,5,5160281.79,6914803.00,219
A00130008,Houston,Brazoria,Construction,FIRM-B3AF,2025-10-09,8,1125735.00,1420926.97,95
A00134679,Houston,Fort Bend,Construction,FIRM-42ED,2026-02-04,14,2787245.11,3404518.51,553
A00183682,Houston,Fort Bend,Construction,FIRM-42ED,2026-02-05,10,1818854.14,2482944.70,147
A00198611,Houston,Harris,Construction,FIRM-1A5E,2025-06-05,10,1851563.00,2249519.22,90
A00130696,Houston,Montgomery,Construction,FIRM-A503,2025-03-05,7,1063539.21,1594146.85,33
A00183321,Houston,Galveston,Construction,FIRM-DAA9,2025-12-02,5,2641746.71,3275240.20,99
A00121395,Lubbock,Lubbock,Construction,FIRM-C28C,2026-04-08,6,14858178.10,14464477.79,347
A00183655,Lubbock,Lubbock,Construction,FIRM-08FE,2026-05-07,7,9632447.78,10274387.05,180
A00186272,Lufkin,Angelina,Construction,FIRM-3FEF,2026-04-08,8,948750.00,1032173.50,180
A00194392,Lufkin,Houston,Construction,FIRM-C6AB,2026-08-06,7,2809388.46,2474314.40,445
A00206263,Odessa,Midland,Construction,FIRM-74BB,2026-08-06,7,2075905.00,2157806.94,142
A00187241,Paris,Red River,Construction,FIRM-C92E,2025-01-08,7,2074733.10,2424501.35,161
A00209282,Paris,Lamar,Construction,FIRM-4055,2025-06-05,10,309933.00,424293.50,64
A00209284,Paris,Lamar,Construction,FIRM-81BF,2026-04-08,13,734734.00,823730.00,99
A00195167,Paris,Grayson,Construction,FIRM-DA83,2025-10-09,11,2742957.97,2871854.72,255
A00135827,Paris,Grayson,Construction,FIRM-6C9D,2026-05-06,11,802935.20,924207.93,99
A00190871,Paris,Lamar,Construction,FIRM-6C9D,2026-08-05,9,800948.35,815967.16,118
A00190819,Paris,Franklin,Construction,FIRM-6C9D,2026-08-06,6,1492465.70,1535801.14,203
A00198028,Paris,Lamar,Construction,FIRM-DA83,2026-02-04,14,727152.75,898065.30,96
A00207303,Paris,Grayson,Construction,FIRM-DAA9,2026-03-05,12,2744601.85,2967038.96,90
A00100070,Paris,Fannin,Construction,FIRM-CC48,2024-09-06,3,1835767.08,1804723.16,57
A00138849,Paris,Delta,Construction,FIRM-F9CD,2026-04-07,4,4747420.61,5629633.09,192
A00193114,Pharr,Hidalgo,Construction,FIRM-E289,2026-06-02,8,7675891.43,8600026.71,253
A00194567,San Angelo,Runnels,Construction,FIRM-88FE,2024-10-01,8,1527290.16,1083635.64,138
A00196404,San Antonio,Bexar,Construction,FIRM-654C,2025-04-03,6,7263765.26,9122455.44,572
A00033961,San Antonio,Frio,Construction,FIRM-81BD,2025-02-06,7,14824127.07,20954835.21,501
A00196288,San Antonio,Bexar,Construction,FIRM-CA49,2025-02-07,4,1500970.00,1462178.24,260
A00196289,San Antonio,Bexar,Construction,FIRM-C449,2025-05-02,5,1477083.45,1499305.10,260
A00196408,San Antonio,Bexar,Construction,FIRM-C449,2026-02-04,5,1489271.10,1498662.25,262
A00196412,San Antonio,Bexar,Construction,FIRM-C449,2026-05-06,4,1571707.10,1499503.25,261
A00198645,Tyler,Smith,Construction,FIRM-3FEF,2026-03-05,15,1038973.15,1256856.00,110
A00206403,Tyler,Smith,Construction,FIRM-72D7,2026-01-07,5,539227.25,554995.46,127
A00219268,Tyler,Smith,Construction,FIRM-AFFE,2026-08-06,11,655280.25,926787.00,80
A00212191,Waco,McLennan,Construction,FIRM-2C76,2025-04-04,13,3067458.00,2769436.00,270
A00216795,Waco,McLennan,Construction,FIRM-81BF,2026-06-03,10,3058058.00,3511970.50,195
A00002148,Waco,Bosque,Construction,FIRM-C434,2026-03-04,4,14455828.76,17109784.81,270
A00186047,Waco,Falls,Construction,FIRM-2479,2026-04-07,13,1047280.89,1388813.75,120
A00131274,Waco,Limestone,Construction,FIRM-64D9,2026-04-08,11,1810422.59,2205161.01,186
A00203223,Waco,McLennan,Construction,FIRM-00E4,2026-05-07,7,578157.81,669693.50,60
A00131299,Waco,Limestone,Construction,FIRM-64D9,2026-07-01,9,2080557.94,2284078.21,181
A00201726,Waco,Coryell,Construction,FIRM-5784,2025-06-04,5,4647464.00,5528179.14,210
A00206364,Waco,Bell,Construction,FIRM-73C8,2025-11-05,12,2475157.73,2991266.00,203
A00206360,Waco,Bell,Construction,FIRM-3FEF,2025-11-06,8,2132110.60,2647294.75,161
A00186188,Wichita Falls,Wichita,Construction,FIRM-88FE,2024-10-02,7,865563.51,796551.90,91
A00207434,Wichita Falls,Clay,Construction,FIRM-6C9D,2025-10-08,9,1149814.41,1434272.01,149
A00200728,Wichita Falls,Wilbarger,Construction,FIRM-49EE,2025-10-08,6,1424111.00,1540430.90,136
A00189583,Yoakum,Victoria,Construction,FIRM-8B19,2026-07-02,8,882797.20,785402.50,30
A00138700,Yoakum,Fayette,Construction,FIRM-FF46,2024-11-07,9,2524149.82,3030320.50,134
A00194184,Yoakum,Matagorda,Construction,FIRM-C449,2025-10-08,6,4866603.30,4523383.75,268
A00211424,Yoakum,Wharton,Construction,FIRM-42ED,2025-11-05,6,2711061.66,2852923.25,233
A00184978,Yoakum,Victoria,Construction,FIRM-38DD,2025-11-06,10,2877575.15,3669521.50,126
A00206284,Yoakum,Lavaca,Construction,FIRM-88FE,2026-01-06,11,1153909.71,1230616.65,180
A00129304,Yoakum,Matagorda,Construction,FIRM-88FE,2026-01-06,8,3770670.02,3915110.25,120
A00206283,Yoakum,Fayette,Construction,FIRM-42ED,2026-08-05,10,1617206.90,1710089.10,188
A00134792,Yoakum,Lavaca,Construction,FIRM-E95A,2025-11-06,5,747399.50,830897.40,90
A00206487,Yoakum,Matagorda,Construction,FIRM-1CE8,2026-05-07,6,5637914.82,4482046.45,176
A00124182,Yoakum,Victoria,Construction,FIRM-7733,2026-08-06,4,24999762.05,33725491.10,435
A00195364,Abilene,Taylor,Construction,FIRM-1859,2024-09-05,5,2658110.75,2806641.90,173
A00194162,Abilene,Taylor,Construction,FIRM-1BBA,2025-07-02,6,1507937.50,2033924.00,86
A00210146,Amarillo,Potter,Construction,FIRM-7F0A,2025-01-07,4,1182257.12,1224932.00,88
A00176429,Amarillo,Potter,Construction,FIRM-DAA9,2025-01-08,5,652371.94,1139844.00,67
A00188550,Amarillo,Potter,Construction,FIRM-C455,2026-03-04,6,4519471.08,5801924.40,157
A00207031,Austin,Travis,Construction,FIRM-0F0C,2025-06-05,4,2149301.75,2966523.80,118
A00217764,Austin,Bastrop,Construction,FIRM-0F0C,2026-08-06,9,224026.70,355991.98,59
A00206735,Austin,Travis,Construction,FIRM-C449,2026-06-03,8,405662.40,516136.30,80
A00210034,Austin,Travis,Construction,FIRM-C449,2026-07-01,6,2047796.58,2376787.95,249
A00197661,Austin,Travis,Construction,FIRM-357D,2026-01-07,6,986475.00,825442.50,300
A00188214,Austin,Travis,Construction,FIRM-8201,2026-02-05,7,1175137.12,1382629.00,132
A00190494,Bryan,Milam,Construction,FIRM-3FEF,2025-06-04,8,714788.50,934783.20,30
A00193176,Fort Worth,Tarrant,Construction,FIRM-38DC,2026-01-07,6,1226924.60,1263171.00,89
A00193178,Fort Worth,Tarrant,Construction,FIRM-3DD2,2026-08-05,6,498026.95,563798.23,32
A00193174,Fort Worth,Tarrant,Construction,FIRM-DE01,2026-08-06,7,919476.70,1142056.28,166
A00064320,Fort Worth,Tarrant,Construction,FIRM-60EB,2026-07-02,7,3181300.83,4188498.30,192
A00198973,Houston,Galveston,Construction,FIRM-3FEF,2025-11-05,9,2839710.00,3514973.59,150
A00102904,Houston,Harris,Construction,FIRM-7B58,2025-12-02,6,1740087.50,1794657.75,65
A00195826,Lubbock,Lubbock,Construction,FIRM-7F0A,2024-09-06,10,2795872.30,2996817.60,391
A00207986,Lubbock,Lubbock,Construction,FIRM-F402,2025-03-05,6,2186698.96,3071492.70,135
A00207988,Lubbock,Hale,Construction,FIRM-BD5E,2025-12-03,4,2229250.50,2581176.00,172
A00184345,Lubbock,Lubbock,Construction,FIRM-1338,2026-07-01,4,328299.90,376554.75,37
A00140131,Lufkin,Angelina,Construction,FIRM-2479,2025-03-05,15,821221.00,1096640.00,102
A00206337,Odessa,Ector,Construction,FIRM-654C,2025-01-07,7,1886046.25,1638203.65,381
A00197972,Odessa,Ector,Construction,FIRM-F23B,2025-06-04,7,1271684.30,1515778.35,59
A00200923,Odessa,Midland,Construction,FIRM-F402,2025-05-02,7,1295425.35,1487852.72,222
A00193627,Odessa,Ector,Construction,FIRM-1338,2025-07-01,4,1911950.75,2314854.30,180
A00184350,Odessa,Ector,Construction,FIRM-DAA9,2025-12-03,12,6185733.27,5915132.42,177
A00178157,Odessa,Ector,Construction,FIRM-B884,2025-02-07,4,1136733.00,1075350.35,90
A00198038,San Angelo,Tom Green,Construction,FIRM-7F0A,2026-06-02,8,1672395.44,2079597.30,158
A00210758,San Angelo,Tom Green,Construction,FIRM-C449,2026-08-05,4,589192.20,579255.40,70
A00196291,San Antonio,Bexar,Construction,FIRM-00C2,2025-05-01,4,2368226.00,2761060.00,129
A00200689,Tyler,Smith,Construction,FIRM-C6AB,2026-04-07,12,1987427.29,3297936.88,199
A00211512,Tyler,Henderson,Construction,FIRM-DAA9,2025-09-04,6,53625.18,62711.00,77
A00194399,Waco,McLennan,Construction,FIRM-1338,2026-08-05,5,1517538.15,1849456.42,150
A00208872,Yoakum,De Witt,Construction,FIRM-1338,2026-03-05,6,2600761.00,2556536.89,180
A00215421,Yoakum,Victoria,Construction,FIRM-6C4B,2026-07-01,6,817778.58,990520.50,159
A00209375,Dallas,Denton,Construction,FIRM-CEE4,2025-02-06,9,5118707.90,6322241.05,132
A00187816,Odessa,Ector,Construction,FIRM-A992,2026-07-02,4,688360.54,765278.50,94
A00203603,Yoakum,De Witt,Construction,FIRM-6755,2026-02-04,13,2343182.00,2323207.50,255
A00188199,Austin,Travis,Construction,FIRM-CA49,2025-01-07,6,1886973.81,2279039.05,264
A00207311,Paris,Lamar,Construction,FIRM-1600,2025-08-08,4,379858.58,372913.25,35
A00198123,Amarillo,Potter,Construction,FIRM-C28C,2025-09-04,6,4015191.10,4563860.25,125
A00184319,Fort Worth,Tarrant,Construction,FIRM-C4BA,2025-01-07,4,1371356.45,1052261.06,150
A00206379,Paris,Hunt,Construction,FIRM-DAA9,2025-08-07,13,482000.00,542394.20,81
A00187856,Tyler,Van Zandt,Construction,FIRM-F3FB,2025-01-08,9,1162543.00,1632341.00,115
A00184068,Abilene,Taylor,Construction,FIRM-0A7D,2025-07-01,5,643371.90,657138.34,74
A00099634,Odessa,Midland,Construction,FIRM-00C2,2024-10-02,5,1912116.95,2090078.70,84
A00177444,Waco,Bell,Construction,FIRM-8056,2025-05-02,8,4930555.11,6524882.17,120
A00185669,Lufkin,Polk,Construction,FIRM-B638,2025-06-05,9,1653086.45,1912208.50,167
A00184614,Tyler,Gregg,Construction,FIRM-00E4,2025-05-01,14,620186.45,834529.00,90
A00206363,Waco,McLennan,Construction,FIRM-7F0A,2025-09-04,7,995057.79,1067720.00,66
A00134793,Yoakum,Lavaca,Construction,FIRM-0E52,2025-07-02,8,1541728.76,1600279.30,171
A00197319,Austin,Travis,Construction,FIRM-C449,2025-05-02,6,2265740.80,2764604.62,273
A00140931,Lufkin,Shelby,Construction,FIRM-C6AB,2024-10-01,5,2037058.97,2145295.50,346
A00205877,Tyler,Smith,Construction,FIRM-1859,2025-05-02,6,2796332.40,3032844.12,183
A00201428,Tyler,Smith,Construction,FIRM-1859,2025-05-01,11,7333627.70,6648675.17,487
A00209777,Pharr,Hidalgo,Construction,FIRM-D40E,2025-08-07,3,3504673.35,4592266.81,304
A00196618,Beaumont,Jefferson,Construction,FIRM-B173,2025-02-07,7,3084194.45,4738305.01,99
A00133339,Fort Worth,Erath,Construction,FIRM-C434,2025-03-04,9,1421219.75,1558443.05,214
A00065636,Fort Worth,Parker,Construction,FIRM-115B,2025-08-08,9,829672.57,940442.64,83
A00183318,Houston,Harris,Construction,FIRM-DA83,2025-07-01,9,948027.50,1157879.59,135
A00140933,Lufkin,Houston,Construction,FIRM-2479,2025-07-02,7,1408211.50,1498562.00,208
A00185701,Lufkin,Shelby,Construction,FIRM-6C9D,2025-08-07,9,1630098.00,2163444.15,260
A00139041,Paris,Grayson,Construction,FIRM-C6AB,2025-01-08,7,1816247.16,1723646.66,195
A00190867,Paris,Grayson,Construction,FIRM-E3E5,2025-07-01,12,2294026.67,2710839.99,350
A00196904,Pharr,Hidalgo,Construction,FIRM-9545,2025-06-05,5,5167455.30,5890397.93,242
A00096030,Pharr,Hidalgo,Construction,FIRM-2DAF,2025-04-03,4,15739166.30,16823452.87,432
A00134449,San Angelo,Schleicher,Construction,FIRM-115B,2025-07-02,9,1387935.23,1665837.25,100
A00188286,Yoakum,Austin,Construction,FIRM-88FE,2025-01-07,10,1737586.90,1785608.30,189
A00206903,Yoakum,Wharton,Construction,FIRM-7F0A,2025-07-02,9,2973236.98,3601994.00,204
A00061098,Fort Worth,Erath,Construction,FIRM-88FE,2025-06-05,10,866897.05,1055743.95,102
A00065155,Fort Worth,Parker,Construction,FIRM-115B,2025-08-08,9,1536598.58,1776975.00,121
A00184586,Pharr,Willacy,Construction,FIRM-3414,2025-08-08,7,5120329.10,6632831.37,210
A00125824,San Angelo,Runnels,Construction,FIRM-5ED6,2025-01-08,9,1997088.90,2664343.88,368
A00180846,Waco,Falls,Construction,FIRM-08FE,2025-05-02,9,2238703.19,2828068.75,225
A00183418,Wichita Falls,Cooke,Construction,FIRM-C6AB,2025-07-01,9,2437820.96,2751439.30,221
A00188283,Yoakum,Gonzales,Construction,FIRM-42ED,2024-12-04,8,2979227.43,3433668.90,363
A00194183,Yoakum,Matagorda,Construction,FIRM-DAA9,2025-02-06,10,3170843.64,3775698.75,267
A00193914,Yoakum,Jackson,Construction,FIRM-649E,2025-03-05,7,1929626.80,2079074.00,176
A00194194,Yoakum,Victoria,Construction,FIRM-88FE,2025-05-01,8,1925463.00,2250729.84,205
A00130805,Yoakum,Fayette,Construction,FIRM-FF46,2025-06-04,11,1169874.33,1339013.20,114
A00194291,Yoakum,Wharton,Construction,FIRM-CF6C,2025-07-01,8,2789317.78,2883412.30,254
A00194182,Yoakum,Matagorda,Construction,FIRM-C449,2025-09-05,5,1833936.50,1610025.70,150
A00129321,Austin,Williamson,Construction,FIRM-00C2,2025-08-08,11,1585425.45,2022833.86,104
A00197896,Beaumont,Orange,Construction,FIRM-649E,2025-03-04,4,5072328.60,6091619.83,122
A00131296,Waco,Falls,Construction,FIRM-49EE,2024-12-03,9,2820728.75,3169901.30,240
A00180852,Waco,Hamilton,Construction,FIRM-E9AA,2025-06-04,12,4196406.55,4110675.04,195
A00194210,Yoakum,Wharton,Construction,FIRM-42ED,2025-03-04,10,3100106.40,3175444.20,294
A00194174,Yoakum,Fayette,Construction,FIRM-42ED,2025-04-03,11,2036157.99,2421939.00,232
A00194200,Yoakum,Wharton,Construction,FIRM-42ED,2025-06-05,6,2614789.36,2882015.80,268
A00134791,Yoakum,Lavaca,Construction,FIRM-7909,2025-09-04,11,1508379.95,1557405.25,180
A00206896,Yoakum,Wharton,Construction,FIRM-7F0A,2025-06-05,7,2130273.30,2558830.58,158
A00207208,Houston,Harris,Construction,FIRM-23F6,2025-09-05,7,1025684.20,1282858.00,75
A00195963,Lubbock,Lubbock,Construction,FIRM-88FE,2025-07-02,4,2978480.50,3454533.29,316
A00128112,Houston,Harris,Construction,FIRM-16A4,2024-10-01,9,10385128.66,13882975.92,305
A00217521,Houston,Harris,Construction,FIRM-0929,2025-12-03,5,2257594.01,3094755.46,82
A00199223,Houston,Montgomery,Construction,FIRM-0F0C,2026-05-06,5,2127626.65,2821414.65,651
A00206377,Bryan,Grimes,Construction,FIRM-3FEF,2026-05-06,11,1828629.00,2492627.40,198
A00002054,Waco,Limestone,Construction,FIRM-8056,2026-07-02,7,1849327.55,2150632.74,128
A00209030,Corpus Christi,Live Oak,Construction,FIRM-81BD,2026-03-04,6,5311274.02,5608038.25,144
A00192926,Pharr,Cameron,Construction,FIRM-88FE,2025-09-05,3,415502.44,330067.70,75
A00215720,Tyler,Anderson,Construction,FIRM-AFFE,2026-07-02,1,165019.60,200280.50,24
A00135244,Abilene,Haskell,Construction,FIRM-1DF0,2025-12-02,4,9555108.96,10148759.98,103
A00209504,Fort Worth,Hood,Construction,FIRM-37C1,2024-12-04,5,9721843.05,10631381.86,132
A00195013,Fort Worth,Erath,Construction,FIRM-9557,2025-12-02,5,8867453.25,12384861.17,132
A00177800,Waco,Bosque,Construction,FIRM-2B61,2025-09-05,5,4972194.16,5761546.13,127
A00207057,Lubbock,Gaines,Construction,FIRM-ED59,2025-08-07,3,698729.03,686788.67,15
A00123513,Houston,Brazoria,Construction,FIRM-6C4B,2026-04-07,6,4367855.06,5309850.50,195
A00196640,Beaumont,Hardin,Construction,FIRM-B173,2026-05-06,6,1527726.75,1601631.00,83
A00131543,Fort Worth,Tarrant,Construction,FIRM-CEE4,2025-02-07,6,3019197.05,3511800.60,170
A00209390,Houston,Harris,Construction,FIRM-9200,2025-12-03,4,2868252.45,2558143.10,50
A00188847,Houston,Harris,Construction,FIRM-B173,2026-01-06,7,22200381.70,20784641.17,260
A00215821,Houston,Harris,Construction,FIRM-11C9,2026-08-06,6,5092365.20,4502236.90,113
A00197955,Pharr,Hidalgo,Construction,FIRM-E289,2025-04-03,3,5354547.35,6948570.40,108
A00063599,San Antonio,Bexar,Construction,FIRM-B173,2025-05-01,7,9693874.28,12327581.15,247
A00004833,Waco,Bosque,Construction,FIRM-B173,2024-10-01,5,4687667.81,5127755.82,90
A00188002,Beaumont,Liberty,Construction,FIRM-7B58,2026-02-05,6,2780143.17,3429351.50,70
A00193537,Atlanta,Bowie,Construction,FIRM-3E2B,2025-02-07,4,414401.00,329797.45,78
A00214465,Beaumont,Chambers,Construction,FIRM-92DA,2026-08-05,9,314786.60,408836.45,73
A00184352,Bryan,Burleson,Construction,FIRM-4D83,2024-10-01,7,534394.42,686720.00,67
A00206666,Dallas,Dallas,Construction,FIRM-8DAD,2026-08-06,10,2138842.27,3098427.50,180
A00206576,Fort Worth,Erath,Construction,FIRM-7F87,2025-12-03,6,156215.32,244252.05,96
A00193244,San Angelo,Tom Green,Construction,FIRM-C449,2025-02-06,4,480047.70,431837.30,91
A00210650,Beaumont,Jefferson,Construction,FIRM-E645,2025-05-01,9,618800.00,1463415.00,68
A00211260,Corpus Christi,San Patricio,Construction,FIRM-DC30,2026-07-01,7,474896.12,577405.70,36
A00206775,Corpus Christi,Nueces,Construction,FIRM-1338,2026-07-02,4,480636.00,542860.00,51
A00193182,Fort Worth,Tarrant,Construction,FIRM-BBB8,2026-05-06,3,297427.77,598673.36,25
A00186801,Houston,Fort Bend,Construction,FIRM-60EB,2025-01-07,6,1043187.46,670474.55,108
A00131196,Houston,Harris,Construction,FIRM-EEA6,2024-10-02,6,294412.42,641196.78,68
A00131224,Houston,Harris,Construction,FIRM-DC30,2025-01-07,5,936472.55,1014216.21,69
A00210233,Houston,Harris,Construction,FIRM-7C19,2026-03-04,5,1953427.51,1467693.80,81
A00210237,Houston,Harris,Construction,FIRM-E675,2026-05-07,4,556362.33,646244.64,38
A00204595,Houston,Galveston,Construction,FIRM-60EB,2024-12-04,9,709916.95,1360850.00,41
A00209528,Pharr,Hidalgo,Construction,FIRM-7F87,2024-12-03,8,19151.00,52700.00,20
A00203671,Austin,Williamson,Construction,FIRM-6755,2025-02-06,11,279317.00,394698.50,48
A00214078,Fort Worth,Palo Pinto,Construction,FIRM-3FEF,2025-10-09,5,4272843.10,4142319.40,168
A00205724,Houston,Galveston,Construction,FIRM-2C76,2025-02-06,6,3566080.00,2992424.87,132
A00186870,Bryan,Freestone,Construction,FIRM-8B5E,2025-10-08,8,2573939.99,2483796.12,171
A00132533,Dallas,Dallas,Construction,FIRM-DA83,2026-03-04,10,16606596.57,16165948.94,662
A00136986,San Antonio,Guadalupe,Construction,FIRM-81BD,2026-08-06,9,5753739.07,5699898.82,227
A00128664,Yoakum,Wharton,Construction,FIRM-DAA9,2025-12-02,11,2667278.44,2933267.00,157
A00130819,Yoakum,Colorado,Construction,FIRM-81BD,2025-12-03,13,1598214.16,1583330.00,105
A00183903,Yoakum,Austin,Construction,FIRM-85FC,2026-02-05,13,4981961.80,6432145.60,262
A00216221,Houston,Fort Bend,Construction,FIRM-3FEF,2026-04-08,7,563744.50,721612.50,61
A00130461,Atlanta,Titus,Construction,FIRM-F3FB,2026-05-07,7,9498728.51,11312219.23,320
A00031457,San Antonio,Bexar,Construction,FIRM-504D,2026-05-07,4,155584592.23,140477213.77,638
A00191143,Austin,Williamson,Construction,FIRM-00C2,2026-06-03,7,7574102.11,7329605.75,194
A00134306,Odessa,Midland,Construction,FIRM-FFD8,2025-10-08,5,6106365.00,7584649.57,280
A00134307,Odessa,Midland,Construction,FIRM-8B19,2025-10-09,5,7380828.44,7797110.28,280
A00212521,Fort Worth,Johnson,Construction,FIRM-39D3,2025-07-02,5,332370.00,364803.50,67
A00217103,Fort Worth,Tarrant,Construction,FIRM-4A0B,2026-07-02,8,159000.00,318033.50,27
A00065038,Fort Worth,Parker,Construction,FIRM-A082,2025-09-04,5,1351258.56,1373017.00,126
A00208034,Atlanta,Harrison,Construction,FIRM-840D,2025-07-02,4,2798906.58,3360682.00,49
A00178547,Austin,Williamson,Construction,FIRM-573E,2025-01-08,4,9163864.84,10308576.14,128
A00177962,Beaumont,Chambers,Construction,FIRM-7B58,2025-10-09,4,822842.10,964483.72,45
A00187771,Dallas,Kaufman,Construction,FIRM-F402,2025-11-05,9,8281476.84,12242998.54,179
A00220224,Fort Worth,Tarrant,Construction,FIRM-3F89,2026-08-06,6,3202525.20,2924978.47,40
A00188768,Houston,Waller,Construction,FIRM-A503,2024-09-06,7,2461983.97,3128961.10,54
A00189688,Laredo,Webb,Construction,FIRM-336E,2026-01-06,5,16415512.14,20635133.75,220
A00200125,Odessa,Ector,Construction,FIRM-FFD8,2026-05-06,6,9284543.47,10581431.98,175
A00194690,Wichita Falls,Young,Construction,FIRM-D8DE,2025-06-05,3,4148316.71,4923284.80,102
A00140570,Yoakum,Fayette,Construction,FIRM-81BD,2024-11-06,5,10827269.87,10408946.50,105
A00186954,Abilene,Mitchell,Construction,FIRM-0C1D,2025-06-05,7,5996861.40,7472606.65,108
A00196220,Atlanta,Cass,Construction,FIRM-F3FB,2024-10-02,5,17425888.06,18351153.60,178
A00135331,Austin,Williamson,Construction,FIRM-891D,2025-11-05,11,4482346.63,5142433.61,215
A00196681,Beaumont,Tyler,Construction,FIRM-68F6,2026-04-08,6,20919240.07,20662478.00,294
A00187296,Bryan,Brazos,Construction,FIRM-D019,2025-04-04,6,6280470.59,6658922.50,174
A00128671,Childress,Hall,Construction,FIRM-D0D7,2026-08-06,4,9477780.50,8833129.70,264
A00135364,Dallas,Navarro,Construction,FIRM-8056,2025-12-02,8,6087366.62,7745074.59,212
A00141254,Dallas,Dallas,Construction,FIRM-C455,2026-05-07,4,11542445.93,13090782.97,310
A00217902,Fort Worth,Johnson,Construction,FIRM-A082,2026-07-01,5,3499715.97,3629090.57,258
A00187419,Paris,Hunt,Construction,FIRM-C92E,2025-01-08,4,6730503.74,7766224.11,171
A00187424,Paris,Franklin,Construction,FIRM-2FA7,2025-04-03,10,9113598.80,12271309.38,370
A00131922,Pharr,Cameron,Construction,FIRM-1D29,2025-12-02,7,14628508.87,18316364.29,428
A00124555,Yoakum,Lavaca,Construction,FIRM-81BD,2025-03-05,9,5948468.48,7562793.95,205
A00125659,Yoakum,Austin,Construction,FIRM-8056,2025-08-07,7,12637639.85,13648001.23,165
A00192976,Amarillo,Ochiltree,Construction,FIRM-FFDB,2024-09-05,6,28843111.11,30107140.00,166
A00195784,Dallas,Collin,Construction,FIRM-1816,2024-11-06,5,5486284.92,6901667.65,206
A00195596,Yoakum,Gonzales,Construction,FIRM-81BD,2025-06-05,6,10569339.08,13648816.35,330
A00192970,Beaumont,Chambers,Construction,FIRM-6C4B,2025-10-08,11,1064705.18,1112604.60,36
A00206416,Bryan,Brazos,Construction,FIRM-8056,2026-07-01,9,3771592.08,4315845.66,217
A00176955,Corpus Christi,Karnes,Construction,FIRM-654C,2025-12-02,6,11964432.59,11047663.01,354
A00184262,Lubbock,Lubbock,Construction,FIRM-611B,2025-08-08,7,2699559.00,3795251.99,202
A00195145,Paris,Hunt,Construction,FIRM-0C1D,2025-03-05,4,7646072.84,8048585.92,163
A00206664,Paris,Hopkins,Construction,FIRM-3FEF,2026-01-06,9,2863924.75,3572316.39,152
A00206681,Paris,Lamar,Construction,FIRM-C6AB,2026-06-02,6,648365.19,806243.00,96
A00184547,Wichita Falls,Montague,Construction,FIRM-3F89,2025-06-05,6,6384867.90,6607392.92,359
A00207005,Yoakum,Jackson,Construction,FIRM-88FE,2026-08-06,4,5347066.95,5670190.45,180
A00128677,Childress,Wheeler,Construction,FIRM-0C1D,2025-03-05,7,14172579.20,17564060.37,317
A00197374,Austin,Hays,Construction,FIRM-8BBD,2026-04-08,7,10020820.30,10113847.20,320
A00208588,Childress,Cottle,Construction,FIRM-D8DE,2026-01-07,9,6279570.48,6117160.34,110
A00062698,San Antonio,Guadalupe,Construction,FIRM-A2A4,2026-06-03,7,40761847.19,47767491.02,519
A00027293,Tyler,Smith,Construction,FIRM-6DE5,2026-07-02,10,58705654.39,64389273.99,787
A00211476,Austin,Llano,Construction,FIRM-B379,2026-07-01,12,526435.00,792464.00,98
A00200564,Corpus Christi,Nueces,Construction,FIRM-A646,2025-07-02,10,1759250.97,2625206.23,106
A00210172,Lubbock,Parmer,Construction,FIRM-F23B,2025-09-04,11,4197908.00,4332214.00,156
A00209531,Pharr,Hidalgo,Construction,FIRM-2375,2025-07-02,3,1093924.00,686453.07,278
A00193354,Abilene,Taylor,Construction,FIRM-5ED6,2026-03-04,6,6284525.46,6239737.10,234
A00200605,Austin,Travis,Construction,FIRM-00C2,2025-06-05,6,1629167.54,2116968.15,120
A00209252,Beaumont,Chambers,Construction,FIRM-85FC,2026-05-06,7,4355659.22,4682081.87,238
A00215671,Austin,Williamson,Construction,FIRM-573E,2026-04-07,5,2388456.46,2566158.62,51
A00210045,Beaumont,Chambers,Construction,FIRM-BCBF,2026-07-02,4,3332075.20,3459416.41,102
A00188134,San Antonio,Bexar,Construction,FIRM-2B61,2025-07-01,7,5240622.49,7796634.47,128
A00189338,San Antonio,Medina,Construction,FIRM-2B61,2026-03-04,12,1524647.42,1990895.74,100
A00129761,Waco,Hill,Construction,FIRM-8056,2026-03-04,4,3387033.31,4131286.76,75
A00212674,El Paso,El Paso,Construction,FIRM-55C8,2026-04-08,7,1248951.33,1307462.30,124
A00184941,San Antonio,Atascosa,Construction,FIRM-C449,2024-09-06,8,2484607.39,2547613.00,177
A00195782,Dallas,Collin,Construction,FIRM-3FEF,2025-07-02,7,848975.00,1259458.50,135
A00196130,Dallas,Dallas,Construction,FIRM-1816,2026-06-02,5,19588668.19,17965404.75,242
A00199805,Odessa,Winkler,Construction,FIRM-FFD8,2025-02-06,8,2658948.35,2856103.29,90
A00187837,Odessa,Winkler,Construction,FIRM-8B19,2025-10-09,7,14074052.74,13632761.50,242
A00187841,Odessa,Reeves,Construction,FIRM-3EA5,2026-08-05,6,14980840.30,21197037.88,160
A00182265,Waco,Limestone,Construction,FIRM-8056,2025-10-09,5,13941159.05,18679272.34,165
A00208822,Yoakum,Austin,Construction,FIRM-81BD,2025-12-02,8,10744492.63,10709547.40,495
A00184776,Dallas,Dallas,Construction,FIRM-4D83,2024-11-06,5,3333333.33,4830857.25,240
A00193765,Dallas,Dallas,Construction,FIRM-CA49,2026-03-05,8,1590456.00,2316554.90,160
A00212319,Fort Worth,Tarrant,Construction,FIRM-3F89,2026-08-06,5,698180.60,825559.00,9
A00193911,Houston,Harris,Construction,FIRM-92DA,2026-06-03,11,1523084.25,1692028.04,218
A00193539,Odessa,Ector,Construction,FIRM-292D,2026-01-06,4,16211726.08,11813340.56,360
A00123308,Lubbock,Cochran,Construction,FIRM-ED59,2025-01-08,5,28894124.45,37873977.20,227
A00132096,Lubbock,Terry,Construction,FIRM-08FE,2025-10-09,6,22303962.17,27831213.47,195
A00187840,Odessa,Winkler,Construction,FIRM-FFD8,2025-11-06,7,28204481.08,35916484.00,442
A00207377,Odessa,Winkler,Construction,FIRM-FFD8,2025-12-02,5,24397884.68,26580487.00,429
A00211709,Austin,Travis,Construction,FIRM-A646,2026-06-02,9,3335184.39,4469625.43,150
A00197386,Austin,Hays,Construction,FIRM-8BBD,2025-01-07,5,581998.75,723573.08,23
A00189006,Dallas,Dallas,Construction,FIRM-3F89,2025-09-04,7,6104472.73,6747050.50,196
A00063821,Tyler,Gregg,Construction,FIRM-4D5C,2025-09-05,11,36971034.60,40248855.54,723
A00210017,Beaumont,Jefferson,Construction,FIRM-1A5E,2025-06-04,6,2363295.38,2491550.01,73
A00182264,Waco,Hill,Construction,FIRM-8056,2025-01-07,6,8760907.35,9344627.40,120
A00211066,Odessa,Midland,Construction,FIRM-FFD8,2025-09-05,5,5391294.92,6282172.52,93
A00207123,Lufkin,San Jacinto,Construction,FIRM-0E52,2025-08-08,12,1350735.01,1712447.00,80
A00061563,Lufkin,Nacogdoches,Construction,FIRM-C6AB,2025-05-01,9,6230927.11,7373105.30,456
A00140955,Lufkin,San Jacinto,Construction,FIRM-49EE,2025-05-02,9,4304420.90,4449294.50,461
A00193634,Paris,Delta,Construction,FIRM-C6AB,2024-09-05,7,2292341.85,2873307.05,143
A00184365,Odessa,Ector,Construction,FIRM-FFD8,2025-06-04,4,5970353.45,10589342.70,290
A00212930,Dallas,Dallas,Construction,FIRM-C4BA,2025-05-02,6,3099433.21,3518014.49,205
A00184690,Brownwood,Brown,Construction,FIRM-DAA9,2025-05-02,8,1732353.00,3138627.50,127
A00193381,Yoakum,Calhoun,Construction,FIRM-4064,2025-05-02,5,3141247.90,3189957.90,105
A00127834,Amarillo,Hansford,Construction,FIRM-C324,2025-09-05,6,12484682.59,16235433.64,152
A00183345,San Antonio,Bexar,Construction,FIRM-C449,2025-03-05,7,2872934.12,2896669.01,195
A00129803,Houston,Brazoria,Construction,FIRM-BCBF,2025-06-05,6,2104777.27,2384507.62,49
A00209767,Tyler,Gregg,Construction,FIRM-B884,2025-02-07,4,2992886.20,2575629.45,52
A00135291,Austin,Caldwell,Construction,FIRM-81BD,2025-08-07,3,1719623.17,2154843.03,80
A00184100,Beaumont,Tyler,Construction,FIRM-7B58,2025-07-02,6,5598866.97,6155575.51,250
A00192967,Bryan,Brazos,Construction,FIRM-80CC,2025-08-07,6,2808685.15,2824745.82,203
A00190692,San Antonio,Comal,Construction,FIRM-81BD,2025-03-04,10,3391550.27,4922855.78,229
A00128981,Lubbock,Dawson,Construction,FIRM-0C1D,2025-09-05,10,17135619.03,21621141.30,148
A00212937,Dallas,Dallas,Construction,FIRM-3FEF,2025-03-05,3,4443436.65,5094745.75,214
A00212947,Dallas,Dallas,Construction,FIRM-3DD2,2025-04-04,6,2415555.00,2513098.60,199
A00209706,Tyler,Smith,Construction,FIRM-4D5C,2025-08-08,4,1969487.05,1995932.30,147
A00065080,Fort Worth,Hood,Construction,FIRM-88FE,2025-06-04,8,2382295.20,2673092.00,132
A00187704,Waco,Bosque,Construction,FIRM-62E8,2025-03-05,6,6597547.43,6814396.23,180
A00139426,Fort Worth,Tarrant,Construction,FIRM-B884,2025-05-02,9,6426835.00,6000821.68,309
A00196060,Dallas,Rockwall,Construction,FIRM-B173,2024-09-05,6,4169539.20,4628600.70,86
A00184596,Austin,Burnet,Construction,FIRM-81BD,2025-02-06,9,7072727.55,6847444.59,185
A00184820,Dallas,Kaufman,Construction,FIRM-08FE,2025-08-07,10,5180451.82,4926221.68,200
A00184821,Dallas,Kaufman,Construction,FIRM-08FE,2025-08-08,8,3537961.46,3638913.60,164
A00138761,Pharr,Jim Hogg,Construction,FIRM-336E,2025-06-04,5,5520580.00,3802174.65,338
A00127561,Bryan,Leon,Construction,FIRM-8056,2025-08-08,5,21287952.83,24159203.26,476
A00141242,Houston,Galveston,Construction,FIRM-B173,2025-01-07,3,7342374.25,9151362.70,150
A00201205,Amarillo,Hutchinson,Construction,FIRM-115B,2025-05-02,7,3406939.22,3654451.25,152
A00184778,Dallas,Dallas,Construction,FIRM-3E2B,2025-06-04,8,4223542.78,4251880.50,240
A00188500,Houston,Harris,Construction,FIRM-80FF,2024-09-05,4,7878085.95,9898221.06,195
A00201208,Amarillo,Moore,Construction,FIRM-7F0A,2025-04-04,1,9996584.51,9299316.75,390
A00140690,Abilene,Taylor,Construction,FIRM-5ED6,2025-04-03,7,3167590.55,3625750.06,197
A00197724,Amarillo,Hutchinson,Construction,FIRM-A646,2024-09-05,4,14937903.07,14044457.30,293
A00064427,Fort Worth,Erath,Construction,FIRM-C434,2024-10-02,6,9849854.95,11062766.90,512
A00061613,Dallas,Dallas,Construction,FIRM-1FAE,2025-03-05,5,16449139.00,17046539.96,396
A00095081,Bryan,Madison,Construction,FIRM-C434,2025-09-04,6,18290692.61,17046795.23,195
A00178587,Bryan,Grimes,Construction,FIRM-D019,2024-09-05,8,4479429.47,4527187.95,107
A00183588,Childress,Motley,Construction,FIRM-88FE,2025-07-01,8,1837101.30,2112424.16,126
A00089097,Houston,Montgomery,Construction,FIRM-16A4,2024-10-01,3,63793851.71,73558885.90,758
A00133456,Dallas,Navarro,Construction,FIRM-AD6A,2025-09-05,9,9649382.36,10486886.95,588
A00133440,Bryan,Robertson,Construction,FIRM-8056,2025-05-02,7,20558087.70,29250177.96,395
A00058906,Fort Worth,Johnson,Construction,FIRM-A082,2025-02-06,5,26976279.74,32329714.20,675
A00121583,Houston,Montgomery,Construction,FIRM-80FF,2024-09-06,8,20568606.42,31110991.17,481
A00130736,Houston,Harris,Construction,FIRM-B173,2025-03-04,6,21982369.40,27315818.61,126
A00184721,San Antonio,Bexar,Construction,FIRM-7733,2025-04-04,7,8862445.15,10457585.89,272
A00128327,Pharr,Hidalgo,Construction,FIRM-9545,2025-09-04,8,32261531.50,35147302.98,762
A00194968,Abilene,Taylor,Construction,FIRM-08FE,2025-05-02,9,10612470.66,13524800.40,360
A00180383,Bryan,Grimes,Construction,FIRM-D019,2025-03-04,10,954997.80,1381357.00,113
A00193907,Houston,Harris,Construction,FIRM-60EB,2025-09-05,8,9515227.49,10013611.70,120
A00201408,Lufkin,Angelina,Construction,FIRM-7519,2025-04-03,7,570968.80,760848.00,143
A00211509,Amarillo,Gray,Construction,FIRM-F311,2026-04-08,9,3039519.10,3424040.30,135
A00196657,Beaumont,Jasper,Construction,FIRM-B173,2025-12-02,3,1374925.71,1483639.82,42
A00215276,Brownwood,Lampasas,Construction,FIRM-8056,2026-06-02,10,4510687.98,5557276.85,117
A00187135,Corpus Christi,Refugio,Construction,FIRM-81BD,2026-02-05,6,1219239.44,1500212.75,40
A00205962,Dallas,Dallas,Construction,FIRM-8B19,2025-07-01,6,4922876.30,6466325.75,196
A00209489,Dallas,Ellis,Construction,FIRM-3F89,2026-06-02,7,5325296.40,5220420.28,133
A00211933,Fort Worth,Erath,Construction,FIRM-C6AB,2026-07-02,4,1355525.89,1496633.98,144
A00214152,Houston,Harris,Construction,FIRM-0929,2025-08-08,6,1637442.58,2231145.24,105
A00211270,Houston,Harris,Construction,FIRM-4A0B,2025-08-08,6,1815000.00,2247555.26,135
A00128039,Houston,Harris,Construction,FIRM-11C9,2026-01-06,7,3111482.00,3238691.23,463
A00209380,Laredo,Maverick,Construction,FIRM-7733,2025-03-05,5,16867638.34,17716135.45,164
A00193135,Lufkin,Angelina,Construction,FIRM-611B,2026-03-04,8,1511792.00,1693881.30,113
A00191479,Pharr,Cameron,Construction,FIRM-C0B9,2026-08-05,7,240951.94,224192.00,81
A00211661,San Antonio,Bexar,Construction,FIRM-0F0C,2025-07-02,2,1641517.55,2005830.74,90
A00187373,Waco,Hill,Construction,FIRM-2B61,2024-09-06,3,7292707.38,7113342.59,60
A00196395,Waco,McLennan,Construction,FIRM-8056,2026-05-06,5,5957587.85,9476549.15,109
A00206480,Yoakum,Austin,Construction,FIRM-3505,2026-05-07,5,559612.36,652746.15,25
A00190497,Bryan,Grimes,Construction,FIRM-3FEF,2024-11-06,9,782803.00,995792.00,58
A00213157,Wichita Falls,Wichita,Construction,FIRM-2C76,2026-07-02,10,1719201.10,2062357.98,153
A00141141,Brownwood,Lampasas,Construction,FIRM-573E,2025-01-08,7,1066349.58,1278121.50,43
A00194653,Fort Worth,Erath,Construction,FIRM-9557,2024-12-03,4,6375558.15,6533659.44,108
A00209389,Houston,Harris,Construction,FIRM-CB57,2026-01-07,5,2017346.00,2406628.85,51
A00189861,Odessa,Winkler,Construction,FIRM-8D37,2025-09-04,2,11467506.79,11954203.73,180
A00189383,Pharr,Cameron,Construction,FIRM-7733,2025-09-05,4,6373367.18,8001548.05,120
A00184051,Beaumont,Jasper,Construction,FIRM-D186,2025-03-05,5,241007.90,251865.02,38
A00192961,Beaumont,Orange,Construction,FIRM-2F37,2025-08-08,13,1415941.13,1811500.80,84
A00194005,Childress,Wheeler,Construction,FIRM-8698,2024-11-07,3,591670.50,516646.00,67
A00215889,Fort Worth,Parker,Construction,FIRM-2DCC,2026-04-07,6,434829.23,537434.00,108
A00215890,Fort Worth,Tarrant,Construction,FIRM-4DE8,2026-04-08,8,250000.00,286038.00,96
A00213321,Fort Worth,Palo Pinto,Construction,FIRM-1338,2026-08-05,11,180929.60,253842.60,19
A00196961,Houston,Harris,Construction,FIRM-92DA,2025-05-01,8,6683209.00,7050244.00,139
A00126437,Houston,Brazoria,Construction,FIRM-BCBF,2026-01-06,5,8773976.47,8963328.00,109
A00123433,Houston,Fort Bend,Construction,FIRM-D186,2026-05-06,8,5436518.97,6524455.25,220
A00180054,Laredo,Maverick,Construction,FIRM-C464,2024-10-02,6,673868.80,679928.35,99
A00213379,Laredo,Duval,Construction,FIRM-7F87,2026-08-05,8,779407.58,970872.55,122
A00207014,Lubbock,Lynn,Construction,FIRM-A87F,2025-07-01,3,249241.00,228910.00,38
A00193137,Lufkin,Nacogdoches,Construction,FIRM-B173,2026-05-07,4,5689158.97,6169821.48,230
A00196729,Odessa,Ward,Construction,FIRM-0A7D,2025-04-04,4,185433.75,268216.08,31
A00209567,Pharr,Hidalgo,Construction,FIRM-E289,2025-05-01,5,6414834.09,7870654.92,120
A00196898,Pharr,Cameron,Construction,FIRM-357D,2026-02-05,4,523748.40,657837.90,113
A00209575,Pharr,Hidalgo,Construction,FIRM-E289,2026-04-07,4,8784921.94,8135339.33,96
A00197433,San Antonio,Comal,Construction,FIRM-B173,2026-03-04,7,5825980.66,9211626.25,195
A00193396,San Antonio,Comal,Construction,FIRM-C449,2026-04-08,11,816253.50,1034120.20,104
A00197666,Waco,Bell,Construction,FIRM-2DCC,2026-06-03,12,2981025.83,3792762.86,126
A00192959,Beaumont,Orange,Construction,FIRM-E645,2025-04-03,7,279605.00,626185.00,40
A00212790,Brownwood,Eastland,Construction,FIRM-E645,2025-09-04,11,41785.00,108468.00,16
A00212789,Brownwood,San Saba,Construction,FIRM-E645,2025-09-04,13,94590.00,214364.00,16
A00212345,Childress,Donley,Construction,FIRM-A214,2026-07-02,6,746978.26,1580346.74,67
A00186856,Houston,Harris,Construction,FIRM-F616,2025-01-07,10,152861.16,152974.76,30
A00186881,Houston,Galveston,Construction,FIRM-60EB,2025-01-08,6,9176024.54,9795444.50,518
A00210231,Houston,Harris,Construction,FIRM-DC30,2025-12-03,6,1682561.57,2032967.65,63
A00217917,Houston,Waller,Construction,FIRM-16EC,2026-03-05,5,299551.60,296573.90,14
A00212548,Laredo,Maverick,Construction,FIRM-9C62,2025-12-02,6,1201488.50,1901471.40,151
A00211129,Lufkin,Angelina,Construction,FIRM-B884,2025-12-02,8,4038249.10,4804106.80,99
A00210373,Tyler,Smith,Construction,FIRM-9888,2025-08-07,4,205068.00,198473.00,194
A00210443,Waco,Hill,Construction,FIRM-9C62,2025-03-05,9,926962.24,1668508.19,105
A00211664,Yoakum,Calhoun,Construction,FIRM-AD0D,2025-11-05,8,1886657.91,2340990.31,75
A00214821,Bryan,Robertson,Construction,FIRM-B379,2026-07-02,3,1205489.00,1150405.00,104
A00195509,Abilene,Jones,Construction,FIRM-5ED6,2024-09-05,9,6794417.72,8479584.01,108
A00206918,Abilene,Borden,Construction,FIRM-7733,2025-10-09,6,7299030.00,9109159.50,70
A00195453,Abilene,Fisher,Construction,FIRM-7733,2025-10-08,8,2898664.55,3570711.55,72
A00189537,Abilene,Callahan,Construction,FIRM-8056,2026-04-07,8,11487762.13,10675510.94,378
A00123139,Amarillo,Dallam,Construction,FIRM-D0D7,2024-10-01,2,25914960.65,21200629.95,602
A00207978,Atlanta,Bowie,Construction,FIRM-F402,2025-01-08,5,2402680.34,3000439.61,69
A00208073,Atlanta,Cass,Construction,FIRM-0FBA,2025-10-08,10,11029939.11,13278536.48,406
A00196501,Atlanta,Titus,Construction,FIRM-C841,2025-10-08,6,1096364.98,984816.84,105
A00196217,Atlanta,Camp,Construction,FIRM-0C1D,2026-01-06,4,5003036.98,6281876.84,92
A00192909,Atlanta,Cass,Construction,FIRM-49EE,2026-04-07,11,1793826.32,2530848.08,135
A00196275,Atlanta,Harrison,Construction,FIRM-840D,2026-08-06,6,3320427.62,3307700.41,65
A00196231,Atlanta,Morris,Construction,FIRM-2FA7,2026-08-05,8,10759104.58,11759396.31,227
A00188212,Austin,Williamson,Construction,FIRM-573E,2025-01-07,4,3483607.75,4327638.00,89
A00063966,Austin,Bastrop,Construction,FIRM-CC48,2025-08-08,7,18841534.99,17087049.98,680
A00197263,Austin,Burnet,Construction,FIRM-B173,2025-10-09,7,1537148.08,2387278.90,48
A00063983,Austin,Williamson,Construction,FIRM-FEB2,2025-11-05,9,14639581.45,19572839.89,186
A00197215,Austin,Bastrop,Construction,FIRM-573E,2025-12-03,7,2047395.81,2706232.37,52
A00216234,Austin,Bastrop,Construction,FIRM-C449,2026-07-02,6,1095803.80,745820.25,93
A00193144,Austin,Blanco,Construction,FIRM-81BD,2026-08-06,8,2419095.11,2495198.94,146
A00210033,Beaumont,Liberty,Construction,FIRM-7B58,2026-01-07,5,859788.20,1089707.00,24
A00193132,Brownwood,San Saba,Construction,FIRM-586A,2025-09-05,5,11074628.98,13990090.74,403
A00020886,Brownwood,Lampasas,Construction,FIRM-8056,2025-10-09,8,54760408.87,71860981.07,558
A00187468,Bryan,Milam,Construction,FIRM-C434,2024-09-06,8,1108345.62,1375549.18,55
A00209280,Bryan,Milam,Construction,FIRM-95A4,2025-01-07,7,1409595.10,1640211.98,72
A00135986,Bryan,Washington,Construction,FIRM-80CC,2025-11-05,13,2813307.75,3399651.85,165
A00196824,Bryan,Burleson,Construction,FIRM-8056,2026-08-05,7,4987864.60,5320688.55,258
A00207865,Corpus Christi,Nueces,Construction,FIRM-0E52,2026-01-07,6,908354.05,1154987.00,92
A00209034,Corpus Christi,Live Oak,Construction,FIRM-88FE,2026-08-06,9,9709793.17,10519557.65,480
A00138368,Dallas,Denton,Construction,FIRM-AD6A,2025-08-07,10,128704133.71,167578105.30,911
A00020688,Dallas,Ellis,Construction,FIRM-DA83,2026-03-04,10,63703073.56,63765203.53,784
A00218072,Dallas,Collin,Construction,FIRM-CA49,2026-03-05,8,1754724.00,2070373.20,160
A00203532,Dallas,Dallas,Construction,FIRM-1816,2026-04-08,5,3975784.30,3844434.38,136
A00133874,Dallas,Kaufman,Construction,FIRM-8056,2026-08-05,8,6242701.42,7199789.52,140
A00210871,Fort Worth,Johnson,Construction,FIRM-3FEF,2024-11-06,8,2082914.00,3114323.40,299
A00062051,Fort Worth,Wise,Construction,FIRM-3F89,2025-07-01,4,15286842.33,16798751.75,516
A00064312,Fort Worth,Johnson,Construction,FIRM-38DC,2025-11-05,6,4249843.65,5101276.60,263
A00063498,Fort Worth,Palo Pinto,Construction,FIRM-B173,2026-02-04,9,2945708.89,4727314.90,78
A00062075,Fort Worth,Parker,Construction,FIRM-AD6A,2026-08-06,8,15697165.11,18156436.74,425
A00188706,Houston,Brazoria,Construction,FIRM-7B58,2025-10-08,3,1826598.13,2289653.50,50
A00130695,Houston,Montgomery,Construction,FIRM-BCBF,2026-05-06,7,5153277.70,4713675.29,109
A00209198,Houston,Fort Bend,Construction,FIRM-CA7F,2026-07-01,5,637103.65,425243.67,51
A00196581,Laredo,Webb,Construction,FIRM-336E,2025-08-08,5,31130076.40,37681960.56,538
A00127306,Laredo,Duval,Construction,FIRM-81BD,2026-03-04,6,18216990.60,21994703.43,345
A00084334,Laredo,Maverick,Construction,FIRM-81BD,2026-04-07,8,93685506.85,131978367.62,817
A00189724,Laredo,Maverick,Construction,FIRM-336E,2026-08-06,4,8822696.98,11559333.07,235
A00080576,Odessa,Ector,Construction,FIRM-FFD8,2026-07-01,7,53657268.17,46211492.52,480
A00197743,Paris,Lamar,Construction,FIRM-C6AB,2024-11-06,10,2222428.62,2535515.90,275
A00138848,Paris,Hunt,Construction,FIRM-C92E,2025-03-05,6,9373273.19,9799030.51,312
A00195148,Paris,Grayson,Construction,FIRM-649E,2025-03-04,6,5014608.26,4539091.62,176
A00184795,Pharr,Kenedy,Construction,FIRM-E289,2025-04-04,6,61607900.27,72543107.10,491
A00183308,Pharr,Hidalgo,Construction,FIRM-1D29,2026-05-07,6,62131044.21,73884136.67,596
A00065051,San Antonio,Guadalupe,Construction,FIRM-81BD,2026-06-02,8,2728901.52,2981999.70,169
A00186691,San Antonio,Kerr,Construction,FIRM-88FE,2026-06-03,7,4297619.67,4462547.00,243
A00184725,San Antonio,Bexar,Construction,FIRM-00C2,2026-07-02,4,4125635.99,3360948.26,198
A00197422,San Antonio,Frio,Construction,FIRM-2B61,2026-08-05,7,7430847.08,8663166.47,206
A00205946,Tyler,Rusk,Construction,FIRM-840D,2024-09-05,4,21244670.26,26418702.98,160
A00178624,Tyler,Van Zandt,Construction,FIRM-8056,2025-01-07,9,7787125.40,9573492.86,120
A00064408,Tyler,Cherokee,Construction,FIRM-840D,2025-02-07,8,4258941.26,6215434.62,80
A00184512,Tyler,Rusk,Construction,FIRM-4D5C,2026-01-06,6,13629477.94,13420245.06,315
A00206402,Tyler,Wood,Construction,FIRM-6DE5,2026-01-06,9,4058409.50,4100161.64,225
A00206448,Tyler,Cherokee,Construction,FIRM-72D7,2026-07-01,4,1093711.80,1304447.86,83
A00194465,Waco,Coryell,Construction,FIRM-9888,2024-11-07,3,315604.75,228378.00,40
A00004604,Waco,Coryell,Construction,FIRM-80FF,2025-11-05,8,107409195.00,127915646.28,701
A00211383,Wichita Falls,Archer,Construction,FIRM-49EE,2025-01-07,7,3345238.25,3410628.65,132
A00194685,Wichita Falls,Cooke,Construction,FIRM-CF08,2025-04-04,7,6010839.85,7537592.50,95
A00195300,Wichita Falls,Archer,Construction,FIRM-08FE,2026-08-06,5,13042633.07,13619477.83,319
A00195577,Yoakum,Austin,Construction,FIRM-B173,2025-05-02,6,6157668.01,6997406.60,173
A00196312,Yoakum,Fayette,Construction,FIRM-80CC,2025-12-03,13,4027354.50,5028099.40,240
A00195603,Yoakum,Fayette,Construction,FIRM-81BD,2026-01-06,7,4335114.43,4163925.43,149
A00188972,Yoakum,Jackson,Construction,FIRM-8B19,2026-04-08,12,25784014.85,21500022.25,319
A00206489,Yoakum,Lavaca,Construction,FIRM-81BD,2026-04-07,4,2566088.85,2177687.55,105
A00219976,Yoakum,Colorado,Construction,FIRM-7909,2026-07-01,11,1630795.40,1740773.38,118
A00206483,Yoakum,Colorado,Construction,FIRM-0E52,2026-07-02,10,4778225.98,5202386.97,264
A00183298,Abilene,Taylor,Construction,FIRM-5ED6,2025-07-01,6,4169100.50,4094862.00,295
A00206629,Bryan,Grimes,Construction,FIRM-80CC,2026-06-02,8,1241182.50,1274703.96,67
A00208856,Bryan,Milam,Construction,FIRM-80CC,2026-08-05,5,366494.86,394845.83,36
A00196688,Dallas,Dallas,Construction,FIRM-60EB,2025-03-04,4,12555490.60,12837003.40,300
A00215175,Houston,Harris,Construction,FIRM-D186,2025-08-07,6,2464072.63,2795126.72,93
A00201324,Laredo,Val Verde,Construction,FIRM-A646,2024-09-06,6,899114.70,1141076.00,97
A00126079,Lubbock,Gaines,Construction,FIRM-ED59,2025-10-08,4,8218151.81,8835842.50,169
A00196024,Lufkin,Angelina,Construction,FIRM-B173,2025-02-07,3,4633047.72,4212021.00,137
A00196018,Lufkin,Angelina,Construction,FIRM-B173,2025-09-05,4,4646843.57,5356774.00,249
A00186267,Lufkin,Polk,Construction,FIRM-B173,2026-02-04,4,8993703.88,11528511.60,83
A00201414,Lufkin,Polk,Construction,FIRM-C6AB,2026-06-03,3,362236.55,486501.00,47
A00196733,Odessa,Ward,Construction,FIRM-2C76,2026-03-05,3,414186.00,468330.75,72
A00209788,Pharr,Willacy,Construction,FIRM-357D,2026-08-06,4,2385103.35,2849661.94,328
A00214377,Tyler,Smith,Construction,FIRM-2C76,2026-06-02,6,2362671.31,1960952.00,55
A00206947,Waco,Falls,Construction,FIRM-C449,2026-02-04,5,773917.00,727174.98,45
A00217697,Waco,Bell,Construction,FIRM-1338,2026-08-05,8,523303.30,536405.82,60
A00207039,Wichita Falls,Cooke,Construction,FIRM-7909,2026-03-04,12,2192971.75,2835173.67,192
A00195572,Yoakum,Austin,Construction,FIRM-B173,2025-04-04,8,4364003.24,5169189.66,105
A00197700,Brownwood,Stephens,Construction,FIRM-2B61,2025-11-05,7,4216099.25,4974277.83,71
A00196020,Houston,Harris,Construction,FIRM-BCBF,2025-04-03,4,9418777.40,8969437.30,112
A00211588,Lufkin,Polk,Construction,FIRM-E95A,2026-07-02,9,3332948.20,3332948.00,143
A00189841,Odessa,Upton,Construction,FIRM-37C1,2025-09-04,5,9851071.32,10869945.67,87
A00188149,San Antonio,Guadalupe,Construction,FIRM-8BBD,2025-07-02,6,643755.45,855212.40,62
A00187662,Tyler,Smith,Construction,FIRM-37C1,2024-12-04,5,24103695.60,24876253.76,170
A00187423,Paris,Fannin,Construction,FIRM-6D2A,2025-06-04,9,15468982.99,18901765.52,237
A00206753,Dallas,Ellis,Construction,FIRM-8056,2025-08-07,6,1120428.93,1051194.54,36
A00192267,Fort Worth,Tarrant,Construction,FIRM-8698,2025-08-08,6,1430726.80,1635483.90,117
A00129802,Houston,Brazoria,Construction,FIRM-BCBF,2025-03-04,4,5083723.25,6874437.36,114
A00197665,Waco,Bell,Construction,FIRM-C449,2025-06-04,12,2645698.24,3229405.80,120
A00192923,Atlanta,Panola,Construction,FIRM-C841,2025-07-02,12,2328377.27,3577550.21,205
A00203668,Austin,Llano,Construction,FIRM-7F87,2025-03-05,10,2089129.10,1920190.96,176
A00125917,Odessa,Ward,Construction,FIRM-FFD8,2025-07-02,8,17279719.89,19025782.40,347
A00129706,Houston,Harris,Construction,FIRM-CE22,2024-09-06,5,848116.00,904110.20,67
A00132160,Brownwood,Mills,Construction,FIRM-8056,2025-06-05,12,4457729.70,5573791.60,165
A00133187,Houston,Brazoria,Construction,FIRM-BCBF,2025-09-04,5,4988996.62,5767746.18,94
A00184154,Atlanta,Panola,Construction,FIRM-840D,2025-02-06,5,8013112.06,9792223.51,131
A00184763,Bryan,Robertson,Construction,FIRM-7B58,2025-02-06,8,897290.15,891318.28,41
A00193298,Bryan,Milam,Construction,FIRM-80CC,2025-02-07,8,1382358.10,1917132.25,81
A00140315,Houston,Harris,Construction,FIRM-23F6,2024-12-03,12,3950379.30,4638209.37,281
A00184738,Paris,Hunt,Construction,FIRM-6DE5,2025-05-02,7,4125933.95,4309128.28,144
A00132768,Bryan,Washington,Construction,FIRM-B3AF,2025-09-05,6,2318045.68,2187752.20,225
A00184478,Bryan,Leon,Construction,FIRM-80CC,2025-04-03,6,2870625.25,3385052.61,89
A00080988,Pharr,Hidalgo,Construction,FIRM-1D29,2025-01-07,6,165009688.86,191485571.75,638
A00206338,Yoakum,Fayette,Construction,FIRM-FF46,2025-07-01,11,4282480.36,4057944.10,224
A00209715,Houston,Harris,Construction,FIRM-23F6,2025-02-07,4,926322.20,1407604.34,40
A00194067,Abilene,Nolan,Construction,FIRM-CC48,2024-10-02,5,7087905.47,7296761.78,327
A00196248,Dallas,Ellis,Construction,FIRM-B173,2025-01-08,6,3784309.72,4366409.01,224
A00194279,Waco,McLennan,Construction,FIRM-7F0A,2025-05-01,7,2695683.72,2956391.00,180
A00135447,Austin,Lee,Construction,FIRM-FF46,2025-08-07,11,13219085.43,14780998.48,238
A00064825,Dallas,Denton,Construction,FIRM-B7BE,2025-06-05,7,123539232.30,147373180.67,981
A00195465,Amarillo,Carson,Construction,FIRM-C455,2025-02-07,7,9874034.89,10602017.65,206
A00141252,Dallas,Dallas,Construction,FIRM-A646,2024-09-06,5,22250006.04,20026678.50,267
A00064155,Lufkin,Angelina,Construction,FIRM-08FE,2025-04-03,7,27229475.48,30366663.25,403
A00060771,Austin,Bastrop,Construction,FIRM-A2A4,2025-06-04,10,58558558.86,67216534.77,589
A00212188,Corpus Christi,San Patricio,Construction,FIRM-611B,2025-05-01,9,584654.00,718944.50,60
A00193516,Corpus Christi,Bee,Construction,FIRM-611B,2026-03-04,7,1569681.00,1748401.50,180
A00211316,Fort Worth,Erath,Construction,FIRM-2479,2026-04-07,7,2983533.12,4188151.20,197
A00217580,Fort Worth,Tarrant,Construction,FIRM-B479,2026-07-01,7,285870.00,347739.50,32
A00217112,Fort Worth,Tarrant,Construction,FIRM-0F0C,2026-07-01,7,388193.84,459770.00,50
A00198078,Houston,Harris,Construction,FIRM-CA7F,2024-12-03,7,1523997.55,1925151.90,75
A00139936,San Antonio,Kerr,Construction,FIRM-2E97,2025-04-03,8,1403742.29,2512371.39,118
A00203670,Austin,Travis,Construction,FIRM-6755,2025-02-06,14,304980.00,418141.00,24
A00205303,Austin,Williamson,Construction,FIRM-A365,2025-02-07,5,922697.00,1098651.00,50
A00206684,Austin,Blanco,Construction,FIRM-611B,2025-07-02,8,610125.00,948226.31,71
A00211724,Brownwood,Brown,Construction,FIRM-7F87,2026-02-05,9,3023120.95,3190793.83,118
A00076951,Childress,Dickens,Construction,FIRM-08FE,2026-06-03,7,4016028.51,3732460.07,65
A00196129,Dallas,Dallas,Construction,FIRM-1816,2024-10-02,8,7572475.59,7112439.85,188
A00211130,Dallas,Navarro,Construction,FIRM-756E,2026-08-06,10,480955.00,641135.01,39
A00209701,Paris,Delta,Construction,FIRM-A646,2026-01-06,10,2541165.60,3883587.50,181
A00121423,San Angelo,Crockett,Construction,FIRM-FFDB,2025-02-06,7,24564336.71,33606433.29,380
A00214229,San Antonio,Bexar,Construction,FIRM-4A95,2026-05-07,8,1105676.65,1278676.58,53
A00213638,Tyler,Gregg,Construction,FIRM-840D,2026-02-04,5,3172922.62,3513305.29,100
A00208137,Waco,McLennan,Construction,FIRM-39D3,2025-07-02,4,165755.00,159183.10,43
A00124561,Yoakum,Wharton,Construction,FIRM-7B58,2025-01-08,6,6366588.27,7348060.99,117
A00215071,Amarillo,Randall,Construction,FIRM-88FE,2026-03-04,6,3206580.20,3452502.45,162
A00185001,Tyler,Henderson,Construction,FIRM-DAA9,2025-06-05,13,1484624.46,2039102.00,149
A00210553,Amarillo,Moore,Construction,FIRM-D0C4,2024-11-07,3,18664181.22,20015411.78,109
A00189719,Corpus Christi,Nueces,Construction,FIRM-37C1,2024-10-02,4,9412810.60,11015630.60,48
A00199467,Corpus Christi,Live Oak,Construction,FIRM-37C1,2025-10-09,4,7741175.14,9825533.40,44
A00195792,Dallas,Collin,Construction,FIRM-1816,2025-12-02,7,1800679.96,2616883.05,80
A00064316,Fort Worth,Tarrant,Construction,FIRM-3F89,2025-02-06,7,3831814.93,3983176.32,113
A00120349,Laredo,Duval,Construction,FIRM-7733,2024-09-05,4,6321935.13,7435539.65,110
A00195602,Lubbock,Lubbock,Construction,FIRM-1DF0,2024-11-06,4,20682233.92,20536194.24,57
A00206102,Lubbock,Lubbock,Construction,FIRM-1DF0,2025-11-05,4,21402156.76,24452172.90,63
A00195466,San Angelo,Glasscock,Construction,FIRM-8D37,2024-12-03,3,8400199.25,9153411.50,54
A00195568,San Angelo,Tom Green,Construction,FIRM-37C1,2025-12-02,3,11201011.49,13517647.99,69
A00177178,Waco,Coryell,Construction,FIRM-8D37,2024-09-05,3,7926981.10,7251649.07,90
A00187462,Waco,McLennan,Construction,FIRM-8D37,2025-09-04,3,9619986.12,10425397.70,127
A00213461,San Angelo,Concho,Construction,FIRM-611B,2026-07-01,6,2660738.00,3774746.00,66
A00206626,Abilene,Scurry,Construction,FIRM-0A7D,2026-07-01,7,814950.00,1032036.00,45
A00206552,Amarillo,Moore,Construction,FIRM-1338,2026-03-05,3,1004803.50,1274759.36,75
A00193290,Atlanta,Cass,Construction,FIRM-AFFE,2026-02-04,8,1297721.90,1464970.42,275
A00215515,Beaumont,Jefferson,Construction,FIRM-B173,2026-06-03,5,4771696.70,4685457.00,138
A00184613,Corpus Christi,Live Oak,Construction,FIRM-D40E,2025-06-04,10,1021498.20,1266301.00,136
A00127774,Corpus Christi,Nueces,Construction,FIRM-CA3B,2026-02-04,7,3168237.45,2930685.66,195
A00184772,Dallas,Collin,Construction,FIRM-60EB,2025-03-05,7,2885948.17,3953938.00,182
A00187783,Dallas,Dallas,Construction,FIRM-3F89,2026-07-02,7,5963494.65,5613894.90,175
A00211468,Fort Worth,Tarrant,Construction,FIRM-CF08,2026-04-08,8,5358724.17,5591881.98,80
A00186783,Houston,Brazoria,Construction,FIRM-CA3B,2025-02-07,5,354847.63,311201.25,73
A00140450,Houston,Waller,Construction,FIRM-6C4B,2025-04-04,4,11686063.92,16225543.36,270
A00193593,Houston,Galveston,Construction,FIRM-A992,2026-08-06,15,2099052.03,2897520.60,180
A00120208,Lubbock,Garza,Construction,FIRM-08FE,2025-03-04,6,13312185.39,15389416.20,208
A00184233,Lubbock,Lubbock,Construction,FIRM-EC9D,2025-08-08,5,519268.95,557394.44,38
A00195966,Lubbock,Lubbock,Construction,FIRM-7F87,2025-12-03,6,695678.34,941684.50,91
A00193632,Paris,Lamar,Construction,FIRM-1338,2024-09-05,4,333763.00,317077.45,34
A00188135,San Antonio,Bexar,Construction,FIRM-573E,2025-02-07,6,6824351.40,8104179.16,172
A00209381,San Antonio,Bexar,Construction,FIRM-B173,2026-07-01,9,2314231.60,2571222.84,97
A00189826,Tyler,Henderson,Construction,FIRM-AFFE,2024-12-03,3,341595.15,385333.18,46
A00209061,Tyler,Henderson,Construction,FIRM-8056,2025-02-06,5,8087241.20,8623672.55,93
A00194678,Wichita Falls,Wichita,Construction,FIRM-D8DE,2025-03-04,5,5165558.03,5342276.76,116
A00195498,Wichita Falls,Young,Construction,FIRM-D8DE,2026-06-02,2,3044168.89,2626972.84,99
A00211035,Abilene,Nolan,Construction,FIRM-7A54,2026-02-04,7,198180.00,226300.00,29
A00211484,Austin,Travis,Construction,FIRM-2BE1,2025-08-07,3,498058.00,806400.00,30
A00210280,Brownwood,Mills,Construction,FIRM-E645,2025-01-07,11,325100.00,613786.00,36
A00208682,Bryan,Grimes,Construction,FIRM-AFFE,2025-09-05,9,4945869.75,7484903.06,100
A00217496,Bryan,Washington,Construction,FIRM-A214,2026-07-01,9,667088.13,815465.51,14
A00217495,Bryan,Brazos,Construction,FIRM-A214,2026-07-01,9,857526.77,1061224.06,67
A00217501,Bryan,Freestone,Construction,FIRM-A214,2026-07-02,8,1300246.36,1664115.55,95
A00194232,Childress,Motley,Construction,FIRM-E675,2025-01-07,5,384545.39,579069.60,17
A00206389,Childress,Knox,Construction,FIRM-E645,2026-01-06,8,238375.00,301521.68,30
A00193518,Corpus Christi,Nueces,Construction,FIRM-D186,2025-05-02,7,419929.51,533197.71,59
A00131097,Houston,Fort Bend,Construction,FIRM-4D83,2025-01-08,8,1585585.00,1174816.65,144
A00186872,Houston,Harris,Construction,FIRM-D186,2025-01-07,7,677610.33,580719.34,64
A00141129,Houston,Harris,Construction,FIRM-DC30,2025-02-06,6,2797767.23,2899004.85,180
A00209185,Houston,Brazoria,Construction,FIRM-EB5A,2025-12-02,6,1115100.00,706848.00,94
A00140346,Houston,Montgomery,Construction,FIRM-DC30,2026-05-06,5,3842367.87,5751399.04,70
A00210182,Laredo,Duval,Construction,FIRM-DC30,2024-10-01,6,447151.90,703953.46,48
A00193200,Lufkin,Shelby,Construction,FIRM-D186,2025-01-08,5,909248.28,947418.40,96
A00206677,Paris,Hopkins,Construction,FIRM-AFFE,2026-08-06,8,48148.00,78448.00,10
A00191727,Dallas,Navarro,Construction,FIRM-2B61,2025-10-09,3,14985367.57,19507649.02,241
A00198507,Houston,Montgomery,Construction,FIRM-1A5E,2025-04-04,7,964353.03,1248520.54,45
A00135521,Abilene,Scurry,Construction,FIRM-0C1D,2024-09-06,2,2179456.14,2299725.00,51
A00140700,Abilene,Howard,Construction,FIRM-0C1D,2024-10-01,5,7656688.52,9740542.80,110
A00206923,Abilene,Scurry,Construction,FIRM-0C1D,2025-02-07,6,8390975.64,10972084.18,72
A00187119,Abilene,Howard,Construction,FIRM-0C1D,2025-11-05,6,2026248.11,2777234.75,54
A00197414,Austin,Travis,Construction,FIRM-A365,2024-09-06,2,478253.00,200798.65,23
A00135284,Austin,Caldwell,Construction,FIRM-B173,2024-09-05,9,2629208.43,3212798.85,55
A00188195,Austin,Mason,Construction,FIRM-573E,2024-09-06,8,1748508.34,2052578.79,48
A00188231,Austin,Bastrop,Construction,FIRM-B173,2025-01-08,7,4270054.63,5495945.18,70
A00178805,Austin,Llano,Construction,FIRM-B173,2025-01-08,6,1386822.50,1943648.51,56
A00212134,Austin,Travis,Construction,FIRM-A2A4,2025-05-01,5,6242242.00,6572485.59,141
A00178488,Austin,Gillespie,Construction,FIRM-B173,2025-07-02,8,9157488.33,9134181.38,172
A00062085,Austin,Travis,Construction,FIRM-504D,2025-11-06,9,68389115.75,69364953.47,671
A00206306,Austin,Caldwell,Construction,FIRM-B173,2025-12-03,8,1543698.85,2187010.45,53
A00209803,Austin,Burnet,Construction,FIRM-573E,2026-02-04,7,2897631.72,3213452.35,108
A00014772,Austin,Burnet,Construction,FIRM-B173,2026-05-06,9,10910071.81,10815461.94,126
A00193149,Austin,Llano,Construction,FIRM-8056,2026-08-05,7,2462864.58,2487668.03,144
A00193142,Austin,Travis,Construction,FIRM-FEB2,2026-08-05,6,8579439.25,7928494.05,225
A00192942,Beaumont,Jasper,Construction,FIRM-611B,2025-10-08,9,989115.00,2175291.20,56
A00216048,Brownwood,Brown,Construction,FIRM-47AF,2026-07-02,4,2313828.95,2463639.10,100
A00184431,Bryan,Madison,Construction,FIRM-7B58,2025-07-01,6,820740.56,822327.07,79
A00211861,Bryan,Grimes,Construction,FIRM-A646,2026-01-06,8,2838056.16,2599473.65,102
A00211858,Bryan,Freestone,Construction,FIRM-A646,2026-01-07,5,2822100.77,2607252.50,90
A00192964,Bryan,Freestone,Construction,FIRM-8056,2026-02-05,6,1716129.85,1370335.77,81
A00200748,Bryan,Washington,Construction,FIRM-BCBF,2026-04-08,8,6537277.77,6122428.62,97
A00184443,Bryan,Walker,Construction,FIRM-8056,2026-05-07,6,2980128.53,2628064.50,94
A00214818,Bryan,Madison,Construction,FIRM-4D95,2026-06-03,8,186180.00,298878.00,13
A00077453,Childress,Foard,Construction,FIRM-D8DE,2026-02-05,8,6793698.54,6482786.35,153
A00200068,Childress,Motley,Construction,FIRM-49EE,2026-06-02,10,3403214.02,3331356.57,243
A00186405,Corpus Christi,San Patricio,Construction,FIRM-1E3F,2026-02-05,13,1812289.67,1908594.70,117
A00209031,Corpus Christi,San Patricio,Construction,FIRM-336E,2026-03-04,8,2258368.22,2366694.85,91
A00072146,Corpus Christi,Goliad,Construction,FIRM-81BD,2026-07-01,8,2132369.40,2373039.29,78
A00190745,Dallas,Kaufman,Construction,FIRM-38DC,2024-12-04,13,3495000.00,4541188.10,118
A00187770,Dallas,Kaufman,Construction,FIRM-3F89,2025-06-04,5,645552.38,917710.90,40
A00196911,Dallas,Denton,Construction,FIRM-CEE4,2025-07-01,8,7632633.60,9565920.77,170
A00190748,Dallas,Dallas,Construction,FIRM-B173,2025-09-05,7,18231669.12,21775019.20,557
A00196243,Dallas,Ellis,Construction,FIRM-3F89,2025-10-08,7,17308925.16,18123362.73,195
A00014162,Dallas,Denton,Construction,FIRM-504D,2026-05-06,10,111363901.00,111532677.33,876
A00217911,Dallas,Kaufman,Construction,FIRM-4055,2026-08-05,11,799617.05,1290272.50,35
A00193351,El Paso,El Paso,Construction,FIRM-9A1B,2026-05-07,3,2479054.65,3003442.05,200
A00063871,El Paso,El Paso,Construction,FIRM-A2A4,2026-06-03,5,69133970.51,85671122.80,620
A00060812,Fort Worth,Erath,Construction,FIRM-A082,2024-10-02,2,14378775.00,9697188.00,363
A00059276,Fort Worth,Wise,Construction,FIRM-CEE4,2026-02-05,7,6714726.15,8171003.37,198
A00193283,Fort Worth,Tarrant,Construction,FIRM-8B19,2026-08-06,9,2868396.85,1581478.34,240
A00139363,Houston,Harris,Construction,FIRM-7B58,2026-06-02,5,733754.80,785715.19,32
A00119942,Laredo,Webb,Construction,FIRM-336E,2024-11-06,6,49586906.60,43532862.40,640
A00213139,Lubbock,Lubbock,Construction,FIRM-504D,2025-12-02,3,26039017.00,17902518.78,315
A00120927,Lubbock,Parmer,Construction,FIRM-08FE,2026-08-06,5,9764859.20,10053818.59,211
A00133189,Lufkin,Nacogdoches,Construction,FIRM-840D,2026-05-07,7,2886840.15,3029650.50,43
A00064356,Lufkin,Nacogdoches,Construction,FIRM-891D,2026-07-02,7,61459150.61,65278492.40,720
A00210409,Odessa,Upton,Construction,FIRM-FFD8,2025-01-08,5,13723465.92,20376775.00,274
A00208564,Odessa,Reeves,Construction,FIRM-3EA5,2025-03-05,7,10373162.11,13404238.54,119
A00191126,Paris,Delta,Construction,FIRM-3FEF,2025-10-08,7,1673551.50,1998549.80,96
A00138814,Paris,Hopkins,Construction,FIRM-0C1D,2026-03-05,5,1638857.87,1952070.08,46
A00212318,San Angelo,Sterling,Construction,FIRM-292D,2025-01-07,3,22843598.24,29033744.63,180
A00139927,San Angelo,Irion,Construction,FIRM-74BB,2026-05-06,11,4405520.94,5202796.65,280
A00140254,San Angelo,Crockett,Construction,FIRM-8B19,2026-08-06,7,13741321.18,19998294.70,261
A00206961,San Antonio,Bexar,Construction,FIRM-C449,2026-02-05,9,368657.75,476457.50,85
A00059994,San Antonio,Bexar,Construction,FIRM-81BD,2026-05-06,6,33122614.62,34315721.05,436
A00214597,San Antonio,Kendall,Construction,FIRM-88FE,2026-05-06,8,4095968.43,4070599.47,200
A00059358,Tyler,Henderson,Construction,FIRM-8056,2024-09-06,5,13887918.16,20755210.29,300
A00211407,Tyler,Gregg,Construction,FIRM-4D5C,2025-04-04,5,3427402.20,3810432.68,36
A00059355,Tyler,Van Zandt,Construction,FIRM-8056,2025-11-06,10,11187837.88,14999623.71,275
A00058522,Tyler,Smith,Construction,FIRM-397E,2026-07-01,8,89285640.22,99453909.95,719
A00134062,Waco,McLennan,Construction,FIRM-B173,2024-09-06,5,10569490.05,19749993.52,195
A00210291,Waco,Hamilton,Construction,FIRM-2375,2025-03-04,16,133517.11,253025.00,30
A00138685,Wichita Falls,Archer,Construction,FIRM-C455,2025-02-06,8,6506472.27,6856852.63,368
A00194696,Wichita Falls,Baylor,Construction,FIRM-08FE,2025-02-07,6,5952851.12,6736851.09,100
A00194670,Wichita Falls,Young,Construction,FIRM-D8DE,2025-04-03,4,5517836.33,6430190.53,102
A00194687,Wichita Falls,Baylor,Construction,FIRM-D8DE,2025-05-01,5,3193077.84,3873999.72,62
A00196776,Yoakum,Jackson,Construction,FIRM-2A6C,2025-02-06,3,2550268.00,2734062.00,167
A00124553,Yoakum,Jackson,Construction,FIRM-81BD,2025-12-02,4,9131385.82,8850914.95,135
A00207320,Amarillo,Moore,Construction,FIRM-1BBA,2025-01-08,5,5565020.45,5971612.75,132
A00197805,Amarillo,Moore,Construction,FIRM-7F0A,2025-04-04,6,3547551.90,4198524.50,161
A00197808,Amarillo,Potter,Construction,FIRM-8B19,2025-10-08,5,17113098.10,16734929.85,825
A00215390,Atlanta,Cass,Construction,FIRM-7580,2026-01-06,6,7736640.89,8004038.45,217
A00217192,Brownwood,Brown,Construction,FIRM-8056,2026-01-06,7,1931829.10,1977368.35,47
A00065546,Brownwood,McCulloch,Construction,FIRM-88FE,2026-01-07,5,1459866.01,1541997.07,53
A00192965,Bryan,Madison,Construction,FIRM-8056,2025-11-06,9,2014433.07,2371533.25,89
A00187526,Bryan,Washington,Construction,FIRM-8056,2026-08-06,7,4287440.48,4214218.54,110
A00133629,Childress,Knox,Construction,FIRM-D8DE,2025-02-06,5,4478135.70,5728332.01,90
A00194650,Childress,King,Construction,FIRM-D8DE,2026-08-05,5,28760605.30,27289982.30,374
A00196512,Corpus Christi,San Patricio,Construction,FIRM-ECFD,2025-06-05,6,8068784.52,12564231.20,223
A00119667,Corpus Christi,Jim Wells,Construction,FIRM-7733,2025-11-05,8,14897451.96,17836722.70,358
A00196244,Dallas,Ellis,Construction,FIRM-1816,2024-10-01,5,13439663.24,15221790.42,227
A00193451,Dallas,Denton,Construction,FIRM-60EB,2025-10-09,6,3127471.24,3685758.00,120
A00193947,Dallas,Ellis,Construction,FIRM-3FEF,2026-01-06,10,1134486.04,1534028.60,48
A00193312,Dallas,Dallas,Construction,FIRM-C4BA,2026-04-07,9,2525602.77,2836916.50,200
A00209401,Dallas,Navarro,Construction,FIRM-80E3,2026-08-05,7,5407398.38,6654791.38,110
A00058987,Fort Worth,Tarrant,Construction,FIRM-3F89,2025-09-04,8,8888715.70,9912447.25,161
A00130693,Houston,Montgomery,Construction,FIRM-A503,2025-02-07,7,3303124.11,4233682.55,70
A00205904,Houston,Galveston,Construction,FIRM-16A4,2025-08-07,11,1983177.10,4026754.64,121
A00140550,Houston,Harris,Construction,FIRM-1A5E,2026-05-07,3,798249.46,1080682.20,19
A00209656,Laredo,Webb,Construction,FIRM-8201,2025-03-04,2,2027075.45,2275856.17,130
A00209652,Laredo,Webb,Construction,FIRM-C464,2025-12-03,4,1365685.45,1696653.05,219
A00127651,Lubbock,Parmer,Construction,FIRM-08FE,2025-05-01,9,29652484.76,28903376.27,325
A00210173,Lubbock,Swisher,Construction,FIRM-F23B,2026-06-03,9,2742796.00,3132948.02,153
A00122761,Odessa,Pecos,Construction,FIRM-FFD8,2025-04-03,7,26858499.32,39964810.20,349
A00123531,Odessa,Upton,Construction,FIRM-FFD8,2025-10-08,6,25682913.12,30845751.30,470
A00196659,Odessa,Pecos,Construction,FIRM-3EA5,2026-02-05,8,14714262.78,18879654.24,362
A00196734,Odessa,Reeves,Construction,FIRM-08FE,2026-02-04,5,1752099.90,1728243.44,147
A00214038,Paris,Grayson,Construction,FIRM-9888,2026-07-01,4,491699.00,560439.29,47
A00201293,San Angelo,Kimble,Construction,FIRM-BE3F,2025-02-07,10,1716913.57,2310597.70,199
A00196834,San Angelo,Tom Green,Construction,FIRM-0E52,2025-03-04,6,454793.58,454765.48,53
A00196843,San Angelo,Reagan,Construction,FIRM-C449,2026-02-05,5,512494.02,512766.15,43
A00193246,San Angelo,Tom Green,Construction,FIRM-292D,2026-08-06,3,2825728.44,1800039.59,52
A00206784,San Antonio,Wilson,Construction,FIRM-81BD,2025-12-03,5,184257.74,163511.74,17
A00193431,San Antonio,Atascosa,Construction,FIRM-C449,2026-06-03,11,1035227.75,1177534.93,95
A00206799,San Antonio,Bexar,Construction,FIRM-CA49,2026-07-02,3,329834.00,247586.98,26
A00195501,Wichita Falls,Wichita,Construction,FIRM-F402,2026-05-07,6,3670513.17,3996578.52,85
A00198143,Yoakum,Jackson,Construction,FIRM-D186,2024-11-06,3,2617632.44,2766194.18,233
A00198097,Yoakum,Victoria,Construction,FIRM-4D83,2024-11-07,5,919919.00,892590.88,212
A00198142,Yoakum,Jackson,Construction,FIRM-D186,2025-10-08,9,1945236.31,2141307.50,210
A00188666,Atlanta,Bowie,Construction,FIRM-2E02,2025-10-09,4,12311053.66,12155307.92,100
A00065004,Atlanta,Camp,Construction,FIRM-F3FB,2025-12-03,3,932074.40,812788.40,42
A00135357,Austin,Travis,Construction,FIRM-573E,2025-02-07,4,1181539.25,1418010.40,32
A00187394,Beaumont,Jasper,Construction,FIRM-2B61,2025-09-04,4,13687083.36,15918682.00,66
A00178028,Brownwood,McCulloch,Construction,FIRM-37C1,2024-11-07,4,3936577.18,3270391.50,53
A00186380,Bryan,Grimes,Construction,FIRM-EBAD,2024-10-01,4,28059691.76,24905606.50,134
A00189073,Bryan,Freestone,Construction,FIRM-2B61,2025-10-09,4,22749153.08,24300799.25,119
A00191612,Dallas,Denton,Construction,FIRM-2B61,2024-10-02,3,18906303.35,17704028.50,240
A00200363,Lufkin,Nacogdoches,Construction,FIRM-2B61,2024-11-07,2,18053313.66,15620662.80,148
A00200365,Lufkin,Nacogdoches,Construction,FIRM-2B61,2025-11-06,5,9316842.69,10512227.40,153
A00216989,San Antonio,Bexar,Construction,FIRM-2074,2026-02-04,4,7153061.52,8071107.68,73
A00218310,San Antonio,Kerr,Construction,FIRM-4FB8,2026-02-05,4,1631748.01,1671570.50,48
A00197754,Tyler,Henderson,Construction,FIRM-37C1,2025-12-02,5,19658258.22,19578202.80,170
A00210531,Waco,Hill,Construction,FIRM-8056,2024-09-05,4,7287639.65,9439338.02,60
A00196216,Tyler,Smith,Construction,FIRM-F3FB,2025-01-08,4,7385032.83,9363511.20,95
A00193335,El Paso,El Paso,Construction,FIRM-D545,2025-07-02,1,1030937.05,887985.24,90
A00064919,Lufkin,Sabine,Construction,FIRM-9457,2025-07-01,6,14650397.62,17242219.25,303
A00193609,Paris,Grayson,Construction,FIRM-CEE4,2024-09-06,4,1569472.45,1588253.52,64
A00184722,Paris,Grayson,Construction,FIRM-CEE4,2025-03-04,4,6968770.85,10545460.17,198
A00184734,San Antonio,Bexar,Construction,FIRM-4064,2024-09-05,8,1732940.00,2107016.96,98
A00196756,Bryan,Washington,Construction,FIRM-7B58,2025-05-02,8,965907.00,1325223.75,72
A00177072,Austin,Travis,Construction,FIRM-00C2,2024-10-01,3,855115.15,729262.93,39
A00121832,Lubbock,Hale,Construction,FIRM-E9AA,2025-04-04,7,6813362.60,7580980.70,279
A00184857,Dallas,Collin,Construction,FIRM-F402,2025-08-08,8,2298355.08,2759899.85,94
A00184659,Tyler,Rusk,Construction,FIRM-B638,2025-08-07,5,2495223.84,2849485.00,80
A00187065,Waco,McLennan,Construction,FIRM-7580,2024-09-05,5,8584310.10,8243561.94,135
A00139289,Houston,Brazoria,Construction,FIRM-BCBF,2025-02-06,4,8297801.10,7210341.36,90
A00180837,Dallas,Navarro,Construction,FIRM-115B,2024-09-06,6,4442318.90,4506815.69,113
A00134955,Dallas,Ellis,Construction,FIRM-B884,2025-03-04,5,8081166.00,7675828.25,223
A00184474,El Paso,El Paso,Construction,FIRM-C9ED,2025-05-02,3,2664961.83,2631303.70,272
A00063674,San Antonio,Atascosa,Construction,FIRM-573E,2025-09-05,5,17520873.60,24964139.42,149
A00184477,El Paso,Presidio,Construction,FIRM-00C2,2025-06-05,3,3181974.20,2999398.78,90
A00124675,Lubbock,Lamb,Construction,FIRM-08FE,2024-12-04,7,25868924.00,30327627.40,264
A00196445,San Angelo,Tom Green,Construction,FIRM-292D,2025-09-04,3,20466166.26,31358149.37,219
A00183343,San Antonio,Bexar,Construction,FIRM-B7AC,2024-10-02,6,4944584.70,6338832.35,217
A00193243,San Angelo,Kimble,Construction,FIRM-654C,2025-05-01,6,5866106.92,7328606.88,554
A00124412,Amarillo,Deaf Smith,Construction,FIRM-D0D7,2025-06-04,4,44993689.48,53900342.38,775
A00211579,San Angelo,Glasscock,Construction,FIRM-8B19,2025-09-05,8,2242482.25,3031421.27,239
A00063008,Brownwood,Coleman,Construction,FIRM-2C76,2024-10-01,9,2768114.50,2804984.30,107
A00138707,Dallas,Navarro,Construction,FIRM-8B5E,2025-05-01,11,3849999.50,4230372.50,160
A00196303,Yoakum,Victoria,Construction,FIRM-2C76,2025-09-05,9,3607164.00,4110179.59,237
A00184752,Dallas,Denton,Construction,FIRM-3FEF,2025-06-05,3,4382446.58,4203043.00,200
A00072145,Corpus Christi,Goliad,Construction,FIRM-81BD,2024-10-01,3,31574353.16,24425867.54,579
A00184366,Amarillo,Potter,Construction,FIRM-F311,2024-10-02,3,30982053.94,29748351.20,322
A00061163,Fort Worth,Tarrant,Construction,FIRM-A646,2024-10-02,5,2055473.49,3341800.00,192
A00184550,Austin,Burnet,Construction,FIRM-586A,2025-08-08,9,10701288.32,12526241.18,389
A00063250,Dallas,Collin,Construction,FIRM-504D,2025-03-04,4,141412745.53,138610942.13,890
A00129824,Fort Worth,Tarrant,Construction,FIRM-3F89,2025-03-04,5,11941324.59,16105101.22,278
A00212735,Austin,Williamson,Maintenance,FIRM-86F2,2024-10-21,3,279954.40,279954.40,365
A00212735,Austin,Williamson,Maintenance,FIRM-5CC6,2024-10-21,3,279954.40,279954.40,365
A00212478,Austin,Caldwell,Maintenance,FIRM-059C,2024-09-19,3,221188.80,221188.80,730
A00212478,Austin,Caldwell,Maintenance,FIRM-5CC6,2024-09-19,3,221188.80,221188.80,730
A00212474,Beaumont,Hardin,Maintenance,FIRM-DC8D,2024-10-06,3,216744.90,216744.90,365
A00212474,Beaumont,Hardin,Maintenance,FIRM-5CC6,2024-10-06,3,216744.90,216744.90,365
A00212165,Bryan,Brazos,Maintenance,FIRM-DC8D,2024-09-08,3,991423.35,991423.35,365
A00212165,Bryan,Brazos,Maintenance,FIRM-5CC6,2024-09-08,3,991423.35,991423.35,365
A00212096,Bryan,Washington,Maintenance,FIRM-DC8D,2024-09-09,3,867121.71,867121.71,365
A00212096,Bryan,Washington,Maintenance,FIRM-5CC6,2024-09-09,3,867121.71,867121.71,365
A00212456,Dallas,Collin,Maintenance,FIRM-D6BE,2024-11-10,3,217717.44,217717.44,365
A00212456,Dallas,Collin,Maintenance,FIRM-5CC6,2024-11-10,3,217717.44,217717.44,365
A00212957,Dallas,Dallas,Maintenance,FIRM-EA7F,2024-11-10,3,298143.00,298143.00,365
A00212957,Dallas,Dallas,Maintenance,FIRM-5CC6,2024-11-10,3,298143.00,298143.00,365
A00212455,Dallas,Dallas,Maintenance,FIRM-EA7F,2024-11-05,3,171310.80,171310.80,365
A00212455,Dallas,Dallas,Maintenance,FIRM-5CC6,2024-11-05,3,171310.80,171310.80,365
A00212297,Dallas,Ellis,Maintenance,FIRM-EA7F,2024-09-08,3,52411.00,52411.00,365
A00212298,Dallas,Ellis,Maintenance,FIRM-EA7F,2024-09-08,3,76135.00,76135.00,365
A00212297,Dallas,Ellis,Maintenance,FIRM-5CC6,2024-09-08,3,52411.00,52411.00,365
A00212298,Dallas,Ellis,Maintenance,FIRM-5CC6,2024-09-08,3,76135.00,76135.00,365
A00211923,Dallas,Navarro,Maintenance,FIRM-3BE5,2024-09-08,3,54627.70,54627.70,365
A00211923,Dallas,Navarro,Maintenance,FIRM-5CC6,2024-09-08,3,54627.70,54627.70,365
A00212026,Houston,Harris,Maintenance,FIRM-4D3E,2024-09-15,3,285800.28,285800.28,365
A00212177,Houston,Harris,Maintenance,FIRM-EE9D,2024-09-15,3,512371.07,512371.07,365
A00212026,Houston,Harris,Maintenance,FIRM-5CC6,2024-09-15,3,285800.28,285800.28,365
A00212177,Houston,Harris,Maintenance,FIRM-5CC6,2024-09-15,3,512371.07,512371.07,365
A00212427,Lufkin,Nacogdoches,Maintenance,FIRM-BDF0,2024-09-15,3,67525.58,67525.58,365
A00212427,Lufkin,Nacogdoches,Maintenance,FIRM-5CC6,2024-09-15,3,67525.58,67525.58,365
A00212428,Lufkin,Sabine,Maintenance,FIRM-BDF0,2024-09-15,3,72823.54,72823.56,365
A00212428,Lufkin,Sabine,Maintenance,FIRM-5CC6,2024-09-15,3,72823.54,72823.56,365
A00212429,Lufkin,San Augustine,Maintenance,FIRM-BDF0,2024-09-15,3,107672.62,107672.64,365
A00212429,Lufkin,San Augustine,Maintenance,FIRM-5CC6,2024-09-15,3,107672.62,107672.64,365
A00212430,Lufkin,San Jacinto,Maintenance,FIRM-BDF0,2024-09-15,3,72418.72,72418.72,365
A00212430,Lufkin,San Jacinto,Maintenance,FIRM-5CC6,2024-09-15,3,72418.72,72418.72,365
A00212621,Odessa,Ector,Maintenance,FIRM-F015,2024-11-02,3,26540.23,26540.23,730
A00212621,Odessa,Ector,Maintenance,FIRM-5CC6,2024-11-02,3,26540.23,26540.23,730
A00212501,Paris,Hopkins,Maintenance,FIRM-6D9F,2024-11-17,3,35462.00,35462.00,365
A00212501,Paris,Hopkins,Maintenance,FIRM-5CC6,2024-11-17,3,35462.00,35462.00,365
A00212596,Amarillo,Carson,Maintenance,FIRM-C309,2024-10-23,3,163811.76,163811.76,365
A00212596,Amarillo,Carson,Maintenance,FIRM-5CC6,2024-10-23,3,163811.76,163811.76,365
A00213036,Austin,Travis,Maintenance,FIRM-059C,2024-11-18,3,75160.00,75160.00,730
A00213036,Austin,Travis,Maintenance,FIRM-5CC6,2024-11-18,3,75160.00,75160.00,730
A00212439,Beaumont,Jasper,Maintenance,FIRM-DC8D,2024-09-15,3,147060.20,147060.20,365
A00212439,Beaumont,Jasper,Maintenance,FIRM-5CC6,2024-09-15,3,147060.20,147060.20,365
A00212466,Beaumont,Jefferson,Maintenance,FIRM-DC8D,2024-10-06,3,7826.00,7826.00,365
A00212466,Beaumont,Jefferson,Maintenance,FIRM-5CC6,2024-10-06,3,7826.00,7826.00,365
A00212438,Beaumont,Newton,Maintenance,FIRM-DC8D,2024-09-15,3,10734.77,10734.77,365
A00212438,Beaumont,Newton,Maintenance,FIRM-5CC6,2024-09-15,3,10734.77,10734.77,365
A00212470,Beaumont,Orange,Maintenance,FIRM-DC8D,2024-10-06,3,43325.00,43325.00,365
A00212470,Beaumont,Orange,Maintenance,FIRM-5CC6,2024-10-06,3,43325.00,43325.00,365
A00212434,Beaumont,Tyler,Maintenance,FIRM-DC8D,2024-09-15,3,5746.79,5746.79,365
A00212434,Beaumont,Tyler,Maintenance,FIRM-5CC6,2024-09-15,3,5746.79,5746.79,365
A00212471,Beaumont,Jasper,Maintenance,FIRM-DC8D,2024-10-06,3,25014.06,25014.06,365
A00212471,Beaumont,Jasper,Maintenance,FIRM-5CC6,2024-10-06,3,25014.06,25014.06,365
A00212473,Beaumont,Newton,Maintenance,FIRM-DC8D,2024-10-06,3,30258.94,30258.94,365
A00212473,Beaumont,Newton,Maintenance,FIRM-5CC6,2024-10-06,3,30258.94,30258.94,365
A00212472,Beaumont,Tyler,Maintenance,FIRM-DC8D,2024-10-06,3,54058.32,54058.32,365
A00212472,Beaumont,Tyler,Maintenance,FIRM-5CC6,2024-10-06,3,54058.32,54058.32,365
A00212465,Beaumont,Jefferson,Maintenance,FIRM-DC8D,2024-10-06,3,88183.00,88183.00,365
A00212465,Beaumont,Jefferson,Maintenance,FIRM-5CC6,2024-10-06,3,88183.00,88183.00,365
A00212684,Bryan,Burleson,Maintenance,FIRM-5CC6,2024-10-06,3,25382.96,25382.96,730
A00212684,Bryan,Burleson,Maintenance,FIRM-8E6A,2024-10-06,3,25382.96,25382.96,730
A00212527,Bryan,Freestone,Maintenance,FIRM-4E75,2024-09-24,3,31928.00,31928.00,730
A00212527,Bryan,Freestone,Maintenance,FIRM-5CC6,2024-09-24,3,31928.00,31928.00,730
A00212701,Bryan,Freestone,Maintenance,FIRM-DC8D,2024-10-13,3,54928.08,54928.08,730
A00212701,Bryan,Freestone,Maintenance,FIRM-5CC6,2024-10-13,3,54928.08,54928.08,730
A00212436,Bryan,Brazos,Maintenance,FIRM-4E75,2024-09-15,3,19152.00,19152.00,730
A00212436,Bryan,Brazos,Maintenance,FIRM-5CC6,2024-09-15,3,19152.00,19152.00,730
A00212765,Corpus Christi,Aransas,Maintenance,FIRM-5CC6,2024-10-12,3,40290.12,40290.12,730
A00212765,Corpus Christi,Aransas,Maintenance,FIRM-8E6A,2024-10-12,3,40290.12,40290.12,730
A00212737,Corpus Christi,Bee,Maintenance,FIRM-5CC6,2024-10-12,3,34622.96,34622.96,730
A00212737,Corpus Christi,Bee,Maintenance,FIRM-8E6A,2024-10-12,3,34622.96,34622.96,730
A00212437,Corpus Christi,Goliad,Maintenance,FIRM-5CC6,2024-09-14,3,26408.64,26408.64,730
A00212437,Corpus Christi,Goliad,Maintenance,FIRM-8E6A,2024-09-14,3,26408.64,26408.64,730
A00212458,Dallas,Collin,Maintenance,FIRM-D6BE,2024-11-10,3,83039.00,83039.00,365
A00212458,Dallas,Collin,Maintenance,FIRM-5CC6,2024-11-10,3,83039.00,83039.00,365
A00212331,Dallas,Collin,Maintenance,FIRM-D6BE,2024-09-08,3,66890.00,66890.00,365
A00212331,Dallas,Collin,Maintenance,FIRM-5CC6,2024-09-08,3,66890.00,66890.00,365
A00212346,Fort Worth,Wise,Maintenance,FIRM-D6BE,2024-10-20,3,80740.00,80740.00,365
A00212346,Fort Worth,Wise,Maintenance,FIRM-5CC6,2024-10-20,3,80740.00,80740.00,365
A00212711,Lufkin,Shelby,Maintenance,FIRM-DC8D,2024-10-20,3,147179.91,147179.91,365
A00212711,Lufkin,Shelby,Maintenance,FIRM-5CC6,2024-10-20,3,147179.91,147179.91,365
A00213016,Lufkin,Trinity,Maintenance,FIRM-F5C9,2024-11-17,3,48805.25,48805.25,365
A00213016,Lufkin,Trinity,Maintenance,FIRM-5CC6,2024-11-17,3,48805.25,48805.25,365
A00213017,Lufkin,Polk,Maintenance,FIRM-F5C9,2024-11-17,3,41596.61,41596.61,365
A00213017,Lufkin,Polk,Maintenance,FIRM-5CC6,2024-11-17,3,41596.61,41596.61,365
A00212393,Paris,Delta,Maintenance,FIRM-6D9F,2024-10-20,3,5668.00,5668.00,365
A00212393,Paris,Delta,Maintenance,FIRM-5CC6,2024-10-20,3,5668.00,5668.00,365
A00212395,Paris,Red River,Maintenance,FIRM-6D9F,2024-10-20,3,30940.00,30940.00,365
A00212395,Paris,Red River,Maintenance,FIRM-5CC6,2024-10-20,3,30940.00,30940.00,365
A00212250,Yoakum,Victoria,Maintenance,FIRM-DC8D,2024-10-13,3,613279.44,613279.44,365
A00212250,Yoakum,Victoria,Maintenance,FIRM-5CC6,2024-10-13,3,613279.44,613279.44,365
A00212373,San Antonio,Bexar,Maintenance,FIRM-8F4F,2024-11-10,3,266330.00,266330.00,365
A00212373,San Antonio,Bexar,Maintenance,FIRM-5CC6,2024-11-10,3,266330.00,266330.00,365
A00212339,Fort Worth,Tarrant,Maintenance,FIRM-D6BE,2024-10-27,3,93334.94,93334.94,365
A00212339,Fort Worth,Tarrant,Maintenance,FIRM-5CC6,2024-10-27,3,93334.94,93334.94,365
A00212317,Abilene,Taylor,Maintenance,FIRM-5CC6,2024-09-01,3,173414.60,173414.60,730
A00212317,Abilene,Taylor,Maintenance,FIRM-8E6A,2024-09-01,3,173414.60,173414.60,730
A00212469,Beaumont,Jefferson,Maintenance,FIRM-901E,2024-10-06,3,10485.98,10485.98,365
A00212469,Beaumont,Jefferson,Maintenance,FIRM-5CC6,2024-10-06,3,10485.98,10485.98,365
A00212475,Beaumont,Jefferson,Maintenance,FIRM-901E,2024-10-06,3,43631.00,43631.00,365
A00212475,Beaumont,Jefferson,Maintenance,FIRM-5CC6,2024-10-06,3,43631.00,43631.00,365
A00212468,Beaumont,Orange,Maintenance,FIRM-901E,2024-10-06,3,12471.36,12471.36,365
A00212468,Beaumont,Orange,Maintenance,FIRM-5CC6,2024-10-06,3,12471.36,12471.36,365
A00212457,Dallas,Ellis,Maintenance,FIRM-EA7F,2024-11-10,3,85698.24,85698.24,365
A00212457,Dallas,Ellis,Maintenance,FIRM-5CC6,2024-11-10,3,85698.24,85698.24,365
A00211810,Fort Worth,Johnson,Maintenance,FIRM-D6BE,2024-09-01,3,33125.00,33125.00,365
A00211810,Fort Worth,Johnson,Maintenance,FIRM-5CC6,2024-09-01,3,33125.00,33125.00,365
A00212508,Houston,Fort Bend,Maintenance,FIRM-EF52,2024-10-13,3,9540.00,9540.00,365
A00212508,Houston,Fort Bend,Maintenance,FIRM-5CC6,2024-10-13,3,9540.00,9540.00,365
A00212578,Houston,Harris,Maintenance,FIRM-EF52,2024-10-27,3,51000.00,51000.00,730
A00212578,Houston,Harris,Maintenance,FIRM-5CC6,2024-10-27,3,51000.00,51000.00,730
A00212144,Houston,Waller,Maintenance,FIRM-EF52,2024-11-03,3,51150.00,51150.00,730
A00212144,Houston,Waller,Maintenance,FIRM-5CC6,2024-11-03,3,51150.00,51150.00,730
A00212713,Lufkin,Polk,Maintenance,FIRM-80F4,2024-10-20,3,34628.52,34628.52,365
A00212713,Lufkin,Polk,Maintenance,FIRM-5CC6,2024-10-20,3,34628.52,34628.52,365
A00213014,Odessa,Reeves,Maintenance,FIRM-5CC6,2024-11-09,3,39918.90,39918.90,730
A00213014,Odessa,Reeves,Maintenance,FIRM-8E6A,2024-11-09,3,39918.90,39918.90,730
A00212047,Paris,Delta,Maintenance,FIRM-5CC6,2024-09-15,3,11680.70,11680.70,365
A00212047,Paris,Delta,Maintenance,FIRM-8E6A,2024-09-15,3,11680.70,11680.70,365
A00212424,San Antonio,Bexar,Maintenance,FIRM-39AC,2024-09-26,3,111340.00,111340.00,730
A00212424,San Antonio,Bexar,Maintenance,FIRM-5CC6,2024-09-26,3,111340.00,111340.00,730
A00212425,San Antonio,Kendall,Maintenance,FIRM-5CC6,2024-09-23,3,31011.50,31011.50,730
A00212425,San Antonio,Kendall,Maintenance,FIRM-8E6A,2024-09-23,3,31011.50,31011.50,730
A00213173,Waco,Coryell,Maintenance,FIRM-95D9,2024-11-24,3,11784.96,11784.96,242
A00213173,Waco,Coryell,Maintenance,FIRM-5CC6,2024-11-24,3,11784.96,11784.96,242
A00212873,Corpus Christi,Nueces,Maintenance,FIRM-4B05,2024-10-19,3,291784.12,291784.12,730
A00212873,Corpus Christi,Nueces,Maintenance,FIRM-5CC6,2024-10-19,3,291784.12,291784.12,730
A00190501,San Antonio,Comal,Construction,FIRM-9D5B,2024-11-07,7,91305.00,195088.00,56
A00124174,Lubbock,Lubbock,Construction,FIRM-11E9,2026-07-02,5,221640502.22,296722196.95,957
A00211088,Odessa,Midland,Construction,FIRM-8B19,2025-11-05,4,1829294.00,2220100.23,184
A00208023,Houston,Harris,Construction,FIRM-23F6,2026-05-07,9,3899831.00,8850867.80,56
A00218351,Atlanta,Panola,Construction,FIRM-00E4,2026-03-05,11,492767.90,672433.75,63
A00213810,Odessa,Ector,Construction,FIRM-8B19,2026-05-07,4,1275100.00,1299947.36,46
A00124356,Corpus Christi,Live Oak,Construction,FIRM-573E,2025-05-02,6,8329532.65,11218553.89,163
A00209350,Houston,Harris,Construction,FIRM-B173,2025-06-04,6,3413666.65,4205029.51,51
A00188227,San Antonio,Guadalupe,Construction,FIRM-2B61,2026-02-05,8,4323419.08,4974109.85,109
A00195490,Wichita Falls,Throckmorton,Construction,FIRM-D8DE,2026-02-05,5,4679212.88,5305913.07,136
A00209373,Dallas,Denton,Construction,FIRM-F402,2026-05-06,5,1447701.58,1450132.38,71
A00210419,Fort Worth,Parker,Construction,FIRM-F402,2026-03-05,4,1234417.37,2323830.30,36
A00209917,San Antonio,Bexar,Construction,FIRM-47AF,2025-11-05,13,1129625.96,1730372.20,80
A00194680,Wichita Falls,Wichita,Construction,FIRM-D8DE,2025-05-01,5,5650321.39,7266664.82,228
