Date,Month,Hour,DayType,Season,BusinessHours,Outdoor_Temp_F,Zone_Temp_F,Cooling_kWh
2023-01-01 00:00,1,0,Weekend,Winter,No,43.76,79.97,5.58
2023-01-01 01:00,1,1,Weekend,Winter,No,44.96,79.32,5.73
2023-01-01 02:00,1,2,Weekend,Winter,No,44.44,79.3,5.37
2023-01-01 03:00,1,3,Weekend,Winter,No,44.06,79.96,9.06
2023-01-01 04:00,1,4,Weekend,Winter,No,42.28,79.27,7.47
2023-01-01 05:00,1,5,Weekend,Winter,No,40.37,76.97,3.72
2023-01-01 06:00,1,6,Weekend,Winter,No,38.76,78.18,10.16
2023-01-01 07:00,1,7,Weekend,Winter,No,38.57,79.01,4.15
2023-01-01 08:00,1,8,Weekend,Winter,No,41.96,79.59,5.15
2023-01-01 09:00,1,9,Weekend,Winter,No,46.9,80.74,7.99
2023-01-01 10:00,1,10,Weekend,Winter,No,51.34,81.98,12.0
2023-01-01 11:00,1,11,Weekend,Winter,No,54.74,82.86,9.47
2023-01-01 12:00,1,12,Weekend,Winter,No,57.72,83.74,8.1
2023-01-01 13:00,1,13,Weekend,Winter,No,59.0,84.66,11.57
2023-01-01 14:00,1,14,Weekend,Winter,No,60.78,83.84,14.88
2023-01-01 15:00,1,15,Weekend,Winter,No,62.06,85.24,13.24
2023-01-01 16:00,1,16,Weekend,Winter,No,61.43,84.0,14.61
2023-01-01 17:00,1,17,Weekend,Winter,No,58.67,83.89,10.67
2023-01-01 18:00,1,18,Weekend,Winter,No,55.86,82.23,12.12
2023-01-01 19:00,1,19,Weekend,Winter,No,52.73,82.44,8.04
2023-01-01 20:00,1,20,Weekend,Winter,No,49.82,81.58,11.46
2023-01-01 21:00,1,21,Weekend,Winter,No,48.92,80.46,11.81
2023-01-01 22:00,1,22,Weekend,Winter,No,46.61,80.42,3.67
2023-01-01 23:00,1,23,Weekend,Winter,No,43.28,80.27,5.23
2023-01-02 00:00,1,0,Weekday,Winter,No,40.3,77.88,3.7
2023-01-02 01:00,1,1,Weekday,Winter,No,40.17,76.46,3.64
2023-01-02 02:00,1,2,Weekday,Winter,No,40.37,77.59,2.93
2023-01-02 03:00,1,3,Weekday,Winter,No,38.76,77.31,4.87
2023-01-02 04:00,1,4,Weekday,Winter,No,39.1,78.05,7.94
2023-01-02 05:00,1,5,Weekday,Winter,No,38.76,78.27,8.78
2023-01-02 06:00,1,6,Weekday,Winter,No,37.94,78.03,4.02
2023-01-02 07:00,1,7,Weekday,Winter,No,37.94,77.4,5.18
2023-01-02 08:00,1,8,Weekday,Winter,Yes,40.88,79.2,12.45
2023-01-02 09:00,1,9,Weekday,Winter,Yes,50.02,80.93,14.92
2023-01-02 10:00,1,10,Weekday,Winter,Yes,56.72,82.15,13.27
2023-01-02 11:00,1,11,Weekday,Winter,Yes,59.7,82.53,15.14
2023-01-02 12:00,1,12,Weekday,Winter,Yes,62.14,84.77,18.54
2023-01-02 13:00,1,13,Weekday,Winter,Yes,62.96,85.6,18.04
2023-01-02 14:00,1,14,Weekday,Winter,Yes,64.74,83.96,15.03
2023-01-02 15:00,1,15,Weekday,Winter,Yes,65.39,85.75,15.99
2023-01-02 16:00,1,16,Weekday,Winter,Yes,63.78,85.95,19.65
2023-01-02 17:00,1,17,Weekday,Winter,Yes,60.65,82.89,14.25
2023-01-02 18:00,1,18,Weekday,Winter,No,57.22,82.67,9.96
2023-01-02 19:00,1,19,Weekday,Winter,No,55.42,83.02,10.75
2023-01-02 20:00,1,20,Weekday,Winter,No,53.88,81.96,9.71
2023-01-02 21:00,1,21,Weekday,Winter,No,52.43,83.05,7.72
2023-01-02 22:00,1,22,Weekday,Winter,No,51.98,82.35,8.31
2023-01-02 23:00,1,23,Weekday,Winter,No,51.98,82.7,9.19
2023-01-03 00:00,1,0,Weekday,Winter,No,51.46,83.03,7.8
2023-01-03 01:00,1,1,Weekday,Winter,No,49.82,81.42,9.96
2023-01-03 02:00,1,2,Weekday,Winter,No,50.18,81.14,3.46
2023-01-03 03:00,1,3,Weekday,Winter,No,48.66,81.39,9.87
2023-01-03 04:00,1,4,Weekday,Winter,No,46.94,81.45,10.11
2023-01-03 05:00,1,5,Weekday,Winter,No,46.94,80.15,9.24
2023-01-03 06:00,1,6,Weekday,Winter,No,46.42,81.49,2.13
2023-01-03 07:00,1,7,Weekday,Winter,No,45.41,79.96,5.55
2023-01-03 08:00,1,8,Weekday,Winter,Yes,47.27,79.03,11.1
2023-01-03 09:00,1,9,Weekday,Winter,Yes,51.86,81.46,15.11
2023-01-03 10:00,1,10,Weekday,Winter,Yes,55.74,83.3,14.64
2023-01-03 11:00,1,11,Weekday,Winter,Yes,58.8,83.18,15.17
2023-01-03 12:00,1,12,Weekday,Winter,Yes,60.6,83.64,14.68
2023-01-03 13:00,1,13,Weekday,Winter,Yes,61.61,82.83,16.88
2023-01-03 14:00,1,14,Weekday,Winter,Yes,64.9,86.49,18.42
2023-01-03 15:00,1,15,Weekday,Winter,Yes,66.4,85.84,14.9
2023-01-03 16:00,1,16,Weekday,Winter,Yes,65.39,85.05,16.66
2023-01-03 17:00,1,17,Weekday,Winter,Yes,63.26,85.07,20.7
2023-01-03 18:00,1,18,Weekday,Winter,No,59.12,83.73,10.39
2023-01-03 19:00,1,19,Weekday,Winter,No,55.86,82.15,13.54
2023-01-03 20:00,1,20,Weekday,Winter,No,53.26,82.79,13.74
2023-01-03 21:00,1,21,Weekday,Winter,No,51.46,80.9,11.35
2023-01-03 22:00,1,22,Weekday,Winter,No,50.45,81.28,7.8
2023-01-03 23:00,1,23,Weekday,Winter,No,48.84,80.9,10.56
2023-01-04 00:00,1,0,Weekday,Winter,No,46.86,80.15,7.19
2023-01-04 01:00,1,1,Weekday,Winter,No,44.26,80.18,5.91
2023-01-04 02:00,1,2,Weekday,Winter,No,41.2,76.61,3.97
2023-01-04 03:00,1,3,Weekday,Winter,No,38.76,78.54,2.29
2023-01-04 04:00,1,4,Weekday,Winter,No,37.94,77.94,5.15
2023-01-04 05:00,1,5,Weekday,Winter,No,37.42,78.22,3.68
2023-01-04 06:00,1,6,Weekday,Winter,No,36.41,76.48,4.33
2023-01-04 07:00,1,7,Weekday,Winter,No,35.96,76.39,3.45
2023-01-04 08:00,1,8,Weekday,Winter,Yes,38.9,76.35,8.92
2023-01-04 09:00,1,9,Weekday,Winter,Yes,44.46,77.91,7.73
2023-01-04 10:00,1,10,Weekday,Winter,Yes,50.51,81.99,14.7
2023-01-04 11:00,1,11,Weekday,Winter,Yes,55.37,82.17,11.51
2023-01-04 12:00,1,12,Weekday,Winter,Yes,58.18,83.98,16.02
2023-01-04 13:00,1,13,Weekday,Winter,Yes,59.63,82.33,15.0
2023-01-04 14:00,1,14,Weekday,Winter,Yes,60.08,82.66,14.32
2023-01-04 15:00,1,15,Weekday,Winter,Yes,59.45,82.75,14.59
2023-01-04 16:00,1,16,Weekday,Winter,Yes,57.22,82.11,15.27
2023-01-04 17:00,1,17,Weekday,Winter,Yes,54.78,83.33,11.63
2023-01-04 18:00,1,18,Weekday,Winter,No,52.28,81.59,7.99
2023-01-04 19:00,1,19,Weekday,Winter,No,50.45,80.07,11.76
2023-01-04 20:00,1,20,Weekday,Winter,No,48.84,81.7,8.34
2023-01-04 21:00,1,21,Weekday,Winter,No,46.24,79.11,7.36
2023-01-04 22:00,1,22,Weekday,Winter,No,43.28,79.69,2.53
2023-01-04 23:00,1,23,Weekday,Winter,No,42.08,78.38,3.67
2023-01-05 00:00,1,0,Weekday,Winter,No,39.66,78.28,5.65
2023-01-05 01:00,1,1,Weekday,Winter,No,37.94,77.6,2.76
2023-01-05 02:00,1,2,Weekday,Winter,No,37.42,78.44,6.35
2023-01-05 03:00,1,3,Weekday,Winter,No,35.88,76.07,3.96
2023-01-05 04:00,1,4,Weekday,Winter,No,34.43,75.5,0.0
2023-01-05 05:00,1,5,Weekday,Winter,No,33.46,76.87,4.11
2023-01-05 06:00,1,6,Weekday,Winter,No,33.08,76.48,2.11
2023-01-05 07:00,1,7,Weekday,Winter,No,33.08,76.98,0.0
2023-01-05 08:00,1,8,Weekday,Winter,Yes,36.54,75.88,8.94
2023-01-05 09:00,1,9,Weekday,Winter,Yes,41.96,79.24,12.41
2023-01-05 10:00,1,10,Weekday,Winter,Yes,49.31,79.72,13.88
2023-01-05 11:00,1,11,Weekday,Winter,Yes,54.74,82.64,15.11
2023-01-05 12:00,1,12,Weekday,Winter,Yes,57.1,82.1,13.8
2023-01-05 13:00,1,13,Weekday,Winter,Yes,59.18,82.91,17.11
2023-01-05 14:00,1,14,Weekday,Winter,Yes,60.08,85.46,16.43
2023-01-05 15:00,1,15,Weekday,Winter,Yes,61.24,83.19,19.33
2023-01-05 16:00,1,16,Weekday,Winter,Yes,60.28,83.74,17.17
2023-01-05 17:00,1,17,Weekday,Winter,Yes,56.69,83.49,15.13
2023-01-05 18:00,1,18,Weekday,Winter,No,52.1,81.4,10.81
2023-01-05 19:00,1,19,Weekday,Winter,No,48.84,80.61,7.76
2023-01-05 20:00,1,20,Weekday,Winter,No,45.08,77.67,7.14
2023-01-05 21:00,1,21,Weekday,Winter,No,42.98,78.19,14.71
2023-01-05 22:00,1,22,Weekday,Winter,No,41.2,77.5,6.75
2023-01-05 23:00,1,23,Weekday,Winter,No,38.24,77.06,0.0
2023-01-06 00:00,1,0,Weekday,Winter,No,35.88,77.14,0.29
2023-01-06 01:00,1,1,Weekday,Winter,No,35.58,77.43,6.0
2023-01-06 02:00,1,2,Weekday,Winter,No,35.96,76.7,3.12
2023-01-06 03:00,1,3,Weekday,Winter,No,35.96,78.13,3.1
2023-01-06 04:00,1,4,Weekday,Winter,No,35.44,76.29,2.44
2023-01-06 05:00,1,5,Weekday,Winter,No,33.9,75.78,0.91
2023-01-06 06:00,1,6,Weekday,Winter,No,32.45,77.27,0.0
2023-01-06 07:00,1,7,Weekday,Winter,No,33.16,76.33,6.49
2023-01-06 08:00,1,8,Weekday,Winter,Yes,37.44,78.33,9.26
2023-01-06 09:00,1,9,Weekday,Winter,Yes,44.02,78.16,8.43
2023-01-06 10:00,1,10,Weekday,Winter,Yes,50.51,80.67,15.56
2023-01-06 11:00,1,11,Weekday,Winter,Yes,55.37,83.31,17.62
2023-01-06 12:00,1,12,Weekday,Winter,Yes,59.96,83.27,13.09
2023-01-06 13:00,1,13,Weekday,Winter,Yes,63.74,84.61,12.72
2023-01-06 14:00,1,14,Weekday,Winter,Yes,65.57,84.72,16.39
2023-01-06 15:00,1,15,Weekday,Winter,Yes,66.54,84.31,18.46
2023-01-06 16:00,1,16,Weekday,Winter,Yes,64.61,86.06,21.3
2023-01-06 17:00,1,17,Weekday,Winter,Yes,60.65,82.65,18.25
2023-01-06 18:00,1,18,Weekday,Winter,No,56.06,83.88,12.04
2023-01-06 19:00,1,19,Weekday,Winter,No,52.8,82.94,12.11
2023-01-06 20:00,1,20,Weekday,Winter,No,47.89,80.74,10.84
2023-01-06 21:00,1,21,Weekday,Winter,No,44.96,78.74,5.3
2023-01-06 22:00,1,22,Weekday,Winter,No,43.8,79.05,5.07
2023-01-06 23:00,1,23,Weekday,Winter,No,40.67,78.87,5.94
2023-01-07 00:00,1,0,Weekend,Winter,No,40.8,78.7,3.11
2023-01-07 01:00,1,1,Weekend,Winter,No,40.3,77.6,3.4
2023-01-07 02:00,1,2,Weekend,Winter,No,39.54,78.94,5.99
2023-01-07 03:00,1,3,Weekend,Winter,No,39.4,78.27,7.85
2023-01-07 04:00,1,4,Weekend,Winter,No,37.86,75.59,4.64
2023-01-07 05:00,1,5,Weekend,Winter,No,38.2,77.21,2.41
2023-01-07 06:00,1,6,Weekend,Winter,No,39.54,77.49,5.09
2023-01-07 07:00,1,7,Weekend,Winter,No,38.76,77.16,6.41
2023-01-07 08:00,1,8,Weekend,Winter,No,42.04,77.1,2.07
2023-01-07 09:00,1,9,Weekend,Winter,No,48.53,81.32,7.36
2023-01-07 10:00,1,10,Weekend,Winter,No,55.07,82.75,15.85
2023-01-07 11:00,1,11,Weekend,Winter,No,61.49,83.83,11.31
2023-01-07 12:00,1,12,Weekend,Winter,No,66.35,85.29,13.7
2023-01-07 13:00,1,13,Weekend,Winter,No,69.78,85.37,11.02
2023-01-07 14:00,1,14,Weekend,Winter,No,71.06,86.58,13.66
2023-01-07 15:00,1,15,Weekend,Winter,No,71.58,87.57,21.23
2023-01-07 16:00,1,16,Weekend,Winter,No,70.81,86.27,15.29
2023-01-07 17:00,1,17,Weekend,Winter,No,67.04,87.1,12.82
2023-01-07 18:00,1,18,Weekend,Winter,No,62.63,84.62,11.63
2023-01-07 19:00,1,19,Weekend,Winter,No,56.88,83.06,7.08
2023-01-07 20:00,1,20,Weekend,Winter,No,52.8,81.83,11.25
2023-01-07 21:00,1,21,Weekend,Winter,No,50.82,82.44,7.35
2023-01-07 22:00,1,22,Weekend,Winter,No,49.37,80.22,6.04
2023-01-07 23:00,1,23,Weekend,Winter,No,46.08,78.39,3.94
2023-01-08 00:00,1,0,Weekend,Winter,No,44.06,80.1,5.13
2023-01-08 01:00,1,1,Weekend,Winter,No,45.74,79.62,5.21
2023-01-08 02:00,1,2,Weekend,Winter,No,44.63,80.47,9.57
2023-01-08 03:00,1,3,Weekend,Winter,No,42.46,78.53,7.61
2023-01-08 04:00,1,4,Weekend,Winter,No,40.82,79.94,6.64
2023-01-08 05:00,1,5,Weekend,Winter,No,42.86,77.64,8.18
2023-01-08 06:00,1,6,Weekend,Winter,No,44.96,78.91,8.49
2023-01-08 07:00,1,7,Weekend,Winter,No,44.44,80.35,7.08
2023-01-08 08:00,1,8,Weekend,Winter,No,48.68,79.52,10.24
2023-01-08 09:00,1,9,Weekend,Winter,No,56.7,82.59,11.38
2023-01-08 10:00,1,10,Weekend,Winter,No,67.01,87.14,19.14
2023-01-08 11:00,1,11,Weekend,Winter,No,73.74,87.28,20.38
2023-01-08 12:00,1,12,Weekend,Winter,No,76.18,87.46,19.37
2023-01-08 13:00,1,13,Weekend,Winter,No,78.16,90.37,15.09
2023-01-08 14:00,1,14,Weekend,Winter,No,80.13,89.05,18.03
2023-01-08 15:00,1,15,Weekend,Winter,No,80.96,90.23,21.13
2023-01-08 16:00,1,16,Weekend,Winter,No,80.44,90.21,17.14
2023-01-08 17:00,1,17,Weekend,Winter,No,75.33,88.57,18.6
2023-01-08 18:00,1,18,Weekend,Winter,No,69.65,86.63,18.49
2023-01-08 19:00,1,19,Weekend,Winter,No,63.91,85.21,12.1
2023-01-08 20:00,1,20,Weekend,Winter,No,58.04,84.63,8.56
2023-01-08 21:00,1,21,Weekend,Winter,No,54.26,81.58,12.75
2023-01-08 22:00,1,22,Weekend,Winter,No,51.9,80.82,9.22
2023-01-08 23:00,1,23,Weekend,Winter,No,51.08,80.91,10.25
2023-01-09 00:00,1,0,Weekday,Winter,No,51.08,81.39,7.31
2023-01-09 01:00,1,1,Weekday,Winter,No,50.45,80.49,13.55
2023-01-09 02:00,1,2,Weekday,Winter,No,50.63,80.54,12.26
2023-01-09 03:00,1,3,Weekday,Winter,No,50.45,80.86,8.89
2023-01-09 04:00,1,4,Weekday,Winter,No,49.37,80.32,13.03
2023-01-09 05:00,1,5,Weekday,Winter,No,47.76,80.28,7.92
2023-01-09 06:00,1,6,Weekday,Winter,No,48.1,80.24,10.6
2023-01-09 07:00,1,7,Weekday,Winter,No,48.4,79.5,10.04
2023-01-09 08:00,1,8,Weekday,Winter,Yes,51.48,81.11,8.52
2023-01-09 09:00,1,9,Weekday,Winter,Yes,59.21,83.16,15.11
2023-01-09 10:00,1,10,Weekday,Winter,Yes,65.9,85.72,17.12
2023-01-09 11:00,1,11,Weekday,Winter,Yes,70.31,86.15,17.61
2023-01-09 12:00,1,12,Weekday,Winter,Yes,73.12,88.4,19.54
2023-01-09 13:00,1,13,Weekday,Winter,Yes,74.57,87.28,23.26
2023-01-09 14:00,1,14,Weekday,Winter,Yes,75.02,88.12,21.96
2023-01-09 15:00,1,15,Weekday,Winter,Yes,74.39,86.71,19.69
2023-01-09 16:00,1,16,Weekday,Winter,Yes,73.42,86.79,17.87
2023-01-09 17:00,1,17,Weekday,Winter,Yes,70.1,86.73,21.6
2023-01-09 18:00,1,18,Weekday,Winter,No,66.84,86.09,14.88
2023-01-09 19:00,1,19,Weekday,Winter,No,64.24,85.95,14.69
2023-01-09 20:00,1,20,Weekday,Winter,No,62.96,85.56,15.91
2023-01-09 21:00,1,21,Weekday,Winter,No,60.02,84.04,15.01
2023-01-09 22:00,1,22,Weekday,Winter,No,59.7,84.42,12.82
2023-01-09 23:00,1,23,Weekday,Winter,No,59.82,83.16,12.54
2023-01-10 00:00,1,0,Weekday,Winter,No,57.22,83.26,8.87
2023-01-10 01:00,1,1,Weekday,Winter,No,55.42,84.43,6.54
2023-01-10 02:00,1,2,Weekday,Winter,No,55.04,82.31,12.35
2023-01-10 03:00,1,3,Weekday,Winter,No,53.88,80.82,12.29
2023-01-10 04:00,1,4,Weekday,Winter,No,51.9,82.63,11.18
2023-01-10 05:00,1,5,Weekday,Winter,No,50.45,81.11,8.15
2023-01-10 06:00,1,6,Weekday,Winter,No,49.37,79.55,8.32
2023-01-10 07:00,1,7,Weekday,Winter,No,48.4,81.24,7.6
2023-01-10 08:00,1,8,Weekday,Winter,Yes,50.96,80.61,8.03
2023-01-10 09:00,1,9,Weekday,Winter,Yes,55.9,82.95,14.15
2023-01-10 10:00,1,10,Weekday,Winter,Yes,60.34,84.89,21.76
2023-01-10 11:00,1,11,Weekday,Winter,Yes,63.22,84.55,14.06
2023-01-10 12:00,1,12,Weekday,Winter,Yes,64.56,85.03,15.69
2023-01-10 13:00,1,13,Weekday,Winter,Yes,65.57,85.3,17.62
2023-01-10 14:00,1,14,Weekday,Winter,Yes,67.18,86.4,18.2
2023-01-10 15:00,1,15,Weekday,Winter,Yes,68.0,84.91,14.92
2023-01-10 16:00,1,16,Weekday,Winter,Yes,67.37,86.03,17.61
2023-01-10 17:00,1,17,Weekday,Winter,Yes,64.08,83.9,16.72
2023-01-10 18:00,1,18,Weekday,Winter,No,62.06,83.89,9.1
2023-01-10 19:00,1,19,Weekday,Winter,No,60.9,84.23,8.63
2023-01-10 20:00,1,20,Weekday,Winter,No,57.66,82.52,13.92
2023-01-10 21:00,1,21,Weekday,Winter,No,55.42,82.54,10.47
2023-01-10 22:00,1,22,Weekday,Winter,No,53.88,82.62,9.92
2023-01-10 23:00,1,23,Weekday,Winter,No,53.06,81.91,10.24
2023-01-11 00:00,1,0,Weekday,Winter,No,49.49,79.31,6.9
2023-01-11 01:00,1,1,Weekday,Winter,No,46.42,79.85,4.01
2023-01-11 02:00,1,2,Weekday,Winter,No,46.04,78.96,5.34
2023-01-11 03:00,1,3,Weekday,Winter,No,46.04,80.03,9.83
2023-01-11 04:00,1,4,Weekday,Winter,No,47.72,80.08,8.35
2023-01-11 05:00,1,5,Weekday,Winter,No,46.61,80.25,4.61
2023-01-11 06:00,1,6,Weekday,Winter,No,44.96,80.28,12.56
2023-01-11 07:00,1,7,Weekday,Winter,No,47.9,80.25,6.09
2023-01-11 08:00,1,8,Weekday,Winter,Yes,51.78,81.49,10.84
2023-01-11 09:00,1,9,Weekday,Winter,Yes,56.52,81.11,16.15
2023-01-11 10:00,1,10,Weekday,Winter,Yes,60.78,85.25,17.37
2023-01-11 11:00,1,11,Weekday,Winter,Yes,63.22,84.86,23.74
2023-01-11 12:00,1,12,Weekday,Winter,Yes,65.19,85.05,19.09
2023-01-11 13:00,1,13,Weekday,Winter,Yes,66.54,84.26,20.09
2023-01-11 14:00,1,14,Weekday,Winter,Yes,66.92,85.49,15.26
2023-01-11 15:00,1,15,Weekday,Winter,Yes,66.92,85.3,18.69
2023-01-11 16:00,1,16,Weekday,Winter,Yes,65.76,85.13,17.39
2023-01-11 17:00,1,17,Weekday,Winter,Yes,63.78,85.32,14.98
2023-01-11 18:00,1,18,Weekday,Winter,No,60.02,82.11,12.69
2023-01-11 19:00,1,19,Weekday,Winter,No,56.76,82.26,12.09
2023-01-11 20:00,1,20,Weekday,Winter,No,53.63,82.61,15.27
2023-01-11 21:00,1,21,Weekday,Winter,No,51.98,82.05,13.4
2023-01-11 22:00,1,22,Weekday,Winter,No,50.2,80.74,10.41
2023-01-11 23:00,1,23,Weekday,Winter,No,47.76,80.67,7.44
2023-01-12 00:00,1,0,Weekday,Winter,No,46.42,80.87,8.86
2023-01-12 01:00,1,1,Weekday,Winter,No,46.56,81.57,11.46
2023-01-12 02:00,1,2,Weekday,Winter,No,45.78,80.28,4.57
2023-01-12 03:00,1,3,Weekday,Winter,No,43.28,78.87,6.12
2023-01-12 04:00,1,4,Weekday,Winter,No,43.76,79.34,1.7
2023-01-12 05:00,1,5,Weekday,Winter,No,42.65,79.18,8.66
2023-01-12 06:00,1,6,Weekday,Winter,No,38.69,78.8,5.61
2023-01-12 07:00,1,7,Weekday,Winter,No,38.72,77.94,7.45
2023-01-12 08:00,1,8,Weekday,Winter,Yes,44.64,79.64,9.83
2023-01-12 09:00,1,9,Weekday,Winter,Yes,52.64,81.11,13.3
2023-01-12 10:00,1,10,Weekday,Winter,Yes,60.67,83.21,15.0
2023-01-12 11:00,1,11,Weekday,Winter,Yes,66.35,84.71,16.74
2023-01-12 12:00,1,12,Weekday,Winter,Yes,69.78,87.1,18.65
2023-01-12 13:00,1,13,Weekday,Winter,Yes,71.58,87.25,22.34
2023-01-12 14:00,1,14,Weekday,Winter,Yes,71.96,86.61,15.12
2023-01-12 15:00,1,15,Weekday,Winter,Yes,72.59,86.41,18.71
2023-01-12 16:00,1,16,Weekday,Winter,Yes,73.04,88.72,21.41
2023-01-12 17:00,1,17,Weekday,Winter,Yes,69.47,86.55,20.27
2023-01-12 18:00,1,18,Weekday,Winter,No,65.24,85.41,11.05
2023-01-12 19:00,1,19,Weekday,Winter,No,58.79,81.95,12.57
2023-01-12 20:00,1,20,Weekday,Winter,No,54.41,84.01,8.42
2023-01-12 21:00,1,21,Weekday,Winter,No,53.43,82.15,10.87
2023-01-12 22:00,1,22,Weekday,Winter,No,50.64,80.69,16.0
2023-01-12 23:00,1,23,Weekday,Winter,No,47.76,79.71,7.07
2023-01-13 00:00,1,0,Weekday,Winter,No,45.78,79.27,1.5
2023-01-13 01:00,1,1,Weekday,Winter,No,44.96,78.88,8.15
2023-01-13 02:00,1,2,Weekday,Winter,No,44.96,79.84,7.33
2023-01-13 03:00,1,3,Weekday,Winter,No,44.44,79.37,5.36
2023-01-13 04:00,1,4,Weekday,Winter,No,42.9,80.58,8.1
2023-01-13 05:00,1,5,Weekday,Winter,No,42.08,78.15,2.93
2023-01-13 06:00,1,6,Weekday,Winter,No,40.82,79.48,3.76
2023-01-13 07:00,1,7,Weekday,Winter,No,39.92,79.2,11.64
2023-01-13 08:00,1,8,Weekday,Winter,Yes,44.02,79.44,10.36
2023-01-13 09:00,1,9,Weekday,Winter,Yes,50.51,79.65,15.44
2023-01-13 10:00,1,10,Weekday,Winter,Yes,56.52,82.67,17.29
2023-01-13 11:00,1,11,Weekday,Winter,Yes,61.94,84.01,20.53
2023-01-13 12:00,1,12,Weekday,Winter,Yes,66.35,86.46,14.02
2023-01-13 13:00,1,13,Weekday,Winter,Yes,69.16,87.02,16.1
2023-01-13 14:00,1,14,Weekday,Winter,Yes,71.14,86.67,19.76
2023-01-13 15:00,1,15,Weekday,Winter,Yes,71.44,87.63,19.25
2023-01-13 16:00,1,16,Weekday,Winter,Yes,69.9,85.66,20.97
2023-01-13 17:00,1,17,Weekday,Winter,Yes,66.14,85.54,18.61
2023-01-13 18:00,1,18,Weekday,Winter,No,61.1,83.96,11.99
2023-01-13 19:00,1,19,Weekday,Winter,No,57.85,83.43,7.91
2023-01-13 20:00,1,20,Weekday,Winter,No,52.92,82.31,10.4
2023-01-13 21:00,1,21,Weekday,Winter,No,48.22,82.36,9.83
2023-01-13 22:00,1,22,Weekday,Winter,No,45.78,81.0,8.05
2023-01-13 23:00,1,23,Weekday,Winter,No,43.28,78.59,2.19
2023-01-14 00:00,1,0,Weekend,Winter,No,42.08,80.13,4.35
2023-01-14 01:00,1,1,Weekend,Winter,No,40.82,78.57,7.95
2023-01-14 02:00,1,2,Weekend,Winter,No,40.55,78.11,1.09
2023-01-14 03:00,1,3,Weekend,Winter,No,41.0,78.51,4.69
2023-01-14 04:00,1,4,Weekend,Winter,No,41.0,79.02,7.93
2023-01-14 05:00,1,5,Weekend,Winter,No,41.0,78.78,4.68
2023-01-14 06:00,1,6,Weekend,Winter,No,41.0,79.63,2.32
2023-01-14 07:00,1,7,Weekend,Winter,No,41.63,78.25,6.64
2023-01-14 08:00,1,8,Weekend,Winter,No,44.92,80.81,5.94
2023-01-14 09:00,1,9,Weekend,Winter,No,51.66,81.6,8.71
2023-01-14 10:00,1,10,Weekend,Winter,No,59.14,84.61,11.52
2023-01-14 11:00,1,11,Weekend,Winter,No,64.9,85.12,18.15
2023-01-14 12:00,1,12,Weekend,Winter,No,69.34,85.11,15.16
2023-01-14 13:00,1,13,Weekend,Winter,No,73.37,87.47,21.65
2023-01-14 14:00,1,14,Weekend,Winter,No,75.02,88.89,19.95
2023-01-14 15:00,1,15,Weekend,Winter,No,75.02,88.52,19.48
2023-01-14 16:00,1,16,Weekend,Winter,No,74.39,88.26,18.55
2023-01-14 17:00,1,17,Weekend,Winter,No,71.1,88.17,18.16
2023-01-14 18:00,1,18,Weekend,Winter,No,66.14,85.74,15.18
2023-01-14 19:00,1,19,Weekend,Winter,No,60.47,84.85,15.78
2023-01-14 20:00,1,20,Weekend,Winter,No,55.61,82.5,11.4
2023-01-14 21:00,1,21,Weekend,Winter,No,51.65,81.07,13.65
2023-01-14 22:00,1,22,Weekend,Winter,No,49.37,81.09,11.53
2023-01-14 23:00,1,23,Weekend,Winter,No,47.76,79.91,9.48
2023-01-15 00:00,1,0,Weekend,Winter,No,48.72,80.13,9.71
2023-01-15 01:00,1,1,Weekend,Winter,No,48.22,80.39,11.9
2023-01-15 02:00,1,2,Weekend,Winter,No,45.26,79.72,7.41
2023-01-15 03:00,1,3,Weekend,Winter,No,45.74,78.57,7.91
2023-01-15 04:00,1,4,Weekend,Winter,No,46.94,79.27,3.22
2023-01-15 05:00,1,5,Weekend,Winter,No,49.36,81.24,9.44
2023-01-15 06:00,1,6,Weekend,Winter,No,51.08,80.81,10.2
2023-01-15 07:00,1,7,Weekend,Winter,No,48.14,79.24,4.65
2023-01-15 08:00,1,8,Weekend,Winter,No,50.14,81.2,13.62
2023-01-15 09:00,1,9,Weekend,Winter,No,54.74,81.9,11.29
2023-01-15 10:00,1,10,Weekend,Winter,No,58.36,83.29,9.76
2023-01-15 11:00,1,11,Weekend,Winter,No,62.39,86.03,12.26
2023-01-15 12:00,1,12,Weekend,Winter,No,65.72,86.16,11.71
2023-01-15 13:00,1,13,Weekend,Winter,No,67.55,85.36,19.55
2023-01-15 14:00,1,14,Weekend,Winter,No,68.0,85.33,21.47
2023-01-15 15:00,1,15,Weekend,Winter,No,67.37,86.44,16.04
2023-01-15 16:00,1,16,Weekend,Winter,No,66.4,86.44,11.87
2023-01-15 17:00,1,17,Weekend,Winter,No,64.86,85.64,13.5
2023-01-15 18:00,1,18,Weekend,Winter,No,64.04,84.39,16.49
2023-01-15 19:00,1,19,Weekend,Winter,No,64.04,84.5,15.22
2023-01-15 20:00,1,20,Weekend,Winter,No,62.89,85.86,14.23
2023-01-15 21:00,1,21,Weekend,Winter,No,62.58,84.31,16.68
2023-01-15 22:00,1,22,Weekend,Winter,No,62.44,85.0,10.74
2023-01-15 23:00,1,23,Weekend,Winter,No,61.43,86.19,13.49
2023-01-16 00:00,1,0,Weekday,Winter,No,61.61,84.18,13.93
2023-01-16 01:00,1,1,Weekday,Winter,No,61.43,84.26,11.6
2023-01-16 02:00,1,2,Weekday,Winter,No,60.98,84.04,12.79
2023-01-16 03:00,1,3,Weekday,Winter,No,59.2,84.15,14.07
2023-01-16 04:00,1,4,Weekday,Winter,No,58.55,82.68,12.51
2023-01-16 05:00,1,5,Weekday,Winter,No,59.0,84.22,13.77
2023-01-16 06:00,1,6,Weekday,Winter,No,57.85,83.94,13.51
2023-01-16 07:00,1,7,Weekday,Winter,No,57.02,83.0,11.78
2023-01-16 08:00,1,8,Weekday,Winter,Yes,57.54,82.97,14.47
2023-01-16 09:00,1,9,Weekday,Winter,Yes,59.7,83.52,18.83
2023-01-16 10:00,1,10,Weekday,Winter,Yes,61.61,84.6,15.52
2023-01-16 11:00,1,11,Weekday,Winter,Yes,63.22,84.22,14.82
2023-01-16 12:00,1,12,Weekday,Winter,Yes,64.04,85.12,17.95
2023-01-16 13:00,1,13,Weekday,Winter,Yes,64.04,84.24,17.86
2023-01-16 14:00,1,14,Weekday,Winter,Yes,64.04,84.32,13.3
2023-01-16 15:00,1,15,Weekday,Winter,Yes,64.56,86.74,18.03
2023-01-16 16:00,1,16,Weekday,Winter,Yes,65.57,85.73,19.85
2023-01-16 17:00,1,17,Weekday,Winter,Yes,64.24,84.47,19.75
2023-01-16 18:00,1,18,Weekday,Winter,No,61.28,85.07,12.04
2023-01-16 19:00,1,19,Weekday,Winter,No,59.45,83.78,12.86
2023-01-16 20:00,1,20,Weekday,Winter,No,57.22,82.78,13.9
2023-01-16 21:00,1,21,Weekday,Winter,No,55.42,81.48,8.65
2023-01-16 22:00,1,22,Weekday,Winter,No,54.41,82.23,13.08
2023-01-16 23:00,1,23,Weekday,Winter,No,52.8,81.78,7.89
2023-01-17 00:00,1,0,Weekday,Winter,No,51.98,81.48,3.88
2023-01-17 01:00,1,1,Weekday,Winter,No,51.98,81.54,14.06
2023-01-17 02:00,1,2,Weekday,Winter,No,51.98,83.19,8.38
2023-01-17 03:00,1,3,Weekday,Winter,No,50.82,81.69,11.81
2023-01-17 04:00,1,4,Weekday,Winter,No,50.0,79.7,11.43
2023-01-17 05:00,1,5,Weekday,Winter,No,49.37,80.55,6.57
2023-01-17 06:00,1,6,Weekday,Winter,No,48.92,81.8,12.26
2023-01-17 07:00,1,7,Weekday,Winter,No,48.92,80.03,8.59
2023-01-17 08:00,1,8,Weekday,Winter,Yes,49.55,80.86,8.09
2023-01-17 09:00,1,9,Weekday,Winter,Yes,51.16,81.53,10.35
2023-01-17 10:00,1,10,Weekday,Winter,Yes,53.76,81.91,13.48
2023-01-17 11:00,1,11,Weekday,Winter,Yes,56.2,83.28,12.81
2023-01-17 12:00,1,12,Weekday,Winter,Yes,58.18,83.71,15.02
2023-01-17 13:00,1,13,Weekday,Winter,Yes,60.16,84.43,14.7
2023-01-17 14:00,1,14,Weekday,Winter,Yes,61.61,82.61,12.5
2023-01-17 15:00,1,15,Weekday,Winter,Yes,62.58,84.5,20.08
2023-01-17 16:00,1,16,Weekday,Winter,Yes,61.28,84.81,16.58
2023-01-17 17:00,1,17,Weekday,Winter,Yes,57.66,83.57,18.24
2023-01-17 18:00,1,18,Weekday,Winter,No,54.78,82.28,11.82
2023-01-17 19:00,1,19,Weekday,Winter,No,51.65,81.37,7.64
2023-01-17 20:00,1,20,Weekday,Winter,No,49.37,81.47,9.34
2023-01-17 21:00,1,21,Weekday,Winter,No,47.76,79.5,10.62
2023-01-17 22:00,1,22,Weekday,Winter,No,47.57,79.87,6.47
2023-01-17 23:00,1,23,Weekday,Winter,No,45.08,78.99,6.81
2023-01-18 00:00,1,0,Weekday,Winter,No,41.2,77.59,5.57
2023-01-18 01:00,1,1,Weekday,Winter,No,39.92,79.04,5.67
2023-01-18 02:00,1,2,Weekday,Winter,No,40.55,79.35,2.45
2023-01-18 03:00,1,3,Weekday,Winter,No,40.37,79.55,1.77
2023-01-18 04:00,1,4,Weekday,Winter,No,39.4,76.09,5.37
2023-01-18 05:00,1,5,Weekday,Winter,No,38.39,76.95,3.54
2023-01-18 06:00,1,6,Weekday,Winter,No,38.57,77.48,6.13
2023-01-18 07:00,1,7,Weekday,Winter,No,39.54,77.02,2.47
2023-01-18 08:00,1,8,Weekday,Winter,Yes,41.7,77.16,10.62
2023-01-18 09:00,1,9,Weekday,Winter,Yes,46.44,80.34,12.73
2023-01-18 10:00,1,10,Weekday,Winter,Yes,51.34,81.99,16.06
2023-01-18 11:00,1,11,Weekday,Winter,Yes,54.74,83.62,15.55
2023-01-18 12:00,1,12,Weekday,Winter,Yes,56.57,83.43,15.34
2023-01-18 13:00,1,13,Weekday,Winter,Yes,57.54,83.33,14.06
2023-01-18 14:00,1,14,Weekday,Winter,Yes,57.4,82.25,12.17
2023-01-18 15:00,1,15,Weekday,Winter,Yes,57.54,83.98,17.2
2023-01-18 16:00,1,16,Weekday,Winter,Yes,57.4,82.83,14.84
2023-01-18 17:00,1,17,Weekday,Winter,Yes,54.08,83.67,9.76
2023-01-18 18:00,1,18,Weekday,Winter,No,50.82,81.85,11.17
2023-01-18 19:00,1,19,Weekday,Winter,No,49.37,80.09,11.49
2023-01-18 20:00,1,20,Weekday,Winter,No,46.61,80.12,5.03
2023-01-18 21:00,1,21,Weekday,Winter,No,42.65,78.43,6.01
2023-01-18 22:00,1,22,Weekday,Winter,No,39.22,76.58,3.13
2023-01-18 23:00,1,23,Weekday,Winter,No,36.78,77.34,6.35
2023-01-19 00:00,1,0,Weekday,Winter,No,35.96,76.46,1.71
2023-01-19 01:00,1,1,Weekday,Winter,No,34.8,77.46,6.42
2023-01-19 02:00,1,2,Weekday,Winter,No,32.83,75.48,2.91
2023-01-19 03:00,1,3,Weekday,Winter,No,30.84,76.24,1.15
2023-01-19 04:00,1,4,Weekday,Winter,No,30.54,75.52,0.0
2023-01-19 05:00,1,5,Weekday,Winter,No,29.76,76.74,2.27
2023-01-19 06:00,1,6,Weekday,Winter,No,30.1,75.28,0.0
2023-01-19 07:00,1,7,Weekday,Winter,No,31.55,77.74,1.96
2023-01-19 08:00,1,8,Weekday,Winter,Yes,36.62,77.04,6.14
2023-01-19 09:00,1,9,Weekday,Winter,Yes,42.86,78.69,10.95
2023-01-19 10:00,1,10,Weekday,Winter,Yes,46.74,81.21,14.39
2023-01-19 11:00,1,11,Weekday,Winter,Yes,51.48,81.06,10.77
2023-01-19 12:00,1,12,Weekday,Winter,Yes,55.74,82.16,17.23
2023-01-19 13:00,1,13,Weekday,Winter,Yes,58.18,83.74,16.71
2023-01-19 14:00,1,14,Weekday,Winter,Yes,60.78,84.65,17.38
2023-01-19 15:00,1,15,Weekday,Winter,Yes,62.06,84.21,17.12
2023-01-19 16:00,1,16,Weekday,Winter,Yes,61.43,84.81,16.32
2023-01-19 17:00,1,17,Weekday,Winter,Yes,59.82,81.81,20.22
2023-01-19 18:00,1,18,Weekday,Winter,No,57.22,83.57,11.22
2023-01-19 19:00,1,19,Weekday,Winter,No,53.63,82.08,2.47
2023-01-19 20:00,1,20,Weekday,Winter,No,49.67,81.36,9.72
2023-01-19 21:00,1,21,Weekday,Winter,No,46.24,78.95,8.34
2023-01-19 22:00,1,22,Weekday,Winter,No,44.44,80.06,9.25
2023-01-19 23:00,1,23,Weekday,Winter,No,42.28,79.88,4.42
2023-01-20 00:00,1,0,Weekday,Winter,No,38.69,76.93,7.4
2023-01-20 01:00,1,1,Weekday,Winter,No,37.56,75.33,3.76
2023-01-20 02:00,1,2,Weekday,Winter,No,36.26,77.46,6.41
2023-01-20 03:00,1,3,Weekday,Winter,No,35.06,76.23,7.33
2023-01-20 04:00,1,4,Weekday,Winter,No,33.9,77.08,0.45
2023-01-20 05:00,1,5,Weekday,Winter,No,32.45,76.42,2.42
2023-01-20 06:00,1,6,Weekday,Winter,No,32.63,76.56,5.83
2023-01-20 07:00,1,7,Weekday,Winter,No,31.82,74.19,6.16
2023-01-20 08:00,1,8,Weekday,Winter,Yes,35.02,76.29,4.83
2023-01-20 09:00,1,9,Weekday,Winter,Yes,43.19,78.76,8.77
2023-01-20 10:00,1,10,Weekday,Winter,Yes,49.36,81.1,13.9
2023-01-20 11:00,1,11,Weekday,Winter,Yes,52.24,81.6,10.54
2023-01-20 12:00,1,12,Weekday,Winter,Yes,54.22,81.51,12.34
2023-01-20 13:00,1,13,Weekday,Winter,Yes,56.2,82.06,15.22
2023-01-20 14:00,1,14,Weekday,Winter,Yes,57.54,82.29,14.61
2023-01-20 15:00,1,15,Weekday,Winter,Yes,58.55,84.08,16.12
2023-01-20 16:00,1,16,Weekday,Winter,Yes,57.85,82.1,13.2
2023-01-20 17:00,1,17,Weekday,Winter,Yes,54.71,82.21,12.59
2023-01-20 18:00,1,18,Weekday,Winter,No,51.28,82.5,11.33
2023-01-20 19:00,1,19,Weekday,Winter,No,48.22,79.72,6.36
2023-01-20 20:00,1,20,Weekday,Winter,No,44.63,78.97,6.13
2023-01-20 21:00,1,21,Weekday,Winter,No,41.82,77.65,5.74
2023-01-20 22:00,1,22,Weekday,Winter,No,38.06,78.37,3.16
2023-01-20 23:00,1,23,Weekday,Winter,No,34.8,77.25,2.7
2023-01-21 00:00,1,0,Weekend,Winter,No,33.98,76.57,2.24
2023-01-21 01:00,1,1,Weekend,Winter,No,32.83,77.07,5.31
2023-01-21 02:00,1,2,Weekend,Winter,No,32.0,76.61,1.98
2023-01-21 03:00,1,3,Weekend,Winter,No,32.0,74.34,4.34
2023-01-21 04:00,1,4,Weekend,Winter,No,32.0,75.03,5.44
2023-01-21 05:00,1,5,Weekend,Winter,No,32.0,75.76,7.48
2023-01-21 06:00,1,6,Weekend,Winter,No,32.0,75.55,2.26
2023-01-21 07:00,1,7,Weekend,Winter,No,32.0,74.73,5.14
2023-01-21 08:00,1,8,Weekend,Winter,No,36.1,76.36,6.38
2023-01-21 09:00,1,9,Weekend,Winter,No,43.64,79.34,5.19
2023-01-21 10:00,1,10,Weekend,Winter,No,49.88,80.69,9.36
2023-01-21 11:00,1,11,Weekend,Winter,No,55.44,83.67,9.17
2023-01-21 12:00,1,12,Weekend,Winter,No,59.7,84.37,11.53
2023-01-21 13:00,1,13,Weekend,Winter,No,62.14,83.98,10.29
2023-01-21 14:00,1,14,Weekend,Winter,No,64.74,85.65,18.81
2023-01-21 15:00,1,15,Weekend,Winter,No,66.54,86.48,14.65
2023-01-21 16:00,1,16,Weekend,Winter,No,65.76,86.25,16.15
2023-01-21 17:00,1,17,Weekend,Winter,No,62.1,83.22,12.03
2023-01-21 18:00,1,18,Weekend,Winter,No,56.51,81.4,12.59
2023-01-21 19:00,1,19,Weekend,Winter,No,52.8,80.94,6.66
2023-01-21 20:00,1,20,Weekend,Winter,No,48.52,81.4,4.52
2023-01-21 21:00,1,21,Weekend,Winter,No,43.73,78.89,0.48
2023-01-21 22:00,1,22,Weekend,Winter,No,41.45,79.52,5.27
2023-01-21 23:00,1,23,Weekend,Winter,No,39.84,77.29,7.13
2023-01-22 00:00,1,0,Weekend,Winter,No,38.39,77.42,4.75
2023-01-22 01:00,1,1,Weekend,Winter,No,37.42,77.81,3.4
2023-01-22 02:00,1,2,Weekend,Winter,No,37.56,77.28,2.63
2023-01-22 03:00,1,3,Weekend,Winter,No,37.94,78.62,5.97
2023-01-22 04:00,1,4,Weekend,Winter,No,37.94,77.42,7.1
2023-01-22 05:00,1,5,Weekend,Winter,No,37.42,79.65,4.69
2023-01-22 06:00,1,6,Weekend,Winter,No,37.04,77.16,4.48
2023-01-22 07:00,1,7,Weekend,Winter,No,38.2,76.46,6.79
2023-01-22 08:00,1,8,Weekend,Winter,No,44.27,79.36,5.05
2023-01-22 09:00,1,9,Weekend,Winter,No,51.48,82.63,4.08
2023-01-22 10:00,1,10,Weekend,Winter,No,58.06,83.38,9.94
2023-01-22 11:00,1,11,Weekend,Winter,No,63.29,85.85,13.94
2023-01-22 12:00,1,12,Weekend,Winter,No,66.72,86.18,14.19
2023-01-22 13:00,1,13,Weekend,Winter,No,68.63,86.13,15.65
2023-01-22 14:00,1,14,Weekend,Winter,No,69.08,85.15,20.52
2023-01-22 15:00,1,15,Weekend,Winter,No,69.08,87.54,13.94
2023-01-22 16:00,1,16,Weekend,Winter,No,67.82,86.79,14.65
2023-01-22 17:00,1,17,Weekend,Winter,No,64.61,85.52,16.18
2023-01-22 18:00,1,18,Weekend,Winter,No,60.02,83.76,10.53
2023-01-22 19:00,1,19,Weekend,Winter,No,57.4,82.84,10.62
2023-01-22 20:00,1,20,Weekend,Winter,No,57.02,81.96,5.39
2023-01-22 21:00,1,21,Weekend,Winter,No,54.71,82.86,10.9
2023-01-22 22:00,1,22,Weekend,Winter,No,50.12,80.92,10.31
2023-01-22 23:00,1,23,Weekend,Winter,No,46.24,80.15,10.0
2023-01-23 00:00,1,0,Weekday,Winter,No,45.59,78.47,10.42
2023-01-23 01:00,1,1,Weekday,Winter,No,44.89,79.05,7.37
2023-01-23 02:00,1,2,Weekday,Winter,No,43.43,79.21,9.35
2023-01-23 03:00,1,3,Weekday,Winter,No,41.82,78.81,5.42
2023-01-23 04:00,1,4,Weekday,Winter,No,41.0,78.95,9.36
2023-01-23 05:00,1,5,Weekday,Winter,No,39.84,77.85,5.03
2023-01-23 06:00,1,6,Weekday,Winter,No,39.02,78.11,5.29
2023-01-23 07:00,1,7,Weekday,Winter,No,39.54,77.59,9.65
2023-01-23 08:00,1,8,Weekday,Winter,Yes,42.34,78.04,7.52
2023-01-23 09:00,1,9,Weekday,Winter,Yes,45.74,79.88,8.88
2023-01-23 10:00,1,10,Weekday,Winter,Yes,48.1,79.39,10.85
2023-01-23 11:00,1,11,Weekday,Winter,Yes,50.7,81.46,9.82
2023-01-23 12:00,1,12,Weekday,Winter,Yes,53.14,81.27,12.66
2023-01-23 13:00,1,13,Weekday,Winter,Yes,50.5,81.66,8.92
2023-01-23 14:00,1,14,Weekday,Winter,Yes,47.39,80.46,12.55
2023-01-23 15:00,1,15,Weekday,Winter,Yes,46.94,79.38,8.92
2023-01-23 16:00,1,16,Weekday,Winter,Yes,46.42,80.69,12.14
2023-01-23 17:00,1,17,Weekday,Winter,Yes,44.89,79.9,11.56
2023-01-23 18:00,1,18,Weekday,Winter,No,44.58,79.75,6.89
2023-01-23 19:00,1,19,Weekday,Winter,No,43.8,79.49,7.96
2023-01-23 20:00,1,20,Weekday,Winter,No,40.67,77.66,7.47
2023-01-23 21:00,1,21,Weekday,Winter,No,39.54,78.77,0.0
2023-01-23 22:00,1,22,Weekday,Winter,No,36.46,77.24,1.68
2023-01-23 23:00,1,23,Weekday,Winter,No,33.98,77.85,3.48
2023-01-24 00:00,1,0,Weekday,Winter,No,32.83,74.96,6.46
2023-01-24 01:00,1,1,Weekday,Winter,No,31.37,76.13,0.0
2023-01-24 02:00,1,2,Weekday,Winter,No,30.92,73.91,7.18
2023-01-24 03:00,1,3,Weekday,Winter,No,30.92,76.04,0.61
2023-01-24 04:00,1,4,Weekday,Winter,No,30.4,75.29,0.0
2023-01-24 05:00,1,5,Weekday,Winter,No,29.39,76.52,0.0
2023-01-24 06:00,1,6,Weekday,Winter,No,27.26,73.63,0.0
2023-01-24 07:00,1,7,Weekday,Winter,No,26.58,74.28,0.0
2023-01-24 08:00,1,8,Weekday,Winter,Yes,31.06,75.7,0.8
2023-01-24 09:00,1,9,Weekday,Winter,Yes,36.29,77.83,7.78
2023-01-24 10:00,1,10,Weekday,Winter,Yes,40.36,78.16,7.52
2023-01-24 11:00,1,11,Weekday,Winter,Yes,43.76,79.06,12.81
2023-01-24 12:00,1,12,Weekday,Winter,Yes,47.27,79.02,10.21
2023-01-24 13:00,1,13,Weekday,Winter,Yes,50.18,80.15,11.56
2023-01-24 14:00,1,14,Weekday,Winter,Yes,52.76,82.98,12.26
2023-01-24 15:00,1,15,Weekday,Winter,Yes,54.59,83.11,15.16
2023-01-24 16:00,1,16,Weekday,Winter,Yes,55.04,82.58,16.47
2023-01-24 17:00,1,17,Weekday,Winter,Yes,52.73,82.17,14.84
2023-01-24 18:00,1,18,Weekday,Winter,No,49.82,80.81,4.87
2023-01-24 19:00,1,19,Weekday,Winter,No,46.61,80.0,11.46
2023-01-24 20:00,1,20,Weekday,Winter,No,44.96,79.14,7.01
2023-01-24 21:00,1,21,Weekday,Winter,No,40.34,77.7,6.77
2023-01-24 22:00,1,22,Weekday,Winter,No,35.26,75.91,3.35
2023-01-24 23:00,1,23,Weekday,Winter,No,33.98,77.18,5.36
2023-01-25 00:00,1,0,Weekday,Winter,No,39.23,77.52,5.18
2023-01-25 01:00,1,1,Weekday,Winter,No,44.14,78.6,8.55
2023-01-25 02:00,1,2,Weekday,Winter,No,42.65,78.19,3.61
2023-01-25 03:00,1,3,Weekday,Winter,No,43.31,80.21,7.33
2023-01-25 04:00,1,4,Weekday,Winter,No,44.96,80.22,7.85
2023-01-25 05:00,1,5,Weekday,Winter,No,44.44,79.13,9.28
2023-01-25 06:00,1,6,Weekday,Winter,No,42.9,79.03,8.4
2023-01-25 07:00,1,7,Weekday,Winter,No,43.76,78.86,6.51
2023-01-25 08:00,1,8,Weekday,Winter,Yes,47.27,80.38,12.3
2023-01-25 09:00,1,9,Weekday,Winter,Yes,51.86,80.6,13.39
2023-01-25 10:00,1,10,Weekday,Winter,Yes,55.74,83.32,16.51
2023-01-25 11:00,1,11,Weekday,Winter,Yes,58.8,85.3,16.36
2023-01-25 12:00,1,12,Weekday,Winter,Yes,61.24,82.99,17.38
2023-01-25 13:00,1,13,Weekday,Winter,Yes,63.22,84.46,20.7
2023-01-25 14:00,1,14,Weekday,Winter,Yes,65.19,85.81,14.2
2023-01-25 15:00,1,15,Weekday,Winter,Yes,66.02,86.14,15.35
2023-01-25 16:00,1,16,Weekday,Winter,Yes,65.39,85.33,14.01
2023-01-25 17:00,1,17,Weekday,Winter,Yes,63.78,85.29,16.95
2023-01-25 18:00,1,18,Weekday,Winter,No,60.65,84.32,15.09
2023-01-25 19:00,1,19,Weekday,Winter,No,55.54,82.21,11.14
2023-01-25 20:00,1,20,Weekday,Winter,No,52.43,82.13,7.67
2023-01-25 21:00,1,21,Weekday,Winter,No,53.14,82.37,9.6
2023-01-25 22:00,1,22,Weekday,Winter,No,53.96,81.44,10.63
2023-01-25 23:00,1,23,Weekday,Winter,No,53.43,81.81,11.29
2023-01-26 00:00,1,0,Weekday,Winter,No,52.43,81.13,12.28
2023-01-26 01:00,1,1,Weekday,Winter,No,50.82,80.79,7.13
2023-01-26 02:00,1,2,Weekday,Winter,No,50.0,81.89,8.81
2023-01-26 03:00,1,3,Weekday,Winter,No,42.96,77.75,8.98
2023-01-26 04:00,1,4,Weekday,Winter,No,38.57,77.95,7.33
2023-01-26 05:00,1,5,Weekday,Winter,No,40.17,78.43,6.02
2023-01-26 06:00,1,6,Weekday,Winter,No,40.37,78.98,5.1
2023-01-26 07:00,1,7,Weekday,Winter,No,40.55,78.78,8.18
2023-01-26 08:00,1,8,Weekday,Winter,Yes,46.25,78.94,13.33
2023-01-26 09:00,1,9,Weekday,Winter,Yes,52.94,81.43,14.08
2023-01-26 10:00,1,10,Weekday,Winter,Yes,57.98,84.04,13.86
2023-01-26 11:00,1,11,Weekday,Winter,Yes,62.39,84.5,18.02
2023-01-26 12:00,1,12,Weekday,Winter,Yes,67.5,86.55,14.78
2023-01-26 13:00,1,13,Weekday,Winter,Yes,71.14,86.43,15.91
2023-01-26 14:00,1,14,Weekday,Winter,Yes,73.12,86.13,23.75
2023-01-26 15:00,1,15,Weekday,Winter,Yes,73.94,89.07,20.33
2023-01-26 16:00,1,16,Weekday,Winter,Yes,73.42,87.88,22.45
2023-01-26 17:00,1,17,Weekday,Winter,Yes,70.73,86.3,17.69
2023-01-26 18:00,1,18,Weekday,Winter,No,66.14,85.75,18.02
2023-01-26 19:00,1,19,Weekday,Winter,No,61.1,84.49,12.25
2023-01-26 20:00,1,20,Weekday,Winter,No,55.54,81.88,6.13
2023-01-26 21:00,1,21,Weekday,Winter,No,52.43,82.25,11.57
2023-01-26 22:00,1,22,Weekday,Winter,No,51.46,81.11,12.85
2023-01-26 23:00,1,23,Weekday,Winter,No,49.3,82.09,8.15
2023-01-27 00:00,1,0,Weekday,Winter,No,49.18,79.78,7.81
2023-01-27 01:00,1,1,Weekday,Winter,No,50.0,82.15,7.67
2023-01-27 02:00,1,2,Weekday,Winter,No,49.37,80.26,7.09
2023-01-27 03:00,1,3,Weekday,Winter,No,50.7,81.96,7.3
2023-01-27 04:00,1,4,Weekday,Winter,No,48.52,78.35,6.83
2023-01-27 05:00,1,5,Weekday,Winter,No,47.72,80.72,7.99
2023-01-27 06:00,1,6,Weekday,Winter,No,48.4,81.56,9.67
2023-01-27 07:00,1,7,Weekday,Winter,No,45.71,79.75,6.92
2023-01-27 08:00,1,8,Weekday,Winter,Yes,49.31,79.94,8.74
2023-01-27 09:00,1,9,Weekday,Winter,Yes,55.9,82.72,14.24
2023-01-27 10:00,1,10,Weekday,Winter,Yes,61.49,84.0,18.37
2023-01-27 11:00,1,11,Weekday,Winter,Yes,66.35,83.69,19.22
2023-01-27 12:00,1,12,Weekday,Winter,Yes,69.16,85.03,21.16
2023-01-27 13:00,1,13,Weekday,Winter,Yes,69.46,86.74,19.48
2023-01-27 14:00,1,14,Weekday,Winter,Yes,70.24,86.7,18.99
2023-01-27 15:00,1,15,Weekday,Winter,Yes,70.43,86.79,17.9
2023-01-27 16:00,1,16,Weekday,Winter,Yes,68.82,86.67,17.52
2023-01-27 17:00,1,17,Weekday,Winter,Yes,66.84,85.81,17.15
2023-01-27 18:00,1,18,Weekday,Winter,No,64.24,85.39,16.02
2023-01-27 19:00,1,19,Weekday,Winter,No,61.8,84.55,11.72
2023-01-27 20:00,1,20,Weekday,Winter,No,60.98,83.87,17.78
2023-01-27 21:00,1,21,Weekday,Winter,No,60.98,82.61,13.2
2023-01-27 22:00,1,22,Weekday,Winter,No,59.82,86.2,16.05
2023-01-27 23:00,1,23,Weekday,Winter,No,58.37,83.09,10.88
2023-01-28 00:00,1,0,Weekend,Winter,No,56.76,82.37,13.27
2023-01-28 01:00,1,1,Weekend,Winter,No,55.42,82.49,12.23
2023-01-28 02:00,1,2,Weekend,Winter,No,54.41,81.09,11.56
2023-01-28 03:00,1,3,Weekend,Winter,No,53.96,82.83,13.82
2023-01-28 04:00,1,4,Weekend,Winter,No,52.8,81.22,7.26
2023-01-28 05:00,1,5,Weekend,Winter,No,52.61,80.5,6.64
2023-01-28 06:00,1,6,Weekend,Winter,No,53.06,82.46,14.85
2023-01-28 07:00,1,7,Weekend,Winter,No,51.28,81.57,8.02
2023-01-28 08:00,1,8,Weekend,Winter,No,51.16,82.63,11.37
2023-01-28 09:00,1,9,Weekend,Winter,No,53.76,82.04,10.46
2023-01-28 10:00,1,10,Weekend,Winter,No,56.72,82.98,14.41
2023-01-28 11:00,1,11,Weekend,Winter,No,60.34,83.4,13.47
2023-01-28 12:00,1,12,Weekend,Winter,No,60.9,84.51,8.95
2023-01-28 13:00,1,13,Weekend,Winter,No,58.82,84.12,11.75
2023-01-28 14:00,1,14,Weekend,Winter,No,57.92,83.42,10.26
2023-01-28 15:00,1,15,Weekend,Winter,No,57.92,83.48,13.56
2023-01-28 16:00,1,16,Weekend,Winter,No,57.4,84.06,9.54
2023-01-28 17:00,1,17,Weekend,Winter,No,56.39,83.0,11.0
2023-01-28 18:00,1,18,Weekend,Winter,No,55.42,82.72,15.4
2023-01-28 19:00,1,19,Weekend,Winter,No,54.41,82.16,12.23
2023-01-28 20:00,1,20,Weekend,Winter,No,52.8,82.88,10.11
2023-01-28 21:00,1,21,Weekend,Winter,No,52.61,81.32,11.4
2023-01-28 22:00,1,22,Weekend,Winter,No,52.43,82.33,10.54
2023-01-28 23:00,1,23,Weekend,Winter,No,50.82,81.45,10.12
2023-01-29 00:00,1,0,Weekend,Winter,No,48.22,80.59,3.8
2023-01-29 01:00,1,1,Weekend,Winter,No,48.1,79.55,7.05
2023-01-29 02:00,1,2,Weekend,Winter,No,48.4,79.58,9.65
2023-01-29 03:00,1,3,Weekend,Winter,No,48.54,80.2,6.3
2023-01-29 04:00,1,4,Weekend,Winter,No,48.92,80.03,11.95
2023-01-29 05:00,1,5,Weekend,Winter,No,48.4,79.52,13.79
2023-01-29 06:00,1,6,Weekend,Winter,No,48.02,80.21,0.03
2023-01-29 07:00,1,7,Weekend,Winter,No,48.02,81.05,6.79
2023-01-29 08:00,1,8,Weekend,Winter,No,48.54,79.29,8.33
2023-01-29 09:00,1,9,Weekend,Winter,No,49.55,80.21,4.63
2023-01-29 10:00,1,10,Weekend,Winter,No,50.63,80.66,10.74
2023-01-29 11:00,1,11,Weekend,Winter,No,52.24,81.78,10.68
2023-01-29 12:00,1,12,Weekend,Winter,No,53.58,81.93,13.27
2023-01-29 13:00,1,13,Weekend,Winter,No,54.59,81.62,8.45
2023-01-29 14:00,1,14,Weekend,Winter,No,55.57,82.09,6.89
2023-01-29 15:00,1,15,Weekend,Winter,No,56.57,83.42,13.44
2023-01-29 16:00,1,16,Weekend,Winter,No,56.39,81.44,15.49
2023-01-29 17:00,1,17,Weekend,Winter,No,54.26,82.71,8.84
2023-01-29 18:00,1,18,Weekend,Winter,No,53.06,82.56,10.52
2023-01-29 19:00,1,19,Weekend,Winter,No,51.9,82.55,7.28
2023-01-29 20:00,1,20,Weekend,Winter,No,50.45,80.55,8.52
2023-01-29 21:00,1,21,Weekend,Winter,No,48.22,80.16,9.71
2023-01-29 22:00,1,22,Weekend,Winter,No,45.78,79.75,7.06
2023-01-29 23:00,1,23,Weekend,Winter,No,44.96,77.83,3.21
2023-01-30 00:00,1,0,Weekday,Winter,No,42.65,77.89,5.06
2023-01-30 01:00,1,1,Weekday,Winter,No,41.63,78.53,8.49
2023-01-30 02:00,1,2,Weekday,Winter,No,42.6,79.04,5.47
2023-01-30 03:00,1,3,Weekday,Winter,No,42.98,79.96,6.97
2023-01-30 04:00,1,4,Weekday,Winter,No,42.98,79.31,6.29
2023-01-30 05:00,1,5,Weekday,Winter,No,42.98,79.3,4.8
2023-01-30 06:00,1,6,Weekday,Winter,No,40.67,78.18,9.42
2023-01-30 07:00,1,7,Weekday,Winter,No,37.24,77.32,1.19
2023-01-30 08:00,1,8,Weekday,Winter,Yes,35.96,77.17,5.08
2023-01-30 09:00,1,9,Weekday,Winter,Yes,37.12,77.92,13.27
2023-01-30 10:00,1,10,Weekday,Winter,Yes,36.26,75.42,0.31
2023-01-30 11:00,1,11,Weekday,Winter,Yes,34.43,76.68,5.46
2023-01-30 12:00,1,12,Weekday,Winter,Yes,35.76,77.18,5.15
2023-01-30 13:00,1,13,Weekday,Winter,Yes,37.56,77.33,6.46
2023-01-30 14:00,1,14,Weekday,Winter,Yes,36.26,78.01,7.6
2023-01-30 15:00,1,15,Weekday,Winter,Yes,36.74,76.46,7.87
2023-01-30 16:00,1,16,Weekday,Winter,Yes,37.94,78.15,10.73
2023-01-30 17:00,1,17,Weekday,Winter,Yes,37.94,77.62,9.63
2023-01-30 18:00,1,18,Weekday,Winter,No,37.94,78.33,5.54
2023-01-30 19:00,1,19,Weekday,Winter,No,37.42,77.63,5.09
2023-01-30 20:00,1,20,Weekday,Winter,No,35.88,75.8,1.88
2023-01-30 21:00,1,21,Weekday,Winter,No,34.43,76.67,1.02
2023-01-30 22:00,1,22,Weekday,Winter,No,33.46,75.44,3.05
2023-01-30 23:00,1,23,Weekday,Winter,No,32.45,76.96,3.27
2023-01-31 00:00,1,0,Weekday,Winter,No,31.37,74.45,4.66
2023-01-31 01:00,1,1,Weekday,Winter,No,30.4,75.68,3.65
2023-01-31 02:00,1,2,Weekday,Winter,No,29.39,75.16,1.82
2023-01-31 03:00,1,3,Weekday,Winter,No,28.42,75.0,2.17
2023-01-31 04:00,1,4,Weekday,Winter,No,28.04,75.15,0.0
2023-01-31 05:00,1,5,Weekday,Winter,No,28.04,75.4,1.46
2023-01-31 06:00,1,6,Weekday,Winter,No,28.04,74.79,3.98
2023-01-31 07:00,1,7,Weekday,Winter,No,28.04,74.63,0.46
2023-01-31 08:00,1,8,Weekday,Winter,Yes,29.72,75.12,5.26
2023-01-31 09:00,1,9,Weekday,Winter,Yes,33.34,76.48,5.76
2023-01-31 10:00,1,10,Weekday,Winter,Yes,36.74,77.9,6.68
2023-01-31 11:00,1,11,Weekday,Winter,Yes,40.36,77.21,9.61
2023-01-31 12:00,1,12,Weekday,Winter,Yes,43.24,79.01,12.92
2023-01-31 13:00,1,13,Weekday,Winter,Yes,45.22,78.91,9.77
2023-01-31 14:00,1,14,Weekday,Winter,Yes,46.56,79.35,9.15
2023-01-31 15:00,1,15,Weekday,Winter,Yes,48.1,80.86,11.22
2023-01-31 16:00,1,16,Weekday,Winter,Yes,48.4,80.17,14.9
2023-01-31 17:00,1,17,Weekday,Winter,Yes,47.39,80.31,11.89
2023-01-31 18:00,1,18,Weekday,Winter,No,45.78,81.16,5.44
2023-01-31 19:00,1,19,Weekday,Winter,No,43.28,78.78,3.87
2023-01-31 20:00,1,20,Weekday,Winter,No,41.45,78.56,3.02
2023-01-31 21:00,1,21,Weekday,Winter,No,42.05,79.35,2.66
2023-01-31 22:00,1,22,Weekday,Winter,No,43.74,79.03,5.87
2023-01-31 23:00,1,23,Weekday,Winter,No,45.47,79.52,5.85
2023-02-01 00:00,2,0,Weekday,Winter,No,47.16,81.95,6.14
2023-02-01 01:00,2,1,Weekday,Winter,No,48.89,82.03,10.25
2023-02-01 02:00,2,2,Weekday,Winter,No,50.58,82.49,8.67
2023-02-01 03:00,2,3,Weekday,Winter,No,52.31,81.15,11.89
2023-02-01 04:00,2,4,Weekday,Winter,No,52.43,81.77,7.47
2023-02-01 05:00,2,5,Weekday,Winter,No,51.98,80.32,9.04
2023-02-01 06:00,2,6,Weekday,Winter,No,51.98,82.51,7.8
2023-02-01 07:00,2,7,Weekday,Winter,No,52.61,82.2,6.77
2023-02-01 08:00,2,8,Weekday,Winter,Yes,53.58,80.95,16.49
2023-02-01 09:00,2,9,Weekday,Winter,Yes,55.12,81.63,12.0
2023-02-01 10:00,2,10,Weekday,Winter,Yes,56.57,82.31,11.83
2023-02-01 11:00,2,11,Weekday,Winter,Yes,59.33,83.79,19.65
2023-02-01 12:00,2,12,Weekday,Winter,Yes,61.61,82.12,14.58
2023-02-01 13:00,2,13,Weekday,Winter,Yes,62.58,83.85,21.06
2023-02-01 14:00,2,14,Weekday,Winter,Yes,62.44,84.87,18.24
2023-02-01 15:00,2,15,Weekday,Winter,Yes,62.06,82.71,14.56
2023-02-01 16:00,2,16,Weekday,Winter,Yes,62.58,85.13,16.87
2023-02-01 17:00,2,17,Weekday,Winter,Yes,60.65,84.67,17.96
2023-02-01 18:00,2,18,Weekday,Winter,No,57.85,83.42,12.11
2023-02-01 19:00,2,19,Weekday,Winter,No,56.39,83.43,14.1
2023-02-01 20:00,2,20,Weekday,Winter,No,54.26,81.32,9.68
2023-02-01 21:00,2,21,Weekday,Winter,No,53.58,82.18,8.72
2023-02-01 22:00,2,22,Weekday,Winter,No,53.43,82.54,9.41
2023-02-01 23:00,2,23,Weekday,Winter,No,53.06,81.64,9.09
2023-02-02 00:00,2,0,Weekday,Winter,No,52.43,82.12,10.03
2023-02-02 01:00,2,1,Weekday,Winter,No,51.46,80.91,12.33
2023-02-02 02:00,2,2,Weekday,Winter,No,51.08,82.09,7.52
2023-02-02 03:00,2,3,Weekday,Winter,No,51.08,82.3,13.58
2023-02-02 04:00,2,4,Weekday,Winter,No,49.82,81.1,9.08
2023-02-02 05:00,2,5,Weekday,Winter,No,48.4,79.39,5.41
2023-02-02 06:00,2,6,Weekday,Winter,No,48.02,80.2,7.51
2023-02-02 07:00,2,7,Weekday,Winter,No,46.86,79.32,7.9
2023-02-02 08:00,2,8,Weekday,Winter,Yes,48.98,79.51,10.51
2023-02-02 09:00,2,9,Weekday,Winter,Yes,53.92,82.85,15.51
2023-02-02 10:00,2,10,Weekday,Winter,Yes,58.36,82.4,16.37
2023-02-02 11:00,2,11,Weekday,Winter,Yes,61.76,82.98,17.01
2023-02-02 12:00,2,12,Weekday,Winter,Yes,64.11,84.56,13.73
2023-02-02 13:00,2,13,Weekday,Winter,Yes,66.72,85.88,18.31
2023-02-02 14:00,2,14,Weekday,Winter,Yes,68.0,86.14,23.61
2023-02-02 15:00,2,15,Weekday,Winter,Yes,66.84,85.94,16.45
2023-02-02 16:00,2,16,Weekday,Winter,Yes,65.39,84.57,12.45
2023-02-02 17:00,2,17,Weekday,Winter,Yes,63.26,85.07,13.59
2023-02-02 18:00,2,18,Weekday,Winter,No,60.28,83.51,15.57
2023-02-02 19:00,2,19,Weekday,Winter,No,57.85,83.74,6.57
2023-02-02 20:00,2,20,Weekday,Winter,No,56.39,84.23,15.48
2023-02-02 21:00,2,21,Weekday,Winter,No,54.26,82.49,9.29
2023-02-02 22:00,2,22,Weekday,Winter,No,51.9,82.88,8.18
2023-02-02 23:00,2,23,Weekday,Winter,No,50.45,82.18,14.5
2023-02-03 00:00,2,0,Weekday,Winter,No,49.37,81.21,13.29
2023-02-03 01:00,2,1,Weekday,Winter,No,48.4,80.98,9.62
2023-02-03 02:00,2,2,Weekday,Winter,No,46.86,79.73,3.48
2023-02-03 03:00,2,3,Weekday,Winter,No,46.04,79.71,6.46
2023-02-03 04:00,2,4,Weekday,Winter,No,45.41,79.82,9.2
2023-02-03 05:00,2,5,Weekday,Winter,No,44.44,79.5,7.22
2023-02-03 06:00,2,6,Weekday,Winter,No,44.06,79.34,6.7
2023-02-03 07:00,2,7,Weekday,Winter,No,44.06,79.48,4.58
2023-02-03 08:00,2,8,Weekday,Winter,Yes,46.9,80.02,12.88
2023-02-03 09:00,2,9,Weekday,Winter,Yes,52.49,79.76,12.68
2023-02-03 10:00,2,10,Weekday,Winter,Yes,57.35,84.26,18.66
2023-02-03 11:00,2,11,Weekday,Winter,Yes,61.31,83.45,16.34
2023-02-03 12:00,2,12,Weekday,Winter,Yes,64.11,85.22,13.63
2023-02-03 13:00,2,13,Weekday,Winter,Yes,65.57,85.47,22.48
2023-02-03 14:00,2,14,Weekday,Winter,Yes,66.54,84.74,18.74
2023-02-03 15:00,2,15,Weekday,Winter,Yes,66.92,85.71,17.46
2023-02-03 16:00,2,16,Weekday,Winter,Yes,66.92,86.2,20.33
2023-02-03 17:00,2,17,Weekday,Winter,Yes,65.24,84.3,19.16
2023-02-03 18:00,2,18,Weekday,Winter,No,61.73,83.12,14.05
2023-02-03 19:00,2,19,Weekday,Winter,No,58.3,83.3,13.11
2023-02-03 20:00,2,20,Weekday,Winter,No,55.86,82.65,6.72
2023-02-03 21:00,2,21,Weekday,Winter,No,53.88,83.35,11.5
2023-02-03 22:00,2,22,Weekday,Winter,No,50.12,80.55,1.21
2023-02-03 23:00,2,23,Weekday,Winter,No,48.54,78.88,6.41
2023-02-04 00:00,2,0,Weekend,Winter,No,49.55,80.9,7.13
2023-02-04 01:00,2,1,Weekend,Winter,No,49.37,81.05,7.24
2023-02-04 02:00,2,2,Weekend,Winter,No,49.55,81.16,9.49
2023-02-04 03:00,2,3,Weekend,Winter,No,48.84,81.71,9.24
2023-02-04 04:00,2,4,Weekend,Winter,No,48.02,81.91,9.54
2023-02-04 05:00,2,5,Weekend,Winter,No,47.39,79.06,7.48
2023-02-04 06:00,2,6,Weekend,Winter,No,48.1,80.44,3.39
2023-02-04 07:00,2,7,Weekend,Winter,No,47.76,80.57,12.82
2023-02-04 08:00,2,8,Weekend,Winter,No,48.72,79.77,4.54
2023-02-04 09:00,2,9,Weekend,Winter,No,50.63,82.43,6.52
2023-02-04 10:00,2,10,Weekend,Winter,No,50.45,82.43,5.12
2023-02-04 11:00,2,11,Weekend,Winter,No,50.0,80.72,5.26
2023-02-04 12:00,2,12,Weekend,Winter,No,47.69,82.02,8.19
2023-02-04 13:00,2,13,Weekend,Winter,No,46.04,79.87,7.55
2023-02-04 14:00,2,14,Weekend,Winter,No,46.04,81.39,9.37
2023-02-04 15:00,2,15,Weekend,Winter,No,47.72,80.58,8.62
2023-02-04 16:00,2,16,Weekend,Winter,No,47.76,79.61,7.87
2023-02-04 17:00,2,17,Weekend,Winter,No,45.78,80.49,12.04
2023-02-04 18:00,2,18,Weekend,Winter,No,44.96,80.07,6.83
2023-02-04 19:00,2,19,Weekend,Winter,No,44.96,79.67,6.8
2023-02-04 20:00,2,20,Weekend,Winter,No,43.8,79.44,12.29
2023-02-04 21:00,2,21,Weekend,Winter,No,42.46,79.03,4.1
2023-02-04 22:00,2,22,Weekend,Winter,No,41.45,77.52,5.16
2023-02-04 23:00,2,23,Weekend,Winter,No,40.37,77.91,7.4
2023-02-05 00:00,2,0,Weekend,Winter,No,39.92,79.47,7.1
2023-02-05 01:00,2,1,Weekend,Winter,No,39.4,78.02,3.85
2023-02-05 02:00,2,2,Weekend,Winter,No,39.02,78.33,1.38
2023-02-05 03:00,2,3,Weekend,Winter,No,37.86,77.21,4.51
2023-02-05 04:00,2,4,Weekend,Winter,No,37.04,76.92,5.55
2023-02-05 05:00,2,5,Weekend,Winter,No,37.04,76.51,5.45
2023-02-05 06:00,2,6,Weekend,Winter,No,36.41,78.54,0.98
2023-02-05 07:00,2,7,Weekend,Winter,No,36.59,78.75,5.44
2023-02-05 08:00,2,8,Weekend,Winter,No,39.98,77.45,4.71
2023-02-05 09:00,2,9,Weekend,Winter,No,45.54,78.91,6.75
2023-02-05 10:00,2,10,Weekend,Winter,No,50.33,82.43,3.91
2023-02-05 11:00,2,11,Weekend,Winter,No,54.29,81.62,7.91
2023-02-05 12:00,2,12,Weekend,Winter,No,57.1,83.4,11.16
2023-02-05 13:00,2,13,Weekend,Winter,No,59.18,83.37,15.62
2023-02-05 14:00,2,14,Weekend,Winter,No,61.24,83.98,20.74
2023-02-05 15:00,2,15,Weekend,Winter,No,62.06,84.06,18.64
2023-02-05 16:00,2,16,Weekend,Winter,No,61.43,85.37,14.79
2023-02-05 17:00,2,17,Weekend,Winter,No,59.2,83.26,13.06
2023-02-05 18:00,2,18,Weekend,Winter,No,55.61,82.03,14.06
2023-02-05 19:00,2,19,Weekend,Winter,No,52.28,81.87,12.85
2023-02-05 20:00,2,20,Weekend,Winter,No,48.14,80.89,7.08
2023-02-05 21:00,2,21,Weekend,Winter,No,44.89,80.2,3.52
2023-02-05 22:00,2,22,Weekend,Winter,No,44.06,79.77,8.79
2023-02-05 23:00,2,23,Weekend,Winter,No,44.06,79.24,5.58
2023-02-06 00:00,2,0,Weekday,Winter,No,44.58,79.27,10.37
2023-02-06 01:00,2,1,Weekday,Winter,No,43.8,81.97,7.69
2023-02-06 02:00,2,2,Weekday,Winter,No,44.14,80.43,9.62
2023-02-06 03:00,2,3,Weekday,Winter,No,46.74,81.17,11.18
2023-02-06 04:00,2,4,Weekday,Winter,No,48.54,79.3,8.92
2023-02-06 05:00,2,5,Weekday,Winter,No,48.92,80.98,9.33
2023-02-06 06:00,2,6,Weekday,Winter,No,48.92,81.19,7.69
2023-02-06 07:00,2,7,Weekday,Winter,No,48.92,80.43,4.31
2023-02-06 08:00,2,8,Weekday,Winter,Yes,49.55,81.58,15.13
2023-02-06 09:00,2,9,Weekday,Winter,Yes,51.78,81.65,11.44
2023-02-06 10:00,2,10,Weekday,Winter,Yes,53.58,81.91,16.8
2023-02-06 11:00,2,11,Weekday,Winter,Yes,55.12,82.43,19.42
2023-02-06 12:00,2,12,Weekday,Winter,Yes,57.72,83.49,11.63
2023-02-06 13:00,2,13,Weekday,Winter,Yes,60.16,83.94,19.45
2023-02-06 14:00,2,14,Weekday,Winter,Yes,61.61,82.17,16.62
2023-02-06 15:00,2,15,Weekday,Winter,Yes,61.43,85.36,17.84
2023-02-06 16:00,2,16,Weekday,Winter,Yes,59.82,83.39,13.44
2023-02-06 17:00,2,17,Weekday,Winter,Yes,58.37,82.49,12.94
2023-02-06 18:00,2,18,Weekday,Winter,No,50.99,82.14,5.32
2023-02-06 19:00,2,19,Weekday,Winter,No,44.89,79.97,7.75
2023-02-06 20:00,2,20,Weekday,Winter,No,42.9,78.51,6.93
2023-02-06 21:00,2,21,Weekday,Winter,No,40.3,77.96,4.11
2023-02-06 22:00,2,22,Weekday,Winter,No,37.86,76.38,4.78
2023-02-06 23:00,2,23,Weekday,Winter,No,35.88,78.28,0.19
2023-02-07 00:00,2,0,Weekday,Winter,No,33.9,77.13,2.78
2023-02-07 01:00,2,1,Weekday,Winter,No,34.24,77.54,4.84
2023-02-07 02:00,2,2,Weekday,Winter,No,35.06,77.14,5.77
2023-02-07 03:00,2,3,Weekday,Winter,No,34.43,76.47,4.45
2023-02-07 04:00,2,4,Weekday,Winter,No,33.46,76.39,5.9
2023-02-07 05:00,2,5,Weekday,Winter,No,32.45,75.13,7.01
2023-02-07 06:00,2,6,Weekday,Winter,No,31.37,74.06,6.75
2023-02-07 07:00,2,7,Weekday,Winter,No,30.92,76.16,0.34
2023-02-07 08:00,2,8,Weekday,Winter,Yes,33.86,76.81,5.67
2023-02-07 09:00,2,9,Weekday,Winter,Yes,38.9,77.43,3.67
2023-02-07 10:00,2,10,Weekday,Winter,Yes,43.31,79.34,7.82
2023-02-07 11:00,2,11,Weekday,Winter,Yes,46.11,80.06,12.22
2023-02-07 12:00,2,12,Weekday,Winter,Yes,48.72,79.98,9.62
2023-02-07 13:00,2,13,Weekday,Winter,Yes,50.63,81.17,11.53
2023-02-07 14:00,2,14,Weekday,Winter,Yes,51.6,81.55,12.76
2023-02-07 15:00,2,15,Weekday,Winter,Yes,53.14,82.4,16.35
2023-02-07 16:00,2,16,Weekday,Winter,Yes,54.59,81.49,15.1
2023-02-07 17:00,2,17,Weekday,Winter,Yes,52.73,81.3,13.41
2023-02-07 18:00,2,18,Weekday,Winter,No,49.82,80.95,11.48
2023-02-07 19:00,2,19,Weekday,Winter,No,47.24,81.71,6.89
2023-02-07 20:00,2,20,Weekday,Winter,No,45.41,79.78,11.33
2023-02-07 21:00,2,21,Weekday,Winter,No,43.8,77.26,9.38
2023-02-07 22:00,2,22,Weekday,Winter,No,41.2,77.95,8.2
2023-02-07 23:00,2,23,Weekday,Winter,No,41.18,78.31,5.42
2023-02-08 00:00,2,0,Weekday,Winter,No,41.45,78.86,9.1
2023-02-08 01:00,2,1,Weekday,Winter,No,41.0,77.99,8.78
2023-02-08 02:00,2,2,Weekday,Winter,No,41.0,78.65,6.79
2023-02-08 03:00,2,3,Weekday,Winter,No,41.0,78.51,6.8
2023-02-08 04:00,2,4,Weekday,Winter,No,40.37,77.48,6.84
2023-02-08 05:00,2,5,Weekday,Winter,No,40.55,79.8,6.78
2023-02-08 06:00,2,6,Weekday,Winter,No,41.0,77.88,4.49
2023-02-08 07:00,2,7,Weekday,Winter,No,41.0,78.7,3.86
2023-02-08 08:00,2,8,Weekday,Winter,Yes,43.94,80.44,12.63
2023-02-08 09:00,2,9,Weekday,Winter,Yes,47.72,80.85,12.11
2023-02-08 10:00,2,10,Weekday,Winter,Yes,50.18,81.61,13.26
2023-02-08 11:00,2,11,Weekday,Winter,Yes,52.24,83.22,8.23
2023-02-08 12:00,2,12,Weekday,Winter,Yes,53.58,81.81,14.11
2023-02-08 13:00,2,13,Weekday,Winter,Yes,53.43,80.98,11.21
2023-02-08 14:00,2,14,Weekday,Winter,Yes,48.34,80.04,10.73
2023-02-08 15:00,2,15,Weekday,Winter,Yes,43.28,79.26,12.44
2023-02-08 16:00,2,16,Weekday,Winter,Yes,42.6,78.37,8.75
2023-02-08 17:00,2,17,Weekday,Winter,Yes,42.98,77.56,7.12
2023-02-08 18:00,2,18,Weekday,Winter,No,42.98,78.83,3.81
2023-02-08 19:00,2,19,Weekday,Winter,No,43.61,80.2,10.67
2023-02-08 20:00,2,20,Weekday,Winter,No,44.06,77.89,10.13
2023-02-08 21:00,2,21,Weekday,Winter,No,44.06,79.74,5.48
2023-02-08 22:00,2,22,Weekday,Winter,No,44.06,79.82,6.44
2023-02-08 23:00,2,23,Weekday,Winter,No,43.43,78.52,5.85
2023-02-09 00:00,2,0,Weekday,Winter,No,43.61,78.19,10.78
2023-02-09 01:00,2,1,Weekday,Winter,No,43.43,80.19,7.18
2023-02-09 02:00,2,2,Weekday,Winter,No,43.61,80.73,8.37
2023-02-09 03:00,2,3,Weekday,Winter,No,43.43,80.14,7.77
2023-02-09 04:00,2,4,Weekday,Winter,No,42.98,79.2,7.8
2023-02-09 05:00,2,5,Weekday,Winter,No,42.46,79.65,7.96
2023-02-09 06:00,2,6,Weekday,Winter,No,41.45,78.26,5.68
2023-02-09 07:00,2,7,Weekday,Winter,No,40.37,79.46,4.19
2023-02-09 08:00,2,8,Weekday,Winter,Yes,42.34,78.19,5.6
2023-02-09 09:00,2,9,Weekday,Winter,Yes,45.22,79.63,6.43
2023-02-09 10:00,2,10,Weekday,Winter,Yes,47.72,81.35,12.25
2023-02-09 11:00,2,11,Weekday,Winter,Yes,48.4,80.82,11.84
2023-02-09 12:00,2,12,Weekday,Winter,Yes,48.02,80.94,10.74
2023-02-09 13:00,2,13,Weekday,Winter,Yes,46.86,81.53,9.59
2023-02-09 14:00,2,14,Weekday,Winter,Yes,45.41,80.36,9.65
2023-02-09 15:00,2,15,Weekday,Winter,Yes,44.96,79.7,4.19
2023-02-09 16:00,2,16,Weekday,Winter,Yes,43.8,79.79,14.43
2023-02-09 17:00,2,17,Weekday,Winter,Yes,41.2,78.33,10.24
2023-02-09 18:00,2,18,Weekday,Winter,No,39.92,78.49,5.49
2023-02-09 19:00,2,19,Weekday,Winter,No,39.92,78.28,5.0
2023-02-09 20:00,2,20,Weekday,Winter,No,39.4,77.44,5.58
2023-02-09 21:00,2,21,Weekday,Winter,No,38.39,76.71,4.21
2023-02-09 22:00,2,22,Weekday,Winter,No,37.42,77.63,3.24
2023-02-09 23:00,2,23,Weekday,Winter,No,36.41,76.95,3.79
2023-02-10 00:00,2,0,Weekday,Winter,No,35.96,78.09,1.43
2023-02-10 01:00,2,1,Weekday,Winter,No,35.44,75.92,5.01
2023-02-10 02:00,2,2,Weekday,Winter,No,33.9,77.78,6.39
2023-02-10 03:00,2,3,Weekday,Winter,No,33.08,75.7,1.14
2023-02-10 04:00,2,4,Weekday,Winter,No,32.45,76.93,2.5
2023-02-10 05:00,2,5,Weekday,Winter,No,32.0,76.16,0.0
2023-02-10 06:00,2,6,Weekday,Winter,No,32.0,76.75,0.84
2023-02-10 07:00,2,7,Weekday,Winter,No,32.0,76.22,0.0
2023-02-10 08:00,2,8,Weekday,Winter,Yes,33.78,75.96,3.93
2023-02-10 09:00,2,9,Weekday,Winter,Yes,38.52,77.17,11.0
2023-02-10 10:00,2,10,Weekday,Winter,Yes,43.31,78.94,6.36
2023-02-10 11:00,2,11,Weekday,Winter,Yes,46.11,80.27,9.74
2023-02-10 12:00,2,12,Weekday,Winter,Yes,48.72,82.0,14.52
2023-02-10 13:00,2,13,Weekday,Winter,Yes,50.63,80.23,11.98
2023-02-10 14:00,2,14,Weekday,Winter,Yes,52.24,81.57,12.05
2023-02-10 15:00,2,15,Weekday,Winter,Yes,52.43,82.62,14.91
2023-02-10 16:00,2,16,Weekday,Winter,Yes,51.98,80.33,9.42
2023-02-10 17:00,2,17,Weekday,Winter,Yes,50.82,81.24,14.91
2023-02-10 18:00,2,18,Weekday,Winter,No,48.84,80.65,11.49
2023-02-10 19:00,2,19,Weekday,Winter,No,45.71,79.94,6.76
2023-02-10 20:00,2,20,Weekday,Winter,No,43.43,79.01,6.29
2023-02-10 21:00,2,21,Weekday,Winter,No,41.2,78.66,7.2
2023-02-10 22:00,2,22,Weekday,Winter,No,38.76,78.59,8.63
2023-02-10 23:00,2,23,Weekday,Winter,No,36.26,77.54,0.0
2023-02-11 00:00,2,0,Weekend,Winter,No,34.43,76.62,1.22
2023-02-11 01:00,2,1,Weekend,Winter,No,33.46,76.44,3.96
2023-02-11 02:00,2,2,Weekend,Winter,No,33.08,76.22,0.0
2023-02-11 03:00,2,3,Weekend,Winter,No,32.45,76.35,1.68
2023-02-11 04:00,2,4,Weekend,Winter,No,32.0,75.51,0.0
2023-02-11 05:00,2,5,Weekend,Winter,No,31.37,77.14,3.16
2023-02-11 06:00,2,6,Weekend,Winter,No,30.92,76.24,3.33
2023-02-11 07:00,2,7,Weekend,Winter,No,32.18,76.47,0.27
2023-02-11 08:00,2,8,Weekend,Winter,No,36.54,76.74,5.58
2023-02-11 09:00,2,9,Weekend,Winter,No,41.96,78.62,1.66
2023-02-11 10:00,2,10,Weekend,Winter,No,47.52,80.81,3.37
2023-02-11 11:00,2,11,Weekend,Winter,No,52.31,82.47,7.47
2023-02-11 12:00,2,12,Weekend,Winter,No,54.59,81.86,7.75
2023-02-11 13:00,2,13,Weekend,Winter,No,56.2,81.68,11.02
2023-02-11 14:00,2,14,Weekend,Winter,No,58.18,82.57,12.24
2023-02-11 15:00,2,15,Weekend,Winter,No,59.63,84.36,14.58
2023-02-11 16:00,2,16,Weekend,Winter,No,60.08,83.58,12.13
2023-02-11 17:00,2,17,Weekend,Winter,No,57.14,81.89,8.47
2023-02-11 18:00,2,18,Weekend,Winter,No,53.26,81.65,10.74
2023-02-11 19:00,2,19,Weekend,Winter,No,50.82,81.44,9.42
2023-02-11 20:00,2,20,Weekend,Winter,No,47.69,80.37,4.52
2023-02-11 21:00,2,21,Weekend,Winter,No,45.41,79.3,4.33
2023-02-11 22:00,2,22,Weekend,Winter,No,43.8,80.92,6.69
2023-02-11 23:00,2,23,Weekend,Winter,No,41.2,79.32,4.9
2023-02-12 00:00,2,0,Weekend,Winter,No,40.55,78.65,8.15
2023-02-12 01:00,2,1,Weekend,Winter,No,39.84,78.78,4.89
2023-02-12 02:00,2,2,Weekend,Winter,No,40.17,78.5,0.39
2023-02-12 03:00,2,3,Weekend,Winter,No,41.63,76.96,6.3
2023-02-12 04:00,2,4,Weekend,Winter,No,41.45,78.83,4.25
2023-02-12 05:00,2,5,Weekend,Winter,No,40.37,77.97,4.98
2023-02-12 06:00,2,6,Weekend,Winter,No,39.92,78.22,9.08
2023-02-12 07:00,2,7,Weekend,Winter,No,39.92,78.17,3.35
2023-02-12 08:00,2,8,Weekend,Winter,No,45.17,78.88,6.58
2023-02-12 09:00,2,9,Weekend,Winter,No,51.86,82.91,7.72
2023-02-12 10:00,2,10,Weekend,Winter,No,55.74,82.59,12.08
2023-02-12 11:00,2,11,Weekend,Winter,No,60.48,84.04,14.73
2023-02-12 12:00,2,12,Weekend,Winter,No,64.11,85.27,13.44
2023-02-12 13:00,2,13,Weekend,Winter,No,66.72,84.74,15.16
2023-02-12 14:00,2,14,Weekend,Winter,No,68.63,85.31,15.54
2023-02-12 15:00,2,15,Weekend,Winter,No,68.45,86.37,14.56
2023-02-12 16:00,2,16,Weekend,Winter,No,67.37,88.01,19.17
2023-02-12 17:00,2,17,Weekend,Winter,No,64.61,83.74,12.96
2023-02-12 18:00,2,18,Weekend,Winter,No,60.65,83.02,11.63
2023-02-12 19:00,2,19,Weekend,Winter,No,57.22,83.5,10.52
2023-02-12 20:00,2,20,Weekend,Winter,No,53.1,82.08,12.41
2023-02-12 21:00,2,21,Weekend,Winter,No,49.3,80.21,8.41
2023-02-12 22:00,2,22,Weekend,Winter,No,46.24,81.9,4.02
2023-02-12 23:00,2,23,Weekend,Winter,No,44.44,77.85,4.54
2023-02-13 00:00,2,0,Weekday,Winter,No,44.06,79.12,8.03
2023-02-13 01:00,2,1,Weekday,Winter,No,44.06,79.36,7.46
2023-02-13 02:00,2,2,Weekday,Winter,No,44.06,79.95,8.09
2023-02-13 03:00,2,3,Weekday,Winter,No,44.06,78.15,8.14
2023-02-13 04:00,2,4,Weekday,Winter,No,43.43,78.34,7.86
2023-02-13 05:00,2,5,Weekday,Winter,No,43.61,78.27,3.41
2023-02-13 06:00,2,6,Weekday,Winter,No,43.43,79.04,7.35
2023-02-13 07:00,2,7,Weekday,Winter,No,44.14,79.2,5.46
2023-02-13 08:00,2,8,Weekday,Winter,Yes,48.53,80.5,9.59
2023-02-13 09:00,2,9,Weekday,Winter,Yes,54.54,81.69,15.4
2023-02-13 10:00,2,10,Weekday,Winter,Yes,59.96,82.81,14.16
2023-02-13 11:00,2,11,Weekday,Winter,Yes,64.9,85.45,14.01
2023-02-13 12:00,2,12,Weekday,Winter,Yes,68.7,85.7,19.39
2023-02-13 13:00,2,13,Weekday,Winter,Yes,69.46,85.2,21.74
2023-02-13 14:00,2,14,Weekday,Winter,Yes,70.24,85.72,23.47
2023-02-13 15:00,2,15,Weekday,Winter,Yes,71.06,85.78,20.6
2023-02-13 16:00,2,16,Weekday,Winter,Yes,69.28,85.05,17.5
2023-02-13 17:00,2,17,Weekday,Winter,Yes,65.69,85.31,14.99
2023-02-13 18:00,2,18,Weekday,Winter,No,62.26,84.21,13.9
2023-02-13 19:00,2,19,Weekday,Winter,No,59.2,83.54,12.39
2023-02-13 20:00,2,20,Weekday,Winter,No,54.46,81.7,9.74
2023-02-13 21:00,2,21,Weekday,Winter,No,51.98,81.43,7.77
2023-02-13 22:00,2,22,Weekday,Winter,No,50.2,79.83,8.67
2023-02-13 23:00,2,23,Weekday,Winter,No,47.76,80.74,10.71
2023-02-14 00:00,2,0,Weekday,Winter,No,49.36,82.25,8.66
2023-02-14 01:00,2,1,Weekday,Winter,No,49.82,80.82,6.22
2023-02-14 02:00,2,2,Weekday,Winter,No,46.61,79.33,9.32
2023-02-14 03:00,2,3,Weekday,Winter,No,44.96,78.37,10.41
2023-02-14 04:00,2,4,Weekday,Winter,No,45.59,80.41,11.56
2023-02-14 05:00,2,5,Weekday,Winter,No,46.04,80.05,5.46
2023-02-14 06:00,2,6,Weekday,Winter,No,46.56,80.2,6.35
2023-02-14 07:00,2,7,Weekday,Winter,No,47.57,81.3,13.63
2023-02-14 08:00,2,8,Weekday,Winter,Yes,52.12,82.03,8.6
2023-02-14 09:00,2,9,Weekday,Winter,Yes,56.72,82.31,16.65
2023-02-14 10:00,2,10,Weekday,Winter,Yes,59.7,83.56,11.83
2023-02-14 11:00,2,11,Weekday,Winter,Yes,65.7,85.21,20.23
2023-02-14 12:00,2,12,Weekday,Winter,Yes,71.39,86.55,20.69
2023-02-14 13:00,2,13,Weekday,Winter,Yes,74.72,85.77,16.25
2023-02-14 14:00,2,14,Weekday,Winter,Yes,75.92,89.53,23.06
2023-02-14 15:00,2,15,Weekday,Winter,Yes,75.4,87.14,23.38
2023-02-14 16:00,2,16,Weekday,Winter,Yes,74.39,87.4,20.13
2023-02-14 17:00,2,17,Weekday,Winter,Yes,71.63,86.85,19.5
2023-02-14 18:00,2,18,Weekday,Winter,No,67.67,85.21,14.49
2023-02-14 19:00,2,19,Weekday,Winter,No,64.24,85.14,12.96
2023-02-14 20:00,2,20,Weekday,Winter,No,61.8,83.66,12.19
2023-02-14 21:00,2,21,Weekday,Winter,No,58.04,83.7,11.4
2023-02-14 22:00,2,22,Weekday,Winter,No,55.94,82.21,9.0
2023-02-14 23:00,2,23,Weekday,Winter,No,55.94,83.33,8.12
2023-02-15 00:00,2,0,Weekday,Winter,No,58.36,82.29,12.45
2023-02-15 01:00,2,1,Weekday,Winter,No,60.08,85.06,12.77
2023-02-15 02:00,2,2,Weekday,Winter,No,59.45,83.35,11.66
2023-02-15 03:00,2,3,Weekday,Winter,No,57.85,82.63,14.92
2023-02-15 04:00,2,4,Weekday,Winter,No,56.39,82.83,15.61
2023-02-15 05:00,2,5,Weekday,Winter,No,55.42,82.46,10.38
2023-02-15 06:00,2,6,Weekday,Winter,No,55.04,83.14,12.04
2023-02-15 07:00,2,7,Weekday,Winter,No,56.2,83.34,11.19
2023-02-15 08:00,2,8,Weekday,Winter,Yes,57.02,81.93,18.19
2023-02-15 09:00,2,9,Weekday,Winter,Yes,59.33,82.44,17.98
2023-02-15 10:00,2,10,Weekday,Winter,Yes,63.29,83.87,15.77
2023-02-15 11:00,2,11,Weekday,Winter,Yes,67.36,86.36,16.69
2023-02-15 12:00,2,12,Weekday,Winter,Yes,68.45,85.41,21.44
2023-02-15 13:00,2,13,Weekday,Winter,Yes,67.37,86.04,22.34
2023-02-15 14:00,2,14,Weekday,Winter,Yes,66.92,85.23,20.29
2023-02-15 15:00,2,15,Weekday,Winter,Yes,66.4,85.71,19.06
2023-02-15 16:00,2,16,Weekday,Winter,Yes,66.02,84.71,18.83
2023-02-15 17:00,2,17,Weekday,Winter,Yes,66.54,85.95,18.38
2023-02-15 18:00,2,18,Weekday,Winter,No,65.76,86.08,17.72
2023-02-15 19:00,2,19,Weekday,Winter,No,63.78,84.49,17.25
2023-02-15 20:00,2,20,Weekday,Winter,No,61.8,85.36,16.8
2023-02-15 21:00,2,21,Weekday,Winter,No,61.61,84.79,15.56
2023-02-15 22:00,2,22,Weekday,Winter,No,61.43,84.14,11.55
2023-02-15 23:00,2,23,Weekday,Winter,No,60.98,83.23,11.23
2023-02-16 00:00,2,0,Weekday,Winter,No,60.46,83.37,12.61
2023-02-16 01:00,2,1,Weekday,Winter,No,59.45,83.77,11.04
2023-02-16 02:00,2,2,Weekday,Winter,No,59.0,84.05,12.87
2023-02-16 03:00,2,3,Weekday,Winter,No,59.0,82.96,8.92
2023-02-16 04:00,2,4,Weekday,Winter,No,58.37,84.75,11.76
2023-02-16 05:00,2,5,Weekday,Winter,No,57.4,82.97,16.3
2023-02-16 06:00,2,6,Weekday,Winter,No,57.02,83.8,8.44
2023-02-16 07:00,2,7,Weekday,Winter,No,56.39,81.95,8.85
2023-02-16 08:00,2,8,Weekday,Winter,Yes,57.72,82.6,15.8
2023-02-16 09:00,2,9,Weekday,Winter,Yes,61.31,82.55,17.5
2023-02-16 10:00,2,10,Weekday,Winter,Yes,64.11,84.95,17.43
2023-02-16 11:00,2,11,Weekday,Winter,Yes,65.57,84.31,17.41
2023-02-16 12:00,2,12,Weekday,Winter,Yes,66.54,85.82,21.82
2023-02-16 13:00,2,13,Weekday,Winter,Yes,65.76,86.23,17.81
2023-02-16 14:00,2,14,Weekday,Winter,Yes,64.41,85.16,15.81
2023-02-16 15:00,2,15,Weekday,Winter,Yes,65.19,85.01,15.27
2023-02-16 16:00,2,16,Weekday,Winter,Yes,64.86,86.27,13.71
2023-02-16 17:00,2,17,Weekday,Winter,Yes,63.41,85.69,19.19
2023-02-16 18:00,2,18,Weekday,Winter,No,61.28,84.88,16.37
2023-02-16 19:00,2,19,Weekday,Winter,No,58.82,82.79,12.75
2023-02-16 20:00,2,20,Weekday,Winter,No,56.76,81.18,8.13
2023-02-16 21:00,2,21,Weekday,Winter,No,54.26,83.15,8.72
2023-02-16 22:00,2,22,Weekday,Winter,No,53.06,81.69,9.03
2023-02-16 23:00,2,23,Weekday,Winter,No,51.9,81.81,11.45
2023-02-17 00:00,2,0,Weekday,Winter,No,49.82,80.94,9.3
2023-02-17 01:00,2,1,Weekday,Winter,No,47.24,79.74,7.53
2023-02-17 02:00,2,2,Weekday,Winter,No,46.04,81.77,7.41
2023-02-17 03:00,2,3,Weekday,Winter,No,46.04,79.97,10.29
2023-02-17 04:00,2,4,Weekday,Winter,No,46.04,79.33,6.22
2023-02-17 05:00,2,5,Weekday,Winter,No,44.89,79.88,5.81
2023-02-17 06:00,2,6,Weekday,Winter,No,45.74,80.13,9.3
2023-02-17 07:00,2,7,Weekday,Winter,No,47.57,79.93,6.6
2023-02-17 08:00,2,8,Weekday,Winter,Yes,50.96,81.11,9.18
2023-02-17 09:00,2,9,Weekday,Winter,Yes,55.9,82.93,12.1
2023-02-17 10:00,2,10,Weekday,Winter,Yes,60.86,84.77,16.94
2023-02-17 11:00,2,11,Weekday,Winter,Yes,64.11,84.24,14.71
2023-02-17 12:00,2,12,Weekday,Winter,Yes,67.36,86.74,18.78
2023-02-17 13:00,2,13,Weekday,Winter,Yes,70.24,84.62,14.99
2023-02-17 14:00,2,14,Weekday,Winter,Yes,71.06,86.03,24.72
2023-02-17 15:00,2,15,Weekday,Winter,Yes,71.06,84.99,20.56
2023-02-17 16:00,2,16,Weekday,Winter,Yes,71.58,87.51,18.92
2023-02-17 17:00,2,17,Weekday,Winter,Yes,70.28,86.98,20.49
2023-02-17 18:00,2,18,Weekday,Winter,No,66.67,86.24,13.3
2023-02-17 19:00,2,19,Weekday,Winter,No,63.26,85.29,15.14
2023-02-17 20:00,2,20,Weekday,Winter,No,59.12,84.2,10.69
2023-02-17 21:00,2,21,Weekday,Winter,No,55.86,82.56,9.37
2023-02-17 22:00,2,22,Weekday,Winter,No,54.41,84.14,7.77
2023-02-17 23:00,2,23,Weekday,Winter,No,53.43,81.78,11.8
2023-02-18 00:00,2,0,Weekend,Winter,No,51.9,82.88,8.26
2023-02-18 01:00,2,1,Weekend,Winter,No,50.45,80.42,8.59
2023-02-18 02:00,2,2,Weekend,Winter,No,48.84,80.96,11.6
2023-02-18 03:00,2,3,Weekend,Winter,No,49.18,80.76,8.56
2023-02-18 04:00,2,4,Weekend,Winter,No,49.37,81.76,9.98
2023-02-18 05:00,2,5,Weekend,Winter,No,48.92,80.01,8.84
2023-02-18 06:00,2,6,Weekend,Winter,No,49.55,79.56,11.52
2023-02-18 07:00,2,7,Weekend,Winter,No,50.63,81.05,10.44
2023-02-18 08:00,2,8,Weekend,Winter,No,54.54,81.83,9.38
2023-02-18 09:00,2,9,Weekend,Winter,No,60.48,84.42,11.81
2023-02-18 10:00,2,10,Weekend,Winter,No,65.9,85.36,13.77
2023-02-18 11:00,2,11,Weekend,Winter,No,70.31,87.34,14.05
2023-02-18 12:00,2,12,Weekend,Winter,No,73.12,87.73,16.97
2023-02-18 13:00,2,13,Weekend,Winter,No,75.1,88.21,19.41
2023-02-18 14:00,2,14,Weekend,Winter,No,75.92,88.0,18.47
2023-02-18 15:00,2,15,Weekend,Winter,No,76.55,88.68,14.53
2023-02-18 16:00,2,16,Weekend,Winter,No,77.0,87.38,15.35
2023-02-18 17:00,2,17,Weekend,Winter,No,75.22,87.85,21.43
2023-02-18 18:00,2,18,Weekend,Winter,No,69.84,86.21,13.13
2023-02-18 19:00,2,19,Weekend,Winter,No,65.76,85.09,16.98
2023-02-18 20:00,2,20,Weekend,Winter,No,62.1,83.57,15.1
2023-02-18 21:00,2,21,Weekend,Winter,No,58.3,84.37,16.94
2023-02-18 22:00,2,22,Weekend,Winter,No,54.71,81.7,12.95
2023-02-18 23:00,2,23,Weekend,Winter,No,53.06,82.07,11.77
2023-02-19 00:00,2,0,Weekend,Winter,No,53.06,80.8,8.81
2023-02-19 01:00,2,1,Weekend,Winter,No,51.9,81.93,10.68
2023-02-19 02:00,2,2,Weekend,Winter,No,51.6,80.65,12.18
2023-02-19 03:00,2,3,Weekend,Winter,No,51.98,80.51,10.96
2023-02-19 04:00,2,4,Weekend,Winter,No,50.82,82.2,8.1
2023-02-19 05:00,2,5,Weekend,Winter,No,51.16,83.98,8.24
2023-02-19 06:00,2,6,Weekend,Winter,No,51.46,81.72,14.13
2023-02-19 07:00,2,7,Weekend,Winter,No,51.6,81.3,13.3
2023-02-19 08:00,2,8,Weekend,Winter,No,55.44,83.43,11.16
2023-02-19 09:00,2,9,Weekend,Winter,No,62.02,84.51,14.78
2023-02-19 10:00,2,10,Weekend,Winter,No,69.67,87.08,17.36
2023-02-19 11:00,2,11,Weekend,Winter,No,75.35,88.03,17.86
2023-02-19 12:00,2,12,Weekend,Winter,No,77.63,87.55,20.7
2023-02-19 13:00,2,13,Weekend,Winter,No,79.24,90.29,24.05
2023-02-19 14:00,2,14,Weekend,Winter,No,81.22,91.49,20.67
2023-02-19 15:00,2,15,Weekend,Winter,No,82.04,89.18,23.03
2023-02-19 16:00,2,16,Weekend,Winter,No,79.73,88.68,23.44
2023-02-19 17:00,2,17,Weekend,Winter,No,75.67,87.51,16.65
2023-02-19 18:00,2,18,Weekend,Winter,No,71.63,88.11,20.65
2023-02-19 19:00,2,19,Weekend,Winter,No,68.2,84.27,15.74
2023-02-19 20:00,2,20,Weekend,Winter,No,65.24,85.62,12.12
2023-02-19 21:00,2,21,Weekend,Winter,No,61.73,83.45,16.78
2023-02-19 22:00,2,22,Weekend,Winter,No,59.45,83.43,17.06
2023-02-19 23:00,2,23,Weekend,Winter,No,57.85,83.88,10.37
2023-02-20 00:00,2,0,Weekday,Winter,No,55.86,84.31,13.76
2023-02-20 01:00,2,1,Weekday,Winter,No,53.88,81.8,6.65
2023-02-20 02:00,2,2,Weekday,Winter,No,53.58,81.83,8.32
2023-02-20 03:00,2,3,Weekday,Winter,No,52.8,81.34,14.47
2023-02-20 04:00,2,4,Weekday,Winter,No,51.98,81.17,9.04
2023-02-20 05:00,2,5,Weekday,Winter,No,52.61,80.07,12.07
2023-02-20 06:00,2,6,Weekday,Winter,No,51.9,81.05,10.5
2023-02-20 07:00,2,7,Weekday,Winter,No,52.24,81.31,7.18
2023-02-20 08:00,2,8,Weekday,Winter,Yes,57.16,84.08,15.62
2023-02-20 09:00,2,9,Weekday,Winter,Yes,62.92,85.0,15.9
2023-02-20 10:00,2,10,Weekday,Winter,Yes,66.1,85.06,14.57
2023-02-20 11:00,2,11,Weekday,Winter,Yes,68.7,86.48,15.54
2023-02-20 12:00,2,12,Weekday,Winter,Yes,71.14,87.51,23.35
2023-02-20 13:00,2,13,Weekday,Winter,Yes,71.96,86.44,19.56
2023-02-20 14:00,2,14,Weekday,Winter,Yes,72.59,87.93,22.04
2023-02-20 15:00,2,15,Weekday,Winter,Yes,72.41,87.62,24.85
2023-02-20 16:00,2,16,Weekday,Winter,Yes,71.44,88.06,22.08
2023-02-20 17:00,2,17,Weekday,Winter,Yes,69.9,85.98,18.47
2023-02-20 18:00,2,18,Weekday,Winter,No,66.67,86.38,14.16
2023-02-20 19:00,2,19,Weekday,Winter,No,62.63,85.53,11.79
2023-02-20 20:00,2,20,Weekday,Winter,No,58.67,83.49,9.95
2023-02-20 21:00,2,21,Weekday,Winter,No,55.86,82.02,11.02
2023-02-20 22:00,2,22,Weekday,Winter,No,55.04,81.38,9.9
2023-02-20 23:00,2,23,Weekday,Winter,No,55.04,82.45,11.56
2023-02-21 00:00,2,0,Weekday,Winter,No,53.26,82.13,8.09
2023-02-21 01:00,2,1,Weekday,Winter,No,50.2,80.35,10.06
2023-02-21 02:00,2,2,Weekday,Winter,No,47.24,79.74,4.91
2023-02-21 03:00,2,3,Weekday,Winter,No,47.2,79.92,7.51
2023-02-21 04:00,2,4,Weekday,Winter,No,45.71,80.62,4.83
2023-02-21 05:00,2,5,Weekday,Winter,No,44.06,79.56,9.04
2023-02-21 06:00,2,6,Weekday,Winter,No,44.06,79.94,6.91
2023-02-21 07:00,2,7,Weekday,Winter,No,43.43,80.1,10.49
2023-02-21 08:00,2,8,Weekday,Winter,Yes,46.44,79.04,15.7
2023-02-21 09:00,2,9,Weekday,Winter,Yes,54.17,80.77,9.07
2023-02-21 10:00,2,10,Weekday,Winter,Yes,59.18,85.19,18.71
2023-02-21 11:00,2,11,Weekday,Winter,Yes,62.92,83.81,12.61
2023-02-21 12:00,2,12,Weekday,Winter,Yes,65.57,86.18,20.27
2023-02-21 13:00,2,13,Weekday,Winter,Yes,66.02,85.98,20.06
2023-02-21 14:00,2,14,Weekday,Winter,Yes,66.54,85.71,19.45
2023-02-21 15:00,2,15,Weekday,Winter,Yes,66.4,86.89,16.46
2023-02-21 16:00,2,16,Weekday,Winter,Yes,65.39,85.41,20.72
2023-02-21 17:00,2,17,Weekday,Winter,Yes,63.78,84.71,17.71
2023-02-21 18:00,2,18,Weekday,Winter,No,61.28,85.11,12.16
2023-02-21 19:00,2,19,Weekday,Winter,No,57.66,82.85,7.43
2023-02-21 20:00,2,20,Weekday,Winter,No,55.94,84.46,12.37
2023-02-21 21:00,2,21,Weekday,Winter,No,55.42,82.29,14.19
2023-02-21 22:00,2,22,Weekday,Winter,No,51.47,81.32,11.33
2023-02-21 23:00,2,23,Weekday,Winter,No,47.76,82.04,12.01
2023-02-22 00:00,2,0,Weekday,Winter,No,45.26,80.49,11.92
2023-02-22 01:00,2,1,Weekday,Winter,No,44.06,79.95,3.86
2023-02-22 02:00,2,2,Weekday,Winter,No,42.9,78.74,5.32
2023-02-22 03:00,2,3,Weekday,Winter,No,40.82,77.48,7.74
2023-02-22 04:00,2,4,Weekday,Winter,No,39.92,78.62,3.0
2023-02-22 05:00,2,5,Weekday,Winter,No,39.4,77.93,2.33
2023-02-22 06:00,2,6,Weekday,Winter,No,39.54,79.56,8.35
2023-02-22 07:00,2,7,Weekday,Winter,No,41.7,79.13,5.92
2023-02-22 08:00,2,8,Weekday,Winter,Yes,50.54,79.77,11.46
2023-02-22 09:00,2,9,Weekday,Winter,Yes,59.51,82.65,16.92
2023-02-22 10:00,2,10,Weekday,Winter,Yes,63.74,85.86,14.61
2023-02-22 11:00,2,11,Weekday,Winter,Yes,66.72,86.73,19.84
2023-02-22 12:00,2,12,Weekday,Winter,Yes,69.78,85.99,20.37
2023-02-22 13:00,2,13,Weekday,Winter,Yes,72.22,87.95,19.75
2023-02-22 14:00,2,14,Weekday,Winter,Yes,73.56,86.54,22.51
2023-02-22 15:00,2,15,Weekday,Winter,Yes,72.78,85.56,20.35
2023-02-22 16:00,2,16,Weekday,Winter,Yes,72.59,86.87,18.02
2023-02-22 17:00,2,17,Weekday,Winter,Yes,71.26,86.28,18.47
2023-02-22 18:00,2,18,Weekday,Winter,No,67.04,85.36,17.83
2023-02-22 19:00,2,19,Weekday,Winter,No,61.48,84.77,14.23
2023-02-22 20:00,2,20,Weekday,Winter,No,57.85,83.04,7.22
2023-02-22 21:00,2,21,Weekday,Winter,No,53.56,81.2,12.78
2023-02-22 22:00,2,22,Weekday,Winter,No,49.3,81.2,11.39
2023-02-22 23:00,2,23,Weekday,Winter,No,46.86,80.12,8.66
2023-02-23 00:00,2,0,Weekday,Winter,No,44.89,78.89,3.09
2023-02-23 01:00,2,1,Weekday,Winter,No,43.43,78.4,6.84
2023-02-23 02:00,2,2,Weekday,Winter,No,42.98,78.34,7.91
2023-02-23 03:00,2,3,Weekday,Winter,No,42.46,79.56,10.43
2023-02-23 04:00,2,4,Weekday,Winter,No,42.08,78.01,6.65
2023-02-23 05:00,2,5,Weekday,Winter,No,40.82,78.49,7.51
2023-02-23 06:00,2,6,Weekday,Winter,No,41.18,77.06,4.35
2023-02-23 07:00,2,7,Weekday,Winter,No,43.76,79.85,7.87
2023-02-23 08:00,2,8,Weekday,Winter,Yes,50.21,81.57,14.49
2023-02-23 09:00,2,9,Weekday,Winter,Yes,56.9,83.25,15.55
2023-02-23 10:00,2,10,Weekday,Winter,Yes,63.1,83.18,17.62
2023-02-23 11:00,2,11,Weekday,Winter,Yes,68.96,86.11,15.7
2023-02-23 12:00,2,12,Weekday,Winter,Yes,73.37,86.88,19.36
2023-02-23 13:00,2,13,Weekday,Winter,Yes,76.8,88.62,21.07
2023-02-23 14:00,2,14,Weekday,Winter,Yes,78.6,88.09,21.21
2023-02-23 15:00,2,15,Weekday,Winter,Yes,79.61,89.57,24.34
2023-02-23 16:00,2,16,Weekday,Winter,Yes,79.43,88.81,27.09
2023-02-23 17:00,2,17,Weekday,Winter,Yes,76.67,88.53,23.28
2023-02-23 18:00,2,18,Weekday,Winter,No,72.08,86.46,11.5
2023-02-23 19:00,2,19,Weekday,Winter,No,67.04,86.32,14.57
2023-02-23 20:00,2,20,Weekday,Winter,No,62.1,83.55,7.76
2023-02-23 21:00,2,21,Weekday,Winter,No,58.3,83.59,15.59
2023-02-23 22:00,2,22,Weekday,Winter,No,54.71,80.89,14.55
2023-02-23 23:00,2,23,Weekday,Winter,No,51.28,81.45,7.89
2023-02-24 00:00,2,0,Weekday,Winter,No,49.37,81.7,6.64
2023-02-24 01:00,2,1,Weekday,Winter,No,47.76,81.1,11.23
2023-02-24 02:00,2,2,Weekday,Winter,No,47.57,80.04,9.51
2023-02-24 03:00,2,3,Weekday,Winter,No,48.02,79.15,13.46
2023-02-24 04:00,2,4,Weekday,Winter,No,48.02,80.53,6.51
2023-02-24 05:00,2,5,Weekday,Winter,No,47.39,79.29,5.99
2023-02-24 06:00,2,6,Weekday,Winter,No,47.57,79.22,4.92
2023-02-24 07:00,2,7,Weekday,Winter,No,49.18,79.67,9.94
2023-02-24 08:00,2,8,Weekday,Winter,Yes,55.25,83.02,14.48
2023-02-24 09:00,2,9,Weekday,Winter,Yes,63.1,83.57,15.08
2023-02-24 10:00,2,10,Weekday,Winter,Yes,70.64,86.06,15.82
2023-02-24 11:00,2,11,Weekday,Winter,Yes,76.35,87.11,21.55
2023-02-24 12:00,2,12,Weekday,Winter,Yes,80.39,89.76,24.47
2023-02-24 13:00,2,13,Weekday,Winter,Yes,83.72,90.28,22.1
2023-02-24 14:00,2,14,Weekday,Winter,Yes,86.18,92.07,28.12
2023-02-24 15:00,2,15,Weekday,Winter,Yes,86.45,90.88,31.44
2023-02-24 16:00,2,16,Weekday,Winter,Yes,85.37,90.81,28.8
2023-02-24 17:00,2,17,Weekday,Winter,Yes,83.24,89.65,23.88
2023-02-24 18:00,2,18,Weekday,Winter,No,77.94,90.12,22.39
2023-02-24 19:00,2,19,Weekday,Winter,No,71.56,87.62,16.3
2023-02-24 20:00,2,20,Weekday,Winter,No,64.98,85.58,13.53
2023-02-24 21:00,2,21,Weekday,Winter,No,60.9,83.88,15.35
2023-02-24 22:00,2,22,Weekday,Winter,No,58.3,81.84,10.05
2023-02-24 23:00,2,23,Weekday,Winter,No,55.86,82.2,5.85
2023-02-25 00:00,2,0,Weekend,Winter,No,54.41,82.75,8.19
2023-02-25 01:00,2,1,Weekend,Winter,No,53.43,81.79,9.45
2023-02-25 02:00,2,2,Weekend,Winter,No,53.58,82.93,10.1
2023-02-25 03:00,2,3,Weekend,Winter,No,52.28,81.42,10.68
2023-02-25 04:00,2,4,Weekend,Winter,No,52.76,81.9,13.3
2023-02-25 05:00,2,5,Weekend,Winter,No,52.28,81.31,10.61
2023-02-25 06:00,2,6,Weekend,Winter,No,51.6,81.99,9.7
2023-02-25 07:00,2,7,Weekend,Winter,No,53.76,82.05,11.96
2023-02-25 08:00,2,8,Weekend,Winter,No,60.29,82.75,16.34
2023-02-25 09:00,2,9,Weekend,Winter,No,68.13,86.55,14.22
2023-02-25 10:00,2,10,Weekend,Winter,No,73.9,87.87,19.38
2023-02-25 11:00,2,11,Weekend,Winter,No,78.86,88.61,17.88
2023-02-25 12:00,2,12,Weekend,Winter,No,82.74,90.26,14.72
2023-02-25 13:00,2,13,Weekend,Winter,No,85.8,88.98,20.28
2023-02-25 14:00,2,14,Weekend,Winter,No,87.6,91.58,23.29
2023-02-25 15:00,2,15,Weekend,Winter,No,87.98,90.95,26.76
2023-02-25 16:00,2,16,Weekend,Winter,No,87.46,92.61,21.22
2023-02-25 17:00,2,17,Weekend,Winter,No,84.66,90.49,21.39
2023-02-25 18:00,2,18,Weekend,Winter,No,78.84,89.56,18.17
2023-02-25 19:00,2,19,Weekend,Winter,No,74.24,89.77,18.51
2023-02-25 20:00,2,20,Weekend,Winter,No,69.47,87.46,14.18
2023-02-25 21:00,2,21,Weekend,Winter,No,64.61,83.67,14.68
2023-02-25 22:00,2,22,Weekend,Winter,No,61.28,83.97,16.08
2023-02-25 23:00,2,23,Weekend,Winter,No,57.66,83.29,8.79
2023-02-26 00:00,2,0,Weekend,Winter,No,54.78,82.81,15.03
2023-02-26 01:00,2,1,Weekend,Winter,No,55.12,81.64,10.45
2023-02-26 02:00,2,2,Weekend,Winter,No,55.42,83.74,14.43
2023-02-26 03:00,2,3,Weekend,Winter,No,54.41,82.14,7.38
2023-02-26 04:00,2,4,Weekend,Winter,No,53.96,81.94,11.73
2023-02-26 05:00,2,5,Weekend,Winter,No,51.65,82.1,13.45
2023-02-26 06:00,2,6,Weekend,Winter,No,50.0,80.18,6.47
2023-02-26 07:00,2,7,Weekend,Winter,No,51.16,82.05,3.26
2023-02-26 08:00,2,8,Weekend,Winter,No,57.23,83.88,11.46
2023-02-26 09:00,2,9,Weekend,Winter,No,65.7,84.87,13.87
2023-02-26 10:00,2,10,Weekend,Winter,No,73.07,88.29,17.23
2023-02-26 11:00,2,11,Weekend,Winter,No,78.86,88.37,17.82
2023-02-26 12:00,2,12,Weekend,Winter,No,82.74,88.81,22.68
2023-02-26 13:00,2,13,Weekend,Winter,No,84.54,90.58,24.25
2023-02-26 14:00,2,14,Weekend,Winter,No,86.18,90.87,22.01
2023-02-26 15:00,2,15,Weekend,Winter,No,87.08,90.71,20.73
2023-02-26 16:00,2,16,Weekend,Winter,No,87.08,92.33,22.96
2023-02-26 17:00,2,17,Weekend,Winter,No,84.66,89.3,20.58
2023-02-26 18:00,2,18,Weekend,Winter,No,79.47,87.82,20.45
2023-02-26 19:00,2,19,Weekend,Winter,No,74.69,88.38,20.62
2023-02-26 20:00,2,20,Weekend,Winter,No,71.26,86.46,20.32
2023-02-26 21:00,2,21,Weekend,Winter,No,66.52,85.25,19.98
2023-02-26 22:00,2,22,Weekend,Winter,No,62.89,85.44,13.65
2023-02-26 23:00,2,23,Weekend,Winter,No,60.28,84.71,14.93
2023-02-27 00:00,2,0,Weekday,Winter,No,57.85,82.82,11.33
2023-02-27 01:00,2,1,Weekday,Winter,No,57.02,82.16,11.79
2023-02-27 02:00,2,2,Weekday,Winter,No,55.24,82.58,9.71
2023-02-27 03:00,2,3,Weekday,Winter,No,53.96,82.86,8.06
2023-02-27 04:00,2,4,Weekday,Winter,No,52.8,81.58,7.92
2023-02-27 05:00,2,5,Weekday,Winter,No,53.14,80.86,7.43
2023-02-27 06:00,2,6,Weekday,Winter,No,52.8,82.89,7.48
2023-02-27 07:00,2,7,Weekday,Winter,No,54.92,81.58,9.34
2023-02-27 08:00,2,8,Weekday,Winter,Yes,61.64,83.97,17.03
2023-02-27 09:00,2,9,Weekday,Winter,Yes,67.88,85.89,19.72
2023-02-27 10:00,2,10,Weekday,Winter,Yes,74.7,88.11,22.85
2023-02-27 11:00,2,11,Weekday,Winter,Yes,80.39,89.67,25.04
2023-02-27 12:00,2,12,Weekday,Winter,Yes,83.2,89.06,23.94
2023-02-27 13:00,2,13,Weekday,Winter,Yes,85.18,90.08,28.73
2023-02-27 14:00,2,14,Weekday,Winter,Yes,86.63,91.38,29.29
2023-02-27 15:00,2,15,Weekday,Winter,Yes,87.6,89.77,26.43
2023-02-27 16:00,2,16,Weekday,Winter,Yes,87.98,92.7,26.9
2023-02-27 17:00,2,17,Weekday,Winter,Yes,85.67,91.47,27.83
2023-02-27 18:00,2,18,Weekday,Winter,No,81.08,90.5,21.75
2023-02-27 19:00,2,19,Weekday,Winter,No,76.67,88.54,16.04
2023-02-27 20:00,2,20,Weekday,Winter,No,73.86,87.77,16.08
2023-02-27 21:00,2,21,Weekday,Winter,No,68.94,85.08,16.57
2023-02-27 22:00,2,22,Weekday,Winter,No,65.39,85.15,15.09
2023-02-27 23:00,2,23,Weekday,Winter,No,64.94,84.88,15.54
2023-02-28 00:00,2,0,Weekday,Winter,No,62.63,84.54,9.51
2023-02-28 01:00,2,1,Weekday,Winter,No,59.82,84.36,16.27
2023-02-28 02:00,2,2,Weekday,Winter,No,61.31,84.4,11.24
2023-02-28 03:00,2,3,Weekday,Winter,No,60.65,83.18,14.25
2023-02-28 04:00,2,4,Weekday,Winter,No,59.0,82.63,11.99
2023-02-28 05:00,2,5,Weekday,Winter,No,60.16,83.2,8.62
2023-02-28 06:00,2,6,Weekday,Winter,No,60.98,84.56,18.86
2023-02-28 07:00,2,7,Weekday,Winter,No,59.82,82.97,15.49
2023-02-28 08:00,2,8,Weekday,Winter,Yes,66.04,84.15,24.36
2023-02-28 09:00,2,9,Weekday,Winter,Yes,73.37,88.44,19.57
2023-02-28 10:00,2,10,Weekday,Winter,Yes,76.18,89.23,23.04
2023-02-28 11:00,2,11,Weekday,Winter,Yes,78.78,88.15,19.46
2023-02-28 12:00,2,12,Weekday,Winter,Yes,80.58,88.46,25.4
2023-02-28 13:00,2,13,Weekday,Winter,Yes,82.12,88.34,28.24
2023-02-28 14:00,2,14,Weekday,Winter,Yes,84.1,91.62,25.2
2023-02-28 15:00,2,15,Weekday,Winter,Yes,84.92,91.34,29.5
2023-02-28 16:00,2,16,Weekday,Winter,Yes,84.4,91.3,26.19
2023-02-28 17:00,2,17,Weekday,Winter,Yes,82.24,90.36,21.54
2023-02-28 18:00,2,18,Weekday,Winter,No,77.5,88.08,19.96
2023-02-28 19:00,2,19,Weekday,Winter,No,73.24,88.79,16.86
2023-02-28 20:00,2,20,Weekday,Winter,No,70.28,87.07,19.02
2023-02-28 21:00,2,21,Weekday,Winter,No,67.3,85.98,15.97
2023-02-28 22:00,2,22,Weekday,Winter,No,64.34,84.49,13.14
2023-02-28 23:00,2,23,Weekday,Winter,No,61.36,85.54,14.36
2023-03-01 00:00,3,0,Weekday,Spring,No,58.3,82.88,16.04
2023-03-01 01:00,3,1,Weekday,Spring,No,55.24,81.97,6.83
2023-03-01 02:00,3,2,Weekday,Spring,No,52.28,81.95,8.31
2023-03-01 03:00,3,3,Weekday,Spring,No,49.3,80.76,9.87
2023-03-01 04:00,3,4,Weekday,Spring,No,47.39,78.63,10.1
2023-03-01 05:00,3,5,Weekday,Spring,No,47.78,80.52,6.17
2023-03-01 06:00,3,6,Weekday,Spring,No,49.11,80.39,3.98
2023-03-01 07:00,3,7,Weekday,Spring,No,50.48,80.63,10.08
2023-03-01 08:00,3,8,Weekday,Spring,Yes,54.33,82.49,8.97
2023-03-01 09:00,3,9,Weekday,Spring,Yes,60.02,84.95,19.12
2023-03-01 10:00,3,10,Weekday,Spring,Yes,65.68,84.08,21.12
2023-03-01 11:00,3,11,Weekday,Spring,Yes,69.16,85.08,18.78
2023-03-01 12:00,3,12,Weekday,Spring,Yes,71.14,86.81,19.25
2023-03-01 13:00,3,13,Weekday,Spring,Yes,73.12,86.15,23.29
2023-03-01 14:00,3,14,Weekday,Spring,Yes,73.94,87.4,22.26
2023-03-01 15:00,3,15,Weekday,Spring,Yes,73.94,87.1,20.55
2023-03-01 16:00,3,16,Weekday,Spring,Yes,73.94,87.14,24.39
2023-03-01 17:00,3,17,Weekday,Spring,Yes,72.78,87.39,19.65
2023-03-01 18:00,3,18,Weekday,Spring,No,70.81,87.11,17.94
2023-03-01 19:00,3,19,Weekday,Spring,No,68.82,85.55,16.73
2023-03-01 20:00,3,20,Weekday,Spring,No,67.37,86.39,18.1
2023-03-01 21:00,3,21,Weekday,Spring,No,66.4,86.97,19.14
2023-03-01 22:00,3,22,Weekday,Spring,No,65.39,86.4,17.49
2023-03-01 23:00,3,23,Weekday,Spring,No,64.41,83.15,10.61
2023-03-02 00:00,3,0,Weekday,Spring,No,63.41,84.31,8.62
2023-03-02 01:00,3,1,Weekday,Spring,No,62.44,85.05,14.55
2023-03-02 02:00,3,2,Weekday,Spring,No,61.22,83.59,15.02
2023-03-02 03:00,3,3,Weekday,Spring,No,59.89,85.1,14.3
2023-03-02 04:00,3,4,Weekday,Spring,No,58.52,82.55,10.66
2023-03-02 05:00,3,5,Weekday,Spring,No,57.71,82.51,6.2
2023-03-02 06:00,3,6,Weekday,Spring,No,57.46,82.66,10.92
2023-03-02 07:00,3,7,Weekday,Spring,No,57.17,83.34,11.49
2023-03-02 08:00,3,8,Weekday,Spring,Yes,58.6,82.99,15.3
2023-03-02 09:00,3,9,Weekday,Spring,Yes,61.19,84.1,15.08
2023-03-02 10:00,3,10,Weekday,Spring,Yes,63.82,84.82,19.57
2023-03-02 11:00,3,11,Weekday,Spring,Yes,66.1,85.13,19.05
2023-03-02 12:00,3,12,Weekday,Spring,Yes,68.18,86.4,17.46
2023-03-02 13:00,3,13,Weekday,Spring,Yes,70.24,87.03,21.31
2023-03-02 14:00,3,14,Weekday,Spring,Yes,71.58,86.26,15.92
2023-03-02 15:00,3,15,Weekday,Spring,Yes,72.59,86.42,20.23
2023-03-02 16:00,3,16,Weekday,Spring,Yes,73.56,88.39,24.67
2023-03-02 17:00,3,17,Weekday,Spring,Yes,73.0,87.96,21.13
2023-03-02 18:00,3,18,Weekday,Spring,No,71.38,86.51,15.72
2023-03-02 19:00,3,19,Weekday,Spring,No,69.76,85.91,18.56
2023-03-02 20:00,3,20,Weekday,Spring,No,67.92,86.27,17.14
2023-03-02 21:00,3,21,Weekday,Spring,No,65.84,84.72,19.41
2023-03-02 22:00,3,22,Weekday,Spring,No,63.78,85.56,14.55
2023-03-02 23:00,3,23,Weekday,Spring,No,62.75,83.65,13.34
2023-03-03 00:00,3,0,Weekday,Spring,No,62.5,84.84,14.54
2023-03-03 01:00,3,1,Weekday,Spring,No,62.21,85.43,13.31
2023-03-03 02:00,3,2,Weekday,Spring,No,62.06,82.87,10.97
2023-03-03 03:00,3,3,Weekday,Spring,No,62.06,83.62,12.91
2023-03-03 04:00,3,4,Weekday,Spring,No,62.06,84.1,10.78
2023-03-03 05:00,3,5,Weekday,Spring,No,61.85,84.52,14.67
2023-03-03 06:00,3,6,Weekday,Spring,No,61.49,84.38,14.49
2023-03-03 07:00,3,7,Weekday,Spring,No,61.13,82.95,12.77
2023-03-03 08:00,3,8,Weekday,Spring,Yes,61.72,84.2,15.34
2023-03-03 09:00,3,9,Weekday,Spring,Yes,63.08,83.98,17.07
2023-03-03 10:00,3,10,Weekday,Spring,Yes,64.42,84.73,16.51
2023-03-03 11:00,3,11,Weekday,Spring,Yes,65.15,86.62,16.18
2023-03-03 12:00,3,12,Weekday,Spring,Yes,65.51,85.9,21.84
2023-03-03 13:00,3,13,Weekday,Spring,Yes,65.87,83.63,21.05
2023-03-03 14:00,3,14,Weekday,Spring,Yes,66.23,86.33,20.26
2023-03-03 15:00,3,15,Weekday,Spring,Yes,66.48,85.43,16.42
2023-03-03 16:00,3,16,Weekday,Spring,Yes,66.77,85.43,21.31
2023-03-03 17:00,3,17,Weekday,Spring,Yes,65.55,86.23,16.5
2023-03-03 18:00,3,18,Weekday,Spring,No,63.32,84.19,16.07
2023-03-03 19:00,3,19,Weekday,Spring,No,61.05,83.84,8.68
2023-03-03 20:00,3,20,Weekday,Spring,No,59.24,82.96,13.62
2023-03-03 21:00,3,21,Weekday,Spring,No,57.9,82.57,12.34
2023-03-03 22:00,3,22,Weekday,Spring,No,56.54,81.9,10.56
2023-03-03 23:00,3,23,Weekday,Spring,No,55.52,83.51,13.09
2023-03-04 00:00,3,0,Weekend,Spring,No,54.9,83.06,13.36
2023-03-04 01:00,3,1,Weekend,Spring,No,54.26,82.16,9.84
2023-03-04 02:00,3,2,Weekend,Spring,No,53.02,82.34,10.14
2023-03-04 03:00,3,3,Weekend,Spring,No,51.29,83.17,9.42
2023-03-04 04:00,3,4,Weekend,Spring,No,49.6,81.23,8.39
2023-03-04 05:00,3,5,Weekend,Spring,No,49.55,80.6,4.63
2023-03-04 06:00,3,6,Weekend,Spring,No,50.52,81.65,4.65
2023-03-04 07:00,3,7,Weekend,Spring,No,51.53,81.09,13.18
2023-03-04 08:00,3,8,Weekend,Spring,No,53.56,81.97,11.16
2023-03-04 09:00,3,9,Weekend,Spring,No,56.26,81.89,13.34
2023-03-04 10:00,3,10,Weekend,Spring,No,58.96,83.87,15.33
2023-03-04 11:00,3,11,Weekend,Spring,No,61.24,83.86,11.3
2023-03-04 12:00,3,12,Weekend,Spring,No,63.22,83.18,15.42
2023-03-04 13:00,3,13,Weekend,Spring,No,65.19,85.06,13.13
2023-03-04 14:00,3,14,Weekend,Spring,No,66.23,86.49,11.07
2023-03-04 15:00,3,15,Weekend,Spring,No,66.48,85.83,18.89
2023-03-04 16:00,3,16,Weekend,Spring,No,66.77,83.88,16.89
2023-03-04 17:00,3,17,Weekend,Spring,No,65.34,84.18,17.53
2023-03-04 18:00,3,18,Weekend,Spring,No,62.75,85.7,12.68
2023-03-04 19:00,3,19,Weekend,Spring,No,60.12,84.66,7.55
2023-03-04 20:00,3,20,Weekend,Spring,No,57.42,83.07,12.63
2023-03-04 21:00,3,21,Weekend,Spring,No,54.83,82.96,15.93
2023-03-04 22:00,3,22,Weekend,Spring,No,52.2,81.5,15.91
2023-03-04 23:00,3,23,Weekend,Spring,No,50.45,81.55,7.0
2023-03-05 00:00,3,0,Weekend,Spring,No,49.48,81.44,9.35
2023-03-05 01:00,3,1,Weekend,Spring,No,48.47,81.44,10.9
2023-03-05 02:00,3,2,Weekend,Spring,No,47.39,78.39,15.35
2023-03-05 03:00,3,3,Weekend,Spring,No,46.42,80.29,8.88
2023-03-05 04:00,3,4,Weekend,Spring,No,45.41,79.4,6.83
2023-03-05 05:00,3,5,Weekend,Spring,No,45.59,80.49,7.59
2023-03-05 06:00,3,6,Weekend,Spring,No,46.56,79.97,8.11
2023-03-05 07:00,3,7,Weekend,Spring,No,47.57,79.64,10.49
2023-03-05 08:00,3,8,Weekend,Spring,No,51.17,81.41,14.65
2023-03-05 09:00,3,9,Weekend,Spring,No,56.46,83.69,11.18
2023-03-05 10:00,3,10,Weekend,Spring,No,61.79,84.85,11.28
2023-03-05 11:00,3,11,Weekend,Spring,No,65.4,84.55,12.17
2023-03-05 12:00,3,12,Weekend,Spring,No,67.74,86.72,13.95
2023-03-05 13:00,3,13,Weekend,Spring,No,70.09,86.96,17.78
2023-03-05 14:00,3,14,Weekend,Spring,No,71.58,87.1,17.02
2023-03-05 15:00,3,15,Weekend,Spring,No,72.59,89.0,14.26
2023-03-05 16:00,3,16,Weekend,Spring,No,73.56,87.49,18.85
2023-03-05 17:00,3,17,Weekend,Spring,No,72.16,86.4,16.42
2023-03-05 18:00,3,18,Weekend,Spring,No,69.2,86.07,14.62
2023-03-05 19:00,3,19,Weekend,Spring,No,66.22,84.55,18.79
2023-03-05 20:00,3,20,Weekend,Spring,No,63.16,83.46,15.33
2023-03-05 21:00,3,21,Weekend,Spring,No,60.2,84.13,11.99
2023-03-05 22:00,3,22,Weekend,Spring,No,57.22,81.43,7.46
2023-03-05 23:00,3,23,Weekend,Spring,No,55.52,82.92,15.23
2023-03-06 00:00,3,0,Weekday,Spring,No,54.9,80.96,7.55
2023-03-06 01:00,3,1,Weekday,Spring,No,54.26,83.11,10.26
2023-03-06 02:00,3,2,Weekday,Spring,No,52.38,82.06,13.8
2023-03-06 03:00,3,3,Weekday,Spring,No,49.79,81.51,8.97
2023-03-06 04:00,3,4,Weekday,Spring,No,47.16,80.94,9.37
2023-03-06 05:00,3,5,Weekday,Spring,No,46.98,80.25,4.43
2023-03-06 06:00,3,6,Weekday,Spring,No,48.71,80.44,6.78
2023-03-06 07:00,3,7,Weekday,Spring,No,50.4,80.83,10.16
2023-03-06 08:00,3,8,Weekday,Spring,Yes,54.12,83.76,11.5
2023-03-06 09:00,3,9,Weekday,Spring,Yes,59.45,83.88,14.32
2023-03-06 10:00,3,10,Weekday,Spring,Yes,64.74,84.82,13.43
2023-03-06 11:00,3,11,Weekday,Spring,Yes,67.76,87.92,16.63
2023-03-06 12:00,3,12,Weekday,Spring,Yes,69.1,85.11,18.3
2023-03-06 13:00,3,13,Weekday,Spring,Yes,70.46,86.58,20.53
2023-03-06 14:00,3,14,Weekday,Spring,Yes,70.64,86.7,18.57
2023-03-06 15:00,3,15,Weekday,Spring,Yes,70.03,85.52,21.89
2023-03-06 16:00,3,16,Weekday,Spring,Yes,69.38,86.83,14.07
2023-03-06 17:00,3,17,Weekday,Spring,Yes,67.72,85.31,20.89
2023-03-06 18:00,3,18,Weekday,Spring,No,65.38,84.7,17.35
2023-03-06 19:00,3,19,Weekday,Spring,No,63.04,83.79,15.3
2023-03-06 20:00,3,20,Weekday,Spring,No,61.12,84.07,15.13
2023-03-06 21:00,3,21,Weekday,Spring,No,59.39,83.04,13.21
2023-03-06 22:00,3,22,Weekday,Spring,No,57.7,83.58,14.07
2023-03-06 23:00,3,23,Weekday,Spring,No,56.81,83.52,13.17
2023-03-07 00:00,3,0,Weekday,Spring,No,56.45,82.26,14.55
2023-03-07 01:00,3,1,Weekday,Spring,No,56.09,82.06,10.69
2023-03-07 02:00,3,2,Weekday,Spring,No,55.42,82.85,8.75
2023-03-07 03:00,3,3,Weekday,Spring,No,54.41,83.53,11.46
2023-03-07 04:00,3,4,Weekday,Spring,No,53.43,82.94,8.54
2023-03-07 05:00,3,5,Weekday,Spring,No,52.85,81.57,8.11
2023-03-07 06:00,3,6,Weekday,Spring,No,52.49,82.23,12.29
2023-03-07 07:00,3,7,Weekday,Spring,No,52.13,82.25,13.25
2023-03-07 08:00,3,8,Weekday,Spring,Yes,52.72,79.84,12.1
2023-03-07 09:00,3,9,Weekday,Spring,Yes,54.08,81.81,10.05
2023-03-07 10:00,3,10,Weekday,Spring,Yes,55.42,82.48,14.36
2023-03-07 11:00,3,11,Weekday,Spring,Yes,57.3,82.12,9.66
2023-03-07 12:00,3,12,Weekday,Spring,Yes,59.64,83.12,15.9
2023-03-07 13:00,3,13,Weekday,Spring,Yes,61.98,84.67,16.75
2023-03-07 14:00,3,14,Weekday,Spring,Yes,63.17,84.43,19.98
2023-03-07 15:00,3,15,Weekday,Spring,Yes,63.53,84.51,22.76
2023-03-07 16:00,3,16,Weekday,Spring,Yes,63.89,84.51,16.64
2023-03-07 17:00,3,17,Weekday,Spring,Yes,62.89,84.52,18.05
2023-03-07 18:00,3,18,Weekday,Spring,No,60.8,83.29,12.38
2023-03-07 19:00,3,19,Weekday,Spring,No,58.74,84.63,15.04
2023-03-07 20:00,3,20,Weekday,Spring,No,56.76,82.94,11.53
2023-03-07 21:00,3,21,Weekday,Spring,No,54.78,83.65,10.58
2023-03-07 22:00,3,22,Weekday,Spring,No,52.8,81.5,6.28
2023-03-07 23:00,3,23,Weekday,Spring,No,51.24,81.27,12.86
2023-03-08 00:00,3,0,Weekday,Spring,No,49.88,80.73,8.34
2023-03-08 01:00,3,1,Weekday,Spring,No,48.54,80.69,11.93
2023-03-08 02:00,3,2,Weekday,Spring,No,47.28,79.22,7.88
2023-03-08 03:00,3,3,Weekday,Spring,No,45.92,79.97,9.15
2023-03-08 04:00,3,4,Weekday,Spring,No,44.58,80.62,9.9
2023-03-08 05:00,3,5,Weekday,Spring,No,44.48,79.16,3.57
2023-03-08 06:00,3,6,Weekday,Spring,No,45.1,79.74,5.34
2023-03-08 07:00,3,7,Weekday,Spring,No,45.74,81.7,3.66
2023-03-08 08:00,3,8,Weekday,Spring,Yes,48.98,81.49,9.07
2023-03-08 09:00,3,9,Weekday,Spring,Yes,53.92,81.11,13.63
2023-03-08 10:00,3,10,Weekday,Spring,Yes,58.88,84.87,10.94
2023-03-08 11:00,3,11,Weekday,Spring,Yes,62.35,84.8,14.14
2023-03-08 12:00,3,12,Weekday,Spring,Yes,64.68,84.47,15.56
2023-03-08 13:00,3,13,Weekday,Spring,Yes,67.03,86.73,25.37
2023-03-08 14:00,3,14,Weekday,Spring,Yes,68.21,86.63,17.84
2023-03-08 15:00,3,15,Weekday,Spring,Yes,68.57,86.53,18.62
2023-03-08 16:00,3,16,Weekday,Spring,Yes,68.93,86.35,19.72
2023-03-08 17:00,3,17,Weekday,Spring,Yes,67.72,85.18,22.22
2023-03-08 18:00,3,18,Weekday,Spring,No,65.38,85.39,14.55
2023-03-08 19:00,3,19,Weekday,Spring,No,63.04,82.92,17.4
2023-03-08 20:00,3,20,Weekday,Spring,No,60.28,84.89,10.8
2023-03-08 21:00,3,21,Weekday,Spring,No,57.32,83.21,14.49
2023-03-08 22:00,3,22,Weekday,Spring,No,54.33,81.77,9.2
2023-03-08 23:00,3,23,Weekday,Spring,No,52.43,81.97,6.54
2023-03-09 00:00,3,0,Weekday,Spring,No,51.46,82.24,11.78
2023-03-09 01:00,3,1,Weekday,Spring,No,50.45,82.04,7.2
2023-03-09 02:00,3,2,Weekday,Spring,No,49.06,80.71,9.34
2023-03-09 03:00,3,3,Weekday,Spring,No,47.33,80.32,7.21
2023-03-09 04:00,3,4,Weekday,Spring,No,45.64,82.06,7.21
2023-03-09 05:00,3,5,Weekday,Spring,No,45.59,80.18,8.88
2023-03-09 06:00,3,6,Weekday,Spring,No,46.56,80.9,9.19
2023-03-09 07:00,3,7,Weekday,Spring,No,47.57,80.3,6.91
2023-03-09 08:00,3,8,Weekday,Spring,Yes,50.54,81.42,13.15
2023-03-09 09:00,3,9,Weekday,Spring,Yes,54.86,81.76,19.24
2023-03-09 10:00,3,10,Weekday,Spring,Yes,59.18,84.24,16.49
2023-03-09 11:00,3,11,Weekday,Spring,Yes,62.35,83.77,15.72
2023-03-09 12:00,3,12,Weekday,Spring,Yes,64.68,83.87,14.28
2023-03-09 13:00,3,13,Weekday,Spring,Yes,67.03,85.8,19.92
2023-03-09 14:00,3,14,Weekday,Spring,Yes,68.0,84.06,17.76
2023-03-09 15:00,3,15,Weekday,Spring,Yes,68.0,85.44,14.18
2023-03-09 16:00,3,16,Weekday,Spring,Yes,68.0,86.55,16.43
2023-03-09 17:00,3,17,Weekday,Spring,Yes,67.06,85.38,20.09
2023-03-09 18:00,3,18,Weekday,Spring,No,65.33,84.2,13.36
2023-03-09 19:00,3,19,Weekday,Spring,No,63.64,84.38,13.73
2023-03-09 20:00,3,20,Weekday,Spring,No,61.8,84.82,15.53
2023-03-09 21:00,3,21,Weekday,Spring,No,59.82,84.02,12.58
2023-03-09 22:00,3,22,Weekday,Spring,No,57.85,82.43,14.52
2023-03-09 23:00,3,23,Weekday,Spring,No,56.6,81.93,15.55
2023-03-10 00:00,3,0,Weekday,Spring,No,55.98,82.54,9.32
2023-03-10 01:00,3,1,Weekday,Spring,No,55.34,82.85,11.69
2023-03-10 02:00,3,2,Weekday,Spring,No,54.83,82.47,9.68
2023-03-10 03:00,3,3,Weekday,Spring,No,54.47,82.31,10.62
2023-03-10 04:00,3,4,Weekday,Spring,No,54.11,81.78,13.14
2023-03-10 05:00,3,5,Weekday,Spring,No,54.38,81.58,12.1
2023-03-10 06:00,3,6,Weekday,Spring,No,55.0,80.5,9.16
2023-03-10 07:00,3,7,Weekday,Spring,No,55.64,82.86,10.81
2023-03-10 08:00,3,8,Weekday,Spring,Yes,57.52,82.97,14.26
2023-03-10 09:00,3,9,Weekday,Spring,Yes,60.22,84.91,16.61
2023-03-10 10:00,3,10,Weekday,Spring,Yes,62.92,85.46,18.25
2023-03-10 11:00,3,11,Weekday,Spring,Yes,64.25,86.43,14.96
2023-03-10 12:00,3,12,Weekday,Spring,Yes,64.51,85.5,13.84
2023-03-10 13:00,3,13,Weekday,Spring,Yes,64.79,84.75,14.22
2023-03-10 14:00,3,14,Weekday,Spring,Yes,63.16,83.76,15.51
2023-03-10 15:00,3,15,Weekday,Spring,Yes,60.2,82.93,17.06
2023-03-10 16:00,3,16,Weekday,Spring,Yes,57.22,83.38,17.79
2023-03-10 17:00,3,17,Weekday,Spring,Yes,55.52,83.29,10.13
2023-03-10 18:00,3,18,Weekday,Spring,No,54.9,81.9,8.74
2023-03-10 19:00,3,19,Weekday,Spring,No,54.26,83.06,14.19
2023-03-10 20:00,3,20,Weekday,Spring,No,53.96,81.95,11.22
2023-03-10 21:00,3,21,Weekday,Spring,No,53.96,81.0,11.04
2023-03-10 22:00,3,22,Weekday,Spring,No,53.96,81.59,12.33
2023-03-10 23:00,3,23,Weekday,Spring,No,53.96,82.63,8.07
2023-03-11 00:00,3,0,Weekend,Spring,No,53.96,82.59,12.78
2023-03-11 01:00,3,1,Weekend,Spring,No,53.96,81.48,8.52
2023-03-11 02:00,3,2,Weekend,Spring,No,53.54,81.92,13.76
2023-03-11 03:00,3,3,Weekend,Spring,No,52.92,82.27,7.56
2023-03-11 04:00,3,4,Weekend,Spring,No,52.28,82.5,12.16
2023-03-11 05:00,3,5,Weekend,Spring,No,51.98,81.66,8.44
2023-03-11 06:00,3,6,Weekend,Spring,No,51.98,81.7,10.9
2023-03-11 07:00,3,7,Weekend,Spring,No,51.98,81.96,9.12
2023-03-11 08:00,3,8,Weekend,Spring,No,53.56,81.99,8.04
2023-03-11 09:00,3,9,Weekend,Spring,No,56.26,83.21,11.96
2023-03-11 10:00,3,10,Weekend,Spring,No,58.96,83.45,12.38
2023-03-11 11:00,3,11,Weekend,Spring,No,60.29,84.32,13.89
2023-03-11 12:00,3,12,Weekend,Spring,No,60.54,83.03,12.66
2023-03-11 13:00,3,13,Weekend,Spring,No,60.83,83.28,16.59
2023-03-11 14:00,3,14,Weekend,Spring,No,61.19,84.49,16.28
2023-03-11 15:00,3,15,Weekend,Spring,No,61.55,84.43,14.24
2023-03-11 16:00,3,16,Weekend,Spring,No,61.91,83.97,15.44
2023-03-11 17:00,3,17,Weekend,Spring,No,61.12,84.55,8.75
2023-03-11 18:00,3,18,Weekend,Spring,No,59.39,82.92,14.47
2023-03-11 19:00,3,19,Weekend,Spring,No,57.7,82.54,10.27
2023-03-11 20:00,3,20,Weekend,Spring,No,56.6,82.68,12.47
2023-03-11 21:00,3,21,Weekend,Spring,No,55.98,83.16,13.51
2023-03-11 22:00,3,22,Weekend,Spring,No,55.34,81.6,9.97
2023-03-11 23:00,3,23,Weekend,Spring,No,54.41,82.86,8.73
2023-03-12 00:00,3,0,Weekend,Spring,No,53.43,81.95,7.86
2023-03-12 01:00,3,1,Weekend,Spring,No,52.43,81.22,6.34
2023-03-12 02:00,3,2,Weekend,Spring,No,51.35,81.52,10.9
2023-03-12 03:00,3,3,Weekend,Spring,No,50.38,80.32,6.83
2023-03-12 04:00,3,4,Weekend,Spring,No,49.37,80.27,7.04
2023-03-12 05:00,3,5,Weekend,Spring,No,49.34,80.7,8.65
2023-03-12 06:00,3,6,Weekend,Spring,No,50.06,80.97,11.06
2023-03-12 07:00,3,7,Weekend,Spring,No,50.78,80.87,12.4
2023-03-12 08:00,3,8,Weekend,Spring,No,52.86,82.21,9.45
2023-03-12 09:00,3,9,Weekend,Spring,No,55.82,82.38,15.49
2023-03-12 10:00,3,10,Weekend,Spring,No,58.8,83.49,14.14
2023-03-12 11:00,3,11,Weekend,Spring,No,60.6,83.46,13.66
2023-03-12 12:00,3,12,Weekend,Spring,No,61.61,82.55,13.23
2023-03-12 13:00,3,13,Weekend,Spring,No,62.58,84.55,17.29
2023-03-12 14:00,3,14,Weekend,Spring,No,63.59,85.76,13.59
2023-03-12 15:00,3,15,Weekend,Spring,No,64.56,84.69,10.19
2023-03-12 16:00,3,16,Weekend,Spring,No,65.57,86.52,10.57
2023-03-12 17:00,3,17,Weekend,Spring,No,64.86,84.81,10.93
2023-03-12 18:00,3,18,Weekend,Spring,No,62.89,84.77,16.07
2023-03-12 19:00,3,19,Weekend,Spring,No,60.9,84.46,12.02
2023-03-12 20:00,3,20,Weekend,Spring,No,59.14,83.12,11.15
2023-03-12 21:00,3,21,Weekend,Spring,No,57.41,83.05,12.89
2023-03-12 22:00,3,22,Weekend,Spring,No,55.72,83.73,14.27
2023-03-12 23:00,3,23,Weekend,Spring,No,53.68,81.98,9.24
2023-03-13 00:00,3,0,Weekday,Spring,No,51.34,80.94,7.47
2023-03-13 01:00,3,1,Weekday,Spring,No,49.0,79.83,8.15
2023-03-13 02:00,3,2,Weekday,Spring,No,47.28,80.01,9.24
2023-03-13 03:00,3,3,Weekday,Spring,No,45.92,79.29,7.91
2023-03-13 04:00,3,4,Weekday,Spring,No,44.58,78.91,1.42
2023-03-13 05:00,3,5,Weekday,Spring,No,44.58,77.94,12.14
2023-03-13 06:00,3,6,Weekday,Spring,No,45.59,80.12,10.4
2023-03-13 07:00,3,7,Weekday,Spring,No,46.56,78.95,5.4
2023-03-13 08:00,3,8,Weekday,Spring,Yes,50.4,81.26,11.87
2023-03-13 09:00,3,9,Weekday,Spring,Yes,56.45,83.89,12.92
2023-03-13 10:00,3,10,Weekday,Spring,Yes,62.46,84.79,16.79
2023-03-13 11:00,3,11,Weekday,Spring,Yes,66.52,85.62,18.8
2023-03-13 12:00,3,12,Weekday,Spring,Yes,69.22,85.63,23.56
2023-03-13 13:00,3,13,Weekday,Spring,Yes,71.92,86.59,22.65
2023-03-13 14:00,3,14,Weekday,Spring,Yes,73.25,87.54,21.98
2023-03-13 15:00,3,15,Weekday,Spring,Yes,73.51,87.04,17.04
2023-03-13 16:00,3,16,Weekday,Spring,Yes,73.79,86.56,21.11
2023-03-13 17:00,3,17,Weekday,Spring,Yes,72.37,86.89,19.59
2023-03-13 18:00,3,18,Weekday,Spring,No,69.77,87.76,19.17
2023-03-13 19:00,3,19,Weekday,Spring,No,67.14,85.27,13.33
2023-03-13 20:00,3,20,Weekday,Spring,No,64.24,85.01,12.93
2023-03-13 21:00,3,21,Weekday,Spring,No,61.28,84.04,12.46
2023-03-13 22:00,3,22,Weekday,Spring,No,58.3,83.43,13.17
2023-03-13 23:00,3,23,Weekday,Spring,No,56.08,83.07,13.17
2023-03-14 00:00,3,0,Weekday,Spring,No,54.35,81.67,9.58
2023-03-14 01:00,3,1,Weekday,Spring,No,52.66,81.67,8.71
2023-03-14 02:00,3,2,Weekday,Spring,No,51.35,82.88,7.13
2023-03-14 03:00,3,3,Weekday,Spring,No,50.38,81.21,6.31
2023-03-14 04:00,3,4,Weekday,Spring,No,49.37,80.99,10.32
2023-03-14 05:00,3,5,Weekday,Spring,No,49.76,80.08,12.51
2023-03-14 06:00,3,6,Weekday,Spring,No,51.1,81.88,7.15
2023-03-14 07:00,3,7,Weekday,Spring,No,52.46,80.81,6.56
2023-03-14 08:00,3,8,Weekday,Spring,Yes,56.21,81.24,15.03
2023-03-14 09:00,3,9,Weekday,Spring,Yes,61.5,83.93,16.37
2023-03-14 10:00,3,10,Weekday,Spring,Yes,66.83,85.49,20.44
2023-03-14 11:00,3,11,Weekday,Spring,Yes,70.45,87.55,18.53
2023-03-14 12:00,3,12,Weekday,Spring,Yes,72.68,88.28,22.13
2023-03-14 13:00,3,13,Weekday,Spring,Yes,74.95,87.26,24.02
2023-03-14 14:00,3,14,Weekday,Spring,Yes,75.5,88.0,18.43
2023-03-14 15:00,3,15,Weekday,Spring,Yes,74.88,87.43,19.91
2023-03-14 16:00,3,16,Weekday,Spring,Yes,74.24,87.37,20.6
2023-03-14 17:00,3,17,Weekday,Spring,Yes,72.58,88.01,23.46
2023-03-14 18:00,3,18,Weekday,Spring,No,70.24,86.48,21.08
2023-03-14 19:00,3,19,Weekday,Spring,No,67.9,85.34,15.83
2023-03-14 20:00,3,20,Weekday,Spring,No,65.03,86.23,15.36
2023-03-14 21:00,3,21,Weekday,Spring,No,61.68,85.17,15.43
2023-03-14 22:00,3,22,Weekday,Spring,No,58.37,83.72,13.86
2023-03-14 23:00,3,23,Weekday,Spring,No,56.08,83.03,12.39
2023-03-15 00:00,3,0,Weekday,Spring,No,54.35,83.05,14.29
2023-03-15 01:00,3,1,Weekday,Spring,No,52.66,83.17,9.1
2023-03-15 02:00,3,2,Weekday,Spring,No,51.77,82.49,6.85
2023-03-15 03:00,3,3,Weekday,Spring,No,51.52,81.49,9.49
2023-03-15 04:00,3,4,Weekday,Spring,No,51.23,80.46,4.89
2023-03-15 05:00,3,5,Weekday,Spring,No,51.5,81.14,9.5
2023-03-15 06:00,3,6,Weekday,Spring,No,52.12,82.21,8.22
2023-03-15 07:00,3,7,Weekday,Spring,No,52.76,82.98,11.25
2023-03-15 08:00,3,8,Weekday,Spring,Yes,55.37,82.68,9.79
2023-03-15 09:00,3,9,Weekday,Spring,Yes,59.33,84.46,14.46
2023-03-15 10:00,3,10,Weekday,Spring,Yes,63.29,83.81,23.68
2023-03-15 11:00,3,11,Weekday,Spring,Yes,66.31,84.24,14.51
2023-03-15 12:00,3,12,Weekday,Spring,Yes,68.65,86.29,20.34
2023-03-15 13:00,3,13,Weekday,Spring,Yes,70.98,86.4,17.93
2023-03-15 14:00,3,14,Weekday,Spring,Yes,72.17,85.09,26.26
2023-03-15 15:00,3,15,Weekday,Spring,Yes,72.53,86.81,21.33
2023-03-15 16:00,3,16,Weekday,Spring,Yes,72.89,88.49,18.6
2023-03-15 17:00,3,17,Weekday,Spring,Yes,72.1,86.79,23.71
2023-03-15 18:00,3,18,Weekday,Spring,No,70.37,85.83,17.72
2023-03-15 19:00,3,19,Weekday,Spring,No,68.68,86.32,18.08
2023-03-15 20:00,3,20,Weekday,Spring,No,66.84,86.06,16.62
2023-03-15 21:00,3,21,Weekday,Spring,No,64.86,85.15,13.68
2023-03-15 22:00,3,22,Weekday,Spring,No,62.89,84.97,13.44
2023-03-15 23:00,3,23,Weekday,Spring,No,61.12,83.39,11.67
2023-03-16 00:00,3,0,Weekday,Spring,No,59.39,83.43,13.47
2023-03-16 01:00,3,1,Weekday,Spring,No,57.7,83.23,13.81
2023-03-16 02:00,3,2,Weekday,Spring,No,56.08,82.52,10.42
2023-03-16 03:00,3,3,Weekday,Spring,No,54.35,81.59,6.1
2023-03-16 04:00,3,4,Weekday,Spring,No,52.66,82.15,11.38
2023-03-16 05:00,3,5,Weekday,Spring,No,52.19,82.42,11.0
2023-03-16 06:00,3,6,Weekday,Spring,No,52.55,80.77,8.93
2023-03-16 07:00,3,7,Weekday,Spring,No,52.91,80.8,14.72
2023-03-16 08:00,3,8,Weekday,Spring,Yes,55.37,82.12,14.48
2023-03-16 09:00,3,9,Weekday,Spring,Yes,59.33,83.33,17.22
2023-03-16 10:00,3,10,Weekday,Spring,Yes,63.29,86.14,12.14
2023-03-16 11:00,3,11,Weekday,Spring,Yes,65.88,86.78,15.86
2023-03-16 12:00,3,12,Weekday,Spring,Yes,67.61,86.44,20.03
2023-03-16 13:00,3,13,Weekday,Spring,Yes,69.31,85.79,19.8
2023-03-16 14:00,3,14,Weekday,Spring,Yes,69.77,86.62,21.79
2023-03-16 15:00,3,15,Weekday,Spring,Yes,69.52,85.29,16.6
2023-03-16 16:00,3,16,Weekday,Spring,Yes,69.23,86.73,19.16
2023-03-16 17:00,3,17,Weekday,Spring,Yes,67.72,85.85,15.83
2023-03-16 18:00,3,18,Weekday,Spring,No,65.38,85.46,13.2
2023-03-16 19:00,3,19,Weekday,Spring,No,63.04,85.39,14.46
2023-03-16 20:00,3,20,Weekday,Spring,No,60.7,85.67,15.46
2023-03-16 21:00,3,21,Weekday,Spring,No,58.36,83.0,9.33
2023-03-16 22:00,3,22,Weekday,Spring,No,56.02,83.63,11.51
2023-03-16 23:00,3,23,Weekday,Spring,No,53.88,83.43,7.65
2023-03-17 00:00,3,0,Weekday,Spring,No,51.8,82.35,11.12
2023-03-17 01:00,3,1,Weekday,Spring,No,49.74,79.72,6.44
2023-03-17 02:00,3,2,Weekday,Spring,No,48.4,80.98,3.13
2023-03-17 03:00,3,3,Weekday,Spring,No,47.39,78.81,10.15
2023-03-17 04:00,3,4,Weekday,Spring,No,46.42,81.19,8.91
2023-03-17 05:00,3,5,Weekday,Spring,No,46.98,78.12,12.74
2023-03-17 06:00,3,6,Weekday,Spring,No,48.71,80.2,6.29
2023-03-17 07:00,3,7,Weekday,Spring,No,50.4,80.35,11.8
2023-03-17 08:00,3,8,Weekday,Spring,Yes,53.18,82.6,8.89
2023-03-17 09:00,3,9,Weekday,Spring,Yes,56.88,82.11,13.13
2023-03-17 10:00,3,10,Weekday,Spring,Yes,60.56,83.97,14.02
2023-03-17 11:00,3,11,Weekday,Spring,Yes,63.64,83.13,20.05
2023-03-17 12:00,3,12,Weekday,Spring,Yes,66.23,85.19,20.51
2023-03-17 13:00,3,13,Weekday,Spring,Yes,68.86,87.25,23.98
2023-03-17 14:00,3,14,Weekday,Spring,Yes,70.61,87.53,18.57
2023-03-17 15:00,3,15,Weekday,Spring,Yes,71.58,85.55,20.46
2023-03-17 16:00,3,16,Weekday,Spring,Yes,72.59,87.62,20.85
2023-03-17 17:00,3,17,Weekday,Spring,Yes,71.26,86.47,19.76
2023-03-17 18:00,3,18,Weekday,Spring,No,68.3,85.94,20.13
2023-03-17 19:00,3,19,Weekday,Spring,No,65.32,86.11,15.75
2023-03-17 20:00,3,20,Weekday,Spring,No,63.41,83.91,17.16
2023-03-17 21:00,3,21,Weekday,Spring,No,62.44,84.93,12.51
2023-03-17 22:00,3,22,Weekday,Spring,No,61.43,84.14,13.64
2023-03-17 23:00,3,23,Weekday,Spring,No,60.24,84.97,7.4
2023-03-18 00:00,3,0,Weekend,Spring,No,58.88,82.33,13.9
2023-03-18 01:00,3,1,Weekend,Spring,No,57.54,82.16,11.02
2023-03-18 02:00,3,2,Weekend,Spring,No,56.39,83.25,14.12
2023-03-18 03:00,3,3,Weekend,Spring,No,55.42,82.1,13.14
2023-03-18 04:00,3,4,Weekend,Spring,No,54.41,82.07,16.06
2023-03-18 05:00,3,5,Weekend,Spring,No,54.38,81.57,12.15
2023-03-18 06:00,3,6,Weekend,Spring,No,55.0,83.94,13.05
2023-03-18 07:00,3,7,Weekend,Spring,No,55.64,82.17,12.4
2023-03-18 08:00,3,8,Weekend,Spring,No,58.46,84.47,11.93
2023-03-18 09:00,3,9,Weekend,Spring,No,62.89,84.44,9.56
2023-03-18 10:00,3,10,Weekend,Spring,No,67.28,83.65,12.75
2023-03-18 11:00,3,11,Weekend,Spring,No,70.66,87.2,17.37
2023-03-18 12:00,3,12,Weekend,Spring,No,73.25,87.19,16.41
2023-03-18 13:00,3,13,Weekend,Spring,No,75.88,89.82,19.3
2023-03-18 14:00,3,14,Weekend,Spring,No,76.37,88.69,20.04
2023-03-18 15:00,3,15,Weekend,Spring,No,75.4,88.35,16.87
2023-03-18 16:00,3,16,Weekend,Spring,No,74.39,88.29,17.31
2023-03-18 17:00,3,17,Weekend,Spring,No,72.37,87.07,15.53
2023-03-18 18:00,3,18,Weekend,Spring,No,69.77,86.82,19.41
2023-03-18 19:00,3,19,Weekend,Spring,No,67.14,85.51,15.04
2023-03-18 20:00,3,20,Weekend,Spring,No,64.24,85.96,18.72
2023-03-18 21:00,3,21,Weekend,Spring,No,61.28,84.6,14.82
2023-03-18 22:00,3,22,Weekend,Spring,No,58.3,83.53,14.25
2023-03-18 23:00,3,23,Weekend,Spring,No,56.81,82.81,11.93
2023-03-19 00:00,3,0,Weekend,Spring,No,56.45,82.63,10.29
2023-03-19 01:00,3,1,Weekend,Spring,No,56.09,82.94,6.69
2023-03-19 02:00,3,2,Weekend,Spring,No,55.0,82.58,13.11
2023-03-19 03:00,3,3,Weekend,Spring,No,53.38,81.28,9.92
2023-03-19 04:00,3,4,Weekend,Spring,No,51.76,80.69,9.09
2023-03-19 05:00,3,5,Weekend,Spring,No,49.5,80.99,8.83
2023-03-19 06:00,3,6,Weekend,Spring,No,46.8,80.57,4.17
2023-03-19 07:00,3,7,Weekend,Spring,No,44.1,79.44,5.32
2023-03-19 08:00,3,8,Weekend,Spring,No,43.61,78.33,7.49
2023-03-19 09:00,3,9,Weekend,Spring,No,44.58,79.01,3.29
2023-03-19 10:00,3,10,Weekend,Spring,No,45.59,79.31,7.42
2023-03-19 11:00,3,11,Weekend,Spring,No,47.4,80.73,16.35
2023-03-19 12:00,3,12,Weekend,Spring,No,49.74,80.07,8.95
2023-03-19 13:00,3,13,Weekend,Spring,No,52.08,81.7,11.01
2023-03-19 14:00,3,14,Weekend,Spring,No,53.58,81.19,7.66
2023-03-19 15:00,3,15,Weekend,Spring,No,54.59,82.34,13.23
2023-03-19 16:00,3,16,Weekend,Spring,No,55.57,82.34,7.68
2023-03-19 17:00,3,17,Weekend,Spring,No,55.2,81.8,14.75
2023-03-19 18:00,3,18,Weekend,Spring,No,53.84,82.18,9.92
2023-03-19 19:00,3,19,Weekend,Spring,No,52.5,82.45,10.99
2023-03-19 20:00,3,20,Weekend,Spring,No,50.62,81.32,8.78
2023-03-19 21:00,3,21,Weekend,Spring,No,48.28,79.0,8.19
2023-03-19 22:00,3,22,Weekend,Spring,No,45.94,80.16,9.88
2023-03-19 23:00,3,23,Weekend,Spring,No,44.54,78.35,2.88
2023-03-20 00:00,3,0,Weekday,Spring,No,43.92,80.6,7.43
2023-03-20 01:00,3,1,Weekday,Spring,No,43.28,78.15,6.2
2023-03-20 02:00,3,2,Weekday,Spring,No,42.56,79.23,7.49
2023-03-20 03:00,3,3,Weekday,Spring,No,41.94,77.92,7.96
2023-03-20 04:00,3,4,Weekday,Spring,No,41.3,78.18,7.58
2023-03-20 05:00,3,5,Weekday,Spring,No,41.42,78.79,5.71
2023-03-20 06:00,3,6,Weekday,Spring,No,42.04,78.69,10.08
2023-03-20 07:00,3,7,Weekday,Spring,No,42.68,79.73,5.11
2023-03-20 08:00,3,8,Weekday,Spring,Yes,45.71,79.54,9.37
2023-03-20 09:00,3,9,Weekday,Spring,Yes,50.39,80.17,6.85
2023-03-20 10:00,3,10,Weekday,Spring,Yes,55.07,82.28,17.71
2023-03-20 11:00,3,11,Weekday,Spring,Yes,58.38,82.85,18.26
2023-03-20 12:00,3,12,Weekday,Spring,Yes,60.72,82.4,16.1
2023-03-20 13:00,3,13,Weekday,Spring,Yes,63.06,83.8,17.96
2023-03-20 14:00,3,14,Weekday,Spring,Yes,64.78,84.38,12.95
2023-03-20 15:00,3,15,Weekday,Spring,Yes,66.14,86.8,18.8
2023-03-20 16:00,3,16,Weekday,Spring,Yes,67.47,83.36,17.8
2023-03-20 17:00,3,17,Weekday,Spring,Yes,67.06,86.66,17.87
2023-03-20 18:00,3,18,Weekday,Spring,No,65.33,86.32,18.75
2023-03-20 19:00,3,19,Weekday,Spring,No,63.64,85.01,12.4
2023-03-20 20:00,3,20,Weekday,Spring,No,61.07,84.03,13.49
2023-03-20 21:00,3,21,Weekday,Spring,No,57.72,82.45,11.41
2023-03-20 22:00,3,22,Weekday,Spring,No,54.41,81.68,8.85
2023-03-20 23:00,3,23,Weekday,Spring,No,52.12,81.2,11.17
2023-03-21 00:00,3,0,Weekday,Spring,No,50.39,80.34,9.36
2023-03-21 01:00,3,1,Weekday,Spring,No,48.7,81.73,9.92
2023-03-21 02:00,3,2,Weekday,Spring,No,47.6,81.53,0.98
2023-03-21 03:00,3,3,Weekday,Spring,No,46.98,79.07,6.15
2023-03-21 04:00,3,4,Weekday,Spring,No,46.34,79.24,2.5
2023-03-21 05:00,3,5,Weekday,Spring,No,46.98,78.42,12.28
2023-03-21 06:00,3,6,Weekday,Spring,No,48.71,80.7,3.03
2023-03-21 07:00,3,7,Weekday,Spring,No,50.4,80.95,9.55
2023-03-21 08:00,3,8,Weekday,Spring,Yes,54.33,82.13,8.87
2023-03-21 09:00,3,9,Weekday,Spring,Yes,60.02,82.98,10.85
2023-03-21 10:00,3,10,Weekday,Spring,Yes,65.68,85.55,12.01
2023-03-21 11:00,3,11,Weekday,Spring,Yes,69.58,86.06,20.04
2023-03-21 12:00,3,12,Weekday,Spring,Yes,72.17,87.45,21.0
2023-03-21 13:00,3,13,Weekday,Spring,Yes,74.8,87.24,17.8
2023-03-21 14:00,3,14,Weekday,Spring,Yes,75.92,88.03,20.86
2023-03-21 15:00,3,15,Weekday,Spring,Yes,75.92,88.65,22.44
2023-03-21 16:00,3,16,Weekday,Spring,Yes,75.92,89.34,23.57
2023-03-21 17:00,3,17,Weekday,Spring,Yes,74.13,87.55,23.01
2023-03-21 18:00,3,18,Weekday,Spring,No,71.18,86.42,18.0
2023-03-21 19:00,3,19,Weekday,Spring,No,68.2,84.03,15.61
2023-03-21 20:00,3,20,Weekday,Spring,No,66.18,86.61,12.01
2023-03-21 21:00,3,21,Weekday,Spring,No,64.82,86.55,14.16
2023-03-21 22:00,3,22,Weekday,Spring,No,63.48,85.86,10.75
2023-03-21 23:00,3,23,Weekday,Spring,No,62.02,84.32,12.92
2023-03-22 00:00,3,0,Weekday,Spring,No,60.29,84.4,15.11
2023-03-22 01:00,3,1,Weekday,Spring,No,58.6,83.24,15.0
2023-03-22 02:00,3,2,Weekday,Spring,No,57.5,85.1,8.46
2023-03-22 03:00,3,3,Weekday,Spring,No,56.88,81.47,14.82
2023-03-22 04:00,3,4,Weekday,Spring,No,56.24,81.89,5.04
2023-03-22 05:00,3,5,Weekday,Spring,No,55.0,81.87,10.11
2023-03-22 06:00,3,6,Weekday,Spring,No,53.38,82.72,4.14
2023-03-22 07:00,3,7,Weekday,Spring,No,51.76,81.49,8.95
2023-03-22 08:00,3,8,Weekday,Spring,Yes,52.24,81.87,14.99
2023-03-22 09:00,3,9,Weekday,Spring,Yes,54.22,82.8,15.02
2023-03-22 10:00,3,10,Weekday,Spring,Yes,56.2,82.54,14.14
2023-03-22 11:00,3,11,Weekday,Spring,Yes,57.76,82.51,17.19
2023-03-22 12:00,3,12,Weekday,Spring,Yes,59.12,83.73,18.97
2023-03-22 13:00,3,13,Weekday,Spring,Yes,60.46,83.4,13.49
2023-03-22 14:00,3,14,Weekday,Spring,Yes,60.35,83.84,17.89
2023-03-22 15:00,3,15,Weekday,Spring,Yes,59.38,83.68,18.92
2023-03-22 16:00,3,16,Weekday,Spring,Yes,58.37,81.84,18.3
2023-03-22 17:00,3,17,Weekday,Spring,Yes,57.18,82.39,13.07
2023-03-22 18:00,3,18,Weekday,Spring,No,55.82,83.8,11.88
2023-03-22 19:00,3,19,Weekday,Spring,No,54.48,81.71,9.89
2023-03-22 20:00,3,20,Weekday,Spring,No,53.02,82.57,13.16
2023-03-22 21:00,3,21,Weekday,Spring,No,51.29,82.71,10.23
2023-03-22 22:00,3,22,Weekday,Spring,No,49.6,80.99,9.15
2023-03-22 23:00,3,23,Weekday,Spring,No,47.56,80.33,10.03
2023-03-23 00:00,3,0,Weekday,Spring,No,45.32,79.71,3.95
2023-03-23 01:00,3,1,Weekday,Spring,No,43.06,78.24,5.21
2023-03-23 02:00,3,2,Weekday,Spring,No,42.29,79.76,5.67
2023-03-23 03:00,3,3,Weekday,Spring,No,42.54,78.26,12.67
2023-03-23 04:00,3,4,Weekday,Spring,No,42.83,80.95,6.03
2023-03-23 05:00,3,5,Weekday,Spring,No,43.72,80.54,5.77
2023-03-23 06:00,3,6,Weekday,Spring,No,45.08,80.08,10.3
2023-03-23 07:00,3,7,Weekday,Spring,No,46.42,80.57,7.74
2023-03-23 08:00,3,8,Weekday,Spring,Yes,48.93,82.09,14.29
2023-03-23 09:00,3,9,Weekday,Spring,Yes,52.25,81.45,11.68
2023-03-23 10:00,3,10,Weekday,Spring,Yes,55.6,82.42,14.19
2023-03-23 11:00,3,11,Weekday,Spring,Yes,58.18,82.38,15.69
2023-03-23 12:00,3,12,Weekday,Spring,Yes,60.16,82.53,17.34
2023-03-23 13:00,3,13,Weekday,Spring,Yes,62.14,84.26,15.51
2023-03-23 14:00,3,14,Weekday,Spring,Yes,63.38,85.14,15.85
2023-03-23 15:00,3,15,Weekday,Spring,Yes,64.0,85.9,16.59
2023-03-23 16:00,3,16,Weekday,Spring,Yes,64.64,85.27,19.82
2023-03-23 17:00,3,17,Weekday,Spring,Yes,64.0,84.45,21.79
2023-03-23 18:00,3,18,Weekday,Spring,No,62.38,83.48,16.25
2023-03-23 19:00,3,19,Weekday,Spring,No,60.76,85.02,13.33
2023-03-23 20:00,3,20,Weekday,Spring,No,59.24,83.05,13.08
2023-03-23 21:00,3,21,Weekday,Spring,No,57.9,84.3,12.81
2023-03-23 22:00,3,22,Weekday,Spring,No,56.54,82.69,11.13
2023-03-23 23:00,3,23,Weekday,Spring,No,54.36,82.12,12.85
2023-03-24 00:00,3,0,Weekday,Spring,No,51.77,82.39,9.63
2023-03-24 01:00,3,1,Weekday,Spring,No,49.14,81.39,6.15
2023-03-24 02:00,3,2,Weekday,Spring,No,47.28,80.07,7.19
2023-03-24 03:00,3,3,Weekday,Spring,No,45.92,81.01,12.75
2023-03-24 04:00,3,4,Weekday,Spring,No,44.58,78.9,8.81
2023-03-24 05:00,3,5,Weekday,Spring,No,44.8,78.99,4.38
2023-03-24 06:00,3,6,Weekday,Spring,No,46.16,80.17,9.91
2023-03-24 07:00,3,7,Weekday,Spring,No,47.5,80.73,4.99
2023-03-24 08:00,3,8,Weekday,Spring,Yes,49.6,80.46,9.08
2023-03-24 09:00,3,9,Weekday,Spring,Yes,52.19,81.33,16.34
2023-03-24 10:00,3,10,Weekday,Spring,Yes,54.82,82.0,15.98
2023-03-24 11:00,3,11,Weekday,Spring,Yes,57.93,83.23,15.24
2023-03-24 12:00,3,12,Weekday,Spring,Yes,61.25,84.53,14.16
2023-03-24 13:00,3,13,Weekday,Spring,Yes,64.6,83.52,20.16
2023-03-24 14:00,3,14,Weekday,Spring,Yes,66.76,84.8,19.87
2023-03-24 15:00,3,15,Weekday,Spring,Yes,68.12,86.43,18.74
2023-03-24 16:00,3,16,Weekday,Spring,Yes,69.46,84.55,20.76
2023-03-24 17:00,3,17,Weekday,Spring,Yes,67.88,86.13,20.49
2023-03-24 18:00,3,18,Weekday,Spring,No,64.18,84.57,13.79
2023-03-24 19:00,3,19,Weekday,Spring,No,60.5,83.95,10.86
2023-03-24 20:00,3,20,Weekday,Spring,No,58.06,81.83,15.1
2023-03-24 21:00,3,21,Weekday,Spring,No,56.33,81.63,10.3
2023-03-24 22:00,3,22,Weekday,Spring,No,54.64,82.36,13.02
2023-03-24 23:00,3,23,Weekday,Spring,No,53.02,80.92,8.28
2023-03-25 00:00,3,0,Weekend,Spring,No,51.29,81.94,9.08
2023-03-25 01:00,3,1,Weekend,Spring,No,49.6,79.72,13.98
2023-03-25 02:00,3,2,Weekend,Spring,No,48.71,81.04,7.1
2023-03-25 03:00,3,3,Weekend,Spring,No,48.46,81.08,6.99
2023-03-25 04:00,3,4,Weekend,Spring,No,48.17,80.64,7.59
2023-03-25 05:00,3,5,Weekend,Spring,No,48.65,80.81,8.18
2023-03-25 06:00,3,6,Weekend,Spring,No,49.62,80.68,8.23
2023-03-25 07:00,3,7,Weekend,Spring,No,50.63,82.01,14.14
2023-03-25 08:00,3,8,Weekend,Spring,No,53.39,81.49,12.4
2023-03-25 09:00,3,9,Weekend,Spring,No,57.35,84.03,17.29
2023-03-25 10:00,3,10,Weekend,Spring,No,61.31,85.4,13.83
2023-03-25 11:00,3,11,Weekend,Spring,No,63.7,83.98,14.86
2023-03-25 12:00,3,12,Weekend,Spring,No,65.06,85.24,16.92
2023-03-25 13:00,3,13,Weekend,Spring,No,66.4,85.76,14.13
2023-03-25 14:00,3,14,Weekend,Spring,No,67.13,84.98,12.77
2023-03-25 15:00,3,15,Weekend,Spring,No,67.49,86.78,12.97
2023-03-25 16:00,3,16,Weekend,Spring,No,67.85,87.04,13.53
2023-03-25 17:00,3,17,Weekend,Spring,No,66.42,85.85,16.77
2023-03-25 18:00,3,18,Weekend,Spring,No,63.83,84.02,12.11
2023-03-25 19:00,3,19,Weekend,Spring,No,61.2,83.27,13.44
2023-03-25 20:00,3,20,Weekend,Spring,No,58.92,84.51,16.9
2023-03-25 21:00,3,21,Weekend,Spring,No,56.84,82.9,7.91
2023-03-25 22:00,3,22,Weekend,Spring,No,54.78,81.43,9.2
2023-03-25 23:00,3,23,Weekend,Spring,No,53.43,80.83,7.5
2023-03-26 00:00,3,0,Weekend,Spring,No,52.43,80.71,8.82
2023-03-26 01:00,3,1,Weekend,Spring,No,51.46,82.0,6.76
2023-03-26 02:00,3,2,Weekend,Spring,No,50.66,81.73,7.94
2023-03-26 03:00,3,3,Weekend,Spring,No,49.94,81.49,6.18
2023-03-26 04:00,3,4,Weekend,Spring,No,49.22,80.04,12.09
2023-03-26 05:00,3,5,Weekend,Spring,No,49.55,80.37,9.38
2023-03-26 06:00,3,6,Weekend,Spring,No,50.52,81.51,8.28
2023-03-26 07:00,3,7,Weekend,Spring,No,51.53,81.62,9.25
2023-03-26 08:00,3,8,Weekend,Spring,No,53.34,81.72,9.87
2023-03-26 09:00,3,9,Weekend,Spring,No,55.68,83.06,12.61
2023-03-26 10:00,3,10,Weekend,Spring,No,58.02,83.51,10.43
2023-03-26 11:00,3,11,Weekend,Spring,No,59.0,84.95,14.19
2023-03-26 12:00,3,12,Weekend,Spring,No,59.0,84.7,13.85
2023-03-26 13:00,3,13,Weekend,Spring,No,59.0,84.14,17.14
2023-03-26 14:00,3,14,Weekend,Spring,No,58.26,82.58,12.58
2023-03-26 15:00,3,15,Weekend,Spring,No,56.9,84.16,10.46
2023-03-26 16:00,3,16,Weekend,Spring,No,55.57,82.18,10.27
2023-03-26 17:00,3,17,Weekend,Spring,No,52.94,80.0,10.15
2023-03-26 18:00,3,18,Weekend,Spring,No,49.24,80.48,10.64
2023-03-26 19:00,3,19,Weekend,Spring,No,45.56,79.6,6.36
2023-03-26 20:00,3,20,Weekend,Spring,No,43.22,79.48,6.81
2023-03-26 21:00,3,21,Weekend,Spring,No,41.89,78.94,9.92
2023-03-26 22:00,3,22,Weekend,Spring,No,40.52,78.48,8.76
2023-03-26 23:00,3,23,Weekend,Spring,No,40.13,78.79,3.62
2023-03-27 00:00,3,0,Weekday,Spring,No,40.49,78.19,5.12
2023-03-27 01:00,3,1,Weekday,Spring,No,40.85,79.16,5.52
2023-03-27 02:00,3,2,Weekday,Spring,No,41.42,78.36,10.03
2023-03-27 03:00,3,3,Weekday,Spring,No,42.04,79.43,6.09
2023-03-27 04:00,3,4,Weekday,Spring,No,42.68,80.0,7.11
2023-03-27 05:00,3,5,Weekday,Spring,No,43.4,79.31,7.93
2023-03-27 06:00,3,6,Weekday,Spring,No,44.02,78.53,6.09
2023-03-27 07:00,3,7,Weekday,Spring,No,44.66,79.23,6.53
2023-03-27 08:00,3,8,Weekday,Spring,Yes,45.9,80.94,10.42
2023-03-27 09:00,3,9,Weekday,Spring,Yes,47.63,79.24,11.93
2023-03-27 10:00,3,10,Weekday,Spring,Yes,49.32,79.61,12.91
2023-03-27 11:00,3,11,Weekday,Spring,Yes,51.36,80.25,13.61
2023-03-27 12:00,3,12,Weekday,Spring,Yes,53.7,80.93,15.74
2023-03-27 13:00,3,13,Weekday,Spring,Yes,56.04,81.66,13.99
2023-03-27 14:00,3,14,Weekday,Spring,Yes,57.65,84.57,11.79
2023-03-27 15:00,3,15,Weekday,Spring,Yes,58.62,82.57,14.1
2023-03-27 16:00,3,16,Weekday,Spring,Yes,59.63,83.85,15.09
2023-03-27 17:00,3,17,Weekday,Spring,Yes,59.66,85.26,14.99
2023-03-27 18:00,3,18,Weekday,Spring,No,58.94,83.67,12.91
2023-03-27 19:00,3,19,Weekday,Spring,No,58.22,81.91,8.38
2023-03-27 20:00,3,20,Weekday,Spring,No,56.34,82.67,5.94
2023-03-27 21:00,3,21,Weekday,Spring,No,53.75,82.43,16.15
2023-03-27 22:00,3,22,Weekday,Spring,No,51.12,80.41,9.14
2023-03-27 23:00,3,23,Weekday,Spring,No,49.37,81.14,8.84
2023-03-28 00:00,3,0,Weekday,Spring,No,48.4,81.06,11.71
2023-03-28 01:00,3,1,Weekday,Spring,No,47.39,79.71,5.67
2023-03-28 02:00,3,2,Weekday,Spring,No,46.52,79.47,5.03
2023-03-28 03:00,3,3,Weekday,Spring,No,45.9,80.96,3.1
2023-03-28 04:00,3,4,Weekday,Spring,No,45.26,79.21,5.0
2023-03-28 05:00,3,5,Weekday,Spring,No,45.38,80.58,7.19
2023-03-28 06:00,3,6,Weekday,Spring,No,46.0,79.99,8.09
2023-03-28 07:00,3,7,Weekday,Spring,No,46.64,80.02,5.29
2023-03-28 08:00,3,8,Weekday,Spring,Yes,48.93,79.13,13.35
2023-03-28 09:00,3,9,Weekday,Spring,Yes,52.25,82.02,12.41
2023-03-28 10:00,3,10,Weekday,Spring,Yes,55.6,82.49,12.75
2023-03-28 11:00,3,11,Weekday,Spring,Yes,58.18,84.71,15.64
2023-03-28 12:00,3,12,Weekday,Spring,Yes,60.16,82.8,18.67
2023-03-28 13:00,3,13,Weekday,Spring,Yes,62.14,83.08,16.4
2023-03-28 14:00,3,14,Weekday,Spring,Yes,62.75,84.03,16.75
2023-03-28 15:00,3,15,Weekday,Spring,Yes,62.5,82.96,11.91
2023-03-28 16:00,3,16,Weekday,Spring,Yes,62.21,84.51,13.36
2023-03-28 17:00,3,17,Weekday,Spring,Yes,60.9,83.86,17.99
2023-03-28 18:00,3,18,Weekday,Spring,No,58.82,83.32,16.07
2023-03-28 19:00,3,19,Weekday,Spring,No,56.76,82.71,11.23
2023-03-28 20:00,3,20,Weekday,Spring,No,55.42,83.63,10.34
2023-03-28 21:00,3,21,Weekday,Spring,No,54.41,83.37,11.07
2023-03-28 22:00,3,22,Weekday,Spring,No,53.43,81.77,7.43
2023-03-28 23:00,3,23,Weekday,Spring,No,51.07,81.67,8.93
2023-03-29 00:00,3,0,Weekday,Spring,No,47.75,80.69,5.06
2023-03-29 01:00,3,1,Weekday,Spring,No,44.4,78.32,1.26
2023-03-29 02:00,3,2,Weekday,Spring,No,42.35,80.05,4.7
2023-03-29 03:00,3,3,Weekday,Spring,No,41.38,79.91,4.88
2023-03-29 04:00,3,4,Weekday,Spring,No,40.37,79.06,6.82
2023-03-29 05:00,3,5,Weekday,Spring,No,40.86,77.78,8.15
2023-03-29 06:00,3,6,Weekday,Spring,No,42.59,79.58,4.05
2023-03-29 07:00,3,7,Weekday,Spring,No,44.28,79.85,2.05
2023-03-29 08:00,3,8,Weekday,Spring,Yes,47.48,80.1,13.68
2023-03-29 09:00,3,9,Weekday,Spring,Yes,51.8,81.78,13.42
2023-03-29 10:00,3,10,Weekday,Spring,Yes,56.12,82.02,9.41
2023-03-29 11:00,3,11,Weekday,Spring,Yes,59.28,82.99,17.96
2023-03-29 12:00,3,12,Weekday,Spring,Yes,61.62,84.93,14.55
2023-03-29 13:00,3,13,Weekday,Spring,Yes,63.96,83.45,18.81
2023-03-29 14:00,3,14,Weekday,Spring,Yes,65.15,84.18,17.22
2023-03-29 15:00,3,15,Weekday,Spring,Yes,65.51,85.73,13.99
2023-03-29 16:00,3,16,Weekday,Spring,Yes,65.87,85.46,14.85
2023-03-29 17:00,3,17,Weekday,Spring,Yes,64.66,84.68,16.85
2023-03-29 18:00,3,18,Weekday,Spring,No,62.32,84.52,17.6
2023-03-29 19:00,3,19,Weekday,Spring,No,59.98,84.42,13.21
2023-03-29 20:00,3,20,Weekday,Spring,No,57.64,82.2,13.31
2023-03-29 21:00,3,21,Weekday,Spring,No,55.3,83.1,8.53
2023-03-29 22:00,3,22,Weekday,Spring,No,52.96,81.54,13.81
2023-03-29 23:00,3,23,Weekday,Spring,No,50.62,81.37,8.65
2023-03-30 00:00,3,0,Weekday,Spring,No,48.28,81.56,9.83
2023-03-30 01:00,3,1,Weekday,Spring,No,45.94,79.54,10.48
2023-03-30 02:00,3,2,Weekday,Spring,No,44.44,79.46,11.2
2023-03-30 03:00,3,3,Weekday,Spring,No,43.43,77.99,10.9
2023-03-30 04:00,3,4,Weekday,Spring,No,42.46,79.48,6.9
2023-03-30 05:00,3,5,Weekday,Spring,No,43.24,79.23,10.98
2023-03-30 06:00,3,6,Weekday,Spring,No,45.22,79.12,1.42
2023-03-30 07:00,3,7,Weekday,Spring,No,47.2,80.06,9.3
2023-03-30 08:00,3,8,Weekday,Spring,Yes,50.96,82.64,11.01
2023-03-30 09:00,3,9,Weekday,Spring,Yes,55.9,81.1,11.4
2023-03-30 10:00,3,10,Weekday,Spring,Yes,60.86,82.56,11.37
2023-03-30 11:00,3,11,Weekday,Spring,Yes,64.32,84.15,16.39
2023-03-30 12:00,3,12,Weekday,Spring,Yes,66.66,85.73,16.35
2023-03-30 13:00,3,13,Weekday,Spring,Yes,69.01,85.31,22.91
2023-03-30 14:00,3,14,Weekday,Spring,Yes,70.61,87.24,16.1
2023-03-30 15:00,3,15,Weekday,Spring,Yes,71.58,87.14,19.37
2023-03-30 16:00,3,16,Weekday,Spring,Yes,72.59,88.14,22.16
2023-03-30 17:00,3,17,Weekday,Spring,Yes,71.26,86.95,22.67
2023-03-30 18:00,3,18,Weekday,Spring,No,68.3,85.13,15.56
2023-03-30 19:00,3,19,Weekday,Spring,No,65.32,84.94,15.01
2023-03-30 20:00,3,20,Weekday,Spring,No,62.89,84.44,14.7
2023-03-30 21:00,3,21,Weekday,Spring,No,60.8,83.11,14.93
2023-03-30 22:00,3,22,Weekday,Spring,No,58.74,84.04,12.73
2023-03-30 23:00,3,23,Weekday,Spring,No,57.5,82.12,9.92
2023-03-31 00:00,3,0,Weekday,Spring,No,56.88,82.3,14.02
2023-03-31 01:00,3,1,Weekday,Spring,No,56.24,82.56,13.71
2023-03-31 02:00,3,2,Weekday,Spring,No,55.2,83.35,12.82
2023-03-31 03:00,3,3,Weekday,Spring,No,53.84,82.32,10.47
2023-03-31 04:00,3,4,Weekday,Spring,No,52.5,81.36,13.84
2023-03-31 05:00,3,5,Weekday,Spring,No,51.98,80.96,9.77
2023-03-31 06:00,3,6,Weekday,Spring,No,51.98,81.42,13.62
2023-03-31 07:00,3,7,Weekday,Spring,No,51.98,81.89,6.6
2023-03-31 08:00,3,8,Weekday,Spring,Yes,52.92,82.33,11.93
2023-03-31 09:00,3,9,Weekday,Spring,Yes,54.65,83.0,13.92
2023-03-31 10:00,3,10,Weekday,Spring,Yes,56.34,82.53,17.49
2023-03-31 11:00,3,11,Weekday,Spring,Yes,57.76,81.21,14.61
2023-03-31 12:00,3,12,Weekday,Spring,Yes,59.12,82.21,14.12
2023-03-31 13:00,3,13,Weekday,Spring,Yes,60.46,84.28,17.56
2023-03-31 14:00,3,14,Weekday,Spring,Yes,61.19,83.92,14.96
2023-03-31 15:00,3,15,Weekday,Spring,Yes,61.55,82.97,15.4
2023-03-31 16:00,3,16,Weekday,Spring,Yes,61.91,84.98,18.05
2023-03-31 17:00,3,17,Weekday,Spring,Yes,61.22,84.75,16.14
2023-03-31 18:00,3,18,Weekday,Spring,No,59.89,83.89,12.61
2023-03-31 19:00,3,19,Weekday,Spring,No,58.52,82.7,14.03
2023-03-31 20:00,3,20,Weekday,Spring,No,56.03,82.39,11.28
2023-03-31 21:00,3,21,Weekday,Spring,No,54.36,82.14,12.51
2023-03-31 22:00,3,22,Weekday,Spring,No,53.93,82.11,11.01
2023-03-31 23:00,3,23,Weekday,Spring,No,53.46,81.76,9.84
2023-04-01 00:00,4,0,Weekend,Spring,No,53.03,82.09,8.85
2023-04-01 01:00,4,1,Weekend,Spring,No,52.56,83.52,11.56
2023-04-01 02:00,4,2,Weekend,Spring,No,52.13,80.04,7.4
2023-04-01 03:00,4,3,Weekend,Spring,No,51.66,81.13,9.88
2023-04-01 04:00,4,4,Weekend,Spring,No,51.23,82.34,11.05
2023-04-01 05:00,4,5,Weekend,Spring,No,52.97,82.37,10.39
2023-04-01 06:00,4,6,Weekend,Spring,No,56.32,82.47,7.97
2023-04-01 07:00,4,7,Weekend,Spring,No,59.63,84.4,14.49
2023-04-01 08:00,4,8,Weekend,Spring,No,64.44,86.3,12.14
2023-04-01 09:00,4,9,Weekend,Spring,No,70.49,86.36,16.51
2023-04-01 10:00,4,10,Weekend,Spring,No,76.5,88.48,18.31
2023-04-01 11:00,4,11,Weekend,Spring,No,80.13,90.43,18.3
2023-04-01 12:00,4,12,Weekend,Spring,No,82.12,89.54,17.37
2023-04-01 13:00,4,13,Weekend,Spring,No,84.1,91.09,21.08
2023-04-01 14:00,4,14,Weekend,Spring,No,84.92,91.2,25.82
2023-04-01 15:00,4,15,Weekend,Spring,No,84.92,90.4,16.91
2023-04-01 16:00,4,16,Weekend,Spring,No,84.92,90.85,21.89
2023-04-01 17:00,4,17,Weekend,Spring,No,83.14,90.83,21.54
2023-04-01 18:00,4,18,Weekend,Spring,No,80.18,88.32,20.47
2023-04-01 19:00,4,19,Weekend,Spring,No,77.2,88.34,15.04
2023-04-01 20:00,4,20,Weekend,Spring,No,73.61,87.6,16.98
2023-04-01 21:00,4,21,Weekend,Spring,No,69.65,85.94,16.31
2023-04-01 22:00,4,22,Weekend,Spring,No,65.69,85.93,12.48
2023-04-01 23:00,4,23,Weekend,Spring,No,63.3,85.49,10.94
2023-04-02 00:00,4,0,Weekend,Spring,No,61.94,85.37,14.48
2023-04-02 01:00,4,1,Weekend,Spring,No,60.6,84.35,13.6
2023-04-02 02:00,4,2,Weekend,Spring,No,59.24,83.87,15.45
2023-04-02 03:00,4,3,Weekend,Spring,No,57.9,82.54,11.3
2023-04-02 04:00,4,4,Weekend,Spring,No,56.54,84.39,11.14
2023-04-02 05:00,4,5,Weekend,Spring,No,57.1,82.82,12.0
2023-04-02 06:00,4,6,Weekend,Spring,No,59.18,84.4,11.4
2023-04-02 07:00,4,7,Weekend,Spring,No,61.24,82.71,12.19
2023-04-02 08:00,4,8,Weekend,Spring,No,65.0,85.46,12.48
2023-04-02 09:00,4,9,Weekend,Spring,No,69.94,85.68,12.31
2023-04-02 10:00,4,10,Weekend,Spring,No,74.9,89.21,17.78
2023-04-02 11:00,4,11,Weekend,Spring,No,77.63,88.77,16.56
2023-04-02 12:00,4,12,Weekend,Spring,No,78.6,88.22,15.39
2023-04-02 13:00,4,13,Weekend,Spring,No,79.61,88.86,23.64
2023-04-02 14:00,4,14,Weekend,Spring,No,80.48,88.73,22.67
2023-04-02 15:00,4,15,Weekend,Spring,No,81.1,90.49,19.57
2023-04-02 16:00,4,16,Weekend,Spring,No,81.74,89.03,23.19
2023-04-02 17:00,4,17,Weekend,Spring,No,80.68,90.59,24.14
2023-04-02 18:00,4,18,Weekend,Spring,No,78.33,88.25,22.71
2023-04-02 19:00,4,19,Weekend,Spring,No,75.99,88.68,15.81
2023-04-02 20:00,4,20,Weekend,Spring,No,73.03,87.1,16.96
2023-04-02 21:00,4,21,Weekend,Spring,No,69.71,86.58,14.53
2023-04-02 22:00,4,22,Weekend,Spring,No,66.36,85.93,14.54
2023-04-02 23:00,4,23,Weekend,Spring,No,63.36,85.36,13.65
2023-04-03 00:00,4,0,Weekday,Spring,No,60.77,84.33,12.32
2023-04-03 01:00,4,1,Weekday,Spring,No,58.14,82.08,11.69
2023-04-03 02:00,4,2,Weekday,Spring,No,56.39,82.11,14.0
2023-04-03 03:00,4,3,Weekday,Spring,No,55.42,82.12,10.36
2023-04-03 04:00,4,4,Weekday,Spring,No,54.41,82.12,10.69
2023-04-03 05:00,4,5,Weekday,Spring,No,55.12,82.55,16.27
2023-04-03 06:00,4,6,Weekday,Spring,No,57.2,83.3,9.44
2023-04-03 07:00,4,7,Weekday,Spring,No,59.26,82.74,15.15
2023-04-03 08:00,4,8,Weekday,Spring,Yes,62.81,84.28,16.31
2023-04-03 09:00,4,9,Weekday,Spring,Yes,67.39,85.59,16.97
2023-04-03 10:00,4,10,Weekday,Spring,Yes,71.99,89.14,22.98
2023-04-03 11:00,4,11,Weekday,Spring,Yes,74.89,86.42,22.19
2023-04-03 12:00,4,12,Weekday,Spring,Yes,76.61,87.62,22.63
2023-04-03 13:00,4,13,Weekday,Spring,Yes,78.31,89.14,17.79
2023-04-03 14:00,4,14,Weekday,Spring,Yes,79.4,88.55,20.23
2023-04-03 15:00,4,15,Weekday,Spring,Yes,80.02,88.63,23.84
2023-04-03 16:00,4,16,Weekday,Spring,Yes,80.66,89.26,27.68
2023-04-03 17:00,4,17,Weekday,Spring,Yes,79.18,88.41,21.14
2023-04-03 18:00,4,18,Weekday,Spring,No,76.22,87.73,17.99
2023-04-03 19:00,4,19,Weekday,Spring,No,73.24,86.55,14.99
2023-04-03 20:00,4,20,Weekday,Spring,No,70.07,86.02,12.78
2023-04-03 21:00,4,21,Weekday,Spring,No,66.72,84.45,14.23
2023-04-03 22:00,4,22,Weekday,Spring,No,63.41,84.43,12.58
2023-04-03 23:00,4,23,Weekday,Spring,No,61.43,84.34,12.81
2023-04-04 00:00,4,0,Weekday,Spring,No,60.46,83.7,15.51
2023-04-04 01:00,4,1,Weekday,Spring,No,59.45,83.91,12.4
2023-04-04 02:00,4,2,Weekday,Spring,No,58.06,83.55,12.42
2023-04-04 03:00,4,3,Weekday,Spring,No,56.33,82.97,12.17
2023-04-04 04:00,4,4,Weekday,Spring,No,54.64,83.52,9.93
2023-04-04 05:00,4,5,Weekday,Spring,No,55.32,82.6,16.41
2023-04-04 06:00,4,6,Weekday,Spring,No,57.66,82.97,8.83
2023-04-04 07:00,4,7,Weekday,Spring,No,60.0,83.97,14.53
2023-04-04 08:00,4,8,Weekday,Spring,Yes,63.5,86.45,13.89
2023-04-04 09:00,4,9,Weekday,Spring,Yes,67.82,86.31,16.22
2023-04-04 10:00,4,10,Weekday,Spring,Yes,72.14,86.78,17.82
2023-04-04 11:00,4,11,Weekday,Spring,Yes,75.31,88.68,20.38
2023-04-04 12:00,4,12,Weekday,Spring,Yes,77.65,88.24,23.15
2023-04-04 13:00,4,13,Weekday,Spring,Yes,79.98,88.77,21.63
2023-04-04 14:00,4,14,Weekday,Spring,Yes,81.17,89.18,24.14
2023-04-04 15:00,4,15,Weekday,Spring,Yes,81.53,91.0,24.52
2023-04-04 16:00,4,16,Weekday,Spring,Yes,81.89,89.98,27.05
2023-04-04 17:00,4,17,Weekday,Spring,Yes,80.04,89.48,25.57
2023-04-04 18:00,4,18,Weekday,Spring,No,76.73,88.89,22.37
2023-04-04 19:00,4,19,Weekday,Spring,No,73.39,87.2,19.72
2023-04-04 20:00,4,20,Weekday,Spring,No,70.18,86.18,19.29
2023-04-04 21:00,4,21,Weekday,Spring,No,67.22,83.98,17.4
2023-04-04 22:00,4,22,Weekday,Spring,No,64.24,85.6,11.2
2023-04-04 23:00,4,23,Weekday,Spring,No,62.02,83.45,12.34
2023-04-05 00:00,4,0,Weekday,Spring,No,60.29,84.65,10.43
2023-04-05 01:00,4,1,Weekday,Spring,No,58.6,83.57,12.17
2023-04-05 02:00,4,2,Weekday,Spring,No,56.76,81.91,9.05
2023-04-05 03:00,4,3,Weekday,Spring,No,54.78,83.2,12.54
2023-04-05 04:00,4,4,Weekday,Spring,No,52.8,82.52,4.83
2023-04-05 05:00,4,5,Weekday,Spring,No,52.19,81.33,12.28
2023-04-05 06:00,4,6,Weekday,Spring,No,52.55,82.02,3.6
2023-04-05 07:00,4,7,Weekday,Spring,No,52.91,81.51,9.08
2023-04-05 08:00,4,8,Weekday,Spring,Yes,54.64,82.87,13.09
2023-04-05 09:00,4,9,Weekday,Spring,Yes,57.23,82.76,17.95
2023-04-05 10:00,4,10,Weekday,Spring,Yes,59.86,82.79,19.05
2023-04-05 11:00,4,11,Weekday,Spring,Yes,62.35,83.2,16.05
2023-04-05 12:00,4,12,Weekday,Spring,Yes,64.68,85.04,18.05
2023-04-05 13:00,4,13,Weekday,Spring,Yes,67.03,86.85,16.58
2023-04-05 14:00,4,14,Weekday,Spring,Yes,68.42,85.4,15.64
2023-04-05 15:00,4,15,Weekday,Spring,Yes,69.04,85.56,19.58
2023-04-05 16:00,4,16,Weekday,Spring,Yes,69.68,84.95,21.62
2023-04-05 17:00,4,17,Weekday,Spring,Yes,68.82,87.19,17.2
2023-04-05 18:00,4,18,Weekday,Spring,No,66.84,86.66,19.61
2023-04-05 19:00,4,19,Weekday,Spring,No,64.86,86.61,10.84
2023-04-05 20:00,4,20,Weekday,Spring,No,62.46,84.91,14.82
2023-04-05 21:00,4,21,Weekday,Spring,No,59.76,83.09,13.21
2023-04-05 22:00,4,22,Weekday,Spring,No,57.06,83.79,13.2
2023-04-05 23:00,4,23,Weekday,Spring,No,55.2,83.03,16.1
2023-04-06 00:00,4,0,Weekday,Spring,No,53.84,80.62,12.91
2023-04-06 01:00,4,1,Weekday,Spring,No,52.5,80.52,9.8
2023-04-06 02:00,4,2,Weekday,Spring,No,50.82,81.86,13.18
2023-04-06 03:00,4,3,Weekday,Spring,No,48.84,81.28,10.46
2023-04-06 04:00,4,4,Weekday,Spring,No,46.86,78.75,6.42
2023-04-06 05:00,4,5,Weekday,Spring,No,46.56,78.65,5.58
2023-04-06 06:00,4,6,Weekday,Spring,No,47.57,79.03,7.52
2023-04-06 07:00,4,7,Weekday,Spring,No,48.54,79.98,8.81
2023-04-06 08:00,4,8,Weekday,Spring,Yes,51.65,80.9,13.29
2023-04-06 09:00,4,9,Weekday,Spring,Yes,56.33,82.64,13.66
2023-04-06 10:00,4,10,Weekday,Spring,Yes,61.01,84.26,12.47
2023-04-06 11:00,4,11,Weekday,Spring,Yes,64.32,85.1,17.64
2023-04-06 12:00,4,12,Weekday,Spring,Yes,66.66,86.45,21.23
2023-04-06 13:00,4,13,Weekday,Spring,Yes,69.01,85.14,17.82
2023-04-06 14:00,4,14,Weekday,Spring,Yes,70.72,86.83,19.85
2023-04-06 15:00,4,15,Weekday,Spring,Yes,72.08,85.78,17.49
2023-04-06 16:00,4,16,Weekday,Spring,Yes,73.42,87.41,20.49
2023-04-06 17:00,4,17,Weekday,Spring,Yes,72.58,87.24,20.22
2023-04-06 18:00,4,18,Weekday,Spring,No,70.24,87.06,21.81
2023-04-06 19:00,4,19,Weekday,Spring,No,67.9,87.01,17.05
2023-04-06 20:00,4,20,Weekday,Spring,No,65.03,84.54,15.71
2023-04-06 21:00,4,21,Weekday,Spring,No,61.68,82.2,14.67
2023-04-06 22:00,4,22,Weekday,Spring,No,58.37,84.66,11.45
2023-04-06 23:00,4,23,Weekday,Spring,No,56.81,82.97,7.57
2023-04-07 00:00,4,0,Weekday,Spring,No,56.45,83.2,6.58
2023-04-07 01:00,4,1,Weekday,Spring,No,56.09,82.27,14.25
2023-04-07 02:00,4,2,Weekday,Spring,No,54.36,81.02,8.29
2023-04-07 03:00,4,3,Weekday,Spring,No,51.77,82.49,9.45
2023-04-07 04:00,4,4,Weekday,Spring,No,49.14,81.38,9.26
2023-04-07 05:00,4,5,Weekday,Spring,No,48.76,81.14,8.37
2023-04-07 06:00,4,6,Weekday,Spring,No,50.12,81.51,10.85
2023-04-07 07:00,4,7,Weekday,Spring,No,51.46,81.8,6.4
2023-04-07 08:00,4,8,Weekday,Spring,Yes,54.92,82.86,13.98
2023-04-07 09:00,4,9,Weekday,Spring,Yes,59.86,85.51,14.79
2023-04-07 10:00,4,10,Weekday,Spring,Yes,64.82,85.48,20.8
2023-04-07 11:00,4,11,Weekday,Spring,Yes,68.28,86.61,19.32
2023-04-07 12:00,4,12,Weekday,Spring,Yes,70.62,86.83,22.27
2023-04-07 13:00,4,13,Weekday,Spring,Yes,72.96,87.36,22.26
2023-04-07 14:00,4,14,Weekday,Spring,Yes,74.57,87.71,19.61
2023-04-07 15:00,4,15,Weekday,Spring,Yes,75.54,88.83,20.96
2023-04-07 16:00,4,16,Weekday,Spring,Yes,76.55,87.91,24.52
2023-04-07 17:00,4,17,Weekday,Spring,Yes,76.06,87.62,16.7
2023-04-07 18:00,4,18,Weekday,Spring,No,74.33,87.11,16.99
2023-04-07 19:00,4,19,Weekday,Spring,No,72.63,87.08,17.98
2023-04-07 20:00,4,20,Weekday,Spring,No,69.86,86.5,14.16
2023-04-07 21:00,4,21,Weekday,Spring,No,66.16,86.17,13.31
2023-04-07 22:00,4,22,Weekday,Spring,No,62.48,85.07,12.52
2023-04-07 23:00,4,23,Weekday,Spring,No,59.62,83.97,10.09
2023-04-08 00:00,4,0,Weekend,Spring,No,57.28,83.75,10.77
2023-04-08 01:00,4,1,Weekend,Spring,No,54.94,81.76,11.09
2023-04-08 02:00,4,2,Weekend,Spring,No,54.38,81.18,14.24
2023-04-08 03:00,4,3,Weekend,Spring,No,55.0,82.66,13.42
2023-04-08 04:00,4,4,Weekend,Spring,No,55.64,82.73,11.77
2023-04-08 05:00,4,5,Weekend,Spring,No,56.78,83.13,8.31
2023-04-08 06:00,4,6,Weekend,Spring,No,58.11,83.03,12.83
2023-04-08 07:00,4,7,Weekend,Spring,No,59.48,82.69,10.04
2023-04-08 08:00,4,8,Weekend,Spring,No,63.76,84.2,12.25
2023-04-08 09:00,4,9,Weekend,Spring,No,70.05,86.39,17.92
2023-04-08 10:00,4,10,Weekend,Spring,No,76.36,87.77,19.19
2023-04-08 11:00,4,11,Weekend,Spring,No,79.92,90.57,18.94
2023-04-08 12:00,4,12,Weekend,Spring,No,81.65,90.19,20.88
2023-04-08 13:00,4,13,Weekend,Spring,No,83.34,91.21,21.25
2023-04-08 14:00,4,14,Weekend,Spring,No,84.23,90.1,25.09
2023-04-08 15:00,4,15,Weekend,Spring,No,84.48,89.73,22.69
2023-04-08 16:00,4,16,Weekend,Spring,No,84.77,90.85,22.28
2023-04-08 17:00,4,17,Weekend,Spring,No,82.82,90.65,25.12
2023-04-08 18:00,4,18,Weekend,Spring,No,79.12,89.79,21.93
2023-04-08 19:00,4,19,Weekend,Spring,No,75.44,87.17,19.94
2023-04-08 20:00,4,20,Weekend,Spring,No,72.58,87.44,19.0
2023-04-08 21:00,4,21,Weekend,Spring,No,70.24,85.89,13.1
2023-04-08 22:00,4,22,Weekend,Spring,No,67.9,87.37,11.92
2023-04-08 23:00,4,23,Weekend,Spring,No,65.14,86.93,12.82
2023-04-09 00:00,4,0,Weekend,Spring,No,62.18,85.05,15.5
2023-04-09 01:00,4,1,Weekend,Spring,No,59.2,84.06,11.75
2023-04-09 02:00,4,2,Weekend,Spring,No,57.4,82.74,11.86
2023-04-09 03:00,4,3,Weekend,Spring,No,56.39,81.99,10.25
2023-04-09 04:00,4,4,Weekend,Spring,No,55.42,81.63,11.69
2023-04-09 05:00,4,5,Weekend,Spring,No,55.04,81.38,13.09
2023-04-09 06:00,4,6,Weekend,Spring,No,55.04,82.76,4.25
2023-04-09 07:00,4,7,Weekend,Spring,No,55.04,81.38,11.44
2023-04-09 08:00,4,8,Weekend,Spring,No,57.56,83.85,13.46
2023-04-09 09:00,4,9,Weekend,Spring,No,61.88,84.06,11.23
2023-04-09 10:00,4,10,Weekend,Spring,No,66.2,85.92,16.53
2023-04-09 11:00,4,11,Weekend,Spring,No,70.0,85.42,15.53
2023-04-09 12:00,4,12,Weekend,Spring,No,73.31,86.95,14.59
2023-04-09 13:00,4,13,Weekend,Spring,No,76.66,87.91,19.69
2023-04-09 14:00,4,14,Weekend,Spring,No,78.29,90.17,19.51
2023-04-09 15:00,4,15,Weekend,Spring,No,78.54,89.79,18.86
2023-04-09 16:00,4,16,Weekend,Spring,No,78.83,88.89,22.56
2023-04-09 17:00,4,17,Weekend,Spring,No,77.82,88.45,16.91
2023-04-09 18:00,4,18,Weekend,Spring,No,75.84,88.09,15.38
2023-04-09 19:00,4,19,Weekend,Spring,No,73.86,87.72,19.2
2023-04-09 20:00,4,20,Weekend,Spring,No,71.26,86.27,22.74
2023-04-09 21:00,4,21,Weekend,Spring,No,68.3,86.59,18.27
2023-04-09 22:00,4,22,Weekend,Spring,No,65.32,85.48,13.38
2023-04-09 23:00,4,23,Weekend,Spring,No,63.1,84.79,13.06
2023-04-10 00:00,4,0,Weekday,Spring,No,61.37,83.4,12.5
2023-04-10 01:00,4,1,Weekday,Spring,No,59.68,84.81,12.32
2023-04-10 02:00,4,2,Weekday,Spring,No,57.64,84.21,8.64
2023-04-10 03:00,4,3,Weekday,Spring,No,55.3,83.37,8.35
2023-04-10 04:00,4,4,Weekday,Spring,No,52.96,82.11,14.14
2023-04-10 05:00,4,5,Weekday,Spring,No,53.56,83.01,10.9
2023-04-10 06:00,4,6,Weekday,Spring,No,56.26,83.03,14.03
2023-04-10 07:00,4,7,Weekday,Spring,No,58.96,84.43,11.51
2023-04-10 08:00,4,8,Weekday,Spring,Yes,63.34,83.3,18.67
2023-04-10 09:00,4,9,Weekday,Spring,Yes,69.02,84.55,19.85
2023-04-10 10:00,4,10,Weekday,Spring,Yes,74.68,87.85,23.08
2023-04-10 11:00,4,11,Weekday,Spring,Yes,77.94,88.92,22.76
2023-04-10 12:00,4,12,Weekday,Spring,Yes,79.67,89.14,21.46
2023-04-10 13:00,4,13,Weekday,Spring,Yes,81.37,89.65,25.32
2023-04-10 14:00,4,14,Weekday,Spring,Yes,82.04,90.65,20.61
2023-04-10 15:00,4,15,Weekday,Spring,Yes,82.04,90.05,23.98
2023-04-10 16:00,4,16,Weekday,Spring,Yes,82.04,90.33,24.51
2023-04-10 17:00,4,17,Weekday,Spring,Yes,80.46,88.62,27.56
2023-04-10 18:00,4,18,Weekday,Spring,No,77.76,89.18,19.91
2023-04-10 19:00,4,19,Weekday,Spring,No,75.06,88.25,14.18
2023-04-10 20:00,4,20,Weekday,Spring,No,72.37,86.85,16.13
2023-04-10 21:00,4,21,Weekday,Spring,No,69.77,87.71,16.04
2023-04-10 22:00,4,22,Weekday,Spring,No,67.14,86.13,17.42
2023-04-10 23:00,4,23,Weekday,Spring,No,64.24,84.51,18.15
2023-04-11 00:00,4,0,Weekday,Spring,No,61.28,84.47,8.32
2023-04-11 01:00,4,1,Weekday,Spring,No,58.3,82.47,10.85
2023-04-11 02:00,4,2,Weekday,Spring,No,56.39,82.19,10.78
2023-04-11 03:00,4,3,Weekday,Spring,No,55.42,82.43,14.28
2023-04-11 04:00,4,4,Weekday,Spring,No,54.41,82.2,7.06
2023-04-11 05:00,4,5,Weekday,Spring,No,55.54,81.19,11.26
2023-04-11 06:00,4,6,Weekday,Spring,No,58.24,82.31,7.29
2023-04-11 07:00,4,7,Weekday,Spring,No,60.93,84.19,14.75
2023-04-11 08:00,4,8,Weekday,Spring,Yes,65.21,84.62,17.2
2023-04-11 09:00,4,9,Weekday,Spring,Yes,70.5,86.22,22.11
2023-04-11 10:00,4,10,Weekday,Spring,Yes,75.83,89.54,24.96
2023-04-11 11:00,4,11,Weekday,Spring,Yes,79.45,88.65,23.27
2023-04-11 12:00,4,12,Weekday,Spring,Yes,81.68,89.01,21.8
2023-04-11 13:00,4,13,Weekday,Spring,Yes,83.94,90.79,23.89
2023-04-11 14:00,4,14,Weekday,Spring,Yes,84.92,90.31,18.98
2023-04-11 15:00,4,15,Weekday,Spring,Yes,84.92,91.89,23.22
2023-04-11 16:00,4,16,Weekday,Spring,Yes,84.92,89.19,25.11
2023-04-11 17:00,4,17,Weekday,Spring,Yes,83.03,89.95,24.78
2023-04-11 18:00,4,18,Weekday,Spring,No,79.68,89.46,22.29
2023-04-11 19:00,4,19,Weekday,Spring,No,76.37,89.12,16.97
2023-04-11 20:00,4,20,Weekday,Spring,No,74.08,87.08,15.37
2023-04-11 21:00,4,21,Weekday,Spring,No,72.35,86.5,18.61
2023-04-11 22:00,4,22,Weekday,Spring,No,70.66,86.58,14.41
2023-04-11 23:00,4,23,Weekday,Spring,No,69.24,86.88,21.35
2023-04-12 00:00,4,0,Weekday,Spring,No,67.88,86.15,10.81
2023-04-12 01:00,4,1,Weekday,Spring,No,66.54,86.07,16.05
2023-04-12 02:00,4,2,Weekday,Spring,No,65.08,86.06,13.48
2023-04-12 03:00,4,3,Weekday,Spring,No,63.35,84.55,14.36
2023-04-12 04:00,4,4,Weekday,Spring,No,61.66,84.38,15.83
2023-04-12 05:00,4,5,Weekday,Spring,No,61.92,83.67,14.45
2023-04-12 06:00,4,6,Weekday,Spring,No,63.65,85.47,18.39
2023-04-12 07:00,4,7,Weekday,Spring,No,65.34,85.14,13.77
2023-04-12 08:00,4,8,Weekday,Spring,Yes,68.12,85.5,15.56
2023-04-12 09:00,4,9,Weekday,Spring,Yes,71.82,86.1,22.18
2023-04-12 10:00,4,10,Weekday,Spring,Yes,75.5,87.98,25.75
2023-04-12 11:00,4,11,Weekday,Spring,Yes,77.63,88.48,22.45
2023-04-12 12:00,4,12,Weekday,Spring,Yes,78.6,88.16,23.37
2023-04-12 13:00,4,13,Weekday,Spring,Yes,79.61,89.57,26.61
2023-04-12 14:00,4,14,Weekday,Spring,Yes,79.64,88.64,19.74
2023-04-12 15:00,4,15,Weekday,Spring,Yes,79.03,87.81,22.38
2023-04-12 16:00,4,16,Weekday,Spring,Yes,78.38,88.55,24.46
2023-04-12 17:00,4,17,Weekday,Spring,Yes,76.3,88.93,22.82
2023-04-12 18:00,4,18,Weekday,Spring,No,73.34,86.77,16.08
2023-04-12 19:00,4,19,Weekday,Spring,No,70.36,86.22,16.71
2023-04-12 20:00,4,20,Weekday,Spring,No,68.13,85.2,12.25
2023-04-12 21:00,4,21,Weekday,Spring,No,66.41,86.01,16.51
2023-04-12 22:00,4,22,Weekday,Spring,No,64.72,86.25,13.46
2023-04-12 23:00,4,23,Weekday,Spring,No,63.41,85.12,17.59
2023-04-13 00:00,4,0,Weekday,Spring,No,62.44,85.38,14.36
2023-04-13 01:00,4,1,Weekday,Spring,No,61.43,82.85,14.12
2023-04-13 02:00,4,2,Weekday,Spring,No,60.77,83.6,14.04
2023-04-13 03:00,4,3,Weekday,Spring,No,60.52,84.57,14.45
2023-04-13 04:00,4,4,Weekday,Spring,No,60.23,83.45,9.61
2023-04-13 05:00,4,5,Weekday,Spring,No,59.87,82.27,12.0
2023-04-13 06:00,4,6,Weekday,Spring,No,59.51,82.01,11.63
2023-04-13 07:00,4,7,Weekday,Spring,No,59.15,83.45,13.47
2023-04-13 08:00,4,8,Weekday,Spring,Yes,60.36,84.88,17.05
2023-04-13 09:00,4,9,Weekday,Spring,Yes,62.7,85.18,11.56
2023-04-13 10:00,4,10,Weekday,Spring,Yes,65.04,85.38,18.17
2023-04-13 11:00,4,11,Weekday,Spring,Yes,66.96,85.76,17.44
2023-04-13 12:00,4,12,Weekday,Spring,Yes,68.69,87.88,22.98
2023-04-13 13:00,4,13,Weekday,Spring,Yes,70.38,87.86,21.49
2023-04-13 14:00,4,14,Weekday,Spring,Yes,71.27,86.47,21.98
2023-04-13 15:00,4,15,Weekday,Spring,Yes,71.53,86.51,16.65
2023-04-13 16:00,4,16,Weekday,Spring,Yes,71.81,87.52,24.97
2023-04-13 17:00,4,17,Weekday,Spring,Yes,70.6,86.75,17.23
2023-04-13 18:00,4,18,Weekday,Spring,No,68.26,85.32,19.35
2023-04-13 19:00,4,19,Weekday,Spring,No,65.92,87.01,13.13
2023-04-13 20:00,4,20,Weekday,Spring,No,64.21,83.98,9.96
2023-04-13 21:00,4,21,Weekday,Spring,No,62.84,85.51,11.38
2023-04-13 22:00,4,22,Weekday,Spring,No,61.51,83.9,13.28
2023-04-13 23:00,4,23,Weekday,Spring,No,60.56,83.86,8.92
2023-04-14 00:00,4,0,Weekday,Spring,No,59.94,82.6,10.52
2023-04-14 01:00,4,1,Weekday,Spring,No,59.3,81.96,9.21
2023-04-14 02:00,4,2,Weekday,Spring,No,59.0,82.78,11.74
2023-04-14 03:00,4,3,Weekday,Spring,No,59.0,83.33,10.93
2023-04-14 04:00,4,4,Weekday,Spring,No,59.0,82.96,14.06
2023-04-14 05:00,4,5,Weekday,Spring,No,58.37,84.59,10.11
2023-04-14 06:00,4,6,Weekday,Spring,No,57.4,82.92,13.91
2023-04-14 07:00,4,7,Weekday,Spring,No,56.39,82.73,16.64
2023-04-14 08:00,4,8,Weekday,Spring,Yes,58.04,82.65,13.38
2023-04-14 09:00,4,9,Weekday,Spring,Yes,61.74,83.93,16.01
2023-04-14 10:00,4,10,Weekday,Spring,Yes,65.42,84.31,18.23
2023-04-14 11:00,4,11,Weekday,Spring,Yes,65.34,85.67,20.2
2023-04-14 12:00,4,12,Weekday,Spring,Yes,62.75,84.57,17.08
2023-04-14 13:00,4,13,Weekday,Spring,Yes,60.12,84.15,16.59
2023-04-14 14:00,4,14,Weekday,Spring,Yes,58.37,82.4,11.68
2023-04-14 15:00,4,15,Weekday,Spring,Yes,57.4,81.77,15.26
2023-04-14 16:00,4,16,Weekday,Spring,Yes,56.39,81.65,15.36
2023-04-14 17:00,4,17,Weekday,Spring,Yes,54.58,82.13,12.45
2023-04-14 18:00,4,18,Weekday,Spring,No,52.24,80.77,9.07
2023-04-14 19:00,4,19,Weekday,Spring,No,49.9,81.51,6.71
2023-04-14 20:00,4,20,Weekday,Spring,No,49.13,79.95,8.38
2023-04-14 21:00,4,21,Weekday,Spring,No,49.49,80.03,9.1
2023-04-14 22:00,4,22,Weekday,Spring,No,49.85,80.48,4.78
2023-04-14 23:00,4,23,Weekday,Spring,No,49.26,81.14,5.04
2023-04-15 00:00,4,0,Weekend,Spring,No,47.9,82.1,9.74
2023-04-15 01:00,4,1,Weekend,Spring,No,46.56,80.97,8.7
2023-04-15 02:00,4,2,Weekend,Spring,No,46.04,80.53,10.2
2023-04-15 03:00,4,3,Weekend,Spring,No,46.04,79.73,3.2
2023-04-15 04:00,4,4,Weekend,Spring,No,46.04,79.44,10.22
2023-04-15 05:00,4,5,Weekend,Spring,No,46.25,81.23,9.25
2023-04-15 06:00,4,6,Weekend,Spring,No,46.5,79.56,11.1
2023-04-15 07:00,4,7,Weekend,Spring,No,46.79,78.69,8.0
2023-04-15 08:00,4,8,Weekend,Spring,No,47.89,81.47,5.8
2023-04-15 09:00,4,9,Weekend,Spring,No,49.61,80.53,10.68
2023-04-15 10:00,4,10,Weekend,Spring,No,51.3,81.38,11.92
2023-04-15 11:00,4,11,Weekend,Spring,No,52.72,81.5,7.89
2023-04-15 12:00,4,12,Weekend,Spring,No,54.08,80.7,8.79
2023-04-15 13:00,4,13,Weekend,Spring,No,55.42,81.97,12.51
2023-04-15 14:00,4,14,Weekend,Spring,No,56.36,83.22,12.08
2023-04-15 15:00,4,15,Weekend,Spring,No,56.98,82.6,9.84
2023-04-15 16:00,4,16,Weekend,Spring,No,57.62,83.19,11.16
2023-04-15 17:00,4,17,Weekend,Spring,No,57.4,84.22,4.22
2023-04-15 18:00,4,18,Weekend,Spring,No,56.39,82.86,16.12
2023-04-15 19:00,4,19,Weekend,Spring,No,55.42,82.55,10.91
2023-04-15 20:00,4,20,Weekend,Spring,No,54.62,80.92,5.43
2023-04-15 21:00,4,21,Weekend,Spring,No,54.0,82.48,8.09
2023-04-15 22:00,4,22,Weekend,Spring,No,53.36,81.72,8.96
2023-04-15 23:00,4,23,Weekend,Spring,No,52.12,81.64,7.02
2023-04-16 00:00,4,0,Weekend,Spring,No,50.39,80.75,10.19
2023-04-16 01:00,4,1,Weekend,Spring,No,48.7,80.03,8.75
2023-04-16 02:00,4,2,Weekend,Spring,No,48.02,80.29,5.51
2023-04-16 03:00,4,3,Weekend,Spring,No,48.02,81.73,6.16
2023-04-16 04:00,4,4,Weekend,Spring,No,48.02,81.1,9.88
2023-04-16 05:00,4,5,Weekend,Spring,No,45.92,80.19,11.86
2023-04-16 06:00,4,6,Weekend,Spring,No,42.22,80.17,4.54
2023-04-16 07:00,4,7,Weekend,Spring,No,38.54,78.63,3.48
2023-04-16 08:00,4,8,Weekend,Spring,No,38.4,78.67,9.16
2023-04-16 09:00,4,9,Weekend,Spring,No,40.75,77.78,5.9
2023-04-16 10:00,4,10,Weekend,Spring,No,43.08,79.66,5.34
2023-04-16 11:00,4,11,Weekend,Spring,No,43.43,78.02,1.32
2023-04-16 12:00,4,12,Weekend,Spring,No,42.46,78.35,7.37
2023-04-16 13:00,4,13,Weekend,Spring,No,41.45,78.99,5.28
2023-04-16 14:00,4,14,Weekend,Spring,No,40.79,79.66,6.88
2023-04-16 15:00,4,15,Weekend,Spring,No,40.43,78.08,2.45
2023-04-16 16:00,4,16,Weekend,Spring,No,40.07,76.81,6.77
2023-04-16 17:00,4,17,Weekend,Spring,No,39.5,78.54,6.1
2023-04-16 18:00,4,18,Weekend,Spring,No,38.88,76.76,7.95
2023-04-16 19:00,4,19,Weekend,Spring,No,38.24,77.72,3.97
2023-04-16 20:00,4,20,Weekend,Spring,No,37.52,77.83,3.53
2023-04-16 21:00,4,21,Weekend,Spring,No,36.9,77.47,3.98
2023-04-16 22:00,4,22,Weekend,Spring,No,36.26,76.64,8.45
2023-04-16 23:00,4,23,Weekend,Spring,No,35.54,76.01,7.6
2023-04-17 00:00,4,0,Weekday,Spring,No,34.92,76.28,1.6
2023-04-17 01:00,4,1,Weekday,Spring,No,34.28,76.94,2.68
2023-04-17 02:00,4,2,Weekday,Spring,No,33.98,76.83,0.0
2023-04-17 03:00,4,3,Weekday,Spring,No,33.98,76.62,4.34
2023-04-17 04:00,4,4,Weekday,Spring,No,33.98,78.02,4.18
2023-04-17 05:00,4,5,Weekday,Spring,No,34.92,78.83,0.0
2023-04-17 06:00,4,6,Weekday,Spring,No,36.65,76.52,2.07
2023-04-17 07:00,4,7,Weekday,Spring,No,38.34,77.54,8.18
2023-04-17 08:00,4,8,Weekday,Spring,Yes,41.12,78.65,8.21
2023-04-17 09:00,4,9,Weekday,Spring,Yes,44.82,79.75,10.67
2023-04-17 10:00,4,10,Weekday,Spring,Yes,48.5,79.84,9.54
2023-04-17 11:00,4,11,Weekday,Spring,Yes,50.94,79.98,13.03
2023-04-17 12:00,4,12,Weekday,Spring,Yes,52.67,83.04,11.32
2023-04-17 13:00,4,13,Weekday,Spring,Yes,54.36,83.31,15.71
2023-04-17 14:00,4,14,Weekday,Spring,Yes,55.78,83.4,9.74
2023-04-17 15:00,4,15,Weekday,Spring,Yes,57.14,84.98,11.18
2023-04-17 16:00,4,16,Weekday,Spring,Yes,58.48,82.55,12.84
2023-04-17 17:00,4,17,Weekday,Spring,Yes,58.37,83.28,14.01
2023-04-17 18:00,4,18,Weekday,Spring,No,57.4,82.8,11.33
2023-04-17 19:00,4,19,Weekday,Spring,No,56.39,82.22,11.16
2023-04-17 20:00,4,20,Weekday,Spring,No,54.78,82.02,7.69
2023-04-17 21:00,4,21,Weekday,Spring,No,52.8,81.23,12.2
2023-04-17 22:00,4,22,Weekday,Spring,No,50.82,81.2,9.65
2023-04-17 23:00,4,23,Weekday,Spring,No,49.06,79.17,8.35
2023-04-18 00:00,4,0,Weekday,Spring,No,47.33,79.39,7.77
2023-04-18 01:00,4,1,Weekday,Spring,No,45.64,78.99,8.77
2023-04-18 02:00,4,2,Weekday,Spring,No,44.96,79.49,4.28
2023-04-18 03:00,4,3,Weekday,Spring,No,44.96,81.02,8.09
2023-04-18 04:00,4,4,Weekday,Spring,No,44.96,79.31,6.67
2023-04-18 05:00,4,5,Weekday,Spring,No,45.7,79.39,7.7
2023-04-18 06:00,4,6,Weekday,Spring,No,47.06,80.04,6.11
2023-04-18 07:00,4,7,Weekday,Spring,No,48.4,79.25,10.17
2023-04-18 08:00,4,8,Weekday,Spring,Yes,51.23,79.87,15.96
2023-04-18 09:00,4,9,Weekday,Spring,Yes,55.3,80.93,14.94
2023-04-18 10:00,4,10,Weekday,Spring,Yes,59.33,84.37,17.37
2023-04-18 11:00,4,11,Weekday,Spring,Yes,62.35,84.16,17.79
2023-04-18 12:00,4,12,Weekday,Spring,Yes,64.68,85.78,16.59
2023-04-18 13:00,4,13,Weekday,Spring,Yes,67.03,85.71,22.13
2023-04-18 14:00,4,14,Weekday,Spring,Yes,68.21,85.2,23.93
2023-04-18 15:00,4,15,Weekday,Spring,Yes,68.57,84.02,17.05
2023-04-18 16:00,4,16,Weekday,Spring,Yes,68.93,86.48,19.06
2023-04-18 17:00,4,17,Weekday,Spring,Yes,67.92,85.07,17.91
2023-04-18 18:00,4,18,Weekday,Spring,No,65.84,84.23,14.47
2023-04-18 19:00,4,19,Weekday,Spring,No,63.78,85.34,13.99
2023-04-18 20:00,4,20,Weekday,Spring,No,61.6,82.68,14.78
2023-04-18 21:00,4,21,Weekday,Spring,No,59.26,83.93,12.82
2023-04-18 22:00,4,22,Weekday,Spring,No,56.92,83.22,7.18
2023-04-18 23:00,4,23,Weekday,Spring,No,55.0,82.38,10.66
2023-04-19 00:00,4,0,Weekday,Spring,No,53.38,82.34,7.44
2023-04-19 01:00,4,1,Weekday,Spring,No,51.76,83.34,16.61
2023-04-19 02:00,4,2,Weekday,Spring,No,50.66,81.51,9.67
2023-04-19 03:00,4,3,Weekday,Spring,No,49.94,81.55,8.57
2023-04-19 04:00,4,4,Weekday,Spring,No,49.22,80.28,7.28
2023-04-19 05:00,4,5,Weekday,Spring,No,49.86,80.95,5.27
2023-04-19 06:00,4,6,Weekday,Spring,No,51.59,81.07,10.95
2023-04-19 07:00,4,7,Weekday,Spring,No,53.28,81.84,6.33
2023-04-19 08:00,4,8,Weekday,Spring,Yes,55.74,80.74,11.81
2023-04-19 09:00,4,9,Weekday,Spring,Yes,58.7,82.07,11.84
2023-04-19 10:00,4,10,Weekday,Spring,Yes,61.69,83.91,15.76
2023-04-19 11:00,4,11,Weekday,Spring,Yes,64.54,85.39,18.47
2023-04-19 12:00,4,12,Weekday,Spring,Yes,67.24,84.83,15.56
2023-04-19 13:00,4,13,Weekday,Spring,Yes,69.94,86.1,22.14
2023-04-19 14:00,4,14,Weekday,Spring,Yes,71.06,84.33,21.45
2023-04-19 15:00,4,15,Weekday,Spring,Yes,71.06,87.42,23.18
2023-04-19 16:00,4,16,Weekday,Spring,Yes,71.06,87.75,24.11
2023-04-19 17:00,4,17,Weekday,Spring,Yes,70.12,86.34,20.8
2023-04-19 18:00,4,18,Weekday,Spring,No,68.39,87.05,16.89
2023-04-19 19:00,4,19,Weekday,Spring,No,66.69,85.33,14.33
2023-04-19 20:00,4,20,Weekday,Spring,No,64.24,85.93,18.85
2023-04-19 21:00,4,21,Weekday,Spring,No,61.28,83.23,15.53
2023-04-19 22:00,4,22,Weekday,Spring,No,58.3,83.77,9.57
2023-04-19 23:00,4,23,Weekday,Spring,No,56.08,82.8,8.28
2023-04-20 00:00,4,0,Weekday,Spring,No,54.35,81.83,9.85
2023-04-20 01:00,4,1,Weekday,Spring,No,52.66,80.52,7.14
2023-04-20 02:00,4,2,Weekday,Spring,No,51.56,80.4,9.53
2023-04-20 03:00,4,3,Weekday,Spring,No,50.94,80.85,7.44
2023-04-20 04:00,4,4,Weekday,Spring,No,50.3,80.7,9.22
2023-04-20 05:00,4,5,Weekday,Spring,No,51.36,81.37,9.03
2023-04-20 06:00,4,6,Weekday,Spring,No,53.7,82.92,11.83
2023-04-20 07:00,4,7,Weekday,Spring,No,56.04,82.16,12.51
2023-04-20 08:00,4,8,Weekday,Spring,Yes,60.17,84.51,16.5
2023-04-20 09:00,4,9,Weekday,Spring,Yes,65.46,84.91,17.36
2023-04-20 10:00,4,10,Weekday,Spring,Yes,70.79,88.37,23.17
2023-04-20 11:00,4,11,Weekday,Spring,Yes,74.19,88.92,21.02
2023-04-20 12:00,4,12,Weekday,Spring,Yes,76.18,86.66,24.62
2023-04-20 13:00,4,13,Weekday,Spring,Yes,78.16,88.96,19.81
2023-04-20 14:00,4,14,Weekday,Spring,Yes,79.4,89.56,23.57
2023-04-20 15:00,4,15,Weekday,Spring,Yes,80.02,88.72,21.05
2023-04-20 16:00,4,16,Weekday,Spring,Yes,80.66,89.58,24.09
2023-04-20 17:00,4,17,Weekday,Spring,Yes,79.81,90.55,26.5
2023-04-20 18:00,4,18,Weekday,Spring,No,77.82,88.0,23.15
2023-04-20 19:00,4,19,Weekday,Spring,No,75.84,88.03,22.45
2023-04-20 20:00,4,20,Weekday,Spring,No,72.71,86.56,21.84
2023-04-20 21:00,4,21,Weekday,Spring,No,68.65,87.26,12.64
2023-04-20 22:00,4,22,Weekday,Spring,No,64.61,86.76,19.02
2023-04-20 23:00,4,23,Weekday,Spring,No,62.22,83.83,11.89
2023-04-21 00:00,4,0,Weekday,Spring,No,60.86,84.41,13.14
2023-04-21 01:00,4,1,Weekday,Spring,No,59.52,83.54,10.1
2023-04-21 02:00,4,2,Weekday,Spring,No,58.06,83.04,11.69
2023-04-21 03:00,4,3,Weekday,Spring,No,56.33,84.28,8.56
2023-04-21 04:00,4,4,Weekday,Spring,No,54.64,82.1,12.06
2023-04-21 05:00,4,5,Weekday,Spring,No,55.74,81.02,10.65
2023-04-21 06:00,4,6,Weekday,Spring,No,58.7,83.3,12.12
2023-04-21 07:00,4,7,Weekday,Spring,No,61.69,83.41,14.46
2023-04-21 08:00,4,8,Weekday,Spring,Yes,66.11,84.49,18.32
2023-04-21 09:00,4,9,Weekday,Spring,Yes,71.4,85.87,21.46
2023-04-21 10:00,4,10,Weekday,Spring,Yes,76.73,87.19,21.58
2023-04-21 11:00,4,11,Weekday,Spring,Yes,80.13,89.41,19.92
2023-04-21 12:00,4,12,Weekday,Spring,Yes,82.12,90.01,25.22
2023-04-21 13:00,4,13,Weekday,Spring,Yes,84.1,90.61,21.96
2023-04-21 14:00,4,14,Weekday,Spring,Yes,85.34,91.59,25.26
2023-04-21 15:00,4,15,Weekday,Spring,Yes,86.06,90.3,24.45
2023-04-21 16:00,4,16,Weekday,Spring,Yes,86.78,91.21,17.44
2023-04-21 17:00,4,17,Weekday,Spring,Yes,85.08,90.74,27.8
2023-04-21 18:00,4,18,Weekday,Spring,No,81.77,90.75,22.95
2023-04-21 19:00,4,19,Weekday,Spring,No,78.42,88.54,19.23
2023-04-21 20:00,4,20,Weekday,Spring,No,75.42,87.41,18.14
2023-04-21 21:00,4,21,Weekday,Spring,No,72.83,86.64,11.66
2023-04-21 22:00,4,22,Weekday,Spring,No,70.2,86.67,12.43
2023-04-21 23:00,4,23,Weekday,Spring,No,69.08,86.34,19.97
2023-04-22 00:00,4,0,Weekend,Spring,No,69.08,85.97,18.43
2023-04-22 01:00,4,1,Weekend,Spring,No,69.08,86.37,15.2
2023-04-22 02:00,4,2,Weekend,Spring,No,67.72,86.46,17.63
2023-04-22 03:00,4,3,Weekend,Spring,No,65.38,85.98,15.99
2023-04-22 04:00,4,4,Weekend,Spring,No,63.04,84.12,16.12
2023-04-22 05:00,4,5,Weekend,Spring,No,63.42,85.39,13.97
2023-04-22 06:00,4,6,Weekend,Spring,No,65.76,85.27,13.34
2023-04-22 07:00,4,7,Weekend,Spring,No,68.1,85.54,12.99
2023-04-22 08:00,4,8,Weekend,Spring,No,70.97,86.82,14.46
2023-04-22 09:00,4,9,Weekend,Spring,No,74.32,87.65,17.72
2023-04-22 10:00,4,10,Weekend,Spring,No,77.63,88.2,17.53
2023-04-22 11:00,4,11,Weekend,Spring,No,79.92,90.46,16.47
2023-04-22 12:00,4,12,Weekend,Spring,No,81.65,89.85,18.29
2023-04-22 13:00,4,13,Weekend,Spring,No,83.34,90.68,24.1
2023-04-22 14:00,4,14,Weekend,Spring,No,83.81,91.63,24.8
2023-04-22 15:00,4,15,Weekend,Spring,No,83.45,90.28,21.27
2023-04-22 16:00,4,16,Weekend,Spring,No,83.09,90.24,23.36
2023-04-22 17:00,4,17,Weekend,Spring,No,81.78,90.49,16.8
2023-04-22 18:00,4,18,Weekend,Spring,No,79.81,88.85,19.43
2023-04-22 19:00,4,19,Weekend,Spring,No,77.82,89.19,22.04
2023-04-22 20:00,4,20,Weekend,Spring,No,74.69,88.88,21.88
2023-04-22 21:00,4,21,Weekend,Spring,No,70.62,85.22,19.08
2023-04-22 22:00,4,22,Weekend,Spring,No,66.59,85.53,13.49
2023-04-22 23:00,4,23,Weekend,Spring,No,64.41,84.97,13.03
2023-04-23 00:00,4,0,Weekend,Spring,No,63.41,84.52,13.11
2023-04-23 01:00,4,1,Weekend,Spring,No,62.44,84.2,13.42
2023-04-23 02:00,4,2,Weekend,Spring,No,61.22,82.69,16.22
2023-04-23 03:00,4,3,Weekend,Spring,No,59.89,83.29,9.39
2023-04-23 04:00,4,4,Weekend,Spring,No,58.52,83.22,9.42
2023-04-23 05:00,4,5,Weekend,Spring,No,59.28,83.22,9.29
2023-04-23 06:00,4,6,Weekend,Spring,No,61.62,83.53,9.5
2023-04-23 07:00,4,7,Weekend,Spring,No,63.96,85.79,14.81
2023-04-23 08:00,4,8,Weekend,Spring,No,66.94,84.75,13.04
2023-04-23 09:00,4,9,Weekend,Spring,No,70.25,87.01,13.18
2023-04-23 10:00,4,10,Weekend,Spring,No,73.6,88.4,17.95
2023-04-23 11:00,4,11,Weekend,Spring,No,75.96,88.21,18.11
2023-04-23 12:00,4,12,Weekend,Spring,No,77.69,89.11,16.22
2023-04-23 13:00,4,13,Weekend,Spring,No,79.38,88.8,21.72
2023-04-23 14:00,4,14,Weekend,Spring,No,80.27,89.36,24.43
2023-04-23 15:00,4,15,Weekend,Spring,No,80.53,88.6,15.45
2023-04-23 16:00,4,16,Weekend,Spring,No,80.81,89.48,18.78
2023-04-23 17:00,4,17,Weekend,Spring,No,80.44,88.94,17.49
2023-04-23 18:00,4,18,Weekend,Spring,No,79.43,90.08,21.97
2023-04-23 19:00,4,19,Weekend,Spring,No,78.46,89.1,19.19
2023-04-23 20:00,4,20,Weekend,Spring,No,76.5,88.6,16.24
2023-04-23 21:00,4,21,Weekend,Spring,No,73.81,87.83,18.57
2023-04-23 22:00,4,22,Weekend,Spring,No,71.1,86.56,21.92
2023-04-23 23:00,4,23,Weekend,Spring,No,68.2,86.11,16.86
2023-04-24 00:00,4,0,Weekday,Spring,No,65.24,83.98,21.11
2023-04-24 01:00,4,1,Weekday,Spring,No,62.26,83.35,18.32
2023-04-24 02:00,4,2,Weekday,Spring,No,60.04,83.14,9.74
2023-04-24 03:00,4,3,Weekday,Spring,No,58.31,81.56,11.62
2023-04-24 04:00,4,4,Weekday,Spring,No,56.62,83.34,11.48
2023-04-24 05:00,4,5,Weekday,Spring,No,57.72,84.53,14.13
2023-04-24 06:00,4,6,Weekday,Spring,No,60.68,84.96,13.41
2023-04-24 07:00,4,7,Weekday,Spring,No,63.67,84.36,14.63
2023-04-24 08:00,4,8,Weekday,Spring,Yes,67.25,85.49,19.04
2023-04-24 09:00,4,9,Weekday,Spring,Yes,71.32,86.47,19.22
2023-04-24 10:00,4,10,Weekday,Spring,Yes,75.35,87.71,20.52
2023-04-24 11:00,4,11,Weekday,Spring,Yes,78.37,90.23,21.9
2023-04-24 12:00,4,12,Weekday,Spring,Yes,80.71,90.31,20.42
2023-04-24 13:00,4,13,Weekday,Spring,Yes,83.04,89.11,21.05
2023-04-24 14:00,4,14,Weekday,Spring,Yes,84.23,89.98,23.25
2023-04-24 15:00,4,15,Weekday,Spring,Yes,84.48,90.84,21.86
2023-04-24 16:00,4,16,Weekday,Spring,Yes,84.77,90.38,25.31
2023-04-24 17:00,4,17,Weekday,Spring,Yes,83.77,89.62,23.98
2023-04-24 18:00,4,18,Weekday,Spring,No,81.78,90.36,22.62
2023-04-24 19:00,4,19,Weekday,Spring,No,79.81,88.68,23.15
2023-04-24 20:00,4,20,Weekday,Spring,No,76.88,88.2,16.56
2023-04-24 21:00,4,21,Weekday,Spring,No,73.18,86.7,20.69
2023-04-24 22:00,4,22,Weekday,Spring,No,69.5,86.72,11.26
2023-04-24 23:00,4,23,Weekday,Spring,No,66.84,86.85,12.58
2023-04-25 00:00,4,0,Weekday,Spring,No,64.86,85.15,17.53
2023-04-25 01:00,4,1,Weekday,Spring,No,62.89,85.02,13.72
2023-04-25 02:00,4,2,Weekday,Spring,No,61.22,84.01,15.81
2023-04-25 03:00,4,3,Weekday,Spring,No,59.89,84.04,16.65
2023-04-25 04:00,4,4,Weekday,Spring,No,58.52,83.52,11.88
2023-04-25 05:00,4,5,Weekday,Spring,No,59.92,81.85,8.28
2023-04-25 06:00,4,6,Weekday,Spring,No,63.23,85.33,16.17
2023-04-25 07:00,4,7,Weekday,Spring,No,66.58,85.41,15.0
2023-04-25 08:00,4,8,Weekday,Spring,Yes,70.73,87.52,18.03
2023-04-25 09:00,4,9,Weekday,Spring,Yes,75.41,87.85,21.59
2023-04-25 10:00,4,10,Weekday,Spring,Yes,80.09,90.16,27.18
2023-04-25 11:00,4,11,Weekday,Spring,Yes,82.98,89.45,23.8
2023-04-25 12:00,4,12,Weekday,Spring,Yes,84.71,90.1,24.01
2023-04-25 13:00,4,13,Weekday,Spring,Yes,86.4,91.04,31.78
2023-04-25 14:00,4,14,Weekday,Spring,Yes,87.08,91.05,24.21
2023-04-25 15:00,4,15,Weekday,Spring,Yes,87.08,91.44,30.92
2023-04-25 16:00,4,16,Weekday,Spring,Yes,87.08,90.86,27.76
2023-04-25 17:00,4,17,Weekday,Spring,Yes,85.08,89.9,21.99
2023-04-25 18:00,4,18,Weekday,Spring,No,81.77,89.43,20.37
2023-04-25 19:00,4,19,Weekday,Spring,No,78.42,88.71,14.76
2023-04-25 20:00,4,20,Weekday,Spring,No,75.01,87.42,22.02
2023-04-25 21:00,4,21,Weekday,Spring,No,71.69,89.02,17.96
2023-04-25 22:00,4,22,Weekday,Spring,No,68.34,87.06,14.98
2023-04-25 23:00,4,23,Weekday,Spring,No,66.71,85.09,17.8
2023-04-26 00:00,4,0,Weekday,Spring,No,66.46,84.67,23.05
2023-04-26 01:00,4,1,Weekday,Spring,No,66.17,84.17,12.45
2023-04-26 02:00,4,2,Weekday,Spring,No,64.44,85.07,12.75
2023-04-26 03:00,4,3,Weekday,Spring,No,61.74,84.07,15.94
2023-04-26 04:00,4,4,Weekday,Spring,No,59.04,82.76,11.87
2023-04-26 05:00,4,5,Weekday,Spring,No,60.23,83.52,11.43
2023-04-26 06:00,4,6,Weekday,Spring,No,64.3,85.54,16.95
2023-04-26 07:00,4,7,Weekday,Spring,No,68.33,86.29,17.41
2023-04-26 08:00,4,8,Weekday,Spring,Yes,71.76,87.13,20.97
2023-04-26 09:00,4,9,Weekday,Spring,Yes,74.72,87.86,22.2
2023-04-26 10:00,4,10,Weekday,Spring,Yes,77.7,88.1,25.35
2023-04-26 11:00,4,11,Weekday,Spring,Yes,80.34,88.66,23.01
2023-04-26 12:00,4,12,Weekday,Spring,Yes,82.68,90.64,27.38
2023-04-26 13:00,4,13,Weekday,Spring,Yes,85.02,90.61,27.86
2023-04-26 14:00,4,14,Weekday,Spring,Yes,85.79,90.89,29.69
2023-04-26 15:00,4,15,Weekday,Spring,Yes,85.43,90.11,26.39
2023-04-26 16:00,4,16,Weekday,Spring,Yes,85.07,91.64,20.58
2023-04-26 17:00,4,17,Weekday,Spring,Yes,83.56,90.68,24.35
2023-04-26 18:00,4,18,Weekday,Spring,No,81.32,90.29,22.65
2023-04-26 19:00,4,19,Weekday,Spring,No,79.05,88.76,20.56
2023-04-26 20:00,4,20,Weekday,Spring,No,76.5,88.8,18.62
2023-04-26 21:00,4,21,Weekday,Spring,No,73.81,88.4,20.39
2023-04-26 22:00,4,22,Weekday,Spring,No,71.1,87.77,20.17
2023-04-26 23:00,4,23,Weekday,Spring,No,69.77,85.43,20.8
2023-04-27 00:00,4,0,Weekday,Spring,No,69.52,86.74,14.72
2023-04-27 01:00,4,1,Weekday,Spring,No,69.23,86.04,15.74
2023-04-27 02:00,4,2,Weekday,Spring,No,68.24,85.85,21.37
2023-04-27 03:00,4,3,Weekday,Spring,No,66.9,84.77,18.51
2023-04-27 04:00,4,4,Weekday,Spring,No,65.54,85.58,14.66
2023-04-27 05:00,4,5,Weekday,Spring,No,65.57,86.54,16.44
2023-04-27 06:00,4,6,Weekday,Spring,No,66.54,85.9,14.19
2023-04-27 07:00,4,7,Weekday,Spring,No,67.55,86.41,18.73
2023-04-27 08:00,4,8,Weekday,Spring,Yes,70.1,85.28,19.83
2023-04-27 09:00,4,9,Weekday,Spring,Yes,73.81,86.82,20.94
2023-04-27 10:00,4,10,Weekday,Spring,Yes,77.48,88.69,21.45
2023-04-27 11:00,4,11,Weekday,Spring,Yes,80.13,90.83,26.71
2023-04-27 12:00,4,12,Weekday,Spring,Yes,82.12,89.98,20.71
2023-04-27 13:00,4,13,Weekday,Spring,Yes,84.1,89.88,25.47
2023-04-27 14:00,4,14,Weekday,Spring,Yes,84.5,90.3,28.07
2023-04-27 15:00,4,15,Weekday,Spring,Yes,83.88,89.37,25.6
2023-04-27 16:00,4,16,Weekday,Spring,Yes,83.24,90.7,25.76
2023-04-27 17:00,4,17,Weekday,Spring,Yes,81.58,90.48,18.4
2023-04-27 18:00,4,18,Weekday,Spring,No,79.24,88.25,17.19
2023-04-27 19:00,4,19,Weekday,Spring,No,76.9,88.86,21.49
2023-04-27 20:00,4,20,Weekday,Spring,No,74.34,88.61,18.77
2023-04-27 21:00,4,21,Weekday,Spring,No,71.75,85.92,22.39
2023-04-27 22:00,4,22,Weekday,Spring,No,69.12,85.33,14.6
2023-04-27 23:00,4,23,Weekday,Spring,No,67.37,85.96,18.47
2023-04-28 00:00,4,0,Weekday,Spring,No,66.4,85.28,13.5
2023-04-28 01:00,4,1,Weekday,Spring,No,65.39,84.62,13.76
2023-04-28 02:00,4,2,Weekday,Spring,No,63.16,85.1,13.65
2023-04-28 03:00,4,3,Weekday,Spring,No,60.2,82.8,8.05
2023-04-28 04:00,4,4,Weekday,Spring,No,57.22,83.39,11.62
2023-04-28 05:00,4,5,Weekday,Spring,No,57.52,84.07,9.4
2023-04-28 06:00,4,6,Weekday,Spring,No,60.22,83.18,11.95
2023-04-28 07:00,4,7,Weekday,Spring,No,62.92,85.78,12.94
2023-04-28 08:00,4,8,Weekday,Spring,Yes,66.35,83.88,18.08
2023-04-28 09:00,4,9,Weekday,Spring,Yes,70.31,86.79,19.89
2023-04-28 10:00,4,10,Weekday,Spring,Yes,74.27,87.67,21.57
2023-04-28 11:00,4,11,Weekday,Spring,Yes,77.08,88.36,24.26
2023-04-28 12:00,4,12,Weekday,Spring,Yes,79.16,87.52,22.6
2023-04-28 13:00,4,13,Weekday,Spring,Yes,81.22,89.4,25.0
2023-04-28 14:00,4,14,Weekday,Spring,Yes,82.25,88.57,24.44
2023-04-28 15:00,4,15,Weekday,Spring,Yes,82.51,88.26,23.83
2023-04-28 16:00,4,16,Weekday,Spring,Yes,82.79,90.91,25.26
2023-04-28 17:00,4,17,Weekday,Spring,Yes,81.37,89.75,24.87
2023-04-28 18:00,4,18,Weekday,Spring,No,78.77,89.56,20.88
2023-04-28 19:00,4,19,Weekday,Spring,No,76.14,89.1,14.9
2023-04-28 20:00,4,20,Weekday,Spring,No,73.86,87.53,18.04
2023-04-28 21:00,4,21,Weekday,Spring,No,71.88,87.82,14.37
2023-04-28 22:00,4,22,Weekday,Spring,No,69.9,85.59,15.85
2023-04-28 23:00,4,23,Weekday,Spring,No,67.3,85.91,17.93
2023-04-29 00:00,4,0,Weekend,Spring,No,64.34,86.56,13.08
2023-04-29 01:00,4,1,Weekend,Spring,No,61.36,84.6,12.13
2023-04-29 02:00,4,2,Weekend,Spring,No,59.45,84.07,14.22
2023-04-29 03:00,4,3,Weekend,Spring,No,58.48,83.42,13.69
2023-04-29 04:00,4,4,Weekend,Spring,No,57.47,82.09,7.05
2023-04-29 05:00,4,5,Weekend,Spring,No,58.38,83.33,13.87
2023-04-29 06:00,4,6,Weekend,Spring,No,60.72,84.16,12.89
2023-04-29 07:00,4,7,Weekend,Spring,No,63.06,85.31,18.21
2023-04-29 08:00,4,8,Weekend,Spring,No,66.35,86.41,13.72
2023-04-29 09:00,4,9,Weekend,Spring,No,70.31,86.55,19.33
2023-04-29 10:00,4,10,Weekend,Spring,No,74.27,87.61,17.45
2023-04-29 11:00,4,11,Weekend,Spring,No,77.28,89.11,21.47
2023-04-29 12:00,4,12,Weekend,Spring,No,79.62,89.75,23.23
2023-04-29 13:00,4,13,Weekend,Spring,No,81.96,89.88,22.25
2023-04-29 14:00,4,14,Weekend,Spring,No,83.15,90.15,22.29
2023-04-29 15:00,4,15,Weekend,Spring,No,83.51,89.95,21.16
2023-04-29 16:00,4,16,Weekend,Spring,No,83.87,91.58,24.7
2023-04-29 17:00,4,17,Weekend,Spring,No,82.86,89.14,24.89
2023-04-29 18:00,4,18,Weekend,Spring,No,80.88,89.33,18.65
2023-04-29 19:00,4,19,Weekend,Spring,No,78.9,89.11,25.0
2023-04-29 20:00,4,20,Weekend,Spring,No,76.3,86.99,16.62
2023-04-29 21:00,4,21,Weekend,Spring,No,73.34,87.51,16.37
2023-04-29 22:00,4,22,Weekend,Spring,No,70.36,86.54,15.4
2023-04-29 23:00,4,23,Weekend,Spring,No,67.92,85.33,10.01
2023-04-30 00:00,4,0,Weekend,Spring,No,65.84,86.22,16.94
2023-04-30 01:00,4,1,Weekend,Spring,No,63.78,84.7,14.04
2023-04-30 02:00,4,2,Weekend,Spring,No,61.38,83.67,12.21
2023-04-30 03:00,4,3,Weekend,Spring,No,58.79,82.28,9.89
2023-04-30 04:00,4,4,Weekend,Spring,No,56.16,82.36,14.64
2023-04-30 05:00,4,5,Weekend,Spring,No,57.14,84.13,11.25
2023-04-30 06:00,4,6,Weekend,Spring,No,60.85,83.49,11.8
2023-04-30 07:00,4,7,Weekend,Spring,No,64.52,84.68,9.48
2023-04-30 08:00,4,8,Weekend,Spring,No,68.54,86.01,12.42
2023-04-30 09:00,4,9,Weekend,Spring,No,72.86,87.79,17.73
2023-04-30 10:00,4,10,Weekend,Spring,No,77.18,86.41,19.73
2023-04-30 11:00,4,11,Weekend,Spring,No,80.76,89.77,21.43
2023-04-30 12:00,4,12,Weekend,Spring,No,83.72,90.07,17.29
2023-04-30 13:00,4,13,Weekend,Spring,No,86.7,91.11,26.11
2023-04-30 14:00,4,14,Weekend,Spring,No,87.56,90.85,23.99
2023-04-30 15:00,4,15,Weekend,Spring,No,86.94,91.43,19.87
2023-04-30 16:00,4,16,Weekend,Spring,No,86.3,90.49,22.53
2023-04-30 17:00,4,17,Weekend,Spring,No,85.06,89.98,22.75
2023-04-30 18:00,4,18,Weekend,Spring,No,83.33,90.42,25.35
2023-04-30 19:00,4,19,Weekend,Spring,No,81.63,92.18,15.96
2023-04-30 20:00,4,20,Weekend,Spring,No,79.07,89.97,22.77
2023-04-30 21:00,4,21,Weekend,Spring,No,76.04,88.9,20.35
2023-04-30 22:00,4,22,Weekend,Spring,No,73.26,87.96,16.03
2023-04-30 23:00,4,23,Weekend,Spring,No,70.46,86.47,14.35
2023-05-01 00:00,5,0,Weekday,Spring,No,67.58,85.87,15.09
2023-05-01 01:00,5,1,Weekday,Spring,No,64.7,84.06,17.82
2023-05-01 02:00,5,2,Weekday,Spring,No,61.92,84.42,16.71
2023-05-01 03:00,5,3,Weekday,Spring,No,59.12,83.44,17.62
2023-05-01 04:00,5,4,Weekday,Spring,No,57.4,82.87,11.9
2023-05-01 05:00,5,5,Weekday,Spring,No,56.39,83.59,7.42
2023-05-01 06:00,5,6,Weekday,Spring,No,56.57,82.93,9.5
2023-05-01 07:00,5,7,Weekday,Spring,No,58.8,83.24,12.56
2023-05-01 08:00,5,8,Weekday,Spring,Yes,62.92,85.71,16.66
2023-05-01 09:00,5,9,Weekday,Spring,Yes,66.72,85.29,20.15
2023-05-01 10:00,5,10,Weekday,Spring,Yes,68.63,86.89,21.26
2023-05-01 11:00,5,11,Weekday,Spring,Yes,70.76,86.9,20.7
2023-05-01 12:00,5,12,Weekday,Spring,Yes,73.74,86.87,19.59
2023-05-01 13:00,5,13,Weekday,Spring,Yes,75.54,87.31,20.4
2023-05-01 14:00,5,14,Weekday,Spring,Yes,75.4,88.22,19.39
2023-05-01 15:00,5,15,Weekday,Spring,Yes,75.54,88.2,17.3
2023-05-01 16:00,5,16,Weekday,Spring,Yes,74.76,87.2,26.23
2023-05-01 17:00,5,17,Weekday,Spring,Yes,73.42,88.05,22.26
2023-05-01 18:00,5,18,Weekday,Spring,No,70.73,86.34,19.4
2023-05-01 19:00,5,19,Weekday,Spring,No,67.3,85.72,12.94
2023-05-01 20:00,5,20,Weekday,Spring,No,64.86,84.55,12.93
2023-05-01 21:00,5,21,Weekday,Spring,No,62.89,84.85,13.17
2023-05-01 22:00,5,22,Weekday,Spring,No,60.9,82.73,13.64
2023-05-01 23:00,5,23,Weekday,Spring,No,59.45,83.96,10.68
2023-05-02 00:00,5,0,Weekday,Spring,No,59.0,83.77,13.06
2023-05-02 01:00,5,1,Weekday,Spring,No,58.37,84.13,17.79
2023-05-02 02:00,5,2,Weekday,Spring,No,57.92,84.66,14.5
2023-05-02 03:00,5,3,Weekday,Spring,No,57.92,83.01,13.53
2023-05-02 04:00,5,4,Weekday,Spring,No,57.92,83.52,9.35
2023-05-02 05:00,5,5,Weekday,Spring,No,56.24,83.18,9.82
2023-05-02 06:00,5,6,Weekday,Spring,No,55.04,84.66,8.13
2023-05-02 07:00,5,7,Weekday,Spring,No,57.35,83.56,11.21
2023-05-02 08:00,5,8,Weekday,Spring,Yes,61.94,83.73,18.12
2023-05-02 09:00,5,9,Weekday,Spring,Yes,62.89,83.45,15.68
2023-05-02 10:00,5,10,Weekday,Spring,Yes,63.22,84.16,12.64
2023-05-02 11:00,5,11,Weekday,Spring,Yes,64.04,84.5,20.54
2023-05-02 12:00,5,12,Weekday,Spring,Yes,64.56,86.64,18.42
2023-05-02 13:00,5,13,Weekday,Spring,Yes,66.1,85.91,19.39
2023-05-02 14:00,5,14,Weekday,Spring,Yes,65.76,85.3,21.27
2023-05-02 15:00,5,15,Weekday,Spring,Yes,62.63,83.54,19.3
2023-05-02 16:00,5,16,Weekday,Spring,Yes,63.92,84.87,15.64
2023-05-02 17:00,5,17,Weekday,Spring,Yes,66.02,86.07,19.86
2023-05-02 18:00,5,18,Weekday,Spring,No,63.71,85.0,9.31
2023-05-02 19:00,5,19,Weekday,Spring,No,60.28,84.11,10.72
2023-05-02 20:00,5,20,Weekday,Spring,No,57.85,81.12,7.39
2023-05-02 21:00,5,21,Weekday,Spring,No,55.86,83.37,14.14
2023-05-02 22:00,5,22,Weekday,Spring,No,54.41,82.93,10.28
2023-05-02 23:00,5,23,Weekday,Spring,No,53.96,83.65,14.86
2023-05-03 00:00,5,0,Weekday,Spring,No,53.43,80.52,8.98
2023-05-03 01:00,5,1,Weekday,Spring,No,52.43,81.33,11.52
2023-05-03 02:00,5,2,Weekday,Spring,No,51.98,82.27,5.09
2023-05-03 03:00,5,3,Weekday,Spring,No,51.46,82.13,10.58
2023-05-03 04:00,5,4,Weekday,Spring,No,50.45,81.18,6.6
2023-05-03 05:00,5,5,Weekday,Spring,No,49.37,80.59,5.84
2023-05-03 06:00,5,6,Weekday,Spring,No,51.86,81.26,10.04
2023-05-03 07:00,5,7,Weekday,Spring,No,58.06,84.11,9.57
2023-05-03 08:00,5,8,Weekday,Spring,Yes,63.92,84.17,11.77
2023-05-03 09:00,5,9,Weekday,Spring,Yes,68.96,86.66,22.06
2023-05-03 10:00,5,10,Weekday,Spring,Yes,73.9,87.01,22.44
2023-05-03 11:00,5,11,Weekday,Spring,Yes,76.55,89.76,22.05
2023-05-03 12:00,5,12,Weekday,Spring,Yes,78.78,87.55,20.47
2023-05-03 13:00,5,13,Weekday,Spring,Yes,80.06,90.07,25.52
2023-05-03 14:00,5,14,Weekday,Spring,Yes,81.74,89.8,25.89
2023-05-03 15:00,5,15,Weekday,Spring,Yes,81.78,87.63,24.12
2023-05-03 16:00,5,16,Weekday,Spring,Yes,81.59,89.66,24.06
2023-05-03 17:00,5,17,Weekday,Spring,Yes,80.88,89.45,22.04
2023-05-03 18:00,5,18,Weekday,Spring,No,78.9,89.87,17.47
2023-05-03 19:00,5,19,Weekday,Spring,No,76.3,87.89,18.24
2023-05-03 20:00,5,20,Weekday,Spring,No,73.86,88.2,16.67
2023-05-03 21:00,5,21,Weekday,Spring,No,70.73,85.18,18.27
2023-05-03 22:00,5,22,Weekday,Spring,No,67.82,85.55,14.19
2023-05-03 23:00,5,23,Weekday,Spring,No,64.61,85.33,13.99
2023-05-04 00:00,5,0,Weekday,Spring,No,61.8,83.9,13.83
2023-05-04 01:00,5,1,Weekday,Spring,No,60.98,84.9,11.1
2023-05-04 02:00,5,2,Weekday,Spring,No,59.82,83.46,11.76
2023-05-04 03:00,5,3,Weekday,Spring,No,58.37,82.34,12.63
2023-05-04 04:00,5,4,Weekday,Spring,No,57.92,82.28,12.87
2023-05-04 05:00,5,5,Weekday,Spring,No,59.7,84.35,13.62
2023-05-04 06:00,5,6,Weekday,Spring,No,64.44,85.14,16.87
2023-05-04 07:00,5,7,Weekday,Spring,No,70.49,87.23,17.35
2023-05-04 08:00,5,8,Weekday,Spring,Yes,75.35,87.95,22.87
2023-05-04 09:00,5,9,Weekday,Spring,Yes,79.31,89.64,22.75
2023-05-04 10:00,5,10,Weekday,Spring,Yes,81.59,89.77,22.85
2023-05-04 11:00,5,11,Weekday,Spring,Yes,83.72,91.39,22.2
2023-05-04 12:00,5,12,Weekday,Spring,Yes,85.55,90.51,29.29
2023-05-04 13:00,5,13,Weekday,Spring,Yes,86.0,90.34,25.09
2023-05-04 14:00,5,14,Weekday,Spring,Yes,87.16,91.29,26.51
2023-05-04 15:00,5,15,Weekday,Spring,Yes,88.61,91.26,29.64
2023-05-04 16:00,5,16,Weekday,Spring,Yes,87.9,92.36,25.12
2023-05-04 17:00,5,17,Weekday,Spring,Yes,84.14,89.14,29.11
2023-05-04 18:00,5,18,Weekday,Spring,No,79.1,88.71,17.82
2023-05-04 19:00,5,19,Weekday,Spring,No,76.37,88.22,17.83
2023-05-04 20:00,5,20,Weekday,Spring,No,74.24,87.88,15.42
2023-05-04 21:00,5,21,Weekday,Spring,No,72.41,86.37,16.49
2023-05-04 22:00,5,22,Weekday,Spring,No,72.59,86.89,16.24
2023-05-04 23:00,5,23,Weekday,Spring,No,70.73,88.01,15.17
2023-05-05 00:00,5,0,Weekday,Spring,No,68.45,87.04,20.49
2023-05-05 01:00,5,1,Weekday,Spring,No,66.84,85.89,26.34
2023-05-05 02:00,5,2,Weekday,Spring,No,64.86,86.58,13.86
2023-05-05 03:00,5,3,Weekday,Spring,No,64.04,86.19,14.28
2023-05-05 04:00,5,4,Weekday,Spring,No,64.04,86.23,15.87
2023-05-05 05:00,5,5,Weekday,Spring,No,63.41,83.31,8.81
2023-05-05 06:00,5,6,Weekday,Spring,No,64.74,85.56,13.91
2023-05-05 07:00,5,7,Weekday,Spring,No,69.48,85.94,13.37
2023-05-05 08:00,5,8,Weekday,Spring,Yes,74.27,87.3,15.91
2023-05-05 09:00,5,9,Weekday,Spring,Yes,77.7,88.34,21.48
2023-05-05 10:00,5,10,Weekday,Spring,Yes,80.76,89.37,22.43
2023-05-05 11:00,5,11,Weekday,Spring,Yes,83.2,89.9,26.35
2023-05-05 12:00,5,12,Weekday,Spring,Yes,85.18,91.96,27.63
2023-05-05 13:00,5,13,Weekday,Spring,Yes,87.16,92.39,22.54
2023-05-05 14:00,5,14,Weekday,Spring,Yes,87.98,91.75,27.35
2023-05-05 15:00,5,15,Weekday,Spring,Yes,87.98,91.13,28.69
2023-05-05 16:00,5,16,Weekday,Spring,Yes,87.46,91.42,23.09
2023-05-05 17:00,5,17,Weekday,Spring,Yes,86.45,90.58,26.94
2023-05-05 18:00,5,18,Weekday,Spring,No,84.22,92.06,22.65
2023-05-05 19:00,5,19,Weekday,Spring,No,81.26,90.54,21.78
2023-05-05 20:00,5,20,Weekday,Spring,No,78.28,89.46,19.9
2023-05-05 21:00,5,21,Weekday,Spring,No,75.84,87.65,16.56
2023-05-05 22:00,5,22,Weekday,Spring,No,73.86,87.51,22.98
2023-05-05 23:00,5,23,Weekday,Spring,No,70.73,87.11,17.52
2023-05-06 00:00,5,0,Weekend,Spring,No,68.45,86.04,13.85
2023-05-06 01:00,5,1,Weekend,Spring,No,67.37,85.4,15.82
2023-05-06 02:00,5,2,Weekend,Spring,No,65.76,84.15,17.75
2023-05-06 03:00,5,3,Weekend,Spring,No,66.1,86.48,14.08
2023-05-06 04:00,5,4,Weekend,Spring,No,65.24,85.82,13.98
2023-05-06 05:00,5,5,Weekend,Spring,No,66.35,86.4,15.7
2023-05-06 06:00,5,6,Weekend,Spring,No,69.16,87.16,14.67
2023-05-06 07:00,5,7,Weekend,Spring,No,72.92,86.75,17.65
2023-05-06 08:00,5,8,Weekend,Spring,No,76.18,90.03,15.94
2023-05-06 09:00,5,9,Weekend,Spring,No,78.16,87.04,22.12
2023-05-06 10:00,5,10,Weekend,Spring,No,80.13,89.83,24.15
2023-05-06 11:00,5,11,Weekend,Spring,No,82.74,91.69,21.34
2023-05-06 12:00,5,12,Weekend,Spring,No,85.18,90.58,22.74
2023-05-06 13:00,5,13,Weekend,Spring,No,86.63,90.97,19.68
2023-05-06 14:00,5,14,Weekend,Spring,No,87.08,90.45,22.22
2023-05-06 15:00,5,15,Weekend,Spring,No,87.6,90.83,25.58
2023-05-06 16:00,5,16,Weekend,Spring,No,87.98,91.29,25.69
2023-05-06 17:00,5,17,Weekend,Spring,No,86.82,92.75,18.8
2023-05-06 18:00,5,18,Weekend,Spring,No,84.22,89.57,20.6
2023-05-06 19:00,5,19,Weekend,Spring,No,80.63,89.48,20.35
2023-05-06 20:00,5,20,Weekend,Spring,No,77.82,87.4,22.99
2023-05-06 21:00,5,21,Weekend,Spring,No,75.22,87.11,20.76
2023-05-06 22:00,5,22,Weekend,Spring,No,71.1,87.42,20.83
2023-05-06 23:00,5,23,Weekend,Spring,No,69.08,87.1,13.03
2023-05-07 00:00,5,0,Weekend,Spring,No,69.6,84.83,14.12
2023-05-07 01:00,5,1,Weekend,Spring,No,68.2,87.01,21.24
2023-05-07 02:00,5,2,Weekend,Spring,No,65.24,85.92,19.72
2023-05-07 03:00,5,3,Weekend,Spring,No,63.41,84.66,11.42
2023-05-07 04:00,5,4,Weekend,Spring,No,62.44,85.13,11.4
2023-05-07 05:00,5,5,Weekend,Spring,No,62.06,84.08,18.97
2023-05-07 06:00,5,6,Weekend,Spring,No,65.53,86.01,13.53
2023-05-07 07:00,5,7,Weekend,Spring,No,70.94,88.0,16.54
2023-05-07 08:00,5,8,Weekend,Spring,No,75.98,89.05,17.33
2023-05-07 09:00,5,9,Weekend,Spring,No,81.54,90.12,19.87
2023-05-07 10:00,5,10,Weekend,Spring,No,85.8,90.7,21.57
2023-05-07 11:00,5,11,Weekend,Spring,No,88.23,92.02,27.84
2023-05-07 12:00,5,12,Weekend,Spring,No,90.74,91.91,23.58
2023-05-07 13:00,5,13,Weekend,Spring,No,91.42,92.53,22.88
2023-05-07 14:00,5,14,Weekend,Spring,No,92.72,93.75,22.82
2023-05-07 15:00,5,15,Weekend,Spring,No,93.4,91.9,23.13
2023-05-07 16:00,5,16,Weekend,Spring,No,92.39,92.53,24.16
2023-05-07 17:00,5,17,Weekend,Spring,No,90.78,91.33,23.48
2023-05-07 18:00,5,18,Weekend,Spring,No,87.65,90.11,22.91
2023-05-07 19:00,5,19,Weekend,Spring,No,84.22,92.04,24.49
2023-05-07 20:00,5,20,Weekend,Spring,No,81.26,90.49,17.68
2023-05-07 21:00,5,21,Weekend,Spring,No,79.43,88.94,15.47
2023-05-07 22:00,5,22,Weekend,Spring,No,76.04,88.13,13.63
2023-05-07 23:00,5,23,Weekend,Spring,No,72.26,87.25,20.55
2023-05-08 00:00,5,0,Weekday,Spring,No,71.06,88.58,19.55
2023-05-08 01:00,5,1,Weekday,Spring,No,70.43,87.05,17.44
2023-05-08 02:00,5,2,Weekday,Spring,No,70.61,86.51,15.56
2023-05-08 03:00,5,3,Weekday,Spring,No,70.43,86.61,18.17
2023-05-08 04:00,5,4,Weekday,Spring,No,67.67,86.26,17.31
2023-05-08 05:00,5,5,Weekday,Spring,No,64.24,85.45,18.12
2023-05-08 06:00,5,6,Weekday,Spring,No,65.9,86.07,11.93
2023-05-08 07:00,5,7,Weekday,Spring,No,73.25,86.81,21.75
2023-05-08 08:00,5,8,Weekday,Spring,Yes,78.78,89.78,23.13
2023-05-08 09:00,5,9,Weekday,Spring,Yes,82.9,89.3,24.48
2023-05-08 10:00,5,10,Weekday,Spring,Yes,86.18,89.63,24.2
2023-05-08 11:00,5,11,Weekday,Spring,Yes,88.23,91.9,26.37
2023-05-08 12:00,5,12,Weekday,Spring,Yes,90.22,91.82,24.72
2023-05-08 13:00,5,13,Weekday,Spring,Yes,91.56,93.34,26.63
2023-05-08 14:00,5,14,Weekday,Spring,Yes,92.57,92.18,29.54
2023-05-08 15:00,5,15,Weekday,Spring,Yes,93.54,93.83,24.72
2023-05-08 16:00,5,16,Weekday,Spring,Yes,92.76,90.43,25.72
2023-05-08 17:00,5,17,Weekday,Spring,Yes,90.78,91.8,28.57
2023-05-08 18:00,5,18,Weekday,Spring,No,87.65,91.77,22.45
2023-05-08 19:00,5,19,Weekday,Spring,No,83.69,90.8,22.67
2023-05-08 20:00,5,20,Weekday,Spring,No,79.1,89.42,19.71
2023-05-08 21:00,5,21,Weekday,Spring,No,75.84,89.82,22.67
2023-05-08 22:00,5,22,Weekday,Spring,No,75.02,89.26,23.04
2023-05-08 23:00,5,23,Weekday,Spring,No,70.92,85.74,18.15
2023-05-09 00:00,5,0,Weekday,Spring,No,65.69,84.74,15.01
2023-05-09 01:00,5,1,Weekday,Spring,No,65.72,85.5,15.46
2023-05-09 02:00,5,2,Weekday,Spring,No,66.92,85.78,14.31
2023-05-09 03:00,5,3,Weekday,Spring,No,63.46,84.42,13.38
2023-05-09 04:00,5,4,Weekday,Spring,No,59.82,83.99,15.47
2023-05-09 05:00,5,5,Weekday,Spring,No,59.63,83.98,14.07
2023-05-09 06:00,5,6,Weekday,Spring,No,63.54,85.82,12.47
2023-05-09 07:00,5,7,Weekday,Spring,No,70.12,86.65,18.12
2023-05-09 08:00,5,8,Weekday,Spring,Yes,77.13,88.55,23.86
2023-05-09 09:00,5,9,Weekday,Spring,Yes,81.74,90.42,23.33
2023-05-09 10:00,5,10,Weekday,Spring,Yes,84.1,91.4,27.52
2023-05-09 11:00,5,11,Weekday,Spring,Yes,87.86,90.99,27.02
2023-05-09 12:00,5,12,Weekday,Spring,Yes,90.59,92.79,27.93
2023-05-09 13:00,5,13,Weekday,Spring,Yes,90.41,92.81,27.47
2023-05-09 14:00,5,14,Weekday,Spring,Yes,91.74,93.38,24.7
2023-05-09 15:00,5,15,Weekday,Spring,Yes,92.39,91.74,29.65
2023-05-09 16:00,5,16,Weekday,Spring,Yes,91.42,91.85,28.0
2023-05-09 17:00,5,17,Weekday,Spring,Yes,89.26,91.08,29.85
2023-05-09 18:00,5,18,Weekday,Spring,No,86.2,90.64,21.5
2023-05-09 19:00,5,19,Weekday,Spring,No,83.77,91.95,18.84
2023-05-09 20:00,5,20,Weekday,Spring,No,81.26,90.32,20.45
2023-05-09 21:00,5,21,Weekday,Spring,No,77.65,89.07,18.61
2023-05-09 22:00,5,22,Weekday,Spring,No,74.24,86.57,22.42
2023-05-09 23:00,5,23,Weekday,Spring,No,71.88,87.75,18.01
2023-05-10 00:00,5,0,Weekday,Spring,No,70.43,85.96,13.62
2023-05-10 01:00,5,1,Weekday,Spring,No,68.82,86.77,20.93
2023-05-10 02:00,5,2,Weekday,Spring,No,67.37,84.57,16.87
2023-05-10 03:00,5,3,Weekday,Spring,No,66.4,85.68,15.13
2023-05-10 04:00,5,4,Weekday,Spring,No,64.86,84.55,13.89
2023-05-10 05:00,5,5,Weekday,Spring,No,63.41,83.01,13.82
2023-05-10 06:00,5,6,Weekday,Spring,No,64.74,84.98,20.33
2023-05-10 07:00,5,7,Weekday,Spring,No,68.96,85.94,18.36
2023-05-10 08:00,5,8,Weekday,Spring,Yes,73.9,87.92,20.44
2023-05-10 09:00,5,9,Weekday,Spring,Yes,77.18,88.64,21.62
2023-05-10 10:00,5,10,Weekday,Spring,Yes,80.39,87.53,23.32
2023-05-10 11:00,5,11,Weekday,Spring,Yes,83.2,90.48,25.99
2023-05-10 12:00,5,12,Weekday,Spring,Yes,83.39,89.94,23.68
2023-05-10 13:00,5,13,Weekday,Spring,Yes,84.72,90.8,23.1
2023-05-10 14:00,5,14,Weekday,Spring,Yes,86.0,90.81,27.01
2023-05-10 15:00,5,15,Weekday,Spring,Yes,85.37,90.78,27.23
2023-05-10 16:00,5,16,Weekday,Spring,Yes,84.92,91.04,19.0
2023-05-10 17:00,5,17,Weekday,Spring,Yes,84.4,90.53,23.36
2023-05-10 18:00,5,18,Weekday,Spring,No,82.24,91.02,27.06
2023-05-10 19:00,5,19,Weekday,Spring,No,79.28,89.93,18.32
2023-05-10 20:00,5,20,Weekday,Spring,No,76.3,88.89,16.15
2023-05-10 21:00,5,21,Weekday,Spring,No,73.86,87.32,13.14
2023-05-10 22:00,5,22,Weekday,Spring,No,71.88,87.34,17.42
2023-05-10 23:00,5,23,Weekday,Spring,No,69.9,86.5,19.72
2023-05-11 00:00,5,0,Weekday,Spring,No,66.67,85.37,10.69
2023-05-11 01:00,5,1,Weekday,Spring,No,65.57,85.65,12.56
2023-05-11 02:00,5,2,Weekday,Spring,No,64.86,84.68,9.17
2023-05-11 03:00,5,3,Weekday,Spring,No,61.73,83.55,18.34
2023-05-11 04:00,5,4,Weekday,Spring,No,56.51,83.19,14.76
2023-05-11 05:00,5,5,Weekday,Spring,No,52.8,81.63,12.86
2023-05-11 06:00,5,6,Weekday,Spring,No,58.38,82.55,10.85
2023-05-11 07:00,5,7,Weekday,Spring,No,67.06,86.22,16.01
2023-05-11 08:00,5,8,Weekday,Spring,Yes,71.76,86.24,23.65
2023-05-11 09:00,5,9,Weekday,Spring,Yes,74.72,87.72,22.56
2023-05-11 10:00,5,10,Weekday,Spring,Yes,78.33,88.33,16.9
2023-05-11 11:00,5,11,Weekday,Spring,Yes,81.22,90.39,27.52
2023-05-11 12:00,5,12,Weekday,Spring,Yes,82.04,89.7,20.77
2023-05-11 13:00,5,13,Weekday,Spring,Yes,83.2,90.08,24.95
2023-05-11 14:00,5,14,Weekday,Spring,Yes,83.39,89.75,27.19
2023-05-11 15:00,5,15,Weekday,Spring,Yes,83.57,88.78,26.29
2023-05-11 16:00,5,16,Weekday,Spring,Yes,83.39,91.09,23.33
2023-05-11 17:00,5,17,Weekday,Spring,Yes,81.78,89.82,26.92
2023-05-11 18:00,5,18,Weekday,Spring,No,78.02,88.68,18.48
2023-05-11 19:00,5,19,Weekday,Spring,No,74.24,88.86,18.9
2023-05-11 20:00,5,20,Weekday,Spring,No,71.88,86.55,20.88
2023-05-11 21:00,5,21,Weekday,Spring,No,69.28,85.86,16.14
2023-05-11 22:00,5,22,Weekday,Spring,No,66.84,85.31,17.81
2023-05-11 23:00,5,23,Weekday,Spring,No,64.86,85.89,16.85
2023-05-12 00:00,5,0,Weekday,Spring,No,61.1,84.89,17.87
2023-05-12 01:00,5,1,Weekday,Spring,No,57.22,82.1,12.29
2023-05-12 02:00,5,2,Weekday,Spring,No,55.94,83.47,8.58
2023-05-12 03:00,5,3,Weekday,Spring,No,54.26,82.85,9.13
2023-05-12 04:00,5,4,Weekday,Spring,No,53.06,80.86,15.15
2023-05-12 05:00,5,5,Weekday,Spring,No,53.06,81.32,12.54
2023-05-12 06:00,5,6,Weekday,Spring,No,57.16,83.21,9.13
2023-05-12 07:00,5,7,Weekday,Spring,No,62.92,85.19,13.07
2023-05-12 08:00,5,8,Weekday,Spring,Yes,68.51,85.23,18.82
2023-05-12 09:00,5,9,Weekday,Spring,Yes,74.53,85.83,23.01
2023-05-12 10:00,5,10,Weekday,Spring,Yes,79.31,88.48,26.5
2023-05-12 11:00,5,11,Weekday,Spring,Yes,83.27,90.95,27.29
2023-05-12 12:00,5,12,Weekday,Spring,Yes,86.18,90.59,29.21
2023-05-12 13:00,5,13,Weekday,Spring,Yes,87.08,90.81,27.85
2023-05-12 14:00,5,14,Weekday,Spring,Yes,88.76,92.71,21.41
2023-05-12 15:00,5,15,Weekday,Spring,Yes,89.96,91.36,28.89
2023-05-12 16:00,5,16,Weekday,Spring,Yes,89.43,92.62,27.03
2023-05-12 17:00,5,17,Weekday,Spring,Yes,88.43,93.01,27.03
2023-05-12 18:00,5,18,Weekday,Spring,No,85.04,91.81,22.96
2023-05-12 19:00,5,19,Weekday,Spring,No,81.26,88.04,20.5
2023-05-12 20:00,5,20,Weekday,Spring,No,78.28,87.46,17.62
2023-05-12 21:00,5,21,Weekday,Spring,No,75.22,89.35,13.68
2023-05-12 22:00,5,22,Weekday,Spring,No,71.63,87.07,19.28
2023-05-12 23:00,5,23,Weekday,Spring,No,68.2,85.71,15.34
2023-05-13 00:00,5,0,Weekend,Spring,No,64.61,85.97,12.04
2023-05-13 01:00,5,1,Weekend,Spring,No,61.8,84.07,12.84
2023-05-13 02:00,5,2,Weekend,Spring,No,59.2,82.43,8.77
2023-05-13 03:00,5,3,Weekend,Spring,No,57.4,84.14,11.73
2023-05-13 04:00,5,4,Weekend,Spring,No,57.02,84.58,13.02
2023-05-13 05:00,5,5,Weekend,Spring,No,56.39,82.48,13.08
2023-05-13 06:00,5,6,Weekend,Spring,No,61.19,84.87,15.51
2023-05-13 07:00,5,7,Weekend,Spring,No,68.51,86.52,13.62
2023-05-13 08:00,5,8,Weekend,Spring,No,73.37,87.07,18.17
2023-05-13 09:00,5,9,Weekend,Spring,No,79.12,89.35,22.25
2023-05-13 10:00,5,10,Weekend,Spring,No,84.98,91.51,20.72
2023-05-13 11:00,5,11,Weekend,Spring,No,88.23,92.0,27.4
2023-05-13 12:00,5,12,Weekend,Spring,No,90.74,91.41,29.5
2023-05-13 13:00,5,13,Weekend,Spring,No,92.57,93.28,27.96
2023-05-13 14:00,5,14,Weekend,Spring,No,93.54,93.12,25.53
2023-05-13 15:00,5,15,Weekend,Spring,No,93.4,93.35,26.49
2023-05-13 16:00,5,16,Weekend,Spring,No,92.39,93.16,21.99
2023-05-13 17:00,5,17,Weekend,Spring,No,91.94,92.73,24.32
2023-05-13 18:00,5,18,Weekend,Spring,No,89.63,92.69,24.62
2023-05-13 19:00,5,19,Weekend,Spring,No,85.67,90.91,20.65
2023-05-13 20:00,5,20,Weekend,Spring,No,82.24,87.32,21.98
2023-05-13 21:00,5,21,Weekend,Spring,No,79.28,89.15,20.66
2023-05-13 22:00,5,22,Weekend,Spring,No,76.3,88.19,15.55
2023-05-13 23:00,5,23,Weekend,Spring,No,73.24,87.85,21.04
2023-05-14 00:00,5,0,Weekend,Spring,No,69.65,86.26,20.88
2023-05-14 01:00,5,1,Weekend,Spring,No,66.22,85.33,14.63
2023-05-14 02:00,5,2,Weekend,Spring,No,64.41,85.17,12.38
2023-05-14 03:00,5,3,Weekend,Spring,No,63.41,84.78,16.57
2023-05-14 04:00,5,4,Weekend,Spring,No,63.59,83.74,13.72
2023-05-14 05:00,5,5,Weekend,Spring,No,64.04,86.18,14.17
2023-05-14 06:00,5,6,Weekend,Spring,No,68.13,85.18,10.57
2023-05-14 07:00,5,7,Weekend,Spring,No,73.37,86.81,22.88
2023-05-14 08:00,5,8,Weekend,Spring,No,77.33,87.47,16.86
2023-05-14 09:00,5,9,Weekend,Spring,No,80.13,89.63,21.59
2023-05-14 10:00,5,10,Weekend,Spring,No,82.12,90.08,21.33
2023-05-14 11:00,5,11,Weekend,Spring,No,85.88,89.64,21.14
2023-05-14 12:00,5,12,Weekend,Spring,No,88.61,92.05,23.7
2023-05-14 13:00,5,13,Weekend,Spring,No,89.58,93.41,26.68
2023-05-14 14:00,5,14,Weekend,Spring,No,89.96,91.85,26.85
2023-05-14 15:00,5,15,Weekend,Spring,No,91.12,91.96,29.26
2023-05-14 16:00,5,16,Weekend,Spring,No,91.42,92.24,24.79
2023-05-14 17:00,5,17,Weekend,Spring,No,89.88,92.09,24.82
2023-05-14 18:00,5,18,Weekend,Spring,No,86.65,90.46,27.0
2023-05-14 19:00,5,19,Weekend,Spring,No,83.24,90.76,16.64
2023-05-14 20:00,5,20,Weekend,Spring,No,79.73,89.93,18.83
2023-05-14 21:00,5,21,Weekend,Spring,No,75.67,88.81,21.1
2023-05-14 22:00,5,22,Weekend,Spring,No,72.78,87.82,18.89
2023-05-14 23:00,5,23,Weekend,Spring,No,71.96,85.41,18.02
2023-05-15 00:00,5,0,Weekday,Spring,No,69.02,86.41,19.09
2023-05-15 01:00,5,1,Weekday,Spring,No,66.92,86.48,20.64
2023-05-15 02:00,5,2,Weekday,Spring,No,64.61,84.22,13.55
2023-05-15 03:00,5,3,Weekday,Spring,No,61.8,83.61,13.39
2023-05-15 04:00,5,4,Weekday,Spring,No,60.46,83.9,12.48
2023-05-15 05:00,5,5,Weekday,Spring,No,58.3,84.17,8.93
2023-05-15 06:00,5,6,Weekday,Spring,No,62.8,84.99,12.97
2023-05-15 07:00,5,7,Weekday,Spring,No,69.86,86.98,15.93
2023-05-15 08:00,5,8,Weekday,Spring,Yes,74.27,86.89,22.31
2023-05-15 09:00,5,9,Weekday,Spring,Yes,77.7,88.4,20.36
2023-05-15 10:00,5,10,Weekday,Spring,Yes,81.29,88.23,20.16
2023-05-15 11:00,5,11,Weekday,Spring,Yes,84.1,89.46,26.05
2023-05-15 12:00,5,12,Weekday,Spring,Yes,86.18,90.82,23.94
2023-05-15 13:00,5,13,Weekday,Spring,Yes,88.23,91.98,25.51
2023-05-15 14:00,5,14,Weekday,Spring,Yes,89.06,90.33,25.23
2023-05-15 15:00,5,15,Weekday,Spring,Yes,89.06,91.38,29.36
2023-05-15 16:00,5,16,Weekday,Spring,Yes,88.43,91.87,27.04
2023-05-15 17:00,5,17,Weekday,Spring,Yes,87.46,91.9,24.69
2023-05-15 18:00,5,18,Weekday,Spring,No,85.3,90.48,23.09
2023-05-15 19:00,5,19,Weekday,Spring,No,81.08,90.67,21.76
2023-05-15 20:00,5,20,Weekday,Spring,No,77.2,88.57,20.98
2023-05-15 21:00,5,21,Weekday,Spring,No,74.24,86.99,19.31
2023-05-15 22:00,5,22,Weekday,Spring,No,71.26,86.03,20.5
2023-05-15 23:00,5,23,Weekday,Spring,No,68.2,87.1,17.72
2023-05-16 00:00,5,0,Weekday,Spring,No,65.76,85.85,11.62
2023-05-16 01:00,5,1,Weekday,Spring,No,62.63,86.47,14.45
2023-05-16 02:00,5,2,Weekday,Spring,No,58.67,83.38,13.4
2023-05-16 03:00,5,3,Weekday,Spring,No,57.02,82.98,15.44
2023-05-16 04:00,5,4,Weekday,Spring,No,57.02,83.2,14.31
2023-05-16 05:00,5,5,Weekday,Spring,No,56.39,82.19,11.03
2023-05-16 06:00,5,6,Weekday,Spring,No,61.19,85.06,17.86
2023-05-16 07:00,5,7,Weekday,Spring,No,68.51,85.05,17.41
2023-05-16 08:00,5,8,Weekday,Spring,Yes,73.9,88.43,23.65
2023-05-16 09:00,5,9,Weekday,Spring,Yes,78.33,89.51,19.92
2023-05-16 10:00,5,10,Weekday,Spring,Yes,81.74,89.6,27.31
2023-05-16 11:00,5,11,Weekday,Spring,Yes,84.1,90.55,20.02
2023-05-16 12:00,5,12,Weekday,Spring,Yes,86.7,91.09,31.65
2023-05-16 13:00,5,13,Weekday,Spring,Yes,89.77,91.42,28.82
2023-05-16 14:00,5,14,Weekday,Spring,Yes,91.04,93.6,28.83
2023-05-16 15:00,5,15,Weekday,Spring,Yes,91.04,92.65,27.17
2023-05-16 16:00,5,16,Weekday,Spring,Yes,91.04,92.11,30.54
2023-05-16 17:00,5,17,Weekday,Spring,Yes,90.41,92.45,28.61
2023-05-16 18:00,5,18,Weekday,Spring,No,87.65,91.66,21.55
2023-05-16 19:00,5,19,Weekday,Spring,No,84.22,92.03,26.43
2023-05-16 20:00,5,20,Weekday,Spring,No,81.78,90.19,18.19
2023-05-16 21:00,5,21,Weekday,Spring,No,79.81,89.39,21.4
2023-05-16 22:00,5,22,Weekday,Spring,No,77.82,88.86,19.25
2023-05-16 23:00,5,23,Weekday,Spring,No,72.9,88.16,20.94
2023-05-17 00:00,5,0,Weekday,Spring,No,69.46,85.44,16.21
2023-05-17 01:00,5,1,Weekday,Spring,No,68.45,87.65,15.06
2023-05-17 02:00,5,2,Weekday,Spring,No,66.22,84.6,13.63
2023-05-17 03:00,5,3,Weekday,Spring,No,65.57,86.46,12.98
2023-05-17 04:00,5,4,Weekday,Spring,No,65.39,86.46,13.98
2023-05-17 05:00,5,5,Weekday,Spring,No,64.94,84.49,9.08
2023-05-17 06:00,5,6,Weekday,Spring,No,66.1,87.3,12.02
2023-05-17 07:00,5,7,Weekday,Spring,No,69.34,86.17,14.59
2023-05-17 08:00,5,8,Weekday,Spring,Yes,75.68,89.5,22.67
2023-05-17 09:00,5,9,Weekday,Spring,Yes,81.29,89.31,20.64
2023-05-17 10:00,5,10,Weekday,Spring,Yes,85.88,90.84,22.22
2023-05-17 11:00,5,11,Weekday,Spring,Yes,90.29,93.03,28.55
2023-05-17 12:00,5,12,Weekday,Spring,Yes,92.57,93.23,24.1
2023-05-17 13:00,5,13,Weekday,Spring,Yes,94.18,93.9,28.16
2023-05-17 14:00,5,14,Weekday,Spring,Yes,95.0,93.36,31.49
2023-05-17 15:00,5,15,Weekday,Spring,Yes,95.63,93.02,31.12
2023-05-17 16:00,5,16,Weekday,Spring,Yes,96.08,94.86,28.18
2023-05-17 17:00,5,17,Weekday,Spring,Yes,94.82,92.26,31.79
2023-05-17 18:00,5,18,Weekday,Spring,No,91.61,93.01,24.29
2023-05-17 19:00,5,19,Weekday,Spring,No,86.49,90.6,22.16
2023-05-17 20:00,5,20,Weekday,Spring,No,82.24,90.81,21.8
2023-05-17 21:00,5,21,Weekday,Spring,No,79.28,89.2,20.46
2023-05-17 22:00,5,22,Weekday,Spring,No,75.14,88.84,21.84
2023-05-17 23:00,5,23,Weekday,Spring,No,70.1,86.73,14.71
2023-05-18 00:00,5,0,Weekday,Spring,No,69.16,86.79,17.67
2023-05-18 01:00,5,1,Weekday,Spring,No,69.98,87.85,13.58
2023-05-18 02:00,5,2,Weekday,Spring,No,68.2,86.44,13.51
2023-05-18 03:00,5,3,Weekday,Spring,No,65.76,86.41,18.17
2023-05-18 04:00,5,4,Weekday,Spring,No,63.26,84.84,13.23
2023-05-18 05:00,5,5,Weekday,Spring,No,63.22,84.05,10.04
2023-05-18 06:00,5,6,Weekday,Spring,No,64.56,84.59,14.55
2023-05-18 07:00,5,7,Weekday,Spring,No,67.88,85.86,13.28
2023-05-18 08:00,5,8,Weekday,Spring,Yes,74.7,88.86,15.53
2023-05-18 09:00,5,9,Weekday,Spring,Yes,79.76,89.02,20.9
2023-05-18 10:00,5,10,Weekday,Spring,Yes,82.12,90.16,23.66
2023-05-18 11:00,5,11,Weekday,Spring,Yes,84.1,89.95,25.64
2023-05-18 12:00,5,12,Weekday,Spring,Yes,86.18,92.67,27.56
2023-05-18 13:00,5,13,Weekday,Spring,Yes,87.6,91.82,24.72
2023-05-18 14:00,5,14,Weekday,Spring,Yes,88.61,92.5,27.88
2023-05-18 15:00,5,15,Weekday,Spring,Yes,89.06,91.52,24.53
2023-05-18 16:00,5,16,Weekday,Spring,Yes,88.43,91.79,27.33
2023-05-18 17:00,5,17,Weekday,Spring,Yes,86.2,91.51,29.06
2023-05-18 18:00,5,18,Weekday,Spring,No,83.24,90.87,26.48
2023-05-18 19:00,5,19,Weekday,Spring,No,80.26,90.12,17.26
2023-05-18 20:00,5,20,Weekday,Spring,No,76.67,88.77,16.94
2023-05-18 21:00,5,21,Weekday,Spring,No,72.71,86.63,18.64
2023-05-18 22:00,5,22,Weekday,Spring,No,68.65,85.96,15.05
2023-05-18 23:00,5,23,Weekday,Spring,No,65.76,85.28,18.12
2023-05-19 00:00,5,0,Weekday,Spring,No,64.94,86.6,14.43
2023-05-19 01:00,5,1,Weekday,Spring,No,61.48,84.5,12.74
2023-05-19 02:00,5,2,Weekday,Spring,No,61.31,83.4,9.55
2023-05-19 03:00,5,3,Weekday,Spring,No,62.96,84.35,16.24
2023-05-19 04:00,5,4,Weekday,Spring,No,60.02,84.7,14.13
2023-05-19 05:00,5,5,Weekday,Spring,No,57.4,83.51,13.7
2023-05-19 06:00,5,6,Weekday,Spring,No,62.27,83.29,11.28
2023-05-19 07:00,5,7,Weekday,Spring,No,70.64,87.45,17.75
2023-05-19 08:00,5,8,Weekday,Spring,Yes,75.1,89.21,19.93
2023-05-19 09:00,5,9,Weekday,Spring,Yes,78.86,89.05,22.7
2023-05-19 10:00,5,10,Weekday,Spring,Yes,83.27,89.27,19.93
2023-05-19 11:00,5,11,Weekday,Spring,Yes,84.92,91.33,22.35
2023-05-19 12:00,5,12,Weekday,Spring,Yes,87.34,92.58,26.89
2023-05-19 13:00,5,13,Weekday,Spring,Yes,89.06,91.07,29.1
2023-05-19 14:00,5,14,Weekday,Spring,Yes,87.9,92.02,24.37
2023-05-19 15:00,5,15,Weekday,Spring,Yes,86.45,90.06,28.06
2023-05-19 16:00,5,16,Weekday,Spring,Yes,86.0,90.61,26.67
2023-05-19 17:00,5,17,Weekday,Spring,Yes,84.84,89.34,23.89
2023-05-19 18:00,5,18,Weekday,Spring,No,81.71,90.72,20.97
2023-05-19 19:00,5,19,Weekday,Spring,No,78.28,89.16,16.48
2023-05-19 20:00,5,20,Weekday,Spring,No,74.69,86.97,15.24
2023-05-19 21:00,5,21,Weekday,Spring,No,71.26,86.82,15.22
2023-05-19 22:00,5,22,Weekday,Spring,No,69.98,85.59,21.43
2023-05-19 23:00,5,23,Weekday,Spring,No,68.82,87.77,13.99
2023-05-20 00:00,5,0,Weekend,Spring,No,65.69,85.44,15.3
2023-05-20 01:00,5,1,Weekend,Spring,No,64.04,85.58,13.96
2023-05-20 02:00,5,2,Weekend,Spring,No,60.47,83.5,11.17
2023-05-20 03:00,5,3,Weekend,Spring,No,57.4,82.16,13.13
2023-05-20 04:00,5,4,Weekend,Spring,No,55.86,81.85,11.68
2023-05-20 05:00,5,5,Weekend,Spring,No,53.88,80.95,7.05
2023-05-20 06:00,5,6,Weekend,Spring,No,58.31,82.64,12.05
2023-05-20 07:00,5,7,Weekend,Spring,No,65.53,86.23,19.23
2023-05-20 08:00,5,8,Weekend,Spring,No,70.94,87.69,12.91
2023-05-20 09:00,5,9,Weekend,Spring,No,75.35,88.41,17.9
2023-05-20 10:00,5,10,Weekend,Spring,No,78.78,88.98,17.99
2023-05-20 11:00,5,11,Weekend,Spring,No,80.58,89.29,19.51
2023-05-20 12:00,5,12,Weekend,Spring,No,82.12,90.06,22.4
2023-05-20 13:00,5,13,Weekend,Spring,No,84.72,90.3,19.19
2023-05-20 14:00,5,14,Weekend,Spring,No,86.63,91.73,22.83
2023-05-20 15:00,5,15,Weekend,Spring,No,87.6,92.14,21.83
2023-05-20 16:00,5,16,Weekend,Spring,No,88.61,92.97,27.07
2023-05-20 17:00,5,17,Weekend,Spring,No,87.9,90.95,20.79
2023-05-20 18:00,5,18,Weekend,Spring,No,85.3,90.56,25.06
2023-05-20 19:00,5,19,Weekend,Spring,No,82.24,90.07,20.22
2023-05-20 20:00,5,20,Weekend,Spring,No,79.28,89.36,22.51
2023-05-20 21:00,5,21,Weekend,Spring,No,75.67,88.68,21.93
2023-05-20 22:00,5,22,Weekend,Spring,No,72.78,85.94,21.29
2023-05-20 23:00,5,23,Weekend,Spring,No,70.81,86.59,15.73
2023-05-21 00:00,5,0,Weekend,Spring,No,68.2,85.89,18.1
2023-05-21 01:00,5,1,Weekend,Spring,No,65.24,85.62,20.88
2023-05-21 02:00,5,2,Weekend,Spring,No,62.26,84.18,18.08
2023-05-21 03:00,5,3,Weekend,Spring,No,60.98,83.68,14.95
2023-05-21 04:00,5,4,Weekend,Spring,No,58.67,84.69,7.56
2023-05-21 05:00,5,5,Weekend,Spring,No,57.02,84.23,9.82
2023-05-21 06:00,5,6,Weekend,Spring,No,61.64,84.48,14.94
2023-05-21 07:00,5,7,Weekend,Spring,No,69.04,86.41,14.77
2023-05-21 08:00,5,8,Weekend,Spring,No,77.21,91.37,23.68
2023-05-21 09:00,5,9,Weekend,Spring,No,84.53,92.31,21.32
2023-05-21 10:00,5,10,Weekend,Spring,No,88.23,90.69,21.66
2023-05-21 11:00,5,11,Weekend,Spring,No,90.22,92.6,25.21
2023-05-21 12:00,5,12,Weekend,Spring,No,92.72,92.52,23.99
2023-05-21 13:00,5,13,Weekend,Spring,No,94.55,93.74,20.31
2023-05-21 14:00,5,14,Weekend,Spring,No,95.63,93.96,30.32
2023-05-21 15:00,5,15,Weekend,Spring,No,97.24,94.23,30.67
2023-05-21 16:00,5,16,Weekend,Spring,No,97.43,94.66,25.79
2023-05-21 17:00,5,17,Weekend,Spring,No,94.67,91.18,21.83
2023-05-21 18:00,5,18,Weekend,Spring,No,91.23,92.64,22.49
2023-05-21 19:00,5,19,Weekend,Spring,No,88.28,91.43,24.83
2023-05-21 20:00,5,20,Weekend,Spring,No,85.82,92.62,22.87
2023-05-21 21:00,5,21,Weekend,Spring,No,82.08,89.3,22.87
2023-05-21 22:00,5,22,Weekend,Spring,No,77.65,86.79,21.31
2023-05-21 23:00,5,23,Weekend,Spring,No,74.24,87.18,19.35
2023-05-22 00:00,5,0,Weekday,Spring,No,71.88,87.47,14.07
2023-05-22 01:00,5,1,Weekday,Spring,No,69.28,85.95,15.2
2023-05-22 02:00,5,2,Weekday,Spring,No,67.37,85.94,18.01
2023-05-22 03:00,5,3,Weekday,Spring,No,65.76,86.63,18.13
2023-05-22 04:00,5,4,Weekday,Spring,No,64.94,85.07,12.54
2023-05-22 05:00,5,5,Weekday,Spring,No,63.78,83.89,13.23
2023-05-22 06:00,5,6,Weekday,Spring,No,66.53,85.82,12.76
2023-05-22 07:00,5,7,Weekday,Spring,No,73.7,88.14,16.35
2023-05-22 08:00,5,8,Weekday,Spring,Yes,80.46,88.0,27.34
2023-05-22 09:00,5,9,Weekday,Spring,Yes,85.36,89.3,25.28
2023-05-22 10:00,5,10,Weekday,Spring,Yes,89.39,91.92,31.03
2023-05-22 11:00,5,11,Weekday,Spring,Yes,93.35,93.38,27.58
2023-05-22 12:00,5,12,Weekday,Spring,Yes,96.16,94.25,32.04
2023-05-22 13:00,5,13,Weekday,Spring,Yes,97.61,94.72,30.95
2023-05-22 14:00,5,14,Weekday,Spring,Yes,96.9,94.58,29.92
2023-05-22 15:00,5,15,Weekday,Spring,Yes,95.45,93.22,31.35
2023-05-22 16:00,5,16,Weekday,Spring,Yes,93.84,92.89,25.63
2023-05-22 17:00,5,17,Weekday,Spring,Yes,93.02,92.56,30.84
2023-05-22 18:00,5,18,Weekday,Spring,No,91.86,93.98,20.53
2023-05-22 19:00,5,19,Weekday,Spring,No,89.26,91.45,21.43
2023-05-22 20:00,5,20,Weekday,Spring,No,85.67,91.14,25.64
2023-05-22 21:00,5,21,Weekday,Spring,No,82.24,88.94,21.65
2023-05-22 22:00,5,22,Weekday,Spring,No,78.65,88.11,22.28
2023-05-22 23:00,5,23,Weekday,Spring,No,75.22,87.45,18.12
2023-05-23 00:00,5,0,Weekday,Spring,No,73.42,87.39,19.75
2023-05-23 01:00,5,1,Weekday,Spring,No,71.88,86.32,18.41
2023-05-23 02:00,5,2,Weekday,Spring,No,70.43,87.52,14.9
2023-05-23 03:00,5,3,Weekday,Spring,No,68.82,86.61,19.38
2023-05-23 04:00,5,4,Weekday,Spring,No,65.69,86.1,18.65
2023-05-23 05:00,5,5,Weekday,Spring,No,64.56,85.31,16.57
2023-05-23 06:00,5,6,Weekday,Spring,No,68.51,84.5,15.19
2023-05-23 07:00,5,7,Weekday,Spring,No,76.31,88.37,18.84
2023-05-23 08:00,5,8,Weekday,Spring,Yes,84.16,91.28,20.0
2023-05-23 09:00,5,9,Weekday,Spring,Yes,89.92,92.43,31.1
2023-05-23 10:00,5,10,Weekday,Spring,Yes,94.88,92.8,30.25
2023-05-23 11:00,5,11,Weekday,Spring,Yes,98.14,92.51,25.28
2023-05-23 12:00,5,12,Weekday,Spring,Yes,98.96,94.72,25.98
2023-05-23 13:00,5,13,Weekday,Spring,Yes,100.12,94.96,30.53
2023-05-23 14:00,5,14,Weekday,Spring,Yes,101.57,94.56,29.31
2023-05-23 15:00,5,15,Weekday,Spring,Yes,102.02,95.45,36.0
2023-05-23 16:00,5,16,Weekday,Spring,Yes,102.02,96.31,31.97
2023-05-23 17:00,5,17,Weekday,Spring,Yes,99.71,94.24,30.82
2023-05-23 18:00,5,18,Weekday,Spring,No,96.9,92.33,30.03
2023-05-23 19:00,5,19,Weekday,Spring,No,94.82,94.56,24.47
2023-05-23 20:00,5,20,Weekday,Spring,No,92.76,93.11,30.47
2023-05-23 21:00,5,21,Weekday,Spring,No,90.78,93.0,23.66
2023-05-23 22:00,5,22,Weekday,Spring,No,89.43,93.85,26.26
2023-05-23 23:00,5,23,Weekday,Spring,No,87.28,91.48,24.26
2023-05-24 00:00,5,0,Weekday,Spring,No,85.37,91.55,23.92
2023-05-24 01:00,5,1,Weekday,Spring,No,84.4,90.48,19.96
2023-05-24 02:00,5,2,Weekday,Spring,No,82.86,91.3,18.23
2023-05-24 03:00,5,3,Weekday,Spring,No,80.88,89.6,20.73
2023-05-24 04:00,5,4,Weekday,Spring,No,79.43,90.22,18.61
2023-05-24 05:00,5,5,Weekday,Spring,No,77.82,87.95,21.0
2023-05-24 06:00,5,6,Weekday,Spring,No,78.78,88.9,21.27
2023-05-24 07:00,5,7,Weekday,Spring,No,82.37,90.5,22.96
2023-05-24 08:00,5,8,Weekday,Spring,Yes,85.18,90.71,25.03
2023-05-24 09:00,5,9,Weekday,Spring,Yes,87.16,90.01,21.08
2023-05-24 10:00,5,10,Weekday,Spring,Yes,89.77,92.11,29.94
2023-05-24 11:00,5,11,Weekday,Spring,Yes,92.72,92.78,25.48
2023-05-24 12:00,5,12,Weekday,Spring,Yes,95.7,94.98,26.85
2023-05-24 13:00,5,13,Weekday,Spring,Yes,96.98,93.23,29.88
2023-05-24 14:00,5,14,Weekday,Spring,Yes,98.14,93.66,25.66
2023-05-24 15:00,5,15,Weekday,Spring,Yes,97.8,95.11,32.43
2023-05-24 16:00,5,16,Weekday,Spring,Yes,96.46,92.64,28.81
2023-05-24 17:00,5,17,Weekday,Spring,Yes,95.45,93.4,24.36
2023-05-24 18:00,5,18,Weekday,Spring,No,92.69,93.47,25.44
2023-05-24 19:00,5,19,Weekday,Spring,No,88.73,91.58,23.77
2023-05-24 20:00,5,20,Weekday,Spring,No,85.3,89.86,18.21
2023-05-24 21:00,5,21,Weekday,Spring,No,82.24,89.22,16.95
2023-05-24 22:00,5,22,Weekday,Spring,No,80.44,91.0,24.59
2023-05-24 23:00,5,23,Weekday,Spring,No,75.96,88.41,19.85
2023-05-25 00:00,5,0,Weekday,Spring,No,73.04,87.44,18.83
2023-05-25 01:00,5,1,Weekday,Spring,No,71.88,88.04,16.98
2023-05-25 02:00,5,2,Weekday,Spring,No,68.12,86.09,15.65
2023-05-25 03:00,5,3,Weekday,Spring,No,64.24,85.64,15.98
2023-05-25 04:00,5,4,Weekday,Spring,No,61.8,83.62,12.51
2023-05-25 05:00,5,5,Weekday,Spring,No,60.98,84.08,9.82
2023-05-25 06:00,5,6,Weekday,Spring,No,66.23,85.01,9.88
2023-05-25 07:00,5,7,Weekday,Spring,No,73.44,88.34,18.13
2023-05-25 08:00,5,8,Weekday,Spring,Yes,79.49,89.34,24.48
2023-05-25 09:00,5,9,Weekday,Spring,Yes,84.35,90.91,27.17
2023-05-25 10:00,5,10,Weekday,Spring,Yes,87.78,91.44,31.39
2023-05-25 11:00,5,11,Weekday,Spring,Yes,90.22,93.52,26.84
2023-05-25 12:00,5,12,Weekday,Spring,Yes,93.35,91.43,28.97
2023-05-25 13:00,5,13,Weekday,Spring,Yes,95.0,93.83,25.27
2023-05-25 14:00,5,14,Weekday,Spring,Yes,95.63,94.15,28.2
2023-05-25 15:00,5,15,Weekday,Spring,Yes,95.45,92.95,26.8
2023-05-25 16:00,5,16,Weekday,Spring,Yes,95.63,94.16,26.77
2023-05-25 17:00,5,17,Weekday,Spring,Yes,94.82,92.92,28.36
2023-05-25 18:00,5,18,Weekday,Spring,No,92.24,91.0,23.09
2023-05-25 19:00,5,19,Weekday,Spring,No,88.1,90.26,22.55
2023-05-25 20:00,5,20,Weekday,Spring,No,84.22,90.97,26.35
2023-05-25 21:00,5,21,Weekday,Spring,No,80.63,90.45,17.67
2023-05-25 22:00,5,22,Weekday,Spring,No,77.82,90.12,21.13
2023-05-25 23:00,5,23,Weekday,Spring,No,75.84,88.33,19.9
2023-05-26 00:00,5,0,Weekday,Spring,No,73.24,86.93,17.25
2023-05-26 01:00,5,1,Weekday,Spring,No,69.65,86.03,14.41
2023-05-26 02:00,5,2,Weekday,Spring,No,70.94,86.96,16.87
2023-05-26 03:00,5,3,Weekday,Spring,No,67.79,86.22,15.37
2023-05-26 04:00,5,4,Weekday,Spring,No,64.04,84.73,13.13
2023-05-26 05:00,5,5,Weekday,Spring,No,62.89,85.39,15.67
2023-05-26 06:00,5,6,Weekday,Spring,No,66.16,84.8,14.73
2023-05-26 07:00,5,7,Weekday,Spring,No,73.07,87.16,18.46
2023-05-26 08:00,5,8,Weekday,Spring,Yes,79.49,87.64,24.73
2023-05-26 09:00,5,9,Weekday,Spring,Yes,83.2,90.46,25.67
2023-05-26 10:00,5,10,Weekday,Spring,Yes,85.18,90.98,24.6
2023-05-26 11:00,5,11,Weekday,Spring,Yes,87.78,90.56,30.38
2023-05-26 12:00,5,12,Weekday,Spring,Yes,90.74,92.0,28.49
2023-05-26 13:00,5,13,Weekday,Spring,Yes,91.42,91.83,23.71
2023-05-26 14:00,5,14,Weekday,Spring,Yes,93.35,94.03,29.36
2023-05-26 15:00,5,15,Weekday,Spring,Yes,95.0,93.45,32.44
2023-05-26 16:00,5,16,Weekday,Spring,Yes,93.84,95.63,24.14
2023-05-26 17:00,5,17,Weekday,Spring,Yes,93.02,92.84,25.16
2023-05-26 18:00,5,18,Weekday,Spring,No,90.71,92.34,25.75
2023-05-26 19:00,5,19,Weekday,Spring,No,86.65,90.93,26.94
2023-05-26 20:00,5,20,Weekday,Spring,No,82.61,90.17,22.56
2023-05-26 21:00,5,21,Weekday,Spring,No,79.28,89.73,11.88
2023-05-26 22:00,5,22,Weekday,Spring,No,74.51,87.64,16.34
2023-05-26 23:00,5,23,Weekday,Spring,No,70.28,87.63,15.65
2023-05-27 00:00,5,0,Weekend,Spring,No,69.08,86.35,19.33
2023-05-27 01:00,5,1,Weekend,Spring,No,67.82,86.36,16.44
2023-05-27 02:00,5,2,Weekend,Spring,No,64.08,84.11,18.88
2023-05-27 03:00,5,3,Weekend,Spring,No,62.58,85.05,16.16
2023-05-27 04:00,5,4,Weekend,Spring,No,61.8,84.23,14.02
2023-05-27 05:00,5,5,Weekend,Spring,No,60.46,84.98,11.84
2023-05-27 06:00,5,6,Weekend,Spring,No,64.7,84.6,14.11
2023-05-27 07:00,5,7,Weekend,Spring,No,71.46,87.31,21.62
2023-05-27 08:00,5,8,Weekend,Spring,No,77.51,88.22,13.2
2023-05-27 09:00,5,9,Weekend,Spring,No,82.37,89.94,26.48
2023-05-27 10:00,5,10,Weekend,Spring,No,85.18,89.87,22.85
2023-05-27 11:00,5,11,Weekend,Spring,No,88.31,91.08,26.68
2023-05-27 12:00,5,12,Weekend,Spring,No,90.59,92.39,25.99
2023-05-27 13:00,5,13,Weekend,Spring,No,92.2,93.33,27.85
2023-05-27 14:00,5,14,Weekend,Spring,No,94.18,93.42,27.9
2023-05-27 15:00,5,15,Weekend,Spring,No,94.37,93.1,27.66
2023-05-27 16:00,5,16,Weekend,Spring,No,93.92,91.74,23.15
2023-05-27 17:00,5,17,Weekend,Spring,No,93.4,93.92,29.77
2023-05-27 18:00,5,18,Weekend,Spring,No,91.86,93.19,27.11
2023-05-27 19:00,5,19,Weekend,Spring,No,88.73,90.88,18.62
2023-05-27 20:00,5,20,Weekend,Spring,No,85.3,91.39,15.39
2023-05-27 21:00,5,21,Weekend,Spring,No,81.71,90.72,22.49
2023-05-27 22:00,5,22,Weekend,Spring,No,78.9,88.05,19.56
2023-05-27 23:00,5,23,Weekend,Spring,No,72.83,86.65,20.81
2023-05-28 00:00,5,0,Weekend,Spring,No,70.76,86.27,16.56
2023-05-28 01:00,5,1,Weekend,Spring,No,70.81,87.0,16.94
2023-05-28 02:00,5,2,Weekend,Spring,No,71.14,86.34,18.75
2023-05-28 03:00,5,3,Weekend,Spring,No,69.65,87.46,19.41
2023-05-28 04:00,5,4,Weekend,Spring,No,65.06,85.62,15.55
2023-05-28 05:00,5,5,Weekend,Spring,No,65.27,85.14,16.33
2023-05-28 06:00,5,6,Weekend,Spring,No,70.49,87.27,16.61
2023-05-28 07:00,5,7,Weekend,Spring,No,75.35,88.58,20.56
2023-05-28 08:00,5,8,Weekend,Spring,No,79.31,88.13,24.32
2023-05-28 09:00,5,9,Weekend,Spring,No,83.27,89.87,15.52
2023-05-28 10:00,5,10,Weekend,Spring,No,87.34,91.29,25.06
2023-05-28 11:00,5,11,Weekend,Spring,No,88.43,92.44,21.69
2023-05-28 12:00,5,12,Weekend,Spring,No,88.61,91.51,27.55
2023-05-28 13:00,5,13,Weekend,Spring,No,89.58,92.84,24.66
2023-05-28 14:00,5,14,Weekend,Spring,No,89.43,92.18,21.22
2023-05-28 15:00,5,15,Weekend,Spring,No,88.43,91.77,16.77
2023-05-28 16:00,5,16,Weekend,Spring,No,87.46,91.13,22.16
2023-05-28 17:00,5,17,Weekend,Spring,No,85.3,91.6,24.7
2023-05-28 18:00,5,18,Weekend,Spring,No,81.71,89.59,19.38
2023-05-28 19:00,5,19,Weekend,Spring,No,77.65,88.49,17.84
2023-05-28 20:00,5,20,Weekend,Spring,No,73.61,87.92,19.26
2023-05-28 21:00,5,21,Weekend,Spring,No,70.28,87.62,14.98
2023-05-28 22:00,5,22,Weekend,Spring,No,67.82,86.74,14.42
2023-05-28 23:00,5,23,Weekend,Spring,No,66.4,85.74,13.95
2023-05-29 00:00,5,0,Weekday,Spring,No,65.39,84.75,16.37
2023-05-29 01:00,5,1,Weekday,Spring,No,64.41,85.4,20.24
2023-05-29 02:00,5,2,Weekday,Spring,No,62.89,84.79,17.18
2023-05-29 03:00,5,3,Weekday,Spring,No,62.06,84.26,16.84
2023-05-29 04:00,5,4,Weekday,Spring,No,60.28,83.86,12.71
2023-05-29 05:00,5,5,Weekday,Spring,No,59.0,83.99,16.61
2023-05-29 06:00,5,6,Weekday,Spring,No,61.31,84.11,9.26
2023-05-29 07:00,5,7,Weekday,Spring,No,64.74,85.56,17.82
2023-05-29 08:00,5,8,Weekday,Spring,Yes,66.54,84.15,16.37
2023-05-29 09:00,5,9,Weekday,Spring,Yes,68.18,87.28,21.59
2023-05-29 10:00,5,10,Weekday,Spring,Yes,70.76,87.35,17.93
2023-05-29 11:00,5,11,Weekday,Spring,Yes,74.27,87.32,21.7
2023-05-29 12:00,5,12,Weekday,Spring,Yes,77.18,89.18,23.9
2023-05-29 13:00,5,13,Weekday,Spring,Yes,79.24,89.78,25.77
2023-05-29 14:00,5,14,Weekday,Spring,Yes,81.74,89.72,26.3
2023-05-29 15:00,5,15,Weekday,Spring,Yes,82.42,90.99,27.78
2023-05-29 16:00,5,16,Weekday,Spring,Yes,82.04,89.76,23.75
2023-05-29 17:00,5,17,Weekday,Spring,Yes,81.41,89.11,23.92
2023-05-29 18:00,5,18,Weekday,Spring,No,78.65,87.61,22.48
2023-05-29 19:00,5,19,Weekday,Spring,No,75.22,88.62,15.92
2023-05-29 20:00,5,20,Weekday,Spring,No,73.42,86.84,14.97
2023-05-29 21:00,5,21,Weekday,Spring,No,72.41,85.82,17.32
2023-05-29 22:00,5,22,Weekday,Spring,No,70.28,86.33,16.14
2023-05-29 23:00,5,23,Weekday,Spring,No,66.67,85.46,10.37
2023-05-30 00:00,5,0,Weekday,Spring,No,65.57,85.8,14.48
2023-05-30 01:00,5,1,Weekday,Spring,No,63.08,85.98,16.44
2023-05-30 02:00,5,2,Weekday,Spring,No,60.46,83.37,14.19
2023-05-30 03:00,5,3,Weekday,Spring,No,59.45,83.22,14.46
2023-05-30 04:00,5,4,Weekday,Spring,No,57.85,82.88,16.16
2023-05-30 05:00,5,5,Weekday,Spring,No,56.39,83.83,13.15
2023-05-30 06:00,5,6,Weekday,Spring,No,61.82,83.95,12.14
2023-05-30 07:00,5,7,Weekday,Spring,No,69.48,85.8,13.38
2023-05-30 08:00,5,8,Weekday,Spring,Yes,73.74,87.77,20.9
2023-05-30 09:00,5,9,Weekday,Spring,Yes,76.8,88.22,23.71
2023-05-30 10:00,5,10,Weekday,Spring,Yes,80.39,89.24,19.8
2023-05-30 11:00,5,11,Weekday,Spring,Yes,84.35,89.37,27.36
2023-05-30 12:00,5,12,Weekday,Spring,Yes,87.16,90.0,23.87
2023-05-30 13:00,5,13,Weekday,Spring,Yes,87.98,90.75,28.51
2023-05-30 14:00,5,14,Weekday,Spring,Yes,89.77,90.35,29.36
2023-05-30 15:00,5,15,Weekday,Spring,Yes,91.04,93.2,24.74
2023-05-30 16:00,5,16,Weekday,Spring,Yes,91.56,92.1,26.37
2023-05-30 17:00,5,17,Weekday,Spring,Yes,90.78,93.31,30.62
2023-05-30 18:00,5,18,Weekday,Spring,No,87.65,92.17,24.55
2023-05-30 19:00,5,19,Weekday,Spring,No,83.69,92.37,27.75
2023-05-30 20:00,5,20,Weekday,Spring,No,80.26,88.15,21.98
2023-05-30 21:00,5,21,Weekday,Spring,No,77.2,86.63,20.08
2023-05-30 22:00,5,22,Weekday,Spring,No,74.76,88.7,17.52
2023-05-30 23:00,5,23,Weekday,Spring,No,71.63,86.86,16.08
2023-05-31 00:00,5,0,Weekday,Spring,No,69.98,86.82,15.94
2023-05-31 01:00,5,1,Weekday,Spring,No,67.67,87.21,18.83
2023-05-31 02:00,5,2,Weekday,Spring,No,64.86,84.83,14.48
2023-05-31 03:00,5,3,Weekday,Spring,No,64.04,85.32,13.15
2023-05-31 04:00,5,4,Weekday,Spring,No,64.56,85.3,16.43
2023-05-31 05:00,5,5,Weekday,Spring,No,62.1,83.56,13.58
2023-05-31 06:00,5,6,Weekday,Spring,No,64.7,85.33,14.88
2023-05-31 07:00,5,7,Weekday,Spring,No,70.94,86.58,18.07
2023-05-31 08:00,5,8,Weekday,Spring,Yes,75.35,87.57,22.39
2023-05-31 09:00,5,9,Weekday,Spring,Yes,80.46,89.92,27.62
2023-05-31 10:00,5,10,Weekday,Spring,Yes,84.1,89.35,22.82
2023-05-31 11:00,5,11,Weekday,Spring,Yes,85.55,91.14,26.79
2023-05-31 12:00,5,12,Weekday,Spring,Yes,89.46,92.34,27.63
2023-05-31 13:00,5,13,Weekday,Spring,Yes,92.57,93.28,28.95
2023-05-31 14:00,5,14,Weekday,Spring,Yes,93.54,92.96,29.53
2023-05-31 15:00,5,15,Weekday,Spring,Yes,93.4,92.41,25.42
2023-05-31 16:00,5,16,Weekday,Spring,Yes,93.02,93.8,31.61
2023-05-31 17:00,5,17,Weekday,Spring,Yes,91.23,93.02,31.69
2023-05-31 18:00,5,18,Weekday,Spring,No,88.28,92.16,19.67
2023-05-31 19:00,5,19,Weekday,Spring,No,84.14,91.05,21.78
2023-05-31 20:00,5,20,Weekday,Spring,No,80.26,89.06,20.98
2023-05-31 21:00,5,21,Weekday,Spring,No,78.35,88.02,17.32
2023-05-31 22:00,5,22,Weekday,Spring,No,77.17,89.43,15.01
2023-05-31 23:00,5,23,Weekday,Spring,No,76.01,87.73,23.34
2023-06-01 00:00,6,0,Weekday,Summer,No,74.93,87.47,17.68
2023-06-01 01:00,6,1,Weekday,Summer,No,73.85,86.97,18.89
2023-06-01 02:00,6,2,Weekday,Summer,No,72.67,88.71,16.68
2023-06-01 03:00,6,3,Weekday,Summer,No,71.51,86.04,14.95
2023-06-01 04:00,6,4,Weekday,Summer,No,71.06,86.75,22.93
2023-06-01 05:00,6,5,Weekday,Summer,No,69.28,85.8,20.73
2023-06-01 06:00,6,6,Weekday,Summer,No,72.1,86.12,18.14
2023-06-01 07:00,6,7,Weekday,Summer,No,77.33,87.73,22.01
2023-06-01 08:00,6,8,Weekday,Summer,Yes,82.44,90.23,23.74
2023-06-01 09:00,6,9,Weekday,Summer,Yes,87.86,92.44,24.41
2023-06-01 10:00,6,10,Weekday,Summer,Yes,92.9,93.42,30.77
2023-06-01 11:00,6,11,Weekday,Summer,Yes,96.78,93.69,27.37
2023-06-01 12:00,6,12,Weekday,Summer,Yes,99.22,94.87,25.17
2023-06-01 13:00,6,13,Weekday,Summer,Yes,100.57,95.01,30.47
2023-06-01 14:00,6,14,Weekday,Summer,Yes,101.68,94.46,28.93
2023-06-01 15:00,6,15,Weekday,Summer,Yes,102.1,94.43,31.56
2023-06-01 16:00,6,16,Weekday,Summer,Yes,102.02,94.64,33.15
2023-06-01 17:00,6,17,Weekday,Summer,Yes,100.86,93.97,34.75
2023-06-01 18:00,6,18,Weekday,Summer,No,98.88,95.11,26.48
2023-06-01 19:00,6,19,Weekday,Summer,No,95.65,93.56,25.98
2023-06-01 20:00,6,20,Weekday,Summer,No,92.03,92.84,25.97
2023-06-01 21:00,6,21,Weekday,Summer,No,89.1,92.49,23.75
2023-06-01 22:00,6,22,Weekday,Summer,No,86.82,91.59,20.81
2023-06-01 23:00,6,23,Weekday,Summer,No,83.06,91.55,23.34
2023-06-02 00:00,6,0,Weekday,Summer,No,79.81,90.19,18.24
2023-06-02 01:00,6,1,Weekday,Summer,No,78.46,88.37,19.57
2023-06-02 02:00,6,2,Weekday,Summer,No,76.82,87.82,22.06
2023-06-02 03:00,6,3,Weekday,Summer,No,75.4,90.0,14.28
2023-06-02 04:00,6,4,Weekday,Summer,No,75.02,86.34,17.7
2023-06-02 05:00,6,5,Weekday,Summer,No,75.02,87.98,17.93
2023-06-02 06:00,6,6,Weekday,Summer,No,76.8,88.16,19.64
2023-06-02 07:00,6,7,Weekday,Summer,No,81.54,89.14,19.98
2023-06-02 08:00,6,8,Weekday,Summer,Yes,86.96,91.9,27.77
2023-06-02 09:00,6,9,Weekday,Summer,Yes,90.22,92.24,24.99
2023-06-02 10:00,6,10,Weekday,Summer,Yes,92.2,92.59,27.11
2023-06-02 11:00,6,11,Weekday,Summer,Yes,95.33,93.37,24.06
2023-06-02 12:00,6,12,Weekday,Summer,Yes,96.98,94.32,26.21
2023-06-02 13:00,6,13,Weekday,Summer,Yes,97.61,95.1,31.89
2023-06-02 14:00,6,14,Weekday,Summer,Yes,99.22,96.69,32.72
2023-06-02 15:00,6,15,Weekday,Summer,Yes,98.88,95.09,31.26
2023-06-02 16:00,6,16,Weekday,Summer,Yes,98.58,93.99,31.62
2023-06-02 17:00,6,17,Weekday,Summer,Yes,97.8,94.5,32.62
2023-06-02 18:00,6,18,Weekday,Summer,No,94.67,94.8,29.61
2023-06-02 19:00,6,19,Weekday,Summer,No,90.08,92.54,23.17
2023-06-02 20:00,6,20,Weekday,Summer,No,86.2,90.97,24.37
2023-06-02 21:00,6,21,Weekday,Summer,No,84.4,91.02,20.59
2023-06-02 22:00,6,22,Weekday,Summer,No,81.71,91.01,18.54
2023-06-02 23:00,6,23,Weekday,Summer,No,79.43,89.2,16.91
2023-06-03 00:00,6,0,Weekend,Summer,No,78.46,88.27,18.42
2023-06-03 01:00,6,1,Weekend,Summer,No,78.6,87.52,19.24
2023-06-03 02:00,6,2,Weekend,Summer,No,77.2,88.31,19.86
2023-06-03 03:00,6,3,Weekend,Summer,No,74.76,87.27,16.25
2023-06-03 04:00,6,4,Weekend,Summer,No,73.42,87.04,19.36
2023-06-03 05:00,6,5,Weekend,Summer,No,73.04,87.13,16.66
2023-06-03 06:00,6,6,Weekend,Summer,No,76.5,88.32,15.96
2023-06-03 07:00,6,7,Weekend,Summer,No,81.92,89.05,20.62
2023-06-03 08:00,6,8,Weekend,Summer,No,85.8,91.92,24.89
2023-06-03 09:00,6,9,Weekend,Summer,No,89.39,91.11,27.74
2023-06-03 10:00,6,10,Weekend,Summer,No,92.2,93.01,28.36
2023-06-03 11:00,6,11,Weekend,Summer,No,94.8,92.8,23.12
2023-06-03 12:00,6,12,Weekend,Summer,No,96.08,93.78,25.03
2023-06-03 13:00,6,13,Weekend,Summer,No,96.6,92.99,25.98
2023-06-03 14:00,6,14,Weekend,Summer,No,97.61,92.89,27.78
2023-06-03 15:00,6,15,Weekend,Summer,No,96.9,94.6,24.63
2023-06-03 16:00,6,16,Weekend,Summer,No,95.45,93.56,22.49
2023-06-03 17:00,6,17,Weekend,Summer,No,93.84,94.73,28.4
2023-06-03 18:00,6,18,Weekend,Summer,No,91.23,92.34,26.95
2023-06-03 19:00,6,19,Weekend,Summer,No,87.65,92.7,22.25
2023-06-03 20:00,6,20,Weekend,Summer,No,84.84,91.69,26.94
2023-06-03 21:00,6,21,Weekend,Summer,No,82.24,90.12,18.4
2023-06-03 22:00,6,22,Weekend,Summer,No,80.44,89.31,19.66
2023-06-03 23:00,6,23,Weekend,Summer,No,77.65,89.05,18.79
2023-06-04 00:00,6,0,Weekend,Summer,No,76.55,88.46,23.55
2023-06-04 01:00,6,1,Weekend,Summer,No,74.69,89.72,19.16
2023-06-04 02:00,6,2,Weekend,Summer,No,71.88,86.4,13.99
2023-06-04 03:00,6,3,Weekend,Summer,No,66.96,85.88,16.36
2023-06-04 04:00,6,4,Weekend,Summer,No,64.04,84.82,8.17
2023-06-04 05:00,6,5,Weekend,Summer,No,65.19,85.22,22.91
2023-06-04 06:00,6,6,Weekend,Summer,No,70.64,87.57,15.58
2023-06-04 07:00,6,7,Weekend,Summer,No,76.88,87.9,20.6
2023-06-04 08:00,6,8,Weekend,Summer,No,80.76,90.0,22.63
2023-06-04 09:00,6,9,Weekend,Summer,No,84.35,91.52,24.52
2023-06-04 10:00,6,10,Weekend,Summer,No,87.78,91.35,21.69
2023-06-04 11:00,6,11,Weekend,Summer,No,89.58,92.34,22.47
2023-06-04 12:00,6,12,Weekend,Summer,No,91.12,92.11,21.36
2023-06-04 13:00,6,13,Weekend,Summer,No,92.57,93.18,23.64
2023-06-04 14:00,6,14,Weekend,Summer,No,93.02,92.8,24.85
2023-06-04 15:00,6,15,Weekend,Summer,No,93.54,93.66,26.21
2023-06-04 16:00,6,16,Weekend,Summer,No,93.4,92.84,25.38
2023-06-04 17:00,6,17,Weekend,Summer,No,92.39,93.09,21.37
2023-06-04 18:00,6,18,Weekend,Summer,No,90.26,92.47,25.9
2023-06-04 19:00,6,19,Weekend,Summer,No,86.65,90.41,22.54
2023-06-04 20:00,6,20,Weekend,Summer,No,83.24,90.85,19.17
2023-06-04 21:00,6,21,Weekend,Summer,No,79.1,89.69,19.94
2023-06-04 22:00,6,22,Weekend,Summer,No,77.0,87.32,18.43
2023-06-04 23:00,6,23,Weekend,Summer,No,74.06,88.36,14.99
2023-06-05 00:00,6,0,Weekday,Summer,No,69.65,87.18,18.36
2023-06-05 01:00,6,1,Weekday,Summer,No,67.37,86.1,16.31
2023-06-05 02:00,6,2,Weekday,Summer,No,65.66,84.82,13.51
2023-06-05 03:00,6,3,Weekday,Summer,No,63.71,85.72,16.87
2023-06-05 04:00,6,4,Weekday,Summer,No,62.96,84.51,14.27
2023-06-05 05:00,6,5,Weekday,Summer,No,63.59,85.72,16.35
2023-06-05 06:00,6,6,Weekday,Summer,No,66.98,84.26,15.57
2023-06-05 07:00,6,7,Weekday,Summer,No,73.07,87.78,15.42
2023-06-05 08:00,6,8,Weekday,Summer,Yes,79.49,88.66,20.17
2023-06-05 09:00,6,9,Weekday,Summer,Yes,84.35,89.75,26.5
2023-06-05 10:00,6,10,Weekday,Summer,Yes,86.0,90.24,30.95
2023-06-05 11:00,6,11,Weekday,Summer,Yes,88.31,91.04,23.91
2023-06-05 12:00,6,12,Weekday,Summer,Yes,91.12,91.34,30.48
2023-06-05 13:00,6,13,Weekday,Summer,Yes,92.57,93.07,26.22
2023-06-05 14:00,6,14,Weekday,Summer,Yes,93.54,94.14,30.97
2023-06-05 15:00,6,15,Weekday,Summer,Yes,95.18,93.88,25.04
2023-06-05 16:00,6,16,Weekday,Summer,Yes,95.45,92.59,30.08
2023-06-05 17:00,6,17,Weekday,Summer,Yes,95.0,94.54,25.95
2023-06-05 18:00,6,18,Weekday,Summer,No,93.84,94.1,29.24
2023-06-05 19:00,6,19,Weekday,Summer,No,90.71,91.75,23.73
2023-06-05 20:00,6,20,Weekday,Summer,No,85.49,90.32,24.97
2023-06-05 21:00,6,21,Weekday,Summer,No,83.57,89.91,21.22
2023-06-05 22:00,6,22,Weekday,Summer,No,79.3,89.05,17.81
2023-06-05 23:00,6,23,Weekday,Summer,No,75.4,88.68,18.7
2023-06-06 00:00,6,0,Weekday,Summer,No,73.24,87.51,14.84
2023-06-06 01:00,6,1,Weekday,Summer,No,71.44,86.96,16.8
2023-06-06 02:00,6,2,Weekday,Summer,No,69.28,87.42,14.86
2023-06-06 03:00,6,3,Weekday,Summer,No,67.37,86.7,13.3
2023-06-06 04:00,6,4,Weekday,Summer,No,66.4,85.92,12.85
2023-06-06 05:00,6,5,Weekday,Summer,No,65.39,85.25,20.15
2023-06-06 06:00,6,6,Weekday,Summer,No,67.88,87.52,19.2
2023-06-06 07:00,6,7,Weekday,Summer,No,74.08,87.43,15.8
2023-06-06 08:00,6,8,Weekday,Summer,Yes,80.46,88.62,22.79
2023-06-06 09:00,6,9,Weekday,Summer,Yes,85.36,90.47,23.77
2023-06-06 10:00,6,10,Weekday,Summer,Yes,88.76,90.11,26.19
2023-06-06 11:00,6,11,Weekday,Summer,Yes,92.27,92.65,25.19
2023-06-06 12:00,6,12,Weekday,Summer,Yes,95.18,93.4,29.87
2023-06-06 13:00,6,13,Weekday,Summer,Yes,96.6,93.98,28.11
2023-06-06 14:00,6,14,Weekday,Summer,Yes,97.61,93.82,32.78
2023-06-06 15:00,6,15,Weekday,Summer,Yes,98.58,94.59,29.98
2023-06-06 16:00,6,16,Weekday,Summer,Yes,98.96,96.12,31.82
2023-06-06 17:00,6,17,Weekday,Summer,Yes,99.59,94.65,35.56
2023-06-06 18:00,6,18,Weekday,Summer,No,98.26,94.59,24.74
2023-06-06 19:00,6,19,Weekday,Summer,No,93.52,94.35,27.74
2023-06-06 20:00,6,20,Weekday,Summer,No,89.88,93.02,26.37
2023-06-06 21:00,6,21,Weekday,Summer,No,86.12,90.47,20.75
2023-06-06 22:00,6,22,Weekday,Summer,No,81.08,90.15,17.67
2023-06-06 23:00,6,23,Weekday,Summer,No,78.46,90.01,23.02
2023-06-07 00:00,6,0,Weekday,Summer,No,77.45,87.71,19.9
2023-06-07 01:00,6,1,Weekday,Summer,No,74.06,88.04,16.38
2023-06-07 02:00,6,2,Weekday,Summer,No,70.28,86.96,15.88
2023-06-07 03:00,6,3,Weekday,Summer,No,68.45,86.85,15.71
2023-06-07 04:00,6,4,Weekday,Summer,No,68.0,85.49,17.02
2023-06-07 05:00,6,5,Weekday,Summer,No,67.37,86.25,13.11
2023-06-07 06:00,6,6,Weekday,Summer,No,69.86,86.77,13.2
2023-06-07 07:00,6,7,Weekday,Summer,No,76.06,89.49,20.51
2023-06-07 08:00,6,8,Weekday,Summer,Yes,82.44,90.66,23.23
2023-06-07 09:00,6,9,Weekday,Summer,Yes,87.86,92.17,28.7
2023-06-07 10:00,6,10,Weekday,Summer,Yes,91.74,92.09,30.92
2023-06-07 11:00,6,11,Weekday,Summer,Yes,95.33,95.41,30.84
2023-06-07 12:00,6,12,Weekday,Summer,Yes,98.14,94.23,31.8
2023-06-07 13:00,6,13,Weekday,Summer,Yes,100.12,95.68,25.82
2023-06-07 14:00,6,14,Weekday,Summer,Yes,101.57,95.47,34.26
2023-06-07 15:00,6,15,Weekday,Summer,Yes,102.54,95.46,33.94
2023-06-07 16:00,6,16,Weekday,Summer,Yes,102.92,95.27,30.25
2023-06-07 17:00,6,17,Weekday,Summer,Yes,102.92,96.1,30.43
2023-06-07 18:00,6,18,Weekday,Summer,No,101.24,95.36,28.69
2023-06-07 19:00,6,19,Weekday,Summer,No,96.47,94.95,25.34
2023-06-07 20:00,6,20,Weekday,Summer,No,92.24,92.1,25.01
2023-06-07 21:00,6,21,Weekday,Summer,No,89.26,91.18,20.89
2023-06-07 22:00,6,22,Weekday,Summer,No,87.46,91.71,19.51
2023-06-07 23:00,6,23,Weekday,Summer,No,84.14,90.75,18.72
2023-06-08 00:00,6,0,Weekday,Summer,No,79.73,88.73,26.22
2023-06-08 01:00,6,1,Weekday,Summer,No,75.14,86.06,15.3
2023-06-08 02:00,6,2,Weekday,Summer,No,71.88,86.45,22.19
2023-06-08 03:00,6,3,Weekday,Summer,No,70.43,86.19,14.11
2023-06-08 04:00,6,4,Weekday,Summer,No,69.46,86.94,17.79
2023-06-08 05:00,6,5,Weekday,Summer,No,69.6,87.55,18.81
2023-06-08 06:00,6,6,Weekday,Summer,No,72.29,85.99,17.55
2023-06-08 07:00,6,7,Weekday,Summer,No,77.51,89.63,19.08
2023-06-08 08:00,6,8,Weekday,Summer,Yes,84.16,89.6,28.56
2023-06-08 09:00,6,9,Weekday,Summer,Yes,91.7,92.06,28.62
2023-06-08 10:00,6,10,Weekday,Summer,Yes,97.31,93.32,32.68
2023-06-08 11:00,6,11,Weekday,Summer,Yes,100.74,96.29,30.62
2023-06-08 12:00,6,12,Weekday,Summer,Yes,103.8,95.89,30.62
2023-06-08 13:00,6,13,Weekday,Summer,Yes,105.08,94.81,31.89
2023-06-08 14:00,6,14,Weekday,Summer,Yes,105.6,95.65,43.07
2023-06-08 15:00,6,15,Weekday,Summer,Yes,105.98,96.12,34.34
2023-06-08 16:00,6,16,Weekday,Summer,Yes,105.98,96.84,33.9
2023-06-08 17:00,6,17,Weekday,Summer,Yes,104.82,95.96,29.59
2023-06-08 18:00,6,18,Weekday,Summer,No,102.22,95.74,28.19
2023-06-08 19:00,6,19,Weekday,Summer,No,99.26,94.39,27.18
2023-06-08 20:00,6,20,Weekday,Summer,No,94.49,93.25,31.11
2023-06-08 21:00,6,21,Weekday,Summer,No,88.48,92.94,24.49
2023-06-08 22:00,6,22,Weekday,Summer,No,86.0,91.02,19.81
2023-06-08 23:00,6,23,Weekday,Summer,No,85.37,90.03,23.06
2023-06-09 00:00,6,0,Weekday,Summer,No,82.08,89.12,23.92
2023-06-09 01:00,6,1,Weekday,Summer,No,78.28,88.7,20.1
2023-06-09 02:00,6,2,Weekday,Summer,No,75.84,88.19,18.96
2023-06-09 03:00,6,3,Weekday,Summer,No,74.39,88.59,16.89
2023-06-09 04:00,6,4,Weekday,Summer,No,73.42,88.21,18.13
2023-06-09 05:00,6,5,Weekday,Summer,No,71.88,86.63,20.19
2023-06-09 06:00,6,6,Weekday,Summer,No,71.58,86.95,18.7
2023-06-09 07:00,6,7,Weekday,Summer,No,79.0,89.91,18.6
2023-06-09 08:00,6,8,Weekday,Summer,Yes,87.48,91.17,26.41
2023-06-09 09:00,6,9,Weekday,Summer,Yes,91.74,92.04,27.35
2023-06-09 10:00,6,10,Weekday,Summer,Yes,94.8,92.52,25.63
2023-06-09 11:00,6,11,Weekday,Summer,Yes,97.76,95.63,32.35
2023-06-09 12:00,6,12,Weekday,Summer,Yes,99.59,95.96,30.89
2023-06-09 13:00,6,13,Weekday,Summer,Yes,100.57,94.99,29.94
2023-06-09 14:00,6,14,Weekday,Summer,Yes,102.72,94.32,27.78
2023-06-09 15:00,6,15,Weekday,Summer,Yes,104.0,98.14,32.68
2023-06-09 16:00,6,16,Weekday,Summer,Yes,103.37,96.1,39.3
2023-06-09 17:00,6,17,Weekday,Summer,Yes,102.4,94.38,29.63
2023-06-09 18:00,6,18,Weekday,Summer,No,100.23,94.45,26.33
2023-06-09 19:00,6,19,Weekday,Summer,No,97.28,93.4,23.33
2023-06-09 20:00,6,20,Weekday,Summer,No,91.98,91.96,25.54
2023-06-09 21:00,6,21,Weekday,Summer,No,89.06,91.49,28.1
2023-06-09 22:00,6,22,Weekday,Summer,No,87.28,92.06,22.47
2023-06-09 23:00,6,23,Weekday,Summer,No,83.69,90.38,24.86
2023-06-10 00:00,6,0,Weekend,Summer,No,79.73,90.84,17.83
2023-06-10 01:00,6,1,Weekend,Summer,No,77.45,88.64,20.61
2023-06-10 02:00,6,2,Weekend,Summer,No,76.37,89.29,19.54
2023-06-10 03:00,6,3,Weekend,Summer,No,74.76,88.89,13.84
2023-06-10 04:00,6,4,Weekend,Summer,No,72.78,86.99,19.18
2023-06-10 05:00,6,5,Weekend,Summer,No,72.59,88.01,19.54
2023-06-10 06:00,6,6,Weekend,Summer,No,76.5,88.12,21.94
2023-06-10 07:00,6,7,Weekend,Summer,No,82.44,90.61,22.89
2023-06-10 08:00,6,8,Weekend,Summer,No,87.34,92.13,23.72
2023-06-10 09:00,6,9,Weekend,Summer,No,90.22,93.01,29.72
2023-06-10 10:00,6,10,Weekend,Summer,No,92.72,93.08,19.56
2023-06-10 11:00,6,11,Weekend,Summer,No,95.7,93.56,30.27
2023-06-10 12:00,6,12,Weekend,Summer,No,97.61,94.26,27.63
2023-06-10 13:00,6,13,Weekend,Summer,No,100.37,95.18,28.3
2023-06-10 14:00,6,14,Weekend,Summer,No,103.18,95.05,30.75
2023-06-10 15:00,6,15,Weekend,Summer,No,103.37,95.55,22.49
2023-06-10 16:00,6,16,Weekend,Summer,No,102.92,95.2,27.77
2023-06-10 17:00,6,17,Weekend,Summer,No,101.76,94.88,26.09
2023-06-10 18:00,6,18,Weekend,Summer,No,99.78,95.5,26.64
2023-06-10 19:00,6,19,Weekend,Summer,No,96.65,94.16,27.98
2023-06-10 20:00,6,20,Weekend,Summer,No,92.69,91.35,29.45
2023-06-10 21:00,6,21,Weekend,Summer,No,89.26,91.69,20.85
2023-06-10 22:00,6,22,Weekend,Summer,No,86.2,91.15,19.29
2023-06-10 23:00,6,23,Weekend,Summer,No,84.92,91.43,25.01
2023-06-11 00:00,6,0,Weekend,Summer,No,83.77,90.88,22.96
2023-06-11 01:00,6,1,Weekend,Summer,No,81.26,90.2,21.99
2023-06-11 02:00,6,2,Weekend,Summer,No,76.49,90.2,20.08
2023-06-11 03:00,6,3,Weekend,Summer,No,73.42,86.02,17.9
2023-06-11 04:00,6,4,Weekend,Summer,No,72.41,85.92,17.25
2023-06-11 05:00,6,5,Weekend,Summer,No,72.59,87.06,19.54
2023-06-11 06:00,6,6,Weekend,Summer,No,75.35,87.78,19.28
2023-06-11 07:00,6,7,Weekend,Summer,No,81.1,87.5,22.79
2023-06-11 08:00,6,8,Weekend,Summer,No,86.33,91.77,18.7
2023-06-11 09:00,6,9,Weekend,Summer,No,89.77,91.67,28.72
2023-06-11 10:00,6,10,Weekend,Summer,No,92.2,91.6,26.69
2023-06-11 11:00,6,11,Weekend,Summer,No,95.96,93.26,35.81
2023-06-11 12:00,6,12,Weekend,Summer,No,98.06,94.79,24.53
2023-06-11 13:00,6,13,Weekend,Summer,No,99.22,94.91,28.85
2023-06-11 14:00,6,14,Weekend,Summer,No,100.57,96.06,29.13
2023-06-11 15:00,6,15,Weekend,Summer,No,100.94,96.25,30.27
2023-06-11 16:00,6,16,Weekend,Summer,No,100.94,94.52,23.49
2023-06-11 17:00,6,17,Weekend,Summer,No,100.42,95.81,25.04
2023-06-11 18:00,6,18,Weekend,Summer,No,98.88,96.0,22.02
2023-06-11 19:00,6,19,Weekend,Summer,No,95.65,93.53,28.36
2023-06-11 20:00,6,20,Weekend,Summer,No,92.24,93.57,24.89
2023-06-11 21:00,6,21,Weekend,Summer,No,89.26,91.13,20.11
2023-06-11 22:00,6,22,Weekend,Summer,No,87.46,92.73,17.45
2023-06-11 23:00,6,23,Weekend,Summer,No,85.3,91.07,21.69
2023-06-12 00:00,6,0,Weekday,Summer,No,83.39,90.53,18.74
2023-06-12 01:00,6,1,Weekday,Summer,No,80.63,89.53,20.49
2023-06-12 02:00,6,2,Weekday,Summer,No,79.61,89.28,21.92
2023-06-12 03:00,6,3,Weekday,Summer,No,79.43,87.83,22.13
2023-06-12 04:00,6,4,Weekday,Summer,No,75.52,88.66,20.9
2023-06-12 05:00,6,5,Weekday,Summer,No,73.56,86.88,18.4
2023-06-12 06:00,6,6,Weekday,Summer,No,76.35,88.59,17.26
2023-06-12 07:00,6,7,Weekday,Summer,No,81.54,90.15,19.43
2023-06-12 08:00,6,8,Weekday,Summer,Yes,85.8,90.62,27.49
2023-06-12 09:00,6,9,Weekday,Summer,Yes,89.39,92.7,24.77
2023-06-12 10:00,6,10,Weekday,Summer,Yes,92.2,92.09,31.65
2023-06-12 11:00,6,11,Weekday,Summer,Yes,94.8,93.58,23.98
2023-06-12 12:00,6,12,Weekday,Summer,Yes,96.6,93.84,29.73
2023-06-12 13:00,6,13,Weekday,Summer,Yes,97.61,94.17,29.68
2023-06-12 14:00,6,14,Weekday,Summer,Yes,99.22,94.3,30.79
2023-06-12 15:00,6,15,Weekday,Summer,Yes,99.41,93.41,30.97
2023-06-12 16:00,6,16,Weekday,Summer,Yes,98.44,94.52,28.93
2023-06-12 17:00,6,17,Weekday,Summer,Yes,96.9,94.67,31.96
2023-06-12 18:00,6,18,Weekday,Summer,No,94.3,93.41,30.06
2023-06-12 19:00,6,19,Weekday,Summer,No,90.71,92.54,23.03
2023-06-12 20:00,6,20,Weekday,Summer,No,87.9,92.08,20.23
2023-06-12 21:00,6,21,Weekday,Summer,No,85.3,90.75,26.25
2023-06-12 22:00,6,22,Weekday,Summer,No,82.86,91.77,19.24
2023-06-12 23:00,6,23,Weekday,Summer,No,80.26,90.23,24.08
2023-06-13 00:00,6,0,Weekday,Summer,No,77.2,88.44,24.93
2023-06-13 01:00,6,1,Weekday,Summer,No,74.76,86.96,18.69
2023-06-13 02:00,6,2,Weekday,Summer,No,73.94,88.26,23.32
2023-06-13 03:00,6,3,Weekday,Summer,No,74.57,87.99,17.67
2023-06-13 04:00,6,4,Weekday,Summer,No,72.71,89.12,23.35
2023-06-13 05:00,6,5,Weekday,Summer,No,70.43,87.27,16.43
2023-06-13 06:00,6,6,Weekday,Summer,No,72.92,87.41,12.93
2023-06-13 07:00,6,7,Weekday,Summer,No,77.33,88.89,19.71
2023-06-13 08:00,6,8,Weekday,Summer,Yes,80.76,90.19,21.71
2023-06-13 09:00,6,9,Weekday,Summer,Yes,83.72,91.48,28.8
2023-06-13 10:00,6,10,Weekday,Summer,Yes,87.34,91.29,28.31
2023-06-13 11:00,6,11,Weekday,Summer,Yes,90.22,93.09,29.76
2023-06-13 12:00,6,12,Weekday,Summer,Yes,91.56,92.16,28.8
2023-06-13 13:00,6,13,Weekday,Summer,Yes,92.57,92.43,33.07
2023-06-13 14:00,6,14,Weekday,Summer,Yes,93.54,93.69,29.24
2023-06-13 15:00,6,15,Weekday,Summer,Yes,93.92,92.68,28.06
2023-06-13 16:00,6,16,Weekday,Summer,Yes,92.76,92.38,32.06
2023-06-13 17:00,6,17,Weekday,Summer,Yes,91.42,92.62,30.49
2023-06-13 18:00,6,18,Weekday,Summer,No,89.88,91.94,22.31
2023-06-13 19:00,6,19,Weekday,Summer,No,86.65,90.81,23.5
2023-06-13 20:00,6,20,Weekday,Summer,No,83.24,90.75,22.92
2023-06-13 21:00,6,21,Weekday,Summer,No,81.41,89.99,18.77
2023-06-13 22:00,6,22,Weekday,Summer,No,79.28,88.53,20.85
2023-06-13 23:00,6,23,Weekday,Summer,No,77.45,88.79,13.79
2023-06-14 00:00,6,0,Weekday,Summer,No,75.84,87.72,16.8
2023-06-14 01:00,6,1,Weekday,Summer,No,73.86,87.0,20.38
2023-06-14 02:00,6,2,Weekday,Summer,No,72.41,86.72,14.49
2023-06-14 03:00,6,3,Weekday,Summer,No,71.44,87.97,14.81
2023-06-14 04:00,6,4,Weekday,Summer,No,70.43,86.27,13.46
2023-06-14 05:00,6,5,Weekday,Summer,No,67.67,85.1,11.58
2023-06-14 06:00,6,6,Weekday,Summer,No,69.48,85.56,16.92
2023-06-14 07:00,6,7,Weekday,Summer,No,74.27,87.51,18.64
2023-06-14 08:00,6,8,Weekday,Summer,Yes,77.7,87.56,23.76
2023-06-14 09:00,6,9,Weekday,Summer,Yes,79.61,88.45,25.06
2023-06-14 10:00,6,10,Weekday,Summer,Yes,81.74,89.34,23.6
2023-06-14 11:00,6,11,Weekday,Summer,Yes,84.72,91.21,24.39
2023-06-14 12:00,6,12,Weekday,Summer,Yes,86.63,91.77,29.87
2023-06-14 13:00,6,13,Weekday,Summer,Yes,88.23,91.65,26.12
2023-06-14 14:00,6,14,Weekday,Summer,Yes,89.06,91.01,23.28
2023-06-14 15:00,6,15,Weekday,Summer,Yes,90.22,90.79,25.99
2023-06-14 16:00,6,16,Weekday,Summer,Yes,91.56,92.1,23.42
2023-06-14 17:00,6,17,Weekday,Summer,Yes,91.42,92.63,30.41
2023-06-14 18:00,6,18,Weekday,Summer,No,89.26,93.07,22.84
2023-06-14 19:00,6,19,Weekday,Summer,No,86.2,90.76,23.55
2023-06-14 20:00,6,20,Weekday,Summer,No,83.24,90.02,22.79
2023-06-14 21:00,6,21,Weekday,Summer,No,81.41,89.19,20.89
2023-06-14 22:00,6,22,Weekday,Summer,No,77.5,88.79,18.89
2023-06-14 23:00,6,23,Weekday,Summer,No,73.24,88.6,17.07
2023-06-15 00:00,6,0,Weekday,Summer,No,72.59,86.71,16.9
2023-06-15 01:00,6,1,Weekday,Summer,No,71.88,86.72,22.75
2023-06-15 02:00,6,2,Weekday,Summer,No,69.28,86.09,17.5
2023-06-15 03:00,6,3,Weekday,Summer,No,65.06,85.47,12.97
2023-06-15 04:00,6,4,Weekday,Summer,No,62.96,84.72,13.48
2023-06-15 05:00,6,5,Weekday,Summer,No,64.74,85.08,11.99
2023-06-15 06:00,6,6,Weekday,Summer,No,69.48,84.57,16.51
2023-06-15 07:00,6,7,Weekday,Summer,No,74.27,86.09,21.77
2023-06-15 08:00,6,8,Weekday,Summer,Yes,78.86,89.12,23.12
2023-06-15 09:00,6,9,Weekday,Summer,Yes,83.27,89.58,29.37
2023-06-15 10:00,6,10,Weekday,Summer,Yes,89.64,90.94,28.9
2023-06-15 11:00,6,11,Weekday,Summer,Yes,93.54,92.14,28.05
2023-06-15 12:00,6,12,Weekday,Summer,Yes,94.55,93.65,28.7
2023-06-15 13:00,6,13,Weekday,Summer,Yes,96.16,93.17,31.02
2023-06-15 14:00,6,14,Weekday,Summer,Yes,97.61,94.19,30.13
2023-06-15 15:00,6,15,Weekday,Summer,Yes,98.58,94.94,27.19
2023-06-15 16:00,6,16,Weekday,Summer,Yes,98.44,94.27,29.99
2023-06-15 17:00,6,17,Weekday,Summer,Yes,98.06,94.91,29.16
2023-06-15 18:00,6,18,Weekday,Summer,No,97.43,93.57,27.59
2023-06-15 19:00,6,19,Weekday,Summer,No,94.04,93.32,24.09
2023-06-15 20:00,6,20,Weekday,Summer,No,90.26,92.65,23.03
2023-06-15 21:00,6,21,Weekday,Summer,No,87.28,91.15,24.35
2023-06-15 22:00,6,22,Weekday,Summer,No,83.69,90.28,26.13
2023-06-15 23:00,6,23,Weekday,Summer,No,80.26,89.58,20.75
2023-06-16 00:00,6,0,Weekday,Summer,No,77.2,88.26,17.83
2023-06-16 01:00,6,1,Weekday,Summer,No,73.61,88.02,20.89
2023-06-16 02:00,6,2,Weekday,Summer,No,70.81,85.13,16.61
2023-06-16 03:00,6,3,Weekday,Summer,No,68.82,86.69,12.91
2023-06-16 04:00,6,4,Weekday,Summer,No,68.0,85.77,20.0
2023-06-16 05:00,6,5,Weekday,Summer,No,67.37,86.25,15.8
2023-06-16 06:00,6,6,Weekday,Summer,No,71.02,86.62,16.44
2023-06-16 07:00,6,7,Weekday,Summer,No,76.88,88.21,16.33
2023-06-16 08:00,6,8,Weekday,Summer,Yes,82.44,90.1,27.1
2023-06-16 09:00,6,9,Weekday,Summer,Yes,87.86,91.15,23.97
2023-06-16 10:00,6,10,Weekday,Summer,Yes,93.53,93.43,28.76
2023-06-16 11:00,6,11,Weekday,Summer,Yes,97.76,93.7,29.67
2023-06-16 12:00,6,12,Weekday,Summer,Yes,99.59,94.23,29.1
2023-06-16 13:00,6,13,Weekday,Summer,Yes,101.72,96.1,30.83
2023-06-16 14:00,6,14,Weekday,Summer,Yes,103.55,95.56,33.97
2023-06-16 15:00,6,15,Weekday,Summer,Yes,104.0,95.39,35.68
2023-06-16 16:00,6,16,Weekday,Summer,Yes,104.0,96.58,28.87
2023-06-16 17:00,6,17,Weekday,Summer,Yes,102.84,96.59,33.76
2023-06-16 18:00,6,18,Weekday,Summer,No,100.23,94.39,26.53
2023-06-16 19:00,6,19,Weekday,Summer,No,97.28,94.16,31.57
2023-06-16 20:00,6,20,Weekday,Summer,No,94.3,94.39,24.13
2023-06-16 21:00,6,21,Weekday,Summer,No,91.86,91.36,24.2
2023-06-16 22:00,6,22,Weekday,Summer,No,90.41,91.16,27.76
2023-06-16 23:00,6,23,Weekday,Summer,No,85.86,89.2,20.41
2023-06-17 00:00,6,0,Weekend,Summer,No,81.26,90.78,20.64
2023-06-17 01:00,6,1,Weekend,Summer,No,78.28,87.9,21.25
2023-06-17 02:00,6,2,Weekend,Summer,No,77.0,86.74,18.37
2023-06-17 03:00,6,3,Weekend,Summer,No,75.84,88.56,20.21
2023-06-17 04:00,6,4,Weekend,Summer,No,73.86,87.47,15.55
2023-06-17 05:00,6,5,Weekend,Summer,No,71.88,86.77,20.52
2023-06-17 06:00,6,6,Weekend,Summer,No,73.37,88.5,20.46
2023-06-17 07:00,6,7,Weekend,Summer,No,79.64,89.1,17.67
2023-06-17 08:00,6,8,Weekend,Summer,No,86.51,91.8,23.8
2023-06-17 09:00,6,9,Weekend,Summer,No,91.9,91.87,27.36
2023-06-17 10:00,6,10,Weekend,Summer,No,95.18,93.22,27.76
2023-06-17 11:00,6,11,Weekend,Summer,No,97.24,94.38,25.58
2023-06-17 12:00,6,12,Weekend,Summer,No,100.9,94.7,28.68
2023-06-17 13:00,6,13,Weekend,Summer,No,103.55,95.15,30.96
2023-06-17 14:00,6,14,Weekend,Summer,No,103.37,96.07,27.85
2023-06-17 15:00,6,15,Weekend,Summer,No,102.92,96.11,29.49
2023-06-17 16:00,6,16,Weekend,Summer,No,102.92,95.34,30.99
2023-06-17 17:00,6,17,Weekend,Summer,No,103.55,95.97,25.16
2023-06-17 18:00,6,18,Weekend,Summer,No,102.84,95.69,30.85
2023-06-17 19:00,6,19,Weekend,Summer,No,99.71,95.65,29.53
2023-06-17 20:00,6,20,Weekend,Summer,No,96.28,94.29,26.8
2023-06-17 21:00,6,21,Weekend,Summer,No,93.22,93.4,22.06
2023-06-17 22:00,6,22,Weekend,Summer,No,90.26,93.78,22.44
2023-06-17 23:00,6,23,Weekend,Summer,No,87.9,92.06,23.2
2023-06-18 00:00,6,0,Weekend,Summer,No,85.82,92.02,22.14
2023-06-18 01:00,6,1,Weekend,Summer,No,82.08,90.62,16.72
2023-06-18 02:00,6,2,Weekend,Summer,No,78.9,88.96,15.97
2023-06-18 03:00,6,3,Weekend,Summer,No,79.76,89.36,21.47
2023-06-18 04:00,6,4,Weekend,Summer,No,79.28,89.2,20.18
2023-06-18 05:00,6,5,Weekend,Summer,No,78.08,89.2,17.39
2023-06-18 06:00,6,6,Weekend,Summer,No,79.76,89.64,20.38
2023-06-18 07:00,6,7,Weekend,Summer,No,83.27,91.21,20.82
2023-06-18 08:00,6,8,Weekend,Summer,No,87.34,92.24,18.29
2023-06-18 09:00,6,9,Weekend,Summer,No,90.22,92.66,24.7
2023-06-18 10:00,6,10,Weekend,Summer,No,93.35,92.91,24.76
2023-06-18 11:00,6,11,Weekend,Summer,No,96.78,94.09,34.77
2023-06-18 12:00,6,12,Weekend,Summer,No,98.58,95.3,26.44
2023-06-18 13:00,6,13,Weekend,Summer,No,100.12,94.08,30.81
2023-06-18 14:00,6,14,Weekend,Summer,No,100.94,96.0,25.09
2023-06-18 15:00,6,15,Weekend,Summer,No,101.99,95.78,33.67
2023-06-18 16:00,6,16,Weekend,Summer,No,103.48,95.7,27.74
2023-06-18 17:00,6,17,Weekend,Summer,No,102.84,96.2,30.71
2023-06-18 18:00,6,18,Weekend,Summer,No,100.23,94.88,28.17
2023-06-18 19:00,6,19,Weekend,Summer,No,97.28,93.79,28.92
2023-06-18 20:00,6,20,Weekend,Summer,No,94.3,94.64,22.06
2023-06-18 21:00,6,21,Weekend,Summer,No,91.86,92.29,29.9
2023-06-18 22:00,6,22,Weekend,Summer,No,86.94,92.2,28.1
2023-06-18 23:00,6,23,Weekend,Summer,No,84.54,90.26,20.56
2023-06-19 00:00,6,0,Weekday,Summer,No,84.4,89.98,21.02
2023-06-19 01:00,6,1,Weekday,Summer,No,84.02,90.52,24.81
2023-06-19 02:00,6,2,Weekday,Summer,No,83.39,90.93,20.39
2023-06-19 03:00,6,3,Weekday,Summer,No,81.78,90.78,25.21
2023-06-19 04:00,6,4,Weekday,Summer,No,79.28,90.16,21.32
2023-06-19 05:00,6,5,Weekday,Summer,No,78.08,87.84,23.21
2023-06-19 06:00,6,6,Weekday,Summer,No,79.76,89.29,21.58
2023-06-19 07:00,6,7,Weekday,Summer,No,82.74,90.72,18.7
2023-06-19 08:00,6,8,Weekday,Summer,Yes,86.33,91.93,21.55
2023-06-19 09:00,6,9,Weekday,Summer,Yes,89.77,91.85,30.38
2023-06-19 10:00,6,10,Weekday,Summer,Yes,92.72,92.64,28.11
2023-06-19 11:00,6,11,Weekday,Summer,Yes,94.55,93.01,28.01
2023-06-19 12:00,6,12,Weekday,Summer,Yes,96.78,93.75,32.42
2023-06-19 13:00,6,13,Weekday,Summer,Yes,98.58,94.24,31.17
2023-06-19 14:00,6,14,Weekday,Summer,Yes,100.12,95.39,26.53
2023-06-19 15:00,6,15,Weekday,Summer,Yes,100.94,94.42,26.74
2023-06-19 16:00,6,16,Weekday,Summer,Yes,100.94,96.0,33.74
2023-06-19 17:00,6,17,Weekday,Summer,Yes,99.78,94.09,30.64
2023-06-19 18:00,6,18,Weekday,Summer,No,98.44,93.91,31.17
2023-06-19 19:00,6,19,Weekday,Summer,No,96.9,94.33,29.7
2023-06-19 20:00,6,20,Weekday,Summer,No,93.14,94.2,23.73
2023-06-19 21:00,6,21,Weekday,Summer,No,89.26,91.36,26.58
2023-06-19 22:00,6,22,Weekday,Summer,No,87.98,91.04,21.86
2023-06-19 23:00,6,23,Weekday,Summer,No,86.2,91.59,25.94
2023-06-20 00:00,6,0,Weekday,Summer,No,83.77,90.42,21.98
2023-06-20 01:00,6,1,Weekday,Summer,No,83.57,91.05,26.04
2023-06-20 02:00,6,2,Weekday,Summer,No,84.02,89.6,22.44
2023-06-20 03:00,6,3,Weekday,Summer,No,84.02,90.88,23.67
2023-06-20 04:00,6,4,Weekday,Summer,No,82.86,89.53,22.17
2023-06-20 05:00,6,5,Weekday,Summer,No,81.41,90.24,19.22
2023-06-20 06:00,6,6,Weekday,Summer,No,83.27,90.56,24.33
2023-06-20 07:00,6,7,Weekday,Summer,No,86.7,92.21,27.62
2023-06-20 08:00,6,8,Weekday,Summer,Yes,89.77,92.09,28.42
2023-06-20 09:00,6,9,Weekday,Summer,Yes,91.56,92.08,29.58
2023-06-20 10:00,6,10,Weekday,Summer,Yes,93.1,93.3,26.87
2023-06-20 11:00,6,11,Weekday,Summer,Yes,93.92,94.19,23.08
2023-06-20 12:00,6,12,Weekday,Summer,Yes,95.7,94.14,32.26
2023-06-20 13:00,6,13,Weekday,Summer,Yes,98.14,94.27,33.24
2023-06-20 14:00,6,14,Weekday,Summer,Yes,98.96,93.72,28.92
2023-06-20 15:00,6,15,Weekday,Summer,Yes,98.96,94.97,29.48
2023-06-20 16:00,6,16,Weekday,Summer,Yes,98.96,95.1,27.02
2023-06-20 17:00,6,17,Weekday,Summer,Yes,90.77,92.76,27.66
2023-06-20 18:00,6,18,Weekday,Summer,No,78.52,88.86,22.62
2023-06-20 19:00,6,19,Weekday,Summer,No,75.1,87.73,19.56
2023-06-20 20:00,6,20,Weekday,Summer,No,77.18,88.76,19.05
2023-06-20 21:00,6,21,Weekday,Summer,No,78.08,89.2,19.84
2023-06-20 22:00,6,22,Weekday,Summer,No,76.3,89.76,15.57
2023-06-20 23:00,6,23,Weekday,Summer,No,75.02,89.81,19.44
2023-06-21 00:00,6,0,Weekday,Summer,No,75.02,87.67,16.45
2023-06-21 01:00,6,1,Weekday,Summer,No,75.02,88.96,21.13
2023-06-21 02:00,6,2,Weekday,Summer,No,74.39,89.09,19.92
2023-06-21 03:00,6,3,Weekday,Summer,No,73.42,86.8,19.47
2023-06-21 04:00,6,4,Weekday,Summer,No,71.88,86.36,21.75
2023-06-21 05:00,6,5,Weekday,Summer,No,71.06,86.56,11.27
2023-06-21 06:00,6,6,Weekday,Summer,No,73.9,87.35,16.74
2023-06-21 07:00,6,7,Weekday,Summer,No,77.18,88.43,22.34
2023-06-21 08:00,6,8,Weekday,Summer,Yes,80.39,89.37,25.6
2023-06-21 09:00,6,9,Weekday,Summer,Yes,83.72,91.89,22.81
2023-06-21 10:00,6,10,Weekday,Summer,Yes,86.7,90.95,26.08
2023-06-21 11:00,6,11,Weekday,Summer,Yes,90.29,91.59,32.96
2023-06-21 12:00,6,12,Weekday,Summer,Yes,93.1,92.73,29.03
2023-06-21 13:00,6,13,Weekday,Summer,Yes,94.55,93.4,29.24
2023-06-21 14:00,6,14,Weekday,Summer,Yes,96.16,92.59,29.01
2023-06-21 15:00,6,15,Weekday,Summer,Yes,97.61,94.14,30.46
2023-06-21 16:00,6,16,Weekday,Summer,Yes,98.58,95.25,31.64
2023-06-21 17:00,6,17,Weekday,Summer,Yes,97.8,92.91,26.93
2023-06-21 18:00,6,18,Weekday,Summer,No,96.98,95.1,26.35
2023-06-21 19:00,6,19,Weekday,Summer,No,88.79,91.49,22.93
2023-06-21 20:00,6,20,Weekday,Summer,No,81.78,89.89,21.84
2023-06-21 21:00,6,21,Weekday,Summer,No,77.5,89.45,17.11
2023-06-21 22:00,6,22,Weekday,Summer,No,73.86,86.71,22.27
2023-06-21 23:00,6,23,Weekday,Summer,No,73.56,87.64,19.41
2023-06-22 00:00,6,0,Weekday,Summer,No,73.94,87.88,17.63
2023-06-22 01:00,6,1,Weekday,Summer,No,72.78,87.76,14.23
2023-06-22 02:00,6,2,Weekday,Summer,No,73.12,86.71,17.08
2023-06-22 03:00,6,3,Weekday,Summer,No,73.42,87.61,18.44
2023-06-22 04:00,6,4,Weekday,Summer,No,73.56,87.83,18.06
2023-06-22 05:00,6,5,Weekday,Summer,No,74.57,87.14,17.15
2023-06-22 06:00,6,6,Weekday,Summer,No,74.39,87.32,14.38
2023-06-22 07:00,6,7,Weekday,Summer,No,76.35,89.03,18.86
2023-06-22 08:00,6,8,Weekday,Summer,Yes,79.76,90.1,25.69
2023-06-22 09:00,6,9,Weekday,Summer,Yes,83.9,90.89,19.19
2023-06-22 10:00,6,10,Weekday,Summer,Yes,87.78,92.91,28.61
2023-06-22 11:00,6,11,Weekday,Summer,Yes,91.37,92.85,26.5
2023-06-22 12:00,6,12,Weekday,Summer,Yes,94.8,93.32,31.76
2023-06-22 13:00,6,13,Weekday,Summer,Yes,97.76,93.94,30.86
2023-06-22 14:00,6,14,Weekday,Summer,Yes,98.96,94.06,29.09
2023-06-22 15:00,6,15,Weekday,Summer,Yes,99.59,94.48,28.94
2023-06-22 16:00,6,16,Weekday,Summer,Yes,100.57,96.57,36.63
2023-06-22 17:00,6,17,Weekday,Summer,Yes,98.63,93.57,31.62
2023-06-22 18:00,6,18,Weekday,Summer,No,93.52,93.95,26.27
2023-06-22 19:00,6,19,Weekday,Summer,No,84.64,91.41,20.22
2023-06-22 20:00,6,20,Weekday,Summer,No,80.58,89.4,20.81
2023-06-22 21:00,6,21,Weekday,Summer,No,82.12,89.39,22.99
2023-06-22 22:00,6,22,Weekday,Summer,No,82.42,91.41,18.71
2023-06-22 23:00,6,23,Weekday,Summer,No,80.26,89.59,25.21
2023-06-23 00:00,6,0,Weekday,Summer,No,77.2,87.55,21.49
2023-06-23 01:00,6,1,Weekday,Summer,No,75.92,88.13,18.67
2023-06-23 02:00,6,2,Weekday,Summer,No,76.55,88.62,13.42
2023-06-23 03:00,6,3,Weekday,Summer,No,76.37,89.83,15.19
2023-06-23 04:00,6,4,Weekday,Summer,No,75.4,89.54,20.04
2023-06-23 05:00,6,5,Weekday,Summer,No,75.54,90.38,12.98
2023-06-23 06:00,6,6,Weekday,Summer,No,78.86,87.99,19.22
2023-06-23 07:00,6,7,Weekday,Summer,No,83.27,90.17,21.22
2023-06-23 08:00,6,8,Weekday,Summer,Yes,86.7,92.08,28.51
2023-06-23 09:00,6,9,Weekday,Summer,Yes,89.77,93.77,31.58
2023-06-23 10:00,6,10,Weekday,Summer,Yes,92.2,92.94,31.18
2023-06-23 11:00,6,11,Weekday,Summer,Yes,94.18,94.01,28.09
2023-06-23 12:00,6,12,Weekday,Summer,Yes,96.16,94.42,31.27
2023-06-23 13:00,6,13,Weekday,Summer,Yes,96.98,94.2,27.75
2023-06-23 14:00,6,14,Weekday,Summer,Yes,97.61,93.53,28.7
2023-06-23 15:00,6,15,Weekday,Summer,Yes,98.06,94.8,29.69
2023-06-23 16:00,6,16,Weekday,Summer,Yes,98.06,94.46,30.96
2023-06-23 17:00,6,17,Weekday,Summer,Yes,96.9,94.12,29.6
2023-06-23 18:00,6,18,Weekday,Summer,No,96.08,92.64,29.49
2023-06-23 19:00,6,19,Weekday,Summer,No,94.82,93.22,28.24
2023-06-23 20:00,6,20,Weekday,Summer,No,92.76,93.65,21.99
2023-06-23 21:00,6,21,Weekday,Summer,No,89.1,90.62,22.01
2023-06-23 22:00,6,22,Weekday,Summer,No,85.82,89.91,21.76
2023-06-23 23:00,6,23,Weekday,Summer,No,84.92,90.11,25.46
2023-06-24 00:00,6,0,Weekend,Summer,No,83.24,90.8,21.51
2023-06-24 01:00,6,1,Weekend,Summer,No,80.26,88.22,19.98
2023-06-24 02:00,6,2,Weekend,Summer,No,78.98,89.27,22.06
2023-06-24 03:00,6,3,Weekend,Summer,No,77.82,88.98,20.7
2023-06-24 04:00,6,4,Weekend,Summer,No,74.69,89.02,14.76
2023-06-24 05:00,6,5,Weekend,Summer,No,74.19,87.78,22.84
2023-06-24 06:00,6,6,Weekend,Summer,No,76.8,87.52,17.25
2023-06-24 07:00,6,7,Weekend,Summer,No,82.07,89.9,25.25
2023-06-24 08:00,6,8,Weekend,Summer,No,87.34,90.77,25.36
2023-06-24 09:00,6,9,Weekend,Summer,No,90.74,92.08,24.49
2023-06-24 10:00,6,10,Weekend,Summer,No,93.72,91.83,27.71
2023-06-24 11:00,6,11,Weekend,Summer,No,96.16,93.96,26.91
2023-06-24 12:00,6,12,Weekend,Summer,No,97.61,94.52,22.46
2023-06-24 13:00,6,13,Weekend,Summer,No,97.43,94.7,23.06
2023-06-24 14:00,6,14,Weekend,Summer,No,98.14,96.01,20.32
2023-06-24 15:00,6,15,Weekend,Summer,No,100.12,94.6,24.0
2023-06-24 16:00,6,16,Weekend,Summer,No,99.78,95.45,28.24
2023-06-24 17:00,6,17,Weekend,Summer,No,97.8,95.91,26.52
2023-06-24 18:00,6,18,Weekend,Summer,No,96.46,95.5,23.59
2023-06-24 19:00,6,19,Weekend,Summer,No,93.66,92.34,23.88
2023-06-24 20:00,6,20,Weekend,Summer,No,90.26,92.03,21.64
2023-06-24 21:00,6,21,Weekend,Summer,No,89.06,91.86,23.52
2023-06-24 22:00,6,22,Weekend,Summer,No,87.9,91.99,22.09
2023-06-24 23:00,6,23,Weekend,Summer,No,85.3,91.37,22.95
2023-06-25 00:00,6,0,Weekend,Summer,No,84.54,91.77,19.08
2023-06-25 01:00,6,1,Weekend,Summer,No,84.4,90.28,18.12
2023-06-25 02:00,6,2,Weekend,Summer,No,82.86,89.88,22.25
2023-06-25 03:00,6,3,Weekend,Summer,No,79.1,89.5,20.44
2023-06-25 04:00,6,4,Weekend,Summer,No,78.16,89.92,15.88
2023-06-25 05:00,6,5,Weekend,Summer,No,77.2,88.79,17.2
2023-06-25 06:00,6,6,Weekend,Summer,No,76.55,87.18,14.52
2023-06-25 07:00,6,7,Weekend,Summer,No,79.31,89.24,22.81
2023-06-25 08:00,6,8,Weekend,Summer,No,81.59,90.35,26.26
2023-06-25 09:00,6,9,Weekend,Summer,No,85.51,89.61,25.39
2023-06-25 10:00,6,10,Weekend,Summer,No,89.14,92.4,23.9
2023-06-25 11:00,6,11,Weekend,Summer,No,89.43,92.5,26.17
2023-06-25 12:00,6,12,Weekend,Summer,No,86.12,90.03,23.94
2023-06-25 13:00,6,13,Weekend,Summer,No,76.46,89.04,20.73
2023-06-25 14:00,6,14,Weekend,Summer,No,71.06,86.59,12.27
2023-06-25 15:00,6,15,Weekend,Summer,No,71.58,86.71,20.51
2023-06-25 16:00,6,16,Weekend,Summer,No,70.81,86.54,14.89
2023-06-25 17:00,6,17,Weekend,Summer,No,70.61,87.12,15.02
2023-06-25 18:00,6,18,Weekend,Summer,No,70.43,86.39,20.16
2023-06-25 19:00,6,19,Weekend,Summer,No,69.98,86.42,20.45
2023-06-25 20:00,6,20,Weekend,Summer,No,70.61,86.77,13.29
2023-06-25 21:00,6,21,Weekend,Summer,No,70.43,87.16,21.36
2023-06-25 22:00,6,22,Weekend,Summer,No,69.98,86.4,19.31
2023-06-25 23:00,6,23,Weekend,Summer,No,69.46,86.69,13.83
2023-06-26 00:00,6,0,Weekday,Summer,No,69.6,86.18,13.51
2023-06-26 01:00,6,1,Weekday,Summer,No,69.98,85.07,17.72
2023-06-26 02:00,6,2,Weekday,Summer,No,68.82,87.24,12.89
2023-06-26 03:00,6,3,Weekday,Summer,No,68.0,85.01,21.81
2023-06-26 04:00,6,4,Weekday,Summer,No,67.37,86.29,17.67
2023-06-26 05:00,6,5,Weekday,Summer,No,68.18,84.26,19.05
2023-06-26 06:00,6,6,Weekday,Summer,No,68.45,86.57,15.57
2023-06-26 07:00,6,7,Weekday,Summer,No,73.25,86.05,18.07
2023-06-26 08:00,6,8,Weekday,Summer,Yes,78.78,90.23,23.11
2023-06-26 09:00,6,9,Weekday,Summer,Yes,82.37,89.13,26.1
2023-06-26 10:00,6,10,Weekday,Summer,Yes,86.96,91.1,26.1
2023-06-26 11:00,6,11,Weekday,Summer,Yes,90.22,92.54,24.2
2023-06-26 12:00,6,12,Weekday,Summer,Yes,92.72,92.11,28.91
2023-06-26 13:00,6,13,Weekday,Summer,Yes,94.55,93.18,31.31
2023-06-26 14:00,6,14,Weekday,Summer,Yes,95.63,93.77,28.79
2023-06-26 15:00,6,15,Weekday,Summer,Yes,96.08,94.92,28.61
2023-06-26 16:00,6,16,Weekday,Summer,Yes,96.08,94.03,29.75
2023-06-26 17:00,6,17,Weekday,Summer,Yes,96.08,94.03,32.45
2023-06-26 18:00,6,18,Weekday,Summer,No,94.3,93.13,25.26
2023-06-26 19:00,6,19,Weekday,Summer,No,90.71,91.69,27.82
2023-06-26 20:00,6,20,Weekday,Summer,No,87.28,91.76,22.78
2023-06-26 21:00,6,21,Weekday,Summer,No,84.84,90.74,20.11
2023-06-26 22:00,6,22,Weekday,Summer,No,82.86,88.65,20.7
2023-06-26 23:00,6,23,Weekday,Summer,No,80.26,89.74,21.66
2023-06-27 00:00,6,0,Weekday,Summer,No,78.46,88.64,20.3
2023-06-27 01:00,6,1,Weekday,Summer,No,75.67,87.25,18.73
2023-06-27 02:00,6,2,Weekday,Summer,No,73.42,87.21,19.68
2023-06-27 03:00,6,3,Weekday,Summer,No,72.41,86.42,16.57
2023-06-27 04:00,6,4,Weekday,Summer,No,71.44,87.84,14.22
2023-06-27 05:00,6,5,Weekday,Summer,No,72.22,85.89,19.33
2023-06-27 06:00,6,6,Weekday,Summer,No,73.04,87.66,16.08
2023-06-27 07:00,6,7,Weekday,Summer,No,75.35,87.29,19.42
2023-06-27 08:00,6,8,Weekday,Summer,Yes,81.1,91.66,20.82
2023-06-27 09:00,6,9,Weekday,Summer,Yes,86.96,90.75,26.53
2023-06-27 10:00,6,10,Weekday,Summer,Yes,89.58,91.87,24.98
2023-06-27 11:00,6,11,Weekday,Summer,Yes,91.74,92.43,28.6
2023-06-27 12:00,6,12,Weekday,Summer,Yes,94.18,92.75,27.91
2023-06-27 13:00,6,13,Weekday,Summer,Yes,95.0,93.11,29.49
2023-06-27 14:00,6,14,Weekday,Summer,Yes,96.16,92.95,28.75
2023-06-27 15:00,6,15,Weekday,Summer,Yes,96.98,93.9,27.53
2023-06-27 16:00,6,16,Weekday,Summer,Yes,97.61,94.07,29.29
2023-06-27 17:00,6,17,Weekday,Summer,Yes,97.43,94.93,29.1
2023-06-27 18:00,6,18,Weekday,Summer,No,96.46,92.83,27.09
2023-06-27 19:00,6,19,Weekday,Summer,No,93.66,92.7,20.4
2023-06-27 20:00,6,20,Weekday,Summer,No,90.26,93.15,20.78
2023-06-27 21:00,6,21,Weekday,Summer,No,87.9,92.49,24.1
2023-06-27 22:00,6,22,Weekday,Summer,No,84.66,90.6,21.04
2023-06-27 23:00,6,23,Weekday,Summer,No,81.26,91.03,14.77
2023-06-28 00:00,6,0,Weekday,Summer,No,79.43,89.68,20.52
2023-06-28 01:00,6,1,Weekday,Summer,No,78.98,90.16,21.25
2023-06-28 02:00,6,2,Weekday,Summer,No,77.82,88.89,20.66
2023-06-28 03:00,6,3,Weekday,Summer,No,75.22,88.49,16.54
2023-06-28 04:00,6,4,Weekday,Summer,No,72.78,87.05,20.14
2023-06-28 05:00,6,5,Weekday,Summer,No,71.96,87.91,12.98
2023-06-28 06:00,6,6,Weekday,Summer,No,73.74,86.63,18.19
2023-06-28 07:00,6,7,Weekday,Summer,No,79.01,88.25,21.95
2023-06-28 08:00,6,8,Weekday,Summer,Yes,85.32,90.45,23.6
2023-06-28 09:00,6,9,Weekday,Summer,Yes,90.22,92.28,25.8
2023-06-28 10:00,6,10,Weekday,Summer,Yes,94.35,92.96,23.47
2023-06-28 11:00,6,11,Weekday,Summer,Yes,97.76,93.12,30.64
2023-06-28 12:00,6,12,Weekday,Summer,Yes,100.12,95.16,30.44
2023-06-28 13:00,6,13,Weekday,Summer,Yes,101.57,95.22,34.31
2023-06-28 14:00,6,14,Weekday,Summer,Yes,102.54,96.46,35.11
2023-06-28 15:00,6,15,Weekday,Summer,Yes,103.55,96.07,33.57
2023-06-28 16:00,6,16,Weekday,Summer,Yes,104.0,96.44,34.01
2023-06-28 17:00,6,17,Weekday,Summer,Yes,102.84,96.24,31.72
2023-06-28 18:00,6,18,Weekday,Summer,No,100.86,95.57,29.59
2023-06-28 19:00,6,19,Weekday,Summer,No,97.73,93.22,26.36
2023-06-28 20:00,6,20,Weekday,Summer,No,94.3,94.7,27.37
2023-06-28 21:00,6,21,Weekday,Summer,No,91.23,92.76,25.08
2023-06-28 22:00,6,22,Weekday,Summer,No,89.96,90.78,23.5
2023-06-28 23:00,6,23,Weekday,Summer,No,86.49,89.18,24.33
2023-06-29 00:00,6,0,Weekday,Summer,No,83.39,89.94,21.74
2023-06-29 01:00,6,1,Weekday,Summer,No,80.63,88.14,17.66
2023-06-29 02:00,6,2,Weekday,Summer,No,77.2,88.4,14.45
2023-06-29 03:00,6,3,Weekday,Summer,No,75.92,87.79,19.68
2023-06-29 04:00,6,4,Weekday,Summer,No,74.76,88.07,17.61
2023-06-29 05:00,6,5,Weekday,Summer,No,74.57,88.61,23.14
2023-06-29 06:00,6,6,Weekday,Summer,No,76.8,89.79,26.47
2023-06-29 07:00,6,7,Weekday,Summer,No,81.54,90.05,24.57
2023-06-29 08:00,6,8,Weekday,Summer,Yes,86.33,90.75,28.26
2023-06-29 09:00,6,9,Weekday,Summer,Yes,91.44,92.71,25.35
2023-06-29 10:00,6,10,Weekday,Summer,Yes,96.86,93.12,31.51
2023-06-29 11:00,6,11,Weekday,Summer,Yes,100.12,95.16,30.32
2023-06-29 12:00,6,12,Weekday,Summer,Yes,102.1,95.04,32.6
2023-06-29 13:00,6,13,Weekday,Summer,Yes,103.55,96.64,27.24
2023-06-29 14:00,6,14,Weekday,Summer,Yes,104.63,96.59,28.39
2023-06-29 15:00,6,15,Weekday,Summer,Yes,105.08,97.1,29.18
2023-06-29 16:00,6,16,Weekday,Summer,Yes,105.08,96.47,33.28
2023-06-29 17:00,6,17,Weekday,Summer,Yes,103.82,95.21,30.39
2023-06-29 18:00,6,18,Weekday,Summer,No,102.71,94.52,28.22
2023-06-29 19:00,6,19,Weekday,Summer,No,101.09,95.72,24.85
2023-06-29 20:00,6,20,Weekday,Summer,No,97.1,95.29,22.62
2023-06-29 21:00,6,21,Weekday,Summer,No,94.37,94.22,24.45
2023-06-29 22:00,6,22,Weekday,Summer,No,91.61,93.76,17.82
2023-06-29 23:00,6,23,Weekday,Summer,No,88.28,92.02,23.64
2023-06-30 00:00,6,0,Weekday,Summer,No,86.45,89.19,22.29
2023-06-30 01:00,6,1,Weekday,Summer,No,86.0,91.46,23.36
2023-06-30 02:00,6,2,Weekday,Summer,No,84.84,90.32,24.38
2023-06-30 03:00,6,3,Weekday,Summer,No,84.02,89.87,27.53
2023-06-30 04:00,6,4,Weekday,Summer,No,82.24,90.09,19.78
2023-06-30 05:00,6,5,Weekday,Summer,No,79.81,90.38,17.51
2023-06-30 06:00,6,6,Weekday,Summer,No,80.76,89.6,16.32
2023-06-30 07:00,6,7,Weekday,Summer,No,83.2,89.29,17.79
2023-06-30 08:00,6,8,Weekday,Summer,Yes,86.96,91.28,24.21
2023-06-30 09:00,6,9,Weekday,Summer,Yes,91.9,92.25,26.29
2023-06-30 10:00,6,10,Weekday,Summer,Yes,95.7,93.4,28.02
2023-06-30 11:00,6,11,Weekday,Summer,Yes,96.98,95.22,27.58
2023-06-30 12:00,6,12,Weekday,Summer,Yes,99.92,94.43,33.58
2023-06-30 13:00,6,13,Weekday,Summer,Yes,103.18,94.87,33.78
2023-06-30 14:00,6,14,Weekday,Summer,Yes,104.0,95.99,32.1
2023-06-30 15:00,6,15,Weekday,Summer,Yes,105.16,95.19,36.05
2023-06-30 16:00,6,16,Weekday,Summer,Yes,104.2,96.52,32.5
2023-06-30 17:00,6,17,Weekday,Summer,Yes,102.92,95.09,30.5
2023-06-30 18:00,6,18,Weekday,Summer,No,102.4,95.95,26.8
2023-06-30 19:00,6,19,Weekday,Summer,No,99.71,96.73,30.45
2023-06-30 20:00,6,20,Weekday,Summer,No,95.65,93.76,23.53
2023-06-30 21:00,6,21,Weekday,Summer,No,92.56,92.4,18.41
2023-06-30 22:00,6,22,Weekday,Summer,No,90.32,92.08,21.89
2023-06-30 23:00,6,23,Weekday,Summer,No,88.06,92.38,24.77
2023-07-01 00:00,7,0,Weekend,Summer,No,85.82,90.44,20.41
2023-07-01 01:00,7,1,Weekend,Summer,No,83.56,89.97,20.01
2023-07-01 02:00,7,2,Weekend,Summer,No,81.32,90.65,19.5
2023-07-01 03:00,7,3,Weekend,Summer,No,79.05,88.34,24.21
2023-07-01 04:00,7,4,Weekend,Summer,No,76.82,88.53,17.89
2023-07-01 05:00,7,5,Weekend,Summer,No,74.76,88.62,17.68
2023-07-01 06:00,7,6,Weekend,Summer,No,76.88,87.59,21.03
2023-07-01 07:00,7,7,Weekend,Summer,No,82.44,89.34,16.66
2023-07-01 08:00,7,8,Weekend,Summer,No,88.49,90.29,18.51
2023-07-01 09:00,7,9,Weekend,Summer,No,91.04,91.87,21.66
2023-07-01 10:00,7,10,Weekend,Summer,No,93.35,93.16,22.88
2023-07-01 11:00,7,11,Weekend,Summer,No,96.16,92.39,32.19
2023-07-01 12:00,7,12,Weekend,Summer,No,98.77,94.51,24.76
2023-07-01 13:00,7,13,Weekend,Summer,No,101.72,95.78,27.76
2023-07-01 14:00,7,14,Weekend,Summer,No,102.92,96.47,31.22
2023-07-01 15:00,7,15,Weekend,Summer,No,102.4,95.55,29.16
2023-07-01 16:00,7,16,Weekend,Summer,No,102.54,97.31,29.51
2023-07-01 17:00,7,17,Weekend,Summer,No,101.76,95.79,22.78
2023-07-01 18:00,7,18,Weekend,Summer,No,99.78,96.17,30.55
2023-07-01 19:00,7,19,Weekend,Summer,No,97.28,93.76,23.19
2023-07-01 20:00,7,20,Weekend,Summer,No,94.82,92.75,25.46
2023-07-01 21:00,7,21,Weekend,Summer,No,93.4,93.85,23.91
2023-07-01 22:00,7,22,Weekend,Summer,No,90.71,92.36,24.78
2023-07-01 23:00,7,23,Weekend,Summer,No,87.9,91.52,22.1
2023-07-02 00:00,7,0,Weekend,Summer,No,85.82,91.22,19.42
2023-07-02 01:00,7,1,Weekend,Summer,No,82.61,89.62,24.4
2023-07-02 02:00,7,2,Weekend,Summer,No,79.81,90.0,20.62
2023-07-02 03:00,7,3,Weekend,Summer,No,78.46,88.43,21.66
2023-07-02 04:00,7,4,Weekend,Summer,No,77.45,89.81,15.43
2023-07-02 05:00,7,5,Weekend,Summer,No,77.0,89.74,21.54
2023-07-02 06:00,7,6,Weekend,Summer,No,79.94,90.15,19.31
2023-07-02 07:00,7,7,Weekend,Summer,No,84.98,90.37,23.2
2023-07-02 08:00,7,8,Weekend,Summer,No,89.92,92.89,23.98
2023-07-02 09:00,7,9,Weekend,Summer,No,94.35,93.16,24.23
2023-07-02 10:00,7,10,Weekend,Summer,No,96.6,93.71,27.39
2023-07-02 11:00,7,11,Weekend,Summer,No,98.77,95.02,24.77
2023-07-02 12:00,7,12,Weekend,Summer,No,101.72,96.36,26.74
2023-07-02 13:00,7,13,Weekend,Summer,No,102.92,95.68,30.36
2023-07-02 14:00,7,14,Weekend,Summer,No,103.55,96.26,29.8
2023-07-02 15:00,7,15,Weekend,Summer,No,103.37,94.48,32.19
2023-07-02 16:00,7,16,Weekend,Summer,No,102.4,95.99,29.38
2023-07-02 17:00,7,17,Weekend,Summer,No,102.02,96.49,29.43
2023-07-02 18:00,7,18,Weekend,Summer,No,99.08,94.93,27.5
2023-07-02 19:00,7,19,Weekend,Summer,No,95.2,94.12,22.57
2023-07-02 20:00,7,20,Weekend,Summer,No,92.24,92.12,25.14
2023-07-02 21:00,7,21,Weekend,Summer,No,89.88,92.49,22.67
2023-07-02 22:00,7,22,Weekend,Summer,No,88.43,91.79,20.25
2023-07-02 23:00,7,23,Weekend,Summer,No,87.46,92.38,22.91
2023-07-03 00:00,7,0,Weekday,Summer,No,85.82,91.84,26.46
2023-07-03 01:00,7,1,Weekday,Summer,No,82.61,89.15,21.8
2023-07-03 02:00,7,2,Weekday,Summer,No,79.28,89.16,18.06
2023-07-03 03:00,7,3,Weekday,Summer,No,79.24,87.89,16.41
2023-07-03 04:00,7,4,Weekday,Summer,No,78.9,89.73,19.06
2023-07-03 05:00,7,5,Weekday,Summer,No,77.45,89.48,19.36
2023-07-03 06:00,7,6,Weekday,Summer,No,80.46,88.59,20.04
2023-07-03 07:00,7,7,Weekday,Summer,No,85.36,90.29,19.49
2023-07-03 08:00,7,8,Weekday,Summer,Yes,89.39,90.98,22.55
2023-07-03 09:00,7,9,Weekday,Summer,Yes,92.72,91.64,30.91
2023-07-03 10:00,7,10,Weekday,Summer,Yes,95.18,93.24,28.35
2023-07-03 11:00,7,11,Weekday,Summer,Yes,97.24,94.29,29.96
2023-07-03 12:00,7,12,Weekday,Summer,Yes,100.37,94.64,25.96
2023-07-03 13:00,7,13,Weekday,Summer,Yes,102.54,94.8,26.96
2023-07-03 14:00,7,14,Weekday,Summer,Yes,103.55,95.69,34.35
2023-07-03 15:00,7,15,Weekday,Summer,Yes,102.84,94.82,31.57
2023-07-03 16:00,7,16,Weekday,Summer,Yes,102.54,95.06,29.35
2023-07-03 17:00,7,17,Weekday,Summer,Yes,101.24,95.52,28.7
2023-07-03 18:00,7,18,Weekday,Summer,No,99.41,95.35,23.93
2023-07-03 19:00,7,19,Weekday,Summer,No,97.28,95.6,25.2
2023-07-03 20:00,7,20,Weekday,Summer,No,94.82,94.3,31.39
2023-07-03 21:00,7,21,Weekday,Summer,No,92.76,91.13,24.07
2023-07-03 22:00,7,22,Weekday,Summer,No,91.94,91.94,25.39
2023-07-03 23:00,7,23,Weekday,Summer,No,90.26,92.24,22.13
2023-07-04 00:00,7,0,Weekday,Summer,No,88.43,91.3,23.82
2023-07-04 01:00,7,1,Weekday,Summer,No,86.82,91.28,21.93
2023-07-04 02:00,7,2,Weekday,Summer,No,84.84,90.05,22.75
2023-07-04 03:00,7,3,Weekday,Summer,No,82.86,90.06,22.66
2023-07-04 04:00,7,4,Weekday,Summer,No,81.41,89.99,16.01
2023-07-04 05:00,7,5,Weekday,Summer,No,82.12,90.81,22.44
2023-07-04 06:00,7,6,Weekday,Summer,No,81.78,88.91,19.74
2023-07-04 07:00,7,7,Weekday,Summer,No,84.53,92.7,24.85
2023-07-04 08:00,7,8,Weekday,Summer,Yes,86.45,90.85,26.74
2023-07-04 09:00,7,9,Weekday,Summer,Yes,87.78,92.9,27.74
2023-07-04 10:00,7,10,Weekday,Summer,Yes,90.74,92.22,26.82
2023-07-04 11:00,7,11,Weekday,Summer,Yes,93.72,92.55,26.43
2023-07-04 12:00,7,12,Weekday,Summer,Yes,94.37,93.31,26.02
2023-07-04 13:00,7,13,Weekday,Summer,Yes,93.92,93.2,33.01
2023-07-04 14:00,7,14,Weekday,Summer,Yes,94.55,93.67,30.53
2023-07-04 15:00,7,15,Weekday,Summer,Yes,94.37,93.42,27.97
2023-07-04 16:00,7,16,Weekday,Summer,Yes,94.55,91.62,28.85
2023-07-04 17:00,7,17,Weekday,Summer,Yes,95.63,93.32,28.76
2023-07-04 18:00,7,18,Weekday,Summer,No,96.08,93.79,26.06
2023-07-04 19:00,7,19,Weekday,Summer,No,94.3,94.35,25.47
2023-07-04 20:00,7,20,Weekday,Summer,No,91.86,92.51,26.46
2023-07-04 21:00,7,21,Weekday,Summer,No,89.88,91.13,24.52
2023-07-04 22:00,7,22,Weekday,Summer,No,88.43,92.7,20.14
2023-07-04 23:00,7,23,Weekday,Summer,No,87.98,91.69,24.53
2023-07-05 00:00,7,0,Weekday,Summer,No,87.46,90.73,24.25
2023-07-05 01:00,7,1,Weekday,Summer,No,86.45,90.25,21.94
2023-07-05 02:00,7,2,Weekday,Summer,No,84.22,91.3,25.77
2023-07-05 03:00,7,3,Weekday,Summer,No,82.42,89.47,20.06
2023-07-05 04:00,7,4,Weekday,Summer,No,82.04,89.31,24.3
2023-07-05 05:00,7,5,Weekday,Summer,No,82.04,90.36,19.96
2023-07-05 06:00,7,6,Weekday,Summer,No,83.72,89.57,24.03
2023-07-05 07:00,7,7,Weekday,Summer,No,84.92,89.78,23.69
2023-07-05 08:00,7,8,Weekday,Summer,Yes,89.02,91.11,18.83
2023-07-05 09:00,7,9,Weekday,Summer,Yes,91.42,92.14,32.51
2023-07-05 10:00,7,10,Weekday,Summer,Yes,92.2,91.69,27.97
2023-07-05 11:00,7,11,Weekday,Summer,Yes,94.8,93.06,25.6
2023-07-05 12:00,7,12,Weekday,Summer,Yes,97.24,92.76,26.2
2023-07-05 13:00,7,13,Weekday,Summer,Yes,99.74,95.85,30.75
2023-07-05 14:00,7,14,Weekday,Summer,Yes,100.42,94.58,29.72
2023-07-05 15:00,7,15,Weekday,Summer,Yes,101.72,94.76,31.5
2023-07-05 16:00,7,16,Weekday,Summer,Yes,101.24,93.73,34.22
2023-07-05 17:00,7,17,Weekday,Summer,Yes,100.04,94.82,30.44
2023-07-05 18:00,7,18,Weekday,Summer,No,99.41,95.75,32.99
2023-07-05 19:00,7,19,Weekday,Summer,No,97.8,93.23,24.81
2023-07-05 20:00,7,20,Weekday,Summer,No,96.46,94.53,29.77
2023-07-05 21:00,7,21,Weekday,Summer,No,94.3,94.46,24.04
2023-07-05 22:00,7,22,Weekday,Summer,No,91.86,93.13,24.88
2023-07-05 23:00,7,23,Weekday,Summer,No,89.88,93.25,25.25
2023-07-06 00:00,7,0,Weekday,Summer,No,89.06,91.4,22.16
2023-07-06 01:00,7,1,Weekday,Summer,No,87.9,91.25,25.42
2023-07-06 02:00,7,2,Weekday,Summer,No,86.45,92.09,20.83
2023-07-06 03:00,7,3,Weekday,Summer,No,84.84,91.13,22.84
2023-07-06 04:00,7,4,Weekday,Summer,No,82.24,90.49,22.27
2023-07-06 05:00,7,5,Weekday,Summer,No,80.44,89.41,20.25
2023-07-06 06:00,7,6,Weekday,Summer,No,81.74,89.89,16.33
2023-07-06 07:00,7,7,Weekday,Summer,No,86.51,92.05,23.71
2023-07-06 08:00,7,8,Weekday,Summer,Yes,90.22,91.21,25.1
2023-07-06 09:00,7,9,Weekday,Summer,Yes,92.72,91.54,29.32
2023-07-06 10:00,7,10,Weekday,Summer,Yes,95.7,94.28,31.56
2023-07-06 11:00,7,11,Weekday,Summer,Yes,98.14,94.03,27.96
2023-07-06 12:00,7,12,Weekday,Summer,Yes,100.74,97.09,32.05
2023-07-06 13:00,7,13,Weekday,Summer,Yes,102.02,95.28,28.14
2023-07-06 14:00,7,14,Weekday,Summer,Yes,104.33,96.82,29.41
2023-07-06 15:00,7,15,Weekday,Summer,Yes,105.46,98.01,35.94
2023-07-06 16:00,7,16,Weekday,Summer,Yes,104.45,95.94,28.86
2023-07-06 17:00,7,17,Weekday,Summer,Yes,102.84,96.07,34.02
2023-07-06 18:00,7,18,Weekday,Summer,No,100.86,97.32,24.93
2023-07-06 19:00,7,19,Weekday,Summer,No,98.88,94.21,30.41
2023-07-06 20:00,7,20,Weekday,Summer,No,96.9,93.94,19.92
2023-07-06 21:00,7,21,Weekday,Summer,No,95.45,93.4,23.87
2023-07-06 22:00,7,22,Weekday,Summer,No,90.9,92.94,25.51
2023-07-06 23:00,7,23,Weekday,Summer,No,86.2,89.54,23.77
2023-07-07 00:00,7,0,Weekday,Summer,No,84.4,90.97,22.71
2023-07-07 01:00,7,1,Weekday,Summer,No,83.39,89.6,22.45
2023-07-07 02:00,7,2,Weekday,Summer,No,82.42,91.3,18.31
2023-07-07 03:00,7,3,Weekday,Summer,No,80.88,88.41,20.11
2023-07-07 04:00,7,4,Weekday,Summer,No,80.06,89.13,21.71
2023-07-07 05:00,7,5,Weekday,Summer,No,78.9,88.16,21.66
2023-07-07 06:00,7,6,Weekday,Summer,No,79.24,89.26,17.74
2023-07-07 07:00,7,7,Weekday,Summer,No,82.9,89.63,18.74
2023-07-07 08:00,7,8,Weekday,Summer,Yes,86.7,90.55,24.48
2023-07-07 09:00,7,9,Weekday,Summer,Yes,90.29,92.6,25.03
2023-07-07 10:00,7,10,Weekday,Summer,Yes,93.1,93.94,28.31
2023-07-07 11:00,7,11,Weekday,Summer,Yes,96.34,93.27,26.63
2023-07-07 12:00,7,12,Weekday,Summer,Yes,98.58,94.51,27.69
2023-07-07 13:00,7,13,Weekday,Summer,Yes,100.74,92.55,26.28
2023-07-07 14:00,7,14,Weekday,Summer,Yes,102.02,94.86,27.4
2023-07-07 15:00,7,15,Weekday,Summer,Yes,102.54,95.62,34.05
2023-07-07 16:00,7,16,Weekday,Summer,Yes,102.4,94.79,28.74
2023-07-07 17:00,7,17,Weekday,Summer,Yes,101.39,94.48,30.04
2023-07-07 18:00,7,18,Weekday,Summer,No,99.26,94.85,30.56
2023-07-07 19:00,7,19,Weekday,Summer,No,90.4,91.62,18.55
2023-07-07 20:00,7,20,Weekday,Summer,No,84.4,89.2,20.31
2023-07-07 21:00,7,21,Weekday,Summer,No,83.39,90.12,23.4
2023-07-07 22:00,7,22,Weekday,Summer,No,82.94,90.66,22.04
2023-07-07 23:00,7,23,Weekday,Summer,No,82.94,89.64,19.53
2023-07-08 00:00,7,0,Weekend,Summer,No,81.26,90.19,20.61
2023-07-08 01:00,7,1,Weekend,Summer,No,79.43,90.2,18.91
2023-07-08 02:00,7,2,Weekend,Summer,No,79.61,89.57,18.11
2023-07-08 03:00,7,3,Weekend,Summer,No,79.43,90.63,19.81
2023-07-08 04:00,7,4,Weekend,Summer,No,78.98,88.23,21.84
2023-07-08 05:00,7,5,Weekend,Summer,No,78.46,87.97,23.19
2023-07-08 06:00,7,6,Weekend,Summer,No,78.6,88.11,17.13
2023-07-08 07:00,7,7,Weekend,Summer,No,81.29,89.86,21.19
2023-07-08 08:00,7,8,Weekend,Summer,No,84.1,90.92,21.9
2023-07-08 09:00,7,9,Weekend,Summer,No,89.02,91.81,23.15
2023-07-08 10:00,7,10,Weekend,Summer,No,94.35,94.28,24.25
2023-07-08 11:00,7,11,Weekend,Summer,No,97.24,92.91,26.82
2023-07-08 12:00,7,12,Weekend,Summer,No,99.22,95.32,25.58
2023-07-08 13:00,7,13,Weekend,Summer,No,101.2,95.87,28.32
2023-07-08 14:00,7,14,Weekend,Summer,No,103.18,95.27,31.56
2023-07-08 15:00,7,15,Weekend,Summer,No,104.0,95.42,27.32
2023-07-08 16:00,7,16,Weekend,Summer,No,103.37,95.16,26.92
2023-07-08 17:00,7,17,Weekend,Summer,No,102.4,95.24,27.81
2023-07-08 18:00,7,18,Weekend,Summer,No,100.86,95.04,27.48
2023-07-08 19:00,7,19,Weekend,Summer,No,95.94,94.63,27.68
2023-07-08 20:00,7,20,Weekend,Summer,No,87.77,91.11,20.72
2023-07-08 21:00,7,21,Weekend,Summer,No,82.24,88.01,22.59
2023-07-08 22:00,7,22,Weekend,Summer,No,80.96,89.29,20.99
2023-07-08 23:00,7,23,Weekend,Summer,No,80.44,89.93,18.0
2023-07-09 00:00,7,0,Weekend,Summer,No,80.06,89.6,23.92
2023-07-09 01:00,7,1,Weekend,Summer,No,79.43,88.98,19.81
2023-07-09 02:00,7,2,Weekend,Summer,No,78.98,89.39,18.57
2023-07-09 03:00,7,3,Weekend,Summer,No,78.46,88.82,21.23
2023-07-09 04:00,7,4,Weekend,Summer,No,77.45,87.17,20.46
2023-07-09 05:00,7,5,Weekend,Summer,No,77.0,89.12,23.06
2023-07-09 06:00,7,6,Weekend,Summer,No,77.63,88.71,20.73
2023-07-09 07:00,7,7,Weekend,Summer,No,82.07,90.09,23.44
2023-07-09 08:00,7,8,Weekend,Summer,No,87.34,92.4,24.55
2023-07-09 09:00,7,9,Weekend,Summer,No,90.22,91.35,21.83
2023-07-09 10:00,7,10,Weekend,Summer,No,92.72,94.53,24.09
2023-07-09 11:00,7,11,Weekend,Summer,No,96.34,94.7,26.78
2023-07-09 12:00,7,12,Weekend,Summer,No,99.22,94.78,22.57
2023-07-09 13:00,7,13,Weekend,Summer,No,101.2,95.44,26.79
2023-07-09 14:00,7,14,Weekend,Summer,No,102.54,95.46,28.42
2023-07-09 15:00,7,15,Weekend,Summer,No,103.55,96.32,26.28
2023-07-09 16:00,7,16,Weekend,Summer,No,100.54,96.84,28.71
2023-07-09 17:00,7,17,Weekend,Summer,No,88.72,92.07,26.26
2023-07-09 18:00,7,18,Weekend,Summer,No,79.73,89.33,19.92
2023-07-09 19:00,7,19,Weekend,Summer,No,76.3,88.17,22.09
2023-07-09 20:00,7,20,Weekend,Summer,No,75.02,89.24,19.96
2023-07-09 21:00,7,21,Weekend,Summer,No,75.02,87.47,20.11
2023-07-09 22:00,7,22,Weekend,Summer,No,74.39,87.94,19.83
2023-07-09 23:00,7,23,Weekend,Summer,No,74.57,87.83,20.93
2023-07-10 00:00,7,0,Weekday,Summer,No,73.86,88.06,18.18
2023-07-10 01:00,7,1,Weekday,Summer,No,73.04,86.57,22.72
2023-07-10 02:00,7,2,Weekday,Summer,No,73.04,87.13,18.74
2023-07-10 03:00,7,3,Weekday,Summer,No,72.41,87.69,18.94
2023-07-10 04:00,7,4,Weekday,Summer,No,72.59,88.66,17.21
2023-07-10 05:00,7,5,Weekday,Summer,No,72.41,87.86,17.76
2023-07-10 06:00,7,6,Weekday,Summer,No,74.9,86.91,16.28
2023-07-10 07:00,7,7,Weekday,Summer,No,79.31,90.3,21.37
2023-07-10 08:00,7,8,Weekday,Summer,Yes,83.9,89.42,24.86
2023-07-10 09:00,7,9,Weekday,Summer,Yes,87.78,92.13,31.15
2023-07-10 10:00,7,10,Weekday,Summer,Yes,90.22,92.07,23.71
2023-07-10 11:00,7,11,Weekday,Summer,Yes,91.56,93.69,25.53
2023-07-10 12:00,7,12,Weekday,Summer,Yes,93.72,92.77,34.94
2023-07-10 13:00,7,13,Weekday,Summer,Yes,97.31,94.87,29.2
2023-07-10 14:00,7,14,Weekday,Summer,Yes,99.59,95.7,31.55
2023-07-10 15:00,7,15,Weekday,Summer,Yes,100.04,93.78,30.49
2023-07-10 16:00,7,16,Weekday,Summer,Yes,100.04,95.1,30.17
2023-07-10 17:00,7,17,Weekday,Summer,Yes,94.79,93.45,30.63
2023-07-10 18:00,7,18,Weekday,Summer,No,88.1,92.28,24.29
2023-07-10 19:00,7,19,Weekday,Summer,No,83.06,90.35,23.38
2023-07-10 20:00,7,20,Weekday,Summer,No,75.18,87.71,17.82
2023-07-10 21:00,7,21,Weekday,Summer,No,71.58,86.53,16.62
2023-07-10 22:00,7,22,Weekday,Summer,No,71.96,86.89,19.34
2023-07-10 23:00,7,23,Weekday,Summer,No,71.96,87.41,20.96
2023-07-11 00:00,7,0,Weekday,Summer,No,71.44,88.9,16.55
2023-07-11 01:00,7,1,Weekday,Summer,No,71.06,85.7,14.04
2023-07-11 02:00,7,2,Weekday,Summer,No,71.58,86.12,19.51
2023-07-11 03:00,7,3,Weekday,Summer,No,71.96,86.24,15.42
2023-07-11 04:00,7,4,Weekday,Summer,No,71.44,87.22,15.18
2023-07-11 05:00,7,5,Weekday,Summer,No,71.06,86.72,21.34
2023-07-11 06:00,7,6,Weekday,Summer,No,72.74,88.34,17.43
2023-07-11 07:00,7,7,Weekday,Summer,No,75.72,87.48,14.13
2023-07-11 08:00,7,8,Weekday,Summer,Yes,78.78,87.73,19.59
2023-07-11 09:00,7,9,Weekday,Summer,Yes,82.9,90.65,26.78
2023-07-11 10:00,7,10,Weekday,Summer,Yes,86.18,91.66,21.8
2023-07-11 11:00,7,11,Weekday,Summer,Yes,88.23,91.48,21.45
2023-07-11 12:00,7,12,Weekday,Summer,Yes,91.37,92.59,25.72
2023-07-11 13:00,7,13,Weekday,Summer,Yes,94.18,90.02,33.61
2023-07-11 14:00,7,14,Weekday,Summer,Yes,95.0,94.38,29.67
2023-07-11 15:00,7,15,Weekday,Summer,Yes,96.16,94.34,30.39
2023-07-11 16:00,7,16,Weekday,Summer,Yes,96.46,94.06,28.82
2023-07-11 17:00,7,17,Weekday,Summer,Yes,96.08,94.13,31.08
2023-07-11 18:00,7,18,Weekday,Summer,No,93.66,93.61,19.96
2023-07-11 19:00,7,19,Weekday,Summer,No,90.78,91.47,25.37
2023-07-11 20:00,7,20,Weekday,Summer,No,88.8,90.95,24.89
2023-07-11 21:00,7,21,Weekday,Summer,No,86.82,91.46,21.21
2023-07-11 22:00,7,22,Weekday,Summer,No,84.22,90.61,24.55
2023-07-11 23:00,7,23,Weekday,Summer,No,81.78,89.56,25.54
2023-07-12 00:00,7,0,Weekday,Summer,No,80.44,89.83,16.82
2023-07-12 01:00,7,1,Weekday,Summer,No,79.43,88.71,18.66
2023-07-12 02:00,7,2,Weekday,Summer,No,77.82,89.25,20.16
2023-07-12 03:00,7,3,Weekday,Summer,No,77.0,89.53,15.57
2023-07-12 04:00,7,4,Weekday,Summer,No,75.84,87.11,20.3
2023-07-12 05:00,7,5,Weekday,Summer,No,74.39,87.48,18.46
2023-07-12 06:00,7,6,Weekday,Summer,No,75.1,87.85,15.35
2023-07-12 07:00,7,7,Weekday,Summer,No,79.49,89.47,19.45
2023-07-12 08:00,7,8,Weekday,Summer,Yes,84.35,90.57,25.66
2023-07-12 09:00,7,9,Weekday,Summer,Yes,87.78,91.29,27.69
2023-07-12 10:00,7,10,Weekday,Summer,Yes,91.37,91.96,25.62
2023-07-12 11:00,7,11,Weekday,Summer,Yes,94.18,93.02,25.11
2023-07-12 12:00,7,12,Weekday,Summer,Yes,96.16,94.09,34.12
2023-07-12 13:00,7,13,Weekday,Summer,Yes,98.14,93.44,29.18
2023-07-12 14:00,7,14,Weekday,Summer,Yes,100.12,94.5,33.3
2023-07-12 15:00,7,15,Weekday,Summer,Yes,100.94,94.08,34.47
2023-07-12 16:00,7,16,Weekday,Summer,Yes,100.94,95.59,34.88
2023-07-12 17:00,7,17,Weekday,Summer,Yes,99.78,95.19,31.32
2023-07-12 18:00,7,18,Weekday,Summer,No,97.8,93.91,30.78
2023-07-12 19:00,7,19,Weekday,Summer,No,95.2,92.7,28.03
2023-07-12 20:00,7,20,Weekday,Summer,No,92.76,92.99,25.64
2023-07-12 21:00,7,21,Weekday,Summer,No,90.78,93.39,26.28
2023-07-12 22:00,7,22,Weekday,Summer,No,89.43,91.45,26.36
2023-07-12 23:00,7,23,Weekday,Summer,No,84.96,89.69,21.45
2023-07-13 00:00,7,0,Weekday,Summer,No,80.88,90.22,20.36
2023-07-13 01:00,7,1,Weekday,Summer,No,79.43,88.77,23.62
2023-07-13 02:00,7,2,Weekday,Summer,No,78.46,88.65,22.59
2023-07-13 03:00,7,3,Weekday,Summer,No,76.82,88.22,17.14
2023-07-13 04:00,7,4,Weekday,Summer,No,75.92,88.53,23.24
2023-07-13 05:00,7,5,Weekday,Summer,No,76.55,89.23,21.58
2023-07-13 06:00,7,6,Weekday,Summer,No,77.63,88.05,21.92
2023-07-13 07:00,7,7,Weekday,Summer,No,78.6,87.66,20.35
2023-07-13 08:00,7,8,Weekday,Summer,Yes,80.76,89.86,24.05
2023-07-13 09:00,7,9,Weekday,Summer,Yes,83.72,89.62,24.34
2023-07-13 10:00,7,10,Weekday,Summer,Yes,87.86,92.2,25.13
2023-07-13 11:00,7,11,Weekday,Summer,Yes,92.9,91.88,26.23
2023-07-13 12:00,7,12,Weekday,Summer,Yes,98.46,94.74,33.8
2023-07-13 13:00,7,13,Weekday,Summer,Yes,100.42,94.4,34.13
2023-07-13 14:00,7,14,Weekday,Summer,Yes,102.35,95.34,26.38
2023-07-13 15:00,7,15,Weekday,Summer,Yes,101.06,95.36,34.95
2023-07-13 16:00,7,16,Weekday,Summer,Yes,98.96,95.28,29.46
2023-07-13 17:00,7,17,Weekday,Summer,Yes,98.44,92.88,26.97
2023-07-13 18:00,7,18,Weekday,Summer,No,97.43,94.44,28.73
2023-07-13 19:00,7,19,Weekday,Summer,No,94.67,93.47,24.56
2023-07-13 20:00,7,20,Weekday,Summer,No,90.71,92.81,24.22
2023-07-13 21:00,7,21,Weekday,Summer,No,87.28,92.33,24.15
2023-07-13 22:00,7,22,Weekday,Summer,No,84.84,91.57,19.17
2023-07-13 23:00,7,23,Weekday,Summer,No,82.24,89.96,23.58
2023-07-14 00:00,7,0,Weekday,Summer,No,79.81,88.58,26.03
2023-07-14 01:00,7,1,Weekday,Summer,No,78.98,89.66,13.39
2023-07-14 02:00,7,2,Weekday,Summer,No,78.98,89.09,19.39
2023-07-14 03:00,7,3,Weekday,Summer,No,77.82,88.83,23.55
2023-07-14 04:00,7,4,Weekday,Summer,No,76.37,88.29,21.44
2023-07-14 05:00,7,5,Weekday,Summer,No,75.4,88.53,16.2
2023-07-14 06:00,7,6,Weekday,Summer,No,76.8,89.23,15.69
2023-07-14 07:00,7,7,Weekday,Summer,No,80.39,90.97,24.85
2023-07-14 08:00,7,8,Weekday,Summer,Yes,86.66,89.42,23.38
2023-07-14 09:00,7,9,Weekday,Summer,Yes,92.9,93.52,29.96
2023-07-14 10:00,7,10,Weekday,Summer,Yes,96.78,94.36,31.87
2023-07-14 11:00,7,11,Weekday,Summer,Yes,99.22,94.28,28.84
2023-07-14 12:00,7,12,Weekday,Summer,Yes,101.2,93.99,29.5
2023-07-14 13:00,7,13,Weekday,Summer,Yes,103.8,96.08,31.81
2023-07-14 14:00,7,14,Weekday,Summer,Yes,105.6,97.04,29.98
2023-07-14 15:00,7,15,Weekday,Summer,Yes,105.46,95.78,33.27
2023-07-14 16:00,7,16,Weekday,Summer,Yes,103.82,97.04,33.25
2023-07-14 17:00,7,17,Weekday,Summer,Yes,102.4,96.67,32.23
2023-07-14 18:00,7,18,Weekday,Summer,No,102.02,95.08,29.26
2023-07-14 19:00,7,19,Weekday,Summer,No,100.23,97.31,30.07
2023-07-14 20:00,7,20,Weekday,Summer,No,96.65,93.85,25.02
2023-07-14 21:00,7,21,Weekday,Summer,No,93.22,93.2,22.58
2023-07-14 22:00,7,22,Weekday,Summer,No,90.26,91.57,24.69
2023-07-14 23:00,7,23,Weekday,Summer,No,86.65,91.49,27.03
2023-07-15 00:00,7,0,Weekend,Summer,No,83.77,89.34,16.81
2023-07-15 01:00,7,1,Weekend,Summer,No,81.26,89.83,21.76
2023-07-15 02:00,7,2,Weekend,Summer,No,78.9,88.94,21.5
2023-07-15 03:00,7,3,Weekend,Summer,No,76.82,88.24,19.59
2023-07-15 04:00,7,4,Weekend,Summer,No,74.24,87.94,19.9
2023-07-15 05:00,7,5,Weekend,Summer,No,73.56,87.08,17.17
2023-07-15 06:00,7,6,Weekend,Summer,No,77.51,88.35,17.75
2023-07-15 07:00,7,7,Weekend,Summer,No,83.52,89.21,19.88
2023-07-15 08:00,7,8,Weekend,Summer,No,88.94,91.45,23.03
2023-07-15 09:00,7,9,Weekend,Summer,No,93.98,92.11,29.59
2023-07-15 10:00,7,10,Weekend,Summer,No,97.76,94.34,27.3
2023-07-15 11:00,7,11,Weekend,Summer,No,100.74,93.95,31.9
2023-07-15 12:00,7,12,Weekend,Summer,No,102.54,96.04,29.9
2023-07-15 13:00,7,13,Weekend,Summer,No,104.18,96.24,23.61
2023-07-15 14:00,7,14,Weekend,Summer,No,106.24,95.37,26.29
2023-07-15 15:00,7,15,Weekend,Summer,No,106.43,98.18,30.85
2023-07-15 16:00,7,16,Weekend,Summer,No,105.98,96.31,30.01
2023-07-15 17:00,7,17,Weekend,Summer,No,105.98,96.99,26.74
2023-07-15 18:00,7,18,Weekend,Summer,No,103.67,94.78,29.06
2023-07-15 19:00,7,19,Weekend,Summer,No,100.23,95.71,25.13
2023-07-15 20:00,7,20,Weekend,Summer,No,97.8,94.4,28.28
2023-07-15 21:00,7,21,Weekend,Summer,No,94.67,94.08,26.23
2023-07-15 22:00,7,22,Weekend,Summer,No,91.23,92.26,22.24
2023-07-15 23:00,7,23,Weekend,Summer,No,88.28,92.72,28.78
2023-07-16 00:00,7,0,Weekend,Summer,No,85.82,91.32,22.32
2023-07-16 01:00,7,1,Weekend,Summer,No,83.24,90.97,20.27
2023-07-16 02:00,7,2,Weekend,Summer,No,80.88,88.89,19.92
2023-07-16 03:00,7,3,Weekend,Summer,No,78.9,89.86,21.79
2023-07-16 04:00,7,4,Weekend,Summer,No,76.82,88.06,15.85
2023-07-16 05:00,7,5,Weekend,Summer,No,74.24,88.9,22.61
2023-07-16 06:00,7,6,Weekend,Summer,No,75.98,89.43,21.51
2023-07-16 07:00,7,7,Weekend,Summer,No,82.07,89.7,20.93
2023-07-16 08:00,7,8,Weekend,Summer,No,89.02,91.89,27.88
2023-07-16 09:00,7,9,Weekend,Summer,No,94.35,93.3,23.56
2023-07-16 10:00,7,10,Weekend,Summer,No,97.24,96.18,27.97
2023-07-16 11:00,7,11,Weekend,Summer,No,99.74,95.38,28.66
2023-07-16 12:00,7,12,Weekend,Summer,No,102.72,95.56,25.4
2023-07-16 13:00,7,13,Weekend,Summer,No,104.63,97.18,31.08
2023-07-16 14:00,7,14,Weekend,Summer,No,105.6,98.64,25.72
2023-07-16 15:00,7,15,Weekend,Summer,No,105.98,97.19,34.82
2023-07-16 16:00,7,16,Weekend,Summer,No,105.98,96.59,26.74
2023-07-16 17:00,7,17,Weekend,Summer,No,104.82,96.07,28.42
2023-07-16 18:00,7,18,Weekend,Summer,No,102.84,96.24,33.21
2023-07-16 19:00,7,19,Weekend,Summer,No,100.23,94.94,30.27
2023-07-16 20:00,7,20,Weekend,Summer,No,97.8,94.45,22.26
2023-07-16 21:00,7,21,Weekend,Summer,No,94.67,93.87,26.91
2023-07-16 22:00,7,22,Weekend,Summer,No,91.86,91.94,26.07
2023-07-16 23:00,7,23,Weekend,Summer,No,90.41,94.5,24.77
2023-07-17 00:00,7,0,Weekday,Summer,No,88.28,91.68,23.59
2023-07-17 01:00,7,1,Weekday,Summer,No,86.45,90.67,21.39
2023-07-17 02:00,7,2,Weekday,Summer,No,84.22,90.31,25.11
2023-07-17 03:00,7,3,Weekday,Summer,No,81.78,91.5,23.05
2023-07-17 04:00,7,4,Weekday,Summer,No,82.12,90.4,20.81
2023-07-17 05:00,7,5,Weekday,Summer,No,81.78,88.0,22.22
2023-07-17 06:00,7,6,Weekday,Summer,No,81.59,89.7,16.17
2023-07-17 07:00,7,7,Weekday,Summer,No,84.35,89.34,19.82
2023-07-17 08:00,7,8,Weekday,Summer,Yes,88.31,91.36,27.51
2023-07-17 09:00,7,9,Weekday,Summer,Yes,92.27,91.82,28.91
2023-07-17 10:00,7,10,Weekday,Summer,Yes,95.18,93.22,30.34
2023-07-17 11:00,7,11,Weekday,Summer,Yes,96.6,94.01,30.14
2023-07-17 12:00,7,12,Weekday,Summer,Yes,98.14,93.69,33.09
2023-07-17 13:00,7,13,Weekday,Summer,Yes,99.59,95.43,28.04
2023-07-17 14:00,7,14,Weekday,Summer,Yes,99.41,94.53,29.4
2023-07-17 15:00,7,15,Weekday,Summer,Yes,100.74,94.59,30.06
2023-07-17 16:00,7,16,Weekday,Summer,Yes,100.86,94.58,31.98
2023-07-17 17:00,7,17,Weekday,Summer,Yes,98.88,94.84,28.56
2023-07-17 18:00,7,18,Weekday,Summer,No,97.43,94.33,26.61
2023-07-17 19:00,7,19,Weekday,Summer,No,96.46,94.23,28.49
2023-07-17 20:00,7,20,Weekday,Summer,No,93.66,93.48,27.07
2023-07-17 21:00,7,21,Weekday,Summer,No,84.38,90.77,21.4
2023-07-17 22:00,7,22,Weekday,Summer,No,76.04,88.52,24.65
2023-07-17 23:00,7,23,Weekday,Summer,No,73.94,86.64,16.66
2023-07-18 00:00,7,0,Weekday,Summer,No,74.57,88.74,16.46
2023-07-18 01:00,7,1,Weekday,Summer,No,75.02,85.98,17.81
2023-07-18 02:00,7,2,Weekday,Summer,No,75.02,89.5,15.53
2023-07-18 03:00,7,3,Weekday,Summer,No,74.39,88.31,21.82
2023-07-18 04:00,7,4,Weekday,Summer,No,74.57,87.71,19.14
2023-07-18 05:00,7,5,Weekday,Summer,No,75.54,88.88,21.32
2023-07-18 06:00,7,6,Weekday,Summer,No,76.55,88.15,21.8
2023-07-18 07:00,7,7,Weekday,Summer,No,77.0,88.35,14.73
2023-07-18 08:00,7,8,Weekday,Summer,Yes,80.46,88.99,23.47
2023-07-18 09:00,7,9,Weekday,Summer,Yes,84.72,92.06,18.94
2023-07-18 10:00,7,10,Weekday,Summer,Yes,88.94,92.06,26.55
2023-07-18 11:00,7,11,Weekday,Summer,Yes,92.2,92.65,25.94
2023-07-18 12:00,7,12,Weekday,Summer,Yes,93.02,93.55,25.11
2023-07-18 13:00,7,13,Weekday,Summer,Yes,93.02,93.7,27.99
2023-07-18 14:00,7,14,Weekday,Summer,Yes,95.33,93.56,29.15
2023-07-18 15:00,7,15,Weekday,Summer,Yes,96.46,94.23,29.53
2023-07-18 16:00,7,16,Weekday,Summer,Yes,96.6,93.98,35.5
2023-07-18 17:00,7,17,Weekday,Summer,Yes,95.2,92.19,31.67
2023-07-18 18:00,7,18,Weekday,Summer,No,92.76,93.56,26.97
2023-07-18 19:00,7,19,Weekday,Summer,No,79.76,88.66,21.8
2023-07-18 20:00,7,20,Weekday,Summer,No,69.9,86.41,15.88
2023-07-18 21:00,7,21,Weekday,Summer,No,69.6,86.99,16.58
2023-07-18 22:00,7,22,Weekday,Summer,No,70.61,87.24,17.79
2023-07-18 23:00,7,23,Weekday,Summer,No,71.58,86.36,19.55
2023-07-19 00:00,7,0,Weekday,Summer,No,71.44,85.04,19.79
2023-07-19 01:00,7,1,Weekday,Summer,No,70.43,86.03,14.53
2023-07-19 02:00,7,2,Weekday,Summer,No,70.61,86.43,22.63
2023-07-19 03:00,7,3,Weekday,Summer,No,71.06,87.07,18.45
2023-07-19 04:00,7,4,Weekday,Summer,No,70.43,86.41,21.66
2023-07-19 05:00,7,5,Weekday,Summer,No,71.14,85.87,17.11
2023-07-19 06:00,7,6,Weekday,Summer,No,71.96,87.94,14.02
2023-07-19 07:00,7,7,Weekday,Summer,No,73.74,87.67,17.24
2023-07-19 08:00,7,8,Weekday,Summer,Yes,77.33,87.69,18.35
2023-07-19 09:00,7,9,Weekday,Summer,Yes,80.76,88.2,24.25
2023-07-19 10:00,7,10,Weekday,Summer,Yes,82.56,89.98,25.88
2023-07-19 11:00,7,11,Weekday,Summer,Yes,83.57,90.26,25.68
2023-07-19 12:00,7,12,Weekday,Summer,Yes,87.48,91.06,30.83
2023-07-19 13:00,7,13,Weekday,Summer,Yes,91.74,92.73,28.02
2023-07-19 14:00,7,14,Weekday,Summer,Yes,94.8,92.48,30.3
2023-07-19 15:00,7,15,Weekday,Summer,Yes,95.45,93.04,27.49
2023-07-19 16:00,7,16,Weekday,Summer,Yes,95.63,93.02,24.58
2023-07-19 17:00,7,17,Weekday,Summer,Yes,96.08,95.06,23.87
2023-07-19 18:00,7,18,Weekday,Summer,No,94.82,92.5,23.1
2023-07-19 19:00,7,19,Weekday,Summer,No,92.24,92.78,24.49
2023-07-19 20:00,7,20,Weekday,Summer,No,89.88,91.88,21.36
2023-07-19 21:00,7,21,Weekday,Summer,No,84.96,91.49,16.26
2023-07-19 22:00,7,22,Weekday,Summer,No,76.16,88.49,18.59
2023-07-19 23:00,7,23,Weekday,Summer,No,71.44,87.42,15.66
2023-07-20 00:00,7,0,Weekday,Summer,No,71.06,87.22,16.58
2023-07-20 01:00,7,1,Weekday,Summer,No,71.58,86.44,19.4
2023-07-20 02:00,7,2,Weekday,Summer,No,72.59,87.06,13.73
2023-07-20 03:00,7,3,Weekday,Summer,No,73.04,87.12,14.17
2023-07-20 04:00,7,4,Weekday,Summer,No,73.04,87.03,16.99
2023-07-20 05:00,7,5,Weekday,Summer,No,73.04,87.35,16.82
2023-07-20 06:00,7,6,Weekday,Summer,No,73.56,86.62,19.96
2023-07-20 07:00,7,7,Weekday,Summer,No,76.35,87.8,22.9
2023-07-20 08:00,7,8,Weekday,Summer,Yes,80.92,89.95,25.58
2023-07-20 09:00,7,9,Weekday,Summer,Yes,84.72,88.94,22.18
2023-07-20 10:00,7,10,Weekday,Summer,Yes,86.63,90.14,25.74
2023-07-20 11:00,7,11,Weekday,Summer,Yes,90.54,91.98,27.46
2023-07-20 12:00,7,12,Weekday,Summer,Yes,93.54,92.91,25.96
2023-07-20 13:00,7,13,Weekday,Summer,Yes,95.18,93.82,30.06
2023-07-20 14:00,7,14,Weekday,Summer,Yes,97.24,94.06,28.9
2023-07-20 15:00,7,15,Weekday,Summer,Yes,96.9,93.3,25.7
2023-07-20 16:00,7,16,Weekday,Summer,Yes,94.3,89.7,28.08
2023-07-20 17:00,7,17,Weekday,Summer,Yes,93.02,92.83,28.61
2023-07-20 18:00,7,18,Weekday,Summer,No,91.86,91.75,25.68
2023-07-20 19:00,7,19,Weekday,Summer,No,89.88,91.92,24.32
2023-07-20 20:00,7,20,Weekday,Summer,No,87.9,91.85,19.04
2023-07-20 21:00,7,21,Weekday,Summer,No,85.82,91.24,18.4
2023-07-20 22:00,7,22,Weekday,Summer,No,83.24,89.87,19.43
2023-07-20 23:00,7,23,Weekday,Summer,No,82.56,89.96,21.33
2023-07-21 00:00,7,0,Weekday,Summer,No,82.42,89.78,21.78
2023-07-21 01:00,7,1,Weekday,Summer,No,80.88,88.74,19.54
2023-07-21 02:00,7,2,Weekday,Summer,No,78.9,88.86,27.84
2023-07-21 03:00,7,3,Weekday,Summer,No,78.08,89.22,23.81
2023-07-21 04:00,7,4,Weekday,Summer,No,77.45,90.28,19.48
2023-07-21 05:00,7,5,Weekday,Summer,No,77.0,87.99,19.4
2023-07-21 06:00,7,6,Weekday,Summer,No,77.0,88.76,15.76
2023-07-21 07:00,7,7,Weekday,Summer,No,78.78,89.5,23.62
2023-07-21 08:00,7,8,Weekday,Summer,Yes,82.9,90.22,26.61
2023-07-21 09:00,7,9,Weekday,Summer,Yes,87.34,91.7,30.7
2023-07-21 10:00,7,10,Weekday,Summer,Yes,91.37,91.79,27.98
2023-07-21 11:00,7,11,Weekday,Summer,Yes,94.8,94.62,28.03
2023-07-21 12:00,7,12,Weekday,Summer,Yes,96.6,94.39,30.78
2023-07-21 13:00,7,13,Weekday,Summer,Yes,96.98,93.28,29.73
2023-07-21 14:00,7,14,Weekday,Summer,Yes,89.94,93.37,24.44
2023-07-21 15:00,7,15,Weekday,Summer,Yes,87.34,90.16,26.9
2023-07-21 16:00,7,16,Weekday,Summer,Yes,91.9,93.04,25.7
2023-07-21 17:00,7,17,Weekday,Summer,Yes,91.61,92.87,30.1
2023-07-21 18:00,7,18,Weekday,Summer,No,88.8,92.36,20.38
2023-07-21 19:00,7,19,Weekday,Summer,No,86.2,91.35,21.75
2023-07-21 20:00,7,20,Weekday,Summer,No,83.77,90.43,22.36
2023-07-21 21:00,7,21,Weekday,Summer,No,81.26,89.06,18.67
2023-07-21 22:00,7,22,Weekday,Summer,No,79.43,90.07,18.66
2023-07-21 23:00,7,23,Weekday,Summer,No,79.61,88.32,18.8
2023-07-22 00:00,7,0,Weekend,Summer,No,77.65,89.4,21.86
2023-07-22 01:00,7,1,Weekend,Summer,No,75.92,88.25,21.51
2023-07-22 02:00,7,2,Weekend,Summer,No,75.92,89.43,19.93
2023-07-22 03:00,7,3,Weekend,Summer,No,75.4,87.75,15.61
2023-07-22 04:00,7,4,Weekend,Summer,No,73.86,86.72,19.56
2023-07-22 05:00,7,5,Weekend,Summer,No,72.41,87.1,19.55
2023-07-22 06:00,7,6,Weekend,Summer,No,76.68,88.9,21.96
2023-07-22 07:00,7,7,Weekend,Summer,No,83.52,90.56,22.95
2023-07-22 08:00,7,8,Weekend,Summer,No,88.31,93.39,24.87
2023-07-22 09:00,7,9,Weekend,Summer,No,91.74,92.46,21.27
2023-07-22 10:00,7,10,Weekend,Summer,No,94.8,92.58,18.35
2023-07-22 11:00,7,11,Weekend,Summer,No,96.08,94.71,23.16
2023-07-22 12:00,7,12,Weekend,Summer,No,98.39,94.21,32.73
2023-07-22 13:00,7,13,Weekend,Summer,No,101.2,95.28,23.95
2023-07-22 14:00,7,14,Weekend,Summer,No,102.02,95.51,28.55
2023-07-22 15:00,7,15,Weekend,Summer,No,102.02,95.65,28.42
2023-07-22 16:00,7,16,Weekend,Summer,No,103.18,95.74,31.17
2023-07-22 17:00,7,17,Weekend,Summer,No,102.84,95.18,32.17
2023-07-22 18:00,7,18,Weekend,Summer,No,100.86,95.17,31.32
2023-07-22 19:00,7,19,Weekend,Summer,No,96.47,93.61,27.03
2023-07-22 20:00,7,20,Weekend,Summer,No,92.76,93.16,26.47
2023-07-22 21:00,7,21,Weekend,Summer,No,90.26,92.06,27.27
2023-07-22 22:00,7,22,Weekend,Summer,No,86.65,90.31,18.7
2023-07-22 23:00,7,23,Weekend,Summer,No,83.24,89.89,20.49
2023-07-23 00:00,7,0,Weekend,Summer,No,80.88,88.55,22.66
2023-07-23 01:00,7,1,Weekend,Summer,No,78.9,87.95,19.99
2023-07-23 02:00,7,2,Weekend,Summer,No,78.08,89.57,18.42
2023-07-23 03:00,7,3,Weekend,Summer,No,77.45,89.27,20.47
2023-07-23 04:00,7,4,Weekend,Summer,No,76.37,88.32,16.76
2023-07-23 05:00,7,5,Weekend,Summer,No,75.4,87.46,22.38
2023-07-23 06:00,7,6,Weekend,Summer,No,77.33,88.64,18.62
2023-07-23 07:00,7,7,Weekend,Summer,No,81.92,90.48,20.31
2023-07-23 08:00,7,8,Weekend,Summer,No,85.8,92.06,19.75
2023-07-23 09:00,7,9,Weekend,Summer,No,89.92,92.76,23.89
2023-07-23 10:00,7,10,Weekend,Summer,No,94.35,93.15,25.51
2023-07-23 11:00,7,11,Weekend,Summer,No,96.6,93.3,25.79
2023-07-23 12:00,7,12,Weekend,Summer,No,98.77,93.85,24.21
2023-07-23 13:00,7,13,Weekend,Summer,No,100.57,94.97,30.42
2023-07-23 14:00,7,14,Weekend,Summer,No,101.57,95.55,31.79
2023-07-23 15:00,7,15,Weekend,Summer,No,101.39,95.3,33.41
2023-07-23 16:00,7,16,Weekend,Summer,No,97.48,94.87,30.8
2023-07-23 17:00,7,17,Weekend,Summer,No,96.78,92.56,21.63
2023-07-23 18:00,7,18,Weekend,Summer,No,98.06,95.14,26.27
2023-07-23 19:00,7,19,Weekend,Summer,No,94.49,93.74,25.77
2023-07-23 20:00,7,20,Weekend,Summer,No,91.42,92.3,27.74
2023-07-23 21:00,7,21,Weekend,Summer,No,89.88,92.83,27.85
2023-07-23 22:00,7,22,Weekend,Summer,No,87.9,91.52,23.16
2023-07-23 23:00,7,23,Weekend,Summer,No,85.82,88.73,21.35
2023-07-24 00:00,7,0,Weekday,Summer,No,83.77,90.95,19.76
2023-07-24 01:00,7,1,Weekday,Summer,No,81.78,89.92,17.89
2023-07-24 02:00,7,2,Weekday,Summer,No,80.44,89.37,17.03
2023-07-24 03:00,7,3,Weekday,Summer,No,79.43,89.56,22.57
2023-07-24 04:00,7,4,Weekday,Summer,No,78.46,89.76,17.71
2023-07-24 05:00,7,5,Weekday,Summer,No,77.45,88.8,20.66
2023-07-24 06:00,7,6,Weekday,Summer,No,78.78,88.9,22.26
2023-07-24 07:00,7,7,Weekday,Summer,No,83.52,89.62,21.52
2023-07-24 08:00,7,8,Weekday,Summer,Yes,87.78,90.2,29.38
2023-07-24 09:00,7,9,Weekday,Summer,Yes,90.22,91.81,26.69
2023-07-24 10:00,7,10,Weekday,Summer,Yes,92.2,93.05,29.57
2023-07-24 11:00,7,11,Weekday,Summer,Yes,94.8,93.69,31.23
2023-07-24 12:00,7,12,Weekday,Summer,Yes,98.92,93.94,27.75
2023-07-24 13:00,7,13,Weekday,Summer,Yes,102.1,95.18,30.98
2023-07-24 14:00,7,14,Weekday,Summer,Yes,102.92,95.45,35.16
2023-07-24 15:00,7,15,Weekday,Summer,Yes,104.18,95.72,36.57
2023-07-24 16:00,7,16,Weekday,Summer,Yes,105.08,96.69,33.02
2023-07-24 17:00,7,17,Weekday,Summer,Yes,101.51,95.47,35.58
2023-07-24 18:00,7,18,Weekday,Summer,No,88.46,92.26,20.54
2023-07-24 19:00,7,19,Weekday,Summer,No,76.87,88.57,20.8
2023-07-24 20:00,7,20,Weekday,Summer,No,74.57,88.42,19.92
2023-07-24 21:00,7,21,Weekday,Summer,No,75.02,86.6,18.7
2023-07-24 22:00,7,22,Weekday,Summer,No,76.8,88.8,19.44
2023-07-24 23:00,7,23,Weekday,Summer,No,79.76,90.0,16.04
2023-07-25 00:00,7,0,Weekday,Summer,No,80.44,90.05,21.32
2023-07-25 01:00,7,1,Weekday,Summer,No,78.9,89.78,19.28
2023-07-25 02:00,7,2,Weekday,Summer,No,76.82,88.36,13.69
2023-07-25 03:00,7,3,Weekday,Summer,No,75.4,88.91,15.03
2023-07-25 04:00,7,4,Weekday,Summer,No,75.02,88.12,16.92
2023-07-25 05:00,7,5,Weekday,Summer,No,75.02,88.45,15.12
2023-07-25 06:00,7,6,Weekday,Summer,No,76.8,88.6,21.83
2023-07-25 07:00,7,7,Weekday,Summer,No,79.24,89.54,18.94
2023-07-25 08:00,7,8,Weekday,Summer,Yes,83.52,89.86,24.55
2023-07-25 09:00,7,9,Weekday,Summer,Yes,87.78,93.28,26.68
2023-07-25 10:00,7,10,Weekday,Summer,Yes,91.37,92.39,26.11
2023-07-25 11:00,7,11,Weekday,Summer,Yes,95.33,92.9,25.59
2023-07-25 12:00,7,12,Weekday,Summer,Yes,98.14,95.5,31.7
2023-07-25 13:00,7,13,Weekday,Summer,Yes,100.12,94.94,27.24
2023-07-25 14:00,7,14,Weekday,Summer,Yes,102.1,95.65,35.11
2023-07-25 15:00,7,15,Weekday,Summer,Yes,102.4,96.03,30.77
2023-07-25 16:00,7,16,Weekday,Summer,Yes,101.39,94.42,29.32
2023-07-25 17:00,7,17,Weekday,Summer,Yes,99.78,95.95,30.06
2023-07-25 18:00,7,18,Weekday,Summer,No,97.28,94.27,27.2
2023-07-25 19:00,7,19,Weekday,Summer,No,94.82,92.93,29.38
2023-07-25 20:00,7,20,Weekday,Summer,No,88.67,91.18,24.12
2023-07-25 21:00,7,21,Weekday,Summer,No,84.4,90.28,19.05
2023-07-25 22:00,7,22,Weekday,Summer,No,84.02,89.72,16.96
2023-07-25 23:00,7,23,Weekday,Summer,No,81.71,89.97,24.4
2023-07-26 00:00,7,0,Weekday,Summer,No,78.9,88.42,22.93
2023-07-26 01:00,7,1,Weekday,Summer,No,76.82,88.83,19.12
2023-07-26 02:00,7,2,Weekday,Summer,No,74.24,87.22,20.01
2023-07-26 03:00,7,3,Weekday,Summer,No,73.56,88.11,22.12
2023-07-26 04:00,7,4,Weekday,Summer,No,75.1,86.96,17.02
2023-07-26 05:00,7,5,Weekday,Summer,No,75.4,86.91,20.27
2023-07-26 06:00,7,6,Weekday,Summer,No,75.54,88.03,24.12
2023-07-26 07:00,7,7,Weekday,Summer,No,77.18,88.46,21.9
2023-07-26 08:00,7,8,Weekday,Summer,Yes,81.54,89.91,26.16
2023-07-26 09:00,7,9,Weekday,Summer,Yes,86.33,89.84,24.39
2023-07-26 10:00,7,10,Weekday,Summer,Yes,87.98,92.75,21.47
2023-07-26 11:00,7,11,Weekday,Summer,Yes,90.29,93.18,25.38
2023-07-26 12:00,7,12,Weekday,Summer,Yes,94.35,94.26,25.2
2023-07-26 13:00,7,13,Weekday,Summer,Yes,97.24,94.87,31.31
2023-07-26 14:00,7,14,Weekday,Summer,Yes,98.06,93.45,29.25
2023-07-26 15:00,7,15,Weekday,Summer,Yes,98.58,91.94,27.42
2023-07-26 16:00,7,16,Weekday,Summer,Yes,99.59,96.27,31.67
2023-07-26 17:00,7,17,Weekday,Summer,Yes,98.88,95.1,27.81
2023-07-26 18:00,7,18,Weekday,Summer,No,96.28,94.86,24.59
2023-07-26 19:00,7,19,Weekday,Summer,No,93.22,93.58,28.19
2023-07-26 20:00,7,20,Weekday,Summer,No,90.78,93.81,25.53
2023-07-26 21:00,7,21,Weekday,Summer,No,88.8,92.19,21.06
2023-07-26 22:00,7,22,Weekday,Summer,No,85.67,90.9,16.58
2023-07-26 23:00,7,23,Weekday,Summer,No,82.86,90.6,19.96
2023-07-27 00:00,7,0,Weekday,Summer,No,81.41,89.17,19.88
2023-07-27 01:00,7,1,Weekday,Summer,No,80.44,90.84,19.13
2023-07-27 02:00,7,2,Weekday,Summer,No,78.9,89.01,18.97
2023-07-27 03:00,7,3,Weekday,Summer,No,78.08,88.69,19.36
2023-07-27 04:00,7,4,Weekday,Summer,No,77.45,87.13,14.9
2023-07-27 05:00,7,5,Weekday,Summer,No,76.37,87.43,20.75
2023-07-27 06:00,7,6,Weekday,Summer,No,77.18,88.15,13.14
2023-07-27 07:00,7,7,Weekday,Summer,No,80.92,88.99,22.26
2023-07-27 08:00,7,8,Weekday,Summer,Yes,85.36,89.85,23.76
2023-07-27 09:00,7,9,Weekday,Summer,Yes,89.39,92.35,26.26
2023-07-27 10:00,7,10,Weekday,Summer,Yes,92.2,93.07,24.46
2023-07-27 11:00,7,11,Weekday,Summer,Yes,94.18,93.9,25.57
2023-07-27 12:00,7,12,Weekday,Summer,Yes,96.78,94.55,30.79
2023-07-27 13:00,7,13,Weekday,Summer,Yes,99.22,95.52,35.19
2023-07-27 14:00,7,14,Weekday,Summer,Yes,99.41,94.03,32.69
2023-07-27 15:00,7,15,Weekday,Summer,Yes,89.09,91.2,30.4
2023-07-27 16:00,7,16,Weekday,Summer,Yes,79.73,88.25,21.36
2023-07-27 17:00,7,17,Weekday,Summer,Yes,79.76,89.99,26.11
2023-07-27 18:00,7,18,Weekday,Summer,No,80.44,88.86,18.41
2023-07-27 19:00,7,19,Weekday,Summer,No,77.65,88.81,16.92
2023-07-27 20:00,7,20,Weekday,Summer,No,75.4,87.22,17.43
2023-07-27 21:00,7,21,Weekday,Summer,No,75.02,88.12,16.27
2023-07-27 22:00,7,22,Weekday,Summer,No,73.86,89.1,13.13
2023-07-27 23:00,7,23,Weekday,Summer,No,73.56,85.98,15.15
2023-07-28 00:00,7,0,Weekday,Summer,No,73.42,88.68,18.7
2023-07-28 01:00,7,1,Weekday,Summer,No,73.04,88.03,21.31
2023-07-28 02:00,7,2,Weekday,Summer,No,73.04,88.79,22.61
2023-07-28 03:00,7,3,Weekday,Summer,No,73.56,88.09,23.07
2023-07-28 04:00,7,4,Weekday,Summer,No,72.78,87.68,16.63
2023-07-28 05:00,7,5,Weekday,Summer,No,71.96,85.36,18.46
2023-07-28 06:00,7,6,Weekday,Summer,No,73.74,87.84,18.24
2023-07-28 07:00,7,7,Weekday,Summer,No,76.8,89.67,16.08
2023-07-28 08:00,7,8,Weekday,Summer,Yes,79.24,88.91,25.98
2023-07-28 09:00,7,9,Weekday,Summer,Yes,81.22,88.83,18.46
2023-07-28 10:00,7,10,Weekday,Summer,Yes,83.72,90.9,25.45
2023-07-28 11:00,7,11,Weekday,Summer,Yes,86.18,90.82,26.64
2023-07-28 12:00,7,12,Weekday,Summer,Yes,88.76,91.81,26.82
2023-07-28 13:00,7,13,Weekday,Summer,Yes,92.27,92.52,27.99
2023-07-28 14:00,7,14,Weekday,Summer,Yes,93.92,92.53,30.8
2023-07-28 15:00,7,15,Weekday,Summer,Yes,94.55,93.63,30.58
2023-07-28 16:00,7,16,Weekday,Summer,Yes,95.63,93.47,28.53
2023-07-28 17:00,7,17,Weekday,Summer,Yes,95.45,92.69,28.81
2023-07-28 18:00,7,18,Weekday,Summer,No,93.84,93.05,27.18
2023-07-28 19:00,7,19,Weekday,Summer,No,91.86,92.09,25.13
2023-07-28 20:00,7,20,Weekday,Summer,No,89.88,92.98,23.09
2023-07-28 21:00,7,21,Weekday,Summer,No,86.65,91.42,20.21
2023-07-28 22:00,7,22,Weekday,Summer,No,84.4,91.09,21.05
2023-07-28 23:00,7,23,Weekday,Summer,No,82.24,89.69,23.7
2023-07-29 00:00,7,0,Weekend,Summer,No,77.5,88.42,20.01
2023-07-29 01:00,7,1,Weekend,Summer,No,75.02,87.76,18.96
2023-07-29 02:00,7,2,Weekend,Summer,No,75.54,87.78,14.93
2023-07-29 03:00,7,3,Weekend,Summer,No,75.4,87.84,20.38
2023-07-29 04:00,7,4,Weekend,Summer,No,74.39,88.04,18.7
2023-07-29 05:00,7,5,Weekend,Summer,No,73.94,87.35,18.78
2023-07-29 06:00,7,6,Weekend,Summer,No,74.57,88.35,23.33
2023-07-29 07:00,7,7,Weekend,Summer,No,76.18,89.15,15.23
2023-07-29 08:00,7,8,Weekend,Summer,No,78.78,88.7,15.84
2023-07-29 09:00,7,9,Weekend,Summer,No,81.22,90.67,21.21
2023-07-29 10:00,7,10,Weekend,Summer,No,84.98,90.63,18.51
2023-07-29 11:00,7,11,Weekend,Summer,No,89.39,92.62,27.02
2023-07-29 12:00,7,12,Weekend,Summer,No,92.72,93.28,26.83
2023-07-29 13:00,7,13,Weekend,Summer,No,93.92,93.52,27.75
2023-07-29 14:00,7,14,Weekend,Summer,No,86.99,91.26,28.66
2023-07-29 15:00,7,15,Weekend,Summer,No,83.2,89.37,18.16
2023-07-29 16:00,7,16,Weekend,Summer,No,84.54,89.57,23.34
2023-07-29 17:00,7,17,Weekend,Summer,No,85.55,91.53,22.47
2023-07-29 18:00,7,18,Weekend,Summer,No,84.84,91.47,24.1
2023-07-29 19:00,7,19,Weekend,Summer,No,82.24,90.33,23.2
2023-07-29 20:00,7,20,Weekend,Summer,No,80.96,90.21,21.15
2023-07-29 21:00,7,21,Weekend,Summer,No,80.44,88.64,22.06
2023-07-29 22:00,7,22,Weekend,Summer,No,75.96,87.83,16.59
2023-07-29 23:00,7,23,Weekend,Summer,No,71.88,87.44,17.64
2023-07-30 00:00,7,0,Weekend,Summer,No,71.06,86.74,17.64
2023-07-30 01:00,7,1,Weekend,Summer,No,71.06,87.96,16.38
2023-07-30 02:00,7,2,Weekend,Summer,No,71.06,86.66,20.2
2023-07-30 03:00,7,3,Weekend,Summer,No,71.06,85.59,20.28
2023-07-30 04:00,7,4,Weekend,Summer,No,70.43,87.72,15.68
2023-07-30 05:00,7,5,Weekend,Summer,No,69.98,86.42,18.71
2023-07-30 06:00,7,6,Weekend,Summer,No,72.29,87.27,16.3
2023-07-30 07:00,7,7,Weekend,Summer,No,73.94,87.08,17.7
2023-07-30 08:00,7,8,Weekend,Summer,No,76.35,88.4,17.59
2023-07-30 09:00,7,9,Weekend,Summer,No,77.45,88.8,16.82
2023-07-30 10:00,7,10,Weekend,Summer,No,77.63,90.67,18.39
2023-07-30 11:00,7,11,Weekend,Summer,No,80.39,91.21,18.7
2023-07-30 12:00,7,12,Weekend,Summer,No,81.41,90.58,23.72
2023-07-30 13:00,7,13,Weekend,Summer,No,82.74,90.51,22.66
2023-07-30 14:00,7,14,Weekend,Summer,No,86.33,91.85,21.73
2023-07-30 15:00,7,15,Weekend,Summer,No,89.14,92.0,21.59
2023-07-30 16:00,7,16,Weekend,Summer,No,88.8,93.51,30.45
2023-07-30 17:00,7,17,Weekend,Summer,No,85.67,91.28,22.17
2023-07-30 18:00,7,18,Weekend,Summer,No,82.24,90.46,23.18
2023-07-30 19:00,7,19,Weekend,Summer,No,80.44,88.46,17.53
2023-07-30 20:00,7,20,Weekend,Summer,No,78.9,89.5,23.15
2023-07-30 21:00,7,21,Weekend,Summer,No,78.08,88.31,19.87
2023-07-30 22:00,7,22,Weekend,Summer,No,77.45,88.64,15.94
2023-07-30 23:00,7,23,Weekend,Summer,No,76.37,88.77,18.65
2023-07-31 00:00,7,0,Weekday,Summer,No,75.4,88.28,19.68
2023-07-31 01:00,7,1,Weekday,Summer,No,75.02,87.75,16.0
2023-07-31 02:00,7,2,Weekday,Summer,No,74.39,88.53,15.26
2023-07-31 03:00,7,3,Weekday,Summer,No,73.42,86.15,22.47
2023-07-31 04:00,7,4,Weekday,Summer,No,72.41,89.36,16.33
2023-07-31 05:00,7,5,Weekday,Summer,No,71.96,86.5,17.55
2023-07-31 06:00,7,6,Weekday,Summer,No,72.59,86.64,18.99
2023-07-31 07:00,7,7,Weekday,Summer,No,74.72,86.99,18.63
2023-07-31 08:00,7,8,Weekday,Summer,Yes,78.86,88.83,18.74
2023-07-31 09:00,7,9,Weekday,Summer,Yes,82.74,88.87,24.77
2023-07-31 10:00,7,10,Weekday,Summer,Yes,85.8,90.45,25.6
2023-07-31 11:00,7,11,Weekday,Summer,Yes,87.6,91.29,29.51
2023-07-31 12:00,7,12,Weekday,Summer,Yes,89.14,92.59,26.83
2023-07-31 13:00,7,13,Weekday,Summer,Yes,91.12,90.94,27.61
2023-07-31 14:00,7,14,Weekday,Summer,Yes,90.78,93.73,25.03
2023-07-31 15:00,7,15,Weekday,Summer,Yes,87.02,91.58,28.44
2023-07-31 16:00,7,16,Weekday,Summer,Yes,84.4,90.69,22.69
2023-07-31 17:00,7,17,Weekday,Summer,Yes,84.02,89.94,25.91
2023-07-31 18:00,7,18,Weekday,Summer,No,84.02,90.33,24.65
2023-07-31 19:00,7,19,Weekday,Summer,No,81.71,91.48,21.43
2023-07-31 20:00,7,20,Weekday,Summer,No,79.43,90.61,23.35
2023-07-31 21:00,7,21,Weekday,Summer,No,78.98,88.7,18.49
2023-07-31 22:00,7,22,Weekday,Summer,No,78.98,89.4,18.01
2023-07-31 23:00,7,23,Weekday,Summer,No,78.98,89.24,16.96
2023-08-01 00:00,8,0,Weekday,Summer,No,78.98,89.18,23.28
2023-08-01 01:00,8,1,Weekday,Summer,No,78.98,89.18,20.59
2023-08-01 02:00,8,2,Weekday,Summer,No,78.98,90.0,23.67
2023-08-01 03:00,8,3,Weekday,Summer,No,78.98,88.62,19.68
2023-08-01 04:00,8,4,Weekday,Summer,No,79.61,89.59,20.8
2023-08-01 05:00,8,5,Weekday,Summer,No,79.43,88.55,21.16
2023-08-01 06:00,8,6,Weekday,Summer,No,77.82,88.57,16.98
2023-08-01 07:00,8,7,Weekday,Summer,No,77.63,88.69,17.17
2023-08-01 08:00,8,8,Weekday,Summer,Yes,79.76,88.29,22.53
2023-08-01 09:00,8,9,Weekday,Summer,Yes,84.53,91.17,24.32
2023-08-01 10:00,8,10,Weekday,Summer,Yes,87.08,91.28,29.26
2023-08-01 11:00,8,11,Weekday,Summer,Yes,89.92,92.48,29.42
2023-08-01 12:00,8,12,Weekday,Summer,Yes,92.57,92.16,29.38
2023-08-01 13:00,8,13,Weekday,Summer,Yes,94.18,91.89,29.4
2023-08-01 14:00,8,14,Weekday,Summer,Yes,94.37,93.39,29.7
2023-08-01 15:00,8,15,Weekday,Summer,Yes,95.7,94.28,30.27
2023-08-01 16:00,8,16,Weekday,Summer,Yes,96.46,93.38,31.79
2023-08-01 17:00,8,17,Weekday,Summer,Yes,94.3,91.67,30.19
2023-08-01 18:00,8,18,Weekday,Summer,No,90.71,92.51,22.58
2023-08-01 19:00,8,19,Weekday,Summer,No,88.43,90.3,23.05
2023-08-01 20:00,8,20,Weekday,Summer,No,87.46,90.91,27.44
2023-08-01 21:00,8,21,Weekday,Summer,No,86.45,91.46,21.91
2023-08-01 22:00,8,22,Weekday,Summer,No,85.37,91.22,17.87
2023-08-01 23:00,8,23,Weekday,Summer,No,84.4,91.79,21.57
2023-08-02 00:00,8,0,Weekday,Summer,No,82.86,90.24,21.37
2023-08-02 01:00,8,1,Weekday,Summer,No,81.41,89.53,21.29
2023-08-02 02:00,8,2,Weekday,Summer,No,80.44,89.51,19.85
2023-08-02 03:00,8,3,Weekday,Summer,No,78.9,90.68,20.63
2023-08-02 04:00,8,4,Weekday,Summer,No,76.82,87.11,21.33
2023-08-02 05:00,8,5,Weekday,Summer,No,75.92,88.25,21.47
2023-08-02 06:00,8,6,Weekday,Summer,No,77.18,88.47,19.18
2023-08-02 07:00,8,7,Weekday,Summer,No,80.92,88.79,19.22
2023-08-02 08:00,8,8,Weekday,Summer,Yes,85.88,90.81,25.77
2023-08-02 09:00,8,9,Weekday,Summer,Yes,90.29,91.85,30.12
2023-08-02 10:00,8,10,Weekday,Summer,Yes,93.1,93.31,28.8
2023-08-02 11:00,8,11,Weekday,Summer,Yes,95.18,93.05,30.41
2023-08-02 12:00,8,12,Weekday,Summer,Yes,98.39,94.69,30.13
2023-08-02 13:00,8,13,Weekday,Summer,Yes,100.57,94.96,31.68
2023-08-02 14:00,8,14,Weekday,Summer,Yes,101.57,94.17,34.28
2023-08-02 15:00,8,15,Weekday,Summer,Yes,100.23,94.73,27.97
2023-08-02 16:00,8,16,Weekday,Summer,Yes,82.06,91.22,24.37
2023-08-02 17:00,8,17,Weekday,Summer,Yes,72.92,87.26,20.56
2023-08-02 18:00,8,18,Weekday,Summer,No,75.02,86.1,16.68
2023-08-02 19:00,8,19,Weekday,Summer,No,75.54,88.6,13.41
2023-08-02 20:00,8,20,Weekday,Summer,No,75.92,87.32,16.77
2023-08-02 21:00,8,21,Weekday,Summer,No,75.92,89.7,21.89
2023-08-02 22:00,8,22,Weekday,Summer,No,75.92,88.41,19.26
2023-08-02 23:00,8,23,Weekday,Summer,No,75.92,88.52,23.14
2023-08-03 00:00,8,0,Weekday,Summer,No,75.92,87.65,20.75
2023-08-03 01:00,8,1,Weekday,Summer,No,76.55,87.75,20.5
2023-08-03 02:00,8,2,Weekday,Summer,No,76.37,88.71,17.32
2023-08-03 03:00,8,3,Weekday,Summer,No,75.92,88.29,23.77
2023-08-03 04:00,8,4,Weekday,Summer,No,75.4,88.56,14.44
2023-08-03 05:00,8,5,Weekday,Summer,No,73.86,87.45,11.76
2023-08-03 06:00,8,6,Weekday,Summer,No,73.56,88.05,19.97
2023-08-03 07:00,8,7,Weekday,Summer,No,77.51,88.55,22.41
2023-08-03 08:00,8,8,Weekday,Summer,Yes,81.74,90.12,22.5
2023-08-03 09:00,8,9,Weekday,Summer,Yes,85.88,90.63,16.96
2023-08-03 10:00,8,10,Weekday,Summer,Yes,89.77,93.01,27.33
2023-08-03 11:00,8,11,Weekday,Summer,Yes,92.2,93.27,26.42
2023-08-03 12:00,8,12,Weekday,Summer,Yes,93.02,95.07,29.91
2023-08-03 13:00,8,13,Weekday,Summer,Yes,95.33,94.28,23.13
2023-08-03 14:00,8,14,Weekday,Summer,Yes,98.14,93.64,29.72
2023-08-03 15:00,8,15,Weekday,Summer,Yes,98.96,94.97,31.23
2023-08-03 16:00,8,16,Weekday,Summer,Yes,98.44,94.56,32.92
2023-08-03 17:00,8,17,Weekday,Summer,Yes,98.06,92.95,28.97
2023-08-03 18:00,8,18,Weekday,Summer,No,96.28,94.08,24.31
2023-08-03 19:00,8,19,Weekday,Summer,No,93.84,92.36,25.33
2023-08-03 20:00,8,20,Weekday,Summer,No,91.23,93.21,24.84
2023-08-03 21:00,8,21,Weekday,Summer,No,89.43,92.99,25.7
2023-08-03 22:00,8,22,Weekday,Summer,No,87.28,91.71,23.3
2023-08-03 23:00,8,23,Weekday,Summer,No,84.84,90.58,23.24
2023-08-04 00:00,8,0,Weekday,Summer,No,82.86,90.39,22.34
2023-08-04 01:00,8,1,Weekday,Summer,No,82.56,89.55,21.79
2023-08-04 02:00,8,2,Weekday,Summer,No,80.1,89.23,23.41
2023-08-04 03:00,8,3,Weekday,Summer,No,76.3,87.41,14.87
2023-08-04 04:00,8,4,Weekday,Summer,No,75.54,88.09,17.31
2023-08-04 05:00,8,5,Weekday,Summer,No,75.92,88.37,24.47
2023-08-04 06:00,8,6,Weekday,Summer,No,71.93,87.06,15.04
2023-08-04 07:00,8,7,Weekday,Summer,No,70.24,88.12,15.12
2023-08-04 08:00,8,8,Weekday,Summer,Yes,73.37,86.03,23.38
2023-08-04 09:00,8,9,Weekday,Summer,Yes,79.64,88.32,20.9
2023-08-04 10:00,8,10,Weekday,Summer,Yes,85.88,90.66,27.71
2023-08-04 11:00,8,11,Weekday,Summer,Yes,90.92,93.1,27.31
2023-08-04 12:00,8,12,Weekday,Summer,Yes,94.18,91.52,27.78
2023-08-04 13:00,8,13,Weekday,Summer,Yes,96.16,93.33,32.47
2023-08-04 14:00,8,14,Weekday,Summer,Yes,96.46,94.78,28.33
2023-08-04 15:00,8,15,Weekday,Summer,Yes,91.98,91.93,24.03
2023-08-04 16:00,8,16,Weekday,Summer,Yes,94.31,92.75,26.6
2023-08-04 17:00,8,17,Weekday,Summer,Yes,92.81,92.39,31.08
2023-08-04 18:00,8,18,Weekday,Summer,No,81.4,89.28,26.03
2023-08-04 19:00,8,19,Weekday,Summer,No,75.92,87.33,19.64
2023-08-04 20:00,8,20,Weekday,Summer,No,75.92,87.34,22.87
2023-08-04 21:00,8,21,Weekday,Summer,No,75.92,87.18,20.73
2023-08-04 22:00,8,22,Weekday,Summer,No,75.4,87.17,12.65
2023-08-04 23:00,8,23,Weekday,Summer,No,75.02,87.46,20.45
2023-08-05 00:00,8,0,Weekend,Summer,No,75.02,87.29,20.92
2023-08-05 01:00,8,1,Weekend,Summer,No,75.02,87.45,18.62
2023-08-05 02:00,8,2,Weekend,Summer,No,74.39,88.58,15.95
2023-08-05 03:00,8,3,Weekend,Summer,No,72.26,86.74,16.62
2023-08-05 04:00,8,4,Weekend,Summer,No,71.58,87.62,17.81
2023-08-05 05:00,8,5,Weekend,Summer,No,72.59,86.89,16.57
2023-08-05 06:00,8,6,Weekend,Summer,No,74.19,86.98,16.16
2023-08-05 07:00,8,7,Weekend,Summer,No,76.8,87.99,15.57
2023-08-05 08:00,8,8,Weekend,Summer,No,80.92,88.53,18.44
2023-08-05 09:00,8,9,Weekend,Summer,No,82.94,88.91,23.1
2023-08-05 10:00,8,10,Weekend,Summer,No,85.88,92.81,22.94
2023-08-05 11:00,8,11,Weekend,Summer,No,89.77,92.0,23.66
2023-08-05 12:00,8,12,Weekend,Summer,No,92.2,91.79,28.7
2023-08-05 13:00,8,13,Weekend,Summer,No,95.33,94.5,25.01
2023-08-05 14:00,8,14,Weekend,Summer,No,96.46,93.97,26.16
2023-08-05 15:00,8,15,Weekend,Summer,No,94.82,93.44,24.04
2023-08-05 16:00,8,16,Weekend,Summer,No,93.92,93.9,24.31
2023-08-05 17:00,8,17,Weekend,Summer,No,93.4,93.49,24.7
2023-08-05 18:00,8,18,Weekend,Summer,No,90.71,90.25,25.3
2023-08-05 19:00,8,19,Weekend,Summer,No,87.28,91.73,25.33
2023-08-05 20:00,8,20,Weekend,Summer,No,85.37,91.84,22.47
2023-08-05 21:00,8,21,Weekend,Summer,No,84.4,90.62,21.42
2023-08-05 22:00,8,22,Weekend,Summer,No,83.39,91.72,17.75
2023-08-05 23:00,8,23,Weekend,Summer,No,82.94,91.1,22.55
2023-08-06 00:00,8,0,Weekend,Summer,No,81.78,90.48,22.23
2023-08-06 01:00,8,1,Weekend,Summer,No,79.81,90.97,13.38
2023-08-06 02:00,8,2,Weekend,Summer,No,78.46,90.03,18.42
2023-08-06 03:00,8,3,Weekend,Summer,No,77.45,89.14,16.84
2023-08-06 04:00,8,4,Weekend,Summer,No,76.37,89.32,19.56
2023-08-06 05:00,8,5,Weekend,Summer,No,75.4,89.96,15.59
2023-08-06 06:00,8,6,Weekend,Summer,No,76.8,88.68,20.5
2023-08-06 07:00,8,7,Weekend,Summer,No,80.39,88.48,18.95
2023-08-06 08:00,8,8,Weekend,Summer,No,84.98,90.83,20.78
2023-08-06 09:00,8,9,Weekend,Summer,No,88.23,91.47,26.14
2023-08-06 10:00,8,10,Weekend,Summer,No,90.74,92.87,28.7
2023-08-06 11:00,8,11,Weekend,Summer,No,94.35,93.78,24.78
2023-08-06 12:00,8,12,Weekend,Summer,No,96.08,93.19,23.79
2023-08-06 13:00,8,13,Weekend,Summer,No,98.39,93.72,31.49
2023-08-06 14:00,8,14,Weekend,Summer,No,100.04,96.15,22.07
2023-08-06 15:00,8,15,Weekend,Summer,No,99.41,95.04,28.28
2023-08-06 16:00,8,16,Weekend,Summer,No,98.96,94.29,27.99
2023-08-06 17:00,8,17,Weekend,Summer,No,98.44,94.75,24.23
2023-08-06 18:00,8,18,Weekend,Summer,No,97.43,93.25,26.77
2023-08-06 19:00,8,19,Weekend,Summer,No,90.58,91.98,21.76
2023-08-06 20:00,8,20,Weekend,Summer,No,87.16,92.21,23.48
2023-08-06 21:00,8,21,Weekend,Summer,No,87.98,91.49,19.67
2023-08-06 22:00,8,22,Weekend,Summer,No,87.46,91.08,23.45
2023-08-06 23:00,8,23,Weekend,Summer,No,85.3,90.4,19.78
2023-08-07 00:00,8,0,Weekday,Summer,No,83.39,91.09,25.13
2023-08-07 01:00,8,1,Weekday,Summer,No,82.42,90.66,20.77
2023-08-07 02:00,8,2,Weekday,Summer,No,81.41,91.93,21.04
2023-08-07 03:00,8,3,Weekday,Summer,No,79.81,90.02,19.04
2023-08-07 04:00,8,4,Weekday,Summer,No,78.46,88.9,22.11
2023-08-07 05:00,8,5,Weekday,Summer,No,77.45,87.48,20.95
2023-08-07 06:00,8,6,Weekday,Summer,No,78.16,88.17,20.85
2023-08-07 07:00,8,7,Weekday,Summer,No,81.92,88.89,20.37
2023-08-07 08:00,8,8,Weekday,Summer,Yes,86.96,91.78,27.0
2023-08-07 09:00,8,9,Weekday,Summer,Yes,90.22,92.08,28.59
2023-08-07 10:00,8,10,Weekday,Summer,Yes,92.2,92.84,27.4
2023-08-07 11:00,8,11,Weekday,Summer,Yes,91.23,91.69,25.12
2023-08-07 12:00,8,12,Weekday,Summer,Yes,93.53,92.02,30.14
2023-08-07 13:00,8,13,Weekday,Summer,Yes,95.45,93.52,30.67
2023-08-07 14:00,8,14,Weekday,Summer,Yes,95.0,92.85,23.8
2023-08-07 15:00,8,15,Weekday,Summer,Yes,93.84,93.28,28.54
2023-08-07 16:00,8,16,Weekday,Summer,Yes,93.54,92.42,29.1
2023-08-07 17:00,8,17,Weekday,Summer,Yes,95.18,93.29,29.61
2023-08-07 18:00,8,18,Weekday,Summer,No,94.3,93.55,24.62
2023-08-07 19:00,8,19,Weekday,Summer,No,92.39,93.0,24.43
2023-08-07 20:00,8,20,Weekday,Summer,No,90.26,92.16,25.18
2023-08-07 21:00,8,21,Weekday,Summer,No,87.9,91.01,28.47
2023-08-07 22:00,8,22,Weekday,Summer,No,86.45,91.46,20.62
2023-08-07 23:00,8,23,Weekday,Summer,No,84.22,89.92,23.02
2023-08-08 00:00,8,0,Weekday,Summer,No,81.78,89.86,17.93
2023-08-08 01:00,8,1,Weekday,Summer,No,80.44,89.67,20.9
2023-08-08 02:00,8,2,Weekday,Summer,No,80.06,88.53,19.92
2023-08-08 03:00,8,3,Weekday,Summer,No,79.43,88.53,26.71
2023-08-08 04:00,8,4,Weekday,Summer,No,78.46,88.51,22.03
2023-08-08 05:00,8,5,Weekday,Summer,No,77.45,88.35,19.82
2023-08-08 06:00,8,6,Weekday,Summer,No,78.16,89.51,15.93
2023-08-08 07:00,8,7,Weekday,Summer,No,82.44,90.42,20.42
2023-08-08 08:00,8,8,Weekday,Summer,Yes,87.86,91.0,27.14
2023-08-08 09:00,8,9,Weekday,Summer,Yes,91.74,92.58,24.92
2023-08-08 10:00,8,10,Weekday,Summer,Yes,94.18,92.24,28.38
2023-08-08 11:00,8,11,Weekday,Summer,Yes,96.78,94.77,27.25
2023-08-08 12:00,8,12,Weekday,Summer,Yes,99.22,94.24,26.72
2023-08-08 13:00,8,13,Weekday,Summer,Yes,100.57,94.51,28.2
2023-08-08 14:00,8,14,Weekday,Summer,Yes,100.94,95.05,31.44
2023-08-08 15:00,8,15,Weekday,Summer,Yes,102.1,94.86,35.86
2023-08-08 16:00,8,16,Weekday,Summer,Yes,102.4,95.59,30.15
2023-08-08 17:00,8,17,Weekday,Summer,Yes,100.23,95.54,28.39
2023-08-08 18:00,8,18,Weekday,Summer,No,92.03,93.59,27.05
2023-08-08 19:00,8,19,Weekday,Summer,No,85.82,92.2,23.93
2023-08-08 20:00,8,20,Weekday,Summer,No,84.4,90.08,20.29
2023-08-08 21:00,8,21,Weekday,Summer,No,83.39,90.94,23.4
2023-08-08 22:00,8,22,Weekday,Summer,No,81.78,89.02,22.8
2023-08-08 23:00,8,23,Weekday,Summer,No,80.96,89.37,21.58
2023-08-09 00:00,8,0,Weekday,Summer,No,80.44,90.49,16.62
2023-08-09 01:00,8,1,Weekday,Summer,No,80.06,91.19,15.65
2023-08-09 02:00,8,2,Weekday,Summer,No,79.43,89.34,25.13
2023-08-09 03:00,8,3,Weekday,Summer,No,79.61,89.57,15.61
2023-08-09 04:00,8,4,Weekday,Summer,No,79.43,88.82,20.42
2023-08-09 05:00,8,5,Weekday,Summer,No,79.61,89.27,21.98
2023-08-09 06:00,8,6,Weekday,Summer,No,79.43,89.82,16.82
2023-08-09 07:00,8,7,Weekday,Summer,No,79.61,87.45,18.62
2023-08-09 08:00,8,8,Weekday,Summer,Yes,81.22,87.77,21.24
2023-08-09 09:00,8,9,Weekday,Summer,Yes,83.72,90.79,25.53
2023-08-09 10:00,8,10,Weekday,Summer,Yes,87.86,91.18,21.57
2023-08-09 11:00,8,11,Weekday,Summer,Yes,89.43,90.88,26.92
2023-08-09 12:00,8,12,Weekday,Summer,Yes,91.37,93.11,27.06
2023-08-09 13:00,8,13,Weekday,Summer,Yes,95.96,93.85,30.45
2023-08-09 14:00,8,14,Weekday,Summer,Yes,98.58,94.97,29.13
2023-08-09 15:00,8,15,Weekday,Summer,Yes,98.44,94.71,34.8
2023-08-09 16:00,8,16,Weekday,Summer,Yes,98.58,95.59,34.76
2023-08-09 17:00,8,17,Weekday,Summer,Yes,96.65,94.45,32.32
2023-08-09 18:00,8,18,Weekday,Summer,No,94.37,95.0,30.92
2023-08-09 19:00,8,19,Weekday,Summer,No,91.61,91.15,28.51
2023-08-09 20:00,8,20,Weekday,Summer,No,85.34,90.21,21.78
2023-08-09 21:00,8,21,Weekday,Summer,No,82.56,90.72,24.56
2023-08-09 22:00,8,22,Weekday,Summer,No,80.63,89.47,25.33
2023-08-09 23:00,8,23,Weekday,Summer,No,78.98,88.95,16.41
2023-08-10 00:00,8,0,Weekday,Summer,No,78.46,88.23,20.53
2023-08-10 01:00,8,1,Weekday,Summer,No,76.82,88.64,18.44
2023-08-10 02:00,8,2,Weekday,Summer,No,75.4,87.16,17.52
2023-08-10 03:00,8,3,Weekday,Summer,No,75.02,88.59,15.27
2023-08-10 04:00,8,4,Weekday,Summer,No,75.02,88.73,13.62
2023-08-10 05:00,8,5,Weekday,Summer,No,74.39,88.46,22.21
2023-08-10 06:00,8,6,Weekday,Summer,No,75.1,87.39,20.42
2023-08-10 07:00,8,7,Weekday,Summer,No,77.18,87.84,21.26
2023-08-10 08:00,8,8,Weekday,Summer,Yes,78.08,89.27,20.37
2023-08-10 09:00,8,9,Weekday,Summer,Yes,79.24,90.04,24.16
2023-08-10 10:00,8,10,Weekday,Summer,Yes,80.06,89.95,21.5
2023-08-10 11:00,8,11,Weekday,Summer,Yes,83.52,88.52,24.76
2023-08-10 12:00,8,12,Weekday,Summer,Yes,87.78,90.27,27.11
2023-08-10 13:00,8,13,Weekday,Summer,Yes,91.9,91.4,26.42
2023-08-10 14:00,8,14,Weekday,Summer,Yes,91.61,92.09,27.38
2023-08-10 15:00,8,15,Weekday,Summer,Yes,89.43,91.88,28.04
2023-08-10 16:00,8,16,Weekday,Summer,Yes,86.65,91.96,23.73
2023-08-10 17:00,8,17,Weekday,Summer,Yes,84.92,89.6,25.11
2023-08-10 18:00,8,18,Weekday,Summer,No,84.4,91.02,21.01
2023-08-10 19:00,8,19,Weekday,Summer,No,83.39,91.92,19.5
2023-08-10 20:00,8,20,Weekday,Summer,No,81.78,88.58,22.89
2023-08-10 21:00,8,21,Weekday,Summer,No,80.96,89.49,20.08
2023-08-10 22:00,8,22,Weekday,Summer,No,78.65,88.9,17.92
2023-08-10 23:00,8,23,Weekday,Summer,No,73.54,88.19,13.37
2023-08-11 00:00,8,0,Weekday,Summer,No,71.06,86.89,16.65
2023-08-11 01:00,8,1,Weekday,Summer,No,70.43,85.96,16.97
2023-08-11 02:00,8,2,Weekday,Summer,No,69.98,86.31,13.84
2023-08-11 03:00,8,3,Weekday,Summer,No,70.61,86.81,14.76
2023-08-11 04:00,8,4,Weekday,Summer,No,71.06,87.83,17.77
2023-08-11 05:00,8,5,Weekday,Summer,No,71.06,86.09,12.54
2023-08-11 06:00,8,6,Weekday,Summer,No,71.06,86.16,18.17
2023-08-11 07:00,8,7,Weekday,Summer,No,72.74,88.05,19.67
2023-08-11 08:00,8,8,Weekday,Summer,Yes,75.1,90.12,19.03
2023-08-11 09:00,8,9,Weekday,Summer,Yes,77.18,88.04,19.78
2023-08-11 10:00,8,10,Weekday,Summer,Yes,80.39,88.97,25.72
2023-08-11 11:00,8,11,Weekday,Summer,Yes,83.72,90.31,21.9
2023-08-11 12:00,8,12,Weekday,Summer,Yes,87.34,91.87,30.1
2023-08-11 13:00,8,13,Weekday,Summer,Yes,80.87,89.16,22.22
2023-08-11 14:00,8,14,Weekday,Summer,Yes,80.79,89.54,23.88
2023-08-11 15:00,8,15,Weekday,Summer,Yes,86.7,90.06,24.63
2023-08-11 16:00,8,16,Weekday,Summer,Yes,87.46,91.69,23.91
2023-08-11 17:00,8,17,Weekday,Summer,Yes,87.08,90.87,26.33
2023-08-11 18:00,8,18,Weekday,Summer,No,84.14,90.45,19.34
2023-08-11 19:00,8,19,Weekday,Summer,No,80.88,89.72,22.15
2023-08-11 20:00,8,20,Weekday,Summer,No,79.43,89.48,18.22
2023-08-11 21:00,8,21,Weekday,Summer,No,78.46,88.03,20.91
2023-08-11 22:00,8,22,Weekday,Summer,No,78.08,88.12,19.19
2023-08-11 23:00,8,23,Weekday,Summer,No,76.82,89.38,21.35
2023-08-12 00:00,8,0,Weekend,Summer,No,75.92,87.15,21.8
2023-08-12 01:00,8,1,Weekend,Summer,No,75.4,88.22,21.51
2023-08-12 02:00,8,2,Weekend,Summer,No,75.02,87.27,18.41
2023-08-12 03:00,8,3,Weekend,Summer,No,75.02,87.8,20.65
2023-08-12 04:00,8,4,Weekend,Summer,No,74.39,89.52,19.94
2023-08-12 05:00,8,5,Weekend,Summer,No,73.94,87.64,16.02
2023-08-12 06:00,8,6,Weekend,Summer,No,73.94,87.62,21.44
2023-08-12 07:00,8,7,Weekend,Summer,No,76.88,88.66,17.03
2023-08-12 08:00,8,8,Weekend,Summer,No,80.13,90.21,20.79
2023-08-12 09:00,8,9,Weekend,Summer,No,83.9,89.44,21.01
2023-08-12 10:00,8,10,Weekend,Summer,No,87.16,90.94,22.69
2023-08-12 11:00,8,11,Weekend,Summer,No,89.14,91.56,23.62
2023-08-12 12:00,8,12,Weekend,Summer,No,92.27,92.64,28.27
2023-08-12 13:00,8,13,Weekend,Summer,No,95.18,93.85,28.33
2023-08-12 14:00,8,14,Weekend,Summer,No,94.82,92.52,27.46
2023-08-12 15:00,8,15,Weekend,Summer,No,95.18,94.36,27.99
2023-08-12 16:00,8,16,Weekend,Summer,No,96.6,94.0,29.73
2023-08-12 17:00,8,17,Weekend,Summer,No,94.67,93.87,24.19
2023-08-12 18:00,8,18,Weekend,Summer,No,93.02,92.95,23.98
2023-08-12 19:00,8,19,Weekend,Summer,No,91.23,91.88,26.15
2023-08-12 20:00,8,20,Weekend,Summer,No,87.02,90.47,20.85
2023-08-12 21:00,8,21,Weekend,Summer,No,84.92,91.58,21.51
2023-08-12 22:00,8,22,Weekend,Summer,No,83.24,90.07,23.99
2023-08-12 23:00,8,23,Weekend,Summer,No,80.26,88.99,19.81
2023-08-13 00:00,8,0,Weekend,Summer,No,78.46,88.45,15.99
2023-08-13 01:00,8,1,Weekend,Summer,No,78.08,88.42,22.53
2023-08-13 02:00,8,2,Weekend,Summer,No,76.3,88.53,18.91
2023-08-13 03:00,8,3,Weekend,Summer,No,75.02,88.36,16.77
2023-08-13 04:00,8,4,Weekend,Summer,No,74.39,87.89,23.75
2023-08-13 05:00,8,5,Weekend,Summer,No,73.42,87.35,20.44
2023-08-13 06:00,8,6,Weekend,Summer,No,74.72,88.55,21.29
2023-08-13 07:00,8,7,Weekend,Summer,No,78.33,89.03,19.51
2023-08-13 08:00,8,8,Weekend,Summer,No,82.37,90.28,24.03
2023-08-13 09:00,8,9,Weekend,Summer,No,87.48,92.47,21.46
2023-08-13 10:00,8,10,Weekend,Summer,No,91.12,92.1,24.96
2023-08-13 11:00,8,11,Weekend,Summer,No,93.1,93.29,26.99
2023-08-13 12:00,8,12,Weekend,Summer,No,96.86,93.06,26.8
2023-08-13 13:00,8,13,Weekend,Summer,No,98.96,95.36,27.8
2023-08-13 14:00,8,14,Weekend,Summer,No,100.74,93.97,30.22
2023-08-13 15:00,8,15,Weekend,Summer,No,101.39,93.89,30.85
2023-08-13 16:00,8,16,Weekend,Summer,No,99.78,93.99,29.12
2023-08-13 17:00,8,17,Weekend,Summer,No,98.96,95.48,29.55
2023-08-13 18:00,8,18,Weekend,Summer,No,97.28,93.11,27.59
2023-08-13 19:00,8,19,Weekend,Summer,No,93.66,92.37,25.54
2023-08-13 20:00,8,20,Weekend,Summer,No,89.1,90.19,23.25
2023-08-13 21:00,8,21,Weekend,Summer,No,84.66,89.66,19.11
2023-08-13 22:00,8,22,Weekend,Summer,No,81.26,89.74,19.39
2023-08-13 23:00,8,23,Weekend,Summer,No,80.06,88.03,16.68
2023-08-14 00:00,8,0,Weekday,Summer,No,79.43,89.0,21.59
2023-08-14 01:00,8,1,Weekday,Summer,No,78.46,89.13,17.03
2023-08-14 02:00,8,2,Weekday,Summer,No,77.45,88.34,21.77
2023-08-14 03:00,8,3,Weekday,Summer,No,76.37,88.93,19.31
2023-08-14 04:00,8,4,Weekday,Summer,No,75.4,88.19,18.82
2023-08-14 05:00,8,5,Weekday,Summer,No,75.02,89.29,19.75
2023-08-14 06:00,8,6,Weekday,Summer,No,75.54,88.81,19.21
2023-08-14 07:00,8,7,Weekday,Summer,No,79.49,89.64,20.31
2023-08-14 08:00,8,8,Weekday,Summer,Yes,84.35,91.73,24.5
2023-08-14 09:00,8,9,Weekday,Summer,Yes,87.16,92.04,18.98
2023-08-14 10:00,8,10,Weekday,Summer,Yes,89.77,90.62,30.15
2023-08-14 11:00,8,11,Weekday,Summer,Yes,92.72,93.57,27.05
2023-08-14 12:00,8,12,Weekday,Summer,Yes,93.92,92.21,24.39
2023-08-14 13:00,8,13,Weekday,Summer,Yes,94.55,92.48,29.63
2023-08-14 14:00,8,14,Weekday,Summer,Yes,95.63,94.34,28.92
2023-08-14 15:00,8,15,Weekday,Summer,Yes,96.08,93.03,29.73
2023-08-14 16:00,8,16,Weekday,Summer,Yes,96.08,94.02,27.61
2023-08-14 17:00,8,17,Weekday,Summer,Yes,94.82,92.64,27.1
2023-08-14 18:00,8,18,Weekday,Summer,No,92.24,92.3,21.96
2023-08-14 19:00,8,19,Weekday,Summer,No,89.88,92.92,24.8
2023-08-14 20:00,8,20,Weekday,Summer,No,86.65,89.94,22.6
2023-08-14 21:00,8,21,Weekday,Summer,No,84.4,90.44,25.98
2023-08-14 22:00,8,22,Weekday,Summer,No,81.71,86.62,21.35
2023-08-14 23:00,8,23,Weekday,Summer,No,78.9,88.78,20.31
2023-08-15 00:00,8,0,Weekday,Summer,No,77.45,88.91,15.94
2023-08-15 01:00,8,1,Weekday,Summer,No,75.84,88.04,18.26
2023-08-15 02:00,8,2,Weekday,Summer,No,72.08,88.11,20.55
2023-08-15 03:00,8,3,Weekday,Summer,No,69.46,86.11,16.27
2023-08-15 04:00,8,4,Weekday,Summer,No,67.82,85.54,8.72
2023-08-15 05:00,8,5,Weekday,Summer,No,66.92,85.1,14.0
2023-08-15 06:00,8,6,Weekday,Summer,No,69.86,87.56,16.22
2023-08-15 07:00,8,7,Weekday,Summer,No,76.06,87.79,17.23
2023-08-15 08:00,8,8,Weekday,Summer,Yes,81.92,89.25,20.95
2023-08-15 09:00,8,9,Weekday,Summer,Yes,86.33,92.41,26.39
2023-08-15 10:00,8,10,Weekday,Summer,Yes,89.14,91.69,25.33
2023-08-15 11:00,8,11,Weekday,Summer,Yes,91.12,92.08,28.4
2023-08-15 12:00,8,12,Weekday,Summer,Yes,92.57,92.17,28.53
2023-08-15 13:00,8,13,Weekday,Summer,Yes,94.18,93.3,28.97
2023-08-15 14:00,8,14,Weekday,Summer,Yes,95.63,95.32,29.01
2023-08-15 15:00,8,15,Weekday,Summer,Yes,96.08,93.2,31.25
2023-08-15 16:00,8,16,Weekday,Summer,Yes,96.6,93.81,25.83
2023-08-15 17:00,8,17,Weekday,Summer,Yes,95.2,93.03,24.54
2023-08-15 18:00,8,18,Weekday,Summer,No,93.4,93.36,24.82
2023-08-15 19:00,8,19,Weekday,Summer,No,90.08,92.55,22.48
2023-08-15 20:00,8,20,Weekday,Summer,No,85.67,90.67,19.74
2023-08-15 21:00,8,21,Weekday,Summer,No,83.39,90.39,18.71
2023-08-15 22:00,8,22,Weekday,Summer,No,81.78,88.96,21.95
2023-08-15 23:00,8,23,Weekday,Summer,No,79.81,90.02,17.91
2023-08-16 00:00,8,0,Weekday,Summer,No,77.2,88.36,19.23
2023-08-16 01:00,8,1,Weekday,Summer,No,73.61,88.15,18.25
2023-08-16 02:00,8,2,Weekday,Summer,No,70.81,87.3,19.58
2023-08-16 03:00,8,3,Weekday,Summer,No,69.46,87.65,18.62
2023-08-16 04:00,8,4,Weekday,Summer,No,69.08,86.09,18.16
2023-08-16 05:00,8,5,Weekday,Summer,No,67.3,85.56,16.22
2023-08-16 06:00,8,6,Weekday,Summer,No,68.96,86.48,13.24
2023-08-16 07:00,8,7,Weekday,Summer,No,75.16,88.19,18.69
2023-08-16 08:00,8,8,Weekday,Summer,Yes,81.54,88.96,22.47
2023-08-16 09:00,8,9,Weekday,Summer,Yes,87.48,91.03,23.67
2023-08-16 10:00,8,10,Weekday,Summer,Yes,91.12,92.15,25.54
2023-08-16 11:00,8,11,Weekday,Summer,Yes,92.57,93.14,29.98
2023-08-16 12:00,8,12,Weekday,Summer,Yes,94.8,92.51,25.11
2023-08-16 13:00,8,13,Weekday,Summer,Yes,96.6,94.38,25.79
2023-08-16 14:00,8,14,Weekday,Summer,Yes,98.14,93.65,33.67
2023-08-16 15:00,8,15,Weekday,Summer,Yes,98.96,94.35,32.72
2023-08-16 16:00,8,16,Weekday,Summer,Yes,98.96,93.99,34.95
2023-08-16 17:00,8,17,Weekday,Summer,Yes,97.28,95.04,29.1
2023-08-16 18:00,8,18,Weekday,Summer,No,95.45,93.52,21.12
2023-08-16 19:00,8,19,Weekday,Summer,No,93.22,93.45,24.76
2023-08-16 20:00,8,20,Weekday,Summer,No,89.63,92.3,22.89
2023-08-16 21:00,8,21,Weekday,Summer,No,86.82,92.19,26.82
2023-08-16 22:00,8,22,Weekday,Summer,No,84.84,92.05,23.27
2023-08-16 23:00,8,23,Weekday,Summer,No,82.86,90.45,21.78
2023-08-17 00:00,8,0,Weekday,Summer,No,79.1,90.26,21.68
2023-08-17 01:00,8,1,Weekday,Summer,No,75.84,89.26,18.9
2023-08-17 02:00,8,2,Weekday,Summer,No,72.71,87.72,15.8
2023-08-17 03:00,8,3,Weekday,Summer,No,71.06,88.55,17.73
2023-08-17 04:00,8,4,Weekday,Summer,No,70.43,86.8,12.52
2023-08-17 05:00,8,5,Weekday,Summer,No,69.98,86.93,17.59
2023-08-17 06:00,8,6,Weekday,Summer,No,71.76,87.58,13.2
2023-08-17 07:00,8,7,Weekday,Summer,No,76.5,86.95,18.06
2023-08-17 08:00,8,8,Weekday,Summer,Yes,83.08,89.51,21.34
2023-08-17 09:00,8,9,Weekday,Summer,Yes,89.46,91.55,28.56
2023-08-17 10:00,8,10,Weekday,Summer,Yes,93.1,94.19,26.8
2023-08-17 11:00,8,11,Weekday,Summer,Yes,95.7,92.86,30.46
2023-08-17 12:00,8,12,Weekday,Summer,Yes,97.61,93.19,34.23
2023-08-17 13:00,8,13,Weekday,Summer,Yes,100.37,94.97,27.57
2023-08-17 14:00,8,14,Weekday,Summer,Yes,101.39,95.73,32.91
2023-08-17 15:00,8,15,Weekday,Summer,Yes,102.1,96.45,36.38
2023-08-17 16:00,8,16,Weekday,Summer,Yes,102.4,93.89,27.54
2023-08-17 17:00,8,17,Weekday,Summer,Yes,100.86,95.76,30.91
2023-08-17 18:00,8,18,Weekday,Summer,No,97.73,94.4,25.34
2023-08-17 19:00,8,19,Weekday,Summer,No,94.82,93.58,25.98
2023-08-17 20:00,8,20,Weekday,Summer,No,92.76,91.64,24.08
2023-08-17 21:00,8,21,Weekday,Summer,No,90.26,92.23,26.14
2023-08-17 22:00,8,22,Weekday,Summer,No,87.28,92.25,23.69
2023-08-17 23:00,8,23,Weekday,Summer,No,82.54,89.85,19.71
2023-08-18 00:00,8,0,Weekday,Summer,No,79.43,91.01,20.13
2023-08-18 01:00,8,1,Weekday,Summer,No,77.2,87.88,21.42
2023-08-18 02:00,8,2,Weekday,Summer,No,74.76,88.54,17.92
2023-08-18 03:00,8,3,Weekday,Summer,No,73.42,86.9,15.91
2023-08-18 04:00,8,4,Weekday,Summer,No,73.04,87.83,17.63
2023-08-18 05:00,8,5,Weekday,Summer,No,72.41,86.47,15.45
2023-08-18 06:00,8,6,Weekday,Summer,No,73.12,88.0,15.89
2023-08-18 07:00,8,7,Weekday,Summer,No,76.88,88.59,17.66
2023-08-18 08:00,8,8,Weekday,Summer,Yes,83.08,90.4,19.54
2023-08-18 09:00,8,9,Weekday,Summer,Yes,88.94,91.92,28.78
2023-08-18 10:00,8,10,Weekday,Summer,Yes,93.35,92.33,26.43
2023-08-18 11:00,8,11,Weekday,Summer,Yes,97.31,93.08,30.34
2023-08-18 12:00,8,12,Weekday,Summer,Yes,101.27,95.61,30.01
2023-08-18 13:00,8,13,Weekday,Summer,Yes,102.92,95.93,29.49
2023-08-18 14:00,8,14,Weekday,Summer,Yes,102.92,96.1,36.52
2023-08-18 15:00,8,15,Weekday,Summer,Yes,102.92,95.18,35.59
2023-08-18 16:00,8,16,Weekday,Summer,Yes,102.92,96.37,35.29
2023-08-18 17:00,8,17,Weekday,Summer,Yes,102.4,97.28,32.83
2023-08-18 18:00,8,18,Weekday,Summer,No,100.23,93.96,26.46
2023-08-18 19:00,8,19,Weekday,Summer,No,96.65,93.63,27.97
2023-08-18 20:00,8,20,Weekday,Summer,No,93.84,93.09,29.31
2023-08-18 21:00,8,21,Weekday,Summer,No,90.71,92.3,27.84
2023-08-18 22:00,8,22,Weekday,Summer,No,87.28,92.29,19.37
2023-08-18 23:00,8,23,Weekday,Summer,No,83.69,90.56,21.53
2023-08-19 00:00,8,0,Weekend,Summer,No,80.88,90.56,17.95
2023-08-19 01:00,8,1,Weekend,Summer,No,82.37,91.25,21.96
2023-08-19 02:00,8,2,Weekend,Summer,No,83.39,89.78,18.18
2023-08-19 03:00,8,3,Weekend,Summer,No,82.42,90.28,26.07
2023-08-19 04:00,8,4,Weekend,Summer,No,80.88,88.95,20.38
2023-08-19 05:00,8,5,Weekend,Summer,No,78.9,90.13,20.42
2023-08-19 06:00,8,6,Weekend,Summer,No,77.45,89.1,21.97
2023-08-19 07:00,8,7,Weekend,Summer,No,79.94,89.67,21.11
2023-08-19 08:00,8,8,Weekend,Summer,No,84.98,89.38,23.17
2023-08-19 09:00,8,9,Weekend,Summer,No,88.76,91.99,23.45
2023-08-19 10:00,8,10,Weekend,Summer,No,92.9,93.08,26.13
2023-08-19 11:00,8,11,Weekend,Summer,No,96.16,93.34,24.6
2023-08-19 12:00,8,12,Weekend,Summer,No,98.77,93.66,27.95
2023-08-19 13:00,8,13,Weekend,Summer,No,101.2,96.4,32.65
2023-08-19 14:00,8,14,Weekend,Summer,No,102.54,97.51,31.01
2023-08-19 15:00,8,15,Weekend,Summer,No,102.4,96.68,34.15
2023-08-19 16:00,8,16,Weekend,Summer,No,102.54,98.33,29.47
2023-08-19 17:00,8,17,Weekend,Summer,No,101.76,94.53,27.78
2023-08-19 18:00,8,18,Weekend,Summer,No,96.84,95.14,22.31
2023-08-19 19:00,8,19,Weekend,Summer,No,93.4,92.97,24.49
2023-08-19 20:00,8,20,Weekend,Summer,No,90.71,92.58,16.09
2023-08-19 21:00,8,21,Weekend,Summer,No,87.28,90.52,20.19
2023-08-19 22:00,8,22,Weekend,Summer,No,84.22,90.38,22.03
2023-08-19 23:00,8,23,Weekend,Summer,No,82.42,91.01,22.33
2023-08-20 00:00,8,0,Weekend,Summer,No,82.04,90.99,18.65
2023-08-20 01:00,8,1,Weekend,Summer,No,82.04,90.55,25.74
2023-08-20 02:00,8,2,Weekend,Summer,No,80.88,89.69,23.82
2023-08-20 03:00,8,3,Weekend,Summer,No,79.43,89.5,18.35
2023-08-20 04:00,8,4,Weekend,Summer,No,77.82,88.32,18.57
2023-08-20 05:00,8,5,Weekend,Summer,No,78.16,89.81,20.15
2023-08-20 06:00,8,6,Weekend,Summer,No,78.46,87.79,20.05
2023-08-20 07:00,8,7,Weekend,Summer,No,80.39,91.25,18.62
2023-08-20 08:00,8,8,Weekend,Summer,No,84.98,91.22,21.63
2023-08-20 09:00,8,9,Weekend,Summer,No,89.39,91.74,25.31
2023-08-20 10:00,8,10,Weekend,Summer,No,92.72,93.4,28.59
2023-08-20 11:00,8,11,Weekend,Summer,No,95.7,93.87,18.93
2023-08-20 12:00,8,12,Weekend,Summer,No,98.14,95.25,28.84
2023-08-20 13:00,8,13,Weekend,Summer,No,99.59,95.25,22.56
2023-08-20 14:00,8,14,Weekend,Summer,No,99.41,95.41,30.72
2023-08-20 15:00,8,15,Weekend,Summer,No,90.24,93.08,21.29
2023-08-20 16:00,8,16,Weekend,Summer,No,84.54,89.35,25.29
2023-08-20 17:00,8,17,Weekend,Summer,No,83.77,90.4,18.17
2023-08-20 18:00,8,18,Weekend,Summer,No,82.94,89.54,20.47
2023-08-20 19:00,8,19,Weekend,Summer,No,82.42,89.99,22.32
2023-08-20 20:00,8,20,Weekend,Summer,No,80.88,90.92,22.21
2023-08-20 21:00,8,21,Weekend,Summer,No,79.43,88.47,20.23
2023-08-20 22:00,8,22,Weekend,Summer,No,77.2,90.26,20.2
2023-08-20 23:00,8,23,Weekend,Summer,No,76.55,88.17,17.25
2023-08-21 00:00,8,0,Weekday,Summer,No,76.37,89.1,17.93
2023-08-21 01:00,8,1,Weekday,Summer,No,75.92,88.18,23.36
2023-08-21 02:00,8,2,Weekday,Summer,No,75.92,88.6,17.5
2023-08-21 03:00,8,3,Weekday,Summer,No,74.76,88.02,15.9
2023-08-21 04:00,8,4,Weekday,Summer,No,73.94,87.5,18.79
2023-08-21 05:00,8,5,Weekday,Summer,No,74.57,88.48,20.8
2023-08-21 06:00,8,6,Weekday,Summer,No,75.02,88.47,16.18
2023-08-21 07:00,8,7,Weekday,Summer,No,80.27,89.74,23.84
2023-08-21 08:00,8,8,Weekday,Summer,Yes,86.33,90.36,25.21
2023-08-21 09:00,8,9,Weekday,Summer,Yes,89.14,92.37,25.6
2023-08-21 10:00,8,10,Weekday,Summer,Yes,91.12,92.94,28.82
2023-08-21 11:00,8,11,Weekday,Summer,Yes,93.1,91.81,32.17
2023-08-21 12:00,8,12,Weekday,Summer,Yes,93.4,93.58,32.07
2023-08-21 13:00,8,13,Weekday,Summer,Yes,93.02,91.59,27.32
2023-08-21 14:00,8,14,Weekday,Summer,Yes,94.18,93.13,33.0
2023-08-21 15:00,8,15,Weekday,Summer,Yes,92.06,92.23,32.13
2023-08-21 16:00,8,16,Weekday,Summer,Yes,91.74,92.82,29.71
2023-08-21 17:00,8,17,Weekday,Summer,Yes,93.02,92.04,27.77
2023-08-21 18:00,8,18,Weekday,Summer,No,90.71,92.89,23.16
2023-08-21 19:00,8,19,Weekday,Summer,No,87.9,91.54,21.77
2023-08-21 20:00,8,20,Weekday,Summer,No,78.89,89.45,15.38
2023-08-21 21:00,8,21,Weekday,Summer,No,73.04,88.34,16.19
2023-08-21 22:00,8,22,Weekday,Summer,No,72.41,86.48,17.0
2023-08-21 23:00,8,23,Weekday,Summer,No,71.96,87.17,16.89
2023-08-22 00:00,8,0,Weekday,Summer,No,72.59,88.21,16.4
2023-08-22 01:00,8,1,Weekday,Summer,No,71.88,86.89,19.31
2023-08-22 02:00,8,2,Weekday,Summer,No,70.43,86.96,22.53
2023-08-22 03:00,8,3,Weekday,Summer,No,69.98,86.68,10.74
2023-08-22 04:00,8,4,Weekday,Summer,No,69.46,86.95,16.38
2023-08-22 05:00,8,5,Weekday,Summer,No,69.08,83.88,16.17
2023-08-22 06:00,8,6,Weekday,Summer,No,70.24,85.77,16.65
2023-08-22 07:00,8,7,Weekday,Summer,No,73.37,86.43,20.08
2023-08-22 08:00,8,8,Weekday,Summer,Yes,76.8,87.98,26.15
2023-08-22 09:00,8,9,Weekday,Summer,Yes,81.54,87.97,20.91
2023-08-22 10:00,8,10,Weekday,Summer,Yes,85.18,90.13,25.02
2023-08-22 11:00,8,11,Weekday,Summer,Yes,88.94,90.92,26.93
2023-08-22 12:00,8,12,Weekday,Summer,Yes,92.72,94.4,28.97
2023-08-22 13:00,8,13,Weekday,Summer,Yes,94.55,94.5,29.19
2023-08-22 14:00,8,14,Weekday,Summer,Yes,94.37,91.04,27.93
2023-08-22 15:00,8,15,Weekday,Summer,Yes,94.55,93.27,29.66
2023-08-22 16:00,8,16,Weekday,Summer,Yes,95.63,94.43,36.4
2023-08-22 17:00,8,17,Weekday,Summer,Yes,91.36,92.14,26.43
2023-08-22 18:00,8,18,Weekday,Summer,No,86.82,91.2,21.41
2023-08-22 19:00,8,19,Weekday,Summer,No,85.37,91.23,25.22
2023-08-22 20:00,8,20,Weekday,Summer,No,84.4,89.87,22.96
2023-08-22 21:00,8,21,Weekday,Summer,No,83.39,89.8,24.9
2023-08-22 22:00,8,22,Weekday,Summer,No,81.78,89.54,19.67
2023-08-22 23:00,8,23,Weekday,Summer,No,80.44,90.59,22.66
2023-08-23 00:00,8,0,Weekday,Summer,No,79.43,88.53,19.75
2023-08-23 01:00,8,1,Weekday,Summer,No,77.82,89.44,15.64
2023-08-23 02:00,8,2,Weekday,Summer,No,76.37,88.52,18.7
2023-08-23 03:00,8,3,Weekday,Summer,No,74.76,87.21,16.61
2023-08-23 04:00,8,4,Weekday,Summer,No,73.94,87.47,12.0
2023-08-23 05:00,8,5,Weekday,Summer,No,73.42,88.73,18.12
2023-08-23 06:00,8,6,Weekday,Summer,No,73.56,87.67,18.32
2023-08-23 07:00,8,7,Weekday,Summer,No,77.51,88.56,21.66
2023-08-23 08:00,8,8,Weekday,Summer,Yes,82.9,89.41,23.4
2023-08-23 09:00,8,9,Weekday,Summer,Yes,87.34,91.98,28.69
2023-08-23 10:00,8,10,Weekday,Summer,Yes,90.74,91.03,27.72
2023-08-23 11:00,8,11,Weekday,Summer,Yes,92.57,92.85,30.51
2023-08-23 12:00,8,12,Weekday,Summer,Yes,94.18,93.18,25.52
2023-08-23 13:00,8,13,Weekday,Summer,Yes,97.31,94.72,30.28
2023-08-23 14:00,8,14,Weekday,Summer,Yes,97.28,94.58,28.12
2023-08-23 15:00,8,15,Weekday,Summer,Yes,96.08,92.98,23.94
2023-08-23 16:00,8,16,Weekday,Summer,Yes,96.08,93.72,30.82
2023-08-23 17:00,8,17,Weekday,Summer,Yes,95.45,92.91,29.48
2023-08-23 18:00,8,18,Weekday,Summer,No,90.38,92.36,25.81
2023-08-23 19:00,8,19,Weekday,Summer,No,85.82,91.04,20.75
2023-08-23 20:00,8,20,Weekday,Summer,No,86.7,90.04,17.41
2023-08-23 21:00,8,21,Weekday,Summer,No,86.82,91.99,25.74
2023-08-23 22:00,8,22,Weekday,Summer,No,84.84,89.68,19.58
2023-08-23 23:00,8,23,Weekday,Summer,No,83.39,88.83,20.69
2023-08-24 00:00,8,0,Weekday,Summer,No,82.42,90.52,22.02
2023-08-24 01:00,8,1,Weekday,Summer,No,81.41,89.58,23.04
2023-08-24 02:00,8,2,Weekday,Summer,No,80.44,90.84,22.65
2023-08-24 03:00,8,3,Weekday,Summer,No,78.28,90.0,19.38
2023-08-24 04:00,8,4,Weekday,Summer,No,75.84,88.06,19.15
2023-08-24 05:00,8,5,Weekday,Summer,No,74.39,87.73,13.85
2023-08-24 06:00,8,6,Weekday,Summer,No,75.72,89.27,21.38
2023-08-24 07:00,8,7,Weekday,Summer,No,78.78,87.85,23.9
2023-08-24 08:00,8,8,Weekday,Summer,Yes,78.9,88.22,25.89
2023-08-24 09:00,8,9,Weekday,Summer,Yes,82.7,90.63,22.52
2023-08-24 10:00,8,10,Weekday,Summer,Yes,86.63,90.72,27.66
2023-08-24 11:00,8,11,Weekday,Summer,Yes,87.6,91.87,24.76
2023-08-24 12:00,8,12,Weekday,Summer,Yes,90.92,92.71,26.1
2023-08-24 13:00,8,13,Weekday,Summer,Yes,91.86,93.29,27.9
2023-08-24 14:00,8,14,Weekday,Summer,Yes,86.32,92.32,22.69
2023-08-24 15:00,8,15,Weekday,Summer,Yes,81.78,90.97,24.45
2023-08-24 16:00,8,16,Weekday,Summer,Yes,83.27,90.35,21.43
2023-08-24 17:00,8,17,Weekday,Summer,Yes,77.99,88.65,26.34
2023-08-24 18:00,8,18,Weekday,Summer,No,71.26,86.53,13.44
2023-08-24 19:00,8,19,Weekday,Summer,No,70.61,86.62,19.6
2023-08-24 20:00,8,20,Weekday,Summer,No,69.9,86.49,15.6
2023-08-24 21:00,8,21,Weekday,Summer,No,68.45,86.37,14.45
2023-08-24 22:00,8,22,Weekday,Summer,No,68.63,85.45,19.37
2023-08-24 23:00,8,23,Weekday,Summer,No,69.6,87.03,14.0
2023-08-25 00:00,8,0,Weekday,Summer,No,69.46,85.56,18.02
2023-08-25 01:00,8,1,Weekday,Summer,No,69.6,86.67,13.61
2023-08-25 02:00,8,2,Weekday,Summer,No,69.46,85.57,20.11
2023-08-25 03:00,8,3,Weekday,Summer,No,67.82,86.4,13.77
2023-08-25 04:00,8,4,Weekday,Summer,No,68.18,85.25,17.92
2023-08-25 05:00,8,5,Weekday,Summer,No,69.6,86.33,13.43
2023-08-25 06:00,8,6,Weekday,Summer,No,70.61,87.45,17.81
2023-08-25 07:00,8,7,Weekday,Summer,No,73.37,87.11,18.07
2023-08-25 08:00,8,8,Weekday,Summer,Yes,77.96,89.37,22.76
2023-08-25 09:00,8,9,Weekday,Summer,Yes,81.74,90.12,24.44
2023-08-25 10:00,8,10,Weekday,Summer,Yes,85.36,91.18,26.6
2023-08-25 11:00,8,11,Weekday,Summer,Yes,88.76,93.3,24.07
2023-08-25 12:00,8,12,Weekday,Summer,Yes,86.49,92.74,29.3
2023-08-25 13:00,8,13,Weekday,Summer,Yes,86.33,90.8,24.72
2023-08-25 14:00,8,14,Weekday,Summer,Yes,87.46,91.23,24.63
2023-08-25 15:00,8,15,Weekday,Summer,Yes,85.3,91.61,24.6
2023-08-25 16:00,8,16,Weekday,Summer,Yes,82.24,90.53,23.07
2023-08-25 17:00,8,17,Weekday,Summer,Yes,79.81,89.9,24.02
2023-08-25 18:00,8,18,Weekday,Summer,No,73.73,88.27,21.56
2023-08-25 19:00,8,19,Weekday,Summer,No,72.29,88.62,16.66
2023-08-25 20:00,8,20,Weekday,Summer,No,72.78,86.33,15.43
2023-08-25 21:00,8,21,Weekday,Summer,No,70.81,85.62,20.24
2023-08-25 22:00,8,22,Weekday,Summer,No,69.98,87.46,17.97
2023-08-25 23:00,8,23,Weekday,Summer,No,71.14,86.57,18.74
2023-08-26 00:00,8,0,Weekend,Summer,No,71.44,87.79,16.55
2023-08-26 01:00,8,1,Weekend,Summer,No,71.06,85.97,20.9
2023-08-26 02:00,8,2,Weekend,Summer,No,71.06,86.51,14.99
2023-08-26 03:00,8,3,Weekend,Summer,No,69.9,86.71,18.85
2023-08-26 04:00,8,4,Weekend,Summer,No,68.45,86.48,16.91
2023-08-26 05:00,8,5,Weekend,Summer,No,66.84,86.07,13.07
2023-08-26 06:00,8,6,Weekend,Summer,No,67.18,86.09,15.52
2023-08-26 07:00,8,7,Weekend,Summer,No,70.94,86.94,19.54
2023-08-26 08:00,8,8,Weekend,Summer,No,76.5,88.74,22.38
2023-08-26 09:00,8,9,Weekend,Summer,No,80.13,90.23,16.63
2023-08-26 10:00,8,10,Weekend,Summer,No,83.27,90.59,23.61
2023-08-26 11:00,8,11,Weekend,Summer,No,87.34,91.96,24.46
2023-08-26 12:00,8,12,Weekend,Summer,No,89.06,90.17,25.09
2023-08-26 13:00,8,13,Weekend,Summer,No,90.22,92.78,20.14
2023-08-26 14:00,8,14,Weekend,Summer,No,90.41,92.47,17.44
2023-08-26 15:00,8,15,Weekend,Summer,No,84.18,91.05,25.49
2023-08-26 16:00,8,16,Weekend,Summer,No,78.9,88.72,19.75
2023-08-26 17:00,8,17,Weekend,Summer,No,78.08,88.55,13.97
2023-08-26 18:00,8,18,Weekend,Summer,No,78.08,90.79,23.5
2023-08-26 19:00,8,19,Weekend,Summer,No,77.45,88.46,23.79
2023-08-26 20:00,8,20,Weekend,Summer,No,74.06,87.1,19.05
2023-08-26 21:00,8,21,Weekend,Summer,No,70.81,87.02,18.6
2023-08-26 22:00,8,22,Weekend,Summer,No,71.14,88.21,15.76
2023-08-26 23:00,8,23,Weekend,Summer,No,70.81,86.74,13.51
2023-08-27 00:00,8,0,Weekend,Summer,No,67.67,86.46,14.65
2023-08-27 01:00,8,1,Weekend,Summer,No,66.02,87.62,15.51
2023-08-27 02:00,8,2,Weekend,Summer,No,64.86,84.88,13.94
2023-08-27 03:00,8,3,Weekend,Summer,No,64.04,84.74,15.94
2023-08-27 04:00,8,4,Weekend,Summer,No,65.19,85.25,14.05
2023-08-27 05:00,8,5,Weekend,Summer,No,65.39,86.12,17.88
2023-08-27 06:00,8,6,Weekend,Summer,No,65.57,85.52,15.36
2023-08-27 07:00,8,7,Weekend,Summer,No,68.96,85.65,17.07
2023-08-27 08:00,8,8,Weekend,Summer,No,74.53,86.5,18.01
2023-08-27 09:00,8,9,Weekend,Summer,No,79.94,89.01,15.16
2023-08-27 10:00,8,10,Weekend,Summer,No,84.98,91.47,24.84
2023-08-27 11:00,8,11,Weekend,Summer,No,88.76,91.89,23.81
2023-08-27 12:00,8,12,Weekend,Summer,No,89.96,92.87,24.76
2023-08-27 13:00,8,13,Weekend,Summer,No,91.12,93.39,27.34
2023-08-27 14:00,8,14,Weekend,Summer,No,93.1,92.96,27.28
2023-08-27 15:00,8,15,Weekend,Summer,No,94.55,92.8,24.29
2023-08-27 16:00,8,16,Weekend,Summer,No,95.0,93.5,23.67
2023-08-27 17:00,8,17,Weekend,Summer,No,92.69,92.57,23.45
2023-08-27 18:00,8,18,Weekend,Summer,No,89.88,91.98,24.83
2023-08-27 19:00,8,19,Weekend,Summer,No,87.9,91.73,22.58
2023-08-27 20:00,8,20,Weekend,Summer,No,83.51,90.71,22.49
2023-08-27 21:00,8,21,Weekend,Summer,No,79.81,88.75,18.75
2023-08-27 22:00,8,22,Weekend,Summer,No,76.67,88.41,18.7
2023-08-27 23:00,8,23,Weekend,Summer,No,75.54,88.01,22.14
2023-08-28 00:00,8,0,Weekday,Summer,No,74.24,88.25,16.74
2023-08-28 01:00,8,1,Weekday,Summer,No,71.88,87.13,17.03
2023-08-28 02:00,8,2,Weekday,Summer,No,70.43,86.75,18.54
2023-08-28 03:00,8,3,Weekday,Summer,No,68.82,85.72,13.84
2023-08-28 04:00,8,4,Weekday,Summer,No,67.37,84.89,18.82
2023-08-28 05:00,8,5,Weekday,Summer,No,67.55,85.78,13.15
2023-08-28 06:00,8,6,Weekday,Summer,No,69.16,86.88,15.38
2023-08-28 07:00,8,7,Weekday,Summer,No,74.08,88.16,13.33
2023-08-28 08:00,8,8,Weekday,Summer,Yes,81.1,89.42,23.87
2023-08-28 09:00,8,9,Weekday,Summer,Yes,86.96,92.41,30.3
2023-08-28 10:00,8,10,Weekday,Summer,Yes,91.37,90.16,26.05
2023-08-28 11:00,8,11,Weekday,Summer,Yes,94.18,92.19,22.74
2023-08-28 12:00,8,12,Weekday,Summer,Yes,95.63,93.66,28.8
2023-08-28 13:00,8,13,Weekday,Summer,Yes,96.6,94.39,30.93
2023-08-28 14:00,8,14,Weekday,Summer,Yes,96.98,92.63,30.27
2023-08-28 15:00,8,15,Weekday,Summer,Yes,96.46,92.61,32.14
2023-08-28 16:00,8,16,Weekday,Summer,Yes,96.6,91.71,29.9
2023-08-28 17:00,8,17,Weekday,Summer,Yes,96.46,93.66,31.11
2023-08-28 18:00,8,18,Weekday,Summer,No,93.66,93.4,26.92
2023-08-28 19:00,8,19,Weekday,Summer,No,89.63,91.59,28.98
2023-08-28 20:00,8,20,Weekday,Summer,No,85.67,90.7,24.08
2023-08-28 21:00,8,21,Weekday,Summer,No,83.39,91.44,21.87
2023-08-28 22:00,8,22,Weekday,Summer,No,81.26,88.85,20.86
2023-08-28 23:00,8,23,Weekday,Summer,No,80.06,88.95,20.57
2023-08-29 00:00,8,0,Weekday,Summer,No,80.06,90.07,22.99
2023-08-29 01:00,8,1,Weekday,Summer,No,79.43,89.11,24.15
2023-08-29 02:00,8,2,Weekday,Summer,No,78.46,90.46,17.69
2023-08-29 03:00,8,3,Weekday,Summer,No,78.08,90.0,20.73
2023-08-29 04:00,8,4,Weekday,Summer,No,78.08,89.37,18.62
2023-08-29 05:00,8,5,Weekday,Summer,No,78.08,87.58,16.18
2023-08-29 06:00,8,6,Weekday,Summer,No,78.08,87.83,22.97
2023-08-29 07:00,8,7,Weekday,Summer,No,80.92,87.54,20.15
2023-08-29 08:00,8,8,Weekday,Summer,Yes,85.36,90.89,24.1
2023-08-29 09:00,8,9,Weekday,Summer,Yes,89.39,92.39,27.61
2023-08-29 10:00,8,10,Weekday,Summer,Yes,92.72,92.79,26.81
2023-08-29 11:00,8,11,Weekday,Summer,Yes,95.18,92.79,29.16
2023-08-29 12:00,8,12,Weekday,Summer,Yes,94.3,92.51,31.0
2023-08-29 13:00,8,13,Weekday,Summer,Yes,95.33,92.37,27.93
2023-08-29 14:00,8,14,Weekday,Summer,Yes,88.27,90.57,27.98
2023-08-29 15:00,8,15,Weekday,Summer,Yes,87.29,90.98,25.79
2023-08-29 16:00,8,16,Weekday,Summer,Yes,88.73,92.72,26.7
2023-08-29 17:00,8,17,Weekday,Summer,Yes,87.08,91.54,25.3
2023-08-29 18:00,8,18,Weekday,Summer,No,84.66,90.11,23.23
2023-08-29 19:00,8,19,Weekday,Summer,No,81.26,88.41,17.61
2023-08-29 20:00,8,20,Weekday,Summer,No,80.58,88.76,14.16
2023-08-29 21:00,8,21,Weekday,Summer,No,80.44,90.5,22.62
2023-08-29 22:00,8,22,Weekday,Summer,No,80.06,89.96,22.36
2023-08-29 23:00,8,23,Weekday,Summer,No,77.65,88.25,22.98
2023-08-30 00:00,8,0,Weekday,Summer,No,74.76,87.69,16.76
2023-08-30 01:00,8,1,Weekday,Summer,No,73.42,87.58,18.73
2023-08-30 02:00,8,2,Weekday,Summer,No,72.41,88.8,18.47
2023-08-30 03:00,8,3,Weekday,Summer,No,71.96,86.63,13.44
2023-08-30 04:00,8,4,Weekday,Summer,No,71.96,88.77,16.12
2023-08-30 05:00,8,5,Weekday,Summer,No,70.28,87.74,19.22
2023-08-30 06:00,8,6,Weekday,Summer,No,70.76,87.48,12.29
2023-08-30 07:00,8,7,Weekday,Summer,No,76.68,88.56,15.38
2023-08-30 08:00,8,8,Weekday,Summer,Yes,82.37,89.52,18.98
2023-08-30 09:00,8,9,Weekday,Summer,Yes,86.33,91.2,24.51
2023-08-30 10:00,8,10,Weekday,Summer,Yes,90.92,92.43,29.12
2023-08-30 11:00,8,11,Weekday,Summer,Yes,95.33,93.46,27.62
2023-08-30 12:00,8,12,Weekday,Summer,Yes,98.14,93.64,33.43
2023-08-30 13:00,8,13,Weekday,Summer,Yes,99.59,95.62,32.9
2023-08-30 14:00,8,14,Weekday,Summer,Yes,99.41,94.18,31.25
2023-08-30 15:00,8,15,Weekday,Summer,Yes,100.12,94.48,30.25
2023-08-30 16:00,8,16,Weekday,Summer,Yes,100.42,94.88,28.55
2023-08-30 17:00,8,17,Weekday,Summer,Yes,99.41,96.87,28.68
2023-08-30 18:00,8,18,Weekday,Summer,No,96.65,95.32,24.56
2023-08-30 19:00,8,19,Weekday,Summer,No,90.9,93.96,23.61
2023-08-30 20:00,8,20,Weekday,Summer,No,85.04,90.03,21.41
2023-08-30 21:00,8,21,Weekday,Summer,No,82.42,89.19,20.77
2023-08-30 22:00,8,22,Weekday,Summer,No,80.88,89.57,22.84
2023-08-30 23:00,8,23,Weekday,Summer,No,78.9,88.2,19.3
2023-08-31 00:00,8,0,Weekday,Summer,No,77.45,87.9,19.97
2023-08-31 01:00,8,1,Weekday,Summer,No,77.63,89.54,20.9
2023-08-31 02:00,8,2,Weekday,Summer,No,75.14,89.19,17.54
2023-08-31 03:00,8,3,Weekday,Summer,No,72.41,87.51,19.97
2023-08-31 04:00,8,4,Weekday,Summer,No,71.96,88.14,15.82
2023-08-31 05:00,8,5,Weekday,Summer,No,71.96,87.94,21.26
2023-08-31 06:00,8,6,Weekday,Summer,No,72.59,86.52,19.84
2023-08-31 07:00,8,7,Weekday,Summer,No,76.5,87.45,21.84
2023-08-31 08:00,8,8,Weekday,Summer,Yes,83.08,89.9,29.11
2023-08-31 09:00,8,9,Weekday,Summer,Yes,91.25,93.34,25.55
2023-08-31 10:00,8,10,Weekday,Summer,Yes,95.63,94.0,28.08
2023-08-31 11:00,8,11,Weekday,Summer,Yes,97.24,95.26,26.4
2023-08-31 12:00,8,12,Weekday,Summer,Yes,98.58,94.62,29.19
2023-08-31 13:00,8,13,Weekday,Summer,Yes,100.12,94.36,29.36
2023-08-31 14:00,8,14,Weekday,Summer,Yes,99.26,96.52,35.7
2023-08-31 15:00,8,15,Weekday,Summer,Yes,99.74,94.92,34.24
2023-08-31 16:00,8,16,Weekday,Summer,Yes,98.1,94.28,31.6
2023-08-31 17:00,8,17,Weekday,Summer,Yes,96.08,93.62,29.67
2023-08-31 18:00,8,18,Weekday,Summer,No,93.66,93.02,22.92
2023-08-31 19:00,8,19,Weekday,Summer,No,90.26,94.11,21.79
2023-08-31 20:00,8,20,Weekday,Summer,No,87.9,91.54,23.63
2023-08-31 21:00,8,21,Weekday,Summer,No,85.61,90.65,18.36
2023-08-31 22:00,8,22,Weekday,Summer,No,83.2,90.0,23.53
2023-08-31 23:00,8,23,Weekday,Summer,No,80.75,87.55,20.36
2023-09-01 00:00,9,0,Weekday,Fall,No,78.33,88.61,19.95
2023-09-01 01:00,9,1,Weekday,Fall,No,75.89,87.77,22.41
2023-09-01 02:00,9,2,Weekday,Fall,No,73.47,88.54,15.34
2023-09-01 03:00,9,3,Weekday,Fall,No,71.03,87.37,16.46
2023-09-01 04:00,9,4,Weekday,Fall,No,70.61,85.47,14.95
2023-09-01 05:00,9,5,Weekday,Fall,No,71.06,85.3,17.66
2023-09-01 06:00,9,6,Weekday,Fall,No,71.06,86.26,17.78
2023-09-01 07:00,9,7,Weekday,Fall,No,73.37,85.62,20.49
2023-09-01 08:00,9,8,Weekday,Fall,Yes,77.33,88.72,21.18
2023-09-01 09:00,9,9,Weekday,Fall,Yes,80.76,89.8,25.64
2023-09-01 10:00,9,10,Weekday,Fall,Yes,83.72,90.21,22.7
2023-09-01 11:00,9,11,Weekday,Fall,Yes,85.55,91.61,30.14
2023-09-01 12:00,9,12,Weekday,Fall,Yes,88.94,91.65,28.33
2023-09-01 13:00,9,13,Weekday,Fall,Yes,92.2,92.51,29.4
2023-09-01 14:00,9,14,Weekday,Fall,Yes,92.39,93.61,31.43
2023-09-01 15:00,9,15,Weekday,Fall,Yes,92.57,92.36,27.68
2023-09-01 16:00,9,16,Weekday,Fall,Yes,93.02,93.17,30.92
2023-09-01 17:00,9,17,Weekday,Fall,Yes,91.86,91.58,26.41
2023-09-01 18:00,9,18,Weekday,Fall,No,89.88,91.09,22.86
2023-09-01 19:00,9,19,Weekday,Fall,No,87.9,91.34,24.09
2023-09-01 20:00,9,20,Weekday,Fall,No,86.45,91.56,25.82
2023-09-01 21:00,9,21,Weekday,Fall,No,83.69,89.12,23.6
2023-09-01 22:00,9,22,Weekday,Fall,No,80.26,89.59,17.55
2023-09-01 23:00,9,23,Weekday,Fall,No,78.46,89.47,16.38
2023-09-02 00:00,9,0,Weekend,Fall,No,77.45,87.6,17.66
2023-09-02 01:00,9,1,Weekend,Fall,No,75.84,88.89,21.9
2023-09-02 02:00,9,2,Weekend,Fall,No,74.39,88.68,17.68
2023-09-02 03:00,9,3,Weekend,Fall,No,73.42,88.2,18.72
2023-09-02 04:00,9,4,Weekend,Fall,No,73.04,86.32,14.94
2023-09-02 05:00,9,5,Weekend,Fall,No,72.41,86.83,20.22
2023-09-02 06:00,9,6,Weekend,Fall,No,71.96,87.45,17.99
2023-09-02 07:00,9,7,Weekend,Fall,No,75.53,89.4,17.27
2023-09-02 08:00,9,8,Weekend,Fall,No,80.92,90.81,23.34
2023-09-02 09:00,9,9,Weekend,Fall,No,84.72,89.23,24.5
2023-09-02 10:00,9,10,Weekend,Fall,No,87.16,91.82,23.5
2023-09-02 11:00,9,11,Weekend,Fall,No,89.77,91.59,20.7
2023-09-02 12:00,9,12,Weekend,Fall,No,91.56,92.01,27.51
2023-09-02 13:00,9,13,Weekend,Fall,No,92.57,92.57,24.63
2023-09-02 14:00,9,14,Weekend,Fall,No,95.96,93.72,31.8
2023-09-02 15:00,9,15,Weekend,Fall,No,96.28,95.35,24.99
2023-09-02 16:00,9,16,Weekend,Fall,No,95.0,92.61,25.02
2023-09-02 17:00,9,17,Weekend,Fall,No,93.22,92.53,28.97
2023-09-02 18:00,9,18,Weekend,Fall,No,90.78,92.25,25.57
2023-09-02 19:00,9,19,Weekend,Fall,No,88.8,92.8,25.56
2023-09-02 20:00,9,20,Weekend,Fall,No,87.46,91.37,23.18
2023-09-02 21:00,9,21,Weekend,Fall,No,84.66,91.23,20.03
2023-09-02 22:00,9,22,Weekend,Fall,No,81.78,88.72,22.21
2023-09-02 23:00,9,23,Weekend,Fall,No,80.44,90.51,20.65
2023-09-03 00:00,9,0,Weekend,Fall,No,79.43,90.32,15.2
2023-09-03 01:00,9,1,Weekend,Fall,No,77.82,89.4,22.1
2023-09-03 02:00,9,2,Weekend,Fall,No,76.37,88.46,18.22
2023-09-03 03:00,9,3,Weekend,Fall,No,75.4,88.89,14.69
2023-09-03 04:00,9,4,Weekend,Fall,No,73.86,88.34,17.0
2023-09-03 05:00,9,5,Weekend,Fall,No,73.04,87.98,17.79
2023-09-03 06:00,9,6,Weekend,Fall,No,73.04,87.13,18.88
2023-09-03 07:00,9,7,Weekend,Fall,No,76.5,87.84,19.44
2023-09-03 08:00,9,8,Weekend,Fall,No,81.29,90.68,23.26
2023-09-03 09:00,9,9,Weekend,Fall,No,85.36,90.58,24.18
2023-09-03 10:00,9,10,Weekend,Fall,No,88.23,92.81,23.75
2023-09-03 11:00,9,11,Weekend,Fall,No,90.22,92.62,23.06
2023-09-03 12:00,9,12,Weekend,Fall,No,93.35,93.56,19.19
2023-09-03 13:00,9,13,Weekend,Fall,No,95.0,94.0,28.84
2023-09-03 14:00,9,14,Weekend,Fall,No,95.0,94.36,23.39
2023-09-03 15:00,9,15,Weekend,Fall,No,96.16,94.23,24.16
2023-09-03 16:00,9,16,Weekend,Fall,No,95.82,93.13,31.49
2023-09-03 17:00,9,17,Weekend,Fall,No,93.84,94.04,25.62
2023-09-03 18:00,9,18,Weekend,Fall,No,87.14,91.85,25.32
2023-09-03 19:00,9,19,Weekend,Fall,No,80.63,88.7,19.76
2023-09-03 20:00,9,20,Weekend,Fall,No,80.76,89.24,15.08
2023-09-03 21:00,9,21,Weekend,Fall,No,81.41,89.89,21.86
2023-09-03 22:00,9,22,Weekend,Fall,No,79.81,89.51,20.12
2023-09-03 23:00,9,23,Weekend,Fall,No,78.98,90.03,21.93
2023-09-04 00:00,9,0,Weekday,Fall,No,78.46,89.24,21.07
2023-09-04 01:00,9,1,Weekday,Fall,No,76.3,88.06,19.39
2023-09-04 02:00,9,2,Weekday,Fall,No,73.86,87.65,19.81
2023-09-04 03:00,9,3,Weekday,Fall,No,74.19,87.73,21.45
2023-09-04 04:00,9,4,Weekday,Fall,No,74.39,87.24,22.47
2023-09-04 05:00,9,5,Weekday,Fall,No,75.1,89.36,17.8
2023-09-04 06:00,9,6,Weekday,Fall,No,75.4,88.75,19.3
2023-09-04 07:00,9,7,Weekday,Fall,No,77.96,89.7,19.28
2023-09-04 08:00,9,8,Weekday,Fall,Yes,82.37,90.01,27.82
2023-09-04 09:00,9,9,Weekday,Fall,Yes,85.8,91.33,21.01
2023-09-04 10:00,9,10,Weekday,Fall,Yes,87.6,91.09,25.57
2023-09-04 11:00,9,11,Weekday,Fall,Yes,88.61,90.61,27.0
2023-09-04 12:00,9,12,Weekday,Fall,Yes,90.74,92.81,24.76
2023-09-04 13:00,9,13,Weekday,Fall,Yes,92.57,92.17,30.92
2023-09-04 14:00,9,14,Weekday,Fall,Yes,93.02,94.32,28.25
2023-09-04 15:00,9,15,Weekday,Fall,Yes,93.02,92.1,28.1
2023-09-04 16:00,9,16,Weekday,Fall,Yes,93.02,92.65,29.08
2023-09-04 17:00,9,17,Weekday,Fall,Yes,93.02,92.42,25.87
2023-09-04 18:00,9,18,Weekday,Fall,No,91.23,92.48,25.04
2023-09-04 19:00,9,19,Weekday,Fall,No,87.65,89.36,23.26
2023-09-04 20:00,9,20,Weekday,Fall,No,85.37,90.35,21.38
2023-09-04 21:00,9,21,Weekday,Fall,No,83.24,89.82,20.79
2023-09-04 22:00,9,22,Weekday,Fall,No,82.04,89.38,22.87
2023-09-04 23:00,9,23,Weekday,Fall,No,80.88,92.04,21.58
2023-09-05 00:00,9,0,Weekday,Fall,No,79.43,89.1,18.44
2023-09-05 01:00,9,1,Weekday,Fall,No,78.46,88.51,20.59
2023-09-05 02:00,9,2,Weekday,Fall,No,76.82,88.62,20.84
2023-09-05 03:00,9,3,Weekday,Fall,No,75.4,88.2,12.43
2023-09-05 04:00,9,4,Weekday,Fall,No,75.54,89.64,17.8
2023-09-05 05:00,9,5,Weekday,Fall,No,74.24,88.68,18.83
2023-09-05 06:00,9,6,Weekday,Fall,No,73.56,87.35,15.0
2023-09-05 07:00,9,7,Weekday,Fall,No,76.88,88.67,18.7
2023-09-05 08:00,9,8,Weekday,Fall,Yes,81.92,91.6,23.35
2023-09-05 09:00,9,9,Weekday,Fall,Yes,85.18,90.52,25.66
2023-09-05 10:00,9,10,Weekday,Fall,Yes,87.78,92.18,28.08
2023-09-05 11:00,9,11,Weekday,Fall,Yes,89.58,91.24,31.47
2023-09-05 12:00,9,12,Weekday,Fall,Yes,90.59,93.61,30.39
2023-09-05 13:00,9,13,Weekday,Fall,Yes,86.32,89.16,23.76
2023-09-05 14:00,9,14,Weekday,Fall,Yes,81.26,87.28,20.75
2023-09-05 15:00,9,15,Weekday,Fall,Yes,77.65,89.09,24.41
2023-09-05 16:00,9,16,Weekday,Fall,Yes,75.92,88.32,22.82
2023-09-05 17:00,9,17,Weekday,Fall,Yes,73.61,87.13,16.6
2023-09-05 18:00,9,18,Weekday,Fall,No,69.02,86.17,14.42
2023-09-05 19:00,9,19,Weekday,Fall,No,66.92,86.83,16.3
2023-09-05 20:00,9,20,Weekday,Fall,No,66.4,85.23,17.71
2023-09-05 21:00,9,21,Weekday,Fall,No,66.54,85.24,18.12
2023-09-05 22:00,9,22,Weekday,Fall,No,68.18,86.42,13.74
2023-09-05 23:00,9,23,Weekday,Fall,No,69.08,86.83,19.51
2023-09-06 00:00,9,0,Weekday,Fall,No,70.24,87.83,14.76
2023-09-06 01:00,9,1,Weekday,Fall,No,68.65,86.48,17.48
2023-09-06 02:00,9,2,Weekday,Fall,No,66.4,85.73,17.93
2023-09-06 03:00,9,3,Weekday,Fall,No,66.02,85.35,11.9
2023-09-06 04:00,9,4,Weekday,Fall,No,66.02,86.09,15.7
2023-09-06 05:00,9,5,Weekday,Fall,No,65.39,85.71,14.08
2023-09-06 06:00,9,6,Weekday,Fall,No,66.1,87.36,16.04
2023-09-06 07:00,9,7,Weekday,Fall,No,70.49,88.54,14.66
2023-09-06 08:00,9,8,Weekday,Fall,Yes,74.72,87.46,21.97
2023-09-06 09:00,9,9,Weekday,Fall,Yes,77.7,88.11,21.45
2023-09-06 10:00,9,10,Weekday,Fall,Yes,81.29,88.95,23.54
2023-09-06 11:00,9,11,Weekday,Fall,Yes,84.1,90.34,31.78
2023-09-06 12:00,9,12,Weekday,Fall,Yes,86.18,89.58,25.02
2023-09-06 13:00,9,13,Weekday,Fall,Yes,87.6,91.5,26.35
2023-09-06 14:00,9,14,Weekday,Fall,Yes,87.98,91.61,24.34
2023-09-06 15:00,9,15,Weekday,Fall,Yes,88.61,92.15,24.96
2023-09-06 16:00,9,16,Weekday,Fall,Yes,89.06,90.72,27.85
2023-09-06 17:00,9,17,Weekday,Fall,Yes,87.9,91.86,27.05
2023-09-06 18:00,9,18,Weekday,Fall,No,85.82,91.53,24.49
2023-09-06 19:00,9,19,Weekday,Fall,No,83.24,90.46,22.35
2023-09-06 20:00,9,20,Weekday,Fall,No,80.88,88.19,23.96
2023-09-06 21:00,9,21,Weekday,Fall,No,77.65,88.65,20.54
2023-09-06 22:00,9,22,Weekday,Fall,No,74.76,87.9,17.95
2023-09-06 23:00,9,23,Weekday,Fall,No,73.42,86.99,14.41
2023-09-07 00:00,9,0,Weekday,Fall,No,73.04,88.77,19.79
2023-09-07 01:00,9,1,Weekday,Fall,No,70.73,86.25,17.61
2023-09-07 02:00,9,2,Weekday,Fall,No,68.45,86.38,18.36
2023-09-07 03:00,9,3,Weekday,Fall,No,67.37,87.12,13.03
2023-09-07 04:00,9,4,Weekday,Fall,No,66.92,84.55,13.28
2023-09-07 05:00,9,5,Weekday,Fall,No,65.76,83.94,13.97
2023-09-07 06:00,9,6,Weekday,Fall,No,66.1,85.15,17.9
2023-09-07 07:00,9,7,Weekday,Fall,No,71.02,86.12,16.09
2023-09-07 08:00,9,8,Weekday,Fall,Yes,75.1,88.44,14.6
2023-09-07 09:00,9,9,Weekday,Fall,Yes,79.49,88.74,22.43
2023-09-07 10:00,9,10,Weekday,Fall,Yes,83.72,91.15,24.87
2023-09-07 11:00,9,11,Weekday,Fall,Yes,87.86,92.08,22.85
2023-09-07 12:00,9,12,Weekday,Fall,Yes,91.12,91.21,25.84
2023-09-07 13:00,9,13,Weekday,Fall,Yes,91.94,93.12,28.09
2023-09-07 14:00,9,14,Weekday,Fall,Yes,92.57,91.89,32.91
2023-09-07 15:00,9,15,Weekday,Fall,Yes,93.54,92.96,25.35
2023-09-07 16:00,9,16,Weekday,Fall,Yes,93.4,93.73,26.2
2023-09-07 17:00,9,17,Weekday,Fall,Yes,91.86,91.55,26.1
2023-09-07 18:00,9,18,Weekday,Fall,No,89.26,92.58,26.06
2023-09-07 19:00,9,19,Weekday,Fall,No,86.2,90.31,21.89
2023-09-07 20:00,9,20,Weekday,Fall,No,84.4,91.28,21.97
2023-09-07 21:00,9,21,Weekday,Fall,No,83.39,90.3,25.13
2023-09-07 22:00,9,22,Weekday,Fall,No,81.78,89.08,24.2
2023-09-07 23:00,9,23,Weekday,Fall,No,79.28,89.29,20.13
2023-09-08 00:00,9,0,Weekday,Fall,No,76.3,89.43,22.43
2023-09-08 01:00,9,1,Weekday,Fall,No,75.02,86.71,11.92
2023-09-08 02:00,9,2,Weekday,Fall,No,74.39,87.3,23.95
2023-09-08 03:00,9,3,Weekday,Fall,No,73.94,87.1,17.53
2023-09-08 04:00,9,4,Weekday,Fall,No,74.57,86.2,17.55
2023-09-08 05:00,9,5,Weekday,Fall,No,75.02,88.25,19.69
2023-09-08 06:00,9,6,Weekday,Fall,No,75.02,87.79,14.59
2023-09-08 07:00,9,7,Weekday,Fall,No,76.18,86.81,20.84
2023-09-08 08:00,9,8,Weekday,Fall,Yes,78.78,88.33,23.0
2023-09-08 09:00,9,9,Weekday,Fall,Yes,82.37,89.91,24.26
2023-09-08 10:00,9,10,Weekday,Fall,Yes,84.54,90.52,27.22
2023-09-08 11:00,9,11,Weekday,Fall,Yes,86.7,91.38,25.72
2023-09-08 12:00,9,12,Weekday,Fall,Yes,89.14,90.97,25.5
2023-09-08 13:00,9,13,Weekday,Fall,Yes,89.96,93.34,27.39
2023-09-08 14:00,9,14,Weekday,Fall,Yes,89.96,92.45,28.13
2023-09-08 15:00,9,15,Weekday,Fall,Yes,91.12,91.81,24.92
2023-09-08 16:00,9,16,Weekday,Fall,Yes,90.78,93.66,28.68
2023-09-08 17:00,9,17,Weekday,Fall,Yes,80.09,89.41,25.51
2023-09-08 18:00,9,18,Weekday,Fall,No,74.19,86.54,21.68
2023-09-08 19:00,9,19,Weekday,Fall,No,75.54,88.57,18.67
2023-09-08 20:00,9,20,Weekday,Fall,No,76.55,89.54,18.03
2023-09-08 21:00,9,21,Weekday,Fall,No,76.37,88.6,20.33
2023-09-08 22:00,9,22,Weekday,Fall,No,75.92,88.65,17.01
2023-09-08 23:00,9,23,Weekday,Fall,No,75.4,88.69,16.0
2023-09-09 00:00,9,0,Weekend,Fall,No,74.39,87.49,21.39
2023-09-09 01:00,9,1,Weekend,Fall,No,72.78,87.55,17.69
2023-09-09 02:00,9,2,Weekend,Fall,No,71.44,86.01,14.83
2023-09-09 03:00,9,3,Weekend,Fall,No,71.06,86.77,17.61
2023-09-09 04:00,9,4,Weekend,Fall,No,70.43,86.81,16.8
2023-09-09 05:00,9,5,Weekend,Fall,No,69.46,85.89,14.74
2023-09-09 06:00,9,6,Weekend,Fall,No,69.6,86.84,15.67
2023-09-09 07:00,9,7,Weekend,Fall,No,72.29,85.59,16.4
2023-09-09 08:00,9,8,Weekend,Fall,No,76.35,89.04,18.77
2023-09-09 09:00,9,9,Weekend,Fall,No,80.39,89.65,23.13
2023-09-09 10:00,9,10,Weekend,Fall,No,83.72,89.93,20.24
2023-09-09 11:00,9,11,Weekend,Fall,No,87.34,92.28,20.52
2023-09-09 12:00,9,12,Weekend,Fall,No,89.06,91.16,23.03
2023-09-09 13:00,9,13,Weekend,Fall,No,89.58,92.21,19.57
2023-09-09 14:00,9,14,Weekend,Fall,No,91.74,92.14,24.92
2023-09-09 15:00,9,15,Weekend,Fall,No,93.02,92.91,27.41
2023-09-09 16:00,9,16,Weekend,Fall,No,91.86,92.41,24.5
2023-09-09 17:00,9,17,Weekend,Fall,No,90.41,92.25,22.49
2023-09-09 18:00,9,18,Weekend,Fall,No,87.65,91.51,22.32
2023-09-09 19:00,9,19,Weekend,Fall,No,85.37,92.46,23.45
2023-09-09 20:00,9,20,Weekend,Fall,No,82.61,90.75,21.32
2023-09-09 21:00,9,21,Weekend,Fall,No,78.02,89.43,19.24
2023-09-09 22:00,9,22,Weekend,Fall,No,75.92,87.49,23.21
2023-09-09 23:00,9,23,Weekend,Fall,No,74.76,86.91,16.03
2023-09-10 00:00,9,0,Weekend,Fall,No,73.42,88.02,17.26
2023-09-10 01:00,9,1,Weekend,Fall,No,71.88,87.47,20.5
2023-09-10 02:00,9,2,Weekend,Fall,No,69.9,86.41,16.31
2023-09-10 03:00,9,3,Weekend,Fall,No,68.45,86.15,15.37
2023-09-10 04:00,9,4,Weekend,Fall,No,68.0,87.85,8.4
2023-09-10 05:00,9,5,Weekend,Fall,No,69.16,87.63,12.99
2023-09-10 06:00,9,6,Weekend,Fall,No,70.61,86.03,16.29
2023-09-10 07:00,9,7,Weekend,Fall,No,73.37,87.48,20.41
2023-09-10 08:00,9,8,Weekend,Fall,No,77.96,88.08,16.59
2023-09-10 09:00,9,9,Weekend,Fall,No,81.74,90.23,19.28
2023-09-10 10:00,9,10,Weekend,Fall,No,84.72,90.53,28.34
2023-09-10 11:00,9,11,Weekend,Fall,No,87.78,92.23,28.81
2023-09-10 12:00,9,12,Weekend,Fall,No,90.22,93.3,21.94
2023-09-10 13:00,9,13,Weekend,Fall,No,91.04,92.95,21.46
2023-09-10 14:00,9,14,Weekend,Fall,No,92.2,92.67,24.54
2023-09-10 15:00,9,15,Weekend,Fall,No,93.54,93.53,26.11
2023-09-10 16:00,9,16,Weekend,Fall,No,92.76,94.18,25.75
2023-09-10 17:00,9,17,Weekend,Fall,No,90.78,93.81,22.91
2023-09-10 18:00,9,18,Weekend,Fall,No,88.8,91.48,24.47
2023-09-10 19:00,9,19,Weekend,Fall,No,86.2,91.02,24.44
2023-09-10 20:00,9,20,Weekend,Fall,No,83.77,89.01,21.15
2023-09-10 21:00,9,21,Weekend,Fall,No,80.63,87.91,20.13
2023-09-10 22:00,9,22,Weekend,Fall,No,77.82,89.54,23.02
2023-09-10 23:00,9,23,Weekend,Fall,No,75.22,86.99,14.75
2023-09-11 00:00,9,0,Weekday,Fall,No,74.57,87.02,13.2
2023-09-11 01:00,9,1,Weekday,Fall,No,74.39,88.28,16.85
2023-09-11 02:00,9,2,Weekday,Fall,No,72.78,87.64,16.18
2023-09-11 03:00,9,3,Weekday,Fall,No,71.96,88.48,17.98
2023-09-11 04:00,9,4,Weekday,Fall,No,70.81,86.04,14.22
2023-09-11 05:00,9,5,Weekday,Fall,No,69.98,85.98,16.13
2023-09-11 06:00,9,6,Weekday,Fall,No,70.61,85.58,21.47
2023-09-11 07:00,9,7,Weekday,Fall,No,73.37,87.0,15.41
2023-09-11 08:00,9,8,Weekday,Fall,Yes,77.96,87.37,23.18
2023-09-11 09:00,9,9,Weekday,Fall,Yes,82.9,89.83,23.23
2023-09-11 10:00,9,10,Weekday,Fall,Yes,86.18,90.19,27.95
2023-09-11 11:00,9,11,Weekday,Fall,Yes,88.76,92.09,25.99
2023-09-11 12:00,9,12,Weekday,Fall,Yes,91.74,93.67,27.29
2023-09-11 13:00,9,13,Weekday,Fall,Yes,93.54,91.87,24.58
2023-09-11 14:00,9,14,Weekday,Fall,Yes,93.92,91.79,24.56
2023-09-11 15:00,9,15,Weekday,Fall,Yes,93.92,92.52,25.61
2023-09-11 16:00,9,16,Weekday,Fall,Yes,93.92,93.37,32.57
2023-09-11 17:00,9,17,Weekday,Fall,Yes,92.76,92.51,34.04
2023-09-11 18:00,9,18,Weekday,Fall,No,90.26,92.62,25.8
2023-09-11 19:00,9,19,Weekday,Fall,No,87.9,90.8,22.1
2023-09-11 20:00,9,20,Weekday,Fall,No,87.08,90.57,25.18
2023-09-11 21:00,9,21,Weekday,Fall,No,85.82,90.62,17.86
2023-09-11 22:00,9,22,Weekday,Fall,No,81.46,89.65,22.61
2023-09-11 23:00,9,23,Weekday,Fall,No,77.2,87.55,25.37
2023-09-12 00:00,9,0,Weekday,Fall,No,75.92,88.27,16.3
2023-09-12 01:00,9,1,Weekday,Fall,No,74.24,88.19,18.13
2023-09-12 02:00,9,2,Weekday,Fall,No,73.56,86.98,14.57
2023-09-12 03:00,9,3,Weekday,Fall,No,72.78,87.74,16.96
2023-09-12 04:00,9,4,Weekday,Fall,No,71.44,85.42,16.56
2023-09-12 05:00,9,5,Weekday,Fall,No,70.43,85.71,15.73
2023-09-12 06:00,9,6,Weekday,Fall,No,70.61,85.72,23.54
2023-09-12 07:00,9,7,Weekday,Fall,No,72.74,88.84,17.74
2023-09-12 08:00,9,8,Weekday,Fall,Yes,77.51,89.76,23.0
2023-09-12 09:00,9,9,Weekday,Fall,Yes,82.37,89.68,24.68
2023-09-12 10:00,9,10,Weekday,Fall,Yes,86.96,91.32,27.47
2023-09-12 11:00,9,11,Weekday,Fall,Yes,90.74,91.97,30.82
2023-09-12 12:00,9,12,Weekday,Fall,Yes,94.35,93.27,29.88
2023-09-12 13:00,9,13,Weekday,Fall,Yes,95.45,92.42,26.2
2023-09-12 14:00,9,14,Weekday,Fall,Yes,95.63,92.63,31.67
2023-09-12 15:00,9,15,Weekday,Fall,Yes,95.45,93.68,30.17
2023-09-12 16:00,9,16,Weekday,Fall,Yes,95.63,93.29,29.52
2023-09-12 17:00,9,17,Weekday,Fall,Yes,94.82,92.34,27.58
2023-09-12 18:00,9,18,Weekday,Fall,No,92.24,93.87,25.04
2023-09-12 19:00,9,19,Weekday,Fall,No,89.26,93.82,22.31
2023-09-12 20:00,9,20,Weekday,Fall,No,86.82,91.41,23.8
2023-09-12 21:00,9,21,Weekday,Fall,No,85.37,91.86,20.02
2023-09-12 22:00,9,22,Weekday,Fall,No,84.4,90.53,21.37
2023-09-12 23:00,9,23,Weekday,Fall,No,82.86,91.04,22.72
2023-09-13 00:00,9,0,Weekday,Fall,No,79.73,87.8,18.83
2023-09-13 01:00,9,1,Weekday,Fall,No,76.82,88.78,26.04
2023-09-13 02:00,9,2,Weekday,Fall,No,74.24,87.08,13.16
2023-09-13 03:00,9,3,Weekday,Fall,No,73.04,87.92,18.14
2023-09-13 04:00,9,4,Weekday,Fall,No,72.41,86.9,15.33
2023-09-13 05:00,9,5,Weekday,Fall,No,71.44,85.67,20.41
2023-09-13 06:00,9,6,Weekday,Fall,No,71.58,87.29,16.34
2023-09-13 07:00,9,7,Weekday,Fall,No,72.59,87.3,15.41
2023-09-13 08:00,9,8,Weekday,Fall,Yes,76.5,88.99,20.52
2023-09-13 09:00,9,9,Weekday,Fall,Yes,83.71,90.18,25.25
2023-09-13 10:00,9,10,Weekday,Fall,Yes,88.76,90.77,24.1
2023-09-13 11:00,9,11,Weekday,Fall,Yes,91.74,92.24,30.24
2023-09-13 12:00,9,12,Weekday,Fall,Yes,94.18,93.4,30.79
2023-09-13 13:00,9,13,Weekday,Fall,Yes,95.63,92.54,30.7
2023-09-13 14:00,9,14,Weekday,Fall,Yes,96.6,92.1,29.16
2023-09-13 15:00,9,15,Weekday,Fall,Yes,96.46,93.42,34.44
2023-09-13 16:00,9,16,Weekday,Fall,Yes,95.45,94.66,30.63
2023-09-13 17:00,9,17,Weekday,Fall,Yes,93.84,93.35,29.25
2023-09-13 18:00,9,18,Weekday,Fall,No,91.23,92.95,25.11
2023-09-13 19:00,9,19,Weekday,Fall,No,88.28,91.07,26.45
2023-09-13 20:00,9,20,Weekday,Fall,No,84.14,90.54,17.53
2023-09-13 21:00,9,21,Weekday,Fall,No,79.73,88.03,18.93
2023-09-13 22:00,9,22,Weekday,Fall,No,78.6,89.24,18.0
2023-09-13 23:00,9,23,Weekday,Fall,No,76.04,88.98,17.26
2023-09-14 00:00,9,0,Weekday,Fall,No,73.42,86.74,20.0
2023-09-14 01:00,9,1,Weekday,Fall,No,72.41,88.05,16.69
2023-09-14 02:00,9,2,Weekday,Fall,No,70.81,86.28,17.9
2023-09-14 03:00,9,3,Weekday,Fall,No,69.98,86.29,17.97
2023-09-14 04:00,9,4,Weekday,Fall,No,69.98,86.57,17.2
2023-09-14 05:00,9,5,Weekday,Fall,No,68.82,87.68,17.44
2023-09-14 06:00,9,6,Weekday,Fall,No,68.0,85.97,11.11
2023-09-14 07:00,9,7,Weekday,Fall,No,70.94,85.85,13.53
2023-09-14 08:00,9,8,Weekday,Fall,Yes,78.82,88.61,26.77
2023-09-14 09:00,9,9,Weekday,Fall,Yes,85.88,91.62,27.25
2023-09-14 10:00,9,10,Weekday,Fall,Yes,89.14,90.6,25.88
2023-09-14 11:00,9,11,Weekday,Fall,Yes,91.74,93.85,30.63
2023-09-14 12:00,9,12,Weekday,Fall,Yes,94.18,92.21,28.26
2023-09-14 13:00,9,13,Weekday,Fall,Yes,95.63,92.87,30.6
2023-09-14 14:00,9,14,Weekday,Fall,Yes,96.6,93.83,34.02
2023-09-14 15:00,9,15,Weekday,Fall,Yes,96.98,94.37,30.45
2023-09-14 16:00,9,16,Weekday,Fall,Yes,95.82,93.57,29.76
2023-09-14 17:00,9,17,Weekday,Fall,Yes,94.37,94.47,31.82
2023-09-14 18:00,9,18,Weekday,Fall,No,91.08,92.21,25.21
2023-09-14 19:00,9,19,Weekday,Fall,No,87.28,90.08,18.59
2023-09-14 20:00,9,20,Weekday,Fall,No,84.84,90.74,22.13
2023-09-14 21:00,9,21,Weekday,Fall,No,81.08,89.6,17.98
2023-09-14 22:00,9,22,Weekday,Fall,No,77.82,88.87,16.47
2023-09-14 23:00,9,23,Weekday,Fall,No,75.84,86.83,19.07
2023-09-15 00:00,9,0,Weekday,Fall,No,73.86,87.23,14.94
2023-09-15 01:00,9,1,Weekday,Fall,No,73.04,88.11,18.37
2023-09-15 02:00,9,2,Weekday,Fall,No,71.88,86.77,18.73
2023-09-15 03:00,9,3,Weekday,Fall,No,70.43,85.97,16.38
2023-09-15 04:00,9,4,Weekday,Fall,No,69.46,86.51,13.83
2023-09-15 05:00,9,5,Weekday,Fall,No,69.08,86.5,15.93
2023-09-15 06:00,9,6,Weekday,Fall,No,69.6,86.56,13.13
2023-09-15 07:00,9,7,Weekday,Fall,No,72.92,86.71,15.35
2023-09-15 08:00,9,8,Weekday,Fall,Yes,78.48,88.37,26.1
2023-09-15 09:00,9,9,Weekday,Fall,Yes,84.53,90.98,26.68
2023-09-15 10:00,9,10,Weekday,Fall,Yes,89.39,92.32,26.66
2023-09-15 11:00,9,11,Weekday,Fall,Yes,92.72,91.73,29.32
2023-09-15 12:00,9,12,Weekday,Fall,Yes,95.18,95.03,30.22
2023-09-15 13:00,9,13,Weekday,Fall,Yes,96.08,93.06,36.07
2023-09-15 14:00,9,14,Weekday,Fall,Yes,97.24,93.42,25.65
2023-09-15 15:00,9,15,Weekday,Fall,Yes,98.06,95.28,26.5
2023-09-15 16:00,9,16,Weekday,Fall,Yes,97.43,94.84,30.89
2023-09-15 17:00,9,17,Weekday,Fall,Yes,95.82,94.74,29.5
2023-09-15 18:00,9,18,Weekday,Fall,No,92.06,92.99,21.91
2023-09-15 19:00,9,19,Weekday,Fall,No,87.65,92.26,23.29
2023-09-15 20:00,9,20,Weekday,Fall,No,84.22,92.68,20.87
2023-09-15 21:00,9,21,Weekday,Fall,No,81.78,91.03,20.81
2023-09-15 22:00,9,22,Weekday,Fall,No,80.44,88.53,23.9
2023-09-15 23:00,9,23,Weekday,Fall,No,79.43,89.76,17.45
2023-09-16 00:00,9,0,Weekend,Fall,No,77.82,87.57,21.59
2023-09-16 01:00,9,1,Weekend,Fall,No,76.37,88.38,16.1
2023-09-16 02:00,9,2,Weekend,Fall,No,75.4,87.56,14.7
2023-09-16 03:00,9,3,Weekend,Fall,No,75.02,89.22,14.47
2023-09-16 04:00,9,4,Weekend,Fall,No,74.39,86.96,19.41
2023-09-16 05:00,9,5,Weekend,Fall,No,73.42,86.32,17.82
2023-09-16 06:00,9,6,Weekend,Fall,No,74.19,88.21,19.59
2023-09-16 07:00,9,7,Weekend,Fall,No,76.8,88.55,20.09
2023-09-16 08:00,9,8,Weekend,Fall,No,80.39,89.77,18.81
2023-09-16 09:00,9,9,Weekend,Fall,No,84.98,91.49,20.17
2023-09-16 10:00,9,10,Weekend,Fall,No,88.23,91.43,23.18
2023-09-16 11:00,9,11,Weekend,Fall,No,90.74,91.84,25.19
2023-09-16 12:00,9,12,Weekend,Fall,No,93.1,94.05,27.56
2023-09-16 13:00,9,13,Weekend,Fall,No,94.55,93.78,28.11
2023-09-16 14:00,9,14,Weekend,Fall,No,95.0,94.95,23.81
2023-09-16 15:00,9,15,Weekend,Fall,No,92.06,93.26,25.13
2023-09-16 16:00,9,16,Weekend,Fall,No,86.49,92.05,27.35
2023-09-16 17:00,9,17,Weekend,Fall,No,82.86,88.55,19.41
2023-09-16 18:00,9,18,Weekend,Fall,No,82.56,90.01,23.3
2023-09-16 19:00,9,19,Weekend,Fall,No,81.78,89.89,20.44
2023-09-16 20:00,9,20,Weekend,Fall,No,80.44,88.81,25.4
2023-09-16 21:00,9,21,Weekend,Fall,No,80.06,90.31,19.27
2023-09-16 22:00,9,22,Weekend,Fall,No,79.43,88.74,20.08
2023-09-16 23:00,9,23,Weekend,Fall,No,77.82,88.04,17.02
2023-09-17 00:00,9,0,Weekend,Fall,No,75.22,87.62,15.57
2023-09-17 01:00,9,1,Weekend,Fall,No,73.42,87.45,18.06
2023-09-17 02:00,9,2,Weekend,Fall,No,73.56,88.73,20.11
2023-09-17 03:00,9,3,Weekend,Fall,No,72.78,87.83,16.57
2023-09-17 04:00,9,4,Weekend,Fall,No,71.44,84.79,18.86
2023-09-17 05:00,9,5,Weekend,Fall,No,71.06,87.06,18.32
2023-09-17 06:00,9,6,Weekend,Fall,No,71.06,85.54,17.15
2023-09-17 07:00,9,7,Weekend,Fall,No,73.37,88.48,21.41
2023-09-17 08:00,9,8,Weekend,Fall,No,76.8,88.09,16.05
2023-09-17 09:00,9,9,Weekend,Fall,No,80.92,89.54,23.19
2023-09-17 10:00,9,10,Weekend,Fall,No,84.72,91.19,23.15
2023-09-17 11:00,9,11,Weekend,Fall,No,87.78,92.12,20.9
2023-09-17 12:00,9,12,Weekend,Fall,No,90.22,93.38,22.65
2023-09-17 13:00,9,13,Weekend,Fall,No,91.56,91.98,24.62
2023-09-17 14:00,9,14,Weekend,Fall,No,92.57,92.09,27.08
2023-09-17 15:00,9,15,Weekend,Fall,No,93.02,92.65,30.79
2023-09-17 16:00,9,16,Weekend,Fall,No,93.02,92.59,29.72
2023-09-17 17:00,9,17,Weekend,Fall,No,92.39,91.87,25.18
2023-09-17 18:00,9,18,Weekend,Fall,No,90.78,91.84,27.04
2023-09-17 19:00,9,19,Weekend,Fall,No,85.34,90.23,22.67
2023-09-17 20:00,9,20,Weekend,Fall,No,82.04,90.21,18.59
2023-09-17 21:00,9,21,Weekend,Fall,No,79.73,88.76,18.72
2023-09-17 22:00,9,22,Weekend,Fall,No,78.6,88.76,21.42
2023-09-17 23:00,9,23,Weekend,Fall,No,78.98,88.84,20.27
2023-09-18 00:00,9,0,Weekday,Fall,No,78.46,89.04,19.11
2023-09-18 01:00,9,1,Weekday,Fall,No,77.45,89.39,19.69
2023-09-18 02:00,9,2,Weekday,Fall,No,77.0,88.92,23.09
2023-09-18 03:00,9,3,Weekday,Fall,No,76.37,88.56,18.26
2023-09-18 04:00,9,4,Weekday,Fall,No,75.4,89.99,18.42
2023-09-18 05:00,9,5,Weekday,Fall,No,74.39,87.52,22.62
2023-09-18 06:00,9,6,Weekday,Fall,No,74.57,87.22,19.74
2023-09-18 07:00,9,7,Weekday,Fall,No,76.8,90.21,16.3
2023-09-18 08:00,9,8,Weekday,Fall,Yes,79.76,89.77,23.5
2023-09-18 09:00,9,9,Weekday,Fall,Yes,83.27,90.41,23.28
2023-09-18 10:00,9,10,Weekday,Fall,Yes,86.18,89.47,28.49
2023-09-18 11:00,9,11,Weekday,Fall,Yes,88.76,91.06,26.75
2023-09-18 12:00,9,12,Weekday,Fall,Yes,91.12,93.46,26.44
2023-09-18 13:00,9,13,Weekday,Fall,Yes,93.1,90.61,27.47
2023-09-18 14:00,9,14,Weekday,Fall,Yes,92.76,92.9,30.05
2023-09-18 15:00,9,15,Weekday,Fall,Yes,91.94,92.97,26.62
2023-09-18 16:00,9,16,Weekday,Fall,Yes,90.78,92.32,25.51
2023-09-18 17:00,9,17,Weekday,Fall,Yes,89.43,90.98,29.1
2023-09-18 18:00,9,18,Weekday,Fall,No,87.9,90.11,22.99
2023-09-18 19:00,9,19,Weekday,Fall,No,82.36,89.09,23.1
2023-09-18 20:00,9,20,Weekday,Fall,No,76.67,89.42,22.05
2023-09-18 21:00,9,21,Weekday,Fall,No,74.39,88.52,19.19
2023-09-18 22:00,9,22,Weekday,Fall,No,72.26,87.82,18.52
2023-09-18 23:00,9,23,Weekday,Fall,No,71.06,85.25,14.59
2023-09-19 00:00,9,0,Weekday,Fall,No,71.06,86.85,15.5
2023-09-19 01:00,9,1,Weekday,Fall,No,71.06,86.64,21.4
2023-09-19 02:00,9,2,Weekday,Fall,No,70.43,87.53,16.16
2023-09-19 03:00,9,3,Weekday,Fall,No,69.46,86.91,14.16
2023-09-19 04:00,9,4,Weekday,Fall,No,68.45,86.17,17.88
2023-09-19 05:00,9,5,Weekday,Fall,No,67.37,85.37,20.87
2023-09-19 06:00,9,6,Weekday,Fall,No,67.55,86.81,14.92
2023-09-19 07:00,9,7,Weekday,Fall,No,70.31,87.69,20.4
2023-09-19 08:00,9,8,Weekday,Fall,Yes,74.9,87.55,15.63
2023-09-19 09:00,9,9,Weekday,Fall,Yes,78.78,88.02,21.83
2023-09-19 10:00,9,10,Weekday,Fall,Yes,82.37,88.81,26.05
2023-09-19 11:00,9,11,Weekday,Fall,Yes,86.33,91.28,27.87
2023-09-19 12:00,9,12,Weekday,Fall,Yes,89.14,91.91,31.73
2023-09-19 13:00,9,13,Weekday,Fall,Yes,90.59,90.23,24.8
2023-09-19 14:00,9,14,Weekday,Fall,Yes,91.56,92.38,28.98
2023-09-19 15:00,9,15,Weekday,Fall,Yes,91.94,93.04,26.74
2023-09-19 16:00,9,16,Weekday,Fall,Yes,91.42,92.32,29.12
2023-09-19 17:00,9,17,Weekday,Fall,Yes,89.88,90.92,24.36
2023-09-19 18:00,9,18,Weekday,Fall,No,87.28,92.65,15.04
2023-09-19 19:00,9,19,Weekday,Fall,No,84.84,90.81,21.78
2023-09-19 20:00,9,20,Weekday,Fall,No,82.86,90.29,21.7
2023-09-19 21:00,9,21,Weekday,Fall,No,80.26,88.68,24.21
2023-09-19 22:00,9,22,Weekday,Fall,No,76.67,89.14,23.07
2023-09-19 23:00,9,23,Weekday,Fall,No,74.39,87.54,18.49
2023-09-20 00:00,9,0,Weekday,Fall,No,72.78,86.1,15.03
2023-09-20 01:00,9,1,Weekday,Fall,No,71.96,87.3,22.73
2023-09-20 02:00,9,2,Weekday,Fall,No,71.44,86.78,21.69
2023-09-20 03:00,9,3,Weekday,Fall,No,70.43,86.64,14.46
2023-09-20 04:00,9,4,Weekday,Fall,No,68.82,85.91,16.54
2023-09-20 05:00,9,5,Weekday,Fall,No,67.37,86.06,17.33
2023-09-20 06:00,9,6,Weekday,Fall,No,66.92,85.54,11.87
2023-09-20 07:00,9,7,Weekday,Fall,No,69.34,86.73,17.14
2023-09-20 08:00,9,8,Weekday,Fall,Yes,75.68,88.37,23.26
2023-09-20 09:00,9,9,Weekday,Fall,Yes,81.29,89.87,23.87
2023-09-20 10:00,9,10,Weekday,Fall,Yes,83.57,89.69,26.29
2023-09-20 11:00,9,11,Weekday,Fall,Yes,86.96,90.34,28.53
2023-09-20 12:00,9,12,Weekday,Fall,Yes,90.22,93.29,26.94
2023-09-20 13:00,9,13,Weekday,Fall,Yes,91.56,93.68,28.54
2023-09-20 14:00,9,14,Weekday,Fall,Yes,92.57,91.77,31.29
2023-09-20 15:00,9,15,Weekday,Fall,Yes,92.39,93.96,29.07
2023-09-20 16:00,9,16,Weekday,Fall,Yes,91.42,92.87,23.18
2023-09-20 17:00,9,17,Weekday,Fall,Yes,90.41,90.56,28.39
2023-09-20 18:00,9,18,Weekday,Fall,No,87.65,92.69,21.79
2023-09-20 19:00,9,19,Weekday,Fall,No,85.37,89.44,23.04
2023-09-20 20:00,9,20,Weekday,Fall,No,83.24,89.65,23.44
2023-09-20 21:00,9,21,Weekday,Fall,No,80.26,89.49,21.01
2023-09-20 22:00,9,22,Weekday,Fall,No,77.2,87.88,22.12
2023-09-20 23:00,9,23,Weekday,Fall,No,74.76,88.82,21.65
2023-09-21 00:00,9,0,Weekday,Fall,No,73.42,88.6,18.16
2023-09-21 01:00,9,1,Weekday,Fall,No,71.88,89.04,18.03
2023-09-21 02:00,9,2,Weekday,Fall,No,70.43,87.66,16.27
2023-09-21 03:00,9,3,Weekday,Fall,No,69.98,86.51,19.61
2023-09-21 04:00,9,4,Weekday,Fall,No,69.46,87.38,18.48
2023-09-21 05:00,9,5,Weekday,Fall,No,69.08,86.72,16.55
2023-09-21 06:00,9,6,Weekday,Fall,No,68.45,85.68,17.99
2023-09-21 07:00,9,7,Weekday,Fall,No,71.46,86.21,20.25
2023-09-21 08:00,9,8,Weekday,Fall,Yes,77.51,89.62,23.09
2023-09-21 09:00,9,9,Weekday,Fall,Yes,81.74,89.6,22.12
2023-09-21 10:00,9,10,Weekday,Fall,Yes,84.72,89.33,21.08
2023-09-21 11:00,9,11,Weekday,Fall,Yes,87.78,91.44,26.54
2023-09-21 12:00,9,12,Weekday,Fall,Yes,90.22,91.3,32.29
2023-09-21 13:00,9,13,Weekday,Fall,Yes,92.2,94.08,29.97
2023-09-21 14:00,9,14,Weekday,Fall,Yes,92.39,92.2,29.57
2023-09-21 15:00,9,15,Weekday,Fall,Yes,91.42,92.21,29.38
2023-09-21 16:00,9,16,Weekday,Fall,Yes,88.73,90.74,27.36
2023-09-21 17:00,9,17,Weekday,Fall,Yes,86.45,89.8,26.59
2023-09-21 18:00,9,18,Weekday,Fall,No,84.84,90.2,21.5
2023-09-21 19:00,9,19,Weekday,Fall,No,82.86,92.09,25.2
2023-09-21 20:00,9,20,Weekday,Fall,No,80.26,88.56,16.89
2023-09-21 21:00,9,21,Weekday,Fall,No,78.46,88.37,17.29
2023-09-21 22:00,9,22,Weekday,Fall,No,76.82,88.58,19.02
2023-09-21 23:00,9,23,Weekday,Fall,No,75.4,87.2,16.47
2023-09-22 00:00,9,0,Weekday,Fall,No,75.02,87.78,22.09
2023-09-22 01:00,9,1,Weekday,Fall,No,75.02,88.69,14.32
2023-09-22 02:00,9,2,Weekday,Fall,No,75.02,87.74,23.17
2023-09-22 03:00,9,3,Weekday,Fall,No,75.02,88.54,19.91
2023-09-22 04:00,9,4,Weekday,Fall,No,74.39,87.67,18.99
2023-09-22 05:00,9,5,Weekday,Fall,No,73.94,88.06,15.36
2023-09-22 06:00,9,6,Weekday,Fall,No,73.42,88.32,15.06
2023-09-22 07:00,9,7,Weekday,Fall,No,73.56,87.8,18.31
2023-09-22 08:00,9,8,Weekday,Fall,Yes,74.57,87.97,22.25
2023-09-22 09:00,9,9,Weekday,Fall,Yes,77.96,89.32,23.24
2023-09-22 10:00,9,10,Weekday,Fall,Yes,81.22,89.36,22.75
2023-09-22 11:00,9,11,Weekday,Fall,Yes,83.72,89.92,23.46
2023-09-22 12:00,9,12,Weekday,Fall,Yes,84.4,90.96,20.11
2023-09-22 13:00,9,13,Weekday,Fall,Yes,82.86,90.11,26.75
2023-09-22 14:00,9,14,Weekday,Fall,Yes,75.63,89.32,20.51
2023-09-22 15:00,9,15,Weekday,Fall,Yes,71.06,86.43,17.24
2023-09-22 16:00,9,16,Weekday,Fall,Yes,69.28,86.76,19.93
2023-09-22 17:00,9,17,Weekday,Fall,Yes,68.0,85.5,18.65
2023-09-22 18:00,9,18,Weekday,Fall,No,68.0,86.21,14.01
2023-09-22 19:00,9,19,Weekday,Fall,No,68.63,86.54,17.08
2023-09-22 20:00,9,20,Weekday,Fall,No,68.45,86.72,16.96
2023-09-22 21:00,9,21,Weekday,Fall,No,68.63,86.61,14.07
2023-09-22 22:00,9,22,Weekday,Fall,No,68.45,85.92,17.26
2023-09-22 23:00,9,23,Weekday,Fall,No,68.0,86.82,14.49
2023-09-23 00:00,9,0,Weekend,Fall,No,68.63,85.42,19.24
2023-09-23 01:00,9,1,Weekend,Fall,No,68.45,88.03,16.98
2023-09-23 02:00,9,2,Weekend,Fall,No,68.0,86.02,12.7
2023-09-23 03:00,9,3,Weekend,Fall,No,68.63,87.36,14.94
2023-09-23 04:00,9,4,Weekend,Fall,No,68.45,85.48,15.47
2023-09-23 05:00,9,5,Weekend,Fall,No,67.37,85.37,12.55
2023-09-23 06:00,9,6,Weekend,Fall,No,66.92,84.58,17.47
2023-09-23 07:00,9,7,Weekend,Fall,No,68.18,84.49,19.93
2023-09-23 08:00,9,8,Weekend,Fall,No,70.76,87.46,18.02
2023-09-23 09:00,9,9,Weekend,Fall,No,74.27,87.76,18.71
2023-09-23 10:00,9,10,Weekend,Fall,No,77.7,90.41,19.07
2023-09-23 11:00,9,11,Weekend,Fall,No,78.98,89.57,15.28
2023-09-23 12:00,9,12,Weekend,Fall,No,79.61,90.29,15.25
2023-09-23 13:00,9,13,Weekend,Fall,No,81.22,90.03,20.79
2023-09-23 14:00,9,14,Weekend,Fall,No,83.72,89.36,20.83
2023-09-23 15:00,9,15,Weekend,Fall,No,83.77,89.89,22.44
2023-09-23 16:00,9,16,Weekend,Fall,No,82.42,90.42,20.6
2023-09-23 17:00,9,17,Weekend,Fall,No,80.26,90.65,20.08
2023-09-23 18:00,9,18,Weekend,Fall,No,77.2,88.19,18.68
2023-09-23 19:00,9,19,Weekend,Fall,No,71.93,87.4,15.16
2023-09-23 20:00,9,20,Weekend,Fall,No,67.82,87.0,12.75
2023-09-23 21:00,9,21,Weekend,Fall,No,65.24,84.73,12.09
2023-09-23 22:00,9,22,Weekend,Fall,No,64.56,83.33,14.68
2023-09-23 23:00,9,23,Weekend,Fall,No,65.57,85.69,14.47
2023-09-24 00:00,9,0,Weekend,Fall,No,66.54,86.62,14.02
2023-09-24 01:00,9,1,Weekend,Fall,No,65.76,85.36,11.83
2023-09-24 02:00,9,2,Weekend,Fall,No,64.94,85.33,14.34
2023-09-24 03:00,9,3,Weekend,Fall,No,64.41,84.43,15.78
2023-09-24 04:00,9,4,Weekend,Fall,No,64.04,85.42,14.79
2023-09-24 05:00,9,5,Weekend,Fall,No,63.41,85.74,14.78
2023-09-24 06:00,9,6,Weekend,Fall,No,62.96,83.52,13.62
2023-09-24 07:00,9,7,Weekend,Fall,No,65.9,85.49,9.63
2023-09-24 08:00,9,8,Weekend,Fall,No,70.94,86.16,17.25
2023-09-24 09:00,9,9,Weekend,Fall,No,75.35,87.85,18.24
2023-09-24 10:00,9,10,Weekend,Fall,No,78.78,88.62,21.61
2023-09-24 11:00,9,11,Weekend,Fall,No,82.37,88.98,18.43
2023-09-24 12:00,9,12,Weekend,Fall,No,85.18,91.49,16.61
2023-09-24 13:00,9,13,Weekend,Fall,No,87.16,92.27,24.8
2023-09-24 14:00,9,14,Weekend,Fall,No,88.61,91.84,24.16
2023-09-24 15:00,9,15,Weekend,Fall,No,89.06,91.36,24.47
2023-09-24 16:00,9,16,Weekend,Fall,No,88.43,91.82,24.5
2023-09-24 17:00,9,17,Weekend,Fall,No,86.82,91.69,23.9
2023-09-24 18:00,9,18,Weekend,Fall,No,84.22,90.21,25.2
2023-09-24 19:00,9,19,Weekend,Fall,No,81.26,89.71,22.02
2023-09-24 20:00,9,20,Weekend,Fall,No,76.49,88.08,20.68
2023-09-24 21:00,9,21,Weekend,Fall,No,73.42,86.96,16.23
2023-09-24 22:00,9,22,Weekend,Fall,No,71.88,86.37,22.58
2023-09-24 23:00,9,23,Weekend,Fall,No,70.43,87.12,15.7
2023-09-25 00:00,9,0,Weekday,Fall,No,67.67,85.79,16.95
2023-09-25 01:00,9,1,Weekday,Fall,No,65.39,84.88,14.51
2023-09-25 02:00,9,2,Weekday,Fall,No,64.94,86.5,11.68
2023-09-25 03:00,9,3,Weekday,Fall,No,64.41,83.95,13.43
2023-09-25 04:00,9,4,Weekday,Fall,No,63.41,83.21,13.97
2023-09-25 05:00,9,5,Weekday,Fall,No,62.44,84.53,16.31
2023-09-25 06:00,9,6,Weekday,Fall,No,63.22,84.78,16.48
2023-09-25 07:00,9,7,Weekday,Fall,No,67.5,85.67,14.24
2023-09-25 08:00,9,8,Weekday,Fall,Yes,73.44,86.25,17.42
2023-09-25 09:00,9,9,Weekday,Fall,Yes,79.49,90.27,22.57
2023-09-25 10:00,9,10,Weekday,Fall,Yes,83.72,90.95,24.47
2023-09-25 11:00,9,11,Weekday,Fall,Yes,86.7,90.67,24.18
2023-09-25 12:00,9,12,Weekday,Fall,Yes,89.14,93.38,22.36
2023-09-25 13:00,9,13,Weekday,Fall,Yes,89.96,93.99,31.1
2023-09-25 14:00,9,14,Weekday,Fall,Yes,90.59,92.03,32.01
2023-09-25 15:00,9,15,Weekday,Fall,Yes,91.04,93.1,27.07
2023-09-25 16:00,9,16,Weekday,Fall,Yes,89.88,91.52,30.6
2023-09-25 17:00,9,17,Weekday,Fall,Yes,87.9,90.08,22.4
2023-09-25 18:00,9,18,Weekday,Fall,No,84.66,91.52,25.56
2023-09-25 19:00,9,19,Weekday,Fall,No,81.26,90.05,21.31
2023-09-25 20:00,9,20,Weekday,Fall,No,78.28,88.61,18.63
2023-09-25 21:00,9,21,Weekday,Fall,No,75.22,87.98,13.14
2023-09-25 22:00,9,22,Weekday,Fall,No,72.26,85.66,21.22
2023-09-25 23:00,9,23,Weekday,Fall,No,69.9,85.83,15.46
2023-09-26 00:00,9,0,Weekday,Fall,No,67.82,86.07,17.34
2023-09-26 01:00,9,1,Weekday,Fall,No,66.4,86.61,19.74
2023-09-26 02:00,9,2,Weekday,Fall,No,64.86,83.88,12.3
2023-09-26 03:00,9,3,Weekday,Fall,No,63.41,82.85,12.01
2023-09-26 04:00,9,4,Weekday,Fall,No,62.96,84.82,10.71
2023-09-26 05:00,9,5,Weekday,Fall,No,62.44,84.91,15.49
2023-09-26 06:00,9,6,Weekday,Fall,No,62.58,83.55,12.64
2023-09-26 07:00,9,7,Weekday,Fall,No,65.27,85.05,8.79
2023-09-26 08:00,9,8,Weekday,Fall,Yes,71.02,86.0,18.77
2023-09-26 09:00,9,9,Weekday,Fall,Yes,77.51,87.87,22.39
2023-09-26 10:00,9,10,Weekday,Fall,Yes,83.52,90.2,24.93
2023-09-26 11:00,9,11,Weekday,Fall,Yes,87.16,90.6,32.72
2023-09-26 12:00,9,12,Weekday,Fall,Yes,88.61,91.94,30.52
2023-09-26 13:00,9,13,Weekday,Fall,Yes,90.22,92.45,25.1
2023-09-26 14:00,9,14,Weekday,Fall,Yes,91.04,92.69,26.76
2023-09-26 15:00,9,15,Weekday,Fall,Yes,91.56,93.15,27.14
2023-09-26 16:00,9,16,Weekday,Fall,Yes,91.42,92.92,26.59
2023-09-26 17:00,9,17,Weekday,Fall,Yes,89.88,93.16,29.54
2023-09-26 18:00,9,18,Weekday,Fall,No,86.65,91.66,21.14
2023-09-26 19:00,9,19,Weekday,Fall,No,82.61,90.52,21.24
2023-09-26 20:00,9,20,Weekday,Fall,No,79.81,89.89,19.35
2023-09-26 21:00,9,21,Weekday,Fall,No,74.88,88.05,19.33
2023-09-26 22:00,9,22,Weekday,Fall,No,70.81,85.43,18.18
2023-09-26 23:00,9,23,Weekday,Fall,No,68.82,85.55,18.33
2023-09-27 00:00,9,0,Weekday,Fall,No,67.37,87.12,18.15
2023-09-27 01:00,9,1,Weekday,Fall,No,66.4,85.58,19.23
2023-09-27 02:00,9,2,Weekday,Fall,No,66.02,85.01,11.75
2023-09-27 03:00,9,3,Weekday,Fall,No,64.86,85.9,16.83
2023-09-27 04:00,9,4,Weekday,Fall,No,63.41,84.71,12.27
2023-09-27 05:00,9,5,Weekday,Fall,No,62.96,85.73,15.46
2023-09-27 06:00,9,6,Weekday,Fall,No,62.44,84.66,8.71
2023-09-27 07:00,9,7,Weekday,Fall,No,66.68,85.08,14.27
2023-09-27 08:00,9,8,Weekday,Fall,Yes,74.7,88.42,21.88
2023-09-27 09:00,9,9,Weekday,Fall,Yes,80.92,88.93,23.81
2023-09-27 10:00,9,10,Weekday,Fall,Yes,86.51,91.34,27.39
2023-09-27 11:00,9,11,Weekday,Fall,Yes,90.74,91.93,26.9
2023-09-27 12:00,9,12,Weekday,Fall,Yes,93.72,93.36,28.05
2023-09-27 13:00,9,13,Weekday,Fall,Yes,95.0,92.45,28.59
2023-09-27 14:00,9,14,Weekday,Fall,Yes,96.16,93.86,29.67
2023-09-27 15:00,9,15,Weekday,Fall,Yes,96.46,94.93,26.36
2023-09-27 16:00,9,16,Weekday,Fall,Yes,95.45,92.36,26.47
2023-09-27 17:00,9,17,Weekday,Fall,Yes,93.84,93.11,26.27
2023-09-27 18:00,9,18,Weekday,Fall,No,90.71,90.69,28.6
2023-09-27 19:00,9,19,Weekday,Fall,No,86.65,91.81,24.62
2023-09-27 20:00,9,20,Weekday,Fall,No,83.24,90.85,21.89
2023-09-27 21:00,9,21,Weekday,Fall,No,79.73,90.06,19.39
2023-09-27 22:00,9,22,Weekday,Fall,No,76.3,87.48,20.73
2023-09-27 23:00,9,23,Weekday,Fall,No,73.86,87.77,18.24
2023-09-28 00:00,9,0,Weekday,Fall,No,72.41,87.56,18.71
2023-09-28 01:00,9,1,Weekday,Fall,No,70.81,86.6,17.71
2023-09-28 02:00,9,2,Weekday,Fall,No,70.61,86.55,18.8
2023-09-28 03:00,9,3,Weekday,Fall,No,69.28,86.88,15.38
2023-09-28 04:00,9,4,Weekday,Fall,No,68.0,85.29,14.7
2023-09-28 05:00,9,5,Weekday,Fall,No,68.0,85.82,20.17
2023-09-28 06:00,9,6,Weekday,Fall,No,68.63,85.52,15.56
2023-09-28 07:00,9,7,Weekday,Fall,No,72.54,88.05,16.34
2023-09-28 08:00,9,8,Weekday,Fall,Yes,79.12,90.02,17.98
2023-09-28 09:00,9,9,Weekday,Fall,Yes,85.51,89.66,23.65
2023-09-28 10:00,9,10,Weekday,Fall,Yes,90.92,91.92,27.33
2023-09-28 11:00,9,11,Weekday,Fall,Yes,94.8,94.45,31.91
2023-09-28 12:00,9,12,Weekday,Fall,Yes,96.08,92.75,29.71
2023-09-28 13:00,9,13,Weekday,Fall,Yes,97.24,94.27,30.54
2023-09-28 14:00,9,14,Weekday,Fall,Yes,98.58,93.87,26.26
2023-09-28 15:00,9,15,Weekday,Fall,Yes,97.8,94.27,28.1
2023-09-28 16:00,9,16,Weekday,Fall,Yes,96.46,94.45,28.9
2023-09-28 17:00,9,17,Weekday,Fall,Yes,94.82,93.5,28.89
2023-09-28 18:00,9,18,Weekday,Fall,No,88.67,91.52,27.97
2023-09-28 19:00,9,19,Weekday,Fall,No,81.46,90.38,17.86
2023-09-28 20:00,9,20,Weekday,Fall,No,78.46,90.09,20.97
2023-09-28 21:00,9,21,Weekday,Fall,No,78.6,89.35,19.29
2023-09-28 22:00,9,22,Weekday,Fall,No,78.98,88.84,18.44
2023-09-28 23:00,9,23,Weekday,Fall,No,77.2,88.11,20.03
2023-09-29 00:00,9,0,Weekday,Fall,No,74.76,87.44,16.0
2023-09-29 01:00,9,1,Weekday,Fall,No,72.26,87.15,18.71
2023-09-29 02:00,9,2,Weekday,Fall,No,70.43,87.21,17.18
2023-09-29 03:00,9,3,Weekday,Fall,No,69.46,85.99,17.91
2023-09-29 04:00,9,4,Weekday,Fall,No,67.3,86.66,19.65
2023-09-29 05:00,9,5,Weekday,Fall,No,66.02,85.99,13.58
2023-09-29 06:00,9,6,Weekday,Fall,No,66.54,85.82,15.46
2023-09-29 07:00,9,7,Weekday,Fall,No,69.86,86.76,14.3
2023-09-29 08:00,9,8,Weekday,Fall,Yes,76.68,89.47,23.52
2023-09-29 09:00,9,9,Weekday,Fall,Yes,81.22,88.35,20.99
2023-09-29 10:00,9,10,Weekday,Fall,Yes,86.14,89.96,24.47
2023-09-29 11:00,9,11,Weekday,Fall,Yes,90.74,91.23,28.77
2023-09-29 12:00,9,12,Weekday,Fall,Yes,93.1,92.73,30.08
2023-09-29 13:00,9,13,Weekday,Fall,Yes,93.92,92.95,30.26
2023-09-29 14:00,9,14,Weekday,Fall,Yes,93.4,93.41,29.95
2023-09-29 15:00,9,15,Weekday,Fall,Yes,92.39,93.56,32.3
2023-09-29 16:00,9,16,Weekday,Fall,Yes,91.42,92.74,30.52
2023-09-29 17:00,9,17,Weekday,Fall,Yes,89.26,92.17,27.91
2023-09-29 18:00,9,18,Weekday,Fall,No,85.67,91.27,23.85
2023-09-29 19:00,9,19,Weekday,Fall,No,81.71,91.56,20.96
2023-09-29 20:00,9,20,Weekday,Fall,No,77.65,88.7,20.76
2023-09-29 21:00,9,21,Weekday,Fall,No,75.4,89.08,22.82
2023-09-29 22:00,9,22,Weekday,Fall,No,74.39,87.49,18.45
2023-09-29 23:00,9,23,Weekday,Fall,No,71.63,87.04,15.95
2023-09-30 00:00,9,0,Weekend,Fall,No,70.61,87.41,22.03
2023-09-30 01:00,9,1,Weekend,Fall,No,70.43,85.91,20.61
2023-09-30 02:00,9,2,Weekend,Fall,No,68.82,85.74,13.11
2023-09-30 03:00,9,3,Weekend,Fall,No,68.0,86.92,16.64
2023-09-30 04:00,9,4,Weekend,Fall,No,67.37,84.99,15.64
2023-09-30 05:00,9,5,Weekend,Fall,No,67.55,85.93,14.01
2023-09-30 06:00,9,6,Weekend,Fall,No,68.0,85.71,15.46
2023-09-30 07:00,9,7,Weekend,Fall,No,70.31,86.91,18.72
2023-09-30 08:00,9,8,Weekend,Fall,No,74.9,88.01,19.94
2023-09-30 09:00,9,9,Weekend,Fall,No,80.46,87.96,21.81
2023-09-30 10:00,9,10,Weekend,Fall,No,85.88,91.42,21.65
2023-09-30 11:00,9,11,Weekend,Fall,No,89.14,91.91,26.0
2023-09-30 12:00,9,12,Weekend,Fall,No,87.02,91.67,20.19
2023-09-30 13:00,9,13,Weekend,Fall,No,84.92,89.56,21.53
2023-09-30 14:00,9,14,Weekend,Fall,No,82.08,89.89,22.41
2023-09-30 15:00,9,15,Weekend,Fall,No,73.66,88.73,17.74
2023-09-30 16:00,9,16,Weekend,Fall,No,70.24,85.44,19.23
2023-09-30 17:00,9,17,Weekend,Fall,No,70.43,87.15,14.88
2023-09-30 18:00,9,18,Weekend,Fall,No,67.67,86.39,14.64
2023-09-30 19:00,9,19,Weekend,Fall,No,65.39,85.89,15.3
2023-09-30 20:00,9,20,Weekend,Fall,No,65.57,85.9,18.19
2023-09-30 21:00,9,21,Weekend,Fall,No,65.5,85.47,15.21
2023-09-30 22:00,9,22,Weekend,Fall,No,64.7,85.54,18.12
2023-09-30 23:00,9,23,Weekend,Fall,No,63.88,84.99,15.63
2023-10-01 00:00,10,0,Weekend,Fall,No,62.98,83.54,11.27
2023-10-01 01:00,10,1,Weekend,Fall,No,62.08,85.67,11.02
2023-10-01 02:00,10,2,Weekend,Fall,No,61.28,85.12,18.3
2023-10-01 03:00,10,3,Weekend,Fall,No,60.46,85.07,13.82
2023-10-01 04:00,10,4,Weekend,Fall,No,59.45,83.19,14.08
2023-10-01 05:00,10,5,Weekend,Fall,No,58.37,83.06,12.62
2023-10-01 06:00,10,6,Weekend,Fall,No,58.55,85.13,11.63
2023-10-01 07:00,10,7,Weekend,Fall,No,61.94,84.44,17.62
2023-10-01 08:00,10,8,Weekend,Fall,No,67.5,84.8,18.04
2023-10-01 09:00,10,9,Weekend,Fall,No,72.92,87.05,16.87
2023-10-01 10:00,10,10,Weekend,Fall,No,76.8,87.39,20.87
2023-10-01 11:00,10,11,Weekend,Fall,No,79.24,89.03,20.33
2023-10-01 12:00,10,12,Weekend,Fall,No,80.58,89.69,15.46
2023-10-01 13:00,10,13,Weekend,Fall,No,82.12,89.87,19.82
2023-10-01 14:00,10,14,Weekend,Fall,No,83.57,89.67,23.46
2023-10-01 15:00,10,15,Weekend,Fall,No,84.02,90.94,23.03
2023-10-01 16:00,10,16,Weekend,Fall,No,84.02,91.1,24.81
2023-10-01 17:00,10,17,Weekend,Fall,No,83.39,90.02,21.13
2023-10-01 18:00,10,18,Weekend,Fall,No,81.78,90.6,19.04
2023-10-01 19:00,10,19,Weekend,Fall,No,77.5,88.62,18.92
2023-10-01 20:00,10,20,Weekend,Fall,No,73.86,88.78,18.23
2023-10-01 21:00,10,21,Weekend,Fall,No,72.41,85.44,14.91
2023-10-01 22:00,10,22,Weekend,Fall,No,70.28,86.95,23.2
2023-10-01 23:00,10,23,Weekend,Fall,No,67.82,85.79,19.4
2023-10-02 00:00,10,0,Weekday,Fall,No,66.4,85.54,16.86
2023-10-02 01:00,10,1,Weekday,Fall,No,66.54,85.46,20.56
2023-10-02 02:00,10,2,Weekday,Fall,No,65.24,85.71,14.01
2023-10-02 03:00,10,3,Weekday,Fall,No,63.41,85.18,12.88
2023-10-02 04:00,10,4,Weekday,Fall,No,62.44,84.82,11.27
2023-10-02 05:00,10,5,Weekday,Fall,No,62.06,84.71,13.29
2023-10-02 06:00,10,6,Weekday,Fall,No,62.06,84.55,10.78
2023-10-02 07:00,10,7,Weekday,Fall,No,64.37,85.22,14.05
2023-10-02 08:00,10,8,Weekday,Fall,Yes,70.12,86.44,22.71
2023-10-02 09:00,10,9,Weekday,Fall,Yes,76.5,86.43,20.73
2023-10-02 10:00,10,10,Weekday,Fall,Yes,81.92,89.12,20.5
2023-10-02 11:00,10,11,Weekday,Fall,Yes,85.8,90.39,31.58
2023-10-02 12:00,10,12,Weekday,Fall,Yes,87.08,92.03,31.05
2023-10-02 13:00,10,13,Weekday,Fall,Yes,88.23,92.0,29.67
2023-10-02 14:00,10,14,Weekday,Fall,Yes,89.58,91.31,29.75
2023-10-02 15:00,10,15,Weekday,Fall,Yes,90.59,92.37,26.72
2023-10-02 16:00,10,16,Weekday,Fall,Yes,89.88,92.45,31.02
2023-10-02 17:00,10,17,Weekday,Fall,Yes,88.43,92.57,29.97
2023-10-02 18:00,10,18,Weekday,Fall,No,85.67,90.76,23.51
2023-10-02 19:00,10,19,Weekday,Fall,No,82.24,90.9,22.48
2023-10-02 20:00,10,20,Weekday,Fall,No,78.65,89.69,21.55
2023-10-02 21:00,10,21,Weekday,Fall,No,75.84,87.75,19.67
2023-10-02 22:00,10,22,Weekday,Fall,No,73.86,89.26,17.71
2023-10-02 23:00,10,23,Weekday,Fall,No,71.26,86.74,18.65
2023-10-03 00:00,10,0,Weekday,Fall,No,69.46,86.42,14.95
2023-10-03 01:00,10,1,Weekday,Fall,No,67.82,85.09,11.08
2023-10-03 02:00,10,2,Weekday,Fall,No,65.76,85.57,16.34
2023-10-03 03:00,10,3,Weekday,Fall,No,63.78,84.2,19.29
2023-10-03 04:00,10,4,Weekday,Fall,No,62.44,84.68,13.38
2023-10-03 05:00,10,5,Weekday,Fall,No,62.06,83.9,15.59
2023-10-03 06:00,10,6,Weekday,Fall,No,62.06,85.52,10.13
2023-10-03 07:00,10,7,Weekday,Fall,No,66.68,85.34,17.68
2023-10-03 08:00,10,8,Weekday,Fall,Yes,72.29,86.34,18.11
2023-10-03 09:00,10,9,Weekday,Fall,Yes,76.88,87.68,22.78
2023-10-03 10:00,10,10,Weekday,Fall,Yes,81.92,91.08,23.22
2023-10-03 11:00,10,11,Weekday,Fall,Yes,85.18,90.89,21.33
2023-10-03 12:00,10,12,Weekday,Fall,Yes,87.78,92.1,30.49
2023-10-03 13:00,10,13,Weekday,Fall,Yes,89.06,91.68,26.96
2023-10-03 14:00,10,14,Weekday,Fall,Yes,90.22,92.62,27.35
2023-10-03 15:00,10,15,Weekday,Fall,Yes,91.04,91.72,31.1
2023-10-03 16:00,10,16,Weekday,Fall,Yes,90.41,92.38,27.7
2023-10-03 17:00,10,17,Weekday,Fall,Yes,88.8,91.88,20.61
2023-10-03 18:00,10,18,Weekday,Fall,No,85.04,91.55,22.63
2023-10-03 19:00,10,19,Weekday,Fall,No,81.78,90.75,20.24
2023-10-03 20:00,10,20,Weekday,Fall,No,79.81,90.35,18.26
2023-10-03 21:00,10,21,Weekday,Fall,No,76.67,88.23,18.79
2023-10-03 22:00,10,22,Weekday,Fall,No,72.08,86.22,17.35
2023-10-03 23:00,10,23,Weekday,Fall,No,68.82,86.54,18.08
2023-10-04 00:00,10,0,Weekday,Fall,No,68.0,86.29,17.21
2023-10-04 01:00,10,1,Weekday,Fall,No,66.84,86.59,16.0
2023-10-04 02:00,10,2,Weekday,Fall,No,64.86,85.76,12.7
2023-10-04 03:00,10,3,Weekday,Fall,No,64.04,84.46,11.08
2023-10-04 04:00,10,4,Weekday,Fall,No,63.41,84.89,16.21
2023-10-04 05:00,10,5,Weekday,Fall,No,62.96,85.4,16.08
2023-10-04 06:00,10,6,Weekday,Fall,No,63.59,85.41,10.11
2023-10-04 07:00,10,7,Weekday,Fall,No,65.19,85.87,12.25
2023-10-04 08:00,10,8,Weekday,Fall,Yes,70.64,87.91,18.73
2023-10-04 09:00,10,9,Weekday,Fall,Yes,76.88,88.03,19.21
2023-10-04 10:00,10,10,Weekday,Fall,Yes,81.92,89.61,22.85
2023-10-04 11:00,10,11,Weekday,Fall,Yes,86.96,90.44,25.62
2023-10-04 12:00,10,12,Weekday,Fall,Yes,90.22,91.86,24.66
2023-10-04 13:00,10,13,Weekday,Fall,Yes,91.04,92.82,26.02
2023-10-04 14:00,10,14,Weekday,Fall,Yes,92.2,93.53,22.83
2023-10-04 15:00,10,15,Weekday,Fall,Yes,92.39,93.26,29.31
2023-10-04 16:00,10,16,Weekday,Fall,Yes,91.94,92.0,29.67
2023-10-04 17:00,10,17,Weekday,Fall,Yes,90.26,92.08,30.61
2023-10-04 18:00,10,18,Weekday,Fall,No,86.12,89.34,25.09
2023-10-04 19:00,10,19,Weekday,Fall,No,81.08,90.2,25.18
2023-10-04 20:00,10,20,Weekday,Fall,No,77.82,89.15,17.72
2023-10-04 21:00,10,21,Weekday,Fall,No,74.69,87.63,16.5
2023-10-04 22:00,10,22,Weekday,Fall,No,71.88,87.48,14.99
2023-10-04 23:00,10,23,Weekday,Fall,No,68.65,86.47,15.4
2023-10-05 00:00,10,0,Weekday,Fall,No,66.92,85.33,15.61
2023-10-05 01:00,10,1,Weekday,Fall,No,65.76,85.6,15.32
2023-10-05 02:00,10,2,Weekday,Fall,No,63.26,85.67,14.36
2023-10-05 03:00,10,3,Weekday,Fall,No,61.43,84.9,15.28
2023-10-05 04:00,10,4,Weekday,Fall,No,59.82,82.96,16.11
2023-10-05 05:00,10,5,Weekday,Fall,No,59.0,84.21,8.57
2023-10-05 06:00,10,6,Weekday,Fall,No,59.63,83.38,8.14
2023-10-05 07:00,10,7,Weekday,Fall,No,61.76,84.26,13.32
2023-10-05 08:00,10,8,Weekday,Fall,Yes,67.06,86.36,19.46
2023-10-05 09:00,10,9,Weekday,Fall,Yes,74.08,87.84,20.7
2023-10-05 10:00,10,10,Weekday,Fall,Yes,79.94,88.71,21.32
2023-10-05 11:00,10,11,Weekday,Fall,Yes,83.72,90.9,22.5
2023-10-05 12:00,10,12,Weekday,Fall,Yes,85.55,90.72,22.76
2023-10-05 13:00,10,13,Weekday,Fall,Yes,87.78,90.61,29.0
2023-10-05 14:00,10,14,Weekday,Fall,Yes,87.9,91.75,31.65
2023-10-05 15:00,10,15,Weekday,Fall,Yes,88.23,91.75,25.26
2023-10-05 16:00,10,16,Weekday,Fall,Yes,87.9,91.93,23.66
2023-10-05 17:00,10,17,Weekday,Fall,Yes,84.66,90.11,22.43
2023-10-05 18:00,10,18,Weekday,Fall,No,81.78,89.73,21.33
2023-10-05 19:00,10,19,Weekday,Fall,No,79.28,88.26,17.05
2023-10-05 20:00,10,20,Weekday,Fall,No,75.67,88.97,19.49
2023-10-05 21:00,10,21,Weekday,Fall,No,72.26,88.56,17.96
2023-10-05 22:00,10,22,Weekday,Fall,No,69.9,87.36,17.36
2023-10-05 23:00,10,23,Weekday,Fall,No,68.45,86.01,15.83
2023-10-06 00:00,10,0,Weekday,Fall,No,66.84,84.32,10.76
2023-10-06 01:00,10,1,Weekday,Fall,No,65.39,84.9,16.11
2023-10-06 02:00,10,2,Weekday,Fall,No,63.26,84.65,9.6
2023-10-06 03:00,10,3,Weekday,Fall,No,60.28,82.91,15.22
2023-10-06 04:00,10,4,Weekday,Fall,No,59.63,84.07,13.73
2023-10-06 05:00,10,5,Weekday,Fall,No,59.45,82.02,15.46
2023-10-06 06:00,10,6,Weekday,Fall,No,59.63,84.91,13.23
2023-10-06 07:00,10,7,Weekday,Fall,No,62.39,86.21,9.89
2023-10-06 08:00,10,8,Weekday,Fall,Yes,68.13,84.91,21.74
2023-10-06 09:00,10,9,Weekday,Fall,Yes,74.53,89.69,23.39
2023-10-06 10:00,10,10,Weekday,Fall,Yes,79.31,89.25,19.46
2023-10-06 11:00,10,11,Weekday,Fall,Yes,83.27,91.55,26.25
2023-10-06 12:00,10,12,Weekday,Fall,Yes,85.55,90.9,24.55
2023-10-06 13:00,10,13,Weekday,Fall,Yes,86.63,91.45,29.63
2023-10-06 14:00,10,14,Weekday,Fall,Yes,88.23,91.27,24.83
2023-10-06 15:00,10,15,Weekday,Fall,Yes,88.43,93.41,24.42
2023-10-06 16:00,10,16,Weekday,Fall,Yes,87.46,92.96,24.35
2023-10-06 17:00,10,17,Weekday,Fall,Yes,85.82,90.15,26.41
2023-10-06 18:00,10,18,Weekday,Fall,No,82.61,89.29,21.5
2023-10-06 19:00,10,19,Weekday,Fall,No,79.81,89.1,16.01
2023-10-06 20:00,10,20,Weekday,Fall,No,77.2,88.57,14.41
2023-10-06 21:00,10,21,Weekday,Fall,No,75.4,88.46,16.74
2023-10-06 22:00,10,22,Weekday,Fall,No,70.92,86.95,20.19
2023-10-06 23:00,10,23,Weekday,Fall,No,67.37,85.88,16.28
2023-10-07 00:00,10,0,Weekend,Fall,No,65.76,85.72,14.62
2023-10-07 01:00,10,1,Weekend,Fall,No,63.78,84.83,12.7
2023-10-07 02:00,10,2,Weekend,Fall,No,61.8,85.21,14.36
2023-10-07 03:00,10,3,Weekend,Fall,No,61.61,83.8,11.41
2023-10-07 04:00,10,4,Weekend,Fall,No,60.9,83.89,12.24
2023-10-07 05:00,10,5,Weekend,Fall,No,60.08,83.11,8.9
2023-10-07 06:00,10,6,Weekend,Fall,No,60.6,84.96,10.75
2023-10-07 07:00,10,7,Weekend,Fall,No,64.44,84.73,14.18
2023-10-07 08:00,10,8,Weekend,Fall,No,70.49,87.18,16.72
2023-10-07 09:00,10,9,Weekend,Fall,No,75.98,87.53,18.47
2023-10-07 10:00,10,10,Weekend,Fall,No,81.54,90.66,19.32
2023-10-07 11:00,10,11,Weekend,Fall,No,84.54,90.6,21.94
2023-10-07 12:00,10,12,Weekend,Fall,No,86.7,89.76,24.41
2023-10-07 13:00,10,13,Weekend,Fall,No,87.98,91.53,22.05
2023-10-07 14:00,10,14,Weekend,Fall,No,89.14,92.99,24.57
2023-10-07 15:00,10,15,Weekend,Fall,No,89.96,91.6,23.93
2023-10-07 16:00,10,16,Weekend,Fall,No,88.8,92.71,22.65
2023-10-07 17:00,10,17,Weekend,Fall,No,86.82,91.47,21.69
2023-10-07 18:00,10,18,Weekend,Fall,No,83.69,90.38,22.96
2023-10-07 19:00,10,19,Weekend,Fall,No,80.88,90.18,20.44
2023-10-07 20:00,10,20,Weekend,Fall,No,77.65,88.41,21.03
2023-10-07 21:00,10,21,Weekend,Fall,No,75.92,88.22,20.76
2023-10-07 22:00,10,22,Weekend,Fall,No,71.93,87.38,14.4
2023-10-07 23:00,10,23,Weekend,Fall,No,67.3,84.6,12.29
2023-10-08 00:00,10,0,Weekend,Fall,No,65.39,85.65,13.23
2023-10-08 01:00,10,1,Weekend,Fall,No,63.26,84.51,15.85
2023-10-08 02:00,10,2,Weekend,Fall,No,61.43,83.59,14.03
2023-10-08 03:00,10,3,Weekend,Fall,No,60.98,83.43,17.12
2023-10-08 04:00,10,4,Weekend,Fall,No,60.98,83.61,14.29
2023-10-08 05:00,10,5,Weekend,Fall,No,60.98,84.86,15.0
2023-10-08 06:00,10,6,Weekend,Fall,No,60.46,83.98,13.77
2023-10-08 07:00,10,7,Weekend,Fall,No,62.92,84.63,12.48
2023-10-08 08:00,10,8,Weekend,Fall,No,69.04,86.07,15.43
2023-10-08 09:00,10,9,Weekend,Fall,No,76.68,88.56,18.44
2023-10-08 10:00,10,10,Weekend,Fall,No,83.52,90.25,23.93
2023-10-08 11:00,10,11,Weekend,Fall,No,88.31,91.41,22.3
2023-10-08 12:00,10,12,Weekend,Fall,No,90.59,92.99,26.81
2023-10-08 13:00,10,13,Weekend,Fall,No,91.04,93.0,29.52
2023-10-08 14:00,10,14,Weekend,Fall,No,91.04,92.36,22.7
2023-10-08 15:00,10,15,Weekend,Fall,No,91.04,92.7,26.03
2023-10-08 16:00,10,16,Weekend,Fall,No,91.56,90.87,24.19
2023-10-08 17:00,10,17,Weekend,Fall,No,90.26,91.88,22.75
2023-10-08 18:00,10,18,Weekend,Fall,No,86.12,92.42,21.32
2023-10-08 19:00,10,19,Weekend,Fall,No,84.02,92.08,20.6
2023-10-08 20:00,10,20,Weekend,Fall,No,79.92,89.55,21.37
2023-10-08 21:00,10,21,Weekend,Fall,No,78.16,89.79,20.33
2023-10-08 22:00,10,22,Weekend,Fall,No,76.67,87.07,21.02
2023-10-08 23:00,10,23,Weekend,Fall,No,73.86,87.64,18.22
2023-10-09 00:00,10,0,Weekday,Fall,No,73.56,85.28,16.8
2023-10-09 01:00,10,1,Weekday,Fall,No,71.1,86.34,17.04
2023-10-09 02:00,10,2,Weekday,Fall,No,69.08,85.12,14.49
2023-10-09 03:00,10,3,Weekday,Fall,No,69.08,86.64,15.7
2023-10-09 04:00,10,4,Weekday,Fall,No,70.76,87.23,16.53
2023-10-09 05:00,10,5,Weekday,Fall,No,72.59,86.48,19.0
2023-10-09 06:00,10,6,Weekday,Fall,No,71.26,87.35,15.01
2023-10-09 07:00,10,7,Weekday,Fall,No,72.92,87.68,17.82
2023-10-09 08:00,10,8,Weekday,Fall,Yes,77.96,88.04,20.85
2023-10-09 09:00,10,9,Weekday,Fall,Yes,81.22,89.82,23.47
2023-10-09 10:00,10,10,Weekday,Fall,Yes,83.72,89.12,26.05
2023-10-09 11:00,10,11,Weekday,Fall,Yes,86.18,90.57,24.05
2023-10-09 12:00,10,12,Weekday,Fall,Yes,88.23,91.32,27.57
2023-10-09 13:00,10,13,Weekday,Fall,Yes,89.58,90.54,25.73
2023-10-09 14:00,10,14,Weekday,Fall,Yes,88.8,91.05,28.99
2023-10-09 15:00,10,15,Weekday,Fall,Yes,89.14,92.05,23.65
2023-10-09 16:00,10,16,Weekday,Fall,Yes,89.43,92.9,29.36
2023-10-09 17:00,10,17,Weekday,Fall,Yes,87.9,92.47,28.42
2023-10-09 18:00,10,18,Weekday,Fall,No,84.66,91.86,18.88
2023-10-09 19:00,10,19,Weekday,Fall,No,81.78,89.72,22.98
2023-10-09 20:00,10,20,Weekday,Fall,No,79.38,88.71,18.32
2023-10-09 21:00,10,21,Weekday,Fall,No,76.9,87.81,18.57
2023-10-09 22:00,10,22,Weekday,Fall,No,74.76,87.19,18.15
2023-10-09 23:00,10,23,Weekday,Fall,No,73.0,88.27,21.55
2023-10-10 00:00,10,0,Weekday,Fall,No,71.79,86.62,13.14
2023-10-10 01:00,10,1,Weekday,Fall,No,70.68,86.87,15.25
2023-10-10 02:00,10,2,Weekday,Fall,No,69.42,86.06,16.64
2023-10-10 03:00,10,3,Weekday,Fall,No,68.38,85.91,18.48
2023-10-10 04:00,10,4,Weekday,Fall,No,67.68,85.85,12.81
2023-10-10 05:00,10,5,Weekday,Fall,No,67.14,86.22,15.96
2023-10-10 06:00,10,6,Weekday,Fall,No,66.08,85.09,12.62
2023-10-10 07:00,10,7,Weekday,Fall,No,66.95,86.02,16.01
2023-10-10 08:00,10,8,Weekday,Fall,Yes,72.62,85.99,17.04
2023-10-10 09:00,10,9,Weekday,Fall,Yes,79.49,88.12,24.36
2023-10-10 10:00,10,10,Weekday,Fall,Yes,83.72,89.78,25.48
2023-10-10 11:00,10,11,Weekday,Fall,Yes,86.7,91.24,25.93
2023-10-10 12:00,10,12,Weekday,Fall,Yes,87.98,93.76,25.91
2023-10-10 13:00,10,13,Weekday,Fall,Yes,88.61,91.89,27.46
2023-10-10 14:00,10,14,Weekday,Fall,Yes,89.06,92.36,29.0
2023-10-10 15:00,10,15,Weekday,Fall,Yes,87.9,91.14,26.62
2023-10-10 16:00,10,16,Weekday,Fall,Yes,86.45,91.32,23.3
2023-10-10 17:00,10,17,Weekday,Fall,Yes,84.22,90.54,22.8
2023-10-10 18:00,10,18,Weekday,Fall,No,81.26,91.05,20.83
2023-10-10 19:00,10,19,Weekday,Fall,No,78.28,89.23,21.1
2023-10-10 20:00,10,20,Weekday,Fall,No,74.69,87.83,13.98
2023-10-10 21:00,10,21,Weekday,Fall,No,71.26,86.29,20.05
2023-10-10 22:00,10,22,Weekday,Fall,No,69.46,88.64,15.92
2023-10-10 23:00,10,23,Weekday,Fall,No,67.3,86.6,19.01
2023-10-11 00:00,10,0,Weekday,Fall,No,64.86,85.15,18.61
2023-10-11 01:00,10,1,Weekday,Fall,No,63.41,84.37,13.9
2023-10-11 02:00,10,2,Weekday,Fall,No,62.44,83.76,12.93
2023-10-11 03:00,10,3,Weekday,Fall,No,60.9,83.88,13.6
2023-10-11 04:00,10,4,Weekday,Fall,No,60.6,84.91,13.08
2023-10-11 05:00,10,5,Weekday,Fall,No,59.82,83.59,14.37
2023-10-11 06:00,10,6,Weekday,Fall,No,58.37,84.1,9.45
2023-10-11 07:00,10,7,Weekday,Fall,No,62.64,85.26,10.46
2023-10-11 08:00,10,8,Weekday,Fall,Yes,71.27,85.85,21.16
2023-10-11 09:00,10,9,Weekday,Fall,Yes,76.8,86.46,22.03
2023-10-11 10:00,10,10,Weekday,Fall,Yes,79.24,89.14,19.3
2023-10-11 11:00,10,11,Weekday,Fall,Yes,81.22,88.9,25.74
2023-10-11 12:00,10,12,Weekday,Fall,Yes,82.56,91.33,26.55
2023-10-11 13:00,10,13,Weekday,Fall,Yes,82.94,90.81,24.09
2023-10-11 14:00,10,14,Weekday,Fall,Yes,83.57,91.98,22.42
2023-10-11 15:00,10,15,Weekday,Fall,Yes,83.39,90.62,25.58
2023-10-11 16:00,10,16,Weekday,Fall,Yes,82.94,89.59,25.73
2023-10-11 17:00,10,17,Weekday,Fall,Yes,81.26,90.17,22.17
2023-10-11 18:00,10,18,Weekday,Fall,No,78.28,88.49,19.66
2023-10-11 19:00,10,19,Weekday,Fall,No,75.22,87.31,16.22
2023-10-11 20:00,10,20,Weekday,Fall,No,72.78,87.56,15.31
2023-10-11 21:00,10,21,Weekday,Fall,No,70.28,85.71,18.46
2023-10-11 22:00,10,22,Weekday,Fall,No,68.45,86.15,16.96
2023-10-11 23:00,10,23,Weekday,Fall,No,65.69,84.11,14.79
2023-10-12 00:00,10,0,Weekday,Fall,No,62.26,85.32,14.36
2023-10-12 01:00,10,1,Weekday,Fall,No,61.61,84.21,12.94
2023-10-12 02:00,10,2,Weekday,Fall,No,62.06,84.17,14.19
2023-10-12 03:00,10,3,Weekday,Fall,No,62.06,85.24,11.99
2023-10-12 04:00,10,4,Weekday,Fall,No,60.9,83.72,17.88
2023-10-12 05:00,10,5,Weekday,Fall,No,60.6,83.4,10.97
2023-10-12 06:00,10,6,Weekday,Fall,No,60.98,84.14,14.93
2023-10-12 07:00,10,7,Weekday,Fall,No,63.92,84.88,14.3
2023-10-12 08:00,10,8,Weekday,Fall,Yes,71.27,87.13,23.27
2023-10-12 09:00,10,9,Weekday,Fall,Yes,76.8,88.95,24.9
2023-10-12 10:00,10,10,Weekday,Fall,Yes,80.39,88.68,24.98
2023-10-12 11:00,10,11,Weekday,Fall,Yes,83.2,90.83,17.61
2023-10-12 12:00,10,12,Weekday,Fall,Yes,85.18,90.48,24.91
2023-10-12 13:00,10,13,Weekday,Fall,Yes,85.37,89.65,28.69
2023-10-12 14:00,10,14,Weekday,Fall,Yes,86.7,89.42,26.01
2023-10-12 15:00,10,15,Weekday,Fall,Yes,87.46,91.11,26.3
2023-10-12 16:00,10,16,Weekday,Fall,Yes,87.08,91.21,24.97
2023-10-12 17:00,10,17,Weekday,Fall,Yes,85.82,90.95,25.59
2023-10-12 18:00,10,18,Weekday,Fall,No,82.61,90.71,21.4
2023-10-12 19:00,10,19,Weekday,Fall,No,79.28,88.96,21.94
2023-10-12 20:00,10,20,Weekday,Fall,No,76.3,89.33,19.87
2023-10-12 21:00,10,21,Weekday,Fall,No,74.39,87.96,13.01
2023-10-12 22:00,10,22,Weekday,Fall,No,72.78,86.29,11.5
2023-10-12 23:00,10,23,Weekday,Fall,No,70.28,86.57,13.61
2023-10-13 00:00,10,0,Weekday,Fall,No,67.3,86.35,18.02
2023-10-13 01:00,10,1,Weekday,Fall,No,64.86,84.76,13.57
2023-10-13 02:00,10,2,Weekday,Fall,No,63.41,85.44,16.22
2023-10-13 03:00,10,3,Weekday,Fall,No,62.44,84.05,11.14
2023-10-13 04:00,10,4,Weekday,Fall,No,60.9,83.44,13.26
2023-10-13 05:00,10,5,Weekday,Fall,No,60.08,83.13,11.92
2023-10-13 06:00,10,6,Weekday,Fall,No,59.45,83.28,11.73
2023-10-13 07:00,10,7,Weekday,Fall,No,61.31,84.43,13.07
2023-10-13 08:00,10,8,Weekday,Fall,Yes,66.53,86.4,20.21
2023-10-13 09:00,10,9,Weekday,Fall,Yes,71.92,88.62,19.05
2023-10-13 10:00,10,10,Weekday,Fall,Yes,75.72,88.14,24.18
2023-10-13 11:00,10,11,Weekday,Fall,Yes,78.78,88.2,24.31
2023-10-13 12:00,10,12,Weekday,Fall,Yes,81.74,90.0,21.58
2023-10-13 13:00,10,13,Weekday,Fall,Yes,84.1,90.54,23.48
2023-10-13 14:00,10,14,Weekday,Fall,Yes,84.92,90.99,24.25
2023-10-13 15:00,10,15,Weekday,Fall,Yes,85.55,91.77,27.43
2023-10-13 16:00,10,16,Weekday,Fall,Yes,84.84,91.21,29.05
2023-10-13 17:00,10,17,Weekday,Fall,Yes,82.24,89.21,26.53
2023-10-13 18:00,10,18,Weekday,Fall,No,79.81,89.1,18.73
2023-10-13 19:00,10,19,Weekday,Fall,No,77.82,88.88,20.25
2023-10-13 20:00,10,20,Weekday,Fall,No,76.37,88.46,20.04
2023-10-13 21:00,10,21,Weekday,Fall,No,73.61,87.51,21.8
2023-10-13 22:00,10,22,Weekday,Fall,No,73.12,85.94,17.8
2023-10-13 23:00,10,23,Weekday,Fall,No,71.1,87.15,14.97
2023-10-14 00:00,10,0,Weekend,Fall,No,68.45,87.15,16.34
2023-10-14 01:00,10,1,Weekend,Fall,No,68.63,85.96,15.2
2023-10-14 02:00,10,2,Weekend,Fall,No,68.45,85.22,13.09
2023-10-14 03:00,10,3,Weekend,Fall,No,67.37,85.98,15.63
2023-10-14 04:00,10,4,Weekend,Fall,No,66.4,85.28,21.03
2023-10-14 05:00,10,5,Weekend,Fall,No,65.39,85.24,17.02
2023-10-14 06:00,10,6,Weekend,Fall,No,64.94,84.44,9.88
2023-10-14 07:00,10,7,Weekend,Fall,No,66.1,86.07,16.85
2023-10-14 08:00,10,8,Weekend,Fall,No,69.34,86.91,15.7
2023-10-14 09:00,10,9,Weekend,Fall,No,72.74,86.69,16.02
2023-10-14 10:00,10,10,Weekend,Fall,No,75.1,86.41,15.44
2023-10-14 11:00,10,11,Weekend,Fall,No,78.33,88.89,23.02
2023-10-14 12:00,10,12,Weekend,Fall,No,81.22,89.58,18.31
2023-10-14 13:00,10,13,Weekend,Fall,No,82.56,91.68,19.9
2023-10-14 14:00,10,14,Weekend,Fall,No,83.57,89.43,21.33
2023-10-14 15:00,10,15,Weekend,Fall,No,84.02,90.79,18.22
2023-10-14 16:00,10,16,Weekend,Fall,No,84.02,92.18,24.56
2023-10-14 17:00,10,17,Weekend,Fall,No,82.86,90.27,19.42
2023-10-14 18:00,10,18,Weekend,Fall,No,79.73,90.01,19.79
2023-10-14 19:00,10,19,Weekend,Fall,No,76.3,87.84,20.65
2023-10-14 20:00,10,20,Weekend,Fall,No,73.24,88.22,18.72
2023-10-14 21:00,10,21,Weekend,Fall,No,71.44,86.18,20.99
2023-10-14 22:00,10,22,Weekend,Fall,No,69.9,86.62,16.22
2023-10-14 23:00,10,23,Weekend,Fall,No,67.82,86.0,15.35
2023-10-15 00:00,10,0,Weekend,Fall,No,66.4,86.3,16.18
2023-10-15 01:00,10,1,Weekend,Fall,No,64.86,83.7,17.91
2023-10-15 02:00,10,2,Weekend,Fall,No,62.26,86.21,12.96
2023-10-15 03:00,10,3,Weekend,Fall,No,60.46,84.5,14.55
2023-10-15 04:00,10,4,Weekend,Fall,No,58.82,82.65,12.68
2023-10-15 05:00,10,5,Weekend,Fall,No,58.55,85.06,10.1
2023-10-15 06:00,10,6,Weekend,Fall,No,60.16,84.78,15.4
2023-10-15 07:00,10,7,Weekend,Fall,No,62.76,85.17,13.79
2023-10-15 08:00,10,8,Weekend,Fall,No,68.13,86.02,17.66
2023-10-15 09:00,10,9,Weekend,Fall,No,74.53,87.78,20.01
2023-10-15 10:00,10,10,Weekend,Fall,No,79.31,87.9,23.15
2023-10-15 11:00,10,11,Weekend,Fall,No,82.74,88.75,15.55
2023-10-15 12:00,10,12,Weekend,Fall,No,84.02,91.86,23.0
2023-10-15 13:00,10,13,Weekend,Fall,No,85.8,90.76,24.34
2023-10-15 14:00,10,14,Weekend,Fall,No,88.23,93.15,20.57
2023-10-15 15:00,10,15,Weekend,Fall,No,88.43,91.13,18.9
2023-10-15 16:00,10,16,Weekend,Fall,No,86.82,92.8,22.57
2023-10-15 17:00,10,17,Weekend,Fall,No,84.22,92.52,23.83
2023-10-15 18:00,10,18,Weekend,Fall,No,80.63,90.06,22.28
2023-10-15 19:00,10,19,Weekend,Fall,No,77.2,89.15,19.46
2023-10-15 20:00,10,20,Weekend,Fall,No,73.08,88.08,17.37
2023-10-15 21:00,10,21,Weekend,Fall,No,69.9,86.42,16.29
2023-10-15 22:00,10,22,Weekend,Fall,No,69.6,85.91,15.43
2023-10-15 23:00,10,23,Weekend,Fall,No,68.82,84.79,18.79
2023-10-16 00:00,10,0,Weekday,Fall,No,66.84,86.62,13.53
2023-10-16 01:00,10,1,Weekday,Fall,No,66.02,84.91,11.42
2023-10-16 02:00,10,2,Weekday,Fall,No,63.08,84.8,11.15
2023-10-16 03:00,10,3,Weekday,Fall,No,62.14,84.54,9.4
2023-10-16 04:00,10,4,Weekday,Fall,No,63.59,84.12,14.92
2023-10-16 05:00,10,5,Weekday,Fall,No,62.89,85.22,17.25
2023-10-16 06:00,10,6,Weekday,Fall,No,62.58,83.79,14.89
2023-10-16 07:00,10,7,Weekday,Fall,No,67.06,85.21,13.15
2023-10-16 08:00,10,8,Weekday,Fall,Yes,72.29,86.75,23.36
2023-10-16 09:00,10,9,Weekday,Fall,Yes,76.35,87.34,22.83
2023-10-16 10:00,10,10,Weekday,Fall,Yes,79.76,88.82,23.52
2023-10-16 11:00,10,11,Weekday,Fall,Yes,82.74,89.96,20.41
2023-10-16 12:00,10,12,Weekday,Fall,Yes,84.54,89.29,22.27
2023-10-16 13:00,10,13,Weekday,Fall,Yes,85.55,91.8,23.76
2023-10-16 14:00,10,14,Weekday,Fall,Yes,87.78,90.51,26.94
2023-10-16 15:00,10,15,Weekday,Fall,Yes,87.9,92.05,22.24
2023-10-16 16:00,10,16,Weekday,Fall,Yes,85.82,92.56,25.23
2023-10-16 17:00,10,17,Weekday,Fall,Yes,83.24,90.16,24.93
2023-10-16 18:00,10,18,Weekday,Fall,No,80.88,90.0,19.06
2023-10-16 19:00,10,19,Weekday,Fall,No,79.43,89.44,19.29
2023-10-16 20:00,10,20,Weekday,Fall,No,77.82,88.03,19.86
2023-10-16 21:00,10,21,Weekday,Fall,No,75.84,89.1,20.05
2023-10-16 22:00,10,22,Weekday,Fall,No,72.71,86.86,19.95
2023-10-16 23:00,10,23,Weekday,Fall,No,73.37,88.56,17.1
2023-10-17 00:00,10,0,Weekday,Fall,No,73.24,86.81,19.63
2023-10-17 01:00,10,1,Weekday,Fall,No,71.96,88.32,15.08
2023-10-17 02:00,10,2,Weekday,Fall,No,73.12,86.36,19.72
2023-10-17 03:00,10,3,Weekday,Fall,No,73.42,86.84,16.13
2023-10-17 04:00,10,4,Weekday,Fall,No,73.04,88.26,19.61
2023-10-17 05:00,10,5,Weekday,Fall,No,72.41,87.8,17.38
2023-10-17 06:00,10,6,Weekday,Fall,No,71.44,85.59,20.92
2023-10-17 07:00,10,7,Weekday,Fall,No,71.06,86.58,15.45
2023-10-17 08:00,10,8,Weekday,Fall,Yes,71.58,86.45,20.45
2023-10-17 09:00,10,9,Weekday,Fall,Yes,73.12,86.61,20.35
2023-10-17 10:00,10,10,Weekday,Fall,Yes,76.35,88.76,22.68
2023-10-17 11:00,10,11,Weekday,Fall,Yes,78.6,88.44,24.32
2023-10-17 12:00,10,12,Weekday,Fall,Yes,78.98,89.41,22.81
2023-10-17 13:00,10,13,Weekday,Fall,Yes,78.46,89.29,22.43
2023-10-17 14:00,10,14,Weekday,Fall,Yes,78.08,89.02,20.58
2023-10-17 15:00,10,15,Weekday,Fall,Yes,77.45,87.66,23.54
2023-10-17 16:00,10,16,Weekday,Fall,Yes,76.37,88.54,25.45
2023-10-17 17:00,10,17,Weekday,Fall,Yes,74.24,87.58,19.01
2023-10-17 18:00,10,18,Weekday,Fall,No,71.88,86.58,16.2
2023-10-17 19:00,10,19,Weekday,Fall,No,69.9,86.24,18.96
2023-10-17 20:00,10,20,Weekday,Fall,No,68.45,85.69,15.44
2023-10-17 21:00,10,21,Weekday,Fall,No,66.84,86.27,19.17
2023-10-17 22:00,10,22,Weekday,Fall,No,65.39,84.54,17.5
2023-10-17 23:00,10,23,Weekday,Fall,No,64.41,84.2,16.76
2023-10-18 00:00,10,0,Weekday,Fall,No,64.04,82.78,15.96
2023-10-18 01:00,10,1,Weekday,Fall,No,62.89,82.99,13.32
2023-10-18 02:00,10,2,Weekday,Fall,No,60.9,83.33,12.42
2023-10-18 03:00,10,3,Weekday,Fall,No,59.45,84.25,12.83
2023-10-18 04:00,10,4,Weekday,Fall,No,57.22,81.92,12.19
2023-10-18 05:00,10,5,Weekday,Fall,No,55.94,81.91,9.28
2023-10-18 06:00,10,6,Weekday,Fall,No,56.57,83.3,8.02
2023-10-18 07:00,10,7,Weekday,Fall,No,58.18,83.36,12.05
2023-10-18 08:00,10,8,Weekday,Fall,Yes,61.31,83.89,18.5
2023-10-18 09:00,10,9,Weekday,Fall,Yes,64.11,84.78,22.14
2023-10-18 10:00,10,10,Weekday,Fall,Yes,66.1,85.98,14.39
2023-10-18 11:00,10,11,Weekday,Fall,Yes,67.55,86.31,17.32
2023-10-18 12:00,10,12,Weekday,Fall,Yes,68.63,86.8,20.64
2023-10-18 13:00,10,13,Weekday,Fall,Yes,69.6,85.88,21.08
2023-10-18 14:00,10,14,Weekday,Fall,Yes,70.61,86.25,20.98
2023-10-18 15:00,10,15,Weekday,Fall,Yes,71.58,86.55,16.65
2023-10-18 16:00,10,16,Weekday,Fall,Yes,71.44,85.93,23.33
2023-10-18 17:00,10,17,Weekday,Fall,Yes,71.06,84.91,23.08
2023-10-18 18:00,10,18,Weekday,Fall,No,69.9,86.18,14.0
2023-10-18 19:00,10,19,Weekday,Fall,No,67.3,86.31,18.4
2023-10-18 20:00,10,20,Weekday,Fall,No,65.39,85.78,13.01
2023-10-18 21:00,10,21,Weekday,Fall,No,62.63,84.36,14.03
2023-10-18 22:00,10,22,Weekday,Fall,No,60.98,83.14,15.68
2023-10-18 23:00,10,23,Weekday,Fall,No,61.61,84.59,11.03
2023-10-19 00:00,10,0,Weekday,Fall,No,62.06,85.09,14.76
2023-10-19 01:00,10,1,Weekday,Fall,No,60.9,83.35,14.47
2023-10-19 02:00,10,2,Weekday,Fall,No,58.3,82.91,13.92
2023-10-19 03:00,10,3,Weekday,Fall,No,56.39,82.88,8.28
2023-10-19 04:00,10,4,Weekday,Fall,No,55.42,81.39,11.27
2023-10-19 05:00,10,5,Weekday,Fall,No,54.41,82.64,13.57
2023-10-19 06:00,10,6,Weekday,Fall,No,53.96,82.36,10.79
2023-10-19 07:00,10,7,Weekday,Fall,No,55.74,81.89,8.12
2023-10-19 08:00,10,8,Weekday,Fall,Yes,60.48,82.9,14.06
2023-10-19 09:00,10,9,Weekday,Fall,Yes,65.27,85.82,16.17
2023-10-19 10:00,10,10,Weekday,Fall,Yes,68.7,85.84,20.74
2023-10-19 11:00,10,11,Weekday,Fall,Yes,71.14,86.58,21.42
2023-10-19 12:00,10,12,Weekday,Fall,Yes,73.12,89.14,24.96
2023-10-19 13:00,10,13,Weekday,Fall,Yes,75.72,89.68,24.14
2023-10-19 14:00,10,14,Weekday,Fall,Yes,79.31,88.93,21.56
2023-10-19 15:00,10,15,Weekday,Fall,Yes,80.44,89.44,25.66
2023-10-19 16:00,10,16,Weekday,Fall,Yes,79.43,90.17,27.12
2023-10-19 17:00,10,17,Weekday,Fall,Yes,77.2,88.5,26.12
2023-10-19 18:00,10,18,Weekday,Fall,No,74.24,86.53,18.49
2023-10-19 19:00,10,19,Weekday,Fall,No,71.88,86.13,15.32
2023-10-19 20:00,10,20,Weekday,Fall,No,68.65,85.57,15.23
2023-10-19 21:00,10,21,Weekday,Fall,No,67.55,86.83,13.84
2023-10-19 22:00,10,22,Weekday,Fall,No,66.84,84.6,20.18
2023-10-19 23:00,10,23,Weekday,Fall,No,66.54,84.25,13.92
2023-10-20 00:00,10,0,Weekday,Fall,No,65.24,83.99,10.94
2023-10-20 01:00,10,1,Weekday,Fall,No,62.89,84.26,11.05
2023-10-20 02:00,10,2,Weekday,Fall,No,61.43,85.1,12.71
2023-10-20 03:00,10,3,Weekday,Fall,No,59.82,85.38,13.48
2023-10-20 04:00,10,4,Weekday,Fall,No,59.0,84.61,10.77
2023-10-20 05:00,10,5,Weekday,Fall,No,59.63,83.63,8.03
2023-10-20 06:00,10,6,Weekday,Fall,No,61.24,84.71,13.49
2023-10-20 07:00,10,7,Weekday,Fall,No,63.74,84.59,16.2
2023-10-20 08:00,10,8,Weekday,Fall,Yes,67.36,85.32,19.35
2023-10-20 09:00,10,9,Weekday,Fall,Yes,70.76,85.66,16.45
2023-10-20 10:00,10,10,Weekday,Fall,Yes,74.9,89.15,21.99
2023-10-20 11:00,10,11,Weekday,Fall,Yes,78.78,89.57,22.68
2023-10-20 12:00,10,12,Weekday,Fall,Yes,80.58,89.35,22.77
2023-10-20 13:00,10,13,Weekday,Fall,Yes,81.59,90.75,24.74
2023-10-20 14:00,10,14,Weekday,Fall,Yes,82.04,90.28,24.87
2023-10-20 15:00,10,15,Weekday,Fall,Yes,81.41,90.56,21.63
2023-10-20 16:00,10,16,Weekday,Fall,Yes,80.44,90.67,21.81
2023-10-20 17:00,10,17,Weekday,Fall,Yes,79.43,87.97,25.22
2023-10-20 18:00,10,18,Weekday,Fall,No,77.82,88.83,20.5
2023-10-20 19:00,10,19,Weekday,Fall,No,76.37,89.65,16.1
2023-10-20 20:00,10,20,Weekday,Fall,No,75.4,87.77,18.45
2023-10-20 21:00,10,21,Weekday,Fall,No,74.39,88.84,15.21
2023-10-20 22:00,10,22,Weekday,Fall,No,73.42,87.97,22.41
2023-10-20 23:00,10,23,Weekday,Fall,No,72.41,87.39,19.4
2023-10-21 00:00,10,0,Weekend,Fall,No,71.44,87.99,18.08
2023-10-21 01:00,10,1,Weekend,Fall,No,70.43,87.64,16.48
2023-10-21 02:00,10,2,Weekend,Fall,No,69.98,88.07,16.91
2023-10-21 03:00,10,3,Weekend,Fall,No,68.82,86.06,13.02
2023-10-21 04:00,10,4,Weekend,Fall,No,66.84,86.56,15.35
2023-10-21 05:00,10,5,Weekend,Fall,No,67.18,85.58,15.76
2023-10-21 06:00,10,6,Weekend,Fall,No,67.37,84.31,12.07
2023-10-21 07:00,10,7,Weekend,Fall,No,68.18,86.23,16.78
2023-10-21 08:00,10,8,Weekend,Fall,No,70.76,87.05,13.96
2023-10-21 09:00,10,9,Weekend,Fall,No,72.59,88.05,16.15
2023-10-21 10:00,10,10,Weekend,Fall,No,74.72,87.96,20.53
2023-10-21 11:00,10,11,Weekend,Fall,No,78.33,90.7,16.9
2023-10-21 12:00,10,12,Weekend,Fall,No,80.06,89.62,20.92
2023-10-21 13:00,10,13,Weekend,Fall,No,78.9,88.85,19.42
2023-10-21 14:00,10,14,Weekend,Fall,No,76.82,88.42,20.73
2023-10-21 15:00,10,15,Weekend,Fall,No,72.46,86.47,15.75
2023-10-21 16:00,10,16,Weekend,Fall,No,67.67,85.32,19.62
2023-10-21 17:00,10,17,Weekend,Fall,No,58.98,84.15,11.93
2023-10-21 18:00,10,18,Weekend,Fall,No,53.43,81.72,14.2
2023-10-21 19:00,10,19,Weekend,Fall,No,53.06,81.67,9.22
2023-10-21 20:00,10,20,Weekend,Fall,No,53.58,83.22,12.28
2023-10-21 21:00,10,21,Weekend,Fall,No,53.96,81.03,11.33
2023-10-21 22:00,10,22,Weekend,Fall,No,52.8,82.99,11.02
2023-10-21 23:00,10,23,Weekend,Fall,No,51.46,81.64,9.7
2023-10-22 00:00,10,0,Weekend,Fall,No,51.6,80.12,10.43
2023-10-22 01:00,10,1,Weekend,Fall,No,51.98,81.94,8.88
2023-10-22 02:00,10,2,Weekend,Fall,No,52.61,82.23,8.47
2023-10-22 03:00,10,3,Weekend,Fall,No,52.43,81.96,9.16
2023-10-22 04:00,10,4,Weekend,Fall,No,51.46,81.82,10.76
2023-10-22 05:00,10,5,Weekend,Fall,No,51.08,82.51,8.09
2023-10-22 06:00,10,6,Weekend,Fall,No,51.08,82.39,9.96
2023-10-22 07:00,10,7,Weekend,Fall,No,52.24,80.85,10.32
2023-10-22 08:00,10,8,Weekend,Fall,No,55.37,83.33,14.31
2023-10-22 09:00,10,9,Weekend,Fall,No,58.8,82.89,9.24
2023-10-22 10:00,10,10,Weekend,Fall,No,61.24,83.67,13.81
2023-10-22 11:00,10,11,Weekend,Fall,No,63.22,83.95,13.66
2023-10-22 12:00,10,12,Weekend,Fall,No,64.56,84.92,17.6
2023-10-22 13:00,10,13,Weekend,Fall,No,65.57,85.08,15.46
2023-10-22 14:00,10,14,Weekend,Fall,No,66.54,84.84,15.03
2023-10-22 15:00,10,15,Weekend,Fall,No,67.55,84.31,17.6
2023-10-22 16:00,10,16,Weekend,Fall,No,66.84,85.65,13.48
2023-10-22 17:00,10,17,Weekend,Fall,No,64.24,84.52,14.36
2023-10-22 18:00,10,18,Weekend,Fall,No,61.8,85.43,13.28
2023-10-22 19:00,10,19,Weekend,Fall,No,60.46,83.64,13.85
2023-10-22 20:00,10,20,Weekend,Fall,No,58.3,84.16,14.24
2023-10-22 21:00,10,21,Weekend,Fall,No,55.86,81.46,12.52
2023-10-22 22:00,10,22,Weekend,Fall,No,54.41,83.37,13.52
2023-10-22 23:00,10,23,Weekend,Fall,No,53.43,81.99,5.88
2023-10-23 00:00,10,0,Weekday,Fall,No,52.43,81.08,11.24
2023-10-23 01:00,10,1,Weekday,Fall,No,50.82,80.85,7.46
2023-10-23 02:00,10,2,Weekday,Fall,No,49.37,80.03,7.93
2023-10-23 03:00,10,3,Weekday,Fall,No,49.55,80.82,8.36
2023-10-23 04:00,10,4,Weekday,Fall,No,48.84,79.32,6.75
2023-10-23 05:00,10,5,Weekday,Fall,No,49.8,81.34,5.98
2023-10-23 06:00,10,6,Weekday,Fall,No,50.45,79.99,4.66
2023-10-23 07:00,10,7,Weekday,Fall,No,52.31,82.19,9.74
2023-10-23 08:00,10,8,Weekday,Fall,Yes,55.74,82.84,14.03
2023-10-23 09:00,10,9,Weekday,Fall,Yes,61.12,85.3,16.0
2023-10-23 10:00,10,10,Weekday,Fall,Yes,66.98,85.37,18.32
2023-10-23 11:00,10,11,Weekday,Fall,Yes,70.24,84.78,15.45
2023-10-23 12:00,10,12,Weekday,Fall,Yes,72.22,86.46,22.86
2023-10-23 13:00,10,13,Weekday,Fall,Yes,74.19,86.7,20.08
2023-10-23 14:00,10,14,Weekday,Fall,Yes,75.02,87.11,23.13
2023-10-23 15:00,10,15,Weekday,Fall,Yes,75.54,87.22,26.51
2023-10-23 16:00,10,16,Weekday,Fall,Yes,75.4,88.84,22.86
2023-10-23 17:00,10,17,Weekday,Fall,Yes,73.24,87.39,21.07
2023-10-23 18:00,10,18,Weekday,Fall,No,70.28,85.62,13.58
2023-10-23 19:00,10,19,Weekday,Fall,No,67.82,86.37,16.88
2023-10-23 20:00,10,20,Weekday,Fall,No,64.61,85.95,13.71
2023-10-23 21:00,10,21,Weekday,Fall,No,62.96,84.22,15.66
2023-10-23 22:00,10,22,Weekday,Fall,No,61.28,83.42,10.25
2023-10-23 23:00,10,23,Weekday,Fall,No,58.82,83.12,13.27
2023-10-24 00:00,10,0,Weekday,Fall,No,57.4,83.23,13.27
2023-10-24 01:00,10,1,Weekday,Fall,No,55.86,83.51,7.35
2023-10-24 02:00,10,2,Weekday,Fall,No,54.41,81.59,11.78
2023-10-24 03:00,10,3,Weekday,Fall,No,53.96,81.88,10.14
2023-10-24 04:00,10,4,Weekday,Fall,No,54.59,82.45,10.32
2023-10-24 05:00,10,5,Weekday,Fall,No,54.41,82.31,10.95
2023-10-24 06:00,10,6,Weekday,Fall,No,53.96,81.61,9.11
2023-10-24 07:00,10,7,Weekday,Fall,No,56.9,82.83,10.71
2023-10-24 08:00,10,8,Weekday,Fall,Yes,61.31,82.85,20.12
2023-10-24 09:00,10,9,Weekday,Fall,Yes,65.27,84.78,15.8
2023-10-24 10:00,10,10,Weekday,Fall,Yes,68.7,85.83,19.41
2023-10-24 11:00,10,11,Weekday,Fall,Yes,71.76,87.74,23.26
2023-10-24 12:00,10,12,Weekday,Fall,Yes,74.19,88.75,19.63
2023-10-24 13:00,10,13,Weekday,Fall,Yes,75.02,87.46,26.2
2023-10-24 14:00,10,14,Weekday,Fall,Yes,76.18,88.03,22.26
2023-10-24 15:00,10,15,Weekday,Fall,Yes,76.37,88.82,25.0
2023-10-24 16:00,10,16,Weekday,Fall,Yes,75.92,88.45,23.39
2023-10-24 17:00,10,17,Weekday,Fall,Yes,74.24,88.63,18.54
2023-10-24 18:00,10,18,Weekday,Fall,No,71.88,86.7,16.09
2023-10-24 19:00,10,19,Weekday,Fall,No,69.9,86.44,17.88
2023-10-24 20:00,10,20,Weekday,Fall,No,68.45,86.06,16.62
2023-10-24 21:00,10,21,Weekday,Fall,No,66.84,85.6,11.43
2023-10-24 22:00,10,22,Weekday,Fall,No,67.18,85.26,15.39
2023-10-24 23:00,10,23,Weekday,Fall,No,66.84,85.8,15.47
2023-10-25 00:00,10,0,Weekday,Fall,No,64.86,85.21,11.95
2023-10-25 01:00,10,1,Weekday,Fall,No,63.41,84.02,13.32
2023-10-25 02:00,10,2,Weekday,Fall,No,61.8,84.88,11.78
2023-10-25 03:00,10,3,Weekday,Fall,No,59.82,83.59,10.2
2023-10-25 04:00,10,4,Weekday,Fall,No,59.0,84.88,12.48
2023-10-25 05:00,10,5,Weekday,Fall,No,59.63,83.91,13.38
2023-10-25 06:00,10,6,Weekday,Fall,No,59.45,82.94,9.77
2023-10-25 07:00,10,7,Weekday,Fall,No,60.78,85.17,14.25
2023-10-25 08:00,10,8,Weekday,Fall,Yes,65.53,83.42,15.63
2023-10-25 09:00,10,9,Weekday,Fall,Yes,70.31,86.68,18.0
2023-10-25 10:00,10,10,Weekday,Fall,Yes,73.12,88.77,17.32
2023-10-25 11:00,10,11,Weekday,Fall,Yes,75.1,86.31,22.59
2023-10-25 12:00,10,12,Weekday,Fall,Yes,78.33,87.39,23.07
2023-10-25 13:00,10,13,Weekday,Fall,Yes,78.28,88.55,23.82
2023-10-25 14:00,10,14,Weekday,Fall,Yes,77.0,87.39,18.17
2023-10-25 15:00,10,15,Weekday,Fall,Yes,77.0,86.86,25.18
2023-10-25 16:00,10,16,Weekday,Fall,Yes,75.84,86.18,24.01
2023-10-25 17:00,10,17,Weekday,Fall,Yes,73.86,88.32,15.64
2023-10-25 18:00,10,18,Weekday,Fall,No,71.88,87.51,21.18
2023-10-25 19:00,10,19,Weekday,Fall,No,71.06,86.58,15.95
2023-10-25 20:00,10,20,Weekday,Fall,No,69.9,86.02,16.5
2023-10-25 21:00,10,21,Weekday,Fall,No,68.45,85.34,15.11
2023-10-25 22:00,10,22,Weekday,Fall,No,68.0,86.28,11.8
2023-10-25 23:00,10,23,Weekday,Fall,No,66.84,86.09,16.48
2023-10-26 00:00,10,0,Weekday,Fall,No,66.02,86.37,15.03
2023-10-26 01:00,10,1,Weekday,Fall,No,66.02,85.11,14.37
2023-10-26 02:00,10,2,Weekday,Fall,No,66.02,85.15,16.63
2023-10-26 03:00,10,3,Weekday,Fall,No,65.39,85.54,15.77
2023-10-26 04:00,10,4,Weekday,Fall,No,63.78,85.38,10.67
2023-10-26 05:00,10,5,Weekday,Fall,No,62.96,85.31,10.7
2023-10-26 06:00,10,6,Weekday,Fall,No,61.8,84.34,11.04
2023-10-26 07:00,10,7,Weekday,Fall,No,62.14,85.06,17.88
2023-10-26 08:00,10,8,Weekday,Fall,Yes,65.9,85.54,19.47
2023-10-26 09:00,10,9,Weekday,Fall,Yes,68.63,86.75,15.56
2023-10-26 10:00,10,10,Weekday,Fall,Yes,71.39,86.03,18.43
2023-10-26 11:00,10,11,Weekday,Fall,Yes,72.41,87.85,20.18
2023-10-26 12:00,10,12,Weekday,Fall,Yes,71.96,86.88,16.72
2023-10-26 13:00,10,13,Weekday,Fall,Yes,71.44,86.62,22.16
2023-10-26 14:00,10,14,Weekday,Fall,Yes,71.58,86.39,24.23
2023-10-26 15:00,10,15,Weekday,Fall,Yes,73.12,88.34,21.42
2023-10-26 16:00,10,16,Weekday,Fall,Yes,73.42,87.09,19.26
2023-10-26 17:00,10,17,Weekday,Fall,Yes,71.88,86.75,19.8
2023-10-26 18:00,10,18,Weekday,Fall,No,70.43,86.6,20.36
2023-10-26 19:00,10,19,Weekday,Fall,No,70.61,86.75,17.04
2023-10-26 20:00,10,20,Weekday,Fall,No,69.9,85.77,18.2
2023-10-26 21:00,10,21,Weekday,Fall,No,69.08,86.54,12.09
2023-10-26 22:00,10,22,Weekday,Fall,No,68.45,87.56,17.25
2023-10-26 23:00,10,23,Weekday,Fall,No,67.37,86.66,16.76
2023-10-27 00:00,10,0,Weekday,Fall,No,65.76,86.59,17.11
2023-10-27 01:00,10,1,Weekday,Fall,No,66.1,83.27,18.86
2023-10-27 02:00,10,2,Weekday,Fall,No,65.76,85.5,17.53
2023-10-27 03:00,10,3,Weekday,Fall,No,64.94,86.31,15.54
2023-10-27 04:00,10,4,Weekday,Fall,No,64.41,84.95,18.87
2023-10-27 05:00,10,5,Weekday,Fall,No,64.04,83.76,14.49
2023-10-27 06:00,10,6,Weekday,Fall,No,64.04,85.78,14.03
2023-10-27 07:00,10,7,Weekday,Fall,No,64.04,84.38,12.97
2023-10-27 08:00,10,8,Weekday,Fall,Yes,67.5,85.77,17.79
2023-10-27 09:00,10,9,Weekday,Fall,Yes,71.14,87.96,20.28
2023-10-27 10:00,10,10,Weekday,Fall,Yes,74.27,88.2,20.7
2023-10-27 11:00,10,11,Weekday,Fall,Yes,75.4,88.13,21.11
2023-10-27 12:00,10,12,Weekday,Fall,Yes,75.54,87.93,21.43
2023-10-27 13:00,10,13,Weekday,Fall,Yes,77.18,87.35,22.0
2023-10-27 14:00,10,14,Weekday,Fall,Yes,77.45,88.65,21.29
2023-10-27 15:00,10,15,Weekday,Fall,Yes,75.84,88.06,16.48
2023-10-27 16:00,10,16,Weekday,Fall,Yes,74.39,87.82,23.91
2023-10-27 17:00,10,17,Weekday,Fall,Yes,72.78,86.33,22.01
2023-10-27 18:00,10,18,Weekday,Fall,No,70.81,85.0,15.26
2023-10-27 19:00,10,19,Weekday,Fall,No,69.46,86.53,13.33
2023-10-27 20:00,10,20,Weekday,Fall,No,68.45,85.03,11.95
2023-10-27 21:00,10,21,Weekday,Fall,No,67.37,85.48,13.92
2023-10-27 22:00,10,22,Weekday,Fall,No,66.92,86.58,15.78
2023-10-27 23:00,10,23,Weekday,Fall,No,66.4,85.49,17.22
2023-10-28 00:00,10,0,Weekend,Fall,No,65.39,86.78,16.18
2023-10-28 01:00,10,1,Weekend,Fall,No,64.41,85.43,13.34
2023-10-28 02:00,10,2,Weekend,Fall,No,63.41,84.71,14.76
2023-10-28 03:00,10,3,Weekend,Fall,No,61.8,84.39,11.56
2023-10-28 04:00,10,4,Weekend,Fall,No,60.98,84.19,11.7
2023-10-28 05:00,10,5,Weekend,Fall,No,60.46,84.71,12.81
2023-10-28 06:00,10,6,Weekend,Fall,No,60.08,82.55,12.87
2023-10-28 07:00,10,7,Weekend,Fall,No,61.24,84.5,12.89
2023-10-28 08:00,10,8,Weekend,Fall,No,63.74,85.2,9.86
2023-10-28 09:00,10,9,Weekend,Fall,No,66.72,85.58,16.85
2023-10-28 10:00,10,10,Weekend,Fall,No,69.16,87.37,17.11
2023-10-28 11:00,10,11,Weekend,Fall,No,71.14,86.5,11.93
2023-10-28 12:00,10,12,Weekend,Fall,No,72.59,87.67,18.66
2023-10-28 13:00,10,13,Weekend,Fall,No,73.04,88.15,11.65
2023-10-28 14:00,10,14,Weekend,Fall,No,73.04,86.88,19.03
2023-10-28 15:00,10,15,Weekend,Fall,No,64.85,84.77,13.3
2023-10-28 16:00,10,16,Weekend,Fall,No,55.54,83.66,12.4
2023-10-28 17:00,10,17,Weekend,Fall,No,51.9,81.62,6.76
2023-10-28 18:00,10,18,Weekend,Fall,No,51.08,81.7,7.8
2023-10-28 19:00,10,19,Weekend,Fall,No,50.45,81.09,8.78
2023-10-28 20:00,10,20,Weekend,Fall,No,50.63,82.12,11.26
2023-10-28 21:00,10,21,Weekend,Fall,No,51.08,83.07,10.06
2023-10-28 22:00,10,22,Weekend,Fall,No,51.08,81.34,9.14
2023-10-28 23:00,10,23,Weekend,Fall,No,51.08,81.92,8.96
2023-10-29 00:00,10,0,Weekend,Fall,No,51.08,79.54,8.02
2023-10-29 01:00,10,1,Weekend,Fall,No,51.08,82.61,13.51
2023-10-29 02:00,10,2,Weekend,Fall,No,49.82,80.3,13.22
2023-10-29 03:00,10,3,Weekend,Fall,No,49.55,80.21,2.37
2023-10-29 04:00,10,4,Weekend,Fall,No,48.84,80.69,11.37
2023-10-29 05:00,10,5,Weekend,Fall,No,48.02,80.29,9.21
2023-10-29 06:00,10,6,Weekend,Fall,No,46.86,80.69,4.38
2023-10-29 07:00,10,7,Weekend,Fall,No,46.56,80.42,5.43
2023-10-29 08:00,10,8,Weekend,Fall,No,49.36,80.68,16.5
2023-10-29 09:00,10,9,Weekend,Fall,No,53.92,83.78,9.59
2023-10-29 10:00,10,10,Weekend,Fall,No,57.1,83.68,11.34
2023-10-29 11:00,10,11,Weekend,Fall,No,59.18,82.83,11.62
2023-10-29 12:00,10,12,Weekend,Fall,No,61.24,85.11,10.81
2023-10-29 13:00,10,13,Weekend,Fall,No,63.22,83.89,18.41
2023-10-29 14:00,10,14,Weekend,Fall,No,64.56,84.65,17.75
2023-10-29 15:00,10,15,Weekend,Fall,No,64.94,85.93,13.85
2023-10-29 16:00,10,16,Weekend,Fall,No,63.26,85.12,15.03
2023-10-29 17:00,10,17,Weekend,Fall,No,60.28,84.54,15.84
2023-10-29 18:00,10,18,Weekend,Fall,No,57.85,83.78,12.78
2023-10-29 19:00,10,19,Weekend,Fall,No,55.86,82.25,8.55
2023-10-29 20:00,10,20,Weekend,Fall,No,53.88,82.64,7.02
2023-10-29 21:00,10,21,Weekend,Fall,No,52.43,81.21,15.55
2023-10-29 22:00,10,22,Weekend,Fall,No,51.46,80.39,9.68
2023-10-29 23:00,10,23,Weekend,Fall,No,51.08,81.82,9.86
2023-10-30 00:00,10,0,Weekday,Fall,No,49.82,81.19,13.08
2023-10-30 01:00,10,1,Weekday,Fall,No,48.92,81.79,7.37
2023-10-30 02:00,10,2,Weekday,Fall,No,48.4,79.46,8.88
2023-10-30 03:00,10,3,Weekday,Fall,No,47.39,80.34,6.1
2023-10-30 04:00,10,4,Weekday,Fall,No,46.42,80.4,9.76
2023-10-30 05:00,10,5,Weekday,Fall,No,45.41,80.04,11.57
2023-10-30 06:00,10,6,Weekday,Fall,No,44.96,80.28,4.34
2023-10-30 07:00,10,7,Weekday,Fall,No,46.11,79.77,8.31
2023-10-30 08:00,10,8,Weekday,Fall,Yes,49.88,80.77,10.55
2023-10-30 09:00,10,9,Weekday,Fall,Yes,54.29,82.47,15.94
2023-10-30 10:00,10,10,Weekday,Fall,Yes,58.88,83.47,14.46
2023-10-30 11:00,10,11,Weekday,Fall,Yes,63.29,83.97,17.58
2023-10-30 12:00,10,12,Weekday,Fall,Yes,66.1,86.49,25.86
2023-10-30 13:00,10,13,Weekday,Fall,Yes,68.7,87.09,15.64
2023-10-30 14:00,10,14,Weekday,Fall,Yes,69.46,85.42,12.45
2023-10-30 15:00,10,15,Weekday,Fall,Yes,68.45,86.36,19.01
2023-10-30 16:00,10,16,Weekday,Fall,Yes,66.84,86.78,17.23
2023-10-30 17:00,10,17,Weekday,Fall,Yes,64.97,85.49,19.72
2023-10-30 18:00,10,18,Weekday,Fall,No,62.96,84.05,12.36
2023-10-30 19:00,10,19,Weekday,Fall,No,60.9,85.13,15.51
2023-10-30 20:00,10,20,Weekday,Fall,No,58.82,84.18,13.44
2023-10-30 21:00,10,21,Weekday,Fall,No,56.24,82.99,6.12
2023-10-30 22:00,10,22,Weekday,Fall,No,54.41,81.83,9.76
2023-10-30 23:00,10,23,Weekday,Fall,No,53.43,81.85,6.5
2023-10-31 00:00,10,0,Weekday,Fall,No,51.28,80.78,9.48
2023-10-31 01:00,10,1,Weekday,Fall,No,50.0,81.88,7.5
2023-10-31 02:00,10,2,Weekday,Fall,No,49.37,80.84,6.3
2023-10-31 03:00,10,3,Weekday,Fall,No,47.76,80.64,14.55
2023-10-31 04:00,10,4,Weekday,Fall,No,46.94,80.89,7.22
2023-10-31 05:00,10,5,Weekday,Fall,No,46.42,79.37,5.59
2023-10-31 06:00,10,6,Weekday,Fall,No,46.04,80.47,4.14
2023-10-31 07:00,10,7,Weekday,Fall,No,47.72,80.55,10.16
2023-10-31 08:00,10,8,Weekday,Fall,Yes,51.86,80.24,12.82
2023-10-31 09:00,10,9,Weekday,Fall,Yes,55.74,83.57,14.05
2023-10-31 10:00,10,10,Weekday,Fall,Yes,59.96,83.12,17.27
2023-10-31 11:00,10,11,Weekday,Fall,Yes,63.22,85.59,16.2
2023-10-31 12:00,10,12,Weekday,Fall,Yes,65.19,84.93,16.83
2023-10-31 13:00,10,13,Weekday,Fall,Yes,66.54,86.22,16.4
2023-10-31 14:00,10,14,Weekday,Fall,Yes,66.92,85.93,17.77
2023-10-31 15:00,10,15,Weekday,Fall,Yes,66.92,86.11,17.08
2023-10-31 16:00,10,16,Weekday,Fall,Yes,65.76,84.46,20.43
2023-10-31 17:00,10,17,Weekday,Fall,Yes,63.26,84.62,19.91
2023-10-31 18:00,10,18,Weekday,Fall,No,60.9,85.4,11.19
2023-10-31 19:00,10,19,Weekday,Fall,No,58.3,83.4,12.25
2023-10-31 20:00,10,20,Weekday,Fall,No,57.54,83.18,11.61
2023-10-31 21:00,10,21,Weekday,Fall,No,58.65,83.99,8.96
2023-10-31 22:00,10,22,Weekday,Fall,No,59.92,84.19,15.67
2023-10-31 23:00,10,23,Weekday,Fall,No,61.18,83.07,17.19
2023-11-01 00:00,11,0,Weekday,Fall,No,62.54,83.57,12.4
2023-11-01 01:00,11,1,Weekday,Fall,No,63.88,85.15,9.08
2023-11-01 02:00,11,2,Weekday,Fall,No,65.14,86.01,9.83
2023-11-01 03:00,11,3,Weekday,Fall,No,66.4,85.58,15.09
2023-11-01 04:00,11,4,Weekday,Fall,No,68.7,85.03,19.1
2023-11-01 05:00,11,5,Weekday,Fall,No,67.04,87.47,15.45
2023-11-01 06:00,11,6,Weekday,Fall,No,64.41,85.04,18.73
2023-11-01 07:00,11,7,Weekday,Fall,No,61.1,84.48,8.44
2023-11-01 08:00,11,8,Weekday,Fall,Yes,59.63,83.26,17.81
2023-11-01 09:00,11,9,Weekday,Fall,Yes,60.08,84.45,16.81
2023-11-01 10:00,11,10,Weekday,Fall,Yes,60.6,84.14,13.45
2023-11-01 11:00,11,11,Weekday,Fall,Yes,62.76,85.16,19.78
2023-11-01 12:00,11,12,Weekday,Fall,Yes,68.13,85.48,21.19
2023-11-01 13:00,11,13,Weekday,Fall,Yes,72.22,86.99,19.24
2023-11-01 14:00,11,14,Weekday,Fall,Yes,72.41,86.61,22.75
2023-11-01 15:00,11,15,Weekday,Fall,Yes,69.65,85.68,19.82
2023-11-01 16:00,11,16,Weekday,Fall,Yes,68.63,87.17,19.09
2023-11-01 17:00,11,17,Weekday,Fall,Yes,67.3,86.97,19.82
2023-11-01 18:00,11,18,Weekday,Fall,No,64.24,84.99,13.45
2023-11-01 19:00,11,19,Weekday,Fall,No,61.8,83.61,13.81
2023-11-01 20:00,11,20,Weekday,Fall,No,60.46,84.33,15.07
2023-11-01 21:00,11,21,Weekday,Fall,No,60.6,84.51,15.52
2023-11-01 22:00,11,22,Weekday,Fall,No,60.98,83.91,8.93
2023-11-01 23:00,11,23,Weekday,Fall,No,59.82,83.61,13.53
2023-11-02 00:00,11,0,Weekday,Fall,No,57.85,84.41,11.76
2023-11-02 01:00,11,1,Weekday,Fall,No,55.86,81.91,8.27
2023-11-02 02:00,11,2,Weekday,Fall,No,55.04,81.64,12.79
2023-11-02 03:00,11,3,Weekday,Fall,No,54.41,83.92,7.14
2023-11-02 04:00,11,4,Weekday,Fall,No,53.43,82.58,11.48
2023-11-02 05:00,11,5,Weekday,Fall,No,52.43,81.37,12.41
2023-11-02 06:00,11,6,Weekday,Fall,No,51.98,81.35,14.08
2023-11-02 07:00,11,7,Weekday,Fall,No,52.61,82.33,8.45
2023-11-02 08:00,11,8,Weekday,Fall,Yes,57.68,81.94,14.98
2023-11-02 09:00,11,9,Weekday,Fall,Yes,63.92,85.99,18.52
2023-11-02 10:00,11,10,Weekday,Fall,Yes,67.8,84.14,19.91
2023-11-02 11:00,11,11,Weekday,Fall,Yes,70.24,86.06,18.02
2023-11-02 12:00,11,12,Weekday,Fall,Yes,72.22,87.29,15.12
2023-11-02 13:00,11,13,Weekday,Fall,Yes,75.35,87.99,25.52
2023-11-02 14:00,11,14,Weekday,Fall,Yes,77.0,88.7,25.72
2023-11-02 15:00,11,15,Weekday,Fall,Yes,76.37,87.86,20.74
2023-11-02 16:00,11,16,Weekday,Fall,Yes,74.24,87.55,20.11
2023-11-02 17:00,11,17,Weekday,Fall,Yes,70.1,86.2,24.51
2023-11-02 18:00,11,18,Weekday,Fall,No,66.84,85.98,16.97
2023-11-02 19:00,11,19,Weekday,Fall,No,64.86,85.51,17.13
2023-11-02 20:00,11,20,Weekday,Fall,No,61.73,84.51,11.6
2023-11-02 21:00,11,21,Weekday,Fall,No,59.45,83.03,14.78
2023-11-02 22:00,11,22,Weekday,Fall,No,57.85,81.34,9.3
2023-11-02 23:00,11,23,Weekday,Fall,No,57.02,82.96,7.44
2023-11-03 00:00,11,0,Weekday,Fall,No,56.39,82.72,15.86
2023-11-03 01:00,11,1,Weekday,Fall,No,54.78,83.2,10.83
2023-11-03 02:00,11,2,Weekday,Fall,No,53.43,84.05,11.78
2023-11-03 03:00,11,3,Weekday,Fall,No,53.58,82.23,13.4
2023-11-03 04:00,11,4,Weekday,Fall,No,52.8,82.41,8.04
2023-11-03 05:00,11,5,Weekday,Fall,No,51.46,81.72,6.86
2023-11-03 06:00,11,6,Weekday,Fall,No,51.08,81.77,13.98
2023-11-03 07:00,11,7,Weekday,Fall,No,52.76,83.11,14.21
2023-11-03 08:00,11,8,Weekday,Fall,Yes,59.21,82.39,16.37
2023-11-03 09:00,11,9,Weekday,Fall,Yes,65.9,85.19,15.86
2023-11-03 10:00,11,10,Weekday,Fall,Yes,70.31,86.2,21.64
2023-11-03 11:00,11,11,Weekday,Fall,Yes,72.59,87.16,24.16
2023-11-03 12:00,11,12,Weekday,Fall,Yes,74.19,87.97,19.66
2023-11-03 13:00,11,13,Weekday,Fall,Yes,75.02,88.86,23.24
2023-11-03 14:00,11,14,Weekday,Fall,Yes,76.18,86.68,20.75
2023-11-03 15:00,11,15,Weekday,Fall,Yes,75.84,88.69,24.06
2023-11-03 16:00,11,16,Weekday,Fall,Yes,74.39,87.84,21.53
2023-11-03 17:00,11,17,Weekday,Fall,Yes,71.63,86.98,16.31
2023-11-03 18:00,11,18,Weekday,Fall,No,68.2,85.58,15.45
2023-11-03 19:00,11,19,Weekday,Fall,No,65.24,85.04,13.8
2023-11-03 20:00,11,20,Weekday,Fall,No,61.73,84.54,10.01
2023-11-03 21:00,11,21,Weekday,Fall,No,58.82,83.86,10.91
2023-11-03 22:00,11,22,Weekday,Fall,No,56.76,83.35,12.09
2023-11-03 23:00,11,23,Weekday,Fall,No,54.26,82.17,15.32
2023-11-04 00:00,11,0,Weekend,Fall,No,53.06,82.6,15.48
2023-11-04 01:00,11,1,Weekend,Fall,No,53.06,83.35,6.91
2023-11-04 02:00,11,2,Weekend,Fall,No,52.43,80.88,12.31
2023-11-04 03:00,11,3,Weekend,Fall,No,53.14,82.61,11.35
2023-11-04 04:00,11,4,Weekend,Fall,No,53.43,82.87,10.04
2023-11-04 05:00,11,5,Weekend,Fall,No,52.43,81.41,12.99
2023-11-04 06:00,11,6,Weekend,Fall,No,52.61,81.17,10.97
2023-11-04 07:00,11,7,Weekend,Fall,No,54.22,83.19,11.64
2023-11-04 08:00,11,8,Weekend,Fall,No,57.35,81.48,17.83
2023-11-04 09:00,11,9,Weekend,Fall,No,61.31,82.78,9.83
2023-11-04 10:00,11,10,Weekend,Fall,No,68.84,86.77,16.88
2023-11-04 11:00,11,11,Weekend,Fall,No,76.5,88.4,22.79
2023-11-04 12:00,11,12,Weekend,Fall,No,80.76,90.06,22.72
2023-11-04 13:00,11,13,Weekend,Fall,No,83.2,90.96,24.13
2023-11-04 14:00,11,14,Weekend,Fall,No,84.02,90.69,21.3
2023-11-04 15:00,11,15,Weekend,Fall,No,82.86,90.05,23.81
2023-11-04 16:00,11,16,Weekend,Fall,No,80.88,88.78,23.65
2023-11-04 17:00,11,17,Weekend,Fall,No,78.28,89.79,19.49
2023-11-04 18:00,11,18,Weekend,Fall,No,75.84,88.54,14.03
2023-11-04 19:00,11,19,Weekend,Fall,No,74.39,89.36,20.31
2023-11-04 20:00,11,20,Weekend,Fall,No,71.63,86.54,17.83
2023-11-04 21:00,11,21,Weekend,Fall,No,70.61,85.76,18.68
2023-11-04 22:00,11,22,Weekend,Fall,No,69.28,87.35,14.7
2023-11-04 23:00,11,23,Weekend,Fall,No,66.22,84.37,14.77
2023-11-05 00:00,11,0,Weekend,Fall,No,65.57,85.82,16.01
2023-11-05 01:00,11,1,Weekend,Fall,No,64.24,86.08,12.55
2023-11-05 02:00,11,2,Weekend,Fall,No,63.59,86.63,13.1
2023-11-05 03:00,11,3,Weekend,Fall,No,62.26,83.95,12.73
2023-11-05 04:00,11,4,Weekend,Fall,No,59.82,84.29,14.62
2023-11-05 05:00,11,5,Weekend,Fall,No,59.0,83.56,13.24
2023-11-05 06:00,11,6,Weekend,Fall,No,59.0,82.48,15.57
2023-11-05 07:00,11,7,Weekend,Fall,No,59.63,84.96,11.26
2023-11-05 08:00,11,8,Weekend,Fall,No,62.39,85.24,12.96
2023-11-05 09:00,11,9,Weekend,Fall,No,65.19,85.14,18.18
2023-11-05 10:00,11,10,Weekend,Fall,No,68.33,86.44,13.72
2023-11-05 11:00,11,11,Weekend,Fall,No,71.76,87.07,15.2
2023-11-05 12:00,11,12,Weekend,Fall,No,75.35,88.26,16.4
2023-11-05 13:00,11,13,Weekend,Fall,No,78.16,88.77,24.79
2023-11-05 14:00,11,14,Weekend,Fall,No,78.98,89.85,20.16
2023-11-05 15:00,11,15,Weekend,Fall,No,78.98,89.29,23.02
2023-11-05 16:00,11,16,Weekend,Fall,No,77.82,88.45,23.81
2023-11-05 17:00,11,17,Weekend,Fall,No,72.9,87.71,17.04
2023-11-05 18:00,11,18,Weekend,Fall,No,68.2,85.77,13.82
2023-11-05 19:00,11,19,Weekend,Fall,No,65.76,86.34,12.26
2023-11-05 20:00,11,20,Weekend,Fall,No,64.41,84.52,10.35
2023-11-05 21:00,11,21,Weekend,Fall,No,63.41,84.63,14.69
2023-11-05 22:00,11,22,Weekend,Fall,No,62.44,84.1,11.67
2023-11-05 23:00,11,23,Weekend,Fall,No,61.43,84.52,17.32
2023-11-06 00:00,11,0,Weekday,Fall,No,60.46,84.91,13.98
2023-11-06 01:00,11,1,Weekday,Fall,No,60.08,83.35,14.97
2023-11-06 02:00,11,2,Weekday,Fall,No,59.45,83.38,14.29
2023-11-06 03:00,11,3,Weekday,Fall,No,57.85,83.49,8.4
2023-11-06 04:00,11,4,Weekday,Fall,No,57.02,82.44,11.1
2023-11-06 05:00,11,5,Weekday,Fall,No,56.39,82.83,13.78
2023-11-06 06:00,11,6,Weekday,Fall,No,55.42,83.39,9.58
2023-11-06 07:00,11,7,Weekday,Fall,No,55.04,80.11,8.02
2023-11-06 08:00,11,8,Weekday,Fall,Yes,58.5,82.16,12.73
2023-11-06 09:00,11,9,Weekday,Fall,Yes,63.29,84.23,22.32
2023-11-06 10:00,11,10,Weekday,Fall,Yes,64.94,84.64,18.7
2023-11-06 11:00,11,11,Weekday,Fall,Yes,66.1,87.22,19.48
2023-11-06 12:00,11,12,Weekday,Fall,Yes,68.7,86.97,19.7
2023-11-06 13:00,11,13,Weekday,Fall,Yes,69.46,87.42,19.67
2023-11-06 14:00,11,14,Weekday,Fall,Yes,69.6,85.81,26.38
2023-11-06 15:00,11,15,Weekday,Fall,Yes,70.61,87.17,17.18
2023-11-06 16:00,11,16,Weekday,Fall,Yes,70.43,86.75,19.8
2023-11-06 17:00,11,17,Weekday,Fall,Yes,67.67,86.27,19.48
2023-11-06 18:00,11,18,Weekday,Fall,No,64.86,85.95,11.73
2023-11-06 19:00,11,19,Weekday,Fall,No,62.26,84.64,9.57
2023-11-06 20:00,11,20,Weekday,Fall,No,59.82,82.29,14.63
2023-11-06 21:00,11,21,Weekday,Fall,No,58.37,82.24,10.66
2023-11-06 22:00,11,22,Weekday,Fall,No,56.24,83.05,12.74
2023-11-06 23:00,11,23,Weekday,Fall,No,54.41,82.7,12.98
2023-11-07 00:00,11,0,Weekday,Fall,No,53.43,82.27,9.49
2023-11-07 01:00,11,1,Weekday,Fall,No,52.43,80.7,10.19
2023-11-07 02:00,11,2,Weekday,Fall,No,51.46,81.46,10.45
2023-11-07 03:00,11,3,Weekday,Fall,No,50.45,81.19,9.78
2023-11-07 04:00,11,4,Weekday,Fall,No,48.22,78.48,5.62
2023-11-07 05:00,11,5,Weekday,Fall,No,46.94,80.39,11.68
2023-11-07 06:00,11,6,Weekday,Fall,No,46.42,80.42,3.58
2023-11-07 07:00,11,7,Weekday,Fall,No,47.2,80.19,11.16
2023-11-07 08:00,11,8,Weekday,Fall,Yes,50.96,82.09,9.16
2023-11-07 09:00,11,9,Weekday,Fall,Yes,55.9,81.7,12.02
2023-11-07 10:00,11,10,Weekday,Fall,Yes,60.86,84.23,18.91
2023-11-07 11:00,11,11,Weekday,Fall,Yes,64.74,85.32,19.3
2023-11-07 12:00,11,12,Weekday,Fall,Yes,68.33,85.72,14.07
2023-11-07 13:00,11,13,Weekday,Fall,Yes,70.61,85.48,17.6
2023-11-07 14:00,11,14,Weekday,Fall,Yes,71.58,85.89,19.63
2023-11-07 15:00,11,15,Weekday,Fall,Yes,70.28,86.48,18.88
2023-11-07 16:00,11,16,Weekday,Fall,Yes,67.82,85.02,17.57
2023-11-07 17:00,11,17,Weekday,Fall,Yes,65.24,86.23,17.92
2023-11-07 18:00,11,18,Weekday,Fall,No,62.89,84.4,9.83
2023-11-07 19:00,11,19,Weekday,Fall,No,60.9,83.71,17.47
2023-11-07 20:00,11,20,Weekday,Fall,No,58.3,82.59,10.07
2023-11-07 21:00,11,21,Weekday,Fall,No,56.39,82.41,13.24
2023-11-07 22:00,11,22,Weekday,Fall,No,54.78,82.69,8.57
2023-11-07 23:00,11,23,Weekday,Fall,No,52.8,81.06,10.68
2023-11-08 00:00,11,0,Weekday,Fall,No,51.98,82.65,10.54
2023-11-08 01:00,11,1,Weekday,Fall,No,50.2,82.16,13.08
2023-11-08 02:00,11,2,Weekday,Fall,No,47.76,80.61,9.44
2023-11-08 03:00,11,3,Weekday,Fall,No,46.94,80.24,6.31
2023-11-08 04:00,11,4,Weekday,Fall,No,45.78,79.57,7.92
2023-11-08 05:00,11,5,Weekday,Fall,No,44.44,78.61,9.06
2023-11-08 06:00,11,6,Weekday,Fall,No,44.58,79.72,5.01
2023-11-08 07:00,11,7,Weekday,Fall,No,46.11,79.29,6.07
2023-11-08 08:00,11,8,Weekday,Fall,Yes,51.04,80.36,14.97
2023-11-08 09:00,11,9,Weekday,Fall,Yes,57.53,82.32,13.11
2023-11-08 10:00,11,10,Weekday,Fall,Yes,61.76,84.46,17.11
2023-11-08 11:00,11,11,Weekday,Fall,Yes,65.27,85.89,15.26
2023-11-08 12:00,11,12,Weekday,Fall,Yes,68.18,85.5,18.34
2023-11-08 13:00,11,13,Weekday,Fall,Yes,70.76,87.2,18.97
2023-11-08 14:00,11,14,Weekday,Fall,Yes,72.59,87.54,20.22
2023-11-08 15:00,11,15,Weekday,Fall,Yes,73.04,87.45,20.11
2023-11-08 16:00,11,16,Weekday,Fall,Yes,71.88,87.56,24.35
2023-11-08 17:00,11,17,Weekday,Fall,Yes,68.65,84.49,18.09
2023-11-08 18:00,11,18,Weekday,Fall,No,65.24,86.87,14.6
2023-11-08 19:00,11,19,Weekday,Fall,No,63.41,84.85,17.29
2023-11-08 20:00,11,20,Weekday,Fall,No,61.28,83.6,15.99
2023-11-08 21:00,11,21,Weekday,Fall,No,57.14,81.5,10.73
2023-11-08 22:00,11,22,Weekday,Fall,No,55.04,82.35,12.8
2023-11-08 23:00,11,23,Weekday,Fall,No,53.88,82.26,10.3
2023-11-09 00:00,11,0,Weekday,Fall,No,54.22,82.76,9.6
2023-11-09 01:00,11,1,Weekday,Fall,No,53.26,81.24,10.87
2023-11-09 02:00,11,2,Weekday,Fall,No,53.14,81.54,7.47
2023-11-09 03:00,11,3,Weekday,Fall,No,53.43,82.27,7.86
2023-11-09 04:00,11,4,Weekday,Fall,No,55.37,82.43,9.16
2023-11-09 05:00,11,5,Weekday,Fall,No,55.86,82.06,10.23
2023-11-09 06:00,11,6,Weekday,Fall,No,55.04,82.38,8.75
2023-11-09 07:00,11,7,Weekday,Fall,No,56.72,82.61,13.87
2023-11-09 08:00,11,8,Weekday,Fall,Yes,61.49,84.75,16.31
2023-11-09 09:00,11,9,Weekday,Fall,Yes,65.19,85.98,18.99
2023-11-09 10:00,11,10,Weekday,Fall,Yes,67.18,84.89,24.87
2023-11-09 11:00,11,11,Weekday,Fall,Yes,69.78,86.2,19.67
2023-11-09 12:00,11,12,Weekday,Fall,Yes,72.22,86.28,23.57
2023-11-09 13:00,11,13,Weekday,Fall,Yes,73.56,88.1,20.21
2023-11-09 14:00,11,14,Weekday,Fall,Yes,73.94,86.9,23.36
2023-11-09 15:00,11,15,Weekday,Fall,Yes,73.94,87.3,22.09
2023-11-09 16:00,11,16,Weekday,Fall,Yes,73.42,87.28,23.37
2023-11-09 17:00,11,17,Weekday,Fall,Yes,70.1,86.15,16.37
2023-11-09 18:00,11,18,Weekday,Fall,No,65.69,85.08,10.02
2023-11-09 19:00,11,19,Weekday,Fall,No,62.26,84.71,13.33
2023-11-09 20:00,11,20,Weekday,Fall,No,59.2,82.88,7.18
2023-11-09 21:00,11,21,Weekday,Fall,No,59.7,84.06,14.34
2023-11-09 22:00,11,22,Weekday,Fall,No,60.98,83.86,10.09
2023-11-09 23:00,11,23,Weekday,Fall,No,60.98,82.73,19.95
2023-11-10 00:00,11,0,Weekday,Fall,No,60.46,84.56,9.91
2023-11-10 01:00,11,1,Weekday,Fall,No,59.45,83.77,7.93
2023-11-10 02:00,11,2,Weekday,Fall,No,59.0,83.22,12.05
2023-11-10 03:00,11,3,Weekday,Fall,No,58.37,82.6,15.84
2023-11-10 04:00,11,4,Weekday,Fall,No,57.92,83.45,10.95
2023-11-10 05:00,11,5,Weekday,Fall,No,57.4,84.33,13.5
2023-11-10 06:00,11,6,Weekday,Fall,No,57.02,84.34,10.99
2023-11-10 07:00,11,7,Weekday,Fall,No,58.18,83.37,15.48
2023-11-10 08:00,11,8,Weekday,Fall,Yes,61.31,84.21,17.55
2023-11-10 09:00,11,9,Weekday,Fall,Yes,64.11,84.6,19.25
2023-11-10 10:00,11,10,Weekday,Fall,Yes,66.1,84.2,15.24
2023-11-10 11:00,11,11,Weekday,Fall,Yes,68.7,84.22,18.64
2023-11-10 12:00,11,12,Weekday,Fall,Yes,71.14,87.48,20.14
2023-11-10 13:00,11,13,Weekday,Fall,Yes,73.12,86.81,18.76
2023-11-10 14:00,11,14,Weekday,Fall,Yes,75.1,87.44,23.42
2023-11-10 15:00,11,15,Weekday,Fall,Yes,75.4,87.14,22.43
2023-11-10 16:00,11,16,Weekday,Fall,Yes,73.86,88.25,19.68
2023-11-10 17:00,11,17,Weekday,Fall,Yes,70.73,86.96,21.36
2023-11-10 18:00,11,18,Weekday,Fall,No,66.67,84.98,18.32
2023-11-10 19:00,11,19,Weekday,Fall,No,62.63,82.56,14.94
2023-11-10 20:00,11,20,Weekday,Fall,No,59.82,83.98,15.14
2023-11-10 21:00,11,21,Weekday,Fall,No,57.22,83.35,14.75
2023-11-10 22:00,11,22,Weekday,Fall,No,56.57,81.97,14.9
2023-11-10 23:00,11,23,Weekday,Fall,No,57.54,84.01,7.97
2023-11-11 00:00,11,0,Weekend,Fall,No,57.4,81.7,11.29
2023-11-11 01:00,11,1,Weekend,Fall,No,56.39,82.54,12.18
2023-11-11 02:00,11,2,Weekend,Fall,No,54.26,83.01,9.15
2023-11-11 03:00,11,3,Weekend,Fall,No,54.22,80.01,9.96
2023-11-11 04:00,11,4,Weekend,Fall,No,52.1,82.34,6.95
2023-11-11 05:00,11,5,Weekend,Fall,No,48.84,80.68,5.39
2023-11-11 06:00,11,6,Weekend,Fall,No,48.02,79.62,8.66
2023-11-11 07:00,11,7,Weekend,Fall,No,48.54,80.49,7.99
2023-11-11 08:00,11,8,Weekend,Fall,No,54.17,80.67,16.44
2023-11-11 09:00,11,9,Weekend,Fall,No,62.64,83.43,12.1
2023-11-11 10:00,11,10,Weekend,Fall,No,68.33,85.81,16.6
2023-11-11 11:00,11,11,Weekend,Fall,No,71.14,87.91,18.78
2023-11-11 12:00,11,12,Weekend,Fall,No,73.12,86.94,17.13
2023-11-11 13:00,11,13,Weekend,Fall,No,74.57,87.01,18.31
2023-11-11 14:00,11,14,Weekend,Fall,No,75.02,88.37,18.69
2023-11-11 15:00,11,15,Weekend,Fall,No,75.02,86.76,19.27
2023-11-11 16:00,11,16,Weekend,Fall,No,73.86,87.9,19.01
2023-11-11 17:00,11,17,Weekend,Fall,No,70.1,85.81,17.47
2023-11-11 18:00,11,18,Weekend,Fall,No,65.69,85.73,13.83
2023-11-11 19:00,11,19,Weekend,Fall,No,62.26,83.63,13.04
2023-11-11 20:00,11,20,Weekend,Fall,No,59.2,83.08,14.1
2023-11-11 21:00,11,21,Weekend,Fall,No,56.76,82.1,16.48
2023-11-11 22:00,11,22,Weekend,Fall,No,54.26,83.52,11.46
2023-11-11 23:00,11,23,Weekend,Fall,No,50.64,81.14,4.23
2023-11-12 00:00,11,0,Weekend,Fall,No,47.76,80.79,10.0
2023-11-12 01:00,11,1,Weekend,Fall,No,46.42,80.06,4.31
2023-11-12 02:00,11,2,Weekend,Fall,No,46.56,79.35,8.11
2023-11-12 03:00,11,3,Weekend,Fall,No,45.78,80.96,2.63
2023-11-12 04:00,11,4,Weekend,Fall,No,45.59,78.45,7.82
2023-11-12 05:00,11,5,Weekend,Fall,No,46.04,78.48,5.44
2023-11-12 06:00,11,6,Weekend,Fall,No,44.89,78.75,7.06
2023-11-12 07:00,11,7,Weekend,Fall,No,45.74,80.11,10.03
2023-11-12 08:00,11,8,Weekend,Fall,No,51.66,81.54,10.45
2023-11-12 09:00,11,9,Weekend,Fall,No,61.45,84.71,13.21
2023-11-12 10:00,11,10,Weekend,Fall,No,69.48,86.25,15.88
2023-11-12 11:00,11,11,Weekend,Fall,No,73.12,85.91,15.62
2023-11-12 12:00,11,12,Weekend,Fall,No,75.72,87.16,20.32
2023-11-12 13:00,11,13,Weekend,Fall,No,77.63,89.22,14.62
2023-11-12 14:00,11,14,Weekend,Fall,No,78.6,87.89,14.17
2023-11-12 15:00,11,15,Weekend,Fall,No,77.82,88.35,15.91
2023-11-12 16:00,11,16,Weekend,Fall,No,74.69,86.69,16.59
2023-11-12 17:00,11,17,Weekend,Fall,No,70.73,86.21,15.69
2023-11-12 18:00,11,18,Weekend,Fall,No,66.14,86.59,17.4
2023-11-12 19:00,11,19,Weekend,Fall,No,61.73,83.99,17.69
2023-11-12 20:00,11,20,Weekend,Fall,No,56.51,83.11,12.04
2023-11-12 21:00,11,21,Weekend,Fall,No,53.43,82.52,9.1
2023-11-12 22:00,11,22,Weekend,Fall,No,51.28,80.95,4.95
2023-11-12 23:00,11,23,Weekend,Fall,No,50.0,81.39,9.92
2023-11-13 00:00,11,0,Weekday,Fall,No,49.37,79.15,7.09
2023-11-13 01:00,11,1,Weekday,Fall,No,48.4,79.77,9.84
2023-11-13 02:00,11,2,Weekday,Fall,No,48.02,81.23,12.83
2023-11-13 03:00,11,3,Weekday,Fall,No,48.02,80.02,7.2
2023-11-13 04:00,11,4,Weekday,Fall,No,47.39,80.55,9.14
2023-11-13 05:00,11,5,Weekday,Fall,No,46.42,78.67,6.6
2023-11-13 06:00,11,6,Weekday,Fall,No,46.56,79.9,7.91
2023-11-13 07:00,11,7,Weekday,Fall,No,48.72,82.43,9.98
2023-11-13 08:00,11,8,Weekday,Fall,Yes,54.1,83.11,12.9
2023-11-13 09:00,11,9,Weekday,Fall,Yes,61.64,83.73,19.56
2023-11-13 10:00,11,10,Weekday,Fall,Yes,67.36,86.09,18.48
2023-11-13 11:00,11,11,Weekday,Fall,Yes,71.92,86.14,17.19
2023-11-13 12:00,11,12,Weekday,Fall,Yes,75.72,89.22,24.45
2023-11-13 13:00,11,13,Weekday,Fall,Yes,77.0,89.27,22.26
2023-11-13 14:00,11,14,Weekday,Fall,Yes,77.0,88.6,21.78
2023-11-13 15:00,11,15,Weekday,Fall,Yes,76.37,88.92,21.73
2023-11-13 16:00,11,16,Weekday,Fall,Yes,74.76,87.56,23.14
2023-11-13 17:00,11,17,Weekday,Fall,Yes,71.1,87.3,18.35
2023-11-13 18:00,11,18,Weekday,Fall,No,64.98,84.21,19.03
2023-11-13 19:00,11,19,Weekday,Fall,No,60.9,84.8,11.9
2023-11-13 20:00,11,20,Weekday,Fall,No,58.82,83.48,10.88
2023-11-13 21:00,11,21,Weekday,Fall,No,57.92,83.32,13.8
2023-11-13 22:00,11,22,Weekday,Fall,No,58.55,82.23,10.54
2023-11-13 23:00,11,23,Weekday,Fall,No,58.37,82.91,9.38
2023-11-14 00:00,11,0,Weekday,Fall,No,57.4,83.68,9.0
2023-11-14 01:00,11,1,Weekday,Fall,No,57.02,83.69,15.08
2023-11-14 02:00,11,2,Weekday,Fall,No,59.33,84.01,14.78
2023-11-14 03:00,11,3,Weekday,Fall,No,58.67,84.25,15.12
2023-11-14 04:00,11,4,Weekday,Fall,No,57.54,82.68,11.3
2023-11-14 05:00,11,5,Weekday,Fall,No,56.76,83.28,11.2
2023-11-14 06:00,11,6,Weekday,Fall,No,56.57,83.64,15.16
2023-11-14 07:00,11,7,Weekday,Fall,No,59.33,83.85,13.34
2023-11-14 08:00,11,8,Weekday,Fall,Yes,63.29,84.85,17.5
2023-11-14 09:00,11,9,Weekday,Fall,Yes,66.72,84.4,19.39
2023-11-14 10:00,11,10,Weekday,Fall,Yes,67.37,85.98,15.71
2023-11-14 11:00,11,11,Weekday,Fall,Yes,66.4,86.2,19.65
2023-11-14 12:00,11,12,Weekday,Fall,Yes,67.18,85.53,16.33
2023-11-14 13:00,11,13,Weekday,Fall,Yes,68.63,87.08,22.05
2023-11-14 14:00,11,14,Weekday,Fall,Yes,69.08,86.95,19.09
2023-11-14 15:00,11,15,Weekday,Fall,Yes,68.45,84.59,19.89
2023-11-14 16:00,11,16,Weekday,Fall,Yes,67.37,86.2,15.17
2023-11-14 17:00,11,17,Weekday,Fall,Yes,64.61,84.63,17.95
2023-11-14 18:00,11,18,Weekday,Fall,No,61.8,83.96,14.81
2023-11-14 19:00,11,19,Weekday,Fall,No,58.67,82.95,13.91
2023-11-14 20:00,11,20,Weekday,Fall,No,56.39,83.6,8.5
2023-11-14 21:00,11,21,Weekday,Fall,No,54.78,82.14,9.15
2023-11-14 22:00,11,22,Weekday,Fall,No,53.96,80.65,15.33
2023-11-14 23:00,11,23,Weekday,Fall,No,53.43,79.85,12.81
2023-11-15 00:00,11,0,Weekday,Fall,No,52.43,79.56,8.21
2023-11-15 01:00,11,1,Weekday,Fall,No,51.98,79.73,11.11
2023-11-15 02:00,11,2,Weekday,Fall,No,51.98,80.7,11.61
2023-11-15 03:00,11,3,Weekday,Fall,No,50.82,80.02,9.01
2023-11-15 04:00,11,4,Weekday,Fall,No,49.37,80.07,6.56
2023-11-15 05:00,11,5,Weekday,Fall,No,49.55,79.46,9.51
2023-11-15 06:00,11,6,Weekday,Fall,No,48.84,79.19,8.72
2023-11-15 07:00,11,7,Weekday,Fall,No,48.54,81.37,5.36
2023-11-15 08:00,11,8,Weekday,Fall,Yes,50.18,79.72,15.7
2023-11-15 09:00,11,9,Weekday,Fall,Yes,51.6,80.79,12.67
2023-11-15 10:00,11,10,Weekday,Fall,Yes,52.61,81.91,15.4
2023-11-15 11:00,11,11,Weekday,Fall,Yes,53.58,81.91,12.31
2023-11-15 12:00,11,12,Weekday,Fall,Yes,53.96,81.48,10.3
2023-11-15 13:00,11,13,Weekday,Fall,Yes,54.59,81.45,15.76
2023-11-15 14:00,11,14,Weekday,Fall,Yes,55.57,83.33,13.71
2023-11-15 15:00,11,15,Weekday,Fall,Yes,55.94,82.58,16.37
2023-11-15 16:00,11,16,Weekday,Fall,Yes,54.78,82.73,13.64
2023-11-15 17:00,11,17,Weekday,Fall,Yes,52.8,81.81,14.94
2023-11-15 18:00,11,18,Weekday,Fall,No,50.82,81.59,10.99
2023-11-15 19:00,11,19,Weekday,Fall,No,49.37,81.13,10.8
2023-11-15 20:00,11,20,Weekday,Fall,No,48.4,80.59,5.92
2023-11-15 21:00,11,21,Weekday,Fall,No,44.56,79.58,9.13
2023-11-15 22:00,11,22,Weekday,Fall,No,40.82,78.3,4.91
2023-11-15 23:00,11,23,Weekday,Fall,No,39.4,79.14,3.15
2023-11-16 00:00,11,0,Weekday,Fall,No,38.39,77.43,3.51
2023-11-16 01:00,11,1,Weekday,Fall,No,37.42,77.07,1.95
2023-11-16 02:00,11,2,Weekday,Fall,No,35.26,78.48,9.52
2023-11-16 03:00,11,3,Weekday,Fall,No,33.46,76.61,4.09
2023-11-16 04:00,11,4,Weekday,Fall,No,33.6,77.86,2.17
2023-11-16 05:00,11,5,Weekday,Fall,No,34.61,76.82,3.24
2023-11-16 06:00,11,6,Weekday,Fall,No,33.9,76.12,5.76
2023-11-16 07:00,11,7,Weekday,Fall,No,34.76,75.4,3.27
2023-11-16 08:00,11,8,Weekday,Fall,Yes,41.21,77.63,10.84
2023-11-16 09:00,11,9,Weekday,Fall,Yes,48.53,78.91,11.56
2023-11-16 10:00,11,10,Weekday,Fall,Yes,53.39,81.53,14.82
2023-11-16 11:00,11,11,Weekday,Fall,Yes,56.72,82.85,17.61
2023-11-16 12:00,11,12,Weekday,Fall,Yes,60.34,84.19,17.26
2023-11-16 13:00,11,13,Weekday,Fall,Yes,62.58,82.62,16.03
2023-11-16 14:00,11,14,Weekday,Fall,Yes,63.59,83.93,14.58
2023-11-16 15:00,11,15,Weekday,Fall,Yes,63.41,84.46,18.32
2023-11-16 16:00,11,16,Weekday,Fall,Yes,62.44,83.76,15.32
2023-11-16 17:00,11,17,Weekday,Fall,Yes,58.49,83.83,14.39
2023-11-16 18:00,11,18,Weekday,Fall,No,54.78,82.73,14.41
2023-11-16 19:00,11,19,Weekday,Fall,No,51.65,82.09,8.22
2023-11-16 20:00,11,20,Weekday,Fall,No,48.22,80.59,6.65
2023-11-16 21:00,11,21,Weekday,Fall,No,45.26,80.69,7.65
2023-11-16 22:00,11,22,Weekday,Fall,No,42.9,79.65,11.14
2023-11-16 23:00,11,23,Weekday,Fall,No,40.82,78.85,4.43
2023-11-17 00:00,11,0,Weekday,Fall,No,39.4,77.4,6.29
2023-11-17 01:00,11,1,Weekday,Fall,No,39.54,76.87,3.58
2023-11-17 02:00,11,2,Weekday,Fall,No,40.55,79.39,8.63
2023-11-17 03:00,11,3,Weekday,Fall,No,38.69,78.36,8.83
2023-11-17 04:00,11,4,Weekday,Fall,No,37.56,76.69,3.83
2023-11-17 05:00,11,5,Weekday,Fall,No,38.57,78.52,6.11
2023-11-17 06:00,11,6,Weekday,Fall,No,38.39,77.23,3.49
2023-11-17 07:00,11,7,Weekday,Fall,No,40.36,78.98,3.17
2023-11-17 08:00,11,8,Weekday,Fall,Yes,46.7,79.5,11.8
2023-11-17 09:00,11,9,Weekday,Fall,Yes,52.94,82.18,13.62
2023-11-17 10:00,11,10,Weekday,Fall,Yes,58.5,83.38,16.5
2023-11-17 11:00,11,11,Weekday,Fall,Yes,63.29,82.61,16.3
2023-11-17 12:00,11,12,Weekday,Fall,Yes,66.1,84.67,16.33
2023-11-17 13:00,11,13,Weekday,Fall,Yes,67.55,86.12,18.37
2023-11-17 14:00,11,14,Weekday,Fall,Yes,68.0,85.77,18.7
2023-11-17 15:00,11,15,Weekday,Fall,Yes,66.84,85.33,18.05
2023-11-17 16:00,11,16,Weekday,Fall,Yes,64.86,86.58,15.63
2023-11-17 17:00,11,17,Weekday,Fall,Yes,62.89,84.29,17.79
2023-11-17 18:00,11,18,Weekday,Fall,No,60.28,85.37,14.62
2023-11-17 19:00,11,19,Weekday,Fall,No,58.37,83.42,13.79
2023-11-17 20:00,11,20,Weekday,Fall,No,56.24,81.53,11.18
2023-11-17 21:00,11,21,Weekday,Fall,No,55.04,83.17,10.04
2023-11-17 22:00,11,22,Weekday,Fall,No,54.41,82.1,10.81
2023-11-17 23:00,11,23,Weekday,Fall,No,53.96,83.47,10.11
2023-11-18 00:00,11,0,Weekend,Fall,No,53.96,82.6,11.38
2023-11-18 01:00,11,1,Weekend,Fall,No,52.8,81.41,9.24
2023-11-18 02:00,11,2,Weekend,Fall,No,50.2,81.39,11.56
2023-11-18 03:00,11,3,Weekend,Fall,No,48.4,81.8,8.44
2023-11-18 04:00,11,4,Weekend,Fall,No,47.39,80.22,7.79
2023-11-18 05:00,11,5,Weekend,Fall,No,46.94,79.65,9.98
2023-11-18 06:00,11,6,Weekend,Fall,No,45.78,79.99,1.25
2023-11-18 07:00,11,7,Weekend,Fall,No,46.11,80.79,9.19
2023-11-18 08:00,11,8,Weekend,Fall,No,48.1,79.55,5.49
2023-11-18 09:00,11,9,Weekend,Fall,No,51.86,81.28,11.94
2023-11-18 10:00,11,10,Weekend,Fall,No,57.53,84.24,12.35
2023-11-18 11:00,11,11,Weekend,Fall,No,64.07,84.45,16.63
2023-11-18 12:00,11,12,Weekend,Fall,No,69.34,86.41,19.23
2023-11-18 13:00,11,13,Weekend,Fall,No,72.22,86.87,16.55
2023-11-18 14:00,11,14,Weekend,Fall,No,73.56,87.56,17.69
2023-11-18 15:00,11,15,Weekend,Fall,No,73.42,86.65,21.03
2023-11-18 16:00,11,16,Weekend,Fall,No,72.41,85.97,22.07
2023-11-18 17:00,11,17,Weekend,Fall,No,68.5,85.84,11.12
2023-11-18 18:00,11,18,Weekend,Fall,No,63.08,85.2,15.03
2023-11-18 19:00,11,19,Weekend,Fall,No,59.82,84.11,12.19
2023-11-18 20:00,11,20,Weekend,Fall,No,59.63,85.2,22.06
2023-11-18 21:00,11,21,Weekend,Fall,No,60.08,83.36,11.95
2023-11-18 22:00,11,22,Weekend,Fall,No,58.82,82.56,12.43
2023-11-18 23:00,11,23,Weekend,Fall,No,56.76,84.77,12.33
2023-11-19 00:00,11,0,Weekend,Fall,No,55.94,83.22,9.61
2023-11-19 01:00,11,1,Weekend,Fall,No,54.26,82.84,16.64
2023-11-19 02:00,11,2,Weekend,Fall,No,53.06,82.13,9.48
2023-11-19 03:00,11,3,Weekend,Fall,No,52.43,80.84,7.68
2023-11-19 04:00,11,4,Weekend,Fall,No,51.46,81.47,12.67
2023-11-19 05:00,11,5,Weekend,Fall,No,50.45,81.7,9.9
2023-11-19 06:00,11,6,Weekend,Fall,No,51.16,81.71,9.36
2023-11-19 07:00,11,7,Weekend,Fall,No,52.61,81.43,4.53
2023-11-19 08:00,11,8,Weekend,Fall,No,55.9,81.58,11.78
2023-11-19 09:00,11,9,Weekend,Fall,No,60.86,85.88,12.27
2023-11-19 10:00,11,10,Weekend,Fall,No,65.9,86.73,15.51
2023-11-19 11:00,11,11,Weekend,Fall,No,69.16,86.99,15.71
2023-11-19 12:00,11,12,Weekend,Fall,No,71.76,87.79,15.16
2023-11-19 13:00,11,13,Weekend,Fall,No,74.19,88.4,19.04
2023-11-19 14:00,11,14,Weekend,Fall,No,75.54,86.76,20.61
2023-11-19 15:00,11,15,Weekend,Fall,No,75.4,88.9,21.46
2023-11-19 16:00,11,16,Weekend,Fall,No,73.86,88.19,13.11
2023-11-19 17:00,11,17,Weekend,Fall,No,68.94,86.5,14.94
2023-11-19 18:00,11,18,Weekend,Fall,No,62.55,84.81,12.75
2023-11-19 19:00,11,19,Weekend,Fall,No,58.82,84.31,17.89
2023-11-19 20:00,11,20,Weekend,Fall,No,56.24,81.73,13.47
2023-11-19 21:00,11,21,Weekend,Fall,No,56.2,81.75,10.11
2023-11-19 22:00,11,22,Weekend,Fall,No,54.71,80.82,10.45
2023-11-19 23:00,11,23,Weekend,Fall,No,54.22,81.82,6.22
2023-11-20 00:00,11,0,Weekday,Fall,No,54.41,82.79,13.33
2023-11-20 01:00,11,1,Weekday,Fall,No,53.96,82.53,11.77
2023-11-20 02:00,11,2,Weekday,Fall,No,55.12,81.08,8.73
2023-11-20 03:00,11,3,Weekday,Fall,No,56.57,81.98,11.42
2023-11-20 04:00,11,4,Weekday,Fall,No,56.39,82.47,9.44
2023-11-20 05:00,11,5,Weekday,Fall,No,56.57,82.96,12.26
2023-11-20 06:00,11,6,Weekday,Fall,No,55.86,83.18,8.94
2023-11-20 07:00,11,7,Weekday,Fall,No,56.72,82.97,14.47
2023-11-20 08:00,11,8,Weekday,Fall,Yes,60.86,83.89,14.0
2023-11-20 09:00,11,9,Weekday,Fall,Yes,65.27,84.71,17.04
2023-11-20 10:00,11,10,Weekday,Fall,Yes,69.34,86.85,22.93
2023-11-20 11:00,11,11,Weekday,Fall,Yes,72.74,87.29,23.13
2023-11-20 12:00,11,12,Weekday,Fall,Yes,75.1,87.85,15.93
2023-11-20 13:00,11,13,Weekday,Fall,Yes,77.18,88.36,22.25
2023-11-20 14:00,11,14,Weekday,Fall,Yes,79.24,87.81,23.75
2023-11-20 15:00,11,15,Weekday,Fall,Yes,79.43,89.18,23.74
2023-11-20 16:00,11,16,Weekday,Fall,Yes,77.82,88.75,21.16
2023-11-20 17:00,11,17,Weekday,Fall,Yes,72.9,86.74,23.08
2023-11-20 18:00,11,18,Weekday,Fall,No,67.04,85.45,16.65
2023-11-20 19:00,11,19,Weekday,Fall,No,63.78,85.18,16.71
2023-11-20 20:00,11,20,Weekday,Fall,No,60.65,83.86,10.3
2023-11-20 21:00,11,21,Weekday,Fall,No,57.22,83.93,10.62
2023-11-20 22:00,11,22,Weekday,Fall,No,56.57,82.26,12.77
2023-11-20 23:00,11,23,Weekday,Fall,No,57.02,84.23,13.89
2023-11-21 00:00,11,0,Weekday,Fall,No,55.86,83.47,12.29
2023-11-21 01:00,11,1,Weekday,Fall,No,53.88,81.35,12.85
2023-11-21 02:00,11,2,Weekday,Fall,No,53.58,82.62,7.57
2023-11-21 03:00,11,3,Weekday,Fall,No,52.8,82.07,7.95
2023-11-21 04:00,11,4,Weekday,Fall,No,50.82,79.82,8.76
2023-11-21 05:00,11,5,Weekday,Fall,No,49.37,81.35,13.15
2023-11-21 06:00,11,6,Weekday,Fall,No,49.55,80.85,5.29
2023-11-21 07:00,11,7,Weekday,Fall,No,51.78,81.56,9.82
2023-11-21 08:00,11,8,Weekday,Fall,Yes,54.74,82.97,12.61
2023-11-21 09:00,11,9,Weekday,Fall,Yes,61.19,84.22,20.07
2023-11-21 10:00,11,10,Weekday,Fall,Yes,68.51,87.26,18.33
2023-11-21 11:00,11,11,Weekday,Fall,Yes,72.74,86.09,19.16
2023-11-21 12:00,11,12,Weekday,Fall,Yes,75.1,88.74,20.54
2023-11-21 13:00,11,13,Weekday,Fall,Yes,77.18,88.07,22.63
2023-11-21 14:00,11,14,Weekday,Fall,Yes,78.08,88.65,23.94
2023-11-21 15:00,11,15,Weekday,Fall,Yes,75.67,88.88,20.89
2023-11-21 16:00,11,16,Weekday,Fall,Yes,72.26,87.47,19.92
2023-11-21 17:00,11,17,Weekday,Fall,Yes,68.12,85.08,23.91
2023-11-21 18:00,11,18,Weekday,Fall,No,64.24,84.93,14.65
2023-11-21 19:00,11,19,Weekday,Fall,No,59.5,83.68,14.73
2023-11-21 20:00,11,20,Weekday,Fall,No,55.24,82.35,9.09
2023-11-21 21:00,11,21,Weekday,Fall,No,52.8,80.92,8.76
2023-11-21 22:00,11,22,Weekday,Fall,No,50.82,82.48,10.92
2023-11-21 23:00,11,23,Weekday,Fall,No,49.37,81.21,8.96
2023-11-22 00:00,11,0,Weekday,Fall,No,47.24,80.15,9.5
2023-11-22 01:00,11,1,Weekday,Fall,No,44.89,79.01,7.42
2023-11-22 02:00,11,2,Weekday,Fall,No,44.58,79.22,4.3
2023-11-22 03:00,11,3,Weekday,Fall,No,43.28,79.33,8.11
2023-11-22 04:00,11,4,Weekday,Fall,No,42.6,79.63,4.13
2023-11-22 05:00,11,5,Weekday,Fall,No,42.98,77.23,6.74
2023-11-22 06:00,11,6,Weekday,Fall,No,42.98,78.73,4.29
2023-11-22 07:00,11,7,Weekday,Fall,No,45.29,80.33,6.0
2023-11-22 08:00,11,8,Weekday,Fall,Yes,50.51,80.42,14.66
2023-11-22 09:00,11,9,Weekday,Fall,Yes,58.31,84.16,19.99
2023-11-22 10:00,11,10,Weekday,Fall,Yes,63.22,82.96,14.87
2023-11-22 11:00,11,11,Weekday,Fall,Yes,68.13,85.74,21.79
2023-11-22 12:00,11,12,Weekday,Fall,Yes,71.58,86.54,19.76
2023-11-22 13:00,11,13,Weekday,Fall,Yes,71.96,86.64,21.69
2023-11-22 14:00,11,14,Weekday,Fall,Yes,72.59,87.78,21.53
2023-11-22 15:00,11,15,Weekday,Fall,Yes,73.04,87.94,19.26
2023-11-22 16:00,11,16,Weekday,Fall,Yes,72.41,87.79,20.69
2023-11-22 17:00,11,17,Weekday,Fall,Yes,68.5,86.48,21.23
2023-11-22 18:00,11,18,Weekday,Fall,No,63.08,84.98,18.19
2023-11-22 19:00,11,19,Weekday,Fall,No,59.2,84.21,12.79
2023-11-22 20:00,11,20,Weekday,Fall,No,53.93,82.09,11.66
2023-11-22 21:00,11,21,Weekday,Fall,No,50.45,81.49,9.01
2023-11-22 22:00,11,22,Weekday,Fall,No,49.37,80.64,11.05
2023-11-22 23:00,11,23,Weekday,Fall,No,48.92,79.38,12.17
2023-11-23 00:00,11,0,Weekday,Fall,No,49.55,80.72,5.07
2023-11-23 01:00,11,1,Weekday,Fall,No,47.69,79.4,11.13
2023-11-23 02:00,11,2,Weekday,Fall,No,45.41,81.04,6.12
2023-11-23 03:00,11,3,Weekday,Fall,No,45.59,80.4,6.0
2023-11-23 04:00,11,4,Weekday,Fall,No,45.41,80.81,11.44
2023-11-23 05:00,11,5,Weekday,Fall,No,46.11,80.51,10.22
2023-11-23 06:00,11,6,Weekday,Fall,No,48.1,80.37,12.67
2023-11-23 07:00,11,7,Weekday,Fall,No,48.92,81.42,6.57
2023-11-23 08:00,11,8,Weekday,Fall,Yes,50.7,80.88,20.9
2023-11-23 09:00,11,9,Weekday,Fall,Yes,56.7,83.96,20.01
2023-11-23 10:00,11,10,Weekday,Fall,Yes,61.24,83.92,17.01
2023-11-23 11:00,11,11,Weekday,Fall,Yes,64.37,85.48,20.4
2023-11-23 12:00,11,12,Weekday,Fall,Yes,67.8,85.85,18.24
2023-11-23 13:00,11,13,Weekday,Fall,Yes,69.6,85.82,20.89
2023-11-23 14:00,11,14,Weekday,Fall,Yes,71.14,86.75,24.26
2023-11-23 15:00,11,15,Weekday,Fall,Yes,70.28,86.54,25.58
2023-11-23 16:00,11,16,Weekday,Fall,Yes,67.3,85.83,16.59
2023-11-23 17:00,11,17,Weekday,Fall,Yes,64.24,84.84,20.5
2023-11-23 18:00,11,18,Weekday,Fall,No,61.8,84.84,12.72
2023-11-23 19:00,11,19,Weekday,Fall,No,59.82,86.16,13.34
2023-11-23 20:00,11,20,Weekday,Fall,No,57.22,82.73,5.38
2023-11-23 21:00,11,21,Weekday,Fall,No,53.1,81.54,15.46
2023-11-23 22:00,11,22,Weekday,Fall,No,51.6,81.36,11.14
2023-11-23 23:00,11,23,Weekday,Fall,No,50.2,80.6,6.43
2023-11-24 00:00,11,0,Weekday,Fall,No,47.76,80.4,7.95
2023-11-24 01:00,11,1,Weekday,Fall,No,45.78,80.82,10.28
2023-11-24 02:00,11,2,Weekday,Fall,No,43.8,79.3,2.51
2023-11-24 03:00,11,3,Weekday,Fall,No,41.82,79.08,4.32
2023-11-24 04:00,11,4,Weekday,Fall,No,41.0,79.37,3.23
2023-11-24 05:00,11,5,Weekday,Fall,No,40.37,77.83,8.18
2023-11-24 06:00,11,6,Weekday,Fall,No,38.76,76.11,3.93
2023-11-24 07:00,11,7,Weekday,Fall,No,39.1,76.14,4.61
2023-11-24 08:00,11,8,Weekday,Fall,Yes,45.17,78.3,9.8
2023-11-24 09:00,11,9,Weekday,Fall,Yes,51.86,82.16,11.82
2023-11-24 10:00,11,10,Weekday,Fall,Yes,57.53,82.93,9.71
2023-11-24 11:00,11,11,Weekday,Fall,Yes,62.92,83.41,13.32
2023-11-24 12:00,11,12,Weekday,Fall,Yes,66.72,84.64,10.31
2023-11-24 13:00,11,13,Weekday,Fall,Yes,68.63,85.69,18.51
2023-11-24 14:00,11,14,Weekday,Fall,Yes,69.6,85.29,15.69
2023-11-24 15:00,11,15,Weekday,Fall,Yes,69.98,85.82,20.13
2023-11-24 16:00,11,16,Weekday,Fall,Yes,68.82,86.51,18.85
2023-11-24 17:00,11,17,Weekday,Fall,Yes,64.54,85.83,17.49
2023-11-24 18:00,11,18,Weekday,Fall,No,60.28,83.64,13.43
2023-11-24 19:00,11,19,Weekday,Fall,No,56.06,82.82,9.83
2023-11-24 20:00,11,20,Weekday,Fall,No,52.28,81.83,10.31
2023-11-24 21:00,11,21,Weekday,Fall,No,49.82,81.41,12.15
2023-11-24 22:00,11,22,Weekday,Fall,No,47.76,81.52,9.48
2023-11-24 23:00,11,23,Weekday,Fall,No,45.78,80.51,4.53
2023-11-25 00:00,11,0,Weekend,Fall,No,43.28,80.52,7.94
2023-11-25 01:00,11,1,Weekend,Fall,No,42.08,79.68,7.52
2023-11-25 02:00,11,2,Weekend,Fall,No,43.24,78.95,3.5
2023-11-25 03:00,11,3,Weekend,Fall,No,44.58,79.04,9.18
2023-11-25 04:00,11,4,Weekend,Fall,No,43.8,80.71,3.05
2023-11-25 05:00,11,5,Weekend,Fall,No,42.98,80.29,4.87
2023-11-25 06:00,11,6,Weekend,Fall,No,43.61,79.74,4.69
2023-11-25 07:00,11,7,Weekend,Fall,No,45.22,78.8,5.91
2023-11-25 08:00,11,8,Weekend,Fall,No,48.35,81.01,7.04
2023-11-25 09:00,11,9,Weekend,Fall,No,54.62,81.25,13.34
2023-11-25 10:00,11,10,Weekend,Fall,No,63.17,84.73,14.22
2023-11-25 11:00,11,11,Weekend,Fall,No,68.7,85.18,11.19
2023-11-25 12:00,11,12,Weekend,Fall,No,71.14,87.37,14.64
2023-11-25 13:00,11,13,Weekend,Fall,No,73.12,88.76,16.29
2023-11-25 14:00,11,14,Weekend,Fall,No,73.42,88.5,17.86
2023-11-25 15:00,11,15,Weekend,Fall,No,70.1,85.86,16.76
2023-11-25 16:00,11,16,Weekend,Fall,No,66.84,84.24,17.17
2023-11-25 17:00,11,17,Weekend,Fall,No,61.3,85.17,12.03
2023-11-25 18:00,11,18,Weekend,Fall,No,56.76,83.13,8.31
2023-11-25 19:00,11,19,Weekend,Fall,No,54.78,80.8,12.91
2023-11-25 20:00,11,20,Weekend,Fall,No,52.28,80.85,11.7
2023-11-25 21:00,11,21,Weekend,Fall,No,50.45,81.97,9.4
2023-11-25 22:00,11,22,Weekend,Fall,No,49.37,80.29,6.42
2023-11-25 23:00,11,23,Weekend,Fall,No,46.08,78.07,9.66
2023-11-26 00:00,11,0,Weekend,Fall,No,43.43,79.6,7.13
2023-11-26 01:00,11,1,Weekend,Fall,No,41.82,78.31,10.25
2023-11-26 02:00,11,2,Weekend,Fall,No,39.22,77.41,4.98
2023-11-26 03:00,11,3,Weekend,Fall,No,36.26,75.82,4.37
2023-11-26 04:00,11,4,Weekend,Fall,No,35.06,77.08,5.12
2023-11-26 05:00,11,5,Weekend,Fall,No,34.43,76.03,2.91
2023-11-26 06:00,11,6,Weekend,Fall,No,33.46,76.78,1.65
2023-11-26 07:00,11,7,Weekend,Fall,No,33.6,76.19,0.4
2023-11-26 08:00,11,8,Weekend,Fall,No,38.08,77.29,7.39
2023-11-26 09:00,11,9,Weekend,Fall,No,45.1,80.33,10.96
2023-11-26 10:00,11,10,Weekend,Fall,No,50.33,79.66,6.87
2023-11-26 11:00,11,11,Weekend,Fall,No,53.14,81.34,9.0
2023-11-26 12:00,11,12,Weekend,Fall,No,55.74,82.84,16.81
2023-11-26 13:00,11,13,Weekend,Fall,No,58.18,82.78,10.1
2023-11-26 14:00,11,14,Weekend,Fall,No,59.0,84.24,14.73
2023-11-26 15:00,11,15,Weekend,Fall,No,59.0,83.79,9.9
2023-11-26 16:00,11,16,Weekend,Fall,No,57.85,83.03,12.8
2023-11-26 17:00,11,17,Weekend,Fall,No,54.71,82.9,15.62
2023-11-26 18:00,11,18,Weekend,Fall,No,51.28,81.29,9.74
2023-11-26 19:00,11,19,Weekend,Fall,No,49.37,80.66,10.55
2023-11-26 20:00,11,20,Weekend,Fall,No,46.08,79.63,9.41
2023-11-26 21:00,11,21,Weekend,Fall,No,42.9,79.58,13.39
2023-11-26 22:00,11,22,Weekend,Fall,No,41.45,78.08,7.8
2023-11-26 23:00,11,23,Weekend,Fall,No,38.69,78.11,3.77
2023-11-27 00:00,11,0,Weekday,Fall,No,35.88,76.99,4.57
2023-11-27 01:00,11,1,Weekday,Fall,No,33.9,77.25,6.08
2023-11-27 02:00,11,2,Weekday,Fall,No,33.08,77.0,5.48
2023-11-27 03:00,11,3,Weekday,Fall,No,32.45,75.66,0.74
2023-11-27 04:00,11,4,Weekday,Fall,No,32.0,76.33,2.99
2023-11-27 05:00,11,5,Weekday,Fall,No,33.78,75.74,3.74
2023-11-27 06:00,11,6,Weekday,Fall,No,34.43,76.54,5.02
2023-11-27 07:00,11,7,Weekday,Fall,No,33.98,76.87,2.12
2023-11-27 08:00,11,8,Weekday,Fall,Yes,38.7,77.84,8.32
2023-11-27 09:00,11,9,Weekday,Fall,Yes,45.54,78.39,6.96
2023-11-27 10:00,11,10,Weekday,Fall,Yes,53.27,80.9,11.2
2023-11-27 11:00,11,11,Weekday,Fall,Yes,59.33,82.91,14.9
2023-11-27 12:00,11,12,Weekday,Fall,Yes,62.76,84.12,13.28
2023-11-27 13:00,11,13,Weekday,Fall,Yes,65.19,84.39,18.44
2023-11-27 14:00,11,14,Weekday,Fall,Yes,66.02,83.97,16.79
2023-11-27 15:00,11,15,Weekday,Fall,Yes,66.02,86.77,20.07
2023-11-27 16:00,11,16,Weekday,Fall,Yes,65.39,85.1,14.06
2023-11-27 17:00,11,17,Weekday,Fall,Yes,59.69,84.45,16.38
2023-11-27 18:00,11,18,Weekday,Fall,No,54.26,81.02,10.55
2023-11-27 19:00,11,19,Weekday,Fall,No,50.12,81.67,5.76
2023-11-27 20:00,11,20,Weekday,Fall,No,48.02,81.06,7.65
2023-11-27 21:00,11,21,Weekday,Fall,No,48.54,81.34,14.62
2023-11-27 22:00,11,22,Weekday,Fall,No,47.24,80.01,5.74
2023-11-27 23:00,11,23,Weekday,Fall,No,44.26,79.21,7.85
2023-11-28 00:00,11,0,Weekday,Fall,No,42.46,77.89,5.61
2023-11-28 01:00,11,1,Weekday,Fall,No,40.82,78.98,1.56
2023-11-28 02:00,11,2,Weekday,Fall,No,40.55,79.17,4.19
2023-11-28 03:00,11,3,Weekday,Fall,No,41.0,78.46,4.72
2023-11-28 04:00,11,4,Weekday,Fall,No,41.0,78.55,10.01
2023-11-28 05:00,11,5,Weekday,Fall,No,42.78,79.1,2.11
2023-11-28 06:00,11,6,Weekday,Fall,No,43.43,78.44,8.07
2023-11-28 07:00,11,7,Weekday,Fall,No,43.61,79.06,6.91
2023-11-28 08:00,11,8,Weekday,Fall,Yes,46.9,80.63,10.22
2023-11-28 09:00,11,9,Weekday,Fall,Yes,53.02,81.33,9.98
2023-11-28 10:00,11,10,Weekday,Fall,Yes,58.36,84.58,18.77
2023-11-28 11:00,11,11,Weekday,Fall,Yes,63.54,84.41,18.94
2023-11-28 12:00,11,12,Weekday,Fall,Yes,68.33,86.5,18.71
2023-11-28 13:00,11,13,Weekday,Fall,Yes,69.98,87.52,21.34
2023-11-28 14:00,11,14,Weekday,Fall,Yes,70.61,87.05,18.82
2023-11-28 15:00,11,15,Weekday,Fall,Yes,71.06,86.65,22.28
2023-11-28 16:00,11,16,Weekday,Fall,Yes,69.9,86.85,19.02
2023-11-28 17:00,11,17,Weekday,Fall,Yes,64.98,84.8,17.9
2023-11-28 18:00,11,18,Weekday,Fall,No,61.43,82.19,10.49
2023-11-28 19:00,11,19,Weekday,Fall,No,58.04,82.88,11.6
2023-11-28 20:00,11,20,Weekday,Fall,No,54.26,82.3,12.34
2023-11-28 21:00,11,21,Weekday,Fall,No,50.64,81.1,5.12
2023-11-28 22:00,11,22,Weekday,Fall,No,47.24,79.67,9.17
2023-11-28 23:00,11,23,Weekday,Fall,No,43.1,78.87,7.23
2023-11-29 00:00,11,0,Weekday,Fall,No,41.63,79.28,2.97
2023-11-29 01:00,11,1,Weekday,Fall,No,41.45,77.5,6.95
2023-11-29 02:00,11,2,Weekday,Fall,No,39.84,77.35,3.33
2023-11-29 03:00,11,3,Weekday,Fall,No,41.33,77.38,6.3
2023-11-29 04:00,11,4,Weekday,Fall,No,41.2,77.63,5.36
2023-11-29 05:00,11,5,Weekday,Fall,No,38.76,78.86,3.1
2023-11-29 06:00,11,6,Weekday,Fall,No,36.78,77.22,1.11
2023-11-29 07:00,11,7,Weekday,Fall,No,36.59,77.22,4.36
2023-11-29 08:00,11,8,Weekday,Fall,Yes,42.82,78.96,12.22
2023-11-29 09:00,11,9,Weekday,Fall,Yes,50.51,81.35,8.61
2023-11-29 10:00,11,10,Weekday,Fall,Yes,55.37,82.15,15.29
2023-11-29 11:00,11,11,Weekday,Fall,Yes,58.8,83.71,13.71
2023-11-29 12:00,11,12,Weekday,Fall,Yes,59.45,83.0,10.43
2023-11-29 13:00,11,13,Weekday,Fall,Yes,60.78,83.02,14.71
2023-11-29 14:00,11,14,Weekday,Fall,Yes,60.9,85.3,14.78
2023-11-29 15:00,11,15,Weekday,Fall,Yes,58.82,82.13,16.24
2023-11-29 16:00,11,16,Weekday,Fall,Yes,57.4,82.15,17.35
2023-11-29 17:00,11,17,Weekday,Fall,Yes,55.24,82.61,15.49
2023-11-29 18:00,11,18,Weekday,Fall,No,52.8,81.01,7.99
2023-11-29 19:00,11,19,Weekday,Fall,No,51.98,81.49,9.56
2023-11-29 20:00,11,20,Weekday,Fall,No,49.04,81.39,5.56
2023-11-29 21:00,11,21,Weekday,Fall,No,46.42,81.32,5.45
2023-11-29 22:00,11,22,Weekday,Fall,No,45.41,79.24,6.7
2023-11-29 23:00,11,23,Weekday,Fall,No,43.8,79.31,7.09
2023-11-30 00:00,11,0,Weekday,Fall,No,42.46,80.15,7.13
2023-11-30 01:00,11,1,Weekday,Fall,No,40.3,78.45,2.03
2023-11-30 02:00,11,2,Weekday,Fall,No,38.39,80.33,7.15
2023-11-30 03:00,11,3,Weekday,Fall,No,36.26,78.44,8.6
2023-11-30 04:00,11,4,Weekday,Fall,No,35.06,76.71,4.06
2023-11-30 05:00,11,5,Weekday,Fall,No,33.9,76.89,1.98
2023-11-30 06:00,11,6,Weekday,Fall,No,33.6,76.94,3.27
2023-11-30 07:00,11,7,Weekday,Fall,No,34.61,77.17,2.6
2023-11-30 08:00,11,8,Weekday,Fall,Yes,39.16,76.84,4.65
2023-11-30 09:00,11,9,Weekday,Fall,Yes,46.07,79.4,12.4
2023-11-30 10:00,11,10,Weekday,Fall,Yes,52.49,79.73,13.82
2023-11-30 11:00,11,11,Weekday,Fall,Yes,57.35,81.45,14.73
2023-11-30 12:00,11,12,Weekday,Fall,Yes,60.16,84.37,17.03
2023-11-30 13:00,11,13,Weekday,Fall,Yes,61.61,83.85,16.05
2023-11-30 14:00,11,14,Weekday,Fall,Yes,62.58,85.63,14.04
2023-11-30 15:00,11,15,Weekday,Fall,Yes,62.44,84.0,14.65
2023-11-30 16:00,11,16,Weekday,Fall,Yes,60.9,84.49,17.8
2023-11-30 17:00,11,17,Weekday,Fall,Yes,57.14,83.69,16.78
2023-11-30 18:00,11,18,Weekday,Fall,No,53.88,81.38,13.39
2023-11-30 19:00,11,19,Weekday,Fall,No,53.06,82.53,7.32
2023-11-30 20:00,11,20,Weekday,Fall,No,49.49,81.38,10.83
2023-11-30 21:00,11,21,Weekday,Fall,No,46.0,78.54,6.22
2023-11-30 22:00,11,22,Weekday,Fall,No,44.27,80.5,3.32
2023-11-30 23:00,11,23,Weekday,Fall,No,42.58,78.07,4.01
2023-12-01 00:00,12,0,Weekday,Winter,No,40.85,77.59,5.18
2023-12-01 01:00,12,1,Weekday,Winter,No,39.16,78.4,7.77
2023-12-01 02:00,12,2,Weekday,Winter,No,37.43,76.71,6.95
2023-12-01 03:00,12,3,Weekday,Winter,No,35.74,77.14,3.57
2023-12-01 04:00,12,4,Weekday,Winter,No,35.06,77.68,4.25
2023-12-01 05:00,12,5,Weekday,Winter,No,35.06,75.14,5.58
2023-12-01 06:00,12,6,Weekday,Winter,No,33.9,75.95,2.12
2023-12-01 07:00,12,7,Weekday,Winter,No,34.76,77.99,4.58
2023-12-01 08:00,12,8,Weekday,Winter,Yes,38.27,77.36,7.09
2023-12-01 09:00,12,9,Weekday,Winter,Yes,42.86,79.65,8.39
2023-12-01 10:00,12,10,Weekday,Winter,Yes,49.06,81.89,11.3
2023-12-01 11:00,12,11,Weekday,Winter,Yes,54.29,81.7,11.07
2023-12-01 12:00,12,12,Weekday,Winter,Yes,58.88,83.99,13.37
2023-12-01 13:00,12,13,Weekday,Winter,Yes,62.14,83.41,18.6
2023-12-01 14:00,12,14,Weekday,Winter,Yes,62.96,83.28,13.57
2023-12-01 15:00,12,15,Weekday,Winter,Yes,62.96,85.07,18.04
2023-12-01 16:00,12,16,Weekday,Winter,Yes,60.65,83.38,12.64
2023-12-01 17:00,12,17,Weekday,Winter,Yes,56.06,82.86,15.28
2023-12-01 18:00,12,18,Weekday,Winter,No,51.65,81.44,13.58
2023-12-01 19:00,12,19,Weekday,Winter,No,48.22,80.55,8.27
2023-12-01 20:00,12,20,Weekday,Winter,No,44.1,79.6,7.67
2023-12-01 21:00,12,21,Weekday,Winter,No,39.66,78.73,11.0
2023-12-01 22:00,12,22,Weekday,Winter,No,37.94,78.09,2.69
2023-12-01 23:00,12,23,Weekday,Winter,No,36.26,77.45,1.16
2023-12-02 00:00,12,0,Weekend,Winter,No,35.06,77.16,4.2
2023-12-02 01:00,12,1,Weekend,Winter,No,34.43,77.55,1.03
2023-12-02 02:00,12,2,Weekend,Winter,No,32.83,75.91,1.85
2023-12-02 03:00,12,3,Weekend,Winter,No,32.0,76.26,3.36
2023-12-02 04:00,12,4,Weekend,Winter,No,31.37,74.74,2.13
2023-12-02 05:00,12,5,Weekend,Winter,No,31.55,75.86,0.07
2023-12-02 06:00,12,6,Weekend,Winter,No,30.84,75.53,4.03
2023-12-02 07:00,12,7,Weekend,Winter,No,31.8,76.08,3.34
2023-12-02 08:00,12,8,Weekend,Winter,No,37.7,77.62,6.56
2023-12-02 09:00,12,9,Weekend,Winter,No,45.1,79.42,8.26
2023-12-02 10:00,12,10,Weekend,Winter,No,50.96,82.15,11.09
2023-12-02 11:00,12,11,Weekend,Winter,No,55.9,82.54,10.77
2023-12-02 12:00,12,12,Weekend,Winter,No,60.34,85.28,10.32
2023-12-02 13:00,12,13,Weekend,Winter,No,63.22,86.1,14.64
2023-12-02 14:00,12,14,Weekend,Winter,No,65.19,85.75,14.8
2023-12-02 15:00,12,15,Weekend,Winter,No,65.39,85.07,10.59
2023-12-02 16:00,12,16,Weekend,Winter,No,62.63,84.35,15.42
2023-12-02 17:00,12,17,Weekend,Winter,No,58.04,83.65,14.28
2023-12-02 18:00,12,18,Weekend,Winter,No,54.26,81.05,10.1
2023-12-02 19:00,12,19,Weekend,Winter,No,53.06,82.94,13.47
2023-12-02 20:00,12,20,Weekend,Winter,No,49.49,80.65,7.3
2023-12-02 21:00,12,21,Weekend,Winter,No,45.26,80.06,8.23
2023-12-02 22:00,12,22,Weekend,Winter,No,42.28,79.76,7.13
2023-12-02 23:00,12,23,Weekend,Winter,No,39.84,78.86,7.64
2023-12-03 00:00,12,0,Weekend,Winter,No,38.39,76.36,4.69
2023-12-03 01:00,12,1,Weekend,Winter,No,36.26,77.87,3.3
2023-12-03 02:00,12,2,Weekend,Winter,No,35.06,76.31,0.0
2023-12-03 03:00,12,3,Weekend,Winter,No,35.06,77.86,0.0
2023-12-03 04:00,12,4,Weekend,Winter,No,36.22,78.48,2.72
2023-12-03 05:00,12,5,Weekend,Winter,No,37.56,77.61,1.83
2023-12-03 06:00,12,6,Weekend,Winter,No,35.63,77.18,7.22
2023-12-03 07:00,12,7,Weekend,Winter,No,36.29,77.35,1.5
2023-12-03 08:00,12,8,Weekend,Winter,No,42.04,78.79,2.3
2023-12-03 09:00,12,9,Weekend,Winter,No,48.53,80.95,10.44
2023-12-03 10:00,12,10,Weekend,Winter,No,55.7,83.58,7.22
2023-12-03 11:00,12,11,Weekend,Winter,No,61.31,83.11,13.53
2023-12-03 12:00,12,12,Weekend,Winter,No,65.27,84.97,11.67
2023-12-03 13:00,12,13,Weekend,Winter,No,67.55,86.69,16.95
2023-12-03 14:00,12,14,Weekend,Winter,No,67.37,86.01,21.71
2023-12-03 15:00,12,15,Weekend,Winter,No,66.92,87.15,16.83
2023-12-03 16:00,12,16,Weekend,Winter,No,65.24,84.87,16.25
2023-12-03 17:00,12,17,Weekend,Winter,No,60.47,83.67,9.1
2023-12-03 18:00,12,18,Weekend,Winter,No,57.4,83.13,8.04
2023-12-03 19:00,12,19,Weekend,Winter,No,55.24,83.06,6.23
2023-12-03 20:00,12,20,Weekend,Winter,No,53.96,81.46,11.22
2023-12-03 21:00,12,21,Weekend,Winter,No,51.65,82.1,7.24
2023-12-03 22:00,12,22,Weekend,Winter,No,49.37,81.81,6.66
2023-12-03 23:00,12,23,Weekend,Winter,No,48.4,81.48,9.74
2023-12-04 00:00,12,0,Weekday,Winter,No,47.39,79.27,9.78
2023-12-04 01:00,12,1,Weekday,Winter,No,46.94,80.59,7.57
2023-12-04 02:00,12,2,Weekday,Winter,No,45.78,79.82,10.47
2023-12-04 03:00,12,3,Weekday,Winter,No,43.8,79.19,1.04
2023-12-04 04:00,12,4,Weekday,Winter,No,44.76,79.57,8.85
2023-12-04 05:00,12,5,Weekday,Winter,No,47.2,81.01,7.01
2023-12-04 06:00,12,6,Weekday,Winter,No,49.18,81.27,7.01
2023-12-04 07:00,12,7,Weekday,Winter,No,49.37,81.4,10.44
2023-12-04 08:00,12,8,Weekday,Winter,Yes,50.18,81.12,13.89
2023-12-04 09:00,12,9,Weekday,Winter,Yes,48.66,80.31,10.93
2023-12-04 10:00,12,10,Weekday,Winter,Yes,46.42,80.09,15.15
2023-12-04 11:00,12,11,Weekday,Winter,Yes,46.04,79.46,10.43
2023-12-04 12:00,12,12,Weekday,Winter,Yes,46.04,78.88,10.44
2023-12-04 13:00,12,13,Weekday,Winter,Yes,47.72,80.54,7.97
2023-12-04 14:00,12,14,Weekday,Winter,Yes,48.92,80.3,12.8
2023-12-04 15:00,12,15,Weekday,Winter,Yes,47.24,80.74,8.61
2023-12-04 16:00,12,16,Weekday,Winter,Yes,45.41,79.63,11.59
2023-12-04 17:00,12,17,Weekday,Winter,Yes,44.44,78.86,7.78
2023-12-04 18:00,12,18,Weekday,Winter,No,44.58,80.28,5.0
2023-12-04 19:00,12,19,Weekday,Winter,No,45.59,80.5,4.06
2023-12-04 20:00,12,20,Weekday,Winter,No,46.04,79.88,9.76
2023-12-04 21:00,12,21,Weekday,Winter,No,46.56,80.66,8.46
2023-12-04 22:00,12,22,Weekday,Winter,No,45.78,78.81,8.4
2023-12-04 23:00,12,23,Weekday,Winter,No,44.44,80.53,4.52
2023-12-05 00:00,12,0,Weekday,Winter,No,42.9,78.81,10.25
2023-12-05 01:00,12,1,Weekday,Winter,No,42.08,77.47,7.2
2023-12-05 02:00,12,2,Weekday,Winter,No,41.45,78.27,4.59
2023-12-05 03:00,12,3,Weekday,Winter,No,41.0,79.63,7.39
2023-12-05 04:00,12,4,Weekday,Winter,No,40.37,78.61,3.31
2023-12-05 05:00,12,5,Weekday,Winter,No,39.92,77.85,3.34
2023-12-05 06:00,12,6,Weekday,Winter,No,40.55,78.42,7.02
2023-12-05 07:00,12,7,Weekday,Winter,No,42.78,80.36,4.73
2023-12-05 08:00,12,8,Weekday,Winter,Yes,44.58,80.02,9.45
2023-12-05 09:00,12,9,Weekday,Winter,Yes,47.27,80.18,12.88
2023-12-05 10:00,12,10,Weekday,Winter,Yes,50.18,81.32,11.33
2023-12-05 11:00,12,11,Weekday,Winter,Yes,52.24,82.35,16.24
2023-12-05 12:00,12,12,Weekday,Winter,Yes,53.58,81.74,13.17
2023-12-05 13:00,12,13,Weekday,Winter,Yes,54.59,82.44,13.27
2023-12-05 14:00,12,14,Weekday,Winter,Yes,55.57,82.92,11.73
2023-12-05 15:00,12,15,Weekday,Winter,Yes,55.94,82.59,16.71
2023-12-05 16:00,12,16,Weekday,Winter,Yes,55.42,83.06,14.76
2023-12-05 17:00,12,17,Weekday,Winter,Yes,53.88,82.05,11.02
2023-12-05 18:00,12,18,Weekday,Winter,No,53.58,83.24,15.99
2023-12-05 19:00,12,19,Weekday,Winter,No,53.43,83.42,13.68
2023-12-05 20:00,12,20,Weekday,Winter,No,53.06,81.44,12.04
2023-12-05 21:00,12,21,Weekday,Winter,No,53.58,81.53,11.61
2023-12-05 22:00,12,22,Weekday,Winter,No,52.8,81.76,7.42
2023-12-05 23:00,12,23,Weekday,Winter,No,49.04,79.56,8.92
2023-12-06 00:00,12,0,Weekday,Winter,No,44.1,79.99,11.86
2023-12-06 01:00,12,1,Weekday,Winter,No,41.45,78.95,5.03
2023-12-06 02:00,12,2,Weekday,Winter,No,41.63,79.69,10.57
2023-12-06 03:00,12,3,Weekday,Winter,No,42.08,78.23,7.43
2023-12-06 04:00,12,4,Weekday,Winter,No,40.82,78.55,1.7
2023-12-06 05:00,12,5,Weekday,Winter,No,40.55,76.77,7.93
2023-12-06 06:00,12,6,Weekday,Winter,No,41.63,77.88,4.43
2023-12-06 07:00,12,7,Weekday,Winter,No,42.6,79.51,5.83
2023-12-06 08:00,12,8,Weekday,Winter,Yes,42.98,79.61,9.91
2023-12-06 09:00,12,9,Weekday,Winter,Yes,44.76,79.13,12.98
2023-12-06 10:00,12,10,Weekday,Winter,Yes,46.04,80.14,11.94
2023-12-06 11:00,12,11,Weekday,Winter,Yes,46.56,81.22,13.62
2023-12-06 12:00,12,12,Weekday,Winter,Yes,47.57,79.32,10.27
2023-12-06 13:00,12,13,Weekday,Winter,Yes,48.54,80.04,10.79
2023-12-06 14:00,12,14,Weekday,Winter,Yes,49.55,81.5,14.51
2023-12-06 15:00,12,15,Weekday,Winter,Yes,50.0,81.89,16.68
2023-12-06 16:00,12,16,Weekday,Winter,Yes,50.0,79.69,13.22
2023-12-06 17:00,12,17,Weekday,Winter,Yes,49.37,80.14,11.09
2023-12-06 18:00,12,18,Weekday,Winter,No,47.76,80.4,9.47
2023-12-06 19:00,12,19,Weekday,Winter,No,45.78,80.43,5.96
2023-12-06 20:00,12,20,Weekday,Winter,No,44.44,80.07,9.31
2023-12-06 21:00,12,21,Weekday,Winter,No,43.43,78.25,6.71
2023-12-06 22:00,12,22,Weekday,Winter,No,42.46,79.13,10.32
2023-12-06 23:00,12,23,Weekday,Winter,No,41.45,77.96,1.53
2023-12-07 00:00,12,0,Weekday,Winter,No,41.0,79.05,5.23
2023-12-07 01:00,12,1,Weekday,Winter,No,39.84,77.22,6.39
2023-12-07 02:00,12,2,Weekday,Winter,No,37.86,76.74,3.3
2023-12-07 03:00,12,3,Weekday,Winter,No,37.04,77.7,7.37
2023-12-07 04:00,12,4,Weekday,Winter,No,37.04,77.26,5.1
2023-12-07 05:00,12,5,Weekday,Winter,No,36.41,77.29,0.0
2023-12-07 06:00,12,6,Weekday,Winter,No,35.96,78.64,3.55
2023-12-07 07:00,12,7,Weekday,Winter,No,37.12,76.91,3.88
2023-12-07 08:00,12,8,Weekday,Winter,Yes,39.72,77.76,8.71
2023-12-07 09:00,12,9,Weekday,Winter,Yes,43.31,79.45,7.5
2023-12-07 10:00,12,10,Weekday,Winter,Yes,49.68,80.47,12.47
2023-12-07 11:00,12,11,Weekday,Winter,Yes,54.22,83.14,11.53
2023-12-07 12:00,12,12,Weekday,Winter,Yes,55.57,81.65,17.68
2023-12-07 13:00,12,13,Weekday,Winter,Yes,56.57,81.92,9.68
2023-12-07 14:00,12,14,Weekday,Winter,Yes,57.02,82.22,18.84
2023-12-07 15:00,12,15,Weekday,Winter,Yes,57.02,82.67,11.64
2023-12-07 16:00,12,16,Weekday,Winter,Yes,55.86,82.4,12.68
2023-12-07 17:00,12,17,Weekday,Winter,Yes,53.88,82.54,15.43
2023-12-07 18:00,12,18,Weekday,Winter,No,51.9,80.31,9.77
2023-12-07 19:00,12,19,Weekday,Winter,No,49.82,80.59,11.4
2023-12-07 20:00,12,20,Weekday,Winter,No,47.24,79.39,5.44
2023-12-07 21:00,12,21,Weekday,Winter,No,44.89,80.17,2.91
2023-12-07 22:00,12,22,Weekday,Winter,No,43.43,79.88,5.87
2023-12-07 23:00,12,23,Weekday,Winter,No,41.82,77.61,6.62
2023-12-08 00:00,12,0,Weekday,Winter,No,41.0,79.77,6.21
2023-12-08 01:00,12,1,Weekday,Winter,No,40.37,78.71,4.25
2023-12-08 02:00,12,2,Weekday,Winter,No,39.4,77.05,11.45
2023-12-08 03:00,12,3,Weekday,Winter,No,38.39,77.73,4.01
2023-12-08 04:00,12,4,Weekday,Winter,No,37.94,79.03,4.76
2023-12-08 05:00,12,5,Weekday,Winter,No,37.94,75.74,5.28
2023-12-08 06:00,12,6,Weekday,Winter,No,37.94,77.71,3.77
2023-12-08 07:00,12,7,Weekday,Winter,No,39.1,77.61,3.42
2023-12-08 08:00,12,8,Weekday,Winter,Yes,42.86,79.74,12.96
2023-12-08 09:00,12,9,Weekday,Winter,Yes,47.27,80.13,11.46
2023-12-08 10:00,12,10,Weekday,Winter,Yes,50.7,80.92,12.24
2023-12-08 11:00,12,11,Weekday,Winter,Yes,53.76,81.53,10.01
2023-12-08 12:00,12,12,Weekday,Winter,Yes,56.72,83.52,13.89
2023-12-08 13:00,12,13,Weekday,Winter,Yes,58.55,83.06,12.46
2023-12-08 14:00,12,14,Weekday,Winter,Yes,59.0,82.95,15.3
2023-12-08 15:00,12,15,Weekday,Winter,Yes,59.63,83.33,18.75
2023-12-08 16:00,12,16,Weekday,Winter,Yes,58.82,82.73,16.25
2023-12-08 17:00,12,17,Weekday,Winter,Yes,56.76,83.13,13.32
2023-12-08 18:00,12,18,Weekday,Winter,No,54.26,82.67,8.93
2023-12-08 19:00,12,19,Weekday,Winter,No,52.43,80.57,12.09
2023-12-08 20:00,12,20,Weekday,Winter,No,49.67,82.1,7.29
2023-12-08 21:00,12,21,Weekday,Winter,No,46.86,78.53,7.01
2023-12-08 22:00,12,22,Weekday,Winter,No,46.04,80.22,9.49
2023-12-08 23:00,12,23,Weekday,Winter,No,44.89,80.45,7.65
2023-12-09 00:00,12,0,Weekend,Winter,No,43.43,80.07,7.2
2023-12-09 01:00,12,1,Weekend,Winter,No,42.46,78.48,7.4
2023-12-09 02:00,12,2,Weekend,Winter,No,41.45,77.44,7.53
2023-12-09 03:00,12,3,Weekend,Winter,No,41.0,78.53,1.47
2023-12-09 04:00,12,4,Weekend,Winter,No,39.84,78.33,4.51
2023-12-09 05:00,12,5,Weekend,Winter,No,39.02,77.79,4.52
2023-12-09 06:00,12,6,Weekend,Winter,No,39.02,78.17,4.52
2023-12-09 07:00,12,7,Weekend,Winter,No,39.54,78.25,3.71
2023-12-09 08:00,12,8,Weekend,Winter,No,41.7,78.31,7.77
2023-12-09 09:00,12,9,Weekend,Winter,No,45.92,79.43,10.75
2023-12-09 10:00,12,10,Weekend,Winter,No,50.96,82.11,9.95
2023-12-09 11:00,12,11,Weekend,Winter,No,55.37,83.5,7.47
2023-12-09 12:00,12,12,Weekend,Winter,No,58.18,83.02,7.8
2023-12-09 13:00,12,13,Weekend,Winter,No,60.16,81.54,15.77
2023-12-09 14:00,12,14,Weekend,Winter,No,61.61,86.14,9.38
2023-12-09 15:00,12,15,Weekend,Winter,No,62.58,85.39,14.63
2023-12-09 16:00,12,16,Weekend,Winter,No,61.28,82.78,11.65
2023-12-09 17:00,12,17,Weekend,Winter,No,57.66,84.01,17.25
2023-12-09 18:00,12,18,Weekend,Winter,No,54.26,82.41,11.72
2023-12-09 19:00,12,19,Weekend,Winter,No,51.9,81.55,10.67
2023-12-09 20:00,12,20,Weekend,Winter,No,51.08,80.56,8.23
2023-12-09 21:00,12,21,Weekend,Winter,No,49.82,82.35,10.79
2023-12-09 22:00,12,22,Weekend,Winter,No,47.24,79.61,4.51
2023-12-09 23:00,12,23,Weekend,Winter,No,46.04,79.54,6.68
2023-12-10 00:00,12,0,Weekend,Winter,No,44.26,79.67,10.72
2023-12-10 01:00,12,1,Weekend,Winter,No,42.46,78.67,9.63
2023-12-10 02:00,12,2,Weekend,Winter,No,42.6,79.42,7.71
2023-12-10 03:00,12,3,Weekend,Winter,No,42.46,78.29,5.74
2023-12-10 04:00,12,4,Weekend,Winter,No,42.08,77.77,7.46
2023-12-10 05:00,12,5,Weekend,Winter,No,42.08,79.11,4.26
2023-12-10 06:00,12,6,Weekend,Winter,No,42.6,78.82,11.6
2023-12-10 07:00,12,7,Weekend,Winter,No,42.98,78.36,7.52
2023-12-10 08:00,12,8,Weekend,Winter,No,44.14,80.59,10.71
2023-12-10 09:00,12,9,Weekend,Winter,No,49.06,80.96,11.07
2023-12-10 10:00,12,10,Weekend,Winter,No,55.44,83.23,10.23
2023-12-10 11:00,12,11,Weekend,Winter,No,63.17,84.19,13.52
2023-12-10 12:00,12,12,Weekend,Winter,No,68.18,86.36,17.44
2023-12-10 13:00,12,13,Weekend,Winter,No,72.54,86.89,16.42
2023-12-10 14:00,12,14,Weekend,Winter,No,75.54,88.33,17.63
2023-12-10 15:00,12,15,Weekend,Winter,No,74.24,87.17,16.55
2023-12-10 16:00,12,16,Weekend,Winter,No,71.88,87.29,19.4
2023-12-10 17:00,12,17,Weekend,Winter,No,68.12,86.36,16.03
2023-12-10 18:00,12,18,Weekend,Winter,No,63.71,85.78,13.83
2023-12-10 19:00,12,19,Weekend,Winter,No,60.9,84.79,11.36
2023-12-10 20:00,12,20,Weekend,Winter,No,60.08,83.57,11.81
2023-12-10 21:00,12,21,Weekend,Winter,No,60.6,83.91,10.81
2023-12-10 22:00,12,22,Weekend,Winter,No,61.61,82.96,12.85
2023-12-10 23:00,12,23,Weekend,Winter,No,60.28,83.85,11.82
2023-12-11 00:00,12,0,Weekday,Winter,No,60.78,83.76,11.97
2023-12-11 01:00,12,1,Weekday,Winter,No,61.43,85.04,17.48
2023-12-11 02:00,12,2,Weekday,Winter,No,59.82,84.05,10.51
2023-12-11 03:00,12,3,Weekday,Winter,No,58.37,83.53,13.66
2023-12-11 04:00,12,4,Weekday,Winter,No,56.76,83.28,9.84
2023-12-11 05:00,12,5,Weekday,Winter,No,53.63,81.83,11.68
2023-12-11 06:00,12,6,Weekday,Winter,No,50.82,81.28,11.01
2023-12-11 07:00,12,7,Weekday,Winter,No,50.0,81.48,11.36
2023-12-11 08:00,12,8,Weekday,Winter,Yes,53.46,82.79,15.59
2023-12-11 09:00,12,9,Weekday,Winter,Yes,59.51,83.94,14.24
2023-12-11 10:00,12,10,Weekday,Winter,Yes,64.9,85.21,20.98
2023-12-11 11:00,12,11,Weekday,Winter,Yes,69.34,86.42,16.78
2023-12-11 12:00,12,12,Weekday,Winter,Yes,72.74,87.72,18.83
2023-12-11 13:00,12,13,Weekday,Winter,Yes,75.72,88.06,23.87
2023-12-11 14:00,12,14,Weekday,Winter,Yes,77.63,89.7,23.67
2023-12-11 15:00,12,15,Weekday,Winter,Yes,78.6,88.84,25.72
2023-12-11 16:00,12,16,Weekday,Winter,Yes,77.82,87.54,24.67
2023-12-11 17:00,12,17,Weekday,Winter,Yes,71.75,86.9,19.41
2023-12-11 18:00,12,18,Weekday,Winter,No,65.69,85.33,14.71
2023-12-11 19:00,12,19,Weekday,Winter,No,61.1,84.83,13.9
2023-12-11 20:00,12,20,Weekday,Winter,No,57.22,82.2,10.9
2023-12-11 21:00,12,21,Weekday,Winter,No,54.26,81.31,8.22
2023-12-11 22:00,12,22,Weekday,Winter,No,51.9,82.71,6.53
2023-12-11 23:00,12,23,Weekday,Winter,No,51.08,80.53,9.55
2023-12-12 00:00,12,0,Weekday,Winter,No,50.45,80.85,9.62
2023-12-12 01:00,12,1,Weekday,Winter,No,50.0,79.91,10.03
2023-12-12 02:00,12,2,Weekday,Winter,No,50.0,81.54,9.07
2023-12-12 03:00,12,3,Weekday,Winter,No,49.37,81.38,10.06
2023-12-12 04:00,12,4,Weekday,Winter,No,48.4,81.67,6.77
2023-12-12 05:00,12,5,Weekday,Winter,No,48.02,81.85,6.66
2023-12-12 06:00,12,6,Weekday,Winter,No,47.39,81.5,9.96
2023-12-12 07:00,12,7,Weekday,Winter,No,48.1,81.01,8.05
2023-12-12 08:00,12,8,Weekday,Winter,Yes,52.49,81.38,9.7
2023-12-12 09:00,12,9,Weekday,Winter,Yes,59.66,84.24,16.2
2023-12-12 10:00,12,10,Weekday,Winter,Yes,66.53,84.15,13.81
2023-12-12 11:00,12,11,Weekday,Winter,Yes,70.76,86.44,18.18
2023-12-12 12:00,12,12,Weekday,Winter,Yes,74.27,87.29,22.06
2023-12-12 13:00,12,13,Weekday,Winter,Yes,76.55,87.64,22.18
2023-12-12 14:00,12,14,Weekday,Winter,Yes,78.16,89.31,26.31
2023-12-12 15:00,12,15,Weekday,Winter,Yes,78.46,89.18,25.06
2023-12-12 16:00,12,16,Weekday,Winter,Yes,76.82,87.53,23.31
2023-12-12 17:00,12,17,Weekday,Winter,Yes,73.08,87.75,20.97
2023-12-12 18:00,12,18,Weekday,Winter,No,68.12,86.97,10.28
2023-12-12 19:00,12,19,Weekday,Winter,No,62.55,84.49,11.76
2023-12-12 20:00,12,20,Weekday,Winter,No,56.51,83.12,9.75
2023-12-12 21:00,12,21,Weekday,Winter,No,52.8,81.51,9.0
2023-12-12 22:00,12,22,Weekday,Winter,No,52.61,81.3,10.46
2023-12-12 23:00,12,23,Weekday,Winter,No,53.58,80.43,6.33
2023-12-13 00:00,12,0,Weekday,Winter,No,52.28,82.21,7.15
2023-12-13 01:00,12,1,Weekday,Winter,No,51.6,81.79,9.57
2023-12-13 02:00,12,2,Weekday,Winter,No,52.61,81.29,14.64
2023-12-13 03:00,12,3,Weekday,Winter,No,50.64,79.53,7.53
2023-12-13 04:00,12,4,Weekday,Winter,No,49.55,80.74,9.28
2023-12-13 05:00,12,5,Weekday,Winter,No,49.37,80.59,7.92
2023-12-13 06:00,12,6,Weekday,Winter,No,47.76,80.67,9.05
2023-12-13 07:00,12,7,Weekday,Winter,No,47.57,78.88,7.21
2023-12-13 08:00,12,8,Weekday,Winter,Yes,51.48,79.7,10.04
2023-12-13 09:00,12,9,Weekday,Winter,Yes,57.53,82.52,18.89
2023-12-13 10:00,12,10,Weekday,Winter,Yes,62.92,83.64,16.53
2023-12-13 11:00,12,11,Weekday,Winter,Yes,67.88,86.7,17.03
2023-12-13 12:00,12,12,Weekday,Winter,Yes,71.76,85.64,19.66
2023-12-13 13:00,12,13,Weekday,Winter,Yes,74.72,87.02,21.34
2023-12-13 14:00,12,14,Weekday,Winter,Yes,76.55,88.73,26.12
2023-12-13 15:00,12,15,Weekday,Winter,Yes,76.37,88.29,20.2
2023-12-13 16:00,12,16,Weekday,Winter,Yes,74.24,87.59,22.23
2023-12-13 17:00,12,17,Weekday,Winter,Yes,70.73,87.75,19.58
2023-12-13 18:00,12,18,Weekday,Winter,No,66.14,85.85,12.28
2023-12-13 19:00,12,19,Weekday,Winter,No,61.73,84.97,14.75
2023-12-13 20:00,12,20,Weekday,Winter,No,58.82,84.56,11.04
2023-12-13 21:00,12,21,Weekday,Winter,No,57.4,82.99,15.05
2023-12-13 22:00,12,22,Weekday,Winter,No,59.33,83.86,11.91
2023-12-13 23:00,12,23,Weekday,Winter,No,60.46,82.6,13.66
2023-12-14 00:00,12,0,Weekday,Winter,No,60.08,84.06,8.1
2023-12-14 01:00,12,1,Weekday,Winter,No,58.3,82.32,14.53
2023-12-14 02:00,12,2,Weekday,Winter,No,57.02,83.48,8.03
2023-12-14 03:00,12,3,Weekday,Winter,No,55.86,83.53,14.75
2023-12-14 04:00,12,4,Weekday,Winter,No,55.04,82.31,8.09
2023-12-14 05:00,12,5,Weekday,Winter,No,54.41,82.41,12.03
2023-12-14 06:00,12,6,Weekday,Winter,No,52.28,81.36,7.29
2023-12-14 07:00,12,7,Weekday,Winter,No,51.6,80.69,11.09
2023-12-14 08:00,12,8,Weekday,Winter,Yes,54.92,80.94,13.98
2023-12-14 09:00,12,9,Weekday,Winter,Yes,58.18,81.95,15.33
2023-12-14 10:00,12,10,Weekday,Winter,Yes,59.63,85.0,15.93
2023-12-14 11:00,12,11,Weekday,Winter,Yes,61.76,84.86,19.06
2023-12-14 12:00,12,12,Weekday,Winter,Yes,63.59,81.87,13.8
2023-12-14 13:00,12,13,Weekday,Winter,Yes,65.19,85.39,17.56
2023-12-14 14:00,12,14,Weekday,Winter,Yes,66.02,85.73,21.92
2023-12-14 15:00,12,15,Weekday,Winter,Yes,65.39,85.03,15.6
2023-12-14 16:00,12,16,Weekday,Winter,Yes,64.41,85.14,19.03
2023-12-14 17:00,12,17,Weekday,Winter,Yes,62.26,83.93,14.84
2023-12-14 18:00,12,18,Weekday,Winter,No,59.2,84.05,7.29
2023-12-14 19:00,12,19,Weekday,Winter,No,57.4,82.09,12.16
2023-12-14 20:00,12,20,Weekday,Winter,No,55.86,82.45,14.75
2023-12-14 21:00,12,21,Weekday,Winter,No,55.04,82.38,8.0
2023-12-14 22:00,12,22,Weekday,Winter,No,53.88,81.99,6.7
2023-12-14 23:00,12,23,Weekday,Winter,No,53.58,82.19,11.36
2023-12-15 00:00,12,0,Weekday,Winter,No,53.96,83.3,9.66
2023-12-15 01:00,12,1,Weekday,Winter,No,52.8,83.3,14.72
2023-12-15 02:00,12,2,Weekday,Winter,No,51.98,81.23,10.26
2023-12-15 03:00,12,3,Weekday,Winter,No,50.82,80.66,12.01
2023-12-15 04:00,12,4,Weekday,Winter,No,50.0,83.21,15.14
2023-12-15 05:00,12,5,Weekday,Winter,No,48.84,80.08,12.91
2023-12-15 06:00,12,6,Weekday,Winter,No,47.39,78.78,7.95
2023-12-15 07:00,12,7,Weekday,Winter,No,46.94,78.39,4.43
2023-12-15 08:00,12,8,Weekday,Winter,Yes,49.88,81.08,11.86
2023-12-15 09:00,12,9,Weekday,Winter,Yes,54.92,81.41,14.14
2023-12-15 10:00,12,10,Weekday,Winter,Yes,57.02,81.85,15.22
2023-12-15 11:00,12,11,Weekday,Winter,Yes,59.96,83.84,14.89
2023-12-15 12:00,12,12,Weekday,Winter,Yes,63.74,84.76,15.24
2023-12-15 13:00,12,13,Weekday,Winter,Yes,65.57,86.49,18.94
2023-12-15 14:00,12,14,Weekday,Winter,Yes,66.54,84.76,21.81
2023-12-15 15:00,12,15,Weekday,Winter,Yes,66.92,85.79,18.52
2023-12-15 16:00,12,16,Weekday,Winter,Yes,65.24,85.09,13.38
2023-12-15 17:00,12,17,Weekday,Winter,Yes,61.73,83.29,19.81
2023-12-15 18:00,12,18,Weekday,Winter,No,58.3,83.71,11.83
2023-12-15 19:00,12,19,Weekday,Winter,No,54.08,83.05,5.74
2023-12-15 20:00,12,20,Weekday,Winter,No,50.82,81.37,8.57
2023-12-15 21:00,12,21,Weekday,Winter,No,48.84,81.06,14.88
2023-12-15 22:00,12,22,Weekday,Winter,No,48.02,80.49,11.04
2023-12-15 23:00,12,23,Weekday,Winter,No,45.71,79.73,10.21
2023-12-16 00:00,12,0,Weekend,Winter,No,42.9,78.6,0.98
2023-12-16 01:00,12,1,Weekend,Winter,No,42.08,79.4,9.17
2023-12-16 02:00,12,2,Weekend,Winter,No,40.82,79.62,1.2
2023-12-16 03:00,12,3,Weekend,Winter,No,38.24,77.62,3.59
2023-12-16 04:00,12,4,Weekend,Winter,No,37.04,78.16,1.52
2023-12-16 05:00,12,5,Weekend,Winter,No,37.56,77.49,1.93
2023-12-16 06:00,12,6,Weekend,Winter,No,37.42,75.65,8.28
2023-12-16 07:00,12,7,Weekend,Winter,No,37.04,77.07,2.76
2023-12-16 08:00,12,8,Weekend,Winter,No,42.29,80.21,7.05
2023-12-16 09:00,12,9,Weekend,Winter,No,48.98,80.23,11.05
2023-12-16 10:00,12,10,Weekend,Winter,No,52.76,83.33,8.51
2023-12-16 11:00,12,11,Weekend,Winter,No,58.06,82.74,9.34
2023-12-16 12:00,12,12,Weekend,Winter,No,60.98,84.09,14.76
2023-12-16 13:00,12,13,Weekend,Winter,No,62.14,83.49,12.63
2023-12-16 14:00,12,14,Weekend,Winter,No,64.11,85.11,14.13
2023-12-16 15:00,12,15,Weekend,Winter,No,64.41,85.41,13.53
2023-12-16 16:00,12,16,Weekend,Winter,No,62.26,85.37,13.2
2023-12-16 17:00,12,17,Weekend,Winter,No,59.82,85.05,15.86
2023-12-16 18:00,12,18,Weekend,Winter,No,57.85,83.51,14.33
2023-12-16 19:00,12,19,Weekend,Winter,No,55.86,81.64,12.17
2023-12-16 20:00,12,20,Weekend,Winter,No,54.41,81.51,7.07
2023-12-16 21:00,12,21,Weekend,Winter,No,54.59,82.08,13.5
2023-12-16 22:00,12,22,Weekend,Winter,No,55.04,81.15,10.07
2023-12-16 23:00,12,23,Weekend,Winter,No,54.41,82.43,12.74
2023-12-17 00:00,12,0,Weekend,Winter,No,53.96,82.28,8.07
2023-12-17 01:00,12,1,Weekend,Winter,No,53.43,81.54,12.77
2023-12-17 02:00,12,2,Weekend,Winter,No,52.43,80.66,9.82
2023-12-17 03:00,12,3,Weekend,Winter,No,51.46,81.06,12.97
2023-12-17 04:00,12,4,Weekend,Winter,No,51.6,81.1,8.27
2023-12-17 05:00,12,5,Weekend,Winter,No,51.46,81.77,10.13
2023-12-17 06:00,12,6,Weekend,Winter,No,50.45,80.94,7.76
2023-12-17 07:00,12,7,Weekend,Winter,No,50.63,80.11,14.39
2023-12-17 08:00,12,8,Weekend,Winter,No,52.76,81.31,12.35
2023-12-17 09:00,12,9,Weekend,Winter,No,55.12,82.63,9.75
2023-12-17 10:00,12,10,Weekend,Winter,No,56.57,83.12,14.32
2023-12-17 11:00,12,11,Weekend,Winter,No,58.18,83.47,12.37
2023-12-17 12:00,12,12,Weekend,Winter,No,60.16,83.42,16.65
2023-12-17 13:00,12,13,Weekend,Winter,No,61.61,85.0,12.61
2023-12-17 14:00,12,14,Weekend,Winter,No,62.06,84.94,17.51
2023-12-17 15:00,12,15,Weekend,Winter,No,62.58,84.53,15.19
2023-12-17 16:00,12,16,Weekend,Winter,No,61.8,84.94,13.82
2023-12-17 17:00,12,17,Weekend,Winter,No,59.2,83.92,13.56
2023-12-17 18:00,12,18,Weekend,Winter,No,56.24,83.61,9.31
2023-12-17 19:00,12,19,Weekend,Winter,No,55.04,82.35,14.51
2023-12-17 20:00,12,20,Weekend,Winter,No,52.1,80.37,6.8
2023-12-17 21:00,12,21,Weekend,Winter,No,49.37,80.61,6.39
2023-12-17 22:00,12,22,Weekend,Winter,No,48.92,81.27,7.42
2023-12-17 23:00,12,23,Weekend,Winter,No,48.4,81.22,9.93
2023-12-18 00:00,12,0,Weekday,Winter,No,48.02,81.25,6.1
2023-12-18 01:00,12,1,Weekday,Winter,No,44.56,78.74,4.09
2023-12-18 02:00,12,2,Weekday,Winter,No,43.24,77.44,3.01
2023-12-18 03:00,12,3,Weekday,Winter,No,42.28,77.82,4.45
2023-12-18 04:00,12,4,Weekday,Winter,No,40.37,78.32,5.36
2023-12-18 05:00,12,5,Weekday,Winter,No,40.55,78.56,2.76
2023-12-18 06:00,12,6,Weekday,Winter,No,42.16,79.85,7.3
2023-12-18 07:00,12,7,Weekday,Winter,No,45.29,79.93,3.11
2023-12-18 08:00,12,8,Weekday,Winter,Yes,50.51,80.89,11.97
2023-12-18 09:00,12,9,Weekday,Winter,Yes,54.74,81.81,11.05
2023-12-18 10:00,12,10,Weekday,Winter,Yes,57.1,83.03,14.99
2023-12-18 11:00,12,11,Weekday,Winter,Yes,60.34,82.76,12.1
2023-12-18 12:00,12,12,Weekday,Winter,Yes,63.22,83.81,20.37
2023-12-18 13:00,12,13,Weekday,Winter,Yes,64.56,84.22,17.78
2023-12-18 14:00,12,14,Weekday,Winter,Yes,66.1,85.13,19.2
2023-12-18 15:00,12,15,Weekday,Winter,Yes,66.92,85.82,23.09
2023-12-18 16:00,12,16,Weekday,Winter,Yes,65.76,85.07,14.59
2023-12-18 17:00,12,17,Weekday,Winter,Yes,62.1,82.89,16.54
2023-12-18 18:00,12,18,Weekday,Winter,No,57.66,83.85,14.35
2023-12-18 19:00,12,19,Weekday,Winter,No,57.72,83.12,11.18
2023-12-18 20:00,12,20,Weekday,Winter,No,57.85,81.94,9.92
2023-12-18 21:00,12,21,Weekday,Winter,No,56.39,82.37,11.67
2023-12-18 22:00,12,22,Weekday,Winter,No,55.42,84.1,8.47
2023-12-18 23:00,12,23,Weekday,Winter,No,55.57,81.61,6.48
2023-12-19 00:00,12,0,Weekday,Winter,No,55.42,82.55,9.85
2023-12-19 01:00,12,1,Weekday,Winter,No,53.26,82.16,12.45
2023-12-19 02:00,12,2,Weekday,Winter,No,48.52,79.61,10.3
2023-12-19 03:00,12,3,Weekday,Winter,No,45.41,80.09,10.0
2023-12-19 04:00,12,4,Weekday,Winter,No,45.59,79.05,10.79
2023-12-19 05:00,12,5,Weekday,Winter,No,47.2,82.01,8.19
2023-12-19 06:00,12,6,Weekday,Winter,No,47.39,80.01,8.32
2023-12-19 07:00,12,7,Weekday,Winter,No,48.1,78.74,9.54
2023-12-19 08:00,12,8,Weekday,Winter,Yes,50.7,79.88,10.73
2023-12-19 09:00,12,9,Weekday,Winter,Yes,55.44,82.41,12.4
2023-12-19 10:00,12,10,Weekday,Winter,Yes,60.86,84.15,11.0
2023-12-19 11:00,12,11,Weekday,Winter,Yes,64.11,85.44,13.98
2023-12-19 12:00,12,12,Weekday,Winter,Yes,66.72,85.58,17.67
2023-12-19 13:00,12,13,Weekday,Winter,Yes,69.16,86.78,16.81
2023-12-19 14:00,12,14,Weekday,Winter,Yes,70.61,85.34,15.88
2023-12-19 15:00,12,15,Weekday,Winter,Yes,70.43,85.13,19.57
2023-12-19 16:00,12,16,Weekday,Winter,Yes,68.82,84.38,19.75
2023-12-19 17:00,12,17,Weekday,Winter,Yes,65.69,84.44,19.27
2023-12-19 18:00,12,18,Weekday,Winter,No,62.26,84.52,9.77
2023-12-19 19:00,12,19,Weekday,Winter,No,59.2,84.02,8.54
2023-12-19 20:00,12,20,Weekday,Winter,No,56.76,82.02,11.06
2023-12-19 21:00,12,21,Weekday,Winter,No,56.57,83.46,11.98
2023-12-19 22:00,12,22,Weekday,Winter,No,57.02,82.79,9.98
2023-12-19 23:00,12,23,Weekday,Winter,No,52.92,81.39,9.11
2023-12-20 00:00,12,0,Weekday,Winter,No,50.63,81.14,8.85
2023-12-20 01:00,12,1,Weekday,Winter,No,50.45,80.95,10.32
2023-12-20 02:00,12,2,Weekday,Winter,No,50.0,79.8,11.98
2023-12-20 03:00,12,3,Weekday,Winter,No,48.22,80.14,8.3
2023-12-20 04:00,12,4,Weekday,Winter,No,45.78,80.91,9.71
2023-12-20 05:00,12,5,Weekday,Winter,No,46.11,80.63,7.25
2023-12-20 06:00,12,6,Weekday,Winter,No,45.78,79.25,4.93
2023-12-20 07:00,12,7,Weekday,Winter,No,45.59,79.4,9.25
2023-12-20 08:00,12,8,Weekday,Winter,Yes,47.72,80.01,11.26
2023-12-20 09:00,12,9,Weekday,Winter,Yes,53.02,81.67,11.78
2023-12-20 10:00,12,10,Weekday,Winter,Yes,58.36,83.77,11.02
2023-12-20 11:00,12,11,Weekday,Winter,Yes,62.92,85.51,15.02
2023-12-20 12:00,12,12,Weekday,Winter,Yes,66.72,85.84,15.61
2023-12-20 13:00,12,13,Weekday,Winter,Yes,69.16,86.79,19.82
2023-12-20 14:00,12,14,Weekday,Winter,Yes,71.14,85.81,16.63
2023-12-20 15:00,12,15,Weekday,Winter,Yes,71.44,85.99,17.43
2023-12-20 16:00,12,16,Weekday,Winter,Yes,69.9,86.46,17.41
2023-12-20 17:00,12,17,Weekday,Winter,Yes,65.51,84.89,19.02
2023-12-20 18:00,12,18,Weekday,Winter,No,61.8,84.92,13.95
2023-12-20 19:00,12,19,Weekday,Winter,No,57.52,84.45,14.02
2023-12-20 20:00,12,20,Weekday,Winter,No,53.26,81.9,9.67
2023-12-20 21:00,12,21,Weekday,Winter,No,51.46,79.33,11.23
2023-12-20 22:00,12,22,Weekday,Winter,No,50.45,80.37,9.84
2023-12-20 23:00,12,23,Weekday,Winter,No,49.37,82.53,9.67
2023-12-21 00:00,12,0,Weekday,Winter,No,47.76,78.59,4.08
2023-12-21 01:00,12,1,Weekday,Winter,No,46.42,82.4,11.68
2023-12-21 02:00,12,2,Weekday,Winter,No,45.41,78.1,8.43
2023-12-21 03:00,12,3,Weekday,Winter,No,46.11,79.85,8.93
2023-12-21 04:00,12,4,Weekday,Winter,No,46.42,81.23,8.63
2023-12-21 05:00,12,5,Weekday,Winter,No,45.41,78.21,5.36
2023-12-21 06:00,12,6,Weekday,Winter,No,45.59,80.38,4.81
2023-12-21 07:00,12,7,Weekday,Winter,No,47.72,79.75,8.5
2023-12-21 08:00,12,8,Weekday,Winter,Yes,51.34,82.23,11.38
2023-12-21 09:00,12,9,Weekday,Winter,Yes,55.37,82.33,12.64
2023-12-21 10:00,12,10,Weekday,Winter,Yes,58.18,84.33,19.5
2023-12-21 11:00,12,11,Weekday,Winter,Yes,60.78,85.28,14.79
2023-12-21 12:00,12,12,Weekday,Winter,Yes,63.74,85.49,20.29
2023-12-21 13:00,12,13,Weekday,Winter,Yes,64.94,85.11,15.79
2023-12-21 14:00,12,14,Weekday,Winter,Yes,64.94,85.05,14.43
2023-12-21 15:00,12,15,Weekday,Winter,Yes,63.78,84.34,21.63
2023-12-21 16:00,12,16,Weekday,Winter,Yes,62.44,84.05,14.64
2023-12-21 17:00,12,17,Weekday,Winter,Yes,59.12,81.83,15.18
2023-12-21 18:00,12,18,Weekday,Winter,No,55.24,81.94,9.67
2023-12-21 19:00,12,19,Weekday,Winter,No,52.28,80.58,10.78
2023-12-21 20:00,12,20,Weekday,Winter,No,50.45,81.15,9.11
2023-12-21 21:00,12,21,Weekday,Winter,No,48.84,81.15,6.86
2023-12-21 22:00,12,22,Weekday,Winter,No,46.86,78.4,7.42
2023-12-21 23:00,12,23,Weekday,Winter,No,46.04,79.79,7.94
2023-12-22 00:00,12,0,Weekday,Winter,No,44.26,79.3,7.43
2023-12-22 01:00,12,1,Weekday,Winter,No,42.46,79.21,3.98
2023-12-22 02:00,12,2,Weekday,Winter,No,41.45,77.94,7.51
2023-12-22 03:00,12,3,Weekday,Winter,No,41.63,77.61,2.72
2023-12-22 04:00,12,4,Weekday,Winter,No,40.3,78.43,2.61
2023-12-22 05:00,12,5,Weekday,Winter,No,39.02,77.36,6.05
2023-12-22 06:00,12,6,Weekday,Winter,No,38.39,77.02,8.38
2023-12-22 07:00,12,7,Weekday,Winter,No,38.57,78.98,6.52
2023-12-22 08:00,12,8,Weekday,Winter,Yes,41.96,79.34,10.34
2023-12-22 09:00,12,9,Weekday,Winter,Yes,46.37,80.15,10.99
2023-12-22 10:00,12,10,Weekday,Winter,Yes,49.8,80.69,12.35
2023-12-22 11:00,12,11,Weekday,Winter,Yes,51.6,80.84,11.99
2023-12-22 12:00,12,12,Weekday,Winter,Yes,53.14,81.63,12.18
2023-12-22 13:00,12,13,Weekday,Winter,Yes,53.96,82.46,12.17
2023-12-22 14:00,12,14,Weekday,Winter,Yes,54.59,82.04,11.96
2023-12-22 15:00,12,15,Weekday,Winter,Yes,55.57,83.2,9.03
2023-12-22 16:00,12,16,Weekday,Winter,Yes,55.42,83.02,15.96
2023-12-22 17:00,12,17,Weekday,Winter,Yes,53.88,82.43,12.75
2023-12-22 18:00,12,18,Weekday,Winter,No,51.28,81.86,10.77
2023-12-22 19:00,12,19,Weekday,Winter,No,49.37,81.65,6.27
2023-12-22 20:00,12,20,Weekday,Winter,No,47.24,78.99,12.04
2023-12-22 21:00,12,21,Weekday,Winter,No,45.41,79.17,7.28
2023-12-22 22:00,12,22,Weekday,Winter,No,44.96,79.5,9.73
2023-12-22 23:00,12,23,Weekday,Winter,No,44.44,80.12,3.18
2023-12-23 00:00,12,0,Weekend,Winter,No,44.06,78.26,3.85
2023-12-23 01:00,12,1,Weekend,Winter,No,42.28,79.96,8.59
2023-12-23 02:00,12,2,Weekend,Winter,No,40.37,77.55,5.58
2023-12-23 03:00,12,3,Weekend,Winter,No,39.4,78.31,1.53
2023-12-23 04:00,12,4,Weekend,Winter,No,38.39,79.12,4.11
2023-12-23 05:00,12,5,Weekend,Winter,No,36.78,76.63,3.94
2023-12-23 06:00,12,6,Weekend,Winter,No,34.28,77.53,6.43
2023-12-23 07:00,12,7,Weekend,Winter,No,33.08,76.46,0.0
2023-12-23 08:00,12,8,Weekend,Winter,No,35.39,77.88,0.95
2023-12-23 09:00,12,9,Weekend,Winter,No,39.98,77.09,7.46
2023-12-23 10:00,12,10,Weekend,Winter,No,43.76,80.5,3.45
2023-12-23 11:00,12,11,Weekend,Winter,No,47.27,81.05,10.07
2023-12-23 12:00,12,12,Weekend,Winter,No,50.7,81.49,10.68
2023-12-23 13:00,12,13,Weekend,Winter,No,51.98,81.59,8.71
2023-12-23 14:00,12,14,Weekend,Winter,No,52.61,81.22,11.76
2023-12-23 15:00,12,15,Weekend,Winter,No,52.43,82.56,8.86
2023-12-23 16:00,12,16,Weekend,Winter,No,50.82,81.94,10.57
2023-12-23 17:00,12,17,Weekend,Winter,No,48.84,81.22,8.56
2023-12-23 18:00,12,18,Weekend,Winter,No,47.39,79.74,10.04
2023-12-23 19:00,12,19,Weekend,Winter,No,46.42,79.09,11.91
2023-12-23 20:00,12,20,Weekend,Winter,No,44.89,80.08,5.24
2023-12-23 21:00,12,21,Weekend,Winter,No,43.43,79.89,3.93
2023-12-23 22:00,12,22,Weekend,Winter,No,43.61,78.39,5.08
2023-12-23 23:00,12,23,Weekend,Winter,No,43.43,80.71,7.78
2023-12-24 00:00,12,0,Weekend,Winter,No,42.46,78.97,4.01
2023-12-24 01:00,12,1,Weekend,Winter,No,42.08,77.43,6.85
2023-12-24 02:00,12,2,Weekend,Winter,No,41.45,77.46,3.17
2023-12-24 03:00,12,3,Weekend,Winter,No,40.37,78.62,4.59
2023-12-24 04:00,12,4,Weekend,Winter,No,39.4,77.55,0.66
2023-12-24 05:00,12,5,Weekend,Winter,No,39.02,77.96,4.36
2023-12-24 06:00,12,6,Weekend,Winter,No,36.71,76.31,6.71
2023-12-24 07:00,12,7,Weekend,Winter,No,35.58,76.66,5.92
2023-12-24 08:00,12,8,Weekend,Winter,No,38.27,77.15,2.73
2023-12-24 09:00,12,9,Weekend,Winter,No,41.7,80.46,7.89
2023-12-24 10:00,12,10,Weekend,Winter,No,44.76,77.79,6.95
2023-12-24 11:00,12,11,Weekend,Winter,No,47.2,79.33,7.56
2023-12-24 12:00,12,12,Weekend,Winter,No,48.02,80.61,8.36
2023-12-24 13:00,12,13,Weekend,Winter,No,49.18,82.54,6.98
2023-12-24 14:00,12,14,Weekend,Winter,No,50.0,80.36,11.87
2023-12-24 15:00,12,15,Weekend,Winter,No,50.0,80.16,6.11
2023-12-24 16:00,12,16,Weekend,Winter,No,50.0,81.53,7.32
2023-12-24 17:00,12,17,Weekend,Winter,No,48.22,82.16,4.77
2023-12-24 18:00,12,18,Weekend,Winter,No,45.26,81.64,1.08
2023-12-24 19:00,12,19,Weekend,Winter,No,41.64,78.98,4.89
2023-12-24 20:00,12,20,Weekend,Winter,No,40.55,78.87,5.46
2023-12-24 21:00,12,21,Weekend,Winter,No,38.69,77.9,10.7
2023-12-24 22:00,12,22,Weekend,Winter,No,37.04,78.1,1.57
2023-12-24 23:00,12,23,Weekend,Winter,No,35.26,76.66,2.0
2023-12-25 00:00,12,0,Weekday,Winter,No,35.76,76.57,5.37
2023-12-25 01:00,12,1,Weekday,Winter,No,35.88,76.22,0.77
2023-12-25 02:00,12,2,Weekday,Winter,No,35.58,77.28,2.61
2023-12-25 03:00,12,3,Weekday,Winter,No,33.02,76.01,4.36
2023-12-25 04:00,12,4,Weekday,Winter,No,31.55,75.79,1.54
2023-12-25 05:00,12,5,Weekday,Winter,No,32.63,75.87,5.32
2023-12-25 06:00,12,6,Weekday,Winter,No,30.14,77.27,0.78
2023-12-25 07:00,12,7,Weekday,Winter,No,28.04,73.34,2.19
2023-12-25 08:00,12,8,Weekday,Winter,Yes,33.29,76.27,8.29
2023-12-25 09:00,12,9,Weekday,Winter,Yes,41.66,79.27,7.5
2023-12-25 10:00,12,10,Weekday,Winter,Yes,47.9,81.21,12.75
2023-12-25 11:00,12,11,Weekday,Winter,Yes,52.31,81.29,6.78
2023-12-25 12:00,12,12,Weekday,Winter,Yes,55.74,83.38,19.18
2023-12-25 13:00,12,13,Weekday,Winter,Yes,58.8,83.84,13.01
2023-12-25 14:00,12,14,Weekday,Winter,Yes,60.6,83.92,12.62
2023-12-25 15:00,12,15,Weekday,Winter,Yes,61.61,83.88,16.36
2023-12-25 16:00,12,16,Weekday,Winter,Yes,62.06,84.25,17.42
2023-12-25 17:00,12,17,Weekday,Winter,Yes,58.49,83.13,17.83
2023-12-25 18:00,12,18,Weekday,Winter,No,53.63,82.94,14.8
2023-12-25 19:00,12,19,Weekday,Winter,No,50.2,81.04,5.56
2023-12-25 20:00,12,20,Weekday,Winter,No,48.4,81.79,6.01
2023-12-25 21:00,12,21,Weekday,Winter,No,47.39,79.9,4.72
2023-12-25 22:00,12,22,Weekday,Winter,No,44.1,78.82,7.06
2023-12-25 23:00,12,23,Weekday,Winter,No,42.6,78.82,7.91
2023-12-26 00:00,12,0,Weekday,Winter,No,38.88,79.1,6.56
2023-12-26 01:00,12,1,Weekday,Winter,No,35.96,77.22,2.38
2023-12-26 02:00,12,2,Weekday,Winter,No,35.44,77.37,1.92
2023-12-26 03:00,12,3,Weekday,Winter,No,35.06,76.6,2.08
2023-12-26 04:00,12,4,Weekday,Winter,No,34.43,77.95,1.33
2023-12-26 05:00,12,5,Weekday,Winter,No,35.14,76.04,4.76
2023-12-26 06:00,12,6,Weekday,Winter,No,36.59,78.8,0.0
2023-12-26 07:00,12,7,Weekday,Winter,No,39.98,76.54,5.15
2023-12-26 08:00,12,8,Weekday,Winter,Yes,45.54,79.65,9.77
2023-12-26 09:00,12,9,Weekday,Winter,Yes,52.64,81.23,7.8
2023-12-26 10:00,12,10,Weekday,Winter,Yes,58.88,84.21,15.12
2023-12-26 11:00,12,11,Weekday,Winter,Yes,61.61,84.19,14.67
2023-12-26 12:00,12,12,Weekday,Winter,Yes,63.74,84.75,23.63
2023-12-26 13:00,12,13,Weekday,Winter,Yes,65.57,85.66,18.3
2023-12-26 14:00,12,14,Weekday,Winter,Yes,66.54,85.92,16.82
2023-12-26 15:00,12,15,Weekday,Winter,Yes,66.4,84.39,15.87
2023-12-26 16:00,12,16,Weekday,Winter,Yes,64.24,85.07,15.63
2023-12-26 17:00,12,17,Weekday,Winter,Yes,61.28,84.49,16.82
2023-12-26 18:00,12,18,Weekday,Winter,No,57.14,83.7,8.9
2023-12-26 19:00,12,19,Weekday,Winter,No,52.73,81.3,12.64
2023-12-26 20:00,12,20,Weekday,Winter,No,50.45,80.8,10.95
2023-12-26 21:00,12,21,Weekday,Winter,No,49.37,81.34,7.84
2023-12-26 22:00,12,22,Weekday,Winter,No,47.76,79.82,9.81
2023-12-26 23:00,12,23,Weekday,Winter,No,48.1,81.59,8.27
2023-12-27 00:00,12,0,Weekday,Winter,No,48.4,80.62,10.38
2023-12-27 01:00,12,1,Weekday,Winter,No,48.02,80.08,6.33
2023-12-27 02:00,12,2,Weekday,Winter,No,46.86,80.1,5.63
2023-12-27 03:00,12,3,Weekday,Winter,No,46.56,79.84,7.18
2023-12-27 04:00,12,4,Weekday,Winter,No,45.78,80.11,3.29
2023-12-27 05:00,12,5,Weekday,Winter,No,46.74,80.22,12.76
2023-12-27 06:00,12,6,Weekday,Winter,No,48.54,80.2,6.61
2023-12-27 07:00,12,7,Weekday,Winter,No,48.92,81.41,8.63
2023-12-27 08:00,12,8,Weekday,Winter,Yes,50.7,81.67,12.1
2023-12-27 09:00,12,9,Weekday,Winter,Yes,54.92,81.78,17.18
2023-12-27 10:00,12,10,Weekday,Winter,Yes,57.54,83.3,16.5
2023-12-27 11:00,12,11,Weekday,Winter,Yes,60.34,83.54,9.92
2023-12-27 12:00,12,12,Weekday,Winter,Yes,63.74,85.34,16.0
2023-12-27 13:00,12,13,Weekday,Winter,Yes,64.94,85.24,14.99
2023-12-27 14:00,12,14,Weekday,Winter,Yes,64.94,85.69,16.45
2023-12-27 15:00,12,15,Weekday,Winter,Yes,64.94,84.42,21.87
2023-12-27 16:00,12,16,Weekday,Winter,Yes,64.41,86.34,16.63
2023-12-27 17:00,12,17,Weekday,Winter,Yes,63.41,85.16,21.27
2023-12-27 18:00,12,18,Weekday,Winter,No,59.5,83.6,13.05
2023-12-27 19:00,12,19,Weekday,Winter,No,56.39,82.29,14.32
2023-12-27 20:00,12,20,Weekday,Winter,No,54.26,82.03,9.33
2023-12-27 21:00,12,21,Weekday,Winter,No,52.43,82.06,12.26
2023-12-27 22:00,12,22,Weekday,Winter,No,49.04,81.29,6.68
2023-12-27 23:00,12,23,Weekday,Winter,No,47.57,79.86,10.0
2023-12-28 00:00,12,0,Weekday,Winter,No,48.54,81.99,3.65
2023-12-28 01:00,12,1,Weekday,Winter,No,47.76,79.47,8.42
2023-12-28 02:00,12,2,Weekday,Winter,No,46.94,80.6,9.29
2023-12-28 03:00,12,3,Weekday,Winter,No,46.42,78.37,6.72
2023-12-28 04:00,12,4,Weekday,Winter,No,45.41,81.32,8.39
2023-12-28 05:00,12,5,Weekday,Winter,No,44.96,80.14,8.22
2023-12-28 06:00,12,6,Weekday,Winter,No,44.96,79.21,3.24
2023-12-28 07:00,12,7,Weekday,Winter,No,47.27,80.37,7.46
2023-12-28 08:00,12,8,Weekday,Winter,Yes,51.34,81.66,14.35
2023-12-28 09:00,12,9,Weekday,Winter,Yes,55.37,82.26,13.8
2023-12-28 10:00,12,10,Weekday,Winter,Yes,59.33,81.99,14.15
2023-12-28 11:00,12,11,Weekday,Winter,Yes,61.61,84.25,13.96
2023-12-28 12:00,12,12,Weekday,Winter,Yes,63.22,82.38,16.73
2023-12-28 13:00,12,13,Weekday,Winter,Yes,65.19,85.12,17.47
2023-12-28 14:00,12,14,Weekday,Winter,Yes,66.54,86.12,13.86
2023-12-28 15:00,12,15,Weekday,Winter,Yes,66.92,87.14,20.45
2023-12-28 16:00,12,16,Weekday,Winter,Yes,66.4,86.0,17.67
2023-12-28 17:00,12,17,Weekday,Winter,Yes,65.39,85.67,18.63
2023-12-28 18:00,12,18,Weekday,Winter,No,63.78,85.28,13.46
2023-12-28 19:00,12,19,Weekday,Winter,No,60.65,85.46,12.18
2023-12-28 20:00,12,20,Weekday,Winter,No,60.78,83.11,12.3
2023-12-28 21:00,12,21,Weekday,Winter,No,62.06,85.92,14.24
2023-12-28 22:00,12,22,Weekday,Winter,No,60.28,84.13,13.91
2023-12-28 23:00,12,23,Weekday,Winter,No,59.0,83.1,16.12
2023-12-29 00:00,12,0,Weekday,Winter,No,59.0,83.14,13.72
2023-12-29 01:00,12,1,Weekday,Winter,No,58.37,82.61,12.1
2023-12-29 02:00,12,2,Weekday,Winter,No,60.34,83.26,17.07
2023-12-29 03:00,12,3,Weekday,Winter,No,61.43,84.38,13.83
2023-12-29 04:00,12,4,Weekday,Winter,No,62.76,84.56,14.58
2023-12-29 05:00,12,5,Weekday,Winter,No,64.56,85.19,10.21
2023-12-29 06:00,12,6,Weekday,Winter,No,64.41,84.73,14.35
2023-12-29 07:00,12,7,Weekday,Winter,No,64.04,85.67,12.92
2023-12-29 08:00,12,8,Weekday,Winter,Yes,61.73,84.03,12.65
2023-12-29 09:00,12,9,Weekday,Winter,Yes,61.24,84.95,18.83
2023-12-29 10:00,12,10,Weekday,Winter,Yes,64.37,85.92,18.91
2023-12-29 11:00,12,11,Weekday,Winter,Yes,66.54,86.48,18.13
2023-12-29 12:00,12,12,Weekday,Winter,Yes,65.24,86.01,18.04
2023-12-29 13:00,12,13,Weekday,Winter,Yes,65.19,85.29,19.26
2023-12-29 14:00,12,14,Weekday,Winter,Yes,66.02,85.17,18.44
2023-12-29 15:00,12,15,Weekday,Winter,Yes,65.39,85.32,20.32
2023-12-29 16:00,12,16,Weekday,Winter,Yes,63.78,84.98,19.9
2023-12-29 17:00,12,17,Weekday,Winter,Yes,62.44,84.09,17.45
2023-12-29 18:00,12,18,Weekday,Winter,No,62.06,82.83,13.66
2023-12-29 19:00,12,19,Weekday,Winter,No,62.06,83.75,17.42
2023-12-29 20:00,12,20,Weekday,Winter,No,61.43,83.93,11.24
2023-12-29 21:00,12,21,Weekday,Winter,No,61.61,85.46,15.36
2023-12-29 22:00,12,22,Weekday,Winter,No,61.43,83.73,13.72
2023-12-29 23:00,12,23,Weekday,Winter,No,59.2,83.26,14.62
2023-12-30 00:00,12,0,Weekend,Winter,No,57.92,82.68,14.57
2023-12-30 01:00,12,1,Weekend,Winter,No,57.4,82.2,14.62
2023-12-30 02:00,12,2,Weekend,Winter,No,56.39,81.64,13.37
2023-12-30 03:00,12,3,Weekend,Winter,No,54.26,82.07,11.68
2023-12-30 04:00,12,4,Weekend,Winter,No,52.43,80.72,10.3
2023-12-30 05:00,12,5,Weekend,Winter,No,51.46,80.11,11.88
2023-12-30 06:00,12,6,Weekend,Winter,No,49.82,81.33,14.85
2023-12-30 07:00,12,7,Weekend,Winter,No,47.76,80.04,11.7
2023-12-30 08:00,12,8,Weekend,Winter,No,49.88,81.44,6.44
2023-12-30 09:00,12,9,Weekend,Winter,No,54.29,83.72,10.48
2023-12-30 10:00,12,10,Weekend,Winter,No,57.1,82.81,11.48
2023-12-30 11:00,12,11,Weekend,Winter,No,58.55,84.19,13.21
2023-12-30 12:00,12,12,Weekend,Winter,No,60.16,83.15,13.56
2023-12-30 13:00,12,13,Weekend,Winter,No,62.14,84.03,10.77
2023-12-30 14:00,12,14,Weekend,Winter,No,63.59,83.72,16.34
2023-12-30 15:00,12,15,Weekend,Winter,No,64.04,84.39,14.71
2023-12-30 16:00,12,16,Weekend,Winter,No,63.41,84.64,12.16
2023-12-30 17:00,12,17,Weekend,Winter,No,60.65,84.53,13.76
2023-12-30 18:00,12,18,Weekend,Winter,No,57.85,82.04,13.46
2023-12-30 19:00,12,19,Weekend,Winter,No,55.86,82.91,8.41
2023-12-30 20:00,12,20,Weekend,Winter,No,52.73,81.56,8.29
2023-12-30 21:00,12,21,Weekend,Winter,No,51.6,82.05,4.06
2023-12-30 22:00,12,22,Weekend,Winter,No,49.67,81.05,11.79
2023-12-30 23:00,12,23,Weekend,Winter,No,46.86,81.43,7.08
2023-12-31 00:00,12,0,Weekend,Winter,No,46.56,80.3,10.64
2023-12-31 01:00,12,1,Weekend,Winter,No,46.42,80.34,11.43
2023-12-31 02:00,12,2,Weekend,Winter,No,45.41,80.17,11.4
2023-12-31 03:00,12,3,Weekend,Winter,No,44.96,78.6,6.32
2023-12-31 04:00,12,4,Weekend,Winter,No,44.96,77.63,10.19
2023-12-31 05:00,12,5,Weekend,Winter,No,44.44,78.9,4.21
2023-12-31 06:00,12,6,Weekend,Winter,No,43.43,79.29,7.31
2023-12-31 07:00,12,7,Weekend,Winter,No,42.98,78.41,7.12
2023-12-31 08:00,12,8,Weekend,Winter,No,45.92,79.39,6.5
2023-12-31 09:00,12,9,Weekend,Winter,No,52.12,80.09,10.58
2023-12-31 10:00,12,10,Weekend,Winter,No,57.98,83.18,15.04
2023-12-31 11:00,12,11,Weekend,Winter,No,62.39,83.71,13.52
2023-12-31 12:00,12,12,Weekend,Winter,No,65.72,84.06,13.38
2023-12-31 13:00,12,13,Weekend,Winter,No,67.55,86.3,13.74
2023-12-31 14:00,12,14,Weekend,Winter,No,68.0,85.79,17.16
2023-12-31 15:00,12,15,Weekend,Winter,No,67.37,85.79,15.8
2023-12-31 16:00,12,16,Weekend,Winter,No,65.76,84.9,15.85
2023-12-31 17:00,12,17,Weekend,Winter,No,63.58,84.73,14.83
2023-12-31 18:00,12,18,Weekend,Winter,No,60.5,83.01,13.17
2023-12-31 19:00,12,19,Weekend,Winter,No,57.95,82.08,12.07
2023-12-31 20:00,12,20,Weekend,Winter,No,55.1,83.61,10.77
2023-12-31 21:00,12,21,Weekend,Winter,No,53.6,80.94,9.1
2023-12-31 22:00,12,22,Weekend,Winter,No,51.5,80.93,12.99
2023-12-31 23:00,12,23,Weekend,Winter,No,48.95,80.16,6.68
