Date,Month,Hour,DayType,Season,BusinessHours,Outdoor_Temp_F,Zone_Temp_F,Cooling_kWh
2023-01-01 00:00,1,0,Weekend,Winter,No,43.76,68.44,8.02
2023-01-01 01:00,1,1,Weekend,Winter,No,44.96,69.38,5.73
2023-01-01 02:00,1,2,Weekend,Winter,No,44.44,68.23,5.87
2023-01-01 03:00,1,3,Weekend,Winter,No,44.06,69.13,0.0
2023-01-01 04:00,1,4,Weekend,Winter,No,42.28,69.84,5.06
2023-01-01 05:00,1,5,Weekend,Winter,No,40.37,67.73,0.0
2023-01-01 06:00,1,6,Weekend,Winter,No,38.76,67.12,0.0
2023-01-01 07:00,1,7,Weekend,Winter,No,38.57,67.3,0.0
2023-01-01 08:00,1,8,Weekend,Winter,No,41.96,67.73,0.0
2023-01-01 09:00,1,9,Weekend,Winter,No,46.9,68.66,0.0
2023-01-01 10:00,1,10,Weekend,Winter,No,51.34,68.33,11.56
2023-01-01 11:00,1,11,Weekend,Winter,No,54.74,70.45,10.06
2023-01-01 12:00,1,12,Weekend,Winter,No,57.72,70.69,10.61
2023-01-01 13:00,1,13,Weekend,Winter,No,59.0,70.72,8.93
2023-01-01 14:00,1,14,Weekend,Winter,No,60.78,71.95,12.97
2023-01-01 15:00,1,15,Weekend,Winter,No,62.06,71.26,21.3
2023-01-01 16:00,1,16,Weekend,Winter,No,61.43,72.12,8.35
2023-01-01 17:00,1,17,Weekend,Winter,No,58.67,71.12,14.24
2023-01-01 18:00,1,18,Weekend,Winter,No,55.86,71.14,9.07
2023-01-01 19:00,1,19,Weekend,Winter,No,52.73,69.84,8.63
2023-01-01 20:00,1,20,Weekend,Winter,No,49.82,69.59,12.36
2023-01-01 21:00,1,21,Weekend,Winter,No,48.92,68.95,7.72
2023-01-01 22:00,1,22,Weekend,Winter,No,46.61,69.07,0.0
2023-01-01 23:00,1,23,Weekend,Winter,No,43.28,67.19,0.0
2023-01-02 00:00,1,0,Weekday,Winter,No,40.3,67.24,1.44
2023-01-02 01:00,1,1,Weekday,Winter,No,40.17,67.79,0.0
2023-01-02 02:00,1,2,Weekday,Winter,No,40.37,67.76,0.0
2023-01-02 03:00,1,3,Weekday,Winter,No,38.76,68.26,0.0
2023-01-02 04:00,1,4,Weekday,Winter,No,39.1,66.86,0.0
2023-01-02 05:00,1,5,Weekday,Winter,No,38.76,68.46,0.0
2023-01-02 06:00,1,6,Weekday,Winter,No,37.94,67.99,0.0
2023-01-02 07:00,1,7,Weekday,Winter,No,37.94,67.78,0.0
2023-01-02 08:00,1,8,Weekday,Winter,Yes,40.88,66.43,24.46
2023-01-02 09:00,1,9,Weekday,Winter,Yes,50.02,68.16,43.45
2023-01-02 10:00,1,10,Weekday,Winter,Yes,56.72,69.68,31.31
2023-01-02 11:00,1,11,Weekday,Winter,Yes,59.7,69.55,35.62
2023-01-02 12:00,1,12,Weekday,Winter,Yes,62.14,70.47,30.28
2023-01-02 13:00,1,13,Weekday,Winter,Yes,62.96,70.17,45.9
2023-01-02 14:00,1,14,Weekday,Winter,Yes,64.74,69.72,42.79
2023-01-02 15:00,1,15,Weekday,Winter,Yes,65.39,70.94,16.43
2023-01-02 16:00,1,16,Weekday,Winter,Yes,63.78,69.95,23.4
2023-01-02 17:00,1,17,Weekday,Winter,Yes,60.65,70.25,8.3
2023-01-02 18:00,1,18,Weekday,Winter,No,57.22,70.08,15.96
2023-01-02 19:00,1,19,Weekday,Winter,No,55.42,70.02,8.2
2023-01-02 20:00,1,20,Weekday,Winter,No,53.88,70.01,16.4
2023-01-02 21:00,1,21,Weekday,Winter,No,52.43,70.45,11.29
2023-01-02 22:00,1,22,Weekday,Winter,No,51.98,68.97,12.31
2023-01-02 23:00,1,23,Weekday,Winter,No,51.98,69.04,7.21
2023-01-03 00:00,1,0,Weekday,Winter,No,51.46,69.6,2.5
2023-01-03 01:00,1,1,Weekday,Winter,No,49.82,68.73,11.14
2023-01-03 02:00,1,2,Weekday,Winter,No,50.18,70.21,12.22
2023-01-03 03:00,1,3,Weekday,Winter,No,48.66,68.22,1.25
2023-01-03 04:00,1,4,Weekday,Winter,No,46.94,67.54,0.0
2023-01-03 05:00,1,5,Weekday,Winter,No,46.94,68.08,5.81
2023-01-03 06:00,1,6,Weekday,Winter,No,46.42,68.46,2.63
2023-01-03 07:00,1,7,Weekday,Winter,No,45.41,69.12,3.02
2023-01-03 08:00,1,8,Weekday,Winter,Yes,47.27,66.81,21.17
2023-01-03 09:00,1,9,Weekday,Winter,Yes,51.86,68.22,34.56
2023-01-03 10:00,1,10,Weekday,Winter,Yes,55.74,69.42,27.42
2023-01-03 11:00,1,11,Weekday,Winter,Yes,58.8,68.6,42.41
2023-01-03 12:00,1,12,Weekday,Winter,Yes,60.6,69.53,36.31
2023-01-03 13:00,1,13,Weekday,Winter,Yes,61.61,69.48,37.93
2023-01-03 14:00,1,14,Weekday,Winter,Yes,64.9,70.54,40.32
2023-01-03 15:00,1,15,Weekday,Winter,Yes,66.4,70.62,10.65
2023-01-03 16:00,1,16,Weekday,Winter,Yes,65.39,71.02,12.39
2023-01-03 17:00,1,17,Weekday,Winter,Yes,63.26,71.03,11.85
2023-01-03 18:00,1,18,Weekday,Winter,No,59.12,70.96,11.56
2023-01-03 19:00,1,19,Weekday,Winter,No,55.86,70.16,11.12
2023-01-03 20:00,1,20,Weekday,Winter,No,53.26,69.85,6.72
2023-01-03 21:00,1,21,Weekday,Winter,No,51.46,69.76,5.67
2023-01-03 22:00,1,22,Weekday,Winter,No,50.45,68.36,9.14
2023-01-03 23:00,1,23,Weekday,Winter,No,48.84,69.63,9.65
2023-01-04 00:00,1,0,Weekday,Winter,No,46.86,68.77,3.68
2023-01-04 01:00,1,1,Weekday,Winter,No,44.26,68.21,0.0
2023-01-04 02:00,1,2,Weekday,Winter,No,41.2,68.32,0.0
2023-01-04 03:00,1,3,Weekday,Winter,No,38.76,66.33,0.69
2023-01-04 04:00,1,4,Weekday,Winter,No,37.94,67.51,0.0
2023-01-04 05:00,1,5,Weekday,Winter,No,37.42,67.28,0.0
2023-01-04 06:00,1,6,Weekday,Winter,No,36.41,67.26,0.0
2023-01-04 07:00,1,7,Weekday,Winter,No,35.96,66.52,0.0
2023-01-04 08:00,1,8,Weekday,Winter,Yes,38.9,67.21,16.3
2023-01-04 09:00,1,9,Weekday,Winter,Yes,44.46,66.34,22.12
2023-01-04 10:00,1,10,Weekday,Winter,Yes,50.51,68.49,29.49
2023-01-04 11:00,1,11,Weekday,Winter,Yes,55.37,69.25,28.7
2023-01-04 12:00,1,12,Weekday,Winter,Yes,58.18,68.74,30.69
2023-01-04 13:00,1,13,Weekday,Winter,Yes,59.63,70.05,41.74
2023-01-04 14:00,1,14,Weekday,Winter,Yes,60.08,68.39,40.41
2023-01-04 15:00,1,15,Weekday,Winter,Yes,59.45,69.63,16.85
2023-01-04 16:00,1,16,Weekday,Winter,Yes,57.22,68.39,6.64
2023-01-04 17:00,1,17,Weekday,Winter,Yes,54.78,69.17,8.92
2023-01-04 18:00,1,18,Weekday,Winter,No,52.28,69.26,9.21
2023-01-04 19:00,1,19,Weekday,Winter,No,50.45,69.86,3.02
2023-01-04 20:00,1,20,Weekday,Winter,No,48.84,69.4,7.14
2023-01-04 21:00,1,21,Weekday,Winter,No,46.24,68.36,11.41
2023-01-04 22:00,1,22,Weekday,Winter,No,43.28,69.09,0.0
2023-01-04 23:00,1,23,Weekday,Winter,No,42.08,68.82,0.0
2023-01-05 00:00,1,0,Weekday,Winter,No,39.66,67.21,0.0
2023-01-05 01:00,1,1,Weekday,Winter,No,37.94,67.38,0.0
2023-01-05 02:00,1,2,Weekday,Winter,No,37.42,67.94,0.0
2023-01-05 03:00,1,3,Weekday,Winter,No,35.88,65.3,0.0
2023-01-05 04:00,1,4,Weekday,Winter,No,34.43,66.5,0.0
2023-01-05 05:00,1,5,Weekday,Winter,No,33.46,65.87,0.0
2023-01-05 06:00,1,6,Weekday,Winter,No,33.08,67.27,0.0
2023-01-05 07:00,1,7,Weekday,Winter,No,33.08,66.95,0.0
2023-01-05 08:00,1,8,Weekday,Winter,Yes,36.54,64.62,15.32
2023-01-05 09:00,1,9,Weekday,Winter,Yes,41.96,66.32,21.19
2023-01-05 10:00,1,10,Weekday,Winter,Yes,49.31,67.89,30.95
2023-01-05 11:00,1,11,Weekday,Winter,Yes,54.74,69.14,36.58
2023-01-05 12:00,1,12,Weekday,Winter,Yes,57.1,69.58,22.32
2023-01-05 13:00,1,13,Weekday,Winter,Yes,59.18,68.92,34.7
2023-01-05 14:00,1,14,Weekday,Winter,Yes,60.08,70.62,33.63
2023-01-05 15:00,1,15,Weekday,Winter,Yes,61.24,71.23,16.42
2023-01-05 16:00,1,16,Weekday,Winter,Yes,60.28,70.27,12.97
2023-01-05 17:00,1,17,Weekday,Winter,Yes,56.69,68.93,7.65
2023-01-05 18:00,1,18,Weekday,Winter,No,52.1,70.67,0.0
2023-01-05 19:00,1,19,Weekday,Winter,No,48.84,68.3,7.36
2023-01-05 20:00,1,20,Weekday,Winter,No,45.08,68.33,5.41
2023-01-05 21:00,1,21,Weekday,Winter,No,42.98,68.87,0.0
2023-01-05 22:00,1,22,Weekday,Winter,No,41.2,67.85,0.0
2023-01-05 23:00,1,23,Weekday,Winter,No,38.24,66.46,0.0
2023-01-06 00:00,1,0,Weekday,Winter,No,35.88,66.33,0.0
2023-01-06 01:00,1,1,Weekday,Winter,No,35.58,67.53,0.0
2023-01-06 02:00,1,2,Weekday,Winter,No,35.96,66.51,0.0
2023-01-06 03:00,1,3,Weekday,Winter,No,35.96,66.62,0.0
2023-01-06 04:00,1,4,Weekday,Winter,No,35.44,67.02,0.0
2023-01-06 05:00,1,5,Weekday,Winter,No,33.9,67.17,0.0
2023-01-06 06:00,1,6,Weekday,Winter,No,32.45,66.15,0.0
2023-01-06 07:00,1,7,Weekday,Winter,No,33.16,67.96,0.0
2023-01-06 08:00,1,8,Weekday,Winter,Yes,37.44,66.16,19.35
2023-01-06 09:00,1,9,Weekday,Winter,Yes,44.02,67.15,25.95
2023-01-06 10:00,1,10,Weekday,Winter,Yes,50.51,68.72,27.25
2023-01-06 11:00,1,11,Weekday,Winter,Yes,55.37,69.69,38.12
2023-01-06 12:00,1,12,Weekday,Winter,Yes,59.96,70.56,45.64
2023-01-06 13:00,1,13,Weekday,Winter,Yes,63.74,69.55,38.9
2023-01-06 14:00,1,14,Weekday,Winter,Yes,65.57,71.09,40.38
2023-01-06 15:00,1,15,Weekday,Winter,Yes,66.54,70.57,13.47
2023-01-06 16:00,1,16,Weekday,Winter,Yes,64.61,70.37,20.83
2023-01-06 17:00,1,17,Weekday,Winter,Yes,60.65,70.68,14.48
2023-01-06 18:00,1,18,Weekday,Winter,No,56.06,69.71,12.05
2023-01-06 19:00,1,19,Weekday,Winter,No,52.8,69.49,14.33
2023-01-06 20:00,1,20,Weekday,Winter,No,47.89,69.95,4.15
2023-01-06 21:00,1,21,Weekday,Winter,No,44.96,69.0,0.0
2023-01-06 22:00,1,22,Weekday,Winter,No,43.8,68.38,3.25
2023-01-06 23:00,1,23,Weekday,Winter,No,40.67,68.58,0.0
2023-01-07 00:00,1,0,Weekend,Winter,No,40.8,67.44,0.0
2023-01-07 01:00,1,1,Weekend,Winter,No,40.3,66.78,0.0
2023-01-07 02:00,1,2,Weekend,Winter,No,39.54,67.9,3.4
2023-01-07 03:00,1,3,Weekend,Winter,No,39.4,68.11,1.72
2023-01-07 04:00,1,4,Weekend,Winter,No,37.86,67.39,3.42
2023-01-07 05:00,1,5,Weekend,Winter,No,38.2,68.54,6.2
2023-01-07 06:00,1,6,Weekend,Winter,No,39.54,67.92,0.2
2023-01-07 07:00,1,7,Weekend,Winter,No,38.76,67.37,0.0
2023-01-07 08:00,1,8,Weekend,Winter,No,42.04,66.95,3.25
2023-01-07 09:00,1,9,Weekend,Winter,No,48.53,69.28,8.55
2023-01-07 10:00,1,10,Weekend,Winter,No,55.07,71.29,2.49
2023-01-07 11:00,1,11,Weekend,Winter,No,61.49,72.41,21.5
2023-01-07 12:00,1,12,Weekend,Winter,No,66.35,71.02,14.5
2023-01-07 13:00,1,13,Weekend,Winter,No,69.78,72.65,29.33
2023-01-07 14:00,1,14,Weekend,Winter,No,71.06,74.47,28.69
2023-01-07 15:00,1,15,Weekend,Winter,No,71.58,74.58,25.73
2023-01-07 16:00,1,16,Weekend,Winter,No,70.81,73.49,28.16
2023-01-07 17:00,1,17,Weekend,Winter,No,67.04,72.37,15.11
2023-01-07 18:00,1,18,Weekend,Winter,No,62.63,70.68,10.43
2023-01-07 19:00,1,19,Weekend,Winter,No,56.88,70.5,15.97
2023-01-07 20:00,1,20,Weekend,Winter,No,52.8,70.31,11.05
2023-01-07 21:00,1,21,Weekend,Winter,No,50.82,69.71,7.83
2023-01-07 22:00,1,22,Weekend,Winter,No,49.37,69.35,2.74
2023-01-07 23:00,1,23,Weekend,Winter,No,46.08,70.12,0.46
2023-01-08 00:00,1,0,Weekend,Winter,No,44.06,68.25,1.6
2023-01-08 01:00,1,1,Weekend,Winter,No,45.74,68.44,5.97
2023-01-08 02:00,1,2,Weekend,Winter,No,44.63,69.47,0.0
2023-01-08 03:00,1,3,Weekend,Winter,No,42.46,67.86,0.0
2023-01-08 04:00,1,4,Weekend,Winter,No,40.82,68.1,0.0
2023-01-08 05:00,1,5,Weekend,Winter,No,42.86,68.7,0.0
2023-01-08 06:00,1,6,Weekend,Winter,No,44.96,68.79,0.0
2023-01-08 07:00,1,7,Weekend,Winter,No,44.44,67.72,1.26
2023-01-08 08:00,1,8,Weekend,Winter,No,48.68,69.65,3.36
2023-01-08 09:00,1,9,Weekend,Winter,No,56.7,70.23,16.11
2023-01-08 10:00,1,10,Weekend,Winter,No,67.01,71.22,24.24
2023-01-08 11:00,1,11,Weekend,Winter,No,73.74,71.4,29.8
2023-01-08 12:00,1,12,Weekend,Winter,No,76.18,74.22,30.61
2023-01-08 13:00,1,13,Weekend,Winter,No,78.16,74.61,41.5
2023-01-08 14:00,1,14,Weekend,Winter,No,80.13,76.35,34.94
2023-01-08 15:00,1,15,Weekend,Winter,No,80.96,74.71,28.29
2023-01-08 16:00,1,16,Weekend,Winter,No,80.44,74.11,32.44
2023-01-08 17:00,1,17,Weekend,Winter,No,75.33,71.88,35.74
2023-01-08 18:00,1,18,Weekend,Winter,No,69.65,73.71,27.31
2023-01-08 19:00,1,19,Weekend,Winter,No,63.91,72.62,20.47
2023-01-08 20:00,1,20,Weekend,Winter,No,58.04,70.35,20.95
2023-01-08 21:00,1,21,Weekend,Winter,No,54.26,69.85,11.48
2023-01-08 22:00,1,22,Weekend,Winter,No,51.9,69.49,13.09
2023-01-08 23:00,1,23,Weekend,Winter,No,51.08,68.45,5.32
2023-01-09 00:00,1,0,Weekday,Winter,No,51.08,70.1,8.99
2023-01-09 01:00,1,1,Weekday,Winter,No,50.45,69.75,9.73
2023-01-09 02:00,1,2,Weekday,Winter,No,50.63,70.63,2.83
2023-01-09 03:00,1,3,Weekday,Winter,No,50.45,69.05,0.0
2023-01-09 04:00,1,4,Weekday,Winter,No,49.37,68.72,0.0
2023-01-09 05:00,1,5,Weekday,Winter,No,47.76,69.53,0.0
2023-01-09 06:00,1,6,Weekday,Winter,No,48.1,68.57,8.23
2023-01-09 07:00,1,7,Weekday,Winter,No,48.4,69.04,3.15
2023-01-09 08:00,1,8,Weekday,Winter,Yes,51.48,68.37,30.17
2023-01-09 09:00,1,9,Weekday,Winter,Yes,59.21,69.53,33.31
2023-01-09 10:00,1,10,Weekday,Winter,Yes,65.9,71.04,41.31
2023-01-09 11:00,1,11,Weekday,Winter,Yes,70.31,71.98,47.45
2023-01-09 12:00,1,12,Weekday,Winter,Yes,73.12,71.62,45.21
2023-01-09 13:00,1,13,Weekday,Winter,Yes,74.57,72.39,48.47
2023-01-09 14:00,1,14,Weekday,Winter,Yes,75.02,72.05,49.16
2023-01-09 15:00,1,15,Weekday,Winter,Yes,74.39,70.99,24.69
2023-01-09 16:00,1,16,Weekday,Winter,Yes,73.42,72.67,24.83
2023-01-09 17:00,1,17,Weekday,Winter,Yes,70.1,70.95,24.85
2023-01-09 18:00,1,18,Weekday,Winter,No,66.84,71.75,8.57
2023-01-09 19:00,1,19,Weekday,Winter,No,64.24,71.66,24.7
2023-01-09 20:00,1,20,Weekday,Winter,No,62.96,72.33,26.45
2023-01-09 21:00,1,21,Weekday,Winter,No,60.02,69.54,14.03
2023-01-09 22:00,1,22,Weekday,Winter,No,59.7,71.08,10.15
2023-01-09 23:00,1,23,Weekday,Winter,No,59.82,71.38,13.43
2023-01-10 00:00,1,0,Weekday,Winter,No,57.22,70.11,15.11
2023-01-10 01:00,1,1,Weekday,Winter,No,55.42,72.59,13.39
2023-01-10 02:00,1,2,Weekday,Winter,No,55.04,71.01,2.44
2023-01-10 03:00,1,3,Weekday,Winter,No,53.88,69.77,9.87
2023-01-10 04:00,1,4,Weekday,Winter,No,51.9,69.42,6.61
2023-01-10 05:00,1,5,Weekday,Winter,No,50.45,68.93,12.37
2023-01-10 06:00,1,6,Weekday,Winter,No,49.37,70.23,1.2
2023-01-10 07:00,1,7,Weekday,Winter,No,48.4,68.67,6.57
2023-01-10 08:00,1,8,Weekday,Winter,Yes,50.96,68.61,25.11
2023-01-10 09:00,1,9,Weekday,Winter,Yes,55.9,69.53,30.1
2023-01-10 10:00,1,10,Weekday,Winter,Yes,60.34,69.59,35.97
2023-01-10 11:00,1,11,Weekday,Winter,Yes,63.22,69.81,42.8
2023-01-10 12:00,1,12,Weekday,Winter,Yes,64.56,70.09,45.32
2023-01-10 13:00,1,13,Weekday,Winter,Yes,65.57,70.23,35.57
2023-01-10 14:00,1,14,Weekday,Winter,Yes,67.18,70.95,36.65
2023-01-10 15:00,1,15,Weekday,Winter,Yes,68.0,71.5,17.55
2023-01-10 16:00,1,16,Weekday,Winter,Yes,67.37,70.48,25.04
2023-01-10 17:00,1,17,Weekday,Winter,Yes,64.08,70.63,14.67
2023-01-10 18:00,1,18,Weekday,Winter,No,62.06,71.37,23.12
2023-01-10 19:00,1,19,Weekday,Winter,No,60.9,71.21,4.85
2023-01-10 20:00,1,20,Weekday,Winter,No,57.66,71.62,12.17
2023-01-10 21:00,1,21,Weekday,Winter,No,55.42,70.69,10.54
2023-01-10 22:00,1,22,Weekday,Winter,No,53.88,70.09,7.94
2023-01-10 23:00,1,23,Weekday,Winter,No,53.06,68.69,8.99
2023-01-11 00:00,1,0,Weekday,Winter,No,49.49,68.76,11.86
2023-01-11 01:00,1,1,Weekday,Winter,No,46.42,69.32,0.0
2023-01-11 02:00,1,2,Weekday,Winter,No,46.04,69.32,1.6
2023-01-11 03:00,1,3,Weekday,Winter,No,46.04,68.46,0.58
2023-01-11 04:00,1,4,Weekday,Winter,No,47.72,68.22,0.0
2023-01-11 05:00,1,5,Weekday,Winter,No,46.61,68.61,8.73
2023-01-11 06:00,1,6,Weekday,Winter,No,44.96,69.98,6.05
2023-01-11 07:00,1,7,Weekday,Winter,No,47.9,69.48,2.91
2023-01-11 08:00,1,8,Weekday,Winter,Yes,51.78,68.0,29.93
2023-01-11 09:00,1,9,Weekday,Winter,Yes,56.52,68.1,39.86
2023-01-11 10:00,1,10,Weekday,Winter,Yes,60.78,70.3,33.31
2023-01-11 11:00,1,11,Weekday,Winter,Yes,63.22,69.79,40.52
2023-01-11 12:00,1,12,Weekday,Winter,Yes,65.19,71.24,44.63
2023-01-11 13:00,1,13,Weekday,Winter,Yes,66.54,70.67,37.26
2023-01-11 14:00,1,14,Weekday,Winter,Yes,66.92,71.83,40.61
2023-01-11 15:00,1,15,Weekday,Winter,Yes,66.92,70.73,18.81
2023-01-11 16:00,1,16,Weekday,Winter,Yes,65.76,70.79,14.08
2023-01-11 17:00,1,17,Weekday,Winter,Yes,63.78,71.29,17.16
2023-01-11 18:00,1,18,Weekday,Winter,No,60.02,71.08,14.99
2023-01-11 19:00,1,19,Weekday,Winter,No,56.76,69.57,8.4
2023-01-11 20:00,1,20,Weekday,Winter,No,53.63,69.74,14.29
2023-01-11 21:00,1,21,Weekday,Winter,No,51.98,70.76,9.82
2023-01-11 22:00,1,22,Weekday,Winter,No,50.2,69.49,8.94
2023-01-11 23:00,1,23,Weekday,Winter,No,47.76,67.8,6.07
2023-01-12 00:00,1,0,Weekday,Winter,No,46.42,68.64,9.64
2023-01-12 01:00,1,1,Weekday,Winter,No,46.56,68.75,2.18
2023-01-12 02:00,1,2,Weekday,Winter,No,45.78,68.82,1.56
2023-01-12 03:00,1,3,Weekday,Winter,No,43.28,68.1,0.0
2023-01-12 04:00,1,4,Weekday,Winter,No,43.76,68.92,3.71
2023-01-12 05:00,1,5,Weekday,Winter,No,42.65,69.29,0.0
2023-01-12 06:00,1,6,Weekday,Winter,No,38.69,67.26,0.0
2023-01-12 07:00,1,7,Weekday,Winter,No,38.72,66.99,0.0
2023-01-12 08:00,1,8,Weekday,Winter,Yes,44.64,66.6,22.45
2023-01-12 09:00,1,9,Weekday,Winter,Yes,52.64,67.68,36.16
2023-01-12 10:00,1,10,Weekday,Winter,Yes,60.67,70.4,35.09
2023-01-12 11:00,1,11,Weekday,Winter,Yes,66.35,70.9,37.18
2023-01-12 12:00,1,12,Weekday,Winter,Yes,69.78,70.84,44.13
2023-01-12 13:00,1,13,Weekday,Winter,Yes,71.58,72.64,42.82
2023-01-12 14:00,1,14,Weekday,Winter,Yes,71.96,72.08,46.05
2023-01-12 15:00,1,15,Weekday,Winter,Yes,72.59,71.85,27.2
2023-01-12 16:00,1,16,Weekday,Winter,Yes,73.04,72.39,28.07
2023-01-12 17:00,1,17,Weekday,Winter,Yes,69.47,71.82,27.13
2023-01-12 18:00,1,18,Weekday,Winter,No,65.24,72.21,30.26
2023-01-12 19:00,1,19,Weekday,Winter,No,58.79,70.85,8.32
2023-01-12 20:00,1,20,Weekday,Winter,No,54.41,71.6,8.89
2023-01-12 21:00,1,21,Weekday,Winter,No,53.43,70.41,12.25
2023-01-12 22:00,1,22,Weekday,Winter,No,50.64,70.78,4.91
2023-01-12 23:00,1,23,Weekday,Winter,No,47.76,69.22,6.23
2023-01-13 00:00,1,0,Weekday,Winter,No,45.78,69.39,0.0
2023-01-13 01:00,1,1,Weekday,Winter,No,44.96,67.71,1.9
2023-01-13 02:00,1,2,Weekday,Winter,No,44.96,69.49,12.0
2023-01-13 03:00,1,3,Weekday,Winter,No,44.44,68.94,0.0
2023-01-13 04:00,1,4,Weekday,Winter,No,42.9,67.13,0.0
2023-01-13 05:00,1,5,Weekday,Winter,No,42.08,68.13,3.45
2023-01-13 06:00,1,6,Weekday,Winter,No,40.82,68.95,2.35
2023-01-13 07:00,1,7,Weekday,Winter,No,39.92,67.56,5.38
2023-01-13 08:00,1,8,Weekday,Winter,Yes,44.02,67.33,30.07
2023-01-13 09:00,1,9,Weekday,Winter,Yes,50.51,68.9,30.56
2023-01-13 10:00,1,10,Weekday,Winter,Yes,56.52,67.71,43.49
2023-01-13 11:00,1,11,Weekday,Winter,Yes,61.94,69.3,31.16
2023-01-13 12:00,1,12,Weekday,Winter,Yes,66.35,70.36,42.46
2023-01-13 13:00,1,13,Weekday,Winter,Yes,69.16,71.81,50.94
2023-01-13 14:00,1,14,Weekday,Winter,Yes,71.14,71.7,47.64
2023-01-13 15:00,1,15,Weekday,Winter,Yes,71.44,70.44,26.54
2023-01-13 16:00,1,16,Weekday,Winter,Yes,69.9,71.4,27.81
2023-01-13 17:00,1,17,Weekday,Winter,Yes,66.14,72.11,21.68
2023-01-13 18:00,1,18,Weekday,Winter,No,61.1,71.47,16.83
2023-01-13 19:00,1,19,Weekday,Winter,No,57.85,70.46,14.65
2023-01-13 20:00,1,20,Weekday,Winter,No,52.92,69.45,6.19
2023-01-13 21:00,1,21,Weekday,Winter,No,48.22,69.1,3.03
2023-01-13 22:00,1,22,Weekday,Winter,No,45.78,68.18,9.04
2023-01-13 23:00,1,23,Weekday,Winter,No,43.28,69.03,0.0
2023-01-14 00:00,1,0,Weekend,Winter,No,42.08,67.24,0.0
2023-01-14 01:00,1,1,Weekend,Winter,No,40.82,67.71,0.0
2023-01-14 02:00,1,2,Weekend,Winter,No,40.55,67.43,0.77
2023-01-14 03:00,1,3,Weekend,Winter,No,41.0,67.95,0.0
2023-01-14 04:00,1,4,Weekend,Winter,No,41.0,67.78,1.6
2023-01-14 05:00,1,5,Weekend,Winter,No,41.0,68.24,0.0
2023-01-14 06:00,1,6,Weekend,Winter,No,41.0,68.21,0.02
2023-01-14 07:00,1,7,Weekend,Winter,No,41.63,68.17,0.0
2023-01-14 08:00,1,8,Weekend,Winter,No,44.92,69.15,0.0
2023-01-14 09:00,1,9,Weekend,Winter,No,51.66,69.82,10.75
2023-01-14 10:00,1,10,Weekend,Winter,No,59.14,71.51,18.89
2023-01-14 11:00,1,11,Weekend,Winter,No,64.9,71.07,29.37
2023-01-14 12:00,1,12,Weekend,Winter,No,69.34,72.03,21.74
2023-01-14 13:00,1,13,Weekend,Winter,No,73.37,74.07,29.25
2023-01-14 14:00,1,14,Weekend,Winter,No,75.02,73.78,27.32
2023-01-14 15:00,1,15,Weekend,Winter,No,75.02,74.44,26.55
2023-01-14 16:00,1,16,Weekend,Winter,No,74.39,72.92,22.01
2023-01-14 17:00,1,17,Weekend,Winter,No,71.1,72.62,22.62
2023-01-14 18:00,1,18,Weekend,Winter,No,66.14,72.03,17.35
2023-01-14 19:00,1,19,Weekend,Winter,No,60.47,70.6,17.18
2023-01-14 20:00,1,20,Weekend,Winter,No,55.61,70.36,10.17
2023-01-14 21:00,1,21,Weekend,Winter,No,51.65,69.66,8.67
2023-01-14 22:00,1,22,Weekend,Winter,No,49.37,70.29,0.0
2023-01-14 23:00,1,23,Weekend,Winter,No,47.76,69.9,2.67
2023-01-15 00:00,1,0,Weekend,Winter,No,48.72,69.59,1.79
2023-01-15 01:00,1,1,Weekend,Winter,No,48.22,68.84,2.17
2023-01-15 02:00,1,2,Weekend,Winter,No,45.26,69.01,4.46
2023-01-15 03:00,1,3,Weekend,Winter,No,45.74,68.35,3.62
2023-01-15 04:00,1,4,Weekend,Winter,No,46.94,69.45,0.21
2023-01-15 05:00,1,5,Weekend,Winter,No,49.36,69.58,0.0
2023-01-15 06:00,1,6,Weekend,Winter,No,51.08,70.02,6.69
2023-01-15 07:00,1,7,Weekend,Winter,No,48.14,68.13,0.0
2023-01-15 08:00,1,8,Weekend,Winter,No,50.14,68.72,2.58
2023-01-15 09:00,1,9,Weekend,Winter,No,54.74,70.35,9.03
2023-01-15 10:00,1,10,Weekend,Winter,No,58.36,70.37,12.78
2023-01-15 11:00,1,11,Weekend,Winter,No,62.39,71.59,12.1
2023-01-15 12:00,1,12,Weekend,Winter,No,65.72,71.76,16.65
2023-01-15 13:00,1,13,Weekend,Winter,No,67.55,72.18,26.74
2023-01-15 14:00,1,14,Weekend,Winter,No,68.0,72.14,19.49
2023-01-15 15:00,1,15,Weekend,Winter,No,67.37,71.89,24.71
2023-01-15 16:00,1,16,Weekend,Winter,No,66.4,71.78,27.63
2023-01-15 17:00,1,17,Weekend,Winter,No,64.86,72.64,16.52
2023-01-15 18:00,1,18,Weekend,Winter,No,64.04,71.34,22.73
2023-01-15 19:00,1,19,Weekend,Winter,No,64.04,72.09,14.39
2023-01-15 20:00,1,20,Weekend,Winter,No,62.89,72.84,18.63
2023-01-15 21:00,1,21,Weekend,Winter,No,62.58,71.45,17.63
2023-01-15 22:00,1,22,Weekend,Winter,No,62.44,71.29,16.53
2023-01-15 23:00,1,23,Weekend,Winter,No,61.43,72.1,14.72
2023-01-16 00:00,1,0,Weekday,Winter,No,61.61,71.32,16.08
2023-01-16 01:00,1,1,Weekday,Winter,No,61.43,71.47,13.16
2023-01-16 02:00,1,2,Weekday,Winter,No,60.98,72.34,12.45
2023-01-16 03:00,1,3,Weekday,Winter,No,59.2,71.58,21.64
2023-01-16 04:00,1,4,Weekday,Winter,No,58.55,70.43,11.1
2023-01-16 05:00,1,5,Weekday,Winter,No,59.0,71.11,20.68
2023-01-16 06:00,1,6,Weekday,Winter,No,57.85,70.41,10.65
2023-01-16 07:00,1,7,Weekday,Winter,No,57.02,71.95,12.72
2023-01-16 08:00,1,8,Weekday,Winter,Yes,57.54,69.13,39.77
2023-01-16 09:00,1,9,Weekday,Winter,Yes,59.7,69.52,40.19
2023-01-16 10:00,1,10,Weekday,Winter,Yes,61.61,69.98,33.13
2023-01-16 11:00,1,11,Weekday,Winter,Yes,63.22,70.64,37.0
2023-01-16 12:00,1,12,Weekday,Winter,Yes,64.04,71.9,35.3
2023-01-16 13:00,1,13,Weekday,Winter,Yes,64.04,70.53,47.72
2023-01-16 14:00,1,14,Weekday,Winter,Yes,64.04,69.07,40.11
2023-01-16 15:00,1,15,Weekday,Winter,Yes,64.56,70.54,20.99
2023-01-16 16:00,1,16,Weekday,Winter,Yes,65.57,70.68,14.03
2023-01-16 17:00,1,17,Weekday,Winter,Yes,64.24,71.18,24.05
2023-01-16 18:00,1,18,Weekday,Winter,No,61.28,71.71,11.29
2023-01-16 19:00,1,19,Weekday,Winter,No,59.45,70.64,19.64
2023-01-16 20:00,1,20,Weekday,Winter,No,57.22,70.07,10.38
2023-01-16 21:00,1,21,Weekday,Winter,No,55.42,70.15,14.8
2023-01-16 22:00,1,22,Weekday,Winter,No,54.41,70.46,16.06
2023-01-16 23:00,1,23,Weekday,Winter,No,52.8,69.96,6.85
2023-01-17 00:00,1,0,Weekday,Winter,No,51.98,70.51,6.17
2023-01-17 01:00,1,1,Weekday,Winter,No,51.98,70.25,4.12
2023-01-17 02:00,1,2,Weekday,Winter,No,51.98,69.69,12.73
2023-01-17 03:00,1,3,Weekday,Winter,No,50.82,69.56,9.92
2023-01-17 04:00,1,4,Weekday,Winter,No,50.0,70.32,2.96
2023-01-17 05:00,1,5,Weekday,Winter,No,49.37,69.19,0.0
2023-01-17 06:00,1,6,Weekday,Winter,No,48.92,69.36,0.0
2023-01-17 07:00,1,7,Weekday,Winter,No,48.92,70.44,3.22
2023-01-17 08:00,1,8,Weekday,Winter,Yes,49.55,68.36,21.36
2023-01-17 09:00,1,9,Weekday,Winter,Yes,51.16,68.02,26.22
2023-01-17 10:00,1,10,Weekday,Winter,Yes,53.76,67.68,35.09
2023-01-17 11:00,1,11,Weekday,Winter,Yes,56.2,69.48,43.01
2023-01-17 12:00,1,12,Weekday,Winter,Yes,58.18,70.34,32.03
2023-01-17 13:00,1,13,Weekday,Winter,Yes,60.16,70.01,27.16
2023-01-17 14:00,1,14,Weekday,Winter,Yes,61.61,69.31,37.65
2023-01-17 15:00,1,15,Weekday,Winter,Yes,62.58,69.39,8.1
2023-01-17 16:00,1,16,Weekday,Winter,Yes,61.28,70.28,11.73
2023-01-17 17:00,1,17,Weekday,Winter,Yes,57.66,69.1,11.82
2023-01-17 18:00,1,18,Weekday,Winter,No,54.78,70.69,9.94
2023-01-17 19:00,1,19,Weekday,Winter,No,51.65,70.77,8.96
2023-01-17 20:00,1,20,Weekday,Winter,No,49.37,68.87,10.29
2023-01-17 21:00,1,21,Weekday,Winter,No,47.76,68.06,5.63
2023-01-17 22:00,1,22,Weekday,Winter,No,47.57,68.26,0.0
2023-01-17 23:00,1,23,Weekday,Winter,No,45.08,67.73,2.54
2023-01-18 00:00,1,0,Weekday,Winter,No,41.2,67.44,0.0
2023-01-18 01:00,1,1,Weekday,Winter,No,39.92,68.34,0.0
2023-01-18 02:00,1,2,Weekday,Winter,No,40.55,67.44,3.34
2023-01-18 03:00,1,3,Weekday,Winter,No,40.37,68.53,0.0
2023-01-18 04:00,1,4,Weekday,Winter,No,39.4,67.87,0.0
2023-01-18 05:00,1,5,Weekday,Winter,No,38.39,66.86,0.0
2023-01-18 06:00,1,6,Weekday,Winter,No,38.57,68.04,0.0
2023-01-18 07:00,1,7,Weekday,Winter,No,39.54,68.17,0.0
2023-01-18 08:00,1,8,Weekday,Winter,Yes,41.7,66.09,15.91
2023-01-18 09:00,1,9,Weekday,Winter,Yes,46.44,67.63,25.98
2023-01-18 10:00,1,10,Weekday,Winter,Yes,51.34,68.87,30.67
2023-01-18 11:00,1,11,Weekday,Winter,Yes,54.74,68.31,30.58
2023-01-18 12:00,1,12,Weekday,Winter,Yes,56.57,69.85,34.36
2023-01-18 13:00,1,13,Weekday,Winter,Yes,57.54,68.65,37.53
2023-01-18 14:00,1,14,Weekday,Winter,Yes,57.4,68.52,36.23
2023-01-18 15:00,1,15,Weekday,Winter,Yes,57.54,69.24,8.44
2023-01-18 16:00,1,16,Weekday,Winter,Yes,57.4,69.26,12.13
2023-01-18 17:00,1,17,Weekday,Winter,Yes,54.08,68.65,13.11
2023-01-18 18:00,1,18,Weekday,Winter,No,50.82,68.17,10.83
2023-01-18 19:00,1,19,Weekday,Winter,No,49.37,69.39,2.43
2023-01-18 20:00,1,20,Weekday,Winter,No,46.61,69.01,0.0
2023-01-18 21:00,1,21,Weekday,Winter,No,42.65,68.37,0.26
2023-01-18 22:00,1,22,Weekday,Winter,No,39.22,65.68,0.0
2023-01-18 23:00,1,23,Weekday,Winter,No,36.78,66.98,0.0
2023-01-19 00:00,1,0,Weekday,Winter,No,35.96,68.24,0.0
2023-01-19 01:00,1,1,Weekday,Winter,No,34.8,66.31,0.0
2023-01-19 02:00,1,2,Weekday,Winter,No,32.83,65.11,0.0
2023-01-19 03:00,1,3,Weekday,Winter,No,30.84,66.48,0.0
2023-01-19 04:00,1,4,Weekday,Winter,No,30.54,66.29,0.0
2023-01-19 05:00,1,5,Weekday,Winter,No,29.76,66.91,0.0
2023-01-19 06:00,1,6,Weekday,Winter,No,30.1,67.39,0.0
2023-01-19 07:00,1,7,Weekday,Winter,No,31.55,66.85,0.0
2023-01-19 08:00,1,8,Weekday,Winter,Yes,36.62,65.58,17.46
2023-01-19 09:00,1,9,Weekday,Winter,Yes,42.86,66.39,30.33
2023-01-19 10:00,1,10,Weekday,Winter,Yes,46.74,69.28,15.18
2023-01-19 11:00,1,11,Weekday,Winter,Yes,51.48,69.04,31.37
2023-01-19 12:00,1,12,Weekday,Winter,Yes,55.74,68.97,34.75
2023-01-19 13:00,1,13,Weekday,Winter,Yes,58.18,69.49,37.13
2023-01-19 14:00,1,14,Weekday,Winter,Yes,60.78,69.35,30.88
2023-01-19 15:00,1,15,Weekday,Winter,Yes,62.06,69.87,18.82
2023-01-19 16:00,1,16,Weekday,Winter,Yes,61.43,69.12,21.35
2023-01-19 17:00,1,17,Weekday,Winter,Yes,59.82,69.8,9.93
2023-01-19 18:00,1,18,Weekday,Winter,No,57.22,71.31,20.28
2023-01-19 19:00,1,19,Weekday,Winter,No,53.63,69.73,6.93
2023-01-19 20:00,1,20,Weekday,Winter,No,49.67,69.1,5.16
2023-01-19 21:00,1,21,Weekday,Winter,No,46.24,68.47,4.33
2023-01-19 22:00,1,22,Weekday,Winter,No,44.44,69.09,2.49
2023-01-19 23:00,1,23,Weekday,Winter,No,42.28,68.09,0.0
2023-01-20 00:00,1,0,Weekday,Winter,No,38.69,67.68,0.0
2023-01-20 01:00,1,1,Weekday,Winter,No,37.56,68.42,0.3
2023-01-20 02:00,1,2,Weekday,Winter,No,36.26,66.13,0.0
2023-01-20 03:00,1,3,Weekday,Winter,No,35.06,66.74,0.0
2023-01-20 04:00,1,4,Weekday,Winter,No,33.9,66.67,0.0
2023-01-20 05:00,1,5,Weekday,Winter,No,32.45,66.15,0.0
2023-01-20 06:00,1,6,Weekday,Winter,No,32.63,66.31,0.0
2023-01-20 07:00,1,7,Weekday,Winter,No,31.82,64.94,0.0
2023-01-20 08:00,1,8,Weekday,Winter,Yes,35.02,66.24,25.97
2023-01-20 09:00,1,9,Weekday,Winter,Yes,43.19,67.11,23.0
2023-01-20 10:00,1,10,Weekday,Winter,Yes,49.36,68.58,28.87
2023-01-20 11:00,1,11,Weekday,Winter,Yes,52.24,67.78,25.48
2023-01-20 12:00,1,12,Weekday,Winter,Yes,54.22,69.24,28.57
2023-01-20 13:00,1,13,Weekday,Winter,Yes,56.2,68.03,38.27
2023-01-20 14:00,1,14,Weekday,Winter,Yes,57.54,69.65,40.12
2023-01-20 15:00,1,15,Weekday,Winter,Yes,58.55,67.8,8.34
2023-01-20 16:00,1,16,Weekday,Winter,Yes,57.85,68.71,13.73
2023-01-20 17:00,1,17,Weekday,Winter,Yes,54.71,67.68,9.66
2023-01-20 18:00,1,18,Weekday,Winter,No,51.28,69.45,8.88
2023-01-20 19:00,1,19,Weekday,Winter,No,48.22,68.75,8.63
2023-01-20 20:00,1,20,Weekday,Winter,No,44.63,67.77,1.7
2023-01-20 21:00,1,21,Weekday,Winter,No,41.82,68.62,0.0
2023-01-20 22:00,1,22,Weekday,Winter,No,38.06,67.58,0.0
2023-01-20 23:00,1,23,Weekday,Winter,No,34.8,67.24,0.0
2023-01-21 00:00,1,0,Weekend,Winter,No,33.98,67.58,0.0
2023-01-21 01:00,1,1,Weekend,Winter,No,32.83,65.87,0.0
2023-01-21 02:00,1,2,Weekend,Winter,No,32.0,66.91,0.0
2023-01-21 03:00,1,3,Weekend,Winter,No,32.0,65.41,0.0
2023-01-21 04:00,1,4,Weekend,Winter,No,32.0,66.4,0.0
2023-01-21 05:00,1,5,Weekend,Winter,No,32.0,67.11,0.0
2023-01-21 06:00,1,6,Weekend,Winter,No,32.0,67.38,0.0
2023-01-21 07:00,1,7,Weekend,Winter,No,32.0,66.6,0.0
2023-01-21 08:00,1,8,Weekend,Winter,No,36.1,66.52,0.1
2023-01-21 09:00,1,9,Weekend,Winter,No,43.64,69.29,0.26
2023-01-21 10:00,1,10,Weekend,Winter,No,49.88,68.9,3.23
2023-01-21 11:00,1,11,Weekend,Winter,No,55.44,71.54,14.95
2023-01-21 12:00,1,12,Weekend,Winter,No,59.7,71.14,11.39
2023-01-21 13:00,1,13,Weekend,Winter,No,62.14,71.94,26.56
2023-01-21 14:00,1,14,Weekend,Winter,No,64.74,72.15,26.1
2023-01-21 15:00,1,15,Weekend,Winter,No,66.54,71.88,21.43
2023-01-21 16:00,1,16,Weekend,Winter,No,65.76,72.77,17.84
2023-01-21 17:00,1,17,Weekend,Winter,No,62.1,71.56,14.73
2023-01-21 18:00,1,18,Weekend,Winter,No,56.51,70.1,12.08
2023-01-21 19:00,1,19,Weekend,Winter,No,52.8,69.9,13.92
2023-01-21 20:00,1,20,Weekend,Winter,No,48.52,68.81,3.7
2023-01-21 21:00,1,21,Weekend,Winter,No,43.73,69.28,2.29
2023-01-21 22:00,1,22,Weekend,Winter,No,41.45,67.33,0.0
2023-01-21 23:00,1,23,Weekend,Winter,No,39.84,69.03,0.73
2023-01-22 00:00,1,0,Weekend,Winter,No,38.39,67.4,0.0
2023-01-22 01:00,1,1,Weekend,Winter,No,37.42,68.5,0.0
2023-01-22 02:00,1,2,Weekend,Winter,No,37.56,67.95,0.0
2023-01-22 03:00,1,3,Weekend,Winter,No,37.94,68.63,0.0
2023-01-22 04:00,1,4,Weekend,Winter,No,37.94,67.43,0.0
2023-01-22 05:00,1,5,Weekend,Winter,No,37.42,66.94,0.41
2023-01-22 06:00,1,6,Weekend,Winter,No,37.04,68.14,0.0
2023-01-22 07:00,1,7,Weekend,Winter,No,38.2,66.52,7.47
2023-01-22 08:00,1,8,Weekend,Winter,No,44.27,68.1,1.77
2023-01-22 09:00,1,9,Weekend,Winter,No,51.48,69.82,7.73
2023-01-22 10:00,1,10,Weekend,Winter,No,58.06,72.51,19.21
2023-01-22 11:00,1,11,Weekend,Winter,No,63.29,71.87,15.82
2023-01-22 12:00,1,12,Weekend,Winter,No,66.72,71.8,17.05
2023-01-22 13:00,1,13,Weekend,Winter,No,68.63,72.95,25.57
2023-01-22 14:00,1,14,Weekend,Winter,No,69.08,72.12,20.7
2023-01-22 15:00,1,15,Weekend,Winter,No,69.08,72.31,29.45
2023-01-22 16:00,1,16,Weekend,Winter,No,67.82,72.67,24.61
2023-01-22 17:00,1,17,Weekend,Winter,No,64.61,72.4,20.84
2023-01-22 18:00,1,18,Weekend,Winter,No,60.02,71.26,17.74
2023-01-22 19:00,1,19,Weekend,Winter,No,57.4,72.48,8.78
2023-01-22 20:00,1,20,Weekend,Winter,No,57.02,69.42,6.76
2023-01-22 21:00,1,21,Weekend,Winter,No,54.71,69.38,6.35
2023-01-22 22:00,1,22,Weekend,Winter,No,50.12,69.89,3.97
2023-01-22 23:00,1,23,Weekend,Winter,No,46.24,68.26,0.0
2023-01-23 00:00,1,0,Weekday,Winter,No,45.59,69.0,0.0
2023-01-23 01:00,1,1,Weekday,Winter,No,44.89,69.72,0.0
2023-01-23 02:00,1,2,Weekday,Winter,No,43.43,69.45,0.0
2023-01-23 03:00,1,3,Weekday,Winter,No,41.82,67.35,0.0
2023-01-23 04:00,1,4,Weekday,Winter,No,41.0,67.01,0.0
2023-01-23 05:00,1,5,Weekday,Winter,No,39.84,67.75,1.12
2023-01-23 06:00,1,6,Weekday,Winter,No,39.02,68.99,0.0
2023-01-23 07:00,1,7,Weekday,Winter,No,39.54,69.23,0.07
2023-01-23 08:00,1,8,Weekday,Winter,Yes,42.34,65.28,35.48
2023-01-23 09:00,1,9,Weekday,Winter,Yes,45.74,67.56,28.5
2023-01-23 10:00,1,10,Weekday,Winter,Yes,48.1,68.78,31.53
2023-01-23 11:00,1,11,Weekday,Winter,Yes,50.7,68.49,34.55
2023-01-23 12:00,1,12,Weekday,Winter,Yes,53.14,68.98,31.1
2023-01-23 13:00,1,13,Weekday,Winter,Yes,50.5,68.86,30.85
2023-01-23 14:00,1,14,Weekday,Winter,Yes,47.39,68.25,24.27
2023-01-23 15:00,1,15,Weekday,Winter,Yes,46.94,68.95,5.91
2023-01-23 16:00,1,16,Weekday,Winter,Yes,46.42,67.05,0.0
2023-01-23 17:00,1,17,Weekday,Winter,Yes,44.89,67.87,3.09
2023-01-23 18:00,1,18,Weekday,Winter,No,44.58,68.93,2.14
2023-01-23 19:00,1,19,Weekday,Winter,No,43.8,67.8,0.0
2023-01-23 20:00,1,20,Weekday,Winter,No,40.67,67.35,2.56
2023-01-23 21:00,1,21,Weekday,Winter,No,39.54,68.95,1.21
2023-01-23 22:00,1,22,Weekday,Winter,No,36.46,67.64,0.0
2023-01-23 23:00,1,23,Weekday,Winter,No,33.98,66.54,0.0
2023-01-24 00:00,1,0,Weekday,Winter,No,32.83,67.52,0.0
2023-01-24 01:00,1,1,Weekday,Winter,No,31.37,67.26,0.0
2023-01-24 02:00,1,2,Weekday,Winter,No,30.92,66.48,0.0
2023-01-24 03:00,1,3,Weekday,Winter,No,30.92,67.13,0.0
2023-01-24 04:00,1,4,Weekday,Winter,No,30.4,66.5,0.0
2023-01-24 05:00,1,5,Weekday,Winter,No,29.39,66.17,0.0
2023-01-24 06:00,1,6,Weekday,Winter,No,27.26,66.67,0.0
2023-01-24 07:00,1,7,Weekday,Winter,No,26.58,65.7,0.0
2023-01-24 08:00,1,8,Weekday,Winter,Yes,31.06,64.95,11.61
2023-01-24 09:00,1,9,Weekday,Winter,Yes,36.29,66.76,18.26
2023-01-24 10:00,1,10,Weekday,Winter,Yes,40.36,66.46,14.88
2023-01-24 11:00,1,11,Weekday,Winter,Yes,43.76,67.78,30.59
2023-01-24 12:00,1,12,Weekday,Winter,Yes,47.27,66.65,24.5
2023-01-24 13:00,1,13,Weekday,Winter,Yes,50.18,67.97,25.42
2023-01-24 14:00,1,14,Weekday,Winter,Yes,52.76,67.68,28.6
2023-01-24 15:00,1,15,Weekday,Winter,Yes,54.59,68.59,9.73
2023-01-24 16:00,1,16,Weekday,Winter,Yes,55.04,69.92,5.93
2023-01-24 17:00,1,17,Weekday,Winter,Yes,52.73,66.41,13.9
2023-01-24 18:00,1,18,Weekday,Winter,No,49.82,69.89,0.0
2023-01-24 19:00,1,19,Weekday,Winter,No,46.61,69.0,12.11
2023-01-24 20:00,1,20,Weekday,Winter,No,44.96,67.66,9.59
2023-01-24 21:00,1,21,Weekday,Winter,No,40.34,69.3,0.0
2023-01-24 22:00,1,22,Weekday,Winter,No,35.26,66.74,0.0
2023-01-24 23:00,1,23,Weekday,Winter,No,33.98,67.51,0.0
2023-01-25 00:00,1,0,Weekday,Winter,No,39.23,68.03,0.0
2023-01-25 01:00,1,1,Weekday,Winter,No,44.14,67.73,6.86
2023-01-25 02:00,1,2,Weekday,Winter,No,42.65,67.38,0.0
2023-01-25 03:00,1,3,Weekday,Winter,No,43.31,68.98,5.64
2023-01-25 04:00,1,4,Weekday,Winter,No,44.96,68.39,0.0
2023-01-25 05:00,1,5,Weekday,Winter,No,44.44,68.96,0.38
2023-01-25 06:00,1,6,Weekday,Winter,No,42.9,68.86,0.75
2023-01-25 07:00,1,7,Weekday,Winter,No,43.76,67.04,0.0
2023-01-25 08:00,1,8,Weekday,Winter,Yes,47.27,68.08,26.78
2023-01-25 09:00,1,9,Weekday,Winter,Yes,51.86,68.3,28.34
2023-01-25 10:00,1,10,Weekday,Winter,Yes,55.74,69.08,30.42
2023-01-25 11:00,1,11,Weekday,Winter,Yes,58.8,69.22,34.17
2023-01-25 12:00,1,12,Weekday,Winter,Yes,61.24,68.81,35.11
2023-01-25 13:00,1,13,Weekday,Winter,Yes,63.22,68.55,36.57
2023-01-25 14:00,1,14,Weekday,Winter,Yes,65.19,69.63,36.69
2023-01-25 15:00,1,15,Weekday,Winter,Yes,66.02,70.78,23.52
2023-01-25 16:00,1,16,Weekday,Winter,Yes,65.39,70.9,22.37
2023-01-25 17:00,1,17,Weekday,Winter,Yes,63.78,69.46,20.57
2023-01-25 18:00,1,18,Weekday,Winter,No,60.65,71.75,16.35
2023-01-25 19:00,1,19,Weekday,Winter,No,55.54,70.69,9.58
2023-01-25 20:00,1,20,Weekday,Winter,No,52.43,70.78,3.18
2023-01-25 21:00,1,21,Weekday,Winter,No,53.14,70.92,12.51
2023-01-25 22:00,1,22,Weekday,Winter,No,53.96,69.79,12.83
2023-01-25 23:00,1,23,Weekday,Winter,No,53.43,70.45,5.79
2023-01-26 00:00,1,0,Weekday,Winter,No,52.43,69.21,15.47
2023-01-26 01:00,1,1,Weekday,Winter,No,50.82,69.35,1.03
2023-01-26 02:00,1,2,Weekday,Winter,No,50.0,69.94,11.32
2023-01-26 03:00,1,3,Weekday,Winter,No,42.96,68.56,0.0
2023-01-26 04:00,1,4,Weekday,Winter,No,38.57,67.05,0.0
2023-01-26 05:00,1,5,Weekday,Winter,No,40.17,68.34,0.0
2023-01-26 06:00,1,6,Weekday,Winter,No,40.37,68.12,0.0
2023-01-26 07:00,1,7,Weekday,Winter,No,40.55,67.07,0.0
2023-01-26 08:00,1,8,Weekday,Winter,Yes,46.25,67.69,19.01
2023-01-26 09:00,1,9,Weekday,Winter,Yes,52.94,68.07,28.28
2023-01-26 10:00,1,10,Weekday,Winter,Yes,57.98,69.45,32.69
2023-01-26 11:00,1,11,Weekday,Winter,Yes,62.39,71.27,44.65
2023-01-26 12:00,1,12,Weekday,Winter,Yes,67.5,72.94,45.68
2023-01-26 13:00,1,13,Weekday,Winter,Yes,71.14,71.46,45.34
2023-01-26 14:00,1,14,Weekday,Winter,Yes,73.12,71.7,53.0
2023-01-26 15:00,1,15,Weekday,Winter,Yes,73.94,71.58,23.6
2023-01-26 16:00,1,16,Weekday,Winter,Yes,73.42,71.82,30.0
2023-01-26 17:00,1,17,Weekday,Winter,Yes,70.73,70.93,25.75
2023-01-26 18:00,1,18,Weekday,Winter,No,66.14,72.33,17.88
2023-01-26 19:00,1,19,Weekday,Winter,No,61.1,71.88,7.0
2023-01-26 20:00,1,20,Weekday,Winter,No,55.54,69.12,12.09
2023-01-26 21:00,1,21,Weekday,Winter,No,52.43,69.68,4.94
2023-01-26 22:00,1,22,Weekday,Winter,No,51.46,68.98,9.38
2023-01-26 23:00,1,23,Weekday,Winter,No,49.3,68.4,6.41
2023-01-27 00:00,1,0,Weekday,Winter,No,49.18,69.29,0.0
2023-01-27 01:00,1,1,Weekday,Winter,No,50.0,68.41,6.09
2023-01-27 02:00,1,2,Weekday,Winter,No,49.37,69.89,4.66
2023-01-27 03:00,1,3,Weekday,Winter,No,50.7,69.5,13.56
2023-01-27 04:00,1,4,Weekday,Winter,No,48.52,69.69,0.0
2023-01-27 05:00,1,5,Weekday,Winter,No,47.72,69.47,0.0
2023-01-27 06:00,1,6,Weekday,Winter,No,48.4,68.48,0.0
2023-01-27 07:00,1,7,Weekday,Winter,No,45.71,67.95,7.84
2023-01-27 08:00,1,8,Weekday,Winter,Yes,49.31,67.26,23.76
2023-01-27 09:00,1,9,Weekday,Winter,Yes,55.9,69.69,49.96
2023-01-27 10:00,1,10,Weekday,Winter,Yes,61.49,70.14,33.25
2023-01-27 11:00,1,11,Weekday,Winter,Yes,66.35,71.71,40.75
2023-01-27 12:00,1,12,Weekday,Winter,Yes,69.16,71.39,41.43
2023-01-27 13:00,1,13,Weekday,Winter,Yes,69.46,69.92,41.56
2023-01-27 14:00,1,14,Weekday,Winter,Yes,70.24,71.18,50.11
2023-01-27 15:00,1,15,Weekday,Winter,Yes,70.43,71.64,22.41
2023-01-27 16:00,1,16,Weekday,Winter,Yes,68.82,70.8,27.67
2023-01-27 17:00,1,17,Weekday,Winter,Yes,66.84,69.89,28.32
2023-01-27 18:00,1,18,Weekday,Winter,No,64.24,70.6,20.21
2023-01-27 19:00,1,19,Weekday,Winter,No,61.8,71.94,17.81
2023-01-27 20:00,1,20,Weekday,Winter,No,60.98,71.01,20.11
2023-01-27 21:00,1,21,Weekday,Winter,No,60.98,70.54,16.76
2023-01-27 22:00,1,22,Weekday,Winter,No,59.82,70.07,23.21
2023-01-27 23:00,1,23,Weekday,Winter,No,58.37,71.01,11.34
2023-01-28 00:00,1,0,Weekend,Winter,No,56.76,70.85,14.49
2023-01-28 01:00,1,1,Weekend,Winter,No,55.42,71.0,6.34
2023-01-28 02:00,1,2,Weekend,Winter,No,54.41,70.48,11.96
2023-01-28 03:00,1,3,Weekend,Winter,No,53.96,70.1,9.8
2023-01-28 04:00,1,4,Weekend,Winter,No,52.8,70.42,5.65
2023-01-28 05:00,1,5,Weekend,Winter,No,52.61,69.89,6.15
2023-01-28 06:00,1,6,Weekend,Winter,No,53.06,71.35,11.42
2023-01-28 07:00,1,7,Weekend,Winter,No,51.28,70.02,7.74
2023-01-28 08:00,1,8,Weekend,Winter,No,51.16,70.19,18.36
2023-01-28 09:00,1,9,Weekend,Winter,No,53.76,68.87,8.4
2023-01-28 10:00,1,10,Weekend,Winter,No,56.72,69.95,6.29
2023-01-28 11:00,1,11,Weekend,Winter,No,60.34,71.56,16.66
2023-01-28 12:00,1,12,Weekend,Winter,No,60.9,71.13,19.62
2023-01-28 13:00,1,13,Weekend,Winter,No,58.82,70.82,12.05
2023-01-28 14:00,1,14,Weekend,Winter,No,57.92,69.06,14.27
2023-01-28 15:00,1,15,Weekend,Winter,No,57.92,70.82,9.67
2023-01-28 16:00,1,16,Weekend,Winter,No,57.4,70.74,8.22
2023-01-28 17:00,1,17,Weekend,Winter,No,56.39,70.75,17.06
2023-01-28 18:00,1,18,Weekend,Winter,No,55.42,69.4,7.56
2023-01-28 19:00,1,19,Weekend,Winter,No,54.41,71.02,5.3
2023-01-28 20:00,1,20,Weekend,Winter,No,52.8,69.61,3.21
2023-01-28 21:00,1,21,Weekend,Winter,No,52.61,70.1,6.74
2023-01-28 22:00,1,22,Weekend,Winter,No,52.43,70.14,18.75
2023-01-28 23:00,1,23,Weekend,Winter,No,50.82,70.13,6.96
2023-01-29 00:00,1,0,Weekend,Winter,No,48.22,69.42,5.22
2023-01-29 01:00,1,1,Weekend,Winter,No,48.1,69.2,1.8
2023-01-29 02:00,1,2,Weekend,Winter,No,48.4,69.49,3.32
2023-01-29 03:00,1,3,Weekend,Winter,No,48.54,68.85,6.34
2023-01-29 04:00,1,4,Weekend,Winter,No,48.92,69.16,2.1
2023-01-29 05:00,1,5,Weekend,Winter,No,48.4,69.46,9.54
2023-01-29 06:00,1,6,Weekend,Winter,No,48.02,68.93,6.9
2023-01-29 07:00,1,7,Weekend,Winter,No,48.02,68.14,0.31
2023-01-29 08:00,1,8,Weekend,Winter,No,48.54,69.48,1.77
2023-01-29 09:00,1,9,Weekend,Winter,No,49.55,67.94,6.99
2023-01-29 10:00,1,10,Weekend,Winter,No,50.63,71.2,10.32
2023-01-29 11:00,1,11,Weekend,Winter,No,52.24,69.58,6.89
2023-01-29 12:00,1,12,Weekend,Winter,No,53.58,69.92,6.65
2023-01-29 13:00,1,13,Weekend,Winter,No,54.59,70.39,6.71
2023-01-29 14:00,1,14,Weekend,Winter,No,55.57,70.44,8.91
2023-01-29 15:00,1,15,Weekend,Winter,No,56.57,69.26,12.28
2023-01-29 16:00,1,16,Weekend,Winter,No,56.39,69.85,14.69
2023-01-29 17:00,1,17,Weekend,Winter,No,54.26,70.5,2.4
2023-01-29 18:00,1,18,Weekend,Winter,No,53.06,70.54,6.24
2023-01-29 19:00,1,19,Weekend,Winter,No,51.9,70.67,8.22
2023-01-29 20:00,1,20,Weekend,Winter,No,50.45,70.86,6.09
2023-01-29 21:00,1,21,Weekend,Winter,No,48.22,68.85,7.5
2023-01-29 22:00,1,22,Weekend,Winter,No,45.78,68.02,6.78
2023-01-29 23:00,1,23,Weekend,Winter,No,44.96,68.83,1.54
2023-01-30 00:00,1,0,Weekday,Winter,No,42.65,67.02,0.0
2023-01-30 01:00,1,1,Weekday,Winter,No,41.63,68.39,0.54
2023-01-30 02:00,1,2,Weekday,Winter,No,42.6,67.74,0.0
2023-01-30 03:00,1,3,Weekday,Winter,No,42.98,68.28,0.0
2023-01-30 04:00,1,4,Weekday,Winter,No,42.98,68.16,1.98
2023-01-30 05:00,1,5,Weekday,Winter,No,42.98,68.22,0.84
2023-01-30 06:00,1,6,Weekday,Winter,No,40.67,67.99,0.0
2023-01-30 07:00,1,7,Weekday,Winter,No,37.24,66.73,0.0
2023-01-30 08:00,1,8,Weekday,Winter,Yes,35.96,65.73,18.49
2023-01-30 09:00,1,9,Weekday,Winter,Yes,37.12,66.38,16.63
2023-01-30 10:00,1,10,Weekday,Winter,Yes,36.26,66.3,14.74
2023-01-30 11:00,1,11,Weekday,Winter,Yes,34.43,65.83,16.1
2023-01-30 12:00,1,12,Weekday,Winter,Yes,35.76,66.05,12.34
2023-01-30 13:00,1,13,Weekday,Winter,Yes,37.56,66.28,21.58
2023-01-30 14:00,1,14,Weekday,Winter,Yes,36.26,66.34,19.43
2023-01-30 15:00,1,15,Weekday,Winter,Yes,36.74,66.47,0.0
2023-01-30 16:00,1,16,Weekday,Winter,Yes,37.94,65.59,0.0
2023-01-30 17:00,1,17,Weekday,Winter,Yes,37.94,65.81,0.0
2023-01-30 18:00,1,18,Weekday,Winter,No,37.94,68.15,0.0
2023-01-30 19:00,1,19,Weekday,Winter,No,37.42,66.71,0.0
2023-01-30 20:00,1,20,Weekday,Winter,No,35.88,67.16,0.0
2023-01-30 21:00,1,21,Weekday,Winter,No,34.43,67.46,0.0
2023-01-30 22:00,1,22,Weekday,Winter,No,33.46,67.58,0.0
2023-01-30 23:00,1,23,Weekday,Winter,No,32.45,66.98,0.0
2023-01-31 00:00,1,0,Weekday,Winter,No,31.37,66.64,0.0
2023-01-31 01:00,1,1,Weekday,Winter,No,30.4,64.9,0.0
2023-01-31 02:00,1,2,Weekday,Winter,No,29.39,64.96,0.0
2023-01-31 03:00,1,3,Weekday,Winter,No,28.42,65.15,0.0
2023-01-31 04:00,1,4,Weekday,Winter,No,28.04,65.12,0.0
2023-01-31 05:00,1,5,Weekday,Winter,No,28.04,65.93,0.0
2023-01-31 06:00,1,6,Weekday,Winter,No,28.04,66.45,0.0
2023-01-31 07:00,1,7,Weekday,Winter,No,28.04,64.44,0.0
2023-01-31 08:00,1,8,Weekday,Winter,Yes,29.72,65.11,12.51
2023-01-31 09:00,1,9,Weekday,Winter,Yes,33.34,64.72,8.81
2023-01-31 10:00,1,10,Weekday,Winter,Yes,36.74,64.92,18.6
2023-01-31 11:00,1,11,Weekday,Winter,Yes,40.36,66.45,21.59
2023-01-31 12:00,1,12,Weekday,Winter,Yes,43.24,67.39,21.94
2023-01-31 13:00,1,13,Weekday,Winter,Yes,45.22,68.3,14.14
2023-01-31 14:00,1,14,Weekday,Winter,Yes,46.56,66.57,33.14
2023-01-31 15:00,1,15,Weekday,Winter,Yes,48.1,68.04,2.34
2023-01-31 16:00,1,16,Weekday,Winter,Yes,48.4,68.23,10.64
2023-01-31 17:00,1,17,Weekday,Winter,Yes,47.39,67.44,0.86
2023-01-31 18:00,1,18,Weekday,Winter,No,45.78,69.31,0.0
2023-01-31 19:00,1,19,Weekday,Winter,No,43.28,67.96,11.28
2023-01-31 20:00,1,20,Weekday,Winter,No,41.45,68.48,0.0
2023-01-31 21:00,1,21,Weekday,Winter,No,42.05,68.5,4.66
2023-01-31 22:00,1,22,Weekday,Winter,No,43.74,67.81,0.0
2023-01-31 23:00,1,23,Weekday,Winter,No,45.47,70.11,1.25
2023-02-01 00:00,2,0,Weekday,Winter,No,47.16,69.46,2.16
2023-02-01 01:00,2,1,Weekday,Winter,No,48.89,69.16,7.38
2023-02-01 02:00,2,2,Weekday,Winter,No,50.58,69.35,3.8
2023-02-01 03:00,2,3,Weekday,Winter,No,52.31,68.65,15.24
2023-02-01 04:00,2,4,Weekday,Winter,No,52.43,70.38,0.27
2023-02-01 05:00,2,5,Weekday,Winter,No,51.98,70.7,5.69
2023-02-01 06:00,2,6,Weekday,Winter,No,51.98,69.77,10.37
2023-02-01 07:00,2,7,Weekday,Winter,No,52.61,70.57,13.79
2023-02-01 08:00,2,8,Weekday,Winter,Yes,53.58,68.43,35.88
2023-02-01 09:00,2,9,Weekday,Winter,Yes,55.12,68.48,29.1
2023-02-01 10:00,2,10,Weekday,Winter,Yes,56.57,68.7,31.4
2023-02-01 11:00,2,11,Weekday,Winter,Yes,59.33,69.38,35.43
2023-02-01 12:00,2,12,Weekday,Winter,Yes,61.61,69.78,35.47
2023-02-01 13:00,2,13,Weekday,Winter,Yes,62.58,69.95,35.2
2023-02-01 14:00,2,14,Weekday,Winter,Yes,62.44,70.13,48.15
2023-02-01 15:00,2,15,Weekday,Winter,Yes,62.06,69.37,23.79
2023-02-01 16:00,2,16,Weekday,Winter,Yes,62.58,69.7,11.64
2023-02-01 17:00,2,17,Weekday,Winter,Yes,60.65,69.47,17.51
2023-02-01 18:00,2,18,Weekday,Winter,No,57.85,69.29,14.15
2023-02-01 19:00,2,19,Weekday,Winter,No,56.39,70.44,9.62
2023-02-01 20:00,2,20,Weekday,Winter,No,54.26,71.16,5.34
2023-02-01 21:00,2,21,Weekday,Winter,No,53.58,71.12,17.8
2023-02-01 22:00,2,22,Weekday,Winter,No,53.43,69.03,13.51
2023-02-01 23:00,2,23,Weekday,Winter,No,53.06,69.55,12.62
2023-02-02 00:00,2,0,Weekday,Winter,No,52.43,68.82,8.51
2023-02-02 01:00,2,1,Weekday,Winter,No,51.46,70.57,3.67
2023-02-02 02:00,2,2,Weekday,Winter,No,51.08,70.31,11.43
2023-02-02 03:00,2,3,Weekday,Winter,No,51.08,69.45,0.86
2023-02-02 04:00,2,4,Weekday,Winter,No,49.82,70.08,0.01
2023-02-02 05:00,2,5,Weekday,Winter,No,48.4,69.84,4.78
2023-02-02 06:00,2,6,Weekday,Winter,No,48.02,69.82,2.22
2023-02-02 07:00,2,7,Weekday,Winter,No,46.86,68.67,2.47
2023-02-02 08:00,2,8,Weekday,Winter,Yes,48.98,66.53,25.5
2023-02-02 09:00,2,9,Weekday,Winter,Yes,53.92,69.18,23.58
2023-02-02 10:00,2,10,Weekday,Winter,Yes,58.36,69.93,28.65
2023-02-02 11:00,2,11,Weekday,Winter,Yes,61.76,70.34,36.42
2023-02-02 12:00,2,12,Weekday,Winter,Yes,64.11,69.87,37.6
2023-02-02 13:00,2,13,Weekday,Winter,Yes,66.72,71.2,43.0
2023-02-02 14:00,2,14,Weekday,Winter,Yes,68.0,70.26,42.56
2023-02-02 15:00,2,15,Weekday,Winter,Yes,66.84,72.07,18.74
2023-02-02 16:00,2,16,Weekday,Winter,Yes,65.39,70.23,15.98
2023-02-02 17:00,2,17,Weekday,Winter,Yes,63.26,69.69,18.5
2023-02-02 18:00,2,18,Weekday,Winter,No,60.28,70.84,19.94
2023-02-02 19:00,2,19,Weekday,Winter,No,57.85,68.94,20.03
2023-02-02 20:00,2,20,Weekday,Winter,No,56.39,69.38,8.71
2023-02-02 21:00,2,21,Weekday,Winter,No,54.26,70.06,15.79
2023-02-02 22:00,2,22,Weekday,Winter,No,51.9,70.07,6.35
2023-02-02 23:00,2,23,Weekday,Winter,No,50.45,68.83,8.81
2023-02-03 00:00,2,0,Weekday,Winter,No,49.37,70.71,5.33
2023-02-03 01:00,2,1,Weekday,Winter,No,48.4,68.74,10.04
2023-02-03 02:00,2,2,Weekday,Winter,No,46.86,70.09,0.16
2023-02-03 03:00,2,3,Weekday,Winter,No,46.04,67.91,5.01
2023-02-03 04:00,2,4,Weekday,Winter,No,45.41,69.16,1.23
2023-02-03 05:00,2,5,Weekday,Winter,No,44.44,68.87,0.0
2023-02-03 06:00,2,6,Weekday,Winter,No,44.06,67.01,0.0
2023-02-03 07:00,2,7,Weekday,Winter,No,44.06,68.43,0.0
2023-02-03 08:00,2,8,Weekday,Winter,Yes,46.9,68.86,18.8
2023-02-03 09:00,2,9,Weekday,Winter,Yes,52.49,67.82,26.92
2023-02-03 10:00,2,10,Weekday,Winter,Yes,57.35,69.65,39.73
2023-02-03 11:00,2,11,Weekday,Winter,Yes,61.31,70.07,39.35
2023-02-03 12:00,2,12,Weekday,Winter,Yes,64.11,69.86,37.78
2023-02-03 13:00,2,13,Weekday,Winter,Yes,65.57,70.26,53.5
2023-02-03 14:00,2,14,Weekday,Winter,Yes,66.54,70.47,42.68
2023-02-03 15:00,2,15,Weekday,Winter,Yes,66.92,71.4,22.5
2023-02-03 16:00,2,16,Weekday,Winter,Yes,66.92,70.27,17.56
2023-02-03 17:00,2,17,Weekday,Winter,Yes,65.24,70.96,22.61
2023-02-03 18:00,2,18,Weekday,Winter,No,61.73,71.28,11.93
2023-02-03 19:00,2,19,Weekday,Winter,No,58.3,71.44,15.79
2023-02-03 20:00,2,20,Weekday,Winter,No,55.86,69.62,9.54
2023-02-03 21:00,2,21,Weekday,Winter,No,53.88,70.52,7.63
2023-02-03 22:00,2,22,Weekday,Winter,No,50.12,69.54,6.4
2023-02-03 23:00,2,23,Weekday,Winter,No,48.54,68.91,10.85
2023-02-04 00:00,2,0,Weekend,Winter,No,49.55,69.2,0.0
2023-02-04 01:00,2,1,Weekend,Winter,No,49.37,68.08,5.02
2023-02-04 02:00,2,2,Weekend,Winter,No,49.55,68.42,5.44
2023-02-04 03:00,2,3,Weekend,Winter,No,48.84,69.62,8.95
2023-02-04 04:00,2,4,Weekend,Winter,No,48.02,68.95,0.0
2023-02-04 05:00,2,5,Weekend,Winter,No,47.39,69.94,5.23
2023-02-04 06:00,2,6,Weekend,Winter,No,48.1,68.49,5.85
2023-02-04 07:00,2,7,Weekend,Winter,No,47.76,69.58,3.79
2023-02-04 08:00,2,8,Weekend,Winter,No,48.72,68.43,6.91
2023-02-04 09:00,2,9,Weekend,Winter,No,50.63,69.5,4.71
2023-02-04 10:00,2,10,Weekend,Winter,No,50.45,70.95,16.93
2023-02-04 11:00,2,11,Weekend,Winter,No,50.0,69.66,6.39
2023-02-04 12:00,2,12,Weekend,Winter,No,47.69,69.44,5.09
2023-02-04 13:00,2,13,Weekend,Winter,No,46.04,70.14,3.47
2023-02-04 14:00,2,14,Weekend,Winter,No,46.04,69.46,3.78
2023-02-04 15:00,2,15,Weekend,Winter,No,47.72,69.81,6.01
2023-02-04 16:00,2,16,Weekend,Winter,No,47.76,68.77,8.42
2023-02-04 17:00,2,17,Weekend,Winter,No,45.78,68.46,0.08
2023-02-04 18:00,2,18,Weekend,Winter,No,44.96,69.31,10.13
2023-02-04 19:00,2,19,Weekend,Winter,No,44.96,68.74,0.0
2023-02-04 20:00,2,20,Weekend,Winter,No,43.8,68.21,2.73
2023-02-04 21:00,2,21,Weekend,Winter,No,42.46,67.63,0.0
2023-02-04 22:00,2,22,Weekend,Winter,No,41.45,68.23,0.0
2023-02-04 23:00,2,23,Weekend,Winter,No,40.37,67.82,0.0
2023-02-05 00:00,2,0,Weekend,Winter,No,39.92,68.11,0.0
2023-02-05 01:00,2,1,Weekend,Winter,No,39.4,67.73,0.0
2023-02-05 02:00,2,2,Weekend,Winter,No,39.02,66.94,0.0
2023-02-05 03:00,2,3,Weekend,Winter,No,37.86,68.77,0.0
2023-02-05 04:00,2,4,Weekend,Winter,No,37.04,68.67,0.0
2023-02-05 05:00,2,5,Weekend,Winter,No,37.04,68.54,0.0
2023-02-05 06:00,2,6,Weekend,Winter,No,36.41,66.23,0.0
2023-02-05 07:00,2,7,Weekend,Winter,No,36.59,67.86,0.0
2023-02-05 08:00,2,8,Weekend,Winter,No,39.98,67.16,0.0
2023-02-05 09:00,2,9,Weekend,Winter,No,45.54,69.1,4.48
2023-02-05 10:00,2,10,Weekend,Winter,No,50.33,70.34,2.2
2023-02-05 11:00,2,11,Weekend,Winter,No,54.29,70.4,13.94
2023-02-05 12:00,2,12,Weekend,Winter,No,57.1,70.85,13.62
2023-02-05 13:00,2,13,Weekend,Winter,No,59.18,70.34,17.76
2023-02-05 14:00,2,14,Weekend,Winter,No,61.24,71.89,17.24
2023-02-05 15:00,2,15,Weekend,Winter,No,62.06,71.34,21.51
2023-02-05 16:00,2,16,Weekend,Winter,No,61.43,72.3,16.31
2023-02-05 17:00,2,17,Weekend,Winter,No,59.2,71.28,13.55
2023-02-05 18:00,2,18,Weekend,Winter,No,55.61,70.2,7.78
2023-02-05 19:00,2,19,Weekend,Winter,No,52.28,71.34,9.91
2023-02-05 20:00,2,20,Weekend,Winter,No,48.14,68.46,0.83
2023-02-05 21:00,2,21,Weekend,Winter,No,44.89,67.9,0.36
2023-02-05 22:00,2,22,Weekend,Winter,No,44.06,69.01,0.35
2023-02-05 23:00,2,23,Weekend,Winter,No,44.06,69.25,3.8
2023-02-06 00:00,2,0,Weekday,Winter,No,44.58,68.03,0.0
2023-02-06 01:00,2,1,Weekday,Winter,No,43.8,69.8,6.25
2023-02-06 02:00,2,2,Weekday,Winter,No,44.14,68.8,0.0
2023-02-06 03:00,2,3,Weekday,Winter,No,46.74,69.21,4.11
2023-02-06 04:00,2,4,Weekday,Winter,No,48.54,69.06,1.56
2023-02-06 05:00,2,5,Weekday,Winter,No,48.92,70.31,4.47
2023-02-06 06:00,2,6,Weekday,Winter,No,48.92,69.8,12.72
2023-02-06 07:00,2,7,Weekday,Winter,No,48.92,69.13,0.48
2023-02-06 08:00,2,8,Weekday,Winter,Yes,49.55,67.96,32.16
2023-02-06 09:00,2,9,Weekday,Winter,Yes,51.78,68.52,27.29
2023-02-06 10:00,2,10,Weekday,Winter,Yes,53.58,68.42,36.38
2023-02-06 11:00,2,11,Weekday,Winter,Yes,55.12,68.69,34.76
2023-02-06 12:00,2,12,Weekday,Winter,Yes,57.72,70.33,38.06
2023-02-06 13:00,2,13,Weekday,Winter,Yes,60.16,69.11,38.15
2023-02-06 14:00,2,14,Weekday,Winter,Yes,61.61,70.14,32.45
2023-02-06 15:00,2,15,Weekday,Winter,Yes,61.43,70.16,19.87
2023-02-06 16:00,2,16,Weekday,Winter,Yes,59.82,69.38,12.21
2023-02-06 17:00,2,17,Weekday,Winter,Yes,58.37,68.25,7.59
2023-02-06 18:00,2,18,Weekday,Winter,No,50.99,69.91,5.76
2023-02-06 19:00,2,19,Weekday,Winter,No,44.89,68.31,0.0
2023-02-06 20:00,2,20,Weekday,Winter,No,42.9,68.85,3.28
2023-02-06 21:00,2,21,Weekday,Winter,No,40.3,67.11,0.66
2023-02-06 22:00,2,22,Weekday,Winter,No,37.86,67.8,0.0
2023-02-06 23:00,2,23,Weekday,Winter,No,35.88,68.18,0.0
2023-02-07 00:00,2,0,Weekday,Winter,No,33.9,66.34,0.0
2023-02-07 01:00,2,1,Weekday,Winter,No,34.24,64.89,0.0
2023-02-07 02:00,2,2,Weekday,Winter,No,35.06,66.35,0.0
2023-02-07 03:00,2,3,Weekday,Winter,No,34.43,67.43,0.0
2023-02-07 04:00,2,4,Weekday,Winter,No,33.46,66.41,0.0
2023-02-07 05:00,2,5,Weekday,Winter,No,32.45,67.12,0.0
2023-02-07 06:00,2,6,Weekday,Winter,No,31.37,65.9,0.0
2023-02-07 07:00,2,7,Weekday,Winter,No,30.92,65.09,0.0
2023-02-07 08:00,2,8,Weekday,Winter,Yes,33.86,65.05,7.01
2023-02-07 09:00,2,9,Weekday,Winter,Yes,38.9,65.88,16.64
2023-02-07 10:00,2,10,Weekday,Winter,Yes,43.31,66.45,20.84
2023-02-07 11:00,2,11,Weekday,Winter,Yes,46.11,66.95,23.03
2023-02-07 12:00,2,12,Weekday,Winter,Yes,48.72,66.95,33.87
2023-02-07 13:00,2,13,Weekday,Winter,Yes,50.63,69.21,35.2
2023-02-07 14:00,2,14,Weekday,Winter,Yes,51.6,67.74,34.52
2023-02-07 15:00,2,15,Weekday,Winter,Yes,53.14,68.54,11.58
2023-02-07 16:00,2,16,Weekday,Winter,Yes,54.59,69.1,11.38
2023-02-07 17:00,2,17,Weekday,Winter,Yes,52.73,66.96,3.84
2023-02-07 18:00,2,18,Weekday,Winter,No,49.82,71.09,15.58
2023-02-07 19:00,2,19,Weekday,Winter,No,47.24,69.11,3.13
2023-02-07 20:00,2,20,Weekday,Winter,No,45.41,69.1,5.77
2023-02-07 21:00,2,21,Weekday,Winter,No,43.8,69.44,7.53
2023-02-07 22:00,2,22,Weekday,Winter,No,41.2,67.54,0.0
2023-02-07 23:00,2,23,Weekday,Winter,No,41.18,68.17,0.0
2023-02-08 00:00,2,0,Weekday,Winter,No,41.45,68.32,0.83
2023-02-08 01:00,2,1,Weekday,Winter,No,41.0,67.91,0.0
2023-02-08 02:00,2,2,Weekday,Winter,No,41.0,67.85,0.0
2023-02-08 03:00,2,3,Weekday,Winter,No,41.0,67.47,0.0
2023-02-08 04:00,2,4,Weekday,Winter,No,40.37,68.11,3.15
2023-02-08 05:00,2,5,Weekday,Winter,No,40.55,68.96,1.49
2023-02-08 06:00,2,6,Weekday,Winter,No,41.0,67.55,0.0
2023-02-08 07:00,2,7,Weekday,Winter,No,41.0,68.86,0.08
2023-02-08 08:00,2,8,Weekday,Winter,Yes,43.94,67.33,18.8
2023-02-08 09:00,2,9,Weekday,Winter,Yes,47.72,68.15,30.14
2023-02-08 10:00,2,10,Weekday,Winter,Yes,50.18,67.1,21.35
2023-02-08 11:00,2,11,Weekday,Winter,Yes,52.24,69.11,29.84
2023-02-08 12:00,2,12,Weekday,Winter,Yes,53.58,68.04,36.0
2023-02-08 13:00,2,13,Weekday,Winter,Yes,53.43,67.7,32.04
2023-02-08 14:00,2,14,Weekday,Winter,Yes,48.34,67.66,26.99
2023-02-08 15:00,2,15,Weekday,Winter,Yes,43.28,67.57,8.12
2023-02-08 16:00,2,16,Weekday,Winter,Yes,42.6,66.83,0.0
2023-02-08 17:00,2,17,Weekday,Winter,Yes,42.98,66.93,0.0
2023-02-08 18:00,2,18,Weekday,Winter,No,42.98,68.94,0.0
2023-02-08 19:00,2,19,Weekday,Winter,No,43.61,67.8,0.0
2023-02-08 20:00,2,20,Weekday,Winter,No,44.06,68.52,0.0
2023-02-08 21:00,2,21,Weekday,Winter,No,44.06,70.18,6.9
2023-02-08 22:00,2,22,Weekday,Winter,No,44.06,69.34,0.0
2023-02-08 23:00,2,23,Weekday,Winter,No,43.43,68.1,0.06
2023-02-09 00:00,2,0,Weekday,Winter,No,43.61,68.29,0.0
2023-02-09 01:00,2,1,Weekday,Winter,No,43.43,68.86,1.96
2023-02-09 02:00,2,2,Weekday,Winter,No,43.61,68.59,0.0
2023-02-09 03:00,2,3,Weekday,Winter,No,43.43,68.79,3.23
2023-02-09 04:00,2,4,Weekday,Winter,No,42.98,68.05,0.0
2023-02-09 05:00,2,5,Weekday,Winter,No,42.46,69.41,0.0
2023-02-09 06:00,2,6,Weekday,Winter,No,41.45,68.18,0.0
2023-02-09 07:00,2,7,Weekday,Winter,No,40.37,68.32,0.0
2023-02-09 08:00,2,8,Weekday,Winter,Yes,42.34,66.22,29.52
2023-02-09 09:00,2,9,Weekday,Winter,Yes,45.22,66.09,25.35
2023-02-09 10:00,2,10,Weekday,Winter,Yes,47.72,66.64,26.04
2023-02-09 11:00,2,11,Weekday,Winter,Yes,48.4,68.06,28.43
2023-02-09 12:00,2,12,Weekday,Winter,Yes,48.02,67.65,30.64
2023-02-09 13:00,2,13,Weekday,Winter,Yes,46.86,68.51,24.81
2023-02-09 14:00,2,14,Weekday,Winter,Yes,45.41,67.21,26.73
2023-02-09 15:00,2,15,Weekday,Winter,Yes,44.96,66.18,0.78
2023-02-09 16:00,2,16,Weekday,Winter,Yes,43.8,67.31,5.62
2023-02-09 17:00,2,17,Weekday,Winter,Yes,41.2,65.47,0.0
2023-02-09 18:00,2,18,Weekday,Winter,No,39.92,68.01,0.0
2023-02-09 19:00,2,19,Weekday,Winter,No,39.92,67.91,0.79
2023-02-09 20:00,2,20,Weekday,Winter,No,39.4,67.86,0.0
2023-02-09 21:00,2,21,Weekday,Winter,No,38.39,67.34,0.0
2023-02-09 22:00,2,22,Weekday,Winter,No,37.42,68.58,0.0
2023-02-09 23:00,2,23,Weekday,Winter,No,36.41,68.1,0.0
2023-02-10 00:00,2,0,Weekday,Winter,No,35.96,68.99,0.0
2023-02-10 01:00,2,1,Weekday,Winter,No,35.44,66.83,0.0
2023-02-10 02:00,2,2,Weekday,Winter,No,33.9,66.3,0.0
2023-02-10 03:00,2,3,Weekday,Winter,No,33.08,66.63,0.0
2023-02-10 04:00,2,4,Weekday,Winter,No,32.45,66.82,0.0
2023-02-10 05:00,2,5,Weekday,Winter,No,32.0,65.33,0.0
2023-02-10 06:00,2,6,Weekday,Winter,No,32.0,67.36,0.0
2023-02-10 07:00,2,7,Weekday,Winter,No,32.0,67.69,0.0
2023-02-10 08:00,2,8,Weekday,Winter,Yes,33.78,64.75,10.32
2023-02-10 09:00,2,9,Weekday,Winter,Yes,38.52,64.87,11.4
2023-02-10 10:00,2,10,Weekday,Winter,Yes,43.31,66.73,19.53
2023-02-10 11:00,2,11,Weekday,Winter,Yes,46.11,67.29,21.21
2023-02-10 12:00,2,12,Weekday,Winter,Yes,48.72,67.93,35.09
2023-02-10 13:00,2,13,Weekday,Winter,Yes,50.63,68.28,31.12
2023-02-10 14:00,2,14,Weekday,Winter,Yes,52.24,67.44,31.95
2023-02-10 15:00,2,15,Weekday,Winter,Yes,52.43,68.71,10.35
2023-02-10 16:00,2,16,Weekday,Winter,Yes,51.98,68.29,0.0
2023-02-10 17:00,2,17,Weekday,Winter,Yes,50.82,68.06,10.39
2023-02-10 18:00,2,18,Weekday,Winter,No,48.84,68.18,1.8
2023-02-10 19:00,2,19,Weekday,Winter,No,45.71,69.68,1.55
2023-02-10 20:00,2,20,Weekday,Winter,No,43.43,69.16,0.0
2023-02-10 21:00,2,21,Weekday,Winter,No,41.2,66.58,0.0
2023-02-10 22:00,2,22,Weekday,Winter,No,38.76,68.76,0.0
2023-02-10 23:00,2,23,Weekday,Winter,No,36.26,67.33,0.0
2023-02-11 00:00,2,0,Weekend,Winter,No,34.43,66.52,0.0
2023-02-11 01:00,2,1,Weekend,Winter,No,33.46,67.05,0.0
2023-02-11 02:00,2,2,Weekend,Winter,No,33.08,67.6,0.0
2023-02-11 03:00,2,3,Weekend,Winter,No,32.45,67.18,0.0
2023-02-11 04:00,2,4,Weekend,Winter,No,32.0,67.27,0.0
2023-02-11 05:00,2,5,Weekend,Winter,No,31.37,66.78,0.0
2023-02-11 06:00,2,6,Weekend,Winter,No,30.92,65.97,0.0
2023-02-11 07:00,2,7,Weekend,Winter,No,32.18,67.22,0.0
2023-02-11 08:00,2,8,Weekend,Winter,No,36.54,68.5,0.0
2023-02-11 09:00,2,9,Weekend,Winter,No,41.96,67.9,4.35
2023-02-11 10:00,2,10,Weekend,Winter,No,47.52,69.33,0.77
2023-02-11 11:00,2,11,Weekend,Winter,No,52.31,69.97,5.51
2023-02-11 12:00,2,12,Weekend,Winter,No,54.59,69.36,8.28
2023-02-11 13:00,2,13,Weekend,Winter,No,56.2,70.43,12.77
2023-02-11 14:00,2,14,Weekend,Winter,No,58.18,71.4,8.16
2023-02-11 15:00,2,15,Weekend,Winter,No,59.63,70.16,22.08
2023-02-11 16:00,2,16,Weekend,Winter,No,60.08,70.5,16.84
2023-02-11 17:00,2,17,Weekend,Winter,No,57.14,70.89,14.57
2023-02-11 18:00,2,18,Weekend,Winter,No,53.26,68.79,11.09
2023-02-11 19:00,2,19,Weekend,Winter,No,50.82,70.53,6.23
2023-02-11 20:00,2,20,Weekend,Winter,No,47.69,68.88,8.37
2023-02-11 21:00,2,21,Weekend,Winter,No,45.41,69.3,0.0
2023-02-11 22:00,2,22,Weekend,Winter,No,43.8,67.82,0.0
2023-02-11 23:00,2,23,Weekend,Winter,No,41.2,68.68,0.0
2023-02-12 00:00,2,0,Weekend,Winter,No,40.55,67.87,0.0
2023-02-12 01:00,2,1,Weekend,Winter,No,39.84,67.61,0.0
2023-02-12 02:00,2,2,Weekend,Winter,No,40.17,68.87,2.52
2023-02-12 03:00,2,3,Weekend,Winter,No,41.63,67.64,0.0
2023-02-12 04:00,2,4,Weekend,Winter,No,41.45,68.76,0.0
2023-02-12 05:00,2,5,Weekend,Winter,No,40.37,68.29,0.0
2023-02-12 06:00,2,6,Weekend,Winter,No,39.92,67.82,0.0
2023-02-12 07:00,2,7,Weekend,Winter,No,39.92,67.0,0.0
2023-02-12 08:00,2,8,Weekend,Winter,No,45.17,68.45,3.05
2023-02-12 09:00,2,9,Weekend,Winter,No,51.86,70.13,8.86
2023-02-12 10:00,2,10,Weekend,Winter,No,55.74,70.51,21.69
2023-02-12 11:00,2,11,Weekend,Winter,No,60.48,71.79,9.71
2023-02-12 12:00,2,12,Weekend,Winter,No,64.11,71.06,22.37
2023-02-12 13:00,2,13,Weekend,Winter,No,66.72,72.53,15.97
2023-02-12 14:00,2,14,Weekend,Winter,No,68.63,73.23,19.79
2023-02-12 15:00,2,15,Weekend,Winter,No,68.45,73.98,26.03
2023-02-12 16:00,2,16,Weekend,Winter,No,67.37,71.79,17.4
2023-02-12 17:00,2,17,Weekend,Winter,No,64.61,70.76,27.79
2023-02-12 18:00,2,18,Weekend,Winter,No,60.65,71.88,18.4
2023-02-12 19:00,2,19,Weekend,Winter,No,57.22,69.86,21.76
2023-02-12 20:00,2,20,Weekend,Winter,No,53.1,69.98,8.11
2023-02-12 21:00,2,21,Weekend,Winter,No,49.3,69.29,5.43
2023-02-12 22:00,2,22,Weekend,Winter,No,46.24,68.72,11.34
2023-02-12 23:00,2,23,Weekend,Winter,No,44.44,69.16,0.0
2023-02-13 00:00,2,0,Weekday,Winter,No,44.06,68.17,0.0
2023-02-13 01:00,2,1,Weekday,Winter,No,44.06,67.51,0.93
2023-02-13 02:00,2,2,Weekday,Winter,No,44.06,68.27,0.52
2023-02-13 03:00,2,3,Weekday,Winter,No,44.06,68.24,1.47
2023-02-13 04:00,2,4,Weekday,Winter,No,43.43,67.62,0.0
2023-02-13 05:00,2,5,Weekday,Winter,No,43.61,68.92,1.39
2023-02-13 06:00,2,6,Weekday,Winter,No,43.43,67.98,0.0
2023-02-13 07:00,2,7,Weekday,Winter,No,44.14,68.72,0.0
2023-02-13 08:00,2,8,Weekday,Winter,Yes,48.53,68.0,29.8
2023-02-13 09:00,2,9,Weekday,Winter,Yes,54.54,68.95,31.95
2023-02-13 10:00,2,10,Weekday,Winter,Yes,59.96,71.21,44.63
2023-02-13 11:00,2,11,Weekday,Winter,Yes,64.9,71.74,40.81
2023-02-13 12:00,2,12,Weekday,Winter,Yes,68.7,70.15,42.2
2023-02-13 13:00,2,13,Weekday,Winter,Yes,69.46,71.46,47.31
2023-02-13 14:00,2,14,Weekday,Winter,Yes,70.24,70.88,45.71
2023-02-13 15:00,2,15,Weekday,Winter,Yes,71.06,71.02,33.11
2023-02-13 16:00,2,16,Weekday,Winter,Yes,69.28,70.92,28.9
2023-02-13 17:00,2,17,Weekday,Winter,Yes,65.69,70.51,20.29
2023-02-13 18:00,2,18,Weekday,Winter,No,62.26,70.48,27.26
2023-02-13 19:00,2,19,Weekday,Winter,No,59.2,71.91,8.18
2023-02-13 20:00,2,20,Weekday,Winter,No,54.46,68.79,11.2
2023-02-13 21:00,2,21,Weekday,Winter,No,51.98,71.14,13.08
2023-02-13 22:00,2,22,Weekday,Winter,No,50.2,69.85,7.96
2023-02-13 23:00,2,23,Weekday,Winter,No,47.76,68.81,0.0
2023-02-14 00:00,2,0,Weekday,Winter,No,49.36,69.63,4.31
2023-02-14 01:00,2,1,Weekday,Winter,No,49.82,69.49,8.42
2023-02-14 02:00,2,2,Weekday,Winter,No,46.61,69.77,0.0
2023-02-14 03:00,2,3,Weekday,Winter,No,44.96,67.38,6.91
2023-02-14 04:00,2,4,Weekday,Winter,No,45.59,68.94,7.23
2023-02-14 05:00,2,5,Weekday,Winter,No,46.04,68.45,1.74
2023-02-14 06:00,2,6,Weekday,Winter,No,46.56,69.04,4.08
2023-02-14 07:00,2,7,Weekday,Winter,No,47.57,69.17,0.0
2023-02-14 08:00,2,8,Weekday,Winter,Yes,52.12,68.33,33.3
2023-02-14 09:00,2,9,Weekday,Winter,Yes,56.72,69.06,34.38
2023-02-14 10:00,2,10,Weekday,Winter,Yes,59.7,69.86,36.07
2023-02-14 11:00,2,11,Weekday,Winter,Yes,65.7,70.26,40.11
2023-02-14 12:00,2,12,Weekday,Winter,Yes,71.39,70.57,42.47
2023-02-14 13:00,2,13,Weekday,Winter,Yes,74.72,72.08,50.21
2023-02-14 14:00,2,14,Weekday,Winter,Yes,75.92,71.1,55.83
2023-02-14 15:00,2,15,Weekday,Winter,Yes,75.4,72.42,30.3
2023-02-14 16:00,2,16,Weekday,Winter,Yes,74.39,72.32,24.25
2023-02-14 17:00,2,17,Weekday,Winter,Yes,71.63,71.78,31.02
2023-02-14 18:00,2,18,Weekday,Winter,No,67.67,72.12,23.62
2023-02-14 19:00,2,19,Weekday,Winter,No,64.24,71.95,18.06
2023-02-14 20:00,2,20,Weekday,Winter,No,61.8,70.87,16.7
2023-02-14 21:00,2,21,Weekday,Winter,No,58.04,70.52,17.82
2023-02-14 22:00,2,22,Weekday,Winter,No,55.94,69.59,7.88
2023-02-14 23:00,2,23,Weekday,Winter,No,55.94,70.05,12.27
2023-02-15 00:00,2,0,Weekday,Winter,No,58.36,70.42,11.15
2023-02-15 01:00,2,1,Weekday,Winter,No,60.08,71.58,15.54
2023-02-15 02:00,2,2,Weekday,Winter,No,59.45,70.69,11.36
2023-02-15 03:00,2,3,Weekday,Winter,No,57.85,72.18,7.57
2023-02-15 04:00,2,4,Weekday,Winter,No,56.39,69.96,2.69
2023-02-15 05:00,2,5,Weekday,Winter,No,55.42,70.61,6.46
2023-02-15 06:00,2,6,Weekday,Winter,No,55.04,70.56,14.85
2023-02-15 07:00,2,7,Weekday,Winter,No,56.2,70.47,12.1
2023-02-15 08:00,2,8,Weekday,Winter,Yes,57.02,68.29,38.59
2023-02-15 09:00,2,9,Weekday,Winter,Yes,59.33,71.2,33.98
2023-02-15 10:00,2,10,Weekday,Winter,Yes,63.29,71.07,39.45
2023-02-15 11:00,2,11,Weekday,Winter,Yes,67.36,71.73,44.58
2023-02-15 12:00,2,12,Weekday,Winter,Yes,68.45,69.62,42.09
2023-02-15 13:00,2,13,Weekday,Winter,Yes,67.37,71.45,44.1
2023-02-15 14:00,2,14,Weekday,Winter,Yes,66.92,70.65,40.36
2023-02-15 15:00,2,15,Weekday,Winter,Yes,66.4,70.9,20.77
2023-02-15 16:00,2,16,Weekday,Winter,Yes,66.02,70.27,27.29
2023-02-15 17:00,2,17,Weekday,Winter,Yes,66.54,71.32,22.8
2023-02-15 18:00,2,18,Weekday,Winter,No,65.76,73.34,13.0
2023-02-15 19:00,2,19,Weekday,Winter,No,63.78,72.66,16.11
2023-02-15 20:00,2,20,Weekday,Winter,No,61.8,71.04,13.62
2023-02-15 21:00,2,21,Weekday,Winter,No,61.61,72.26,18.69
2023-02-15 22:00,2,22,Weekday,Winter,No,61.43,71.28,21.21
2023-02-15 23:00,2,23,Weekday,Winter,No,60.98,71.62,15.52
2023-02-16 00:00,2,0,Weekday,Winter,No,60.46,71.19,15.18
2023-02-16 01:00,2,1,Weekday,Winter,No,59.45,71.18,19.28
2023-02-16 02:00,2,2,Weekday,Winter,No,59.0,69.99,12.72
2023-02-16 03:00,2,3,Weekday,Winter,No,59.0,72.18,9.67
2023-02-16 04:00,2,4,Weekday,Winter,No,58.37,71.06,12.04
2023-02-16 05:00,2,5,Weekday,Winter,No,57.4,70.56,20.29
2023-02-16 06:00,2,6,Weekday,Winter,No,57.02,70.55,7.31
2023-02-16 07:00,2,7,Weekday,Winter,No,56.39,69.98,6.22
2023-02-16 08:00,2,8,Weekday,Winter,Yes,57.72,69.09,29.88
2023-02-16 09:00,2,9,Weekday,Winter,Yes,61.31,69.9,43.88
2023-02-16 10:00,2,10,Weekday,Winter,Yes,64.11,70.45,41.94
2023-02-16 11:00,2,11,Weekday,Winter,Yes,65.57,70.47,39.85
2023-02-16 12:00,2,12,Weekday,Winter,Yes,66.54,70.56,38.24
2023-02-16 13:00,2,13,Weekday,Winter,Yes,65.76,69.96,42.12
2023-02-16 14:00,2,14,Weekday,Winter,Yes,64.41,70.99,45.71
2023-02-16 15:00,2,15,Weekday,Winter,Yes,65.19,71.16,18.49
2023-02-16 16:00,2,16,Weekday,Winter,Yes,64.86,68.95,11.57
2023-02-16 17:00,2,17,Weekday,Winter,Yes,63.41,69.22,31.91
2023-02-16 18:00,2,18,Weekday,Winter,No,61.28,71.33,17.31
2023-02-16 19:00,2,19,Weekday,Winter,No,58.82,73.22,10.31
2023-02-16 20:00,2,20,Weekday,Winter,No,56.76,70.54,13.29
2023-02-16 21:00,2,21,Weekday,Winter,No,54.26,70.17,10.48
2023-02-16 22:00,2,22,Weekday,Winter,No,53.06,70.22,5.33
2023-02-16 23:00,2,23,Weekday,Winter,No,51.9,70.15,6.06
2023-02-17 00:00,2,0,Weekday,Winter,No,49.82,69.76,2.37
2023-02-17 01:00,2,1,Weekday,Winter,No,47.24,68.75,0.0
2023-02-17 02:00,2,2,Weekday,Winter,No,46.04,68.22,2.27
2023-02-17 03:00,2,3,Weekday,Winter,No,46.04,69.38,2.48
2023-02-17 04:00,2,4,Weekday,Winter,No,46.04,68.31,2.4
2023-02-17 05:00,2,5,Weekday,Winter,No,44.89,68.84,0.67
2023-02-17 06:00,2,6,Weekday,Winter,No,45.74,68.61,0.0
2023-02-17 07:00,2,7,Weekday,Winter,No,47.57,69.19,4.14
2023-02-17 08:00,2,8,Weekday,Winter,Yes,50.96,68.91,27.67
2023-02-17 09:00,2,9,Weekday,Winter,Yes,55.9,68.33,30.44
2023-02-17 10:00,2,10,Weekday,Winter,Yes,60.86,68.64,40.36
2023-02-17 11:00,2,11,Weekday,Winter,Yes,64.11,70.43,35.81
2023-02-17 12:00,2,12,Weekday,Winter,Yes,67.36,71.31,50.81
2023-02-17 13:00,2,13,Weekday,Winter,Yes,70.24,72.59,44.73
2023-02-17 14:00,2,14,Weekday,Winter,Yes,71.06,71.23,45.89
2023-02-17 15:00,2,15,Weekday,Winter,Yes,71.06,72.03,26.25
2023-02-17 16:00,2,16,Weekday,Winter,Yes,71.58,72.19,30.89
2023-02-17 17:00,2,17,Weekday,Winter,Yes,70.28,71.53,19.19
2023-02-17 18:00,2,18,Weekday,Winter,No,66.67,73.19,25.39
2023-02-17 19:00,2,19,Weekday,Winter,No,63.26,73.13,14.07
2023-02-17 20:00,2,20,Weekday,Winter,No,59.12,70.8,16.66
2023-02-17 21:00,2,21,Weekday,Winter,No,55.86,71.53,15.85
2023-02-17 22:00,2,22,Weekday,Winter,No,54.41,68.96,8.37
2023-02-17 23:00,2,23,Weekday,Winter,No,53.43,70.94,8.57
2023-02-18 00:00,2,0,Weekend,Winter,No,51.9,69.88,6.1
2023-02-18 01:00,2,1,Weekend,Winter,No,50.45,69.1,5.62
2023-02-18 02:00,2,2,Weekend,Winter,No,48.84,68.88,4.3
2023-02-18 03:00,2,3,Weekend,Winter,No,49.18,69.16,12.25
2023-02-18 04:00,2,4,Weekend,Winter,No,49.37,69.18,1.1
2023-02-18 05:00,2,5,Weekend,Winter,No,48.92,70.7,4.14
2023-02-18 06:00,2,6,Weekend,Winter,No,49.55,69.78,12.51
2023-02-18 07:00,2,7,Weekend,Winter,No,50.63,70.18,3.26
2023-02-18 08:00,2,8,Weekend,Winter,No,54.54,69.73,6.85
2023-02-18 09:00,2,9,Weekend,Winter,No,60.48,71.69,17.61
2023-02-18 10:00,2,10,Weekend,Winter,No,65.9,72.45,16.58
2023-02-18 11:00,2,11,Weekend,Winter,No,70.31,72.77,15.12
2023-02-18 12:00,2,12,Weekend,Winter,No,73.12,74.1,27.51
2023-02-18 13:00,2,13,Weekend,Winter,No,75.1,74.09,28.03
2023-02-18 14:00,2,14,Weekend,Winter,No,75.92,73.87,22.65
2023-02-18 15:00,2,15,Weekend,Winter,No,76.55,74.21,30.26
2023-02-18 16:00,2,16,Weekend,Winter,No,77.0,74.52,26.19
2023-02-18 17:00,2,17,Weekend,Winter,No,75.22,74.91,28.66
2023-02-18 18:00,2,18,Weekend,Winter,No,69.84,72.9,16.33
2023-02-18 19:00,2,19,Weekend,Winter,No,65.76,71.88,22.63
2023-02-18 20:00,2,20,Weekend,Winter,No,62.1,70.41,12.81
2023-02-18 21:00,2,21,Weekend,Winter,No,58.3,71.21,20.05
2023-02-18 22:00,2,22,Weekend,Winter,No,54.71,70.5,14.47
2023-02-18 23:00,2,23,Weekend,Winter,No,53.06,69.92,10.58
2023-02-19 00:00,2,0,Weekend,Winter,No,53.06,69.97,16.11
2023-02-19 01:00,2,1,Weekend,Winter,No,51.9,69.46,10.48
2023-02-19 02:00,2,2,Weekend,Winter,No,51.6,70.3,1.44
2023-02-19 03:00,2,3,Weekend,Winter,No,51.98,69.17,8.54
2023-02-19 04:00,2,4,Weekend,Winter,No,50.82,69.84,6.38
2023-02-19 05:00,2,5,Weekend,Winter,No,51.16,69.07,8.11
2023-02-19 06:00,2,6,Weekend,Winter,No,51.46,69.99,16.19
2023-02-19 07:00,2,7,Weekend,Winter,No,51.6,68.71,10.46
2023-02-19 08:00,2,8,Weekend,Winter,No,55.44,71.06,12.86
2023-02-19 09:00,2,9,Weekend,Winter,No,62.02,71.45,22.15
2023-02-19 10:00,2,10,Weekend,Winter,No,69.67,72.52,27.7
2023-02-19 11:00,2,11,Weekend,Winter,No,75.35,74.81,22.4
2023-02-19 12:00,2,12,Weekend,Winter,No,77.63,73.81,26.64
2023-02-19 13:00,2,13,Weekend,Winter,No,79.24,74.39,29.08
2023-02-19 14:00,2,14,Weekend,Winter,No,81.22,75.75,38.87
2023-02-19 15:00,2,15,Weekend,Winter,No,82.04,75.19,43.37
2023-02-19 16:00,2,16,Weekend,Winter,No,79.73,74.4,34.64
2023-02-19 17:00,2,17,Weekend,Winter,No,75.67,74.31,25.9
2023-02-19 18:00,2,18,Weekend,Winter,No,71.63,71.92,23.15
2023-02-19 19:00,2,19,Weekend,Winter,No,68.2,72.92,18.02
2023-02-19 20:00,2,20,Weekend,Winter,No,65.24,71.17,27.14
2023-02-19 21:00,2,21,Weekend,Winter,No,61.73,71.43,8.94
2023-02-19 22:00,2,22,Weekend,Winter,No,59.45,70.33,6.78
2023-02-19 23:00,2,23,Weekend,Winter,No,57.85,70.72,9.58
2023-02-20 00:00,2,0,Weekday,Winter,No,55.86,70.57,11.85
2023-02-20 01:00,2,1,Weekday,Winter,No,53.88,69.12,13.86
2023-02-20 02:00,2,2,Weekday,Winter,No,53.58,69.64,6.65
2023-02-20 03:00,2,3,Weekday,Winter,No,52.8,70.76,13.98
2023-02-20 04:00,2,4,Weekday,Winter,No,51.98,68.53,5.85
2023-02-20 05:00,2,5,Weekday,Winter,No,52.61,69.18,5.67
2023-02-20 06:00,2,6,Weekday,Winter,No,51.9,69.57,9.74
2023-02-20 07:00,2,7,Weekday,Winter,No,52.24,70.91,8.96
2023-02-20 08:00,2,8,Weekday,Winter,Yes,57.16,70.2,39.11
2023-02-20 09:00,2,9,Weekday,Winter,Yes,62.92,70.24,40.06
2023-02-20 10:00,2,10,Weekday,Winter,Yes,66.1,69.95,51.52
2023-02-20 11:00,2,11,Weekday,Winter,Yes,68.7,71.35,45.92
2023-02-20 12:00,2,12,Weekday,Winter,Yes,71.14,72.37,46.33
2023-02-20 13:00,2,13,Weekday,Winter,Yes,71.96,72.5,48.03
2023-02-20 14:00,2,14,Weekday,Winter,Yes,72.59,71.96,55.1
2023-02-20 15:00,2,15,Weekday,Winter,Yes,72.41,71.38,21.06
2023-02-20 16:00,2,16,Weekday,Winter,Yes,71.44,72.56,24.17
2023-02-20 17:00,2,17,Weekday,Winter,Yes,69.9,72.03,17.98
2023-02-20 18:00,2,18,Weekday,Winter,No,66.67,71.62,15.43
2023-02-20 19:00,2,19,Weekday,Winter,No,62.63,71.76,18.2
2023-02-20 20:00,2,20,Weekday,Winter,No,58.67,70.76,15.16
2023-02-20 21:00,2,21,Weekday,Winter,No,55.86,71.43,21.75
2023-02-20 22:00,2,22,Weekday,Winter,No,55.04,70.86,8.54
2023-02-20 23:00,2,23,Weekday,Winter,No,55.04,70.67,8.96
2023-02-21 00:00,2,0,Weekday,Winter,No,53.26,69.82,7.06
2023-02-21 01:00,2,1,Weekday,Winter,No,50.2,70.4,0.4
2023-02-21 02:00,2,2,Weekday,Winter,No,47.24,70.32,0.0
2023-02-21 03:00,2,3,Weekday,Winter,No,47.2,69.4,6.29
2023-02-21 04:00,2,4,Weekday,Winter,No,45.71,68.87,1.69
2023-02-21 05:00,2,5,Weekday,Winter,No,44.06,68.34,0.0
2023-02-21 06:00,2,6,Weekday,Winter,No,44.06,69.06,4.34
2023-02-21 07:00,2,7,Weekday,Winter,No,43.43,69.56,3.29
2023-02-21 08:00,2,8,Weekday,Winter,Yes,46.44,67.78,24.68
2023-02-21 09:00,2,9,Weekday,Winter,Yes,54.17,68.28,27.88
2023-02-21 10:00,2,10,Weekday,Winter,Yes,59.18,69.81,37.05
2023-02-21 11:00,2,11,Weekday,Winter,Yes,62.92,70.05,46.27
2023-02-21 12:00,2,12,Weekday,Winter,Yes,65.57,71.32,44.49
2023-02-21 13:00,2,13,Weekday,Winter,Yes,66.02,70.88,41.02
2023-02-21 14:00,2,14,Weekday,Winter,Yes,66.54,70.91,42.89
2023-02-21 15:00,2,15,Weekday,Winter,Yes,66.4,71.63,15.45
2023-02-21 16:00,2,16,Weekday,Winter,Yes,65.39,69.53,8.65
2023-02-21 17:00,2,17,Weekday,Winter,Yes,63.78,70.65,27.54
2023-02-21 18:00,2,18,Weekday,Winter,No,61.28,71.65,16.38
2023-02-21 19:00,2,19,Weekday,Winter,No,57.66,70.31,11.3
2023-02-21 20:00,2,20,Weekday,Winter,No,55.94,70.94,13.5
2023-02-21 21:00,2,21,Weekday,Winter,No,55.42,71.29,17.6
2023-02-21 22:00,2,22,Weekday,Winter,No,51.47,69.03,5.14
2023-02-21 23:00,2,23,Weekday,Winter,No,47.76,70.45,4.93
2023-02-22 00:00,2,0,Weekday,Winter,No,45.26,68.88,0.0
2023-02-22 01:00,2,1,Weekday,Winter,No,44.06,68.16,0.0
2023-02-22 02:00,2,2,Weekday,Winter,No,42.9,68.85,0.0
2023-02-22 03:00,2,3,Weekday,Winter,No,40.82,66.81,0.0
2023-02-22 04:00,2,4,Weekday,Winter,No,39.92,68.42,0.0
2023-02-22 05:00,2,5,Weekday,Winter,No,39.4,68.52,0.58
2023-02-22 06:00,2,6,Weekday,Winter,No,39.54,67.67,0.0
2023-02-22 07:00,2,7,Weekday,Winter,No,41.7,67.97,0.0
2023-02-22 08:00,2,8,Weekday,Winter,Yes,50.54,68.94,21.2
2023-02-22 09:00,2,9,Weekday,Winter,Yes,59.51,69.42,30.73
2023-02-22 10:00,2,10,Weekday,Winter,Yes,63.74,70.73,40.42
2023-02-22 11:00,2,11,Weekday,Winter,Yes,66.72,71.33,50.22
2023-02-22 12:00,2,12,Weekday,Winter,Yes,69.78,71.89,37.95
2023-02-22 13:00,2,13,Weekday,Winter,Yes,72.22,71.46,49.22
2023-02-22 14:00,2,14,Weekday,Winter,Yes,73.56,71.88,51.28
2023-02-22 15:00,2,15,Weekday,Winter,Yes,72.78,72.18,25.3
2023-02-22 16:00,2,16,Weekday,Winter,Yes,72.59,72.82,21.23
2023-02-22 17:00,2,17,Weekday,Winter,Yes,71.26,71.04,13.42
2023-02-22 18:00,2,18,Weekday,Winter,No,67.04,72.77,27.49
2023-02-22 19:00,2,19,Weekday,Winter,No,61.48,71.86,10.47
2023-02-22 20:00,2,20,Weekday,Winter,No,57.85,70.94,18.02
2023-02-22 21:00,2,21,Weekday,Winter,No,53.56,70.11,10.64
2023-02-22 22:00,2,22,Weekday,Winter,No,49.3,68.54,6.95
2023-02-22 23:00,2,23,Weekday,Winter,No,46.86,69.69,1.79
2023-02-23 00:00,2,0,Weekday,Winter,No,44.89,68.9,0.0
2023-02-23 01:00,2,1,Weekday,Winter,No,43.43,68.73,0.0
2023-02-23 02:00,2,2,Weekday,Winter,No,42.98,67.96,8.88
2023-02-23 03:00,2,3,Weekday,Winter,No,42.46,68.26,1.39
2023-02-23 04:00,2,4,Weekday,Winter,No,42.08,68.38,0.0
2023-02-23 05:00,2,5,Weekday,Winter,No,40.82,68.36,3.45
2023-02-23 06:00,2,6,Weekday,Winter,No,41.18,69.1,2.88
2023-02-23 07:00,2,7,Weekday,Winter,No,43.76,68.27,0.0
2023-02-23 08:00,2,8,Weekday,Winter,Yes,50.21,68.75,27.03
2023-02-23 09:00,2,9,Weekday,Winter,Yes,56.9,68.96,32.46
2023-02-23 10:00,2,10,Weekday,Winter,Yes,63.1,69.73,41.07
2023-02-23 11:00,2,11,Weekday,Winter,Yes,68.96,72.82,43.92
2023-02-23 12:00,2,12,Weekday,Winter,Yes,73.37,71.34,55.7
2023-02-23 13:00,2,13,Weekday,Winter,Yes,76.8,73.64,51.09
2023-02-23 14:00,2,14,Weekday,Winter,Yes,78.6,73.56,54.66
2023-02-23 15:00,2,15,Weekday,Winter,Yes,79.61,74.05,37.12
2023-02-23 16:00,2,16,Weekday,Winter,Yes,79.43,72.37,36.71
2023-02-23 17:00,2,17,Weekday,Winter,Yes,76.67,71.17,25.16
2023-02-23 18:00,2,18,Weekday,Winter,No,72.08,74.18,29.93
2023-02-23 19:00,2,19,Weekday,Winter,No,67.04,72.33,23.94
2023-02-23 20:00,2,20,Weekday,Winter,No,62.1,71.86,18.09
2023-02-23 21:00,2,21,Weekday,Winter,No,58.3,69.89,12.59
2023-02-23 22:00,2,22,Weekday,Winter,No,54.71,71.04,11.9
2023-02-23 23:00,2,23,Weekday,Winter,No,51.28,69.12,13.78
2023-02-24 00:00,2,0,Weekday,Winter,No,49.37,70.21,5.1
2023-02-24 01:00,2,1,Weekday,Winter,No,47.76,69.66,1.33
2023-02-24 02:00,2,2,Weekday,Winter,No,47.57,68.85,1.9
2023-02-24 03:00,2,3,Weekday,Winter,No,48.02,68.42,7.41
2023-02-24 04:00,2,4,Weekday,Winter,No,48.02,68.42,0.0
2023-02-24 05:00,2,5,Weekday,Winter,No,47.39,68.93,0.0
2023-02-24 06:00,2,6,Weekday,Winter,No,47.57,69.16,0.0
2023-02-24 07:00,2,7,Weekday,Winter,No,49.18,70.26,14.38
2023-02-24 08:00,2,8,Weekday,Winter,Yes,55.25,68.22,27.91
2023-02-24 09:00,2,9,Weekday,Winter,Yes,63.1,69.67,41.12
2023-02-24 10:00,2,10,Weekday,Winter,Yes,70.64,72.08,49.69
2023-02-24 11:00,2,11,Weekday,Winter,Yes,76.35,72.82,46.71
2023-02-24 12:00,2,12,Weekday,Winter,Yes,80.39,72.82,55.86
2023-02-24 13:00,2,13,Weekday,Winter,Yes,83.72,73.62,50.75
2023-02-24 14:00,2,14,Weekday,Winter,Yes,86.18,74.16,54.36
2023-02-24 15:00,2,15,Weekday,Winter,Yes,86.45,74.43,38.25
2023-02-24 16:00,2,16,Weekday,Winter,Yes,85.37,73.37,42.9
2023-02-24 17:00,2,17,Weekday,Winter,Yes,83.24,73.36,38.35
2023-02-24 18:00,2,18,Weekday,Winter,No,77.94,74.21,27.11
2023-02-24 19:00,2,19,Weekday,Winter,No,71.56,71.44,29.78
2023-02-24 20:00,2,20,Weekday,Winter,No,64.98,71.95,23.31
2023-02-24 21:00,2,21,Weekday,Winter,No,60.9,70.86,12.24
2023-02-24 22:00,2,22,Weekday,Winter,No,58.3,70.0,17.88
2023-02-24 23:00,2,23,Weekday,Winter,No,55.86,70.75,7.33
2023-02-25 00:00,2,0,Weekend,Winter,No,54.41,69.6,16.87
2023-02-25 01:00,2,1,Weekend,Winter,No,53.43,71.12,8.71
2023-02-25 02:00,2,2,Weekend,Winter,No,53.58,72.08,7.91
2023-02-25 03:00,2,3,Weekend,Winter,No,52.28,69.53,12.17
2023-02-25 04:00,2,4,Weekend,Winter,No,52.76,69.68,6.14
2023-02-25 05:00,2,5,Weekend,Winter,No,52.28,70.5,14.34
2023-02-25 06:00,2,6,Weekend,Winter,No,51.6,70.7,9.57
2023-02-25 07:00,2,7,Weekend,Winter,No,53.76,70.33,6.3
2023-02-25 08:00,2,8,Weekend,Winter,No,60.29,69.71,12.01
2023-02-25 09:00,2,9,Weekend,Winter,No,68.13,72.19,34.13
2023-02-25 10:00,2,10,Weekend,Winter,No,73.9,73.4,27.51
2023-02-25 11:00,2,11,Weekend,Winter,No,78.86,74.58,22.75
2023-02-25 12:00,2,12,Weekend,Winter,No,82.74,74.64,35.59
2023-02-25 13:00,2,13,Weekend,Winter,No,85.8,75.39,36.34
2023-02-25 14:00,2,14,Weekend,Winter,No,87.6,75.42,40.18
2023-02-25 15:00,2,15,Weekend,Winter,No,87.98,74.77,47.6
2023-02-25 16:00,2,16,Weekend,Winter,No,87.46,76.84,30.43
2023-02-25 17:00,2,17,Weekend,Winter,No,84.66,75.23,46.07
2023-02-25 18:00,2,18,Weekend,Winter,No,78.84,73.79,32.84
2023-02-25 19:00,2,19,Weekend,Winter,No,74.24,73.43,30.82
2023-02-25 20:00,2,20,Weekend,Winter,No,69.47,71.69,27.99
2023-02-25 21:00,2,21,Weekend,Winter,No,64.61,72.15,13.91
2023-02-25 22:00,2,22,Weekend,Winter,No,61.28,70.73,17.81
2023-02-25 23:00,2,23,Weekend,Winter,No,57.66,72.02,14.01
2023-02-26 00:00,2,0,Weekend,Winter,No,54.78,69.7,9.92
2023-02-26 01:00,2,1,Weekend,Winter,No,55.12,69.86,1.33
2023-02-26 02:00,2,2,Weekend,Winter,No,55.42,71.36,11.32
2023-02-26 03:00,2,3,Weekend,Winter,No,54.41,69.7,16.2
2023-02-26 04:00,2,4,Weekend,Winter,No,53.96,69.67,3.23
2023-02-26 05:00,2,5,Weekend,Winter,No,51.65,70.08,7.23
2023-02-26 06:00,2,6,Weekend,Winter,No,50.0,68.27,7.0
2023-02-26 07:00,2,7,Weekend,Winter,No,51.16,70.57,1.06
2023-02-26 08:00,2,8,Weekend,Winter,No,57.23,69.56,9.82
2023-02-26 09:00,2,9,Weekend,Winter,No,65.7,71.27,21.26
2023-02-26 10:00,2,10,Weekend,Winter,No,73.07,73.48,29.15
2023-02-26 11:00,2,11,Weekend,Winter,No,78.86,74.91,30.09
2023-02-26 12:00,2,12,Weekend,Winter,No,82.74,73.82,39.09
2023-02-26 13:00,2,13,Weekend,Winter,No,84.54,75.75,27.97
2023-02-26 14:00,2,14,Weekend,Winter,No,86.18,75.89,41.33
2023-02-26 15:00,2,15,Weekend,Winter,No,87.08,75.95,38.18
2023-02-26 16:00,2,16,Weekend,Winter,No,87.08,75.82,51.65
2023-02-26 17:00,2,17,Weekend,Winter,No,84.66,74.51,37.83
2023-02-26 18:00,2,18,Weekend,Winter,No,79.47,72.81,23.21
2023-02-26 19:00,2,19,Weekend,Winter,No,74.69,73.48,23.49
2023-02-26 20:00,2,20,Weekend,Winter,No,71.26,73.43,24.32
2023-02-26 21:00,2,21,Weekend,Winter,No,66.52,72.21,14.28
2023-02-26 22:00,2,22,Weekend,Winter,No,62.89,71.98,19.91
2023-02-26 23:00,2,23,Weekend,Winter,No,60.28,70.47,18.14
2023-02-27 00:00,2,0,Weekday,Winter,No,57.85,71.05,15.72
2023-02-27 01:00,2,1,Weekday,Winter,No,57.02,71.42,17.55
2023-02-27 02:00,2,2,Weekday,Winter,No,55.24,70.98,8.73
2023-02-27 03:00,2,3,Weekday,Winter,No,53.96,69.16,10.86
2023-02-27 04:00,2,4,Weekday,Winter,No,52.8,70.8,9.62
2023-02-27 05:00,2,5,Weekday,Winter,No,53.14,70.19,2.83
2023-02-27 06:00,2,6,Weekday,Winter,No,52.8,69.36,11.82
2023-02-27 07:00,2,7,Weekday,Winter,No,54.92,69.41,11.87
2023-02-27 08:00,2,8,Weekday,Winter,Yes,61.64,69.04,37.0
2023-02-27 09:00,2,9,Weekday,Winter,Yes,67.88,70.64,40.2
2023-02-27 10:00,2,10,Weekday,Winter,Yes,74.7,71.67,49.55
2023-02-27 11:00,2,11,Weekday,Winter,Yes,80.39,73.22,51.51
2023-02-27 12:00,2,12,Weekday,Winter,Yes,83.2,73.54,61.37
2023-02-27 13:00,2,13,Weekday,Winter,Yes,85.18,73.77,60.02
2023-02-27 14:00,2,14,Weekday,Winter,Yes,86.63,73.91,62.18
2023-02-27 15:00,2,15,Weekday,Winter,Yes,87.6,75.25,36.46
2023-02-27 16:00,2,16,Weekday,Winter,Yes,87.98,74.43,41.26
2023-02-27 17:00,2,17,Weekday,Winter,Yes,85.67,74.4,36.23
2023-02-27 18:00,2,18,Weekday,Winter,No,81.08,73.86,28.68
2023-02-27 19:00,2,19,Weekday,Winter,No,76.67,74.89,35.9
2023-02-27 20:00,2,20,Weekday,Winter,No,73.86,72.34,23.59
2023-02-27 21:00,2,21,Weekday,Winter,No,68.94,71.66,23.46
2023-02-27 22:00,2,22,Weekday,Winter,No,65.39,72.03,18.31
2023-02-27 23:00,2,23,Weekday,Winter,No,64.94,72.55,26.79
2023-02-28 00:00,2,0,Weekday,Winter,No,62.63,71.2,15.49
2023-02-28 01:00,2,1,Weekday,Winter,No,59.82,72.0,15.72
2023-02-28 02:00,2,2,Weekday,Winter,No,61.31,71.26,17.55
2023-02-28 03:00,2,3,Weekday,Winter,No,60.65,71.53,7.96
2023-02-28 04:00,2,4,Weekday,Winter,No,59.0,69.84,7.01
2023-02-28 05:00,2,5,Weekday,Winter,No,60.16,70.07,9.5
2023-02-28 06:00,2,6,Weekday,Winter,No,60.98,70.94,17.54
2023-02-28 07:00,2,7,Weekday,Winter,No,59.82,69.2,14.98
2023-02-28 08:00,2,8,Weekday,Winter,Yes,66.04,71.65,48.71
2023-02-28 09:00,2,9,Weekday,Winter,Yes,73.37,71.23,54.9
2023-02-28 10:00,2,10,Weekday,Winter,Yes,76.18,72.07,50.14
2023-02-28 11:00,2,11,Weekday,Winter,Yes,78.78,72.38,56.54
2023-02-28 12:00,2,12,Weekday,Winter,Yes,80.58,73.49,60.26
2023-02-28 13:00,2,13,Weekday,Winter,Yes,82.12,73.49,58.95
2023-02-28 14:00,2,14,Weekday,Winter,Yes,84.1,73.01,66.29
2023-02-28 15:00,2,15,Weekday,Winter,Yes,84.92,74.47,35.81
2023-02-28 16:00,2,16,Weekday,Winter,Yes,84.4,73.59,39.94
2023-02-28 17:00,2,17,Weekday,Winter,Yes,82.24,73.23,27.59
2023-02-28 18:00,2,18,Weekday,Winter,No,77.5,74.23,29.97
2023-02-28 19:00,2,19,Weekday,Winter,No,73.24,72.81,26.92
2023-02-28 20:00,2,20,Weekday,Winter,No,70.28,73.75,13.98
2023-02-28 21:00,2,21,Weekday,Winter,No,67.3,72.48,24.09
2023-02-28 22:00,2,22,Weekday,Winter,No,64.34,72.4,16.3
2023-02-28 23:00,2,23,Weekday,Winter,No,61.36,70.43,17.47
2023-03-01 00:00,3,0,Weekday,Spring,No,58.3,70.34,14.2
2023-03-01 01:00,3,1,Weekday,Spring,No,55.24,69.78,10.29
2023-03-01 02:00,3,2,Weekday,Spring,No,52.28,70.31,10.2
2023-03-01 03:00,3,3,Weekday,Spring,No,49.3,68.7,3.24
2023-03-01 04:00,3,4,Weekday,Spring,No,47.39,69.51,10.89
2023-03-01 05:00,3,5,Weekday,Spring,No,47.78,69.74,3.67
2023-03-01 06:00,3,6,Weekday,Spring,No,49.11,68.9,9.85
2023-03-01 07:00,3,7,Weekday,Spring,No,50.48,68.68,10.94
2023-03-01 08:00,3,8,Weekday,Spring,Yes,54.33,68.96,37.07
2023-03-01 09:00,3,9,Weekday,Spring,Yes,60.02,68.58,34.7
2023-03-01 10:00,3,10,Weekday,Spring,Yes,65.68,71.62,45.98
2023-03-01 11:00,3,11,Weekday,Spring,Yes,69.16,71.63,40.67
2023-03-01 12:00,3,12,Weekday,Spring,Yes,71.14,72.31,50.45
2023-03-01 13:00,3,13,Weekday,Spring,Yes,73.12,72.67,50.59
2023-03-01 14:00,3,14,Weekday,Spring,Yes,73.94,72.26,50.85
2023-03-01 15:00,3,15,Weekday,Spring,Yes,73.94,71.49,28.2
2023-03-01 16:00,3,16,Weekday,Spring,Yes,73.94,72.4,26.41
2023-03-01 17:00,3,17,Weekday,Spring,Yes,72.78,72.34,29.37
2023-03-01 18:00,3,18,Weekday,Spring,No,70.81,74.13,26.1
2023-03-01 19:00,3,19,Weekday,Spring,No,68.82,73.19,20.35
2023-03-01 20:00,3,20,Weekday,Spring,No,67.37,70.86,25.5
2023-03-01 21:00,3,21,Weekday,Spring,No,66.4,71.85,24.98
2023-03-01 22:00,3,22,Weekday,Spring,No,65.39,72.62,14.44
2023-03-01 23:00,3,23,Weekday,Spring,No,64.41,71.03,21.08
2023-03-02 00:00,3,0,Weekday,Spring,No,63.41,70.39,21.13
2023-03-02 01:00,3,1,Weekday,Spring,No,62.44,71.97,28.31
2023-03-02 02:00,3,2,Weekday,Spring,No,61.22,72.23,16.17
2023-03-02 03:00,3,3,Weekday,Spring,No,59.89,71.59,19.04
2023-03-02 04:00,3,4,Weekday,Spring,No,58.52,71.86,12.33
2023-03-02 05:00,3,5,Weekday,Spring,No,57.71,71.26,12.65
2023-03-02 06:00,3,6,Weekday,Spring,No,57.46,70.46,18.93
2023-03-02 07:00,3,7,Weekday,Spring,No,57.17,71.78,16.6
2023-03-02 08:00,3,8,Weekday,Spring,Yes,58.6,69.62,40.76
2023-03-02 09:00,3,9,Weekday,Spring,Yes,61.19,70.13,25.97
2023-03-02 10:00,3,10,Weekday,Spring,Yes,63.82,69.89,37.94
2023-03-02 11:00,3,11,Weekday,Spring,Yes,66.1,70.75,36.49
2023-03-02 12:00,3,12,Weekday,Spring,Yes,68.18,71.15,47.92
2023-03-02 13:00,3,13,Weekday,Spring,Yes,70.24,71.96,44.83
2023-03-02 14:00,3,14,Weekday,Spring,Yes,71.58,70.52,37.14
2023-03-02 15:00,3,15,Weekday,Spring,Yes,72.59,72.05,22.36
2023-03-02 16:00,3,16,Weekday,Spring,Yes,73.56,72.4,27.57
2023-03-02 17:00,3,17,Weekday,Spring,Yes,73.0,72.39,32.52
2023-03-02 18:00,3,18,Weekday,Spring,No,71.38,72.78,17.58
2023-03-02 19:00,3,19,Weekday,Spring,No,69.76,74.42,13.65
2023-03-02 20:00,3,20,Weekday,Spring,No,67.92,73.35,21.99
2023-03-02 21:00,3,21,Weekday,Spring,No,65.84,72.38,17.42
2023-03-02 22:00,3,22,Weekday,Spring,No,63.78,72.26,13.92
2023-03-02 23:00,3,23,Weekday,Spring,No,62.75,71.44,14.41
2023-03-03 00:00,3,0,Weekday,Spring,No,62.5,69.62,27.85
2023-03-03 01:00,3,1,Weekday,Spring,No,62.21,70.75,13.78
2023-03-03 02:00,3,2,Weekday,Spring,No,62.06,70.78,17.19
2023-03-03 03:00,3,3,Weekday,Spring,No,62.06,71.6,21.42
2023-03-03 04:00,3,4,Weekday,Spring,No,62.06,71.51,16.92
2023-03-03 05:00,3,5,Weekday,Spring,No,61.85,71.91,12.22
2023-03-03 06:00,3,6,Weekday,Spring,No,61.49,71.31,17.13
2023-03-03 07:00,3,7,Weekday,Spring,No,61.13,70.94,22.19
2023-03-03 08:00,3,8,Weekday,Spring,Yes,61.72,69.14,40.97
2023-03-03 09:00,3,9,Weekday,Spring,Yes,63.08,71.01,39.91
2023-03-03 10:00,3,10,Weekday,Spring,Yes,64.42,70.92,38.71
2023-03-03 11:00,3,11,Weekday,Spring,Yes,65.15,70.38,41.12
2023-03-03 12:00,3,12,Weekday,Spring,Yes,65.51,70.11,39.83
2023-03-03 13:00,3,13,Weekday,Spring,Yes,65.87,71.11,41.38
2023-03-03 14:00,3,14,Weekday,Spring,Yes,66.23,70.55,44.17
2023-03-03 15:00,3,15,Weekday,Spring,Yes,66.48,70.88,18.63
2023-03-03 16:00,3,16,Weekday,Spring,Yes,66.77,71.16,26.31
2023-03-03 17:00,3,17,Weekday,Spring,Yes,65.55,69.99,27.14
2023-03-03 18:00,3,18,Weekday,Spring,No,63.32,72.47,20.19
2023-03-03 19:00,3,19,Weekday,Spring,No,61.05,72.61,24.0
2023-03-03 20:00,3,20,Weekday,Spring,No,59.24,71.14,11.87
2023-03-03 21:00,3,21,Weekday,Spring,No,57.9,70.57,13.2
2023-03-03 22:00,3,22,Weekday,Spring,No,56.54,71.23,8.38
2023-03-03 23:00,3,23,Weekday,Spring,No,55.52,70.03,2.23
2023-03-04 00:00,3,0,Weekend,Spring,No,54.9,70.8,10.73
2023-03-04 01:00,3,1,Weekend,Spring,No,54.26,71.5,17.27
2023-03-04 02:00,3,2,Weekend,Spring,No,53.02,70.33,12.32
2023-03-04 03:00,3,3,Weekend,Spring,No,51.29,70.09,10.66
2023-03-04 04:00,3,4,Weekend,Spring,No,49.6,70.82,8.49
2023-03-04 05:00,3,5,Weekend,Spring,No,49.55,68.2,4.97
2023-03-04 06:00,3,6,Weekend,Spring,No,50.52,70.28,11.1
2023-03-04 07:00,3,7,Weekend,Spring,No,51.53,70.12,6.04
2023-03-04 08:00,3,8,Weekend,Spring,No,53.56,70.14,14.89
2023-03-04 09:00,3,9,Weekend,Spring,No,56.26,71.05,9.94
2023-03-04 10:00,3,10,Weekend,Spring,No,58.96,70.85,5.85
2023-03-04 11:00,3,11,Weekend,Spring,No,61.24,72.96,15.32
2023-03-04 12:00,3,12,Weekend,Spring,No,63.22,72.34,18.44
2023-03-04 13:00,3,13,Weekend,Spring,No,65.19,71.67,20.31
2023-03-04 14:00,3,14,Weekend,Spring,No,66.23,71.8,19.06
2023-03-04 15:00,3,15,Weekend,Spring,No,66.48,73.14,21.11
2023-03-04 16:00,3,16,Weekend,Spring,No,66.77,70.96,28.14
2023-03-04 17:00,3,17,Weekend,Spring,No,65.34,72.3,26.23
2023-03-04 18:00,3,18,Weekend,Spring,No,62.75,71.39,16.06
2023-03-04 19:00,3,19,Weekend,Spring,No,60.12,71.53,15.04
2023-03-04 20:00,3,20,Weekend,Spring,No,57.42,70.81,15.74
2023-03-04 21:00,3,21,Weekend,Spring,No,54.83,70.2,6.46
2023-03-04 22:00,3,22,Weekend,Spring,No,52.2,70.76,8.86
2023-03-04 23:00,3,23,Weekend,Spring,No,50.45,70.03,9.46
2023-03-05 00:00,3,0,Weekend,Spring,No,49.48,69.05,4.3
2023-03-05 01:00,3,1,Weekend,Spring,No,48.47,69.35,0.32
2023-03-05 02:00,3,2,Weekend,Spring,No,47.39,68.46,3.98
2023-03-05 03:00,3,3,Weekend,Spring,No,46.42,69.42,2.78
2023-03-05 04:00,3,4,Weekend,Spring,No,45.41,68.6,2.99
2023-03-05 05:00,3,5,Weekend,Spring,No,45.59,69.38,2.84
2023-03-05 06:00,3,6,Weekend,Spring,No,46.56,69.64,0.31
2023-03-05 07:00,3,7,Weekend,Spring,No,47.57,67.97,3.49
2023-03-05 08:00,3,8,Weekend,Spring,No,51.17,69.49,9.83
2023-03-05 09:00,3,9,Weekend,Spring,No,56.46,71.86,8.78
2023-03-05 10:00,3,10,Weekend,Spring,No,61.79,71.5,13.17
2023-03-05 11:00,3,11,Weekend,Spring,No,65.4,71.25,13.04
2023-03-05 12:00,3,12,Weekend,Spring,No,67.74,73.74,22.15
2023-03-05 13:00,3,13,Weekend,Spring,No,70.09,73.59,16.76
2023-03-05 14:00,3,14,Weekend,Spring,No,71.58,74.11,25.16
2023-03-05 15:00,3,15,Weekend,Spring,No,72.59,72.93,22.56
2023-03-05 16:00,3,16,Weekend,Spring,No,73.56,73.45,29.36
2023-03-05 17:00,3,17,Weekend,Spring,No,72.16,72.99,32.97
2023-03-05 18:00,3,18,Weekend,Spring,No,69.2,73.01,14.34
2023-03-05 19:00,3,19,Weekend,Spring,No,66.22,71.95,16.65
2023-03-05 20:00,3,20,Weekend,Spring,No,63.16,72.72,21.47
2023-03-05 21:00,3,21,Weekend,Spring,No,60.2,72.08,13.88
2023-03-05 22:00,3,22,Weekend,Spring,No,57.22,70.15,9.65
2023-03-05 23:00,3,23,Weekend,Spring,No,55.52,70.51,11.5
2023-03-06 00:00,3,0,Weekday,Spring,No,54.9,70.44,13.73
2023-03-06 01:00,3,1,Weekday,Spring,No,54.26,70.16,4.22
2023-03-06 02:00,3,2,Weekday,Spring,No,52.38,70.27,2.44
2023-03-06 03:00,3,3,Weekday,Spring,No,49.79,69.39,8.29
2023-03-06 04:00,3,4,Weekday,Spring,No,47.16,67.66,12.59
2023-03-06 05:00,3,5,Weekday,Spring,No,46.98,68.63,1.17
2023-03-06 06:00,3,6,Weekday,Spring,No,48.71,69.65,1.88
2023-03-06 07:00,3,7,Weekday,Spring,No,50.4,69.71,5.27
2023-03-06 08:00,3,8,Weekday,Spring,Yes,54.12,69.32,28.08
2023-03-06 09:00,3,9,Weekday,Spring,Yes,59.45,70.05,33.46
2023-03-06 10:00,3,10,Weekday,Spring,Yes,64.74,70.24,39.73
2023-03-06 11:00,3,11,Weekday,Spring,Yes,67.76,70.39,45.59
2023-03-06 12:00,3,12,Weekday,Spring,Yes,69.1,71.84,43.31
2023-03-06 13:00,3,13,Weekday,Spring,Yes,70.46,71.7,43.95
2023-03-06 14:00,3,14,Weekday,Spring,Yes,70.64,71.87,47.34
2023-03-06 15:00,3,15,Weekday,Spring,Yes,70.03,70.77,26.68
2023-03-06 16:00,3,16,Weekday,Spring,Yes,69.38,71.17,14.99
2023-03-06 17:00,3,17,Weekday,Spring,Yes,67.72,70.96,23.4
2023-03-06 18:00,3,18,Weekday,Spring,No,65.38,72.23,20.18
2023-03-06 19:00,3,19,Weekday,Spring,No,63.04,71.67,18.07
2023-03-06 20:00,3,20,Weekday,Spring,No,61.12,71.85,15.08
2023-03-06 21:00,3,21,Weekday,Spring,No,59.39,70.65,22.44
2023-03-06 22:00,3,22,Weekday,Spring,No,57.7,71.32,10.89
2023-03-06 23:00,3,23,Weekday,Spring,No,56.81,70.03,17.02
2023-03-07 00:00,3,0,Weekday,Spring,No,56.45,70.63,14.91
2023-03-07 01:00,3,1,Weekday,Spring,No,56.09,70.25,16.48
2023-03-07 02:00,3,2,Weekday,Spring,No,55.42,72.05,7.02
2023-03-07 03:00,3,3,Weekday,Spring,No,54.41,69.62,10.37
2023-03-07 04:00,3,4,Weekday,Spring,No,53.43,69.4,12.22
2023-03-07 05:00,3,5,Weekday,Spring,No,52.85,69.88,11.08
2023-03-07 06:00,3,6,Weekday,Spring,No,52.49,69.17,14.13
2023-03-07 07:00,3,7,Weekday,Spring,No,52.13,68.96,12.93
2023-03-07 08:00,3,8,Weekday,Spring,Yes,52.72,68.29,35.91
2023-03-07 09:00,3,9,Weekday,Spring,Yes,54.08,69.81,29.54
2023-03-07 10:00,3,10,Weekday,Spring,Yes,55.42,69.16,32.46
2023-03-07 11:00,3,11,Weekday,Spring,Yes,57.3,69.77,37.27
2023-03-07 12:00,3,12,Weekday,Spring,Yes,59.64,68.98,46.93
2023-03-07 13:00,3,13,Weekday,Spring,Yes,61.98,71.1,34.62
2023-03-07 14:00,3,14,Weekday,Spring,Yes,63.17,70.13,40.71
2023-03-07 15:00,3,15,Weekday,Spring,Yes,63.53,70.57,14.93
2023-03-07 16:00,3,16,Weekday,Spring,Yes,63.89,70.39,22.78
2023-03-07 17:00,3,17,Weekday,Spring,Yes,62.89,71.49,21.03
2023-03-07 18:00,3,18,Weekday,Spring,No,60.8,70.16,11.32
2023-03-07 19:00,3,19,Weekday,Spring,No,58.74,71.88,17.07
2023-03-07 20:00,3,20,Weekday,Spring,No,56.76,69.93,9.02
2023-03-07 21:00,3,21,Weekday,Spring,No,54.78,71.39,9.11
2023-03-07 22:00,3,22,Weekday,Spring,No,52.8,70.12,12.98
2023-03-07 23:00,3,23,Weekday,Spring,No,51.24,68.52,5.26
2023-03-08 00:00,3,0,Weekday,Spring,No,49.88,69.46,7.21
2023-03-08 01:00,3,1,Weekday,Spring,No,48.54,68.72,3.91
2023-03-08 02:00,3,2,Weekday,Spring,No,47.28,68.06,0.66
2023-03-08 03:00,3,3,Weekday,Spring,No,45.92,67.6,3.61
2023-03-08 04:00,3,4,Weekday,Spring,No,44.58,68.14,1.04
2023-03-08 05:00,3,5,Weekday,Spring,No,44.48,68.32,0.0
2023-03-08 06:00,3,6,Weekday,Spring,No,45.1,69.05,7.18
2023-03-08 07:00,3,7,Weekday,Spring,No,45.74,69.98,2.29
2023-03-08 08:00,3,8,Weekday,Spring,Yes,48.98,68.29,28.71
2023-03-08 09:00,3,9,Weekday,Spring,Yes,53.92,68.29,27.93
2023-03-08 10:00,3,10,Weekday,Spring,Yes,58.88,70.18,45.99
2023-03-08 11:00,3,11,Weekday,Spring,Yes,62.35,69.74,31.37
2023-03-08 12:00,3,12,Weekday,Spring,Yes,64.68,70.7,41.31
2023-03-08 13:00,3,13,Weekday,Spring,Yes,67.03,72.74,39.09
2023-03-08 14:00,3,14,Weekday,Spring,Yes,68.21,70.76,43.42
2023-03-08 15:00,3,15,Weekday,Spring,Yes,68.57,71.93,15.19
2023-03-08 16:00,3,16,Weekday,Spring,Yes,68.93,70.48,24.02
2023-03-08 17:00,3,17,Weekday,Spring,Yes,67.72,72.11,20.62
2023-03-08 18:00,3,18,Weekday,Spring,No,65.38,72.13,20.81
2023-03-08 19:00,3,19,Weekday,Spring,No,63.04,72.05,8.32
2023-03-08 20:00,3,20,Weekday,Spring,No,60.28,71.67,19.31
2023-03-08 21:00,3,21,Weekday,Spring,No,57.32,69.05,17.15
2023-03-08 22:00,3,22,Weekday,Spring,No,54.33,70.19,4.62
2023-03-08 23:00,3,23,Weekday,Spring,No,52.43,68.95,12.78
2023-03-09 00:00,3,0,Weekday,Spring,No,51.46,69.22,6.02
2023-03-09 01:00,3,1,Weekday,Spring,No,50.45,69.56,6.81
2023-03-09 02:00,3,2,Weekday,Spring,No,49.06,68.0,11.65
2023-03-09 03:00,3,3,Weekday,Spring,No,47.33,69.2,13.22
2023-03-09 04:00,3,4,Weekday,Spring,No,45.64,68.76,5.04
2023-03-09 05:00,3,5,Weekday,Spring,No,45.59,70.44,0.0
2023-03-09 06:00,3,6,Weekday,Spring,No,46.56,69.95,0.0
2023-03-09 07:00,3,7,Weekday,Spring,No,47.57,68.5,2.43
2023-03-09 08:00,3,8,Weekday,Spring,Yes,50.54,67.49,23.24
2023-03-09 09:00,3,9,Weekday,Spring,Yes,54.86,68.96,30.02
2023-03-09 10:00,3,10,Weekday,Spring,Yes,59.18,70.13,25.88
2023-03-09 11:00,3,11,Weekday,Spring,Yes,62.35,71.03,39.94
2023-03-09 12:00,3,12,Weekday,Spring,Yes,64.68,70.44,36.99
2023-03-09 13:00,3,13,Weekday,Spring,Yes,67.03,71.03,40.45
2023-03-09 14:00,3,14,Weekday,Spring,Yes,68.0,70.72,47.04
2023-03-09 15:00,3,15,Weekday,Spring,Yes,68.0,70.93,22.38
2023-03-09 16:00,3,16,Weekday,Spring,Yes,68.0,70.74,27.08
2023-03-09 17:00,3,17,Weekday,Spring,Yes,67.06,71.25,23.69
2023-03-09 18:00,3,18,Weekday,Spring,No,65.33,72.17,10.37
2023-03-09 19:00,3,19,Weekday,Spring,No,63.64,72.65,24.04
2023-03-09 20:00,3,20,Weekday,Spring,No,61.8,71.77,13.34
2023-03-09 21:00,3,21,Weekday,Spring,No,59.82,70.41,19.61
2023-03-09 22:00,3,22,Weekday,Spring,No,57.85,70.8,12.21
2023-03-09 23:00,3,23,Weekday,Spring,No,56.6,70.49,9.8
2023-03-10 00:00,3,0,Weekday,Spring,No,55.98,71.1,12.81
2023-03-10 01:00,3,1,Weekday,Spring,No,55.34,70.84,7.73
2023-03-10 02:00,3,2,Weekday,Spring,No,54.83,70.82,3.7
2023-03-10 03:00,3,3,Weekday,Spring,No,54.47,69.51,10.37
2023-03-10 04:00,3,4,Weekday,Spring,No,54.11,71.07,6.19
2023-03-10 05:00,3,5,Weekday,Spring,No,54.38,70.27,13.81
2023-03-10 06:00,3,6,Weekday,Spring,No,55.0,70.62,5.77
2023-03-10 07:00,3,7,Weekday,Spring,No,55.64,69.26,4.71
2023-03-10 08:00,3,8,Weekday,Spring,Yes,57.52,68.51,34.78
2023-03-10 09:00,3,9,Weekday,Spring,Yes,60.22,69.16,34.28
2023-03-10 10:00,3,10,Weekday,Spring,Yes,62.92,69.98,40.96
2023-03-10 11:00,3,11,Weekday,Spring,Yes,64.25,70.16,46.34
2023-03-10 12:00,3,12,Weekday,Spring,Yes,64.51,71.11,39.38
2023-03-10 13:00,3,13,Weekday,Spring,Yes,64.79,71.67,41.35
2023-03-10 14:00,3,14,Weekday,Spring,Yes,63.16,69.74,45.45
2023-03-10 15:00,3,15,Weekday,Spring,Yes,60.2,69.23,13.93
2023-03-10 16:00,3,16,Weekday,Spring,Yes,57.22,69.03,22.62
2023-03-10 17:00,3,17,Weekday,Spring,Yes,55.52,68.99,11.45
2023-03-10 18:00,3,18,Weekday,Spring,No,54.9,70.35,7.34
2023-03-10 19:00,3,19,Weekday,Spring,No,54.26,68.86,13.65
2023-03-10 20:00,3,20,Weekday,Spring,No,53.96,70.66,13.18
2023-03-10 21:00,3,21,Weekday,Spring,No,53.96,70.43,4.1
2023-03-10 22:00,3,22,Weekday,Spring,No,53.96,69.37,2.03
2023-03-10 23:00,3,23,Weekday,Spring,No,53.96,70.34,10.16
2023-03-11 00:00,3,0,Weekend,Spring,No,53.96,69.69,7.8
2023-03-11 01:00,3,1,Weekend,Spring,No,53.96,69.72,7.94
2023-03-11 02:00,3,2,Weekend,Spring,No,53.54,69.63,10.51
2023-03-11 03:00,3,3,Weekend,Spring,No,52.92,70.2,4.29
2023-03-11 04:00,3,4,Weekend,Spring,No,52.28,69.98,9.76
2023-03-11 05:00,3,5,Weekend,Spring,No,51.98,70.91,7.7
2023-03-11 06:00,3,6,Weekend,Spring,No,51.98,70.78,3.22
2023-03-11 07:00,3,7,Weekend,Spring,No,51.98,69.27,16.54
2023-03-11 08:00,3,8,Weekend,Spring,No,53.56,71.08,2.17
2023-03-11 09:00,3,9,Weekend,Spring,No,56.26,70.59,14.55
2023-03-11 10:00,3,10,Weekend,Spring,No,58.96,70.65,13.82
2023-03-11 11:00,3,11,Weekend,Spring,No,60.29,70.76,14.14
2023-03-11 12:00,3,12,Weekend,Spring,No,60.54,72.18,19.15
2023-03-11 13:00,3,13,Weekend,Spring,No,60.83,71.18,19.35
2023-03-11 14:00,3,14,Weekend,Spring,No,61.19,71.67,1.89
2023-03-11 15:00,3,15,Weekend,Spring,No,61.55,70.62,20.35
2023-03-11 16:00,3,16,Weekend,Spring,No,61.91,70.36,10.2
2023-03-11 17:00,3,17,Weekend,Spring,No,61.12,70.57,18.65
2023-03-11 18:00,3,18,Weekend,Spring,No,59.39,70.48,16.54
2023-03-11 19:00,3,19,Weekend,Spring,No,57.7,71.15,10.01
2023-03-11 20:00,3,20,Weekend,Spring,No,56.6,70.64,7.97
2023-03-11 21:00,3,21,Weekend,Spring,No,55.98,70.27,13.75
2023-03-11 22:00,3,22,Weekend,Spring,No,55.34,71.12,12.06
2023-03-11 23:00,3,23,Weekend,Spring,No,54.41,70.26,17.28
2023-03-12 00:00,3,0,Weekend,Spring,No,53.43,69.45,12.9
2023-03-12 01:00,3,1,Weekend,Spring,No,52.43,70.88,7.13
2023-03-12 02:00,3,2,Weekend,Spring,No,51.35,70.7,7.29
2023-03-12 03:00,3,3,Weekend,Spring,No,50.38,69.15,0.0
2023-03-12 04:00,3,4,Weekend,Spring,No,49.37,70.22,6.28
2023-03-12 05:00,3,5,Weekend,Spring,No,49.34,70.26,7.19
2023-03-12 06:00,3,6,Weekend,Spring,No,50.06,69.26,7.01
2023-03-12 07:00,3,7,Weekend,Spring,No,50.78,68.96,2.54
2023-03-12 08:00,3,8,Weekend,Spring,No,52.86,70.26,6.11
2023-03-12 09:00,3,9,Weekend,Spring,No,55.82,70.35,10.01
2023-03-12 10:00,3,10,Weekend,Spring,No,58.8,72.64,5.22
2023-03-12 11:00,3,11,Weekend,Spring,No,60.6,71.74,22.35
2023-03-12 12:00,3,12,Weekend,Spring,No,61.61,71.44,7.94
2023-03-12 13:00,3,13,Weekend,Spring,No,62.58,71.13,15.53
2023-03-12 14:00,3,14,Weekend,Spring,No,63.59,71.97,20.43
2023-03-12 15:00,3,15,Weekend,Spring,No,64.56,72.27,19.01
2023-03-12 16:00,3,16,Weekend,Spring,No,65.57,72.59,21.31
2023-03-12 17:00,3,17,Weekend,Spring,No,64.86,71.29,13.05
2023-03-12 18:00,3,18,Weekend,Spring,No,62.89,71.58,18.62
2023-03-12 19:00,3,19,Weekend,Spring,No,60.9,72.24,11.86
2023-03-12 20:00,3,20,Weekend,Spring,No,59.14,70.83,13.89
2023-03-12 21:00,3,21,Weekend,Spring,No,57.41,72.07,10.36
2023-03-12 22:00,3,22,Weekend,Spring,No,55.72,70.02,8.73
2023-03-12 23:00,3,23,Weekend,Spring,No,53.68,69.53,14.83
2023-03-13 00:00,3,0,Weekday,Spring,No,51.34,68.78,3.64
2023-03-13 01:00,3,1,Weekday,Spring,No,49.0,70.1,6.38
2023-03-13 02:00,3,2,Weekday,Spring,No,47.28,69.56,6.73
2023-03-13 03:00,3,3,Weekday,Spring,No,45.92,68.01,2.53
2023-03-13 04:00,3,4,Weekday,Spring,No,44.58,69.12,0.0
2023-03-13 05:00,3,5,Weekday,Spring,No,44.58,69.04,0.48
2023-03-13 06:00,3,6,Weekday,Spring,No,45.59,68.18,0.0
2023-03-13 07:00,3,7,Weekday,Spring,No,46.56,69.52,1.02
2023-03-13 08:00,3,8,Weekday,Spring,Yes,50.4,68.45,23.16
2023-03-13 09:00,3,9,Weekday,Spring,Yes,56.45,68.44,31.33
2023-03-13 10:00,3,10,Weekday,Spring,Yes,62.46,68.74,40.26
2023-03-13 11:00,3,11,Weekday,Spring,Yes,66.52,70.46,51.52
2023-03-13 12:00,3,12,Weekday,Spring,Yes,69.22,71.55,43.77
2023-03-13 13:00,3,13,Weekday,Spring,Yes,71.92,71.83,53.48
2023-03-13 14:00,3,14,Weekday,Spring,Yes,73.25,72.23,41.16
2023-03-13 15:00,3,15,Weekday,Spring,Yes,73.51,72.43,21.6
2023-03-13 16:00,3,16,Weekday,Spring,Yes,73.79,71.82,26.2
2023-03-13 17:00,3,17,Weekday,Spring,Yes,72.37,72.48,20.8
2023-03-13 18:00,3,18,Weekday,Spring,No,69.77,72.66,30.11
2023-03-13 19:00,3,19,Weekday,Spring,No,67.14,73.63,21.44
2023-03-13 20:00,3,20,Weekday,Spring,No,64.24,72.3,22.71
2023-03-13 21:00,3,21,Weekday,Spring,No,61.28,72.72,18.44
2023-03-13 22:00,3,22,Weekday,Spring,No,58.3,71.88,14.88
2023-03-13 23:00,3,23,Weekday,Spring,No,56.08,70.32,4.72
2023-03-14 00:00,3,0,Weekday,Spring,No,54.35,71.54,7.47
2023-03-14 01:00,3,1,Weekday,Spring,No,52.66,69.16,7.51
2023-03-14 02:00,3,2,Weekday,Spring,No,51.35,69.51,3.33
2023-03-14 03:00,3,3,Weekday,Spring,No,50.38,69.72,3.52
2023-03-14 04:00,3,4,Weekday,Spring,No,49.37,70.45,0.0
2023-03-14 05:00,3,5,Weekday,Spring,No,49.76,70.41,5.66
2023-03-14 06:00,3,6,Weekday,Spring,No,51.1,70.89,5.85
2023-03-14 07:00,3,7,Weekday,Spring,No,52.46,69.9,0.9
2023-03-14 08:00,3,8,Weekday,Spring,Yes,56.21,69.68,36.72
2023-03-14 09:00,3,9,Weekday,Spring,Yes,61.5,69.97,34.85
2023-03-14 10:00,3,10,Weekday,Spring,Yes,66.83,70.96,39.99
2023-03-14 11:00,3,11,Weekday,Spring,Yes,70.45,71.27,46.16
2023-03-14 12:00,3,12,Weekday,Spring,Yes,72.68,70.81,49.43
2023-03-14 13:00,3,13,Weekday,Spring,Yes,74.95,71.56,50.39
2023-03-14 14:00,3,14,Weekday,Spring,Yes,75.5,72.89,45.12
2023-03-14 15:00,3,15,Weekday,Spring,Yes,74.88,72.07,21.0
2023-03-14 16:00,3,16,Weekday,Spring,Yes,74.24,73.75,27.68
2023-03-14 17:00,3,17,Weekday,Spring,Yes,72.58,71.46,22.86
2023-03-14 18:00,3,18,Weekday,Spring,No,70.24,74.36,23.54
2023-03-14 19:00,3,19,Weekday,Spring,No,67.9,72.1,16.54
2023-03-14 20:00,3,20,Weekday,Spring,No,65.03,71.04,24.49
2023-03-14 21:00,3,21,Weekday,Spring,No,61.68,71.04,20.26
2023-03-14 22:00,3,22,Weekday,Spring,No,58.37,70.99,17.67
2023-03-14 23:00,3,23,Weekday,Spring,No,56.08,69.87,7.51
2023-03-15 00:00,3,0,Weekday,Spring,No,54.35,70.24,11.22
2023-03-15 01:00,3,1,Weekday,Spring,No,52.66,70.8,8.04
2023-03-15 02:00,3,2,Weekday,Spring,No,51.77,69.82,10.54
2023-03-15 03:00,3,3,Weekday,Spring,No,51.52,69.55,12.91
2023-03-15 04:00,3,4,Weekday,Spring,No,51.23,69.28,13.36
2023-03-15 05:00,3,5,Weekday,Spring,No,51.5,70.05,5.85
2023-03-15 06:00,3,6,Weekday,Spring,No,52.12,69.2,4.88
2023-03-15 07:00,3,7,Weekday,Spring,No,52.76,70.05,5.06
2023-03-15 08:00,3,8,Weekday,Spring,Yes,55.37,69.19,25.78
2023-03-15 09:00,3,9,Weekday,Spring,Yes,59.33,68.64,30.12
2023-03-15 10:00,3,10,Weekday,Spring,Yes,63.29,70.71,41.48
2023-03-15 11:00,3,11,Weekday,Spring,Yes,66.31,71.02,40.39
2023-03-15 12:00,3,12,Weekday,Spring,Yes,68.65,71.28,45.12
2023-03-15 13:00,3,13,Weekday,Spring,Yes,70.98,71.88,47.65
2023-03-15 14:00,3,14,Weekday,Spring,Yes,72.17,71.65,51.5
2023-03-15 15:00,3,15,Weekday,Spring,Yes,72.53,70.81,24.91
2023-03-15 16:00,3,16,Weekday,Spring,Yes,72.89,71.62,19.76
2023-03-15 17:00,3,17,Weekday,Spring,Yes,72.1,73.12,28.58
2023-03-15 18:00,3,18,Weekday,Spring,No,70.37,74.61,27.68
2023-03-15 19:00,3,19,Weekday,Spring,No,68.68,72.33,23.22
2023-03-15 20:00,3,20,Weekday,Spring,No,66.84,71.92,27.26
2023-03-15 21:00,3,21,Weekday,Spring,No,64.86,71.96,22.19
2023-03-15 22:00,3,22,Weekday,Spring,No,62.89,70.49,11.71
2023-03-15 23:00,3,23,Weekday,Spring,No,61.12,72.68,16.54
2023-03-16 00:00,3,0,Weekday,Spring,No,59.39,71.29,16.52
2023-03-16 01:00,3,1,Weekday,Spring,No,57.7,71.26,8.53
2023-03-16 02:00,3,2,Weekday,Spring,No,56.08,70.71,18.17
2023-03-16 03:00,3,3,Weekday,Spring,No,54.35,70.06,10.37
2023-03-16 04:00,3,4,Weekday,Spring,No,52.66,69.53,5.43
2023-03-16 05:00,3,5,Weekday,Spring,No,52.19,70.22,12.98
2023-03-16 06:00,3,6,Weekday,Spring,No,52.55,71.41,7.65
2023-03-16 07:00,3,7,Weekday,Spring,No,52.91,71.03,0.0
2023-03-16 08:00,3,8,Weekday,Spring,Yes,55.37,69.45,30.12
2023-03-16 09:00,3,9,Weekday,Spring,Yes,59.33,71.02,40.41
2023-03-16 10:00,3,10,Weekday,Spring,Yes,63.29,70.36,52.15
2023-03-16 11:00,3,11,Weekday,Spring,Yes,65.88,71.47,35.09
2023-03-16 12:00,3,12,Weekday,Spring,Yes,67.61,72.37,36.12
2023-03-16 13:00,3,13,Weekday,Spring,Yes,69.31,72.34,43.78
2023-03-16 14:00,3,14,Weekday,Spring,Yes,69.77,71.27,52.72
2023-03-16 15:00,3,15,Weekday,Spring,Yes,69.52,70.44,25.31
2023-03-16 16:00,3,16,Weekday,Spring,Yes,69.23,71.55,27.13
2023-03-16 17:00,3,17,Weekday,Spring,Yes,67.72,69.5,25.46
2023-03-16 18:00,3,18,Weekday,Spring,No,65.38,72.79,25.86
2023-03-16 19:00,3,19,Weekday,Spring,No,63.04,71.44,16.16
2023-03-16 20:00,3,20,Weekday,Spring,No,60.7,71.54,17.82
2023-03-16 21:00,3,21,Weekday,Spring,No,58.36,71.84,16.66
2023-03-16 22:00,3,22,Weekday,Spring,No,56.02,69.25,12.55
2023-03-16 23:00,3,23,Weekday,Spring,No,53.88,70.67,5.25
2023-03-17 00:00,3,0,Weekday,Spring,No,51.8,69.22,9.39
2023-03-17 01:00,3,1,Weekday,Spring,No,49.74,68.51,7.24
2023-03-17 02:00,3,2,Weekday,Spring,No,48.4,70.48,2.49
2023-03-17 03:00,3,3,Weekday,Spring,No,47.39,69.8,7.64
2023-03-17 04:00,3,4,Weekday,Spring,No,46.42,67.86,0.0
2023-03-17 05:00,3,5,Weekday,Spring,No,46.98,68.86,1.88
2023-03-17 06:00,3,6,Weekday,Spring,No,48.71,70.9,6.97
2023-03-17 07:00,3,7,Weekday,Spring,No,50.4,69.41,6.16
2023-03-17 08:00,3,8,Weekday,Spring,Yes,53.18,67.34,31.92
2023-03-17 09:00,3,9,Weekday,Spring,Yes,56.88,69.64,33.35
2023-03-17 10:00,3,10,Weekday,Spring,Yes,60.56,70.83,38.55
2023-03-17 11:00,3,11,Weekday,Spring,Yes,63.64,70.88,36.24
2023-03-17 12:00,3,12,Weekday,Spring,Yes,66.23,71.21,37.47
2023-03-17 13:00,3,13,Weekday,Spring,Yes,68.86,71.7,40.08
2023-03-17 14:00,3,14,Weekday,Spring,Yes,70.61,69.24,46.39
2023-03-17 15:00,3,15,Weekday,Spring,Yes,71.58,71.66,30.04
2023-03-17 16:00,3,16,Weekday,Spring,Yes,72.59,71.3,33.64
2023-03-17 17:00,3,17,Weekday,Spring,Yes,71.26,71.33,21.1
2023-03-17 18:00,3,18,Weekday,Spring,No,68.3,72.71,20.43
2023-03-17 19:00,3,19,Weekday,Spring,No,65.32,72.36,14.44
2023-03-17 20:00,3,20,Weekday,Spring,No,63.41,73.09,19.06
2023-03-17 21:00,3,21,Weekday,Spring,No,62.44,71.39,20.25
2023-03-17 22:00,3,22,Weekday,Spring,No,61.43,72.31,10.87
2023-03-17 23:00,3,23,Weekday,Spring,No,60.24,71.78,10.99
2023-03-18 00:00,3,0,Weekend,Spring,No,58.88,72.42,11.77
2023-03-18 01:00,3,1,Weekend,Spring,No,57.54,70.59,19.19
2023-03-18 02:00,3,2,Weekend,Spring,No,56.39,69.14,11.3
2023-03-18 03:00,3,3,Weekend,Spring,No,55.42,70.92,15.42
2023-03-18 04:00,3,4,Weekend,Spring,No,54.41,69.82,12.62
2023-03-18 05:00,3,5,Weekend,Spring,No,54.38,70.11,3.43
2023-03-18 06:00,3,6,Weekend,Spring,No,55.0,69.72,4.77
2023-03-18 07:00,3,7,Weekend,Spring,No,55.64,71.89,5.51
2023-03-18 08:00,3,8,Weekend,Spring,No,58.46,69.7,12.94
2023-03-18 09:00,3,9,Weekend,Spring,No,62.89,72.01,13.97
2023-03-18 10:00,3,10,Weekend,Spring,No,67.28,72.34,24.04
2023-03-18 11:00,3,11,Weekend,Spring,No,70.66,73.37,22.27
2023-03-18 12:00,3,12,Weekend,Spring,No,73.25,73.21,15.23
2023-03-18 13:00,3,13,Weekend,Spring,No,75.88,74.16,32.26
2023-03-18 14:00,3,14,Weekend,Spring,No,76.37,73.57,33.43
2023-03-18 15:00,3,15,Weekend,Spring,No,75.4,73.89,24.24
2023-03-18 16:00,3,16,Weekend,Spring,No,74.39,73.31,28.71
2023-03-18 17:00,3,17,Weekend,Spring,No,72.37,73.26,22.68
2023-03-18 18:00,3,18,Weekend,Spring,No,69.77,72.8,18.03
2023-03-18 19:00,3,19,Weekend,Spring,No,67.14,71.95,27.16
2023-03-18 20:00,3,20,Weekend,Spring,No,64.24,71.91,18.83
2023-03-18 21:00,3,21,Weekend,Spring,No,61.28,71.63,16.31
2023-03-18 22:00,3,22,Weekend,Spring,No,58.3,71.09,15.47
2023-03-18 23:00,3,23,Weekend,Spring,No,56.81,70.73,15.71
2023-03-19 00:00,3,0,Weekend,Spring,No,56.45,70.85,14.52
2023-03-19 01:00,3,1,Weekend,Spring,No,56.09,71.42,11.09
2023-03-19 02:00,3,2,Weekend,Spring,No,55.0,70.19,12.75
2023-03-19 03:00,3,3,Weekend,Spring,No,53.38,69.96,8.46
2023-03-19 04:00,3,4,Weekend,Spring,No,51.76,69.9,8.78
2023-03-19 05:00,3,5,Weekend,Spring,No,49.5,69.73,3.33
2023-03-19 06:00,3,6,Weekend,Spring,No,46.8,69.36,2.8
2023-03-19 07:00,3,7,Weekend,Spring,No,44.1,68.73,1.07
2023-03-19 08:00,3,8,Weekend,Spring,No,43.61,68.75,0.04
2023-03-19 09:00,3,9,Weekend,Spring,No,44.58,67.39,11.04
2023-03-19 10:00,3,10,Weekend,Spring,No,45.59,68.46,4.31
2023-03-19 11:00,3,11,Weekend,Spring,No,47.4,69.68,0.0
2023-03-19 12:00,3,12,Weekend,Spring,No,49.74,69.23,1.89
2023-03-19 13:00,3,13,Weekend,Spring,No,52.08,69.61,9.9
2023-03-19 14:00,3,14,Weekend,Spring,No,53.58,71.27,5.45
2023-03-19 15:00,3,15,Weekend,Spring,No,54.59,70.09,5.09
2023-03-19 16:00,3,16,Weekend,Spring,No,55.57,69.88,10.56
2023-03-19 17:00,3,17,Weekend,Spring,No,55.2,70.28,4.97
2023-03-19 18:00,3,18,Weekend,Spring,No,53.84,70.73,10.18
2023-03-19 19:00,3,19,Weekend,Spring,No,52.5,68.39,7.49
2023-03-19 20:00,3,20,Weekend,Spring,No,50.62,69.96,9.74
2023-03-19 21:00,3,21,Weekend,Spring,No,48.28,69.52,9.46
2023-03-19 22:00,3,22,Weekend,Spring,No,45.94,69.04,5.64
2023-03-19 23:00,3,23,Weekend,Spring,No,44.54,68.56,0.0
2023-03-20 00:00,3,0,Weekday,Spring,No,43.92,68.11,1.61
2023-03-20 01:00,3,1,Weekday,Spring,No,43.28,68.63,2.76
2023-03-20 02:00,3,2,Weekday,Spring,No,42.56,67.68,0.0
2023-03-20 03:00,3,3,Weekday,Spring,No,41.94,67.99,1.74
2023-03-20 04:00,3,4,Weekday,Spring,No,41.3,66.67,0.0
2023-03-20 05:00,3,5,Weekday,Spring,No,41.42,68.15,0.0
2023-03-20 06:00,3,6,Weekday,Spring,No,42.04,68.0,0.0
2023-03-20 07:00,3,7,Weekday,Spring,No,42.68,67.39,0.0
2023-03-20 08:00,3,8,Weekday,Spring,Yes,45.71,68.8,28.63
2023-03-20 09:00,3,9,Weekday,Spring,Yes,50.39,69.05,26.29
2023-03-20 10:00,3,10,Weekday,Spring,Yes,55.07,68.78,34.59
2023-03-20 11:00,3,11,Weekday,Spring,Yes,58.38,67.83,36.94
2023-03-20 12:00,3,12,Weekday,Spring,Yes,60.72,70.39,37.45
2023-03-20 13:00,3,13,Weekday,Spring,Yes,63.06,69.77,44.91
2023-03-20 14:00,3,14,Weekday,Spring,Yes,64.78,70.54,35.5
2023-03-20 15:00,3,15,Weekday,Spring,Yes,66.14,70.34,24.05
2023-03-20 16:00,3,16,Weekday,Spring,Yes,67.47,71.26,23.13
2023-03-20 17:00,3,17,Weekday,Spring,Yes,67.06,72.73,22.72
2023-03-20 18:00,3,18,Weekday,Spring,No,65.33,72.15,21.74
2023-03-20 19:00,3,19,Weekday,Spring,No,63.64,72.17,21.62
2023-03-20 20:00,3,20,Weekday,Spring,No,61.07,71.06,18.23
2023-03-20 21:00,3,21,Weekday,Spring,No,57.72,70.06,8.0
2023-03-20 22:00,3,22,Weekday,Spring,No,54.41,70.55,16.48
2023-03-20 23:00,3,23,Weekday,Spring,No,52.12,68.69,10.47
2023-03-21 00:00,3,0,Weekday,Spring,No,50.39,70.01,0.0
2023-03-21 01:00,3,1,Weekday,Spring,No,48.7,70.79,6.96
2023-03-21 02:00,3,2,Weekday,Spring,No,47.6,69.85,0.0
2023-03-21 03:00,3,3,Weekday,Spring,No,46.98,69.24,8.89
2023-03-21 04:00,3,4,Weekday,Spring,No,46.34,68.05,0.0
2023-03-21 05:00,3,5,Weekday,Spring,No,46.98,68.45,0.0
2023-03-21 06:00,3,6,Weekday,Spring,No,48.71,68.8,3.02
2023-03-21 07:00,3,7,Weekday,Spring,No,50.4,69.68,7.26
2023-03-21 08:00,3,8,Weekday,Spring,Yes,54.33,69.02,32.83
2023-03-21 09:00,3,9,Weekday,Spring,Yes,60.02,69.49,39.14
2023-03-21 10:00,3,10,Weekday,Spring,Yes,65.68,71.07,46.29
2023-03-21 11:00,3,11,Weekday,Spring,Yes,69.58,70.93,46.01
2023-03-21 12:00,3,12,Weekday,Spring,Yes,72.17,70.85,49.87
2023-03-21 13:00,3,13,Weekday,Spring,Yes,74.8,71.4,51.44
2023-03-21 14:00,3,14,Weekday,Spring,Yes,75.92,72.86,44.84
2023-03-21 15:00,3,15,Weekday,Spring,Yes,75.92,72.63,35.57
2023-03-21 16:00,3,16,Weekday,Spring,Yes,75.92,73.78,24.6
2023-03-21 17:00,3,17,Weekday,Spring,Yes,74.13,72.84,33.86
2023-03-21 18:00,3,18,Weekday,Spring,No,71.18,72.52,26.24
2023-03-21 19:00,3,19,Weekday,Spring,No,68.2,72.43,22.41
2023-03-21 20:00,3,20,Weekday,Spring,No,66.18,70.89,19.16
2023-03-21 21:00,3,21,Weekday,Spring,No,64.82,70.65,22.89
2023-03-21 22:00,3,22,Weekday,Spring,No,63.48,72.91,17.14
2023-03-21 23:00,3,23,Weekday,Spring,No,62.02,71.94,25.42
2023-03-22 00:00,3,0,Weekday,Spring,No,60.29,70.57,14.63
2023-03-22 01:00,3,1,Weekday,Spring,No,58.6,70.55,15.2
2023-03-22 02:00,3,2,Weekday,Spring,No,57.5,72.23,16.08
2023-03-22 03:00,3,3,Weekday,Spring,No,56.88,70.71,18.03
2023-03-22 04:00,3,4,Weekday,Spring,No,56.24,70.54,20.76
2023-03-22 05:00,3,5,Weekday,Spring,No,55.0,71.82,10.12
2023-03-22 06:00,3,6,Weekday,Spring,No,53.38,69.7,15.99
2023-03-22 07:00,3,7,Weekday,Spring,No,51.76,69.68,6.83
2023-03-22 08:00,3,8,Weekday,Spring,Yes,52.24,68.88,35.58
2023-03-22 09:00,3,9,Weekday,Spring,Yes,54.22,68.93,29.51
2023-03-22 10:00,3,10,Weekday,Spring,Yes,56.2,70.17,35.41
2023-03-22 11:00,3,11,Weekday,Spring,Yes,57.76,69.23,36.45
2023-03-22 12:00,3,12,Weekday,Spring,Yes,59.12,69.33,33.94
2023-03-22 13:00,3,13,Weekday,Spring,Yes,60.46,70.68,37.49
2023-03-22 14:00,3,14,Weekday,Spring,Yes,60.35,69.25,37.29
2023-03-22 15:00,3,15,Weekday,Spring,Yes,59.38,70.46,12.32
2023-03-22 16:00,3,16,Weekday,Spring,Yes,58.37,69.07,17.19
2023-03-22 17:00,3,17,Weekday,Spring,Yes,57.18,69.44,12.8
2023-03-22 18:00,3,18,Weekday,Spring,No,55.82,70.24,13.29
2023-03-22 19:00,3,19,Weekday,Spring,No,54.48,70.55,11.47
2023-03-22 20:00,3,20,Weekday,Spring,No,53.02,68.74,11.59
2023-03-22 21:00,3,21,Weekday,Spring,No,51.29,69.94,19.06
2023-03-22 22:00,3,22,Weekday,Spring,No,49.6,70.85,0.0
2023-03-22 23:00,3,23,Weekday,Spring,No,47.56,68.54,0.84
2023-03-23 00:00,3,0,Weekday,Spring,No,45.32,69.06,3.54
2023-03-23 01:00,3,1,Weekday,Spring,No,43.06,68.35,2.05
2023-03-23 02:00,3,2,Weekday,Spring,No,42.29,66.92,8.3
2023-03-23 03:00,3,3,Weekday,Spring,No,42.54,68.61,3.61
2023-03-23 04:00,3,4,Weekday,Spring,No,42.83,68.31,6.16
2023-03-23 05:00,3,5,Weekday,Spring,No,43.72,67.99,1.66
2023-03-23 06:00,3,6,Weekday,Spring,No,45.08,69.71,5.3
2023-03-23 07:00,3,7,Weekday,Spring,No,46.42,69.38,0.0
2023-03-23 08:00,3,8,Weekday,Spring,Yes,48.93,67.88,30.05
2023-03-23 09:00,3,9,Weekday,Spring,Yes,52.25,67.41,28.66
2023-03-23 10:00,3,10,Weekday,Spring,Yes,55.6,70.16,31.19
2023-03-23 11:00,3,11,Weekday,Spring,Yes,58.18,68.82,40.18
2023-03-23 12:00,3,12,Weekday,Spring,Yes,60.16,69.15,40.83
2023-03-23 13:00,3,13,Weekday,Spring,Yes,62.14,71.64,35.77
2023-03-23 14:00,3,14,Weekday,Spring,Yes,63.38,70.35,47.27
2023-03-23 15:00,3,15,Weekday,Spring,Yes,64.0,70.36,18.86
2023-03-23 16:00,3,16,Weekday,Spring,Yes,64.64,70.43,24.36
2023-03-23 17:00,3,17,Weekday,Spring,Yes,64.0,70.18,17.61
2023-03-23 18:00,3,18,Weekday,Spring,No,62.38,71.32,12.44
2023-03-23 19:00,3,19,Weekday,Spring,No,60.76,72.8,19.12
2023-03-23 20:00,3,20,Weekday,Spring,No,59.24,70.81,19.52
2023-03-23 21:00,3,21,Weekday,Spring,No,57.9,71.09,11.86
2023-03-23 22:00,3,22,Weekday,Spring,No,56.54,69.78,18.86
2023-03-23 23:00,3,23,Weekday,Spring,No,54.36,69.68,10.23
2023-03-24 00:00,3,0,Weekday,Spring,No,51.77,71.31,6.83
2023-03-24 01:00,3,1,Weekday,Spring,No,49.14,69.98,4.17
2023-03-24 02:00,3,2,Weekday,Spring,No,47.28,69.71,6.41
2023-03-24 03:00,3,3,Weekday,Spring,No,45.92,68.33,0.0
2023-03-24 04:00,3,4,Weekday,Spring,No,44.58,67.5,2.91
2023-03-24 05:00,3,5,Weekday,Spring,No,44.8,68.29,1.57
2023-03-24 06:00,3,6,Weekday,Spring,No,46.16,67.32,0.0
2023-03-24 07:00,3,7,Weekday,Spring,No,47.5,69.33,1.51
2023-03-24 08:00,3,8,Weekday,Spring,Yes,49.6,67.29,32.39
2023-03-24 09:00,3,9,Weekday,Spring,Yes,52.19,68.48,34.43
2023-03-24 10:00,3,10,Weekday,Spring,Yes,54.82,69.38,27.88
2023-03-24 11:00,3,11,Weekday,Spring,Yes,57.93,69.57,30.61
2023-03-24 12:00,3,12,Weekday,Spring,Yes,61.25,68.79,33.9
2023-03-24 13:00,3,13,Weekday,Spring,Yes,64.6,68.82,40.22
2023-03-24 14:00,3,14,Weekday,Spring,Yes,66.76,71.24,45.36
2023-03-24 15:00,3,15,Weekday,Spring,Yes,68.12,70.26,23.58
2023-03-24 16:00,3,16,Weekday,Spring,Yes,69.46,71.7,26.01
2023-03-24 17:00,3,17,Weekday,Spring,Yes,67.88,70.18,25.17
2023-03-24 18:00,3,18,Weekday,Spring,No,64.18,71.19,17.69
2023-03-24 19:00,3,19,Weekday,Spring,No,60.5,71.05,13.01
2023-03-24 20:00,3,20,Weekday,Spring,No,58.06,71.63,9.18
2023-03-24 21:00,3,21,Weekday,Spring,No,56.33,69.0,18.45
2023-03-24 22:00,3,22,Weekday,Spring,No,54.64,71.2,8.75
2023-03-24 23:00,3,23,Weekday,Spring,No,53.02,69.51,6.98
2023-03-25 00:00,3,0,Weekend,Spring,No,51.29,70.76,13.78
2023-03-25 01:00,3,1,Weekend,Spring,No,49.6,68.77,10.0
2023-03-25 02:00,3,2,Weekend,Spring,No,48.71,68.78,3.83
2023-03-25 03:00,3,3,Weekend,Spring,No,48.46,68.41,0.0
2023-03-25 04:00,3,4,Weekend,Spring,No,48.17,68.1,5.58
2023-03-25 05:00,3,5,Weekend,Spring,No,48.65,69.96,9.14
2023-03-25 06:00,3,6,Weekend,Spring,No,49.62,69.11,0.6
2023-03-25 07:00,3,7,Weekend,Spring,No,50.63,70.23,3.39
2023-03-25 08:00,3,8,Weekend,Spring,No,53.39,70.78,12.5
2023-03-25 09:00,3,9,Weekend,Spring,No,57.35,70.58,8.02
2023-03-25 10:00,3,10,Weekend,Spring,No,61.31,71.86,15.72
2023-03-25 11:00,3,11,Weekend,Spring,No,63.7,70.83,17.47
2023-03-25 12:00,3,12,Weekend,Spring,No,65.06,72.51,19.55
2023-03-25 13:00,3,13,Weekend,Spring,No,66.4,73.53,23.01
2023-03-25 14:00,3,14,Weekend,Spring,No,67.13,73.33,17.61
2023-03-25 15:00,3,15,Weekend,Spring,No,67.49,73.8,21.96
2023-03-25 16:00,3,16,Weekend,Spring,No,67.85,72.96,25.29
2023-03-25 17:00,3,17,Weekend,Spring,No,66.42,71.71,19.76
2023-03-25 18:00,3,18,Weekend,Spring,No,63.83,72.08,24.74
2023-03-25 19:00,3,19,Weekend,Spring,No,61.2,71.68,12.04
2023-03-25 20:00,3,20,Weekend,Spring,No,58.92,71.97,10.77
2023-03-25 21:00,3,21,Weekend,Spring,No,56.84,70.8,16.59
2023-03-25 22:00,3,22,Weekend,Spring,No,54.78,69.66,10.47
2023-03-25 23:00,3,23,Weekend,Spring,No,53.43,70.68,6.58
2023-03-26 00:00,3,0,Weekend,Spring,No,52.43,70.29,13.96
2023-03-26 01:00,3,1,Weekend,Spring,No,51.46,69.09,16.81
2023-03-26 02:00,3,2,Weekend,Spring,No,50.66,69.14,3.12
2023-03-26 03:00,3,3,Weekend,Spring,No,49.94,68.68,5.78
2023-03-26 04:00,3,4,Weekend,Spring,No,49.22,69.27,1.36
2023-03-26 05:00,3,5,Weekend,Spring,No,49.55,68.82,5.59
2023-03-26 06:00,3,6,Weekend,Spring,No,50.52,69.16,12.96
2023-03-26 07:00,3,7,Weekend,Spring,No,51.53,70.43,1.48
2023-03-26 08:00,3,8,Weekend,Spring,No,53.34,70.3,5.28
2023-03-26 09:00,3,9,Weekend,Spring,No,55.68,70.56,13.76
2023-03-26 10:00,3,10,Weekend,Spring,No,58.02,71.63,14.91
2023-03-26 11:00,3,11,Weekend,Spring,No,59.0,71.33,16.58
2023-03-26 12:00,3,12,Weekend,Spring,No,59.0,71.36,16.99
2023-03-26 13:00,3,13,Weekend,Spring,No,59.0,69.37,17.92
2023-03-26 14:00,3,14,Weekend,Spring,No,58.26,71.08,9.54
2023-03-26 15:00,3,15,Weekend,Spring,No,56.9,70.13,6.34
2023-03-26 16:00,3,16,Weekend,Spring,No,55.57,69.81,14.26
2023-03-26 17:00,3,17,Weekend,Spring,No,52.94,69.98,0.82
2023-03-26 18:00,3,18,Weekend,Spring,No,49.24,70.12,7.44
2023-03-26 19:00,3,19,Weekend,Spring,No,45.56,67.88,0.0
2023-03-26 20:00,3,20,Weekend,Spring,No,43.22,68.47,0.0
2023-03-26 21:00,3,21,Weekend,Spring,No,41.89,67.6,3.49
2023-03-26 22:00,3,22,Weekend,Spring,No,40.52,66.4,1.49
2023-03-26 23:00,3,23,Weekend,Spring,No,40.13,65.44,0.0
2023-03-27 00:00,3,0,Weekday,Spring,No,40.49,67.78,2.81
2023-03-27 01:00,3,1,Weekday,Spring,No,40.85,67.24,0.0
2023-03-27 02:00,3,2,Weekday,Spring,No,41.42,69.9,0.0
2023-03-27 03:00,3,3,Weekday,Spring,No,42.04,68.93,0.0
2023-03-27 04:00,3,4,Weekday,Spring,No,42.68,69.5,4.21
2023-03-27 05:00,3,5,Weekday,Spring,No,43.4,67.55,0.0
2023-03-27 06:00,3,6,Weekday,Spring,No,44.02,66.83,1.69
2023-03-27 07:00,3,7,Weekday,Spring,No,44.66,68.07,0.0
2023-03-27 08:00,3,8,Weekday,Spring,Yes,45.9,66.98,23.57
2023-03-27 09:00,3,9,Weekday,Spring,Yes,47.63,67.64,23.91
2023-03-27 10:00,3,10,Weekday,Spring,Yes,49.32,66.66,26.29
2023-03-27 11:00,3,11,Weekday,Spring,Yes,51.36,68.04,17.99
2023-03-27 12:00,3,12,Weekday,Spring,Yes,53.7,68.94,28.67
2023-03-27 13:00,3,13,Weekday,Spring,Yes,56.04,67.89,30.41
2023-03-27 14:00,3,14,Weekday,Spring,Yes,57.65,68.81,41.03
2023-03-27 15:00,3,15,Weekday,Spring,Yes,58.62,70.26,14.7
2023-03-27 16:00,3,16,Weekday,Spring,Yes,59.63,69.59,16.89
2023-03-27 17:00,3,17,Weekday,Spring,Yes,59.66,69.93,17.4
2023-03-27 18:00,3,18,Weekday,Spring,No,58.94,70.81,18.94
2023-03-27 19:00,3,19,Weekday,Spring,No,58.22,71.33,11.41
2023-03-27 20:00,3,20,Weekday,Spring,No,56.34,71.82,20.65
2023-03-27 21:00,3,21,Weekday,Spring,No,53.75,70.37,10.76
2023-03-27 22:00,3,22,Weekday,Spring,No,51.12,69.28,7.24
2023-03-27 23:00,3,23,Weekday,Spring,No,49.37,68.68,3.52
2023-03-28 00:00,3,0,Weekday,Spring,No,48.4,70.12,2.48
2023-03-28 01:00,3,1,Weekday,Spring,No,47.39,68.71,13.12
2023-03-28 02:00,3,2,Weekday,Spring,No,46.52,68.61,5.53
2023-03-28 03:00,3,3,Weekday,Spring,No,45.9,68.77,6.18
2023-03-28 04:00,3,4,Weekday,Spring,No,45.26,68.63,7.69
2023-03-28 05:00,3,5,Weekday,Spring,No,45.38,69.54,9.03
2023-03-28 06:00,3,6,Weekday,Spring,No,46.0,69.08,0.21
2023-03-28 07:00,3,7,Weekday,Spring,No,46.64,69.23,5.45
2023-03-28 08:00,3,8,Weekday,Spring,Yes,48.93,67.73,22.75
2023-03-28 09:00,3,9,Weekday,Spring,Yes,52.25,68.77,26.08
2023-03-28 10:00,3,10,Weekday,Spring,Yes,55.6,68.59,38.38
2023-03-28 11:00,3,11,Weekday,Spring,Yes,58.18,68.07,34.37
2023-03-28 12:00,3,12,Weekday,Spring,Yes,60.16,69.58,43.43
2023-03-28 13:00,3,13,Weekday,Spring,Yes,62.14,71.36,34.89
2023-03-28 14:00,3,14,Weekday,Spring,Yes,62.75,69.76,34.23
2023-03-28 15:00,3,15,Weekday,Spring,Yes,62.5,70.06,24.66
2023-03-28 16:00,3,16,Weekday,Spring,Yes,62.21,70.24,17.51
2023-03-28 17:00,3,17,Weekday,Spring,Yes,60.9,70.87,25.93
2023-03-28 18:00,3,18,Weekday,Spring,No,58.82,71.03,19.48
2023-03-28 19:00,3,19,Weekday,Spring,No,56.76,71.65,5.07
2023-03-28 20:00,3,20,Weekday,Spring,No,55.42,70.75,10.84
2023-03-28 21:00,3,21,Weekday,Spring,No,54.41,69.96,10.64
2023-03-28 22:00,3,22,Weekday,Spring,No,53.43,69.86,14.95
2023-03-28 23:00,3,23,Weekday,Spring,No,51.07,69.16,4.55
2023-03-29 00:00,3,0,Weekday,Spring,No,47.75,68.64,2.84
2023-03-29 01:00,3,1,Weekday,Spring,No,44.4,70.07,0.0
2023-03-29 02:00,3,2,Weekday,Spring,No,42.35,68.26,3.39
2023-03-29 03:00,3,3,Weekday,Spring,No,41.38,66.8,0.0
2023-03-29 04:00,3,4,Weekday,Spring,No,40.37,67.84,0.0
2023-03-29 05:00,3,5,Weekday,Spring,No,40.86,67.55,0.0
2023-03-29 06:00,3,6,Weekday,Spring,No,42.59,68.41,0.0
2023-03-29 07:00,3,7,Weekday,Spring,No,44.28,70.19,2.22
2023-03-29 08:00,3,8,Weekday,Spring,Yes,47.48,68.28,27.26
2023-03-29 09:00,3,9,Weekday,Spring,Yes,51.8,67.74,25.73
2023-03-29 10:00,3,10,Weekday,Spring,Yes,56.12,68.86,38.05
2023-03-29 11:00,3,11,Weekday,Spring,Yes,59.28,70.35,34.49
2023-03-29 12:00,3,12,Weekday,Spring,Yes,61.62,69.94,37.65
2023-03-29 13:00,3,13,Weekday,Spring,Yes,63.96,70.46,39.48
2023-03-29 14:00,3,14,Weekday,Spring,Yes,65.15,71.49,40.53
2023-03-29 15:00,3,15,Weekday,Spring,Yes,65.51,70.67,16.24
2023-03-29 16:00,3,16,Weekday,Spring,Yes,65.87,71.13,26.57
2023-03-29 17:00,3,17,Weekday,Spring,Yes,64.66,70.61,14.14
2023-03-29 18:00,3,18,Weekday,Spring,No,62.32,73.05,9.71
2023-03-29 19:00,3,19,Weekday,Spring,No,59.98,70.45,13.87
2023-03-29 20:00,3,20,Weekday,Spring,No,57.64,69.71,8.01
2023-03-29 21:00,3,21,Weekday,Spring,No,55.3,69.86,16.37
2023-03-29 22:00,3,22,Weekday,Spring,No,52.96,69.04,12.17
2023-03-29 23:00,3,23,Weekday,Spring,No,50.62,69.27,0.0
2023-03-30 00:00,3,0,Weekday,Spring,No,48.28,69.49,4.78
2023-03-30 01:00,3,1,Weekday,Spring,No,45.94,69.18,0.0
2023-03-30 02:00,3,2,Weekday,Spring,No,44.44,68.31,0.0
2023-03-30 03:00,3,3,Weekday,Spring,No,43.43,67.52,2.48
2023-03-30 04:00,3,4,Weekday,Spring,No,42.46,67.17,13.79
2023-03-30 05:00,3,5,Weekday,Spring,No,43.24,68.33,0.0
2023-03-30 06:00,3,6,Weekday,Spring,No,45.22,68.13,8.19
2023-03-30 07:00,3,7,Weekday,Spring,No,47.2,68.66,0.28
2023-03-30 08:00,3,8,Weekday,Spring,Yes,50.96,68.08,28.62
2023-03-30 09:00,3,9,Weekday,Spring,Yes,55.9,69.23,32.88
2023-03-30 10:00,3,10,Weekday,Spring,Yes,60.86,69.61,27.78
2023-03-30 11:00,3,11,Weekday,Spring,Yes,64.32,70.61,34.86
2023-03-30 12:00,3,12,Weekday,Spring,Yes,66.66,70.93,43.14
2023-03-30 13:00,3,13,Weekday,Spring,Yes,69.01,71.86,50.1
2023-03-30 14:00,3,14,Weekday,Spring,Yes,70.61,70.7,38.93
2023-03-30 15:00,3,15,Weekday,Spring,Yes,71.58,71.28,29.51
2023-03-30 16:00,3,16,Weekday,Spring,Yes,72.59,72.47,28.63
2023-03-30 17:00,3,17,Weekday,Spring,Yes,71.26,70.87,20.71
2023-03-30 18:00,3,18,Weekday,Spring,No,68.3,72.66,20.31
2023-03-30 19:00,3,19,Weekday,Spring,No,65.32,71.94,23.21
2023-03-30 20:00,3,20,Weekday,Spring,No,62.89,71.97,20.46
2023-03-30 21:00,3,21,Weekday,Spring,No,60.8,72.7,17.27
2023-03-30 22:00,3,22,Weekday,Spring,No,58.74,70.63,18.95
2023-03-30 23:00,3,23,Weekday,Spring,No,57.5,71.51,15.87
2023-03-31 00:00,3,0,Weekday,Spring,No,56.88,70.64,4.96
2023-03-31 01:00,3,1,Weekday,Spring,No,56.24,70.4,12.31
2023-03-31 02:00,3,2,Weekday,Spring,No,55.2,69.3,6.88
2023-03-31 03:00,3,3,Weekday,Spring,No,53.84,70.35,14.36
2023-03-31 04:00,3,4,Weekday,Spring,No,52.5,70.32,0.79
2023-03-31 05:00,3,5,Weekday,Spring,No,51.98,69.9,10.64
2023-03-31 06:00,3,6,Weekday,Spring,No,51.98,70.24,11.77
2023-03-31 07:00,3,7,Weekday,Spring,No,51.98,70.38,6.75
2023-03-31 08:00,3,8,Weekday,Spring,Yes,52.92,67.77,33.88
2023-03-31 09:00,3,9,Weekday,Spring,Yes,54.65,68.62,30.85
2023-03-31 10:00,3,10,Weekday,Spring,Yes,56.34,69.15,30.54
2023-03-31 11:00,3,11,Weekday,Spring,Yes,57.76,69.64,36.87
2023-03-31 12:00,3,12,Weekday,Spring,Yes,59.12,69.25,36.32
2023-03-31 13:00,3,13,Weekday,Spring,Yes,60.46,68.48,38.52
2023-03-31 14:00,3,14,Weekday,Spring,Yes,61.19,69.94,31.38
2023-03-31 15:00,3,15,Weekday,Spring,Yes,61.55,69.39,13.41
2023-03-31 16:00,3,16,Weekday,Spring,Yes,61.91,69.01,19.8
2023-03-31 17:00,3,17,Weekday,Spring,Yes,61.22,69.72,14.89
2023-03-31 18:00,3,18,Weekday,Spring,No,59.89,71.19,12.81
2023-03-31 19:00,3,19,Weekday,Spring,No,58.52,70.95,18.4
2023-03-31 20:00,3,20,Weekday,Spring,No,56.03,69.39,19.6
2023-03-31 21:00,3,21,Weekday,Spring,No,54.36,70.27,9.33
2023-03-31 22:00,3,22,Weekday,Spring,No,53.93,70.9,4.32
2023-03-31 23:00,3,23,Weekday,Spring,No,53.46,69.71,9.11
2023-04-01 00:00,4,0,Weekend,Spring,No,53.03,70.13,0.0
2023-04-01 01:00,4,1,Weekend,Spring,No,52.56,69.78,6.0
2023-04-01 02:00,4,2,Weekend,Spring,No,52.13,69.75,7.45
2023-04-01 03:00,4,3,Weekend,Spring,No,51.66,68.98,10.07
2023-04-01 04:00,4,4,Weekend,Spring,No,51.23,68.31,8.24
2023-04-01 05:00,4,5,Weekend,Spring,No,52.97,71.35,15.48
2023-04-01 06:00,4,6,Weekend,Spring,No,56.32,70.59,3.53
2023-04-01 07:00,4,7,Weekend,Spring,No,59.63,71.12,18.05
2023-04-01 08:00,4,8,Weekend,Spring,No,64.44,71.15,17.39
2023-04-01 09:00,4,9,Weekend,Spring,No,70.49,72.16,26.16
2023-04-01 10:00,4,10,Weekend,Spring,No,76.5,74.59,29.35
2023-04-01 11:00,4,11,Weekend,Spring,No,80.13,73.0,31.99
2023-04-01 12:00,4,12,Weekend,Spring,No,82.12,75.66,26.15
2023-04-01 13:00,4,13,Weekend,Spring,No,84.1,75.05,33.92
2023-04-01 14:00,4,14,Weekend,Spring,No,84.92,76.47,33.87
2023-04-01 15:00,4,15,Weekend,Spring,No,84.92,74.45,31.34
2023-04-01 16:00,4,16,Weekend,Spring,No,84.92,76.08,29.3
2023-04-01 17:00,4,17,Weekend,Spring,No,83.14,75.55,33.98
2023-04-01 18:00,4,18,Weekend,Spring,No,80.18,74.45,38.01
2023-04-01 19:00,4,19,Weekend,Spring,No,77.2,74.31,22.94
2023-04-01 20:00,4,20,Weekend,Spring,No,73.61,73.03,21.95
2023-04-01 21:00,4,21,Weekend,Spring,No,69.65,73.48,24.97
2023-04-01 22:00,4,22,Weekend,Spring,No,65.69,71.04,24.46
2023-04-01 23:00,4,23,Weekend,Spring,No,63.3,71.09,11.6
2023-04-02 00:00,4,0,Weekend,Spring,No,61.94,71.23,10.53
2023-04-02 01:00,4,1,Weekend,Spring,No,60.6,71.57,12.2
2023-04-02 02:00,4,2,Weekend,Spring,No,59.24,70.47,18.98
2023-04-02 03:00,4,3,Weekend,Spring,No,57.9,71.84,19.29
2023-04-02 04:00,4,4,Weekend,Spring,No,56.54,71.07,11.19
2023-04-02 05:00,4,5,Weekend,Spring,No,57.1,71.98,10.25
2023-04-02 06:00,4,6,Weekend,Spring,No,59.18,70.93,10.08
2023-04-02 07:00,4,7,Weekend,Spring,No,61.24,72.15,23.3
2023-04-02 08:00,4,8,Weekend,Spring,No,65.0,72.93,10.31
2023-04-02 09:00,4,9,Weekend,Spring,No,69.94,73.47,24.82
2023-04-02 10:00,4,10,Weekend,Spring,No,74.9,73.9,30.75
2023-04-02 11:00,4,11,Weekend,Spring,No,77.63,74.88,25.83
2023-04-02 12:00,4,12,Weekend,Spring,No,78.6,75.47,32.84
2023-04-02 13:00,4,13,Weekend,Spring,No,79.61,74.75,38.38
2023-04-02 14:00,4,14,Weekend,Spring,No,80.48,75.27,36.19
2023-04-02 15:00,4,15,Weekend,Spring,No,81.1,74.35,36.86
2023-04-02 16:00,4,16,Weekend,Spring,No,81.74,74.99,37.24
2023-04-02 17:00,4,17,Weekend,Spring,No,80.68,75.26,36.38
2023-04-02 18:00,4,18,Weekend,Spring,No,78.33,73.81,25.94
2023-04-02 19:00,4,19,Weekend,Spring,No,75.99,73.75,25.48
2023-04-02 20:00,4,20,Weekend,Spring,No,73.03,72.23,31.77
2023-04-02 21:00,4,21,Weekend,Spring,No,69.71,72.75,27.58
2023-04-02 22:00,4,22,Weekend,Spring,No,66.36,72.49,25.02
2023-04-02 23:00,4,23,Weekend,Spring,No,63.36,71.68,15.61
2023-04-03 00:00,4,0,Weekday,Spring,No,60.77,70.79,18.56
2023-04-03 01:00,4,1,Weekday,Spring,No,58.14,71.82,11.93
2023-04-03 02:00,4,2,Weekday,Spring,No,56.39,71.63,14.02
2023-04-03 03:00,4,3,Weekday,Spring,No,55.42,70.59,7.45
2023-04-03 04:00,4,4,Weekday,Spring,No,54.41,71.37,5.56
2023-04-03 05:00,4,5,Weekday,Spring,No,55.12,70.82,11.31
2023-04-03 06:00,4,6,Weekday,Spring,No,57.2,70.89,9.38
2023-04-03 07:00,4,7,Weekday,Spring,No,59.26,70.23,13.32
2023-04-03 08:00,4,8,Weekday,Spring,Yes,62.81,70.87,45.76
2023-04-03 09:00,4,9,Weekday,Spring,Yes,67.39,69.82,39.8
2023-04-03 10:00,4,10,Weekday,Spring,Yes,71.99,70.25,46.43
2023-04-03 11:00,4,11,Weekday,Spring,Yes,74.89,72.33,47.1
2023-04-03 12:00,4,12,Weekday,Spring,Yes,76.61,71.76,43.76
2023-04-03 13:00,4,13,Weekday,Spring,Yes,78.31,73.7,54.26
2023-04-03 14:00,4,14,Weekday,Spring,Yes,79.4,72.19,49.03
2023-04-03 15:00,4,15,Weekday,Spring,Yes,80.02,72.84,31.48
2023-04-03 16:00,4,16,Weekday,Spring,Yes,80.66,74.18,39.1
2023-04-03 17:00,4,17,Weekday,Spring,Yes,79.18,72.37,33.01
2023-04-03 18:00,4,18,Weekday,Spring,No,76.22,73.96,33.39
2023-04-03 19:00,4,19,Weekday,Spring,No,73.24,75.17,31.99
2023-04-03 20:00,4,20,Weekday,Spring,No,70.07,73.28,16.27
2023-04-03 21:00,4,21,Weekday,Spring,No,66.72,73.0,24.07
2023-04-03 22:00,4,22,Weekday,Spring,No,63.41,73.12,11.19
2023-04-03 23:00,4,23,Weekday,Spring,No,61.43,71.67,17.76
2023-04-04 00:00,4,0,Weekday,Spring,No,60.46,71.73,15.33
2023-04-04 01:00,4,1,Weekday,Spring,No,59.45,71.05,11.27
2023-04-04 02:00,4,2,Weekday,Spring,No,58.06,70.38,9.21
2023-04-04 03:00,4,3,Weekday,Spring,No,56.33,70.06,9.8
2023-04-04 04:00,4,4,Weekday,Spring,No,54.64,71.49,10.42
2023-04-04 05:00,4,5,Weekday,Spring,No,55.32,72.26,6.27
2023-04-04 06:00,4,6,Weekday,Spring,No,57.66,72.06,13.2
2023-04-04 07:00,4,7,Weekday,Spring,No,60.0,71.04,11.85
2023-04-04 08:00,4,8,Weekday,Spring,Yes,63.5,70.49,39.12
2023-04-04 09:00,4,9,Weekday,Spring,Yes,67.82,69.0,45.28
2023-04-04 10:00,4,10,Weekday,Spring,Yes,72.14,71.4,57.41
2023-04-04 11:00,4,11,Weekday,Spring,Yes,75.31,72.77,52.3
2023-04-04 12:00,4,12,Weekday,Spring,Yes,77.65,71.52,49.2
2023-04-04 13:00,4,13,Weekday,Spring,Yes,79.98,74.64,59.92
2023-04-04 14:00,4,14,Weekday,Spring,Yes,81.17,72.39,55.5
2023-04-04 15:00,4,15,Weekday,Spring,Yes,81.53,74.7,35.53
2023-04-04 16:00,4,16,Weekday,Spring,Yes,81.89,73.67,31.49
2023-04-04 17:00,4,17,Weekday,Spring,Yes,80.04,72.82,36.42
2023-04-04 18:00,4,18,Weekday,Spring,No,76.73,74.67,34.2
2023-04-04 19:00,4,19,Weekday,Spring,No,73.39,74.07,27.5
2023-04-04 20:00,4,20,Weekday,Spring,No,70.18,72.1,20.51
2023-04-04 21:00,4,21,Weekday,Spring,No,67.22,72.86,14.77
2023-04-04 22:00,4,22,Weekday,Spring,No,64.24,71.61,18.26
2023-04-04 23:00,4,23,Weekday,Spring,No,62.02,69.98,12.49
2023-04-05 00:00,4,0,Weekday,Spring,No,60.29,70.22,16.44
2023-04-05 01:00,4,1,Weekday,Spring,No,58.6,71.21,16.95
2023-04-05 02:00,4,2,Weekday,Spring,No,56.76,72.18,12.93
2023-04-05 03:00,4,3,Weekday,Spring,No,54.78,69.38,3.83
2023-04-05 04:00,4,4,Weekday,Spring,No,52.8,70.54,11.62
2023-04-05 05:00,4,5,Weekday,Spring,No,52.19,69.83,7.12
2023-04-05 06:00,4,6,Weekday,Spring,No,52.55,69.17,9.69
2023-04-05 07:00,4,7,Weekday,Spring,No,52.91,69.83,1.69
2023-04-05 08:00,4,8,Weekday,Spring,Yes,54.64,69.4,27.67
2023-04-05 09:00,4,9,Weekday,Spring,Yes,57.23,69.03,33.04
2023-04-05 10:00,4,10,Weekday,Spring,Yes,59.86,69.68,32.37
2023-04-05 11:00,4,11,Weekday,Spring,Yes,62.35,70.58,33.47
2023-04-05 12:00,4,12,Weekday,Spring,Yes,64.68,71.85,44.53
2023-04-05 13:00,4,13,Weekday,Spring,Yes,67.03,69.81,48.48
2023-04-05 14:00,4,14,Weekday,Spring,Yes,68.42,71.56,47.94
2023-04-05 15:00,4,15,Weekday,Spring,Yes,69.04,70.36,21.12
2023-04-05 16:00,4,16,Weekday,Spring,Yes,69.68,71.74,18.09
2023-04-05 17:00,4,17,Weekday,Spring,Yes,68.82,70.58,23.01
2023-04-05 18:00,4,18,Weekday,Spring,No,66.84,71.6,19.58
2023-04-05 19:00,4,19,Weekday,Spring,No,64.86,72.01,14.08
2023-04-05 20:00,4,20,Weekday,Spring,No,62.46,72.14,24.24
2023-04-05 21:00,4,21,Weekday,Spring,No,59.76,71.85,18.56
2023-04-05 22:00,4,22,Weekday,Spring,No,57.06,71.31,10.47
2023-04-05 23:00,4,23,Weekday,Spring,No,55.2,71.58,5.35
2023-04-06 00:00,4,0,Weekday,Spring,No,53.84,69.56,15.49
2023-04-06 01:00,4,1,Weekday,Spring,No,52.5,71.12,10.07
2023-04-06 02:00,4,2,Weekday,Spring,No,50.82,69.16,12.05
2023-04-06 03:00,4,3,Weekday,Spring,No,48.84,69.58,3.17
2023-04-06 04:00,4,4,Weekday,Spring,No,46.86,69.18,2.63
2023-04-06 05:00,4,5,Weekday,Spring,No,46.56,69.2,2.2
2023-04-06 06:00,4,6,Weekday,Spring,No,47.57,68.66,6.42
2023-04-06 07:00,4,7,Weekday,Spring,No,48.54,69.19,9.86
2023-04-06 08:00,4,8,Weekday,Spring,Yes,51.65,68.47,39.03
2023-04-06 09:00,4,9,Weekday,Spring,Yes,56.33,69.83,30.03
2023-04-06 10:00,4,10,Weekday,Spring,Yes,61.01,70.53,30.78
2023-04-06 11:00,4,11,Weekday,Spring,Yes,64.32,70.5,39.28
2023-04-06 12:00,4,12,Weekday,Spring,Yes,66.66,70.28,44.31
2023-04-06 13:00,4,13,Weekday,Spring,Yes,69.01,70.93,38.7
2023-04-06 14:00,4,14,Weekday,Spring,Yes,70.72,70.78,46.52
2023-04-06 15:00,4,15,Weekday,Spring,Yes,72.08,71.98,32.45
2023-04-06 16:00,4,16,Weekday,Spring,Yes,73.42,70.73,27.6
2023-04-06 17:00,4,17,Weekday,Spring,Yes,72.58,71.58,26.16
2023-04-06 18:00,4,18,Weekday,Spring,No,70.24,71.29,23.81
2023-04-06 19:00,4,19,Weekday,Spring,No,67.9,72.02,23.37
2023-04-06 20:00,4,20,Weekday,Spring,No,65.03,72.34,14.98
2023-04-06 21:00,4,21,Weekday,Spring,No,61.68,71.38,11.5
2023-04-06 22:00,4,22,Weekday,Spring,No,58.37,70.04,10.57
2023-04-06 23:00,4,23,Weekday,Spring,No,56.81,70.07,5.33
2023-04-07 00:00,4,0,Weekday,Spring,No,56.45,71.14,7.01
2023-04-07 01:00,4,1,Weekday,Spring,No,56.09,70.12,17.71
2023-04-07 02:00,4,2,Weekday,Spring,No,54.36,70.69,13.62
2023-04-07 03:00,4,3,Weekday,Spring,No,51.77,69.58,7.91
2023-04-07 04:00,4,4,Weekday,Spring,No,49.14,70.78,2.59
2023-04-07 05:00,4,5,Weekday,Spring,No,48.76,70.69,0.0
2023-04-07 06:00,4,6,Weekday,Spring,No,50.12,70.67,6.09
2023-04-07 07:00,4,7,Weekday,Spring,No,51.46,70.27,12.58
2023-04-07 08:00,4,8,Weekday,Spring,Yes,54.92,68.71,21.84
2023-04-07 09:00,4,9,Weekday,Spring,Yes,59.86,70.25,35.48
2023-04-07 10:00,4,10,Weekday,Spring,Yes,64.82,70.27,44.07
2023-04-07 11:00,4,11,Weekday,Spring,Yes,68.28,71.4,42.86
2023-04-07 12:00,4,12,Weekday,Spring,Yes,70.62,71.99,41.23
2023-04-07 13:00,4,13,Weekday,Spring,Yes,72.96,72.22,49.62
2023-04-07 14:00,4,14,Weekday,Spring,Yes,74.57,72.11,50.1
2023-04-07 15:00,4,15,Weekday,Spring,Yes,75.54,71.95,31.76
2023-04-07 16:00,4,16,Weekday,Spring,Yes,76.55,73.12,28.12
2023-04-07 17:00,4,17,Weekday,Spring,Yes,76.06,70.65,30.36
2023-04-07 18:00,4,18,Weekday,Spring,No,74.33,73.33,29.53
2023-04-07 19:00,4,19,Weekday,Spring,No,72.63,74.08,21.36
2023-04-07 20:00,4,20,Weekday,Spring,No,69.86,72.19,23.31
2023-04-07 21:00,4,21,Weekday,Spring,No,66.16,72.44,21.44
2023-04-07 22:00,4,22,Weekday,Spring,No,62.48,72.41,11.95
2023-04-07 23:00,4,23,Weekday,Spring,No,59.62,70.76,15.37
2023-04-08 00:00,4,0,Weekend,Spring,No,57.28,70.73,13.38
2023-04-08 01:00,4,1,Weekend,Spring,No,54.94,70.49,11.4
2023-04-08 02:00,4,2,Weekend,Spring,No,54.38,69.38,7.35
2023-04-08 03:00,4,3,Weekend,Spring,No,55.0,69.44,9.38
2023-04-08 04:00,4,4,Weekend,Spring,No,55.64,70.39,11.45
2023-04-08 05:00,4,5,Weekend,Spring,No,56.78,71.72,11.51
2023-04-08 06:00,4,6,Weekend,Spring,No,58.11,70.76,13.25
2023-04-08 07:00,4,7,Weekend,Spring,No,59.48,71.1,5.31
2023-04-08 08:00,4,8,Weekend,Spring,No,63.76,72.33,14.68
2023-04-08 09:00,4,9,Weekend,Spring,No,70.05,74.39,19.57
2023-04-08 10:00,4,10,Weekend,Spring,No,76.36,74.37,22.38
2023-04-08 11:00,4,11,Weekend,Spring,No,79.92,74.54,30.93
2023-04-08 12:00,4,12,Weekend,Spring,No,81.65,74.72,30.18
2023-04-08 13:00,4,13,Weekend,Spring,No,83.34,76.2,30.47
2023-04-08 14:00,4,14,Weekend,Spring,No,84.23,75.84,36.63
2023-04-08 15:00,4,15,Weekend,Spring,No,84.48,75.52,39.24
2023-04-08 16:00,4,16,Weekend,Spring,No,84.77,75.26,43.07
2023-04-08 17:00,4,17,Weekend,Spring,No,82.82,74.81,31.5
2023-04-08 18:00,4,18,Weekend,Spring,No,79.12,74.31,34.99
2023-04-08 19:00,4,19,Weekend,Spring,No,75.44,72.38,30.27
2023-04-08 20:00,4,20,Weekend,Spring,No,72.58,73.73,29.33
2023-04-08 21:00,4,21,Weekend,Spring,No,70.24,72.43,26.81
2023-04-08 22:00,4,22,Weekend,Spring,No,67.9,73.17,18.26
2023-04-08 23:00,4,23,Weekend,Spring,No,65.14,72.03,22.25
2023-04-09 00:00,4,0,Weekend,Spring,No,62.18,72.16,15.71
2023-04-09 01:00,4,1,Weekend,Spring,No,59.2,70.79,13.3
2023-04-09 02:00,4,2,Weekend,Spring,No,57.4,70.1,4.17
2023-04-09 03:00,4,3,Weekend,Spring,No,56.39,70.57,10.67
2023-04-09 04:00,4,4,Weekend,Spring,No,55.42,71.56,9.78
2023-04-09 05:00,4,5,Weekend,Spring,No,55.04,71.55,10.75
2023-04-09 06:00,4,6,Weekend,Spring,No,55.04,71.12,17.2
2023-04-09 07:00,4,7,Weekend,Spring,No,55.04,70.11,17.11
2023-04-09 08:00,4,8,Weekend,Spring,No,57.56,71.99,9.52
2023-04-09 09:00,4,9,Weekend,Spring,No,61.88,71.86,15.32
2023-04-09 10:00,4,10,Weekend,Spring,No,66.2,71.09,17.77
2023-04-09 11:00,4,11,Weekend,Spring,No,70.0,72.95,21.72
2023-04-09 12:00,4,12,Weekend,Spring,No,73.31,73.05,21.43
2023-04-09 13:00,4,13,Weekend,Spring,No,76.66,74.0,25.48
2023-04-09 14:00,4,14,Weekend,Spring,No,78.29,74.74,29.18
2023-04-09 15:00,4,15,Weekend,Spring,No,78.54,75.01,30.93
2023-04-09 16:00,4,16,Weekend,Spring,No,78.83,75.05,26.4
2023-04-09 17:00,4,17,Weekend,Spring,No,77.82,73.52,27.91
2023-04-09 18:00,4,18,Weekend,Spring,No,75.84,74.19,26.64
2023-04-09 19:00,4,19,Weekend,Spring,No,73.86,73.22,23.26
2023-04-09 20:00,4,20,Weekend,Spring,No,71.26,73.15,31.75
2023-04-09 21:00,4,21,Weekend,Spring,No,68.3,72.11,17.39
2023-04-09 22:00,4,22,Weekend,Spring,No,65.32,72.47,21.07
2023-04-09 23:00,4,23,Weekend,Spring,No,63.1,72.34,20.34
2023-04-10 00:00,4,0,Weekday,Spring,No,61.37,70.59,16.95
2023-04-10 01:00,4,1,Weekday,Spring,No,59.68,71.69,7.99
2023-04-10 02:00,4,2,Weekday,Spring,No,57.64,70.35,7.75
2023-04-10 03:00,4,3,Weekday,Spring,No,55.3,69.0,7.13
2023-04-10 04:00,4,4,Weekday,Spring,No,52.96,70.09,3.81
2023-04-10 05:00,4,5,Weekday,Spring,No,53.56,70.34,9.11
2023-04-10 06:00,4,6,Weekday,Spring,No,56.26,70.35,13.21
2023-04-10 07:00,4,7,Weekday,Spring,No,58.96,71.11,11.7
2023-04-10 08:00,4,8,Weekday,Spring,Yes,63.34,70.67,40.27
2023-04-10 09:00,4,9,Weekday,Spring,Yes,69.02,71.79,43.44
2023-04-10 10:00,4,10,Weekday,Spring,Yes,74.68,72.94,60.31
2023-04-10 11:00,4,11,Weekday,Spring,Yes,77.94,71.61,45.81
2023-04-10 12:00,4,12,Weekday,Spring,Yes,79.67,72.33,59.8
2023-04-10 13:00,4,13,Weekday,Spring,Yes,81.37,72.44,53.83
2023-04-10 14:00,4,14,Weekday,Spring,Yes,82.04,74.39,50.07
2023-04-10 15:00,4,15,Weekday,Spring,Yes,82.04,73.29,36.96
2023-04-10 16:00,4,16,Weekday,Spring,Yes,82.04,73.12,23.2
2023-04-10 17:00,4,17,Weekday,Spring,Yes,80.46,73.8,35.7
2023-04-10 18:00,4,18,Weekday,Spring,No,77.76,74.95,24.39
2023-04-10 19:00,4,19,Weekday,Spring,No,75.06,73.81,26.2
2023-04-10 20:00,4,20,Weekday,Spring,No,72.37,73.29,27.61
2023-04-10 21:00,4,21,Weekday,Spring,No,69.77,73.07,22.71
2023-04-10 22:00,4,22,Weekday,Spring,No,67.14,72.82,22.77
2023-04-10 23:00,4,23,Weekday,Spring,No,64.24,72.32,18.91
2023-04-11 00:00,4,0,Weekday,Spring,No,61.28,72.39,24.88
2023-04-11 01:00,4,1,Weekday,Spring,No,58.3,70.98,16.43
2023-04-11 02:00,4,2,Weekday,Spring,No,56.39,71.24,8.72
2023-04-11 03:00,4,3,Weekday,Spring,No,55.42,71.09,14.43
2023-04-11 04:00,4,4,Weekday,Spring,No,54.41,70.02,14.43
2023-04-11 05:00,4,5,Weekday,Spring,No,55.54,70.19,5.57
2023-04-11 06:00,4,6,Weekday,Spring,No,58.24,71.16,2.66
2023-04-11 07:00,4,7,Weekday,Spring,No,60.93,70.67,9.25
2023-04-11 08:00,4,8,Weekday,Spring,Yes,65.21,70.48,45.01
2023-04-11 09:00,4,9,Weekday,Spring,Yes,70.5,71.7,43.4
2023-04-11 10:00,4,10,Weekday,Spring,Yes,75.83,71.33,58.96
2023-04-11 11:00,4,11,Weekday,Spring,Yes,79.45,71.66,60.42
2023-04-11 12:00,4,12,Weekday,Spring,Yes,81.68,72.74,57.62
2023-04-11 13:00,4,13,Weekday,Spring,Yes,83.94,74.43,56.8
2023-04-11 14:00,4,14,Weekday,Spring,Yes,84.92,72.35,55.24
2023-04-11 15:00,4,15,Weekday,Spring,Yes,84.92,74.33,42.69
2023-04-11 16:00,4,16,Weekday,Spring,Yes,84.92,73.68,26.74
2023-04-11 17:00,4,17,Weekday,Spring,Yes,83.03,74.05,43.82
2023-04-11 18:00,4,18,Weekday,Spring,No,79.68,75.22,34.99
2023-04-11 19:00,4,19,Weekday,Spring,No,76.37,73.62,24.09
2023-04-11 20:00,4,20,Weekday,Spring,No,74.08,73.79,25.7
2023-04-11 21:00,4,21,Weekday,Spring,No,72.35,73.14,27.21
2023-04-11 22:00,4,22,Weekday,Spring,No,70.66,72.59,27.05
2023-04-11 23:00,4,23,Weekday,Spring,No,69.24,72.7,20.49
2023-04-12 00:00,4,0,Weekday,Spring,No,67.88,73.19,18.64
2023-04-12 01:00,4,1,Weekday,Spring,No,66.54,71.84,20.0
2023-04-12 02:00,4,2,Weekday,Spring,No,65.08,71.22,17.12
2023-04-12 03:00,4,3,Weekday,Spring,No,63.35,71.76,15.03
2023-04-12 04:00,4,4,Weekday,Spring,No,61.66,71.0,16.77
2023-04-12 05:00,4,5,Weekday,Spring,No,61.92,72.27,16.44
2023-04-12 06:00,4,6,Weekday,Spring,No,63.65,70.96,14.97
2023-04-12 07:00,4,7,Weekday,Spring,No,65.34,72.76,17.17
2023-04-12 08:00,4,8,Weekday,Spring,Yes,68.12,70.49,48.04
2023-04-12 09:00,4,9,Weekday,Spring,Yes,71.82,72.73,40.14
2023-04-12 10:00,4,10,Weekday,Spring,Yes,75.5,72.56,58.97
2023-04-12 11:00,4,11,Weekday,Spring,Yes,77.63,73.67,44.16
2023-04-12 12:00,4,12,Weekday,Spring,Yes,78.6,71.74,52.48
2023-04-12 13:00,4,13,Weekday,Spring,Yes,79.61,73.78,53.45
2023-04-12 14:00,4,14,Weekday,Spring,Yes,79.64,73.88,47.2
2023-04-12 15:00,4,15,Weekday,Spring,Yes,79.03,73.64,30.89
2023-04-12 16:00,4,16,Weekday,Spring,Yes,78.38,72.98,35.49
2023-04-12 17:00,4,17,Weekday,Spring,Yes,76.3,72.63,32.29
2023-04-12 18:00,4,18,Weekday,Spring,No,73.34,73.63,24.69
2023-04-12 19:00,4,19,Weekday,Spring,No,70.36,73.77,23.54
2023-04-12 20:00,4,20,Weekday,Spring,No,68.13,73.94,21.14
2023-04-12 21:00,4,21,Weekday,Spring,No,66.41,71.17,21.95
2023-04-12 22:00,4,22,Weekday,Spring,No,64.72,72.69,22.85
2023-04-12 23:00,4,23,Weekday,Spring,No,63.41,71.29,22.12
2023-04-13 00:00,4,0,Weekday,Spring,No,62.44,71.58,20.65
2023-04-13 01:00,4,1,Weekday,Spring,No,61.43,70.22,12.36
2023-04-13 02:00,4,2,Weekday,Spring,No,60.77,71.03,17.84
2023-04-13 03:00,4,3,Weekday,Spring,No,60.52,71.71,14.56
2023-04-13 04:00,4,4,Weekday,Spring,No,60.23,70.56,8.1
2023-04-13 05:00,4,5,Weekday,Spring,No,59.87,71.25,15.68
2023-04-13 06:00,4,6,Weekday,Spring,No,59.51,71.42,20.37
2023-04-13 07:00,4,7,Weekday,Spring,No,59.15,71.62,15.74
2023-04-13 08:00,4,8,Weekday,Spring,Yes,60.36,69.44,36.86
2023-04-13 09:00,4,9,Weekday,Spring,Yes,62.7,69.86,33.96
2023-04-13 10:00,4,10,Weekday,Spring,Yes,65.04,69.57,32.92
2023-04-13 11:00,4,11,Weekday,Spring,Yes,66.96,71.49,42.04
2023-04-13 12:00,4,12,Weekday,Spring,Yes,68.69,71.45,40.28
2023-04-13 13:00,4,13,Weekday,Spring,Yes,70.38,71.65,50.9
2023-04-13 14:00,4,14,Weekday,Spring,Yes,71.27,71.32,44.24
2023-04-13 15:00,4,15,Weekday,Spring,Yes,71.53,71.68,24.08
2023-04-13 16:00,4,16,Weekday,Spring,Yes,71.81,72.15,26.75
2023-04-13 17:00,4,17,Weekday,Spring,Yes,70.6,71.68,21.52
2023-04-13 18:00,4,18,Weekday,Spring,No,68.26,72.88,7.27
2023-04-13 19:00,4,19,Weekday,Spring,No,65.92,71.25,20.48
2023-04-13 20:00,4,20,Weekday,Spring,No,64.21,70.58,8.93
2023-04-13 21:00,4,21,Weekday,Spring,No,62.84,72.26,9.09
2023-04-13 22:00,4,22,Weekday,Spring,No,61.51,71.75,18.54
2023-04-13 23:00,4,23,Weekday,Spring,No,60.56,70.52,19.55
2023-04-14 00:00,4,0,Weekday,Spring,No,59.94,71.93,15.58
2023-04-14 01:00,4,1,Weekday,Spring,No,59.3,71.86,9.41
2023-04-14 02:00,4,2,Weekday,Spring,No,59.0,70.61,14.94
2023-04-14 03:00,4,3,Weekday,Spring,No,59.0,71.89,3.74
2023-04-14 04:00,4,4,Weekday,Spring,No,59.0,71.11,9.55
2023-04-14 05:00,4,5,Weekday,Spring,No,58.37,70.4,15.88
2023-04-14 06:00,4,6,Weekday,Spring,No,57.4,70.32,16.46
2023-04-14 07:00,4,7,Weekday,Spring,No,56.39,70.86,15.05
2023-04-14 08:00,4,8,Weekday,Spring,Yes,58.04,69.45,32.01
2023-04-14 09:00,4,9,Weekday,Spring,Yes,61.74,70.03,34.64
2023-04-14 10:00,4,10,Weekday,Spring,Yes,65.42,71.38,37.37
2023-04-14 11:00,4,11,Weekday,Spring,Yes,65.34,71.19,47.97
2023-04-14 12:00,4,12,Weekday,Spring,Yes,62.75,69.93,42.01
2023-04-14 13:00,4,13,Weekday,Spring,Yes,60.12,69.5,33.69
2023-04-14 14:00,4,14,Weekday,Spring,Yes,58.37,70.09,34.98
2023-04-14 15:00,4,15,Weekday,Spring,Yes,57.4,68.67,10.67
2023-04-14 16:00,4,16,Weekday,Spring,Yes,56.39,67.38,17.63
2023-04-14 17:00,4,17,Weekday,Spring,Yes,54.58,69.5,15.21
2023-04-14 18:00,4,18,Weekday,Spring,No,52.24,70.4,6.2
2023-04-14 19:00,4,19,Weekday,Spring,No,49.9,68.73,2.97
2023-04-14 20:00,4,20,Weekday,Spring,No,49.13,66.81,0.01
2023-04-14 21:00,4,21,Weekday,Spring,No,49.49,71.04,5.12
2023-04-14 22:00,4,22,Weekday,Spring,No,49.85,69.16,13.66
2023-04-14 23:00,4,23,Weekday,Spring,No,49.26,69.46,9.64
2023-04-15 00:00,4,0,Weekend,Spring,No,47.9,70.55,3.7
2023-04-15 01:00,4,1,Weekend,Spring,No,46.56,68.65,4.36
2023-04-15 02:00,4,2,Weekend,Spring,No,46.04,70.32,0.0
2023-04-15 03:00,4,3,Weekend,Spring,No,46.04,68.78,4.32
2023-04-15 04:00,4,4,Weekend,Spring,No,46.04,69.05,2.02
2023-04-15 05:00,4,5,Weekend,Spring,No,46.25,68.74,0.0
2023-04-15 06:00,4,6,Weekend,Spring,No,46.5,68.43,0.0
2023-04-15 07:00,4,7,Weekend,Spring,No,46.79,68.56,3.76
2023-04-15 08:00,4,8,Weekend,Spring,No,47.89,69.34,10.71
2023-04-15 09:00,4,9,Weekend,Spring,No,49.61,69.27,5.36
2023-04-15 10:00,4,10,Weekend,Spring,No,51.3,69.5,0.0
2023-04-15 11:00,4,11,Weekend,Spring,No,52.72,71.04,18.08
2023-04-15 12:00,4,12,Weekend,Spring,No,54.08,70.96,12.48
2023-04-15 13:00,4,13,Weekend,Spring,No,55.42,71.09,13.47
2023-04-15 14:00,4,14,Weekend,Spring,No,56.36,69.82,10.82
2023-04-15 15:00,4,15,Weekend,Spring,No,56.98,70.03,0.3
2023-04-15 16:00,4,16,Weekend,Spring,No,57.62,69.83,16.42
2023-04-15 17:00,4,17,Weekend,Spring,No,57.4,71.03,19.06
2023-04-15 18:00,4,18,Weekend,Spring,No,56.39,71.22,9.4
2023-04-15 19:00,4,19,Weekend,Spring,No,55.42,70.74,11.33
2023-04-15 20:00,4,20,Weekend,Spring,No,54.62,71.56,9.13
2023-04-15 21:00,4,21,Weekend,Spring,No,54.0,69.54,12.83
2023-04-15 22:00,4,22,Weekend,Spring,No,53.36,69.96,13.23
2023-04-15 23:00,4,23,Weekend,Spring,No,52.12,68.99,8.34
2023-04-16 00:00,4,0,Weekend,Spring,No,50.39,69.32,3.35
2023-04-16 01:00,4,1,Weekend,Spring,No,48.7,68.89,3.88
2023-04-16 02:00,4,2,Weekend,Spring,No,48.02,70.04,4.04
2023-04-16 03:00,4,3,Weekend,Spring,No,48.02,69.73,0.97
2023-04-16 04:00,4,4,Weekend,Spring,No,48.02,68.93,13.55
2023-04-16 05:00,4,5,Weekend,Spring,No,45.92,67.24,2.59
2023-04-16 06:00,4,6,Weekend,Spring,No,42.22,68.39,0.0
2023-04-16 07:00,4,7,Weekend,Spring,No,38.54,67.16,0.0
2023-04-16 08:00,4,8,Weekend,Spring,No,38.4,68.56,0.0
2023-04-16 09:00,4,9,Weekend,Spring,No,40.75,67.0,0.0
2023-04-16 10:00,4,10,Weekend,Spring,No,43.08,68.63,5.03
2023-04-16 11:00,4,11,Weekend,Spring,No,43.43,69.23,0.0
2023-04-16 12:00,4,12,Weekend,Spring,No,42.46,66.53,0.0
2023-04-16 13:00,4,13,Weekend,Spring,No,41.45,68.33,0.0
2023-04-16 14:00,4,14,Weekend,Spring,No,40.79,69.22,0.0
2023-04-16 15:00,4,15,Weekend,Spring,No,40.43,66.91,0.0
2023-04-16 16:00,4,16,Weekend,Spring,No,40.07,68.11,0.0
2023-04-16 17:00,4,17,Weekend,Spring,No,39.5,68.12,0.0
2023-04-16 18:00,4,18,Weekend,Spring,No,38.88,67.59,1.92
2023-04-16 19:00,4,19,Weekend,Spring,No,38.24,67.78,0.0
2023-04-16 20:00,4,20,Weekend,Spring,No,37.52,67.76,1.6
2023-04-16 21:00,4,21,Weekend,Spring,No,36.9,67.73,2.43
2023-04-16 22:00,4,22,Weekend,Spring,No,36.26,68.04,0.0
2023-04-16 23:00,4,23,Weekend,Spring,No,35.54,66.53,0.0
2023-04-17 00:00,4,0,Weekday,Spring,No,34.92,67.05,0.0
2023-04-17 01:00,4,1,Weekday,Spring,No,34.28,66.77,0.0
2023-04-17 02:00,4,2,Weekday,Spring,No,33.98,67.15,2.09
2023-04-17 03:00,4,3,Weekday,Spring,No,33.98,66.68,0.0
2023-04-17 04:00,4,4,Weekday,Spring,No,33.98,65.93,0.0
2023-04-17 05:00,4,5,Weekday,Spring,No,34.92,67.01,0.0
2023-04-17 06:00,4,6,Weekday,Spring,No,36.65,68.25,0.0
2023-04-17 07:00,4,7,Weekday,Spring,No,38.34,68.37,4.29
2023-04-17 08:00,4,8,Weekday,Spring,Yes,41.12,64.85,17.8
2023-04-17 09:00,4,9,Weekday,Spring,Yes,44.82,66.59,21.78
2023-04-17 10:00,4,10,Weekday,Spring,Yes,48.5,66.94,22.2
2023-04-17 11:00,4,11,Weekday,Spring,Yes,50.94,68.35,30.36
2023-04-17 12:00,4,12,Weekday,Spring,Yes,52.67,67.63,24.74
2023-04-17 13:00,4,13,Weekday,Spring,Yes,54.36,68.48,26.62
2023-04-17 14:00,4,14,Weekday,Spring,Yes,55.78,69.55,32.73
2023-04-17 15:00,4,15,Weekday,Spring,Yes,57.14,68.19,13.64
2023-04-17 16:00,4,16,Weekday,Spring,Yes,58.48,68.82,17.75
2023-04-17 17:00,4,17,Weekday,Spring,Yes,58.37,69.43,8.19
2023-04-17 18:00,4,18,Weekday,Spring,No,57.4,70.57,13.12
2023-04-17 19:00,4,19,Weekday,Spring,No,56.39,70.38,9.61
2023-04-17 20:00,4,20,Weekday,Spring,No,54.78,69.32,4.43
2023-04-17 21:00,4,21,Weekday,Spring,No,52.8,70.15,10.93
2023-04-17 22:00,4,22,Weekday,Spring,No,50.82,69.5,1.38
2023-04-17 23:00,4,23,Weekday,Spring,No,49.06,69.63,9.58
2023-04-18 00:00,4,0,Weekday,Spring,No,47.33,68.25,13.34
2023-04-18 01:00,4,1,Weekday,Spring,No,45.64,68.78,1.79
2023-04-18 02:00,4,2,Weekday,Spring,No,44.96,68.48,1.48
2023-04-18 03:00,4,3,Weekday,Spring,No,44.96,68.62,6.19
2023-04-18 04:00,4,4,Weekday,Spring,No,44.96,69.16,0.0
2023-04-18 05:00,4,5,Weekday,Spring,No,45.7,68.05,0.0
2023-04-18 06:00,4,6,Weekday,Spring,No,47.06,69.31,3.29
2023-04-18 07:00,4,7,Weekday,Spring,No,48.4,69.52,0.0
2023-04-18 08:00,4,8,Weekday,Spring,Yes,51.23,69.4,25.94
2023-04-18 09:00,4,9,Weekday,Spring,Yes,55.3,68.49,31.31
2023-04-18 10:00,4,10,Weekday,Spring,Yes,59.33,70.02,41.45
2023-04-18 11:00,4,11,Weekday,Spring,Yes,62.35,71.83,37.56
2023-04-18 12:00,4,12,Weekday,Spring,Yes,64.68,70.94,40.56
2023-04-18 13:00,4,13,Weekday,Spring,Yes,67.03,71.51,37.51
2023-04-18 14:00,4,14,Weekday,Spring,Yes,68.21,71.38,43.3
2023-04-18 15:00,4,15,Weekday,Spring,Yes,68.57,71.75,25.9
2023-04-18 16:00,4,16,Weekday,Spring,Yes,68.93,71.0,26.34
2023-04-18 17:00,4,17,Weekday,Spring,Yes,67.92,71.04,18.72
2023-04-18 18:00,4,18,Weekday,Spring,No,65.84,72.13,21.05
2023-04-18 19:00,4,19,Weekday,Spring,No,63.78,72.79,20.76
2023-04-18 20:00,4,20,Weekday,Spring,No,61.6,71.98,6.35
2023-04-18 21:00,4,21,Weekday,Spring,No,59.26,69.67,12.93
2023-04-18 22:00,4,22,Weekday,Spring,No,56.92,69.38,10.78
2023-04-18 23:00,4,23,Weekday,Spring,No,55.0,69.93,12.25
2023-04-19 00:00,4,0,Weekday,Spring,No,53.38,70.63,13.74
2023-04-19 01:00,4,1,Weekday,Spring,No,51.76,70.52,6.19
2023-04-19 02:00,4,2,Weekday,Spring,No,50.66,69.42,12.71
2023-04-19 03:00,4,3,Weekday,Spring,No,49.94,69.75,1.45
2023-04-19 04:00,4,4,Weekday,Spring,No,49.22,68.39,3.03
2023-04-19 05:00,4,5,Weekday,Spring,No,49.86,68.48,7.52
2023-04-19 06:00,4,6,Weekday,Spring,No,51.59,69.56,8.96
2023-04-19 07:00,4,7,Weekday,Spring,No,53.28,69.35,1.38
2023-04-19 08:00,4,8,Weekday,Spring,Yes,55.74,69.07,31.23
2023-04-19 09:00,4,9,Weekday,Spring,Yes,58.7,70.02,26.89
2023-04-19 10:00,4,10,Weekday,Spring,Yes,61.69,71.02,34.84
2023-04-19 11:00,4,11,Weekday,Spring,Yes,64.54,69.77,39.79
2023-04-19 12:00,4,12,Weekday,Spring,Yes,67.24,70.78,45.19
2023-04-19 13:00,4,13,Weekday,Spring,Yes,69.94,72.08,48.78
2023-04-19 14:00,4,14,Weekday,Spring,Yes,71.06,71.45,35.53
2023-04-19 15:00,4,15,Weekday,Spring,Yes,71.06,72.11,29.88
2023-04-19 16:00,4,16,Weekday,Spring,Yes,71.06,71.39,22.46
2023-04-19 17:00,4,17,Weekday,Spring,Yes,70.12,70.96,20.25
2023-04-19 18:00,4,18,Weekday,Spring,No,68.39,72.92,18.51
2023-04-19 19:00,4,19,Weekday,Spring,No,66.69,72.02,20.1
2023-04-19 20:00,4,20,Weekday,Spring,No,64.24,71.85,23.75
2023-04-19 21:00,4,21,Weekday,Spring,No,61.28,70.86,14.39
2023-04-19 22:00,4,22,Weekday,Spring,No,58.3,72.38,17.58
2023-04-19 23:00,4,23,Weekday,Spring,No,56.08,70.05,5.84
2023-04-20 00:00,4,0,Weekday,Spring,No,54.35,70.69,10.79
2023-04-20 01:00,4,1,Weekday,Spring,No,52.66,69.89,4.71
2023-04-20 02:00,4,2,Weekday,Spring,No,51.56,69.46,0.0
2023-04-20 03:00,4,3,Weekday,Spring,No,50.94,70.48,8.78
2023-04-20 04:00,4,4,Weekday,Spring,No,50.3,70.13,8.08
2023-04-20 05:00,4,5,Weekday,Spring,No,51.36,69.03,1.68
2023-04-20 06:00,4,6,Weekday,Spring,No,53.7,71.07,9.79
2023-04-20 07:00,4,7,Weekday,Spring,No,56.04,70.05,7.03
2023-04-20 08:00,4,8,Weekday,Spring,Yes,60.17,70.33,34.71
2023-04-20 09:00,4,9,Weekday,Spring,Yes,65.46,70.04,41.62
2023-04-20 10:00,4,10,Weekday,Spring,Yes,70.79,71.46,47.09
2023-04-20 11:00,4,11,Weekday,Spring,Yes,74.19,73.07,52.29
2023-04-20 12:00,4,12,Weekday,Spring,Yes,76.18,71.21,46.29
2023-04-20 13:00,4,13,Weekday,Spring,Yes,78.16,73.36,52.6
2023-04-20 14:00,4,14,Weekday,Spring,Yes,79.4,73.16,53.3
2023-04-20 15:00,4,15,Weekday,Spring,Yes,80.02,73.91,37.77
2023-04-20 16:00,4,16,Weekday,Spring,Yes,80.66,73.99,32.99
2023-04-20 17:00,4,17,Weekday,Spring,Yes,79.81,74.23,32.82
2023-04-20 18:00,4,18,Weekday,Spring,No,77.82,74.48,35.29
2023-04-20 19:00,4,19,Weekday,Spring,No,75.84,74.83,28.9
2023-04-20 20:00,4,20,Weekday,Spring,No,72.71,72.93,25.8
2023-04-20 21:00,4,21,Weekday,Spring,No,68.65,72.21,25.33
2023-04-20 22:00,4,22,Weekday,Spring,No,64.61,71.85,13.01
2023-04-20 23:00,4,23,Weekday,Spring,No,62.22,70.92,14.0
2023-04-21 00:00,4,0,Weekday,Spring,No,60.86,71.12,16.92
2023-04-21 01:00,4,1,Weekday,Spring,No,59.52,70.86,14.49
2023-04-21 02:00,4,2,Weekday,Spring,No,58.06,71.4,9.81
2023-04-21 03:00,4,3,Weekday,Spring,No,56.33,71.84,7.03
2023-04-21 04:00,4,4,Weekday,Spring,No,54.64,70.35,15.49
2023-04-21 05:00,4,5,Weekday,Spring,No,55.74,71.25,13.94
2023-04-21 06:00,4,6,Weekday,Spring,No,58.7,69.79,12.4
2023-04-21 07:00,4,7,Weekday,Spring,No,61.69,70.52,6.37
2023-04-21 08:00,4,8,Weekday,Spring,Yes,66.11,71.18,41.43
2023-04-21 09:00,4,9,Weekday,Spring,Yes,71.4,72.65,41.0
2023-04-21 10:00,4,10,Weekday,Spring,Yes,76.73,71.44,44.31
2023-04-21 11:00,4,11,Weekday,Spring,Yes,80.13,73.71,58.63
2023-04-21 12:00,4,12,Weekday,Spring,Yes,82.12,72.81,60.26
2023-04-21 13:00,4,13,Weekday,Spring,Yes,84.1,74.04,59.03
2023-04-21 14:00,4,14,Weekday,Spring,Yes,85.34,73.97,61.58
2023-04-21 15:00,4,15,Weekday,Spring,Yes,86.06,72.43,38.99
2023-04-21 16:00,4,16,Weekday,Spring,Yes,86.78,74.89,35.45
2023-04-21 17:00,4,17,Weekday,Spring,Yes,85.08,74.28,30.69
2023-04-21 18:00,4,18,Weekday,Spring,No,81.77,74.45,33.96
2023-04-21 19:00,4,19,Weekday,Spring,No,78.42,73.36,29.64
2023-04-21 20:00,4,20,Weekday,Spring,No,75.42,73.77,29.24
2023-04-21 21:00,4,21,Weekday,Spring,No,72.83,72.51,23.36
2023-04-21 22:00,4,22,Weekday,Spring,No,70.2,73.21,23.47
2023-04-21 23:00,4,23,Weekday,Spring,No,69.08,72.36,17.16
2023-04-22 00:00,4,0,Weekend,Spring,No,69.08,73.11,24.05
2023-04-22 01:00,4,1,Weekend,Spring,No,69.08,72.98,17.49
2023-04-22 02:00,4,2,Weekend,Spring,No,67.72,72.68,25.29
2023-04-22 03:00,4,3,Weekend,Spring,No,65.38,72.88,21.94
2023-04-22 04:00,4,4,Weekend,Spring,No,63.04,71.83,12.72
2023-04-22 05:00,4,5,Weekend,Spring,No,63.42,69.77,13.47
2023-04-22 06:00,4,6,Weekend,Spring,No,65.76,70.76,21.47
2023-04-22 07:00,4,7,Weekend,Spring,No,68.1,73.32,25.03
2023-04-22 08:00,4,8,Weekend,Spring,No,70.97,72.31,19.81
2023-04-22 09:00,4,9,Weekend,Spring,No,74.32,73.82,25.68
2023-04-22 10:00,4,10,Weekend,Spring,No,77.63,74.73,29.18
2023-04-22 11:00,4,11,Weekend,Spring,No,79.92,74.38,33.34
2023-04-22 12:00,4,12,Weekend,Spring,No,81.65,73.96,33.18
2023-04-22 13:00,4,13,Weekend,Spring,No,83.34,74.66,32.49
2023-04-22 14:00,4,14,Weekend,Spring,No,83.81,76.5,30.08
2023-04-22 15:00,4,15,Weekend,Spring,No,83.45,75.22,35.17
2023-04-22 16:00,4,16,Weekend,Spring,No,83.09,74.26,25.47
2023-04-22 17:00,4,17,Weekend,Spring,No,81.78,75.78,33.49
2023-04-22 18:00,4,18,Weekend,Spring,No,79.81,74.89,29.36
2023-04-22 19:00,4,19,Weekend,Spring,No,77.82,75.01,36.96
2023-04-22 20:00,4,20,Weekend,Spring,No,74.69,74.22,30.65
2023-04-22 21:00,4,21,Weekend,Spring,No,70.62,72.45,22.61
2023-04-22 22:00,4,22,Weekend,Spring,No,66.59,72.36,19.41
2023-04-22 23:00,4,23,Weekend,Spring,No,64.41,72.18,19.71
2023-04-23 00:00,4,0,Weekend,Spring,No,63.41,72.28,19.6
2023-04-23 01:00,4,1,Weekend,Spring,No,62.44,72.15,7.15
2023-04-23 02:00,4,2,Weekend,Spring,No,61.22,71.2,13.27
2023-04-23 03:00,4,3,Weekend,Spring,No,59.89,72.2,13.01
2023-04-23 04:00,4,4,Weekend,Spring,No,58.52,70.53,14.66
2023-04-23 05:00,4,5,Weekend,Spring,No,59.28,72.04,9.72
2023-04-23 06:00,4,6,Weekend,Spring,No,61.62,71.75,19.06
2023-04-23 07:00,4,7,Weekend,Spring,No,63.96,72.77,21.43
2023-04-23 08:00,4,8,Weekend,Spring,No,66.94,72.11,25.93
2023-04-23 09:00,4,9,Weekend,Spring,No,70.25,71.59,29.02
2023-04-23 10:00,4,10,Weekend,Spring,No,73.6,72.4,25.84
2023-04-23 11:00,4,11,Weekend,Spring,No,75.96,73.7,31.83
2023-04-23 12:00,4,12,Weekend,Spring,No,77.69,73.51,31.72
2023-04-23 13:00,4,13,Weekend,Spring,No,79.38,74.01,32.73
2023-04-23 14:00,4,14,Weekend,Spring,No,80.27,75.27,26.52
2023-04-23 15:00,4,15,Weekend,Spring,No,80.53,74.57,29.67
2023-04-23 16:00,4,16,Weekend,Spring,No,80.81,76.23,35.11
2023-04-23 17:00,4,17,Weekend,Spring,No,80.44,74.0,39.29
2023-04-23 18:00,4,18,Weekend,Spring,No,79.43,73.94,25.89
2023-04-23 19:00,4,19,Weekend,Spring,No,78.46,74.74,32.94
2023-04-23 20:00,4,20,Weekend,Spring,No,76.5,73.39,28.05
2023-04-23 21:00,4,21,Weekend,Spring,No,73.81,73.1,30.58
2023-04-23 22:00,4,22,Weekend,Spring,No,71.1,71.96,20.74
2023-04-23 23:00,4,23,Weekend,Spring,No,68.2,72.95,21.53
2023-04-24 00:00,4,0,Weekday,Spring,No,65.24,71.82,9.77
2023-04-24 01:00,4,1,Weekday,Spring,No,62.26,70.59,20.0
2023-04-24 02:00,4,2,Weekday,Spring,No,60.04,71.52,17.39
2023-04-24 03:00,4,3,Weekday,Spring,No,58.31,70.53,13.55
2023-04-24 04:00,4,4,Weekday,Spring,No,56.62,69.23,17.27
2023-04-24 05:00,4,5,Weekday,Spring,No,57.72,70.83,4.91
2023-04-24 06:00,4,6,Weekday,Spring,No,60.68,73.15,18.48
2023-04-24 07:00,4,7,Weekday,Spring,No,63.67,72.41,16.14
2023-04-24 08:00,4,8,Weekday,Spring,Yes,67.25,70.04,41.62
2023-04-24 09:00,4,9,Weekday,Spring,Yes,71.32,72.36,42.2
2023-04-24 10:00,4,10,Weekday,Spring,Yes,75.35,72.98,51.76
2023-04-24 11:00,4,11,Weekday,Spring,Yes,78.37,71.8,44.06
2023-04-24 12:00,4,12,Weekday,Spring,Yes,80.71,72.86,60.54
2023-04-24 13:00,4,13,Weekday,Spring,Yes,83.04,73.97,57.23
2023-04-24 14:00,4,14,Weekday,Spring,Yes,84.23,74.11,54.85
2023-04-24 15:00,4,15,Weekday,Spring,Yes,84.48,74.13,42.7
2023-04-24 16:00,4,16,Weekday,Spring,Yes,84.77,73.63,42.07
2023-04-24 17:00,4,17,Weekday,Spring,Yes,83.77,74.66,33.83
2023-04-24 18:00,4,18,Weekday,Spring,No,81.78,74.39,41.55
2023-04-24 19:00,4,19,Weekday,Spring,No,79.81,74.34,34.85
2023-04-24 20:00,4,20,Weekday,Spring,No,76.88,73.92,29.38
2023-04-24 21:00,4,21,Weekday,Spring,No,73.18,73.45,37.29
2023-04-24 22:00,4,22,Weekday,Spring,No,69.5,74.39,23.33
2023-04-24 23:00,4,23,Weekday,Spring,No,66.84,71.78,22.04
2023-04-25 00:00,4,0,Weekday,Spring,No,64.86,71.56,21.91
2023-04-25 01:00,4,1,Weekday,Spring,No,62.89,71.18,9.77
2023-04-25 02:00,4,2,Weekday,Spring,No,61.22,70.6,13.89
2023-04-25 03:00,4,3,Weekday,Spring,No,59.89,70.88,14.19
2023-04-25 04:00,4,4,Weekday,Spring,No,58.52,71.24,12.4
2023-04-25 05:00,4,5,Weekday,Spring,No,59.92,72.38,19.58
2023-04-25 06:00,4,6,Weekday,Spring,No,63.23,70.84,21.66
2023-04-25 07:00,4,7,Weekday,Spring,No,66.58,73.0,17.5
2023-04-25 08:00,4,8,Weekday,Spring,Yes,70.73,71.66,52.67
2023-04-25 09:00,4,9,Weekday,Spring,Yes,75.41,72.05,55.62
2023-04-25 10:00,4,10,Weekday,Spring,Yes,80.09,73.81,50.7
2023-04-25 11:00,4,11,Weekday,Spring,Yes,82.98,73.84,57.2
2023-04-25 12:00,4,12,Weekday,Spring,Yes,84.71,74.33,59.32
2023-04-25 13:00,4,13,Weekday,Spring,Yes,86.4,73.76,63.56
2023-04-25 14:00,4,14,Weekday,Spring,Yes,87.08,74.1,64.09
2023-04-25 15:00,4,15,Weekday,Spring,Yes,87.08,74.2,50.38
2023-04-25 16:00,4,16,Weekday,Spring,Yes,87.08,72.1,37.08
2023-04-25 17:00,4,17,Weekday,Spring,Yes,85.08,73.27,35.11
2023-04-25 18:00,4,18,Weekday,Spring,No,81.77,75.26,38.91
2023-04-25 19:00,4,19,Weekday,Spring,No,78.42,73.0,33.11
2023-04-25 20:00,4,20,Weekday,Spring,No,75.01,73.18,34.42
2023-04-25 21:00,4,21,Weekday,Spring,No,71.69,73.3,14.18
2023-04-25 22:00,4,22,Weekday,Spring,No,68.34,71.92,26.33
2023-04-25 23:00,4,23,Weekday,Spring,No,66.71,71.59,22.07
2023-04-26 00:00,4,0,Weekday,Spring,No,66.46,70.82,20.03
2023-04-26 01:00,4,1,Weekday,Spring,No,66.17,71.89,16.51
2023-04-26 02:00,4,2,Weekday,Spring,No,64.44,71.68,17.76
2023-04-26 03:00,4,3,Weekday,Spring,No,61.74,72.12,13.01
2023-04-26 04:00,4,4,Weekday,Spring,No,59.04,70.35,11.91
2023-04-26 05:00,4,5,Weekday,Spring,No,60.23,72.49,16.92
2023-04-26 06:00,4,6,Weekday,Spring,No,64.3,72.2,22.6
2023-04-26 07:00,4,7,Weekday,Spring,No,68.33,72.73,30.0
2023-04-26 08:00,4,8,Weekday,Spring,Yes,71.76,72.35,45.25
2023-04-26 09:00,4,9,Weekday,Spring,Yes,74.72,72.52,48.13
2023-04-26 10:00,4,10,Weekday,Spring,Yes,77.7,72.26,51.51
2023-04-26 11:00,4,11,Weekday,Spring,Yes,80.34,73.94,60.96
2023-04-26 12:00,4,12,Weekday,Spring,Yes,82.68,73.6,60.58
2023-04-26 13:00,4,13,Weekday,Spring,Yes,85.02,73.82,57.3
2023-04-26 14:00,4,14,Weekday,Spring,Yes,85.79,73.58,66.18
2023-04-26 15:00,4,15,Weekday,Spring,Yes,85.43,74.72,43.1
2023-04-26 16:00,4,16,Weekday,Spring,Yes,85.07,74.18,42.97
2023-04-26 17:00,4,17,Weekday,Spring,Yes,83.56,71.87,33.19
2023-04-26 18:00,4,18,Weekday,Spring,No,81.32,74.54,34.34
2023-04-26 19:00,4,19,Weekday,Spring,No,79.05,74.6,26.82
2023-04-26 20:00,4,20,Weekday,Spring,No,76.5,73.78,22.6
2023-04-26 21:00,4,21,Weekday,Spring,No,73.81,74.11,31.6
2023-04-26 22:00,4,22,Weekday,Spring,No,71.1,73.35,28.77
2023-04-26 23:00,4,23,Weekday,Spring,No,69.77,72.79,27.62
2023-04-27 00:00,4,0,Weekday,Spring,No,69.52,72.04,16.37
2023-04-27 01:00,4,1,Weekday,Spring,No,69.23,72.89,28.07
2023-04-27 02:00,4,2,Weekday,Spring,No,68.24,72.88,22.39
2023-04-27 03:00,4,3,Weekday,Spring,No,66.9,72.36,12.64
2023-04-27 04:00,4,4,Weekday,Spring,No,65.54,71.65,18.33
2023-04-27 05:00,4,5,Weekday,Spring,No,65.57,72.08,17.54
2023-04-27 06:00,4,6,Weekday,Spring,No,66.54,72.98,20.63
2023-04-27 07:00,4,7,Weekday,Spring,No,67.55,72.77,18.03
2023-04-27 08:00,4,8,Weekday,Spring,Yes,70.1,71.92,47.73
2023-04-27 09:00,4,9,Weekday,Spring,Yes,73.81,72.28,54.47
2023-04-27 10:00,4,10,Weekday,Spring,Yes,77.48,73.02,46.21
2023-04-27 11:00,4,11,Weekday,Spring,Yes,80.13,72.08,57.82
2023-04-27 12:00,4,12,Weekday,Spring,Yes,82.12,74.94,55.86
2023-04-27 13:00,4,13,Weekday,Spring,Yes,84.1,73.38,63.41
2023-04-27 14:00,4,14,Weekday,Spring,Yes,84.5,74.98,59.68
2023-04-27 15:00,4,15,Weekday,Spring,Yes,83.88,74.38,37.27
2023-04-27 16:00,4,16,Weekday,Spring,Yes,83.24,73.73,35.95
2023-04-27 17:00,4,17,Weekday,Spring,Yes,81.58,73.29,34.79
2023-04-27 18:00,4,18,Weekday,Spring,No,79.24,73.43,36.86
2023-04-27 19:00,4,19,Weekday,Spring,No,76.9,73.85,24.68
2023-04-27 20:00,4,20,Weekday,Spring,No,74.34,74.25,27.15
2023-04-27 21:00,4,21,Weekday,Spring,No,71.75,73.65,31.13
2023-04-27 22:00,4,22,Weekday,Spring,No,69.12,73.55,19.09
2023-04-27 23:00,4,23,Weekday,Spring,No,67.37,72.52,21.27
2023-04-28 00:00,4,0,Weekday,Spring,No,66.4,71.71,17.25
2023-04-28 01:00,4,1,Weekday,Spring,No,65.39,72.09,13.78
2023-04-28 02:00,4,2,Weekday,Spring,No,63.16,71.22,19.13
2023-04-28 03:00,4,3,Weekday,Spring,No,60.2,72.37,9.94
2023-04-28 04:00,4,4,Weekday,Spring,No,57.22,70.69,11.6
2023-04-28 05:00,4,5,Weekday,Spring,No,57.52,71.17,5.99
2023-04-28 06:00,4,6,Weekday,Spring,No,60.22,71.19,27.3
2023-04-28 07:00,4,7,Weekday,Spring,No,62.92,72.29,19.93
2023-04-28 08:00,4,8,Weekday,Spring,Yes,66.35,70.28,47.06
2023-04-28 09:00,4,9,Weekday,Spring,Yes,70.31,72.02,56.19
2023-04-28 10:00,4,10,Weekday,Spring,Yes,74.27,72.37,53.26
2023-04-28 11:00,4,11,Weekday,Spring,Yes,77.08,71.75,54.88
2023-04-28 12:00,4,12,Weekday,Spring,Yes,79.16,73.27,50.26
2023-04-28 13:00,4,13,Weekday,Spring,Yes,81.22,72.97,57.5
2023-04-28 14:00,4,14,Weekday,Spring,Yes,82.25,72.34,67.3
2023-04-28 15:00,4,15,Weekday,Spring,Yes,82.51,74.37,28.76
2023-04-28 16:00,4,16,Weekday,Spring,Yes,82.79,73.4,37.9
2023-04-28 17:00,4,17,Weekday,Spring,Yes,81.37,74.05,30.79
2023-04-28 18:00,4,18,Weekday,Spring,No,78.77,74.17,30.75
2023-04-28 19:00,4,19,Weekday,Spring,No,76.14,74.01,16.91
2023-04-28 20:00,4,20,Weekday,Spring,No,73.86,75.21,25.52
2023-04-28 21:00,4,21,Weekday,Spring,No,71.88,73.17,23.73
2023-04-28 22:00,4,22,Weekday,Spring,No,69.9,72.11,26.7
2023-04-28 23:00,4,23,Weekday,Spring,No,67.3,73.84,22.34
2023-04-29 00:00,4,0,Weekend,Spring,No,64.34,71.27,17.27
2023-04-29 01:00,4,1,Weekend,Spring,No,61.36,70.95,5.01
2023-04-29 02:00,4,2,Weekend,Spring,No,59.45,71.02,16.51
2023-04-29 03:00,4,3,Weekend,Spring,No,58.48,71.41,10.93
2023-04-29 04:00,4,4,Weekend,Spring,No,57.47,70.76,9.33
2023-04-29 05:00,4,5,Weekend,Spring,No,58.38,70.85,17.3
2023-04-29 06:00,4,6,Weekend,Spring,No,60.72,71.32,21.8
2023-04-29 07:00,4,7,Weekend,Spring,No,63.06,72.04,20.99
2023-04-29 08:00,4,8,Weekend,Spring,No,66.35,72.26,19.1
2023-04-29 09:00,4,9,Weekend,Spring,No,70.31,72.54,20.31
2023-04-29 10:00,4,10,Weekend,Spring,No,74.27,73.01,24.72
2023-04-29 11:00,4,11,Weekend,Spring,No,77.28,74.19,29.16
2023-04-29 12:00,4,12,Weekend,Spring,No,79.62,75.99,34.57
2023-04-29 13:00,4,13,Weekend,Spring,No,81.96,74.88,33.53
2023-04-29 14:00,4,14,Weekend,Spring,No,83.15,75.4,34.48
2023-04-29 15:00,4,15,Weekend,Spring,No,83.51,76.04,40.11
2023-04-29 16:00,4,16,Weekend,Spring,No,83.87,74.86,35.56
2023-04-29 17:00,4,17,Weekend,Spring,No,82.86,74.6,38.79
2023-04-29 18:00,4,18,Weekend,Spring,No,80.88,75.12,33.8
2023-04-29 19:00,4,19,Weekend,Spring,No,78.9,74.52,23.95
2023-04-29 20:00,4,20,Weekend,Spring,No,76.3,73.52,28.84
2023-04-29 21:00,4,21,Weekend,Spring,No,73.34,74.59,22.42
2023-04-29 22:00,4,22,Weekend,Spring,No,70.36,72.52,27.01
2023-04-29 23:00,4,23,Weekend,Spring,No,67.92,71.56,20.43
2023-04-30 00:00,4,0,Weekend,Spring,No,65.84,72.36,25.51
2023-04-30 01:00,4,1,Weekend,Spring,No,63.78,72.17,17.61
2023-04-30 02:00,4,2,Weekend,Spring,No,61.38,71.97,18.38
2023-04-30 03:00,4,3,Weekend,Spring,No,58.79,70.88,17.33
2023-04-30 04:00,4,4,Weekend,Spring,No,56.16,70.46,6.29
2023-04-30 05:00,4,5,Weekend,Spring,No,57.14,71.35,7.91
2023-04-30 06:00,4,6,Weekend,Spring,No,60.85,70.95,15.91
2023-04-30 07:00,4,7,Weekend,Spring,No,64.52,71.55,23.15
2023-04-30 08:00,4,8,Weekend,Spring,No,68.54,72.63,23.0
2023-04-30 09:00,4,9,Weekend,Spring,No,72.86,73.64,28.2
2023-04-30 10:00,4,10,Weekend,Spring,No,77.18,74.49,29.5
2023-04-30 11:00,4,11,Weekend,Spring,No,80.76,74.93,35.9
2023-04-30 12:00,4,12,Weekend,Spring,No,83.72,76.07,26.03
2023-04-30 13:00,4,13,Weekend,Spring,No,86.7,74.86,36.06
2023-04-30 14:00,4,14,Weekend,Spring,No,87.56,76.74,40.59
2023-04-30 15:00,4,15,Weekend,Spring,No,86.94,76.09,44.78
2023-04-30 16:00,4,16,Weekend,Spring,No,86.3,76.14,40.49
2023-04-30 17:00,4,17,Weekend,Spring,No,85.06,76.74,34.83
2023-04-30 18:00,4,18,Weekend,Spring,No,83.33,76.06,32.08
2023-04-30 19:00,4,19,Weekend,Spring,No,81.63,76.36,35.67
2023-04-30 20:00,4,20,Weekend,Spring,No,79.07,73.78,28.15
2023-04-30 21:00,4,21,Weekend,Spring,No,76.04,75.31,24.31
2023-04-30 22:00,4,22,Weekend,Spring,No,73.26,73.65,29.72
2023-04-30 23:00,4,23,Weekend,Spring,No,70.46,72.93,29.16
2023-05-01 00:00,5,0,Weekday,Spring,No,67.58,72.47,21.27
2023-05-01 01:00,5,1,Weekday,Spring,No,64.7,72.81,9.99
2023-05-01 02:00,5,2,Weekday,Spring,No,61.92,71.51,16.15
2023-05-01 03:00,5,3,Weekday,Spring,No,59.12,69.63,11.71
2023-05-01 04:00,5,4,Weekday,Spring,No,57.4,69.41,3.88
2023-05-01 05:00,5,5,Weekday,Spring,No,56.39,70.89,11.83
2023-05-01 06:00,5,6,Weekday,Spring,No,56.57,71.39,15.21
2023-05-01 07:00,5,7,Weekday,Spring,No,58.8,70.81,12.25
2023-05-01 08:00,5,8,Weekday,Spring,Yes,62.92,70.04,38.84
2023-05-01 09:00,5,9,Weekday,Spring,Yes,66.72,70.58,45.0
2023-05-01 10:00,5,10,Weekday,Spring,Yes,68.63,70.67,42.47
2023-05-01 11:00,5,11,Weekday,Spring,Yes,70.76,70.4,37.05
2023-05-01 12:00,5,12,Weekday,Spring,Yes,73.74,71.08,44.65
2023-05-01 13:00,5,13,Weekday,Spring,Yes,75.54,71.51,52.31
2023-05-01 14:00,5,14,Weekday,Spring,Yes,75.4,72.25,54.0
2023-05-01 15:00,5,15,Weekday,Spring,Yes,75.54,71.73,27.21
2023-05-01 16:00,5,16,Weekday,Spring,Yes,74.76,71.23,19.1
2023-05-01 17:00,5,17,Weekday,Spring,Yes,73.42,71.37,31.23
2023-05-01 18:00,5,18,Weekday,Spring,No,70.73,73.38,29.53
2023-05-01 19:00,5,19,Weekday,Spring,No,67.3,72.97,16.18
2023-05-01 20:00,5,20,Weekday,Spring,No,64.86,71.86,16.32
2023-05-01 21:00,5,21,Weekday,Spring,No,62.89,72.0,16.79
2023-05-01 22:00,5,22,Weekday,Spring,No,60.9,72.0,12.51
2023-05-01 23:00,5,23,Weekday,Spring,No,59.45,71.02,19.51
2023-05-02 00:00,5,0,Weekday,Spring,No,59.0,70.18,14.04
2023-05-02 01:00,5,1,Weekday,Spring,No,58.37,71.84,17.41
2023-05-02 02:00,5,2,Weekday,Spring,No,57.92,69.74,10.54
2023-05-02 03:00,5,3,Weekday,Spring,No,57.92,70.1,7.38
2023-05-02 04:00,5,4,Weekday,Spring,No,57.92,71.43,15.08
2023-05-02 05:00,5,5,Weekday,Spring,No,56.24,71.01,9.93
2023-05-02 06:00,5,6,Weekday,Spring,No,55.04,71.77,8.82
2023-05-02 07:00,5,7,Weekday,Spring,No,57.35,70.7,16.97
2023-05-02 08:00,5,8,Weekday,Spring,Yes,61.94,70.37,37.94
2023-05-02 09:00,5,9,Weekday,Spring,Yes,62.89,70.91,30.9
2023-05-02 10:00,5,10,Weekday,Spring,Yes,63.22,70.46,40.95
2023-05-02 11:00,5,11,Weekday,Spring,Yes,64.04,69.88,39.04
2023-05-02 12:00,5,12,Weekday,Spring,Yes,64.56,69.46,49.23
2023-05-02 13:00,5,13,Weekday,Spring,Yes,66.1,69.82,43.62
2023-05-02 14:00,5,14,Weekday,Spring,Yes,65.76,70.78,40.93
2023-05-02 15:00,5,15,Weekday,Spring,Yes,62.63,69.89,11.64
2023-05-02 16:00,5,16,Weekday,Spring,Yes,63.92,70.46,26.14
2023-05-02 17:00,5,17,Weekday,Spring,Yes,66.02,70.68,20.84
2023-05-02 18:00,5,18,Weekday,Spring,No,63.71,70.89,14.45
2023-05-02 19:00,5,19,Weekday,Spring,No,60.28,72.36,22.95
2023-05-02 20:00,5,20,Weekday,Spring,No,57.85,72.41,8.06
2023-05-02 21:00,5,21,Weekday,Spring,No,55.86,70.13,12.33
2023-05-02 22:00,5,22,Weekday,Spring,No,54.41,69.76,5.98
2023-05-02 23:00,5,23,Weekday,Spring,No,53.96,70.93,7.46
2023-05-03 00:00,5,0,Weekday,Spring,No,53.43,70.74,10.55
2023-05-03 01:00,5,1,Weekday,Spring,No,52.43,68.96,12.4
2023-05-03 02:00,5,2,Weekday,Spring,No,51.98,69.99,10.74
2023-05-03 03:00,5,3,Weekday,Spring,No,51.46,71.27,7.52
2023-05-03 04:00,5,4,Weekday,Spring,No,50.45,70.74,9.99
2023-05-03 05:00,5,5,Weekday,Spring,No,49.37,69.14,2.71
2023-05-03 06:00,5,6,Weekday,Spring,No,51.86,68.51,13.37
2023-05-03 07:00,5,7,Weekday,Spring,No,58.06,71.82,16.75
2023-05-03 08:00,5,8,Weekday,Spring,Yes,63.92,71.91,41.05
2023-05-03 09:00,5,9,Weekday,Spring,Yes,68.96,72.75,47.1
2023-05-03 10:00,5,10,Weekday,Spring,Yes,73.9,71.94,43.79
2023-05-03 11:00,5,11,Weekday,Spring,Yes,76.55,72.51,49.29
2023-05-03 12:00,5,12,Weekday,Spring,Yes,78.78,73.43,54.55
2023-05-03 13:00,5,13,Weekday,Spring,Yes,80.06,74.36,53.19
2023-05-03 14:00,5,14,Weekday,Spring,Yes,81.74,72.79,52.9
2023-05-03 15:00,5,15,Weekday,Spring,Yes,81.78,73.82,34.47
2023-05-03 16:00,5,16,Weekday,Spring,Yes,81.59,73.53,36.72
2023-05-03 17:00,5,17,Weekday,Spring,Yes,80.88,73.04,34.6
2023-05-03 18:00,5,18,Weekday,Spring,No,78.9,73.91,25.74
2023-05-03 19:00,5,19,Weekday,Spring,No,76.3,73.64,34.13
2023-05-03 20:00,5,20,Weekday,Spring,No,73.86,73.28,25.75
2023-05-03 21:00,5,21,Weekday,Spring,No,70.73,73.83,18.41
2023-05-03 22:00,5,22,Weekday,Spring,No,67.82,72.86,23.7
2023-05-03 23:00,5,23,Weekday,Spring,No,64.61,72.01,16.47
2023-05-04 00:00,5,0,Weekday,Spring,No,61.8,70.15,18.85
2023-05-04 01:00,5,1,Weekday,Spring,No,60.98,71.79,26.64
2023-05-04 02:00,5,2,Weekday,Spring,No,59.82,71.12,19.27
2023-05-04 03:00,5,3,Weekday,Spring,No,58.37,70.83,17.42
2023-05-04 04:00,5,4,Weekday,Spring,No,57.92,70.42,13.15
2023-05-04 05:00,5,5,Weekday,Spring,No,59.7,70.99,22.69
2023-05-04 06:00,5,6,Weekday,Spring,No,64.44,72.75,12.44
2023-05-04 07:00,5,7,Weekday,Spring,No,70.49,72.29,31.35
2023-05-04 08:00,5,8,Weekday,Spring,Yes,75.35,73.14,53.85
2023-05-04 09:00,5,9,Weekday,Spring,Yes,79.31,72.73,53.64
2023-05-04 10:00,5,10,Weekday,Spring,Yes,81.59,73.39,51.25
2023-05-04 11:00,5,11,Weekday,Spring,Yes,83.72,73.93,57.06
2023-05-04 12:00,5,12,Weekday,Spring,Yes,85.55,74.95,60.15
2023-05-04 13:00,5,13,Weekday,Spring,Yes,86.0,74.28,57.77
2023-05-04 14:00,5,14,Weekday,Spring,Yes,87.16,74.39,55.35
2023-05-04 15:00,5,15,Weekday,Spring,Yes,88.61,73.36,36.34
2023-05-04 16:00,5,16,Weekday,Spring,Yes,87.9,74.62,40.2
2023-05-04 17:00,5,17,Weekday,Spring,Yes,84.14,75.34,38.16
2023-05-04 18:00,5,18,Weekday,Spring,No,79.1,74.62,22.61
2023-05-04 19:00,5,19,Weekday,Spring,No,76.37,74.13,26.75
2023-05-04 20:00,5,20,Weekday,Spring,No,74.24,73.87,30.59
2023-05-04 21:00,5,21,Weekday,Spring,No,72.41,74.12,25.15
2023-05-04 22:00,5,22,Weekday,Spring,No,72.59,72.47,20.62
2023-05-04 23:00,5,23,Weekday,Spring,No,70.73,73.66,19.87
2023-05-05 00:00,5,0,Weekday,Spring,No,68.45,73.54,26.48
2023-05-05 01:00,5,1,Weekday,Spring,No,66.84,73.09,20.48
2023-05-05 02:00,5,2,Weekday,Spring,No,64.86,72.32,24.46
2023-05-05 03:00,5,3,Weekday,Spring,No,64.04,71.04,5.73
2023-05-05 04:00,5,4,Weekday,Spring,No,64.04,71.37,21.16
2023-05-05 05:00,5,5,Weekday,Spring,No,63.41,71.66,21.9
2023-05-05 06:00,5,6,Weekday,Spring,No,64.74,72.04,17.94
2023-05-05 07:00,5,7,Weekday,Spring,No,69.48,72.87,25.07
2023-05-05 08:00,5,8,Weekday,Spring,Yes,74.27,72.47,47.84
2023-05-05 09:00,5,9,Weekday,Spring,Yes,77.7,73.78,49.78
2023-05-05 10:00,5,10,Weekday,Spring,Yes,80.76,73.56,57.12
2023-05-05 11:00,5,11,Weekday,Spring,Yes,83.2,73.46,61.86
2023-05-05 12:00,5,12,Weekday,Spring,Yes,85.18,75.08,51.23
2023-05-05 13:00,5,13,Weekday,Spring,Yes,87.16,73.85,62.52
2023-05-05 14:00,5,14,Weekday,Spring,Yes,87.98,73.51,55.9
2023-05-05 15:00,5,15,Weekday,Spring,Yes,87.98,75.07,41.68
2023-05-05 16:00,5,16,Weekday,Spring,Yes,87.46,74.99,39.64
2023-05-05 17:00,5,17,Weekday,Spring,Yes,86.45,75.57,40.46
2023-05-05 18:00,5,18,Weekday,Spring,No,84.22,75.15,35.42
2023-05-05 19:00,5,19,Weekday,Spring,No,81.26,75.37,40.69
2023-05-05 20:00,5,20,Weekday,Spring,No,78.28,73.71,36.72
2023-05-05 21:00,5,21,Weekday,Spring,No,75.84,73.89,21.9
2023-05-05 22:00,5,22,Weekday,Spring,No,73.86,74.59,30.15
2023-05-05 23:00,5,23,Weekday,Spring,No,70.73,72.86,20.25
2023-05-06 00:00,5,0,Weekend,Spring,No,68.45,73.66,18.58
2023-05-06 01:00,5,1,Weekend,Spring,No,67.37,73.42,25.07
2023-05-06 02:00,5,2,Weekend,Spring,No,65.76,72.22,20.97
2023-05-06 03:00,5,3,Weekend,Spring,No,66.1,72.69,22.22
2023-05-06 04:00,5,4,Weekend,Spring,No,65.24,72.55,20.08
2023-05-06 05:00,5,5,Weekend,Spring,No,66.35,71.62,25.02
2023-05-06 06:00,5,6,Weekend,Spring,No,69.16,72.54,26.94
2023-05-06 07:00,5,7,Weekend,Spring,No,72.92,74.07,27.21
2023-05-06 08:00,5,8,Weekend,Spring,No,76.18,73.28,29.33
2023-05-06 09:00,5,9,Weekend,Spring,No,78.16,75.02,30.84
2023-05-06 10:00,5,10,Weekend,Spring,No,80.13,74.92,39.76
2023-05-06 11:00,5,11,Weekend,Spring,No,82.74,73.92,20.28
2023-05-06 12:00,5,12,Weekend,Spring,No,85.18,75.7,39.54
2023-05-06 13:00,5,13,Weekend,Spring,No,86.63,75.77,40.14
2023-05-06 14:00,5,14,Weekend,Spring,No,87.08,73.77,39.84
2023-05-06 15:00,5,15,Weekend,Spring,No,87.6,76.58,40.42
2023-05-06 16:00,5,16,Weekend,Spring,No,87.98,75.56,37.67
2023-05-06 17:00,5,17,Weekend,Spring,No,86.82,75.94,31.48
2023-05-06 18:00,5,18,Weekend,Spring,No,84.22,75.09,47.55
2023-05-06 19:00,5,19,Weekend,Spring,No,80.63,75.07,32.7
2023-05-06 20:00,5,20,Weekend,Spring,No,77.82,74.85,28.63
2023-05-06 21:00,5,21,Weekend,Spring,No,75.22,74.91,17.17
2023-05-06 22:00,5,22,Weekend,Spring,No,71.1,72.24,24.26
2023-05-06 23:00,5,23,Weekend,Spring,No,69.08,72.71,18.16
2023-05-07 00:00,5,0,Weekend,Spring,No,69.6,72.92,27.97
2023-05-07 01:00,5,1,Weekend,Spring,No,68.2,73.08,25.53
2023-05-07 02:00,5,2,Weekend,Spring,No,65.24,71.28,15.64
2023-05-07 03:00,5,3,Weekend,Spring,No,63.41,72.11,20.86
2023-05-07 04:00,5,4,Weekend,Spring,No,62.44,71.83,17.78
2023-05-07 05:00,5,5,Weekend,Spring,No,62.06,70.97,15.4
2023-05-07 06:00,5,6,Weekend,Spring,No,65.53,72.43,20.66
2023-05-07 07:00,5,7,Weekend,Spring,No,70.94,73.09,30.66
2023-05-07 08:00,5,8,Weekend,Spring,No,75.98,73.43,27.12
2023-05-07 09:00,5,9,Weekend,Spring,No,81.54,74.78,33.62
2023-05-07 10:00,5,10,Weekend,Spring,No,85.8,75.22,41.68
2023-05-07 11:00,5,11,Weekend,Spring,No,88.23,74.55,40.31
2023-05-07 12:00,5,12,Weekend,Spring,No,90.74,76.48,38.33
2023-05-07 13:00,5,13,Weekend,Spring,No,91.42,77.73,32.86
2023-05-07 14:00,5,14,Weekend,Spring,No,92.72,76.35,43.76
2023-05-07 15:00,5,15,Weekend,Spring,No,93.4,76.74,49.28
2023-05-07 16:00,5,16,Weekend,Spring,No,92.39,75.27,49.66
2023-05-07 17:00,5,17,Weekend,Spring,No,90.78,75.72,32.5
2023-05-07 18:00,5,18,Weekend,Spring,No,87.65,75.36,40.41
2023-05-07 19:00,5,19,Weekend,Spring,No,84.22,75.33,34.1
2023-05-07 20:00,5,20,Weekend,Spring,No,81.26,75.47,30.6
2023-05-07 21:00,5,21,Weekend,Spring,No,79.43,74.09,31.96
2023-05-07 22:00,5,22,Weekend,Spring,No,76.04,73.22,30.05
2023-05-07 23:00,5,23,Weekend,Spring,No,72.26,73.08,28.93
2023-05-08 00:00,5,0,Weekday,Spring,No,71.06,73.38,29.62
2023-05-08 01:00,5,1,Weekday,Spring,No,70.43,72.7,21.8
2023-05-08 02:00,5,2,Weekday,Spring,No,70.61,72.97,21.64
2023-05-08 03:00,5,3,Weekday,Spring,No,70.43,72.39,19.82
2023-05-08 04:00,5,4,Weekday,Spring,No,67.67,73.12,22.36
2023-05-08 05:00,5,5,Weekday,Spring,No,64.24,72.96,11.52
2023-05-08 06:00,5,6,Weekday,Spring,No,65.9,72.49,29.15
2023-05-08 07:00,5,7,Weekday,Spring,No,73.25,74.09,19.63
2023-05-08 08:00,5,8,Weekday,Spring,Yes,78.78,72.55,53.56
2023-05-08 09:00,5,9,Weekday,Spring,Yes,82.9,74.28,59.54
2023-05-08 10:00,5,10,Weekday,Spring,Yes,86.18,74.81,58.28
2023-05-08 11:00,5,11,Weekday,Spring,Yes,88.23,73.73,63.3
2023-05-08 12:00,5,12,Weekday,Spring,Yes,90.22,74.58,61.67
2023-05-08 13:00,5,13,Weekday,Spring,Yes,91.56,74.94,59.63
2023-05-08 14:00,5,14,Weekday,Spring,Yes,92.57,74.91,58.84
2023-05-08 15:00,5,15,Weekday,Spring,Yes,93.54,74.28,45.6
2023-05-08 16:00,5,16,Weekday,Spring,Yes,92.76,75.49,36.01
2023-05-08 17:00,5,17,Weekday,Spring,Yes,90.78,74.89,35.26
2023-05-08 18:00,5,18,Weekday,Spring,No,87.65,76.77,39.51
2023-05-08 19:00,5,19,Weekday,Spring,No,83.69,75.04,41.18
2023-05-08 20:00,5,20,Weekday,Spring,No,79.1,73.82,29.64
2023-05-08 21:00,5,21,Weekday,Spring,No,75.84,73.81,29.36
2023-05-08 22:00,5,22,Weekday,Spring,No,75.02,73.62,37.36
2023-05-08 23:00,5,23,Weekday,Spring,No,70.92,72.2,19.71
2023-05-09 00:00,5,0,Weekday,Spring,No,65.69,72.74,17.13
2023-05-09 01:00,5,1,Weekday,Spring,No,65.72,72.13,13.13
2023-05-09 02:00,5,2,Weekday,Spring,No,66.92,72.02,18.26
2023-05-09 03:00,5,3,Weekday,Spring,No,63.46,71.51,14.01
2023-05-09 04:00,5,4,Weekday,Spring,No,59.82,71.61,12.79
2023-05-09 05:00,5,5,Weekday,Spring,No,59.63,70.83,14.87
2023-05-09 06:00,5,6,Weekday,Spring,No,63.54,71.58,17.03
2023-05-09 07:00,5,7,Weekday,Spring,No,70.12,73.11,21.28
2023-05-09 08:00,5,8,Weekday,Spring,Yes,77.13,73.67,57.57
2023-05-09 09:00,5,9,Weekday,Spring,Yes,81.74,72.59,49.87
2023-05-09 10:00,5,10,Weekday,Spring,Yes,84.1,73.9,56.91
2023-05-09 11:00,5,11,Weekday,Spring,Yes,87.86,74.25,62.53
2023-05-09 12:00,5,12,Weekday,Spring,Yes,90.59,74.44,60.85
2023-05-09 13:00,5,13,Weekday,Spring,Yes,90.41,76.11,68.35
2023-05-09 14:00,5,14,Weekday,Spring,Yes,91.74,74.49,66.38
2023-05-09 15:00,5,15,Weekday,Spring,Yes,92.39,75.65,43.6
2023-05-09 16:00,5,16,Weekday,Spring,Yes,91.42,75.57,37.1
2023-05-09 17:00,5,17,Weekday,Spring,Yes,89.26,76.07,32.48
2023-05-09 18:00,5,18,Weekday,Spring,No,86.2,75.27,36.68
2023-05-09 19:00,5,19,Weekday,Spring,No,83.77,75.23,35.26
2023-05-09 20:00,5,20,Weekday,Spring,No,81.26,74.88,30.38
2023-05-09 21:00,5,21,Weekday,Spring,No,77.65,74.2,34.6
2023-05-09 22:00,5,22,Weekday,Spring,No,74.24,73.78,28.7
2023-05-09 23:00,5,23,Weekday,Spring,No,71.88,73.42,25.49
2023-05-10 00:00,5,0,Weekday,Spring,No,70.43,72.27,29.91
2023-05-10 01:00,5,1,Weekday,Spring,No,68.82,72.83,24.07
2023-05-10 02:00,5,2,Weekday,Spring,No,67.37,71.76,23.11
2023-05-10 03:00,5,3,Weekday,Spring,No,66.4,72.19,16.05
2023-05-10 04:00,5,4,Weekday,Spring,No,64.86,72.68,23.98
2023-05-10 05:00,5,5,Weekday,Spring,No,63.41,71.62,17.98
2023-05-10 06:00,5,6,Weekday,Spring,No,64.74,70.66,15.2
2023-05-10 07:00,5,7,Weekday,Spring,No,68.96,73.15,25.32
2023-05-10 08:00,5,8,Weekday,Spring,Yes,73.9,71.01,46.52
2023-05-10 09:00,5,9,Weekday,Spring,Yes,77.18,73.46,41.53
2023-05-10 10:00,5,10,Weekday,Spring,Yes,80.39,73.95,52.78
2023-05-10 11:00,5,11,Weekday,Spring,Yes,83.2,73.82,60.68
2023-05-10 12:00,5,12,Weekday,Spring,Yes,83.39,73.85,60.67
2023-05-10 13:00,5,13,Weekday,Spring,Yes,84.72,72.52,59.1
2023-05-10 14:00,5,14,Weekday,Spring,Yes,86.0,75.11,66.0
2023-05-10 15:00,5,15,Weekday,Spring,Yes,85.37,72.99,33.78
2023-05-10 16:00,5,16,Weekday,Spring,Yes,84.92,73.69,33.92
2023-05-10 17:00,5,17,Weekday,Spring,Yes,84.4,73.66,25.76
2023-05-10 18:00,5,18,Weekday,Spring,No,82.24,74.82,34.39
2023-05-10 19:00,5,19,Weekday,Spring,No,79.28,74.2,29.99
2023-05-10 20:00,5,20,Weekday,Spring,No,76.3,73.23,33.4
2023-05-10 21:00,5,21,Weekday,Spring,No,73.86,72.75,26.59
2023-05-10 22:00,5,22,Weekday,Spring,No,71.88,74.13,30.53
2023-05-10 23:00,5,23,Weekday,Spring,No,69.9,72.2,16.64
2023-05-11 00:00,5,0,Weekday,Spring,No,66.67,74.46,23.92
2023-05-11 01:00,5,1,Weekday,Spring,No,65.57,72.27,25.46
2023-05-11 02:00,5,2,Weekday,Spring,No,64.86,71.61,14.38
2023-05-11 03:00,5,3,Weekday,Spring,No,61.73,71.3,11.73
2023-05-11 04:00,5,4,Weekday,Spring,No,56.51,69.23,12.85
2023-05-11 05:00,5,5,Weekday,Spring,No,52.8,69.43,4.14
2023-05-11 06:00,5,6,Weekday,Spring,No,58.38,71.41,17.58
2023-05-11 07:00,5,7,Weekday,Spring,No,67.06,71.65,23.51
2023-05-11 08:00,5,8,Weekday,Spring,Yes,71.76,71.34,43.91
2023-05-11 09:00,5,9,Weekday,Spring,Yes,74.72,71.47,55.15
2023-05-11 10:00,5,10,Weekday,Spring,Yes,78.33,72.81,52.93
2023-05-11 11:00,5,11,Weekday,Spring,Yes,81.22,73.03,67.55
2023-05-11 12:00,5,12,Weekday,Spring,Yes,82.04,73.56,54.72
2023-05-11 13:00,5,13,Weekday,Spring,Yes,83.2,73.48,53.42
2023-05-11 14:00,5,14,Weekday,Spring,Yes,83.39,74.02,55.5
2023-05-11 15:00,5,15,Weekday,Spring,Yes,83.57,74.76,35.02
2023-05-11 16:00,5,16,Weekday,Spring,Yes,83.39,74.01,38.89
2023-05-11 17:00,5,17,Weekday,Spring,Yes,81.78,73.66,32.6
2023-05-11 18:00,5,18,Weekday,Spring,No,78.02,73.4,26.27
2023-05-11 19:00,5,19,Weekday,Spring,No,74.24,73.46,30.1
2023-05-11 20:00,5,20,Weekday,Spring,No,71.88,73.06,33.17
2023-05-11 21:00,5,21,Weekday,Spring,No,69.28,73.35,22.62
2023-05-11 22:00,5,22,Weekday,Spring,No,66.84,72.9,20.09
2023-05-11 23:00,5,23,Weekday,Spring,No,64.86,72.52,18.94
2023-05-12 00:00,5,0,Weekday,Spring,No,61.1,71.85,18.44
2023-05-12 01:00,5,1,Weekday,Spring,No,57.22,70.65,16.27
2023-05-12 02:00,5,2,Weekday,Spring,No,55.94,71.04,12.58
2023-05-12 03:00,5,3,Weekday,Spring,No,54.26,70.08,9.13
2023-05-12 04:00,5,4,Weekday,Spring,No,53.06,69.24,6.88
2023-05-12 05:00,5,5,Weekday,Spring,No,53.06,69.19,12.07
2023-05-12 06:00,5,6,Weekday,Spring,No,57.16,69.68,15.1
2023-05-12 07:00,5,7,Weekday,Spring,No,62.92,71.91,7.98
2023-05-12 08:00,5,8,Weekday,Spring,Yes,68.51,70.28,40.39
2023-05-12 09:00,5,9,Weekday,Spring,Yes,74.53,73.05,48.29
2023-05-12 10:00,5,10,Weekday,Spring,Yes,79.31,73.66,49.61
2023-05-12 11:00,5,11,Weekday,Spring,Yes,83.27,73.86,58.45
2023-05-12 12:00,5,12,Weekday,Spring,Yes,86.18,74.54,61.69
2023-05-12 13:00,5,13,Weekday,Spring,Yes,87.08,75.01,60.44
2023-05-12 14:00,5,14,Weekday,Spring,Yes,88.76,74.66,64.45
2023-05-12 15:00,5,15,Weekday,Spring,Yes,89.96,73.45,48.51
2023-05-12 16:00,5,16,Weekday,Spring,Yes,89.43,74.49,40.68
2023-05-12 17:00,5,17,Weekday,Spring,Yes,88.43,76.93,34.27
2023-05-12 18:00,5,18,Weekday,Spring,No,85.04,74.95,32.17
2023-05-12 19:00,5,19,Weekday,Spring,No,81.26,75.37,28.04
2023-05-12 20:00,5,20,Weekday,Spring,No,78.28,74.56,34.9
2023-05-12 21:00,5,21,Weekday,Spring,No,75.22,74.98,28.58
2023-05-12 22:00,5,22,Weekday,Spring,No,71.63,71.84,32.41
2023-05-12 23:00,5,23,Weekday,Spring,No,68.2,71.98,29.6
2023-05-13 00:00,5,0,Weekend,Spring,No,64.61,72.09,18.99
2023-05-13 01:00,5,1,Weekend,Spring,No,61.8,71.22,21.67
2023-05-13 02:00,5,2,Weekend,Spring,No,59.2,71.32,8.8
2023-05-13 03:00,5,3,Weekend,Spring,No,57.4,71.06,14.65
2023-05-13 04:00,5,4,Weekend,Spring,No,57.02,70.78,10.68
2023-05-13 05:00,5,5,Weekend,Spring,No,56.39,70.05,17.01
2023-05-13 06:00,5,6,Weekend,Spring,No,61.19,72.11,22.78
2023-05-13 07:00,5,7,Weekend,Spring,No,68.51,72.24,21.27
2023-05-13 08:00,5,8,Weekend,Spring,No,73.37,73.99,19.65
2023-05-13 09:00,5,9,Weekend,Spring,No,79.12,74.78,31.61
2023-05-13 10:00,5,10,Weekend,Spring,No,84.98,76.23,35.47
2023-05-13 11:00,5,11,Weekend,Spring,No,88.23,75.76,39.42
2023-05-13 12:00,5,12,Weekend,Spring,No,90.74,76.8,40.17
2023-05-13 13:00,5,13,Weekend,Spring,No,92.57,76.55,40.41
2023-05-13 14:00,5,14,Weekend,Spring,No,93.54,76.7,42.59
2023-05-13 15:00,5,15,Weekend,Spring,No,93.4,78.59,44.18
2023-05-13 16:00,5,16,Weekend,Spring,No,92.39,75.64,38.96
2023-05-13 17:00,5,17,Weekend,Spring,No,91.94,77.04,39.87
2023-05-13 18:00,5,18,Weekend,Spring,No,89.63,75.18,38.34
2023-05-13 19:00,5,19,Weekend,Spring,No,85.67,75.45,40.7
2023-05-13 20:00,5,20,Weekend,Spring,No,82.24,74.28,30.96
2023-05-13 21:00,5,21,Weekend,Spring,No,79.28,74.42,38.81
2023-05-13 22:00,5,22,Weekend,Spring,No,76.3,74.62,30.02
2023-05-13 23:00,5,23,Weekend,Spring,No,73.24,71.82,31.38
2023-05-14 00:00,5,0,Weekend,Spring,No,69.65,72.02,21.94
2023-05-14 01:00,5,1,Weekend,Spring,No,66.22,73.13,16.85
2023-05-14 02:00,5,2,Weekend,Spring,No,64.41,70.04,20.86
2023-05-14 03:00,5,3,Weekend,Spring,No,63.41,70.99,12.76
2023-05-14 04:00,5,4,Weekend,Spring,No,63.59,73.89,19.72
2023-05-14 05:00,5,5,Weekend,Spring,No,64.04,71.36,22.19
2023-05-14 06:00,5,6,Weekend,Spring,No,68.13,73.59,17.35
2023-05-14 07:00,5,7,Weekend,Spring,No,73.37,73.71,31.98
2023-05-14 08:00,5,8,Weekend,Spring,No,77.33,73.91,29.31
2023-05-14 09:00,5,9,Weekend,Spring,No,80.13,74.01,31.95
2023-05-14 10:00,5,10,Weekend,Spring,No,82.12,74.67,33.42
2023-05-14 11:00,5,11,Weekend,Spring,No,85.88,75.03,42.12
2023-05-14 12:00,5,12,Weekend,Spring,No,88.61,76.85,40.73
2023-05-14 13:00,5,13,Weekend,Spring,No,89.58,76.03,48.98
2023-05-14 14:00,5,14,Weekend,Spring,No,89.96,75.09,41.12
2023-05-14 15:00,5,15,Weekend,Spring,No,91.12,77.2,41.92
2023-05-14 16:00,5,16,Weekend,Spring,No,91.42,77.42,41.66
2023-05-14 17:00,5,17,Weekend,Spring,No,89.88,76.95,45.26
2023-05-14 18:00,5,18,Weekend,Spring,No,86.65,76.28,43.07
2023-05-14 19:00,5,19,Weekend,Spring,No,83.24,75.17,32.11
2023-05-14 20:00,5,20,Weekend,Spring,No,79.73,75.7,33.22
2023-05-14 21:00,5,21,Weekend,Spring,No,75.67,73.34,19.14
2023-05-14 22:00,5,22,Weekend,Spring,No,72.78,72.55,28.53
2023-05-14 23:00,5,23,Weekend,Spring,No,71.96,73.47,27.71
2023-05-15 00:00,5,0,Weekday,Spring,No,69.02,71.83,25.34
2023-05-15 01:00,5,1,Weekday,Spring,No,66.92,72.81,18.83
2023-05-15 02:00,5,2,Weekday,Spring,No,64.61,71.42,14.0
2023-05-15 03:00,5,3,Weekday,Spring,No,61.8,71.69,23.58
2023-05-15 04:00,5,4,Weekday,Spring,No,60.46,71.42,15.31
2023-05-15 05:00,5,5,Weekday,Spring,No,58.3,70.77,6.12
2023-05-15 06:00,5,6,Weekday,Spring,No,62.8,72.14,13.38
2023-05-15 07:00,5,7,Weekday,Spring,No,69.86,73.79,25.29
2023-05-15 08:00,5,8,Weekday,Spring,Yes,74.27,71.67,45.87
2023-05-15 09:00,5,9,Weekday,Spring,Yes,77.7,73.22,53.96
2023-05-15 10:00,5,10,Weekday,Spring,Yes,81.29,73.32,49.85
2023-05-15 11:00,5,11,Weekday,Spring,Yes,84.1,74.19,56.77
2023-05-15 12:00,5,12,Weekday,Spring,Yes,86.18,74.24,61.36
2023-05-15 13:00,5,13,Weekday,Spring,Yes,88.23,74.5,61.53
2023-05-15 14:00,5,14,Weekday,Spring,Yes,89.06,73.9,62.75
2023-05-15 15:00,5,15,Weekday,Spring,Yes,89.06,74.27,44.86
2023-05-15 16:00,5,16,Weekday,Spring,Yes,88.43,74.55,41.48
2023-05-15 17:00,5,17,Weekday,Spring,Yes,87.46,75.23,41.33
2023-05-15 18:00,5,18,Weekday,Spring,No,85.3,75.28,37.24
2023-05-15 19:00,5,19,Weekday,Spring,No,81.08,75.04,31.94
2023-05-15 20:00,5,20,Weekday,Spring,No,77.2,73.63,27.69
2023-05-15 21:00,5,21,Weekday,Spring,No,74.24,73.46,33.09
2023-05-15 22:00,5,22,Weekday,Spring,No,71.26,72.14,18.08
2023-05-15 23:00,5,23,Weekday,Spring,No,68.2,73.23,19.37
2023-05-16 00:00,5,0,Weekday,Spring,No,65.76,71.58,14.33
2023-05-16 01:00,5,1,Weekday,Spring,No,62.63,71.49,18.55
2023-05-16 02:00,5,2,Weekday,Spring,No,58.67,70.29,23.52
2023-05-16 03:00,5,3,Weekday,Spring,No,57.02,71.84,8.53
2023-05-16 04:00,5,4,Weekday,Spring,No,57.02,71.36,10.15
2023-05-16 05:00,5,5,Weekday,Spring,No,56.39,70.68,17.01
2023-05-16 06:00,5,6,Weekday,Spring,No,61.19,70.81,7.6
2023-05-16 07:00,5,7,Weekday,Spring,No,68.51,72.42,25.91
2023-05-16 08:00,5,8,Weekday,Spring,Yes,73.9,70.94,49.02
2023-05-16 09:00,5,9,Weekday,Spring,Yes,78.33,73.4,54.01
2023-05-16 10:00,5,10,Weekday,Spring,Yes,81.74,74.2,51.69
2023-05-16 11:00,5,11,Weekday,Spring,Yes,84.1,74.79,61.9
2023-05-16 12:00,5,12,Weekday,Spring,Yes,86.7,74.1,56.99
2023-05-16 13:00,5,13,Weekday,Spring,Yes,89.77,74.54,67.05
2023-05-16 14:00,5,14,Weekday,Spring,Yes,91.04,74.98,64.4
2023-05-16 15:00,5,15,Weekday,Spring,Yes,91.04,76.43,35.21
2023-05-16 16:00,5,16,Weekday,Spring,Yes,91.04,75.34,39.64
2023-05-16 17:00,5,17,Weekday,Spring,Yes,90.41,74.75,31.56
2023-05-16 18:00,5,18,Weekday,Spring,No,87.65,76.4,37.13
2023-05-16 19:00,5,19,Weekday,Spring,No,84.22,76.21,37.45
2023-05-16 20:00,5,20,Weekday,Spring,No,81.78,74.43,35.57
2023-05-16 21:00,5,21,Weekday,Spring,No,79.81,73.55,33.51
2023-05-16 22:00,5,22,Weekday,Spring,No,77.82,73.78,30.92
2023-05-16 23:00,5,23,Weekday,Spring,No,72.9,73.24,23.83
2023-05-17 00:00,5,0,Weekday,Spring,No,69.46,72.77,21.83
2023-05-17 01:00,5,1,Weekday,Spring,No,68.45,72.41,25.17
2023-05-17 02:00,5,2,Weekday,Spring,No,66.22,71.19,18.73
2023-05-17 03:00,5,3,Weekday,Spring,No,65.57,72.51,23.77
2023-05-17 04:00,5,4,Weekday,Spring,No,65.39,71.96,21.54
2023-05-17 05:00,5,5,Weekday,Spring,No,64.94,71.59,14.14
2023-05-17 06:00,5,6,Weekday,Spring,No,66.1,72.05,23.24
2023-05-17 07:00,5,7,Weekday,Spring,No,69.34,73.17,20.96
2023-05-17 08:00,5,8,Weekday,Spring,Yes,75.68,72.78,48.96
2023-05-17 09:00,5,9,Weekday,Spring,Yes,81.29,73.16,54.99
2023-05-17 10:00,5,10,Weekday,Spring,Yes,85.88,74.31,64.26
2023-05-17 11:00,5,11,Weekday,Spring,Yes,90.29,75.92,61.36
2023-05-17 12:00,5,12,Weekday,Spring,Yes,92.57,76.92,57.95
2023-05-17 13:00,5,13,Weekday,Spring,Yes,94.18,75.31,65.33
2023-05-17 14:00,5,14,Weekday,Spring,Yes,95.0,75.99,64.83
2023-05-17 15:00,5,15,Weekday,Spring,Yes,95.63,75.93,40.6
2023-05-17 16:00,5,16,Weekday,Spring,Yes,96.08,75.94,51.97
2023-05-17 17:00,5,17,Weekday,Spring,Yes,94.82,75.14,46.05
2023-05-17 18:00,5,18,Weekday,Spring,No,91.61,76.42,44.69
2023-05-17 19:00,5,19,Weekday,Spring,No,86.49,74.47,33.11
2023-05-17 20:00,5,20,Weekday,Spring,No,82.24,74.09,37.97
2023-05-17 21:00,5,21,Weekday,Spring,No,79.28,74.33,32.77
2023-05-17 22:00,5,22,Weekday,Spring,No,75.14,73.9,28.68
2023-05-17 23:00,5,23,Weekday,Spring,No,70.1,71.81,20.23
2023-05-18 00:00,5,0,Weekday,Spring,No,69.16,71.51,24.22
2023-05-18 01:00,5,1,Weekday,Spring,No,69.98,73.1,25.57
2023-05-18 02:00,5,2,Weekday,Spring,No,68.2,72.54,13.51
2023-05-18 03:00,5,3,Weekday,Spring,No,65.76,71.72,14.92
2023-05-18 04:00,5,4,Weekday,Spring,No,63.26,70.83,19.46
2023-05-18 05:00,5,5,Weekday,Spring,No,63.22,72.49,18.26
2023-05-18 06:00,5,6,Weekday,Spring,No,64.56,71.75,20.46
2023-05-18 07:00,5,7,Weekday,Spring,No,67.88,71.18,13.07
2023-05-18 08:00,5,8,Weekday,Spring,Yes,74.7,72.6,51.1
2023-05-18 09:00,5,9,Weekday,Spring,Yes,79.76,73.72,63.4
2023-05-18 10:00,5,10,Weekday,Spring,Yes,82.12,74.66,55.97
2023-05-18 11:00,5,11,Weekday,Spring,Yes,84.1,72.71,55.52
2023-05-18 12:00,5,12,Weekday,Spring,Yes,86.18,74.49,57.04
2023-05-18 13:00,5,13,Weekday,Spring,Yes,87.6,75.18,53.75
2023-05-18 14:00,5,14,Weekday,Spring,Yes,88.61,75.0,58.7
2023-05-18 15:00,5,15,Weekday,Spring,Yes,89.06,74.67,41.95
2023-05-18 16:00,5,16,Weekday,Spring,Yes,88.43,74.56,42.55
2023-05-18 17:00,5,17,Weekday,Spring,Yes,86.2,75.06,35.99
2023-05-18 18:00,5,18,Weekday,Spring,No,83.24,75.01,27.3
2023-05-18 19:00,5,19,Weekday,Spring,No,80.26,75.29,34.35
2023-05-18 20:00,5,20,Weekday,Spring,No,76.67,74.79,23.07
2023-05-18 21:00,5,21,Weekday,Spring,No,72.71,72.92,21.33
2023-05-18 22:00,5,22,Weekday,Spring,No,68.65,73.45,19.29
2023-05-18 23:00,5,23,Weekday,Spring,No,65.76,71.65,15.28
2023-05-19 00:00,5,0,Weekday,Spring,No,64.94,71.23,10.41
2023-05-19 01:00,5,1,Weekday,Spring,No,61.48,71.82,11.15
2023-05-19 02:00,5,2,Weekday,Spring,No,61.31,70.29,18.95
2023-05-19 03:00,5,3,Weekday,Spring,No,62.96,71.43,19.22
2023-05-19 04:00,5,4,Weekday,Spring,No,60.02,71.62,16.52
2023-05-19 05:00,5,5,Weekday,Spring,No,57.4,69.32,14.29
2023-05-19 06:00,5,6,Weekday,Spring,No,62.27,71.73,11.33
2023-05-19 07:00,5,7,Weekday,Spring,No,70.64,73.73,26.94
2023-05-19 08:00,5,8,Weekday,Spring,Yes,75.1,72.54,48.14
2023-05-19 09:00,5,9,Weekday,Spring,Yes,78.86,72.2,49.49
2023-05-19 10:00,5,10,Weekday,Spring,Yes,83.27,73.73,57.99
2023-05-19 11:00,5,11,Weekday,Spring,Yes,84.92,74.7,53.72
2023-05-19 12:00,5,12,Weekday,Spring,Yes,87.34,74.27,64.33
2023-05-19 13:00,5,13,Weekday,Spring,Yes,89.06,74.35,61.42
2023-05-19 14:00,5,14,Weekday,Spring,Yes,87.9,74.32,62.19
2023-05-19 15:00,5,15,Weekday,Spring,Yes,86.45,74.78,44.81
2023-05-19 16:00,5,16,Weekday,Spring,Yes,86.0,74.41,34.74
2023-05-19 17:00,5,17,Weekday,Spring,Yes,84.84,74.47,36.09
2023-05-19 18:00,5,18,Weekday,Spring,No,81.71,74.73,35.36
2023-05-19 19:00,5,19,Weekday,Spring,No,78.28,75.28,29.9
2023-05-19 20:00,5,20,Weekday,Spring,No,74.69,72.65,16.49
2023-05-19 21:00,5,21,Weekday,Spring,No,71.26,72.43,26.26
2023-05-19 22:00,5,22,Weekday,Spring,No,69.98,73.26,20.04
2023-05-19 23:00,5,23,Weekday,Spring,No,68.82,71.84,19.31
2023-05-20 00:00,5,0,Weekend,Spring,No,65.69,71.55,23.56
2023-05-20 01:00,5,1,Weekend,Spring,No,64.04,71.79,18.38
2023-05-20 02:00,5,2,Weekend,Spring,No,60.47,71.17,15.69
2023-05-20 03:00,5,3,Weekend,Spring,No,57.4,69.95,6.77
2023-05-20 04:00,5,4,Weekend,Spring,No,55.86,70.29,11.09
2023-05-20 05:00,5,5,Weekend,Spring,No,53.88,69.78,7.1
2023-05-20 06:00,5,6,Weekend,Spring,No,58.31,70.82,15.99
2023-05-20 07:00,5,7,Weekend,Spring,No,65.53,72.94,21.69
2023-05-20 08:00,5,8,Weekend,Spring,No,70.94,74.29,26.39
2023-05-20 09:00,5,9,Weekend,Spring,No,75.35,72.9,23.24
2023-05-20 10:00,5,10,Weekend,Spring,No,78.78,74.9,39.18
2023-05-20 11:00,5,11,Weekend,Spring,No,80.58,74.13,33.99
2023-05-20 12:00,5,12,Weekend,Spring,No,82.12,74.75,34.49
2023-05-20 13:00,5,13,Weekend,Spring,No,84.72,76.47,31.66
2023-05-20 14:00,5,14,Weekend,Spring,No,86.63,75.53,47.25
2023-05-20 15:00,5,15,Weekend,Spring,No,87.6,75.95,39.5
2023-05-20 16:00,5,16,Weekend,Spring,No,88.61,75.3,36.3
2023-05-20 17:00,5,17,Weekend,Spring,No,87.9,76.05,33.65
2023-05-20 18:00,5,18,Weekend,Spring,No,85.3,75.98,26.68
2023-05-20 19:00,5,19,Weekend,Spring,No,82.24,77.03,36.94
2023-05-20 20:00,5,20,Weekend,Spring,No,79.28,74.49,28.77
2023-05-20 21:00,5,21,Weekend,Spring,No,75.67,74.84,21.92
2023-05-20 22:00,5,22,Weekend,Spring,No,72.78,73.82,34.52
2023-05-20 23:00,5,23,Weekend,Spring,No,70.81,72.08,24.19
2023-05-21 00:00,5,0,Weekend,Spring,No,68.2,72.69,28.17
2023-05-21 01:00,5,1,Weekend,Spring,No,65.24,72.08,20.66
2023-05-21 02:00,5,2,Weekend,Spring,No,62.26,71.67,11.1
2023-05-21 03:00,5,3,Weekend,Spring,No,60.98,70.74,11.51
2023-05-21 04:00,5,4,Weekend,Spring,No,58.67,71.04,16.19
2023-05-21 05:00,5,5,Weekend,Spring,No,57.02,71.35,7.95
2023-05-21 06:00,5,6,Weekend,Spring,No,61.64,71.59,19.99
2023-05-21 07:00,5,7,Weekend,Spring,No,69.04,71.52,23.5
2023-05-21 08:00,5,8,Weekend,Spring,No,77.21,74.58,26.09
2023-05-21 09:00,5,9,Weekend,Spring,No,84.53,76.29,37.37
2023-05-21 10:00,5,10,Weekend,Spring,No,88.23,76.64,38.57
2023-05-21 11:00,5,11,Weekend,Spring,No,90.22,74.9,37.65
2023-05-21 12:00,5,12,Weekend,Spring,No,92.72,76.0,42.56
2023-05-21 13:00,5,13,Weekend,Spring,No,94.55,77.15,49.31
2023-05-21 14:00,5,14,Weekend,Spring,No,95.63,77.38,46.83
2023-05-21 15:00,5,15,Weekend,Spring,No,97.24,76.71,43.43
2023-05-21 16:00,5,16,Weekend,Spring,No,97.43,77.05,42.73
2023-05-21 17:00,5,17,Weekend,Spring,No,94.67,76.66,49.16
2023-05-21 18:00,5,18,Weekend,Spring,No,91.23,76.21,50.04
2023-05-21 19:00,5,19,Weekend,Spring,No,88.28,74.73,43.63
2023-05-21 20:00,5,20,Weekend,Spring,No,85.82,76.27,32.47
2023-05-21 21:00,5,21,Weekend,Spring,No,82.08,75.97,41.39
2023-05-21 22:00,5,22,Weekend,Spring,No,77.65,74.75,34.39
2023-05-21 23:00,5,23,Weekend,Spring,No,74.24,73.68,28.43
2023-05-22 00:00,5,0,Weekday,Spring,No,71.88,72.23,24.41
2023-05-22 01:00,5,1,Weekday,Spring,No,69.28,72.54,16.33
2023-05-22 02:00,5,2,Weekday,Spring,No,67.37,72.05,14.86
2023-05-22 03:00,5,3,Weekday,Spring,No,65.76,69.99,30.22
2023-05-22 04:00,5,4,Weekday,Spring,No,64.94,72.15,23.01
2023-05-22 05:00,5,5,Weekday,Spring,No,63.78,72.41,15.47
2023-05-22 06:00,5,6,Weekday,Spring,No,66.53,73.37,25.21
2023-05-22 07:00,5,7,Weekday,Spring,No,73.7,74.15,19.67
2023-05-22 08:00,5,8,Weekday,Spring,Yes,80.46,72.7,55.88
2023-05-22 09:00,5,9,Weekday,Spring,Yes,85.36,74.44,59.65
2023-05-22 10:00,5,10,Weekday,Spring,Yes,89.39,75.34,66.33
2023-05-22 11:00,5,11,Weekday,Spring,Yes,93.35,74.58,57.67
2023-05-22 12:00,5,12,Weekday,Spring,Yes,96.16,76.31,71.45
2023-05-22 13:00,5,13,Weekday,Spring,Yes,97.61,76.71,68.38
2023-05-22 14:00,5,14,Weekday,Spring,Yes,96.9,75.49,62.74
2023-05-22 15:00,5,15,Weekday,Spring,Yes,95.45,75.73,46.7
2023-05-22 16:00,5,16,Weekday,Spring,Yes,93.84,75.4,46.96
2023-05-22 17:00,5,17,Weekday,Spring,Yes,93.02,75.07,43.23
2023-05-22 18:00,5,18,Weekday,Spring,No,91.86,76.55,38.99
2023-05-22 19:00,5,19,Weekday,Spring,No,89.26,77.01,43.9
2023-05-22 20:00,5,20,Weekday,Spring,No,85.67,76.94,35.07
2023-05-22 21:00,5,21,Weekday,Spring,No,82.24,74.63,32.1
2023-05-22 22:00,5,22,Weekday,Spring,No,78.65,73.14,33.21
2023-05-22 23:00,5,23,Weekday,Spring,No,75.22,73.73,25.29
2023-05-23 00:00,5,0,Weekday,Spring,No,73.42,73.69,29.72
2023-05-23 01:00,5,1,Weekday,Spring,No,71.88,72.16,23.27
2023-05-23 02:00,5,2,Weekday,Spring,No,70.43,72.29,19.45
2023-05-23 03:00,5,3,Weekday,Spring,No,68.82,72.72,19.38
2023-05-23 04:00,5,4,Weekday,Spring,No,65.69,72.64,14.64
2023-05-23 05:00,5,5,Weekday,Spring,No,64.56,72.78,19.45
2023-05-23 06:00,5,6,Weekday,Spring,No,68.51,71.96,19.28
2023-05-23 07:00,5,7,Weekday,Spring,No,76.31,74.41,32.89
2023-05-23 08:00,5,8,Weekday,Spring,Yes,84.16,74.72,61.46
2023-05-23 09:00,5,9,Weekday,Spring,Yes,89.92,75.92,71.53
2023-05-23 10:00,5,10,Weekday,Spring,Yes,94.88,76.06,70.46
2023-05-23 11:00,5,11,Weekday,Spring,Yes,98.14,76.21,68.83
2023-05-23 12:00,5,12,Weekday,Spring,Yes,98.96,76.48,69.04
2023-05-23 13:00,5,13,Weekday,Spring,Yes,100.12,75.79,72.05
2023-05-23 14:00,5,14,Weekday,Spring,Yes,101.57,77.24,79.11
2023-05-23 15:00,5,15,Weekday,Spring,Yes,102.02,77.16,56.33
2023-05-23 16:00,5,16,Weekday,Spring,Yes,102.02,77.88,52.1
2023-05-23 17:00,5,17,Weekday,Spring,Yes,99.71,76.95,58.6
2023-05-23 18:00,5,18,Weekday,Spring,No,96.9,77.58,49.88
2023-05-23 19:00,5,19,Weekday,Spring,No,94.82,76.66,45.99
2023-05-23 20:00,5,20,Weekday,Spring,No,92.76,76.61,40.67
2023-05-23 21:00,5,21,Weekday,Spring,No,90.78,76.08,36.94
2023-05-23 22:00,5,22,Weekday,Spring,No,89.43,76.28,39.16
2023-05-23 23:00,5,23,Weekday,Spring,No,87.28,75.82,36.56
2023-05-24 00:00,5,0,Weekday,Spring,No,85.37,74.52,40.26
2023-05-24 01:00,5,1,Weekday,Spring,No,84.4,73.29,39.7
2023-05-24 02:00,5,2,Weekday,Spring,No,82.86,74.22,39.69
2023-05-24 03:00,5,3,Weekday,Spring,No,80.88,75.49,29.13
2023-05-24 04:00,5,4,Weekday,Spring,No,79.43,74.87,20.61
2023-05-24 05:00,5,5,Weekday,Spring,No,77.82,75.01,30.84
2023-05-24 06:00,5,6,Weekday,Spring,No,78.78,75.1,41.08
2023-05-24 07:00,5,7,Weekday,Spring,No,82.37,75.35,35.1
2023-05-24 08:00,5,8,Weekday,Spring,Yes,85.18,74.12,54.4
2023-05-24 09:00,5,9,Weekday,Spring,Yes,87.16,74.45,64.16
2023-05-24 10:00,5,10,Weekday,Spring,Yes,89.77,73.29,65.0
2023-05-24 11:00,5,11,Weekday,Spring,Yes,92.72,74.98,60.82
2023-05-24 12:00,5,12,Weekday,Spring,Yes,95.7,74.71,64.87
2023-05-24 13:00,5,13,Weekday,Spring,Yes,96.98,76.84,63.7
2023-05-24 14:00,5,14,Weekday,Spring,Yes,98.14,75.44,68.62
2023-05-24 15:00,5,15,Weekday,Spring,Yes,97.8,75.62,43.71
2023-05-24 16:00,5,16,Weekday,Spring,Yes,96.46,74.9,48.38
2023-05-24 17:00,5,17,Weekday,Spring,Yes,95.45,75.84,42.22
2023-05-24 18:00,5,18,Weekday,Spring,No,92.69,77.93,45.05
2023-05-24 19:00,5,19,Weekday,Spring,No,88.73,75.95,40.76
2023-05-24 20:00,5,20,Weekday,Spring,No,85.3,75.81,36.73
2023-05-24 21:00,5,21,Weekday,Spring,No,82.24,75.27,31.73
2023-05-24 22:00,5,22,Weekday,Spring,No,80.44,73.22,38.1
2023-05-24 23:00,5,23,Weekday,Spring,No,75.96,74.24,34.55
2023-05-25 00:00,5,0,Weekday,Spring,No,73.04,73.49,34.01
2023-05-25 01:00,5,1,Weekday,Spring,No,71.88,72.39,17.29
2023-05-25 02:00,5,2,Weekday,Spring,No,68.12,72.83,24.26
2023-05-25 03:00,5,3,Weekday,Spring,No,64.24,72.29,18.83
2023-05-25 04:00,5,4,Weekday,Spring,No,61.8,72.36,22.87
2023-05-25 05:00,5,5,Weekday,Spring,No,60.98,69.37,14.25
2023-05-25 06:00,5,6,Weekday,Spring,No,66.23,72.13,20.62
2023-05-25 07:00,5,7,Weekday,Spring,No,73.44,72.98,16.87
2023-05-25 08:00,5,8,Weekday,Spring,Yes,79.49,73.12,51.91
2023-05-25 09:00,5,9,Weekday,Spring,Yes,84.35,73.08,64.19
2023-05-25 10:00,5,10,Weekday,Spring,Yes,87.78,75.06,64.33
2023-05-25 11:00,5,11,Weekday,Spring,Yes,90.22,74.8,66.02
2023-05-25 12:00,5,12,Weekday,Spring,Yes,93.35,75.95,65.91
2023-05-25 13:00,5,13,Weekday,Spring,Yes,95.0,74.17,73.09
2023-05-25 14:00,5,14,Weekday,Spring,Yes,95.63,75.57,66.44
2023-05-25 15:00,5,15,Weekday,Spring,Yes,95.45,75.04,46.39
2023-05-25 16:00,5,16,Weekday,Spring,Yes,95.63,74.72,50.82
2023-05-25 17:00,5,17,Weekday,Spring,Yes,94.82,74.93,47.74
2023-05-25 18:00,5,18,Weekday,Spring,No,92.24,76.62,38.82
2023-05-25 19:00,5,19,Weekday,Spring,No,88.1,75.94,36.37
2023-05-25 20:00,5,20,Weekday,Spring,No,84.22,74.92,30.72
2023-05-25 21:00,5,21,Weekday,Spring,No,80.63,75.04,32.31
2023-05-25 22:00,5,22,Weekday,Spring,No,77.82,74.17,31.91
2023-05-25 23:00,5,23,Weekday,Spring,No,75.84,73.42,30.99
2023-05-26 00:00,5,0,Weekday,Spring,No,73.24,73.36,24.72
2023-05-26 01:00,5,1,Weekday,Spring,No,69.65,71.72,24.86
2023-05-26 02:00,5,2,Weekday,Spring,No,70.94,72.05,14.98
2023-05-26 03:00,5,3,Weekday,Spring,No,67.79,73.17,24.86
2023-05-26 04:00,5,4,Weekday,Spring,No,64.04,72.35,16.44
2023-05-26 05:00,5,5,Weekday,Spring,No,62.89,72.62,22.92
2023-05-26 06:00,5,6,Weekday,Spring,No,66.16,72.77,26.16
2023-05-26 07:00,5,7,Weekday,Spring,No,73.07,73.24,24.05
2023-05-26 08:00,5,8,Weekday,Spring,Yes,79.49,73.23,55.9
2023-05-26 09:00,5,9,Weekday,Spring,Yes,83.2,74.95,48.67
2023-05-26 10:00,5,10,Weekday,Spring,Yes,85.18,72.97,57.2
2023-05-26 11:00,5,11,Weekday,Spring,Yes,87.78,73.08,63.52
2023-05-26 12:00,5,12,Weekday,Spring,Yes,90.74,75.46,65.66
2023-05-26 13:00,5,13,Weekday,Spring,Yes,91.42,75.87,68.76
2023-05-26 14:00,5,14,Weekday,Spring,Yes,93.35,75.12,65.27
2023-05-26 15:00,5,15,Weekday,Spring,Yes,95.0,74.63,43.36
2023-05-26 16:00,5,16,Weekday,Spring,Yes,93.84,74.32,42.85
2023-05-26 17:00,5,17,Weekday,Spring,Yes,93.02,75.89,47.7
2023-05-26 18:00,5,18,Weekday,Spring,No,90.71,77.16,40.44
2023-05-26 19:00,5,19,Weekday,Spring,No,86.65,76.36,35.54
2023-05-26 20:00,5,20,Weekday,Spring,No,82.61,75.31,30.82
2023-05-26 21:00,5,21,Weekday,Spring,No,79.28,74.91,33.09
2023-05-26 22:00,5,22,Weekday,Spring,No,74.51,73.9,24.0
2023-05-26 23:00,5,23,Weekday,Spring,No,70.28,71.12,28.83
2023-05-27 00:00,5,0,Weekend,Spring,No,69.08,72.98,21.66
2023-05-27 01:00,5,1,Weekend,Spring,No,67.82,71.77,17.66
2023-05-27 02:00,5,2,Weekend,Spring,No,64.08,72.03,23.98
2023-05-27 03:00,5,3,Weekend,Spring,No,62.58,72.02,16.66
2023-05-27 04:00,5,4,Weekend,Spring,No,61.8,71.65,20.84
2023-05-27 05:00,5,5,Weekend,Spring,No,60.46,72.08,7.78
2023-05-27 06:00,5,6,Weekend,Spring,No,64.7,72.76,19.64
2023-05-27 07:00,5,7,Weekend,Spring,No,71.46,72.22,29.13
2023-05-27 08:00,5,8,Weekend,Spring,No,77.51,73.13,25.06
2023-05-27 09:00,5,9,Weekend,Spring,No,82.37,75.63,40.43
2023-05-27 10:00,5,10,Weekend,Spring,No,85.18,74.56,35.9
2023-05-27 11:00,5,11,Weekend,Spring,No,88.31,76.16,42.75
2023-05-27 12:00,5,12,Weekend,Spring,No,90.59,77.18,40.08
2023-05-27 13:00,5,13,Weekend,Spring,No,92.2,76.66,44.6
2023-05-27 14:00,5,14,Weekend,Spring,No,94.18,76.26,36.83
2023-05-27 15:00,5,15,Weekend,Spring,No,94.37,76.63,48.83
2023-05-27 16:00,5,16,Weekend,Spring,No,93.92,77.65,49.11
2023-05-27 17:00,5,17,Weekend,Spring,No,93.4,75.2,42.86
2023-05-27 18:00,5,18,Weekend,Spring,No,91.86,77.77,39.51
2023-05-27 19:00,5,19,Weekend,Spring,No,88.73,75.84,39.42
2023-05-27 20:00,5,20,Weekend,Spring,No,85.3,76.95,32.32
2023-05-27 21:00,5,21,Weekend,Spring,No,81.71,74.9,31.45
2023-05-27 22:00,5,22,Weekend,Spring,No,78.9,74.75,26.12
2023-05-27 23:00,5,23,Weekend,Spring,No,72.83,73.16,32.11
2023-05-28 00:00,5,0,Weekend,Spring,No,70.76,74.18,22.46
2023-05-28 01:00,5,1,Weekend,Spring,No,70.81,73.52,23.64
2023-05-28 02:00,5,2,Weekend,Spring,No,71.14,72.58,31.57
2023-05-28 03:00,5,3,Weekend,Spring,No,69.65,72.75,17.82
2023-05-28 04:00,5,4,Weekend,Spring,No,65.06,72.34,21.54
2023-05-28 05:00,5,5,Weekend,Spring,No,65.27,71.46,18.95
2023-05-28 06:00,5,6,Weekend,Spring,No,70.49,72.79,28.07
2023-05-28 07:00,5,7,Weekend,Spring,No,75.35,73.38,27.28
2023-05-28 08:00,5,8,Weekend,Spring,No,79.31,74.66,34.0
2023-05-28 09:00,5,9,Weekend,Spring,No,83.27,75.03,32.85
2023-05-28 10:00,5,10,Weekend,Spring,No,87.34,75.29,32.27
2023-05-28 11:00,5,11,Weekend,Spring,No,88.43,75.19,38.99
2023-05-28 12:00,5,12,Weekend,Spring,No,88.61,76.06,38.25
2023-05-28 13:00,5,13,Weekend,Spring,No,89.58,75.29,40.2
2023-05-28 14:00,5,14,Weekend,Spring,No,89.43,74.73,38.36
2023-05-28 15:00,5,15,Weekend,Spring,No,88.43,75.7,43.29
2023-05-28 16:00,5,16,Weekend,Spring,No,87.46,74.5,37.27
2023-05-28 17:00,5,17,Weekend,Spring,No,85.3,75.4,31.4
2023-05-28 18:00,5,18,Weekend,Spring,No,81.71,74.36,33.96
2023-05-28 19:00,5,19,Weekend,Spring,No,77.65,73.95,31.65
2023-05-28 20:00,5,20,Weekend,Spring,No,73.61,72.96,24.18
2023-05-28 21:00,5,21,Weekend,Spring,No,70.28,72.16,22.41
2023-05-28 22:00,5,22,Weekend,Spring,No,67.82,73.51,24.98
2023-05-28 23:00,5,23,Weekend,Spring,No,66.4,72.47,22.64
2023-05-29 00:00,5,0,Weekday,Spring,No,65.39,71.79,19.34
2023-05-29 01:00,5,1,Weekday,Spring,No,64.41,71.14,23.05
2023-05-29 02:00,5,2,Weekday,Spring,No,62.89,70.4,13.53
2023-05-29 03:00,5,3,Weekday,Spring,No,62.06,70.73,9.95
2023-05-29 04:00,5,4,Weekday,Spring,No,60.28,70.72,20.13
2023-05-29 05:00,5,5,Weekday,Spring,No,59.0,72.08,7.03
2023-05-29 06:00,5,6,Weekday,Spring,No,61.31,72.54,11.63
2023-05-29 07:00,5,7,Weekday,Spring,No,64.74,71.41,19.45
2023-05-29 08:00,5,8,Weekday,Spring,Yes,66.54,70.53,38.58
2023-05-29 09:00,5,9,Weekday,Spring,Yes,68.18,71.41,41.22
2023-05-29 10:00,5,10,Weekday,Spring,Yes,70.76,71.3,46.6
2023-05-29 11:00,5,11,Weekday,Spring,Yes,74.27,72.13,47.18
2023-05-29 12:00,5,12,Weekday,Spring,Yes,77.18,73.09,45.58
2023-05-29 13:00,5,13,Weekday,Spring,Yes,79.24,72.18,48.97
2023-05-29 14:00,5,14,Weekday,Spring,Yes,81.74,73.61,54.93
2023-05-29 15:00,5,15,Weekday,Spring,Yes,82.42,74.35,29.87
2023-05-29 16:00,5,16,Weekday,Spring,Yes,82.04,73.93,33.33
2023-05-29 17:00,5,17,Weekday,Spring,Yes,81.41,73.16,38.52
2023-05-29 18:00,5,18,Weekday,Spring,No,78.65,74.32,32.25
2023-05-29 19:00,5,19,Weekday,Spring,No,75.22,73.54,28.7
2023-05-29 20:00,5,20,Weekday,Spring,No,73.42,74.73,21.15
2023-05-29 21:00,5,21,Weekday,Spring,No,72.41,73.85,24.49
2023-05-29 22:00,5,22,Weekday,Spring,No,70.28,72.87,29.71
2023-05-29 23:00,5,23,Weekday,Spring,No,66.67,72.15,28.37
2023-05-30 00:00,5,0,Weekday,Spring,No,65.57,72.75,26.4
2023-05-30 01:00,5,1,Weekday,Spring,No,63.08,72.76,18.5
2023-05-30 02:00,5,2,Weekday,Spring,No,60.46,70.44,19.21
2023-05-30 03:00,5,3,Weekday,Spring,No,59.45,72.15,6.1
2023-05-30 04:00,5,4,Weekday,Spring,No,57.85,70.27,7.45
2023-05-30 05:00,5,5,Weekday,Spring,No,56.39,71.16,11.7
2023-05-30 06:00,5,6,Weekday,Spring,No,61.82,72.02,20.25
2023-05-30 07:00,5,7,Weekday,Spring,No,69.48,72.61,19.84
2023-05-30 08:00,5,8,Weekday,Spring,Yes,73.74,71.98,52.7
2023-05-30 09:00,5,9,Weekday,Spring,Yes,76.8,73.39,45.66
2023-05-30 10:00,5,10,Weekday,Spring,Yes,80.39,74.59,53.39
2023-05-30 11:00,5,11,Weekday,Spring,Yes,84.35,74.13,57.85
2023-05-30 12:00,5,12,Weekday,Spring,Yes,87.16,73.88,58.39
2023-05-30 13:00,5,13,Weekday,Spring,Yes,87.98,75.21,55.8
2023-05-30 14:00,5,14,Weekday,Spring,Yes,89.77,74.21,63.65
2023-05-30 15:00,5,15,Weekday,Spring,Yes,91.04,76.4,41.89
2023-05-30 16:00,5,16,Weekday,Spring,Yes,91.56,75.41,43.32
2023-05-30 17:00,5,17,Weekday,Spring,Yes,90.78,76.04,43.39
2023-05-30 18:00,5,18,Weekday,Spring,No,87.65,75.31,37.76
2023-05-30 19:00,5,19,Weekday,Spring,No,83.69,76.26,34.73
2023-05-30 20:00,5,20,Weekday,Spring,No,80.26,75.39,40.46
2023-05-30 21:00,5,21,Weekday,Spring,No,77.2,74.41,30.88
2023-05-30 22:00,5,22,Weekday,Spring,No,74.76,72.8,21.56
2023-05-30 23:00,5,23,Weekday,Spring,No,71.63,73.02,23.27
2023-05-31 00:00,5,0,Weekday,Spring,No,69.98,72.89,32.2
2023-05-31 01:00,5,1,Weekday,Spring,No,67.67,72.77,11.97
2023-05-31 02:00,5,2,Weekday,Spring,No,64.86,71.86,22.8
2023-05-31 03:00,5,3,Weekday,Spring,No,64.04,70.86,25.82
2023-05-31 04:00,5,4,Weekday,Spring,No,64.56,71.6,21.05
2023-05-31 05:00,5,5,Weekday,Spring,No,62.1,70.39,20.68
2023-05-31 06:00,5,6,Weekday,Spring,No,64.7,73.44,17.93
2023-05-31 07:00,5,7,Weekday,Spring,No,70.94,72.77,38.01
2023-05-31 08:00,5,8,Weekday,Spring,Yes,75.35,71.17,52.39
2023-05-31 09:00,5,9,Weekday,Spring,Yes,80.46,72.79,55.94
2023-05-31 10:00,5,10,Weekday,Spring,Yes,84.1,74.35,60.7
2023-05-31 11:00,5,11,Weekday,Spring,Yes,85.55,73.77,59.05
2023-05-31 12:00,5,12,Weekday,Spring,Yes,89.46,74.04,59.8
2023-05-31 13:00,5,13,Weekday,Spring,Yes,92.57,75.49,68.35
2023-05-31 14:00,5,14,Weekday,Spring,Yes,93.54,76.43,71.46
2023-05-31 15:00,5,15,Weekday,Spring,Yes,93.4,75.82,38.65
2023-05-31 16:00,5,16,Weekday,Spring,Yes,93.02,75.22,40.84
2023-05-31 17:00,5,17,Weekday,Spring,Yes,91.23,74.22,42.22
2023-05-31 18:00,5,18,Weekday,Spring,No,88.28,76.11,36.99
2023-05-31 19:00,5,19,Weekday,Spring,No,84.14,76.27,39.25
2023-05-31 20:00,5,20,Weekday,Spring,No,80.26,74.91,41.62
2023-05-31 21:00,5,21,Weekday,Spring,No,78.35,74.48,27.41
2023-05-31 22:00,5,22,Weekday,Spring,No,77.17,74.3,30.32
2023-05-31 23:00,5,23,Weekday,Spring,No,76.01,73.3,37.46
2023-06-01 00:00,6,0,Weekday,Summer,No,74.93,73.56,27.18
2023-06-01 01:00,6,1,Weekday,Summer,No,73.85,74.06,25.9
2023-06-01 02:00,6,2,Weekday,Summer,No,72.67,74.06,32.08
2023-06-01 03:00,6,3,Weekday,Summer,No,71.51,73.09,20.94
2023-06-01 04:00,6,4,Weekday,Summer,No,71.06,72.34,29.06
2023-06-01 05:00,6,5,Weekday,Summer,No,69.28,72.5,22.79
2023-06-01 06:00,6,6,Weekday,Summer,No,72.1,72.9,19.64
2023-06-01 07:00,6,7,Weekday,Summer,No,77.33,74.14,36.53
2023-06-01 08:00,6,8,Weekday,Summer,Yes,82.44,74.06,29.16
2023-06-01 09:00,6,9,Weekday,Summer,Yes,87.86,73.53,40.8
2023-06-01 10:00,6,10,Weekday,Summer,Yes,92.9,75.75,34.31
2023-06-01 11:00,6,11,Weekday,Summer,Yes,96.78,76.12,39.7
2023-06-01 12:00,6,12,Weekday,Summer,Yes,99.22,77.12,46.18
2023-06-01 13:00,6,13,Weekday,Summer,Yes,100.57,76.74,45.83
2023-06-01 14:00,6,14,Weekday,Summer,Yes,101.68,77.47,49.0
2023-06-01 15:00,6,15,Weekday,Summer,Yes,102.1,76.76,46.82
2023-06-01 16:00,6,16,Weekday,Summer,Yes,102.02,77.44,61.8
2023-06-01 17:00,6,17,Weekday,Summer,Yes,100.86,78.16,51.66
2023-06-01 18:00,6,18,Weekday,Summer,No,98.88,78.2,51.88
2023-06-01 19:00,6,19,Weekday,Summer,No,95.65,77.71,39.35
2023-06-01 20:00,6,20,Weekday,Summer,No,92.03,76.9,47.18
2023-06-01 21:00,6,21,Weekday,Summer,No,89.1,75.39,47.23
2023-06-01 22:00,6,22,Weekday,Summer,No,86.82,75.0,39.31
2023-06-01 23:00,6,23,Weekday,Summer,No,83.06,74.37,29.89
2023-06-02 00:00,6,0,Weekday,Summer,No,79.81,73.47,35.9
2023-06-02 01:00,6,1,Weekday,Summer,No,78.46,74.32,27.8
2023-06-02 02:00,6,2,Weekday,Summer,No,76.82,72.56,32.19
2023-06-02 03:00,6,3,Weekday,Summer,No,75.4,73.36,34.41
2023-06-02 04:00,6,4,Weekday,Summer,No,75.02,73.41,34.65
2023-06-02 05:00,6,5,Weekday,Summer,No,75.02,73.57,31.61
2023-06-02 06:00,6,6,Weekday,Summer,No,76.8,74.75,36.22
2023-06-02 07:00,6,7,Weekday,Summer,No,81.54,74.98,34.87
2023-06-02 08:00,6,8,Weekday,Summer,Yes,86.96,74.03,34.33
2023-06-02 09:00,6,9,Weekday,Summer,Yes,90.22,74.75,37.92
2023-06-02 10:00,6,10,Weekday,Summer,Yes,92.2,74.69,44.29
2023-06-02 11:00,6,11,Weekday,Summer,Yes,95.33,76.89,44.94
2023-06-02 12:00,6,12,Weekday,Summer,Yes,96.98,76.22,45.72
2023-06-02 13:00,6,13,Weekday,Summer,Yes,97.61,76.61,45.02
2023-06-02 14:00,6,14,Weekday,Summer,Yes,99.22,76.72,54.6
2023-06-02 15:00,6,15,Weekday,Summer,Yes,98.88,76.61,54.45
2023-06-02 16:00,6,16,Weekday,Summer,Yes,98.58,75.91,49.38
2023-06-02 17:00,6,17,Weekday,Summer,Yes,97.8,75.18,49.83
2023-06-02 18:00,6,18,Weekday,Summer,No,94.67,77.17,48.94
2023-06-02 19:00,6,19,Weekday,Summer,No,90.08,77.44,34.58
2023-06-02 20:00,6,20,Weekday,Summer,No,86.2,75.93,43.92
2023-06-02 21:00,6,21,Weekday,Summer,No,84.4,76.2,38.65
2023-06-02 22:00,6,22,Weekday,Summer,No,81.71,74.88,36.22
2023-06-02 23:00,6,23,Weekday,Summer,No,79.43,73.81,31.08
2023-06-03 00:00,6,0,Weekend,Summer,No,78.46,74.04,30.18
2023-06-03 01:00,6,1,Weekend,Summer,No,78.6,75.27,33.35
2023-06-03 02:00,6,2,Weekend,Summer,No,77.2,73.96,28.8
2023-06-03 03:00,6,3,Weekend,Summer,No,74.76,73.08,27.56
2023-06-03 04:00,6,4,Weekend,Summer,No,73.42,73.21,25.81
2023-06-03 05:00,6,5,Weekend,Summer,No,73.04,73.56,30.95
2023-06-03 06:00,6,6,Weekend,Summer,No,76.5,73.06,32.95
2023-06-03 07:00,6,7,Weekend,Summer,No,81.92,74.88,36.34
2023-06-03 08:00,6,8,Weekend,Summer,No,85.8,74.61,37.45
2023-06-03 09:00,6,9,Weekend,Summer,No,89.39,76.76,44.24
2023-06-03 10:00,6,10,Weekend,Summer,No,92.2,77.34,47.34
2023-06-03 11:00,6,11,Weekend,Summer,No,94.8,76.67,38.85
2023-06-03 12:00,6,12,Weekend,Summer,No,96.08,77.3,46.06
2023-06-03 13:00,6,13,Weekend,Summer,No,96.6,78.24,50.35
2023-06-03 14:00,6,14,Weekend,Summer,No,97.61,77.87,50.89
2023-06-03 15:00,6,15,Weekend,Summer,No,96.9,76.89,46.02
2023-06-03 16:00,6,16,Weekend,Summer,No,95.45,77.63,37.88
2023-06-03 17:00,6,17,Weekend,Summer,No,93.84,76.2,44.83
2023-06-03 18:00,6,18,Weekend,Summer,No,91.23,76.07,38.72
2023-06-03 19:00,6,19,Weekend,Summer,No,87.65,75.38,46.73
2023-06-03 20:00,6,20,Weekend,Summer,No,84.84,74.92,34.06
2023-06-03 21:00,6,21,Weekend,Summer,No,82.24,73.87,31.02
2023-06-03 22:00,6,22,Weekend,Summer,No,80.44,74.18,37.91
2023-06-03 23:00,6,23,Weekend,Summer,No,77.65,73.05,39.67
2023-06-04 00:00,6,0,Weekend,Summer,No,76.55,73.56,22.59
2023-06-04 01:00,6,1,Weekend,Summer,No,74.69,73.4,19.3
2023-06-04 02:00,6,2,Weekend,Summer,No,71.88,72.73,28.59
2023-06-04 03:00,6,3,Weekend,Summer,No,66.96,71.58,20.59
2023-06-04 04:00,6,4,Weekend,Summer,No,64.04,71.82,17.52
2023-06-04 05:00,6,5,Weekend,Summer,No,65.19,72.56,29.23
2023-06-04 06:00,6,6,Weekend,Summer,No,70.64,73.7,30.08
2023-06-04 07:00,6,7,Weekend,Summer,No,76.88,74.75,33.64
2023-06-04 08:00,6,8,Weekend,Summer,No,80.76,73.08,35.69
2023-06-04 09:00,6,9,Weekend,Summer,No,84.35,74.25,46.54
2023-06-04 10:00,6,10,Weekend,Summer,No,87.78,75.37,44.95
2023-06-04 11:00,6,11,Weekend,Summer,No,89.58,76.14,32.77
2023-06-04 12:00,6,12,Weekend,Summer,No,91.12,75.66,43.19
2023-06-04 13:00,6,13,Weekend,Summer,No,92.57,76.33,42.95
2023-06-04 14:00,6,14,Weekend,Summer,No,93.02,77.59,41.63
2023-06-04 15:00,6,15,Weekend,Summer,No,93.54,77.74,51.22
2023-06-04 16:00,6,16,Weekend,Summer,No,93.4,77.38,53.18
2023-06-04 17:00,6,17,Weekend,Summer,No,92.39,77.04,43.02
2023-06-04 18:00,6,18,Weekend,Summer,No,90.26,75.41,37.33
2023-06-04 19:00,6,19,Weekend,Summer,No,86.65,75.46,32.69
2023-06-04 20:00,6,20,Weekend,Summer,No,83.24,74.95,34.63
2023-06-04 21:00,6,21,Weekend,Summer,No,79.1,75.19,38.27
2023-06-04 22:00,6,22,Weekend,Summer,No,77.0,73.76,38.11
2023-06-04 23:00,6,23,Weekend,Summer,No,74.06,73.87,20.13
2023-06-05 00:00,6,0,Weekday,Summer,No,69.65,72.54,25.95
2023-06-05 01:00,6,1,Weekday,Summer,No,67.37,72.0,24.12
2023-06-05 02:00,6,2,Weekday,Summer,No,65.66,71.87,18.93
2023-06-05 03:00,6,3,Weekday,Summer,No,63.71,72.7,24.97
2023-06-05 04:00,6,4,Weekday,Summer,No,62.96,71.3,16.5
2023-06-05 05:00,6,5,Weekday,Summer,No,63.59,71.87,20.22
2023-06-05 06:00,6,6,Weekday,Summer,No,66.98,72.45,23.4
2023-06-05 07:00,6,7,Weekday,Summer,No,73.07,72.36,30.62
2023-06-05 08:00,6,8,Weekday,Summer,Yes,79.49,73.66,31.89
2023-06-05 09:00,6,9,Weekday,Summer,Yes,84.35,73.23,32.93
2023-06-05 10:00,6,10,Weekday,Summer,Yes,86.0,73.49,41.17
2023-06-05 11:00,6,11,Weekday,Summer,Yes,88.31,75.07,38.87
2023-06-05 12:00,6,12,Weekday,Summer,Yes,91.12,75.63,38.42
2023-06-05 13:00,6,13,Weekday,Summer,Yes,92.57,75.2,43.01
2023-06-05 14:00,6,14,Weekday,Summer,Yes,93.54,75.01,47.69
2023-06-05 15:00,6,15,Weekday,Summer,Yes,95.18,75.24,44.92
2023-06-05 16:00,6,16,Weekday,Summer,Yes,95.45,76.99,45.53
2023-06-05 17:00,6,17,Weekday,Summer,Yes,95.0,74.93,39.99
2023-06-05 18:00,6,18,Weekday,Summer,No,93.84,77.46,37.06
2023-06-05 19:00,6,19,Weekday,Summer,No,90.71,76.06,37.58
2023-06-05 20:00,6,20,Weekday,Summer,No,85.49,75.09,37.1
2023-06-05 21:00,6,21,Weekday,Summer,No,83.57,75.46,28.79
2023-06-05 22:00,6,22,Weekday,Summer,No,79.3,72.97,30.07
2023-06-05 23:00,6,23,Weekday,Summer,No,75.4,73.89,27.61
2023-06-06 00:00,6,0,Weekday,Summer,No,73.24,71.96,32.27
2023-06-06 01:00,6,1,Weekday,Summer,No,71.44,72.97,23.04
2023-06-06 02:00,6,2,Weekday,Summer,No,69.28,72.04,22.91
2023-06-06 03:00,6,3,Weekday,Summer,No,67.37,72.95,11.72
2023-06-06 04:00,6,4,Weekday,Summer,No,66.4,73.33,24.36
2023-06-06 05:00,6,5,Weekday,Summer,No,65.39,72.44,16.65
2023-06-06 06:00,6,6,Weekday,Summer,No,67.88,72.75,17.33
2023-06-06 07:00,6,7,Weekday,Summer,No,74.08,74.19,22.05
2023-06-06 08:00,6,8,Weekday,Summer,Yes,80.46,73.14,22.54
2023-06-06 09:00,6,9,Weekday,Summer,Yes,85.36,73.77,40.02
2023-06-06 10:00,6,10,Weekday,Summer,Yes,88.76,75.43,31.64
2023-06-06 11:00,6,11,Weekday,Summer,Yes,92.27,75.17,38.02
2023-06-06 12:00,6,12,Weekday,Summer,Yes,95.18,76.23,45.71
2023-06-06 13:00,6,13,Weekday,Summer,Yes,96.6,76.63,45.22
2023-06-06 14:00,6,14,Weekday,Summer,Yes,97.61,75.87,50.96
2023-06-06 15:00,6,15,Weekday,Summer,Yes,98.58,75.6,42.89
2023-06-06 16:00,6,16,Weekday,Summer,Yes,98.96,76.91,48.37
2023-06-06 17:00,6,17,Weekday,Summer,Yes,99.59,75.93,49.36
2023-06-06 18:00,6,18,Weekday,Summer,No,98.26,76.93,48.98
2023-06-06 19:00,6,19,Weekday,Summer,No,93.52,77.08,41.98
2023-06-06 20:00,6,20,Weekday,Summer,No,89.88,75.7,33.95
2023-06-06 21:00,6,21,Weekday,Summer,No,86.12,75.93,49.35
2023-06-06 22:00,6,22,Weekday,Summer,No,81.08,74.73,32.32
2023-06-06 23:00,6,23,Weekday,Summer,No,78.46,74.3,32.79
2023-06-07 00:00,6,0,Weekday,Summer,No,77.45,73.13,27.32
2023-06-07 01:00,6,1,Weekday,Summer,No,74.06,73.61,23.73
2023-06-07 02:00,6,2,Weekday,Summer,No,70.28,72.53,27.34
2023-06-07 03:00,6,3,Weekday,Summer,No,68.45,72.38,30.75
2023-06-07 04:00,6,4,Weekday,Summer,No,68.0,74.08,14.16
2023-06-07 05:00,6,5,Weekday,Summer,No,67.37,72.66,17.54
2023-06-07 06:00,6,6,Weekday,Summer,No,69.86,72.45,21.64
2023-06-07 07:00,6,7,Weekday,Summer,No,76.06,72.33,30.54
2023-06-07 08:00,6,8,Weekday,Summer,Yes,82.44,72.63,29.1
2023-06-07 09:00,6,9,Weekday,Summer,Yes,87.86,73.65,42.91
2023-06-07 10:00,6,10,Weekday,Summer,Yes,91.74,75.34,43.52
2023-06-07 11:00,6,11,Weekday,Summer,Yes,95.33,76.17,44.83
2023-06-07 12:00,6,12,Weekday,Summer,Yes,98.14,75.13,51.41
2023-06-07 13:00,6,13,Weekday,Summer,Yes,100.12,76.65,56.47
2023-06-07 14:00,6,14,Weekday,Summer,Yes,101.57,76.32,48.29
2023-06-07 15:00,6,15,Weekday,Summer,Yes,102.54,77.77,50.09
2023-06-07 16:00,6,16,Weekday,Summer,Yes,102.92,75.67,51.02
2023-06-07 17:00,6,17,Weekday,Summer,Yes,102.92,76.83,58.09
2023-06-07 18:00,6,18,Weekday,Summer,No,101.24,78.18,49.74
2023-06-07 19:00,6,19,Weekday,Summer,No,96.47,77.12,38.24
2023-06-07 20:00,6,20,Weekday,Summer,No,92.24,76.38,36.73
2023-06-07 21:00,6,21,Weekday,Summer,No,89.26,76.76,45.84
2023-06-07 22:00,6,22,Weekday,Summer,No,87.46,74.97,38.9
2023-06-07 23:00,6,23,Weekday,Summer,No,84.14,74.81,34.73
2023-06-08 00:00,6,0,Weekday,Summer,No,79.73,74.91,31.78
2023-06-08 01:00,6,1,Weekday,Summer,No,75.14,73.51,26.63
2023-06-08 02:00,6,2,Weekday,Summer,No,71.88,71.88,17.4
2023-06-08 03:00,6,3,Weekday,Summer,No,70.43,72.26,28.58
2023-06-08 04:00,6,4,Weekday,Summer,No,69.46,72.87,21.76
2023-06-08 05:00,6,5,Weekday,Summer,No,69.6,73.41,18.94
2023-06-08 06:00,6,6,Weekday,Summer,No,72.29,73.45,28.25
2023-06-08 07:00,6,7,Weekday,Summer,No,77.51,73.54,29.63
2023-06-08 08:00,6,8,Weekday,Summer,Yes,84.16,74.0,33.39
2023-06-08 09:00,6,9,Weekday,Summer,Yes,91.7,74.29,51.35
2023-06-08 10:00,6,10,Weekday,Summer,Yes,97.31,77.02,46.63
2023-06-08 11:00,6,11,Weekday,Summer,Yes,100.74,76.58,53.11
2023-06-08 12:00,6,12,Weekday,Summer,Yes,103.8,78.17,48.36
2023-06-08 13:00,6,13,Weekday,Summer,Yes,105.08,76.25,53.32
2023-06-08 14:00,6,14,Weekday,Summer,Yes,105.6,78.56,57.7
2023-06-08 15:00,6,15,Weekday,Summer,Yes,105.98,77.25,55.35
2023-06-08 16:00,6,16,Weekday,Summer,Yes,105.98,76.97,53.52
2023-06-08 17:00,6,17,Weekday,Summer,Yes,104.82,77.35,51.15
2023-06-08 18:00,6,18,Weekday,Summer,No,102.22,77.55,48.61
2023-06-08 19:00,6,19,Weekday,Summer,No,99.26,76.82,45.6
2023-06-08 20:00,6,20,Weekday,Summer,No,94.49,76.94,42.71
2023-06-08 21:00,6,21,Weekday,Summer,No,88.48,75.96,37.34
2023-06-08 22:00,6,22,Weekday,Summer,No,86.0,74.85,30.08
2023-06-08 23:00,6,23,Weekday,Summer,No,85.37,75.22,29.6
2023-06-09 00:00,6,0,Weekday,Summer,No,82.08,75.75,29.36
2023-06-09 01:00,6,1,Weekday,Summer,No,78.28,74.28,34.44
2023-06-09 02:00,6,2,Weekday,Summer,No,75.84,74.51,22.29
2023-06-09 03:00,6,3,Weekday,Summer,No,74.39,73.69,28.19
2023-06-09 04:00,6,4,Weekday,Summer,No,73.42,72.75,27.77
2023-06-09 05:00,6,5,Weekday,Summer,No,71.88,72.88,22.69
2023-06-09 06:00,6,6,Weekday,Summer,No,71.58,73.66,20.59
2023-06-09 07:00,6,7,Weekday,Summer,No,79.0,73.67,31.81
2023-06-09 08:00,6,8,Weekday,Summer,Yes,87.48,73.94,36.77
2023-06-09 09:00,6,9,Weekday,Summer,Yes,91.74,74.32,42.68
2023-06-09 10:00,6,10,Weekday,Summer,Yes,94.8,75.21,41.79
2023-06-09 11:00,6,11,Weekday,Summer,Yes,97.76,75.66,48.64
2023-06-09 12:00,6,12,Weekday,Summer,Yes,99.59,77.08,55.77
2023-06-09 13:00,6,13,Weekday,Summer,Yes,100.57,76.17,44.41
2023-06-09 14:00,6,14,Weekday,Summer,Yes,102.72,76.3,54.1
2023-06-09 15:00,6,15,Weekday,Summer,Yes,104.0,77.91,55.75
2023-06-09 16:00,6,16,Weekday,Summer,Yes,103.37,77.78,54.2
2023-06-09 17:00,6,17,Weekday,Summer,Yes,102.4,78.12,55.52
2023-06-09 18:00,6,18,Weekday,Summer,No,100.23,78.31,48.54
2023-06-09 19:00,6,19,Weekday,Summer,No,97.28,77.38,43.56
2023-06-09 20:00,6,20,Weekday,Summer,No,91.98,76.21,50.7
2023-06-09 21:00,6,21,Weekday,Summer,No,89.06,77.07,36.35
2023-06-09 22:00,6,22,Weekday,Summer,No,87.28,75.79,42.0
2023-06-09 23:00,6,23,Weekday,Summer,No,83.69,75.17,38.35
2023-06-10 00:00,6,0,Weekend,Summer,No,79.73,73.56,30.83
2023-06-10 01:00,6,1,Weekend,Summer,No,77.45,72.74,31.45
2023-06-10 02:00,6,2,Weekend,Summer,No,76.37,74.49,29.87
2023-06-10 03:00,6,3,Weekend,Summer,No,74.76,72.26,26.07
2023-06-10 04:00,6,4,Weekend,Summer,No,72.78,73.49,21.8
2023-06-10 05:00,6,5,Weekend,Summer,No,72.59,74.07,20.51
2023-06-10 06:00,6,6,Weekend,Summer,No,76.5,76.36,29.31
2023-06-10 07:00,6,7,Weekend,Summer,No,82.44,74.61,45.32
2023-06-10 08:00,6,8,Weekend,Summer,No,87.34,76.01,43.58
2023-06-10 09:00,6,9,Weekend,Summer,No,90.22,76.22,44.43
2023-06-10 10:00,6,10,Weekend,Summer,No,92.72,77.13,43.13
2023-06-10 11:00,6,11,Weekend,Summer,No,95.7,78.72,50.43
2023-06-10 12:00,6,12,Weekend,Summer,No,97.61,77.53,48.98
2023-06-10 13:00,6,13,Weekend,Summer,No,100.37,77.83,47.97
2023-06-10 14:00,6,14,Weekend,Summer,No,103.18,77.88,51.24
2023-06-10 15:00,6,15,Weekend,Summer,No,103.37,78.27,55.61
2023-06-10 16:00,6,16,Weekend,Summer,No,102.92,78.68,55.16
2023-06-10 17:00,6,17,Weekend,Summer,No,101.76,78.69,53.41
2023-06-10 18:00,6,18,Weekend,Summer,No,99.78,77.76,47.15
2023-06-10 19:00,6,19,Weekend,Summer,No,96.65,78.67,50.28
2023-06-10 20:00,6,20,Weekend,Summer,No,92.69,76.65,46.87
2023-06-10 21:00,6,21,Weekend,Summer,No,89.26,75.96,36.74
2023-06-10 22:00,6,22,Weekend,Summer,No,86.2,75.55,27.17
2023-06-10 23:00,6,23,Weekend,Summer,No,84.92,75.29,38.27
2023-06-11 00:00,6,0,Weekend,Summer,No,83.77,73.91,30.87
2023-06-11 01:00,6,1,Weekend,Summer,No,81.26,75.95,32.16
2023-06-11 02:00,6,2,Weekend,Summer,No,76.49,73.55,31.38
2023-06-11 03:00,6,3,Weekend,Summer,No,73.42,73.88,26.13
2023-06-11 04:00,6,4,Weekend,Summer,No,72.41,74.11,24.36
2023-06-11 05:00,6,5,Weekend,Summer,No,72.59,73.09,30.55
2023-06-11 06:00,6,6,Weekend,Summer,No,75.35,73.76,30.22
2023-06-11 07:00,6,7,Weekend,Summer,No,81.1,75.52,27.53
2023-06-11 08:00,6,8,Weekend,Summer,No,86.33,76.01,37.36
2023-06-11 09:00,6,9,Weekend,Summer,No,89.77,76.2,31.7
2023-06-11 10:00,6,10,Weekend,Summer,No,92.2,76.93,41.98
2023-06-11 11:00,6,11,Weekend,Summer,No,95.96,76.97,43.45
2023-06-11 12:00,6,12,Weekend,Summer,No,98.06,77.15,44.49
2023-06-11 13:00,6,13,Weekend,Summer,No,99.22,78.32,46.24
2023-06-11 14:00,6,14,Weekend,Summer,No,100.57,79.25,49.29
2023-06-11 15:00,6,15,Weekend,Summer,No,100.94,78.39,44.93
2023-06-11 16:00,6,16,Weekend,Summer,No,100.94,77.87,49.31
2023-06-11 17:00,6,17,Weekend,Summer,No,100.42,78.82,44.94
2023-06-11 18:00,6,18,Weekend,Summer,No,98.88,76.56,52.61
2023-06-11 19:00,6,19,Weekend,Summer,No,95.65,77.24,50.47
2023-06-11 20:00,6,20,Weekend,Summer,No,92.24,76.71,39.81
2023-06-11 21:00,6,21,Weekend,Summer,No,89.26,75.81,43.02
2023-06-11 22:00,6,22,Weekend,Summer,No,87.46,76.56,41.27
2023-06-11 23:00,6,23,Weekend,Summer,No,85.3,76.1,34.96
2023-06-12 00:00,6,0,Weekday,Summer,No,83.39,75.12,27.59
2023-06-12 01:00,6,1,Weekday,Summer,No,80.63,74.26,34.32
2023-06-12 02:00,6,2,Weekday,Summer,No,79.61,74.68,31.13
2023-06-12 03:00,6,3,Weekday,Summer,No,79.43,73.73,38.62
2023-06-12 04:00,6,4,Weekday,Summer,No,75.52,73.46,30.26
2023-06-12 05:00,6,5,Weekday,Summer,No,73.56,73.75,21.46
2023-06-12 06:00,6,6,Weekday,Summer,No,76.35,75.08,27.94
2023-06-12 07:00,6,7,Weekday,Summer,No,81.54,74.58,31.75
2023-06-12 08:00,6,8,Weekday,Summer,Yes,85.8,75.29,40.03
2023-06-12 09:00,6,9,Weekday,Summer,Yes,89.39,74.59,35.75
2023-06-12 10:00,6,10,Weekday,Summer,Yes,92.2,75.2,34.34
2023-06-12 11:00,6,11,Weekday,Summer,Yes,94.8,75.44,51.65
2023-06-12 12:00,6,12,Weekday,Summer,Yes,96.6,74.83,46.02
2023-06-12 13:00,6,13,Weekday,Summer,Yes,97.61,75.14,42.55
2023-06-12 14:00,6,14,Weekday,Summer,Yes,99.22,77.33,46.5
2023-06-12 15:00,6,15,Weekday,Summer,Yes,99.41,76.85,51.41
2023-06-12 16:00,6,16,Weekday,Summer,Yes,98.44,76.57,55.28
2023-06-12 17:00,6,17,Weekday,Summer,Yes,96.9,77.79,49.77
2023-06-12 18:00,6,18,Weekday,Summer,No,94.3,77.15,48.8
2023-06-12 19:00,6,19,Weekday,Summer,No,90.71,76.94,47.59
2023-06-12 20:00,6,20,Weekday,Summer,No,87.9,75.37,43.97
2023-06-12 21:00,6,21,Weekday,Summer,No,85.3,74.7,35.85
2023-06-12 22:00,6,22,Weekday,Summer,No,82.86,75.79,32.49
2023-06-12 23:00,6,23,Weekday,Summer,No,80.26,74.14,26.24
2023-06-13 00:00,6,0,Weekday,Summer,No,77.2,74.66,23.84
2023-06-13 01:00,6,1,Weekday,Summer,No,74.76,74.18,29.59
2023-06-13 02:00,6,2,Weekday,Summer,No,73.94,74.15,26.5
2023-06-13 03:00,6,3,Weekday,Summer,No,74.57,73.63,22.32
2023-06-13 04:00,6,4,Weekday,Summer,No,72.71,72.95,25.73
2023-06-13 05:00,6,5,Weekday,Summer,No,70.43,73.22,24.65
2023-06-13 06:00,6,6,Weekday,Summer,No,72.92,73.51,26.3
2023-06-13 07:00,6,7,Weekday,Summer,No,77.33,72.87,27.57
2023-06-13 08:00,6,8,Weekday,Summer,Yes,80.76,72.93,42.92
2023-06-13 09:00,6,9,Weekday,Summer,Yes,83.72,72.41,38.85
2023-06-13 10:00,6,10,Weekday,Summer,Yes,87.34,74.31,44.73
2023-06-13 11:00,6,11,Weekday,Summer,Yes,90.22,75.3,33.17
2023-06-13 12:00,6,12,Weekday,Summer,Yes,91.56,76.36,44.67
2023-06-13 13:00,6,13,Weekday,Summer,Yes,92.57,74.74,36.39
2023-06-13 14:00,6,14,Weekday,Summer,Yes,93.54,75.79,31.98
2023-06-13 15:00,6,15,Weekday,Summer,Yes,93.92,74.54,39.25
2023-06-13 16:00,6,16,Weekday,Summer,Yes,92.76,75.96,46.37
2023-06-13 17:00,6,17,Weekday,Summer,Yes,91.42,75.0,43.91
2023-06-13 18:00,6,18,Weekday,Summer,No,89.88,75.87,40.47
2023-06-13 19:00,6,19,Weekday,Summer,No,86.65,75.98,39.86
2023-06-13 20:00,6,20,Weekday,Summer,No,83.24,74.34,35.59
2023-06-13 21:00,6,21,Weekday,Summer,No,81.41,75.36,33.63
2023-06-13 22:00,6,22,Weekday,Summer,No,79.28,74.38,17.91
2023-06-13 23:00,6,23,Weekday,Summer,No,77.45,74.79,28.48
2023-06-14 00:00,6,0,Weekday,Summer,No,75.84,74.48,32.4
2023-06-14 01:00,6,1,Weekday,Summer,No,73.86,73.49,29.01
2023-06-14 02:00,6,2,Weekday,Summer,No,72.41,71.91,27.24
2023-06-14 03:00,6,3,Weekday,Summer,No,71.44,73.28,23.59
2023-06-14 04:00,6,4,Weekday,Summer,No,70.43,72.88,20.48
2023-06-14 05:00,6,5,Weekday,Summer,No,67.67,71.76,11.67
2023-06-14 06:00,6,6,Weekday,Summer,No,69.48,73.93,27.64
2023-06-14 07:00,6,7,Weekday,Summer,No,74.27,73.87,34.39
2023-06-14 08:00,6,8,Weekday,Summer,Yes,77.7,71.72,29.98
2023-06-14 09:00,6,9,Weekday,Summer,Yes,79.61,74.31,30.27
2023-06-14 10:00,6,10,Weekday,Summer,Yes,81.74,73.8,32.53
2023-06-14 11:00,6,11,Weekday,Summer,Yes,84.72,73.72,32.5
2023-06-14 12:00,6,12,Weekday,Summer,Yes,86.63,73.66,49.58
2023-06-14 13:00,6,13,Weekday,Summer,Yes,88.23,73.49,37.44
2023-06-14 14:00,6,14,Weekday,Summer,Yes,89.06,76.61,41.62
2023-06-14 15:00,6,15,Weekday,Summer,Yes,90.22,76.01,41.03
2023-06-14 16:00,6,16,Weekday,Summer,Yes,91.56,75.23,41.97
2023-06-14 17:00,6,17,Weekday,Summer,Yes,91.42,74.3,44.76
2023-06-14 18:00,6,18,Weekday,Summer,No,89.26,76.11,42.44
2023-06-14 19:00,6,19,Weekday,Summer,No,86.2,77.2,37.31
2023-06-14 20:00,6,20,Weekday,Summer,No,83.24,75.53,35.01
2023-06-14 21:00,6,21,Weekday,Summer,No,81.41,74.85,35.89
2023-06-14 22:00,6,22,Weekday,Summer,No,77.5,73.67,27.29
2023-06-14 23:00,6,23,Weekday,Summer,No,73.24,73.04,30.57
2023-06-15 00:00,6,0,Weekday,Summer,No,72.59,73.72,33.51
2023-06-15 01:00,6,1,Weekday,Summer,No,71.88,74.68,25.62
2023-06-15 02:00,6,2,Weekday,Summer,No,69.28,73.25,18.8
2023-06-15 03:00,6,3,Weekday,Summer,No,65.06,72.28,15.28
2023-06-15 04:00,6,4,Weekday,Summer,No,62.96,72.14,14.29
2023-06-15 05:00,6,5,Weekday,Summer,No,64.74,72.84,16.98
2023-06-15 06:00,6,6,Weekday,Summer,No,69.48,73.07,22.83
2023-06-15 07:00,6,7,Weekday,Summer,No,74.27,74.38,26.68
2023-06-15 08:00,6,8,Weekday,Summer,Yes,78.86,72.65,27.48
2023-06-15 09:00,6,9,Weekday,Summer,Yes,83.27,74.18,33.55
2023-06-15 10:00,6,10,Weekday,Summer,Yes,89.64,75.02,41.44
2023-06-15 11:00,6,11,Weekday,Summer,Yes,93.54,74.6,44.55
2023-06-15 12:00,6,12,Weekday,Summer,Yes,94.55,75.47,44.17
2023-06-15 13:00,6,13,Weekday,Summer,Yes,96.16,76.48,46.82
2023-06-15 14:00,6,14,Weekday,Summer,Yes,97.61,75.46,52.76
2023-06-15 15:00,6,15,Weekday,Summer,Yes,98.58,75.45,44.01
2023-06-15 16:00,6,16,Weekday,Summer,Yes,98.44,76.67,45.87
2023-06-15 17:00,6,17,Weekday,Summer,Yes,98.06,76.69,45.78
2023-06-15 18:00,6,18,Weekday,Summer,No,97.43,77.76,34.66
2023-06-15 19:00,6,19,Weekday,Summer,No,94.04,75.87,45.87
2023-06-15 20:00,6,20,Weekday,Summer,No,90.26,75.98,52.6
2023-06-15 21:00,6,21,Weekday,Summer,No,87.28,75.09,37.15
2023-06-15 22:00,6,22,Weekday,Summer,No,83.69,75.52,33.31
2023-06-15 23:00,6,23,Weekday,Summer,No,80.26,73.9,38.39
2023-06-16 00:00,6,0,Weekday,Summer,No,77.2,74.75,35.72
2023-06-16 01:00,6,1,Weekday,Summer,No,73.61,72.68,19.07
2023-06-16 02:00,6,2,Weekday,Summer,No,70.81,73.06,16.43
2023-06-16 03:00,6,3,Weekday,Summer,No,68.82,73.29,9.89
2023-06-16 04:00,6,4,Weekday,Summer,No,68.0,72.27,15.61
2023-06-16 05:00,6,5,Weekday,Summer,No,67.37,71.82,19.79
2023-06-16 06:00,6,6,Weekday,Summer,No,71.02,72.86,18.95
2023-06-16 07:00,6,7,Weekday,Summer,No,76.88,74.97,22.66
2023-06-16 08:00,6,8,Weekday,Summer,Yes,82.44,73.03,34.24
2023-06-16 09:00,6,9,Weekday,Summer,Yes,87.86,75.06,45.04
2023-06-16 10:00,6,10,Weekday,Summer,Yes,93.53,76.01,47.17
2023-06-16 11:00,6,11,Weekday,Summer,Yes,97.76,76.64,50.3
2023-06-16 12:00,6,12,Weekday,Summer,Yes,99.59,74.66,45.61
2023-06-16 13:00,6,13,Weekday,Summer,Yes,101.72,76.23,54.9
2023-06-16 14:00,6,14,Weekday,Summer,Yes,103.55,76.59,47.31
2023-06-16 15:00,6,15,Weekday,Summer,Yes,104.0,77.9,58.07
2023-06-16 16:00,6,16,Weekday,Summer,Yes,104.0,77.22,58.61
2023-06-16 17:00,6,17,Weekday,Summer,Yes,102.84,76.82,53.71
2023-06-16 18:00,6,18,Weekday,Summer,No,100.23,77.97,48.88
2023-06-16 19:00,6,19,Weekday,Summer,No,97.28,78.24,54.42
2023-06-16 20:00,6,20,Weekday,Summer,No,94.3,76.05,47.28
2023-06-16 21:00,6,21,Weekday,Summer,No,91.86,76.45,45.79
2023-06-16 22:00,6,22,Weekday,Summer,No,90.41,77.13,34.69
2023-06-16 23:00,6,23,Weekday,Summer,No,85.86,75.47,30.47
2023-06-17 00:00,6,0,Weekend,Summer,No,81.26,74.32,30.65
2023-06-17 01:00,6,1,Weekend,Summer,No,78.28,74.04,33.78
2023-06-17 02:00,6,2,Weekend,Summer,No,77.0,74.05,27.64
2023-06-17 03:00,6,3,Weekend,Summer,No,75.84,74.88,27.22
2023-06-17 04:00,6,4,Weekend,Summer,No,73.86,73.35,21.71
2023-06-17 05:00,6,5,Weekend,Summer,No,71.88,72.52,32.01
2023-06-17 06:00,6,6,Weekend,Summer,No,73.37,73.2,33.25
2023-06-17 07:00,6,7,Weekend,Summer,No,79.64,74.03,27.88
2023-06-17 08:00,6,8,Weekend,Summer,No,86.51,75.83,37.78
2023-06-17 09:00,6,9,Weekend,Summer,No,91.9,77.71,41.9
2023-06-17 10:00,6,10,Weekend,Summer,No,95.18,76.82,42.73
2023-06-17 11:00,6,11,Weekend,Summer,No,97.24,77.36,49.22
2023-06-17 12:00,6,12,Weekend,Summer,No,100.9,78.45,40.48
2023-06-17 13:00,6,13,Weekend,Summer,No,103.55,78.85,46.92
2023-06-17 14:00,6,14,Weekend,Summer,No,103.37,79.12,53.75
2023-06-17 15:00,6,15,Weekend,Summer,No,102.92,78.59,56.62
2023-06-17 16:00,6,16,Weekend,Summer,No,102.92,79.15,56.11
2023-06-17 17:00,6,17,Weekend,Summer,No,103.55,78.65,57.04
2023-06-17 18:00,6,18,Weekend,Summer,No,102.84,78.3,51.85
2023-06-17 19:00,6,19,Weekend,Summer,No,99.71,77.77,47.74
2023-06-17 20:00,6,20,Weekend,Summer,No,96.28,78.04,45.13
2023-06-17 21:00,6,21,Weekend,Summer,No,93.22,76.4,42.68
2023-06-17 22:00,6,22,Weekend,Summer,No,90.26,76.55,40.67
2023-06-17 23:00,6,23,Weekend,Summer,No,87.9,75.68,36.08
2023-06-18 00:00,6,0,Weekend,Summer,No,85.82,75.92,36.47
2023-06-18 01:00,6,1,Weekend,Summer,No,82.08,75.58,31.26
2023-06-18 02:00,6,2,Weekend,Summer,No,78.9,75.2,42.64
2023-06-18 03:00,6,3,Weekend,Summer,No,79.76,74.42,33.52
2023-06-18 04:00,6,4,Weekend,Summer,No,79.28,74.77,31.44
2023-06-18 05:00,6,5,Weekend,Summer,No,78.08,74.18,27.4
2023-06-18 06:00,6,6,Weekend,Summer,No,79.76,74.36,31.39
2023-06-18 07:00,6,7,Weekend,Summer,No,83.27,74.96,35.0
2023-06-18 08:00,6,8,Weekend,Summer,No,87.34,76.43,42.42
2023-06-18 09:00,6,9,Weekend,Summer,No,90.22,78.32,39.83
2023-06-18 10:00,6,10,Weekend,Summer,No,93.35,76.06,44.09
2023-06-18 11:00,6,11,Weekend,Summer,No,96.78,77.66,41.51
2023-06-18 12:00,6,12,Weekend,Summer,No,98.58,77.22,51.04
2023-06-18 13:00,6,13,Weekend,Summer,No,100.12,78.32,49.43
2023-06-18 14:00,6,14,Weekend,Summer,No,100.94,77.45,44.41
2023-06-18 15:00,6,15,Weekend,Summer,No,101.99,79.38,50.56
2023-06-18 16:00,6,16,Weekend,Summer,No,103.48,78.46,53.74
2023-06-18 17:00,6,17,Weekend,Summer,No,102.84,78.69,51.47
2023-06-18 18:00,6,18,Weekend,Summer,No,100.23,79.48,62.91
2023-06-18 19:00,6,19,Weekend,Summer,No,97.28,78.09,43.04
2023-06-18 20:00,6,20,Weekend,Summer,No,94.3,75.86,43.08
2023-06-18 21:00,6,21,Weekend,Summer,No,91.86,77.73,42.83
2023-06-18 22:00,6,22,Weekend,Summer,No,86.94,77.06,39.15
2023-06-18 23:00,6,23,Weekend,Summer,No,84.54,75.7,46.48
2023-06-19 00:00,6,0,Weekday,Summer,No,84.4,75.61,36.31
2023-06-19 01:00,6,1,Weekday,Summer,No,84.02,75.15,38.8
2023-06-19 02:00,6,2,Weekday,Summer,No,83.39,75.83,37.75
2023-06-19 03:00,6,3,Weekday,Summer,No,81.78,74.38,37.13
2023-06-19 04:00,6,4,Weekday,Summer,No,79.28,73.96,36.42
2023-06-19 05:00,6,5,Weekday,Summer,No,78.08,74.74,29.73
2023-06-19 06:00,6,6,Weekday,Summer,No,79.76,75.11,37.98
2023-06-19 07:00,6,7,Weekday,Summer,No,82.74,74.97,35.39
2023-06-19 08:00,6,8,Weekday,Summer,Yes,86.33,73.91,37.58
2023-06-19 09:00,6,9,Weekday,Summer,Yes,89.77,73.29,36.56
2023-06-19 10:00,6,10,Weekday,Summer,Yes,92.72,75.29,45.5
2023-06-19 11:00,6,11,Weekday,Summer,Yes,94.55,75.45,52.36
2023-06-19 12:00,6,12,Weekday,Summer,Yes,96.78,75.37,46.21
2023-06-19 13:00,6,13,Weekday,Summer,Yes,98.58,75.23,44.67
2023-06-19 14:00,6,14,Weekday,Summer,Yes,100.12,77.11,42.13
2023-06-19 15:00,6,15,Weekday,Summer,Yes,100.94,75.51,53.75
2023-06-19 16:00,6,16,Weekday,Summer,Yes,100.94,77.25,55.82
2023-06-19 17:00,6,17,Weekday,Summer,Yes,99.78,77.31,42.44
2023-06-19 18:00,6,18,Weekday,Summer,No,98.44,78.34,47.29
2023-06-19 19:00,6,19,Weekday,Summer,No,96.9,77.63,38.89
2023-06-19 20:00,6,20,Weekday,Summer,No,93.14,77.21,47.74
2023-06-19 21:00,6,21,Weekday,Summer,No,89.26,75.98,38.05
2023-06-19 22:00,6,22,Weekday,Summer,No,87.98,75.68,46.51
2023-06-19 23:00,6,23,Weekday,Summer,No,86.2,77.15,45.05
2023-06-20 00:00,6,0,Weekday,Summer,No,83.77,74.95,36.34
2023-06-20 01:00,6,1,Weekday,Summer,No,83.57,75.87,30.27
2023-06-20 02:00,6,2,Weekday,Summer,No,84.02,76.05,44.29
2023-06-20 03:00,6,3,Weekday,Summer,No,84.02,75.02,35.76
2023-06-20 04:00,6,4,Weekday,Summer,No,82.86,74.42,25.76
2023-06-20 05:00,6,5,Weekday,Summer,No,81.41,76.07,32.56
2023-06-20 06:00,6,6,Weekday,Summer,No,83.27,76.64,35.09
2023-06-20 07:00,6,7,Weekday,Summer,No,86.7,75.57,33.86
2023-06-20 08:00,6,8,Weekday,Summer,Yes,89.77,74.28,37.75
2023-06-20 09:00,6,9,Weekday,Summer,Yes,91.56,74.41,45.7
2023-06-20 10:00,6,10,Weekday,Summer,Yes,93.1,75.44,47.97
2023-06-20 11:00,6,11,Weekday,Summer,Yes,93.92,74.23,49.44
2023-06-20 12:00,6,12,Weekday,Summer,Yes,95.7,76.07,42.04
2023-06-20 13:00,6,13,Weekday,Summer,Yes,98.14,77.12,45.03
2023-06-20 14:00,6,14,Weekday,Summer,Yes,98.96,76.69,43.24
2023-06-20 15:00,6,15,Weekday,Summer,Yes,98.96,76.3,35.85
2023-06-20 16:00,6,16,Weekday,Summer,Yes,98.96,77.33,55.31
2023-06-20 17:00,6,17,Weekday,Summer,Yes,90.77,75.58,45.28
2023-06-20 18:00,6,18,Weekday,Summer,No,78.52,73.33,35.2
2023-06-20 19:00,6,19,Weekday,Summer,No,75.1,72.51,28.02
2023-06-20 20:00,6,20,Weekday,Summer,No,77.18,74.36,23.37
2023-06-20 21:00,6,21,Weekday,Summer,No,78.08,73.44,25.13
2023-06-20 22:00,6,22,Weekday,Summer,No,76.3,74.43,27.39
2023-06-20 23:00,6,23,Weekday,Summer,No,75.02,73.7,22.87
2023-06-21 00:00,6,0,Weekday,Summer,No,75.02,74.09,28.11
2023-06-21 01:00,6,1,Weekday,Summer,No,75.02,73.62,25.28
2023-06-21 02:00,6,2,Weekday,Summer,No,74.39,73.69,27.33
2023-06-21 03:00,6,3,Weekday,Summer,No,73.42,72.99,27.39
2023-06-21 04:00,6,4,Weekday,Summer,No,71.88,74.41,21.66
2023-06-21 05:00,6,5,Weekday,Summer,No,71.06,72.14,27.27
2023-06-21 06:00,6,6,Weekday,Summer,No,73.9,73.22,19.81
2023-06-21 07:00,6,7,Weekday,Summer,No,77.18,74.22,23.13
2023-06-21 08:00,6,8,Weekday,Summer,Yes,80.39,72.05,31.71
2023-06-21 09:00,6,9,Weekday,Summer,Yes,83.72,74.18,38.62
2023-06-21 10:00,6,10,Weekday,Summer,Yes,86.7,74.67,37.74
2023-06-21 11:00,6,11,Weekday,Summer,Yes,90.29,74.63,40.17
2023-06-21 12:00,6,12,Weekday,Summer,Yes,93.1,76.13,47.74
2023-06-21 13:00,6,13,Weekday,Summer,Yes,94.55,76.11,46.45
2023-06-21 14:00,6,14,Weekday,Summer,Yes,96.16,76.49,44.66
2023-06-21 15:00,6,15,Weekday,Summer,Yes,97.61,74.78,49.67
2023-06-21 16:00,6,16,Weekday,Summer,Yes,98.58,76.1,52.02
2023-06-21 17:00,6,17,Weekday,Summer,Yes,97.8,76.22,40.34
2023-06-21 18:00,6,18,Weekday,Summer,No,96.98,78.31,51.6
2023-06-21 19:00,6,19,Weekday,Summer,No,88.79,75.68,40.54
2023-06-21 20:00,6,20,Weekday,Summer,No,81.78,75.45,31.39
2023-06-21 21:00,6,21,Weekday,Summer,No,77.5,73.9,27.12
2023-06-21 22:00,6,22,Weekday,Summer,No,73.86,72.88,21.47
2023-06-21 23:00,6,23,Weekday,Summer,No,73.56,74.79,29.75
2023-06-22 00:00,6,0,Weekday,Summer,No,73.94,75.27,25.15
2023-06-22 01:00,6,1,Weekday,Summer,No,72.78,73.71,26.41
2023-06-22 02:00,6,2,Weekday,Summer,No,73.12,73.1,28.48
2023-06-22 03:00,6,3,Weekday,Summer,No,73.42,73.69,26.82
2023-06-22 04:00,6,4,Weekday,Summer,No,73.56,73.73,26.75
2023-06-22 05:00,6,5,Weekday,Summer,No,74.57,72.34,27.56
2023-06-22 06:00,6,6,Weekday,Summer,No,74.39,73.35,23.26
2023-06-22 07:00,6,7,Weekday,Summer,No,76.35,74.88,34.5
2023-06-22 08:00,6,8,Weekday,Summer,Yes,79.76,73.15,38.71
2023-06-22 09:00,6,9,Weekday,Summer,Yes,83.9,72.67,34.84
2023-06-22 10:00,6,10,Weekday,Summer,Yes,87.78,74.73,43.59
2023-06-22 11:00,6,11,Weekday,Summer,Yes,91.37,75.5,44.55
2023-06-22 12:00,6,12,Weekday,Summer,Yes,94.8,74.28,45.24
2023-06-22 13:00,6,13,Weekday,Summer,Yes,97.76,76.42,44.47
2023-06-22 14:00,6,14,Weekday,Summer,Yes,98.96,77.14,49.79
2023-06-22 15:00,6,15,Weekday,Summer,Yes,99.59,76.36,54.82
2023-06-22 16:00,6,16,Weekday,Summer,Yes,100.57,76.27,49.33
2023-06-22 17:00,6,17,Weekday,Summer,Yes,98.63,75.56,45.93
2023-06-22 18:00,6,18,Weekday,Summer,No,93.52,77.79,38.37
2023-06-22 19:00,6,19,Weekday,Summer,No,84.64,75.39,35.01
2023-06-22 20:00,6,20,Weekday,Summer,No,80.58,75.19,23.7
2023-06-22 21:00,6,21,Weekday,Summer,No,82.12,75.59,39.1
2023-06-22 22:00,6,22,Weekday,Summer,No,82.42,73.92,45.06
2023-06-22 23:00,6,23,Weekday,Summer,No,80.26,75.28,32.44
2023-06-23 00:00,6,0,Weekday,Summer,No,77.2,74.58,34.98
2023-06-23 01:00,6,1,Weekday,Summer,No,75.92,74.49,29.67
2023-06-23 02:00,6,2,Weekday,Summer,No,76.55,74.59,23.12
2023-06-23 03:00,6,3,Weekday,Summer,No,76.37,74.29,24.72
2023-06-23 04:00,6,4,Weekday,Summer,No,75.4,72.46,30.86
2023-06-23 05:00,6,5,Weekday,Summer,No,75.54,72.25,25.76
2023-06-23 06:00,6,6,Weekday,Summer,No,78.86,75.21,31.1
2023-06-23 07:00,6,7,Weekday,Summer,No,83.27,75.18,35.97
2023-06-23 08:00,6,8,Weekday,Summer,Yes,86.7,74.67,30.2
2023-06-23 09:00,6,9,Weekday,Summer,Yes,89.77,75.2,39.78
2023-06-23 10:00,6,10,Weekday,Summer,Yes,92.2,75.82,41.08
2023-06-23 11:00,6,11,Weekday,Summer,Yes,94.18,74.99,48.71
2023-06-23 12:00,6,12,Weekday,Summer,Yes,96.16,75.96,46.3
2023-06-23 13:00,6,13,Weekday,Summer,Yes,96.98,76.41,42.76
2023-06-23 14:00,6,14,Weekday,Summer,Yes,97.61,75.57,48.71
2023-06-23 15:00,6,15,Weekday,Summer,Yes,98.06,76.28,43.34
2023-06-23 16:00,6,16,Weekday,Summer,Yes,98.06,76.7,46.74
2023-06-23 17:00,6,17,Weekday,Summer,Yes,96.9,75.65,48.32
2023-06-23 18:00,6,18,Weekday,Summer,No,96.08,78.27,41.08
2023-06-23 19:00,6,19,Weekday,Summer,No,94.82,78.14,43.45
2023-06-23 20:00,6,20,Weekday,Summer,No,92.76,76.47,48.68
2023-06-23 21:00,6,21,Weekday,Summer,No,89.1,76.15,43.23
2023-06-23 22:00,6,22,Weekday,Summer,No,85.82,74.98,33.33
2023-06-23 23:00,6,23,Weekday,Summer,No,84.92,74.14,34.07
2023-06-24 00:00,6,0,Weekend,Summer,No,83.24,75.31,42.59
2023-06-24 01:00,6,1,Weekend,Summer,No,80.26,73.35,30.15
2023-06-24 02:00,6,2,Weekend,Summer,No,78.98,75.22,33.7
2023-06-24 03:00,6,3,Weekend,Summer,No,77.82,74.86,25.04
2023-06-24 04:00,6,4,Weekend,Summer,No,74.69,75.1,22.31
2023-06-24 05:00,6,5,Weekend,Summer,No,74.19,73.83,20.77
2023-06-24 06:00,6,6,Weekend,Summer,No,76.8,74.95,30.81
2023-06-24 07:00,6,7,Weekend,Summer,No,82.07,74.76,40.2
2023-06-24 08:00,6,8,Weekend,Summer,No,87.34,75.6,36.02
2023-06-24 09:00,6,9,Weekend,Summer,No,90.74,76.12,44.53
2023-06-24 10:00,6,10,Weekend,Summer,No,93.72,77.65,50.11
2023-06-24 11:00,6,11,Weekend,Summer,No,96.16,77.69,49.07
2023-06-24 12:00,6,12,Weekend,Summer,No,97.61,77.63,40.42
2023-06-24 13:00,6,13,Weekend,Summer,No,97.43,77.5,47.09
2023-06-24 14:00,6,14,Weekend,Summer,No,98.14,77.38,56.44
2023-06-24 15:00,6,15,Weekend,Summer,No,100.12,78.43,56.14
2023-06-24 16:00,6,16,Weekend,Summer,No,99.78,78.5,46.61
2023-06-24 17:00,6,17,Weekend,Summer,No,97.8,76.34,50.09
2023-06-24 18:00,6,18,Weekend,Summer,No,96.46,77.32,51.19
2023-06-24 19:00,6,19,Weekend,Summer,No,93.66,77.31,46.39
2023-06-24 20:00,6,20,Weekend,Summer,No,90.26,77.68,42.36
2023-06-24 21:00,6,21,Weekend,Summer,No,89.06,76.0,41.14
2023-06-24 22:00,6,22,Weekend,Summer,No,87.9,75.74,41.95
2023-06-24 23:00,6,23,Weekend,Summer,No,85.3,74.55,34.43
2023-06-25 00:00,6,0,Weekend,Summer,No,84.54,75.73,37.25
2023-06-25 01:00,6,1,Weekend,Summer,No,84.4,74.99,35.24
2023-06-25 02:00,6,2,Weekend,Summer,No,82.86,74.79,31.99
2023-06-25 03:00,6,3,Weekend,Summer,No,79.1,73.59,30.89
2023-06-25 04:00,6,4,Weekend,Summer,No,78.16,74.83,23.24
2023-06-25 05:00,6,5,Weekend,Summer,No,77.2,74.19,31.88
2023-06-25 06:00,6,6,Weekend,Summer,No,76.55,74.51,34.87
2023-06-25 07:00,6,7,Weekend,Summer,No,79.31,74.82,33.33
2023-06-25 08:00,6,8,Weekend,Summer,No,81.59,75.0,33.44
2023-06-25 09:00,6,9,Weekend,Summer,No,85.51,73.52,39.51
2023-06-25 10:00,6,10,Weekend,Summer,No,89.14,76.39,47.29
2023-06-25 11:00,6,11,Weekend,Summer,No,89.43,77.32,44.59
2023-06-25 12:00,6,12,Weekend,Summer,No,86.12,76.6,37.26
2023-06-25 13:00,6,13,Weekend,Summer,No,76.46,73.95,28.6
2023-06-25 14:00,6,14,Weekend,Summer,No,71.06,72.68,21.91
2023-06-25 15:00,6,15,Weekend,Summer,No,71.58,72.63,17.82
2023-06-25 16:00,6,16,Weekend,Summer,No,70.81,73.6,26.61
2023-06-25 17:00,6,17,Weekend,Summer,No,70.61,72.5,20.56
2023-06-25 18:00,6,18,Weekend,Summer,No,70.43,73.45,15.54
2023-06-25 19:00,6,19,Weekend,Summer,No,69.98,73.3,19.99
2023-06-25 20:00,6,20,Weekend,Summer,No,70.61,73.12,22.12
2023-06-25 21:00,6,21,Weekend,Summer,No,70.43,73.75,25.87
2023-06-25 22:00,6,22,Weekend,Summer,No,69.98,73.01,26.43
2023-06-25 23:00,6,23,Weekend,Summer,No,69.46,73.43,23.44
2023-06-26 00:00,6,0,Weekday,Summer,No,69.6,71.92,19.27
2023-06-26 01:00,6,1,Weekday,Summer,No,69.98,72.96,19.87
2023-06-26 02:00,6,2,Weekday,Summer,No,68.82,73.26,21.12
2023-06-26 03:00,6,3,Weekday,Summer,No,68.0,72.03,17.89
2023-06-26 04:00,6,4,Weekday,Summer,No,67.37,73.84,25.01
2023-06-26 05:00,6,5,Weekday,Summer,No,68.18,71.86,21.18
2023-06-26 06:00,6,6,Weekday,Summer,No,68.45,73.53,19.55
2023-06-26 07:00,6,7,Weekday,Summer,No,73.25,73.94,24.74
2023-06-26 08:00,6,8,Weekday,Summer,Yes,78.78,74.28,38.77
2023-06-26 09:00,6,9,Weekday,Summer,Yes,82.37,73.21,34.64
2023-06-26 10:00,6,10,Weekday,Summer,Yes,86.96,75.02,36.6
2023-06-26 11:00,6,11,Weekday,Summer,Yes,90.22,74.91,45.45
2023-06-26 12:00,6,12,Weekday,Summer,Yes,92.72,75.37,32.58
2023-06-26 13:00,6,13,Weekday,Summer,Yes,94.55,76.67,50.16
2023-06-26 14:00,6,14,Weekday,Summer,Yes,95.63,76.98,43.23
2023-06-26 15:00,6,15,Weekday,Summer,Yes,96.08,75.87,48.84
2023-06-26 16:00,6,16,Weekday,Summer,Yes,96.08,76.26,52.56
2023-06-26 17:00,6,17,Weekday,Summer,Yes,96.08,76.52,49.03
2023-06-26 18:00,6,18,Weekday,Summer,No,94.3,76.53,44.29
2023-06-26 19:00,6,19,Weekday,Summer,No,90.71,77.12,45.91
2023-06-26 20:00,6,20,Weekday,Summer,No,87.28,76.95,43.01
2023-06-26 21:00,6,21,Weekday,Summer,No,84.84,74.24,29.26
2023-06-26 22:00,6,22,Weekday,Summer,No,82.86,75.02,34.9
2023-06-26 23:00,6,23,Weekday,Summer,No,80.26,75.44,26.54
2023-06-27 00:00,6,0,Weekday,Summer,No,78.46,73.25,37.74
2023-06-27 01:00,6,1,Weekday,Summer,No,75.67,73.81,25.86
2023-06-27 02:00,6,2,Weekday,Summer,No,73.42,72.99,31.16
2023-06-27 03:00,6,3,Weekday,Summer,No,72.41,72.91,31.5
2023-06-27 04:00,6,4,Weekday,Summer,No,71.44,72.85,20.35
2023-06-27 05:00,6,5,Weekday,Summer,No,72.22,73.66,23.2
2023-06-27 06:00,6,6,Weekday,Summer,No,73.04,73.21,31.87
2023-06-27 07:00,6,7,Weekday,Summer,No,75.35,73.53,31.85
2023-06-27 08:00,6,8,Weekday,Summer,Yes,81.1,73.21,38.87
2023-06-27 09:00,6,9,Weekday,Summer,Yes,86.96,75.18,40.22
2023-06-27 10:00,6,10,Weekday,Summer,Yes,89.58,74.86,48.59
2023-06-27 11:00,6,11,Weekday,Summer,Yes,91.74,76.19,47.22
2023-06-27 12:00,6,12,Weekday,Summer,Yes,94.18,74.58,45.56
2023-06-27 13:00,6,13,Weekday,Summer,Yes,95.0,76.53,55.32
2023-06-27 14:00,6,14,Weekday,Summer,Yes,96.16,76.54,40.66
2023-06-27 15:00,6,15,Weekday,Summer,Yes,96.98,75.22,46.78
2023-06-27 16:00,6,16,Weekday,Summer,Yes,97.61,75.32,50.91
2023-06-27 17:00,6,17,Weekday,Summer,Yes,97.43,75.53,46.29
2023-06-27 18:00,6,18,Weekday,Summer,No,96.46,77.86,44.63
2023-06-27 19:00,6,19,Weekday,Summer,No,93.66,77.26,42.46
2023-06-27 20:00,6,20,Weekday,Summer,No,90.26,75.56,43.18
2023-06-27 21:00,6,21,Weekday,Summer,No,87.9,75.55,41.73
2023-06-27 22:00,6,22,Weekday,Summer,No,84.66,75.75,37.91
2023-06-27 23:00,6,23,Weekday,Summer,No,81.26,75.86,27.85
2023-06-28 00:00,6,0,Weekday,Summer,No,79.43,74.48,33.28
2023-06-28 01:00,6,1,Weekday,Summer,No,78.98,74.39,30.4
2023-06-28 02:00,6,2,Weekday,Summer,No,77.82,74.75,29.6
2023-06-28 03:00,6,3,Weekday,Summer,No,75.22,74.26,28.8
2023-06-28 04:00,6,4,Weekday,Summer,No,72.78,74.71,26.35
2023-06-28 05:00,6,5,Weekday,Summer,No,71.96,71.95,32.19
2023-06-28 06:00,6,6,Weekday,Summer,No,73.74,74.27,31.06
2023-06-28 07:00,6,7,Weekday,Summer,No,79.01,75.03,36.34
2023-06-28 08:00,6,8,Weekday,Summer,Yes,85.32,72.87,39.57
2023-06-28 09:00,6,9,Weekday,Summer,Yes,90.22,75.58,45.36
2023-06-28 10:00,6,10,Weekday,Summer,Yes,94.35,74.39,44.64
2023-06-28 11:00,6,11,Weekday,Summer,Yes,97.76,76.25,49.01
2023-06-28 12:00,6,12,Weekday,Summer,Yes,100.12,76.47,48.94
2023-06-28 13:00,6,13,Weekday,Summer,Yes,101.57,76.83,50.1
2023-06-28 14:00,6,14,Weekday,Summer,Yes,102.54,76.16,46.44
2023-06-28 15:00,6,15,Weekday,Summer,Yes,103.55,76.4,47.54
2023-06-28 16:00,6,16,Weekday,Summer,Yes,104.0,76.65,52.02
2023-06-28 17:00,6,17,Weekday,Summer,Yes,102.84,75.28,52.62
2023-06-28 18:00,6,18,Weekday,Summer,No,100.86,77.67,54.66
2023-06-28 19:00,6,19,Weekday,Summer,No,97.73,76.78,50.26
2023-06-28 20:00,6,20,Weekday,Summer,No,94.3,76.48,46.33
2023-06-28 21:00,6,21,Weekday,Summer,No,91.23,75.47,37.89
2023-06-28 22:00,6,22,Weekday,Summer,No,89.96,76.75,48.46
2023-06-28 23:00,6,23,Weekday,Summer,No,86.49,75.91,32.2
2023-06-29 00:00,6,0,Weekday,Summer,No,83.39,75.77,36.09
2023-06-29 01:00,6,1,Weekday,Summer,No,80.63,75.05,35.26
2023-06-29 02:00,6,2,Weekday,Summer,No,77.2,73.23,31.88
2023-06-29 03:00,6,3,Weekday,Summer,No,75.92,74.6,26.13
2023-06-29 04:00,6,4,Weekday,Summer,No,74.76,73.07,29.26
2023-06-29 05:00,6,5,Weekday,Summer,No,74.57,74.01,21.17
2023-06-29 06:00,6,6,Weekday,Summer,No,76.8,75.12,25.1
2023-06-29 07:00,6,7,Weekday,Summer,No,81.54,75.52,35.77
2023-06-29 08:00,6,8,Weekday,Summer,Yes,86.33,74.34,35.49
2023-06-29 09:00,6,9,Weekday,Summer,Yes,91.44,75.0,43.71
2023-06-29 10:00,6,10,Weekday,Summer,Yes,96.86,76.03,44.52
2023-06-29 11:00,6,11,Weekday,Summer,Yes,100.12,78.22,52.33
2023-06-29 12:00,6,12,Weekday,Summer,Yes,102.1,75.67,50.74
2023-06-29 13:00,6,13,Weekday,Summer,Yes,103.55,76.12,51.37
2023-06-29 14:00,6,14,Weekday,Summer,Yes,104.63,77.31,57.94
2023-06-29 15:00,6,15,Weekday,Summer,Yes,105.08,77.7,57.59
2023-06-29 16:00,6,16,Weekday,Summer,Yes,105.08,77.23,53.22
2023-06-29 17:00,6,17,Weekday,Summer,Yes,103.82,77.89,54.83
2023-06-29 18:00,6,18,Weekday,Summer,No,102.71,77.91,54.42
2023-06-29 19:00,6,19,Weekday,Summer,No,101.09,78.24,45.43
2023-06-29 20:00,6,20,Weekday,Summer,No,97.1,78.0,42.94
2023-06-29 21:00,6,21,Weekday,Summer,No,94.37,77.94,36.73
2023-06-29 22:00,6,22,Weekday,Summer,No,91.61,75.52,38.57
2023-06-29 23:00,6,23,Weekday,Summer,No,88.28,76.04,37.82
2023-06-30 00:00,6,0,Weekday,Summer,No,86.45,76.8,39.82
2023-06-30 01:00,6,1,Weekday,Summer,No,86.0,75.28,38.81
2023-06-30 02:00,6,2,Weekday,Summer,No,84.84,76.13,38.62
2023-06-30 03:00,6,3,Weekday,Summer,No,84.02,75.26,37.19
2023-06-30 04:00,6,4,Weekday,Summer,No,82.24,74.94,35.35
2023-06-30 05:00,6,5,Weekday,Summer,No,79.81,76.35,27.2
2023-06-30 06:00,6,6,Weekday,Summer,No,80.76,73.84,32.92
2023-06-30 07:00,6,7,Weekday,Summer,No,83.2,76.94,29.07
2023-06-30 08:00,6,8,Weekday,Summer,Yes,86.96,74.69,36.61
2023-06-30 09:00,6,9,Weekday,Summer,Yes,91.9,74.54,48.7
2023-06-30 10:00,6,10,Weekday,Summer,Yes,95.7,75.7,39.06
2023-06-30 11:00,6,11,Weekday,Summer,Yes,96.98,75.24,45.58
2023-06-30 12:00,6,12,Weekday,Summer,Yes,99.92,75.74,49.69
2023-06-30 13:00,6,13,Weekday,Summer,Yes,103.18,78.09,57.68
2023-06-30 14:00,6,14,Weekday,Summer,Yes,104.0,76.66,52.26
2023-06-30 15:00,6,15,Weekday,Summer,Yes,105.16,78.15,54.11
2023-06-30 16:00,6,16,Weekday,Summer,Yes,104.2,78.1,54.8
2023-06-30 17:00,6,17,Weekday,Summer,Yes,102.92,76.34,57.67
2023-06-30 18:00,6,18,Weekday,Summer,No,102.4,78.92,50.45
2023-06-30 19:00,6,19,Weekday,Summer,No,99.71,77.51,52.96
2023-06-30 20:00,6,20,Weekday,Summer,No,95.65,76.55,51.47
2023-06-30 21:00,6,21,Weekday,Summer,No,92.56,75.93,43.21
2023-06-30 22:00,6,22,Weekday,Summer,No,90.32,75.69,41.46
2023-06-30 23:00,6,23,Weekday,Summer,No,88.06,76.54,39.55
2023-07-01 00:00,7,0,Weekend,Summer,No,85.82,75.3,39.14
2023-07-01 01:00,7,1,Weekend,Summer,No,83.56,74.02,35.32
2023-07-01 02:00,7,2,Weekend,Summer,No,81.32,74.46,29.5
2023-07-01 03:00,7,3,Weekend,Summer,No,79.05,75.07,33.84
2023-07-01 04:00,7,4,Weekend,Summer,No,76.82,73.74,34.29
2023-07-01 05:00,7,5,Weekend,Summer,No,74.76,74.4,21.13
2023-07-01 06:00,7,6,Weekend,Summer,No,76.88,74.07,30.83
2023-07-01 07:00,7,7,Weekend,Summer,No,82.44,74.72,32.16
2023-07-01 08:00,7,8,Weekend,Summer,No,88.49,75.78,43.06
2023-07-01 09:00,7,9,Weekend,Summer,No,91.04,75.7,46.19
2023-07-01 10:00,7,10,Weekend,Summer,No,93.35,77.32,45.47
2023-07-01 11:00,7,11,Weekend,Summer,No,96.16,77.42,49.95
2023-07-01 12:00,7,12,Weekend,Summer,No,98.77,77.01,44.27
2023-07-01 13:00,7,13,Weekend,Summer,No,101.72,77.0,58.77
2023-07-01 14:00,7,14,Weekend,Summer,No,102.92,78.7,48.4
2023-07-01 15:00,7,15,Weekend,Summer,No,102.4,78.8,51.66
2023-07-01 16:00,7,16,Weekend,Summer,No,102.54,77.74,50.53
2023-07-01 17:00,7,17,Weekend,Summer,No,101.76,78.62,47.29
2023-07-01 18:00,7,18,Weekend,Summer,No,99.78,78.09,55.03
2023-07-01 19:00,7,19,Weekend,Summer,No,97.28,76.79,41.78
2023-07-01 20:00,7,20,Weekend,Summer,No,94.82,77.92,41.15
2023-07-01 21:00,7,21,Weekend,Summer,No,93.4,77.43,38.57
2023-07-01 22:00,7,22,Weekend,Summer,No,90.71,76.35,43.84
2023-07-01 23:00,7,23,Weekend,Summer,No,87.9,75.33,39.8
2023-07-02 00:00,7,0,Weekend,Summer,No,85.82,75.58,41.53
2023-07-02 01:00,7,1,Weekend,Summer,No,82.61,74.77,48.0
2023-07-02 02:00,7,2,Weekend,Summer,No,79.81,75.94,31.36
2023-07-02 03:00,7,3,Weekend,Summer,No,78.46,75.34,33.05
2023-07-02 04:00,7,4,Weekend,Summer,No,77.45,74.65,27.47
2023-07-02 05:00,7,5,Weekend,Summer,No,77.0,73.64,29.61
2023-07-02 06:00,7,6,Weekend,Summer,No,79.94,74.13,38.1
2023-07-02 07:00,7,7,Weekend,Summer,No,84.98,76.12,34.67
2023-07-02 08:00,7,8,Weekend,Summer,No,89.92,76.06,45.74
2023-07-02 09:00,7,9,Weekend,Summer,No,94.35,76.56,45.05
2023-07-02 10:00,7,10,Weekend,Summer,No,96.6,76.31,45.61
2023-07-02 11:00,7,11,Weekend,Summer,No,98.77,77.76,49.31
2023-07-02 12:00,7,12,Weekend,Summer,No,101.72,78.85,45.07
2023-07-02 13:00,7,13,Weekend,Summer,No,102.92,77.88,54.66
2023-07-02 14:00,7,14,Weekend,Summer,No,103.55,80.0,54.59
2023-07-02 15:00,7,15,Weekend,Summer,No,103.37,78.27,50.61
2023-07-02 16:00,7,16,Weekend,Summer,No,102.4,79.57,45.36
2023-07-02 17:00,7,17,Weekend,Summer,No,102.02,77.91,48.27
2023-07-02 18:00,7,18,Weekend,Summer,No,99.08,77.72,47.63
2023-07-02 19:00,7,19,Weekend,Summer,No,95.2,77.42,51.34
2023-07-02 20:00,7,20,Weekend,Summer,No,92.24,77.45,35.16
2023-07-02 21:00,7,21,Weekend,Summer,No,89.88,76.69,36.82
2023-07-02 22:00,7,22,Weekend,Summer,No,88.43,75.43,35.99
2023-07-02 23:00,7,23,Weekend,Summer,No,87.46,76.43,36.02
2023-07-03 00:00,7,0,Weekday,Summer,No,85.82,76.06,43.27
2023-07-03 01:00,7,1,Weekday,Summer,No,82.61,75.53,33.75
2023-07-03 02:00,7,2,Weekday,Summer,No,79.28,74.35,34.54
2023-07-03 03:00,7,3,Weekday,Summer,No,79.24,74.1,35.11
2023-07-03 04:00,7,4,Weekday,Summer,No,78.9,74.13,29.44
2023-07-03 05:00,7,5,Weekday,Summer,No,77.45,74.86,29.0
2023-07-03 06:00,7,6,Weekday,Summer,No,80.46,74.22,31.64
2023-07-03 07:00,7,7,Weekday,Summer,No,85.36,75.27,39.8
2023-07-03 08:00,7,8,Weekday,Summer,Yes,89.39,74.25,46.59
2023-07-03 09:00,7,9,Weekday,Summer,Yes,92.72,75.24,41.78
2023-07-03 10:00,7,10,Weekday,Summer,Yes,95.18,75.99,39.88
2023-07-03 11:00,7,11,Weekday,Summer,Yes,97.24,75.58,47.19
2023-07-03 12:00,7,12,Weekday,Summer,Yes,100.37,76.61,58.75
2023-07-03 13:00,7,13,Weekday,Summer,Yes,102.54,77.56,45.74
2023-07-03 14:00,7,14,Weekday,Summer,Yes,103.55,78.28,55.72
2023-07-03 15:00,7,15,Weekday,Summer,Yes,102.84,77.06,55.61
2023-07-03 16:00,7,16,Weekday,Summer,Yes,102.54,76.52,55.35
2023-07-03 17:00,7,17,Weekday,Summer,Yes,101.24,77.37,50.86
2023-07-03 18:00,7,18,Weekday,Summer,No,99.41,79.28,43.51
2023-07-03 19:00,7,19,Weekday,Summer,No,97.28,78.4,48.43
2023-07-03 20:00,7,20,Weekday,Summer,No,94.82,78.26,39.81
2023-07-03 21:00,7,21,Weekday,Summer,No,92.76,77.75,46.08
2023-07-03 22:00,7,22,Weekday,Summer,No,91.94,76.34,41.67
2023-07-03 23:00,7,23,Weekday,Summer,No,90.26,77.69,34.3
2023-07-04 00:00,7,0,Weekday,Summer,No,88.43,76.01,40.34
2023-07-04 01:00,7,1,Weekday,Summer,No,86.82,76.08,39.5
2023-07-04 02:00,7,2,Weekday,Summer,No,84.84,76.01,28.76
2023-07-04 03:00,7,3,Weekday,Summer,No,82.86,74.73,40.98
2023-07-04 04:00,7,4,Weekday,Summer,No,81.41,74.13,23.39
2023-07-04 05:00,7,5,Weekday,Summer,No,82.12,73.88,33.86
2023-07-04 06:00,7,6,Weekday,Summer,No,81.78,75.96,23.59
2023-07-04 07:00,7,7,Weekday,Summer,No,84.53,75.08,31.5
2023-07-04 08:00,7,8,Weekday,Summer,Yes,86.45,73.66,35.01
2023-07-04 09:00,7,9,Weekday,Summer,Yes,87.78,74.5,45.5
2023-07-04 10:00,7,10,Weekday,Summer,Yes,90.74,75.57,44.3
2023-07-04 11:00,7,11,Weekday,Summer,Yes,93.72,73.69,38.8
2023-07-04 12:00,7,12,Weekday,Summer,Yes,94.37,75.36,47.09
2023-07-04 13:00,7,13,Weekday,Summer,Yes,93.92,74.73,42.8
2023-07-04 14:00,7,14,Weekday,Summer,Yes,94.55,75.58,53.1
2023-07-04 15:00,7,15,Weekday,Summer,Yes,94.37,75.06,45.48
2023-07-04 16:00,7,16,Weekday,Summer,Yes,94.55,75.53,45.77
2023-07-04 17:00,7,17,Weekday,Summer,Yes,95.63,75.56,52.12
2023-07-04 18:00,7,18,Weekday,Summer,No,96.08,78.58,46.71
2023-07-04 19:00,7,19,Weekday,Summer,No,94.3,76.7,47.31
2023-07-04 20:00,7,20,Weekday,Summer,No,91.86,76.95,42.99
2023-07-04 21:00,7,21,Weekday,Summer,No,89.88,76.58,51.0
2023-07-04 22:00,7,22,Weekday,Summer,No,88.43,75.92,41.75
2023-07-04 23:00,7,23,Weekday,Summer,No,87.98,77.41,42.15
2023-07-05 00:00,7,0,Weekday,Summer,No,87.46,76.43,38.96
2023-07-05 01:00,7,1,Weekday,Summer,No,86.45,74.49,42.52
2023-07-05 02:00,7,2,Weekday,Summer,No,84.22,75.0,35.63
2023-07-05 03:00,7,3,Weekday,Summer,No,82.42,75.25,30.54
2023-07-05 04:00,7,4,Weekday,Summer,No,82.04,74.47,32.16
2023-07-05 05:00,7,5,Weekday,Summer,No,82.04,74.82,34.92
2023-07-05 06:00,7,6,Weekday,Summer,No,83.72,74.37,36.61
2023-07-05 07:00,7,7,Weekday,Summer,No,84.92,74.25,37.63
2023-07-05 08:00,7,8,Weekday,Summer,Yes,89.02,74.96,46.85
2023-07-05 09:00,7,9,Weekday,Summer,Yes,91.42,74.23,44.23
2023-07-05 10:00,7,10,Weekday,Summer,Yes,92.2,74.81,51.04
2023-07-05 11:00,7,11,Weekday,Summer,Yes,94.8,75.49,41.05
2023-07-05 12:00,7,12,Weekday,Summer,Yes,97.24,75.33,51.83
2023-07-05 13:00,7,13,Weekday,Summer,Yes,99.74,76.37,46.23
2023-07-05 14:00,7,14,Weekday,Summer,Yes,100.42,75.65,48.0
2023-07-05 15:00,7,15,Weekday,Summer,Yes,101.72,77.72,51.49
2023-07-05 16:00,7,16,Weekday,Summer,Yes,101.24,77.82,45.6
2023-07-05 17:00,7,17,Weekday,Summer,Yes,100.04,76.71,45.98
2023-07-05 18:00,7,18,Weekday,Summer,No,99.41,77.79,54.32
2023-07-05 19:00,7,19,Weekday,Summer,No,97.8,77.55,47.96
2023-07-05 20:00,7,20,Weekday,Summer,No,96.46,76.3,44.07
2023-07-05 21:00,7,21,Weekday,Summer,No,94.3,77.11,39.77
2023-07-05 22:00,7,22,Weekday,Summer,No,91.86,76.83,37.66
2023-07-05 23:00,7,23,Weekday,Summer,No,89.88,76.04,44.42
2023-07-06 00:00,7,0,Weekday,Summer,No,89.06,75.36,33.52
2023-07-06 01:00,7,1,Weekday,Summer,No,87.9,76.11,38.23
2023-07-06 02:00,7,2,Weekday,Summer,No,86.45,74.83,36.03
2023-07-06 03:00,7,3,Weekday,Summer,No,84.84,76.12,40.93
2023-07-06 04:00,7,4,Weekday,Summer,No,82.24,75.56,39.15
2023-07-06 05:00,7,5,Weekday,Summer,No,80.44,73.15,36.85
2023-07-06 06:00,7,6,Weekday,Summer,No,81.74,74.13,31.35
2023-07-06 07:00,7,7,Weekday,Summer,No,86.51,75.25,42.77
2023-07-06 08:00,7,8,Weekday,Summer,Yes,90.22,74.67,41.14
2023-07-06 09:00,7,9,Weekday,Summer,Yes,92.72,75.14,41.67
2023-07-06 10:00,7,10,Weekday,Summer,Yes,95.7,75.0,43.75
2023-07-06 11:00,7,11,Weekday,Summer,Yes,98.14,75.94,55.96
2023-07-06 12:00,7,12,Weekday,Summer,Yes,100.74,75.58,45.89
2023-07-06 13:00,7,13,Weekday,Summer,Yes,102.02,77.09,53.73
2023-07-06 14:00,7,14,Weekday,Summer,Yes,104.33,76.98,55.17
2023-07-06 15:00,7,15,Weekday,Summer,Yes,105.46,77.91,60.87
2023-07-06 16:00,7,16,Weekday,Summer,Yes,104.45,77.19,48.29
2023-07-06 17:00,7,17,Weekday,Summer,Yes,102.84,77.11,49.49
2023-07-06 18:00,7,18,Weekday,Summer,No,100.86,77.5,42.45
2023-07-06 19:00,7,19,Weekday,Summer,No,98.88,76.85,46.86
2023-07-06 20:00,7,20,Weekday,Summer,No,96.9,76.43,49.52
2023-07-06 21:00,7,21,Weekday,Summer,No,95.45,76.99,43.46
2023-07-06 22:00,7,22,Weekday,Summer,No,90.9,75.53,48.04
2023-07-06 23:00,7,23,Weekday,Summer,No,86.2,75.42,35.56
2023-07-07 00:00,7,0,Weekday,Summer,No,84.4,75.26,33.83
2023-07-07 01:00,7,1,Weekday,Summer,No,83.39,73.54,30.73
2023-07-07 02:00,7,2,Weekday,Summer,No,82.42,74.17,40.52
2023-07-07 03:00,7,3,Weekday,Summer,No,80.88,73.87,32.61
2023-07-07 04:00,7,4,Weekday,Summer,No,80.06,74.1,29.75
2023-07-07 05:00,7,5,Weekday,Summer,No,78.9,75.15,27.93
2023-07-07 06:00,7,6,Weekday,Summer,No,79.24,74.19,35.38
2023-07-07 07:00,7,7,Weekday,Summer,No,82.9,74.98,33.89
2023-07-07 08:00,7,8,Weekday,Summer,Yes,86.7,73.81,36.45
2023-07-07 09:00,7,9,Weekday,Summer,Yes,90.29,73.78,44.51
2023-07-07 10:00,7,10,Weekday,Summer,Yes,93.1,75.57,43.79
2023-07-07 11:00,7,11,Weekday,Summer,Yes,96.34,76.08,43.06
2023-07-07 12:00,7,12,Weekday,Summer,Yes,98.58,75.88,45.13
2023-07-07 13:00,7,13,Weekday,Summer,Yes,100.74,76.73,43.42
2023-07-07 14:00,7,14,Weekday,Summer,Yes,102.02,77.09,47.32
2023-07-07 15:00,7,15,Weekday,Summer,Yes,102.54,77.0,56.02
2023-07-07 16:00,7,16,Weekday,Summer,Yes,102.4,77.26,56.24
2023-07-07 17:00,7,17,Weekday,Summer,Yes,101.39,76.98,50.78
2023-07-07 18:00,7,18,Weekday,Summer,No,99.26,79.39,48.37
2023-07-07 19:00,7,19,Weekday,Summer,No,90.4,75.32,50.4
2023-07-07 20:00,7,20,Weekday,Summer,No,84.4,74.09,39.14
2023-07-07 21:00,7,21,Weekday,Summer,No,83.39,76.38,44.02
2023-07-07 22:00,7,22,Weekday,Summer,No,82.94,76.05,38.25
2023-07-07 23:00,7,23,Weekday,Summer,No,82.94,74.94,43.87
2023-07-08 00:00,7,0,Weekend,Summer,No,81.26,74.75,32.45
2023-07-08 01:00,7,1,Weekend,Summer,No,79.43,74.6,35.34
2023-07-08 02:00,7,2,Weekend,Summer,No,79.61,76.8,38.69
2023-07-08 03:00,7,3,Weekend,Summer,No,79.43,75.82,31.43
2023-07-08 04:00,7,4,Weekend,Summer,No,78.98,74.66,29.01
2023-07-08 05:00,7,5,Weekend,Summer,No,78.46,73.31,24.78
2023-07-08 06:00,7,6,Weekend,Summer,No,78.6,74.36,32.89
2023-07-08 07:00,7,7,Weekend,Summer,No,81.29,74.01,31.23
2023-07-08 08:00,7,8,Weekend,Summer,No,84.1,74.17,38.67
2023-07-08 09:00,7,9,Weekend,Summer,No,89.02,76.61,43.23
2023-07-08 10:00,7,10,Weekend,Summer,No,94.35,77.38,39.38
2023-07-08 11:00,7,11,Weekend,Summer,No,97.24,78.93,48.45
2023-07-08 12:00,7,12,Weekend,Summer,No,99.22,77.37,54.03
2023-07-08 13:00,7,13,Weekend,Summer,No,101.2,78.98,52.83
2023-07-08 14:00,7,14,Weekend,Summer,No,103.18,77.7,55.18
2023-07-08 15:00,7,15,Weekend,Summer,No,104.0,78.07,47.08
2023-07-08 16:00,7,16,Weekend,Summer,No,103.37,78.03,50.61
2023-07-08 17:00,7,17,Weekend,Summer,No,102.4,78.82,48.19
2023-07-08 18:00,7,18,Weekend,Summer,No,100.86,78.34,49.86
2023-07-08 19:00,7,19,Weekend,Summer,No,95.94,78.09,40.48
2023-07-08 20:00,7,20,Weekend,Summer,No,87.77,76.52,39.71
2023-07-08 21:00,7,21,Weekend,Summer,No,82.24,74.94,35.63
2023-07-08 22:00,7,22,Weekend,Summer,No,80.96,74.7,34.81
2023-07-08 23:00,7,23,Weekend,Summer,No,80.44,73.88,32.43
2023-07-09 00:00,7,0,Weekend,Summer,No,80.06,74.71,36.74
2023-07-09 01:00,7,1,Weekend,Summer,No,79.43,74.42,38.24
2023-07-09 02:00,7,2,Weekend,Summer,No,78.98,75.32,31.85
2023-07-09 03:00,7,3,Weekend,Summer,No,78.46,75.14,31.67
2023-07-09 04:00,7,4,Weekend,Summer,No,77.45,73.88,33.39
2023-07-09 05:00,7,5,Weekend,Summer,No,77.0,73.51,23.66
2023-07-09 06:00,7,6,Weekend,Summer,No,77.63,73.55,33.05
2023-07-09 07:00,7,7,Weekend,Summer,No,82.07,74.19,31.86
2023-07-09 08:00,7,8,Weekend,Summer,No,87.34,75.24,46.1
2023-07-09 09:00,7,9,Weekend,Summer,No,90.22,77.03,46.8
2023-07-09 10:00,7,10,Weekend,Summer,No,92.72,76.89,49.63
2023-07-09 11:00,7,11,Weekend,Summer,No,96.34,77.82,40.68
2023-07-09 12:00,7,12,Weekend,Summer,No,99.22,77.82,40.65
2023-07-09 13:00,7,13,Weekend,Summer,No,101.2,78.75,45.18
2023-07-09 14:00,7,14,Weekend,Summer,No,102.54,78.76,59.61
2023-07-09 15:00,7,15,Weekend,Summer,No,103.55,78.1,51.8
2023-07-09 16:00,7,16,Weekend,Summer,No,100.54,77.9,49.13
2023-07-09 17:00,7,17,Weekend,Summer,No,88.72,75.89,32.74
2023-07-09 18:00,7,18,Weekend,Summer,No,79.73,74.22,33.5
2023-07-09 19:00,7,19,Weekend,Summer,No,76.3,75.13,32.32
2023-07-09 20:00,7,20,Weekend,Summer,No,75.02,74.15,30.31
2023-07-09 21:00,7,21,Weekend,Summer,No,75.02,75.07,20.76
2023-07-09 22:00,7,22,Weekend,Summer,No,74.39,74.17,28.3
2023-07-09 23:00,7,23,Weekend,Summer,No,74.57,73.87,20.27
2023-07-10 00:00,7,0,Weekday,Summer,No,73.86,74.74,13.25
2023-07-10 01:00,7,1,Weekday,Summer,No,73.04,74.3,19.99
2023-07-10 02:00,7,2,Weekday,Summer,No,73.04,72.33,22.92
2023-07-10 03:00,7,3,Weekday,Summer,No,72.41,72.77,30.49
2023-07-10 04:00,7,4,Weekday,Summer,No,72.59,73.21,23.03
2023-07-10 05:00,7,5,Weekday,Summer,No,72.41,73.48,25.07
2023-07-10 06:00,7,6,Weekday,Summer,No,74.9,73.83,26.23
2023-07-10 07:00,7,7,Weekday,Summer,No,79.31,75.09,37.28
2023-07-10 08:00,7,8,Weekday,Summer,Yes,83.9,74.16,38.07
2023-07-10 09:00,7,9,Weekday,Summer,Yes,87.78,73.77,42.93
2023-07-10 10:00,7,10,Weekday,Summer,Yes,90.22,76.14,36.65
2023-07-10 11:00,7,11,Weekday,Summer,Yes,91.56,75.2,40.87
2023-07-10 12:00,7,12,Weekday,Summer,Yes,93.72,75.47,49.05
2023-07-10 13:00,7,13,Weekday,Summer,Yes,97.31,76.31,48.08
2023-07-10 14:00,7,14,Weekday,Summer,Yes,99.59,77.24,49.34
2023-07-10 15:00,7,15,Weekday,Summer,Yes,100.04,76.3,52.57
2023-07-10 16:00,7,16,Weekday,Summer,Yes,100.04,74.89,49.86
2023-07-10 17:00,7,17,Weekday,Summer,Yes,94.79,75.42,55.26
2023-07-10 18:00,7,18,Weekday,Summer,No,88.1,76.24,43.01
2023-07-10 19:00,7,19,Weekday,Summer,No,83.06,74.66,32.26
2023-07-10 20:00,7,20,Weekday,Summer,No,75.18,73.24,29.39
2023-07-10 21:00,7,21,Weekday,Summer,No,71.58,72.34,19.17
2023-07-10 22:00,7,22,Weekday,Summer,No,71.96,72.65,23.24
2023-07-10 23:00,7,23,Weekday,Summer,No,71.96,73.09,25.74
2023-07-11 00:00,7,0,Weekday,Summer,No,71.44,72.31,18.48
2023-07-11 01:00,7,1,Weekday,Summer,No,71.06,73.05,25.44
2023-07-11 02:00,7,2,Weekday,Summer,No,71.58,73.98,25.29
2023-07-11 03:00,7,3,Weekday,Summer,No,71.96,73.5,27.76
2023-07-11 04:00,7,4,Weekday,Summer,No,71.44,72.35,23.6
2023-07-11 05:00,7,5,Weekday,Summer,No,71.06,72.1,27.72
2023-07-11 06:00,7,6,Weekday,Summer,No,72.74,74.17,22.79
2023-07-11 07:00,7,7,Weekday,Summer,No,75.72,73.07,31.55
2023-07-11 08:00,7,8,Weekday,Summer,Yes,78.78,71.91,31.55
2023-07-11 09:00,7,9,Weekday,Summer,Yes,82.9,74.26,31.31
2023-07-11 10:00,7,10,Weekday,Summer,Yes,86.18,73.94,35.93
2023-07-11 11:00,7,11,Weekday,Summer,Yes,88.23,74.06,34.05
2023-07-11 12:00,7,12,Weekday,Summer,Yes,91.37,76.41,43.79
2023-07-11 13:00,7,13,Weekday,Summer,Yes,94.18,74.94,42.66
2023-07-11 14:00,7,14,Weekday,Summer,Yes,95.0,75.2,34.68
2023-07-11 15:00,7,15,Weekday,Summer,Yes,96.16,75.09,40.35
2023-07-11 16:00,7,16,Weekday,Summer,Yes,96.46,75.02,51.68
2023-07-11 17:00,7,17,Weekday,Summer,Yes,96.08,75.05,47.94
2023-07-11 18:00,7,18,Weekday,Summer,No,93.66,77.26,38.32
2023-07-11 19:00,7,19,Weekday,Summer,No,90.78,77.04,48.17
2023-07-11 20:00,7,20,Weekday,Summer,No,88.8,76.05,38.68
2023-07-11 21:00,7,21,Weekday,Summer,No,86.82,76.29,40.82
2023-07-11 22:00,7,22,Weekday,Summer,No,84.22,75.09,38.66
2023-07-11 23:00,7,23,Weekday,Summer,No,81.78,75.49,31.5
2023-07-12 00:00,7,0,Weekday,Summer,No,80.44,74.15,26.65
2023-07-12 01:00,7,1,Weekday,Summer,No,79.43,75.41,28.29
2023-07-12 02:00,7,2,Weekday,Summer,No,77.82,74.89,25.33
2023-07-12 03:00,7,3,Weekday,Summer,No,77.0,74.6,26.38
2023-07-12 04:00,7,4,Weekday,Summer,No,75.84,74.23,24.66
2023-07-12 05:00,7,5,Weekday,Summer,No,74.39,74.07,29.25
2023-07-12 06:00,7,6,Weekday,Summer,No,75.1,73.81,24.45
2023-07-12 07:00,7,7,Weekday,Summer,No,79.49,73.75,30.56
2023-07-12 08:00,7,8,Weekday,Summer,Yes,84.35,74.6,33.68
2023-07-12 09:00,7,9,Weekday,Summer,Yes,87.78,74.8,33.0
2023-07-12 10:00,7,10,Weekday,Summer,Yes,91.37,74.96,39.52
2023-07-12 11:00,7,11,Weekday,Summer,Yes,94.18,76.89,38.22
2023-07-12 12:00,7,12,Weekday,Summer,Yes,96.16,74.98,47.16
2023-07-12 13:00,7,13,Weekday,Summer,Yes,98.14,76.79,47.12
2023-07-12 14:00,7,14,Weekday,Summer,Yes,100.12,77.27,51.9
2023-07-12 15:00,7,15,Weekday,Summer,Yes,100.94,76.51,48.83
2023-07-12 16:00,7,16,Weekday,Summer,Yes,100.94,77.53,44.12
2023-07-12 17:00,7,17,Weekday,Summer,Yes,99.78,76.46,51.34
2023-07-12 18:00,7,18,Weekday,Summer,No,97.8,78.06,45.64
2023-07-12 19:00,7,19,Weekday,Summer,No,95.2,76.74,44.79
2023-07-12 20:00,7,20,Weekday,Summer,No,92.76,77.43,39.79
2023-07-12 21:00,7,21,Weekday,Summer,No,90.78,76.12,44.31
2023-07-12 22:00,7,22,Weekday,Summer,No,89.43,76.89,47.53
2023-07-12 23:00,7,23,Weekday,Summer,No,84.96,74.94,38.74
2023-07-13 00:00,7,0,Weekday,Summer,No,80.88,73.86,34.75
2023-07-13 01:00,7,1,Weekday,Summer,No,79.43,74.18,28.42
2023-07-13 02:00,7,2,Weekday,Summer,No,78.46,74.21,31.27
2023-07-13 03:00,7,3,Weekday,Summer,No,76.82,73.72,19.03
2023-07-13 04:00,7,4,Weekday,Summer,No,75.92,74.07,27.33
2023-07-13 05:00,7,5,Weekday,Summer,No,76.55,74.34,19.68
2023-07-13 06:00,7,6,Weekday,Summer,No,77.63,73.8,22.76
2023-07-13 07:00,7,7,Weekday,Summer,No,78.6,73.91,37.59
2023-07-13 08:00,7,8,Weekday,Summer,Yes,80.76,74.2,36.08
2023-07-13 09:00,7,9,Weekday,Summer,Yes,83.72,74.33,39.98
2023-07-13 10:00,7,10,Weekday,Summer,Yes,87.86,73.7,43.07
2023-07-13 11:00,7,11,Weekday,Summer,Yes,92.9,76.49,39.86
2023-07-13 12:00,7,12,Weekday,Summer,Yes,98.46,76.14,48.04
2023-07-13 13:00,7,13,Weekday,Summer,Yes,100.42,76.64,58.75
2023-07-13 14:00,7,14,Weekday,Summer,Yes,102.35,75.81,47.87
2023-07-13 15:00,7,15,Weekday,Summer,Yes,101.06,75.69,44.78
2023-07-13 16:00,7,16,Weekday,Summer,Yes,98.96,77.77,46.19
2023-07-13 17:00,7,17,Weekday,Summer,Yes,98.44,75.98,47.6
2023-07-13 18:00,7,18,Weekday,Summer,No,97.43,78.2,53.24
2023-07-13 19:00,7,19,Weekday,Summer,No,94.67,76.3,42.24
2023-07-13 20:00,7,20,Weekday,Summer,No,90.71,76.22,36.47
2023-07-13 21:00,7,21,Weekday,Summer,No,87.28,74.84,41.21
2023-07-13 22:00,7,22,Weekday,Summer,No,84.84,74.22,35.4
2023-07-13 23:00,7,23,Weekday,Summer,No,82.24,74.34,37.81
2023-07-14 00:00,7,0,Weekday,Summer,No,79.81,75.04,21.75
2023-07-14 01:00,7,1,Weekday,Summer,No,78.98,76.15,34.23
2023-07-14 02:00,7,2,Weekday,Summer,No,78.98,74.04,36.3
2023-07-14 03:00,7,3,Weekday,Summer,No,77.82,73.97,24.5
2023-07-14 04:00,7,4,Weekday,Summer,No,76.37,73.33,24.08
2023-07-14 05:00,7,5,Weekday,Summer,No,75.4,72.31,33.46
2023-07-14 06:00,7,6,Weekday,Summer,No,76.8,75.12,28.42
2023-07-14 07:00,7,7,Weekday,Summer,No,80.39,75.51,36.74
2023-07-14 08:00,7,8,Weekday,Summer,Yes,86.66,74.42,26.76
2023-07-14 09:00,7,9,Weekday,Summer,Yes,92.9,76.61,38.67
2023-07-14 10:00,7,10,Weekday,Summer,Yes,96.78,76.01,49.18
2023-07-14 11:00,7,11,Weekday,Summer,Yes,99.22,76.68,48.33
2023-07-14 12:00,7,12,Weekday,Summer,Yes,101.2,76.65,57.52
2023-07-14 13:00,7,13,Weekday,Summer,Yes,103.8,77.43,48.73
2023-07-14 14:00,7,14,Weekday,Summer,Yes,105.6,77.17,54.27
2023-07-14 15:00,7,15,Weekday,Summer,Yes,105.46,77.94,54.72
2023-07-14 16:00,7,16,Weekday,Summer,Yes,103.82,76.5,59.03
2023-07-14 17:00,7,17,Weekday,Summer,Yes,102.4,77.68,56.29
2023-07-14 18:00,7,18,Weekday,Summer,No,102.02,78.18,51.69
2023-07-14 19:00,7,19,Weekday,Summer,No,100.23,79.16,58.09
2023-07-14 20:00,7,20,Weekday,Summer,No,96.65,77.88,44.92
2023-07-14 21:00,7,21,Weekday,Summer,No,93.22,76.41,50.36
2023-07-14 22:00,7,22,Weekday,Summer,No,90.26,75.54,38.22
2023-07-14 23:00,7,23,Weekday,Summer,No,86.65,75.82,32.64
2023-07-15 00:00,7,0,Weekend,Summer,No,83.77,75.79,30.32
2023-07-15 01:00,7,1,Weekend,Summer,No,81.26,75.01,35.12
2023-07-15 02:00,7,2,Weekend,Summer,No,78.9,74.02,34.2
2023-07-15 03:00,7,3,Weekend,Summer,No,76.82,73.39,20.22
2023-07-15 04:00,7,4,Weekend,Summer,No,74.24,72.71,28.78
2023-07-15 05:00,7,5,Weekend,Summer,No,73.56,73.21,27.07
2023-07-15 06:00,7,6,Weekend,Summer,No,77.51,73.88,33.69
2023-07-15 07:00,7,7,Weekend,Summer,No,83.52,75.51,32.78
2023-07-15 08:00,7,8,Weekend,Summer,No,88.94,75.94,36.15
2023-07-15 09:00,7,9,Weekend,Summer,No,93.98,77.07,47.29
2023-07-15 10:00,7,10,Weekend,Summer,No,97.76,77.2,44.9
2023-07-15 11:00,7,11,Weekend,Summer,No,100.74,78.78,47.18
2023-07-15 12:00,7,12,Weekend,Summer,No,102.54,78.17,55.95
2023-07-15 13:00,7,13,Weekend,Summer,No,104.18,79.99,49.42
2023-07-15 14:00,7,14,Weekend,Summer,No,106.24,79.85,56.68
2023-07-15 15:00,7,15,Weekend,Summer,No,106.43,79.0,47.38
2023-07-15 16:00,7,16,Weekend,Summer,No,105.98,78.19,54.23
2023-07-15 17:00,7,17,Weekend,Summer,No,105.98,78.09,50.15
2023-07-15 18:00,7,18,Weekend,Summer,No,103.67,80.04,54.28
2023-07-15 19:00,7,19,Weekend,Summer,No,100.23,76.64,55.45
2023-07-15 20:00,7,20,Weekend,Summer,No,97.8,76.03,50.49
2023-07-15 21:00,7,21,Weekend,Summer,No,94.67,76.16,40.3
2023-07-15 22:00,7,22,Weekend,Summer,No,91.23,77.3,40.05
2023-07-15 23:00,7,23,Weekend,Summer,No,88.28,74.74,39.27
2023-07-16 00:00,7,0,Weekend,Summer,No,85.82,74.57,39.2
2023-07-16 01:00,7,1,Weekend,Summer,No,83.24,75.36,38.0
2023-07-16 02:00,7,2,Weekend,Summer,No,80.88,74.29,29.84
2023-07-16 03:00,7,3,Weekend,Summer,No,78.9,74.36,33.65
2023-07-16 04:00,7,4,Weekend,Summer,No,76.82,73.6,27.14
2023-07-16 05:00,7,5,Weekend,Summer,No,74.24,73.28,20.25
2023-07-16 06:00,7,6,Weekend,Summer,No,75.98,74.55,34.13
2023-07-16 07:00,7,7,Weekend,Summer,No,82.07,75.48,30.1
2023-07-16 08:00,7,8,Weekend,Summer,No,89.02,75.68,38.31
2023-07-16 09:00,7,9,Weekend,Summer,No,94.35,76.09,42.21
2023-07-16 10:00,7,10,Weekend,Summer,No,97.24,78.16,46.04
2023-07-16 11:00,7,11,Weekend,Summer,No,99.74,77.29,54.39
2023-07-16 12:00,7,12,Weekend,Summer,No,102.72,78.35,54.71
2023-07-16 13:00,7,13,Weekend,Summer,No,104.63,78.94,44.0
2023-07-16 14:00,7,14,Weekend,Summer,No,105.6,79.76,57.61
2023-07-16 15:00,7,15,Weekend,Summer,No,105.98,79.29,51.56
2023-07-16 16:00,7,16,Weekend,Summer,No,105.98,79.43,55.96
2023-07-16 17:00,7,17,Weekend,Summer,No,104.82,79.03,55.5
2023-07-16 18:00,7,18,Weekend,Summer,No,102.84,77.97,53.08
2023-07-16 19:00,7,19,Weekend,Summer,No,100.23,78.56,50.19
2023-07-16 20:00,7,20,Weekend,Summer,No,97.8,78.26,45.03
2023-07-16 21:00,7,21,Weekend,Summer,No,94.67,78.0,48.13
2023-07-16 22:00,7,22,Weekend,Summer,No,91.86,76.88,40.34
2023-07-16 23:00,7,23,Weekend,Summer,No,90.41,75.36,37.83
2023-07-17 00:00,7,0,Weekday,Summer,No,88.28,78.14,39.98
2023-07-17 01:00,7,1,Weekday,Summer,No,86.45,74.48,37.14
2023-07-17 02:00,7,2,Weekday,Summer,No,84.22,75.7,40.06
2023-07-17 03:00,7,3,Weekday,Summer,No,81.78,75.53,39.48
2023-07-17 04:00,7,4,Weekday,Summer,No,82.12,75.22,34.02
2023-07-17 05:00,7,5,Weekday,Summer,No,81.78,75.52,31.79
2023-07-17 06:00,7,6,Weekday,Summer,No,81.59,75.64,36.26
2023-07-17 07:00,7,7,Weekday,Summer,No,84.35,74.89,32.39
2023-07-17 08:00,7,8,Weekday,Summer,Yes,88.31,74.17,34.2
2023-07-17 09:00,7,9,Weekday,Summer,Yes,92.27,74.64,44.12
2023-07-17 10:00,7,10,Weekday,Summer,Yes,95.18,76.04,45.86
2023-07-17 11:00,7,11,Weekday,Summer,Yes,96.6,76.47,42.41
2023-07-17 12:00,7,12,Weekday,Summer,Yes,98.14,76.74,51.83
2023-07-17 13:00,7,13,Weekday,Summer,Yes,99.59,76.21,44.96
2023-07-17 14:00,7,14,Weekday,Summer,Yes,99.41,77.27,42.78
2023-07-17 15:00,7,15,Weekday,Summer,Yes,100.74,76.63,45.75
2023-07-17 16:00,7,16,Weekday,Summer,Yes,100.86,77.37,51.28
2023-07-17 17:00,7,17,Weekday,Summer,Yes,98.88,76.96,45.2
2023-07-17 18:00,7,18,Weekday,Summer,No,97.43,77.8,45.09
2023-07-17 19:00,7,19,Weekday,Summer,No,96.46,77.47,41.56
2023-07-17 20:00,7,20,Weekday,Summer,No,93.66,77.9,46.66
2023-07-17 21:00,7,21,Weekday,Summer,No,84.38,75.35,25.38
2023-07-17 22:00,7,22,Weekday,Summer,No,76.04,73.81,38.45
2023-07-17 23:00,7,23,Weekday,Summer,No,73.94,74.57,19.79
2023-07-18 00:00,7,0,Weekday,Summer,No,74.57,72.88,28.81
2023-07-18 01:00,7,1,Weekday,Summer,No,75.02,74.1,22.91
2023-07-18 02:00,7,2,Weekday,Summer,No,75.02,73.05,29.07
2023-07-18 03:00,7,3,Weekday,Summer,No,74.39,74.9,30.76
2023-07-18 04:00,7,4,Weekday,Summer,No,74.57,73.58,30.25
2023-07-18 05:00,7,5,Weekday,Summer,No,75.54,74.61,34.98
2023-07-18 06:00,7,6,Weekday,Summer,No,76.55,73.83,26.63
2023-07-18 07:00,7,7,Weekday,Summer,No,77.0,72.96,33.63
2023-07-18 08:00,7,8,Weekday,Summer,Yes,80.46,72.42,31.9
2023-07-18 09:00,7,9,Weekday,Summer,Yes,84.72,74.22,31.31
2023-07-18 10:00,7,10,Weekday,Summer,Yes,88.94,74.98,46.88
2023-07-18 11:00,7,11,Weekday,Summer,Yes,92.2,74.75,36.44
2023-07-18 12:00,7,12,Weekday,Summer,Yes,93.02,75.23,43.01
2023-07-18 13:00,7,13,Weekday,Summer,Yes,93.02,75.38,45.25
2023-07-18 14:00,7,14,Weekday,Summer,Yes,95.33,75.36,49.32
2023-07-18 15:00,7,15,Weekday,Summer,Yes,96.46,75.65,49.69
2023-07-18 16:00,7,16,Weekday,Summer,Yes,96.6,75.19,37.1
2023-07-18 17:00,7,17,Weekday,Summer,Yes,95.2,75.3,45.73
2023-07-18 18:00,7,18,Weekday,Summer,No,92.76,75.96,45.07
2023-07-18 19:00,7,19,Weekday,Summer,No,79.76,74.55,28.1
2023-07-18 20:00,7,20,Weekday,Summer,No,69.9,73.63,20.09
2023-07-18 21:00,7,21,Weekday,Summer,No,69.6,71.82,32.56
2023-07-18 22:00,7,22,Weekday,Summer,No,70.61,73.78,26.83
2023-07-18 23:00,7,23,Weekday,Summer,No,71.58,74.67,19.51
2023-07-19 00:00,7,0,Weekday,Summer,No,71.44,72.78,27.98
2023-07-19 01:00,7,1,Weekday,Summer,No,70.43,73.88,28.91
2023-07-19 02:00,7,2,Weekday,Summer,No,70.61,74.46,22.09
2023-07-19 03:00,7,3,Weekday,Summer,No,71.06,72.39,27.03
2023-07-19 04:00,7,4,Weekday,Summer,No,70.43,73.1,23.25
2023-07-19 05:00,7,5,Weekday,Summer,No,71.14,72.62,29.12
2023-07-19 06:00,7,6,Weekday,Summer,No,71.96,73.4,34.02
2023-07-19 07:00,7,7,Weekday,Summer,No,73.74,73.64,20.33
2023-07-19 08:00,7,8,Weekday,Summer,Yes,77.33,73.24,29.2
2023-07-19 09:00,7,9,Weekday,Summer,Yes,80.76,73.48,24.74
2023-07-19 10:00,7,10,Weekday,Summer,Yes,82.56,74.03,28.7
2023-07-19 11:00,7,11,Weekday,Summer,Yes,83.57,73.79,38.45
2023-07-19 12:00,7,12,Weekday,Summer,Yes,87.48,74.58,42.66
2023-07-19 13:00,7,13,Weekday,Summer,Yes,91.74,75.62,42.25
2023-07-19 14:00,7,14,Weekday,Summer,Yes,94.8,75.43,50.72
2023-07-19 15:00,7,15,Weekday,Summer,Yes,95.45,75.33,42.59
2023-07-19 16:00,7,16,Weekday,Summer,Yes,95.63,75.86,38.49
2023-07-19 17:00,7,17,Weekday,Summer,Yes,96.08,75.73,40.45
2023-07-19 18:00,7,18,Weekday,Summer,No,94.82,76.83,41.37
2023-07-19 19:00,7,19,Weekday,Summer,No,92.24,75.39,48.09
2023-07-19 20:00,7,20,Weekday,Summer,No,89.88,75.65,45.08
2023-07-19 21:00,7,21,Weekday,Summer,No,84.96,75.85,37.48
2023-07-19 22:00,7,22,Weekday,Summer,No,76.16,73.12,30.57
2023-07-19 23:00,7,23,Weekday,Summer,No,71.44,73.85,28.17
2023-07-20 00:00,7,0,Weekday,Summer,No,71.06,73.27,25.48
2023-07-20 01:00,7,1,Weekday,Summer,No,71.58,73.06,19.56
2023-07-20 02:00,7,2,Weekday,Summer,No,72.59,72.64,30.67
2023-07-20 03:00,7,3,Weekday,Summer,No,73.04,73.79,23.46
2023-07-20 04:00,7,4,Weekday,Summer,No,73.04,73.83,22.86
2023-07-20 05:00,7,5,Weekday,Summer,No,73.04,74.05,27.5
2023-07-20 06:00,7,6,Weekday,Summer,No,73.56,73.59,31.06
2023-07-20 07:00,7,7,Weekday,Summer,No,76.35,74.15,35.68
2023-07-20 08:00,7,8,Weekday,Summer,Yes,80.92,73.53,36.06
2023-07-20 09:00,7,9,Weekday,Summer,Yes,84.72,74.65,39.18
2023-07-20 10:00,7,10,Weekday,Summer,Yes,86.63,73.92,41.59
2023-07-20 11:00,7,11,Weekday,Summer,Yes,90.54,75.4,39.64
2023-07-20 12:00,7,12,Weekday,Summer,Yes,93.54,75.95,35.43
2023-07-20 13:00,7,13,Weekday,Summer,Yes,95.18,75.1,48.86
2023-07-20 14:00,7,14,Weekday,Summer,Yes,97.24,75.57,49.31
2023-07-20 15:00,7,15,Weekday,Summer,Yes,96.9,75.26,44.24
2023-07-20 16:00,7,16,Weekday,Summer,Yes,94.3,75.95,44.19
2023-07-20 17:00,7,17,Weekday,Summer,Yes,93.02,75.26,50.54
2023-07-20 18:00,7,18,Weekday,Summer,No,91.86,75.93,44.68
2023-07-20 19:00,7,19,Weekday,Summer,No,89.88,75.44,47.83
2023-07-20 20:00,7,20,Weekday,Summer,No,87.9,76.3,37.28
2023-07-20 21:00,7,21,Weekday,Summer,No,85.82,75.5,36.93
2023-07-20 22:00,7,22,Weekday,Summer,No,83.24,75.46,32.0
2023-07-20 23:00,7,23,Weekday,Summer,No,82.56,75.81,39.55
2023-07-21 00:00,7,0,Weekday,Summer,No,82.42,74.86,27.73
2023-07-21 01:00,7,1,Weekday,Summer,No,80.88,74.42,35.73
2023-07-21 02:00,7,2,Weekday,Summer,No,78.9,75.08,32.94
2023-07-21 03:00,7,3,Weekday,Summer,No,78.08,73.9,34.65
2023-07-21 04:00,7,4,Weekday,Summer,No,77.45,73.93,25.5
2023-07-21 05:00,7,5,Weekday,Summer,No,77.0,73.48,34.4
2023-07-21 06:00,7,6,Weekday,Summer,No,77.0,74.37,30.22
2023-07-21 07:00,7,7,Weekday,Summer,No,78.78,75.1,25.33
2023-07-21 08:00,7,8,Weekday,Summer,Yes,82.9,73.11,32.71
2023-07-21 09:00,7,9,Weekday,Summer,Yes,87.34,75.62,36.35
2023-07-21 10:00,7,10,Weekday,Summer,Yes,91.37,74.81,47.38
2023-07-21 11:00,7,11,Weekday,Summer,Yes,94.8,75.12,48.76
2023-07-21 12:00,7,12,Weekday,Summer,Yes,96.6,74.88,47.85
2023-07-21 13:00,7,13,Weekday,Summer,Yes,96.98,76.42,50.52
2023-07-21 14:00,7,14,Weekday,Summer,Yes,89.94,74.56,38.11
2023-07-21 15:00,7,15,Weekday,Summer,Yes,87.34,74.08,45.12
2023-07-21 16:00,7,16,Weekday,Summer,Yes,91.9,74.3,43.69
2023-07-21 17:00,7,17,Weekday,Summer,Yes,91.61,74.02,43.1
2023-07-21 18:00,7,18,Weekday,Summer,No,88.8,75.54,45.57
2023-07-21 19:00,7,19,Weekday,Summer,No,86.2,74.58,38.6
2023-07-21 20:00,7,20,Weekday,Summer,No,83.77,74.71,40.24
2023-07-21 21:00,7,21,Weekday,Summer,No,81.26,75.28,43.56
2023-07-21 22:00,7,22,Weekday,Summer,No,79.43,74.87,28.81
2023-07-21 23:00,7,23,Weekday,Summer,No,79.61,74.76,27.58
2023-07-22 00:00,7,0,Weekend,Summer,No,77.65,73.4,31.05
2023-07-22 01:00,7,1,Weekend,Summer,No,75.92,74.39,36.3
2023-07-22 02:00,7,2,Weekend,Summer,No,75.92,73.22,35.87
2023-07-22 03:00,7,3,Weekend,Summer,No,75.4,73.99,20.65
2023-07-22 04:00,7,4,Weekend,Summer,No,73.86,74.5,32.76
2023-07-22 05:00,7,5,Weekend,Summer,No,72.41,72.99,30.07
2023-07-22 06:00,7,6,Weekend,Summer,No,76.68,74.04,36.06
2023-07-22 07:00,7,7,Weekend,Summer,No,83.52,73.97,34.49
2023-07-22 08:00,7,8,Weekend,Summer,No,88.31,75.77,37.58
2023-07-22 09:00,7,9,Weekend,Summer,No,91.74,76.33,43.51
2023-07-22 10:00,7,10,Weekend,Summer,No,94.8,76.76,48.45
2023-07-22 11:00,7,11,Weekend,Summer,No,96.08,76.88,53.19
2023-07-22 12:00,7,12,Weekend,Summer,No,98.39,76.89,46.1
2023-07-22 13:00,7,13,Weekend,Summer,No,101.2,78.44,55.21
2023-07-22 14:00,7,14,Weekend,Summer,No,102.02,78.01,55.24
2023-07-22 15:00,7,15,Weekend,Summer,No,102.02,78.71,49.5
2023-07-22 16:00,7,16,Weekend,Summer,No,103.18,77.55,47.5
2023-07-22 17:00,7,17,Weekend,Summer,No,102.84,78.28,48.85
2023-07-22 18:00,7,18,Weekend,Summer,No,100.86,77.89,50.31
2023-07-22 19:00,7,19,Weekend,Summer,No,96.47,77.24,43.97
2023-07-22 20:00,7,20,Weekend,Summer,No,92.76,75.95,50.19
2023-07-22 21:00,7,21,Weekend,Summer,No,90.26,75.4,40.48
2023-07-22 22:00,7,22,Weekend,Summer,No,86.65,75.5,35.59
2023-07-22 23:00,7,23,Weekend,Summer,No,83.24,74.9,36.69
2023-07-23 00:00,7,0,Weekend,Summer,No,80.88,73.89,33.22
2023-07-23 01:00,7,1,Weekend,Summer,No,78.9,74.01,21.7
2023-07-23 02:00,7,2,Weekend,Summer,No,78.08,73.46,29.56
2023-07-23 03:00,7,3,Weekend,Summer,No,77.45,74.61,26.32
2023-07-23 04:00,7,4,Weekend,Summer,No,76.37,73.27,30.83
2023-07-23 05:00,7,5,Weekend,Summer,No,75.4,73.18,33.18
2023-07-23 06:00,7,6,Weekend,Summer,No,77.33,73.73,33.26
2023-07-23 07:00,7,7,Weekend,Summer,No,81.92,74.7,26.33
2023-07-23 08:00,7,8,Weekend,Summer,No,85.8,75.72,37.38
2023-07-23 09:00,7,9,Weekend,Summer,No,89.92,76.52,43.6
2023-07-23 10:00,7,10,Weekend,Summer,No,94.35,77.7,49.15
2023-07-23 11:00,7,11,Weekend,Summer,No,96.6,77.81,41.52
2023-07-23 12:00,7,12,Weekend,Summer,No,98.77,76.55,43.36
2023-07-23 13:00,7,13,Weekend,Summer,No,100.57,77.19,45.98
2023-07-23 14:00,7,14,Weekend,Summer,No,101.57,78.15,59.38
2023-07-23 15:00,7,15,Weekend,Summer,No,101.39,78.05,51.25
2023-07-23 16:00,7,16,Weekend,Summer,No,97.48,78.13,47.29
2023-07-23 17:00,7,17,Weekend,Summer,No,96.78,77.66,45.41
2023-07-23 18:00,7,18,Weekend,Summer,No,98.06,77.34,43.39
2023-07-23 19:00,7,19,Weekend,Summer,No,94.49,76.72,51.52
2023-07-23 20:00,7,20,Weekend,Summer,No,91.42,77.28,50.47
2023-07-23 21:00,7,21,Weekend,Summer,No,89.88,76.49,45.59
2023-07-23 22:00,7,22,Weekend,Summer,No,87.9,74.52,41.04
2023-07-23 23:00,7,23,Weekend,Summer,No,85.82,76.18,41.38
2023-07-24 00:00,7,0,Weekday,Summer,No,83.77,75.28,39.59
2023-07-24 01:00,7,1,Weekday,Summer,No,81.78,73.92,28.51
2023-07-24 02:00,7,2,Weekday,Summer,No,80.44,75.06,33.38
2023-07-24 03:00,7,3,Weekday,Summer,No,79.43,74.24,32.42
2023-07-24 04:00,7,4,Weekday,Summer,No,78.46,73.31,29.25
2023-07-24 05:00,7,5,Weekday,Summer,No,77.45,74.21,32.4
2023-07-24 06:00,7,6,Weekday,Summer,No,78.78,73.7,36.61
2023-07-24 07:00,7,7,Weekday,Summer,No,83.52,74.87,39.87
2023-07-24 08:00,7,8,Weekday,Summer,Yes,87.78,74.78,46.23
2023-07-24 09:00,7,9,Weekday,Summer,Yes,90.22,74.05,44.48
2023-07-24 10:00,7,10,Weekday,Summer,Yes,92.2,75.08,41.07
2023-07-24 11:00,7,11,Weekday,Summer,Yes,94.8,76.56,43.89
2023-07-24 12:00,7,12,Weekday,Summer,Yes,98.92,76.68,53.8
2023-07-24 13:00,7,13,Weekday,Summer,Yes,102.1,76.14,54.43
2023-07-24 14:00,7,14,Weekday,Summer,Yes,102.92,76.15,50.39
2023-07-24 15:00,7,15,Weekday,Summer,Yes,104.18,77.27,53.16
2023-07-24 16:00,7,16,Weekday,Summer,Yes,105.08,76.99,56.86
2023-07-24 17:00,7,17,Weekday,Summer,Yes,101.51,75.91,57.29
2023-07-24 18:00,7,18,Weekday,Summer,No,88.46,76.04,44.43
2023-07-24 19:00,7,19,Weekday,Summer,No,76.87,74.6,28.74
2023-07-24 20:00,7,20,Weekday,Summer,No,74.57,74.07,30.38
2023-07-24 21:00,7,21,Weekday,Summer,No,75.02,74.35,32.57
2023-07-24 22:00,7,22,Weekday,Summer,No,76.8,74.15,22.93
2023-07-24 23:00,7,23,Weekday,Summer,No,79.76,75.24,35.83
2023-07-25 00:00,7,0,Weekday,Summer,No,80.44,74.11,35.67
2023-07-25 01:00,7,1,Weekday,Summer,No,78.9,74.23,34.71
2023-07-25 02:00,7,2,Weekday,Summer,No,76.82,74.57,25.6
2023-07-25 03:00,7,3,Weekday,Summer,No,75.4,72.71,23.09
2023-07-25 04:00,7,4,Weekday,Summer,No,75.02,73.14,27.67
2023-07-25 05:00,7,5,Weekday,Summer,No,75.02,73.66,31.26
2023-07-25 06:00,7,6,Weekday,Summer,No,76.8,73.17,34.01
2023-07-25 07:00,7,7,Weekday,Summer,No,79.24,74.41,28.33
2023-07-25 08:00,7,8,Weekday,Summer,Yes,83.52,73.33,41.98
2023-07-25 09:00,7,9,Weekday,Summer,Yes,87.78,74.76,28.95
2023-07-25 10:00,7,10,Weekday,Summer,Yes,91.37,75.93,41.77
2023-07-25 11:00,7,11,Weekday,Summer,Yes,95.33,74.97,53.35
2023-07-25 12:00,7,12,Weekday,Summer,Yes,98.14,76.67,45.25
2023-07-25 13:00,7,13,Weekday,Summer,Yes,100.12,76.1,49.51
2023-07-25 14:00,7,14,Weekday,Summer,Yes,102.1,77.08,48.05
2023-07-25 15:00,7,15,Weekday,Summer,Yes,102.4,78.25,51.43
2023-07-25 16:00,7,16,Weekday,Summer,Yes,101.39,77.23,55.28
2023-07-25 17:00,7,17,Weekday,Summer,Yes,99.78,77.62,45.91
2023-07-25 18:00,7,18,Weekday,Summer,No,97.28,78.1,45.83
2023-07-25 19:00,7,19,Weekday,Summer,No,94.82,76.73,54.4
2023-07-25 20:00,7,20,Weekday,Summer,No,88.67,77.02,32.57
2023-07-25 21:00,7,21,Weekday,Summer,No,84.4,74.95,42.17
2023-07-25 22:00,7,22,Weekday,Summer,No,84.02,74.54,38.69
2023-07-25 23:00,7,23,Weekday,Summer,No,81.71,74.8,41.6
2023-07-26 00:00,7,0,Weekday,Summer,No,78.9,74.43,26.75
2023-07-26 01:00,7,1,Weekday,Summer,No,76.82,74.99,31.99
2023-07-26 02:00,7,2,Weekday,Summer,No,74.24,74.28,23.19
2023-07-26 03:00,7,3,Weekday,Summer,No,73.56,74.65,31.3
2023-07-26 04:00,7,4,Weekday,Summer,No,75.1,73.91,32.06
2023-07-26 05:00,7,5,Weekday,Summer,No,75.4,74.48,31.59
2023-07-26 06:00,7,6,Weekday,Summer,No,75.54,73.96,34.82
2023-07-26 07:00,7,7,Weekday,Summer,No,77.18,73.44,30.11
2023-07-26 08:00,7,8,Weekday,Summer,Yes,81.54,73.16,27.5
2023-07-26 09:00,7,9,Weekday,Summer,Yes,86.33,73.79,34.35
2023-07-26 10:00,7,10,Weekday,Summer,Yes,87.98,74.41,33.39
2023-07-26 11:00,7,11,Weekday,Summer,Yes,90.29,75.13,37.97
2023-07-26 12:00,7,12,Weekday,Summer,Yes,94.35,74.98,44.73
2023-07-26 13:00,7,13,Weekday,Summer,Yes,97.24,75.28,54.18
2023-07-26 14:00,7,14,Weekday,Summer,Yes,98.06,75.9,53.36
2023-07-26 15:00,7,15,Weekday,Summer,Yes,98.58,75.52,48.58
2023-07-26 16:00,7,16,Weekday,Summer,Yes,99.59,76.02,46.34
2023-07-26 17:00,7,17,Weekday,Summer,Yes,98.88,75.35,42.93
2023-07-26 18:00,7,18,Weekday,Summer,No,96.28,78.41,48.66
2023-07-26 19:00,7,19,Weekday,Summer,No,93.22,76.25,49.44
2023-07-26 20:00,7,20,Weekday,Summer,No,90.78,76.56,46.49
2023-07-26 21:00,7,21,Weekday,Summer,No,88.8,75.85,40.84
2023-07-26 22:00,7,22,Weekday,Summer,No,85.67,76.42,41.19
2023-07-26 23:00,7,23,Weekday,Summer,No,82.86,74.8,36.22
2023-07-27 00:00,7,0,Weekday,Summer,No,81.41,73.06,34.62
2023-07-27 01:00,7,1,Weekday,Summer,No,80.44,75.61,36.75
2023-07-27 02:00,7,2,Weekday,Summer,No,78.9,74.6,24.8
2023-07-27 03:00,7,3,Weekday,Summer,No,78.08,73.83,32.53
2023-07-27 04:00,7,4,Weekday,Summer,No,77.45,74.63,32.82
2023-07-27 05:00,7,5,Weekday,Summer,No,76.37,73.54,28.47
2023-07-27 06:00,7,6,Weekday,Summer,No,77.18,74.56,33.82
2023-07-27 07:00,7,7,Weekday,Summer,No,80.92,74.76,38.34
2023-07-27 08:00,7,8,Weekday,Summer,Yes,85.36,74.49,30.69
2023-07-27 09:00,7,9,Weekday,Summer,Yes,89.39,75.43,40.05
2023-07-27 10:00,7,10,Weekday,Summer,Yes,92.2,75.58,50.11
2023-07-27 11:00,7,11,Weekday,Summer,Yes,94.18,74.52,47.57
2023-07-27 12:00,7,12,Weekday,Summer,Yes,96.78,75.64,49.15
2023-07-27 13:00,7,13,Weekday,Summer,Yes,99.22,77.18,48.18
2023-07-27 14:00,7,14,Weekday,Summer,Yes,99.41,77.45,54.43
2023-07-27 15:00,7,15,Weekday,Summer,Yes,89.09,74.73,44.79
2023-07-27 16:00,7,16,Weekday,Summer,Yes,79.73,74.59,35.29
2023-07-27 17:00,7,17,Weekday,Summer,Yes,79.76,72.99,26.43
2023-07-27 18:00,7,18,Weekday,Summer,No,80.44,75.05,37.38
2023-07-27 19:00,7,19,Weekday,Summer,No,77.65,73.46,31.47
2023-07-27 20:00,7,20,Weekday,Summer,No,75.4,75.22,38.32
2023-07-27 21:00,7,21,Weekday,Summer,No,75.02,73.07,23.51
2023-07-27 22:00,7,22,Weekday,Summer,No,73.86,73.37,21.19
2023-07-27 23:00,7,23,Weekday,Summer,No,73.56,74.11,28.07
2023-07-28 00:00,7,0,Weekday,Summer,No,73.42,73.32,15.48
2023-07-28 01:00,7,1,Weekday,Summer,No,73.04,73.55,26.17
2023-07-28 02:00,7,2,Weekday,Summer,No,73.04,73.42,29.47
2023-07-28 03:00,7,3,Weekday,Summer,No,73.56,73.92,24.32
2023-07-28 04:00,7,4,Weekday,Summer,No,72.78,74.47,33.1
2023-07-28 05:00,7,5,Weekday,Summer,No,71.96,73.1,27.43
2023-07-28 06:00,7,6,Weekday,Summer,No,73.74,73.82,32.97
2023-07-28 07:00,7,7,Weekday,Summer,No,76.8,73.29,26.73
2023-07-28 08:00,7,8,Weekday,Summer,Yes,79.24,73.19,32.79
2023-07-28 09:00,7,9,Weekday,Summer,Yes,81.22,72.27,32.86
2023-07-28 10:00,7,10,Weekday,Summer,Yes,83.72,73.53,32.47
2023-07-28 11:00,7,11,Weekday,Summer,Yes,86.18,74.03,41.45
2023-07-28 12:00,7,12,Weekday,Summer,Yes,88.76,75.78,44.95
2023-07-28 13:00,7,13,Weekday,Summer,Yes,92.27,75.64,41.08
2023-07-28 14:00,7,14,Weekday,Summer,Yes,93.92,75.34,43.07
2023-07-28 15:00,7,15,Weekday,Summer,Yes,94.55,75.35,46.48
2023-07-28 16:00,7,16,Weekday,Summer,Yes,95.63,75.24,46.78
2023-07-28 17:00,7,17,Weekday,Summer,Yes,95.45,75.98,37.89
2023-07-28 18:00,7,18,Weekday,Summer,No,93.84,77.74,42.55
2023-07-28 19:00,7,19,Weekday,Summer,No,91.86,76.74,43.13
2023-07-28 20:00,7,20,Weekday,Summer,No,89.88,75.89,35.6
2023-07-28 21:00,7,21,Weekday,Summer,No,86.65,76.82,43.03
2023-07-28 22:00,7,22,Weekday,Summer,No,84.4,75.82,37.32
2023-07-28 23:00,7,23,Weekday,Summer,No,82.24,75.21,36.71
2023-07-29 00:00,7,0,Weekend,Summer,No,77.5,74.71,32.78
2023-07-29 01:00,7,1,Weekend,Summer,No,75.02,74.75,31.62
2023-07-29 02:00,7,2,Weekend,Summer,No,75.54,73.85,27.02
2023-07-29 03:00,7,3,Weekend,Summer,No,75.4,72.54,25.64
2023-07-29 04:00,7,4,Weekend,Summer,No,74.39,73.71,28.46
2023-07-29 05:00,7,5,Weekend,Summer,No,73.94,74.27,20.7
2023-07-29 06:00,7,6,Weekend,Summer,No,74.57,74.34,23.13
2023-07-29 07:00,7,7,Weekend,Summer,No,76.18,73.92,21.21
2023-07-29 08:00,7,8,Weekend,Summer,No,78.78,75.25,33.2
2023-07-29 09:00,7,9,Weekend,Summer,No,81.22,74.77,31.29
2023-07-29 10:00,7,10,Weekend,Summer,No,84.98,76.18,35.51
2023-07-29 11:00,7,11,Weekend,Summer,No,89.39,75.59,44.17
2023-07-29 12:00,7,12,Weekend,Summer,No,92.72,77.03,42.89
2023-07-29 13:00,7,13,Weekend,Summer,No,93.92,77.25,49.92
2023-07-29 14:00,7,14,Weekend,Summer,No,86.99,75.52,37.03
2023-07-29 15:00,7,15,Weekend,Summer,No,83.2,73.49,37.73
2023-07-29 16:00,7,16,Weekend,Summer,No,84.54,74.63,39.25
2023-07-29 17:00,7,17,Weekend,Summer,No,85.55,75.08,40.72
2023-07-29 18:00,7,18,Weekend,Summer,No,84.84,75.58,40.02
2023-07-29 19:00,7,19,Weekend,Summer,No,82.24,74.88,40.14
2023-07-29 20:00,7,20,Weekend,Summer,No,80.96,74.59,32.86
2023-07-29 21:00,7,21,Weekend,Summer,No,80.44,75.13,40.53
2023-07-29 22:00,7,22,Weekend,Summer,No,75.96,73.5,26.71
2023-07-29 23:00,7,23,Weekend,Summer,No,71.88,73.94,31.09
2023-07-30 00:00,7,0,Weekend,Summer,No,71.06,73.44,28.45
2023-07-30 01:00,7,1,Weekend,Summer,No,71.06,74.02,31.1
2023-07-30 02:00,7,2,Weekend,Summer,No,71.06,73.44,29.82
2023-07-30 03:00,7,3,Weekend,Summer,No,71.06,73.42,20.77
2023-07-30 04:00,7,4,Weekend,Summer,No,70.43,72.78,26.82
2023-07-30 05:00,7,5,Weekend,Summer,No,69.98,72.29,22.94
2023-07-30 06:00,7,6,Weekend,Summer,No,72.29,73.29,24.49
2023-07-30 07:00,7,7,Weekend,Summer,No,73.94,74.43,25.69
2023-07-30 08:00,7,8,Weekend,Summer,No,76.35,73.93,30.18
2023-07-30 09:00,7,9,Weekend,Summer,No,77.45,73.95,27.66
2023-07-30 10:00,7,10,Weekend,Summer,No,77.63,74.14,35.57
2023-07-30 11:00,7,11,Weekend,Summer,No,80.39,74.75,28.59
2023-07-30 12:00,7,12,Weekend,Summer,No,81.41,75.47,38.6
2023-07-30 13:00,7,13,Weekend,Summer,No,82.74,75.67,35.17
2023-07-30 14:00,7,14,Weekend,Summer,No,86.33,75.4,36.71
2023-07-30 15:00,7,15,Weekend,Summer,No,89.14,75.49,42.06
2023-07-30 16:00,7,16,Weekend,Summer,No,88.8,76.67,37.44
2023-07-30 17:00,7,17,Weekend,Summer,No,85.67,76.59,34.28
2023-07-30 18:00,7,18,Weekend,Summer,No,82.24,74.79,41.84
2023-07-30 19:00,7,19,Weekend,Summer,No,80.44,74.74,36.33
2023-07-30 20:00,7,20,Weekend,Summer,No,78.9,73.61,29.46
2023-07-30 21:00,7,21,Weekend,Summer,No,78.08,74.67,29.2
2023-07-30 22:00,7,22,Weekend,Summer,No,77.45,73.22,35.63
2023-07-30 23:00,7,23,Weekend,Summer,No,76.37,74.49,29.22
2023-07-31 00:00,7,0,Weekday,Summer,No,75.4,73.05,34.77
2023-07-31 01:00,7,1,Weekday,Summer,No,75.02,72.42,30.1
2023-07-31 02:00,7,2,Weekday,Summer,No,74.39,73.4,36.23
2023-07-31 03:00,7,3,Weekday,Summer,No,73.42,74.0,25.21
2023-07-31 04:00,7,4,Weekday,Summer,No,72.41,73.78,24.94
2023-07-31 05:00,7,5,Weekday,Summer,No,71.96,73.57,22.89
2023-07-31 06:00,7,6,Weekday,Summer,No,72.59,73.41,28.44
2023-07-31 07:00,7,7,Weekday,Summer,No,74.72,74.61,24.04
2023-07-31 08:00,7,8,Weekday,Summer,Yes,78.86,73.89,29.65
2023-07-31 09:00,7,9,Weekday,Summer,Yes,82.74,72.39,35.32
2023-07-31 10:00,7,10,Weekday,Summer,Yes,85.8,74.03,34.46
2023-07-31 11:00,7,11,Weekday,Summer,Yes,87.6,74.54,39.81
2023-07-31 12:00,7,12,Weekday,Summer,Yes,89.14,75.84,39.01
2023-07-31 13:00,7,13,Weekday,Summer,Yes,91.12,73.89,39.23
2023-07-31 14:00,7,14,Weekday,Summer,Yes,90.78,74.91,46.38
2023-07-31 15:00,7,15,Weekday,Summer,Yes,87.02,75.56,36.18
2023-07-31 16:00,7,16,Weekday,Summer,Yes,84.4,74.42,35.24
2023-07-31 17:00,7,17,Weekday,Summer,Yes,84.02,73.82,30.36
2023-07-31 18:00,7,18,Weekday,Summer,No,84.02,76.15,36.93
2023-07-31 19:00,7,19,Weekday,Summer,No,81.71,75.87,35.32
2023-07-31 20:00,7,20,Weekday,Summer,No,79.43,74.5,31.87
2023-07-31 21:00,7,21,Weekday,Summer,No,78.98,75.4,30.59
2023-07-31 22:00,7,22,Weekday,Summer,No,78.98,74.23,29.47
2023-07-31 23:00,7,23,Weekday,Summer,No,78.98,74.82,34.89
2023-08-01 00:00,8,0,Weekday,Summer,No,78.98,75.65,30.85
2023-08-01 01:00,8,1,Weekday,Summer,No,78.98,74.97,27.74
2023-08-01 02:00,8,2,Weekday,Summer,No,78.98,73.07,29.5
2023-08-01 03:00,8,3,Weekday,Summer,No,78.98,74.61,33.95
2023-08-01 04:00,8,4,Weekday,Summer,No,79.61,74.82,32.0
2023-08-01 05:00,8,5,Weekday,Summer,No,79.43,74.98,30.89
2023-08-01 06:00,8,6,Weekday,Summer,No,77.82,73.67,38.91
2023-08-01 07:00,8,7,Weekday,Summer,No,77.63,74.1,32.84
2023-08-01 08:00,8,8,Weekday,Summer,Yes,79.76,72.67,36.1
2023-08-01 09:00,8,9,Weekday,Summer,Yes,84.53,72.16,33.97
2023-08-01 10:00,8,10,Weekday,Summer,Yes,87.08,74.47,39.5
2023-08-01 11:00,8,11,Weekday,Summer,Yes,89.92,74.46,42.91
2023-08-01 12:00,8,12,Weekday,Summer,Yes,92.57,76.13,43.43
2023-08-01 13:00,8,13,Weekday,Summer,Yes,94.18,76.13,47.44
2023-08-01 14:00,8,14,Weekday,Summer,Yes,94.37,75.73,48.71
2023-08-01 15:00,8,15,Weekday,Summer,Yes,95.7,76.41,42.43
2023-08-01 16:00,8,16,Weekday,Summer,Yes,96.46,76.3,46.13
2023-08-01 17:00,8,17,Weekday,Summer,Yes,94.3,74.67,43.13
2023-08-01 18:00,8,18,Weekday,Summer,No,90.71,75.24,38.26
2023-08-01 19:00,8,19,Weekday,Summer,No,88.43,76.85,49.96
2023-08-01 20:00,8,20,Weekday,Summer,No,87.46,76.64,41.71
2023-08-01 21:00,8,21,Weekday,Summer,No,86.45,76.11,33.13
2023-08-01 22:00,8,22,Weekday,Summer,No,85.37,74.53,39.45
2023-08-01 23:00,8,23,Weekday,Summer,No,84.4,75.77,41.58
2023-08-02 00:00,8,0,Weekday,Summer,No,82.86,74.44,34.96
2023-08-02 01:00,8,1,Weekday,Summer,No,81.41,74.51,42.09
2023-08-02 02:00,8,2,Weekday,Summer,No,80.44,75.63,27.0
2023-08-02 03:00,8,3,Weekday,Summer,No,78.9,74.58,38.07
2023-08-02 04:00,8,4,Weekday,Summer,No,76.82,74.16,25.74
2023-08-02 05:00,8,5,Weekday,Summer,No,75.92,73.9,27.97
2023-08-02 06:00,8,6,Weekday,Summer,No,77.18,74.45,28.02
2023-08-02 07:00,8,7,Weekday,Summer,No,80.92,75.55,27.3
2023-08-02 08:00,8,8,Weekday,Summer,Yes,85.88,74.51,36.63
2023-08-02 09:00,8,9,Weekday,Summer,Yes,90.29,74.01,49.76
2023-08-02 10:00,8,10,Weekday,Summer,Yes,93.1,75.42,52.21
2023-08-02 11:00,8,11,Weekday,Summer,Yes,95.18,75.55,47.43
2023-08-02 12:00,8,12,Weekday,Summer,Yes,98.39,77.62,44.79
2023-08-02 13:00,8,13,Weekday,Summer,Yes,100.57,76.85,49.84
2023-08-02 14:00,8,14,Weekday,Summer,Yes,101.57,77.61,49.11
2023-08-02 15:00,8,15,Weekday,Summer,Yes,100.23,75.72,52.56
2023-08-02 16:00,8,16,Weekday,Summer,Yes,82.06,72.39,29.97
2023-08-02 17:00,8,17,Weekday,Summer,Yes,72.92,72.05,33.94
2023-08-02 18:00,8,18,Weekday,Summer,No,75.02,73.39,28.44
2023-08-02 19:00,8,19,Weekday,Summer,No,75.54,73.3,36.58
2023-08-02 20:00,8,20,Weekday,Summer,No,75.92,74.23,28.08
2023-08-02 21:00,8,21,Weekday,Summer,No,75.92,73.81,33.89
2023-08-02 22:00,8,22,Weekday,Summer,No,75.92,73.51,29.2
2023-08-02 23:00,8,23,Weekday,Summer,No,75.92,73.51,31.53
2023-08-03 00:00,8,0,Weekday,Summer,No,75.92,73.11,35.0
2023-08-03 01:00,8,1,Weekday,Summer,No,76.55,74.04,30.03
2023-08-03 02:00,8,2,Weekday,Summer,No,76.37,75.11,22.62
2023-08-03 03:00,8,3,Weekday,Summer,No,75.92,74.32,35.13
2023-08-03 04:00,8,4,Weekday,Summer,No,75.4,73.65,28.88
2023-08-03 05:00,8,5,Weekday,Summer,No,73.86,74.7,28.35
2023-08-03 06:00,8,6,Weekday,Summer,No,73.56,73.98,15.74
2023-08-03 07:00,8,7,Weekday,Summer,No,77.51,73.56,31.7
2023-08-03 08:00,8,8,Weekday,Summer,Yes,81.74,72.97,31.1
2023-08-03 09:00,8,9,Weekday,Summer,Yes,85.88,74.14,46.45
2023-08-03 10:00,8,10,Weekday,Summer,Yes,89.77,75.41,41.37
2023-08-03 11:00,8,11,Weekday,Summer,Yes,92.2,75.66,46.42
2023-08-03 12:00,8,12,Weekday,Summer,Yes,93.02,74.78,53.76
2023-08-03 13:00,8,13,Weekday,Summer,Yes,95.33,76.07,49.48
2023-08-03 14:00,8,14,Weekday,Summer,Yes,98.14,77.12,44.24
2023-08-03 15:00,8,15,Weekday,Summer,Yes,98.96,77.03,45.99
2023-08-03 16:00,8,16,Weekday,Summer,Yes,98.44,76.62,47.04
2023-08-03 17:00,8,17,Weekday,Summer,Yes,98.06,75.56,41.4
2023-08-03 18:00,8,18,Weekday,Summer,No,96.28,78.05,54.31
2023-08-03 19:00,8,19,Weekday,Summer,No,93.84,77.64,50.21
2023-08-03 20:00,8,20,Weekday,Summer,No,91.23,76.44,47.92
2023-08-03 21:00,8,21,Weekday,Summer,No,89.43,77.04,46.22
2023-08-03 22:00,8,22,Weekday,Summer,No,87.28,76.74,34.65
2023-08-03 23:00,8,23,Weekday,Summer,No,84.84,76.09,39.89
2023-08-04 00:00,8,0,Weekday,Summer,No,82.86,74.95,32.78
2023-08-04 01:00,8,1,Weekday,Summer,No,82.56,75.78,29.57
2023-08-04 02:00,8,2,Weekday,Summer,No,80.1,74.48,28.27
2023-08-04 03:00,8,3,Weekday,Summer,No,76.3,73.48,25.33
2023-08-04 04:00,8,4,Weekday,Summer,No,75.54,73.47,29.9
2023-08-04 05:00,8,5,Weekday,Summer,No,75.92,74.5,28.99
2023-08-04 06:00,8,6,Weekday,Summer,No,71.93,73.41,29.74
2023-08-04 07:00,8,7,Weekday,Summer,No,70.24,73.36,21.19
2023-08-04 08:00,8,8,Weekday,Summer,Yes,73.37,72.21,29.84
2023-08-04 09:00,8,9,Weekday,Summer,Yes,79.64,73.53,28.5
2023-08-04 10:00,8,10,Weekday,Summer,Yes,85.88,73.88,34.43
2023-08-04 11:00,8,11,Weekday,Summer,Yes,90.92,75.86,43.05
2023-08-04 12:00,8,12,Weekday,Summer,Yes,94.18,75.65,49.31
2023-08-04 13:00,8,13,Weekday,Summer,Yes,96.16,75.53,50.95
2023-08-04 14:00,8,14,Weekday,Summer,Yes,96.46,76.8,47.3
2023-08-04 15:00,8,15,Weekday,Summer,Yes,91.98,75.32,48.97
2023-08-04 16:00,8,16,Weekday,Summer,Yes,94.31,75.6,40.09
2023-08-04 17:00,8,17,Weekday,Summer,Yes,92.81,74.28,40.84
2023-08-04 18:00,8,18,Weekday,Summer,No,81.4,76.46,33.79
2023-08-04 19:00,8,19,Weekday,Summer,No,75.92,75.01,28.73
2023-08-04 20:00,8,20,Weekday,Summer,No,75.92,74.2,24.69
2023-08-04 21:00,8,21,Weekday,Summer,No,75.92,74.04,29.27
2023-08-04 22:00,8,22,Weekday,Summer,No,75.4,72.73,31.03
2023-08-04 23:00,8,23,Weekday,Summer,No,75.02,72.66,30.41
2023-08-05 00:00,8,0,Weekend,Summer,No,75.02,73.38,26.77
2023-08-05 01:00,8,1,Weekend,Summer,No,75.02,73.61,32.74
2023-08-05 02:00,8,2,Weekend,Summer,No,74.39,73.37,24.2
2023-08-05 03:00,8,3,Weekend,Summer,No,72.26,73.03,29.4
2023-08-05 04:00,8,4,Weekend,Summer,No,71.58,72.81,19.64
2023-08-05 05:00,8,5,Weekend,Summer,No,72.59,74.34,26.76
2023-08-05 06:00,8,6,Weekend,Summer,No,74.19,74.1,29.89
2023-08-05 07:00,8,7,Weekend,Summer,No,76.8,73.11,28.94
2023-08-05 08:00,8,8,Weekend,Summer,No,80.92,75.07,40.45
2023-08-05 09:00,8,9,Weekend,Summer,No,82.94,75.3,35.97
2023-08-05 10:00,8,10,Weekend,Summer,No,85.88,76.68,36.43
2023-08-05 11:00,8,11,Weekend,Summer,No,89.77,75.35,40.83
2023-08-05 12:00,8,12,Weekend,Summer,No,92.2,77.31,47.85
2023-08-05 13:00,8,13,Weekend,Summer,No,95.33,76.01,54.83
2023-08-05 14:00,8,14,Weekend,Summer,No,96.46,76.9,46.16
2023-08-05 15:00,8,15,Weekend,Summer,No,94.82,76.96,36.11
2023-08-05 16:00,8,16,Weekend,Summer,No,93.92,77.51,53.68
2023-08-05 17:00,8,17,Weekend,Summer,No,93.4,77.45,40.49
2023-08-05 18:00,8,18,Weekend,Summer,No,90.71,75.38,41.34
2023-08-05 19:00,8,19,Weekend,Summer,No,87.28,76.59,38.56
2023-08-05 20:00,8,20,Weekend,Summer,No,85.37,75.26,36.51
2023-08-05 21:00,8,21,Weekend,Summer,No,84.4,76.83,40.35
2023-08-05 22:00,8,22,Weekend,Summer,No,83.39,75.74,39.35
2023-08-05 23:00,8,23,Weekend,Summer,No,82.94,75.59,35.24
2023-08-06 00:00,8,0,Weekend,Summer,No,81.78,74.19,38.15
2023-08-06 01:00,8,1,Weekend,Summer,No,79.81,74.72,37.72
2023-08-06 02:00,8,2,Weekend,Summer,No,78.46,74.64,30.97
2023-08-06 03:00,8,3,Weekend,Summer,No,77.45,74.93,31.05
2023-08-06 04:00,8,4,Weekend,Summer,No,76.37,74.38,41.74
2023-08-06 05:00,8,5,Weekend,Summer,No,75.4,73.02,27.15
2023-08-06 06:00,8,6,Weekend,Summer,No,76.8,74.72,36.35
2023-08-06 07:00,8,7,Weekend,Summer,No,80.39,74.71,41.38
2023-08-06 08:00,8,8,Weekend,Summer,No,84.98,75.23,42.86
2023-08-06 09:00,8,9,Weekend,Summer,No,88.23,75.59,40.09
2023-08-06 10:00,8,10,Weekend,Summer,No,90.74,75.69,50.94
2023-08-06 11:00,8,11,Weekend,Summer,No,94.35,77.57,52.7
2023-08-06 12:00,8,12,Weekend,Summer,No,96.08,76.43,51.23
2023-08-06 13:00,8,13,Weekend,Summer,No,98.39,77.72,43.15
2023-08-06 14:00,8,14,Weekend,Summer,No,100.04,78.62,47.04
2023-08-06 15:00,8,15,Weekend,Summer,No,99.41,77.52,52.77
2023-08-06 16:00,8,16,Weekend,Summer,No,98.96,77.21,51.8
2023-08-06 17:00,8,17,Weekend,Summer,No,98.44,77.36,51.5
2023-08-06 18:00,8,18,Weekend,Summer,No,97.43,78.57,51.79
2023-08-06 19:00,8,19,Weekend,Summer,No,90.58,76.58,41.59
2023-08-06 20:00,8,20,Weekend,Summer,No,87.16,75.97,42.54
2023-08-06 21:00,8,21,Weekend,Summer,No,87.98,76.53,40.84
2023-08-06 22:00,8,22,Weekend,Summer,No,87.46,76.69,44.23
2023-08-06 23:00,8,23,Weekend,Summer,No,85.3,75.32,40.64
2023-08-07 00:00,8,0,Weekday,Summer,No,83.39,75.57,34.48
2023-08-07 01:00,8,1,Weekday,Summer,No,82.42,75.81,41.63
2023-08-07 02:00,8,2,Weekday,Summer,No,81.41,74.15,31.3
2023-08-07 03:00,8,3,Weekday,Summer,No,79.81,74.43,30.17
2023-08-07 04:00,8,4,Weekday,Summer,No,78.46,75.04,37.66
2023-08-07 05:00,8,5,Weekday,Summer,No,77.45,74.03,33.47
2023-08-07 06:00,8,6,Weekday,Summer,No,78.16,74.64,32.57
2023-08-07 07:00,8,7,Weekday,Summer,No,81.92,75.08,35.47
2023-08-07 08:00,8,8,Weekday,Summer,Yes,86.96,74.02,37.98
2023-08-07 09:00,8,9,Weekday,Summer,Yes,90.22,74.42,42.03
2023-08-07 10:00,8,10,Weekday,Summer,Yes,92.2,74.84,42.06
2023-08-07 11:00,8,11,Weekday,Summer,Yes,91.23,74.71,43.35
2023-08-07 12:00,8,12,Weekday,Summer,Yes,93.53,74.92,40.69
2023-08-07 13:00,8,13,Weekday,Summer,Yes,95.45,75.93,38.48
2023-08-07 14:00,8,14,Weekday,Summer,Yes,95.0,76.7,44.97
2023-08-07 15:00,8,15,Weekday,Summer,Yes,93.84,74.74,35.47
2023-08-07 16:00,8,16,Weekday,Summer,Yes,93.54,76.5,45.93
2023-08-07 17:00,8,17,Weekday,Summer,Yes,95.18,75.9,46.02
2023-08-07 18:00,8,18,Weekday,Summer,No,94.3,77.63,46.22
2023-08-07 19:00,8,19,Weekday,Summer,No,92.39,75.76,44.75
2023-08-07 20:00,8,20,Weekday,Summer,No,90.26,75.97,44.1
2023-08-07 21:00,8,21,Weekday,Summer,No,87.9,75.06,36.67
2023-08-07 22:00,8,22,Weekday,Summer,No,86.45,76.7,39.2
2023-08-07 23:00,8,23,Weekday,Summer,No,84.22,75.69,40.69
2023-08-08 00:00,8,0,Weekday,Summer,No,81.78,75.37,34.36
2023-08-08 01:00,8,1,Weekday,Summer,No,80.44,75.42,33.26
2023-08-08 02:00,8,2,Weekday,Summer,No,80.06,75.44,35.66
2023-08-08 03:00,8,3,Weekday,Summer,No,79.43,73.7,26.84
2023-08-08 04:00,8,4,Weekday,Summer,No,78.46,74.13,20.92
2023-08-08 05:00,8,5,Weekday,Summer,No,77.45,74.57,34.61
2023-08-08 06:00,8,6,Weekday,Summer,No,78.16,74.56,29.4
2023-08-08 07:00,8,7,Weekday,Summer,No,82.44,75.53,39.99
2023-08-08 08:00,8,8,Weekday,Summer,Yes,87.86,75.41,33.49
2023-08-08 09:00,8,9,Weekday,Summer,Yes,91.74,74.93,44.39
2023-08-08 10:00,8,10,Weekday,Summer,Yes,94.18,74.81,41.16
2023-08-08 11:00,8,11,Weekday,Summer,Yes,96.78,76.36,46.68
2023-08-08 12:00,8,12,Weekday,Summer,Yes,99.22,76.01,51.46
2023-08-08 13:00,8,13,Weekday,Summer,Yes,100.57,76.25,52.02
2023-08-08 14:00,8,14,Weekday,Summer,Yes,100.94,75.81,47.22
2023-08-08 15:00,8,15,Weekday,Summer,Yes,102.1,76.54,52.58
2023-08-08 16:00,8,16,Weekday,Summer,Yes,102.4,77.2,46.5
2023-08-08 17:00,8,17,Weekday,Summer,Yes,100.23,76.23,47.01
2023-08-08 18:00,8,18,Weekday,Summer,No,92.03,77.31,45.66
2023-08-08 19:00,8,19,Weekday,Summer,No,85.82,75.78,42.04
2023-08-08 20:00,8,20,Weekday,Summer,No,84.4,74.32,42.57
2023-08-08 21:00,8,21,Weekday,Summer,No,83.39,74.34,35.2
2023-08-08 22:00,8,22,Weekday,Summer,No,81.78,75.73,28.51
2023-08-08 23:00,8,23,Weekday,Summer,No,80.96,73.81,36.41
2023-08-09 00:00,8,0,Weekday,Summer,No,80.44,73.81,34.99
2023-08-09 01:00,8,1,Weekday,Summer,No,80.06,74.0,34.3
2023-08-09 02:00,8,2,Weekday,Summer,No,79.43,73.47,34.7
2023-08-09 03:00,8,3,Weekday,Summer,No,79.61,74.11,29.1
2023-08-09 04:00,8,4,Weekday,Summer,No,79.43,73.36,23.95
2023-08-09 05:00,8,5,Weekday,Summer,No,79.61,74.66,36.6
2023-08-09 06:00,8,6,Weekday,Summer,No,79.43,75.64,41.89
2023-08-09 07:00,8,7,Weekday,Summer,No,79.61,74.44,32.12
2023-08-09 08:00,8,8,Weekday,Summer,Yes,81.22,73.56,28.85
2023-08-09 09:00,8,9,Weekday,Summer,Yes,83.72,73.77,36.14
2023-08-09 10:00,8,10,Weekday,Summer,Yes,87.86,74.27,44.28
2023-08-09 11:00,8,11,Weekday,Summer,Yes,89.43,74.26,35.2
2023-08-09 12:00,8,12,Weekday,Summer,Yes,91.37,73.6,44.95
2023-08-09 13:00,8,13,Weekday,Summer,Yes,95.96,75.62,47.81
2023-08-09 14:00,8,14,Weekday,Summer,Yes,98.58,76.08,50.8
2023-08-09 15:00,8,15,Weekday,Summer,Yes,98.44,76.81,46.18
2023-08-09 16:00,8,16,Weekday,Summer,Yes,98.58,76.15,51.03
2023-08-09 17:00,8,17,Weekday,Summer,Yes,96.65,76.78,45.96
2023-08-09 18:00,8,18,Weekday,Summer,No,94.37,75.53,36.36
2023-08-09 19:00,8,19,Weekday,Summer,No,91.61,76.75,44.51
2023-08-09 20:00,8,20,Weekday,Summer,No,85.34,75.28,37.68
2023-08-09 21:00,8,21,Weekday,Summer,No,82.56,74.7,33.87
2023-08-09 22:00,8,22,Weekday,Summer,No,80.63,75.21,37.75
2023-08-09 23:00,8,23,Weekday,Summer,No,78.98,74.29,37.23
2023-08-10 00:00,8,0,Weekday,Summer,No,78.46,76.24,34.92
2023-08-10 01:00,8,1,Weekday,Summer,No,76.82,74.21,38.38
2023-08-10 02:00,8,2,Weekday,Summer,No,75.4,74.99,31.66
2023-08-10 03:00,8,3,Weekday,Summer,No,75.02,74.22,32.26
2023-08-10 04:00,8,4,Weekday,Summer,No,75.02,73.57,21.82
2023-08-10 05:00,8,5,Weekday,Summer,No,74.39,73.06,23.69
2023-08-10 06:00,8,6,Weekday,Summer,No,75.1,74.24,30.21
2023-08-10 07:00,8,7,Weekday,Summer,No,77.18,73.47,32.53
2023-08-10 08:00,8,8,Weekday,Summer,Yes,78.08,74.14,26.3
2023-08-10 09:00,8,9,Weekday,Summer,Yes,79.24,74.25,35.2
2023-08-10 10:00,8,10,Weekday,Summer,Yes,80.06,74.05,41.55
2023-08-10 11:00,8,11,Weekday,Summer,Yes,83.52,74.08,51.72
2023-08-10 12:00,8,12,Weekday,Summer,Yes,87.78,74.6,30.54
2023-08-10 13:00,8,13,Weekday,Summer,Yes,91.9,75.35,49.39
2023-08-10 14:00,8,14,Weekday,Summer,Yes,91.61,74.47,39.07
2023-08-10 15:00,8,15,Weekday,Summer,Yes,89.43,74.76,40.98
2023-08-10 16:00,8,16,Weekday,Summer,Yes,86.65,73.15,39.58
2023-08-10 17:00,8,17,Weekday,Summer,Yes,84.92,73.11,37.99
2023-08-10 18:00,8,18,Weekday,Summer,No,84.4,74.96,36.96
2023-08-10 19:00,8,19,Weekday,Summer,No,83.39,74.83,32.93
2023-08-10 20:00,8,20,Weekday,Summer,No,81.78,74.7,32.07
2023-08-10 21:00,8,21,Weekday,Summer,No,80.96,73.66,36.78
2023-08-10 22:00,8,22,Weekday,Summer,No,78.65,73.47,33.28
2023-08-10 23:00,8,23,Weekday,Summer,No,73.54,72.52,23.66
2023-08-11 00:00,8,0,Weekday,Summer,No,71.06,72.58,21.69
2023-08-11 01:00,8,1,Weekday,Summer,No,70.43,72.73,16.72
2023-08-11 02:00,8,2,Weekday,Summer,No,69.98,74.24,20.36
2023-08-11 03:00,8,3,Weekday,Summer,No,70.61,72.69,21.53
2023-08-11 04:00,8,4,Weekday,Summer,No,71.06,71.82,21.06
2023-08-11 05:00,8,5,Weekday,Summer,No,71.06,72.27,32.15
2023-08-11 06:00,8,6,Weekday,Summer,No,71.06,72.46,22.93
2023-08-11 07:00,8,7,Weekday,Summer,No,72.74,73.44,26.94
2023-08-11 08:00,8,8,Weekday,Summer,Yes,75.1,72.92,25.84
2023-08-11 09:00,8,9,Weekday,Summer,Yes,77.18,72.78,24.4
2023-08-11 10:00,8,10,Weekday,Summer,Yes,80.39,73.62,31.45
2023-08-11 11:00,8,11,Weekday,Summer,Yes,83.72,73.33,42.99
2023-08-11 12:00,8,12,Weekday,Summer,Yes,87.34,74.18,35.98
2023-08-11 13:00,8,13,Weekday,Summer,Yes,80.87,72.83,32.15
2023-08-11 14:00,8,14,Weekday,Summer,Yes,80.79,74.4,24.11
2023-08-11 15:00,8,15,Weekday,Summer,Yes,86.7,74.63,33.36
2023-08-11 16:00,8,16,Weekday,Summer,Yes,87.46,73.86,35.64
2023-08-11 17:00,8,17,Weekday,Summer,Yes,87.08,74.3,38.82
2023-08-11 18:00,8,18,Weekday,Summer,No,84.14,74.77,28.9
2023-08-11 19:00,8,19,Weekday,Summer,No,80.88,74.68,29.44
2023-08-11 20:00,8,20,Weekday,Summer,No,79.43,73.55,35.05
2023-08-11 21:00,8,21,Weekday,Summer,No,78.46,73.4,23.91
2023-08-11 22:00,8,22,Weekday,Summer,No,78.08,74.49,37.02
2023-08-11 23:00,8,23,Weekday,Summer,No,76.82,73.79,30.83
2023-08-12 00:00,8,0,Weekend,Summer,No,75.92,75.11,31.26
2023-08-12 01:00,8,1,Weekend,Summer,No,75.4,73.03,28.69
2023-08-12 02:00,8,2,Weekend,Summer,No,75.02,73.62,32.29
2023-08-12 03:00,8,3,Weekend,Summer,No,75.02,73.77,19.49
2023-08-12 04:00,8,4,Weekend,Summer,No,74.39,72.61,35.33
2023-08-12 05:00,8,5,Weekend,Summer,No,73.94,72.33,34.03
2023-08-12 06:00,8,6,Weekend,Summer,No,73.94,71.81,30.12
2023-08-12 07:00,8,7,Weekend,Summer,No,76.88,74.12,32.74
2023-08-12 08:00,8,8,Weekend,Summer,No,80.13,74.47,23.21
2023-08-12 09:00,8,9,Weekend,Summer,No,83.9,75.08,41.27
2023-08-12 10:00,8,10,Weekend,Summer,No,87.16,75.0,41.86
2023-08-12 11:00,8,11,Weekend,Summer,No,89.14,75.63,37.65
2023-08-12 12:00,8,12,Weekend,Summer,No,92.27,76.56,39.54
2023-08-12 13:00,8,13,Weekend,Summer,No,95.18,77.8,41.57
2023-08-12 14:00,8,14,Weekend,Summer,No,94.82,76.87,43.26
2023-08-12 15:00,8,15,Weekend,Summer,No,95.18,77.22,49.43
2023-08-12 16:00,8,16,Weekend,Summer,No,96.6,77.6,36.85
2023-08-12 17:00,8,17,Weekend,Summer,No,94.67,76.47,40.23
2023-08-12 18:00,8,18,Weekend,Summer,No,93.02,76.18,37.06
2023-08-12 19:00,8,19,Weekend,Summer,No,91.23,75.3,52.84
2023-08-12 20:00,8,20,Weekend,Summer,No,87.02,75.87,39.33
2023-08-12 21:00,8,21,Weekend,Summer,No,84.92,75.89,39.99
2023-08-12 22:00,8,22,Weekend,Summer,No,83.24,75.53,41.11
2023-08-12 23:00,8,23,Weekend,Summer,No,80.26,75.26,27.58
2023-08-13 00:00,8,0,Weekend,Summer,No,78.46,74.42,33.49
2023-08-13 01:00,8,1,Weekend,Summer,No,78.08,73.93,29.58
2023-08-13 02:00,8,2,Weekend,Summer,No,76.3,73.67,31.1
2023-08-13 03:00,8,3,Weekend,Summer,No,75.02,73.3,28.88
2023-08-13 04:00,8,4,Weekend,Summer,No,74.39,73.75,35.05
2023-08-13 05:00,8,5,Weekend,Summer,No,73.42,74.06,31.56
2023-08-13 06:00,8,6,Weekend,Summer,No,74.72,72.81,37.76
2023-08-13 07:00,8,7,Weekend,Summer,No,78.33,74.27,32.97
2023-08-13 08:00,8,8,Weekend,Summer,No,82.37,74.64,35.55
2023-08-13 09:00,8,9,Weekend,Summer,No,87.48,75.95,45.13
2023-08-13 10:00,8,10,Weekend,Summer,No,91.12,76.19,39.33
2023-08-13 11:00,8,11,Weekend,Summer,No,93.1,76.04,48.83
2023-08-13 12:00,8,12,Weekend,Summer,No,96.86,76.75,49.36
2023-08-13 13:00,8,13,Weekend,Summer,No,98.96,78.87,44.75
2023-08-13 14:00,8,14,Weekend,Summer,No,100.74,77.84,42.61
2023-08-13 15:00,8,15,Weekend,Summer,No,101.39,77.03,44.14
2023-08-13 16:00,8,16,Weekend,Summer,No,99.78,78.16,57.07
2023-08-13 17:00,8,17,Weekend,Summer,No,98.96,77.92,50.0
2023-08-13 18:00,8,18,Weekend,Summer,No,97.28,77.93,43.0
2023-08-13 19:00,8,19,Weekend,Summer,No,93.66,76.27,44.67
2023-08-13 20:00,8,20,Weekend,Summer,No,89.1,77.22,41.68
2023-08-13 21:00,8,21,Weekend,Summer,No,84.66,75.76,43.35
2023-08-13 22:00,8,22,Weekend,Summer,No,81.26,74.28,37.07
2023-08-13 23:00,8,23,Weekend,Summer,No,80.06,74.1,35.84
2023-08-14 00:00,8,0,Weekday,Summer,No,79.43,76.01,25.53
2023-08-14 01:00,8,1,Weekday,Summer,No,78.46,73.18,28.25
2023-08-14 02:00,8,2,Weekday,Summer,No,77.45,73.95,28.52
2023-08-14 03:00,8,3,Weekday,Summer,No,76.37,73.4,21.67
2023-08-14 04:00,8,4,Weekday,Summer,No,75.4,72.6,28.11
2023-08-14 05:00,8,5,Weekday,Summer,No,75.02,72.99,24.57
2023-08-14 06:00,8,6,Weekday,Summer,No,75.54,74.14,30.5
2023-08-14 07:00,8,7,Weekday,Summer,No,79.49,74.92,34.26
2023-08-14 08:00,8,8,Weekday,Summer,Yes,84.35,73.02,38.92
2023-08-14 09:00,8,9,Weekday,Summer,Yes,87.16,74.31,41.65
2023-08-14 10:00,8,10,Weekday,Summer,Yes,89.77,74.48,44.34
2023-08-14 11:00,8,11,Weekday,Summer,Yes,92.72,76.41,40.39
2023-08-14 12:00,8,12,Weekday,Summer,Yes,93.92,75.25,42.07
2023-08-14 13:00,8,13,Weekday,Summer,Yes,94.55,75.66,45.08
2023-08-14 14:00,8,14,Weekday,Summer,Yes,95.63,75.7,51.76
2023-08-14 15:00,8,15,Weekday,Summer,Yes,96.08,76.93,53.49
2023-08-14 16:00,8,16,Weekday,Summer,Yes,96.08,76.58,41.57
2023-08-14 17:00,8,17,Weekday,Summer,Yes,94.82,76.04,48.98
2023-08-14 18:00,8,18,Weekday,Summer,No,92.24,76.59,42.29
2023-08-14 19:00,8,19,Weekday,Summer,No,89.88,76.16,39.58
2023-08-14 20:00,8,20,Weekday,Summer,No,86.65,74.54,43.51
2023-08-14 21:00,8,21,Weekday,Summer,No,84.4,75.16,31.19
2023-08-14 22:00,8,22,Weekday,Summer,No,81.71,75.04,33.79
2023-08-14 23:00,8,23,Weekday,Summer,No,78.9,74.18,23.28
2023-08-15 00:00,8,0,Weekday,Summer,No,77.45,74.44,33.42
2023-08-15 01:00,8,1,Weekday,Summer,No,75.84,72.26,33.02
2023-08-15 02:00,8,2,Weekday,Summer,No,72.08,73.82,29.76
2023-08-15 03:00,8,3,Weekday,Summer,No,69.46,72.48,18.44
2023-08-15 04:00,8,4,Weekday,Summer,No,67.82,72.16,18.2
2023-08-15 05:00,8,5,Weekday,Summer,No,66.92,72.09,23.94
2023-08-15 06:00,8,6,Weekday,Summer,No,69.86,73.44,26.51
2023-08-15 07:00,8,7,Weekday,Summer,No,76.06,74.38,31.27
2023-08-15 08:00,8,8,Weekday,Summer,Yes,81.92,73.57,30.71
2023-08-15 09:00,8,9,Weekday,Summer,Yes,86.33,74.93,35.5
2023-08-15 10:00,8,10,Weekday,Summer,Yes,89.14,73.09,33.1
2023-08-15 11:00,8,11,Weekday,Summer,Yes,91.12,74.99,39.1
2023-08-15 12:00,8,12,Weekday,Summer,Yes,92.57,75.68,49.71
2023-08-15 13:00,8,13,Weekday,Summer,Yes,94.18,74.84,45.47
2023-08-15 14:00,8,14,Weekday,Summer,Yes,95.63,75.8,48.71
2023-08-15 15:00,8,15,Weekday,Summer,Yes,96.08,75.4,43.31
2023-08-15 16:00,8,16,Weekday,Summer,Yes,96.6,76.4,48.87
2023-08-15 17:00,8,17,Weekday,Summer,Yes,95.2,76.05,48.12
2023-08-15 18:00,8,18,Weekday,Summer,No,93.4,76.92,46.34
2023-08-15 19:00,8,19,Weekday,Summer,No,90.08,76.12,44.83
2023-08-15 20:00,8,20,Weekday,Summer,No,85.67,75.6,34.81
2023-08-15 21:00,8,21,Weekday,Summer,No,83.39,74.13,31.44
2023-08-15 22:00,8,22,Weekday,Summer,No,81.78,76.32,34.47
2023-08-15 23:00,8,23,Weekday,Summer,No,79.81,73.45,34.35
2023-08-16 00:00,8,0,Weekday,Summer,No,77.2,73.93,26.29
2023-08-16 01:00,8,1,Weekday,Summer,No,73.61,73.54,31.59
2023-08-16 02:00,8,2,Weekday,Summer,No,70.81,73.06,22.03
2023-08-16 03:00,8,3,Weekday,Summer,No,69.46,74.21,26.64
2023-08-16 04:00,8,4,Weekday,Summer,No,69.08,72.93,18.39
2023-08-16 05:00,8,5,Weekday,Summer,No,67.3,73.04,17.54
2023-08-16 06:00,8,6,Weekday,Summer,No,68.96,73.32,18.91
2023-08-16 07:00,8,7,Weekday,Summer,No,75.16,73.67,29.36
2023-08-16 08:00,8,8,Weekday,Summer,Yes,81.54,72.18,35.96
2023-08-16 09:00,8,9,Weekday,Summer,Yes,87.48,75.26,44.59
2023-08-16 10:00,8,10,Weekday,Summer,Yes,91.12,76.4,44.87
2023-08-16 11:00,8,11,Weekday,Summer,Yes,92.57,75.32,42.55
2023-08-16 12:00,8,12,Weekday,Summer,Yes,94.8,75.66,43.36
2023-08-16 13:00,8,13,Weekday,Summer,Yes,96.6,77.66,43.5
2023-08-16 14:00,8,14,Weekday,Summer,Yes,98.14,75.66,48.95
2023-08-16 15:00,8,15,Weekday,Summer,Yes,98.96,75.46,48.17
2023-08-16 16:00,8,16,Weekday,Summer,Yes,98.96,76.76,46.83
2023-08-16 17:00,8,17,Weekday,Summer,Yes,97.28,75.2,43.68
2023-08-16 18:00,8,18,Weekday,Summer,No,95.45,77.4,45.01
2023-08-16 19:00,8,19,Weekday,Summer,No,93.22,75.79,43.31
2023-08-16 20:00,8,20,Weekday,Summer,No,89.63,76.33,43.96
2023-08-16 21:00,8,21,Weekday,Summer,No,86.82,76.37,43.23
2023-08-16 22:00,8,22,Weekday,Summer,No,84.84,74.84,39.29
2023-08-16 23:00,8,23,Weekday,Summer,No,82.86,74.96,33.6
2023-08-17 00:00,8,0,Weekday,Summer,No,79.1,74.14,39.21
2023-08-17 01:00,8,1,Weekday,Summer,No,75.84,74.69,26.66
2023-08-17 02:00,8,2,Weekday,Summer,No,72.71,74.25,29.17
2023-08-17 03:00,8,3,Weekday,Summer,No,71.06,73.24,26.62
2023-08-17 04:00,8,4,Weekday,Summer,No,70.43,72.56,23.77
2023-08-17 05:00,8,5,Weekday,Summer,No,69.98,72.36,32.03
2023-08-17 06:00,8,6,Weekday,Summer,No,71.76,70.92,25.48
2023-08-17 07:00,8,7,Weekday,Summer,No,76.5,73.86,27.64
2023-08-17 08:00,8,8,Weekday,Summer,Yes,83.08,72.9,35.38
2023-08-17 09:00,8,9,Weekday,Summer,Yes,89.46,74.85,38.06
2023-08-17 10:00,8,10,Weekday,Summer,Yes,93.1,75.17,42.16
2023-08-17 11:00,8,11,Weekday,Summer,Yes,95.7,74.49,50.54
2023-08-17 12:00,8,12,Weekday,Summer,Yes,97.61,76.39,44.05
2023-08-17 13:00,8,13,Weekday,Summer,Yes,100.37,75.7,56.36
2023-08-17 14:00,8,14,Weekday,Summer,Yes,101.39,77.31,48.68
2023-08-17 15:00,8,15,Weekday,Summer,Yes,102.1,76.93,45.7
2023-08-17 16:00,8,16,Weekday,Summer,Yes,102.4,77.18,58.62
2023-08-17 17:00,8,17,Weekday,Summer,Yes,100.86,75.45,59.45
2023-08-17 18:00,8,18,Weekday,Summer,No,97.73,79.21,44.76
2023-08-17 19:00,8,19,Weekday,Summer,No,94.82,77.94,36.45
2023-08-17 20:00,8,20,Weekday,Summer,No,92.76,77.03,44.2
2023-08-17 21:00,8,21,Weekday,Summer,No,90.26,76.98,32.75
2023-08-17 22:00,8,22,Weekday,Summer,No,87.28,75.68,32.91
2023-08-17 23:00,8,23,Weekday,Summer,No,82.54,74.58,31.49
2023-08-18 00:00,8,0,Weekday,Summer,No,79.43,74.21,19.44
2023-08-18 01:00,8,1,Weekday,Summer,No,77.2,74.4,33.28
2023-08-18 02:00,8,2,Weekday,Summer,No,74.76,75.5,28.26
2023-08-18 03:00,8,3,Weekday,Summer,No,73.42,73.29,36.95
2023-08-18 04:00,8,4,Weekday,Summer,No,73.04,72.89,29.33
2023-08-18 05:00,8,5,Weekday,Summer,No,72.41,72.62,27.68
2023-08-18 06:00,8,6,Weekday,Summer,No,73.12,74.05,29.82
2023-08-18 07:00,8,7,Weekday,Summer,No,76.88,73.78,22.26
2023-08-18 08:00,8,8,Weekday,Summer,Yes,83.08,73.44,36.8
2023-08-18 09:00,8,9,Weekday,Summer,Yes,88.94,74.41,46.06
2023-08-18 10:00,8,10,Weekday,Summer,Yes,93.35,75.1,43.41
2023-08-18 11:00,8,11,Weekday,Summer,Yes,97.31,75.36,51.23
2023-08-18 12:00,8,12,Weekday,Summer,Yes,101.27,77.67,49.62
2023-08-18 13:00,8,13,Weekday,Summer,Yes,102.92,78.31,52.97
2023-08-18 14:00,8,14,Weekday,Summer,Yes,102.92,77.36,56.07
2023-08-18 15:00,8,15,Weekday,Summer,Yes,102.92,75.91,49.16
2023-08-18 16:00,8,16,Weekday,Summer,Yes,102.92,77.39,54.03
2023-08-18 17:00,8,17,Weekday,Summer,Yes,102.4,76.08,50.93
2023-08-18 18:00,8,18,Weekday,Summer,No,100.23,77.23,48.8
2023-08-18 19:00,8,19,Weekday,Summer,No,96.65,78.01,41.09
2023-08-18 20:00,8,20,Weekday,Summer,No,93.84,77.47,52.62
2023-08-18 21:00,8,21,Weekday,Summer,No,90.71,75.78,40.22
2023-08-18 22:00,8,22,Weekday,Summer,No,87.28,75.64,45.17
2023-08-18 23:00,8,23,Weekday,Summer,No,83.69,76.46,33.56
2023-08-19 00:00,8,0,Weekend,Summer,No,80.88,75.49,38.07
2023-08-19 01:00,8,1,Weekend,Summer,No,82.37,75.43,29.33
2023-08-19 02:00,8,2,Weekend,Summer,No,83.39,76.76,33.72
2023-08-19 03:00,8,3,Weekend,Summer,No,82.42,74.83,35.12
2023-08-19 04:00,8,4,Weekend,Summer,No,80.88,74.04,37.59
2023-08-19 05:00,8,5,Weekend,Summer,No,78.9,74.53,31.38
2023-08-19 06:00,8,6,Weekend,Summer,No,77.45,74.02,29.54
2023-08-19 07:00,8,7,Weekend,Summer,No,79.94,75.14,36.57
2023-08-19 08:00,8,8,Weekend,Summer,No,84.98,76.12,36.18
2023-08-19 09:00,8,9,Weekend,Summer,No,88.76,75.12,39.66
2023-08-19 10:00,8,10,Weekend,Summer,No,92.9,76.99,40.08
2023-08-19 11:00,8,11,Weekend,Summer,No,96.16,76.87,51.06
2023-08-19 12:00,8,12,Weekend,Summer,No,98.77,76.63,44.41
2023-08-19 13:00,8,13,Weekend,Summer,No,101.2,78.12,52.73
2023-08-19 14:00,8,14,Weekend,Summer,No,102.54,78.49,51.61
2023-08-19 15:00,8,15,Weekend,Summer,No,102.4,78.62,54.46
2023-08-19 16:00,8,16,Weekend,Summer,No,102.54,78.91,52.03
2023-08-19 17:00,8,17,Weekend,Summer,No,101.76,78.67,54.95
2023-08-19 18:00,8,18,Weekend,Summer,No,96.84,77.94,49.78
2023-08-19 19:00,8,19,Weekend,Summer,No,93.4,75.55,42.95
2023-08-19 20:00,8,20,Weekend,Summer,No,90.71,76.53,36.88
2023-08-19 21:00,8,21,Weekend,Summer,No,87.28,76.8,38.81
2023-08-19 22:00,8,22,Weekend,Summer,No,84.22,75.24,37.32
2023-08-19 23:00,8,23,Weekend,Summer,No,82.42,75.38,38.57
2023-08-20 00:00,8,0,Weekend,Summer,No,82.04,75.49,36.19
2023-08-20 01:00,8,1,Weekend,Summer,No,82.04,74.7,31.44
2023-08-20 02:00,8,2,Weekend,Summer,No,80.88,75.42,31.91
2023-08-20 03:00,8,3,Weekend,Summer,No,79.43,75.31,33.74
2023-08-20 04:00,8,4,Weekend,Summer,No,77.82,74.02,32.03
2023-08-20 05:00,8,5,Weekend,Summer,No,78.16,74.84,31.12
2023-08-20 06:00,8,6,Weekend,Summer,No,78.46,74.19,29.19
2023-08-20 07:00,8,7,Weekend,Summer,No,80.39,75.16,40.3
2023-08-20 08:00,8,8,Weekend,Summer,No,84.98,75.6,37.06
2023-08-20 09:00,8,9,Weekend,Summer,No,89.39,76.5,36.93
2023-08-20 10:00,8,10,Weekend,Summer,No,92.72,76.93,41.64
2023-08-20 11:00,8,11,Weekend,Summer,No,95.7,77.29,40.25
2023-08-20 12:00,8,12,Weekend,Summer,No,98.14,77.05,46.44
2023-08-20 13:00,8,13,Weekend,Summer,No,99.59,76.74,50.36
2023-08-20 14:00,8,14,Weekend,Summer,No,99.41,78.54,46.42
2023-08-20 15:00,8,15,Weekend,Summer,No,90.24,75.28,36.02
2023-08-20 16:00,8,16,Weekend,Summer,No,84.54,75.0,41.07
2023-08-20 17:00,8,17,Weekend,Summer,No,83.77,74.25,41.13
2023-08-20 18:00,8,18,Weekend,Summer,No,82.94,76.18,38.99
2023-08-20 19:00,8,19,Weekend,Summer,No,82.42,75.07,33.01
2023-08-20 20:00,8,20,Weekend,Summer,No,80.88,74.4,30.22
2023-08-20 21:00,8,21,Weekend,Summer,No,79.43,74.29,29.07
2023-08-20 22:00,8,22,Weekend,Summer,No,77.2,72.62,31.68
2023-08-20 23:00,8,23,Weekend,Summer,No,76.55,74.24,26.35
2023-08-21 00:00,8,0,Weekday,Summer,No,76.37,73.89,31.86
2023-08-21 01:00,8,1,Weekday,Summer,No,75.92,72.57,29.08
2023-08-21 02:00,8,2,Weekday,Summer,No,75.92,72.95,26.72
2023-08-21 03:00,8,3,Weekday,Summer,No,74.76,73.65,32.59
2023-08-21 04:00,8,4,Weekday,Summer,No,73.94,74.39,33.88
2023-08-21 05:00,8,5,Weekday,Summer,No,74.57,73.7,25.27
2023-08-21 06:00,8,6,Weekday,Summer,No,75.02,73.84,27.69
2023-08-21 07:00,8,7,Weekday,Summer,No,80.27,74.72,30.92
2023-08-21 08:00,8,8,Weekday,Summer,Yes,86.33,74.09,41.57
2023-08-21 09:00,8,9,Weekday,Summer,Yes,89.14,75.08,41.27
2023-08-21 10:00,8,10,Weekday,Summer,Yes,91.12,75.01,42.15
2023-08-21 11:00,8,11,Weekday,Summer,Yes,93.1,74.98,46.29
2023-08-21 12:00,8,12,Weekday,Summer,Yes,93.4,76.55,39.8
2023-08-21 13:00,8,13,Weekday,Summer,Yes,93.02,75.25,42.52
2023-08-21 14:00,8,14,Weekday,Summer,Yes,94.18,75.25,40.92
2023-08-21 15:00,8,15,Weekday,Summer,Yes,92.06,75.71,49.3
2023-08-21 16:00,8,16,Weekday,Summer,Yes,91.74,75.96,42.41
2023-08-21 17:00,8,17,Weekday,Summer,Yes,93.02,75.66,37.0
2023-08-21 18:00,8,18,Weekday,Summer,No,90.71,76.95,42.47
2023-08-21 19:00,8,19,Weekday,Summer,No,87.9,75.59,27.88
2023-08-21 20:00,8,20,Weekday,Summer,No,78.89,74.54,28.69
2023-08-21 21:00,8,21,Weekday,Summer,No,73.04,74.08,23.33
2023-08-21 22:00,8,22,Weekday,Summer,No,72.41,73.15,28.01
2023-08-21 23:00,8,23,Weekday,Summer,No,71.96,72.71,27.95
2023-08-22 00:00,8,0,Weekday,Summer,No,72.59,74.56,30.39
2023-08-22 01:00,8,1,Weekday,Summer,No,71.88,73.52,26.73
2023-08-22 02:00,8,2,Weekday,Summer,No,70.43,73.35,23.67
2023-08-22 03:00,8,3,Weekday,Summer,No,69.98,73.01,21.04
2023-08-22 04:00,8,4,Weekday,Summer,No,69.46,72.51,27.19
2023-08-22 05:00,8,5,Weekday,Summer,No,69.08,72.64,24.46
2023-08-22 06:00,8,6,Weekday,Summer,No,70.24,72.9,22.23
2023-08-22 07:00,8,7,Weekday,Summer,No,73.37,73.86,20.99
2023-08-22 08:00,8,8,Weekday,Summer,Yes,76.8,73.04,25.18
2023-08-22 09:00,8,9,Weekday,Summer,Yes,81.54,73.41,34.86
2023-08-22 10:00,8,10,Weekday,Summer,Yes,85.18,75.01,39.55
2023-08-22 11:00,8,11,Weekday,Summer,Yes,88.94,75.0,29.39
2023-08-22 12:00,8,12,Weekday,Summer,Yes,92.72,74.71,43.28
2023-08-22 13:00,8,13,Weekday,Summer,Yes,94.55,76.26,41.13
2023-08-22 14:00,8,14,Weekday,Summer,Yes,94.37,75.52,51.83
2023-08-22 15:00,8,15,Weekday,Summer,Yes,94.55,75.28,45.97
2023-08-22 16:00,8,16,Weekday,Summer,Yes,95.63,76.2,39.85
2023-08-22 17:00,8,17,Weekday,Summer,Yes,91.36,75.12,39.74
2023-08-22 18:00,8,18,Weekday,Summer,No,86.82,76.36,40.4
2023-08-22 19:00,8,19,Weekday,Summer,No,85.37,75.49,30.74
2023-08-22 20:00,8,20,Weekday,Summer,No,84.4,75.05,30.03
2023-08-22 21:00,8,21,Weekday,Summer,No,83.39,74.45,36.27
2023-08-22 22:00,8,22,Weekday,Summer,No,81.78,75.95,33.15
2023-08-22 23:00,8,23,Weekday,Summer,No,80.44,75.24,32.56
2023-08-23 00:00,8,0,Weekday,Summer,No,79.43,74.61,28.01
2023-08-23 01:00,8,1,Weekday,Summer,No,77.82,74.58,30.14
2023-08-23 02:00,8,2,Weekday,Summer,No,76.37,73.4,38.15
2023-08-23 03:00,8,3,Weekday,Summer,No,74.76,74.84,35.85
2023-08-23 04:00,8,4,Weekday,Summer,No,73.94,73.88,28.04
2023-08-23 05:00,8,5,Weekday,Summer,No,73.42,73.33,18.36
2023-08-23 06:00,8,6,Weekday,Summer,No,73.56,71.95,25.41
2023-08-23 07:00,8,7,Weekday,Summer,No,77.51,74.12,29.26
2023-08-23 08:00,8,8,Weekday,Summer,Yes,82.9,73.35,36.95
2023-08-23 09:00,8,9,Weekday,Summer,Yes,87.34,74.45,40.07
2023-08-23 10:00,8,10,Weekday,Summer,Yes,90.74,75.86,38.03
2023-08-23 11:00,8,11,Weekday,Summer,Yes,92.57,75.57,36.34
2023-08-23 12:00,8,12,Weekday,Summer,Yes,94.18,75.94,46.52
2023-08-23 13:00,8,13,Weekday,Summer,Yes,97.31,76.31,43.57
2023-08-23 14:00,8,14,Weekday,Summer,Yes,97.28,76.82,48.51
2023-08-23 15:00,8,15,Weekday,Summer,Yes,96.08,75.39,41.19
2023-08-23 16:00,8,16,Weekday,Summer,Yes,96.08,74.32,43.3
2023-08-23 17:00,8,17,Weekday,Summer,Yes,95.45,75.84,46.42
2023-08-23 18:00,8,18,Weekday,Summer,No,90.38,75.71,44.41
2023-08-23 19:00,8,19,Weekday,Summer,No,85.82,74.97,40.27
2023-08-23 20:00,8,20,Weekday,Summer,No,86.7,76.2,31.59
2023-08-23 21:00,8,21,Weekday,Summer,No,86.82,74.83,39.16
2023-08-23 22:00,8,22,Weekday,Summer,No,84.84,75.16,39.97
2023-08-23 23:00,8,23,Weekday,Summer,No,83.39,74.64,36.23
2023-08-24 00:00,8,0,Weekday,Summer,No,82.42,75.47,30.09
2023-08-24 01:00,8,1,Weekday,Summer,No,81.41,73.89,37.96
2023-08-24 02:00,8,2,Weekday,Summer,No,80.44,73.63,34.24
2023-08-24 03:00,8,3,Weekday,Summer,No,78.28,73.7,32.07
2023-08-24 04:00,8,4,Weekday,Summer,No,75.84,74.04,30.09
2023-08-24 05:00,8,5,Weekday,Summer,No,74.39,74.0,27.24
2023-08-24 06:00,8,6,Weekday,Summer,No,75.72,73.05,31.07
2023-08-24 07:00,8,7,Weekday,Summer,No,78.78,75.45,30.57
2023-08-24 08:00,8,8,Weekday,Summer,Yes,78.9,73.37,26.95
2023-08-24 09:00,8,9,Weekday,Summer,Yes,82.7,72.31,26.61
2023-08-24 10:00,8,10,Weekday,Summer,Yes,86.63,74.5,35.56
2023-08-24 11:00,8,11,Weekday,Summer,Yes,87.6,74.32,42.01
2023-08-24 12:00,8,12,Weekday,Summer,Yes,90.92,76.39,47.21
2023-08-24 13:00,8,13,Weekday,Summer,Yes,91.86,74.52,40.82
2023-08-24 14:00,8,14,Weekday,Summer,Yes,86.32,73.77,37.2
2023-08-24 15:00,8,15,Weekday,Summer,Yes,81.78,73.73,37.14
2023-08-24 16:00,8,16,Weekday,Summer,Yes,83.27,72.67,34.4
2023-08-24 17:00,8,17,Weekday,Summer,Yes,77.99,72.57,32.19
2023-08-24 18:00,8,18,Weekday,Summer,No,71.26,72.81,26.54
2023-08-24 19:00,8,19,Weekday,Summer,No,70.61,72.81,27.54
2023-08-24 20:00,8,20,Weekday,Summer,No,69.9,72.92,32.63
2023-08-24 21:00,8,21,Weekday,Summer,No,68.45,71.43,26.34
2023-08-24 22:00,8,22,Weekday,Summer,No,68.63,71.53,19.73
2023-08-24 23:00,8,23,Weekday,Summer,No,69.6,71.4,23.13
2023-08-25 00:00,8,0,Weekday,Summer,No,69.46,73.1,21.52
2023-08-25 01:00,8,1,Weekday,Summer,No,69.6,71.08,23.83
2023-08-25 02:00,8,2,Weekday,Summer,No,69.46,73.52,26.11
2023-08-25 03:00,8,3,Weekday,Summer,No,67.82,72.0,24.18
2023-08-25 04:00,8,4,Weekday,Summer,No,68.18,71.75,24.98
2023-08-25 05:00,8,5,Weekday,Summer,No,69.6,73.08,23.53
2023-08-25 06:00,8,6,Weekday,Summer,No,70.61,73.22,25.07
2023-08-25 07:00,8,7,Weekday,Summer,No,73.37,73.14,28.18
2023-08-25 08:00,8,8,Weekday,Summer,Yes,77.96,71.89,28.81
2023-08-25 09:00,8,9,Weekday,Summer,Yes,81.74,74.03,29.94
2023-08-25 10:00,8,10,Weekday,Summer,Yes,85.36,74.37,37.16
2023-08-25 11:00,8,11,Weekday,Summer,Yes,88.76,74.86,48.29
2023-08-25 12:00,8,12,Weekday,Summer,Yes,86.49,74.09,38.54
2023-08-25 13:00,8,13,Weekday,Summer,Yes,86.33,75.68,35.1
2023-08-25 14:00,8,14,Weekday,Summer,Yes,87.46,74.02,30.52
2023-08-25 15:00,8,15,Weekday,Summer,Yes,85.3,73.82,44.61
2023-08-25 16:00,8,16,Weekday,Summer,Yes,82.24,73.76,34.03
2023-08-25 17:00,8,17,Weekday,Summer,Yes,79.81,73.73,34.3
2023-08-25 18:00,8,18,Weekday,Summer,No,73.73,75.35,14.42
2023-08-25 19:00,8,19,Weekday,Summer,No,72.29,73.29,32.86
2023-08-25 20:00,8,20,Weekday,Summer,No,72.78,73.15,29.56
2023-08-25 21:00,8,21,Weekday,Summer,No,70.81,73.02,22.18
2023-08-25 22:00,8,22,Weekday,Summer,No,69.98,73.14,19.77
2023-08-25 23:00,8,23,Weekday,Summer,No,71.14,73.94,22.38
2023-08-26 00:00,8,0,Weekend,Summer,No,71.44,72.71,25.45
2023-08-26 01:00,8,1,Weekend,Summer,No,71.06,72.95,28.06
2023-08-26 02:00,8,2,Weekend,Summer,No,71.06,73.47,18.77
2023-08-26 03:00,8,3,Weekend,Summer,No,69.9,73.97,21.06
2023-08-26 04:00,8,4,Weekend,Summer,No,68.45,71.15,20.71
2023-08-26 05:00,8,5,Weekend,Summer,No,66.84,70.53,25.46
2023-08-26 06:00,8,6,Weekend,Summer,No,67.18,72.43,16.53
2023-08-26 07:00,8,7,Weekend,Summer,No,70.94,72.38,28.48
2023-08-26 08:00,8,8,Weekend,Summer,No,76.5,72.97,34.05
2023-08-26 09:00,8,9,Weekend,Summer,No,80.13,74.13,34.17
2023-08-26 10:00,8,10,Weekend,Summer,No,83.27,76.41,36.69
2023-08-26 11:00,8,11,Weekend,Summer,No,87.34,75.63,43.46
2023-08-26 12:00,8,12,Weekend,Summer,No,89.06,75.72,38.69
2023-08-26 13:00,8,13,Weekend,Summer,No,90.22,77.33,43.29
2023-08-26 14:00,8,14,Weekend,Summer,No,90.41,76.33,40.69
2023-08-26 15:00,8,15,Weekend,Summer,No,84.18,74.91,36.54
2023-08-26 16:00,8,16,Weekend,Summer,No,78.9,74.82,31.08
2023-08-26 17:00,8,17,Weekend,Summer,No,78.08,73.74,23.39
2023-08-26 18:00,8,18,Weekend,Summer,No,78.08,74.67,35.33
2023-08-26 19:00,8,19,Weekend,Summer,No,77.45,72.45,28.42
2023-08-26 20:00,8,20,Weekend,Summer,No,74.06,72.83,21.71
2023-08-26 21:00,8,21,Weekend,Summer,No,70.81,72.96,23.71
2023-08-26 22:00,8,22,Weekend,Summer,No,71.14,73.21,24.23
2023-08-26 23:00,8,23,Weekend,Summer,No,70.81,72.52,33.58
2023-08-27 00:00,8,0,Weekend,Summer,No,67.67,72.58,28.42
2023-08-27 01:00,8,1,Weekend,Summer,No,66.02,72.28,20.43
2023-08-27 02:00,8,2,Weekend,Summer,No,64.86,71.82,19.08
2023-08-27 03:00,8,3,Weekend,Summer,No,64.04,71.01,15.69
2023-08-27 04:00,8,4,Weekend,Summer,No,65.19,73.93,13.89
2023-08-27 05:00,8,5,Weekend,Summer,No,65.39,71.55,16.86
2023-08-27 06:00,8,6,Weekend,Summer,No,65.57,73.42,21.72
2023-08-27 07:00,8,7,Weekend,Summer,No,68.96,73.57,21.91
2023-08-27 08:00,8,8,Weekend,Summer,No,74.53,73.67,23.05
2023-08-27 09:00,8,9,Weekend,Summer,No,79.94,74.95,29.85
2023-08-27 10:00,8,10,Weekend,Summer,No,84.98,74.85,27.95
2023-08-27 11:00,8,11,Weekend,Summer,No,88.76,75.98,35.48
2023-08-27 12:00,8,12,Weekend,Summer,No,89.96,76.96,41.21
2023-08-27 13:00,8,13,Weekend,Summer,No,91.12,76.59,42.68
2023-08-27 14:00,8,14,Weekend,Summer,No,93.1,77.07,37.5
2023-08-27 15:00,8,15,Weekend,Summer,No,94.55,78.64,49.54
2023-08-27 16:00,8,16,Weekend,Summer,No,95.0,76.69,44.33
2023-08-27 17:00,8,17,Weekend,Summer,No,92.69,76.29,42.57
2023-08-27 18:00,8,18,Weekend,Summer,No,89.88,76.35,46.7
2023-08-27 19:00,8,19,Weekend,Summer,No,87.9,76.15,45.49
2023-08-27 20:00,8,20,Weekend,Summer,No,83.51,74.51,33.27
2023-08-27 21:00,8,21,Weekend,Summer,No,79.81,75.26,31.32
2023-08-27 22:00,8,22,Weekend,Summer,No,76.67,75.34,21.53
2023-08-27 23:00,8,23,Weekend,Summer,No,75.54,73.2,23.27
2023-08-28 00:00,8,0,Weekday,Summer,No,74.24,73.63,27.68
2023-08-28 01:00,8,1,Weekday,Summer,No,71.88,71.65,24.54
2023-08-28 02:00,8,2,Weekday,Summer,No,70.43,73.76,19.28
2023-08-28 03:00,8,3,Weekday,Summer,No,68.82,72.64,21.26
2023-08-28 04:00,8,4,Weekday,Summer,No,67.37,71.83,20.6
2023-08-28 05:00,8,5,Weekday,Summer,No,67.55,73.5,26.14
2023-08-28 06:00,8,6,Weekday,Summer,No,69.16,72.49,25.58
2023-08-28 07:00,8,7,Weekday,Summer,No,74.08,73.21,29.5
2023-08-28 08:00,8,8,Weekday,Summer,Yes,81.1,72.39,21.63
2023-08-28 09:00,8,9,Weekday,Summer,Yes,86.96,75.59,39.99
2023-08-28 10:00,8,10,Weekday,Summer,Yes,91.37,74.53,38.16
2023-08-28 11:00,8,11,Weekday,Summer,Yes,94.18,75.34,39.16
2023-08-28 12:00,8,12,Weekday,Summer,Yes,95.63,75.47,50.83
2023-08-28 13:00,8,13,Weekday,Summer,Yes,96.6,76.57,51.91
2023-08-28 14:00,8,14,Weekday,Summer,Yes,96.98,75.47,43.9
2023-08-28 15:00,8,15,Weekday,Summer,Yes,96.46,75.19,48.74
2023-08-28 16:00,8,16,Weekday,Summer,Yes,96.6,74.79,40.61
2023-08-28 17:00,8,17,Weekday,Summer,Yes,96.46,76.03,37.72
2023-08-28 18:00,8,18,Weekday,Summer,No,93.66,75.58,43.93
2023-08-28 19:00,8,19,Weekday,Summer,No,89.63,75.83,32.62
2023-08-28 20:00,8,20,Weekday,Summer,No,85.67,74.92,37.61
2023-08-28 21:00,8,21,Weekday,Summer,No,83.39,74.41,33.74
2023-08-28 22:00,8,22,Weekday,Summer,No,81.26,75.67,29.09
2023-08-28 23:00,8,23,Weekday,Summer,No,80.06,74.79,32.36
2023-08-29 00:00,8,0,Weekday,Summer,No,80.06,74.85,39.5
2023-08-29 01:00,8,1,Weekday,Summer,No,79.43,73.89,40.26
2023-08-29 02:00,8,2,Weekday,Summer,No,78.46,73.51,32.44
2023-08-29 03:00,8,3,Weekday,Summer,No,78.08,75.52,38.56
2023-08-29 04:00,8,4,Weekday,Summer,No,78.08,74.16,31.74
2023-08-29 05:00,8,5,Weekday,Summer,No,78.08,74.24,32.61
2023-08-29 06:00,8,6,Weekday,Summer,No,78.08,73.32,34.98
2023-08-29 07:00,8,7,Weekday,Summer,No,80.92,75.17,25.48
2023-08-29 08:00,8,8,Weekday,Summer,Yes,85.36,74.2,37.57
2023-08-29 09:00,8,9,Weekday,Summer,Yes,89.39,76.23,39.74
2023-08-29 10:00,8,10,Weekday,Summer,Yes,92.72,74.35,41.98
2023-08-29 11:00,8,11,Weekday,Summer,Yes,95.18,76.81,43.91
2023-08-29 12:00,8,12,Weekday,Summer,Yes,94.3,75.73,49.69
2023-08-29 13:00,8,13,Weekday,Summer,Yes,95.33,75.81,51.38
2023-08-29 14:00,8,14,Weekday,Summer,Yes,88.27,72.38,37.2
2023-08-29 15:00,8,15,Weekday,Summer,Yes,87.29,73.75,41.98
2023-08-29 16:00,8,16,Weekday,Summer,Yes,88.73,75.11,40.98
2023-08-29 17:00,8,17,Weekday,Summer,Yes,87.08,74.89,41.77
2023-08-29 18:00,8,18,Weekday,Summer,No,84.66,75.29,31.7
2023-08-29 19:00,8,19,Weekday,Summer,No,81.26,75.43,36.37
2023-08-29 20:00,8,20,Weekday,Summer,No,80.58,73.7,27.08
2023-08-29 21:00,8,21,Weekday,Summer,No,80.44,75.21,32.73
2023-08-29 22:00,8,22,Weekday,Summer,No,80.06,74.28,35.91
2023-08-29 23:00,8,23,Weekday,Summer,No,77.65,75.05,31.52
2023-08-30 00:00,8,0,Weekday,Summer,No,74.76,74.12,27.07
2023-08-30 01:00,8,1,Weekday,Summer,No,73.42,73.99,33.9
2023-08-30 02:00,8,2,Weekday,Summer,No,72.41,71.52,27.59
2023-08-30 03:00,8,3,Weekday,Summer,No,71.96,73.58,24.22
2023-08-30 04:00,8,4,Weekday,Summer,No,71.96,74.24,25.56
2023-08-30 05:00,8,5,Weekday,Summer,No,70.28,73.19,20.23
2023-08-30 06:00,8,6,Weekday,Summer,No,70.76,73.22,24.74
2023-08-30 07:00,8,7,Weekday,Summer,No,76.68,73.86,31.09
2023-08-30 08:00,8,8,Weekday,Summer,Yes,82.37,73.63,34.03
2023-08-30 09:00,8,9,Weekday,Summer,Yes,86.33,73.8,31.91
2023-08-30 10:00,8,10,Weekday,Summer,Yes,90.92,75.64,42.96
2023-08-30 11:00,8,11,Weekday,Summer,Yes,95.33,75.72,41.08
2023-08-30 12:00,8,12,Weekday,Summer,Yes,98.14,76.51,44.61
2023-08-30 13:00,8,13,Weekday,Summer,Yes,99.59,77.38,49.01
2023-08-30 14:00,8,14,Weekday,Summer,Yes,99.41,76.21,54.6
2023-08-30 15:00,8,15,Weekday,Summer,Yes,100.12,75.43,51.15
2023-08-30 16:00,8,16,Weekday,Summer,Yes,100.42,74.98,48.34
2023-08-30 17:00,8,17,Weekday,Summer,Yes,99.41,75.94,54.54
2023-08-30 18:00,8,18,Weekday,Summer,No,96.65,77.66,49.56
2023-08-30 19:00,8,19,Weekday,Summer,No,90.9,76.78,29.53
2023-08-30 20:00,8,20,Weekday,Summer,No,85.04,74.92,40.04
2023-08-30 21:00,8,21,Weekday,Summer,No,82.42,75.11,35.3
2023-08-30 22:00,8,22,Weekday,Summer,No,80.88,74.93,33.32
2023-08-30 23:00,8,23,Weekday,Summer,No,78.9,75.09,22.3
2023-08-31 00:00,8,0,Weekday,Summer,No,77.45,75.29,37.28
2023-08-31 01:00,8,1,Weekday,Summer,No,77.63,75.4,36.31
2023-08-31 02:00,8,2,Weekday,Summer,No,75.14,75.15,28.02
2023-08-31 03:00,8,3,Weekday,Summer,No,72.41,73.45,18.19
2023-08-31 04:00,8,4,Weekday,Summer,No,71.96,73.68,27.98
2023-08-31 05:00,8,5,Weekday,Summer,No,71.96,74.75,19.57
2023-08-31 06:00,8,6,Weekday,Summer,No,72.59,73.15,26.24
2023-08-31 07:00,8,7,Weekday,Summer,No,76.5,74.67,31.34
2023-08-31 08:00,8,8,Weekday,Summer,Yes,83.08,73.31,31.43
2023-08-31 09:00,8,9,Weekday,Summer,Yes,91.25,74.32,44.32
2023-08-31 10:00,8,10,Weekday,Summer,Yes,95.63,74.53,41.04
2023-08-31 11:00,8,11,Weekday,Summer,Yes,97.24,75.45,54.81
2023-08-31 12:00,8,12,Weekday,Summer,Yes,98.58,75.81,48.58
2023-08-31 13:00,8,13,Weekday,Summer,Yes,100.12,77.5,52.12
2023-08-31 14:00,8,14,Weekday,Summer,Yes,99.26,76.78,45.06
2023-08-31 15:00,8,15,Weekday,Summer,Yes,99.74,74.76,44.12
2023-08-31 16:00,8,16,Weekday,Summer,Yes,98.1,76.34,44.72
2023-08-31 17:00,8,17,Weekday,Summer,Yes,96.08,76.49,46.23
2023-08-31 18:00,8,18,Weekday,Summer,No,93.66,77.6,44.69
2023-08-31 19:00,8,19,Weekday,Summer,No,90.26,77.53,41.61
2023-08-31 20:00,8,20,Weekday,Summer,No,87.9,75.65,35.8
2023-08-31 21:00,8,21,Weekday,Summer,No,85.61,74.41,40.35
2023-08-31 22:00,8,22,Weekday,Summer,No,83.2,75.2,29.19
2023-08-31 23:00,8,23,Weekday,Summer,No,80.75,75.63,35.33
2023-09-01 00:00,9,0,Weekday,Fall,No,78.33,74.56,35.88
2023-09-01 01:00,9,1,Weekday,Fall,No,75.89,73.48,28.3
2023-09-01 02:00,9,2,Weekday,Fall,No,73.47,73.81,33.11
2023-09-01 03:00,9,3,Weekday,Fall,No,71.03,73.24,18.11
2023-09-01 04:00,9,4,Weekday,Fall,No,70.61,73.22,29.33
2023-09-01 05:00,9,5,Weekday,Fall,No,71.06,72.78,20.37
2023-09-01 06:00,9,6,Weekday,Fall,No,71.06,73.59,26.17
2023-09-01 07:00,9,7,Weekday,Fall,No,73.37,74.18,32.57
2023-09-01 08:00,9,8,Weekday,Fall,Yes,77.33,73.73,52.78
2023-09-01 09:00,9,9,Weekday,Fall,Yes,80.76,73.49,58.26
2023-09-01 10:00,9,10,Weekday,Fall,Yes,83.72,73.02,58.67
2023-09-01 11:00,9,11,Weekday,Fall,Yes,85.55,73.68,56.26
2023-09-01 12:00,9,12,Weekday,Fall,Yes,88.94,75.43,62.39
2023-09-01 13:00,9,13,Weekday,Fall,Yes,92.2,75.38,67.65
2023-09-01 14:00,9,14,Weekday,Fall,Yes,92.39,75.75,69.9
2023-09-01 15:00,9,15,Weekday,Fall,Yes,92.57,73.75,38.22
2023-09-01 16:00,9,16,Weekday,Fall,Yes,93.02,75.74,38.61
2023-09-01 17:00,9,17,Weekday,Fall,Yes,91.86,75.02,34.53
2023-09-01 18:00,9,18,Weekday,Fall,No,89.88,76.05,44.97
2023-09-01 19:00,9,19,Weekday,Fall,No,87.9,77.06,33.35
2023-09-01 20:00,9,20,Weekday,Fall,No,86.45,75.38,38.86
2023-09-01 21:00,9,21,Weekday,Fall,No,83.69,74.39,40.08
2023-09-01 22:00,9,22,Weekday,Fall,No,80.26,75.59,29.66
2023-09-01 23:00,9,23,Weekday,Fall,No,78.46,73.45,39.35
2023-09-02 00:00,9,0,Weekend,Fall,No,77.45,74.37,40.5
2023-09-02 01:00,9,1,Weekend,Fall,No,75.84,74.08,27.92
2023-09-02 02:00,9,2,Weekend,Fall,No,74.39,73.59,31.87
2023-09-02 03:00,9,3,Weekend,Fall,No,73.42,73.15,27.27
2023-09-02 04:00,9,4,Weekend,Fall,No,73.04,73.56,21.56
2023-09-02 05:00,9,5,Weekend,Fall,No,72.41,72.51,19.22
2023-09-02 06:00,9,6,Weekend,Fall,No,71.96,72.44,20.94
2023-09-02 07:00,9,7,Weekend,Fall,No,75.53,73.02,27.48
2023-09-02 08:00,9,8,Weekend,Fall,No,80.92,75.28,31.34
2023-09-02 09:00,9,9,Weekend,Fall,No,84.72,75.49,43.81
2023-09-02 10:00,9,10,Weekend,Fall,No,87.16,75.78,48.45
2023-09-02 11:00,9,11,Weekend,Fall,No,89.77,75.81,37.66
2023-09-02 12:00,9,12,Weekend,Fall,No,91.56,75.68,43.91
2023-09-02 13:00,9,13,Weekend,Fall,No,92.57,75.68,50.16
2023-09-02 14:00,9,14,Weekend,Fall,No,95.96,77.45,36.6
2023-09-02 15:00,9,15,Weekend,Fall,No,96.28,77.6,45.74
2023-09-02 16:00,9,16,Weekend,Fall,No,95.0,76.95,54.72
2023-09-02 17:00,9,17,Weekend,Fall,No,93.22,75.96,48.32
2023-09-02 18:00,9,18,Weekend,Fall,No,90.78,76.98,35.97
2023-09-02 19:00,9,19,Weekend,Fall,No,88.8,75.34,32.85
2023-09-02 20:00,9,20,Weekend,Fall,No,87.46,75.32,46.57
2023-09-02 21:00,9,21,Weekend,Fall,No,84.66,76.89,39.76
2023-09-02 22:00,9,22,Weekend,Fall,No,81.78,75.02,36.13
2023-09-02 23:00,9,23,Weekend,Fall,No,80.44,74.21,35.66
2023-09-03 00:00,9,0,Weekend,Fall,No,79.43,74.78,29.75
2023-09-03 01:00,9,1,Weekend,Fall,No,77.82,73.49,22.77
2023-09-03 02:00,9,2,Weekend,Fall,No,76.37,74.72,29.22
2023-09-03 03:00,9,3,Weekend,Fall,No,75.4,73.71,38.42
2023-09-03 04:00,9,4,Weekend,Fall,No,73.86,72.76,25.15
2023-09-03 05:00,9,5,Weekend,Fall,No,73.04,73.13,22.85
2023-09-03 06:00,9,6,Weekend,Fall,No,73.04,73.8,30.68
2023-09-03 07:00,9,7,Weekend,Fall,No,76.5,73.04,36.31
2023-09-03 08:00,9,8,Weekend,Fall,No,81.29,75.09,35.08
2023-09-03 09:00,9,9,Weekend,Fall,No,85.36,76.03,39.38
2023-09-03 10:00,9,10,Weekend,Fall,No,88.23,76.01,40.76
2023-09-03 11:00,9,11,Weekend,Fall,No,90.22,76.62,44.79
2023-09-03 12:00,9,12,Weekend,Fall,No,93.35,76.83,50.45
2023-09-03 13:00,9,13,Weekend,Fall,No,95.0,76.29,51.2
2023-09-03 14:00,9,14,Weekend,Fall,No,95.0,75.05,40.36
2023-09-03 15:00,9,15,Weekend,Fall,No,96.16,76.15,44.46
2023-09-03 16:00,9,16,Weekend,Fall,No,95.82,78.12,46.06
2023-09-03 17:00,9,17,Weekend,Fall,No,93.84,76.41,46.41
2023-09-03 18:00,9,18,Weekend,Fall,No,87.14,75.36,44.51
2023-09-03 19:00,9,19,Weekend,Fall,No,80.63,76.04,35.84
2023-09-03 20:00,9,20,Weekend,Fall,No,80.76,73.98,32.15
2023-09-03 21:00,9,21,Weekend,Fall,No,81.41,73.96,31.45
2023-09-03 22:00,9,22,Weekend,Fall,No,79.81,73.85,34.01
2023-09-03 23:00,9,23,Weekend,Fall,No,78.98,74.08,37.77
2023-09-04 00:00,9,0,Weekday,Fall,No,78.46,75.99,29.42
2023-09-04 01:00,9,1,Weekday,Fall,No,76.3,75.13,36.45
2023-09-04 02:00,9,2,Weekday,Fall,No,73.86,75.62,24.41
2023-09-04 03:00,9,3,Weekday,Fall,No,74.19,74.91,29.99
2023-09-04 04:00,9,4,Weekday,Fall,No,74.39,73.94,24.22
2023-09-04 05:00,9,5,Weekday,Fall,No,75.1,73.22,31.67
2023-09-04 06:00,9,6,Weekday,Fall,No,75.4,73.73,35.64
2023-09-04 07:00,9,7,Weekday,Fall,No,77.96,74.15,25.06
2023-09-04 08:00,9,8,Weekday,Fall,Yes,82.37,74.03,56.02
2023-09-04 09:00,9,9,Weekday,Fall,Yes,85.8,74.81,50.92
2023-09-04 10:00,9,10,Weekday,Fall,Yes,87.6,73.96,69.03
2023-09-04 11:00,9,11,Weekday,Fall,Yes,88.61,74.11,66.32
2023-09-04 12:00,9,12,Weekday,Fall,Yes,90.74,76.62,66.71
2023-09-04 13:00,9,13,Weekday,Fall,Yes,92.57,76.2,73.4
2023-09-04 14:00,9,14,Weekday,Fall,Yes,93.02,75.07,67.98
2023-09-04 15:00,9,15,Weekday,Fall,Yes,93.02,74.35,43.41
2023-09-04 16:00,9,16,Weekday,Fall,Yes,93.02,75.01,53.05
2023-09-04 17:00,9,17,Weekday,Fall,Yes,93.02,75.04,44.6
2023-09-04 18:00,9,18,Weekday,Fall,No,91.23,74.97,34.62
2023-09-04 19:00,9,19,Weekday,Fall,No,87.65,74.89,38.68
2023-09-04 20:00,9,20,Weekday,Fall,No,85.37,76.18,41.03
2023-09-04 21:00,9,21,Weekday,Fall,No,83.24,75.0,29.43
2023-09-04 22:00,9,22,Weekday,Fall,No,82.04,74.64,28.81
2023-09-04 23:00,9,23,Weekday,Fall,No,80.88,75.51,41.35
2023-09-05 00:00,9,0,Weekday,Fall,No,79.43,75.01,36.55
2023-09-05 01:00,9,1,Weekday,Fall,No,78.46,74.46,33.07
2023-09-05 02:00,9,2,Weekday,Fall,No,76.82,73.41,30.2
2023-09-05 03:00,9,3,Weekday,Fall,No,75.4,73.81,27.63
2023-09-05 04:00,9,4,Weekday,Fall,No,75.54,74.92,32.0
2023-09-05 05:00,9,5,Weekday,Fall,No,74.24,73.17,24.2
2023-09-05 06:00,9,6,Weekday,Fall,No,73.56,74.45,20.9
2023-09-05 07:00,9,7,Weekday,Fall,No,76.88,73.92,33.05
2023-09-05 08:00,9,8,Weekday,Fall,Yes,81.92,74.51,59.09
2023-09-05 09:00,9,9,Weekday,Fall,Yes,85.18,74.13,56.0
2023-09-05 10:00,9,10,Weekday,Fall,Yes,87.78,73.48,61.15
2023-09-05 11:00,9,11,Weekday,Fall,Yes,89.58,76.24,57.02
2023-09-05 12:00,9,12,Weekday,Fall,Yes,90.59,74.4,59.91
2023-09-05 13:00,9,13,Weekday,Fall,Yes,86.32,74.07,56.35
2023-09-05 14:00,9,14,Weekday,Fall,Yes,81.26,72.83,51.0
2023-09-05 15:00,9,15,Weekday,Fall,Yes,77.65,72.02,34.24
2023-09-05 16:00,9,16,Weekday,Fall,Yes,75.92,71.49,23.92
2023-09-05 17:00,9,17,Weekday,Fall,Yes,73.61,73.7,28.76
2023-09-05 18:00,9,18,Weekday,Fall,No,69.02,72.08,18.23
2023-09-05 19:00,9,19,Weekday,Fall,No,66.92,72.42,27.75
2023-09-05 20:00,9,20,Weekday,Fall,No,66.4,70.77,18.81
2023-09-05 21:00,9,21,Weekday,Fall,No,66.54,72.18,19.02
2023-09-05 22:00,9,22,Weekday,Fall,No,68.18,72.19,21.35
2023-09-05 23:00,9,23,Weekday,Fall,No,69.08,73.35,30.94
2023-09-06 00:00,9,0,Weekday,Fall,No,70.24,72.38,26.52
2023-09-06 01:00,9,1,Weekday,Fall,No,68.65,71.69,23.44
2023-09-06 02:00,9,2,Weekday,Fall,No,66.4,73.3,21.7
2023-09-06 03:00,9,3,Weekday,Fall,No,66.02,72.67,22.8
2023-09-06 04:00,9,4,Weekday,Fall,No,66.02,72.9,27.34
2023-09-06 05:00,9,5,Weekday,Fall,No,65.39,72.75,24.51
2023-09-06 06:00,9,6,Weekday,Fall,No,66.1,71.78,17.65
2023-09-06 07:00,9,7,Weekday,Fall,No,70.49,71.86,12.28
2023-09-06 08:00,9,8,Weekday,Fall,Yes,74.72,72.11,54.75
2023-09-06 09:00,9,9,Weekday,Fall,Yes,77.7,72.99,52.36
2023-09-06 10:00,9,10,Weekday,Fall,Yes,81.29,73.76,54.69
2023-09-06 11:00,9,11,Weekday,Fall,Yes,84.1,73.06,51.17
2023-09-06 12:00,9,12,Weekday,Fall,Yes,86.18,73.41,56.23
2023-09-06 13:00,9,13,Weekday,Fall,Yes,87.6,73.99,59.03
2023-09-06 14:00,9,14,Weekday,Fall,Yes,87.98,74.26,66.95
2023-09-06 15:00,9,15,Weekday,Fall,Yes,88.61,74.89,40.54
2023-09-06 16:00,9,16,Weekday,Fall,Yes,89.06,75.46,45.98
2023-09-06 17:00,9,17,Weekday,Fall,Yes,87.9,74.08,43.79
2023-09-06 18:00,9,18,Weekday,Fall,No,85.82,75.69,35.51
2023-09-06 19:00,9,19,Weekday,Fall,No,83.24,75.2,26.63
2023-09-06 20:00,9,20,Weekday,Fall,No,80.88,75.67,30.94
2023-09-06 21:00,9,21,Weekday,Fall,No,77.65,74.81,37.39
2023-09-06 22:00,9,22,Weekday,Fall,No,74.76,72.99,31.56
2023-09-06 23:00,9,23,Weekday,Fall,No,73.42,72.96,17.73
2023-09-07 00:00,9,0,Weekday,Fall,No,73.04,72.73,21.21
2023-09-07 01:00,9,1,Weekday,Fall,No,70.73,73.47,18.96
2023-09-07 02:00,9,2,Weekday,Fall,No,68.45,72.46,23.81
2023-09-07 03:00,9,3,Weekday,Fall,No,67.37,73.6,20.51
2023-09-07 04:00,9,4,Weekday,Fall,No,66.92,71.61,28.45
2023-09-07 05:00,9,5,Weekday,Fall,No,65.76,70.76,26.58
2023-09-07 06:00,9,6,Weekday,Fall,No,66.1,72.21,18.52
2023-09-07 07:00,9,7,Weekday,Fall,No,71.02,71.48,22.0
2023-09-07 08:00,9,8,Weekday,Fall,Yes,75.1,73.28,57.25
2023-09-07 09:00,9,9,Weekday,Fall,Yes,79.49,72.75,51.15
2023-09-07 10:00,9,10,Weekday,Fall,Yes,83.72,74.58,53.26
2023-09-07 11:00,9,11,Weekday,Fall,Yes,87.86,74.7,68.16
2023-09-07 12:00,9,12,Weekday,Fall,Yes,91.12,73.85,66.64
2023-09-07 13:00,9,13,Weekday,Fall,Yes,91.94,74.92,59.64
2023-09-07 14:00,9,14,Weekday,Fall,Yes,92.57,76.77,69.59
2023-09-07 15:00,9,15,Weekday,Fall,Yes,93.54,75.49,52.82
2023-09-07 16:00,9,16,Weekday,Fall,Yes,93.4,75.02,46.24
2023-09-07 17:00,9,17,Weekday,Fall,Yes,91.86,75.18,48.15
2023-09-07 18:00,9,18,Weekday,Fall,No,89.26,76.19,44.78
2023-09-07 19:00,9,19,Weekday,Fall,No,86.2,75.89,40.64
2023-09-07 20:00,9,20,Weekday,Fall,No,84.4,75.73,34.42
2023-09-07 21:00,9,21,Weekday,Fall,No,83.39,75.23,35.49
2023-09-07 22:00,9,22,Weekday,Fall,No,81.78,74.64,35.56
2023-09-07 23:00,9,23,Weekday,Fall,No,79.28,74.37,29.95
2023-09-08 00:00,9,0,Weekday,Fall,No,76.3,74.52,30.71
2023-09-08 01:00,9,1,Weekday,Fall,No,75.02,72.46,21.78
2023-09-08 02:00,9,2,Weekday,Fall,No,74.39,72.65,24.98
2023-09-08 03:00,9,3,Weekday,Fall,No,73.94,74.41,28.15
2023-09-08 04:00,9,4,Weekday,Fall,No,74.57,73.36,30.06
2023-09-08 05:00,9,5,Weekday,Fall,No,75.02,73.7,23.77
2023-09-08 06:00,9,6,Weekday,Fall,No,75.02,74.32,29.63
2023-09-08 07:00,9,7,Weekday,Fall,No,76.18,73.1,25.7
2023-09-08 08:00,9,8,Weekday,Fall,Yes,78.78,73.75,51.4
2023-09-08 09:00,9,9,Weekday,Fall,Yes,82.37,73.65,53.93
2023-09-08 10:00,9,10,Weekday,Fall,Yes,84.54,73.53,65.39
2023-09-08 11:00,9,11,Weekday,Fall,Yes,86.7,74.28,64.59
2023-09-08 12:00,9,12,Weekday,Fall,Yes,89.14,74.42,67.11
2023-09-08 13:00,9,13,Weekday,Fall,Yes,89.96,73.98,74.54
2023-09-08 14:00,9,14,Weekday,Fall,Yes,89.96,74.15,53.19
2023-09-08 15:00,9,15,Weekday,Fall,Yes,91.12,75.13,42.52
2023-09-08 16:00,9,16,Weekday,Fall,Yes,90.78,75.47,38.87
2023-09-08 17:00,9,17,Weekday,Fall,Yes,80.09,73.96,27.8
2023-09-08 18:00,9,18,Weekday,Fall,No,74.19,72.31,22.45
2023-09-08 19:00,9,19,Weekday,Fall,No,75.54,74.59,29.7
2023-09-08 20:00,9,20,Weekday,Fall,No,76.55,73.23,34.82
2023-09-08 21:00,9,21,Weekday,Fall,No,76.37,73.55,21.97
2023-09-08 22:00,9,22,Weekday,Fall,No,75.92,74.22,24.36
2023-09-08 23:00,9,23,Weekday,Fall,No,75.4,73.05,23.49
2023-09-09 00:00,9,0,Weekend,Fall,No,74.39,74.48,30.65
2023-09-09 01:00,9,1,Weekend,Fall,No,72.78,74.06,15.11
2023-09-09 02:00,9,2,Weekend,Fall,No,71.44,72.21,25.35
2023-09-09 03:00,9,3,Weekend,Fall,No,71.06,73.98,29.35
2023-09-09 04:00,9,4,Weekend,Fall,No,70.43,72.23,25.82
2023-09-09 05:00,9,5,Weekend,Fall,No,69.46,72.65,23.65
2023-09-09 06:00,9,6,Weekend,Fall,No,69.6,72.06,26.08
2023-09-09 07:00,9,7,Weekend,Fall,No,72.29,73.48,29.91
2023-09-09 08:00,9,8,Weekend,Fall,No,76.35,74.29,29.73
2023-09-09 09:00,9,9,Weekend,Fall,No,80.39,74.11,28.44
2023-09-09 10:00,9,10,Weekend,Fall,No,83.72,75.3,42.0
2023-09-09 11:00,9,11,Weekend,Fall,No,87.34,75.93,36.77
2023-09-09 12:00,9,12,Weekend,Fall,No,89.06,75.96,46.44
2023-09-09 13:00,9,13,Weekend,Fall,No,89.58,76.2,34.68
2023-09-09 14:00,9,14,Weekend,Fall,No,91.74,76.94,35.64
2023-09-09 15:00,9,15,Weekend,Fall,No,93.02,77.0,37.81
2023-09-09 16:00,9,16,Weekend,Fall,No,91.86,76.46,53.32
2023-09-09 17:00,9,17,Weekend,Fall,No,90.41,75.64,46.94
2023-09-09 18:00,9,18,Weekend,Fall,No,87.65,75.81,44.17
2023-09-09 19:00,9,19,Weekend,Fall,No,85.37,76.75,46.49
2023-09-09 20:00,9,20,Weekend,Fall,No,82.61,74.61,35.54
2023-09-09 21:00,9,21,Weekend,Fall,No,78.02,74.15,29.56
2023-09-09 22:00,9,22,Weekend,Fall,No,75.92,74.2,28.09
2023-09-09 23:00,9,23,Weekend,Fall,No,74.76,75.28,16.91
2023-09-10 00:00,9,0,Weekend,Fall,No,73.42,73.53,31.37
2023-09-10 01:00,9,1,Weekend,Fall,No,71.88,73.28,28.58
2023-09-10 02:00,9,2,Weekend,Fall,No,69.9,72.58,22.35
2023-09-10 03:00,9,3,Weekend,Fall,No,68.45,71.7,25.55
2023-09-10 04:00,9,4,Weekend,Fall,No,68.0,72.04,24.57
2023-09-10 05:00,9,5,Weekend,Fall,No,69.16,71.91,23.53
2023-09-10 06:00,9,6,Weekend,Fall,No,70.61,73.38,25.77
2023-09-10 07:00,9,7,Weekend,Fall,No,73.37,72.88,30.75
2023-09-10 08:00,9,8,Weekend,Fall,No,77.96,73.92,35.58
2023-09-10 09:00,9,9,Weekend,Fall,No,81.74,75.38,37.86
2023-09-10 10:00,9,10,Weekend,Fall,No,84.72,75.05,24.74
2023-09-10 11:00,9,11,Weekend,Fall,No,87.78,75.5,41.37
2023-09-10 12:00,9,12,Weekend,Fall,No,90.22,76.64,32.43
2023-09-10 13:00,9,13,Weekend,Fall,No,91.04,75.38,36.22
2023-09-10 14:00,9,14,Weekend,Fall,No,92.2,76.45,42.75
2023-09-10 15:00,9,15,Weekend,Fall,No,93.54,76.85,39.61
2023-09-10 16:00,9,16,Weekend,Fall,No,92.76,76.5,47.73
2023-09-10 17:00,9,17,Weekend,Fall,No,90.78,75.0,42.51
2023-09-10 18:00,9,18,Weekend,Fall,No,88.8,75.87,42.53
2023-09-10 19:00,9,19,Weekend,Fall,No,86.2,75.56,42.25
2023-09-10 20:00,9,20,Weekend,Fall,No,83.77,76.27,30.94
2023-09-10 21:00,9,21,Weekend,Fall,No,80.63,75.72,40.97
2023-09-10 22:00,9,22,Weekend,Fall,No,77.82,74.13,32.68
2023-09-10 23:00,9,23,Weekend,Fall,No,75.22,73.66,27.36
2023-09-11 00:00,9,0,Weekday,Fall,No,74.57,73.72,31.63
2023-09-11 01:00,9,1,Weekday,Fall,No,74.39,74.43,24.68
2023-09-11 02:00,9,2,Weekday,Fall,No,72.78,74.09,23.77
2023-09-11 03:00,9,3,Weekday,Fall,No,71.96,73.31,23.42
2023-09-11 04:00,9,4,Weekday,Fall,No,70.81,73.14,24.41
2023-09-11 05:00,9,5,Weekday,Fall,No,69.98,71.89,26.02
2023-09-11 06:00,9,6,Weekday,Fall,No,70.61,71.9,25.1
2023-09-11 07:00,9,7,Weekday,Fall,No,73.37,71.92,22.62
2023-09-11 08:00,9,8,Weekday,Fall,Yes,77.96,72.96,52.23
2023-09-11 09:00,9,9,Weekday,Fall,Yes,82.9,73.57,57.87
2023-09-11 10:00,9,10,Weekday,Fall,Yes,86.18,74.8,64.93
2023-09-11 11:00,9,11,Weekday,Fall,Yes,88.76,73.81,66.74
2023-09-11 12:00,9,12,Weekday,Fall,Yes,91.74,74.02,63.45
2023-09-11 13:00,9,13,Weekday,Fall,Yes,93.54,76.57,75.26
2023-09-11 14:00,9,14,Weekday,Fall,Yes,93.92,76.0,65.35
2023-09-11 15:00,9,15,Weekday,Fall,Yes,93.92,75.93,40.79
2023-09-11 16:00,9,16,Weekday,Fall,Yes,93.92,76.93,45.32
2023-09-11 17:00,9,17,Weekday,Fall,Yes,92.76,75.07,47.88
2023-09-11 18:00,9,18,Weekday,Fall,No,90.26,76.29,42.4
2023-09-11 19:00,9,19,Weekday,Fall,No,87.9,76.35,36.93
2023-09-11 20:00,9,20,Weekday,Fall,No,87.08,75.72,27.57
2023-09-11 21:00,9,21,Weekday,Fall,No,85.82,74.94,40.75
2023-09-11 22:00,9,22,Weekday,Fall,No,81.46,74.92,32.02
2023-09-11 23:00,9,23,Weekday,Fall,No,77.2,73.75,42.78
2023-09-12 00:00,9,0,Weekday,Fall,No,75.92,73.59,29.45
2023-09-12 01:00,9,1,Weekday,Fall,No,74.24,72.86,25.95
2023-09-12 02:00,9,2,Weekday,Fall,No,73.56,73.66,23.71
2023-09-12 03:00,9,3,Weekday,Fall,No,72.78,73.48,24.0
2023-09-12 04:00,9,4,Weekday,Fall,No,71.44,73.07,17.75
2023-09-12 05:00,9,5,Weekday,Fall,No,70.43,72.25,25.06
2023-09-12 06:00,9,6,Weekday,Fall,No,70.61,73.3,19.4
2023-09-12 07:00,9,7,Weekday,Fall,No,72.74,73.63,21.69
2023-09-12 08:00,9,8,Weekday,Fall,Yes,77.51,72.62,55.48
2023-09-12 09:00,9,9,Weekday,Fall,Yes,82.37,73.62,59.37
2023-09-12 10:00,9,10,Weekday,Fall,Yes,86.96,74.16,58.16
2023-09-12 11:00,9,11,Weekday,Fall,Yes,90.74,75.75,59.01
2023-09-12 12:00,9,12,Weekday,Fall,Yes,94.35,74.58,63.43
2023-09-12 13:00,9,13,Weekday,Fall,Yes,95.45,75.58,77.01
2023-09-12 14:00,9,14,Weekday,Fall,Yes,95.63,75.46,70.93
2023-09-12 15:00,9,15,Weekday,Fall,Yes,95.45,75.8,48.19
2023-09-12 16:00,9,16,Weekday,Fall,Yes,95.63,76.17,48.33
2023-09-12 17:00,9,17,Weekday,Fall,Yes,94.82,75.26,50.14
2023-09-12 18:00,9,18,Weekday,Fall,No,92.24,77.64,42.29
2023-09-12 19:00,9,19,Weekday,Fall,No,89.26,77.72,45.15
2023-09-12 20:00,9,20,Weekday,Fall,No,86.82,74.92,45.92
2023-09-12 21:00,9,21,Weekday,Fall,No,85.37,75.02,41.33
2023-09-12 22:00,9,22,Weekday,Fall,No,84.4,74.79,38.75
2023-09-12 23:00,9,23,Weekday,Fall,No,82.86,75.71,34.67
2023-09-13 00:00,9,0,Weekday,Fall,No,79.73,74.52,35.7
2023-09-13 01:00,9,1,Weekday,Fall,No,76.82,73.69,29.13
2023-09-13 02:00,9,2,Weekday,Fall,No,74.24,73.43,24.75
2023-09-13 03:00,9,3,Weekday,Fall,No,73.04,74.14,27.71
2023-09-13 04:00,9,4,Weekday,Fall,No,72.41,73.35,24.54
2023-09-13 05:00,9,5,Weekday,Fall,No,71.44,73.14,33.16
2023-09-13 06:00,9,6,Weekday,Fall,No,71.58,73.71,15.76
2023-09-13 07:00,9,7,Weekday,Fall,No,72.59,73.86,20.18
2023-09-13 08:00,9,8,Weekday,Fall,Yes,76.5,72.98,47.0
2023-09-13 09:00,9,9,Weekday,Fall,Yes,83.71,73.07,57.47
2023-09-13 10:00,9,10,Weekday,Fall,Yes,88.76,74.32,61.16
2023-09-13 11:00,9,11,Weekday,Fall,Yes,91.74,74.67,57.26
2023-09-13 12:00,9,12,Weekday,Fall,Yes,94.18,74.53,64.53
2023-09-13 13:00,9,13,Weekday,Fall,Yes,95.63,76.84,70.29
2023-09-13 14:00,9,14,Weekday,Fall,Yes,96.6,76.44,74.35
2023-09-13 15:00,9,15,Weekday,Fall,Yes,96.46,75.93,42.78
2023-09-13 16:00,9,16,Weekday,Fall,Yes,95.45,76.14,43.53
2023-09-13 17:00,9,17,Weekday,Fall,Yes,93.84,75.23,46.2
2023-09-13 18:00,9,18,Weekday,Fall,No,91.23,76.73,48.86
2023-09-13 19:00,9,19,Weekday,Fall,No,88.28,76.83,32.98
2023-09-13 20:00,9,20,Weekday,Fall,No,84.14,75.87,31.56
2023-09-13 21:00,9,21,Weekday,Fall,No,79.73,75.81,28.78
2023-09-13 22:00,9,22,Weekday,Fall,No,78.6,74.11,31.32
2023-09-13 23:00,9,23,Weekday,Fall,No,76.04,73.72,24.87
2023-09-14 00:00,9,0,Weekday,Fall,No,73.42,73.58,29.31
2023-09-14 01:00,9,1,Weekday,Fall,No,72.41,72.24,26.8
2023-09-14 02:00,9,2,Weekday,Fall,No,70.81,72.09,19.98
2023-09-14 03:00,9,3,Weekday,Fall,No,69.98,72.92,16.18
2023-09-14 04:00,9,4,Weekday,Fall,No,69.98,72.46,20.42
2023-09-14 05:00,9,5,Weekday,Fall,No,68.82,72.59,20.03
2023-09-14 06:00,9,6,Weekday,Fall,No,68.0,72.24,22.29
2023-09-14 07:00,9,7,Weekday,Fall,No,70.94,72.53,26.6
2023-09-14 08:00,9,8,Weekday,Fall,Yes,78.82,73.28,53.49
2023-09-14 09:00,9,9,Weekday,Fall,Yes,85.88,74.35,60.7
2023-09-14 10:00,9,10,Weekday,Fall,Yes,89.14,73.8,69.93
2023-09-14 11:00,9,11,Weekday,Fall,Yes,91.74,73.57,62.39
2023-09-14 12:00,9,12,Weekday,Fall,Yes,94.18,74.96,76.23
2023-09-14 13:00,9,13,Weekday,Fall,Yes,95.63,76.9,68.52
2023-09-14 14:00,9,14,Weekday,Fall,Yes,96.6,76.21,65.83
2023-09-14 15:00,9,15,Weekday,Fall,Yes,96.98,76.92,48.36
2023-09-14 16:00,9,16,Weekday,Fall,Yes,95.82,77.47,47.3
2023-09-14 17:00,9,17,Weekday,Fall,Yes,94.37,75.58,44.21
2023-09-14 18:00,9,18,Weekday,Fall,No,91.08,77.24,44.92
2023-09-14 19:00,9,19,Weekday,Fall,No,87.28,75.37,41.88
2023-09-14 20:00,9,20,Weekday,Fall,No,84.84,75.58,31.63
2023-09-14 21:00,9,21,Weekday,Fall,No,81.08,74.73,26.72
2023-09-14 22:00,9,22,Weekday,Fall,No,77.82,74.43,28.97
2023-09-14 23:00,9,23,Weekday,Fall,No,75.84,73.93,33.82
2023-09-15 00:00,9,0,Weekday,Fall,No,73.86,73.86,30.19
2023-09-15 01:00,9,1,Weekday,Fall,No,73.04,73.53,20.06
2023-09-15 02:00,9,2,Weekday,Fall,No,71.88,72.87,21.81
2023-09-15 03:00,9,3,Weekday,Fall,No,70.43,72.57,19.94
2023-09-15 04:00,9,4,Weekday,Fall,No,69.46,72.5,17.82
2023-09-15 05:00,9,5,Weekday,Fall,No,69.08,72.62,22.59
2023-09-15 06:00,9,6,Weekday,Fall,No,69.6,73.35,23.18
2023-09-15 07:00,9,7,Weekday,Fall,No,72.92,73.41,27.09
2023-09-15 08:00,9,8,Weekday,Fall,Yes,78.48,71.94,55.63
2023-09-15 09:00,9,9,Weekday,Fall,Yes,84.53,73.66,59.38
2023-09-15 10:00,9,10,Weekday,Fall,Yes,89.39,75.01,63.11
2023-09-15 11:00,9,11,Weekday,Fall,Yes,92.72,75.32,67.76
2023-09-15 12:00,9,12,Weekday,Fall,Yes,95.18,75.11,76.57
2023-09-15 13:00,9,13,Weekday,Fall,Yes,96.08,74.75,68.37
2023-09-15 14:00,9,14,Weekday,Fall,Yes,97.24,75.68,68.95
2023-09-15 15:00,9,15,Weekday,Fall,Yes,98.06,75.57,50.71
2023-09-15 16:00,9,16,Weekday,Fall,Yes,97.43,76.3,49.43
2023-09-15 17:00,9,17,Weekday,Fall,Yes,95.82,76.24,44.45
2023-09-15 18:00,9,18,Weekday,Fall,No,92.06,77.0,44.75
2023-09-15 19:00,9,19,Weekday,Fall,No,87.65,74.91,45.1
2023-09-15 20:00,9,20,Weekday,Fall,No,84.22,74.92,32.17
2023-09-15 21:00,9,21,Weekday,Fall,No,81.78,74.28,37.23
2023-09-15 22:00,9,22,Weekday,Fall,No,80.44,74.37,39.96
2023-09-15 23:00,9,23,Weekday,Fall,No,79.43,75.44,29.01
2023-09-16 00:00,9,0,Weekend,Fall,No,77.82,73.67,34.87
2023-09-16 01:00,9,1,Weekend,Fall,No,76.37,73.02,30.09
2023-09-16 02:00,9,2,Weekend,Fall,No,75.4,73.87,31.26
2023-09-16 03:00,9,3,Weekend,Fall,No,75.02,72.11,24.03
2023-09-16 04:00,9,4,Weekend,Fall,No,74.39,73.75,35.7
2023-09-16 05:00,9,5,Weekend,Fall,No,73.42,72.48,26.68
2023-09-16 06:00,9,6,Weekend,Fall,No,74.19,72.94,16.83
2023-09-16 07:00,9,7,Weekend,Fall,No,76.8,73.21,29.48
2023-09-16 08:00,9,8,Weekend,Fall,No,80.39,75.48,35.19
2023-09-16 09:00,9,9,Weekend,Fall,No,84.98,75.06,28.89
2023-09-16 10:00,9,10,Weekend,Fall,No,88.23,75.97,35.34
2023-09-16 11:00,9,11,Weekend,Fall,No,90.74,75.63,48.25
2023-09-16 12:00,9,12,Weekend,Fall,No,93.1,77.29,49.78
2023-09-16 13:00,9,13,Weekend,Fall,No,94.55,76.38,48.65
2023-09-16 14:00,9,14,Weekend,Fall,No,95.0,77.06,39.17
2023-09-16 15:00,9,15,Weekend,Fall,No,92.06,76.35,41.35
2023-09-16 16:00,9,16,Weekend,Fall,No,86.49,75.88,36.51
2023-09-16 17:00,9,17,Weekend,Fall,No,82.86,75.39,38.67
2023-09-16 18:00,9,18,Weekend,Fall,No,82.56,74.89,40.84
2023-09-16 19:00,9,19,Weekend,Fall,No,81.78,75.93,38.73
2023-09-16 20:00,9,20,Weekend,Fall,No,80.44,73.5,34.75
2023-09-16 21:00,9,21,Weekend,Fall,No,80.06,74.74,31.4
2023-09-16 22:00,9,22,Weekend,Fall,No,79.43,73.71,36.38
2023-09-16 23:00,9,23,Weekend,Fall,No,77.82,74.17,21.46
2023-09-17 00:00,9,0,Weekend,Fall,No,75.22,73.51,25.43
2023-09-17 01:00,9,1,Weekend,Fall,No,73.42,73.71,18.57
2023-09-17 02:00,9,2,Weekend,Fall,No,73.56,73.65,29.51
2023-09-17 03:00,9,3,Weekend,Fall,No,72.78,72.73,31.41
2023-09-17 04:00,9,4,Weekend,Fall,No,71.44,73.1,25.57
2023-09-17 05:00,9,5,Weekend,Fall,No,71.06,72.73,26.59
2023-09-17 06:00,9,6,Weekend,Fall,No,71.06,74.87,24.36
2023-09-17 07:00,9,7,Weekend,Fall,No,73.37,73.43,30.26
2023-09-17 08:00,9,8,Weekend,Fall,No,76.8,74.65,23.97
2023-09-17 09:00,9,9,Weekend,Fall,No,80.92,74.36,27.32
2023-09-17 10:00,9,10,Weekend,Fall,No,84.72,75.65,36.71
2023-09-17 11:00,9,11,Weekend,Fall,No,87.78,75.65,36.48
2023-09-17 12:00,9,12,Weekend,Fall,No,90.22,76.86,40.55
2023-09-17 13:00,9,13,Weekend,Fall,No,91.56,76.9,38.81
2023-09-17 14:00,9,14,Weekend,Fall,No,92.57,77.51,46.7
2023-09-17 15:00,9,15,Weekend,Fall,No,93.02,76.31,40.52
2023-09-17 16:00,9,16,Weekend,Fall,No,93.02,77.06,44.99
2023-09-17 17:00,9,17,Weekend,Fall,No,92.39,77.14,43.14
2023-09-17 18:00,9,18,Weekend,Fall,No,90.78,76.78,44.53
2023-09-17 19:00,9,19,Weekend,Fall,No,85.34,74.57,46.03
2023-09-17 20:00,9,20,Weekend,Fall,No,82.04,74.92,32.94
2023-09-17 21:00,9,21,Weekend,Fall,No,79.73,74.51,38.38
2023-09-17 22:00,9,22,Weekend,Fall,No,78.6,74.48,31.08
2023-09-17 23:00,9,23,Weekend,Fall,No,78.98,74.47,24.36
2023-09-18 00:00,9,0,Weekday,Fall,No,78.46,75.55,35.46
2023-09-18 01:00,9,1,Weekday,Fall,No,77.45,74.52,25.9
2023-09-18 02:00,9,2,Weekday,Fall,No,77.0,73.71,32.74
2023-09-18 03:00,9,3,Weekday,Fall,No,76.37,73.58,33.07
2023-09-18 04:00,9,4,Weekday,Fall,No,75.4,74.68,26.66
2023-09-18 05:00,9,5,Weekday,Fall,No,74.39,73.91,27.96
2023-09-18 06:00,9,6,Weekday,Fall,No,74.57,74.22,29.33
2023-09-18 07:00,9,7,Weekday,Fall,No,76.8,73.74,24.34
2023-09-18 08:00,9,8,Weekday,Fall,Yes,79.76,72.79,60.88
2023-09-18 09:00,9,9,Weekday,Fall,Yes,83.27,74.44,59.75
2023-09-18 10:00,9,10,Weekday,Fall,Yes,86.18,73.58,64.27
2023-09-18 11:00,9,11,Weekday,Fall,Yes,88.76,75.25,54.59
2023-09-18 12:00,9,12,Weekday,Fall,Yes,91.12,74.98,72.16
2023-09-18 13:00,9,13,Weekday,Fall,Yes,93.1,75.44,71.75
2023-09-18 14:00,9,14,Weekday,Fall,Yes,92.76,75.32,60.69
2023-09-18 15:00,9,15,Weekday,Fall,Yes,91.94,75.35,43.55
2023-09-18 16:00,9,16,Weekday,Fall,Yes,90.78,76.41,48.63
2023-09-18 17:00,9,17,Weekday,Fall,Yes,89.43,74.64,37.09
2023-09-18 18:00,9,18,Weekday,Fall,No,87.9,75.55,35.68
2023-09-18 19:00,9,19,Weekday,Fall,No,82.36,75.31,38.42
2023-09-18 20:00,9,20,Weekday,Fall,No,76.67,73.78,28.69
2023-09-18 21:00,9,21,Weekday,Fall,No,74.39,73.55,22.9
2023-09-18 22:00,9,22,Weekday,Fall,No,72.26,72.93,30.97
2023-09-18 23:00,9,23,Weekday,Fall,No,71.06,73.53,25.96
2023-09-19 00:00,9,0,Weekday,Fall,No,71.06,73.3,24.88
2023-09-19 01:00,9,1,Weekday,Fall,No,71.06,71.87,15.51
2023-09-19 02:00,9,2,Weekday,Fall,No,70.43,73.53,18.29
2023-09-19 03:00,9,3,Weekday,Fall,No,69.46,73.16,21.81
2023-09-19 04:00,9,4,Weekday,Fall,No,68.45,71.74,25.63
2023-09-19 05:00,9,5,Weekday,Fall,No,67.37,72.51,20.92
2023-09-19 06:00,9,6,Weekday,Fall,No,67.55,71.75,14.65
2023-09-19 07:00,9,7,Weekday,Fall,No,70.31,73.27,20.81
2023-09-19 08:00,9,8,Weekday,Fall,Yes,74.9,72.57,52.3
2023-09-19 09:00,9,9,Weekday,Fall,Yes,78.78,72.13,44.06
2023-09-19 10:00,9,10,Weekday,Fall,Yes,82.37,73.7,67.31
2023-09-19 11:00,9,11,Weekday,Fall,Yes,86.33,73.68,53.17
2023-09-19 12:00,9,12,Weekday,Fall,Yes,89.14,74.46,67.91
2023-09-19 13:00,9,13,Weekday,Fall,Yes,90.59,74.36,57.99
2023-09-19 14:00,9,14,Weekday,Fall,Yes,91.56,74.21,67.78
2023-09-19 15:00,9,15,Weekday,Fall,Yes,91.94,75.4,40.89
2023-09-19 16:00,9,16,Weekday,Fall,Yes,91.42,75.09,45.43
2023-09-19 17:00,9,17,Weekday,Fall,Yes,89.88,74.83,34.56
2023-09-19 18:00,9,18,Weekday,Fall,No,87.28,75.09,33.35
2023-09-19 19:00,9,19,Weekday,Fall,No,84.84,74.81,37.16
2023-09-19 20:00,9,20,Weekday,Fall,No,82.86,76.12,29.48
2023-09-19 21:00,9,21,Weekday,Fall,No,80.26,76.09,39.59
2023-09-19 22:00,9,22,Weekday,Fall,No,76.67,74.83,31.92
2023-09-19 23:00,9,23,Weekday,Fall,No,74.39,74.89,32.8
2023-09-20 00:00,9,0,Weekday,Fall,No,72.78,72.14,18.05
2023-09-20 01:00,9,1,Weekday,Fall,No,71.96,74.3,29.9
2023-09-20 02:00,9,2,Weekday,Fall,No,71.44,72.98,14.65
2023-09-20 03:00,9,3,Weekday,Fall,No,70.43,72.18,30.77
2023-09-20 04:00,9,4,Weekday,Fall,No,68.82,73.12,21.84
2023-09-20 05:00,9,5,Weekday,Fall,No,67.37,72.65,19.24
2023-09-20 06:00,9,6,Weekday,Fall,No,66.92,72.91,16.14
2023-09-20 07:00,9,7,Weekday,Fall,No,69.34,72.82,25.4
2023-09-20 08:00,9,8,Weekday,Fall,Yes,75.68,71.52,50.29
2023-09-20 09:00,9,9,Weekday,Fall,Yes,81.29,72.43,49.77
2023-09-20 10:00,9,10,Weekday,Fall,Yes,83.57,73.39,60.35
2023-09-20 11:00,9,11,Weekday,Fall,Yes,86.96,75.64,61.4
2023-09-20 12:00,9,12,Weekday,Fall,Yes,90.22,75.58,62.67
2023-09-20 13:00,9,13,Weekday,Fall,Yes,91.56,75.72,72.42
2023-09-20 14:00,9,14,Weekday,Fall,Yes,92.57,75.63,70.13
2023-09-20 15:00,9,15,Weekday,Fall,Yes,92.39,74.63,42.24
2023-09-20 16:00,9,16,Weekday,Fall,Yes,91.42,75.04,37.92
2023-09-20 17:00,9,17,Weekday,Fall,Yes,90.41,75.22,37.49
2023-09-20 18:00,9,18,Weekday,Fall,No,87.65,76.63,37.6
2023-09-20 19:00,9,19,Weekday,Fall,No,85.37,74.9,39.57
2023-09-20 20:00,9,20,Weekday,Fall,No,83.24,74.9,35.51
2023-09-20 21:00,9,21,Weekday,Fall,No,80.26,75.65,35.27
2023-09-20 22:00,9,22,Weekday,Fall,No,77.2,74.63,25.78
2023-09-20 23:00,9,23,Weekday,Fall,No,74.76,73.69,25.37
2023-09-21 00:00,9,0,Weekday,Fall,No,73.42,74.1,30.26
2023-09-21 01:00,9,1,Weekday,Fall,No,71.88,73.65,35.69
2023-09-21 02:00,9,2,Weekday,Fall,No,70.43,72.78,30.41
2023-09-21 03:00,9,3,Weekday,Fall,No,69.98,72.31,29.01
2023-09-21 04:00,9,4,Weekday,Fall,No,69.46,73.74,20.98
2023-09-21 05:00,9,5,Weekday,Fall,No,69.08,72.36,18.74
2023-09-21 06:00,9,6,Weekday,Fall,No,68.45,72.94,17.55
2023-09-21 07:00,9,7,Weekday,Fall,No,71.46,71.87,23.67
2023-09-21 08:00,9,8,Weekday,Fall,Yes,77.51,74.16,49.68
2023-09-21 09:00,9,9,Weekday,Fall,Yes,81.74,73.66,56.13
2023-09-21 10:00,9,10,Weekday,Fall,Yes,84.72,74.22,56.41
2023-09-21 11:00,9,11,Weekday,Fall,Yes,87.78,74.74,53.71
2023-09-21 12:00,9,12,Weekday,Fall,Yes,90.22,74.65,65.9
2023-09-21 13:00,9,13,Weekday,Fall,Yes,92.2,74.79,63.19
2023-09-21 14:00,9,14,Weekday,Fall,Yes,92.39,75.65,69.26
2023-09-21 15:00,9,15,Weekday,Fall,Yes,91.42,75.23,43.18
2023-09-21 16:00,9,16,Weekday,Fall,Yes,88.73,75.99,30.18
2023-09-21 17:00,9,17,Weekday,Fall,Yes,86.45,74.42,41.68
2023-09-21 18:00,9,18,Weekday,Fall,No,84.84,75.74,34.96
2023-09-21 19:00,9,19,Weekday,Fall,No,82.86,75.27,35.04
2023-09-21 20:00,9,20,Weekday,Fall,No,80.26,73.64,32.22
2023-09-21 21:00,9,21,Weekday,Fall,No,78.46,73.56,23.76
2023-09-21 22:00,9,22,Weekday,Fall,No,76.82,74.48,36.24
2023-09-21 23:00,9,23,Weekday,Fall,No,75.4,73.63,34.15
2023-09-22 00:00,9,0,Weekday,Fall,No,75.02,72.4,37.0
2023-09-22 01:00,9,1,Weekday,Fall,No,75.02,74.47,28.36
2023-09-22 02:00,9,2,Weekday,Fall,No,75.02,73.76,23.42
2023-09-22 03:00,9,3,Weekday,Fall,No,75.02,72.93,36.1
2023-09-22 04:00,9,4,Weekday,Fall,No,74.39,73.66,32.15
2023-09-22 05:00,9,5,Weekday,Fall,No,73.94,74.34,29.81
2023-09-22 06:00,9,6,Weekday,Fall,No,73.42,73.61,25.37
2023-09-22 07:00,9,7,Weekday,Fall,No,73.56,73.9,25.33
2023-09-22 08:00,9,8,Weekday,Fall,Yes,74.57,71.67,53.56
2023-09-22 09:00,9,9,Weekday,Fall,Yes,77.96,73.37,45.85
2023-09-22 10:00,9,10,Weekday,Fall,Yes,81.22,73.13,54.21
2023-09-22 11:00,9,11,Weekday,Fall,Yes,83.72,73.77,64.82
2023-09-22 12:00,9,12,Weekday,Fall,Yes,84.4,73.71,60.36
2023-09-22 13:00,9,13,Weekday,Fall,Yes,82.86,73.7,59.88
2023-09-22 14:00,9,14,Weekday,Fall,Yes,75.63,71.97,54.85
2023-09-22 15:00,9,15,Weekday,Fall,Yes,71.06,71.25,23.77
2023-09-22 16:00,9,16,Weekday,Fall,Yes,69.28,70.48,27.28
2023-09-22 17:00,9,17,Weekday,Fall,Yes,68.0,70.91,27.2
2023-09-22 18:00,9,18,Weekday,Fall,No,68.0,72.89,18.5
2023-09-22 19:00,9,19,Weekday,Fall,No,68.63,73.28,22.38
2023-09-22 20:00,9,20,Weekday,Fall,No,68.45,72.66,20.44
2023-09-22 21:00,9,21,Weekday,Fall,No,68.63,73.65,18.75
2023-09-22 22:00,9,22,Weekday,Fall,No,68.45,72.74,20.77
2023-09-22 23:00,9,23,Weekday,Fall,No,68.0,71.91,17.65
2023-09-23 00:00,9,0,Weekend,Fall,No,68.63,71.23,28.96
2023-09-23 01:00,9,1,Weekend,Fall,No,68.45,73.43,25.73
2023-09-23 02:00,9,2,Weekend,Fall,No,68.0,72.51,22.11
2023-09-23 03:00,9,3,Weekend,Fall,No,68.63,72.74,24.3
2023-09-23 04:00,9,4,Weekend,Fall,No,68.45,72.09,19.79
2023-09-23 05:00,9,5,Weekend,Fall,No,67.37,71.47,18.5
2023-09-23 06:00,9,6,Weekend,Fall,No,66.92,71.25,16.02
2023-09-23 07:00,9,7,Weekend,Fall,No,68.18,72.68,24.29
2023-09-23 08:00,9,8,Weekend,Fall,No,70.76,73.54,14.16
2023-09-23 09:00,9,9,Weekend,Fall,No,74.27,73.1,29.45
2023-09-23 10:00,9,10,Weekend,Fall,No,77.7,75.21,30.32
2023-09-23 11:00,9,11,Weekend,Fall,No,78.98,73.7,26.67
2023-09-23 12:00,9,12,Weekend,Fall,No,79.61,75.55,34.78
2023-09-23 13:00,9,13,Weekend,Fall,No,81.22,75.53,27.55
2023-09-23 14:00,9,14,Weekend,Fall,No,83.72,74.52,34.2
2023-09-23 15:00,9,15,Weekend,Fall,No,83.77,75.82,36.24
2023-09-23 16:00,9,16,Weekend,Fall,No,82.42,74.78,28.84
2023-09-23 17:00,9,17,Weekend,Fall,No,80.26,74.72,33.54
2023-09-23 18:00,9,18,Weekend,Fall,No,77.2,73.56,23.96
2023-09-23 19:00,9,19,Weekend,Fall,No,71.93,74.13,26.92
2023-09-23 20:00,9,20,Weekend,Fall,No,67.82,72.38,22.6
2023-09-23 21:00,9,21,Weekend,Fall,No,65.24,72.87,16.4
2023-09-23 22:00,9,22,Weekend,Fall,No,64.56,71.97,24.39
2023-09-23 23:00,9,23,Weekend,Fall,No,65.57,72.79,19.86
2023-09-24 00:00,9,0,Weekend,Fall,No,66.54,71.56,24.72
2023-09-24 01:00,9,1,Weekend,Fall,No,65.76,71.57,15.93
2023-09-24 02:00,9,2,Weekend,Fall,No,64.94,72.16,25.17
2023-09-24 03:00,9,3,Weekend,Fall,No,64.41,71.04,23.7
2023-09-24 04:00,9,4,Weekend,Fall,No,64.04,72.42,20.39
2023-09-24 05:00,9,5,Weekend,Fall,No,63.41,71.97,22.11
2023-09-24 06:00,9,6,Weekend,Fall,No,62.96,72.66,15.26
2023-09-24 07:00,9,7,Weekend,Fall,No,65.9,72.39,21.08
2023-09-24 08:00,9,8,Weekend,Fall,No,70.94,72.48,18.35
2023-09-24 09:00,9,9,Weekend,Fall,No,75.35,73.11,30.37
2023-09-24 10:00,9,10,Weekend,Fall,No,78.78,73.65,35.42
2023-09-24 11:00,9,11,Weekend,Fall,No,82.37,75.47,32.72
2023-09-24 12:00,9,12,Weekend,Fall,No,85.18,76.37,34.97
2023-09-24 13:00,9,13,Weekend,Fall,No,87.16,76.09,39.26
2023-09-24 14:00,9,14,Weekend,Fall,No,88.61,77.56,34.66
2023-09-24 15:00,9,15,Weekend,Fall,No,89.06,76.07,37.28
2023-09-24 16:00,9,16,Weekend,Fall,No,88.43,76.46,41.23
2023-09-24 17:00,9,17,Weekend,Fall,No,86.82,76.04,35.63
2023-09-24 18:00,9,18,Weekend,Fall,No,84.22,74.07,32.86
2023-09-24 19:00,9,19,Weekend,Fall,No,81.26,75.29,38.4
2023-09-24 20:00,9,20,Weekend,Fall,No,76.49,73.98,37.49
2023-09-24 21:00,9,21,Weekend,Fall,No,73.42,72.43,22.36
2023-09-24 22:00,9,22,Weekend,Fall,No,71.88,73.16,28.54
2023-09-24 23:00,9,23,Weekend,Fall,No,70.43,72.54,30.04
2023-09-25 00:00,9,0,Weekday,Fall,No,67.67,73.31,28.46
2023-09-25 01:00,9,1,Weekday,Fall,No,65.39,72.11,21.37
2023-09-25 02:00,9,2,Weekday,Fall,No,64.94,73.3,17.07
2023-09-25 03:00,9,3,Weekday,Fall,No,64.41,71.73,24.94
2023-09-25 04:00,9,4,Weekday,Fall,No,63.41,72.7,15.92
2023-09-25 05:00,9,5,Weekday,Fall,No,62.44,71.16,19.96
2023-09-25 06:00,9,6,Weekday,Fall,No,63.22,72.14,20.61
2023-09-25 07:00,9,7,Weekday,Fall,No,67.5,71.57,22.96
2023-09-25 08:00,9,8,Weekday,Fall,Yes,73.44,71.85,45.98
2023-09-25 09:00,9,9,Weekday,Fall,Yes,79.49,73.55,51.95
2023-09-25 10:00,9,10,Weekday,Fall,Yes,83.72,71.98,62.04
2023-09-25 11:00,9,11,Weekday,Fall,Yes,86.7,74.74,60.25
2023-09-25 12:00,9,12,Weekday,Fall,Yes,89.14,74.49,63.05
2023-09-25 13:00,9,13,Weekday,Fall,Yes,89.96,75.39,62.04
2023-09-25 14:00,9,14,Weekday,Fall,Yes,90.59,76.22,68.3
2023-09-25 15:00,9,15,Weekday,Fall,Yes,91.04,76.74,39.14
2023-09-25 16:00,9,16,Weekday,Fall,Yes,89.88,74.1,41.77
2023-09-25 17:00,9,17,Weekday,Fall,Yes,87.9,73.79,50.18
2023-09-25 18:00,9,18,Weekday,Fall,No,84.66,76.24,37.23
2023-09-25 19:00,9,19,Weekday,Fall,No,81.26,74.96,32.29
2023-09-25 20:00,9,20,Weekday,Fall,No,78.28,74.97,32.08
2023-09-25 21:00,9,21,Weekday,Fall,No,75.22,74.12,25.09
2023-09-25 22:00,9,22,Weekday,Fall,No,72.26,73.28,23.69
2023-09-25 23:00,9,23,Weekday,Fall,No,69.9,73.29,32.26
2023-09-26 00:00,9,0,Weekday,Fall,No,67.82,73.88,22.14
2023-09-26 01:00,9,1,Weekday,Fall,No,66.4,71.1,24.08
2023-09-26 02:00,9,2,Weekday,Fall,No,64.86,71.22,13.57
2023-09-26 03:00,9,3,Weekday,Fall,No,63.41,72.5,14.71
2023-09-26 04:00,9,4,Weekday,Fall,No,62.96,72.72,14.4
2023-09-26 05:00,9,5,Weekday,Fall,No,62.44,70.94,16.18
2023-09-26 06:00,9,6,Weekday,Fall,No,62.58,70.58,25.08
2023-09-26 07:00,9,7,Weekday,Fall,No,65.27,72.31,17.51
2023-09-26 08:00,9,8,Weekday,Fall,Yes,71.02,70.62,47.64
2023-09-26 09:00,9,9,Weekday,Fall,Yes,77.51,72.89,47.94
2023-09-26 10:00,9,10,Weekday,Fall,Yes,83.52,73.15,54.16
2023-09-26 11:00,9,11,Weekday,Fall,Yes,87.16,75.36,58.32
2023-09-26 12:00,9,12,Weekday,Fall,Yes,88.61,74.92,57.95
2023-09-26 13:00,9,13,Weekday,Fall,Yes,90.22,74.44,64.77
2023-09-26 14:00,9,14,Weekday,Fall,Yes,91.04,75.33,68.5
2023-09-26 15:00,9,15,Weekday,Fall,Yes,91.56,75.68,42.09
2023-09-26 16:00,9,16,Weekday,Fall,Yes,91.42,74.77,44.39
2023-09-26 17:00,9,17,Weekday,Fall,Yes,89.88,74.89,41.26
2023-09-26 18:00,9,18,Weekday,Fall,No,86.65,75.47,40.96
2023-09-26 19:00,9,19,Weekday,Fall,No,82.61,74.42,40.12
2023-09-26 20:00,9,20,Weekday,Fall,No,79.81,74.53,36.11
2023-09-26 21:00,9,21,Weekday,Fall,No,74.88,73.8,29.87
2023-09-26 22:00,9,22,Weekday,Fall,No,70.81,73.87,13.65
2023-09-26 23:00,9,23,Weekday,Fall,No,68.82,71.68,26.09
2023-09-27 00:00,9,0,Weekday,Fall,No,67.37,72.58,20.1
2023-09-27 01:00,9,1,Weekday,Fall,No,66.4,71.39,17.63
2023-09-27 02:00,9,2,Weekday,Fall,No,66.02,72.69,20.81
2023-09-27 03:00,9,3,Weekday,Fall,No,64.86,70.53,15.62
2023-09-27 04:00,9,4,Weekday,Fall,No,63.41,72.65,18.62
2023-09-27 05:00,9,5,Weekday,Fall,No,62.96,72.12,20.18
2023-09-27 06:00,9,6,Weekday,Fall,No,62.44,72.06,15.96
2023-09-27 07:00,9,7,Weekday,Fall,No,66.68,72.11,27.57
2023-09-27 08:00,9,8,Weekday,Fall,Yes,74.7,73.25,48.07
2023-09-27 09:00,9,9,Weekday,Fall,Yes,80.92,72.45,52.04
2023-09-27 10:00,9,10,Weekday,Fall,Yes,86.51,73.57,66.18
2023-09-27 11:00,9,11,Weekday,Fall,Yes,90.74,75.33,63.55
2023-09-27 12:00,9,12,Weekday,Fall,Yes,93.72,75.35,72.35
2023-09-27 13:00,9,13,Weekday,Fall,Yes,95.0,74.78,64.24
2023-09-27 14:00,9,14,Weekday,Fall,Yes,96.16,75.48,66.11
2023-09-27 15:00,9,15,Weekday,Fall,Yes,96.46,74.96,42.34
2023-09-27 16:00,9,16,Weekday,Fall,Yes,95.45,76.36,45.41
2023-09-27 17:00,9,17,Weekday,Fall,Yes,93.84,75.95,48.19
2023-09-27 18:00,9,18,Weekday,Fall,No,90.71,76.0,45.05
2023-09-27 19:00,9,19,Weekday,Fall,No,86.65,75.62,32.67
2023-09-27 20:00,9,20,Weekday,Fall,No,83.24,75.31,34.34
2023-09-27 21:00,9,21,Weekday,Fall,No,79.73,75.43,31.05
2023-09-27 22:00,9,22,Weekday,Fall,No,76.3,74.0,35.88
2023-09-27 23:00,9,23,Weekday,Fall,No,73.86,73.59,28.97
2023-09-28 00:00,9,0,Weekday,Fall,No,72.41,72.82,31.4
2023-09-28 01:00,9,1,Weekday,Fall,No,70.81,72.34,26.39
2023-09-28 02:00,9,2,Weekday,Fall,No,70.61,74.13,14.05
2023-09-28 03:00,9,3,Weekday,Fall,No,69.28,72.24,24.77
2023-09-28 04:00,9,4,Weekday,Fall,No,68.0,72.7,18.5
2023-09-28 05:00,9,5,Weekday,Fall,No,68.0,72.36,21.63
2023-09-28 06:00,9,6,Weekday,Fall,No,68.63,72.55,26.79
2023-09-28 07:00,9,7,Weekday,Fall,No,72.54,72.08,20.14
2023-09-28 08:00,9,8,Weekday,Fall,Yes,79.12,72.16,59.2
2023-09-28 09:00,9,9,Weekday,Fall,Yes,85.51,74.03,60.48
2023-09-28 10:00,9,10,Weekday,Fall,Yes,90.92,76.06,69.26
2023-09-28 11:00,9,11,Weekday,Fall,Yes,94.8,76.12,72.06
2023-09-28 12:00,9,12,Weekday,Fall,Yes,96.08,76.14,68.38
2023-09-28 13:00,9,13,Weekday,Fall,Yes,97.24,75.36,66.29
2023-09-28 14:00,9,14,Weekday,Fall,Yes,98.58,75.68,73.67
2023-09-28 15:00,9,15,Weekday,Fall,Yes,97.8,75.7,42.9
2023-09-28 16:00,9,16,Weekday,Fall,Yes,96.46,75.06,39.14
2023-09-28 17:00,9,17,Weekday,Fall,Yes,94.82,75.56,48.35
2023-09-28 18:00,9,18,Weekday,Fall,No,88.67,75.51,41.84
2023-09-28 19:00,9,19,Weekday,Fall,No,81.46,74.79,23.91
2023-09-28 20:00,9,20,Weekday,Fall,No,78.46,75.41,32.47
2023-09-28 21:00,9,21,Weekday,Fall,No,78.6,73.69,34.09
2023-09-28 22:00,9,22,Weekday,Fall,No,78.98,74.1,37.94
2023-09-28 23:00,9,23,Weekday,Fall,No,77.2,74.58,25.36
2023-09-29 00:00,9,0,Weekday,Fall,No,74.76,73.66,23.02
2023-09-29 01:00,9,1,Weekday,Fall,No,72.26,74.02,28.71
2023-09-29 02:00,9,2,Weekday,Fall,No,70.43,72.72,17.24
2023-09-29 03:00,9,3,Weekday,Fall,No,69.46,72.42,20.03
2023-09-29 04:00,9,4,Weekday,Fall,No,67.3,72.63,21.55
2023-09-29 05:00,9,5,Weekday,Fall,No,66.02,71.54,15.81
2023-09-29 06:00,9,6,Weekday,Fall,No,66.54,71.47,25.79
2023-09-29 07:00,9,7,Weekday,Fall,No,69.86,73.3,27.13
2023-09-29 08:00,9,8,Weekday,Fall,Yes,76.68,72.51,50.04
2023-09-29 09:00,9,9,Weekday,Fall,Yes,81.22,72.96,58.42
2023-09-29 10:00,9,10,Weekday,Fall,Yes,86.14,73.52,61.68
2023-09-29 11:00,9,11,Weekday,Fall,Yes,90.74,75.54,64.76
2023-09-29 12:00,9,12,Weekday,Fall,Yes,93.1,77.01,65.11
2023-09-29 13:00,9,13,Weekday,Fall,Yes,93.92,74.74,67.08
2023-09-29 14:00,9,14,Weekday,Fall,Yes,93.4,75.35,57.84
2023-09-29 15:00,9,15,Weekday,Fall,Yes,92.39,75.29,37.03
2023-09-29 16:00,9,16,Weekday,Fall,Yes,91.42,75.54,42.01
2023-09-29 17:00,9,17,Weekday,Fall,Yes,89.26,73.66,38.28
2023-09-29 18:00,9,18,Weekday,Fall,No,85.67,74.66,36.97
2023-09-29 19:00,9,19,Weekday,Fall,No,81.71,76.09,29.58
2023-09-29 20:00,9,20,Weekday,Fall,No,77.65,75.21,29.91
2023-09-29 21:00,9,21,Weekday,Fall,No,75.4,73.89,30.95
2023-09-29 22:00,9,22,Weekday,Fall,No,74.39,73.98,19.1
2023-09-29 23:00,9,23,Weekday,Fall,No,71.63,72.78,20.41
2023-09-30 00:00,9,0,Weekend,Fall,No,70.61,72.68,24.39
2023-09-30 01:00,9,1,Weekend,Fall,No,70.43,72.27,23.83
2023-09-30 02:00,9,2,Weekend,Fall,No,68.82,73.17,21.97
2023-09-30 03:00,9,3,Weekend,Fall,No,68.0,72.48,31.4
2023-09-30 04:00,9,4,Weekend,Fall,No,67.37,72.49,19.73
2023-09-30 05:00,9,5,Weekend,Fall,No,67.55,73.24,20.56
2023-09-30 06:00,9,6,Weekend,Fall,No,68.0,72.6,20.56
2023-09-30 07:00,9,7,Weekend,Fall,No,70.31,73.94,20.66
2023-09-30 08:00,9,8,Weekend,Fall,No,74.9,75.04,30.13
2023-09-30 09:00,9,9,Weekend,Fall,No,80.46,75.26,31.02
2023-09-30 10:00,9,10,Weekend,Fall,No,85.88,75.57,39.12
2023-09-30 11:00,9,11,Weekend,Fall,No,89.14,77.39,43.87
2023-09-30 12:00,9,12,Weekend,Fall,No,87.02,75.63,35.59
2023-09-30 13:00,9,13,Weekend,Fall,No,84.92,74.9,36.52
2023-09-30 14:00,9,14,Weekend,Fall,No,82.08,75.25,37.51
2023-09-30 15:00,9,15,Weekend,Fall,No,73.66,72.76,26.91
2023-09-30 16:00,9,16,Weekend,Fall,No,70.24,72.12,23.63
2023-09-30 17:00,9,17,Weekend,Fall,No,70.43,72.3,20.43
2023-09-30 18:00,9,18,Weekend,Fall,No,67.67,72.45,26.02
2023-09-30 19:00,9,19,Weekend,Fall,No,65.39,72.04,15.73
2023-09-30 20:00,9,20,Weekend,Fall,No,65.57,72.55,16.19
2023-09-30 21:00,9,21,Weekend,Fall,No,65.5,71.98,21.9
2023-09-30 22:00,9,22,Weekend,Fall,No,64.7,72.44,13.18
2023-09-30 23:00,9,23,Weekend,Fall,No,63.88,71.95,10.27
2023-10-01 00:00,10,0,Weekend,Fall,No,62.98,72.1,3.53
2023-10-01 01:00,10,1,Weekend,Fall,No,62.08,70.42,14.44
2023-10-01 02:00,10,2,Weekend,Fall,No,61.28,71.74,17.06
2023-10-01 03:00,10,3,Weekend,Fall,No,60.46,70.5,12.37
2023-10-01 04:00,10,4,Weekend,Fall,No,59.45,70.12,15.74
2023-10-01 05:00,10,5,Weekend,Fall,No,58.37,69.89,12.81
2023-10-01 06:00,10,6,Weekend,Fall,No,58.55,70.86,11.82
2023-10-01 07:00,10,7,Weekend,Fall,No,61.94,72.33,18.74
2023-10-01 08:00,10,8,Weekend,Fall,No,67.5,72.2,13.9
2023-10-01 09:00,10,9,Weekend,Fall,No,72.92,73.1,28.01
2023-10-01 10:00,10,10,Weekend,Fall,No,76.8,74.1,30.22
2023-10-01 11:00,10,11,Weekend,Fall,No,79.24,74.75,36.24
2023-10-01 12:00,10,12,Weekend,Fall,No,80.58,74.99,31.98
2023-10-01 13:00,10,13,Weekend,Fall,No,82.12,75.46,37.85
2023-10-01 14:00,10,14,Weekend,Fall,No,83.57,75.73,37.81
2023-10-01 15:00,10,15,Weekend,Fall,No,84.02,74.01,39.3
2023-10-01 16:00,10,16,Weekend,Fall,No,84.02,74.87,40.79
2023-10-01 17:00,10,17,Weekend,Fall,No,83.39,74.69,42.28
2023-10-01 18:00,10,18,Weekend,Fall,No,81.78,76.0,34.59
2023-10-01 19:00,10,19,Weekend,Fall,No,77.5,73.54,38.39
2023-10-01 20:00,10,20,Weekend,Fall,No,73.86,73.38,21.4
2023-10-01 21:00,10,21,Weekend,Fall,No,72.41,72.82,33.78
2023-10-01 22:00,10,22,Weekend,Fall,No,70.28,73.7,22.41
2023-10-01 23:00,10,23,Weekend,Fall,No,67.82,72.53,19.23
2023-10-02 00:00,10,0,Weekday,Fall,No,66.4,72.01,27.15
2023-10-02 01:00,10,1,Weekday,Fall,No,66.54,71.95,18.94
2023-10-02 02:00,10,2,Weekday,Fall,No,65.24,70.99,29.72
2023-10-02 03:00,10,3,Weekday,Fall,No,63.41,72.57,16.05
2023-10-02 04:00,10,4,Weekday,Fall,No,62.44,71.47,16.92
2023-10-02 05:00,10,5,Weekday,Fall,No,62.06,72.1,14.56
2023-10-02 06:00,10,6,Weekday,Fall,No,62.06,71.23,14.25
2023-10-02 07:00,10,7,Weekday,Fall,No,64.37,71.29,16.66
2023-10-02 08:00,10,8,Weekday,Fall,Yes,70.12,71.31,50.59
2023-10-02 09:00,10,9,Weekday,Fall,Yes,76.5,73.09,53.66
2023-10-02 10:00,10,10,Weekday,Fall,Yes,81.92,72.93,52.64
2023-10-02 11:00,10,11,Weekday,Fall,Yes,85.8,74.32,67.74
2023-10-02 12:00,10,12,Weekday,Fall,Yes,87.08,74.81,62.11
2023-10-02 13:00,10,13,Weekday,Fall,Yes,88.23,75.22,60.01
2023-10-02 14:00,10,14,Weekday,Fall,Yes,89.58,74.96,61.17
2023-10-02 15:00,10,15,Weekday,Fall,Yes,90.59,75.29,36.16
2023-10-02 16:00,10,16,Weekday,Fall,Yes,89.88,75.77,39.27
2023-10-02 17:00,10,17,Weekday,Fall,Yes,88.43,75.02,48.2
2023-10-02 18:00,10,18,Weekday,Fall,No,85.67,74.34,42.3
2023-10-02 19:00,10,19,Weekday,Fall,No,82.24,74.2,36.53
2023-10-02 20:00,10,20,Weekday,Fall,No,78.65,74.69,32.57
2023-10-02 21:00,10,21,Weekday,Fall,No,75.84,75.27,27.98
2023-10-02 22:00,10,22,Weekday,Fall,No,73.86,73.57,30.86
2023-10-02 23:00,10,23,Weekday,Fall,No,71.26,72.44,24.06
2023-10-03 00:00,10,0,Weekday,Fall,No,69.46,73.8,21.38
2023-10-03 01:00,10,1,Weekday,Fall,No,67.82,71.84,24.1
2023-10-03 02:00,10,2,Weekday,Fall,No,65.76,72.21,22.88
2023-10-03 03:00,10,3,Weekday,Fall,No,63.78,71.0,17.95
2023-10-03 04:00,10,4,Weekday,Fall,No,62.44,70.88,13.97
2023-10-03 05:00,10,5,Weekday,Fall,No,62.06,71.53,13.45
2023-10-03 06:00,10,6,Weekday,Fall,No,62.06,72.25,12.76
2023-10-03 07:00,10,7,Weekday,Fall,No,66.68,72.58,21.56
2023-10-03 08:00,10,8,Weekday,Fall,Yes,72.29,73.11,47.92
2023-10-03 09:00,10,9,Weekday,Fall,Yes,76.88,72.06,44.26
2023-10-03 10:00,10,10,Weekday,Fall,Yes,81.92,74.91,57.11
2023-10-03 11:00,10,11,Weekday,Fall,Yes,85.18,74.03,58.88
2023-10-03 12:00,10,12,Weekday,Fall,Yes,87.78,74.19,57.18
2023-10-03 13:00,10,13,Weekday,Fall,Yes,89.06,74.79,63.8
2023-10-03 14:00,10,14,Weekday,Fall,Yes,90.22,74.62,62.44
2023-10-03 15:00,10,15,Weekday,Fall,Yes,91.04,75.57,35.71
2023-10-03 16:00,10,16,Weekday,Fall,Yes,90.41,74.07,38.38
2023-10-03 17:00,10,17,Weekday,Fall,Yes,88.8,75.82,37.64
2023-10-03 18:00,10,18,Weekday,Fall,No,85.04,75.88,36.91
2023-10-03 19:00,10,19,Weekday,Fall,No,81.78,74.08,30.12
2023-10-03 20:00,10,20,Weekday,Fall,No,79.81,73.98,35.7
2023-10-03 21:00,10,21,Weekday,Fall,No,76.67,74.09,26.26
2023-10-03 22:00,10,22,Weekday,Fall,No,72.08,73.09,23.6
2023-10-03 23:00,10,23,Weekday,Fall,No,68.82,72.3,19.99
2023-10-04 00:00,10,0,Weekday,Fall,No,68.0,73.15,15.18
2023-10-04 01:00,10,1,Weekday,Fall,No,66.84,71.99,28.19
2023-10-04 02:00,10,2,Weekday,Fall,No,64.86,72.01,19.35
2023-10-04 03:00,10,3,Weekday,Fall,No,64.04,71.68,27.67
2023-10-04 04:00,10,4,Weekday,Fall,No,63.41,71.54,12.37
2023-10-04 05:00,10,5,Weekday,Fall,No,62.96,70.5,21.87
2023-10-04 06:00,10,6,Weekday,Fall,No,63.59,72.59,20.66
2023-10-04 07:00,10,7,Weekday,Fall,No,65.19,72.42,19.0
2023-10-04 08:00,10,8,Weekday,Fall,Yes,70.64,71.81,44.67
2023-10-04 09:00,10,9,Weekday,Fall,Yes,76.88,73.55,59.51
2023-10-04 10:00,10,10,Weekday,Fall,Yes,81.92,73.6,58.8
2023-10-04 11:00,10,11,Weekday,Fall,Yes,86.96,74.35,63.55
2023-10-04 12:00,10,12,Weekday,Fall,Yes,90.22,74.32,59.54
2023-10-04 13:00,10,13,Weekday,Fall,Yes,91.04,75.37,71.91
2023-10-04 14:00,10,14,Weekday,Fall,Yes,92.2,75.68,60.99
2023-10-04 15:00,10,15,Weekday,Fall,Yes,92.39,75.39,47.17
2023-10-04 16:00,10,16,Weekday,Fall,Yes,91.94,74.33,41.27
2023-10-04 17:00,10,17,Weekday,Fall,Yes,90.26,75.62,34.97
2023-10-04 18:00,10,18,Weekday,Fall,No,86.12,76.48,38.99
2023-10-04 19:00,10,19,Weekday,Fall,No,81.08,74.8,34.45
2023-10-04 20:00,10,20,Weekday,Fall,No,77.82,73.69,27.02
2023-10-04 21:00,10,21,Weekday,Fall,No,74.69,73.72,26.26
2023-10-04 22:00,10,22,Weekday,Fall,No,71.88,73.96,23.25
2023-10-04 23:00,10,23,Weekday,Fall,No,68.65,73.49,31.09
2023-10-05 00:00,10,0,Weekday,Fall,No,66.92,71.65,16.53
2023-10-05 01:00,10,1,Weekday,Fall,No,65.76,71.08,21.77
2023-10-05 02:00,10,2,Weekday,Fall,No,63.26,70.76,12.47
2023-10-05 03:00,10,3,Weekday,Fall,No,61.43,70.16,18.4
2023-10-05 04:00,10,4,Weekday,Fall,No,59.82,70.77,13.78
2023-10-05 05:00,10,5,Weekday,Fall,No,59.0,69.92,14.99
2023-10-05 06:00,10,6,Weekday,Fall,No,59.63,71.08,9.57
2023-10-05 07:00,10,7,Weekday,Fall,No,61.76,72.25,23.32
2023-10-05 08:00,10,8,Weekday,Fall,Yes,67.06,70.38,42.75
2023-10-05 09:00,10,9,Weekday,Fall,Yes,74.08,71.37,53.2
2023-10-05 10:00,10,10,Weekday,Fall,Yes,79.94,73.25,54.49
2023-10-05 11:00,10,11,Weekday,Fall,Yes,83.72,73.53,63.03
2023-10-05 12:00,10,12,Weekday,Fall,Yes,85.55,74.47,55.6
2023-10-05 13:00,10,13,Weekday,Fall,Yes,87.78,75.36,62.28
2023-10-05 14:00,10,14,Weekday,Fall,Yes,87.9,75.38,62.61
2023-10-05 15:00,10,15,Weekday,Fall,Yes,88.23,73.48,36.53
2023-10-05 16:00,10,16,Weekday,Fall,Yes,87.9,73.93,40.97
2023-10-05 17:00,10,17,Weekday,Fall,Yes,84.66,73.52,36.91
2023-10-05 18:00,10,18,Weekday,Fall,No,81.78,74.58,26.97
2023-10-05 19:00,10,19,Weekday,Fall,No,79.28,75.13,35.34
2023-10-05 20:00,10,20,Weekday,Fall,No,75.67,73.81,23.2
2023-10-05 21:00,10,21,Weekday,Fall,No,72.26,72.04,23.97
2023-10-05 22:00,10,22,Weekday,Fall,No,69.9,72.58,26.93
2023-10-05 23:00,10,23,Weekday,Fall,No,68.45,72.21,26.4
2023-10-06 00:00,10,0,Weekday,Fall,No,66.84,71.85,15.71
2023-10-06 01:00,10,1,Weekday,Fall,No,65.39,71.54,17.53
2023-10-06 02:00,10,2,Weekday,Fall,No,63.26,72.02,10.59
2023-10-06 03:00,10,3,Weekday,Fall,No,60.28,72.41,14.18
2023-10-06 04:00,10,4,Weekday,Fall,No,59.63,71.08,18.77
2023-10-06 05:00,10,5,Weekday,Fall,No,59.45,73.04,16.08
2023-10-06 06:00,10,6,Weekday,Fall,No,59.63,70.88,16.77
2023-10-06 07:00,10,7,Weekday,Fall,No,62.39,72.5,17.08
2023-10-06 08:00,10,8,Weekday,Fall,Yes,68.13,70.22,47.63
2023-10-06 09:00,10,9,Weekday,Fall,Yes,74.53,72.76,43.89
2023-10-06 10:00,10,10,Weekday,Fall,Yes,79.31,73.57,50.88
2023-10-06 11:00,10,11,Weekday,Fall,Yes,83.27,72.95,58.1
2023-10-06 12:00,10,12,Weekday,Fall,Yes,85.55,75.4,58.92
2023-10-06 13:00,10,13,Weekday,Fall,Yes,86.63,73.68,63.03
2023-10-06 14:00,10,14,Weekday,Fall,Yes,88.23,74.08,63.0
2023-10-06 15:00,10,15,Weekday,Fall,Yes,88.43,74.84,37.54
2023-10-06 16:00,10,16,Weekday,Fall,Yes,87.46,74.6,39.57
2023-10-06 17:00,10,17,Weekday,Fall,Yes,85.82,74.1,39.1
2023-10-06 18:00,10,18,Weekday,Fall,No,82.61,75.06,30.47
2023-10-06 19:00,10,19,Weekday,Fall,No,79.81,75.04,29.51
2023-10-06 20:00,10,20,Weekday,Fall,No,77.2,72.69,27.39
2023-10-06 21:00,10,21,Weekday,Fall,No,75.4,74.56,24.23
2023-10-06 22:00,10,22,Weekday,Fall,No,70.92,74.06,25.5
2023-10-06 23:00,10,23,Weekday,Fall,No,67.37,73.6,25.57
2023-10-07 00:00,10,0,Weekend,Fall,No,65.76,72.64,20.29
2023-10-07 01:00,10,1,Weekend,Fall,No,63.78,71.77,16.04
2023-10-07 02:00,10,2,Weekend,Fall,No,61.8,72.2,15.42
2023-10-07 03:00,10,3,Weekend,Fall,No,61.61,72.73,8.16
2023-10-07 04:00,10,4,Weekend,Fall,No,60.9,71.53,5.77
2023-10-07 05:00,10,5,Weekend,Fall,No,60.08,72.22,23.7
2023-10-07 06:00,10,6,Weekend,Fall,No,60.6,71.97,22.41
2023-10-07 07:00,10,7,Weekend,Fall,No,64.44,71.37,22.66
2023-10-07 08:00,10,8,Weekend,Fall,No,70.49,72.74,11.93
2023-10-07 09:00,10,9,Weekend,Fall,No,75.98,74.13,24.91
2023-10-07 10:00,10,10,Weekend,Fall,No,81.54,75.17,34.65
2023-10-07 11:00,10,11,Weekend,Fall,No,84.54,74.47,41.27
2023-10-07 12:00,10,12,Weekend,Fall,No,86.7,75.12,40.49
2023-10-07 13:00,10,13,Weekend,Fall,No,87.98,75.01,42.99
2023-10-07 14:00,10,14,Weekend,Fall,No,89.14,76.38,51.77
2023-10-07 15:00,10,15,Weekend,Fall,No,89.96,76.15,39.02
2023-10-07 16:00,10,16,Weekend,Fall,No,88.8,76.97,27.46
2023-10-07 17:00,10,17,Weekend,Fall,No,86.82,74.5,46.78
2023-10-07 18:00,10,18,Weekend,Fall,No,83.69,75.92,28.41
2023-10-07 19:00,10,19,Weekend,Fall,No,80.88,74.54,35.46
2023-10-07 20:00,10,20,Weekend,Fall,No,77.65,73.89,37.15
2023-10-07 21:00,10,21,Weekend,Fall,No,75.92,73.23,33.9
2023-10-07 22:00,10,22,Weekend,Fall,No,71.93,73.65,26.47
2023-10-07 23:00,10,23,Weekend,Fall,No,67.3,71.79,20.22
2023-10-08 00:00,10,0,Weekend,Fall,No,65.39,72.08,14.96
2023-10-08 01:00,10,1,Weekend,Fall,No,63.26,72.02,17.89
2023-10-08 02:00,10,2,Weekend,Fall,No,61.43,71.25,22.54
2023-10-08 03:00,10,3,Weekend,Fall,No,60.98,72.78,4.48
2023-10-08 04:00,10,4,Weekend,Fall,No,60.98,70.69,19.0
2023-10-08 05:00,10,5,Weekend,Fall,No,60.98,70.73,23.15
2023-10-08 06:00,10,6,Weekend,Fall,No,60.46,71.1,18.55
2023-10-08 07:00,10,7,Weekend,Fall,No,62.92,71.46,17.83
2023-10-08 08:00,10,8,Weekend,Fall,No,69.04,72.92,19.58
2023-10-08 09:00,10,9,Weekend,Fall,No,76.68,74.93,29.03
2023-10-08 10:00,10,10,Weekend,Fall,No,83.52,74.32,32.17
2023-10-08 11:00,10,11,Weekend,Fall,No,88.31,75.46,35.37
2023-10-08 12:00,10,12,Weekend,Fall,No,90.59,74.82,46.97
2023-10-08 13:00,10,13,Weekend,Fall,No,91.04,77.29,37.28
2023-10-08 14:00,10,14,Weekend,Fall,No,91.04,77.46,38.28
2023-10-08 15:00,10,15,Weekend,Fall,No,91.04,77.62,43.62
2023-10-08 16:00,10,16,Weekend,Fall,No,91.56,76.99,47.68
2023-10-08 17:00,10,17,Weekend,Fall,No,90.26,76.54,38.24
2023-10-08 18:00,10,18,Weekend,Fall,No,86.12,75.87,39.04
2023-10-08 19:00,10,19,Weekend,Fall,No,84.02,75.61,33.24
2023-10-08 20:00,10,20,Weekend,Fall,No,79.92,73.79,33.8
2023-10-08 21:00,10,21,Weekend,Fall,No,78.16,75.21,40.98
2023-10-08 22:00,10,22,Weekend,Fall,No,76.67,74.77,19.9
2023-10-08 23:00,10,23,Weekend,Fall,No,73.86,73.62,30.16
2023-10-09 00:00,10,0,Weekday,Fall,No,73.56,73.22,18.21
2023-10-09 01:00,10,1,Weekday,Fall,No,71.1,73.31,22.44
2023-10-09 02:00,10,2,Weekday,Fall,No,69.08,72.14,25.09
2023-10-09 03:00,10,3,Weekday,Fall,No,69.08,72.93,20.6
2023-10-09 04:00,10,4,Weekday,Fall,No,70.76,73.4,20.74
2023-10-09 05:00,10,5,Weekday,Fall,No,72.59,74.14,29.88
2023-10-09 06:00,10,6,Weekday,Fall,No,71.26,73.45,25.28
2023-10-09 07:00,10,7,Weekday,Fall,No,72.92,74.26,23.67
2023-10-09 08:00,10,8,Weekday,Fall,Yes,77.96,73.2,48.63
2023-10-09 09:00,10,9,Weekday,Fall,Yes,81.22,73.0,54.17
2023-10-09 10:00,10,10,Weekday,Fall,Yes,83.72,72.33,56.2
2023-10-09 11:00,10,11,Weekday,Fall,Yes,86.18,74.13,61.25
2023-10-09 12:00,10,12,Weekday,Fall,Yes,88.23,74.89,63.59
2023-10-09 13:00,10,13,Weekday,Fall,Yes,89.58,75.64,50.56
2023-10-09 14:00,10,14,Weekday,Fall,Yes,88.8,74.56,64.71
2023-10-09 15:00,10,15,Weekday,Fall,Yes,89.14,73.57,36.12
2023-10-09 16:00,10,16,Weekday,Fall,Yes,89.43,75.74,44.85
2023-10-09 17:00,10,17,Weekday,Fall,Yes,87.9,74.37,44.8
2023-10-09 18:00,10,18,Weekday,Fall,No,84.66,75.2,38.74
2023-10-09 19:00,10,19,Weekday,Fall,No,81.78,75.2,36.58
2023-10-09 20:00,10,20,Weekday,Fall,No,79.38,74.09,31.94
2023-10-09 21:00,10,21,Weekday,Fall,No,76.9,74.63,34.42
2023-10-09 22:00,10,22,Weekday,Fall,No,74.76,73.29,28.21
2023-10-09 23:00,10,23,Weekday,Fall,No,73.0,71.86,21.91
2023-10-10 00:00,10,0,Weekday,Fall,No,71.79,73.19,26.4
2023-10-10 01:00,10,1,Weekday,Fall,No,70.68,72.12,26.22
2023-10-10 02:00,10,2,Weekday,Fall,No,69.42,72.76,13.06
2023-10-10 03:00,10,3,Weekday,Fall,No,68.38,71.57,25.15
2023-10-10 04:00,10,4,Weekday,Fall,No,67.68,72.4,26.2
2023-10-10 05:00,10,5,Weekday,Fall,No,67.14,72.68,21.57
2023-10-10 06:00,10,6,Weekday,Fall,No,66.08,70.85,20.26
2023-10-10 07:00,10,7,Weekday,Fall,No,66.95,72.04,28.22
2023-10-10 08:00,10,8,Weekday,Fall,Yes,72.62,71.07,47.11
2023-10-10 09:00,10,9,Weekday,Fall,Yes,79.49,73.06,51.22
2023-10-10 10:00,10,10,Weekday,Fall,Yes,83.72,73.56,55.78
2023-10-10 11:00,10,11,Weekday,Fall,Yes,86.7,73.54,63.52
2023-10-10 12:00,10,12,Weekday,Fall,Yes,87.98,74.17,63.71
2023-10-10 13:00,10,13,Weekday,Fall,Yes,88.61,73.65,53.77
2023-10-10 14:00,10,14,Weekday,Fall,Yes,89.06,74.61,57.94
2023-10-10 15:00,10,15,Weekday,Fall,Yes,87.9,73.68,35.7
2023-10-10 16:00,10,16,Weekday,Fall,Yes,86.45,73.98,32.56
2023-10-10 17:00,10,17,Weekday,Fall,Yes,84.22,74.83,38.1
2023-10-10 18:00,10,18,Weekday,Fall,No,81.26,75.55,28.56
2023-10-10 19:00,10,19,Weekday,Fall,No,78.28,72.7,26.52
2023-10-10 20:00,10,20,Weekday,Fall,No,74.69,73.45,29.2
2023-10-10 21:00,10,21,Weekday,Fall,No,71.26,72.18,25.5
2023-10-10 22:00,10,22,Weekday,Fall,No,69.46,73.65,22.59
2023-10-10 23:00,10,23,Weekday,Fall,No,67.3,72.7,20.51
2023-10-11 00:00,10,0,Weekday,Fall,No,64.86,71.1,23.3
2023-10-11 01:00,10,1,Weekday,Fall,No,63.41,71.59,18.44
2023-10-11 02:00,10,2,Weekday,Fall,No,62.44,71.27,20.35
2023-10-11 03:00,10,3,Weekday,Fall,No,60.9,71.48,13.94
2023-10-11 04:00,10,4,Weekday,Fall,No,60.6,70.77,16.45
2023-10-11 05:00,10,5,Weekday,Fall,No,59.82,71.52,15.09
2023-10-11 06:00,10,6,Weekday,Fall,No,58.37,71.7,8.26
2023-10-11 07:00,10,7,Weekday,Fall,No,62.64,71.38,24.85
2023-10-11 08:00,10,8,Weekday,Fall,Yes,71.27,72.55,41.14
2023-10-11 09:00,10,9,Weekday,Fall,Yes,76.8,73.03,49.76
2023-10-11 10:00,10,10,Weekday,Fall,Yes,79.24,72.5,44.22
2023-10-11 11:00,10,11,Weekday,Fall,Yes,81.22,74.01,58.45
2023-10-11 12:00,10,12,Weekday,Fall,Yes,82.56,73.44,52.9
2023-10-11 13:00,10,13,Weekday,Fall,Yes,82.94,73.42,56.43
2023-10-11 14:00,10,14,Weekday,Fall,Yes,83.57,72.81,59.42
2023-10-11 15:00,10,15,Weekday,Fall,Yes,83.39,73.4,43.09
2023-10-11 16:00,10,16,Weekday,Fall,Yes,82.94,73.59,38.19
2023-10-11 17:00,10,17,Weekday,Fall,Yes,81.26,74.06,27.32
2023-10-11 18:00,10,18,Weekday,Fall,No,78.28,75.03,26.05
2023-10-11 19:00,10,19,Weekday,Fall,No,75.22,74.46,20.91
2023-10-11 20:00,10,20,Weekday,Fall,No,72.78,73.36,32.3
2023-10-11 21:00,10,21,Weekday,Fall,No,70.28,72.03,17.4
2023-10-11 22:00,10,22,Weekday,Fall,No,68.45,72.77,25.3
2023-10-11 23:00,10,23,Weekday,Fall,No,65.69,72.52,17.56
2023-10-12 00:00,10,0,Weekday,Fall,No,62.26,71.35,22.45
2023-10-12 01:00,10,1,Weekday,Fall,No,61.61,71.24,12.52
2023-10-12 02:00,10,2,Weekday,Fall,No,62.06,72.26,17.04
2023-10-12 03:00,10,3,Weekday,Fall,No,62.06,70.24,18.26
2023-10-12 04:00,10,4,Weekday,Fall,No,60.9,71.04,14.22
2023-10-12 05:00,10,5,Weekday,Fall,No,60.6,71.85,17.67
2023-10-12 06:00,10,6,Weekday,Fall,No,60.98,70.64,14.27
2023-10-12 07:00,10,7,Weekday,Fall,No,63.92,70.96,12.53
2023-10-12 08:00,10,8,Weekday,Fall,Yes,71.27,70.53,45.36
2023-10-12 09:00,10,9,Weekday,Fall,Yes,76.8,70.74,47.68
2023-10-12 10:00,10,10,Weekday,Fall,Yes,80.39,72.35,60.1
2023-10-12 11:00,10,11,Weekday,Fall,Yes,83.2,73.23,62.49
2023-10-12 12:00,10,12,Weekday,Fall,Yes,85.18,74.01,58.86
2023-10-12 13:00,10,13,Weekday,Fall,Yes,85.37,73.49,58.88
2023-10-12 14:00,10,14,Weekday,Fall,Yes,86.7,75.02,56.76
2023-10-12 15:00,10,15,Weekday,Fall,Yes,87.46,75.4,36.46
2023-10-12 16:00,10,16,Weekday,Fall,Yes,87.08,75.04,33.91
2023-10-12 17:00,10,17,Weekday,Fall,Yes,85.82,74.65,39.28
2023-10-12 18:00,10,18,Weekday,Fall,No,82.61,74.61,28.04
2023-10-12 19:00,10,19,Weekday,Fall,No,79.28,74.04,29.34
2023-10-12 20:00,10,20,Weekday,Fall,No,76.3,74.28,29.17
2023-10-12 21:00,10,21,Weekday,Fall,No,74.39,74.35,27.41
2023-10-12 22:00,10,22,Weekday,Fall,No,72.78,73.03,26.3
2023-10-12 23:00,10,23,Weekday,Fall,No,70.28,72.5,15.96
2023-10-13 00:00,10,0,Weekday,Fall,No,67.3,71.09,16.43
2023-10-13 01:00,10,1,Weekday,Fall,No,64.86,72.17,18.96
2023-10-13 02:00,10,2,Weekday,Fall,No,63.41,71.34,25.21
2023-10-13 03:00,10,3,Weekday,Fall,No,62.44,72.43,13.56
2023-10-13 04:00,10,4,Weekday,Fall,No,60.9,71.75,11.59
2023-10-13 05:00,10,5,Weekday,Fall,No,60.08,71.65,10.11
2023-10-13 06:00,10,6,Weekday,Fall,No,59.45,71.63,14.14
2023-10-13 07:00,10,7,Weekday,Fall,No,61.31,71.33,6.96
2023-10-13 08:00,10,8,Weekday,Fall,Yes,66.53,70.04,42.92
2023-10-13 09:00,10,9,Weekday,Fall,Yes,71.92,71.82,56.62
2023-10-13 10:00,10,10,Weekday,Fall,Yes,75.72,73.07,57.19
2023-10-13 11:00,10,11,Weekday,Fall,Yes,78.78,72.22,56.77
2023-10-13 12:00,10,12,Weekday,Fall,Yes,81.74,73.83,56.23
2023-10-13 13:00,10,13,Weekday,Fall,Yes,84.1,74.36,56.46
2023-10-13 14:00,10,14,Weekday,Fall,Yes,84.92,72.78,63.61
2023-10-13 15:00,10,15,Weekday,Fall,Yes,85.55,74.61,37.63
2023-10-13 16:00,10,16,Weekday,Fall,Yes,84.84,73.66,43.04
2023-10-13 17:00,10,17,Weekday,Fall,Yes,82.24,72.14,46.79
2023-10-13 18:00,10,18,Weekday,Fall,No,79.81,73.0,25.76
2023-10-13 19:00,10,19,Weekday,Fall,No,77.82,75.15,18.29
2023-10-13 20:00,10,20,Weekday,Fall,No,76.37,74.06,28.89
2023-10-13 21:00,10,21,Weekday,Fall,No,73.61,74.01,34.79
2023-10-13 22:00,10,22,Weekday,Fall,No,73.12,73.67,21.28
2023-10-13 23:00,10,23,Weekday,Fall,No,71.1,72.42,32.21
2023-10-14 00:00,10,0,Weekend,Fall,No,68.45,72.63,28.32
2023-10-14 01:00,10,1,Weekend,Fall,No,68.63,71.53,25.39
2023-10-14 02:00,10,2,Weekend,Fall,No,68.45,72.51,27.61
2023-10-14 03:00,10,3,Weekend,Fall,No,67.37,73.79,23.72
2023-10-14 04:00,10,4,Weekend,Fall,No,66.4,71.4,19.36
2023-10-14 05:00,10,5,Weekend,Fall,No,65.39,71.85,13.37
2023-10-14 06:00,10,6,Weekend,Fall,No,64.94,72.43,14.44
2023-10-14 07:00,10,7,Weekend,Fall,No,66.1,71.86,22.49
2023-10-14 08:00,10,8,Weekend,Fall,No,69.34,72.33,20.79
2023-10-14 09:00,10,9,Weekend,Fall,No,72.74,73.96,24.68
2023-10-14 10:00,10,10,Weekend,Fall,No,75.1,73.42,26.77
2023-10-14 11:00,10,11,Weekend,Fall,No,78.33,75.38,26.07
2023-10-14 12:00,10,12,Weekend,Fall,No,81.22,74.85,25.81
2023-10-14 13:00,10,13,Weekend,Fall,No,82.56,74.65,38.38
2023-10-14 14:00,10,14,Weekend,Fall,No,83.57,76.46,34.19
2023-10-14 15:00,10,15,Weekend,Fall,No,84.02,76.71,40.36
2023-10-14 16:00,10,16,Weekend,Fall,No,84.02,75.29,45.34
2023-10-14 17:00,10,17,Weekend,Fall,No,82.86,75.72,30.66
2023-10-14 18:00,10,18,Weekend,Fall,No,79.73,74.99,25.99
2023-10-14 19:00,10,19,Weekend,Fall,No,76.3,72.9,28.29
2023-10-14 20:00,10,20,Weekend,Fall,No,73.24,73.27,28.79
2023-10-14 21:00,10,21,Weekend,Fall,No,71.44,73.34,32.18
2023-10-14 22:00,10,22,Weekend,Fall,No,69.9,72.99,26.93
2023-10-14 23:00,10,23,Weekend,Fall,No,67.82,72.77,16.9
2023-10-15 00:00,10,0,Weekend,Fall,No,66.4,72.49,22.87
2023-10-15 01:00,10,1,Weekend,Fall,No,64.86,72.29,15.65
2023-10-15 02:00,10,2,Weekend,Fall,No,62.26,71.02,15.39
2023-10-15 03:00,10,3,Weekend,Fall,No,60.46,71.01,15.07
2023-10-15 04:00,10,4,Weekend,Fall,No,58.82,70.45,10.26
2023-10-15 05:00,10,5,Weekend,Fall,No,58.55,70.55,13.74
2023-10-15 06:00,10,6,Weekend,Fall,No,60.16,71.21,12.02
2023-10-15 07:00,10,7,Weekend,Fall,No,62.76,70.8,13.99
2023-10-15 08:00,10,8,Weekend,Fall,No,68.13,71.92,32.32
2023-10-15 09:00,10,9,Weekend,Fall,No,74.53,73.65,31.4
2023-10-15 10:00,10,10,Weekend,Fall,No,79.31,74.94,38.67
2023-10-15 11:00,10,11,Weekend,Fall,No,82.74,75.03,39.91
2023-10-15 12:00,10,12,Weekend,Fall,No,84.02,75.92,36.89
2023-10-15 13:00,10,13,Weekend,Fall,No,85.8,75.52,42.25
2023-10-15 14:00,10,14,Weekend,Fall,No,88.23,76.07,43.14
2023-10-15 15:00,10,15,Weekend,Fall,No,88.43,75.89,42.78
2023-10-15 16:00,10,16,Weekend,Fall,No,86.82,74.3,41.75
2023-10-15 17:00,10,17,Weekend,Fall,No,84.22,74.33,42.4
2023-10-15 18:00,10,18,Weekend,Fall,No,80.63,75.68,35.76
2023-10-15 19:00,10,19,Weekend,Fall,No,77.2,74.18,30.53
2023-10-15 20:00,10,20,Weekend,Fall,No,73.08,73.18,22.48
2023-10-15 21:00,10,21,Weekend,Fall,No,69.9,73.2,18.03
2023-10-15 22:00,10,22,Weekend,Fall,No,69.6,73.37,26.66
2023-10-15 23:00,10,23,Weekend,Fall,No,68.82,72.73,17.62
2023-10-16 00:00,10,0,Weekday,Fall,No,66.84,72.8,25.55
2023-10-16 01:00,10,1,Weekday,Fall,No,66.02,72.36,20.93
2023-10-16 02:00,10,2,Weekday,Fall,No,63.08,71.5,12.5
2023-10-16 03:00,10,3,Weekday,Fall,No,62.14,71.69,14.28
2023-10-16 04:00,10,4,Weekday,Fall,No,63.59,71.96,16.05
2023-10-16 05:00,10,5,Weekday,Fall,No,62.89,70.73,17.61
2023-10-16 06:00,10,6,Weekday,Fall,No,62.58,72.4,13.19
2023-10-16 07:00,10,7,Weekday,Fall,No,67.06,72.2,16.19
2023-10-16 08:00,10,8,Weekday,Fall,Yes,72.29,71.58,50.89
2023-10-16 09:00,10,9,Weekday,Fall,Yes,76.35,72.35,56.15
2023-10-16 10:00,10,10,Weekday,Fall,Yes,79.76,73.74,51.43
2023-10-16 11:00,10,11,Weekday,Fall,Yes,82.74,73.5,48.59
2023-10-16 12:00,10,12,Weekday,Fall,Yes,84.54,73.77,59.76
2023-10-16 13:00,10,13,Weekday,Fall,Yes,85.55,73.63,62.12
2023-10-16 14:00,10,14,Weekday,Fall,Yes,87.78,74.21,61.57
2023-10-16 15:00,10,15,Weekday,Fall,Yes,87.9,75.08,42.58
2023-10-16 16:00,10,16,Weekday,Fall,Yes,85.82,73.48,40.36
2023-10-16 17:00,10,17,Weekday,Fall,Yes,83.24,75.26,44.78
2023-10-16 18:00,10,18,Weekday,Fall,No,80.88,74.75,40.24
2023-10-16 19:00,10,19,Weekday,Fall,No,79.43,73.61,20.51
2023-10-16 20:00,10,20,Weekday,Fall,No,77.82,74.99,28.47
2023-10-16 21:00,10,21,Weekday,Fall,No,75.84,74.57,30.86
2023-10-16 22:00,10,22,Weekday,Fall,No,72.71,72.47,32.34
2023-10-16 23:00,10,23,Weekday,Fall,No,73.37,73.63,28.98
2023-10-17 00:00,10,0,Weekday,Fall,No,73.24,73.9,16.77
2023-10-17 01:00,10,1,Weekday,Fall,No,71.96,72.21,16.2
2023-10-17 02:00,10,2,Weekday,Fall,No,73.12,73.05,23.1
2023-10-17 03:00,10,3,Weekday,Fall,No,73.42,73.87,19.82
2023-10-17 04:00,10,4,Weekday,Fall,No,73.04,72.33,26.0
2023-10-17 05:00,10,5,Weekday,Fall,No,72.41,74.51,25.8
2023-10-17 06:00,10,6,Weekday,Fall,No,71.44,72.29,28.45
2023-10-17 07:00,10,7,Weekday,Fall,No,71.06,72.28,30.32
2023-10-17 08:00,10,8,Weekday,Fall,Yes,71.58,71.62,44.66
2023-10-17 09:00,10,9,Weekday,Fall,Yes,73.12,72.19,47.53
2023-10-17 10:00,10,10,Weekday,Fall,Yes,76.35,72.37,49.45
2023-10-17 11:00,10,11,Weekday,Fall,Yes,78.6,71.86,52.41
2023-10-17 12:00,10,12,Weekday,Fall,Yes,78.98,72.17,53.2
2023-10-17 13:00,10,13,Weekday,Fall,Yes,78.46,72.43,54.78
2023-10-17 14:00,10,14,Weekday,Fall,Yes,78.08,73.14,51.3
2023-10-17 15:00,10,15,Weekday,Fall,Yes,77.45,74.04,39.99
2023-10-17 16:00,10,16,Weekday,Fall,Yes,76.37,71.8,26.64
2023-10-17 17:00,10,17,Weekday,Fall,Yes,74.24,72.44,21.71
2023-10-17 18:00,10,18,Weekday,Fall,No,71.88,73.74,20.45
2023-10-17 19:00,10,19,Weekday,Fall,No,69.9,73.51,22.24
2023-10-17 20:00,10,20,Weekday,Fall,No,68.45,72.82,15.94
2023-10-17 21:00,10,21,Weekday,Fall,No,66.84,72.03,20.1
2023-10-17 22:00,10,22,Weekday,Fall,No,65.39,72.23,15.01
2023-10-17 23:00,10,23,Weekday,Fall,No,64.41,72.01,21.47
2023-10-18 00:00,10,0,Weekday,Fall,No,64.04,71.72,15.79
2023-10-18 01:00,10,1,Weekday,Fall,No,62.89,70.74,20.65
2023-10-18 02:00,10,2,Weekday,Fall,No,60.9,70.88,16.03
2023-10-18 03:00,10,3,Weekday,Fall,No,59.45,71.39,15.22
2023-10-18 04:00,10,4,Weekday,Fall,No,57.22,71.51,8.39
2023-10-18 05:00,10,5,Weekday,Fall,No,55.94,71.09,9.32
2023-10-18 06:00,10,6,Weekday,Fall,No,56.57,69.43,7.31
2023-10-18 07:00,10,7,Weekday,Fall,No,58.18,71.34,13.67
2023-10-18 08:00,10,8,Weekday,Fall,Yes,61.31,70.01,38.13
2023-10-18 09:00,10,9,Weekday,Fall,Yes,64.11,70.36,33.88
2023-10-18 10:00,10,10,Weekday,Fall,Yes,66.1,70.71,38.74
2023-10-18 11:00,10,11,Weekday,Fall,Yes,67.55,72.03,46.53
2023-10-18 12:00,10,12,Weekday,Fall,Yes,68.63,69.94,41.01
2023-10-18 13:00,10,13,Weekday,Fall,Yes,69.6,69.61,45.06
2023-10-18 14:00,10,14,Weekday,Fall,Yes,70.61,71.23,43.2
2023-10-18 15:00,10,15,Weekday,Fall,Yes,71.58,72.95,33.63
2023-10-18 16:00,10,16,Weekday,Fall,Yes,71.44,72.05,22.21
2023-10-18 17:00,10,17,Weekday,Fall,Yes,71.06,71.48,18.66
2023-10-18 18:00,10,18,Weekday,Fall,No,69.9,73.6,20.55
2023-10-18 19:00,10,19,Weekday,Fall,No,67.3,72.71,22.77
2023-10-18 20:00,10,20,Weekday,Fall,No,65.39,71.71,13.44
2023-10-18 21:00,10,21,Weekday,Fall,No,62.63,72.13,21.82
2023-10-18 22:00,10,22,Weekday,Fall,No,60.98,72.47,18.31
2023-10-18 23:00,10,23,Weekday,Fall,No,61.61,71.82,17.14
2023-10-19 00:00,10,0,Weekday,Fall,No,62.06,70.55,16.67
2023-10-19 01:00,10,1,Weekday,Fall,No,60.9,71.03,13.61
2023-10-19 02:00,10,2,Weekday,Fall,No,58.3,71.89,19.34
2023-10-19 03:00,10,3,Weekday,Fall,No,56.39,69.59,10.45
2023-10-19 04:00,10,4,Weekday,Fall,No,55.42,69.92,23.61
2023-10-19 05:00,10,5,Weekday,Fall,No,54.41,71.16,7.33
2023-10-19 06:00,10,6,Weekday,Fall,No,53.96,70.44,4.4
2023-10-19 07:00,10,7,Weekday,Fall,No,55.74,70.2,16.38
2023-10-19 08:00,10,8,Weekday,Fall,Yes,60.48,68.29,46.51
2023-10-19 09:00,10,9,Weekday,Fall,Yes,65.27,70.44,36.16
2023-10-19 10:00,10,10,Weekday,Fall,Yes,68.7,71.21,53.67
2023-10-19 11:00,10,11,Weekday,Fall,Yes,71.14,71.4,43.35
2023-10-19 12:00,10,12,Weekday,Fall,Yes,73.12,71.51,52.46
2023-10-19 13:00,10,13,Weekday,Fall,Yes,75.72,72.03,47.67
2023-10-19 14:00,10,14,Weekday,Fall,Yes,79.31,73.04,56.48
2023-10-19 15:00,10,15,Weekday,Fall,Yes,80.44,74.06,35.24
2023-10-19 16:00,10,16,Weekday,Fall,Yes,79.43,73.91,25.35
2023-10-19 17:00,10,17,Weekday,Fall,Yes,77.2,71.78,31.21
2023-10-19 18:00,10,18,Weekday,Fall,No,74.24,73.78,21.42
2023-10-19 19:00,10,19,Weekday,Fall,No,71.88,74.03,24.6
2023-10-19 20:00,10,20,Weekday,Fall,No,68.65,71.86,15.4
2023-10-19 21:00,10,21,Weekday,Fall,No,67.55,71.69,18.55
2023-10-19 22:00,10,22,Weekday,Fall,No,66.84,72.82,23.17
2023-10-19 23:00,10,23,Weekday,Fall,No,66.54,71.16,4.35
2023-10-20 00:00,10,0,Weekday,Fall,No,65.24,71.22,14.62
2023-10-20 01:00,10,1,Weekday,Fall,No,62.89,72.8,15.42
2023-10-20 02:00,10,2,Weekday,Fall,No,61.43,70.07,15.65
2023-10-20 03:00,10,3,Weekday,Fall,No,59.82,70.58,12.41
2023-10-20 04:00,10,4,Weekday,Fall,No,59.0,72.07,12.57
2023-10-20 05:00,10,5,Weekday,Fall,No,59.63,70.92,13.62
2023-10-20 06:00,10,6,Weekday,Fall,No,61.24,71.27,14.14
2023-10-20 07:00,10,7,Weekday,Fall,No,63.74,71.16,16.98
2023-10-20 08:00,10,8,Weekday,Fall,Yes,67.36,70.6,43.87
2023-10-20 09:00,10,9,Weekday,Fall,Yes,70.76,72.41,46.2
2023-10-20 10:00,10,10,Weekday,Fall,Yes,74.9,72.74,50.14
2023-10-20 11:00,10,11,Weekday,Fall,Yes,78.78,72.69,60.58
2023-10-20 12:00,10,12,Weekday,Fall,Yes,80.58,72.83,53.58
2023-10-20 13:00,10,13,Weekday,Fall,Yes,81.59,73.41,60.04
2023-10-20 14:00,10,14,Weekday,Fall,Yes,82.04,73.74,55.48
2023-10-20 15:00,10,15,Weekday,Fall,Yes,81.41,73.89,36.09
2023-10-20 16:00,10,16,Weekday,Fall,Yes,80.44,72.61,31.55
2023-10-20 17:00,10,17,Weekday,Fall,Yes,79.43,72.34,32.34
2023-10-20 18:00,10,18,Weekday,Fall,No,77.82,72.8,39.2
2023-10-20 19:00,10,19,Weekday,Fall,No,76.37,74.29,30.62
2023-10-20 20:00,10,20,Weekday,Fall,No,75.4,73.24,32.66
2023-10-20 21:00,10,21,Weekday,Fall,No,74.39,74.29,30.14
2023-10-20 22:00,10,22,Weekday,Fall,No,73.42,73.69,28.71
2023-10-20 23:00,10,23,Weekday,Fall,No,72.41,73.76,24.45
2023-10-21 00:00,10,0,Weekend,Fall,No,71.44,73.02,17.81
2023-10-21 01:00,10,1,Weekend,Fall,No,70.43,72.09,30.22
2023-10-21 02:00,10,2,Weekend,Fall,No,69.98,72.26,20.31
2023-10-21 03:00,10,3,Weekend,Fall,No,68.82,73.24,26.09
2023-10-21 04:00,10,4,Weekend,Fall,No,66.84,71.76,17.03
2023-10-21 05:00,10,5,Weekend,Fall,No,67.18,74.22,11.39
2023-10-21 06:00,10,6,Weekend,Fall,No,67.37,72.02,28.19
2023-10-21 07:00,10,7,Weekend,Fall,No,68.18,72.66,16.24
2023-10-21 08:00,10,8,Weekend,Fall,No,70.76,72.44,24.53
2023-10-21 09:00,10,9,Weekend,Fall,No,72.59,73.29,27.87
2023-10-21 10:00,10,10,Weekend,Fall,No,74.72,74.48,32.13
2023-10-21 11:00,10,11,Weekend,Fall,No,78.33,74.97,35.7
2023-10-21 12:00,10,12,Weekend,Fall,No,80.06,73.78,31.74
2023-10-21 13:00,10,13,Weekend,Fall,No,78.9,73.3,32.75
2023-10-21 14:00,10,14,Weekend,Fall,No,76.82,75.47,29.97
2023-10-21 15:00,10,15,Weekend,Fall,No,72.46,71.68,29.12
2023-10-21 16:00,10,16,Weekend,Fall,No,67.67,72.44,22.33
2023-10-21 17:00,10,17,Weekend,Fall,No,58.98,71.43,11.13
2023-10-21 18:00,10,18,Weekend,Fall,No,53.43,68.6,8.86
2023-10-21 19:00,10,19,Weekend,Fall,No,53.06,70.26,5.76
2023-10-21 20:00,10,20,Weekend,Fall,No,53.58,69.86,4.04
2023-10-21 21:00,10,21,Weekend,Fall,No,53.96,70.48,11.69
2023-10-21 22:00,10,22,Weekend,Fall,No,52.8,69.55,19.66
2023-10-21 23:00,10,23,Weekend,Fall,No,51.46,70.34,9.41
2023-10-22 00:00,10,0,Weekend,Fall,No,51.6,68.48,1.42
2023-10-22 01:00,10,1,Weekend,Fall,No,51.98,69.71,10.94
2023-10-22 02:00,10,2,Weekend,Fall,No,52.61,69.52,9.59
2023-10-22 03:00,10,3,Weekend,Fall,No,52.43,70.54,11.68
2023-10-22 04:00,10,4,Weekend,Fall,No,51.46,68.85,0.0
2023-10-22 05:00,10,5,Weekend,Fall,No,51.08,70.2,11.56
2023-10-22 06:00,10,6,Weekend,Fall,No,51.08,69.74,11.87
2023-10-22 07:00,10,7,Weekend,Fall,No,52.24,70.33,4.81
2023-10-22 08:00,10,8,Weekend,Fall,No,55.37,70.34,6.35
2023-10-22 09:00,10,9,Weekend,Fall,No,58.8,70.2,8.62
2023-10-22 10:00,10,10,Weekend,Fall,No,61.24,71.37,13.79
2023-10-22 11:00,10,11,Weekend,Fall,No,63.22,71.71,11.67
2023-10-22 12:00,10,12,Weekend,Fall,No,64.56,71.89,26.13
2023-10-22 13:00,10,13,Weekend,Fall,No,65.57,72.55,21.52
2023-10-22 14:00,10,14,Weekend,Fall,No,66.54,72.18,31.73
2023-10-22 15:00,10,15,Weekend,Fall,No,67.55,73.09,23.85
2023-10-22 16:00,10,16,Weekend,Fall,No,66.84,73.58,25.44
2023-10-22 17:00,10,17,Weekend,Fall,No,64.24,72.26,11.65
2023-10-22 18:00,10,18,Weekend,Fall,No,61.8,71.72,22.18
2023-10-22 19:00,10,19,Weekend,Fall,No,60.46,72.26,14.22
2023-10-22 20:00,10,20,Weekend,Fall,No,58.3,70.97,15.67
2023-10-22 21:00,10,21,Weekend,Fall,No,55.86,71.57,7.53
2023-10-22 22:00,10,22,Weekend,Fall,No,54.41,70.59,10.26
2023-10-22 23:00,10,23,Weekend,Fall,No,53.43,69.84,5.04
2023-10-23 00:00,10,0,Weekday,Fall,No,52.43,70.0,5.41
2023-10-23 01:00,10,1,Weekday,Fall,No,50.82,70.43,7.44
2023-10-23 02:00,10,2,Weekday,Fall,No,49.37,69.68,18.15
2023-10-23 03:00,10,3,Weekday,Fall,No,49.55,70.46,18.32
2023-10-23 04:00,10,4,Weekday,Fall,No,48.84,69.69,1.93
2023-10-23 05:00,10,5,Weekday,Fall,No,49.8,68.66,4.2
2023-10-23 06:00,10,6,Weekday,Fall,No,50.45,69.89,3.28
2023-10-23 07:00,10,7,Weekday,Fall,No,52.31,70.84,6.61
2023-10-23 08:00,10,8,Weekday,Fall,Yes,55.74,68.08,32.87
2023-10-23 09:00,10,9,Weekday,Fall,Yes,61.12,69.96,38.15
2023-10-23 10:00,10,10,Weekday,Fall,Yes,66.98,70.07,44.01
2023-10-23 11:00,10,11,Weekday,Fall,Yes,70.24,72.67,49.74
2023-10-23 12:00,10,12,Weekday,Fall,Yes,72.22,72.36,53.28
2023-10-23 13:00,10,13,Weekday,Fall,Yes,74.19,72.71,47.28
2023-10-23 14:00,10,14,Weekday,Fall,Yes,75.02,72.28,58.58
2023-10-23 15:00,10,15,Weekday,Fall,Yes,75.54,73.3,27.4
2023-10-23 16:00,10,16,Weekday,Fall,Yes,75.4,72.27,29.85
2023-10-23 17:00,10,17,Weekday,Fall,Yes,73.24,72.06,27.76
2023-10-23 18:00,10,18,Weekday,Fall,No,70.28,72.62,16.87
2023-10-23 19:00,10,19,Weekday,Fall,No,67.82,73.53,12.16
2023-10-23 20:00,10,20,Weekday,Fall,No,64.61,71.71,10.25
2023-10-23 21:00,10,21,Weekday,Fall,No,62.96,72.53,10.09
2023-10-23 22:00,10,22,Weekday,Fall,No,61.28,71.91,20.82
2023-10-23 23:00,10,23,Weekday,Fall,No,58.82,70.09,12.67
2023-10-24 00:00,10,0,Weekday,Fall,No,57.4,69.9,9.42
2023-10-24 01:00,10,1,Weekday,Fall,No,55.86,70.6,9.47
2023-10-24 02:00,10,2,Weekday,Fall,No,54.41,70.51,6.92
2023-10-24 03:00,10,3,Weekday,Fall,No,53.96,70.05,5.45
2023-10-24 04:00,10,4,Weekday,Fall,No,54.59,70.53,15.66
2023-10-24 05:00,10,5,Weekday,Fall,No,54.41,70.58,3.37
2023-10-24 06:00,10,6,Weekday,Fall,No,53.96,70.29,15.99
2023-10-24 07:00,10,7,Weekday,Fall,No,56.9,70.42,14.44
2023-10-24 08:00,10,8,Weekday,Fall,Yes,61.31,69.47,37.12
2023-10-24 09:00,10,9,Weekday,Fall,Yes,65.27,70.97,39.77
2023-10-24 10:00,10,10,Weekday,Fall,Yes,68.7,71.76,38.75
2023-10-24 11:00,10,11,Weekday,Fall,Yes,71.76,72.22,44.09
2023-10-24 12:00,10,12,Weekday,Fall,Yes,74.19,71.51,50.03
2023-10-24 13:00,10,13,Weekday,Fall,Yes,75.02,71.83,52.07
2023-10-24 14:00,10,14,Weekday,Fall,Yes,76.18,72.29,51.46
2023-10-24 15:00,10,15,Weekday,Fall,Yes,76.37,71.48,17.64
2023-10-24 16:00,10,16,Weekday,Fall,Yes,75.92,74.02,26.59
2023-10-24 17:00,10,17,Weekday,Fall,Yes,74.24,73.21,22.5
2023-10-24 18:00,10,18,Weekday,Fall,No,71.88,74.04,36.02
2023-10-24 19:00,10,19,Weekday,Fall,No,69.9,71.77,23.79
2023-10-24 20:00,10,20,Weekday,Fall,No,68.45,72.54,21.44
2023-10-24 21:00,10,21,Weekday,Fall,No,66.84,72.58,16.92
2023-10-24 22:00,10,22,Weekday,Fall,No,67.18,72.31,20.75
2023-10-24 23:00,10,23,Weekday,Fall,No,66.84,71.32,24.14
2023-10-25 00:00,10,0,Weekday,Fall,No,64.86,71.49,20.04
2023-10-25 01:00,10,1,Weekday,Fall,No,63.41,72.34,25.26
2023-10-25 02:00,10,2,Weekday,Fall,No,61.8,70.81,20.1
2023-10-25 03:00,10,3,Weekday,Fall,No,59.82,71.27,9.66
2023-10-25 04:00,10,4,Weekday,Fall,No,59.0,69.46,20.83
2023-10-25 05:00,10,5,Weekday,Fall,No,59.63,71.2,7.63
2023-10-25 06:00,10,6,Weekday,Fall,No,59.45,71.04,16.03
2023-10-25 07:00,10,7,Weekday,Fall,No,60.78,71.71,14.15
2023-10-25 08:00,10,8,Weekday,Fall,Yes,65.53,71.78,50.63
2023-10-25 09:00,10,9,Weekday,Fall,Yes,70.31,71.18,49.92
2023-10-25 10:00,10,10,Weekday,Fall,Yes,73.12,71.22,55.46
2023-10-25 11:00,10,11,Weekday,Fall,Yes,75.1,73.48,57.56
2023-10-25 12:00,10,12,Weekday,Fall,Yes,78.33,71.92,56.24
2023-10-25 13:00,10,13,Weekday,Fall,Yes,78.28,73.36,54.72
2023-10-25 14:00,10,14,Weekday,Fall,Yes,77.0,74.18,51.83
2023-10-25 15:00,10,15,Weekday,Fall,Yes,77.0,72.32,27.51
2023-10-25 16:00,10,16,Weekday,Fall,Yes,75.84,72.86,37.4
2023-10-25 17:00,10,17,Weekday,Fall,Yes,73.86,70.96,26.8
2023-10-25 18:00,10,18,Weekday,Fall,No,71.88,72.95,28.06
2023-10-25 19:00,10,19,Weekday,Fall,No,71.06,72.3,26.36
2023-10-25 20:00,10,20,Weekday,Fall,No,69.9,72.33,25.0
2023-10-25 21:00,10,21,Weekday,Fall,No,68.45,71.65,20.27
2023-10-25 22:00,10,22,Weekday,Fall,No,68.0,72.36,16.21
2023-10-25 23:00,10,23,Weekday,Fall,No,66.84,72.15,23.39
2023-10-26 00:00,10,0,Weekday,Fall,No,66.02,71.2,23.81
2023-10-26 01:00,10,1,Weekday,Fall,No,66.02,72.37,21.23
2023-10-26 02:00,10,2,Weekday,Fall,No,66.02,71.27,15.43
2023-10-26 03:00,10,3,Weekday,Fall,No,65.39,73.13,17.83
2023-10-26 04:00,10,4,Weekday,Fall,No,63.78,72.3,19.99
2023-10-26 05:00,10,5,Weekday,Fall,No,62.96,72.35,18.44
2023-10-26 06:00,10,6,Weekday,Fall,No,61.8,72.77,8.11
2023-10-26 07:00,10,7,Weekday,Fall,No,62.14,71.32,24.91
2023-10-26 08:00,10,8,Weekday,Fall,Yes,65.9,71.39,43.84
2023-10-26 09:00,10,9,Weekday,Fall,Yes,68.63,71.8,41.91
2023-10-26 10:00,10,10,Weekday,Fall,Yes,71.39,70.64,46.16
2023-10-26 11:00,10,11,Weekday,Fall,Yes,72.41,72.35,55.19
2023-10-26 12:00,10,12,Weekday,Fall,Yes,71.96,71.88,51.41
2023-10-26 13:00,10,13,Weekday,Fall,Yes,71.44,72.09,48.87
2023-10-26 14:00,10,14,Weekday,Fall,Yes,71.58,73.12,40.48
2023-10-26 15:00,10,15,Weekday,Fall,Yes,73.12,70.88,35.25
2023-10-26 16:00,10,16,Weekday,Fall,Yes,73.42,72.65,23.9
2023-10-26 17:00,10,17,Weekday,Fall,Yes,71.88,71.75,30.82
2023-10-26 18:00,10,18,Weekday,Fall,No,70.43,72.81,24.48
2023-10-26 19:00,10,19,Weekday,Fall,No,70.61,72.97,21.96
2023-10-26 20:00,10,20,Weekday,Fall,No,69.9,72.33,23.85
2023-10-26 21:00,10,21,Weekday,Fall,No,69.08,73.12,20.21
2023-10-26 22:00,10,22,Weekday,Fall,No,68.45,72.77,23.42
2023-10-26 23:00,10,23,Weekday,Fall,No,67.37,72.56,15.47
2023-10-27 00:00,10,0,Weekday,Fall,No,65.76,72.09,23.54
2023-10-27 01:00,10,1,Weekday,Fall,No,66.1,71.62,19.42
2023-10-27 02:00,10,2,Weekday,Fall,No,65.76,72.27,17.09
2023-10-27 03:00,10,3,Weekday,Fall,No,64.94,73.16,25.73
2023-10-27 04:00,10,4,Weekday,Fall,No,64.41,71.59,13.36
2023-10-27 05:00,10,5,Weekday,Fall,No,64.04,72.2,17.57
2023-10-27 06:00,10,6,Weekday,Fall,No,64.04,71.75,14.45
2023-10-27 07:00,10,7,Weekday,Fall,No,64.04,70.62,13.45
2023-10-27 08:00,10,8,Weekday,Fall,Yes,67.5,70.14,48.72
2023-10-27 09:00,10,9,Weekday,Fall,Yes,71.14,71.0,39.98
2023-10-27 10:00,10,10,Weekday,Fall,Yes,74.27,72.55,57.77
2023-10-27 11:00,10,11,Weekday,Fall,Yes,75.4,73.4,51.98
2023-10-27 12:00,10,12,Weekday,Fall,Yes,75.54,72.73,54.16
2023-10-27 13:00,10,13,Weekday,Fall,Yes,77.18,72.22,47.85
2023-10-27 14:00,10,14,Weekday,Fall,Yes,77.45,73.02,52.26
2023-10-27 15:00,10,15,Weekday,Fall,Yes,75.84,73.05,37.65
2023-10-27 16:00,10,16,Weekday,Fall,Yes,74.39,72.24,25.96
2023-10-27 17:00,10,17,Weekday,Fall,Yes,72.78,72.09,16.42
2023-10-27 18:00,10,18,Weekday,Fall,No,70.81,74.02,17.62
2023-10-27 19:00,10,19,Weekday,Fall,No,69.46,72.41,23.36
2023-10-27 20:00,10,20,Weekday,Fall,No,68.45,72.61,27.09
2023-10-27 21:00,10,21,Weekday,Fall,No,67.37,71.12,25.37
2023-10-27 22:00,10,22,Weekday,Fall,No,66.92,72.48,28.83
2023-10-27 23:00,10,23,Weekday,Fall,No,66.4,72.2,25.71
2023-10-28 00:00,10,0,Weekend,Fall,No,65.39,71.49,30.11
2023-10-28 01:00,10,1,Weekend,Fall,No,64.41,72.28,20.86
2023-10-28 02:00,10,2,Weekend,Fall,No,63.41,71.27,12.12
2023-10-28 03:00,10,3,Weekend,Fall,No,61.8,71.8,9.74
2023-10-28 04:00,10,4,Weekend,Fall,No,60.98,72.87,17.29
2023-10-28 05:00,10,5,Weekend,Fall,No,60.46,70.53,18.29
2023-10-28 06:00,10,6,Weekend,Fall,No,60.08,71.37,19.17
2023-10-28 07:00,10,7,Weekend,Fall,No,61.24,71.36,14.83
2023-10-28 08:00,10,8,Weekend,Fall,No,63.74,71.05,23.83
2023-10-28 09:00,10,9,Weekend,Fall,No,66.72,71.89,18.9
2023-10-28 10:00,10,10,Weekend,Fall,No,69.16,72.18,24.6
2023-10-28 11:00,10,11,Weekend,Fall,No,71.14,73.65,22.2
2023-10-28 12:00,10,12,Weekend,Fall,No,72.59,73.69,32.57
2023-10-28 13:00,10,13,Weekend,Fall,No,73.04,72.61,27.16
2023-10-28 14:00,10,14,Weekend,Fall,No,73.04,74.06,20.44
2023-10-28 15:00,10,15,Weekend,Fall,No,64.85,71.75,18.89
2023-10-28 16:00,10,16,Weekend,Fall,No,55.54,71.62,1.79
2023-10-28 17:00,10,17,Weekend,Fall,No,51.9,70.06,4.18
2023-10-28 18:00,10,18,Weekend,Fall,No,51.08,69.81,9.08
2023-10-28 19:00,10,19,Weekend,Fall,No,50.45,70.25,11.44
2023-10-28 20:00,10,20,Weekend,Fall,No,50.63,69.22,3.64
2023-10-28 21:00,10,21,Weekend,Fall,No,51.08,70.3,7.41
2023-10-28 22:00,10,22,Weekend,Fall,No,51.08,69.76,6.64
2023-10-28 23:00,10,23,Weekend,Fall,No,51.08,69.56,0.0
2023-10-29 00:00,10,0,Weekend,Fall,No,51.08,70.32,1.42
2023-10-29 01:00,10,1,Weekend,Fall,No,51.08,70.42,3.09
2023-10-29 02:00,10,2,Weekend,Fall,No,49.82,69.48,2.94
2023-10-29 03:00,10,3,Weekend,Fall,No,49.55,68.94,10.5
2023-10-29 04:00,10,4,Weekend,Fall,No,48.84,70.4,0.0
2023-10-29 05:00,10,5,Weekend,Fall,No,48.02,69.25,1.8
2023-10-29 06:00,10,6,Weekend,Fall,No,46.86,68.7,8.05
2023-10-29 07:00,10,7,Weekend,Fall,No,46.56,69.7,0.0
2023-10-29 08:00,10,8,Weekend,Fall,No,49.36,69.87,1.11
2023-10-29 09:00,10,9,Weekend,Fall,No,53.92,69.08,6.69
2023-10-29 10:00,10,10,Weekend,Fall,No,57.1,72.51,19.77
2023-10-29 11:00,10,11,Weekend,Fall,No,59.18,71.06,5.99
2023-10-29 12:00,10,12,Weekend,Fall,No,61.24,71.72,9.17
2023-10-29 13:00,10,13,Weekend,Fall,No,63.22,71.42,15.55
2023-10-29 14:00,10,14,Weekend,Fall,No,64.56,72.12,13.22
2023-10-29 15:00,10,15,Weekend,Fall,No,64.94,72.24,20.37
2023-10-29 16:00,10,16,Weekend,Fall,No,63.26,71.94,23.85
2023-10-29 17:00,10,17,Weekend,Fall,No,60.28,71.33,15.6
2023-10-29 18:00,10,18,Weekend,Fall,No,57.85,70.38,13.02
2023-10-29 19:00,10,19,Weekend,Fall,No,55.86,71.0,4.05
2023-10-29 20:00,10,20,Weekend,Fall,No,53.88,69.37,16.85
2023-10-29 21:00,10,21,Weekend,Fall,No,52.43,69.28,13.17
2023-10-29 22:00,10,22,Weekend,Fall,No,51.46,69.97,2.91
2023-10-29 23:00,10,23,Weekend,Fall,No,51.08,69.41,11.75
2023-10-30 00:00,10,0,Weekday,Fall,No,49.82,68.56,0.0
2023-10-30 01:00,10,1,Weekday,Fall,No,48.92,70.32,5.81
2023-10-30 02:00,10,2,Weekday,Fall,No,48.4,69.81,3.28
2023-10-30 03:00,10,3,Weekday,Fall,No,47.39,69.55,11.82
2023-10-30 04:00,10,4,Weekday,Fall,No,46.42,68.88,13.63
2023-10-30 05:00,10,5,Weekday,Fall,No,45.41,69.12,3.27
2023-10-30 06:00,10,6,Weekday,Fall,No,44.96,68.1,2.15
2023-10-30 07:00,10,7,Weekday,Fall,No,46.11,69.42,0.0
2023-10-30 08:00,10,8,Weekday,Fall,Yes,49.88,67.91,22.19
2023-10-30 09:00,10,9,Weekday,Fall,Yes,54.29,69.52,23.5
2023-10-30 10:00,10,10,Weekday,Fall,Yes,58.88,70.74,37.99
2023-10-30 11:00,10,11,Weekday,Fall,Yes,63.29,70.21,30.17
2023-10-30 12:00,10,12,Weekday,Fall,Yes,66.1,71.06,45.02
2023-10-30 13:00,10,13,Weekday,Fall,Yes,68.7,70.9,32.42
2023-10-30 14:00,10,14,Weekday,Fall,Yes,69.46,71.24,52.68
2023-10-30 15:00,10,15,Weekday,Fall,Yes,68.45,69.95,19.52
2023-10-30 16:00,10,16,Weekday,Fall,Yes,66.84,69.99,24.45
2023-10-30 17:00,10,17,Weekday,Fall,Yes,64.97,70.36,17.38
2023-10-30 18:00,10,18,Weekday,Fall,No,62.96,71.71,12.6
2023-10-30 19:00,10,19,Weekday,Fall,No,60.9,69.72,13.12
2023-10-30 20:00,10,20,Weekday,Fall,No,58.82,70.67,5.98
2023-10-30 21:00,10,21,Weekday,Fall,No,56.24,70.76,14.95
2023-10-30 22:00,10,22,Weekday,Fall,No,54.41,70.71,18.2
2023-10-30 23:00,10,23,Weekday,Fall,No,53.43,71.12,6.78
2023-10-31 00:00,10,0,Weekday,Fall,No,51.28,69.98,7.6
2023-10-31 01:00,10,1,Weekday,Fall,No,50.0,69.7,5.28
2023-10-31 02:00,10,2,Weekday,Fall,No,49.37,70.66,4.75
2023-10-31 03:00,10,3,Weekday,Fall,No,47.76,69.57,6.68
2023-10-31 04:00,10,4,Weekday,Fall,No,46.94,69.01,5.22
2023-10-31 05:00,10,5,Weekday,Fall,No,46.42,69.31,6.62
2023-10-31 06:00,10,6,Weekday,Fall,No,46.04,67.71,2.59
2023-10-31 07:00,10,7,Weekday,Fall,No,47.72,66.7,0.99
2023-10-31 08:00,10,8,Weekday,Fall,Yes,51.86,68.89,21.52
2023-10-31 09:00,10,9,Weekday,Fall,Yes,55.74,70.16,32.11
2023-10-31 10:00,10,10,Weekday,Fall,Yes,59.96,69.73,43.63
2023-10-31 11:00,10,11,Weekday,Fall,Yes,63.22,69.63,40.26
2023-10-31 12:00,10,12,Weekday,Fall,Yes,65.19,71.26,34.25
2023-10-31 13:00,10,13,Weekday,Fall,Yes,66.54,70.67,38.73
2023-10-31 14:00,10,14,Weekday,Fall,Yes,66.92,70.34,39.87
2023-10-31 15:00,10,15,Weekday,Fall,Yes,66.92,70.76,20.3
2023-10-31 16:00,10,16,Weekday,Fall,Yes,65.76,70.82,22.83
2023-10-31 17:00,10,17,Weekday,Fall,Yes,63.26,69.81,17.97
2023-10-31 18:00,10,18,Weekday,Fall,No,60.9,70.17,15.37
2023-10-31 19:00,10,19,Weekday,Fall,No,58.3,70.39,10.58
2023-10-31 20:00,10,20,Weekday,Fall,No,57.54,70.13,7.26
2023-10-31 21:00,10,21,Weekday,Fall,No,58.65,71.4,17.14
2023-10-31 22:00,10,22,Weekday,Fall,No,59.92,70.6,8.57
2023-10-31 23:00,10,23,Weekday,Fall,No,61.18,71.62,20.9
2023-11-01 00:00,11,0,Weekday,Fall,No,62.54,72.6,14.91
2023-11-01 01:00,11,1,Weekday,Fall,No,63.88,70.64,23.61
2023-11-01 02:00,11,2,Weekday,Fall,No,65.14,72.13,18.37
2023-11-01 03:00,11,3,Weekday,Fall,No,66.4,72.15,18.66
2023-11-01 04:00,11,4,Weekday,Fall,No,68.7,72.21,23.04
2023-11-01 05:00,11,5,Weekday,Fall,No,67.04,73.05,16.64
2023-11-01 06:00,11,6,Weekday,Fall,No,64.41,71.84,16.24
2023-11-01 07:00,11,7,Weekday,Fall,No,61.1,72.2,15.94
2023-11-01 08:00,11,8,Weekday,Fall,Yes,59.63,69.36,38.49
2023-11-01 09:00,11,9,Weekday,Fall,Yes,60.08,68.65,41.79
2023-11-01 10:00,11,10,Weekday,Fall,Yes,60.6,69.65,38.27
2023-11-01 11:00,11,11,Weekday,Fall,Yes,62.76,69.87,34.75
2023-11-01 12:00,11,12,Weekday,Fall,Yes,68.13,72.14,34.08
2023-11-01 13:00,11,13,Weekday,Fall,Yes,72.22,71.29,47.22
2023-11-01 14:00,11,14,Weekday,Fall,Yes,72.41,71.92,49.74
2023-11-01 15:00,11,15,Weekday,Fall,Yes,69.65,70.57,25.51
2023-11-01 16:00,11,16,Weekday,Fall,Yes,68.63,70.85,16.89
2023-11-01 17:00,11,17,Weekday,Fall,Yes,67.3,69.86,17.34
2023-11-01 18:00,11,18,Weekday,Fall,No,64.24,70.73,27.93
2023-11-01 19:00,11,19,Weekday,Fall,No,61.8,71.27,21.33
2023-11-01 20:00,11,20,Weekday,Fall,No,60.46,71.65,8.78
2023-11-01 21:00,11,21,Weekday,Fall,No,60.6,70.79,6.38
2023-11-01 22:00,11,22,Weekday,Fall,No,60.98,70.74,20.32
2023-11-01 23:00,11,23,Weekday,Fall,No,59.82,71.59,17.26
2023-11-02 00:00,11,0,Weekday,Fall,No,57.85,71.19,6.27
2023-11-02 01:00,11,1,Weekday,Fall,No,55.86,70.27,12.84
2023-11-02 02:00,11,2,Weekday,Fall,No,55.04,69.41,12.41
2023-11-02 03:00,11,3,Weekday,Fall,No,54.41,70.13,12.55
2023-11-02 04:00,11,4,Weekday,Fall,No,53.43,70.81,6.06
2023-11-02 05:00,11,5,Weekday,Fall,No,52.43,70.37,9.62
2023-11-02 06:00,11,6,Weekday,Fall,No,51.98,69.14,6.04
2023-11-02 07:00,11,7,Weekday,Fall,No,52.61,69.41,1.95
2023-11-02 08:00,11,8,Weekday,Fall,Yes,57.68,69.74,41.54
2023-11-02 09:00,11,9,Weekday,Fall,Yes,63.92,68.84,37.18
2023-11-02 10:00,11,10,Weekday,Fall,Yes,67.8,70.8,43.0
2023-11-02 11:00,11,11,Weekday,Fall,Yes,70.24,71.02,43.91
2023-11-02 12:00,11,12,Weekday,Fall,Yes,72.22,71.31,40.98
2023-11-02 13:00,11,13,Weekday,Fall,Yes,75.35,72.99,53.33
2023-11-02 14:00,11,14,Weekday,Fall,Yes,77.0,74.05,59.72
2023-11-02 15:00,11,15,Weekday,Fall,Yes,76.37,71.84,35.52
2023-11-02 16:00,11,16,Weekday,Fall,Yes,74.24,72.33,30.95
2023-11-02 17:00,11,17,Weekday,Fall,Yes,70.1,71.62,20.33
2023-11-02 18:00,11,18,Weekday,Fall,No,66.84,71.83,27.4
2023-11-02 19:00,11,19,Weekday,Fall,No,64.86,72.75,14.45
2023-11-02 20:00,11,20,Weekday,Fall,No,61.73,71.44,20.67
2023-11-02 21:00,11,21,Weekday,Fall,No,59.45,70.68,12.25
2023-11-02 22:00,11,22,Weekday,Fall,No,57.85,70.46,15.73
2023-11-02 23:00,11,23,Weekday,Fall,No,57.02,71.92,11.88
2023-11-03 00:00,11,0,Weekday,Fall,No,56.39,69.56,7.03
2023-11-03 01:00,11,1,Weekday,Fall,No,54.78,70.67,20.42
2023-11-03 02:00,11,2,Weekday,Fall,No,53.43,69.9,12.79
2023-11-03 03:00,11,3,Weekday,Fall,No,53.58,70.18,5.73
2023-11-03 04:00,11,4,Weekday,Fall,No,52.8,71.08,10.53
2023-11-03 05:00,11,5,Weekday,Fall,No,51.46,68.92,9.09
2023-11-03 06:00,11,6,Weekday,Fall,No,51.08,69.69,7.87
2023-11-03 07:00,11,7,Weekday,Fall,No,52.76,69.53,11.24
2023-11-03 08:00,11,8,Weekday,Fall,Yes,59.21,69.45,39.34
2023-11-03 09:00,11,9,Weekday,Fall,Yes,65.9,69.79,40.82
2023-11-03 10:00,11,10,Weekday,Fall,Yes,70.31,70.24,37.58
2023-11-03 11:00,11,11,Weekday,Fall,Yes,72.59,72.43,43.01
2023-11-03 12:00,11,12,Weekday,Fall,Yes,74.19,72.13,51.04
2023-11-03 13:00,11,13,Weekday,Fall,Yes,75.02,72.47,46.74
2023-11-03 14:00,11,14,Weekday,Fall,Yes,76.18,72.65,50.2
2023-11-03 15:00,11,15,Weekday,Fall,Yes,75.84,72.1,31.51
2023-11-03 16:00,11,16,Weekday,Fall,Yes,74.39,71.41,35.2
2023-11-03 17:00,11,17,Weekday,Fall,Yes,71.63,72.1,26.4
2023-11-03 18:00,11,18,Weekday,Fall,No,68.2,72.76,16.16
2023-11-03 19:00,11,19,Weekday,Fall,No,65.24,72.68,18.63
2023-11-03 20:00,11,20,Weekday,Fall,No,61.73,71.23,17.22
2023-11-03 21:00,11,21,Weekday,Fall,No,58.82,72.06,14.3
2023-11-03 22:00,11,22,Weekday,Fall,No,56.76,69.46,16.49
2023-11-03 23:00,11,23,Weekday,Fall,No,54.26,69.41,8.45
2023-11-04 00:00,11,0,Weekend,Fall,No,53.06,69.73,11.16
2023-11-04 01:00,11,1,Weekend,Fall,No,53.06,69.68,4.73
2023-11-04 02:00,11,2,Weekend,Fall,No,52.43,68.78,15.84
2023-11-04 03:00,11,3,Weekend,Fall,No,53.14,70.69,10.99
2023-11-04 04:00,11,4,Weekend,Fall,No,53.43,70.05,11.8
2023-11-04 05:00,11,5,Weekend,Fall,No,52.43,69.71,7.0
2023-11-04 06:00,11,6,Weekend,Fall,No,52.61,68.83,11.83
2023-11-04 07:00,11,7,Weekend,Fall,No,54.22,71.35,9.04
2023-11-04 08:00,11,8,Weekend,Fall,No,57.35,69.61,6.52
2023-11-04 09:00,11,9,Weekend,Fall,No,61.31,72.72,13.31
2023-11-04 10:00,11,10,Weekend,Fall,No,68.84,71.8,13.21
2023-11-04 11:00,11,11,Weekend,Fall,No,76.5,75.33,37.52
2023-11-04 12:00,11,12,Weekend,Fall,No,80.76,74.46,38.95
2023-11-04 13:00,11,13,Weekend,Fall,No,83.2,74.46,47.24
2023-11-04 14:00,11,14,Weekend,Fall,No,84.02,76.58,39.24
2023-11-04 15:00,11,15,Weekend,Fall,No,82.86,76.04,32.23
2023-11-04 16:00,11,16,Weekend,Fall,No,80.88,74.34,33.02
2023-11-04 17:00,11,17,Weekend,Fall,No,78.28,73.72,27.69
2023-11-04 18:00,11,18,Weekend,Fall,No,75.84,73.12,29.03
2023-11-04 19:00,11,19,Weekend,Fall,No,74.39,72.58,24.98
2023-11-04 20:00,11,20,Weekend,Fall,No,71.63,73.75,28.37
2023-11-04 21:00,11,21,Weekend,Fall,No,70.61,73.79,28.19
2023-11-04 22:00,11,22,Weekend,Fall,No,69.28,73.34,30.27
2023-11-04 23:00,11,23,Weekend,Fall,No,66.22,72.66,22.59
2023-11-05 00:00,11,0,Weekend,Fall,No,65.57,72.67,23.02
2023-11-05 01:00,11,1,Weekend,Fall,No,64.24,72.51,18.16
2023-11-05 02:00,11,2,Weekend,Fall,No,63.59,74.0,24.86
2023-11-05 03:00,11,3,Weekend,Fall,No,62.26,71.61,17.91
2023-11-05 04:00,11,4,Weekend,Fall,No,59.82,71.61,17.28
2023-11-05 05:00,11,5,Weekend,Fall,No,59.0,70.37,12.7
2023-11-05 06:00,11,6,Weekend,Fall,No,59.0,70.46,9.22
2023-11-05 07:00,11,7,Weekend,Fall,No,59.63,71.54,14.03
2023-11-05 08:00,11,8,Weekend,Fall,No,62.39,71.77,12.78
2023-11-05 09:00,11,9,Weekend,Fall,No,65.19,73.08,26.05
2023-11-05 10:00,11,10,Weekend,Fall,No,68.33,73.71,27.79
2023-11-05 11:00,11,11,Weekend,Fall,No,71.76,75.35,24.87
2023-11-05 12:00,11,12,Weekend,Fall,No,75.35,73.7,31.07
2023-11-05 13:00,11,13,Weekend,Fall,No,78.16,74.42,31.94
2023-11-05 14:00,11,14,Weekend,Fall,No,78.98,72.67,27.04
2023-11-05 15:00,11,15,Weekend,Fall,No,78.98,74.81,23.62
2023-11-05 16:00,11,16,Weekend,Fall,No,77.82,74.26,30.17
2023-11-05 17:00,11,17,Weekend,Fall,No,72.9,74.1,31.32
2023-11-05 18:00,11,18,Weekend,Fall,No,68.2,72.49,29.35
2023-11-05 19:00,11,19,Weekend,Fall,No,65.76,71.43,19.07
2023-11-05 20:00,11,20,Weekend,Fall,No,64.41,71.26,23.57
2023-11-05 21:00,11,21,Weekend,Fall,No,63.41,72.5,22.99
2023-11-05 22:00,11,22,Weekend,Fall,No,62.44,71.99,13.2
2023-11-05 23:00,11,23,Weekend,Fall,No,61.43,72.29,21.17
2023-11-06 00:00,11,0,Weekday,Fall,No,60.46,70.75,19.07
2023-11-06 01:00,11,1,Weekday,Fall,No,60.08,70.4,17.9
2023-11-06 02:00,11,2,Weekday,Fall,No,59.45,70.19,20.0
2023-11-06 03:00,11,3,Weekday,Fall,No,57.85,71.34,8.3
2023-11-06 04:00,11,4,Weekday,Fall,No,57.02,71.2,17.01
2023-11-06 05:00,11,5,Weekday,Fall,No,56.39,71.0,9.55
2023-11-06 06:00,11,6,Weekday,Fall,No,55.42,70.19,13.53
2023-11-06 07:00,11,7,Weekday,Fall,No,55.04,70.51,3.86
2023-11-06 08:00,11,8,Weekday,Fall,Yes,58.5,68.89,36.77
2023-11-06 09:00,11,9,Weekday,Fall,Yes,63.29,70.95,35.6
2023-11-06 10:00,11,10,Weekday,Fall,Yes,64.94,69.18,35.93
2023-11-06 11:00,11,11,Weekday,Fall,Yes,66.1,70.74,41.02
2023-11-06 12:00,11,12,Weekday,Fall,Yes,68.7,72.11,45.13
2023-11-06 13:00,11,13,Weekday,Fall,Yes,69.46,70.83,55.62
2023-11-06 14:00,11,14,Weekday,Fall,Yes,69.6,71.43,40.86
2023-11-06 15:00,11,15,Weekday,Fall,Yes,70.61,70.73,22.08
2023-11-06 16:00,11,16,Weekday,Fall,Yes,70.43,72.35,27.38
2023-11-06 17:00,11,17,Weekday,Fall,Yes,67.67,70.09,23.88
2023-11-06 18:00,11,18,Weekday,Fall,No,64.86,72.32,19.13
2023-11-06 19:00,11,19,Weekday,Fall,No,62.26,71.15,12.08
2023-11-06 20:00,11,20,Weekday,Fall,No,59.82,72.03,16.94
2023-11-06 21:00,11,21,Weekday,Fall,No,58.37,70.99,14.06
2023-11-06 22:00,11,22,Weekday,Fall,No,56.24,70.25,9.33
2023-11-06 23:00,11,23,Weekday,Fall,No,54.41,70.55,11.36
2023-11-07 00:00,11,0,Weekday,Fall,No,53.43,71.34,11.01
2023-11-07 01:00,11,1,Weekday,Fall,No,52.43,69.08,6.72
2023-11-07 02:00,11,2,Weekday,Fall,No,51.46,71.43,1.75
2023-11-07 03:00,11,3,Weekday,Fall,No,50.45,69.04,2.01
2023-11-07 04:00,11,4,Weekday,Fall,No,48.22,69.31,0.0
2023-11-07 05:00,11,5,Weekday,Fall,No,46.94,68.44,6.33
2023-11-07 06:00,11,6,Weekday,Fall,No,46.42,68.15,2.63
2023-11-07 07:00,11,7,Weekday,Fall,No,47.2,69.59,13.45
2023-11-07 08:00,11,8,Weekday,Fall,Yes,50.96,68.51,27.13
2023-11-07 09:00,11,9,Weekday,Fall,Yes,55.9,69.7,31.77
2023-11-07 10:00,11,10,Weekday,Fall,Yes,60.86,69.79,38.42
2023-11-07 11:00,11,11,Weekday,Fall,Yes,64.74,71.02,45.95
2023-11-07 12:00,11,12,Weekday,Fall,Yes,68.33,71.82,31.78
2023-11-07 13:00,11,13,Weekday,Fall,Yes,70.61,72.3,48.63
2023-11-07 14:00,11,14,Weekday,Fall,Yes,71.58,71.56,54.32
2023-11-07 15:00,11,15,Weekday,Fall,Yes,70.28,70.26,18.25
2023-11-07 16:00,11,16,Weekday,Fall,Yes,67.82,70.31,22.86
2023-11-07 17:00,11,17,Weekday,Fall,Yes,65.24,70.55,20.27
2023-11-07 18:00,11,18,Weekday,Fall,No,62.89,71.41,16.81
2023-11-07 19:00,11,19,Weekday,Fall,No,60.9,71.99,16.93
2023-11-07 20:00,11,20,Weekday,Fall,No,58.3,70.86,7.63
2023-11-07 21:00,11,21,Weekday,Fall,No,56.39,71.13,8.47
2023-11-07 22:00,11,22,Weekday,Fall,No,54.78,70.17,6.29
2023-11-07 23:00,11,23,Weekday,Fall,No,52.8,69.82,15.91
2023-11-08 00:00,11,0,Weekday,Fall,No,51.98,70.59,5.4
2023-11-08 01:00,11,1,Weekday,Fall,No,50.2,70.67,6.87
2023-11-08 02:00,11,2,Weekday,Fall,No,47.76,69.96,0.0
2023-11-08 03:00,11,3,Weekday,Fall,No,46.94,69.43,3.65
2023-11-08 04:00,11,4,Weekday,Fall,No,45.78,68.82,1.26
2023-11-08 05:00,11,5,Weekday,Fall,No,44.44,69.37,7.66
2023-11-08 06:00,11,6,Weekday,Fall,No,44.58,67.15,0.42
2023-11-08 07:00,11,7,Weekday,Fall,No,46.11,68.65,2.29
2023-11-08 08:00,11,8,Weekday,Fall,Yes,51.04,68.52,26.4
2023-11-08 09:00,11,9,Weekday,Fall,Yes,57.53,69.34,32.76
2023-11-08 10:00,11,10,Weekday,Fall,Yes,61.76,69.74,40.79
2023-11-08 11:00,11,11,Weekday,Fall,Yes,65.27,69.78,39.82
2023-11-08 12:00,11,12,Weekday,Fall,Yes,68.18,71.88,46.73
2023-11-08 13:00,11,13,Weekday,Fall,Yes,70.76,71.01,44.29
2023-11-08 14:00,11,14,Weekday,Fall,Yes,72.59,72.42,44.08
2023-11-08 15:00,11,15,Weekday,Fall,Yes,73.04,71.45,22.46
2023-11-08 16:00,11,16,Weekday,Fall,Yes,71.88,72.94,22.3
2023-11-08 17:00,11,17,Weekday,Fall,Yes,68.65,71.32,17.9
2023-11-08 18:00,11,18,Weekday,Fall,No,65.24,72.68,14.11
2023-11-08 19:00,11,19,Weekday,Fall,No,63.41,72.69,16.11
2023-11-08 20:00,11,20,Weekday,Fall,No,61.28,72.28,17.09
2023-11-08 21:00,11,21,Weekday,Fall,No,57.14,69.5,17.96
2023-11-08 22:00,11,22,Weekday,Fall,No,55.04,70.4,12.82
2023-11-08 23:00,11,23,Weekday,Fall,No,53.88,69.89,3.95
2023-11-09 00:00,11,0,Weekday,Fall,No,54.22,69.62,12.06
2023-11-09 01:00,11,1,Weekday,Fall,No,53.26,70.96,5.75
2023-11-09 02:00,11,2,Weekday,Fall,No,53.14,68.61,11.19
2023-11-09 03:00,11,3,Weekday,Fall,No,53.43,70.01,8.65
2023-11-09 04:00,11,4,Weekday,Fall,No,55.37,69.71,10.38
2023-11-09 05:00,11,5,Weekday,Fall,No,55.86,70.32,15.96
2023-11-09 06:00,11,6,Weekday,Fall,No,55.04,70.92,11.45
2023-11-09 07:00,11,7,Weekday,Fall,No,56.72,70.67,8.54
2023-11-09 08:00,11,8,Weekday,Fall,Yes,61.49,68.94,46.3
2023-11-09 09:00,11,9,Weekday,Fall,Yes,65.19,70.06,46.3
2023-11-09 10:00,11,10,Weekday,Fall,Yes,67.18,70.74,47.96
2023-11-09 11:00,11,11,Weekday,Fall,Yes,69.78,70.47,50.36
2023-11-09 12:00,11,12,Weekday,Fall,Yes,72.22,71.97,54.02
2023-11-09 13:00,11,13,Weekday,Fall,Yes,73.56,73.18,44.71
2023-11-09 14:00,11,14,Weekday,Fall,Yes,73.94,72.12,54.93
2023-11-09 15:00,11,15,Weekday,Fall,Yes,73.94,72.08,21.5
2023-11-09 16:00,11,16,Weekday,Fall,Yes,73.42,72.92,22.22
2023-11-09 17:00,11,17,Weekday,Fall,Yes,70.1,70.64,23.42
2023-11-09 18:00,11,18,Weekday,Fall,No,65.69,72.41,24.32
2023-11-09 19:00,11,19,Weekday,Fall,No,62.26,70.63,15.92
2023-11-09 20:00,11,20,Weekday,Fall,No,59.2,72.34,9.7
2023-11-09 21:00,11,21,Weekday,Fall,No,59.7,71.27,11.41
2023-11-09 22:00,11,22,Weekday,Fall,No,60.98,71.21,12.53
2023-11-09 23:00,11,23,Weekday,Fall,No,60.98,72.4,13.22
2023-11-10 00:00,11,0,Weekday,Fall,No,60.46,71.63,14.82
2023-11-10 01:00,11,1,Weekday,Fall,No,59.45,70.76,15.14
2023-11-10 02:00,11,2,Weekday,Fall,No,59.0,71.28,18.27
2023-11-10 03:00,11,3,Weekday,Fall,No,58.37,69.87,17.85
2023-11-10 04:00,11,4,Weekday,Fall,No,57.92,70.29,10.75
2023-11-10 05:00,11,5,Weekday,Fall,No,57.4,70.98,12.09
2023-11-10 06:00,11,6,Weekday,Fall,No,57.02,70.74,10.35
2023-11-10 07:00,11,7,Weekday,Fall,No,58.18,70.89,7.96
2023-11-10 08:00,11,8,Weekday,Fall,Yes,61.31,69.18,40.35
2023-11-10 09:00,11,9,Weekday,Fall,Yes,64.11,71.27,45.08
2023-11-10 10:00,11,10,Weekday,Fall,Yes,66.1,71.23,37.11
2023-11-10 11:00,11,11,Weekday,Fall,Yes,68.7,71.06,39.89
2023-11-10 12:00,11,12,Weekday,Fall,Yes,71.14,72.4,45.32
2023-11-10 13:00,11,13,Weekday,Fall,Yes,73.12,72.51,43.53
2023-11-10 14:00,11,14,Weekday,Fall,Yes,75.1,71.42,47.02
2023-11-10 15:00,11,15,Weekday,Fall,Yes,75.4,72.23,23.94
2023-11-10 16:00,11,16,Weekday,Fall,Yes,73.86,72.71,35.31
2023-11-10 17:00,11,17,Weekday,Fall,Yes,70.73,73.41,19.41
2023-11-10 18:00,11,18,Weekday,Fall,No,66.67,73.49,30.06
2023-11-10 19:00,11,19,Weekday,Fall,No,62.63,71.31,19.33
2023-11-10 20:00,11,20,Weekday,Fall,No,59.82,70.26,23.81
2023-11-10 21:00,11,21,Weekday,Fall,No,57.22,71.99,4.56
2023-11-10 22:00,11,22,Weekday,Fall,No,56.57,70.71,15.97
2023-11-10 23:00,11,23,Weekday,Fall,No,57.54,70.3,14.44
2023-11-11 00:00,11,0,Weekend,Fall,No,57.4,70.25,11.55
2023-11-11 01:00,11,1,Weekend,Fall,No,56.39,72.18,14.05
2023-11-11 02:00,11,2,Weekend,Fall,No,54.26,69.42,12.11
2023-11-11 03:00,11,3,Weekend,Fall,No,54.22,69.9,12.92
2023-11-11 04:00,11,4,Weekend,Fall,No,52.1,70.28,16.35
2023-11-11 05:00,11,5,Weekend,Fall,No,48.84,68.91,12.6
2023-11-11 06:00,11,6,Weekend,Fall,No,48.02,69.09,8.27
2023-11-11 07:00,11,7,Weekend,Fall,No,48.54,68.69,0.24
2023-11-11 08:00,11,8,Weekend,Fall,No,54.17,70.16,10.07
2023-11-11 09:00,11,9,Weekend,Fall,No,62.64,71.74,10.09
2023-11-11 10:00,11,10,Weekend,Fall,No,68.33,72.62,22.42
2023-11-11 11:00,11,11,Weekend,Fall,No,71.14,73.61,24.8
2023-11-11 12:00,11,12,Weekend,Fall,No,73.12,73.16,26.29
2023-11-11 13:00,11,13,Weekend,Fall,No,74.57,73.69,37.0
2023-11-11 14:00,11,14,Weekend,Fall,No,75.02,73.19,25.96
2023-11-11 15:00,11,15,Weekend,Fall,No,75.02,73.94,30.2
2023-11-11 16:00,11,16,Weekend,Fall,No,73.86,72.55,27.0
2023-11-11 17:00,11,17,Weekend,Fall,No,70.1,73.62,28.24
2023-11-11 18:00,11,18,Weekend,Fall,No,65.69,71.95,21.07
2023-11-11 19:00,11,19,Weekend,Fall,No,62.26,70.64,19.32
2023-11-11 20:00,11,20,Weekend,Fall,No,59.2,71.49,10.27
2023-11-11 21:00,11,21,Weekend,Fall,No,56.76,69.58,8.54
2023-11-11 22:00,11,22,Weekend,Fall,No,54.26,70.42,10.2
2023-11-11 23:00,11,23,Weekend,Fall,No,50.64,70.52,18.95
2023-11-12 00:00,11,0,Weekend,Fall,No,47.76,69.42,8.94
2023-11-12 01:00,11,1,Weekend,Fall,No,46.42,68.66,4.35
2023-11-12 02:00,11,2,Weekend,Fall,No,46.56,69.76,1.15
2023-11-12 03:00,11,3,Weekend,Fall,No,45.78,68.44,1.26
2023-11-12 04:00,11,4,Weekend,Fall,No,45.59,68.68,4.88
2023-11-12 05:00,11,5,Weekend,Fall,No,46.04,68.52,3.6
2023-11-12 06:00,11,6,Weekend,Fall,No,44.89,68.05,1.59
2023-11-12 07:00,11,7,Weekend,Fall,No,45.74,69.23,4.18
2023-11-12 08:00,11,8,Weekend,Fall,No,51.66,70.97,9.38
2023-11-12 09:00,11,9,Weekend,Fall,No,61.45,71.98,16.39
2023-11-12 10:00,11,10,Weekend,Fall,No,69.48,73.49,21.22
2023-11-12 11:00,11,11,Weekend,Fall,No,73.12,72.68,27.85
2023-11-12 12:00,11,12,Weekend,Fall,No,75.72,72.94,33.22
2023-11-12 13:00,11,13,Weekend,Fall,No,77.63,74.29,32.17
2023-11-12 14:00,11,14,Weekend,Fall,No,78.6,74.99,37.23
2023-11-12 15:00,11,15,Weekend,Fall,No,77.82,75.05,25.99
2023-11-12 16:00,11,16,Weekend,Fall,No,74.69,74.73,32.14
2023-11-12 17:00,11,17,Weekend,Fall,No,70.73,73.39,22.65
2023-11-12 18:00,11,18,Weekend,Fall,No,66.14,73.05,25.2
2023-11-12 19:00,11,19,Weekend,Fall,No,61.73,71.1,14.6
2023-11-12 20:00,11,20,Weekend,Fall,No,56.51,70.91,9.82
2023-11-12 21:00,11,21,Weekend,Fall,No,53.43,72.15,15.39
2023-11-12 22:00,11,22,Weekend,Fall,No,51.28,69.47,13.46
2023-11-12 23:00,11,23,Weekend,Fall,No,50.0,68.83,13.88
2023-11-13 00:00,11,0,Weekday,Fall,No,49.37,68.94,0.0
2023-11-13 01:00,11,1,Weekday,Fall,No,48.4,70.05,5.86
2023-11-13 02:00,11,2,Weekday,Fall,No,48.02,69.69,2.59
2023-11-13 03:00,11,3,Weekday,Fall,No,48.02,69.4,11.13
2023-11-13 04:00,11,4,Weekday,Fall,No,47.39,69.51,5.24
2023-11-13 05:00,11,5,Weekday,Fall,No,46.42,68.54,8.2
2023-11-13 06:00,11,6,Weekday,Fall,No,46.56,67.78,0.0
2023-11-13 07:00,11,7,Weekday,Fall,No,48.72,67.94,0.63
2023-11-13 08:00,11,8,Weekday,Fall,Yes,54.1,67.05,36.28
2023-11-13 09:00,11,9,Weekday,Fall,Yes,61.64,70.05,39.02
2023-11-13 10:00,11,10,Weekday,Fall,Yes,67.36,70.99,45.88
2023-11-13 11:00,11,11,Weekday,Fall,Yes,71.92,71.01,46.43
2023-11-13 12:00,11,12,Weekday,Fall,Yes,75.72,71.92,50.7
2023-11-13 13:00,11,13,Weekday,Fall,Yes,77.0,71.73,55.62
2023-11-13 14:00,11,14,Weekday,Fall,Yes,77.0,72.81,52.18
2023-11-13 15:00,11,15,Weekday,Fall,Yes,76.37,72.14,27.33
2023-11-13 16:00,11,16,Weekday,Fall,Yes,74.76,71.82,25.99
2023-11-13 17:00,11,17,Weekday,Fall,Yes,71.1,72.88,23.46
2023-11-13 18:00,11,18,Weekday,Fall,No,64.98,72.51,20.14
2023-11-13 19:00,11,19,Weekday,Fall,No,60.9,71.64,16.64
2023-11-13 20:00,11,20,Weekday,Fall,No,58.82,70.08,16.35
2023-11-13 21:00,11,21,Weekday,Fall,No,57.92,70.46,14.37
2023-11-13 22:00,11,22,Weekday,Fall,No,58.55,71.34,7.8
2023-11-13 23:00,11,23,Weekday,Fall,No,58.37,70.52,15.7
2023-11-14 00:00,11,0,Weekday,Fall,No,57.4,71.59,16.92
2023-11-14 01:00,11,1,Weekday,Fall,No,57.02,70.73,14.53
2023-11-14 02:00,11,2,Weekday,Fall,No,59.33,72.23,16.85
2023-11-14 03:00,11,3,Weekday,Fall,No,58.67,70.38,12.82
2023-11-14 04:00,11,4,Weekday,Fall,No,57.54,69.15,6.7
2023-11-14 05:00,11,5,Weekday,Fall,No,56.76,69.54,15.8
2023-11-14 06:00,11,6,Weekday,Fall,No,56.57,70.38,16.21
2023-11-14 07:00,11,7,Weekday,Fall,No,59.33,71.03,12.29
2023-11-14 08:00,11,8,Weekday,Fall,Yes,63.29,69.8,43.93
2023-11-14 09:00,11,9,Weekday,Fall,Yes,66.72,71.19,41.34
2023-11-14 10:00,11,10,Weekday,Fall,Yes,67.37,70.52,53.39
2023-11-14 11:00,11,11,Weekday,Fall,Yes,66.4,71.22,52.66
2023-11-14 12:00,11,12,Weekday,Fall,Yes,67.18,70.98,39.68
2023-11-14 13:00,11,13,Weekday,Fall,Yes,68.63,71.83,41.16
2023-11-14 14:00,11,14,Weekday,Fall,Yes,69.08,69.94,41.7
2023-11-14 15:00,11,15,Weekday,Fall,Yes,68.45,71.54,26.29
2023-11-14 16:00,11,16,Weekday,Fall,Yes,67.37,71.45,23.47
2023-11-14 17:00,11,17,Weekday,Fall,Yes,64.61,72.07,14.41
2023-11-14 18:00,11,18,Weekday,Fall,No,61.8,72.13,14.45
2023-11-14 19:00,11,19,Weekday,Fall,No,58.67,71.76,19.33
2023-11-14 20:00,11,20,Weekday,Fall,No,56.39,71.21,10.24
2023-11-14 21:00,11,21,Weekday,Fall,No,54.78,69.16,16.35
2023-11-14 22:00,11,22,Weekday,Fall,No,53.96,69.94,6.93
2023-11-14 23:00,11,23,Weekday,Fall,No,53.43,69.13,15.48
2023-11-15 00:00,11,0,Weekday,Fall,No,52.43,70.96,20.52
2023-11-15 01:00,11,1,Weekday,Fall,No,51.98,69.96,14.82
2023-11-15 02:00,11,2,Weekday,Fall,No,51.98,70.15,0.0
2023-11-15 03:00,11,3,Weekday,Fall,No,50.82,70.25,0.0
2023-11-15 04:00,11,4,Weekday,Fall,No,49.37,68.02,5.16
2023-11-15 05:00,11,5,Weekday,Fall,No,49.55,69.52,5.94
2023-11-15 06:00,11,6,Weekday,Fall,No,48.84,70.07,9.69
2023-11-15 07:00,11,7,Weekday,Fall,No,48.54,69.22,0.0
2023-11-15 08:00,11,8,Weekday,Fall,Yes,50.18,67.74,27.71
2023-11-15 09:00,11,9,Weekday,Fall,Yes,51.6,67.71,32.08
2023-11-15 10:00,11,10,Weekday,Fall,Yes,52.61,68.37,35.69
2023-11-15 11:00,11,11,Weekday,Fall,Yes,53.58,68.71,30.49
2023-11-15 12:00,11,12,Weekday,Fall,Yes,53.96,67.5,31.33
2023-11-15 13:00,11,13,Weekday,Fall,Yes,54.59,67.83,34.99
2023-11-15 14:00,11,14,Weekday,Fall,Yes,55.57,68.71,35.96
2023-11-15 15:00,11,15,Weekday,Fall,Yes,55.94,68.57,15.01
2023-11-15 16:00,11,16,Weekday,Fall,Yes,54.78,69.5,12.76
2023-11-15 17:00,11,17,Weekday,Fall,Yes,52.8,69.59,5.23
2023-11-15 18:00,11,18,Weekday,Fall,No,50.82,67.98,11.81
2023-11-15 19:00,11,19,Weekday,Fall,No,49.37,69.04,8.79
2023-11-15 20:00,11,20,Weekday,Fall,No,48.4,68.37,0.0
2023-11-15 21:00,11,21,Weekday,Fall,No,44.56,68.49,0.0
2023-11-15 22:00,11,22,Weekday,Fall,No,40.82,68.45,0.0
2023-11-15 23:00,11,23,Weekday,Fall,No,39.4,67.06,0.0
2023-11-16 00:00,11,0,Weekday,Fall,No,38.39,68.04,1.62
2023-11-16 01:00,11,1,Weekday,Fall,No,37.42,66.76,0.0
2023-11-16 02:00,11,2,Weekday,Fall,No,35.26,66.77,0.0
2023-11-16 03:00,11,3,Weekday,Fall,No,33.46,67.49,0.0
2023-11-16 04:00,11,4,Weekday,Fall,No,33.6,67.13,0.0
2023-11-16 05:00,11,5,Weekday,Fall,No,34.61,65.98,0.0
2023-11-16 06:00,11,6,Weekday,Fall,No,33.9,66.34,2.45
2023-11-16 07:00,11,7,Weekday,Fall,No,34.76,68.04,0.0
2023-11-16 08:00,11,8,Weekday,Fall,Yes,41.21,66.21,18.31
2023-11-16 09:00,11,9,Weekday,Fall,Yes,48.53,67.92,26.24
2023-11-16 10:00,11,10,Weekday,Fall,Yes,53.39,69.48,28.78
2023-11-16 11:00,11,11,Weekday,Fall,Yes,56.72,69.76,35.94
2023-11-16 12:00,11,12,Weekday,Fall,Yes,60.34,69.03,37.87
2023-11-16 13:00,11,13,Weekday,Fall,Yes,62.58,71.13,37.72
2023-11-16 14:00,11,14,Weekday,Fall,Yes,63.59,70.23,47.11
2023-11-16 15:00,11,15,Weekday,Fall,Yes,63.41,70.38,11.89
2023-11-16 16:00,11,16,Weekday,Fall,Yes,62.44,70.13,18.04
2023-11-16 17:00,11,17,Weekday,Fall,Yes,58.49,70.05,11.99
2023-11-16 18:00,11,18,Weekday,Fall,No,54.78,69.75,3.48
2023-11-16 19:00,11,19,Weekday,Fall,No,51.65,70.4,17.98
2023-11-16 20:00,11,20,Weekday,Fall,No,48.22,68.98,6.71
2023-11-16 21:00,11,21,Weekday,Fall,No,45.26,68.89,6.27
2023-11-16 22:00,11,22,Weekday,Fall,No,42.9,69.01,0.0
2023-11-16 23:00,11,23,Weekday,Fall,No,40.82,67.09,0.0
2023-11-17 00:00,11,0,Weekday,Fall,No,39.4,68.41,0.29
2023-11-17 01:00,11,1,Weekday,Fall,No,39.54,68.11,0.0
2023-11-17 02:00,11,2,Weekday,Fall,No,40.55,67.08,0.0
2023-11-17 03:00,11,3,Weekday,Fall,No,38.69,67.86,0.0
2023-11-17 04:00,11,4,Weekday,Fall,No,37.56,67.11,0.0
2023-11-17 05:00,11,5,Weekday,Fall,No,38.57,67.04,0.0
2023-11-17 06:00,11,6,Weekday,Fall,No,38.39,67.63,0.0
2023-11-17 07:00,11,7,Weekday,Fall,No,40.36,68.61,0.73
2023-11-17 08:00,11,8,Weekday,Fall,Yes,46.7,66.83,19.63
2023-11-17 09:00,11,9,Weekday,Fall,Yes,52.94,68.64,24.86
2023-11-17 10:00,11,10,Weekday,Fall,Yes,58.5,69.63,33.52
2023-11-17 11:00,11,11,Weekday,Fall,Yes,63.29,69.06,50.18
2023-11-17 12:00,11,12,Weekday,Fall,Yes,66.1,71.37,47.03
2023-11-17 13:00,11,13,Weekday,Fall,Yes,67.55,70.61,50.22
2023-11-17 14:00,11,14,Weekday,Fall,Yes,68.0,72.09,47.84
2023-11-17 15:00,11,15,Weekday,Fall,Yes,66.84,70.34,15.67
2023-11-17 16:00,11,16,Weekday,Fall,Yes,64.86,70.0,21.69
2023-11-17 17:00,11,17,Weekday,Fall,Yes,62.89,69.39,18.34
2023-11-17 18:00,11,18,Weekday,Fall,No,60.28,70.85,16.61
2023-11-17 19:00,11,19,Weekday,Fall,No,58.37,72.07,14.61
2023-11-17 20:00,11,20,Weekday,Fall,No,56.24,70.19,15.05
2023-11-17 21:00,11,21,Weekday,Fall,No,55.04,69.82,14.8
2023-11-17 22:00,11,22,Weekday,Fall,No,54.41,70.24,14.85
2023-11-17 23:00,11,23,Weekday,Fall,No,53.96,71.73,18.38
2023-11-18 00:00,11,0,Weekend,Fall,No,53.96,69.46,5.56
2023-11-18 01:00,11,1,Weekend,Fall,No,52.8,70.47,10.09
2023-11-18 02:00,11,2,Weekend,Fall,No,50.2,68.94,0.0
2023-11-18 03:00,11,3,Weekend,Fall,No,48.4,69.89,4.29
2023-11-18 04:00,11,4,Weekend,Fall,No,47.39,67.7,0.0
2023-11-18 05:00,11,5,Weekend,Fall,No,46.94,67.65,0.0
2023-11-18 06:00,11,6,Weekend,Fall,No,45.78,67.65,4.83
2023-11-18 07:00,11,7,Weekend,Fall,No,46.11,69.02,0.92
2023-11-18 08:00,11,8,Weekend,Fall,No,48.1,69.3,2.33
2023-11-18 09:00,11,9,Weekend,Fall,No,51.86,70.04,5.58
2023-11-18 10:00,11,10,Weekend,Fall,No,57.53,70.68,18.31
2023-11-18 11:00,11,11,Weekend,Fall,No,64.07,71.59,24.39
2023-11-18 12:00,11,12,Weekend,Fall,No,69.34,72.51,20.98
2023-11-18 13:00,11,13,Weekend,Fall,No,72.22,73.39,34.11
2023-11-18 14:00,11,14,Weekend,Fall,No,73.56,73.38,27.82
2023-11-18 15:00,11,15,Weekend,Fall,No,73.42,73.1,21.08
2023-11-18 16:00,11,16,Weekend,Fall,No,72.41,72.58,20.76
2023-11-18 17:00,11,17,Weekend,Fall,No,68.5,71.92,24.16
2023-11-18 18:00,11,18,Weekend,Fall,No,63.08,72.39,14.73
2023-11-18 19:00,11,19,Weekend,Fall,No,59.82,70.37,7.69
2023-11-18 20:00,11,20,Weekend,Fall,No,59.63,71.11,22.43
2023-11-18 21:00,11,21,Weekend,Fall,No,60.08,70.69,14.32
2023-11-18 22:00,11,22,Weekend,Fall,No,58.82,69.9,11.4
2023-11-18 23:00,11,23,Weekend,Fall,No,56.76,70.84,12.87
2023-11-19 00:00,11,0,Weekend,Fall,No,55.94,69.5,5.97
2023-11-19 01:00,11,1,Weekend,Fall,No,54.26,70.48,1.83
2023-11-19 02:00,11,2,Weekend,Fall,No,53.06,68.93,14.68
2023-11-19 03:00,11,3,Weekend,Fall,No,52.43,69.96,12.84
2023-11-19 04:00,11,4,Weekend,Fall,No,51.46,70.56,1.74
2023-11-19 05:00,11,5,Weekend,Fall,No,50.45,69.81,0.0
2023-11-19 06:00,11,6,Weekend,Fall,No,51.16,70.82,9.61
2023-11-19 07:00,11,7,Weekend,Fall,No,52.61,70.02,9.96
2023-11-19 08:00,11,8,Weekend,Fall,No,55.9,69.99,4.42
2023-11-19 09:00,11,9,Weekend,Fall,No,60.86,72.41,12.2
2023-11-19 10:00,11,10,Weekend,Fall,No,65.9,73.25,19.93
2023-11-19 11:00,11,11,Weekend,Fall,No,69.16,73.48,17.56
2023-11-19 12:00,11,12,Weekend,Fall,No,71.76,73.69,24.15
2023-11-19 13:00,11,13,Weekend,Fall,No,74.19,72.47,29.48
2023-11-19 14:00,11,14,Weekend,Fall,No,75.54,74.24,27.4
2023-11-19 15:00,11,15,Weekend,Fall,No,75.4,72.17,23.85
2023-11-19 16:00,11,16,Weekend,Fall,No,73.86,73.92,29.21
2023-11-19 17:00,11,17,Weekend,Fall,No,68.94,73.06,22.35
2023-11-19 18:00,11,18,Weekend,Fall,No,62.55,72.06,10.68
2023-11-19 19:00,11,19,Weekend,Fall,No,58.82,70.46,8.76
2023-11-19 20:00,11,20,Weekend,Fall,No,56.24,70.12,16.57
2023-11-19 21:00,11,21,Weekend,Fall,No,56.2,70.58,15.25
2023-11-19 22:00,11,22,Weekend,Fall,No,54.71,70.1,11.82
2023-11-19 23:00,11,23,Weekend,Fall,No,54.22,70.56,16.93
2023-11-20 00:00,11,0,Weekday,Fall,No,54.41,70.21,14.8
2023-11-20 01:00,11,1,Weekday,Fall,No,53.96,70.14,2.27
2023-11-20 02:00,11,2,Weekday,Fall,No,55.12,70.14,11.45
2023-11-20 03:00,11,3,Weekday,Fall,No,56.57,70.7,17.34
2023-11-20 04:00,11,4,Weekday,Fall,No,56.39,70.44,5.55
2023-11-20 05:00,11,5,Weekday,Fall,No,56.57,71.33,12.98
2023-11-20 06:00,11,6,Weekday,Fall,No,55.86,69.38,13.29
2023-11-20 07:00,11,7,Weekday,Fall,No,56.72,70.04,0.0
2023-11-20 08:00,11,8,Weekday,Fall,Yes,60.86,69.78,31.51
2023-11-20 09:00,11,9,Weekday,Fall,Yes,65.27,71.55,43.95
2023-11-20 10:00,11,10,Weekday,Fall,Yes,69.34,71.16,43.05
2023-11-20 11:00,11,11,Weekday,Fall,Yes,72.74,72.02,54.06
2023-11-20 12:00,11,12,Weekday,Fall,Yes,75.1,71.63,49.29
2023-11-20 13:00,11,13,Weekday,Fall,Yes,77.18,73.06,55.64
2023-11-20 14:00,11,14,Weekday,Fall,Yes,79.24,73.73,45.1
2023-11-20 15:00,11,15,Weekday,Fall,Yes,79.43,72.82,33.15
2023-11-20 16:00,11,16,Weekday,Fall,Yes,77.82,72.98,18.46
2023-11-20 17:00,11,17,Weekday,Fall,Yes,72.9,71.21,22.79
2023-11-20 18:00,11,18,Weekday,Fall,No,67.04,72.76,15.03
2023-11-20 19:00,11,19,Weekday,Fall,No,63.78,73.63,22.72
2023-11-20 20:00,11,20,Weekday,Fall,No,60.65,71.24,21.84
2023-11-20 21:00,11,21,Weekday,Fall,No,57.22,69.91,18.57
2023-11-20 22:00,11,22,Weekday,Fall,No,56.57,70.3,11.31
2023-11-20 23:00,11,23,Weekday,Fall,No,57.02,71.73,12.15
2023-11-21 00:00,11,0,Weekday,Fall,No,55.86,70.44,10.97
2023-11-21 01:00,11,1,Weekday,Fall,No,53.88,69.81,12.14
2023-11-21 02:00,11,2,Weekday,Fall,No,53.58,70.01,5.34
2023-11-21 03:00,11,3,Weekday,Fall,No,52.8,69.01,2.8
2023-11-21 04:00,11,4,Weekday,Fall,No,50.82,69.78,8.47
2023-11-21 05:00,11,5,Weekday,Fall,No,49.37,68.43,6.39
2023-11-21 06:00,11,6,Weekday,Fall,No,49.55,69.98,7.37
2023-11-21 07:00,11,7,Weekday,Fall,No,51.78,70.08,11.99
2023-11-21 08:00,11,8,Weekday,Fall,Yes,54.74,67.75,26.92
2023-11-21 09:00,11,9,Weekday,Fall,Yes,61.19,69.25,41.08
2023-11-21 10:00,11,10,Weekday,Fall,Yes,68.51,72.6,47.69
2023-11-21 11:00,11,11,Weekday,Fall,Yes,72.74,71.65,48.82
2023-11-21 12:00,11,12,Weekday,Fall,Yes,75.1,73.61,50.61
2023-11-21 13:00,11,13,Weekday,Fall,Yes,77.18,73.07,50.58
2023-11-21 14:00,11,14,Weekday,Fall,Yes,78.08,72.94,49.28
2023-11-21 15:00,11,15,Weekday,Fall,Yes,75.67,72.43,23.57
2023-11-21 16:00,11,16,Weekday,Fall,Yes,72.26,72.05,27.98
2023-11-21 17:00,11,17,Weekday,Fall,Yes,68.12,73.49,25.93
2023-11-21 18:00,11,18,Weekday,Fall,No,64.24,72.44,22.13
2023-11-21 19:00,11,19,Weekday,Fall,No,59.5,71.26,12.86
2023-11-21 20:00,11,20,Weekday,Fall,No,55.24,70.31,14.38
2023-11-21 21:00,11,21,Weekday,Fall,No,52.8,69.43,1.84
2023-11-21 22:00,11,22,Weekday,Fall,No,50.82,69.3,10.17
2023-11-21 23:00,11,23,Weekday,Fall,No,49.37,70.01,5.32
2023-11-22 00:00,11,0,Weekday,Fall,No,47.24,68.39,0.85
2023-11-22 01:00,11,1,Weekday,Fall,No,44.89,69.52,0.0
2023-11-22 02:00,11,2,Weekday,Fall,No,44.58,68.4,5.03
2023-11-22 03:00,11,3,Weekday,Fall,No,43.28,68.98,0.0
2023-11-22 04:00,11,4,Weekday,Fall,No,42.6,67.77,0.78
2023-11-22 05:00,11,5,Weekday,Fall,No,42.98,68.14,0.0
2023-11-22 06:00,11,6,Weekday,Fall,No,42.98,68.91,0.62
2023-11-22 07:00,11,7,Weekday,Fall,No,45.29,69.15,8.05
2023-11-22 08:00,11,8,Weekday,Fall,Yes,50.51,68.22,34.1
2023-11-22 09:00,11,9,Weekday,Fall,Yes,58.31,70.73,30.27
2023-11-22 10:00,11,10,Weekday,Fall,Yes,63.22,69.43,37.02
2023-11-22 11:00,11,11,Weekday,Fall,Yes,68.13,71.7,47.27
2023-11-22 12:00,11,12,Weekday,Fall,Yes,71.58,70.82,46.36
2023-11-22 13:00,11,13,Weekday,Fall,Yes,71.96,72.54,46.64
2023-11-22 14:00,11,14,Weekday,Fall,Yes,72.59,71.22,41.0
2023-11-22 15:00,11,15,Weekday,Fall,Yes,73.04,70.58,38.2
2023-11-22 16:00,11,16,Weekday,Fall,Yes,72.41,72.18,30.13
2023-11-22 17:00,11,17,Weekday,Fall,Yes,68.5,70.32,21.75
2023-11-22 18:00,11,18,Weekday,Fall,No,63.08,72.25,14.05
2023-11-22 19:00,11,19,Weekday,Fall,No,59.2,71.8,7.89
2023-11-22 20:00,11,20,Weekday,Fall,No,53.93,70.02,5.82
2023-11-22 21:00,11,21,Weekday,Fall,No,50.45,69.31,4.28
2023-11-22 22:00,11,22,Weekday,Fall,No,49.37,70.35,6.87
2023-11-22 23:00,11,23,Weekday,Fall,No,48.92,68.35,7.35
2023-11-23 00:00,11,0,Weekday,Fall,No,49.55,69.53,7.01
2023-11-23 01:00,11,1,Weekday,Fall,No,47.69,68.12,0.0
2023-11-23 02:00,11,2,Weekday,Fall,No,45.41,68.75,0.99
2023-11-23 03:00,11,3,Weekday,Fall,No,45.59,69.56,0.0
2023-11-23 04:00,11,4,Weekday,Fall,No,45.41,68.72,4.6
2023-11-23 05:00,11,5,Weekday,Fall,No,46.11,68.95,4.03
2023-11-23 06:00,11,6,Weekday,Fall,No,48.1,67.99,10.29
2023-11-23 07:00,11,7,Weekday,Fall,No,48.92,69.64,4.37
2023-11-23 08:00,11,8,Weekday,Fall,Yes,50.7,67.33,34.73
2023-11-23 09:00,11,9,Weekday,Fall,Yes,56.7,69.83,30.31
2023-11-23 10:00,11,10,Weekday,Fall,Yes,61.24,69.68,42.75
2023-11-23 11:00,11,11,Weekday,Fall,Yes,64.37,69.32,40.53
2023-11-23 12:00,11,12,Weekday,Fall,Yes,67.8,70.43,52.34
2023-11-23 13:00,11,13,Weekday,Fall,Yes,69.6,72.36,37.7
2023-11-23 14:00,11,14,Weekday,Fall,Yes,71.14,71.76,49.6
2023-11-23 15:00,11,15,Weekday,Fall,Yes,70.28,72.18,31.22
2023-11-23 16:00,11,16,Weekday,Fall,Yes,67.3,70.63,14.77
2023-11-23 17:00,11,17,Weekday,Fall,Yes,64.24,70.27,17.61
2023-11-23 18:00,11,18,Weekday,Fall,No,61.8,71.37,20.82
2023-11-23 19:00,11,19,Weekday,Fall,No,59.82,70.36,18.49
2023-11-23 20:00,11,20,Weekday,Fall,No,57.22,70.07,9.78
2023-11-23 21:00,11,21,Weekday,Fall,No,53.1,70.25,8.79
2023-11-23 22:00,11,22,Weekday,Fall,No,51.6,69.33,0.95
2023-11-23 23:00,11,23,Weekday,Fall,No,50.2,70.64,8.04
2023-11-24 00:00,11,0,Weekday,Fall,No,47.76,70.01,5.68
2023-11-24 01:00,11,1,Weekday,Fall,No,45.78,68.13,7.69
2023-11-24 02:00,11,2,Weekday,Fall,No,43.8,67.82,8.51
2023-11-24 03:00,11,3,Weekday,Fall,No,41.82,68.87,0.0
2023-11-24 04:00,11,4,Weekday,Fall,No,41.0,67.14,0.0
2023-11-24 05:00,11,5,Weekday,Fall,No,40.37,67.16,0.0
2023-11-24 06:00,11,6,Weekday,Fall,No,38.76,67.03,2.52
2023-11-24 07:00,11,7,Weekday,Fall,No,39.1,67.81,0.0
2023-11-24 08:00,11,8,Weekday,Fall,Yes,45.17,67.23,21.51
2023-11-24 09:00,11,9,Weekday,Fall,Yes,51.86,68.79,35.55
2023-11-24 10:00,11,10,Weekday,Fall,Yes,57.53,69.28,38.29
2023-11-24 11:00,11,11,Weekday,Fall,Yes,62.92,71.06,39.89
2023-11-24 12:00,11,12,Weekday,Fall,Yes,66.72,71.09,45.03
2023-11-24 13:00,11,13,Weekday,Fall,Yes,68.63,70.57,48.98
2023-11-24 14:00,11,14,Weekday,Fall,Yes,69.6,71.21,45.55
2023-11-24 15:00,11,15,Weekday,Fall,Yes,69.98,71.02,26.61
2023-11-24 16:00,11,16,Weekday,Fall,Yes,68.82,70.31,15.43
2023-11-24 17:00,11,17,Weekday,Fall,Yes,64.54,70.31,22.77
2023-11-24 18:00,11,18,Weekday,Fall,No,60.28,71.41,13.33
2023-11-24 19:00,11,19,Weekday,Fall,No,56.06,69.9,17.3
2023-11-24 20:00,11,20,Weekday,Fall,No,52.28,69.54,1.27
2023-11-24 21:00,11,21,Weekday,Fall,No,49.82,70.24,2.45
2023-11-24 22:00,11,22,Weekday,Fall,No,47.76,70.15,5.85
2023-11-24 23:00,11,23,Weekday,Fall,No,45.78,69.01,4.06
2023-11-25 00:00,11,0,Weekend,Fall,No,43.28,68.76,4.63
2023-11-25 01:00,11,1,Weekend,Fall,No,42.08,68.8,0.0
2023-11-25 02:00,11,2,Weekend,Fall,No,43.24,67.42,5.72
2023-11-25 03:00,11,3,Weekend,Fall,No,44.58,69.52,0.0
2023-11-25 04:00,11,4,Weekend,Fall,No,43.8,68.95,3.31
2023-11-25 05:00,11,5,Weekend,Fall,No,42.98,68.56,0.0
2023-11-25 06:00,11,6,Weekend,Fall,No,43.61,68.88,0.0
2023-11-25 07:00,11,7,Weekend,Fall,No,45.22,68.63,0.0
2023-11-25 08:00,11,8,Weekend,Fall,No,48.35,69.47,0.14
2023-11-25 09:00,11,9,Weekend,Fall,No,54.62,70.34,12.07
2023-11-25 10:00,11,10,Weekend,Fall,No,63.17,72.24,20.79
2023-11-25 11:00,11,11,Weekend,Fall,No,68.7,72.64,23.88
2023-11-25 12:00,11,12,Weekend,Fall,No,71.14,72.75,23.23
2023-11-25 13:00,11,13,Weekend,Fall,No,73.12,74.23,31.32
2023-11-25 14:00,11,14,Weekend,Fall,No,73.42,72.81,28.69
2023-11-25 15:00,11,15,Weekend,Fall,No,70.1,72.82,30.71
2023-11-25 16:00,11,16,Weekend,Fall,No,66.84,72.35,20.01
2023-11-25 17:00,11,17,Weekend,Fall,No,61.3,72.59,13.27
2023-11-25 18:00,11,18,Weekend,Fall,No,56.76,69.73,6.83
2023-11-25 19:00,11,19,Weekend,Fall,No,54.78,70.41,19.43
2023-11-25 20:00,11,20,Weekend,Fall,No,52.28,71.06,7.7
2023-11-25 21:00,11,21,Weekend,Fall,No,50.45,68.69,7.16
2023-11-25 22:00,11,22,Weekend,Fall,No,49.37,69.46,9.3
2023-11-25 23:00,11,23,Weekend,Fall,No,46.08,69.87,1.5
2023-11-26 00:00,11,0,Weekend,Fall,No,43.43,66.68,0.0
2023-11-26 01:00,11,1,Weekend,Fall,No,41.82,67.97,0.0
2023-11-26 02:00,11,2,Weekend,Fall,No,39.22,67.72,0.0
2023-11-26 03:00,11,3,Weekend,Fall,No,36.26,66.98,0.0
2023-11-26 04:00,11,4,Weekend,Fall,No,35.06,67.13,0.0
2023-11-26 05:00,11,5,Weekend,Fall,No,34.43,67.29,0.0
2023-11-26 06:00,11,6,Weekend,Fall,No,33.46,66.85,0.0
2023-11-26 07:00,11,7,Weekend,Fall,No,33.6,67.83,0.0
2023-11-26 08:00,11,8,Weekend,Fall,No,38.08,68.39,0.0
2023-11-26 09:00,11,9,Weekend,Fall,No,45.1,68.91,1.11
2023-11-26 10:00,11,10,Weekend,Fall,No,50.33,69.24,6.79
2023-11-26 11:00,11,11,Weekend,Fall,No,53.14,69.83,18.39
2023-11-26 12:00,11,12,Weekend,Fall,No,55.74,69.64,20.41
2023-11-26 13:00,11,13,Weekend,Fall,No,58.18,70.35,17.0
2023-11-26 14:00,11,14,Weekend,Fall,No,59.0,71.57,14.95
2023-11-26 15:00,11,15,Weekend,Fall,No,59.0,72.32,22.43
2023-11-26 16:00,11,16,Weekend,Fall,No,57.85,72.45,16.76
2023-11-26 17:00,11,17,Weekend,Fall,No,54.71,70.75,3.88
2023-11-26 18:00,11,18,Weekend,Fall,No,51.28,69.56,4.76
2023-11-26 19:00,11,19,Weekend,Fall,No,49.37,68.74,6.27
2023-11-26 20:00,11,20,Weekend,Fall,No,46.08,69.59,0.0
2023-11-26 21:00,11,21,Weekend,Fall,No,42.9,69.43,0.0
2023-11-26 22:00,11,22,Weekend,Fall,No,41.45,67.55,1.27
2023-11-26 23:00,11,23,Weekend,Fall,No,38.69,68.29,5.13
2023-11-27 00:00,11,0,Weekday,Fall,No,35.88,67.4,0.0
2023-11-27 01:00,11,1,Weekday,Fall,No,33.9,67.13,0.0
2023-11-27 02:00,11,2,Weekday,Fall,No,33.08,66.01,0.0
2023-11-27 03:00,11,3,Weekday,Fall,No,32.45,67.91,0.0
2023-11-27 04:00,11,4,Weekday,Fall,No,32.0,66.79,0.0
2023-11-27 05:00,11,5,Weekday,Fall,No,33.78,67.48,0.0
2023-11-27 06:00,11,6,Weekday,Fall,No,34.43,67.1,0.0
2023-11-27 07:00,11,7,Weekday,Fall,No,33.98,67.29,0.0
2023-11-27 08:00,11,8,Weekday,Fall,Yes,38.7,64.73,14.46
2023-11-27 09:00,11,9,Weekday,Fall,Yes,45.54,66.72,19.5
2023-11-27 10:00,11,10,Weekday,Fall,Yes,53.27,68.08,31.03
2023-11-27 11:00,11,11,Weekday,Fall,Yes,59.33,70.09,35.23
2023-11-27 12:00,11,12,Weekday,Fall,Yes,62.76,69.95,38.5
2023-11-27 13:00,11,13,Weekday,Fall,Yes,65.19,69.95,44.76
2023-11-27 14:00,11,14,Weekday,Fall,Yes,66.02,70.47,44.16
2023-11-27 15:00,11,15,Weekday,Fall,Yes,66.02,71.24,17.01
2023-11-27 16:00,11,16,Weekday,Fall,Yes,65.39,69.67,24.96
2023-11-27 17:00,11,17,Weekday,Fall,Yes,59.69,68.12,7.73
2023-11-27 18:00,11,18,Weekday,Fall,No,54.26,70.31,13.71
2023-11-27 19:00,11,19,Weekday,Fall,No,50.12,69.08,2.62
2023-11-27 20:00,11,20,Weekday,Fall,No,48.02,69.57,7.58
2023-11-27 21:00,11,21,Weekday,Fall,No,48.54,69.94,0.0
2023-11-27 22:00,11,22,Weekday,Fall,No,47.24,69.42,5.84
2023-11-27 23:00,11,23,Weekday,Fall,No,44.26,67.14,3.97
2023-11-28 00:00,11,0,Weekday,Fall,No,42.46,68.9,9.38
2023-11-28 01:00,11,1,Weekday,Fall,No,40.82,67.56,0.0
2023-11-28 02:00,11,2,Weekday,Fall,No,40.55,67.23,0.0
2023-11-28 03:00,11,3,Weekday,Fall,No,41.0,67.83,0.0
2023-11-28 04:00,11,4,Weekday,Fall,No,41.0,67.17,0.0
2023-11-28 05:00,11,5,Weekday,Fall,No,42.78,68.26,0.0
2023-11-28 06:00,11,6,Weekday,Fall,No,43.43,67.26,0.0
2023-11-28 07:00,11,7,Weekday,Fall,No,43.61,69.01,2.19
2023-11-28 08:00,11,8,Weekday,Fall,Yes,46.9,66.77,27.37
2023-11-28 09:00,11,9,Weekday,Fall,Yes,53.02,68.21,34.91
2023-11-28 10:00,11,10,Weekday,Fall,Yes,58.36,68.89,38.18
2023-11-28 11:00,11,11,Weekday,Fall,Yes,63.54,70.16,42.43
2023-11-28 12:00,11,12,Weekday,Fall,Yes,68.33,69.92,44.81
2023-11-28 13:00,11,13,Weekday,Fall,Yes,69.98,70.61,51.01
2023-11-28 14:00,11,14,Weekday,Fall,Yes,70.61,70.74,45.47
2023-11-28 15:00,11,15,Weekday,Fall,Yes,71.06,70.66,27.63
2023-11-28 16:00,11,16,Weekday,Fall,Yes,69.9,71.65,24.09
2023-11-28 17:00,11,17,Weekday,Fall,Yes,64.98,69.23,12.21
2023-11-28 18:00,11,18,Weekday,Fall,No,61.43,70.22,12.25
2023-11-28 19:00,11,19,Weekday,Fall,No,58.04,70.54,4.71
2023-11-28 20:00,11,20,Weekday,Fall,No,54.26,68.85,9.07
2023-11-28 21:00,11,21,Weekday,Fall,No,50.64,69.16,8.1
2023-11-28 22:00,11,22,Weekday,Fall,No,47.24,69.09,6.88
2023-11-28 23:00,11,23,Weekday,Fall,No,43.1,68.23,0.0
2023-11-29 00:00,11,0,Weekday,Fall,No,41.63,67.34,6.02
2023-11-29 01:00,11,1,Weekday,Fall,No,41.45,67.27,0.0
2023-11-29 02:00,11,2,Weekday,Fall,No,39.84,67.27,5.51
2023-11-29 03:00,11,3,Weekday,Fall,No,41.33,67.83,2.76
2023-11-29 04:00,11,4,Weekday,Fall,No,41.2,66.29,0.0
2023-11-29 05:00,11,5,Weekday,Fall,No,38.76,66.72,0.0
2023-11-29 06:00,11,6,Weekday,Fall,No,36.78,67.32,0.0
2023-11-29 07:00,11,7,Weekday,Fall,No,36.59,67.08,0.0
2023-11-29 08:00,11,8,Weekday,Fall,Yes,42.82,67.37,27.53
2023-11-29 09:00,11,9,Weekday,Fall,Yes,50.51,68.21,21.61
2023-11-29 10:00,11,10,Weekday,Fall,Yes,55.37,69.75,36.17
2023-11-29 11:00,11,11,Weekday,Fall,Yes,58.8,68.85,34.16
2023-11-29 12:00,11,12,Weekday,Fall,Yes,59.45,69.1,40.43
2023-11-29 13:00,11,13,Weekday,Fall,Yes,60.78,69.91,35.29
2023-11-29 14:00,11,14,Weekday,Fall,Yes,60.9,69.21,36.98
2023-11-29 15:00,11,15,Weekday,Fall,Yes,58.82,69.31,15.45
2023-11-29 16:00,11,16,Weekday,Fall,Yes,57.4,70.54,8.06
2023-11-29 17:00,11,17,Weekday,Fall,Yes,55.24,68.88,10.86
2023-11-29 18:00,11,18,Weekday,Fall,No,52.8,72.09,7.75
2023-11-29 19:00,11,19,Weekday,Fall,No,51.98,69.2,12.58
2023-11-29 20:00,11,20,Weekday,Fall,No,49.04,67.78,0.0
2023-11-29 21:00,11,21,Weekday,Fall,No,46.42,68.77,4.49
2023-11-29 22:00,11,22,Weekday,Fall,No,45.41,69.09,0.0
2023-11-29 23:00,11,23,Weekday,Fall,No,43.8,68.55,0.45
2023-11-30 00:00,11,0,Weekday,Fall,No,42.46,68.4,3.75
2023-11-30 01:00,11,1,Weekday,Fall,No,40.3,66.91,0.0
2023-11-30 02:00,11,2,Weekday,Fall,No,38.39,67.77,0.0
2023-11-30 03:00,11,3,Weekday,Fall,No,36.26,66.85,0.0
2023-11-30 04:00,11,4,Weekday,Fall,No,35.06,66.99,0.0
2023-11-30 05:00,11,5,Weekday,Fall,No,33.9,65.12,0.0
2023-11-30 06:00,11,6,Weekday,Fall,No,33.6,66.73,0.0
2023-11-30 07:00,11,7,Weekday,Fall,No,34.61,67.31,0.0
2023-11-30 08:00,11,8,Weekday,Fall,Yes,39.16,65.81,19.23
2023-11-30 09:00,11,9,Weekday,Fall,Yes,46.07,67.39,23.26
2023-11-30 10:00,11,10,Weekday,Fall,Yes,52.49,69.18,27.85
2023-11-30 11:00,11,11,Weekday,Fall,Yes,57.35,68.85,39.63
2023-11-30 12:00,11,12,Weekday,Fall,Yes,60.16,69.97,36.42
2023-11-30 13:00,11,13,Weekday,Fall,Yes,61.61,70.03,38.22
2023-11-30 14:00,11,14,Weekday,Fall,Yes,62.58,71.34,42.8
2023-11-30 15:00,11,15,Weekday,Fall,Yes,62.44,70.49,6.06
2023-11-30 16:00,11,16,Weekday,Fall,Yes,60.9,69.87,18.81
2023-11-30 17:00,11,17,Weekday,Fall,Yes,57.14,68.81,5.0
2023-11-30 18:00,11,18,Weekday,Fall,No,53.88,69.71,7.52
2023-11-30 19:00,11,19,Weekday,Fall,No,53.06,70.01,9.34
2023-11-30 20:00,11,20,Weekday,Fall,No,49.49,70.31,4.47
2023-11-30 21:00,11,21,Weekday,Fall,No,46.0,69.55,4.98
2023-11-30 22:00,11,22,Weekday,Fall,No,44.27,68.68,0.0
2023-11-30 23:00,11,23,Weekday,Fall,No,42.58,68.08,0.0
2023-12-01 00:00,12,0,Weekday,Winter,No,40.85,67.8,4.36
2023-12-01 01:00,12,1,Weekday,Winter,No,39.16,67.32,0.0
2023-12-01 02:00,12,2,Weekday,Winter,No,37.43,67.31,0.0
2023-12-01 03:00,12,3,Weekday,Winter,No,35.74,65.96,0.0
2023-12-01 04:00,12,4,Weekday,Winter,No,35.06,66.96,0.0
2023-12-01 05:00,12,5,Weekday,Winter,No,35.06,65.83,0.0
2023-12-01 06:00,12,6,Weekday,Winter,No,33.9,67.4,0.0
2023-12-01 07:00,12,7,Weekday,Winter,No,34.76,67.19,0.0
2023-12-01 08:00,12,8,Weekday,Winter,Yes,38.27,65.13,14.13
2023-12-01 09:00,12,9,Weekday,Winter,Yes,42.86,66.92,22.96
2023-12-01 10:00,12,10,Weekday,Winter,Yes,49.06,67.51,27.61
2023-12-01 11:00,12,11,Weekday,Winter,Yes,54.29,68.59,27.24
2023-12-01 12:00,12,12,Weekday,Winter,Yes,58.88,70.62,30.64
2023-12-01 13:00,12,13,Weekday,Winter,Yes,62.14,70.76,37.1
2023-12-01 14:00,12,14,Weekday,Winter,Yes,62.96,70.16,49.86
2023-12-01 15:00,12,15,Weekday,Winter,Yes,62.96,70.09,14.91
2023-12-01 16:00,12,16,Weekday,Winter,Yes,60.65,69.75,17.52
2023-12-01 17:00,12,17,Weekday,Winter,Yes,56.06,68.95,12.34
2023-12-01 18:00,12,18,Weekday,Winter,No,51.65,69.28,11.88
2023-12-01 19:00,12,19,Weekday,Winter,No,48.22,69.99,0.68
2023-12-01 20:00,12,20,Weekday,Winter,No,44.1,67.84,0.0
2023-12-01 21:00,12,21,Weekday,Winter,No,39.66,67.39,0.0
2023-12-01 22:00,12,22,Weekday,Winter,No,37.94,66.41,0.0
2023-12-01 23:00,12,23,Weekday,Winter,No,36.26,66.09,0.0
2023-12-02 00:00,12,0,Weekend,Winter,No,35.06,65.77,0.0
2023-12-02 01:00,12,1,Weekend,Winter,No,34.43,66.51,0.0
2023-12-02 02:00,12,2,Weekend,Winter,No,32.83,65.9,0.0
2023-12-02 03:00,12,3,Weekend,Winter,No,32.0,66.56,0.0
2023-12-02 04:00,12,4,Weekend,Winter,No,31.37,65.42,0.0
2023-12-02 05:00,12,5,Weekend,Winter,No,31.55,66.72,0.0
2023-12-02 06:00,12,6,Weekend,Winter,No,30.84,66.51,0.0
2023-12-02 07:00,12,7,Weekend,Winter,No,31.8,66.32,0.0
2023-12-02 08:00,12,8,Weekend,Winter,No,37.7,67.07,0.0
2023-12-02 09:00,12,9,Weekend,Winter,No,45.1,68.25,1.91
2023-12-02 10:00,12,10,Weekend,Winter,No,50.96,70.68,7.82
2023-12-02 11:00,12,11,Weekend,Winter,No,55.9,69.93,9.22
2023-12-02 12:00,12,12,Weekend,Winter,No,60.34,71.22,13.97
2023-12-02 13:00,12,13,Weekend,Winter,No,63.22,71.47,15.7
2023-12-02 14:00,12,14,Weekend,Winter,No,65.19,72.66,29.01
2023-12-02 15:00,12,15,Weekend,Winter,No,65.39,72.21,16.89
2023-12-02 16:00,12,16,Weekend,Winter,No,62.63,71.43,20.76
2023-12-02 17:00,12,17,Weekend,Winter,No,58.04,71.21,8.38
2023-12-02 18:00,12,18,Weekend,Winter,No,54.26,69.18,6.89
2023-12-02 19:00,12,19,Weekend,Winter,No,53.06,69.94,8.9
2023-12-02 20:00,12,20,Weekend,Winter,No,49.49,68.95,0.0
2023-12-02 21:00,12,21,Weekend,Winter,No,45.26,68.6,1.89
2023-12-02 22:00,12,22,Weekend,Winter,No,42.28,68.23,0.0
2023-12-02 23:00,12,23,Weekend,Winter,No,39.84,67.51,2.88
2023-12-03 00:00,12,0,Weekend,Winter,No,38.39,66.65,0.0
2023-12-03 01:00,12,1,Weekend,Winter,No,36.26,66.42,0.0
2023-12-03 02:00,12,2,Weekend,Winter,No,35.06,66.42,0.0
2023-12-03 03:00,12,3,Weekend,Winter,No,35.06,66.75,0.0
2023-12-03 04:00,12,4,Weekend,Winter,No,36.22,67.37,0.0
2023-12-03 05:00,12,5,Weekend,Winter,No,37.56,66.43,0.0
2023-12-03 06:00,12,6,Weekend,Winter,No,35.63,66.57,0.0
2023-12-03 07:00,12,7,Weekend,Winter,No,36.29,66.84,0.0
2023-12-03 08:00,12,8,Weekend,Winter,No,42.04,68.92,0.05
2023-12-03 09:00,12,9,Weekend,Winter,No,48.53,69.12,2.4
2023-12-03 10:00,12,10,Weekend,Winter,No,55.7,70.65,6.65
2023-12-03 11:00,12,11,Weekend,Winter,No,61.31,71.78,12.65
2023-12-03 12:00,12,12,Weekend,Winter,No,65.27,72.28,22.3
2023-12-03 13:00,12,13,Weekend,Winter,No,67.55,73.3,20.36
2023-12-03 14:00,12,14,Weekend,Winter,No,67.37,73.13,24.42
2023-12-03 15:00,12,15,Weekend,Winter,No,66.92,72.05,17.02
2023-12-03 16:00,12,16,Weekend,Winter,No,65.24,71.68,15.51
2023-12-03 17:00,12,17,Weekend,Winter,No,60.47,71.2,17.12
2023-12-03 18:00,12,18,Weekend,Winter,No,57.4,71.27,12.76
2023-12-03 19:00,12,19,Weekend,Winter,No,55.24,70.48,10.58
2023-12-03 20:00,12,20,Weekend,Winter,No,53.96,70.54,7.78
2023-12-03 21:00,12,21,Weekend,Winter,No,51.65,69.97,16.49
2023-12-03 22:00,12,22,Weekend,Winter,No,49.37,69.63,8.68
2023-12-03 23:00,12,23,Weekend,Winter,No,48.4,69.9,3.69
2023-12-04 00:00,12,0,Weekday,Winter,No,47.39,66.97,0.0
2023-12-04 01:00,12,1,Weekday,Winter,No,46.94,69.07,0.0
2023-12-04 02:00,12,2,Weekday,Winter,No,45.78,68.48,0.0
2023-12-04 03:00,12,3,Weekday,Winter,No,43.8,68.02,4.49
2023-12-04 04:00,12,4,Weekday,Winter,No,44.76,67.63,0.0
2023-12-04 05:00,12,5,Weekday,Winter,No,47.2,69.02,0.0
2023-12-04 06:00,12,6,Weekday,Winter,No,49.18,70.18,0.0
2023-12-04 07:00,12,7,Weekday,Winter,No,49.37,69.66,0.0
2023-12-04 08:00,12,8,Weekday,Winter,Yes,50.18,67.1,23.7
2023-12-04 09:00,12,9,Weekday,Winter,Yes,48.66,66.59,23.52
2023-12-04 10:00,12,10,Weekday,Winter,Yes,46.42,67.35,27.89
2023-12-04 11:00,12,11,Weekday,Winter,Yes,46.04,67.21,22.73
2023-12-04 12:00,12,12,Weekday,Winter,Yes,46.04,68.41,13.9
2023-12-04 13:00,12,13,Weekday,Winter,Yes,47.72,68.01,21.25
2023-12-04 14:00,12,14,Weekday,Winter,Yes,48.92,68.35,25.59
2023-12-04 15:00,12,15,Weekday,Winter,Yes,47.24,68.16,6.06
2023-12-04 16:00,12,16,Weekday,Winter,Yes,45.41,67.77,3.37
2023-12-04 17:00,12,17,Weekday,Winter,Yes,44.44,67.51,3.26
2023-12-04 18:00,12,18,Weekday,Winter,No,44.58,69.69,0.0
2023-12-04 19:00,12,19,Weekday,Winter,No,45.59,69.33,3.24
2023-12-04 20:00,12,20,Weekday,Winter,No,46.04,68.93,14.46
2023-12-04 21:00,12,21,Weekday,Winter,No,46.56,68.78,0.22
2023-12-04 22:00,12,22,Weekday,Winter,No,45.78,69.66,0.0
2023-12-04 23:00,12,23,Weekday,Winter,No,44.44,67.87,3.37
2023-12-05 00:00,12,0,Weekday,Winter,No,42.9,68.42,0.0
2023-12-05 01:00,12,1,Weekday,Winter,No,42.08,68.3,1.5
2023-12-05 02:00,12,2,Weekday,Winter,No,41.45,66.92,1.15
2023-12-05 03:00,12,3,Weekday,Winter,No,41.0,67.4,4.6
2023-12-05 04:00,12,4,Weekday,Winter,No,40.37,68.79,0.0
2023-12-05 05:00,12,5,Weekday,Winter,No,39.92,67.47,1.42
2023-12-05 06:00,12,6,Weekday,Winter,No,40.55,68.5,0.0
2023-12-05 07:00,12,7,Weekday,Winter,No,42.78,68.51,0.0
2023-12-05 08:00,12,8,Weekday,Winter,Yes,44.58,66.09,25.8
2023-12-05 09:00,12,9,Weekday,Winter,Yes,47.27,66.82,26.75
2023-12-05 10:00,12,10,Weekday,Winter,Yes,50.18,68.56,33.64
2023-12-05 11:00,12,11,Weekday,Winter,Yes,52.24,67.27,32.21
2023-12-05 12:00,12,12,Weekday,Winter,Yes,53.58,68.62,38.19
2023-12-05 13:00,12,13,Weekday,Winter,Yes,54.59,69.35,43.54
2023-12-05 14:00,12,14,Weekday,Winter,Yes,55.57,69.31,41.28
2023-12-05 15:00,12,15,Weekday,Winter,Yes,55.94,69.59,15.16
2023-12-05 16:00,12,16,Weekday,Winter,Yes,55.42,69.23,11.45
2023-12-05 17:00,12,17,Weekday,Winter,Yes,53.88,69.38,3.9
2023-12-05 18:00,12,18,Weekday,Winter,No,53.58,70.73,9.96
2023-12-05 19:00,12,19,Weekday,Winter,No,53.43,70.06,5.75
2023-12-05 20:00,12,20,Weekday,Winter,No,53.06,71.04,12.54
2023-12-05 21:00,12,21,Weekday,Winter,No,53.58,71.39,9.36
2023-12-05 22:00,12,22,Weekday,Winter,No,52.8,68.4,6.45
2023-12-05 23:00,12,23,Weekday,Winter,No,49.04,69.9,8.71
2023-12-06 00:00,12,0,Weekday,Winter,No,44.1,68.09,7.17
2023-12-06 01:00,12,1,Weekday,Winter,No,41.45,67.84,0.0
2023-12-06 02:00,12,2,Weekday,Winter,No,41.63,68.08,0.0
2023-12-06 03:00,12,3,Weekday,Winter,No,42.08,67.54,0.0
2023-12-06 04:00,12,4,Weekday,Winter,No,40.82,68.02,0.0
2023-12-06 05:00,12,5,Weekday,Winter,No,40.55,67.61,0.0
2023-12-06 06:00,12,6,Weekday,Winter,No,41.63,67.31,0.0
2023-12-06 07:00,12,7,Weekday,Winter,No,42.6,67.71,0.0
2023-12-06 08:00,12,8,Weekday,Winter,Yes,42.98,66.44,23.12
2023-12-06 09:00,12,9,Weekday,Winter,Yes,44.76,66.05,20.08
2023-12-06 10:00,12,10,Weekday,Winter,Yes,46.04,66.93,22.45
2023-12-06 11:00,12,11,Weekday,Winter,Yes,46.56,67.89,30.0
2023-12-06 12:00,12,12,Weekday,Winter,Yes,47.57,67.48,18.9
2023-12-06 13:00,12,13,Weekday,Winter,Yes,48.54,67.93,28.83
2023-12-06 14:00,12,14,Weekday,Winter,Yes,49.55,67.77,14.5
2023-12-06 15:00,12,15,Weekday,Winter,Yes,50.0,69.26,5.99
2023-12-06 16:00,12,16,Weekday,Winter,Yes,50.0,68.54,14.36
2023-12-06 17:00,12,17,Weekday,Winter,Yes,49.37,68.31,0.71
2023-12-06 18:00,12,18,Weekday,Winter,No,47.76,69.19,11.3
2023-12-06 19:00,12,19,Weekday,Winter,No,45.78,67.11,0.0
2023-12-06 20:00,12,20,Weekday,Winter,No,44.44,67.68,3.35
2023-12-06 21:00,12,21,Weekday,Winter,No,43.43,68.35,5.14
2023-12-06 22:00,12,22,Weekday,Winter,No,42.46,67.29,0.0
2023-12-06 23:00,12,23,Weekday,Winter,No,41.45,67.72,0.0
2023-12-07 00:00,12,0,Weekday,Winter,No,41.0,67.81,0.0
2023-12-07 01:00,12,1,Weekday,Winter,No,39.84,68.05,0.76
2023-12-07 02:00,12,2,Weekday,Winter,No,37.86,67.38,0.0
2023-12-07 03:00,12,3,Weekday,Winter,No,37.04,68.57,0.0
2023-12-07 04:00,12,4,Weekday,Winter,No,37.04,68.38,0.0
2023-12-07 05:00,12,5,Weekday,Winter,No,36.41,67.61,0.0
2023-12-07 06:00,12,6,Weekday,Winter,No,35.96,68.88,0.0
2023-12-07 07:00,12,7,Weekday,Winter,No,37.12,66.42,0.0
2023-12-07 08:00,12,8,Weekday,Winter,Yes,39.72,66.55,13.25
2023-12-07 09:00,12,9,Weekday,Winter,Yes,43.31,66.56,24.91
2023-12-07 10:00,12,10,Weekday,Winter,Yes,49.68,67.41,33.26
2023-12-07 11:00,12,11,Weekday,Winter,Yes,54.22,67.47,34.25
2023-12-07 12:00,12,12,Weekday,Winter,Yes,55.57,69.61,33.18
2023-12-07 13:00,12,13,Weekday,Winter,Yes,56.57,69.18,33.7
2023-12-07 14:00,12,14,Weekday,Winter,Yes,57.02,68.1,34.91
2023-12-07 15:00,12,15,Weekday,Winter,Yes,57.02,69.49,9.76
2023-12-07 16:00,12,16,Weekday,Winter,Yes,55.86,69.26,7.88
2023-12-07 17:00,12,17,Weekday,Winter,Yes,53.88,68.61,11.54
2023-12-07 18:00,12,18,Weekday,Winter,No,51.9,70.17,7.68
2023-12-07 19:00,12,19,Weekday,Winter,No,49.82,68.93,6.75
2023-12-07 20:00,12,20,Weekday,Winter,No,47.24,69.56,9.32
2023-12-07 21:00,12,21,Weekday,Winter,No,44.89,67.54,9.14
2023-12-07 22:00,12,22,Weekday,Winter,No,43.43,67.5,0.0
2023-12-07 23:00,12,23,Weekday,Winter,No,41.82,67.83,2.06
2023-12-08 00:00,12,0,Weekday,Winter,No,41.0,66.57,0.0
2023-12-08 01:00,12,1,Weekday,Winter,No,40.37,67.35,3.37
2023-12-08 02:00,12,2,Weekday,Winter,No,39.4,67.76,0.0
2023-12-08 03:00,12,3,Weekday,Winter,No,38.39,67.5,0.0
2023-12-08 04:00,12,4,Weekday,Winter,No,37.94,67.45,2.89
2023-12-08 05:00,12,5,Weekday,Winter,No,37.94,67.44,0.76
2023-12-08 06:00,12,6,Weekday,Winter,No,37.94,66.84,0.0
2023-12-08 07:00,12,7,Weekday,Winter,No,39.1,67.83,0.0
2023-12-08 08:00,12,8,Weekday,Winter,Yes,42.86,67.67,24.05
2023-12-08 09:00,12,9,Weekday,Winter,Yes,47.27,67.44,27.96
2023-12-08 10:00,12,10,Weekday,Winter,Yes,50.7,68.71,29.89
2023-12-08 11:00,12,11,Weekday,Winter,Yes,53.76,68.99,31.73
2023-12-08 12:00,12,12,Weekday,Winter,Yes,56.72,69.93,36.88
2023-12-08 13:00,12,13,Weekday,Winter,Yes,58.55,70.01,41.52
2023-12-08 14:00,12,14,Weekday,Winter,Yes,59.0,69.4,38.22
2023-12-08 15:00,12,15,Weekday,Winter,Yes,59.63,68.97,5.12
2023-12-08 16:00,12,16,Weekday,Winter,Yes,58.82,69.93,13.38
2023-12-08 17:00,12,17,Weekday,Winter,Yes,56.76,67.75,11.61
2023-12-08 18:00,12,18,Weekday,Winter,No,54.26,71.11,3.03
2023-12-08 19:00,12,19,Weekday,Winter,No,52.43,69.96,0.02
2023-12-08 20:00,12,20,Weekday,Winter,No,49.67,69.27,6.87
2023-12-08 21:00,12,21,Weekday,Winter,No,46.86,68.77,0.76
2023-12-08 22:00,12,22,Weekday,Winter,No,46.04,67.33,0.0
2023-12-08 23:00,12,23,Weekday,Winter,No,44.89,68.51,1.33
2023-12-09 00:00,12,0,Weekend,Winter,No,43.43,68.49,1.35
2023-12-09 01:00,12,1,Weekend,Winter,No,42.46,68.11,0.0
2023-12-09 02:00,12,2,Weekend,Winter,No,41.45,68.13,0.0
2023-12-09 03:00,12,3,Weekend,Winter,No,41.0,67.13,0.0
2023-12-09 04:00,12,4,Weekend,Winter,No,39.84,68.71,0.0
2023-12-09 05:00,12,5,Weekend,Winter,No,39.02,67.71,2.63
2023-12-09 06:00,12,6,Weekend,Winter,No,39.02,66.05,2.41
2023-12-09 07:00,12,7,Weekend,Winter,No,39.54,67.28,0.0
2023-12-09 08:00,12,8,Weekend,Winter,No,41.7,67.84,0.0
2023-12-09 09:00,12,9,Weekend,Winter,No,45.92,69.16,0.0
2023-12-09 10:00,12,10,Weekend,Winter,No,50.96,68.11,4.61
2023-12-09 11:00,12,11,Weekend,Winter,No,55.37,70.31,13.62
2023-12-09 12:00,12,12,Weekend,Winter,No,58.18,69.51,8.27
2023-12-09 13:00,12,13,Weekend,Winter,No,60.16,71.35,9.19
2023-12-09 14:00,12,14,Weekend,Winter,No,61.61,70.73,15.2
2023-12-09 15:00,12,15,Weekend,Winter,No,62.58,71.74,23.82
2023-12-09 16:00,12,16,Weekend,Winter,No,61.28,72.23,13.25
2023-12-09 17:00,12,17,Weekend,Winter,No,57.66,70.59,5.88
2023-12-09 18:00,12,18,Weekend,Winter,No,54.26,70.55,0.88
2023-12-09 19:00,12,19,Weekend,Winter,No,51.9,69.56,8.16
2023-12-09 20:00,12,20,Weekend,Winter,No,51.08,70.25,0.0
2023-12-09 21:00,12,21,Weekend,Winter,No,49.82,69.98,3.92
2023-12-09 22:00,12,22,Weekend,Winter,No,47.24,69.16,1.8
2023-12-09 23:00,12,23,Weekend,Winter,No,46.04,68.54,4.15
2023-12-10 00:00,12,0,Weekend,Winter,No,44.26,67.36,0.0
2023-12-10 01:00,12,1,Weekend,Winter,No,42.46,66.88,0.0
2023-12-10 02:00,12,2,Weekend,Winter,No,42.6,68.19,0.0
2023-12-10 03:00,12,3,Weekend,Winter,No,42.46,68.67,0.0
2023-12-10 04:00,12,4,Weekend,Winter,No,42.08,68.5,4.41
2023-12-10 05:00,12,5,Weekend,Winter,No,42.08,69.52,1.53
2023-12-10 06:00,12,6,Weekend,Winter,No,42.6,69.96,0.0
2023-12-10 07:00,12,7,Weekend,Winter,No,42.98,68.62,1.32
2023-12-10 08:00,12,8,Weekend,Winter,No,44.14,68.48,3.11
2023-12-10 09:00,12,9,Weekend,Winter,No,49.06,69.65,3.28
2023-12-10 10:00,12,10,Weekend,Winter,No,55.44,71.85,10.66
2023-12-10 11:00,12,11,Weekend,Winter,No,63.17,71.0,18.18
2023-12-10 12:00,12,12,Weekend,Winter,No,68.18,73.58,22.84
2023-12-10 13:00,12,13,Weekend,Winter,No,72.54,73.73,34.03
2023-12-10 14:00,12,14,Weekend,Winter,No,75.54,73.77,22.38
2023-12-10 15:00,12,15,Weekend,Winter,No,74.24,74.09,28.29
2023-12-10 16:00,12,16,Weekend,Winter,No,71.88,72.94,21.28
2023-12-10 17:00,12,17,Weekend,Winter,No,68.12,72.94,25.04
2023-12-10 18:00,12,18,Weekend,Winter,No,63.71,71.46,14.67
2023-12-10 19:00,12,19,Weekend,Winter,No,60.9,70.72,17.33
2023-12-10 20:00,12,20,Weekend,Winter,No,60.08,72.03,15.04
2023-12-10 21:00,12,21,Weekend,Winter,No,60.6,71.45,17.2
2023-12-10 22:00,12,22,Weekend,Winter,No,61.61,71.89,17.25
2023-12-10 23:00,12,23,Weekend,Winter,No,60.28,70.78,11.51
2023-12-11 00:00,12,0,Weekday,Winter,No,60.78,70.54,13.47
2023-12-11 01:00,12,1,Weekday,Winter,No,61.43,70.5,15.82
2023-12-11 02:00,12,2,Weekday,Winter,No,59.82,73.04,19.35
2023-12-11 03:00,12,3,Weekday,Winter,No,58.37,70.43,12.66
2023-12-11 04:00,12,4,Weekday,Winter,No,56.76,69.54,4.05
2023-12-11 05:00,12,5,Weekday,Winter,No,53.63,71.08,9.18
2023-12-11 06:00,12,6,Weekday,Winter,No,50.82,70.4,5.58
2023-12-11 07:00,12,7,Weekday,Winter,No,50.0,68.47,11.07
2023-12-11 08:00,12,8,Weekday,Winter,Yes,53.46,68.73,26.93
2023-12-11 09:00,12,9,Weekday,Winter,Yes,59.51,69.28,37.32
2023-12-11 10:00,12,10,Weekday,Winter,Yes,64.9,70.36,43.72
2023-12-11 11:00,12,11,Weekday,Winter,Yes,69.34,71.21,45.48
2023-12-11 12:00,12,12,Weekday,Winter,Yes,72.74,72.06,52.75
2023-12-11 13:00,12,13,Weekday,Winter,Yes,75.72,72.63,52.46
2023-12-11 14:00,12,14,Weekday,Winter,Yes,77.63,73.79,54.31
2023-12-11 15:00,12,15,Weekday,Winter,Yes,78.6,73.03,33.55
2023-12-11 16:00,12,16,Weekday,Winter,Yes,77.82,73.76,26.62
2023-12-11 17:00,12,17,Weekday,Winter,Yes,71.75,72.02,18.86
2023-12-11 18:00,12,18,Weekday,Winter,No,65.69,72.86,22.69
2023-12-11 19:00,12,19,Weekday,Winter,No,61.1,71.53,18.17
2023-12-11 20:00,12,20,Weekday,Winter,No,57.22,70.58,17.66
2023-12-11 21:00,12,21,Weekday,Winter,No,54.26,70.36,6.6
2023-12-11 22:00,12,22,Weekday,Winter,No,51.9,70.34,0.61
2023-12-11 23:00,12,23,Weekday,Winter,No,51.08,69.63,8.7
2023-12-12 00:00,12,0,Weekday,Winter,No,50.45,69.37,15.76
2023-12-12 01:00,12,1,Weekday,Winter,No,50.0,69.16,6.57
2023-12-12 02:00,12,2,Weekday,Winter,No,50.0,69.04,8.76
2023-12-12 03:00,12,3,Weekday,Winter,No,49.37,69.26,0.0
2023-12-12 04:00,12,4,Weekday,Winter,No,48.4,69.33,0.0
2023-12-12 05:00,12,5,Weekday,Winter,No,48.02,69.68,8.15
2023-12-12 06:00,12,6,Weekday,Winter,No,47.39,69.18,0.0
2023-12-12 07:00,12,7,Weekday,Winter,No,48.1,69.01,5.48
2023-12-12 08:00,12,8,Weekday,Winter,Yes,52.49,67.01,33.28
2023-12-12 09:00,12,9,Weekday,Winter,Yes,59.66,70.56,38.07
2023-12-12 10:00,12,10,Weekday,Winter,Yes,66.53,70.75,44.12
2023-12-12 11:00,12,11,Weekday,Winter,Yes,70.76,71.07,42.5
2023-12-12 12:00,12,12,Weekday,Winter,Yes,74.27,73.25,45.06
2023-12-12 13:00,12,13,Weekday,Winter,Yes,76.55,71.19,57.38
2023-12-12 14:00,12,14,Weekday,Winter,Yes,78.16,73.75,55.92
2023-12-12 15:00,12,15,Weekday,Winter,Yes,78.46,74.77,30.5
2023-12-12 16:00,12,16,Weekday,Winter,Yes,76.82,72.83,30.91
2023-12-12 17:00,12,17,Weekday,Winter,Yes,73.08,70.31,28.9
2023-12-12 18:00,12,18,Weekday,Winter,No,68.12,74.58,13.41
2023-12-12 19:00,12,19,Weekday,Winter,No,62.55,70.98,13.0
2023-12-12 20:00,12,20,Weekday,Winter,No,56.51,71.6,5.86
2023-12-12 21:00,12,21,Weekday,Winter,No,52.8,70.39,8.92
2023-12-12 22:00,12,22,Weekday,Winter,No,52.61,70.23,15.49
2023-12-12 23:00,12,23,Weekday,Winter,No,53.58,71.36,3.46
2023-12-13 00:00,12,0,Weekday,Winter,No,52.28,69.76,8.17
2023-12-13 01:00,12,1,Weekday,Winter,No,51.6,69.11,4.9
2023-12-13 02:00,12,2,Weekday,Winter,No,52.61,68.99,6.63
2023-12-13 03:00,12,3,Weekday,Winter,No,50.64,68.82,8.26
2023-12-13 04:00,12,4,Weekday,Winter,No,49.55,70.76,8.02
2023-12-13 05:00,12,5,Weekday,Winter,No,49.37,70.22,1.43
2023-12-13 06:00,12,6,Weekday,Winter,No,47.76,68.96,1.59
2023-12-13 07:00,12,7,Weekday,Winter,No,47.57,69.74,0.59
2023-12-13 08:00,12,8,Weekday,Winter,Yes,51.48,68.07,23.9
2023-12-13 09:00,12,9,Weekday,Winter,Yes,57.53,70.02,37.1
2023-12-13 10:00,12,10,Weekday,Winter,Yes,62.92,70.06,38.87
2023-12-13 11:00,12,11,Weekday,Winter,Yes,67.88,71.87,38.47
2023-12-13 12:00,12,12,Weekday,Winter,Yes,71.76,72.41,44.74
2023-12-13 13:00,12,13,Weekday,Winter,Yes,74.72,71.84,52.64
2023-12-13 14:00,12,14,Weekday,Winter,Yes,76.55,72.11,55.72
2023-12-13 15:00,12,15,Weekday,Winter,Yes,76.37,72.33,28.42
2023-12-13 16:00,12,16,Weekday,Winter,Yes,74.24,72.21,25.8
2023-12-13 17:00,12,17,Weekday,Winter,Yes,70.73,71.49,14.78
2023-12-13 18:00,12,18,Weekday,Winter,No,66.14,71.44,19.7
2023-12-13 19:00,12,19,Weekday,Winter,No,61.73,71.15,17.96
2023-12-13 20:00,12,20,Weekday,Winter,No,58.82,71.69,21.79
2023-12-13 21:00,12,21,Weekday,Winter,No,57.4,71.66,9.2
2023-12-13 22:00,12,22,Weekday,Winter,No,59.33,69.75,13.4
2023-12-13 23:00,12,23,Weekday,Winter,No,60.46,70.84,17.74
2023-12-14 00:00,12,0,Weekday,Winter,No,60.08,71.72,14.23
2023-12-14 01:00,12,1,Weekday,Winter,No,58.3,69.7,16.6
2023-12-14 02:00,12,2,Weekday,Winter,No,57.02,70.35,13.2
2023-12-14 03:00,12,3,Weekday,Winter,No,55.86,70.89,8.58
2023-12-14 04:00,12,4,Weekday,Winter,No,55.04,69.67,11.31
2023-12-14 05:00,12,5,Weekday,Winter,No,54.41,69.36,12.77
2023-12-14 06:00,12,6,Weekday,Winter,No,52.28,69.65,12.35
2023-12-14 07:00,12,7,Weekday,Winter,No,51.6,69.58,0.0
2023-12-14 08:00,12,8,Weekday,Winter,Yes,54.92,69.46,31.64
2023-12-14 09:00,12,9,Weekday,Winter,Yes,58.18,69.01,41.03
2023-12-14 10:00,12,10,Weekday,Winter,Yes,59.63,69.93,33.61
2023-12-14 11:00,12,11,Weekday,Winter,Yes,61.76,69.4,33.71
2023-12-14 12:00,12,12,Weekday,Winter,Yes,63.59,70.49,42.11
2023-12-14 13:00,12,13,Weekday,Winter,Yes,65.19,70.04,37.57
2023-12-14 14:00,12,14,Weekday,Winter,Yes,66.02,71.73,41.95
2023-12-14 15:00,12,15,Weekday,Winter,Yes,65.39,71.13,16.85
2023-12-14 16:00,12,16,Weekday,Winter,Yes,64.41,70.73,14.35
2023-12-14 17:00,12,17,Weekday,Winter,Yes,62.26,69.87,12.22
2023-12-14 18:00,12,18,Weekday,Winter,No,59.2,71.95,15.39
2023-12-14 19:00,12,19,Weekday,Winter,No,57.4,71.63,3.74
2023-12-14 20:00,12,20,Weekday,Winter,No,55.86,69.81,10.74
2023-12-14 21:00,12,21,Weekday,Winter,No,55.04,70.47,13.39
2023-12-14 22:00,12,22,Weekday,Winter,No,53.88,70.59,5.22
2023-12-14 23:00,12,23,Weekday,Winter,No,53.58,69.79,0.88
2023-12-15 00:00,12,0,Weekday,Winter,No,53.96,70.7,12.09
2023-12-15 01:00,12,1,Weekday,Winter,No,52.8,68.76,9.37
2023-12-15 02:00,12,2,Weekday,Winter,No,51.98,69.96,8.63
2023-12-15 03:00,12,3,Weekday,Winter,No,50.82,70.83,4.59
2023-12-15 04:00,12,4,Weekday,Winter,No,50.0,69.56,4.25
2023-12-15 05:00,12,5,Weekday,Winter,No,48.84,70.0,0.0
2023-12-15 06:00,12,6,Weekday,Winter,No,47.39,69.86,7.43
2023-12-15 07:00,12,7,Weekday,Winter,No,46.94,68.1,0.0
2023-12-15 08:00,12,8,Weekday,Winter,Yes,49.88,66.93,26.89
2023-12-15 09:00,12,9,Weekday,Winter,Yes,54.92,69.69,33.99
2023-12-15 10:00,12,10,Weekday,Winter,Yes,57.02,69.49,26.79
2023-12-15 11:00,12,11,Weekday,Winter,Yes,59.96,68.89,38.43
2023-12-15 12:00,12,12,Weekday,Winter,Yes,63.74,70.21,39.04
2023-12-15 13:00,12,13,Weekday,Winter,Yes,65.57,70.3,42.13
2023-12-15 14:00,12,14,Weekday,Winter,Yes,66.54,70.19,43.47
2023-12-15 15:00,12,15,Weekday,Winter,Yes,66.92,72.09,28.71
2023-12-15 16:00,12,16,Weekday,Winter,Yes,65.24,71.48,15.66
2023-12-15 17:00,12,17,Weekday,Winter,Yes,61.73,69.71,22.91
2023-12-15 18:00,12,18,Weekday,Winter,No,58.3,70.91,15.43
2023-12-15 19:00,12,19,Weekday,Winter,No,54.08,69.55,8.94
2023-12-15 20:00,12,20,Weekday,Winter,No,50.82,70.33,7.05
2023-12-15 21:00,12,21,Weekday,Winter,No,48.84,69.93,3.15
2023-12-15 22:00,12,22,Weekday,Winter,No,48.02,69.31,5.19
2023-12-15 23:00,12,23,Weekday,Winter,No,45.71,69.93,5.14
2023-12-16 00:00,12,0,Weekend,Winter,No,42.9,68.4,0.0
2023-12-16 01:00,12,1,Weekend,Winter,No,42.08,67.98,6.65
2023-12-16 02:00,12,2,Weekend,Winter,No,40.82,68.23,0.0
2023-12-16 03:00,12,3,Weekend,Winter,No,38.24,66.8,0.0
2023-12-16 04:00,12,4,Weekend,Winter,No,37.04,67.53,0.0
2023-12-16 05:00,12,5,Weekend,Winter,No,37.56,68.07,0.0
2023-12-16 06:00,12,6,Weekend,Winter,No,37.42,68.05,0.0
2023-12-16 07:00,12,7,Weekend,Winter,No,37.04,67.1,0.0
2023-12-16 08:00,12,8,Weekend,Winter,No,42.29,67.65,2.88
2023-12-16 09:00,12,9,Weekend,Winter,No,48.98,69.08,6.68
2023-12-16 10:00,12,10,Weekend,Winter,No,52.76,71.2,10.28
2023-12-16 11:00,12,11,Weekend,Winter,No,58.06,71.76,12.51
2023-12-16 12:00,12,12,Weekend,Winter,No,60.98,70.13,5.7
2023-12-16 13:00,12,13,Weekend,Winter,No,62.14,71.15,15.83
2023-12-16 14:00,12,14,Weekend,Winter,No,64.11,70.39,13.23
2023-12-16 15:00,12,15,Weekend,Winter,No,64.41,72.3,26.65
2023-12-16 16:00,12,16,Weekend,Winter,No,62.26,71.32,16.87
2023-12-16 17:00,12,17,Weekend,Winter,No,59.82,71.49,19.21
2023-12-16 18:00,12,18,Weekend,Winter,No,57.85,70.79,15.62
2023-12-16 19:00,12,19,Weekend,Winter,No,55.86,70.58,13.94
2023-12-16 20:00,12,20,Weekend,Winter,No,54.41,69.28,10.01
2023-12-16 21:00,12,21,Weekend,Winter,No,54.59,69.87,6.21
2023-12-16 22:00,12,22,Weekend,Winter,No,55.04,69.09,11.73
2023-12-16 23:00,12,23,Weekend,Winter,No,54.41,70.48,12.3
2023-12-17 00:00,12,0,Weekend,Winter,No,53.96,71.27,16.76
2023-12-17 01:00,12,1,Weekend,Winter,No,53.43,69.89,13.43
2023-12-17 02:00,12,2,Weekend,Winter,No,52.43,70.66,2.13
2023-12-17 03:00,12,3,Weekend,Winter,No,51.46,70.09,8.76
2023-12-17 04:00,12,4,Weekend,Winter,No,51.6,70.01,3.79
2023-12-17 05:00,12,5,Weekend,Winter,No,51.46,69.92,14.64
2023-12-17 06:00,12,6,Weekend,Winter,No,50.45,70.06,0.71
2023-12-17 07:00,12,7,Weekend,Winter,No,50.63,70.34,12.68
2023-12-17 08:00,12,8,Weekend,Winter,No,52.76,69.96,9.6
2023-12-17 09:00,12,9,Weekend,Winter,No,55.12,68.97,10.57
2023-12-17 10:00,12,10,Weekend,Winter,No,56.57,69.74,9.2
2023-12-17 11:00,12,11,Weekend,Winter,No,58.18,70.22,13.53
2023-12-17 12:00,12,12,Weekend,Winter,No,60.16,71.6,7.51
2023-12-17 13:00,12,13,Weekend,Winter,No,61.61,71.93,19.83
2023-12-17 14:00,12,14,Weekend,Winter,No,62.06,70.92,17.33
2023-12-17 15:00,12,15,Weekend,Winter,No,62.58,73.17,18.57
2023-12-17 16:00,12,16,Weekend,Winter,No,61.8,70.24,12.89
2023-12-17 17:00,12,17,Weekend,Winter,No,59.2,71.16,14.71
2023-12-17 18:00,12,18,Weekend,Winter,No,56.24,70.42,10.53
2023-12-17 19:00,12,19,Weekend,Winter,No,55.04,70.07,11.42
2023-12-17 20:00,12,20,Weekend,Winter,No,52.1,69.59,9.01
2023-12-17 21:00,12,21,Weekend,Winter,No,49.37,69.64,8.98
2023-12-17 22:00,12,22,Weekend,Winter,No,48.92,69.56,11.39
2023-12-17 23:00,12,23,Weekend,Winter,No,48.4,68.36,3.08
2023-12-18 00:00,12,0,Weekday,Winter,No,48.02,69.61,1.95
2023-12-18 01:00,12,1,Weekday,Winter,No,44.56,69.88,0.0
2023-12-18 02:00,12,2,Weekday,Winter,No,43.24,67.56,1.02
2023-12-18 03:00,12,3,Weekday,Winter,No,42.28,68.91,0.0
2023-12-18 04:00,12,4,Weekday,Winter,No,40.37,66.18,0.0
2023-12-18 05:00,12,5,Weekday,Winter,No,40.55,68.09,0.0
2023-12-18 06:00,12,6,Weekday,Winter,No,42.16,69.42,0.0
2023-12-18 07:00,12,7,Weekday,Winter,No,45.29,67.42,1.06
2023-12-18 08:00,12,8,Weekday,Winter,Yes,50.51,68.51,23.86
2023-12-18 09:00,12,9,Weekday,Winter,Yes,54.74,68.34,38.57
2023-12-18 10:00,12,10,Weekday,Winter,Yes,57.1,70.09,30.83
2023-12-18 11:00,12,11,Weekday,Winter,Yes,60.34,69.64,37.72
2023-12-18 12:00,12,12,Weekday,Winter,Yes,63.22,69.99,35.7
2023-12-18 13:00,12,13,Weekday,Winter,Yes,64.56,69.19,42.8
2023-12-18 14:00,12,14,Weekday,Winter,Yes,66.1,70.25,39.27
2023-12-18 15:00,12,15,Weekday,Winter,Yes,66.92,70.74,26.48
2023-12-18 16:00,12,16,Weekday,Winter,Yes,65.76,70.45,21.01
2023-12-18 17:00,12,17,Weekday,Winter,Yes,62.1,69.57,17.57
2023-12-18 18:00,12,18,Weekday,Winter,No,57.66,69.05,13.4
2023-12-18 19:00,12,19,Weekday,Winter,No,57.72,70.0,6.02
2023-12-18 20:00,12,20,Weekday,Winter,No,57.85,71.32,6.57
2023-12-18 21:00,12,21,Weekday,Winter,No,56.39,70.24,17.07
2023-12-18 22:00,12,22,Weekday,Winter,No,55.42,69.29,10.1
2023-12-18 23:00,12,23,Weekday,Winter,No,55.57,69.04,9.02
2023-12-19 00:00,12,0,Weekday,Winter,No,55.42,70.08,19.7
2023-12-19 01:00,12,1,Weekday,Winter,No,53.26,71.51,13.88
2023-12-19 02:00,12,2,Weekday,Winter,No,48.52,69.24,0.0
2023-12-19 03:00,12,3,Weekday,Winter,No,45.41,69.75,5.0
2023-12-19 04:00,12,4,Weekday,Winter,No,45.59,68.69,0.0
2023-12-19 05:00,12,5,Weekday,Winter,No,47.2,68.46,4.17
2023-12-19 06:00,12,6,Weekday,Winter,No,47.39,68.16,0.0
2023-12-19 07:00,12,7,Weekday,Winter,No,48.1,68.98,3.63
2023-12-19 08:00,12,8,Weekday,Winter,Yes,50.7,67.16,30.31
2023-12-19 09:00,12,9,Weekday,Winter,Yes,55.44,68.22,30.18
2023-12-19 10:00,12,10,Weekday,Winter,Yes,60.86,70.56,36.56
2023-12-19 11:00,12,11,Weekday,Winter,Yes,64.11,69.94,38.49
2023-12-19 12:00,12,12,Weekday,Winter,Yes,66.72,70.52,39.84
2023-12-19 13:00,12,13,Weekday,Winter,Yes,69.16,71.09,43.98
2023-12-19 14:00,12,14,Weekday,Winter,Yes,70.61,71.69,39.04
2023-12-19 15:00,12,15,Weekday,Winter,Yes,70.43,70.95,27.36
2023-12-19 16:00,12,16,Weekday,Winter,Yes,68.82,71.03,30.48
2023-12-19 17:00,12,17,Weekday,Winter,Yes,65.69,71.38,17.6
2023-12-19 18:00,12,18,Weekday,Winter,No,62.26,71.77,14.08
2023-12-19 19:00,12,19,Weekday,Winter,No,59.2,69.63,12.17
2023-12-19 20:00,12,20,Weekday,Winter,No,56.76,70.91,16.54
2023-12-19 21:00,12,21,Weekday,Winter,No,56.57,70.41,10.55
2023-12-19 22:00,12,22,Weekday,Winter,No,57.02,71.93,6.91
2023-12-19 23:00,12,23,Weekday,Winter,No,52.92,71.09,7.83
2023-12-20 00:00,12,0,Weekday,Winter,No,50.63,68.94,0.3
2023-12-20 01:00,12,1,Weekday,Winter,No,50.45,69.15,6.79
2023-12-20 02:00,12,2,Weekday,Winter,No,50.0,69.72,5.9
2023-12-20 03:00,12,3,Weekday,Winter,No,48.22,69.97,4.68
2023-12-20 04:00,12,4,Weekday,Winter,No,45.78,69.42,0.5
2023-12-20 05:00,12,5,Weekday,Winter,No,46.11,69.97,12.57
2023-12-20 06:00,12,6,Weekday,Winter,No,45.78,67.89,3.59
2023-12-20 07:00,12,7,Weekday,Winter,No,45.59,68.06,5.76
2023-12-20 08:00,12,8,Weekday,Winter,Yes,47.72,67.16,29.4
2023-12-20 09:00,12,9,Weekday,Winter,Yes,53.02,68.04,30.13
2023-12-20 10:00,12,10,Weekday,Winter,Yes,58.36,68.53,35.53
2023-12-20 11:00,12,11,Weekday,Winter,Yes,62.92,69.61,46.97
2023-12-20 12:00,12,12,Weekday,Winter,Yes,66.72,71.41,38.49
2023-12-20 13:00,12,13,Weekday,Winter,Yes,69.16,70.22,41.09
2023-12-20 14:00,12,14,Weekday,Winter,Yes,71.14,72.15,48.51
2023-12-20 15:00,12,15,Weekday,Winter,Yes,71.44,72.86,20.48
2023-12-20 16:00,12,16,Weekday,Winter,Yes,69.9,72.71,23.72
2023-12-20 17:00,12,17,Weekday,Winter,Yes,65.51,70.84,17.17
2023-12-20 18:00,12,18,Weekday,Winter,No,61.8,71.64,9.19
2023-12-20 19:00,12,19,Weekday,Winter,No,57.52,70.39,17.1
2023-12-20 20:00,12,20,Weekday,Winter,No,53.26,69.57,6.15
2023-12-20 21:00,12,21,Weekday,Winter,No,51.46,70.02,10.3
2023-12-20 22:00,12,22,Weekday,Winter,No,50.45,70.99,2.74
2023-12-20 23:00,12,23,Weekday,Winter,No,49.37,69.24,15.39
2023-12-21 00:00,12,0,Weekday,Winter,No,47.76,69.41,1.27
2023-12-21 01:00,12,1,Weekday,Winter,No,46.42,69.47,3.05
2023-12-21 02:00,12,2,Weekday,Winter,No,45.41,68.64,3.78
2023-12-21 03:00,12,3,Weekday,Winter,No,46.11,68.54,4.33
2023-12-21 04:00,12,4,Weekday,Winter,No,46.42,68.78,8.55
2023-12-21 05:00,12,5,Weekday,Winter,No,45.41,69.11,0.0
2023-12-21 06:00,12,6,Weekday,Winter,No,45.59,69.07,1.7
2023-12-21 07:00,12,7,Weekday,Winter,No,47.72,69.11,4.0
2023-12-21 08:00,12,8,Weekday,Winter,Yes,51.34,68.84,28.04
2023-12-21 09:00,12,9,Weekday,Winter,Yes,55.37,68.97,24.63
2023-12-21 10:00,12,10,Weekday,Winter,Yes,58.18,68.93,46.69
2023-12-21 11:00,12,11,Weekday,Winter,Yes,60.78,70.17,39.67
2023-12-21 12:00,12,12,Weekday,Winter,Yes,63.74,70.96,49.29
2023-12-21 13:00,12,13,Weekday,Winter,Yes,64.94,70.84,40.34
2023-12-21 14:00,12,14,Weekday,Winter,Yes,64.94,70.33,32.81
2023-12-21 15:00,12,15,Weekday,Winter,Yes,63.78,69.43,18.91
2023-12-21 16:00,12,16,Weekday,Winter,Yes,62.44,68.9,9.37
2023-12-21 17:00,12,17,Weekday,Winter,Yes,59.12,68.96,19.55
2023-12-21 18:00,12,18,Weekday,Winter,No,55.24,70.32,12.1
2023-12-21 19:00,12,19,Weekday,Winter,No,52.28,69.17,1.28
2023-12-21 20:00,12,20,Weekday,Winter,No,50.45,69.95,0.0
2023-12-21 21:00,12,21,Weekday,Winter,No,48.84,69.15,4.73
2023-12-21 22:00,12,22,Weekday,Winter,No,46.86,68.65,6.05
2023-12-21 23:00,12,23,Weekday,Winter,No,46.04,69.74,0.17
2023-12-22 00:00,12,0,Weekday,Winter,No,44.26,68.76,0.0
2023-12-22 01:00,12,1,Weekday,Winter,No,42.46,69.35,1.35
2023-12-22 02:00,12,2,Weekday,Winter,No,41.45,65.87,5.09
2023-12-22 03:00,12,3,Weekday,Winter,No,41.63,67.36,0.0
2023-12-22 04:00,12,4,Weekday,Winter,No,40.3,68.32,0.0
2023-12-22 05:00,12,5,Weekday,Winter,No,39.02,66.98,4.29
2023-12-22 06:00,12,6,Weekday,Winter,No,38.39,68.78,1.14
2023-12-22 07:00,12,7,Weekday,Winter,No,38.57,67.57,0.0
2023-12-22 08:00,12,8,Weekday,Winter,Yes,41.96,66.29,21.97
2023-12-22 09:00,12,9,Weekday,Winter,Yes,46.37,66.13,25.53
2023-12-22 10:00,12,10,Weekday,Winter,Yes,49.8,68.21,24.42
2023-12-22 11:00,12,11,Weekday,Winter,Yes,51.6,69.0,21.88
2023-12-22 12:00,12,12,Weekday,Winter,Yes,53.14,69.46,27.53
2023-12-22 13:00,12,13,Weekday,Winter,Yes,53.96,68.36,37.66
2023-12-22 14:00,12,14,Weekday,Winter,Yes,54.59,69.0,36.47
2023-12-22 15:00,12,15,Weekday,Winter,Yes,55.57,69.32,9.35
2023-12-22 16:00,12,16,Weekday,Winter,Yes,55.42,68.99,6.82
2023-12-22 17:00,12,17,Weekday,Winter,Yes,53.88,67.79,3.03
2023-12-22 18:00,12,18,Weekday,Winter,No,51.28,69.43,8.41
2023-12-22 19:00,12,19,Weekday,Winter,No,49.37,69.44,6.71
2023-12-22 20:00,12,20,Weekday,Winter,No,47.24,70.06,4.41
2023-12-22 21:00,12,21,Weekday,Winter,No,45.41,67.22,0.0
2023-12-22 22:00,12,22,Weekday,Winter,No,44.96,69.85,0.0
2023-12-22 23:00,12,23,Weekday,Winter,No,44.44,68.64,0.0
2023-12-23 00:00,12,0,Weekend,Winter,No,44.06,69.8,6.69
2023-12-23 01:00,12,1,Weekend,Winter,No,42.28,68.41,0.0
2023-12-23 02:00,12,2,Weekend,Winter,No,40.37,67.98,0.0
2023-12-23 03:00,12,3,Weekend,Winter,No,39.4,67.85,0.0
2023-12-23 04:00,12,4,Weekend,Winter,No,38.39,68.9,0.0
2023-12-23 05:00,12,5,Weekend,Winter,No,36.78,66.45,0.0
2023-12-23 06:00,12,6,Weekend,Winter,No,34.28,65.62,0.0
2023-12-23 07:00,12,7,Weekend,Winter,No,33.08,67.17,0.0
2023-12-23 08:00,12,8,Weekend,Winter,No,35.39,67.16,0.0
2023-12-23 09:00,12,9,Weekend,Winter,No,39.98,67.87,0.0
2023-12-23 10:00,12,10,Weekend,Winter,No,43.76,67.89,2.23
2023-12-23 11:00,12,11,Weekend,Winter,No,47.27,68.27,4.51
2023-12-23 12:00,12,12,Weekend,Winter,No,50.7,69.46,10.07
2023-12-23 13:00,12,13,Weekend,Winter,No,51.98,70.01,5.73
2023-12-23 14:00,12,14,Weekend,Winter,No,52.61,69.93,11.59
2023-12-23 15:00,12,15,Weekend,Winter,No,52.43,69.32,6.15
2023-12-23 16:00,12,16,Weekend,Winter,No,50.82,70.4,3.96
2023-12-23 17:00,12,17,Weekend,Winter,No,48.84,70.2,6.05
2023-12-23 18:00,12,18,Weekend,Winter,No,47.39,69.02,3.78
2023-12-23 19:00,12,19,Weekend,Winter,No,46.42,68.08,0.87
2023-12-23 20:00,12,20,Weekend,Winter,No,44.89,69.51,4.34
2023-12-23 21:00,12,21,Weekend,Winter,No,43.43,68.81,10.72
2023-12-23 22:00,12,22,Weekend,Winter,No,43.61,68.71,0.0
2023-12-23 23:00,12,23,Weekend,Winter,No,43.43,67.37,0.0
2023-12-24 00:00,12,0,Weekend,Winter,No,42.46,68.02,1.26
2023-12-24 01:00,12,1,Weekend,Winter,No,42.08,67.73,6.62
2023-12-24 02:00,12,2,Weekend,Winter,No,41.45,67.53,0.0
2023-12-24 03:00,12,3,Weekend,Winter,No,40.37,67.46,0.0
2023-12-24 04:00,12,4,Weekend,Winter,No,39.4,67.41,0.0
2023-12-24 05:00,12,5,Weekend,Winter,No,39.02,67.95,0.0
2023-12-24 06:00,12,6,Weekend,Winter,No,36.71,66.51,2.58
2023-12-24 07:00,12,7,Weekend,Winter,No,35.58,67.6,0.0
2023-12-24 08:00,12,8,Weekend,Winter,No,38.27,66.54,0.0
2023-12-24 09:00,12,9,Weekend,Winter,No,41.7,68.24,0.0
2023-12-24 10:00,12,10,Weekend,Winter,No,44.76,68.92,0.16
2023-12-24 11:00,12,11,Weekend,Winter,No,47.2,69.52,1.3
2023-12-24 12:00,12,12,Weekend,Winter,No,48.02,69.13,5.69
2023-12-24 13:00,12,13,Weekend,Winter,No,49.18,69.32,6.18
2023-12-24 14:00,12,14,Weekend,Winter,No,50.0,69.0,0.57
2023-12-24 15:00,12,15,Weekend,Winter,No,50.0,69.29,8.49
2023-12-24 16:00,12,16,Weekend,Winter,No,50.0,69.39,6.36
2023-12-24 17:00,12,17,Weekend,Winter,No,48.22,69.73,6.5
2023-12-24 18:00,12,18,Weekend,Winter,No,45.26,67.87,4.09
2023-12-24 19:00,12,19,Weekend,Winter,No,41.64,68.74,3.74
2023-12-24 20:00,12,20,Weekend,Winter,No,40.55,67.19,0.0
2023-12-24 21:00,12,21,Weekend,Winter,No,38.69,68.11,0.0
2023-12-24 22:00,12,22,Weekend,Winter,No,37.04,66.58,0.0
2023-12-24 23:00,12,23,Weekend,Winter,No,35.26,67.24,0.0
2023-12-25 00:00,12,0,Weekday,Winter,No,35.76,68.56,0.0
2023-12-25 01:00,12,1,Weekday,Winter,No,35.88,68.21,4.11
2023-12-25 02:00,12,2,Weekday,Winter,No,35.58,66.81,0.0
2023-12-25 03:00,12,3,Weekday,Winter,No,33.02,66.44,0.0
2023-12-25 04:00,12,4,Weekday,Winter,No,31.55,66.27,0.0
2023-12-25 05:00,12,5,Weekday,Winter,No,32.63,66.42,0.0
2023-12-25 06:00,12,6,Weekday,Winter,No,30.14,66.39,0.0
2023-12-25 07:00,12,7,Weekday,Winter,No,28.04,65.85,0.0
2023-12-25 08:00,12,8,Weekday,Winter,Yes,33.29,64.91,9.92
2023-12-25 09:00,12,9,Weekday,Winter,Yes,41.66,66.83,23.11
2023-12-25 10:00,12,10,Weekday,Winter,Yes,47.9,67.21,24.32
2023-12-25 11:00,12,11,Weekday,Winter,Yes,52.31,68.04,31.99
2023-12-25 12:00,12,12,Weekday,Winter,Yes,55.74,69.05,36.21
2023-12-25 13:00,12,13,Weekday,Winter,Yes,58.8,69.67,44.78
2023-12-25 14:00,12,14,Weekday,Winter,Yes,60.6,69.6,39.92
2023-12-25 15:00,12,15,Weekday,Winter,Yes,61.61,69.7,14.37
2023-12-25 16:00,12,16,Weekday,Winter,Yes,62.06,70.75,12.07
2023-12-25 17:00,12,17,Weekday,Winter,Yes,58.49,68.65,13.8
2023-12-25 18:00,12,18,Weekday,Winter,No,53.63,69.76,7.58
2023-12-25 19:00,12,19,Weekday,Winter,No,50.2,69.89,8.03
2023-12-25 20:00,12,20,Weekday,Winter,No,48.4,70.46,5.92
2023-12-25 21:00,12,21,Weekday,Winter,No,47.39,68.7,0.0
2023-12-25 22:00,12,22,Weekday,Winter,No,44.1,67.5,4.46
2023-12-25 23:00,12,23,Weekday,Winter,No,42.6,67.33,0.0
2023-12-26 00:00,12,0,Weekday,Winter,No,38.88,68.19,6.28
2023-12-26 01:00,12,1,Weekday,Winter,No,35.96,66.17,0.0
2023-12-26 02:00,12,2,Weekday,Winter,No,35.44,66.3,0.0
2023-12-26 03:00,12,3,Weekday,Winter,No,35.06,67.52,0.0
2023-12-26 04:00,12,4,Weekday,Winter,No,34.43,68.03,0.0
2023-12-26 05:00,12,5,Weekday,Winter,No,35.14,66.54,0.0
2023-12-26 06:00,12,6,Weekday,Winter,No,36.59,68.18,0.0
2023-12-26 07:00,12,7,Weekday,Winter,No,39.98,68.18,0.0
2023-12-26 08:00,12,8,Weekday,Winter,Yes,45.54,67.43,22.37
2023-12-26 09:00,12,9,Weekday,Winter,Yes,52.64,68.87,34.38
2023-12-26 10:00,12,10,Weekday,Winter,Yes,58.88,69.94,31.81
2023-12-26 11:00,12,11,Weekday,Winter,Yes,61.61,69.73,37.05
2023-12-26 12:00,12,12,Weekday,Winter,Yes,63.74,70.83,39.17
2023-12-26 13:00,12,13,Weekday,Winter,Yes,65.57,70.85,44.25
2023-12-26 14:00,12,14,Weekday,Winter,Yes,66.54,70.94,38.54
2023-12-26 15:00,12,15,Weekday,Winter,Yes,66.4,70.86,17.08
2023-12-26 16:00,12,16,Weekday,Winter,Yes,64.24,72.02,19.28
2023-12-26 17:00,12,17,Weekday,Winter,Yes,61.28,68.82,13.26
2023-12-26 18:00,12,18,Weekday,Winter,No,57.14,71.89,6.92
2023-12-26 19:00,12,19,Weekday,Winter,No,52.73,69.82,1.45
2023-12-26 20:00,12,20,Weekday,Winter,No,50.45,68.96,11.55
2023-12-26 21:00,12,21,Weekday,Winter,No,49.37,69.49,10.46
2023-12-26 22:00,12,22,Weekday,Winter,No,47.76,69.8,6.37
2023-12-26 23:00,12,23,Weekday,Winter,No,48.1,69.88,8.79
2023-12-27 00:00,12,0,Weekday,Winter,No,48.4,69.28,11.67
2023-12-27 01:00,12,1,Weekday,Winter,No,48.02,70.55,5.22
2023-12-27 02:00,12,2,Weekday,Winter,No,46.86,68.29,4.89
2023-12-27 03:00,12,3,Weekday,Winter,No,46.56,68.42,10.84
2023-12-27 04:00,12,4,Weekday,Winter,No,45.78,69.39,0.0
2023-12-27 05:00,12,5,Weekday,Winter,No,46.74,68.9,8.49
2023-12-27 06:00,12,6,Weekday,Winter,No,48.54,69.24,13.78
2023-12-27 07:00,12,7,Weekday,Winter,No,48.92,68.79,12.19
2023-12-27 08:00,12,8,Weekday,Winter,Yes,50.7,67.02,26.45
2023-12-27 09:00,12,9,Weekday,Winter,Yes,54.92,69.27,32.28
2023-12-27 10:00,12,10,Weekday,Winter,Yes,57.54,69.66,37.42
2023-12-27 11:00,12,11,Weekday,Winter,Yes,60.34,69.15,37.02
2023-12-27 12:00,12,12,Weekday,Winter,Yes,63.74,70.41,40.05
2023-12-27 13:00,12,13,Weekday,Winter,Yes,64.94,70.72,43.03
2023-12-27 14:00,12,14,Weekday,Winter,Yes,64.94,70.01,33.22
2023-12-27 15:00,12,15,Weekday,Winter,Yes,64.94,69.64,25.66
2023-12-27 16:00,12,16,Weekday,Winter,Yes,64.41,69.47,11.79
2023-12-27 17:00,12,17,Weekday,Winter,Yes,63.41,70.0,11.34
2023-12-27 18:00,12,18,Weekday,Winter,No,59.5,71.8,15.79
2023-12-27 19:00,12,19,Weekday,Winter,No,56.39,70.65,13.45
2023-12-27 20:00,12,20,Weekday,Winter,No,54.26,70.71,4.04
2023-12-27 21:00,12,21,Weekday,Winter,No,52.43,69.78,5.96
2023-12-27 22:00,12,22,Weekday,Winter,No,49.04,69.79,1.86
2023-12-27 23:00,12,23,Weekday,Winter,No,47.57,69.17,9.96
2023-12-28 00:00,12,0,Weekday,Winter,No,48.54,69.58,1.81
2023-12-28 01:00,12,1,Weekday,Winter,No,47.76,69.26,7.92
2023-12-28 02:00,12,2,Weekday,Winter,No,46.94,69.16,3.84
2023-12-28 03:00,12,3,Weekday,Winter,No,46.42,68.91,1.24
2023-12-28 04:00,12,4,Weekday,Winter,No,45.41,67.79,0.0
2023-12-28 05:00,12,5,Weekday,Winter,No,44.96,67.84,1.95
2023-12-28 06:00,12,6,Weekday,Winter,No,44.96,68.51,2.32
2023-12-28 07:00,12,7,Weekday,Winter,No,47.27,68.12,5.48
2023-12-28 08:00,12,8,Weekday,Winter,Yes,51.34,68.14,26.29
2023-12-28 09:00,12,9,Weekday,Winter,Yes,55.37,67.9,28.73
2023-12-28 10:00,12,10,Weekday,Winter,Yes,59.33,70.34,33.67
2023-12-28 11:00,12,11,Weekday,Winter,Yes,61.61,70.89,34.43
2023-12-28 12:00,12,12,Weekday,Winter,Yes,63.22,69.93,46.4
2023-12-28 13:00,12,13,Weekday,Winter,Yes,65.19,69.48,47.65
2023-12-28 14:00,12,14,Weekday,Winter,Yes,66.54,70.62,41.55
2023-12-28 15:00,12,15,Weekday,Winter,Yes,66.92,71.3,14.82
2023-12-28 16:00,12,16,Weekday,Winter,Yes,66.4,71.14,29.11
2023-12-28 17:00,12,17,Weekday,Winter,Yes,65.39,69.84,14.31
2023-12-28 18:00,12,18,Weekday,Winter,No,63.78,72.36,21.38
2023-12-28 19:00,12,19,Weekday,Winter,No,60.65,71.16,19.32
2023-12-28 20:00,12,20,Weekday,Winter,No,60.78,69.84,9.97
2023-12-28 21:00,12,21,Weekday,Winter,No,62.06,71.82,23.69
2023-12-28 22:00,12,22,Weekday,Winter,No,60.28,70.91,13.62
2023-12-28 23:00,12,23,Weekday,Winter,No,59.0,70.69,17.89
2023-12-29 00:00,12,0,Weekday,Winter,No,59.0,71.7,21.92
2023-12-29 01:00,12,1,Weekday,Winter,No,58.37,71.03,14.93
2023-12-29 02:00,12,2,Weekday,Winter,No,60.34,70.53,18.36
2023-12-29 03:00,12,3,Weekday,Winter,No,61.43,71.43,14.56
2023-12-29 04:00,12,4,Weekday,Winter,No,62.76,71.65,17.47
2023-12-29 05:00,12,5,Weekday,Winter,No,64.56,71.68,17.22
2023-12-29 06:00,12,6,Weekday,Winter,No,64.41,72.25,16.67
2023-12-29 07:00,12,7,Weekday,Winter,No,64.04,71.06,17.4
2023-12-29 08:00,12,8,Weekday,Winter,Yes,61.73,70.07,34.04
2023-12-29 09:00,12,9,Weekday,Winter,Yes,61.24,71.19,40.96
2023-12-29 10:00,12,10,Weekday,Winter,Yes,64.37,69.73,39.24
2023-12-29 11:00,12,11,Weekday,Winter,Yes,66.54,70.78,42.76
2023-12-29 12:00,12,12,Weekday,Winter,Yes,65.24,70.69,43.07
2023-12-29 13:00,12,13,Weekday,Winter,Yes,65.19,70.07,41.65
2023-12-29 14:00,12,14,Weekday,Winter,Yes,66.02,69.44,39.51
2023-12-29 15:00,12,15,Weekday,Winter,Yes,65.39,70.95,19.44
2023-12-29 16:00,12,16,Weekday,Winter,Yes,63.78,70.69,19.69
2023-12-29 17:00,12,17,Weekday,Winter,Yes,62.44,69.75,22.51
2023-12-29 18:00,12,18,Weekday,Winter,No,62.06,72.4,16.43
2023-12-29 19:00,12,19,Weekday,Winter,No,62.06,71.7,12.88
2023-12-29 20:00,12,20,Weekday,Winter,No,61.43,70.89,7.57
2023-12-29 21:00,12,21,Weekday,Winter,No,61.61,71.78,20.65
2023-12-29 22:00,12,22,Weekday,Winter,No,61.43,72.21,7.2
2023-12-29 23:00,12,23,Weekday,Winter,No,59.2,71.57,11.12
2023-12-30 00:00,12,0,Weekend,Winter,No,57.92,70.97,6.54
2023-12-30 01:00,12,1,Weekend,Winter,No,57.4,71.18,11.37
2023-12-30 02:00,12,2,Weekend,Winter,No,56.39,70.58,17.74
2023-12-30 03:00,12,3,Weekend,Winter,No,54.26,71.3,15.36
2023-12-30 04:00,12,4,Weekend,Winter,No,52.43,70.01,0.0
2023-12-30 05:00,12,5,Weekend,Winter,No,51.46,70.84,5.34
2023-12-30 06:00,12,6,Weekend,Winter,No,49.82,69.28,13.75
2023-12-30 07:00,12,7,Weekend,Winter,No,47.76,69.21,14.86
2023-12-30 08:00,12,8,Weekend,Winter,No,49.88,70.2,7.88
2023-12-30 09:00,12,9,Weekend,Winter,No,54.29,70.19,7.05
2023-12-30 10:00,12,10,Weekend,Winter,No,57.1,69.58,8.7
2023-12-30 11:00,12,11,Weekend,Winter,No,58.55,71.99,19.35
2023-12-30 12:00,12,12,Weekend,Winter,No,60.16,72.22,19.61
2023-12-30 13:00,12,13,Weekend,Winter,No,62.14,70.21,9.99
2023-12-30 14:00,12,14,Weekend,Winter,No,63.59,70.57,6.99
2023-12-30 15:00,12,15,Weekend,Winter,No,64.04,71.6,17.54
2023-12-30 16:00,12,16,Weekend,Winter,No,63.41,71.39,14.18
2023-12-30 17:00,12,17,Weekend,Winter,No,60.65,70.74,17.27
2023-12-30 18:00,12,18,Weekend,Winter,No,57.85,69.9,13.44
2023-12-30 19:00,12,19,Weekend,Winter,No,55.86,69.87,17.82
2023-12-30 20:00,12,20,Weekend,Winter,No,52.73,69.73,11.74
2023-12-30 21:00,12,21,Weekend,Winter,No,51.6,70.93,0.0
2023-12-30 22:00,12,22,Weekend,Winter,No,49.67,68.57,4.11
2023-12-30 23:00,12,23,Weekend,Winter,No,46.86,68.25,5.97
2023-12-31 00:00,12,0,Weekend,Winter,No,46.56,69.07,9.02
2023-12-31 01:00,12,1,Weekend,Winter,No,46.42,69.33,2.99
2023-12-31 02:00,12,2,Weekend,Winter,No,45.41,68.98,3.83
2023-12-31 03:00,12,3,Weekend,Winter,No,44.96,68.36,3.05
2023-12-31 04:00,12,4,Weekend,Winter,No,44.96,69.18,1.04
2023-12-31 05:00,12,5,Weekend,Winter,No,44.44,69.2,0.2
2023-12-31 06:00,12,6,Weekend,Winter,No,43.43,67.8,0.11
2023-12-31 07:00,12,7,Weekend,Winter,No,42.98,67.71,5.61
2023-12-31 08:00,12,8,Weekend,Winter,No,45.92,68.64,6.93
2023-12-31 09:00,12,9,Weekend,Winter,No,52.12,68.54,7.36
2023-12-31 10:00,12,10,Weekend,Winter,No,57.98,70.43,9.6
2023-12-31 11:00,12,11,Weekend,Winter,No,62.39,71.99,13.68
2023-12-31 12:00,12,12,Weekend,Winter,No,65.72,72.22,15.79
2023-12-31 13:00,12,13,Weekend,Winter,No,67.55,72.54,17.44
2023-12-31 14:00,12,14,Weekend,Winter,No,68.0,72.46,17.26
2023-12-31 15:00,12,15,Weekend,Winter,No,67.37,73.24,16.95
2023-12-31 16:00,12,16,Weekend,Winter,No,65.76,71.7,18.62
2023-12-31 17:00,12,17,Weekend,Winter,No,63.58,71.66,16.21
2023-12-31 18:00,12,18,Weekend,Winter,No,60.5,71.12,14.21
2023-12-31 19:00,12,19,Weekend,Winter,No,57.95,71.89,18.5
2023-12-31 20:00,12,20,Weekend,Winter,No,55.1,70.12,4.46
2023-12-31 21:00,12,21,Weekend,Winter,No,53.6,70.29,14.97
2023-12-31 22:00,12,22,Weekend,Winter,No,51.5,69.99,15.18
2023-12-31 23:00,12,23,Weekend,Winter,No,48.95,70.32,5.93
