Date,Month,Hour,DayType,Season,BusinessHours,Zone_Temp_F,Outdoor_Temp_F,Cooling_kWh
2023-01-01 00:00,1,0,Weekend,Winter,No,66.68,43.76,0.0
2023-01-01 01:00,1,1,Weekend,Winter,No,66.49,44.96,0.0
2023-01-01 02:00,1,2,Weekend,Winter,No,66.27,44.44,0.0
2023-01-01 03:00,1,3,Weekend,Winter,No,66.04,44.06,0.0
2023-01-01 04:00,1,4,Weekend,Winter,No,65.62,42.28,0.0
2023-01-01 05:00,1,5,Weekend,Winter,No,65.14,40.37,0.0
2023-01-01 06:00,1,6,Weekend,Winter,No,64.7,38.76,0.0
2023-01-01 07:00,1,7,Weekend,Winter,No,64.78,38.57,0.0
2023-01-01 08:00,1,8,Weekend,Winter,No,66.9,41.96,0.0
2023-01-01 09:00,1,9,Weekend,Winter,No,69.05,46.9,0.0
2023-01-01 10:00,1,10,Weekend,Winter,No,70.29,51.34,0.0
2023-01-01 11:00,1,11,Weekend,Winter,No,70.02,54.74,0.0
2023-01-01 12:00,1,12,Weekend,Winter,No,68.93,57.72,1.28
2023-01-01 13:00,1,13,Weekend,Winter,No,69.0,59.0,2.6
2023-01-01 14:00,1,14,Weekend,Winter,No,69.51,60.78,3.8
2023-01-01 15:00,1,15,Weekend,Winter,No,70.25,62.06,1.01
2023-01-01 16:00,1,16,Weekend,Winter,No,71.58,61.43,0.0
2023-01-01 17:00,1,17,Weekend,Winter,No,71.71,58.67,0.0
2023-01-01 18:00,1,18,Weekend,Winter,No,70.23,55.86,0.0
2023-01-01 19:00,1,19,Weekend,Winter,No,69.41,52.73,0.0
2023-01-01 20:00,1,20,Weekend,Winter,No,68.69,49.82,0.0
2023-01-01 21:00,1,21,Weekend,Winter,No,68.16,48.92,0.0
2023-01-01 22:00,1,22,Weekend,Winter,No,67.63,46.61,0.0
2023-01-01 23:00,1,23,Weekend,Winter,No,67.0,43.28,0.0
2023-01-02 00:00,1,0,Weekday,Winter,No,66.58,40.3,0.0
2023-01-02 01:00,1,1,Weekday,Winter,No,66.23,40.17,0.0
2023-01-02 02:00,1,2,Weekday,Winter,No,65.95,40.37,0.0
2023-01-02 03:00,1,3,Weekday,Winter,No,65.58,38.76,0.0
2023-01-02 04:00,1,4,Weekday,Winter,No,65.29,39.1,0.0
2023-01-02 05:00,1,5,Weekday,Winter,No,65.07,38.76,0.0
2023-01-02 06:00,1,6,Weekday,Winter,No,69.77,37.94,0.0
2023-01-02 07:00,1,7,Weekday,Winter,No,69.8,37.94,0.0
2023-01-02 08:00,1,8,Weekday,Winter,Yes,70.19,40.88,0.0
2023-01-02 09:00,1,9,Weekday,Winter,Yes,70.8,50.02,0.17
2023-01-02 10:00,1,10,Weekday,Winter,Yes,70.93,56.72,3.01
2023-01-02 11:00,1,11,Weekday,Winter,Yes,71.23,59.7,6.47
2023-01-02 12:00,1,12,Weekday,Winter,Yes,71.27,62.14,9.46
2023-01-02 13:00,1,13,Weekday,Winter,Yes,71.48,62.96,10.59
2023-01-02 14:00,1,14,Weekday,Winter,Yes,71.69,64.74,12.82
2023-01-02 15:00,1,15,Weekday,Winter,Yes,72.33,65.39,14.18
2023-01-02 16:00,1,16,Weekday,Winter,Yes,72.78,63.78,11.73
2023-01-02 17:00,1,17,Weekday,Winter,Yes,71.71,60.65,7.63
2023-01-02 18:00,1,18,Weekday,Winter,No,70.58,57.22,3.56
2023-01-02 19:00,1,19,Weekday,Winter,No,70.22,55.42,1.47
2023-01-02 20:00,1,20,Weekday,Winter,No,69.89,53.88,0.15
2023-01-02 21:00,1,21,Weekday,Winter,No,69.83,52.43,0.0
2023-01-02 22:00,1,22,Weekday,Winter,No,70.24,51.98,0.0
2023-01-02 23:00,1,23,Weekday,Winter,No,70.07,51.98,0.0
2023-01-03 00:00,1,0,Weekday,Winter,No,69.73,51.46,0.0
2023-01-03 01:00,1,1,Weekday,Winter,No,69.35,49.82,0.0
2023-01-03 02:00,1,2,Weekday,Winter,No,69.09,50.18,0.0
2023-01-03 03:00,1,3,Weekday,Winter,No,68.8,48.66,0.0
2023-01-03 04:00,1,4,Weekday,Winter,No,68.43,46.94,0.0
2023-01-03 05:00,1,5,Weekday,Winter,No,68.25,46.94,0.0
2023-01-03 06:00,1,6,Weekday,Winter,No,69.84,46.42,0.0
2023-01-03 07:00,1,7,Weekday,Winter,No,69.84,45.41,0.0
2023-01-03 08:00,1,8,Weekday,Winter,Yes,70.32,47.27,0.0
2023-01-03 09:00,1,9,Weekday,Winter,Yes,71.3,51.86,0.0
2023-01-03 10:00,1,10,Weekday,Winter,Yes,71.86,55.74,1.85
2023-01-03 11:00,1,11,Weekday,Winter,Yes,71.8,58.8,5.4
2023-01-03 12:00,1,12,Weekday,Winter,Yes,71.61,60.6,7.48
2023-01-03 13:00,1,13,Weekday,Winter,Yes,71.99,61.61,8.67
2023-01-03 14:00,1,14,Weekday,Winter,Yes,72.29,64.9,12.77
2023-01-03 15:00,1,15,Weekday,Winter,Yes,72.49,66.4,14.76
2023-01-03 16:00,1,16,Weekday,Winter,Yes,72.69,65.39,13.64
2023-01-03 17:00,1,17,Weekday,Winter,Yes,71.83,63.26,11.02
2023-01-03 18:00,1,18,Weekday,Winter,No,70.86,59.12,5.76
2023-01-03 19:00,1,19,Weekday,Winter,No,70.46,55.86,2.05
2023-01-03 20:00,1,20,Weekday,Winter,No,70.11,53.26,0.07
2023-01-03 21:00,1,21,Weekday,Winter,No,69.98,51.46,0.0
2023-01-03 22:00,1,22,Weekday,Winter,No,70.9,50.45,0.0
2023-01-03 23:00,1,23,Weekday,Winter,No,70.65,48.84,0.0
2023-01-04 00:00,1,0,Weekday,Winter,No,70.08,46.86,0.0
2023-01-04 01:00,1,1,Weekday,Winter,No,69.56,44.26,0.0
2023-01-04 02:00,1,2,Weekday,Winter,No,68.97,41.2,0.0
2023-01-04 03:00,1,3,Weekday,Winter,No,68.37,38.76,0.0
2023-01-04 04:00,1,4,Weekday,Winter,No,67.89,37.94,0.0
2023-01-04 05:00,1,5,Weekday,Winter,No,67.53,37.42,0.0
2023-01-04 06:00,1,6,Weekday,Winter,No,69.89,36.41,0.0
2023-01-04 07:00,1,7,Weekday,Winter,No,69.89,35.96,0.0
2023-01-04 08:00,1,8,Weekday,Winter,Yes,70.61,38.9,0.0
2023-01-04 09:00,1,9,Weekday,Winter,Yes,71.75,44.46,0.0
2023-01-04 10:00,1,10,Weekday,Winter,Yes,72.0,50.51,0.0
2023-01-04 11:00,1,11,Weekday,Winter,Yes,71.9,55.37,1.68
2023-01-04 12:00,1,12,Weekday,Winter,Yes,71.65,58.18,5.42
2023-01-04 13:00,1,13,Weekday,Winter,Yes,71.96,59.63,7.64
2023-01-04 14:00,1,14,Weekday,Winter,Yes,72.5,60.08,8.1
2023-01-04 15:00,1,15,Weekday,Winter,Yes,73.0,59.45,6.97
2023-01-04 16:00,1,16,Weekday,Winter,Yes,73.15,57.22,3.94
2023-01-04 17:00,1,17,Weekday,Winter,Yes,72.15,54.78,0.81
2023-01-04 18:00,1,18,Weekday,Winter,No,71.01,52.28,0.0
2023-01-04 19:00,1,19,Weekday,Winter,No,70.63,50.45,0.0
2023-01-04 20:00,1,20,Weekday,Winter,No,70.24,48.84,0.0
2023-01-04 21:00,1,21,Weekday,Winter,No,70.06,46.24,0.0
2023-01-04 22:00,1,22,Weekday,Winter,No,70.34,43.28,0.0
2023-01-04 23:00,1,23,Weekday,Winter,No,69.93,42.08,0.0
2023-01-05 00:00,1,0,Weekday,Winter,No,69.32,39.66,0.0
2023-01-05 01:00,1,1,Weekday,Winter,No,68.76,37.94,0.0
2023-01-05 02:00,1,2,Weekday,Winter,No,68.32,37.42,0.0
2023-01-05 03:00,1,3,Weekday,Winter,No,67.82,35.88,0.0
2023-01-05 04:00,1,4,Weekday,Winter,No,67.33,34.43,0.0
2023-01-05 05:00,1,5,Weekday,Winter,No,66.94,33.46,0.0
2023-01-05 06:00,1,6,Weekday,Winter,No,69.9,33.08,0.0
2023-01-05 07:00,1,7,Weekday,Winter,No,69.91,33.08,0.0
2023-01-05 08:00,1,8,Weekday,Winter,Yes,70.54,36.54,0.0
2023-01-05 09:00,1,9,Weekday,Winter,Yes,71.55,41.96,0.0
2023-01-05 10:00,1,10,Weekday,Winter,Yes,71.87,49.31,0.0
2023-01-05 11:00,1,11,Weekday,Winter,Yes,71.78,54.74,0.86
2023-01-05 12:00,1,12,Weekday,Winter,Yes,71.58,57.1,3.75
2023-01-05 13:00,1,13,Weekday,Winter,Yes,71.89,59.18,6.74
2023-01-05 14:00,1,14,Weekday,Winter,Yes,72.31,60.08,7.56
2023-01-05 15:00,1,15,Weekday,Winter,Yes,72.39,61.24,8.24
2023-01-05 16:00,1,16,Weekday,Winter,Yes,72.71,60.28,7.15
2023-01-05 17:00,1,17,Weekday,Winter,Yes,71.86,56.69,2.91
2023-01-05 18:00,1,18,Weekday,Winter,No,70.89,52.1,0.0
2023-01-05 19:00,1,19,Weekday,Winter,No,70.52,48.84,0.0
2023-01-05 20:00,1,20,Weekday,Winter,No,70.16,45.08,0.0
2023-01-05 21:00,1,21,Weekday,Winter,No,70.02,42.98,0.0
2023-01-05 22:00,1,22,Weekday,Winter,No,69.92,41.2,0.0
2023-01-05 23:00,1,23,Weekday,Winter,No,69.31,38.24,0.0
2023-01-06 00:00,1,0,Weekday,Winter,No,68.6,35.88,0.0
2023-01-06 01:00,1,1,Weekday,Winter,No,68.07,35.58,0.0
2023-01-06 02:00,1,2,Weekday,Winter,No,67.67,35.96,0.0
2023-01-06 03:00,1,3,Weekday,Winter,No,67.3,35.96,0.0
2023-01-06 04:00,1,4,Weekday,Winter,No,66.97,35.44,0.0
2023-01-06 05:00,1,5,Weekday,Winter,No,66.63,33.9,0.0
2023-01-06 06:00,1,6,Weekday,Winter,No,69.89,32.45,0.0
2023-01-06 07:00,1,7,Weekday,Winter,No,69.9,33.16,0.0
2023-01-06 08:00,1,8,Weekday,Winter,Yes,70.41,37.44,0.0
2023-01-06 09:00,1,9,Weekday,Winter,Yes,71.14,44.02,0.0
2023-01-06 10:00,1,10,Weekday,Winter,Yes,71.56,50.51,0.0
2023-01-06 11:00,1,11,Weekday,Winter,Yes,71.75,55.37,1.52
2023-01-06 12:00,1,12,Weekday,Winter,Yes,71.6,59.96,7.4
2023-01-06 13:00,1,13,Weekday,Winter,Yes,71.91,63.74,13.45
2023-01-06 14:00,1,14,Weekday,Winter,Yes,72.49,65.57,16.05
2023-01-06 15:00,1,15,Weekday,Winter,Yes,72.91,66.54,16.68
2023-01-06 16:00,1,16,Weekday,Winter,Yes,73.13,64.61,13.36
2023-01-06 17:00,1,17,Weekday,Winter,Yes,72.17,60.65,7.71
2023-01-06 18:00,1,18,Weekday,Winter,No,71.02,56.06,2.13
2023-01-06 19:00,1,19,Weekday,Winter,No,70.62,52.8,0.0
2023-01-06 20:00,1,20,Weekday,Winter,No,70.21,47.89,0.0
2023-01-06 21:00,1,21,Weekday,Winter,No,70.03,44.96,0.0
2023-01-06 22:00,1,22,Weekday,Winter,No,70.25,43.8,0.0
2023-01-06 23:00,1,23,Weekday,Winter,No,69.74,40.67,0.0
2023-01-07 00:00,1,0,Weekend,Winter,No,69.03,40.8,0.0
2023-01-07 01:00,1,1,Weekend,Winter,No,68.52,40.3,0.0
2023-01-07 02:00,1,2,Weekend,Winter,No,68.03,39.54,0.0
2023-01-07 03:00,1,3,Weekend,Winter,No,67.64,39.4,0.0
2023-01-07 04:00,1,4,Weekend,Winter,No,67.18,37.86,0.0
2023-01-07 05:00,1,5,Weekend,Winter,No,66.82,38.2,0.0
2023-01-07 06:00,1,6,Weekend,Winter,No,69.88,39.54,0.0
2023-01-07 07:00,1,7,Weekend,Winter,No,69.84,38.76,0.0
2023-01-07 08:00,1,8,Weekend,Winter,No,69.97,42.04,0.0
2023-01-07 09:00,1,9,Weekend,Winter,No,70.76,48.53,0.0
2023-01-07 10:00,1,10,Weekend,Winter,No,71.19,55.07,1.53
2023-01-07 11:00,1,11,Weekend,Winter,No,71.11,61.49,9.01
2023-01-07 12:00,1,12,Weekend,Winter,No,71.07,66.35,16.38
2023-01-07 13:00,1,13,Weekend,Winter,No,71.08,69.78,22.78
2023-01-07 14:00,1,14,Weekend,Winter,No,71.14,71.06,24.27
2023-01-07 15:00,1,15,Weekend,Winter,No,71.39,71.58,23.68
2023-01-07 16:00,1,16,Weekend,Winter,No,71.46,70.81,21.29
2023-01-07 17:00,1,17,Weekend,Winter,No,70.58,67.04,15.66
2023-01-07 18:00,1,18,Weekend,Winter,No,72.01,62.63,0.0
2023-01-07 19:00,1,19,Weekend,Winter,No,71.66,56.88,0.0
2023-01-07 20:00,1,20,Weekend,Winter,No,70.94,52.8,0.0
2023-01-07 21:00,1,21,Weekend,Winter,No,70.37,50.82,0.0
2023-01-07 22:00,1,22,Weekend,Winter,No,69.87,49.37,0.0
2023-01-07 23:00,1,23,Weekend,Winter,No,69.28,46.08,0.0
2023-01-08 00:00,1,0,Weekend,Winter,No,68.71,44.06,0.0
2023-01-08 01:00,1,1,Weekend,Winter,No,68.43,45.74,0.0
2023-01-08 02:00,1,2,Weekend,Winter,No,68.08,44.63,0.0
2023-01-08 03:00,1,3,Weekend,Winter,No,67.6,42.46,0.0
2023-01-08 04:00,1,4,Weekend,Winter,No,67.15,40.82,0.0
2023-01-08 05:00,1,5,Weekend,Winter,No,66.91,42.86,0.0
2023-01-08 06:00,1,6,Weekend,Winter,No,66.82,44.96,0.0
2023-01-08 07:00,1,7,Weekend,Winter,No,66.8,44.44,0.0
2023-01-08 08:00,1,8,Weekend,Winter,No,68.84,48.68,0.0
2023-01-08 09:00,1,9,Weekend,Winter,No,71.36,56.7,0.0
2023-01-08 10:00,1,10,Weekend,Winter,No,72.61,67.01,0.0
2023-01-08 11:00,1,11,Weekend,Winter,No,71.28,73.74,7.58
2023-01-08 12:00,1,12,Weekend,Winter,No,70.83,76.18,17.63
2023-01-08 13:00,1,13,Weekend,Winter,No,71.22,78.16,15.67
2023-01-08 14:00,1,14,Weekend,Winter,No,72.0,80.13,21.35
2023-01-08 15:00,1,15,Weekend,Winter,No,72.56,80.96,17.8
2023-01-08 16:00,1,16,Weekend,Winter,No,72.79,80.44,22.43
2023-01-08 17:00,1,17,Weekend,Winter,No,73.19,75.33,2.89
2023-01-08 18:00,1,18,Weekend,Winter,No,73.61,69.65,0.0
2023-01-08 19:00,1,19,Weekend,Winter,No,72.8,63.91,0.0
2023-01-08 20:00,1,20,Weekend,Winter,No,71.86,58.04,0.0
2023-01-08 21:00,1,21,Weekend,Winter,No,71.1,54.26,0.0
2023-01-08 22:00,1,22,Weekend,Winter,No,70.48,51.9,0.0
2023-01-08 23:00,1,23,Weekend,Winter,No,70.02,51.08,0.0
2023-01-09 00:00,1,0,Weekday,Winter,No,69.86,51.08,0.0
2023-01-09 01:00,1,1,Weekday,Winter,No,69.57,50.45,0.0
2023-01-09 02:00,1,2,Weekday,Winter,No,69.31,50.63,0.0
2023-01-09 03:00,1,3,Weekday,Winter,No,69.07,50.45,0.0
2023-01-09 04:00,1,4,Weekday,Winter,No,68.77,49.37,0.0
2023-01-09 05:00,1,5,Weekday,Winter,No,68.49,47.76,0.0
2023-01-09 06:00,1,6,Weekday,Winter,No,69.84,48.1,0.0
2023-01-09 07:00,1,7,Weekday,Winter,No,69.81,48.4,0.0
2023-01-09 08:00,1,8,Weekday,Winter,Yes,70.29,51.48,0.0
2023-01-09 09:00,1,9,Weekday,Winter,Yes,71.04,59.21,5.73
2023-01-09 10:00,1,10,Weekday,Winter,Yes,71.74,65.9,14.13
2023-01-09 11:00,1,11,Weekday,Winter,Yes,71.97,70.31,21.53
2023-01-09 12:00,1,12,Weekday,Winter,Yes,71.88,73.12,27.72
2023-01-09 13:00,1,13,Weekday,Winter,Yes,72.43,74.57,30.54
2023-01-09 14:00,1,14,Weekday,Winter,Yes,73.03,75.02,32.19
2023-01-09 15:00,1,15,Weekday,Winter,Yes,72.98,74.39,27.91
2023-01-09 16:00,1,16,Weekday,Winter,Yes,73.31,73.42,26.71
2023-01-09 17:00,1,17,Weekday,Winter,Yes,72.57,70.1,20.86
2023-01-09 18:00,1,18,Weekday,Winter,No,71.35,66.84,15.35
2023-01-09 19:00,1,19,Weekday,Winter,No,70.91,64.24,11.86
2023-01-09 20:00,1,20,Weekday,Winter,No,70.44,62.96,10.22
2023-01-09 21:00,1,21,Weekday,Winter,No,70.19,60.02,6.64
2023-01-09 22:00,1,22,Weekday,Winter,No,72.08,59.7,0.0
2023-01-09 23:00,1,23,Weekday,Winter,No,72.39,59.82,0.0
2023-01-10 00:00,1,0,Weekday,Winter,No,72.04,57.22,0.0
2023-01-10 01:00,1,1,Weekday,Winter,No,71.74,55.42,0.0
2023-01-10 02:00,1,2,Weekday,Winter,No,71.57,55.04,0.0
2023-01-10 03:00,1,3,Weekday,Winter,No,71.26,53.88,0.0
2023-01-10 04:00,1,4,Weekday,Winter,No,70.82,51.9,0.0
2023-01-10 05:00,1,5,Weekday,Winter,No,70.46,50.45,0.0
2023-01-10 06:00,1,6,Weekday,Winter,No,69.98,49.37,0.0
2023-01-10 07:00,1,7,Weekday,Winter,No,69.95,48.4,0.0
2023-01-10 08:00,1,8,Weekday,Winter,Yes,70.5,50.96,0.0
2023-01-10 09:00,1,9,Weekday,Winter,Yes,70.9,55.9,2.02
2023-01-10 10:00,1,10,Weekday,Winter,Yes,71.04,60.34,7.03
2023-01-10 11:00,1,11,Weekday,Winter,Yes,71.36,63.22,10.56
2023-01-10 12:00,1,12,Weekday,Winter,Yes,71.93,64.56,12.99
2023-01-10 13:00,1,13,Weekday,Winter,Yes,72.36,65.57,15.89
2023-01-10 14:00,1,14,Weekday,Winter,Yes,72.99,67.18,18.43
2023-01-10 15:00,1,15,Weekday,Winter,Yes,73.54,68.0,19.61
2023-01-10 16:00,1,16,Weekday,Winter,Yes,73.68,67.37,17.91
2023-01-10 17:00,1,17,Weekday,Winter,Yes,72.98,64.08,12.81
2023-01-10 18:00,1,18,Weekday,Winter,No,71.61,62.06,10.1
2023-01-10 19:00,1,19,Weekday,Winter,No,71.07,60.9,8.57
2023-01-10 20:00,1,20,Weekday,Winter,No,70.54,57.66,4.51
2023-01-10 21:00,1,21,Weekday,Winter,No,70.27,55.42,1.65
2023-01-10 22:00,1,22,Weekday,Winter,No,71.81,53.88,0.0
2023-01-10 23:00,1,23,Weekday,Winter,No,71.83,53.06,0.0
2023-01-11 00:00,1,0,Weekday,Winter,No,71.29,49.49,0.0
2023-01-11 01:00,1,1,Weekday,Winter,No,70.69,46.42,0.0
2023-01-11 02:00,1,2,Weekday,Winter,No,70.31,46.04,0.0
2023-01-11 03:00,1,3,Weekday,Winter,No,70.01,46.04,0.0
2023-01-11 04:00,1,4,Weekday,Winter,No,69.82,47.72,0.0
2023-01-11 05:00,1,5,Weekday,Winter,No,69.58,46.61,0.0
2023-01-11 06:00,1,6,Weekday,Winter,No,69.99,44.96,0.0
2023-01-11 07:00,1,7,Weekday,Winter,No,69.98,47.9,0.0
2023-01-11 08:00,1,8,Weekday,Winter,Yes,71.07,51.78,0.0
2023-01-11 09:00,1,9,Weekday,Winter,Yes,72.32,56.52,2.78
2023-01-11 10:00,1,10,Weekday,Winter,Yes,72.51,60.78,7.94
2023-01-11 11:00,1,11,Weekday,Winter,Yes,72.45,63.22,11.9
2023-01-11 12:00,1,12,Weekday,Winter,Yes,72.15,65.19,15.61
2023-01-11 13:00,1,13,Weekday,Winter,Yes,72.66,66.54,18.59
2023-01-11 14:00,1,14,Weekday,Winter,Yes,73.27,66.92,18.88
2023-01-11 15:00,1,15,Weekday,Winter,Yes,73.67,66.92,18.2
2023-01-11 16:00,1,16,Weekday,Winter,Yes,73.76,65.76,15.7
2023-01-11 17:00,1,17,Weekday,Winter,Yes,73.0,63.78,11.94
2023-01-11 18:00,1,18,Weekday,Winter,No,71.61,60.02,6.64
2023-01-11 19:00,1,19,Weekday,Winter,No,71.05,56.76,2.86
2023-01-11 20:00,1,20,Weekday,Winter,No,70.57,53.63,0.28
2023-01-11 21:00,1,21,Weekday,Winter,No,70.31,51.98,0.0
2023-01-11 22:00,1,22,Weekday,Winter,No,71.53,50.2,0.0
2023-01-11 23:00,1,23,Weekday,Winter,No,71.33,47.76,0.0
2023-01-12 00:00,1,0,Weekday,Winter,No,70.86,46.42,0.0
2023-01-12 01:00,1,1,Weekday,Winter,No,70.51,46.56,0.0
2023-01-12 02:00,1,2,Weekday,Winter,No,70.13,45.78,0.0
2023-01-12 03:00,1,3,Weekday,Winter,No,69.65,43.28,0.0
2023-01-12 04:00,1,4,Weekday,Winter,No,69.32,43.76,0.0
2023-01-12 05:00,1,5,Weekday,Winter,No,69.03,42.65,0.0
2023-01-12 06:00,1,6,Weekday,Winter,No,69.99,38.69,0.0
2023-01-12 07:00,1,7,Weekday,Winter,No,69.99,38.72,0.0
2023-01-12 08:00,1,8,Weekday,Winter,Yes,70.95,44.64,0.0
2023-01-12 09:00,1,9,Weekday,Winter,Yes,72.21,52.64,0.41
2023-01-12 10:00,1,10,Weekday,Winter,Yes,72.45,60.67,7.88
2023-01-12 11:00,1,11,Weekday,Winter,Yes,72.38,66.35,16.62
2023-01-12 12:00,1,12,Weekday,Winter,Yes,72.13,69.78,23.5
2023-01-12 13:00,1,13,Weekday,Winter,Yes,72.72,71.58,28.06
2023-01-12 14:00,1,14,Weekday,Winter,Yes,73.42,71.96,28.65
2023-01-12 15:00,1,15,Weekday,Winter,Yes,73.86,72.59,29.75
2023-01-12 16:00,1,16,Weekday,Winter,Yes,73.9,73.04,30.29
2023-01-12 17:00,1,17,Weekday,Winter,Yes,73.28,69.47,20.69
2023-01-12 18:00,1,18,Weekday,Winter,No,71.9,65.24,13.16
2023-01-12 19:00,1,19,Weekday,Winter,No,71.23,58.79,5.24
2023-01-12 20:00,1,20,Weekday,Winter,No,70.67,54.41,0.28
2023-01-12 21:00,1,21,Weekday,Winter,No,70.39,53.43,0.0
2023-01-12 22:00,1,22,Weekday,Winter,No,71.71,50.64,0.0
2023-01-12 23:00,1,23,Weekday,Winter,No,71.46,47.76,0.0
2023-01-13 00:00,1,0,Weekday,Winter,No,70.91,45.78,0.0
2023-01-13 01:00,1,1,Weekday,Winter,No,70.46,44.96,0.0
2023-01-13 02:00,1,2,Weekday,Winter,No,70.1,44.96,0.0
2023-01-13 03:00,1,3,Weekday,Winter,No,69.73,44.44,0.0
2023-01-13 04:00,1,4,Weekday,Winter,No,69.31,42.9,0.0
2023-01-13 05:00,1,5,Weekday,Winter,No,68.99,42.08,0.0
2023-01-13 06:00,1,6,Weekday,Winter,No,70.0,40.82,0.0
2023-01-13 07:00,1,7,Weekday,Winter,No,70.0,39.92,0.0
2023-01-13 08:00,1,8,Weekday,Winter,Yes,70.98,44.02,0.0
2023-01-13 09:00,1,9,Weekday,Winter,Yes,72.19,50.51,0.0
2023-01-13 10:00,1,10,Weekday,Winter,Yes,72.42,56.52,2.82
2023-01-13 11:00,1,11,Weekday,Winter,Yes,72.34,61.94,10.37
2023-01-13 12:00,1,12,Weekday,Winter,Yes,72.09,66.35,18.04
2023-01-13 13:00,1,13,Weekday,Winter,Yes,72.69,69.16,23.75
2023-01-13 14:00,1,14,Weekday,Winter,Yes,73.41,71.14,26.89
2023-01-13 15:00,1,15,Weekday,Winter,Yes,73.85,71.44,26.93
2023-01-13 16:00,1,16,Weekday,Winter,Yes,73.89,69.9,23.32
2023-01-13 17:00,1,17,Weekday,Winter,Yes,73.19,66.14,15.42
2023-01-13 18:00,1,18,Weekday,Winter,No,71.77,61.1,7.93
2023-01-13 19:00,1,19,Weekday,Winter,No,71.17,57.85,4.08
2023-01-13 20:00,1,20,Weekday,Winter,No,70.64,52.92,0.4
2023-01-13 21:00,1,21,Weekday,Winter,No,70.34,48.22,0.0
2023-01-13 22:00,1,22,Weekday,Winter,No,71.28,45.78,0.0
2023-01-13 23:00,1,23,Weekday,Winter,No,70.96,43.28,0.0
2023-01-14 00:00,1,0,Weekend,Winter,No,70.22,42.08,0.0
2023-01-14 01:00,1,1,Weekend,Winter,No,69.66,40.82,0.0
2023-01-14 02:00,1,2,Weekend,Winter,No,69.19,40.55,0.0
2023-01-14 03:00,1,3,Weekend,Winter,No,68.83,41.0,0.0
2023-01-14 04:00,1,4,Weekend,Winter,No,68.46,41.0,0.0
2023-01-14 05:00,1,5,Weekend,Winter,No,68.12,41.0,0.0
2023-01-14 06:00,1,6,Weekend,Winter,No,69.96,41.0,0.0
2023-01-14 07:00,1,7,Weekend,Winter,No,69.9,41.63,0.0
2023-01-14 08:00,1,8,Weekend,Winter,No,70.12,44.92,0.0
2023-01-14 09:00,1,9,Weekend,Winter,No,71.0,51.66,0.16
2023-01-14 10:00,1,10,Weekend,Winter,No,71.41,59.14,5.67
2023-01-14 11:00,1,11,Weekend,Winter,No,71.29,64.9,13.83
2023-01-14 12:00,1,12,Weekend,Winter,No,71.23,69.34,21.71
2023-01-14 13:00,1,13,Weekend,Winter,No,71.29,73.37,28.6
2023-01-14 14:00,1,14,Weekend,Winter,No,71.36,75.02,29.91
2023-01-14 15:00,1,15,Weekend,Winter,No,71.81,75.02,29.66
2023-01-14 16:00,1,16,Weekend,Winter,No,72.1,74.39,27.72
2023-01-14 17:00,1,17,Weekend,Winter,No,71.28,71.1,21.53
2023-01-14 18:00,1,18,Weekend,Winter,No,72.98,66.14,0.0
2023-01-14 19:00,1,19,Weekend,Winter,No,72.72,60.47,0.0
2023-01-14 20:00,1,20,Weekend,Winter,No,71.94,55.61,0.0
2023-01-14 21:00,1,21,Weekend,Winter,No,71.22,51.65,0.0
2023-01-14 22:00,1,22,Weekend,Winter,No,70.61,49.37,0.0
2023-01-14 23:00,1,23,Weekend,Winter,No,70.12,47.76,0.0
2023-01-15 00:00,1,0,Weekend,Winter,No,69.79,48.72,0.0
2023-01-15 01:00,1,1,Weekend,Winter,No,69.44,48.22,0.0
2023-01-15 02:00,1,2,Weekend,Winter,No,68.93,45.26,0.0
2023-01-15 03:00,1,3,Weekend,Winter,No,68.6,45.74,0.0
2023-01-15 04:00,1,4,Weekend,Winter,No,68.4,46.94,0.0
2023-01-15 05:00,1,5,Weekend,Winter,No,68.33,49.36,0.0
2023-01-15 06:00,1,6,Weekend,Winter,No,68.31,51.08,0.0
2023-01-15 07:00,1,7,Weekend,Winter,No,68.19,48.14,0.0
2023-01-15 08:00,1,8,Weekend,Winter,No,69.55,50.14,0.0
2023-01-15 09:00,1,9,Weekend,Winter,No,69.56,54.74,0.0
2023-01-15 10:00,1,10,Weekend,Winter,No,69.7,58.36,0.0
2023-01-15 11:00,1,11,Weekend,Winter,No,70.64,62.39,0.0
2023-01-15 12:00,1,12,Weekend,Winter,No,71.37,65.72,0.0
2023-01-15 13:00,1,13,Weekend,Winter,No,71.46,67.55,0.0
2023-01-15 14:00,1,14,Weekend,Winter,No,71.73,68.0,0.0
2023-01-15 15:00,1,15,Weekend,Winter,No,72.06,67.37,0.0
2023-01-15 16:00,1,16,Weekend,Winter,No,73.02,66.4,0.0
2023-01-15 17:00,1,17,Weekend,Winter,No,72.41,64.86,0.0
2023-01-15 18:00,1,18,Weekend,Winter,No,71.46,64.04,0.0
2023-01-15 19:00,1,19,Weekend,Winter,No,71.18,64.04,0.0
2023-01-15 20:00,1,20,Weekend,Winter,No,70.92,62.89,0.0
2023-01-15 21:00,1,21,Weekend,Winter,No,70.75,62.58,0.0
2023-01-15 22:00,1,22,Weekend,Winter,No,70.64,62.44,0.0
2023-01-15 23:00,1,23,Weekend,Winter,No,70.46,61.43,0.0
2023-01-16 00:00,1,0,Weekday,Winter,No,70.39,61.61,0.0
2023-01-16 01:00,1,1,Weekday,Winter,No,70.26,61.43,0.0
2023-01-16 02:00,1,2,Weekday,Winter,No,70.16,60.98,0.0
2023-01-16 03:00,1,3,Weekday,Winter,No,70.0,59.2,0.0
2023-01-16 04:00,1,4,Weekday,Winter,No,69.8,58.55,0.0
2023-01-16 05:00,1,5,Weekday,Winter,No,69.77,59.0,0.0
2023-01-16 06:00,1,6,Weekday,Winter,No,69.65,57.85,0.0
2023-01-16 07:00,1,7,Weekday,Winter,No,69.47,57.02,0.0
2023-01-16 08:00,1,8,Weekday,Winter,Yes,69.47,57.54,0.0
2023-01-16 09:00,1,9,Weekday,Winter,Yes,69.95,59.7,0.0
2023-01-16 10:00,1,10,Weekday,Winter,Yes,70.61,61.61,0.0
2023-01-16 11:00,1,11,Weekday,Winter,Yes,70.8,63.22,0.0
2023-01-16 12:00,1,12,Weekday,Winter,Yes,70.97,64.04,0.0
2023-01-16 13:00,1,13,Weekday,Winter,Yes,71.09,64.04,0.0
2023-01-16 14:00,1,14,Weekday,Winter,Yes,71.32,64.04,0.0
2023-01-16 15:00,1,15,Weekday,Winter,Yes,72.93,64.56,0.0
2023-01-16 16:00,1,16,Weekday,Winter,Yes,73.94,65.57,0.0
2023-01-16 17:00,1,17,Weekday,Winter,Yes,72.99,64.24,0.0
2023-01-16 18:00,1,18,Weekday,Winter,No,71.5,61.28,0.0
2023-01-16 19:00,1,19,Weekday,Winter,No,70.93,59.45,0.0
2023-01-16 20:00,1,20,Weekday,Winter,No,70.56,57.22,0.0
2023-01-16 21:00,1,21,Weekday,Winter,No,70.12,55.42,0.0
2023-01-16 22:00,1,22,Weekday,Winter,No,69.79,54.41,0.0
2023-01-16 23:00,1,23,Weekday,Winter,No,69.53,52.8,0.0
2023-01-17 00:00,1,0,Weekday,Winter,No,69.53,51.98,0.0
2023-01-17 01:00,1,1,Weekday,Winter,No,69.42,51.98,0.0
2023-01-17 02:00,1,2,Weekday,Winter,No,69.26,51.98,0.0
2023-01-17 03:00,1,3,Weekday,Winter,No,69.04,50.82,0.0
2023-01-17 04:00,1,4,Weekday,Winter,No,68.79,50.0,0.0
2023-01-17 05:00,1,5,Weekday,Winter,No,68.69,49.37,0.0
2023-01-17 06:00,1,6,Weekday,Winter,No,69.83,48.92,0.0
2023-01-17 07:00,1,7,Weekday,Winter,No,69.81,48.92,0.0
2023-01-17 08:00,1,8,Weekday,Winter,Yes,70.31,49.55,0.0
2023-01-17 09:00,1,9,Weekday,Winter,Yes,70.85,51.16,0.0
2023-01-17 10:00,1,10,Weekday,Winter,Yes,71.84,53.76,0.27
2023-01-17 11:00,1,11,Weekday,Winter,Yes,71.87,56.2,2.85
2023-01-17 12:00,1,12,Weekday,Winter,Yes,71.61,58.18,5.69
2023-01-17 13:00,1,13,Weekday,Winter,Yes,71.93,60.16,8.38
2023-01-17 14:00,1,14,Weekday,Winter,Yes,72.47,61.61,10.06
2023-01-17 15:00,1,15,Weekday,Winter,Yes,73.02,62.58,10.96
2023-01-17 16:00,1,16,Weekday,Winter,Yes,73.26,61.28,8.78
2023-01-17 17:00,1,17,Weekday,Winter,Yes,72.5,57.66,4.04
2023-01-17 18:00,1,18,Weekday,Winter,No,71.04,54.78,0.7
2023-01-17 19:00,1,19,Weekday,Winter,No,70.62,51.65,0.0
2023-01-17 20:00,1,20,Weekday,Winter,No,70.21,49.37,0.0
2023-01-17 21:00,1,21,Weekday,Winter,No,70.02,47.76,0.0
2023-01-17 22:00,1,22,Weekday,Winter,No,70.67,47.57,0.0
2023-01-17 23:00,1,23,Weekday,Winter,No,70.32,45.08,0.0
2023-01-18 00:00,1,0,Weekday,Winter,No,69.59,41.2,0.0
2023-01-18 01:00,1,1,Weekday,Winter,No,69.08,39.92,0.0
2023-01-18 02:00,1,2,Weekday,Winter,No,68.73,40.55,0.0
2023-01-18 03:00,1,3,Weekday,Winter,No,68.38,40.37,0.0
2023-01-18 04:00,1,4,Weekday,Winter,No,67.99,39.4,0.0
2023-01-18 05:00,1,5,Weekday,Winter,No,67.65,38.39,0.0
2023-01-18 06:00,1,6,Weekday,Winter,No,69.9,38.57,0.0
2023-01-18 07:00,1,7,Weekday,Winter,No,69.9,39.54,0.0
2023-01-18 08:00,1,8,Weekday,Winter,Yes,70.69,41.7,0.0
2023-01-18 09:00,1,9,Weekday,Winter,Yes,71.89,46.44,0.0
2023-01-18 10:00,1,10,Weekday,Winter,Yes,72.12,51.34,0.0
2023-01-18 11:00,1,11,Weekday,Winter,Yes,72.03,54.74,0.82
2023-01-18 12:00,1,12,Weekday,Winter,Yes,71.78,56.57,2.78
2023-01-18 13:00,1,13,Weekday,Winter,Yes,72.08,57.54,4.16
2023-01-18 14:00,1,14,Weekday,Winter,Yes,72.4,57.4,3.7
2023-01-18 15:00,1,15,Weekday,Winter,Yes,72.78,57.54,3.89
2023-01-18 16:00,1,16,Weekday,Winter,Yes,73.05,57.4,3.71
2023-01-18 17:00,1,17,Weekday,Winter,Yes,72.19,54.08,0.67
2023-01-18 18:00,1,18,Weekday,Winter,No,70.93,50.82,0.0
2023-01-18 19:00,1,19,Weekday,Winter,No,70.55,49.37,0.0
2023-01-18 20:00,1,20,Weekday,Winter,No,70.18,46.61,0.0
2023-01-18 21:00,1,21,Weekday,Winter,No,70.04,42.65,0.0
2023-01-18 22:00,1,22,Weekday,Winter,No,69.92,39.22,0.0
2023-01-18 23:00,1,23,Weekday,Winter,No,69.3,36.78,0.0
2023-01-19 00:00,1,0,Weekday,Winter,No,68.69,35.96,0.0
2023-01-19 01:00,1,1,Weekday,Winter,No,68.15,34.8,0.0
2023-01-19 02:00,1,2,Weekday,Winter,No,67.57,32.83,0.0
2023-01-19 03:00,1,3,Weekday,Winter,No,67.0,30.84,0.0
2023-01-19 04:00,1,4,Weekday,Winter,No,66.51,30.54,0.0
2023-01-19 05:00,1,5,Weekday,Winter,No,66.1,29.76,0.0
2023-01-19 06:00,1,6,Weekday,Winter,No,69.88,30.1,0.0
2023-01-19 07:00,1,7,Weekday,Winter,No,69.89,31.55,0.0
2023-01-19 08:00,1,8,Weekday,Winter,Yes,70.28,36.62,0.0
2023-01-19 09:00,1,9,Weekday,Winter,Yes,70.43,42.86,0.0
2023-01-19 10:00,1,10,Weekday,Winter,Yes,70.78,46.74,0.0
2023-01-19 11:00,1,11,Weekday,Winter,Yes,71.13,51.48,0.0
2023-01-19 12:00,1,12,Weekday,Winter,Yes,71.47,55.74,1.73
2023-01-19 13:00,1,13,Weekday,Winter,Yes,71.77,58.18,4.63
2023-01-19 14:00,1,14,Weekday,Winter,Yes,72.17,60.78,7.99
2023-01-19 15:00,1,15,Weekday,Winter,Yes,72.34,62.06,9.17
2023-01-19 16:00,1,16,Weekday,Winter,Yes,71.82,61.43,8.44
2023-01-19 17:00,1,17,Weekday,Winter,Yes,71.28,59.82,6.6
2023-01-19 18:00,1,18,Weekday,Winter,No,70.63,57.22,3.37
2023-01-19 19:00,1,19,Weekday,Winter,No,70.3,53.63,0.28
2023-01-19 20:00,1,20,Weekday,Winter,No,70.04,49.67,0.0
2023-01-19 21:00,1,21,Weekday,Winter,No,69.95,46.24,0.0
2023-01-19 22:00,1,22,Weekday,Winter,No,69.94,44.44,0.0
2023-01-19 23:00,1,23,Weekday,Winter,No,69.54,42.28,0.0
2023-01-20 00:00,1,0,Weekday,Winter,No,68.78,38.69,0.0
2023-01-20 01:00,1,1,Weekday,Winter,No,68.19,37.56,0.0
2023-01-20 02:00,1,2,Weekday,Winter,No,67.71,36.26,0.0
2023-01-20 03:00,1,3,Weekday,Winter,No,67.2,35.06,0.0
2023-01-20 04:00,1,4,Weekday,Winter,No,66.7,33.9,0.0
2023-01-20 05:00,1,5,Weekday,Winter,No,66.23,32.45,0.0
2023-01-20 06:00,1,6,Weekday,Winter,No,69.86,32.63,0.0
2023-01-20 07:00,1,7,Weekday,Winter,No,69.87,31.82,0.0
2023-01-20 08:00,1,8,Weekday,Winter,Yes,70.49,35.02,0.0
2023-01-20 09:00,1,9,Weekday,Winter,Yes,71.49,43.19,0.0
2023-01-20 10:00,1,10,Weekday,Winter,Yes,71.86,49.36,0.0
2023-01-20 11:00,1,11,Weekday,Winter,Yes,71.73,52.24,0.0
2023-01-20 12:00,1,12,Weekday,Winter,Yes,71.5,54.22,0.35
2023-01-20 13:00,1,13,Weekday,Winter,Yes,71.73,56.2,2.65
2023-01-20 14:00,1,14,Weekday,Winter,Yes,72.19,57.54,4.38
2023-01-20 15:00,1,15,Weekday,Winter,Yes,72.73,58.55,5.5
2023-01-20 16:00,1,16,Weekday,Winter,Yes,73.05,57.85,4.45
2023-01-20 17:00,1,17,Weekday,Winter,Yes,72.33,54.71,0.92
2023-01-20 18:00,1,18,Weekday,Winter,No,70.96,51.28,0.0
2023-01-20 19:00,1,19,Weekday,Winter,No,70.55,48.22,0.0
2023-01-20 20:00,1,20,Weekday,Winter,No,70.15,44.63,0.0
2023-01-20 21:00,1,21,Weekday,Winter,No,70.0,41.82,0.0
2023-01-20 22:00,1,22,Weekday,Winter,No,69.68,38.06,0.0
2023-01-20 23:00,1,23,Weekday,Winter,No,68.95,34.8,0.0
2023-01-21 00:00,1,0,Weekend,Winter,No,68.11,33.98,0.0
2023-01-21 01:00,1,1,Weekend,Winter,No,67.47,32.83,0.0
2023-01-21 02:00,1,2,Weekend,Winter,No,66.89,32.0,0.0
2023-01-21 03:00,1,3,Weekend,Winter,No,66.43,32.0,0.0
2023-01-21 04:00,1,4,Weekend,Winter,No,66.0,32.0,0.0
2023-01-21 05:00,1,5,Weekend,Winter,No,65.6,32.0,0.0
2023-01-21 06:00,1,6,Weekend,Winter,No,69.84,32.0,0.0
2023-01-21 07:00,1,7,Weekend,Winter,No,69.82,32.0,0.0
2023-01-21 08:00,1,8,Weekend,Winter,No,69.94,36.1,0.0
2023-01-21 09:00,1,9,Weekend,Winter,No,70.58,43.64,0.0
2023-01-21 10:00,1,10,Weekend,Winter,No,70.98,49.88,0.0
2023-01-21 11:00,1,11,Weekend,Winter,No,71.06,55.44,1.73
2023-01-21 12:00,1,12,Weekend,Winter,No,71.04,59.7,6.7
2023-01-21 13:00,1,13,Weekend,Winter,No,71.02,62.14,10.25
2023-01-21 14:00,1,14,Weekend,Winter,No,71.03,64.74,13.71
2023-01-21 15:00,1,15,Weekend,Winter,No,71.42,66.54,15.83
2023-01-21 16:00,1,16,Weekend,Winter,No,71.65,65.76,14.03
2023-01-21 17:00,1,17,Weekend,Winter,No,70.82,62.1,9.15
2023-01-21 18:00,1,18,Weekend,Winter,No,71.41,56.51,0.0
2023-01-21 19:00,1,19,Weekend,Winter,No,70.91,52.8,0.0
2023-01-21 20:00,1,20,Weekend,Winter,No,70.16,48.52,0.0
2023-01-21 21:00,1,21,Weekend,Winter,No,69.31,43.73,0.0
2023-01-21 22:00,1,22,Weekend,Winter,No,68.6,41.45,0.0
2023-01-21 23:00,1,23,Weekend,Winter,No,67.99,39.84,0.0
2023-01-22 00:00,1,0,Weekend,Winter,No,67.43,38.39,0.0
2023-01-22 01:00,1,1,Weekend,Winter,No,66.93,37.42,0.0
2023-01-22 02:00,1,2,Weekend,Winter,No,66.52,37.56,0.0
2023-01-22 03:00,1,3,Weekend,Winter,No,66.18,37.94,0.0
2023-01-22 04:00,1,4,Weekend,Winter,No,65.86,37.94,0.0
2023-01-22 05:00,1,5,Weekend,Winter,No,65.5,37.42,0.0
2023-01-22 06:00,1,6,Weekend,Winter,No,65.14,37.04,0.0
2023-01-22 07:00,1,7,Weekend,Winter,No,65.36,38.2,0.0
2023-01-22 08:00,1,8,Weekend,Winter,No,67.63,44.27,0.0
2023-01-22 09:00,1,9,Weekend,Winter,No,69.9,51.48,0.0
2023-01-22 10:00,1,10,Weekend,Winter,No,71.38,58.06,0.0
2023-01-22 11:00,1,11,Weekend,Winter,No,70.98,63.29,0.0
2023-01-22 12:00,1,12,Weekend,Winter,No,69.98,66.72,4.91
2023-01-22 13:00,1,13,Weekend,Winter,No,69.9,68.63,9.22
2023-01-22 14:00,1,14,Weekend,Winter,No,70.59,69.08,10.9
2023-01-22 15:00,1,15,Weekend,Winter,No,71.02,69.08,5.86
2023-01-22 16:00,1,16,Weekend,Winter,No,71.96,67.82,0.0
2023-01-22 17:00,1,17,Weekend,Winter,No,73.23,64.61,0.0
2023-01-22 18:00,1,18,Weekend,Winter,No,71.62,60.02,0.0
2023-01-22 19:00,1,19,Weekend,Winter,No,70.68,57.4,0.0
2023-01-22 20:00,1,20,Weekend,Winter,No,70.2,57.02,0.0
2023-01-22 21:00,1,21,Weekend,Winter,No,69.69,54.71,0.0
2023-01-22 22:00,1,22,Weekend,Winter,No,68.97,50.12,0.0
2023-01-22 23:00,1,23,Weekend,Winter,No,68.3,46.24,0.0
2023-01-23 00:00,1,0,Weekday,Winter,No,68.02,45.59,0.0
2023-01-23 01:00,1,1,Weekday,Winter,No,67.68,44.89,0.0
2023-01-23 02:00,1,2,Weekday,Winter,No,67.26,43.43,0.0
2023-01-23 03:00,1,3,Weekday,Winter,No,66.83,41.82,0.0
2023-01-23 04:00,1,4,Weekday,Winter,No,66.51,41.0,0.0
2023-01-23 05:00,1,5,Weekday,Winter,No,66.28,39.84,0.0
2023-01-23 06:00,1,6,Weekday,Winter,No,69.8,39.02,0.0
2023-01-23 07:00,1,7,Weekday,Winter,No,69.8,39.54,0.0
2023-01-23 08:00,1,8,Weekday,Winter,Yes,70.13,42.34,0.0
2023-01-23 09:00,1,9,Weekday,Winter,Yes,70.15,45.74,0.0
2023-01-23 10:00,1,10,Weekday,Winter,Yes,70.15,48.1,0.0
2023-01-23 11:00,1,11,Weekday,Winter,Yes,70.28,50.7,0.0
2023-01-23 12:00,1,12,Weekday,Winter,Yes,70.24,53.14,0.0
2023-01-23 13:00,1,13,Weekday,Winter,Yes,70.82,50.5,0.0
2023-01-23 14:00,1,14,Weekday,Winter,Yes,70.63,47.39,0.0
2023-01-23 15:00,1,15,Weekday,Winter,Yes,71.63,46.94,0.0
2023-01-23 16:00,1,16,Weekday,Winter,Yes,72.31,46.42,0.0
2023-01-23 17:00,1,17,Weekday,Winter,Yes,71.38,44.89,0.0
2023-01-23 18:00,1,18,Weekday,Winter,No,70.18,44.58,0.0
2023-01-23 19:00,1,19,Weekday,Winter,No,69.99,43.8,0.0
2023-01-23 20:00,1,20,Weekday,Winter,No,69.86,40.67,0.0
2023-01-23 21:00,1,21,Weekday,Winter,No,69.83,39.54,0.0
2023-01-23 22:00,1,22,Weekday,Winter,No,68.53,36.46,0.0
2023-01-23 23:00,1,23,Weekday,Winter,No,67.61,33.98,0.0
2023-01-24 00:00,1,0,Weekday,Winter,No,66.94,32.83,0.0
2023-01-24 01:00,1,1,Weekday,Winter,No,66.35,31.37,0.0
2023-01-24 02:00,1,2,Weekday,Winter,No,65.86,30.92,0.0
2023-01-24 03:00,1,3,Weekday,Winter,No,65.46,30.92,0.0
2023-01-24 04:00,1,4,Weekday,Winter,No,65.06,30.4,0.0
2023-01-24 05:00,1,5,Weekday,Winter,No,64.68,29.39,0.0
2023-01-24 06:00,1,6,Weekday,Winter,No,69.77,27.26,0.0
2023-01-24 07:00,1,7,Weekday,Winter,No,69.82,26.58,0.0
2023-01-24 08:00,1,8,Weekday,Winter,Yes,70.31,31.06,0.0
2023-01-24 09:00,1,9,Weekday,Winter,Yes,71.11,36.29,0.0
2023-01-24 10:00,1,10,Weekday,Winter,Yes,71.52,40.36,0.0
2023-01-24 11:00,1,11,Weekday,Winter,Yes,71.47,43.76,0.0
2023-01-24 12:00,1,12,Weekday,Winter,Yes,71.37,47.27,0.0
2023-01-24 13:00,1,13,Weekday,Winter,Yes,71.47,50.18,0.0
2023-01-24 14:00,1,14,Weekday,Winter,Yes,71.76,52.76,0.0
2023-01-24 15:00,1,15,Weekday,Winter,Yes,72.23,54.59,0.45
2023-01-24 16:00,1,16,Weekday,Winter,Yes,72.59,55.04,0.98
2023-01-24 17:00,1,17,Weekday,Winter,Yes,71.93,52.73,0.04
2023-01-24 18:00,1,18,Weekday,Winter,No,70.68,49.82,0.0
2023-01-24 19:00,1,19,Weekday,Winter,No,70.27,46.61,0.0
2023-01-24 20:00,1,20,Weekday,Winter,No,69.97,44.96,0.0
2023-01-24 21:00,1,21,Weekday,Winter,No,69.88,40.34,0.0
2023-01-24 22:00,1,22,Weekday,Winter,No,68.94,35.26,0.0
2023-01-24 23:00,1,23,Weekday,Winter,No,68.23,33.98,0.0
2023-01-25 00:00,1,0,Weekday,Winter,No,68.0,39.23,0.0
2023-01-25 01:00,1,1,Weekday,Winter,No,67.99,44.14,0.0
2023-01-25 02:00,1,2,Weekday,Winter,No,67.67,42.65,0.0
2023-01-25 03:00,1,3,Weekday,Winter,No,67.4,43.31,0.0
2023-01-25 04:00,1,4,Weekday,Winter,No,67.31,44.96,0.0
2023-01-25 05:00,1,5,Weekday,Winter,No,67.16,44.44,0.0
2023-01-25 06:00,1,6,Weekday,Winter,No,69.85,42.9,0.0
2023-01-25 07:00,1,7,Weekday,Winter,No,69.85,43.76,0.0
2023-01-25 08:00,1,8,Weekday,Winter,Yes,70.61,47.27,0.0
2023-01-25 09:00,1,9,Weekday,Winter,Yes,71.62,51.86,0.0
2023-01-25 10:00,1,10,Weekday,Winter,Yes,71.92,55.74,1.74
2023-01-25 11:00,1,11,Weekday,Winter,Yes,71.86,58.8,5.37
2023-01-25 12:00,1,12,Weekday,Winter,Yes,71.6,61.24,8.55
2023-01-25 13:00,1,13,Weekday,Winter,Yes,71.85,63.22,11.69
2023-01-25 14:00,1,14,Weekday,Winter,Yes,72.37,65.19,14.46
2023-01-25 15:00,1,15,Weekday,Winter,Yes,72.9,66.02,15.35
2023-01-25 16:00,1,16,Weekday,Winter,Yes,73.19,65.39,14.2
2023-01-25 17:00,1,17,Weekday,Winter,Yes,72.57,63.78,11.75
2023-01-25 18:00,1,18,Weekday,Winter,No,71.09,60.65,7.37
2023-01-25 19:00,1,19,Weekday,Winter,No,70.61,55.54,1.73
2023-01-25 20:00,1,20,Weekday,Winter,No,70.2,52.43,0.0
2023-01-25 21:00,1,21,Weekday,Winter,No,70.03,53.14,0.0
2023-01-25 22:00,1,22,Weekday,Winter,No,71.08,53.96,0.0
2023-01-25 23:00,1,23,Weekday,Winter,No,71.03,53.43,0.0
2023-01-26 00:00,1,0,Weekday,Winter,No,70.67,52.43,0.0
2023-01-26 01:00,1,1,Weekday,Winter,No,70.29,50.82,0.0
2023-01-26 02:00,1,2,Weekday,Winter,No,69.95,50.0,0.0
2023-01-26 03:00,1,3,Weekday,Winter,No,69.22,42.96,0.0
2023-01-26 04:00,1,4,Weekday,Winter,No,68.42,38.57,0.0
2023-01-26 05:00,1,5,Weekday,Winter,No,68.17,40.17,0.0
2023-01-26 06:00,1,6,Weekday,Winter,No,69.92,40.37,0.0
2023-01-26 07:00,1,7,Weekday,Winter,No,69.92,40.55,0.0
2023-01-26 08:00,1,8,Weekday,Winter,Yes,70.77,46.25,0.0
2023-01-26 09:00,1,9,Weekday,Winter,Yes,71.95,52.94,0.16
2023-01-26 10:00,1,10,Weekday,Winter,Yes,72.3,57.98,4.38
2023-01-26 11:00,1,11,Weekday,Winter,Yes,72.29,62.39,10.67
2023-01-26 12:00,1,12,Weekday,Winter,Yes,72.0,67.5,19.44
2023-01-26 13:00,1,13,Weekday,Winter,Yes,72.52,71.14,26.77
2023-01-26 14:00,1,14,Weekday,Winter,Yes,73.21,73.12,29.9
2023-01-26 15:00,1,15,Weekday,Winter,Yes,73.7,73.94,30.65
2023-01-26 16:00,1,16,Weekday,Winter,Yes,73.86,73.42,29.43
2023-01-26 17:00,1,17,Weekday,Winter,Yes,73.34,70.73,22.47
2023-01-26 18:00,1,18,Weekday,Winter,No,71.84,66.14,14.41
2023-01-26 19:00,1,19,Weekday,Winter,No,71.15,61.1,7.93
2023-01-26 20:00,1,20,Weekday,Winter,No,70.59,55.54,1.73
2023-01-26 21:00,1,21,Weekday,Winter,No,70.31,52.43,0.0
2023-01-26 22:00,1,22,Weekday,Winter,No,71.72,51.46,0.0
2023-01-26 23:00,1,23,Weekday,Winter,No,71.64,49.3,0.0
2023-01-27 00:00,1,0,Weekday,Winter,No,71.26,49.18,0.0
2023-01-27 01:00,1,1,Weekday,Winter,No,71.04,50.0,0.0
2023-01-27 02:00,1,2,Weekday,Winter,No,70.74,49.37,0.0
2023-01-27 03:00,1,3,Weekday,Winter,No,70.59,50.7,0.0
2023-01-27 04:00,1,4,Weekday,Winter,No,70.27,48.52,0.0
2023-01-27 05:00,1,5,Weekday,Winter,No,69.96,47.72,0.0
2023-01-27 06:00,1,6,Weekday,Winter,No,70.0,48.4,0.0
2023-01-27 07:00,1,7,Weekday,Winter,No,69.99,45.71,0.0
2023-01-27 08:00,1,8,Weekday,Winter,Yes,70.76,49.31,0.0
2023-01-27 09:00,1,9,Weekday,Winter,Yes,71.51,55.9,2.09
2023-01-27 10:00,1,10,Weekday,Winter,Yes,72.36,61.49,8.64
2023-01-27 11:00,1,11,Weekday,Winter,Yes,72.62,66.35,16.55
2023-01-27 12:00,1,12,Weekday,Winter,Yes,72.4,69.16,21.47
2023-01-27 13:00,1,13,Weekday,Winter,Yes,72.76,69.46,20.47
2023-01-27 14:00,1,14,Weekday,Winter,Yes,73.43,70.24,23.05
2023-01-27 15:00,1,15,Weekday,Winter,Yes,73.91,70.43,23.13
2023-01-27 16:00,1,16,Weekday,Winter,Yes,73.24,68.82,18.82
2023-01-27 17:00,1,17,Weekday,Winter,Yes,72.37,66.84,16.08
2023-01-27 18:00,1,18,Weekday,Winter,No,71.48,64.24,11.84
2023-01-27 19:00,1,19,Weekday,Winter,No,71.05,61.8,8.77
2023-01-27 20:00,1,20,Weekday,Winter,No,70.59,60.98,7.76
2023-01-27 21:00,1,21,Weekday,Winter,No,70.38,60.98,7.76
2023-01-27 22:00,1,22,Weekday,Winter,No,72.45,59.82,0.0
2023-01-27 23:00,1,23,Weekday,Winter,No,72.61,58.37,0.0
2023-01-28 00:00,1,0,Weekend,Winter,No,72.08,56.76,0.0
2023-01-28 01:00,1,1,Weekend,Winter,No,71.71,55.42,0.0
2023-01-28 02:00,1,2,Weekend,Winter,No,71.39,54.41,0.0
2023-01-28 03:00,1,3,Weekend,Winter,No,71.14,53.96,0.0
2023-01-28 04:00,1,4,Weekend,Winter,No,70.86,52.8,0.0
2023-01-28 05:00,1,5,Weekend,Winter,No,70.56,52.61,0.0
2023-01-28 06:00,1,6,Weekend,Winter,No,70.04,53.06,0.0
2023-01-28 07:00,1,7,Weekend,Winter,No,69.92,51.28,0.0
2023-01-28 08:00,1,8,Weekend,Winter,No,70.0,51.16,0.0
2023-01-28 09:00,1,9,Weekend,Winter,No,70.05,53.76,0.22
2023-01-28 10:00,1,10,Weekend,Winter,No,70.04,56.72,2.81
2023-01-28 11:00,1,11,Weekend,Winter,No,70.06,60.34,7.0
2023-01-28 12:00,1,12,Weekend,Winter,No,70.05,60.9,7.74
2023-01-28 13:00,1,13,Weekend,Winter,No,70.01,58.82,5.52
2023-01-28 14:00,1,14,Weekend,Winter,No,69.88,57.92,4.49
2023-01-28 15:00,1,15,Weekend,Winter,No,69.85,57.92,4.49
2023-01-28 16:00,1,16,Weekend,Winter,No,69.84,57.4,3.87
2023-01-28 17:00,1,17,Weekend,Winter,No,69.81,56.39,2.68
2023-01-28 18:00,1,18,Weekend,Winter,No,69.95,55.42,0.0
2023-01-28 19:00,1,19,Weekend,Winter,No,69.76,54.41,0.0
2023-01-28 20:00,1,20,Weekend,Winter,No,69.45,52.8,0.0
2023-01-28 21:00,1,21,Weekend,Winter,No,69.22,52.61,0.0
2023-01-28 22:00,1,22,Weekend,Winter,No,69.05,52.43,0.0
2023-01-28 23:00,1,23,Weekend,Winter,No,68.77,50.82,0.0
2023-01-29 00:00,1,0,Weekend,Winter,No,68.36,48.22,0.0
2023-01-29 01:00,1,1,Weekend,Winter,No,68.09,48.1,0.0
2023-01-29 02:00,1,2,Weekend,Winter,No,67.93,48.4,0.0
2023-01-29 03:00,1,3,Weekend,Winter,No,67.72,48.54,0.0
2023-01-29 04:00,1,4,Weekend,Winter,No,67.57,48.92,0.0
2023-01-29 05:00,1,5,Weekend,Winter,No,67.35,48.4,0.0
2023-01-29 06:00,1,6,Weekend,Winter,No,67.14,48.02,0.0
2023-01-29 07:00,1,7,Weekend,Winter,No,66.98,48.02,0.0
2023-01-29 08:00,1,8,Weekend,Winter,No,67.05,48.54,0.0
2023-01-29 09:00,1,9,Weekend,Winter,No,67.43,49.55,0.0
2023-01-29 10:00,1,10,Weekend,Winter,No,67.91,50.63,0.0
2023-01-29 11:00,1,11,Weekend,Winter,No,68.27,52.24,0.0
2023-01-29 12:00,1,12,Weekend,Winter,No,69.68,53.58,0.0
2023-01-29 13:00,1,13,Weekend,Winter,No,71.17,54.59,0.0
2023-01-29 14:00,1,14,Weekend,Winter,No,70.98,55.57,0.0
2023-01-29 15:00,1,15,Weekend,Winter,No,72.7,56.57,0.0
2023-01-29 16:00,1,16,Weekend,Winter,No,73.17,56.39,0.0
2023-01-29 17:00,1,17,Weekend,Winter,No,72.42,54.26,0.0
2023-01-29 18:00,1,18,Weekend,Winter,No,70.72,53.06,0.0
2023-01-29 19:00,1,19,Weekend,Winter,No,69.98,51.9,0.0
2023-01-29 20:00,1,20,Weekend,Winter,No,69.41,50.45,0.0
2023-01-29 21:00,1,21,Weekend,Winter,No,68.89,48.22,0.0
2023-01-29 22:00,1,22,Weekend,Winter,No,68.43,45.78,0.0
2023-01-29 23:00,1,23,Weekend,Winter,No,68.08,44.96,0.0
2023-01-30 00:00,1,0,Weekday,Winter,No,67.74,42.65,0.0
2023-01-30 01:00,1,1,Weekday,Winter,No,67.36,41.63,0.0
2023-01-30 02:00,1,2,Weekday,Winter,No,67.27,42.6,0.0
2023-01-30 03:00,1,3,Weekday,Winter,No,67.1,42.98,0.0
2023-01-30 04:00,1,4,Weekday,Winter,No,66.88,42.98,0.0
2023-01-30 05:00,1,5,Weekday,Winter,No,66.72,42.98,0.0
2023-01-30 06:00,1,6,Weekday,Winter,No,69.81,40.67,0.0
2023-01-30 07:00,1,7,Weekday,Winter,No,69.8,37.24,0.0
2023-01-30 08:00,1,8,Weekday,Winter,Yes,70.13,35.96,0.0
2023-01-30 09:00,1,9,Weekday,Winter,Yes,70.15,37.12,0.0
2023-01-30 10:00,1,10,Weekday,Winter,Yes,70.14,36.26,0.0
2023-01-30 11:00,1,11,Weekday,Winter,Yes,70.18,34.43,0.0
2023-01-30 12:00,1,12,Weekday,Winter,Yes,70.18,35.76,0.0
2023-01-30 13:00,1,13,Weekday,Winter,Yes,70.26,37.56,0.0
2023-01-30 14:00,1,14,Weekday,Winter,Yes,70.25,36.26,0.0
2023-01-30 15:00,1,15,Weekday,Winter,Yes,70.27,36.74,0.0
2023-01-30 16:00,1,16,Weekday,Winter,Yes,70.66,37.94,0.0
2023-01-30 17:00,1,17,Weekday,Winter,Yes,70.42,37.94,0.0
2023-01-30 18:00,1,18,Weekday,Winter,No,70.03,37.94,0.0
2023-01-30 19:00,1,19,Weekday,Winter,No,69.91,37.42,0.0
2023-01-30 20:00,1,20,Weekday,Winter,No,69.82,35.88,0.0
2023-01-30 21:00,1,21,Weekday,Winter,No,69.8,34.43,0.0
2023-01-30 22:00,1,22,Weekday,Winter,No,67.68,33.46,0.0
2023-01-30 23:00,1,23,Weekday,Winter,No,66.73,32.45,0.0
2023-01-31 00:00,1,0,Weekday,Winter,No,66.03,31.37,0.0
2023-01-31 01:00,1,1,Weekday,Winter,No,65.49,30.4,0.0
2023-01-31 02:00,1,2,Weekday,Winter,No,64.97,29.39,0.0
2023-01-31 03:00,1,3,Weekday,Winter,No,64.47,28.42,0.0
2023-01-31 04:00,1,4,Weekday,Winter,No,64.03,28.04,0.0
2023-01-31 05:00,1,5,Weekday,Winter,No,63.72,28.04,0.0
2023-01-31 06:00,1,6,Weekday,Winter,No,69.73,28.04,0.0
2023-01-31 07:00,1,7,Weekday,Winter,No,69.81,28.04,0.0
2023-01-31 08:00,1,8,Weekday,Winter,Yes,70.22,29.72,0.0
2023-01-31 09:00,1,9,Weekday,Winter,Yes,70.81,33.34,0.0
2023-01-31 10:00,1,10,Weekday,Winter,Yes,71.3,36.74,0.0
2023-01-31 11:00,1,11,Weekday,Winter,Yes,71.37,40.36,0.0
2023-01-31 12:00,1,12,Weekday,Winter,Yes,71.33,43.24,0.0
2023-01-31 13:00,1,13,Weekday,Winter,Yes,71.42,45.22,0.0
2023-01-31 14:00,1,14,Weekday,Winter,Yes,71.62,46.56,0.0
2023-01-31 15:00,1,15,Weekday,Winter,Yes,72.2,48.1,0.0
2023-01-31 16:00,1,16,Weekday,Winter,Yes,72.6,48.4,0.0
2023-01-31 17:00,1,17,Weekday,Winter,Yes,72.09,47.39,0.0
2023-01-31 18:00,1,18,Weekday,Winter,No,70.6,45.78,0.0
2023-01-31 19:00,1,19,Weekday,Winter,No,70.17,43.28,0.0
2023-01-31 20:00,1,20,Weekday,Winter,No,69.91,41.45,0.0
2023-01-31 21:00,1,21,Weekday,Winter,No,69.85,42.05,0.0
2023-01-31 22:00,1,22,Weekday,Winter,No,69.44,43.74,0.0
2023-01-31 23:00,1,23,Weekday,Winter,No,69.15,45.47,0.0
2023-02-01 00:00,2,0,Weekday,Winter,No,69.03,47.16,0.0
2023-02-01 01:00,2,1,Weekday,Winter,No,69.06,48.89,0.0
2023-02-01 02:00,2,2,Weekday,Winter,No,69.03,50.58,0.0
2023-02-01 03:00,2,3,Weekday,Winter,No,68.78,52.31,0.0
2023-02-01 04:00,2,4,Weekday,Winter,No,68.69,52.43,0.0
2023-02-01 05:00,2,5,Weekday,Winter,No,68.7,51.98,0.0
2023-02-01 06:00,2,6,Weekday,Winter,No,69.85,51.98,0.0
2023-02-01 07:00,2,7,Weekday,Winter,No,69.85,52.61,0.0
2023-02-01 08:00,2,8,Weekday,Winter,Yes,70.28,53.58,0.0
2023-02-01 09:00,2,9,Weekday,Winter,Yes,70.65,55.12,2.01
2023-02-01 10:00,2,10,Weekday,Winter,Yes,71.46,56.57,5.07
2023-02-01 11:00,2,11,Weekday,Winter,Yes,71.72,59.33,10.02
2023-02-01 12:00,2,12,Weekday,Winter,Yes,71.55,61.61,12.87
2023-02-01 13:00,2,13,Weekday,Winter,Yes,71.9,62.58,13.94
2023-02-01 14:00,2,14,Weekday,Winter,Yes,72.01,62.44,13.93
2023-02-01 15:00,2,15,Weekday,Winter,Yes,71.96,62.06,13.53
2023-02-01 16:00,2,16,Weekday,Winter,Yes,72.06,62.58,14.43
2023-02-01 17:00,2,17,Weekday,Winter,Yes,71.62,60.65,11.59
2023-02-01 18:00,2,18,Weekday,Winter,No,70.73,57.85,6.78
2023-02-01 19:00,2,19,Weekday,Winter,No,70.37,56.39,4.24
2023-02-01 20:00,2,20,Weekday,Winter,No,70.06,54.26,0.78
2023-02-01 21:00,2,21,Weekday,Winter,No,69.97,53.58,0.0
2023-02-01 22:00,2,22,Weekday,Winter,No,71.16,53.43,0.0
2023-02-01 23:00,2,23,Weekday,Winter,No,71.18,53.06,0.0
2023-02-02 00:00,2,0,Weekday,Winter,No,70.9,52.43,0.0
2023-02-02 01:00,2,1,Weekday,Winter,No,70.64,51.46,0.0
2023-02-02 02:00,2,2,Weekday,Winter,No,70.46,51.08,0.0
2023-02-02 03:00,2,3,Weekday,Winter,No,70.29,51.08,0.0
2023-02-02 04:00,2,4,Weekday,Winter,No,69.98,49.82,0.0
2023-02-02 05:00,2,5,Weekday,Winter,No,69.71,48.4,0.0
2023-02-02 06:00,2,6,Weekday,Winter,No,69.93,48.02,0.0
2023-02-02 07:00,2,7,Weekday,Winter,No,69.92,46.86,0.0
2023-02-02 08:00,2,8,Weekday,Winter,Yes,70.98,48.98,0.0
2023-02-02 09:00,2,9,Weekday,Winter,Yes,72.24,53.92,0.86
2023-02-02 10:00,2,10,Weekday,Winter,Yes,72.55,58.36,7.48
2023-02-02 11:00,2,11,Weekday,Winter,Yes,72.51,61.76,13.09
2023-02-02 12:00,2,12,Weekday,Winter,Yes,72.17,64.11,16.75
2023-02-02 13:00,2,13,Weekday,Winter,Yes,72.62,66.72,20.34
2023-02-02 14:00,2,14,Weekday,Winter,Yes,73.22,68.0,21.47
2023-02-02 15:00,2,15,Weekday,Winter,Yes,73.64,66.84,19.61
2023-02-02 16:00,2,16,Weekday,Winter,Yes,73.76,65.39,17.45
2023-02-02 17:00,2,17,Weekday,Winter,Yes,73.11,63.26,14.39
2023-02-02 18:00,2,18,Weekday,Winter,No,71.63,60.28,9.98
2023-02-02 19:00,2,19,Weekday,Winter,No,71.04,57.85,6.39
2023-02-02 20:00,2,20,Weekday,Winter,No,70.55,56.39,3.98
2023-02-02 21:00,2,21,Weekday,Winter,No,70.29,54.26,0.75
2023-02-02 22:00,2,22,Weekday,Winter,No,71.77,51.9,0.0
2023-02-02 23:00,2,23,Weekday,Winter,No,71.72,50.45,0.0
2023-02-03 00:00,2,0,Weekday,Winter,No,71.31,49.37,0.0
2023-02-03 01:00,2,1,Weekday,Winter,No,70.93,48.4,0.0
2023-02-03 02:00,2,2,Weekday,Winter,No,70.51,46.86,0.0
2023-02-03 03:00,2,3,Weekday,Winter,No,70.13,46.04,0.0
2023-02-03 04:00,2,4,Weekday,Winter,No,69.79,45.41,0.0
2023-02-03 05:00,2,5,Weekday,Winter,No,69.5,44.44,0.0
2023-02-03 06:00,2,6,Weekday,Winter,No,69.99,44.06,0.0
2023-02-03 07:00,2,7,Weekday,Winter,No,69.98,44.06,0.0
2023-02-03 08:00,2,8,Weekday,Winter,Yes,71.26,46.9,0.0
2023-02-03 09:00,2,9,Weekday,Winter,Yes,72.47,52.49,0.25
2023-02-03 10:00,2,10,Weekday,Winter,Yes,72.68,57.35,5.56
2023-02-03 11:00,2,11,Weekday,Winter,Yes,72.61,61.31,11.74
2023-02-03 12:00,2,12,Weekday,Winter,Yes,72.25,64.11,14.67
2023-02-03 13:00,2,13,Weekday,Winter,Yes,72.64,65.57,16.45
2023-02-03 14:00,2,14,Weekday,Winter,Yes,73.18,66.54,17.51
2023-02-03 15:00,2,15,Weekday,Winter,Yes,73.7,66.92,17.79
2023-02-03 16:00,2,16,Weekday,Winter,Yes,73.83,66.92,17.24
2023-02-03 17:00,2,17,Weekday,Winter,Yes,73.39,65.24,13.98
2023-02-03 18:00,2,18,Weekday,Winter,No,71.85,61.73,8.94
2023-02-03 19:00,2,19,Weekday,Winter,No,71.17,58.3,5.12
2023-02-03 20:00,2,20,Weekday,Winter,No,70.65,55.86,2.2
2023-02-03 21:00,2,21,Weekday,Winter,No,70.38,53.88,0.16
2023-02-03 22:00,2,22,Weekday,Winter,No,71.81,50.12,0.0
2023-02-03 23:00,2,23,Weekday,Winter,No,71.74,48.54,0.0
2023-02-04 00:00,2,0,Weekend,Winter,No,71.37,49.55,0.0
2023-02-04 01:00,2,1,Weekend,Winter,No,71.1,49.37,0.0
2023-02-04 02:00,2,2,Weekend,Winter,No,70.86,49.55,0.0
2023-02-04 03:00,2,3,Weekend,Winter,No,70.48,48.84,0.0
2023-02-04 04:00,2,4,Weekend,Winter,No,70.11,48.02,0.0
2023-02-04 05:00,2,5,Weekend,Winter,No,69.99,47.39,0.0
2023-02-04 06:00,2,6,Weekend,Winter,No,70.01,48.1,0.0
2023-02-04 07:00,2,7,Weekend,Winter,No,69.91,47.76,0.0
2023-02-04 08:00,2,8,Weekend,Winter,No,70.0,48.72,0.0
2023-02-04 09:00,2,9,Weekend,Winter,No,70.06,50.63,0.0
2023-02-04 10:00,2,10,Weekend,Winter,No,70.11,50.45,0.0
2023-02-04 11:00,2,11,Weekend,Winter,No,70.13,50.0,0.0
2023-02-04 12:00,2,12,Weekend,Winter,No,70.09,47.69,0.0
2023-02-04 13:00,2,13,Weekend,Winter,No,70.02,46.04,0.0
2023-02-04 14:00,2,14,Weekend,Winter,No,69.88,46.04,0.0
2023-02-04 15:00,2,15,Weekend,Winter,No,69.85,47.72,0.0
2023-02-04 16:00,2,16,Weekend,Winter,No,69.84,47.76,0.0
2023-02-04 17:00,2,17,Weekend,Winter,No,69.82,45.78,0.0
2023-02-04 18:00,2,18,Weekend,Winter,No,69.18,44.96,0.0
2023-02-04 19:00,2,19,Weekend,Winter,No,68.86,44.96,0.0
2023-02-04 20:00,2,20,Weekend,Winter,No,68.45,43.8,0.0
2023-02-04 21:00,2,21,Weekend,Winter,No,67.98,42.46,0.0
2023-02-04 22:00,2,22,Weekend,Winter,No,67.54,41.45,0.0
2023-02-04 23:00,2,23,Weekend,Winter,No,67.18,40.37,0.0
2023-02-05 00:00,2,0,Weekend,Winter,No,66.86,39.92,0.0
2023-02-05 01:00,2,1,Weekend,Winter,No,66.53,39.4,0.0
2023-02-05 02:00,2,2,Weekend,Winter,No,66.17,39.02,0.0
2023-02-05 03:00,2,3,Weekend,Winter,No,65.78,37.86,0.0
2023-02-05 04:00,2,4,Weekend,Winter,No,65.39,37.04,0.0
2023-02-05 05:00,2,5,Weekend,Winter,No,65.08,37.04,0.0
2023-02-05 06:00,2,6,Weekend,Winter,No,64.76,36.41,0.0
2023-02-05 07:00,2,7,Weekend,Winter,No,65.21,36.59,0.0
2023-02-05 08:00,2,8,Weekend,Winter,No,67.34,39.98,0.0
2023-02-05 09:00,2,9,Weekend,Winter,No,69.29,45.54,0.0
2023-02-05 10:00,2,10,Weekend,Winter,No,70.54,50.33,0.0
2023-02-05 11:00,2,11,Weekend,Winter,No,71.25,54.29,0.0
2023-02-05 12:00,2,12,Weekend,Winter,No,71.06,57.1,0.0
2023-02-05 13:00,2,13,Weekend,Winter,No,70.96,59.18,0.0
2023-02-05 14:00,2,14,Weekend,Winter,No,71.62,61.24,0.0
2023-02-05 15:00,2,15,Weekend,Winter,No,72.68,62.06,0.0
2023-02-05 16:00,2,16,Weekend,Winter,No,73.53,61.43,0.0
2023-02-05 17:00,2,17,Weekend,Winter,No,73.0,59.2,0.0
2023-02-05 18:00,2,18,Weekend,Winter,No,71.1,55.61,0.0
2023-02-05 19:00,2,19,Weekend,Winter,No,70.0,52.28,0.0
2023-02-05 20:00,2,20,Weekend,Winter,No,69.18,48.14,0.0
2023-02-05 21:00,2,21,Weekend,Winter,No,68.44,44.89,0.0
2023-02-05 22:00,2,22,Weekend,Winter,No,67.91,44.06,0.0
2023-02-05 23:00,2,23,Weekend,Winter,No,67.52,44.06,0.0
2023-02-06 00:00,2,0,Weekday,Winter,No,67.39,44.58,0.0
2023-02-06 01:00,2,1,Weekday,Winter,No,67.12,43.8,0.0
2023-02-06 02:00,2,2,Weekday,Winter,No,66.9,44.14,0.0
2023-02-06 03:00,2,3,Weekday,Winter,No,66.88,46.74,0.0
2023-02-06 04:00,2,4,Weekday,Winter,No,66.87,48.54,0.0
2023-02-06 05:00,2,5,Weekday,Winter,No,66.87,48.92,0.0
2023-02-06 06:00,2,6,Weekday,Winter,No,69.81,48.92,0.0
2023-02-06 07:00,2,7,Weekday,Winter,No,69.8,48.92,0.0
2023-02-06 08:00,2,8,Weekday,Winter,Yes,70.13,49.55,0.0
2023-02-06 09:00,2,9,Weekday,Winter,Yes,70.21,51.78,0.0
2023-02-06 10:00,2,10,Weekday,Winter,Yes,70.37,53.58,0.0
2023-02-06 11:00,2,11,Weekday,Winter,Yes,70.69,55.12,1.05
2023-02-06 12:00,2,12,Weekday,Winter,Yes,70.77,57.72,4.01
2023-02-06 13:00,2,13,Weekday,Winter,Yes,71.33,60.16,6.79
2023-02-06 14:00,2,14,Weekday,Winter,Yes,71.66,61.61,8.54
2023-02-06 15:00,2,15,Weekday,Winter,Yes,71.51,61.43,8.32
2023-02-06 16:00,2,16,Weekday,Winter,Yes,71.25,59.82,6.44
2023-02-06 17:00,2,17,Weekday,Winter,Yes,70.83,58.37,4.95
2023-02-06 18:00,2,18,Weekday,Winter,No,70.18,50.99,0.37
2023-02-06 19:00,2,19,Weekday,Winter,No,70.0,44.89,0.0
2023-02-06 20:00,2,20,Weekday,Winter,No,69.87,42.9,0.0
2023-02-06 21:00,2,21,Weekday,Winter,No,69.84,40.3,0.0
2023-02-06 22:00,2,22,Weekday,Winter,No,68.88,37.86,0.0
2023-02-06 23:00,2,23,Weekday,Winter,No,68.22,35.88,0.0
2023-02-07 00:00,2,0,Weekday,Winter,No,67.62,33.9,0.0
2023-02-07 01:00,2,1,Weekday,Winter,No,67.2,34.24,0.0
2023-02-07 02:00,2,2,Weekday,Winter,No,66.87,35.06,0.0
2023-02-07 03:00,2,3,Weekday,Winter,No,66.5,34.43,0.0
2023-02-07 04:00,2,4,Weekday,Winter,No,66.04,33.46,0.0
2023-02-07 05:00,2,5,Weekday,Winter,No,65.62,32.45,0.0
2023-02-07 06:00,2,6,Weekday,Winter,No,69.8,31.37,0.0
2023-02-07 07:00,2,7,Weekday,Winter,No,69.82,30.92,0.0
2023-02-07 08:00,2,8,Weekday,Winter,Yes,70.48,33.86,0.0
2023-02-07 09:00,2,9,Weekday,Winter,Yes,71.34,38.9,0.0
2023-02-07 10:00,2,10,Weekday,Winter,Yes,71.78,43.31,0.0
2023-02-07 11:00,2,11,Weekday,Winter,Yes,71.66,46.11,0.0
2023-02-07 12:00,2,12,Weekday,Winter,Yes,71.43,48.72,0.0
2023-02-07 13:00,2,13,Weekday,Winter,Yes,71.55,50.63,0.0
2023-02-07 14:00,2,14,Weekday,Winter,Yes,71.85,51.6,0.0
2023-02-07 15:00,2,15,Weekday,Winter,Yes,72.4,53.14,0.0
2023-02-07 16:00,2,16,Weekday,Winter,Yes,72.76,54.59,0.44
2023-02-07 17:00,2,17,Weekday,Winter,Yes,72.26,52.73,0.04
2023-02-07 18:00,2,18,Weekday,Winter,No,70.8,49.82,0.0
2023-02-07 19:00,2,19,Weekday,Winter,No,70.39,47.24,0.0
2023-02-07 20:00,2,20,Weekday,Winter,No,70.03,45.41,0.0
2023-02-07 21:00,2,21,Weekday,Winter,No,69.92,43.8,0.0
2023-02-07 22:00,2,22,Weekday,Winter,No,69.83,41.2,0.0
2023-02-07 23:00,2,23,Weekday,Winter,No,69.5,41.18,0.0
2023-02-08 00:00,2,0,Weekday,Winter,No,69.14,41.45,0.0
2023-02-08 01:00,2,1,Weekday,Winter,No,68.77,41.0,0.0
2023-02-08 02:00,2,2,Weekday,Winter,No,68.52,41.0,0.0
2023-02-08 03:00,2,3,Weekday,Winter,No,68.26,41.0,0.0
2023-02-08 04:00,2,4,Weekday,Winter,No,67.96,40.37,0.0
2023-02-08 05:00,2,5,Weekday,Winter,No,67.79,40.55,0.0
2023-02-08 06:00,2,6,Weekday,Winter,No,69.88,41.0,0.0
2023-02-08 07:00,2,7,Weekday,Winter,No,69.87,41.0,0.0
2023-02-08 08:00,2,8,Weekday,Winter,Yes,70.28,43.94,0.0
2023-02-08 09:00,2,9,Weekday,Winter,Yes,70.36,47.72,0.0
2023-02-08 10:00,2,10,Weekday,Winter,Yes,70.53,50.18,0.0
2023-02-08 11:00,2,11,Weekday,Winter,Yes,70.75,52.24,0.0
2023-02-08 12:00,2,12,Weekday,Winter,Yes,70.74,53.58,0.0
2023-02-08 13:00,2,13,Weekday,Winter,Yes,70.86,53.43,0.0
2023-02-08 14:00,2,14,Weekday,Winter,Yes,70.68,48.34,0.0
2023-02-08 15:00,2,15,Weekday,Winter,Yes,70.54,43.28,0.0
2023-02-08 16:00,2,16,Weekday,Winter,Yes,70.57,42.6,0.0
2023-02-08 17:00,2,17,Weekday,Winter,Yes,70.47,42.98,0.0
2023-02-08 18:00,2,18,Weekday,Winter,No,70.18,42.98,0.0
2023-02-08 19:00,2,19,Weekday,Winter,No,70.05,43.61,0.0
2023-02-08 20:00,2,20,Weekday,Winter,No,69.91,44.06,0.0
2023-02-08 21:00,2,21,Weekday,Winter,No,69.87,44.06,0.0
2023-02-08 22:00,2,22,Weekday,Winter,No,69.23,44.06,0.0
2023-02-08 23:00,2,23,Weekday,Winter,No,68.86,43.43,0.0
2023-02-09 00:00,2,0,Weekday,Winter,No,68.32,43.61,0.0
2023-02-09 01:00,2,1,Weekday,Winter,No,68.12,43.43,0.0
2023-02-09 02:00,2,2,Weekday,Winter,No,68.07,43.61,0.0
2023-02-09 03:00,2,3,Weekday,Winter,No,67.86,43.43,0.0
2023-02-09 04:00,2,4,Weekday,Winter,No,67.58,42.98,0.0
2023-02-09 05:00,2,5,Weekday,Winter,No,67.36,42.46,0.0
2023-02-09 06:00,2,6,Weekday,Winter,No,69.85,41.45,0.0
2023-02-09 07:00,2,7,Weekday,Winter,No,69.84,40.37,0.0
2023-02-09 08:00,2,8,Weekday,Winter,Yes,70.25,42.34,0.0
2023-02-09 09:00,2,9,Weekday,Winter,Yes,70.42,45.22,0.0
2023-02-09 10:00,2,10,Weekday,Winter,Yes,70.61,47.72,0.0
2023-02-09 11:00,2,11,Weekday,Winter,Yes,70.79,48.4,0.0
2023-02-09 12:00,2,12,Weekday,Winter,Yes,70.75,48.02,0.0
2023-02-09 13:00,2,13,Weekday,Winter,Yes,71.17,46.86,0.0
2023-02-09 14:00,2,14,Weekday,Winter,Yes,70.9,45.41,0.0
2023-02-09 15:00,2,15,Weekday,Winter,Yes,70.7,44.96,0.0
2023-02-09 16:00,2,16,Weekday,Winter,Yes,70.6,43.8,0.0
2023-02-09 17:00,2,17,Weekday,Winter,Yes,70.46,41.2,0.0
2023-02-09 18:00,2,18,Weekday,Winter,No,70.16,39.92,0.0
2023-02-09 19:00,2,19,Weekday,Winter,No,70.04,39.92,0.0
2023-02-09 20:00,2,20,Weekday,Winter,No,69.9,39.4,0.0
2023-02-09 21:00,2,21,Weekday,Winter,No,69.86,38.39,0.0
2023-02-09 22:00,2,22,Weekday,Winter,No,68.62,37.42,0.0
2023-02-09 23:00,2,23,Weekday,Winter,No,67.9,36.41,0.0
2023-02-10 00:00,2,0,Weekday,Winter,No,67.32,35.96,0.0
2023-02-10 01:00,2,1,Weekday,Winter,No,66.88,35.44,0.0
2023-02-10 02:00,2,2,Weekday,Winter,No,66.4,33.9,0.0
2023-02-10 03:00,2,3,Weekday,Winter,No,65.96,33.08,0.0
2023-02-10 04:00,2,4,Weekday,Winter,No,65.56,32.45,0.0
2023-02-10 05:00,2,5,Weekday,Winter,No,65.24,32.0,0.0
2023-02-10 06:00,2,6,Weekday,Winter,No,69.79,32.0,0.0
2023-02-10 07:00,2,7,Weekday,Winter,No,69.83,32.0,0.0
2023-02-10 08:00,2,8,Weekday,Winter,Yes,70.44,33.78,0.0
2023-02-10 09:00,2,9,Weekday,Winter,Yes,71.22,38.52,0.0
2023-02-10 10:00,2,10,Weekday,Winter,Yes,71.71,43.31,0.0
2023-02-10 11:00,2,11,Weekday,Winter,Yes,71.64,46.11,0.0
2023-02-10 12:00,2,12,Weekday,Winter,Yes,71.42,48.72,0.0
2023-02-10 13:00,2,13,Weekday,Winter,Yes,71.54,50.63,0.0
2023-02-10 14:00,2,14,Weekday,Winter,Yes,71.9,52.24,0.0
2023-02-10 15:00,2,15,Weekday,Winter,Yes,72.47,52.43,0.0
2023-02-10 16:00,2,16,Weekday,Winter,Yes,72.72,51.98,0.0
2023-02-10 17:00,2,17,Weekday,Winter,Yes,71.93,50.82,0.0
2023-02-10 18:00,2,18,Weekday,Winter,No,70.74,48.84,0.0
2023-02-10 19:00,2,19,Weekday,Winter,No,70.36,45.71,0.0
2023-02-10 20:00,2,20,Weekday,Winter,No,70.02,43.43,0.0
2023-02-10 21:00,2,21,Weekday,Winter,No,69.92,41.2,0.0
2023-02-10 22:00,2,22,Weekday,Winter,No,69.47,38.76,0.0
2023-02-10 23:00,2,23,Weekday,Winter,No,68.8,36.26,0.0
2023-02-11 00:00,2,0,Weekend,Winter,No,67.92,34.43,0.0
2023-02-11 01:00,2,1,Weekend,Winter,No,67.32,33.46,0.0
2023-02-11 02:00,2,2,Weekend,Winter,No,66.81,33.08,0.0
2023-02-11 03:00,2,3,Weekend,Winter,No,66.32,32.45,0.0
2023-02-11 04:00,2,4,Weekend,Winter,No,65.86,32.0,0.0
2023-02-11 05:00,2,5,Weekend,Winter,No,65.42,31.37,0.0
2023-02-11 06:00,2,6,Weekend,Winter,No,69.8,30.92,0.0
2023-02-11 07:00,2,7,Weekend,Winter,No,69.8,32.18,0.0
2023-02-11 08:00,2,8,Weekend,Winter,No,69.92,36.54,0.0
2023-02-11 09:00,2,9,Weekend,Winter,No,70.53,41.96,0.0
2023-02-11 10:00,2,10,Weekend,Winter,No,71.04,47.52,0.0
2023-02-11 11:00,2,11,Weekend,Winter,No,71.07,52.31,0.0
2023-02-11 12:00,2,12,Weekend,Winter,No,71.01,54.59,0.46
2023-02-11 13:00,2,13,Weekend,Winter,No,70.99,56.2,2.38
2023-02-11 14:00,2,14,Weekend,Winter,No,70.97,58.18,4.64
2023-02-11 15:00,2,15,Weekend,Winter,No,71.29,59.63,6.23
2023-02-11 16:00,2,16,Weekend,Winter,No,71.13,60.08,6.69
2023-02-11 17:00,2,17,Weekend,Winter,No,70.37,57.14,3.32
2023-02-11 18:00,2,18,Weekend,Winter,No,70.97,53.26,0.0
2023-02-11 19:00,2,19,Weekend,Winter,No,70.55,50.82,0.0
2023-02-11 20:00,2,20,Weekend,Winter,No,69.92,47.69,0.0
2023-02-11 21:00,2,21,Weekend,Winter,No,69.32,45.41,0.0
2023-02-11 22:00,2,22,Weekend,Winter,No,68.77,43.8,0.0
2023-02-11 23:00,2,23,Weekend,Winter,No,68.19,41.2,0.0
2023-02-12 00:00,2,0,Weekend,Winter,No,67.71,40.55,0.0
2023-02-12 01:00,2,1,Weekend,Winter,No,67.29,39.84,0.0
2023-02-12 02:00,2,2,Weekend,Winter,No,67.02,40.17,0.0
2023-02-12 03:00,2,3,Weekend,Winter,No,66.92,41.63,0.0
2023-02-12 04:00,2,4,Weekend,Winter,No,66.72,41.45,0.0
2023-02-12 05:00,2,5,Weekend,Winter,No,66.4,40.37,0.0
2023-02-12 06:00,2,6,Weekend,Winter,No,66.03,39.92,0.0
2023-02-12 07:00,2,7,Weekend,Winter,No,66.43,39.92,0.0
2023-02-12 08:00,2,8,Weekend,Winter,No,68.34,45.17,0.0
2023-02-12 09:00,2,9,Weekend,Winter,No,70.3,51.86,0.0
2023-02-12 10:00,2,10,Weekend,Winter,No,71.7,55.74,0.0
2023-02-12 11:00,2,11,Weekend,Winter,No,71.94,60.48,0.0
2023-02-12 12:00,2,12,Weekend,Winter,No,70.18,64.11,3.52
2023-02-12 13:00,2,13,Weekend,Winter,No,70.3,66.72,9.87
2023-02-12 14:00,2,14,Weekend,Winter,No,70.59,68.63,11.06
2023-02-12 15:00,2,15,Weekend,Winter,No,71.55,68.45,2.63
2023-02-12 16:00,2,16,Weekend,Winter,No,73.83,67.37,0.0
2023-02-12 17:00,2,17,Weekend,Winter,No,73.89,64.61,0.0
2023-02-12 18:00,2,18,Weekend,Winter,No,72.41,60.65,0.0
2023-02-12 19:00,2,19,Weekend,Winter,No,71.4,57.22,0.0
2023-02-12 20:00,2,20,Weekend,Winter,No,70.6,53.1,0.0
2023-02-12 21:00,2,21,Weekend,Winter,No,69.86,49.3,0.0
2023-02-12 22:00,2,22,Weekend,Winter,No,69.18,46.24,0.0
2023-02-12 23:00,2,23,Weekend,Winter,No,68.59,44.44,0.0
2023-02-13 00:00,2,0,Weekday,Winter,No,68.34,44.06,0.0
2023-02-13 01:00,2,1,Weekday,Winter,No,68.03,44.06,0.0
2023-02-13 02:00,2,2,Weekday,Winter,No,67.73,44.06,0.0
2023-02-13 03:00,2,3,Weekday,Winter,No,67.45,44.06,0.0
2023-02-13 04:00,2,4,Weekday,Winter,No,67.14,43.43,0.0
2023-02-13 05:00,2,5,Weekday,Winter,No,66.94,43.61,0.0
2023-02-13 06:00,2,6,Weekday,Winter,No,69.81,43.43,0.0
2023-02-13 07:00,2,7,Weekday,Winter,No,69.8,44.14,0.0
2023-02-13 08:00,2,8,Weekday,Winter,Yes,70.22,48.53,0.0
2023-02-13 09:00,2,9,Weekday,Winter,Yes,70.66,54.54,1.14
2023-02-13 10:00,2,10,Weekday,Winter,Yes,71.0,59.96,6.9
2023-02-13 11:00,2,11,Weekday,Winter,Yes,71.56,64.9,12.78
2023-02-13 12:00,2,12,Weekday,Winter,Yes,71.63,68.7,18.26
2023-02-13 13:00,2,13,Weekday,Winter,Yes,71.96,69.46,19.16
2023-02-13 14:00,2,14,Weekday,Winter,Yes,72.5,70.24,21.21
2023-02-13 15:00,2,15,Weekday,Winter,Yes,73.02,71.06,22.28
2023-02-13 16:00,2,16,Weekday,Winter,Yes,72.94,69.28,19.02
2023-02-13 17:00,2,17,Weekday,Winter,Yes,72.25,65.69,14.24
2023-02-13 18:00,2,18,Weekday,Winter,No,71.04,62.26,9.74
2023-02-13 19:00,2,19,Weekday,Winter,No,70.57,59.2,6.31
2023-02-13 20:00,2,20,Weekday,Winter,No,70.14,54.46,1.19
2023-02-13 21:00,2,21,Weekday,Winter,No,69.96,51.98,0.0
2023-02-13 22:00,2,22,Weekday,Winter,No,70.9,50.2,0.0
2023-02-13 23:00,2,23,Weekday,Winter,No,70.7,47.76,0.0
2023-02-14 00:00,2,0,Weekday,Winter,No,70.52,49.36,0.0
2023-02-14 01:00,2,1,Weekday,Winter,No,70.28,49.82,0.0
2023-02-14 02:00,2,2,Weekday,Winter,No,69.7,46.61,0.0
2023-02-14 03:00,2,3,Weekday,Winter,No,69.2,44.96,0.0
2023-02-14 04:00,2,4,Weekday,Winter,No,68.91,45.59,0.0
2023-02-14 05:00,2,5,Weekday,Winter,No,68.74,46.04,0.0
2023-02-14 06:00,2,6,Weekday,Winter,No,69.9,46.56,0.0
2023-02-14 07:00,2,7,Weekday,Winter,No,69.89,47.57,0.0
2023-02-14 08:00,2,8,Weekday,Winter,Yes,70.38,52.12,0.19
2023-02-14 09:00,2,9,Weekday,Winter,Yes,70.85,56.72,3.33
2023-02-14 10:00,2,10,Weekday,Winter,Yes,71.53,59.7,7.03
2023-02-14 11:00,2,11,Weekday,Winter,Yes,72.29,65.7,14.71
2023-02-14 12:00,2,12,Weekday,Winter,Yes,72.2,71.39,24.19
2023-02-14 13:00,2,13,Weekday,Winter,Yes,72.88,74.72,30.41
2023-02-14 14:00,2,14,Weekday,Winter,Yes,73.46,75.92,31.27
2023-02-14 15:00,2,15,Weekday,Winter,Yes,73.6,75.4,28.77
2023-02-14 16:00,2,16,Weekday,Winter,Yes,73.46,74.39,27.26
2023-02-14 17:00,2,17,Weekday,Winter,Yes,72.81,71.63,23.14
2023-02-14 18:00,2,18,Weekday,Winter,No,71.68,67.67,17.01
2023-02-14 19:00,2,19,Weekday,Winter,No,71.21,64.24,13.47
2023-02-14 20:00,2,20,Weekday,Winter,No,70.66,61.8,10.88
2023-02-14 21:00,2,21,Weekday,Winter,No,70.33,58.04,5.86
2023-02-14 22:00,2,22,Weekday,Winter,No,72.15,55.94,0.0
2023-02-14 23:00,2,23,Weekday,Winter,No,72.41,55.94,0.0
2023-02-15 00:00,2,0,Weekday,Winter,No,72.48,58.36,0.0
2023-02-15 01:00,2,1,Weekday,Winter,No,72.58,60.08,0.0
2023-02-15 02:00,2,2,Weekday,Winter,No,72.47,59.45,0.0
2023-02-15 03:00,2,3,Weekday,Winter,No,72.24,57.85,0.0
2023-02-15 04:00,2,4,Weekday,Winter,No,71.97,56.39,0.0
2023-02-15 05:00,2,5,Weekday,Winter,No,71.82,55.42,0.0
2023-02-15 06:00,2,6,Weekday,Winter,No,70.11,55.04,1.09
2023-02-15 07:00,2,7,Weekday,Winter,No,70.05,56.2,2.49
2023-02-15 08:00,2,8,Weekday,Winter,Yes,70.75,57.02,3.54
2023-02-15 09:00,2,9,Weekday,Winter,Yes,71.26,59.33,6.27
2023-02-15 10:00,2,10,Weekday,Winter,Yes,71.76,63.29,10.75
2023-02-15 11:00,2,11,Weekday,Winter,Yes,72.16,67.36,16.11
2023-02-15 12:00,2,12,Weekday,Winter,Yes,72.17,68.45,17.89
2023-02-15 13:00,2,13,Weekday,Winter,Yes,72.43,67.37,16.44
2023-02-15 14:00,2,14,Weekday,Winter,Yes,72.69,66.92,15.49
2023-02-15 15:00,2,15,Weekday,Winter,Yes,72.78,66.4,15.29
2023-02-15 16:00,2,16,Weekday,Winter,Yes,72.71,66.02,15.9
2023-02-15 17:00,2,17,Weekday,Winter,Yes,72.2,66.54,16.62
2023-02-15 18:00,2,18,Weekday,Winter,No,71.37,65.76,15.6
2023-02-15 19:00,2,19,Weekday,Winter,No,71.01,63.78,14.13
2023-02-15 20:00,2,20,Weekday,Winter,No,70.52,61.8,11.71
2023-02-15 21:00,2,21,Weekday,Winter,No,70.31,61.61,11.4
2023-02-15 22:00,2,22,Weekday,Winter,No,72.59,61.43,0.0
2023-02-15 23:00,2,23,Weekday,Winter,No,73.01,60.98,0.0
2023-02-16 00:00,2,0,Weekday,Winter,No,72.88,60.46,0.0
2023-02-16 01:00,2,1,Weekday,Winter,No,72.71,59.45,0.0
2023-02-16 02:00,2,2,Weekday,Winter,No,72.55,59.0,0.0
2023-02-16 03:00,2,3,Weekday,Winter,No,72.44,59.0,0.0
2023-02-16 04:00,2,4,Weekday,Winter,No,72.3,58.37,0.0
2023-02-16 05:00,2,5,Weekday,Winter,No,72.22,57.4,0.0
2023-02-16 06:00,2,6,Weekday,Winter,No,70.18,57.02,5.39
2023-02-16 07:00,2,7,Weekday,Winter,No,70.09,56.39,4.24
2023-02-16 08:00,2,8,Weekday,Winter,Yes,71.08,57.72,6.6
2023-02-16 09:00,2,9,Weekday,Winter,Yes,72.7,61.31,11.74
2023-02-16 10:00,2,10,Weekday,Winter,Yes,73.14,64.11,14.89
2023-02-16 11:00,2,11,Weekday,Winter,Yes,73.16,65.57,16.35
2023-02-16 12:00,2,12,Weekday,Winter,Yes,72.92,66.54,17.79
2023-02-16 13:00,2,13,Weekday,Winter,Yes,73.17,65.76,17.88
2023-02-16 14:00,2,14,Weekday,Winter,Yes,73.28,64.41,16.52
2023-02-16 15:00,2,15,Weekday,Winter,Yes,73.81,65.19,16.98
2023-02-16 16:00,2,16,Weekday,Winter,Yes,73.92,64.86,16.32
2023-02-16 17:00,2,17,Weekday,Winter,Yes,73.5,63.41,14.64
2023-02-16 18:00,2,18,Weekday,Winter,No,71.9,61.28,11.24
2023-02-16 19:00,2,19,Weekday,Winter,No,71.22,58.82,7.71
2023-02-16 20:00,2,20,Weekday,Winter,No,70.68,56.76,4.45
2023-02-16 21:00,2,21,Weekday,Winter,No,70.4,54.26,0.71
2023-02-16 22:00,2,22,Weekday,Winter,No,72.11,53.06,0.0
2023-02-16 23:00,2,23,Weekday,Winter,No,72.16,51.9,0.0
2023-02-17 00:00,2,0,Weekday,Winter,No,71.71,49.82,0.0
2023-02-17 01:00,2,1,Weekday,Winter,No,71.21,47.24,0.0
2023-02-17 02:00,2,2,Weekday,Winter,No,70.77,46.04,0.0
2023-02-17 03:00,2,3,Weekday,Winter,No,70.44,46.04,0.0
2023-02-17 04:00,2,4,Weekday,Winter,No,70.15,46.04,0.0
2023-02-17 05:00,2,5,Weekday,Winter,No,69.85,44.89,0.0
2023-02-17 06:00,2,6,Weekday,Winter,No,70.05,45.74,0.0
2023-02-17 07:00,2,7,Weekday,Winter,No,70.04,47.57,0.0
2023-02-17 08:00,2,8,Weekday,Winter,Yes,71.51,50.96,0.0
2023-02-17 09:00,2,9,Weekday,Winter,Yes,72.73,55.9,2.93
2023-02-17 10:00,2,10,Weekday,Winter,Yes,73.03,60.86,10.67
2023-02-17 11:00,2,11,Weekday,Winter,Yes,73.04,64.11,15.52
2023-02-17 12:00,2,12,Weekday,Winter,Yes,72.67,67.36,19.64
2023-02-17 13:00,2,13,Weekday,Winter,Yes,73.17,70.24,23.68
2023-02-17 14:00,2,14,Weekday,Winter,Yes,73.77,71.06,24.76
2023-02-17 15:00,2,15,Weekday,Winter,Yes,74.18,71.06,24.43
2023-02-17 16:00,2,16,Weekday,Winter,Yes,74.23,71.58,24.47
2023-02-17 17:00,2,17,Weekday,Winter,Yes,73.95,70.28,22.1
2023-02-17 18:00,2,18,Weekday,Winter,No,72.54,66.67,17.43
2023-02-17 19:00,2,19,Weekday,Winter,No,71.69,63.26,13.55
2023-02-17 20:00,2,20,Weekday,Winter,No,70.99,59.12,8.03
2023-02-17 21:00,2,21,Weekday,Winter,No,70.63,55.86,2.89
2023-02-17 22:00,2,22,Weekday,Winter,No,72.62,54.41,0.0
2023-02-17 23:00,2,23,Weekday,Winter,No,72.77,53.43,0.0
2023-02-18 00:00,2,0,Weekend,Winter,No,72.19,51.9,0.0
2023-02-18 01:00,2,1,Weekend,Winter,No,71.73,50.45,0.0
2023-02-18 02:00,2,2,Weekend,Winter,No,71.29,48.84,0.0
2023-02-18 03:00,2,3,Weekend,Winter,No,70.96,49.18,0.0
2023-02-18 04:00,2,4,Weekend,Winter,No,70.69,49.37,0.0
2023-02-18 05:00,2,5,Weekend,Winter,No,70.37,48.92,0.0
2023-02-18 06:00,2,6,Weekend,Winter,No,70.08,49.55,0.0
2023-02-18 07:00,2,7,Weekend,Winter,No,69.97,50.63,0.0
2023-02-18 08:00,2,8,Weekend,Winter,No,70.12,54.54,1.42
2023-02-18 09:00,2,9,Weekend,Winter,No,70.66,60.48,9.19
2023-02-18 10:00,2,10,Weekend,Winter,No,71.64,65.9,16.09
2023-02-18 11:00,2,11,Weekend,Winter,No,71.91,70.31,21.38
2023-02-18 12:00,2,12,Weekend,Winter,No,71.8,73.12,25.92
2023-02-18 13:00,2,13,Weekend,Winter,No,71.96,75.1,28.76
2023-02-18 14:00,2,14,Weekend,Winter,No,71.97,75.92,28.3
2023-02-18 15:00,2,15,Weekend,Winter,No,72.3,76.55,28.34
2023-02-18 16:00,2,16,Weekend,Winter,No,72.48,77.0,27.92
2023-02-18 17:00,2,17,Weekend,Winter,No,71.97,75.22,25.67
2023-02-18 18:00,2,18,Weekend,Winter,No,74.42,69.84,0.0
2023-02-18 19:00,2,19,Weekend,Winter,No,74.37,65.76,0.0
2023-02-18 20:00,2,20,Weekend,Winter,No,73.79,62.1,0.0
2023-02-18 21:00,2,21,Weekend,Winter,No,73.14,58.3,0.0
2023-02-18 22:00,2,22,Weekend,Winter,No,72.5,54.71,0.0
2023-02-18 23:00,2,23,Weekend,Winter,No,71.97,53.06,0.0
2023-02-19 00:00,2,0,Weekend,Winter,No,71.62,53.06,0.0
2023-02-19 01:00,2,1,Weekend,Winter,No,71.26,51.9,0.0
2023-02-19 02:00,2,2,Weekend,Winter,No,70.97,51.6,0.0
2023-02-19 03:00,2,3,Weekend,Winter,No,70.79,51.98,0.0
2023-02-19 04:00,2,4,Weekend,Winter,No,70.43,50.82,0.0
2023-02-19 05:00,2,5,Weekend,Winter,No,70.12,51.16,0.0
2023-02-19 06:00,2,6,Weekend,Winter,No,69.94,51.46,0.0
2023-02-19 07:00,2,7,Weekend,Winter,No,70.37,51.6,0.0
2023-02-19 08:00,2,8,Weekend,Winter,No,72.04,55.44,0.0
2023-02-19 09:00,2,9,Weekend,Winter,No,73.99,62.02,0.0
2023-02-19 10:00,2,10,Weekend,Winter,No,74.46,69.67,0.62
2023-02-19 11:00,2,11,Weekend,Winter,No,72.91,75.35,13.23
2023-02-19 12:00,2,12,Weekend,Winter,No,72.53,77.63,18.84
2023-02-19 13:00,2,13,Weekend,Winter,No,73.14,79.24,18.43
2023-02-19 14:00,2,14,Weekend,Winter,No,73.65,81.22,21.29
2023-02-19 15:00,2,15,Weekend,Winter,No,74.07,82.04,20.12
2023-02-19 16:00,2,16,Weekend,Winter,No,74.14,79.73,9.89
2023-02-19 17:00,2,17,Weekend,Winter,No,75.44,75.67,0.0
2023-02-19 18:00,2,18,Weekend,Winter,No,75.87,71.63,0.0
2023-02-19 19:00,2,19,Weekend,Winter,No,75.19,68.2,0.0
2023-02-19 20:00,2,20,Weekend,Winter,No,74.55,65.24,0.0
2023-02-19 21:00,2,21,Weekend,Winter,No,73.91,61.73,0.0
2023-02-19 22:00,2,22,Weekend,Winter,No,73.37,59.45,0.0
2023-02-19 23:00,2,23,Weekend,Winter,No,72.92,57.85,0.0
2023-02-20 00:00,2,0,Weekday,Winter,No,72.45,55.86,0.0
2023-02-20 01:00,2,1,Weekday,Winter,No,71.98,53.88,0.0
2023-02-20 02:00,2,2,Weekday,Winter,No,71.64,53.58,0.0
2023-02-20 03:00,2,3,Weekday,Winter,No,71.37,52.8,0.0
2023-02-20 04:00,2,4,Weekday,Winter,No,71.1,51.98,0.0
2023-02-20 05:00,2,5,Weekday,Winter,No,70.89,52.61,0.0
2023-02-20 06:00,2,6,Weekday,Winter,No,70.58,51.9,0.0
2023-02-20 07:00,2,7,Weekday,Winter,No,71.13,52.24,0.0
2023-02-20 08:00,2,8,Weekday,Winter,Yes,73.11,57.16,0.0
2023-02-20 09:00,2,9,Weekday,Winter,Yes,74.07,62.92,0.0
2023-02-20 10:00,2,10,Weekday,Winter,Yes,75.58,66.1,0.0
2023-02-20 11:00,2,11,Weekday,Winter,Yes,74.5,68.7,2.19
2023-02-20 12:00,2,12,Weekday,Winter,Yes,72.38,71.14,12.39
2023-02-20 13:00,2,13,Weekday,Winter,Yes,73.02,71.96,17.67
2023-02-20 14:00,2,14,Weekday,Winter,Yes,72.91,72.59,16.8
2023-02-20 15:00,2,15,Weekday,Winter,Yes,73.96,72.41,1.48
2023-02-20 16:00,2,16,Weekday,Winter,Yes,75.08,71.44,0.0
2023-02-20 17:00,2,17,Weekday,Winter,Yes,76.28,69.9,0.0
2023-02-20 18:00,2,18,Weekday,Winter,No,75.19,66.67,0.0
2023-02-20 19:00,2,19,Weekday,Winter,No,74.26,62.63,0.0
2023-02-20 20:00,2,20,Weekday,Winter,No,73.49,58.67,0.0
2023-02-20 21:00,2,21,Weekday,Winter,No,72.86,55.86,0.0
2023-02-20 22:00,2,22,Weekday,Winter,No,72.4,55.04,0.0
2023-02-20 23:00,2,23,Weekday,Winter,No,72.09,55.04,0.0
2023-02-21 00:00,2,0,Weekday,Winter,No,71.87,53.26,0.0
2023-02-21 01:00,2,1,Weekday,Winter,No,71.39,50.2,0.0
2023-02-21 02:00,2,2,Weekday,Winter,No,70.85,47.24,0.0
2023-02-21 03:00,2,3,Weekday,Winter,No,70.49,47.2,0.0
2023-02-21 04:00,2,4,Weekday,Winter,No,70.07,45.71,0.0
2023-02-21 05:00,2,5,Weekday,Winter,No,69.61,44.06,0.0
2023-02-21 06:00,2,6,Weekday,Winter,No,69.98,44.06,0.0
2023-02-21 07:00,2,7,Weekday,Winter,No,69.98,43.43,0.0
2023-02-21 08:00,2,8,Weekday,Winter,Yes,71.55,46.44,0.0
2023-02-21 09:00,2,9,Weekday,Winter,Yes,72.63,54.17,1.31
2023-02-21 10:00,2,10,Weekday,Winter,Yes,72.89,59.18,5.85
2023-02-21 11:00,2,11,Weekday,Winter,Yes,72.83,62.92,11.33
2023-02-21 12:00,2,12,Weekday,Winter,Yes,72.44,65.57,15.54
2023-02-21 13:00,2,13,Weekday,Winter,Yes,72.82,66.02,16.7
2023-02-21 14:00,2,14,Weekday,Winter,Yes,73.44,66.54,17.15
2023-02-21 15:00,2,15,Weekday,Winter,Yes,73.88,66.4,16.49
2023-02-21 16:00,2,16,Weekday,Winter,Yes,73.9,65.39,14.67
2023-02-21 17:00,2,17,Weekday,Winter,Yes,73.63,63.78,11.86
2023-02-21 18:00,2,18,Weekday,Winter,No,72.19,61.28,8.15
2023-02-21 19:00,2,19,Weekday,Winter,No,71.22,57.66,3.93
2023-02-21 20:00,2,20,Weekday,Winter,No,70.65,55.94,2.02
2023-02-21 21:00,2,21,Weekday,Winter,No,70.39,55.42,1.44
2023-02-21 22:00,2,22,Weekday,Winter,No,71.93,51.47,0.0
2023-02-21 23:00,2,23,Weekday,Winter,No,71.68,47.76,0.0
2023-02-22 00:00,2,0,Weekday,Winter,No,71.11,45.26,0.0
2023-02-22 01:00,2,1,Weekday,Winter,No,70.62,44.06,0.0
2023-02-22 02:00,2,2,Weekday,Winter,No,70.16,42.9,0.0
2023-02-22 03:00,2,3,Weekday,Winter,No,69.68,40.82,0.0
2023-02-22 04:00,2,4,Weekday,Winter,No,69.23,39.92,0.0
2023-02-22 05:00,2,5,Weekday,Winter,No,68.9,39.4,0.0
2023-02-22 06:00,2,6,Weekday,Winter,No,70.0,39.54,0.0
2023-02-22 07:00,2,7,Weekday,Winter,No,70.02,41.7,0.0
2023-02-22 08:00,2,8,Weekday,Winter,Yes,71.53,50.54,0.33
2023-02-22 09:00,2,9,Weekday,Winter,Yes,72.67,59.51,6.04
2023-02-22 10:00,2,10,Weekday,Winter,Yes,72.95,63.74,11.65
2023-02-22 11:00,2,11,Weekday,Winter,Yes,72.89,66.72,16.98
2023-02-22 12:00,2,12,Weekday,Winter,Yes,72.52,69.78,23.07
2023-02-22 13:00,2,13,Weekday,Winter,Yes,73.05,72.22,28.57
2023-02-22 14:00,2,14,Weekday,Winter,Yes,73.76,73.56,30.54
2023-02-22 15:00,2,15,Weekday,Winter,Yes,74.14,72.78,27.95
2023-02-22 16:00,2,16,Weekday,Winter,Yes,74.2,72.59,26.56
2023-02-22 17:00,2,17,Weekday,Winter,Yes,73.93,71.26,23.27
2023-02-22 18:00,2,18,Weekday,Winter,No,72.53,67.04,15.66
2023-02-22 19:00,2,19,Weekday,Winter,No,71.52,61.48,8.41
2023-02-22 20:00,2,20,Weekday,Winter,No,70.85,57.85,4.09
2023-02-22 21:00,2,21,Weekday,Winter,No,70.5,53.56,0.52
2023-02-22 22:00,2,22,Weekday,Winter,No,72.01,49.3,0.0
2023-02-22 23:00,2,23,Weekday,Winter,No,71.84,46.86,0.0
2023-02-23 00:00,2,0,Weekday,Winter,No,71.28,44.89,0.0
2023-02-23 01:00,2,1,Weekday,Winter,No,70.75,43.43,0.0
2023-02-23 02:00,2,2,Weekday,Winter,No,70.31,42.98,0.0
2023-02-23 03:00,2,3,Weekday,Winter,No,69.92,42.46,0.0
2023-02-23 04:00,2,4,Weekday,Winter,No,69.55,42.08,0.0
2023-02-23 05:00,2,5,Weekday,Winter,No,69.21,40.82,0.0
2023-02-23 06:00,2,6,Weekday,Winter,No,70.02,41.18,0.0
2023-02-23 07:00,2,7,Weekday,Winter,No,70.06,43.76,0.0
2023-02-23 08:00,2,8,Weekday,Winter,Yes,71.65,50.21,0.0
2023-02-23 09:00,2,9,Weekday,Winter,Yes,72.73,56.9,3.05
2023-02-23 10:00,2,10,Weekday,Winter,Yes,73.02,63.1,10.93
2023-02-23 11:00,2,11,Weekday,Winter,Yes,73.03,68.96,20.88
2023-02-23 12:00,2,12,Weekday,Winter,Yes,72.71,73.37,30.27
2023-02-23 13:00,2,13,Weekday,Winter,Yes,73.33,76.8,37.61
2023-02-23 14:00,2,14,Weekday,Winter,Yes,74.07,78.6,40.28
2023-02-23 15:00,2,15,Weekday,Winter,Yes,74.35,79.61,42.79
2023-02-23 16:00,2,16,Weekday,Winter,Yes,74.41,79.43,42.68
2023-02-23 17:00,2,17,Weekday,Winter,Yes,74.2,76.67,34.28
2023-02-23 18:00,2,18,Weekday,Winter,No,73.09,72.08,23.13
2023-02-23 19:00,2,19,Weekday,Winter,No,72.09,67.04,15.69
2023-02-23 20:00,2,20,Weekday,Winter,No,71.2,62.1,9.32
2023-02-23 21:00,2,21,Weekday,Winter,No,70.79,58.3,4.96
2023-02-23 22:00,2,22,Weekday,Winter,No,72.87,54.71,0.0
2023-02-23 23:00,2,23,Weekday,Winter,No,72.81,51.28,0.0
2023-02-24 00:00,2,0,Weekday,Winter,No,72.3,49.37,0.0
2023-02-24 01:00,2,1,Weekday,Winter,No,71.83,47.76,0.0
2023-02-24 02:00,2,2,Weekday,Winter,No,71.43,47.57,0.0
2023-02-24 03:00,2,3,Weekday,Winter,No,71.14,48.02,0.0
2023-02-24 04:00,2,4,Weekday,Winter,No,70.84,48.02,0.0
2023-02-24 05:00,2,5,Weekday,Winter,No,70.59,47.39,0.0
2023-02-24 06:00,2,6,Weekday,Winter,No,70.13,47.57,0.0
2023-02-24 07:00,2,7,Weekday,Winter,No,70.16,49.18,0.0
2023-02-24 08:00,2,8,Weekday,Winter,Yes,71.94,55.25,2.05
2023-02-24 09:00,2,9,Weekday,Winter,Yes,73.06,63.1,10.53
2023-02-24 10:00,2,10,Weekday,Winter,Yes,73.34,70.64,22.84
2023-02-24 11:00,2,11,Weekday,Winter,Yes,73.51,76.35,33.78
2023-02-24 12:00,2,12,Weekday,Winter,Yes,73.3,80.39,40.03
2023-02-24 13:00,2,13,Weekday,Winter,Yes,74.11,83.72,46.01
2023-02-24 14:00,2,14,Weekday,Winter,Yes,74.83,86.18,49.79
2023-02-24 15:00,2,15,Weekday,Winter,Yes,74.86,86.45,52.44
2023-02-24 16:00,2,16,Weekday,Winter,Yes,74.77,85.37,51.33
2023-02-24 17:00,2,17,Weekday,Winter,Yes,74.59,83.24,44.31
2023-02-24 18:00,2,18,Weekday,Winter,No,73.63,77.94,31.15
2023-02-24 19:00,2,19,Weekday,Winter,No,72.73,71.56,22.29
2023-02-24 20:00,2,20,Weekday,Winter,No,71.74,64.98,13.04
2023-02-24 21:00,2,21,Weekday,Winter,No,71.15,60.9,8.19
2023-02-24 22:00,2,22,Weekday,Winter,No,73.7,58.3,0.0
2023-02-24 23:00,2,23,Weekday,Winter,No,73.85,55.86,0.0
2023-02-25 00:00,2,0,Weekend,Winter,No,73.25,54.41,0.0
2023-02-25 01:00,2,1,Weekend,Winter,No,72.81,53.43,0.0
2023-02-25 02:00,2,2,Weekend,Winter,No,72.48,53.58,0.0
2023-02-25 03:00,2,3,Weekend,Winter,No,72.1,52.28,0.0
2023-02-25 04:00,2,4,Weekend,Winter,No,71.8,52.76,0.0
2023-02-25 05:00,2,5,Weekend,Winter,No,71.53,52.28,0.0
2023-02-25 06:00,2,6,Weekend,Winter,No,70.22,51.6,0.0
2023-02-25 07:00,2,7,Weekend,Winter,No,70.22,53.76,0.25
2023-02-25 08:00,2,8,Weekend,Winter,No,71.51,60.29,7.45
2023-02-25 09:00,2,9,Weekend,Winter,No,72.48,68.13,17.33
2023-02-25 10:00,2,10,Weekend,Winter,No,72.71,73.9,26.47
2023-02-25 11:00,2,11,Weekend,Winter,No,72.69,78.86,34.41
2023-02-25 12:00,2,12,Weekend,Winter,No,72.57,82.74,40.77
2023-02-25 13:00,2,13,Weekend,Winter,No,72.89,85.8,45.96
2023-02-25 14:00,2,14,Weekend,Winter,No,73.04,87.6,48.0
2023-02-25 15:00,2,15,Weekend,Winter,No,73.25,87.98,48.1
2023-02-25 16:00,2,16,Weekend,Winter,No,73.2,87.46,46.09
2023-02-25 17:00,2,17,Weekend,Winter,No,72.96,84.66,38.56
2023-02-25 18:00,2,18,Weekend,Winter,No,76.43,78.84,0.0
2023-02-25 19:00,2,19,Weekend,Winter,No,76.53,74.24,0.0
2023-02-25 20:00,2,20,Weekend,Winter,No,75.89,69.47,0.0
2023-02-25 21:00,2,21,Weekend,Winter,No,75.11,64.61,0.0
2023-02-25 22:00,2,22,Weekend,Winter,No,74.47,61.28,0.0
2023-02-25 23:00,2,23,Weekend,Winter,No,73.82,57.66,0.0
2023-02-26 00:00,2,0,Weekend,Winter,No,73.2,54.78,0.0
2023-02-26 01:00,2,1,Weekend,Winter,No,72.83,55.12,0.0
2023-02-26 02:00,2,2,Weekend,Winter,No,72.55,55.42,0.0
2023-02-26 03:00,2,3,Weekend,Winter,No,72.18,54.41,0.0
2023-02-26 04:00,2,4,Weekend,Winter,No,71.85,53.96,0.0
2023-02-26 05:00,2,5,Weekend,Winter,No,71.42,51.65,0.0
2023-02-26 06:00,2,6,Weekend,Winter,No,71.01,50.0,0.0
2023-02-26 07:00,2,7,Weekend,Winter,No,72.24,51.16,0.0
2023-02-26 08:00,2,8,Weekend,Winter,No,72.9,57.23,0.46
2023-02-26 09:00,2,9,Weekend,Winter,No,72.35,65.7,7.64
2023-02-26 10:00,2,10,Weekend,Winter,No,73.15,73.07,9.28
2023-02-26 11:00,2,11,Weekend,Winter,No,73.37,78.86,21.62
2023-02-26 12:00,2,12,Weekend,Winter,No,73.23,82.74,19.88
2023-02-26 13:00,2,13,Weekend,Winter,No,73.81,84.54,26.47
2023-02-26 14:00,2,14,Weekend,Winter,No,74.39,86.18,22.65
2023-02-26 15:00,2,15,Weekend,Winter,No,75.23,87.08,28.37
2023-02-26 16:00,2,16,Weekend,Winter,No,75.26,87.08,23.08
2023-02-26 17:00,2,17,Weekend,Winter,No,74.95,84.66,27.07
2023-02-26 18:00,2,18,Weekend,Winter,No,74.39,79.47,7.41
2023-02-26 19:00,2,19,Weekend,Winter,No,75.81,74.69,0.0
2023-02-26 20:00,2,20,Weekend,Winter,No,75.95,71.26,0.0
2023-02-26 21:00,2,21,Weekend,Winter,No,75.3,66.52,0.0
2023-02-26 22:00,2,22,Weekend,Winter,No,74.62,62.89,0.0
2023-02-26 23:00,2,23,Weekend,Winter,No,74.07,60.28,0.0
2023-02-27 00:00,2,0,Weekday,Winter,No,73.72,57.85,0.0
2023-02-27 01:00,2,1,Weekday,Winter,No,73.37,57.02,0.0
2023-02-27 02:00,2,2,Weekday,Winter,No,72.96,55.24,0.0
2023-02-27 03:00,2,3,Weekday,Winter,No,72.54,53.96,0.0
2023-02-27 04:00,2,4,Weekday,Winter,No,72.16,52.8,0.0
2023-02-27 05:00,2,5,Weekday,Winter,No,71.94,53.14,0.0
2023-02-27 06:00,2,6,Weekday,Winter,No,70.24,52.8,0.0
2023-02-27 07:00,2,7,Weekday,Winter,No,70.32,54.92,1.37
2023-02-27 08:00,2,8,Weekday,Winter,Yes,72.36,61.64,9.31
2023-02-27 09:00,2,9,Weekday,Winter,Yes,73.29,67.88,17.3
2023-02-27 10:00,2,10,Weekday,Winter,Yes,73.59,74.7,28.68
2023-02-27 11:00,2,11,Weekday,Winter,Yes,73.9,80.39,37.35
2023-02-27 12:00,2,12,Weekday,Winter,Yes,73.73,83.2,42.8
2023-02-27 13:00,2,13,Weekday,Winter,Yes,74.49,85.18,47.28
2023-02-27 14:00,2,14,Weekday,Winter,Yes,75.0,86.63,49.85
2023-02-27 15:00,2,15,Weekday,Winter,Yes,74.95,87.6,53.97
2023-02-27 16:00,2,16,Weekday,Winter,Yes,74.89,87.98,55.85
2023-02-27 17:00,2,17,Weekday,Winter,Yes,74.7,85.67,48.03
2023-02-27 18:00,2,18,Weekday,Winter,No,73.86,81.08,34.18
2023-02-27 19:00,2,19,Weekday,Winter,No,73.06,76.67,28.31
2023-02-27 20:00,2,20,Weekday,Winter,No,72.24,73.86,24.69
2023-02-27 21:00,2,21,Weekday,Winter,No,71.65,68.94,18.55
2023-02-27 22:00,2,22,Weekday,Winter,No,74.7,65.39,0.0
2023-02-27 23:00,2,23,Weekday,Winter,No,75.23,64.94,0.0
2023-02-28 00:00,2,0,Weekday,Winter,No,74.89,62.63,0.0
2023-02-28 01:00,2,1,Weekday,Winter,No,74.43,59.82,0.0
2023-02-28 02:00,2,2,Weekday,Winter,No,74.25,61.31,0.0
2023-02-28 03:00,2,3,Weekday,Winter,No,74.04,60.65,0.0
2023-02-28 04:00,2,4,Weekday,Winter,No,73.68,59.0,0.0
2023-02-28 05:00,2,5,Weekday,Winter,No,73.61,60.16,0.0
2023-02-28 06:00,2,6,Weekday,Winter,No,70.68,60.98,8.01
2023-02-28 07:00,2,7,Weekday,Winter,No,70.88,59.82,6.89
2023-02-28 08:00,2,8,Weekday,Winter,Yes,72.98,66.04,15.23
2023-02-28 09:00,2,9,Weekday,Winter,Yes,73.77,73.37,26.45
2023-02-28 10:00,2,10,Weekday,Winter,Yes,74.02,76.18,32.93
2023-02-28 11:00,2,11,Weekday,Winter,Yes,74.22,78.78,37.89
2023-02-28 12:00,2,12,Weekday,Winter,Yes,74.07,80.58,41.28
2023-02-28 13:00,2,13,Weekday,Winter,Yes,74.6,82.12,44.61
2023-02-28 14:00,2,14,Weekday,Winter,Yes,75.02,84.1,47.77
2023-02-28 15:00,2,15,Weekday,Winter,Yes,74.96,84.92,51.29
2023-02-28 16:00,2,16,Weekday,Winter,Yes,74.9,84.4,51.03
2023-02-28 17:00,2,17,Weekday,Winter,Yes,74.71,82.24,42.88
2023-02-28 18:00,2,18,Weekday,Winter,No,73.86,77.5,30.51
2023-02-28 19:00,2,19,Weekday,Winter,No,73.07,73.24,24.73
2023-02-28 20:00,2,20,Weekday,Winter,No,72.23,70.28,20.37
2023-02-28 21:00,2,21,Weekday,Winter,No,71.67,67.3,16.02
2023-02-28 22:00,2,22,Weekday,Winter,No,74.7,64.34,0.0
2023-02-28 23:00,2,23,Weekday,Winter,No,75.0,61.36,0.0
2023-03-01 00:00,3,0,Weekday,Spring,No,74.54,58.3,0.0
2023-03-01 01:00,3,1,Weekday,Spring,No,74.02,55.24,0.0
2023-03-01 02:00,3,2,Weekday,Spring,No,73.48,52.28,0.0
2023-03-01 03:00,3,3,Weekday,Spring,No,72.9,49.3,0.0
2023-03-01 04:00,3,4,Weekday,Spring,No,72.38,47.39,0.0
2023-03-01 05:00,3,5,Weekday,Spring,No,72.11,47.78,0.0
2023-03-01 06:00,3,6,Weekday,Spring,No,70.39,49.11,0.0
2023-03-01 07:00,3,7,Weekday,Spring,No,70.35,50.48,0.0
2023-03-01 08:00,3,8,Weekday,Spring,Yes,71.74,54.33,0.99
2023-03-01 09:00,3,9,Weekday,Spring,Yes,72.98,60.02,6.95
2023-03-01 10:00,3,10,Weekday,Spring,Yes,73.64,65.68,14.36
2023-03-01 11:00,3,11,Weekday,Spring,Yes,73.88,69.16,21.15
2023-03-01 12:00,3,12,Weekday,Spring,Yes,73.81,71.14,25.68
2023-03-01 13:00,3,13,Weekday,Spring,Yes,74.34,73.12,30.82
2023-03-01 14:00,3,14,Weekday,Spring,Yes,74.74,73.94,31.8
2023-03-01 15:00,3,15,Weekday,Spring,Yes,74.71,73.94,30.09
2023-03-01 16:00,3,16,Weekday,Spring,Yes,74.47,73.94,29.69
2023-03-01 17:00,3,17,Weekday,Spring,Yes,74.01,72.78,26.5
2023-03-01 18:00,3,18,Weekday,Spring,No,73.06,70.81,21.13
2023-03-01 19:00,3,19,Weekday,Spring,No,72.49,68.82,18.17
2023-03-01 20:00,3,20,Weekday,Spring,No,71.79,67.37,16.09
2023-03-01 21:00,3,21,Weekday,Spring,No,71.39,66.4,14.74
2023-03-01 22:00,3,22,Weekday,Spring,No,74.58,65.39,0.0
2023-03-01 23:00,3,23,Weekday,Spring,No,75.15,64.41,0.0
2023-03-02 00:00,3,0,Weekday,Spring,No,74.96,63.41,0.0
2023-03-02 01:00,3,1,Weekday,Spring,No,74.75,62.44,0.0
2023-03-02 02:00,3,2,Weekday,Spring,No,74.49,61.22,0.0
2023-03-02 03:00,3,3,Weekday,Spring,No,74.2,59.89,0.0
2023-03-02 04:00,3,4,Weekday,Spring,No,73.91,58.52,0.0
2023-03-02 05:00,3,5,Weekday,Spring,No,73.71,57.71,0.0
2023-03-02 06:00,3,6,Weekday,Spring,No,70.71,57.46,3.67
2023-03-02 07:00,3,7,Weekday,Spring,No,70.59,57.17,3.31
2023-03-02 08:00,3,8,Weekday,Spring,Yes,71.77,58.6,5.23
2023-03-02 09:00,3,9,Weekday,Spring,Yes,72.82,61.19,8.2
2023-03-02 10:00,3,10,Weekday,Spring,Yes,73.51,63.82,11.49
2023-03-02 11:00,3,11,Weekday,Spring,Yes,73.69,66.1,14.83
2023-03-02 12:00,3,12,Weekday,Spring,Yes,73.56,68.18,18.15
2023-03-02 13:00,3,13,Weekday,Spring,Yes,73.93,70.24,21.51
2023-03-02 14:00,3,14,Weekday,Spring,Yes,74.34,71.58,24.0
2023-03-02 15:00,3,15,Weekday,Spring,Yes,74.57,72.59,26.02
2023-03-02 16:00,3,16,Weekday,Spring,Yes,74.35,73.56,27.62
2023-03-02 17:00,3,17,Weekday,Spring,Yes,73.85,73.0,26.71
2023-03-02 18:00,3,18,Weekday,Spring,No,72.84,71.38,22.0
2023-03-02 19:00,3,19,Weekday,Spring,No,72.3,69.76,19.53
2023-03-02 20:00,3,20,Weekday,Spring,No,71.62,67.92,16.88
2023-03-02 21:00,3,21,Weekday,Spring,No,71.25,65.84,14.01
2023-03-02 22:00,3,22,Weekday,Spring,No,74.28,63.78,0.0
2023-03-02 23:00,3,23,Weekday,Spring,No,74.81,62.75,0.0
2023-03-03 00:00,3,0,Weekday,Spring,No,74.7,62.5,0.0
2023-03-03 01:00,3,1,Weekday,Spring,No,74.6,62.21,0.0
2023-03-03 02:00,3,2,Weekday,Spring,No,74.47,62.06,0.0
2023-03-03 03:00,3,3,Weekday,Spring,No,74.35,62.06,0.0
2023-03-03 04:00,3,4,Weekday,Spring,No,74.24,62.06,0.0
2023-03-03 05:00,3,5,Weekday,Spring,No,74.21,61.85,0.0
2023-03-03 06:00,3,6,Weekday,Spring,No,70.82,61.49,8.95
2023-03-03 07:00,3,7,Weekday,Spring,No,70.6,61.13,8.57
2023-03-03 08:00,3,8,Weekday,Spring,Yes,71.53,61.72,9.67
2023-03-03 09:00,3,9,Weekday,Spring,Yes,72.19,63.08,11.26
2023-03-03 10:00,3,10,Weekday,Spring,Yes,72.56,64.42,12.94
2023-03-03 11:00,3,11,Weekday,Spring,Yes,72.94,65.15,14.27
2023-03-03 12:00,3,12,Weekday,Spring,Yes,72.79,65.51,15.33
2023-03-03 13:00,3,13,Weekday,Spring,Yes,73.41,65.87,16.27
2023-03-03 14:00,3,14,Weekday,Spring,Yes,74.05,66.23,16.82
2023-03-03 15:00,3,15,Weekday,Spring,Yes,74.43,66.48,16.7
2023-03-03 16:00,3,16,Weekday,Spring,Yes,74.19,66.77,16.43
2023-03-03 17:00,3,17,Weekday,Spring,Yes,73.35,65.55,14.94
2023-03-03 18:00,3,18,Weekday,Spring,No,72.16,63.32,11.38
2023-03-03 19:00,3,19,Weekday,Spring,No,71.55,61.05,8.68
2023-03-03 20:00,3,20,Weekday,Spring,No,70.99,59.24,6.5
2023-03-03 21:00,3,21,Weekday,Spring,No,70.7,57.9,4.91
2023-03-03 22:00,3,22,Weekday,Spring,No,72.8,56.54,0.0
2023-03-03 23:00,3,23,Weekday,Spring,No,72.98,55.52,0.0
2023-03-04 00:00,3,0,Weekend,Spring,No,72.51,54.9,0.0
2023-03-04 01:00,3,1,Weekend,Spring,No,72.17,54.26,0.0
2023-03-04 02:00,3,2,Weekend,Spring,No,71.83,53.02,0.0
2023-03-04 03:00,3,3,Weekend,Spring,No,71.43,51.29,0.0
2023-03-04 04:00,3,4,Weekend,Spring,No,71.03,49.6,0.0
2023-03-04 05:00,3,5,Weekend,Spring,No,70.72,49.55,0.0
2023-03-04 06:00,3,6,Weekend,Spring,No,70.15,50.52,0.0
2023-03-04 07:00,3,7,Weekend,Spring,No,70.11,51.53,0.0
2023-03-04 08:00,3,8,Weekend,Spring,No,71.05,53.56,0.12
2023-03-04 09:00,3,9,Weekend,Spring,No,71.87,56.26,2.84
2023-03-04 10:00,3,10,Weekend,Spring,No,72.0,58.96,6.1
2023-03-04 11:00,3,11,Weekend,Spring,No,72.04,61.24,8.64
2023-03-04 12:00,3,12,Weekend,Spring,No,71.96,63.22,11.31
2023-03-04 13:00,3,13,Weekend,Spring,No,71.99,65.19,14.43
2023-03-04 14:00,3,14,Weekend,Spring,No,71.96,66.23,15.43
2023-03-04 15:00,3,15,Weekend,Spring,No,72.27,66.48,15.29
2023-03-04 16:00,3,16,Weekend,Spring,No,72.11,66.77,15.27
2023-03-04 17:00,3,17,Weekend,Spring,No,71.33,65.34,13.35
2023-03-04 18:00,3,18,Weekend,Spring,No,73.47,62.75,0.0
2023-03-04 19:00,3,19,Weekend,Spring,No,73.38,60.12,0.0
2023-03-04 20:00,3,20,Weekend,Spring,No,72.86,57.42,0.0
2023-03-04 21:00,3,21,Weekend,Spring,No,72.31,54.83,0.0
2023-03-04 22:00,3,22,Weekend,Spring,No,71.76,52.2,0.0
2023-03-04 23:00,3,23,Weekend,Spring,No,71.26,50.45,0.0
2023-03-05 00:00,3,0,Weekend,Spring,No,70.83,49.48,0.0
2023-03-05 01:00,3,1,Weekend,Spring,No,70.42,48.47,0.0
2023-03-05 02:00,3,2,Weekend,Spring,No,70.01,47.39,0.0
2023-03-05 03:00,3,3,Weekend,Spring,No,69.61,46.42,0.0
2023-03-05 04:00,3,4,Weekend,Spring,No,69.21,45.41,0.0
2023-03-05 05:00,3,5,Weekend,Spring,No,68.9,45.59,0.0
2023-03-05 06:00,3,6,Weekend,Spring,No,68.73,46.56,0.0
2023-03-05 07:00,3,7,Weekend,Spring,No,69.75,47.57,0.0
2023-03-05 08:00,3,8,Weekend,Spring,No,71.49,51.17,0.0
2023-03-05 09:00,3,9,Weekend,Spring,No,72.21,56.46,0.0
2023-03-05 10:00,3,10,Weekend,Spring,No,73.37,61.79,0.0
2023-03-05 11:00,3,11,Weekend,Spring,No,73.93,65.4,0.83
2023-03-05 12:00,3,12,Weekend,Spring,No,71.51,67.74,10.58
2023-03-05 13:00,3,13,Weekend,Spring,No,71.96,70.09,13.99
2023-03-05 14:00,3,14,Weekend,Spring,No,72.3,71.58,17.56
2023-03-05 15:00,3,15,Weekend,Spring,No,73.23,72.59,13.13
2023-03-05 16:00,3,16,Weekend,Spring,No,73.19,73.56,19.14
2023-03-05 17:00,3,17,Weekend,Spring,No,72.86,72.16,13.02
2023-03-05 18:00,3,18,Weekend,Spring,No,73.99,69.2,1.02
2023-03-05 19:00,3,19,Weekend,Spring,No,74.03,66.22,0.0
2023-03-05 20:00,3,20,Weekend,Spring,No,73.44,63.16,0.0
2023-03-05 21:00,3,21,Weekend,Spring,No,72.84,60.2,0.0
2023-03-05 22:00,3,22,Weekend,Spring,No,72.25,57.22,0.0
2023-03-05 23:00,3,23,Weekend,Spring,No,71.76,55.52,0.0
2023-03-06 00:00,3,0,Weekday,Spring,No,71.57,54.9,0.0
2023-03-06 01:00,3,1,Weekday,Spring,No,71.28,54.26,0.0
2023-03-06 02:00,3,2,Weekday,Spring,No,70.88,52.38,0.0
2023-03-06 03:00,3,3,Weekday,Spring,No,70.41,49.79,0.0
2023-03-06 04:00,3,4,Weekday,Spring,No,69.92,47.16,0.0
2023-03-06 05:00,3,5,Weekday,Spring,No,69.63,46.98,0.0
2023-03-06 06:00,3,6,Weekday,Spring,No,69.94,48.71,0.0
2023-03-06 07:00,3,7,Weekday,Spring,No,69.94,50.4,0.0
2023-03-06 08:00,3,8,Weekday,Spring,Yes,71.41,54.12,0.77
2023-03-06 09:00,3,9,Weekday,Spring,Yes,72.42,59.45,6.08
2023-03-06 10:00,3,10,Weekday,Spring,Yes,72.9,64.74,12.61
2023-03-06 11:00,3,11,Weekday,Spring,Yes,73.02,67.76,17.1
2023-03-06 12:00,3,12,Weekday,Spring,Yes,72.93,69.1,19.52
2023-03-06 13:00,3,13,Weekday,Spring,Yes,73.54,70.46,22.59
2023-03-06 14:00,3,14,Weekday,Spring,Yes,73.99,70.64,22.34
2023-03-06 15:00,3,15,Weekday,Spring,Yes,74.26,70.03,20.99
2023-03-06 16:00,3,16,Weekday,Spring,Yes,74.05,69.38,19.87
2023-03-06 17:00,3,17,Weekday,Spring,Yes,73.7,67.72,17.69
2023-03-06 18:00,3,18,Weekday,Spring,No,72.22,65.38,13.36
2023-03-06 19:00,3,19,Weekday,Spring,No,71.32,63.04,10.32
2023-03-06 20:00,3,20,Weekday,Spring,No,70.73,61.12,7.95
2023-03-06 21:00,3,21,Weekday,Spring,No,70.43,59.39,6.14
2023-03-06 22:00,3,22,Weekday,Spring,No,72.54,57.7,0.0
2023-03-06 23:00,3,23,Weekday,Spring,No,72.79,56.81,0.0
2023-03-07 00:00,3,0,Weekday,Spring,No,72.62,56.45,0.0
2023-03-07 01:00,3,1,Weekday,Spring,No,72.42,56.09,0.0
2023-03-07 02:00,3,2,Weekday,Spring,No,72.24,55.42,0.0
2023-03-07 03:00,3,3,Weekday,Spring,No,72.08,54.41,0.0
2023-03-07 04:00,3,4,Weekday,Spring,No,71.88,53.43,0.0
2023-03-07 05:00,3,5,Weekday,Spring,No,71.75,52.85,0.0
2023-03-07 06:00,3,6,Weekday,Spring,No,70.14,52.49,0.0
2023-03-07 07:00,3,7,Weekday,Spring,No,70.08,52.13,0.0
2023-03-07 08:00,3,8,Weekday,Spring,Yes,71.09,52.72,0.0
2023-03-07 09:00,3,9,Weekday,Spring,Yes,71.98,54.08,0.19
2023-03-07 10:00,3,10,Weekday,Spring,Yes,72.83,55.42,1.78
2023-03-07 11:00,3,11,Weekday,Spring,Yes,72.99,57.3,4.37
2023-03-07 12:00,3,12,Weekday,Spring,Yes,72.76,59.64,7.58
2023-03-07 13:00,3,13,Weekday,Spring,Yes,73.4,61.98,10.64
2023-03-07 14:00,3,14,Weekday,Spring,Yes,73.99,63.17,11.92
2023-03-07 15:00,3,15,Weekday,Spring,Yes,74.33,63.53,12.2
2023-03-07 16:00,3,16,Weekday,Spring,Yes,74.3,63.89,12.46
2023-03-07 17:00,3,17,Weekday,Spring,Yes,73.73,62.89,11.35
2023-03-07 18:00,3,18,Weekday,Spring,No,72.33,60.8,8.39
2023-03-07 19:00,3,19,Weekday,Spring,No,71.47,58.74,5.93
2023-03-07 20:00,3,20,Weekday,Spring,No,70.85,56.76,3.45
2023-03-07 21:00,3,21,Weekday,Spring,No,70.54,54.78,0.85
2023-03-07 22:00,3,22,Weekday,Spring,No,72.36,52.8,0.0
2023-03-07 23:00,3,23,Weekday,Spring,No,72.38,51.24,0.0
2023-03-08 00:00,3,0,Weekday,Spring,No,71.97,49.88,0.0
2023-03-08 01:00,3,1,Weekday,Spring,No,71.56,48.54,0.0
2023-03-08 02:00,3,2,Weekday,Spring,No,71.15,47.28,0.0
2023-03-08 03:00,3,3,Weekday,Spring,No,70.72,45.92,0.0
2023-03-08 04:00,3,4,Weekday,Spring,No,70.28,44.58,0.0
2023-03-08 05:00,3,5,Weekday,Spring,No,70.0,44.48,0.0
2023-03-08 06:00,3,6,Weekday,Spring,No,70.08,45.1,0.0
2023-03-08 07:00,3,7,Weekday,Spring,No,70.13,45.74,0.0
2023-03-08 08:00,3,8,Weekday,Spring,Yes,71.61,48.98,0.0
2023-03-08 09:00,3,9,Weekday,Spring,Yes,72.6,53.92,0.58
2023-03-08 10:00,3,10,Weekday,Spring,Yes,73.02,58.88,5.69
2023-03-08 11:00,3,11,Weekday,Spring,Yes,72.97,62.35,10.41
2023-03-08 12:00,3,12,Weekday,Spring,Yes,72.61,64.68,14.44
2023-03-08 13:00,3,13,Weekday,Spring,Yes,73.13,67.03,18.76
2023-03-08 14:00,3,14,Weekday,Spring,Yes,73.86,68.21,20.35
2023-03-08 15:00,3,15,Weekday,Spring,Yes,74.22,68.57,20.73
2023-03-08 16:00,3,16,Weekday,Spring,Yes,74.27,68.93,21.13
2023-03-08 17:00,3,17,Weekday,Spring,Yes,74.01,67.72,18.0
2023-03-08 18:00,3,18,Weekday,Spring,No,72.67,65.38,13.38
2023-03-08 19:00,3,19,Weekday,Spring,No,71.73,63.04,10.36
2023-03-08 20:00,3,20,Weekday,Spring,No,71.01,60.28,7.21
2023-03-08 21:00,3,21,Weekday,Spring,No,70.67,57.32,3.82
2023-03-08 22:00,3,22,Weekday,Spring,No,72.72,54.33,0.0
2023-03-08 23:00,3,23,Weekday,Spring,No,72.79,52.43,0.0
2023-03-09 00:00,3,0,Weekday,Spring,No,72.41,51.46,0.0
2023-03-09 01:00,3,1,Weekday,Spring,No,72.03,50.45,0.0
2023-03-09 02:00,3,2,Weekday,Spring,No,71.63,49.06,0.0
2023-03-09 03:00,3,3,Weekday,Spring,No,71.18,47.33,0.0
2023-03-09 04:00,3,4,Weekday,Spring,No,70.72,45.64,0.0
2023-03-09 05:00,3,5,Weekday,Spring,No,70.44,45.59,0.0
2023-03-09 06:00,3,6,Weekday,Spring,No,70.11,46.56,0.0
2023-03-09 07:00,3,7,Weekday,Spring,No,70.12,47.57,0.0
2023-03-09 08:00,3,8,Weekday,Spring,Yes,71.32,50.54,0.0
2023-03-09 09:00,3,9,Weekday,Spring,Yes,72.32,54.86,1.15
2023-03-09 10:00,3,10,Weekday,Spring,Yes,73.1,59.18,6.06
2023-03-09 11:00,3,11,Weekday,Spring,Yes,73.25,62.35,10.36
2023-03-09 12:00,3,12,Weekday,Spring,Yes,73.1,64.68,13.89
2023-03-09 13:00,3,13,Weekday,Spring,Yes,73.79,67.03,17.95
2023-03-09 14:00,3,14,Weekday,Spring,Yes,74.1,68.0,18.21
2023-03-09 15:00,3,15,Weekday,Spring,Yes,74.02,68.0,17.6
2023-03-09 16:00,3,16,Weekday,Spring,Yes,73.87,68.0,17.95
2023-03-09 17:00,3,17,Weekday,Spring,Yes,73.35,67.06,16.85
2023-03-09 18:00,3,18,Weekday,Spring,No,72.28,65.33,13.31
2023-03-09 19:00,3,19,Weekday,Spring,No,71.71,63.64,11.09
2023-03-09 20:00,3,20,Weekday,Spring,No,71.12,61.8,8.81
2023-03-09 21:00,3,21,Weekday,Spring,No,70.8,59.82,6.55
2023-03-09 22:00,3,22,Weekday,Spring,No,73.25,57.85,0.0
2023-03-09 23:00,3,23,Weekday,Spring,No,73.57,56.6,0.0
2023-03-10 00:00,3,0,Weekday,Spring,No,73.33,55.98,0.0
2023-03-10 01:00,3,1,Weekday,Spring,No,73.09,55.34,0.0
2023-03-10 02:00,3,2,Weekday,Spring,No,72.85,54.83,0.0
2023-03-10 03:00,3,3,Weekday,Spring,No,72.64,54.47,0.0
2023-03-10 04:00,3,4,Weekday,Spring,No,72.43,54.11,0.0
2023-03-10 05:00,3,5,Weekday,Spring,No,72.34,54.38,0.0
2023-03-10 06:00,3,6,Weekday,Spring,No,70.3,55.0,0.99
2023-03-10 07:00,3,7,Weekday,Spring,No,70.2,55.64,1.74
2023-03-10 08:00,3,8,Weekday,Spring,Yes,70.93,57.52,4.0
2023-03-10 09:00,3,9,Weekday,Spring,Yes,71.32,60.22,6.96
2023-03-10 10:00,3,10,Weekday,Spring,Yes,71.62,62.92,10.22
2023-03-10 11:00,3,11,Weekday,Spring,Yes,71.91,64.25,12.13
2023-03-10 12:00,3,12,Weekday,Spring,Yes,71.76,64.51,12.68
2023-03-10 13:00,3,13,Weekday,Spring,Yes,72.14,64.79,13.15
2023-03-10 14:00,3,14,Weekday,Spring,Yes,72.22,63.16,11.84
2023-03-10 15:00,3,15,Weekday,Spring,Yes,72.01,60.2,9.29
2023-03-10 16:00,3,16,Weekday,Spring,Yes,71.57,57.22,5.55
2023-03-10 17:00,3,17,Weekday,Spring,Yes,71.21,55.52,2.74
2023-03-10 18:00,3,18,Weekday,Spring,No,70.68,54.9,1.43
2023-03-10 19:00,3,19,Weekday,Spring,No,70.5,54.26,0.21
2023-03-10 20:00,3,20,Weekday,Spring,No,70.25,53.96,0.0
2023-03-10 21:00,3,21,Weekday,Spring,No,70.14,53.96,0.0
2023-03-10 22:00,3,22,Weekday,Spring,No,71.51,53.96,0.0
2023-03-10 23:00,3,23,Weekday,Spring,No,71.68,53.96,0.0
2023-03-11 00:00,3,0,Weekend,Spring,No,71.21,53.96,0.0
2023-03-11 01:00,3,1,Weekend,Spring,No,70.57,53.96,0.0
2023-03-11 02:00,3,2,Weekend,Spring,No,70.25,53.54,0.0
2023-03-11 03:00,3,3,Weekend,Spring,No,70.36,52.92,0.0
2023-03-11 04:00,3,4,Weekend,Spring,No,70.35,52.28,0.0
2023-03-11 05:00,3,5,Weekend,Spring,No,70.21,51.98,0.0
2023-03-11 06:00,3,6,Weekend,Spring,No,70.01,51.98,0.0
2023-03-11 07:00,3,7,Weekend,Spring,No,69.9,51.98,0.0
2023-03-11 08:00,3,8,Weekend,Spring,No,70.31,53.56,0.14
2023-03-11 09:00,3,9,Weekend,Spring,No,70.85,56.26,3.32
2023-03-11 10:00,3,10,Weekend,Spring,No,71.37,58.96,7.09
2023-03-11 11:00,3,11,Weekend,Spring,No,71.45,60.29,8.9
2023-03-11 12:00,3,12,Weekend,Spring,No,71.52,60.54,9.35
2023-03-11 13:00,3,13,Weekend,Spring,No,71.35,60.83,9.88
2023-03-11 14:00,3,14,Weekend,Spring,No,70.65,61.19,10.29
2023-03-11 15:00,3,15,Weekend,Spring,No,70.37,61.55,10.54
2023-03-11 16:00,3,16,Weekend,Spring,No,70.2,61.91,10.76
2023-03-11 17:00,3,17,Weekend,Spring,No,69.98,61.12,9.69
2023-03-11 18:00,3,18,Weekend,Spring,No,71.67,59.39,0.0
2023-03-11 19:00,3,19,Weekend,Spring,No,71.54,57.7,0.0
2023-03-11 20:00,3,20,Weekend,Spring,No,71.21,56.6,0.0
2023-03-11 21:00,3,21,Weekend,Spring,No,70.93,55.98,0.0
2023-03-11 22:00,3,22,Weekend,Spring,No,70.67,55.34,0.0
2023-03-11 23:00,3,23,Weekend,Spring,No,70.39,54.41,0.0
2023-03-12 00:00,3,0,Weekend,Spring,No,70.14,53.43,0.0
2023-03-12 01:00,3,1,Weekend,Spring,No,69.91,52.43,0.0
2023-03-12 02:00,3,2,Weekend,Spring,No,69.64,51.35,0.0
2023-03-12 03:00,3,3,Weekend,Spring,No,69.33,50.38,0.0
2023-03-12 04:00,3,4,Weekend,Spring,No,69.0,49.37,0.0
2023-03-12 05:00,3,5,Weekend,Spring,No,68.73,49.34,0.0
2023-03-12 06:00,3,6,Weekend,Spring,No,68.64,50.06,0.0
2023-03-12 07:00,3,7,Weekend,Spring,No,69.74,50.78,0.0
2023-03-12 08:00,3,8,Weekend,Spring,No,71.38,52.86,0.0
2023-03-12 09:00,3,9,Weekend,Spring,No,72.17,55.82,0.0
2023-03-12 10:00,3,10,Weekend,Spring,No,73.64,58.8,0.0
2023-03-12 11:00,3,11,Weekend,Spring,No,74.12,60.6,0.0
2023-03-12 12:00,3,12,Weekend,Spring,No,73.78,61.61,0.0
2023-03-12 13:00,3,13,Weekend,Spring,No,72.3,62.58,1.71
2023-03-12 14:00,3,14,Weekend,Spring,No,72.58,63.59,0.0
2023-03-12 15:00,3,15,Weekend,Spring,No,74.0,64.56,4.67
2023-03-12 16:00,3,16,Weekend,Spring,No,72.73,65.57,7.77
2023-03-12 17:00,3,17,Weekend,Spring,No,72.04,64.86,7.91
2023-03-12 18:00,3,18,Weekend,Spring,No,73.18,62.89,0.0
2023-03-12 19:00,3,19,Weekend,Spring,No,72.89,60.9,0.0
2023-03-12 20:00,3,20,Weekend,Spring,No,72.35,59.14,0.0
2023-03-12 21:00,3,21,Weekend,Spring,No,71.85,57.41,0.0
2023-03-12 22:00,3,22,Weekend,Spring,No,71.37,55.72,0.0
2023-03-12 23:00,3,23,Weekend,Spring,No,71.09,53.68,0.0
2023-03-13 00:00,3,0,Weekday,Spring,No,70.64,51.34,0.0
2023-03-13 01:00,3,1,Weekday,Spring,No,70.15,49.0,0.0
2023-03-13 02:00,3,2,Weekday,Spring,No,69.7,47.28,0.0
2023-03-13 03:00,3,3,Weekday,Spring,No,69.28,45.92,0.0
2023-03-13 04:00,3,4,Weekday,Spring,No,68.95,44.58,0.0
2023-03-13 05:00,3,5,Weekday,Spring,No,69.88,44.58,0.0
2023-03-13 06:00,3,6,Weekday,Spring,No,69.85,45.59,0.0
2023-03-13 07:00,3,7,Weekday,Spring,No,70.48,46.56,0.0
2023-03-13 08:00,3,8,Weekday,Spring,Yes,71.39,50.4,0.0
2023-03-13 09:00,3,9,Weekday,Spring,Yes,72.16,56.45,3.13
2023-03-13 10:00,3,10,Weekday,Spring,Yes,72.71,62.46,10.45
2023-03-13 11:00,3,11,Weekday,Spring,Yes,72.45,66.52,15.92
2023-03-13 12:00,3,12,Weekday,Spring,Yes,72.53,69.22,21.44
2023-03-13 13:00,3,13,Weekday,Spring,Yes,72.96,71.92,26.42
2023-03-13 14:00,3,14,Weekday,Spring,Yes,73.69,73.25,28.77
2023-03-13 15:00,3,15,Weekday,Spring,Yes,74.05,73.51,29.6
2023-03-13 16:00,3,16,Weekday,Spring,Yes,73.92,73.79,29.66
2023-03-13 17:00,3,17,Weekday,Spring,Yes,73.38,72.37,23.8
2023-03-13 18:00,3,18,Weekday,Spring,No,72.33,69.77,19.51
2023-03-13 19:00,3,19,Weekday,Spring,No,71.13,67.14,16.73
2023-03-13 20:00,3,20,Weekday,Spring,No,70.65,64.24,13.62
2023-03-13 21:00,3,21,Weekday,Spring,No,73.15,61.28,0.0
2023-03-13 22:00,3,22,Weekday,Spring,No,73.28,58.3,0.0
2023-03-13 23:00,3,23,Weekday,Spring,No,72.83,56.08,0.0
2023-03-14 00:00,3,0,Weekday,Spring,No,72.41,54.35,0.0
2023-03-14 01:00,3,1,Weekday,Spring,No,71.99,52.66,0.0
2023-03-14 02:00,3,2,Weekday,Spring,No,71.58,51.35,0.0
2023-03-14 03:00,3,3,Weekday,Spring,No,71.2,50.38,0.0
2023-03-14 04:00,3,4,Weekday,Spring,No,70.9,49.37,0.0
2023-03-14 05:00,3,5,Weekday,Spring,No,70.08,49.76,0.0
2023-03-14 06:00,3,6,Weekday,Spring,No,70.05,51.1,0.0
2023-03-14 07:00,3,7,Weekday,Spring,No,70.87,52.46,0.0
2023-03-14 08:00,3,8,Weekday,Spring,Yes,72.07,56.21,2.87
2023-03-14 09:00,3,9,Weekday,Spring,Yes,72.86,61.5,9.75
2023-03-14 10:00,3,10,Weekday,Spring,Yes,73.27,66.83,16.71
2023-03-14 11:00,3,11,Weekday,Spring,Yes,73.08,70.45,23.1
2023-03-14 12:00,3,12,Weekday,Spring,Yes,73.23,72.68,28.59
2023-03-14 13:00,3,13,Weekday,Spring,Yes,73.72,74.95,33.01
2023-03-14 14:00,3,14,Weekday,Spring,Yes,74.38,75.5,33.82
2023-03-14 15:00,3,15,Weekday,Spring,Yes,74.58,74.88,32.84
2023-03-14 16:00,3,16,Weekday,Spring,Yes,74.41,74.24,30.7
2023-03-14 17:00,3,17,Weekday,Spring,Yes,73.87,72.58,23.63
2023-03-14 18:00,3,18,Weekday,Spring,No,72.91,70.24,19.98
2023-03-14 19:00,3,19,Weekday,Spring,No,71.67,67.9,17.36
2023-03-14 20:00,3,20,Weekday,Spring,No,71.07,65.03,14.18
2023-03-14 21:00,3,21,Weekday,Spring,No,73.81,61.68,0.0
2023-03-14 22:00,3,22,Weekday,Spring,No,73.98,58.37,0.0
2023-03-14 23:00,3,23,Weekday,Spring,No,73.53,56.08,0.0
2023-03-15 00:00,3,0,Weekday,Spring,No,73.11,54.35,0.0
2023-03-15 01:00,3,1,Weekday,Spring,No,72.68,52.66,0.0
2023-03-15 02:00,3,2,Weekday,Spring,No,72.3,51.77,0.0
2023-03-15 03:00,3,3,Weekday,Spring,No,71.98,51.52,0.0
2023-03-15 04:00,3,4,Weekday,Spring,No,71.75,51.23,0.0
2023-03-15 05:00,3,5,Weekday,Spring,No,70.22,51.5,0.0
2023-03-15 06:00,3,6,Weekday,Spring,No,70.17,52.12,0.0
2023-03-15 07:00,3,7,Weekday,Spring,No,70.84,52.76,0.0
2023-03-15 08:00,3,8,Weekday,Spring,Yes,71.33,55.37,1.67
2023-03-15 09:00,3,9,Weekday,Spring,Yes,71.98,59.33,6.5
2023-03-15 10:00,3,10,Weekday,Spring,Yes,72.77,63.29,11.23
2023-03-15 11:00,3,11,Weekday,Spring,Yes,73.12,66.31,15.29
2023-03-15 12:00,3,12,Weekday,Spring,Yes,73.68,68.65,18.92
2023-03-15 13:00,3,13,Weekday,Spring,Yes,74.09,70.98,22.65
2023-03-15 14:00,3,14,Weekday,Spring,Yes,74.5,72.17,25.52
2023-03-15 15:00,3,15,Weekday,Spring,Yes,74.72,72.53,26.68
2023-03-15 16:00,3,16,Weekday,Spring,Yes,74.44,72.89,26.59
2023-03-15 17:00,3,17,Weekday,Spring,Yes,73.35,72.1,23.12
2023-03-15 18:00,3,18,Weekday,Spring,No,72.47,70.37,20.44
2023-03-15 19:00,3,19,Weekday,Spring,No,71.63,68.68,17.93
2023-03-15 20:00,3,20,Weekday,Spring,No,71.2,66.84,15.35
2023-03-15 21:00,3,21,Weekday,Spring,No,74.22,64.86,0.0
2023-03-15 22:00,3,22,Weekday,Spring,No,74.61,62.89,0.0
2023-03-15 23:00,3,23,Weekday,Spring,No,74.3,61.12,0.0
2023-03-16 00:00,3,0,Weekday,Spring,No,73.96,59.39,0.0
2023-03-16 01:00,3,1,Weekday,Spring,No,73.6,57.7,0.0
2023-03-16 02:00,3,2,Weekday,Spring,No,73.22,56.08,0.0
2023-03-16 03:00,3,3,Weekday,Spring,No,72.79,54.35,0.0
2023-03-16 04:00,3,4,Weekday,Spring,No,72.41,52.66,0.0
2023-03-16 05:00,3,5,Weekday,Spring,No,70.33,52.19,0.0
2023-03-16 06:00,3,6,Weekday,Spring,No,70.24,52.55,0.0
2023-03-16 07:00,3,7,Weekday,Spring,No,71.36,52.91,0.0
2023-03-16 08:00,3,8,Weekday,Spring,Yes,72.57,55.37,1.53
2023-03-16 09:00,3,9,Weekday,Spring,Yes,73.22,59.33,6.05
2023-03-16 10:00,3,10,Weekday,Spring,Yes,73.54,63.29,11.36
2023-03-16 11:00,3,11,Weekday,Spring,Yes,73.37,65.88,15.96
2023-03-16 12:00,3,12,Weekday,Spring,Yes,73.48,67.61,19.73
2023-03-16 13:00,3,13,Weekday,Spring,Yes,73.87,69.31,22.58
2023-03-16 14:00,3,14,Weekday,Spring,Yes,74.44,69.77,23.26
2023-03-16 15:00,3,15,Weekday,Spring,Yes,74.59,69.52,23.03
2023-03-16 16:00,3,16,Weekday,Spring,Yes,74.42,69.23,22.15
2023-03-16 17:00,3,17,Weekday,Spring,Yes,73.91,67.72,16.87
2023-03-16 18:00,3,18,Weekday,Spring,No,72.91,65.38,13.37
2023-03-16 19:00,3,19,Weekday,Spring,No,71.62,63.04,10.32
2023-03-16 20:00,3,20,Weekday,Spring,No,71.05,60.7,7.43
2023-03-16 21:00,3,21,Weekday,Spring,No,73.58,58.36,0.0
2023-03-16 22:00,3,22,Weekday,Spring,No,73.74,56.02,0.0
2023-03-16 23:00,3,23,Weekday,Spring,No,73.29,53.88,0.0
2023-03-17 00:00,3,0,Weekday,Spring,No,72.82,51.8,0.0
2023-03-17 01:00,3,1,Weekday,Spring,No,72.32,49.74,0.0
2023-03-17 02:00,3,2,Weekday,Spring,No,71.87,48.4,0.0
2023-03-17 03:00,3,3,Weekday,Spring,No,71.46,47.39,0.0
2023-03-17 04:00,3,4,Weekday,Spring,No,71.14,46.42,0.0
2023-03-17 05:00,3,5,Weekday,Spring,No,70.21,46.98,0.0
2023-03-17 06:00,3,6,Weekday,Spring,No,70.19,48.71,0.0
2023-03-17 07:00,3,7,Weekday,Spring,No,70.84,50.4,0.0
2023-03-17 08:00,3,8,Weekday,Spring,Yes,71.8,53.18,0.09
2023-03-17 09:00,3,9,Weekday,Spring,Yes,72.83,56.88,3.03
2023-03-17 10:00,3,10,Weekday,Spring,Yes,73.42,60.56,7.61
2023-03-17 11:00,3,11,Weekday,Spring,Yes,73.08,63.64,12.32
2023-03-17 12:00,3,12,Weekday,Spring,Yes,73.13,66.23,17.11
2023-03-17 13:00,3,13,Weekday,Spring,Yes,73.53,68.86,21.48
2023-03-17 14:00,3,14,Weekday,Spring,Yes,74.2,70.61,24.52
2023-03-17 15:00,3,15,Weekday,Spring,Yes,74.53,71.58,26.86
2023-03-17 16:00,3,16,Weekday,Spring,Yes,74.39,72.59,29.05
2023-03-17 17:00,3,17,Weekday,Spring,Yes,73.88,71.26,22.84
2023-03-17 18:00,3,18,Weekday,Spring,No,72.98,68.3,17.37
2023-03-17 19:00,3,19,Weekday,Spring,No,71.67,65.32,13.26
2023-03-17 20:00,3,20,Weekday,Spring,No,71.09,63.41,10.77
2023-03-17 21:00,3,21,Weekday,Spring,No,73.86,62.44,0.0
2023-03-17 22:00,3,22,Weekday,Spring,No,74.22,61.43,0.0
2023-03-17 23:00,3,23,Weekday,Spring,No,73.73,60.24,0.0
2023-03-18 00:00,3,0,Weekend,Spring,No,73.34,58.88,0.0
2023-03-18 01:00,3,1,Weekend,Spring,No,72.97,57.54,0.0
2023-03-18 02:00,3,2,Weekend,Spring,No,72.62,56.39,0.0
2023-03-18 03:00,3,3,Weekend,Spring,No,72.28,55.42,0.0
2023-03-18 04:00,3,4,Weekend,Spring,No,71.94,54.41,0.0
2023-03-18 05:00,3,5,Weekend,Spring,No,70.27,54.38,0.21
2023-03-18 06:00,3,6,Weekend,Spring,No,70.11,55.0,0.9
2023-03-18 07:00,3,7,Weekend,Spring,No,70.6,55.64,1.61
2023-03-18 08:00,3,8,Weekend,Spring,No,71.57,58.46,4.8
2023-03-18 09:00,3,9,Weekend,Spring,No,72.18,62.89,10.14
2023-03-18 10:00,3,10,Weekend,Spring,No,72.61,67.28,16.08
2023-03-18 11:00,3,11,Weekend,Spring,No,72.46,70.66,22.07
2023-03-18 12:00,3,12,Weekend,Spring,No,72.25,73.25,27.43
2023-03-18 13:00,3,13,Weekend,Spring,No,72.04,75.88,30.42
2023-03-18 14:00,3,14,Weekend,Spring,No,72.43,76.37,30.41
2023-03-18 15:00,3,15,Weekend,Spring,No,72.79,75.4,28.3
2023-03-18 16:00,3,16,Weekend,Spring,No,72.69,74.39,26.4
2023-03-18 17:00,3,17,Weekend,Spring,No,74.83,72.37,0.0
2023-03-18 18:00,3,18,Weekend,Spring,No,75.94,69.77,0.0
2023-03-18 19:00,3,19,Weekend,Spring,No,75.17,67.14,0.0
2023-03-18 20:00,3,20,Weekend,Spring,No,74.56,64.24,0.0
2023-03-18 21:00,3,21,Weekend,Spring,No,73.96,61.28,0.0
2023-03-18 22:00,3,22,Weekend,Spring,No,73.37,58.3,0.0
2023-03-18 23:00,3,23,Weekend,Spring,No,72.9,56.81,0.0
2023-03-19 00:00,3,0,Weekend,Spring,No,72.57,56.45,0.0
2023-03-19 01:00,3,1,Weekend,Spring,No,72.27,56.09,0.0
2023-03-19 02:00,3,2,Weekend,Spring,No,71.98,55.0,0.0
2023-03-19 03:00,3,3,Weekend,Spring,No,71.68,53.38,0.0
2023-03-19 04:00,3,4,Weekend,Spring,No,71.37,51.76,0.0
2023-03-19 05:00,3,5,Weekend,Spring,No,70.99,49.5,0.0
2023-03-19 06:00,3,6,Weekend,Spring,No,70.46,46.8,0.0
2023-03-19 07:00,3,7,Weekend,Spring,No,70.03,44.1,0.0
2023-03-19 08:00,3,8,Weekend,Spring,No,70.09,43.61,0.0
2023-03-19 09:00,3,9,Weekend,Spring,No,70.77,44.58,0.0
2023-03-19 10:00,3,10,Weekend,Spring,No,71.16,45.59,0.0
2023-03-19 11:00,3,11,Weekend,Spring,No,72.31,47.4,0.0
2023-03-19 12:00,3,12,Weekend,Spring,No,72.86,49.74,0.0
2023-03-19 13:00,3,13,Weekend,Spring,No,72.72,52.08,0.0
2023-03-19 14:00,3,14,Weekend,Spring,No,73.24,53.58,0.0
2023-03-19 15:00,3,15,Weekend,Spring,No,73.98,54.59,0.0
2023-03-19 16:00,3,16,Weekend,Spring,No,74.15,55.57,0.0
2023-03-19 17:00,3,17,Weekend,Spring,No,72.0,55.2,0.19
2023-03-19 18:00,3,18,Weekend,Spring,No,71.93,53.84,0.0
2023-03-19 19:00,3,19,Weekend,Spring,No,71.66,52.5,0.0
2023-03-19 20:00,3,20,Weekend,Spring,No,71.05,50.62,0.0
2023-03-19 21:00,3,21,Weekend,Spring,No,70.47,48.28,0.0
2023-03-19 22:00,3,22,Weekend,Spring,No,69.91,45.94,0.0
2023-03-19 23:00,3,23,Weekend,Spring,No,69.59,44.54,0.0
2023-03-20 00:00,3,0,Weekday,Spring,No,69.24,43.92,0.0
2023-03-20 01:00,3,1,Weekday,Spring,No,68.87,43.28,0.0
2023-03-20 02:00,3,2,Weekday,Spring,No,68.5,42.56,0.0
2023-03-20 03:00,3,3,Weekday,Spring,No,68.15,41.94,0.0
2023-03-20 04:00,3,4,Weekday,Spring,No,67.88,41.3,0.0
2023-03-20 05:00,3,5,Weekday,Spring,No,69.9,41.42,0.0
2023-03-20 06:00,3,6,Weekday,Spring,No,69.88,42.04,0.0
2023-03-20 07:00,3,7,Weekday,Spring,No,70.48,42.68,0.0
2023-03-20 08:00,3,8,Weekday,Spring,Yes,71.22,45.71,0.0
2023-03-20 09:00,3,9,Weekday,Spring,Yes,71.83,50.39,0.0
2023-03-20 10:00,3,10,Weekday,Spring,Yes,72.38,55.07,1.37
2023-03-20 11:00,3,11,Weekday,Spring,Yes,72.22,58.38,5.21
2023-03-20 12:00,3,12,Weekday,Spring,Yes,72.26,60.72,8.3
2023-03-20 13:00,3,13,Weekday,Spring,Yes,72.59,63.06,11.38
2023-03-20 14:00,3,14,Weekday,Spring,Yes,73.33,64.78,13.82
2023-03-20 15:00,3,15,Weekday,Spring,Yes,73.76,66.14,16.04
2023-03-20 16:00,3,16,Weekday,Spring,Yes,73.63,67.47,18.33
2023-03-20 17:00,3,17,Weekday,Spring,Yes,73.06,67.06,16.13
2023-03-20 18:00,3,18,Weekday,Spring,No,72.19,65.33,13.32
2023-03-20 19:00,3,19,Weekday,Spring,No,70.95,63.64,11.22
2023-03-20 20:00,3,20,Weekday,Spring,No,70.47,61.07,8.47
2023-03-20 21:00,3,21,Weekday,Spring,No,72.64,57.72,0.0
2023-03-20 22:00,3,22,Weekday,Spring,No,72.62,54.41,0.0
2023-03-20 23:00,3,23,Weekday,Spring,No,72.12,52.12,0.0
2023-03-21 00:00,3,0,Weekday,Spring,No,71.66,50.39,0.0
2023-03-21 01:00,3,1,Weekday,Spring,No,71.19,48.7,0.0
2023-03-21 02:00,3,2,Weekday,Spring,No,70.77,47.6,0.0
2023-03-21 03:00,3,3,Weekday,Spring,No,70.39,46.98,0.0
2023-03-21 04:00,3,4,Weekday,Spring,No,70.09,46.34,0.0
2023-03-21 05:00,3,5,Weekday,Spring,No,70.03,46.98,0.0
2023-03-21 06:00,3,6,Weekday,Spring,No,70.01,48.71,0.0
2023-03-21 07:00,3,7,Weekday,Spring,No,70.84,50.4,0.0
2023-03-21 08:00,3,8,Weekday,Spring,Yes,71.9,54.33,0.94
2023-03-21 09:00,3,9,Weekday,Spring,Yes,72.59,60.02,6.88
2023-03-21 10:00,3,10,Weekday,Spring,Yes,73.14,65.68,14.29
2023-03-21 11:00,3,11,Weekday,Spring,Yes,72.93,69.58,21.2
2023-03-21 12:00,3,12,Weekday,Spring,Yes,73.07,72.17,27.24
2023-03-21 13:00,3,13,Weekday,Spring,Yes,73.59,74.8,32.43
2023-03-21 14:00,3,14,Weekday,Spring,Yes,74.3,75.92,34.77
2023-03-21 15:00,3,15,Weekday,Spring,Yes,74.51,75.92,36.22
2023-03-21 16:00,3,16,Weekday,Spring,Yes,74.36,75.92,36.1
2023-03-21 17:00,3,17,Weekday,Spring,Yes,73.83,74.13,28.25
2023-03-21 18:00,3,18,Weekday,Spring,No,73.09,71.18,21.71
2023-03-21 19:00,3,19,Weekday,Spring,No,71.71,68.2,17.24
2023-03-21 20:00,3,20,Weekday,Spring,No,71.07,66.18,14.43
2023-03-21 21:00,3,21,Weekday,Spring,No,73.98,64.82,0.0
2023-03-21 22:00,3,22,Weekday,Spring,No,74.36,63.48,0.0
2023-03-21 23:00,3,23,Weekday,Spring,No,74.09,62.02,0.0
2023-03-22 00:00,3,0,Weekday,Spring,No,73.85,60.29,0.0
2023-03-22 01:00,3,1,Weekday,Spring,No,73.6,58.6,0.0
2023-03-22 02:00,3,2,Weekday,Spring,No,73.36,57.5,0.0
2023-03-22 03:00,3,3,Weekday,Spring,No,73.15,56.88,0.0
2023-03-22 04:00,3,4,Weekday,Spring,No,73.01,56.24,0.0
2023-03-22 05:00,3,5,Weekday,Spring,No,70.39,55.0,0.88
2023-03-22 06:00,3,6,Weekday,Spring,No,70.23,53.38,0.0
2023-03-22 07:00,3,7,Weekday,Spring,No,70.95,51.76,0.0
2023-03-22 08:00,3,8,Weekday,Spring,Yes,72.04,52.24,0.0
2023-03-22 09:00,3,9,Weekday,Spring,Yes,73.05,54.22,0.3
2023-03-22 10:00,3,10,Weekday,Spring,Yes,73.43,56.2,2.29
2023-03-22 11:00,3,11,Weekday,Spring,Yes,73.12,57.76,4.22
2023-03-22 12:00,3,12,Weekday,Spring,Yes,73.23,59.12,5.99
2023-03-22 13:00,3,13,Weekday,Spring,Yes,73.57,60.46,7.77
2023-03-22 14:00,3,14,Weekday,Spring,Yes,74.07,60.35,7.61
2023-03-22 15:00,3,15,Weekday,Spring,Yes,74.21,59.38,6.26
2023-03-22 16:00,3,16,Weekday,Spring,Yes,73.77,58.37,5.07
2023-03-22 17:00,3,17,Weekday,Spring,Yes,72.99,57.18,3.33
2023-03-22 18:00,3,18,Weekday,Spring,No,71.9,55.82,1.81
2023-03-22 19:00,3,19,Weekday,Spring,No,70.91,54.48,0.38
2023-03-22 20:00,3,20,Weekday,Spring,No,70.58,53.02,0.0
2023-03-22 21:00,3,21,Weekday,Spring,No,72.41,51.29,0.0
2023-03-22 22:00,3,22,Weekday,Spring,No,72.41,49.6,0.0
2023-03-22 23:00,3,23,Weekday,Spring,No,71.93,47.56,0.0
2023-03-23 00:00,3,0,Weekday,Spring,No,71.43,45.32,0.0
2023-03-23 01:00,3,1,Weekday,Spring,No,70.9,43.06,0.0
2023-03-23 02:00,3,2,Weekday,Spring,No,70.52,42.29,0.0
2023-03-23 03:00,3,3,Weekday,Spring,No,70.28,42.54,0.0
2023-03-23 04:00,3,4,Weekday,Spring,No,70.15,42.83,0.0
2023-03-23 05:00,3,5,Weekday,Spring,No,70.1,43.72,0.0
2023-03-23 06:00,3,6,Weekday,Spring,No,70.09,45.08,0.0
2023-03-23 07:00,3,7,Weekday,Spring,No,70.59,46.42,0.0
2023-03-23 08:00,3,8,Weekday,Spring,Yes,71.53,48.93,0.0
2023-03-23 09:00,3,9,Weekday,Spring,Yes,72.43,52.25,0.0
2023-03-23 10:00,3,10,Weekday,Spring,Yes,72.97,55.6,1.63
2023-03-23 11:00,3,11,Weekday,Spring,Yes,72.7,58.18,4.7
2023-03-23 12:00,3,12,Weekday,Spring,Yes,72.79,60.16,7.51
2023-03-23 13:00,3,13,Weekday,Spring,Yes,73.15,62.14,10.18
2023-03-23 14:00,3,14,Weekday,Spring,Yes,73.8,63.38,11.88
2023-03-23 15:00,3,15,Weekday,Spring,Yes,74.12,64.0,12.85
2023-03-23 16:00,3,16,Weekday,Spring,Yes,73.95,64.64,13.91
2023-03-23 17:00,3,17,Weekday,Spring,Yes,73.37,64.0,11.77
2023-03-23 18:00,3,18,Weekday,Spring,No,72.46,62.38,9.49
2023-03-23 19:00,3,19,Weekday,Spring,No,71.18,60.76,7.5
2023-03-23 20:00,3,20,Weekday,Spring,No,70.7,59.24,5.7
2023-03-23 21:00,3,21,Weekday,Spring,No,73.04,57.9,0.0
2023-03-23 22:00,3,22,Weekday,Spring,No,73.22,56.54,0.0
2023-03-23 23:00,3,23,Weekday,Spring,No,72.81,54.36,0.0
2023-03-24 00:00,3,0,Weekday,Spring,No,72.3,51.77,0.0
2023-03-24 01:00,3,1,Weekday,Spring,No,71.76,49.14,0.0
2023-03-24 02:00,3,2,Weekday,Spring,No,71.25,47.28,0.0
2023-03-24 03:00,3,3,Weekday,Spring,No,70.8,45.92,0.0
2023-03-24 04:00,3,4,Weekday,Spring,No,70.42,44.58,0.0
2023-03-24 05:00,3,5,Weekday,Spring,No,70.12,44.8,0.0
2023-03-24 06:00,3,6,Weekday,Spring,No,70.1,46.16,0.0
2023-03-24 07:00,3,7,Weekday,Spring,No,70.6,47.5,0.0
2023-03-24 08:00,3,8,Weekday,Spring,Yes,70.77,49.6,0.0
2023-03-24 09:00,3,9,Weekday,Spring,Yes,70.97,52.19,0.0
2023-03-24 10:00,3,10,Weekday,Spring,Yes,71.38,54.82,0.84
2023-03-24 11:00,3,11,Weekday,Spring,Yes,71.69,57.93,4.36
2023-03-24 12:00,3,12,Weekday,Spring,Yes,72.55,61.25,8.44
2023-03-24 13:00,3,13,Weekday,Spring,Yes,73.12,64.6,12.61
2023-03-24 14:00,3,14,Weekday,Spring,Yes,73.71,66.76,15.8
2023-03-24 15:00,3,15,Weekday,Spring,Yes,74.06,68.12,18.12
2023-03-24 16:00,3,16,Weekday,Spring,Yes,73.74,69.46,20.49
2023-03-24 17:00,3,17,Weekday,Spring,Yes,73.19,67.88,16.81
2023-03-24 18:00,3,18,Weekday,Spring,No,72.19,64.18,11.79
2023-03-24 19:00,3,19,Weekday,Spring,No,70.95,60.5,7.2
2023-03-24 20:00,3,20,Weekday,Spring,No,70.53,58.06,4.32
2023-03-24 21:00,3,21,Weekday,Spring,No,72.61,56.33,0.0
2023-03-24 22:00,3,22,Weekday,Spring,No,72.71,54.64,0.0
2023-03-24 23:00,3,23,Weekday,Spring,No,72.09,53.02,0.0
2023-03-25 00:00,3,0,Weekend,Spring,No,71.59,51.29,0.0
2023-03-25 01:00,3,1,Weekend,Spring,No,71.11,49.6,0.0
2023-03-25 02:00,3,2,Weekend,Spring,No,70.68,48.71,0.0
2023-03-25 03:00,3,3,Weekend,Spring,No,70.34,48.46,0.0
2023-03-25 04:00,3,4,Weekend,Spring,No,70.02,48.17,0.0
2023-03-25 05:00,3,5,Weekend,Spring,No,70.06,48.65,0.0
2023-03-25 06:00,3,6,Weekend,Spring,No,69.95,49.62,0.0
2023-03-25 07:00,3,7,Weekend,Spring,No,70.21,50.63,0.0
2023-03-25 08:00,3,8,Weekend,Spring,No,70.87,53.39,0.2
2023-03-25 09:00,3,9,Weekend,Spring,No,71.45,57.35,3.56
2023-03-25 10:00,3,10,Weekend,Spring,No,71.99,61.31,8.19
2023-03-25 11:00,3,11,Weekend,Spring,No,72.04,63.7,11.19
2023-03-25 12:00,3,12,Weekend,Spring,No,71.82,65.06,13.3
2023-03-25 13:00,3,13,Weekend,Spring,No,71.5,66.4,15.09
2023-03-25 14:00,3,14,Weekend,Spring,No,71.85,67.13,15.91
2023-03-25 15:00,3,15,Weekend,Spring,No,72.31,67.49,16.24
2023-03-25 16:00,3,16,Weekend,Spring,No,72.14,67.85,16.74
2023-03-25 17:00,3,17,Weekend,Spring,No,75.19,66.42,0.0
2023-03-25 18:00,3,18,Weekend,Spring,No,74.89,63.83,0.0
2023-03-25 19:00,3,19,Weekend,Spring,No,73.91,61.2,0.0
2023-03-25 20:00,3,20,Weekend,Spring,No,73.29,58.92,0.0
2023-03-25 21:00,3,21,Weekend,Spring,No,72.76,56.84,0.0
2023-03-25 22:00,3,22,Weekend,Spring,No,72.25,54.78,0.0
2023-03-25 23:00,3,23,Weekend,Spring,No,71.85,53.43,0.0
2023-03-26 00:00,3,0,Weekend,Spring,No,71.55,52.43,0.0
2023-03-26 01:00,3,1,Weekend,Spring,No,71.27,51.46,0.0
2023-03-26 02:00,3,2,Weekend,Spring,No,70.99,50.66,0.0
2023-03-26 03:00,3,3,Weekend,Spring,No,70.67,49.94,0.0
2023-03-26 04:00,3,4,Weekend,Spring,No,70.35,49.22,0.0
2023-03-26 05:00,3,5,Weekend,Spring,No,70.1,49.55,0.0
2023-03-26 06:00,3,6,Weekend,Spring,No,70.02,50.52,0.0
2023-03-26 07:00,3,7,Weekend,Spring,No,70.32,51.53,0.0
2023-03-26 08:00,3,8,Weekend,Spring,No,70.96,53.34,0.0
2023-03-26 09:00,3,9,Weekend,Spring,No,72.07,55.68,0.0
2023-03-26 10:00,3,10,Weekend,Spring,No,73.25,58.02,0.0
2023-03-26 11:00,3,11,Weekend,Spring,No,73.37,59.0,0.0
2023-03-26 12:00,3,12,Weekend,Spring,No,73.14,59.0,0.0
2023-03-26 13:00,3,13,Weekend,Spring,No,72.84,59.0,0.0
2023-03-26 14:00,3,14,Weekend,Spring,No,72.54,58.26,0.0
2023-03-26 15:00,3,15,Weekend,Spring,No,72.59,56.9,0.0
2023-03-26 16:00,3,16,Weekend,Spring,No,72.53,55.57,0.0
2023-03-26 17:00,3,17,Weekend,Spring,No,71.73,52.94,0.0
2023-03-26 18:00,3,18,Weekend,Spring,No,70.92,49.24,0.0
2023-03-26 19:00,3,19,Weekend,Spring,No,69.77,45.56,0.0
2023-03-26 20:00,3,20,Weekend,Spring,No,68.89,43.22,0.0
2023-03-26 21:00,3,21,Weekend,Spring,No,68.43,41.89,0.0
2023-03-26 22:00,3,22,Weekend,Spring,No,68.43,40.52,0.0
2023-03-26 23:00,3,23,Weekend,Spring,No,68.26,40.13,0.0
2023-03-27 00:00,3,0,Weekday,Spring,No,67.47,40.49,0.0
2023-03-27 01:00,3,1,Weekday,Spring,No,67.13,40.85,0.0
2023-03-27 02:00,3,2,Weekday,Spring,No,67.22,41.42,0.0
2023-03-27 03:00,3,3,Weekday,Spring,No,67.38,42.04,0.0
2023-03-27 04:00,3,4,Weekday,Spring,No,67.39,42.68,0.0
2023-03-27 05:00,3,5,Weekday,Spring,No,69.86,43.4,0.0
2023-03-27 06:00,3,6,Weekday,Spring,No,69.82,44.02,0.0
2023-03-27 07:00,3,7,Weekday,Spring,No,70.23,44.66,0.0
2023-03-27 08:00,3,8,Weekday,Spring,Yes,70.28,45.9,0.0
2023-03-27 09:00,3,9,Weekday,Spring,Yes,70.39,47.63,0.0
2023-03-27 10:00,3,10,Weekday,Spring,Yes,70.84,49.32,0.0
2023-03-27 11:00,3,11,Weekday,Spring,Yes,71.35,51.36,0.0
2023-03-27 12:00,3,12,Weekday,Spring,Yes,71.84,53.7,0.12
2023-03-27 13:00,3,13,Weekday,Spring,Yes,72.01,56.04,2.5
2023-03-27 14:00,3,14,Weekday,Spring,Yes,72.59,57.65,4.48
2023-03-27 15:00,3,15,Weekday,Spring,Yes,73.32,58.62,5.58
2023-03-27 16:00,3,16,Weekday,Spring,Yes,73.17,59.63,6.67
2023-03-27 17:00,3,17,Weekday,Spring,Yes,72.39,59.66,6.35
2023-03-27 18:00,3,18,Weekday,Spring,No,71.36,58.94,5.58
2023-03-27 19:00,3,19,Weekday,Spring,No,70.3,58.22,4.78
2023-03-27 20:00,3,20,Weekday,Spring,No,70.07,56.34,2.69
2023-03-27 21:00,3,21,Weekday,Spring,No,71.58,53.75,0.0
2023-03-27 22:00,3,22,Weekday,Spring,No,71.42,51.12,0.0
2023-03-27 23:00,3,23,Weekday,Spring,No,70.91,49.37,0.0
2023-03-28 00:00,3,0,Weekday,Spring,No,70.5,48.4,0.0
2023-03-28 01:00,3,1,Weekday,Spring,No,70.11,47.39,0.0
2023-03-28 02:00,3,2,Weekday,Spring,No,69.73,46.52,0.0
2023-03-28 03:00,3,3,Weekday,Spring,No,69.38,45.9,0.0
2023-03-28 04:00,3,4,Weekday,Spring,No,69.11,45.26,0.0
2023-03-28 05:00,3,5,Weekday,Spring,No,69.93,45.38,0.0
2023-03-28 06:00,3,6,Weekday,Spring,No,69.92,46.0,0.0
2023-03-28 07:00,3,7,Weekday,Spring,No,70.39,46.64,0.0
2023-03-28 08:00,3,8,Weekday,Spring,Yes,70.54,48.93,0.0
2023-03-28 09:00,3,9,Weekday,Spring,Yes,71.1,52.25,0.0
2023-03-28 10:00,3,10,Weekday,Spring,Yes,71.73,55.6,1.73
2023-03-28 11:00,3,11,Weekday,Spring,Yes,72.06,58.18,4.66
2023-03-28 12:00,3,12,Weekday,Spring,Yes,72.33,60.16,7.09
2023-03-28 13:00,3,13,Weekday,Spring,Yes,72.68,62.14,9.55
2023-03-28 14:00,3,14,Weekday,Spring,Yes,73.32,62.75,10.34
2023-03-28 15:00,3,15,Weekday,Spring,Yes,73.67,62.5,10.15
2023-03-28 16:00,3,16,Weekday,Spring,Yes,73.47,62.21,10.09
2023-03-28 17:00,3,17,Weekday,Spring,Yes,72.74,60.9,7.74
2023-03-28 18:00,3,18,Weekday,Spring,No,71.84,58.82,5.2
2023-03-28 19:00,3,19,Weekday,Spring,No,70.55,56.76,2.86
2023-03-28 20:00,3,20,Weekday,Spring,No,70.22,55.42,1.36
2023-03-28 21:00,3,21,Weekday,Spring,No,71.92,54.41,0.0
2023-03-28 22:00,3,22,Weekday,Spring,No,71.94,53.43,0.0
2023-03-28 23:00,3,23,Weekday,Spring,No,71.47,51.07,0.0
2023-03-29 00:00,3,0,Weekday,Spring,No,70.9,47.75,0.0
2023-03-29 01:00,3,1,Weekday,Spring,No,70.3,44.4,0.0
2023-03-29 02:00,3,2,Weekday,Spring,No,69.76,42.35,0.0
2023-03-29 03:00,3,3,Weekday,Spring,No,69.3,41.38,0.0
2023-03-29 04:00,3,4,Weekday,Spring,No,68.93,40.37,0.0
2023-03-29 05:00,3,5,Weekday,Spring,No,69.97,40.86,0.0
2023-03-29 06:00,3,6,Weekday,Spring,No,69.97,42.59,0.0
2023-03-29 07:00,3,7,Weekday,Spring,No,70.8,44.28,0.0
2023-03-29 08:00,3,8,Weekday,Spring,Yes,71.63,47.48,0.0
2023-03-29 09:00,3,9,Weekday,Spring,Yes,72.18,51.8,0.0
2023-03-29 10:00,3,10,Weekday,Spring,Yes,72.75,56.12,2.16
2023-03-29 11:00,3,11,Weekday,Spring,Yes,72.54,59.28,5.98
2023-03-29 12:00,3,12,Weekday,Spring,Yes,72.6,61.62,9.23
2023-03-29 13:00,3,13,Weekday,Spring,Yes,72.99,63.96,12.4
2023-03-29 14:00,3,14,Weekday,Spring,Yes,73.7,65.15,14.04
2023-03-29 15:00,3,15,Weekday,Spring,Yes,74.02,65.51,14.71
2023-03-29 16:00,3,16,Weekday,Spring,Yes,73.85,65.87,15.68
2023-03-29 17:00,3,17,Weekday,Spring,Yes,73.16,64.66,12.69
2023-03-29 18:00,3,18,Weekday,Spring,No,72.27,62.32,9.4
2023-03-29 19:00,3,19,Weekday,Spring,No,70.93,59.98,6.56
2023-03-29 20:00,3,20,Weekday,Spring,No,70.45,57.64,3.85
2023-03-29 21:00,3,21,Weekday,Spring,No,72.48,55.3,0.0
2023-03-29 22:00,3,22,Weekday,Spring,No,72.49,52.96,0.0
2023-03-29 23:00,3,23,Weekday,Spring,No,72.0,50.62,0.0
2023-03-30 00:00,3,0,Weekday,Spring,No,71.48,48.28,0.0
2023-03-30 01:00,3,1,Weekday,Spring,No,70.93,45.94,0.0
2023-03-30 02:00,3,2,Weekday,Spring,No,70.43,44.44,0.0
2023-03-30 03:00,3,3,Weekday,Spring,No,69.97,43.43,0.0
2023-03-30 04:00,3,4,Weekday,Spring,No,69.6,42.46,0.0
2023-03-30 05:00,3,5,Weekday,Spring,No,70.02,43.24,0.0
2023-03-30 06:00,3,6,Weekday,Spring,No,70.01,45.22,0.0
2023-03-30 07:00,3,7,Weekday,Spring,No,71.04,47.2,0.0
2023-03-30 08:00,3,8,Weekday,Spring,Yes,71.89,50.96,0.0
2023-03-30 09:00,3,9,Weekday,Spring,Yes,72.43,55.9,2.0
2023-03-30 10:00,3,10,Weekday,Spring,Yes,73.02,60.86,7.83
2023-03-30 11:00,3,11,Weekday,Spring,Yes,72.82,64.32,12.71
2023-03-30 12:00,3,12,Weekday,Spring,Yes,72.89,66.66,16.94
2023-03-30 13:00,3,13,Weekday,Spring,Yes,73.35,69.01,20.68
2023-03-30 14:00,3,14,Weekday,Spring,Yes,74.07,70.61,23.36
2023-03-30 15:00,3,15,Weekday,Spring,Yes,74.33,71.58,26.01
2023-03-30 16:00,3,16,Weekday,Spring,Yes,74.18,72.59,28.32
2023-03-30 17:00,3,17,Weekday,Spring,Yes,73.62,71.26,23.41
2023-03-30 18:00,3,18,Weekday,Spring,No,72.86,68.3,17.46
2023-03-30 19:00,3,19,Weekday,Spring,No,71.47,65.32,13.28
2023-03-30 20:00,3,20,Weekday,Spring,No,70.87,62.89,10.12
2023-03-30 21:00,3,21,Weekday,Spring,No,73.47,60.8,0.0
2023-03-30 22:00,3,22,Weekday,Spring,No,73.67,58.74,0.0
2023-03-30 23:00,3,23,Weekday,Spring,No,73.3,57.5,0.0
2023-03-31 00:00,3,0,Weekday,Spring,No,72.98,56.88,0.0
2023-03-31 01:00,3,1,Weekday,Spring,No,72.67,56.24,0.0
2023-03-31 02:00,3,2,Weekday,Spring,No,72.33,55.2,0.0
2023-03-31 03:00,3,3,Weekday,Spring,No,71.97,53.84,0.0
2023-03-31 04:00,3,4,Weekday,Spring,No,71.66,52.5,0.0
2023-03-31 05:00,3,5,Weekday,Spring,No,70.19,51.98,0.0
2023-03-31 06:00,3,6,Weekday,Spring,No,70.15,51.98,0.0
2023-03-31 07:00,3,7,Weekday,Spring,No,71.3,51.98,0.0
2023-03-31 08:00,3,8,Weekday,Spring,Yes,72.27,52.92,0.0
2023-03-31 09:00,3,9,Weekday,Spring,Yes,72.86,54.65,0.57
2023-03-31 10:00,3,10,Weekday,Spring,Yes,73.33,56.34,2.46
2023-03-31 11:00,3,11,Weekday,Spring,Yes,73.05,57.76,4.19
2023-03-31 12:00,3,12,Weekday,Spring,Yes,73.13,59.12,6.15
2023-03-31 13:00,3,13,Weekday,Spring,Yes,73.51,60.46,7.87
2023-03-31 14:00,3,14,Weekday,Spring,Yes,74.09,61.19,8.78
2023-03-31 15:00,3,15,Weekday,Spring,Yes,74.25,61.55,9.36
2023-03-31 16:00,3,16,Weekday,Spring,Yes,74.06,61.91,10.14
2023-03-31 17:00,3,17,Weekday,Spring,Yes,73.4,61.22,8.34
2023-03-31 18:00,3,18,Weekday,Spring,No,72.56,59.89,6.44
2023-03-31 19:00,3,19,Weekday,Spring,No,71.2,58.52,4.85
2023-03-31 20:00,3,20,Weekday,Spring,No,70.67,56.03,2.04
2023-03-31 21:00,3,21,Weekday,Spring,No,72.78,54.36,0.0
2023-03-31 22:00,3,22,Weekday,Spring,No,72.93,53.93,0.0
2023-03-31 23:00,3,23,Weekday,Spring,No,72.4,53.46,0.0
2023-04-01 00:00,4,0,Weekend,Spring,No,72.01,53.03,0.0
2023-04-01 01:00,4,1,Weekend,Spring,No,71.66,52.56,0.0
2023-04-01 02:00,4,2,Weekend,Spring,No,71.33,52.13,0.0
2023-04-01 03:00,4,3,Weekend,Spring,No,71.02,51.66,0.0
2023-04-01 04:00,4,4,Weekend,Spring,No,70.72,51.23,0.0
2023-04-01 05:00,4,5,Weekend,Spring,No,70.12,52.97,0.0
2023-04-01 06:00,4,6,Weekend,Spring,No,70.04,56.32,2.36
2023-04-01 07:00,4,7,Weekend,Spring,No,70.94,59.63,6.16
2023-04-01 08:00,4,8,Weekend,Spring,No,71.58,64.44,12.31
2023-04-01 09:00,4,9,Weekend,Spring,No,72.08,70.49,20.85
2023-04-01 10:00,4,10,Weekend,Spring,No,72.68,76.5,28.86
2023-04-01 11:00,4,11,Weekend,Spring,No,72.79,80.13,34.65
2023-04-01 12:00,4,12,Weekend,Spring,No,72.65,82.12,38.65
2023-04-01 13:00,4,13,Weekend,Spring,No,72.62,84.1,41.04
2023-04-01 14:00,4,14,Weekend,Spring,No,72.99,84.92,41.64
2023-04-01 15:00,4,15,Weekend,Spring,No,73.25,84.92,41.01
2023-04-01 16:00,4,16,Weekend,Spring,No,73.01,84.92,39.88
2023-04-01 17:00,4,17,Weekend,Spring,No,75.22,83.14,5.27
2023-04-01 18:00,4,18,Weekend,Spring,No,77.07,80.18,0.0
2023-04-01 19:00,4,19,Weekend,Spring,No,76.72,77.2,0.0
2023-04-01 20:00,4,20,Weekend,Spring,No,76.27,73.61,0.0
2023-04-01 21:00,4,21,Weekend,Spring,No,75.62,69.65,0.0
2023-04-01 22:00,4,22,Weekend,Spring,No,74.9,65.69,0.0
2023-04-01 23:00,4,23,Weekend,Spring,No,74.33,63.3,0.0
2023-04-02 00:00,4,0,Weekend,Spring,No,73.89,61.94,0.0
2023-04-02 01:00,4,1,Weekend,Spring,No,73.46,60.6,0.0
2023-04-02 02:00,4,2,Weekend,Spring,No,73.07,59.24,0.0
2023-04-02 03:00,4,3,Weekend,Spring,No,72.69,57.9,0.0
2023-04-02 04:00,4,4,Weekend,Spring,No,72.3,56.54,0.0
2023-04-02 05:00,4,5,Weekend,Spring,No,72.05,57.1,0.0
2023-04-02 06:00,4,6,Weekend,Spring,No,72.48,59.18,0.0
2023-04-02 07:00,4,7,Weekend,Spring,No,73.71,61.24,0.0
2023-04-02 08:00,4,8,Weekend,Spring,No,72.38,65.0,6.88
2023-04-02 09:00,4,9,Weekend,Spring,No,72.61,69.94,14.3
2023-04-02 10:00,4,10,Weekend,Spring,No,72.95,74.9,17.04
2023-04-02 11:00,4,11,Weekend,Spring,No,74.64,77.63,8.7
2023-04-02 12:00,4,12,Weekend,Spring,No,73.97,78.6,20.9
2023-04-02 13:00,4,13,Weekend,Spring,No,74.15,79.61,21.38
2023-04-02 14:00,4,14,Weekend,Spring,No,74.76,80.48,23.59
2023-04-02 15:00,4,15,Weekend,Spring,No,74.61,81.1,22.01
2023-04-02 16:00,4,16,Weekend,Spring,No,74.64,81.74,25.37
2023-04-02 17:00,4,17,Weekend,Spring,No,74.11,80.68,23.18
2023-04-02 18:00,4,18,Weekend,Spring,No,73.21,78.33,12.72
2023-04-02 19:00,4,19,Weekend,Spring,No,75.68,75.99,0.0
2023-04-02 20:00,4,20,Weekend,Spring,No,75.79,73.03,0.0
2023-04-02 21:00,4,21,Weekend,Spring,No,75.29,69.71,0.0
2023-04-02 22:00,4,22,Weekend,Spring,No,74.7,66.36,0.0
2023-04-02 23:00,4,23,Weekend,Spring,No,74.35,63.36,0.0
2023-04-03 00:00,4,0,Weekday,Spring,No,73.89,60.77,0.0
2023-04-03 01:00,4,1,Weekday,Spring,No,73.39,58.14,0.0
2023-04-03 02:00,4,2,Weekday,Spring,No,72.93,56.39,0.0
2023-04-03 03:00,4,3,Weekday,Spring,No,72.55,55.42,0.0
2023-04-03 04:00,4,4,Weekday,Spring,No,72.26,54.41,0.0
2023-04-03 05:00,4,5,Weekday,Spring,No,70.24,55.12,1.01
2023-04-03 06:00,4,6,Weekday,Spring,No,70.19,57.2,3.35
2023-04-03 07:00,4,7,Weekday,Spring,No,71.87,59.26,6.05
2023-04-03 08:00,4,8,Weekday,Spring,Yes,72.69,62.81,10.73
2023-04-03 09:00,4,9,Weekday,Spring,Yes,73.2,67.39,17.05
2023-04-03 10:00,4,10,Weekday,Spring,Yes,73.67,71.99,25.17
2023-04-03 11:00,4,11,Weekday,Spring,Yes,73.63,74.89,31.44
2023-04-03 12:00,4,12,Weekday,Spring,Yes,73.97,76.61,36.33
2023-04-03 13:00,4,13,Weekday,Spring,Yes,74.48,78.31,39.09
2023-04-03 14:00,4,14,Weekday,Spring,Yes,74.85,79.4,40.98
2023-04-03 15:00,4,15,Weekday,Spring,Yes,74.86,80.02,44.5
2023-04-03 16:00,4,16,Weekday,Spring,Yes,74.73,80.66,44.92
2023-04-03 17:00,4,17,Weekday,Spring,Yes,74.24,79.18,36.45
2023-04-03 18:00,4,18,Weekday,Spring,No,73.66,76.22,30.14
2023-04-03 19:00,4,19,Weekday,Spring,No,72.39,73.24,24.96
2023-04-03 20:00,4,20,Weekday,Spring,No,71.67,70.07,20.0
2023-04-03 21:00,4,21,Weekday,Spring,No,74.81,66.72,0.0
2023-04-03 22:00,4,22,Weekday,Spring,No,75.1,63.41,0.0
2023-04-03 23:00,4,23,Weekday,Spring,No,74.7,61.43,0.0
2023-04-04 00:00,4,0,Weekday,Spring,No,74.38,60.46,0.0
2023-04-04 01:00,4,1,Weekday,Spring,No,74.06,59.45,0.0
2023-04-04 02:00,4,2,Weekday,Spring,No,73.71,58.06,0.0
2023-04-04 03:00,4,3,Weekday,Spring,No,73.31,56.33,0.0
2023-04-04 04:00,4,4,Weekday,Spring,No,72.98,54.64,0.0
2023-04-04 05:00,4,5,Weekday,Spring,No,70.46,55.32,1.31
2023-04-04 06:00,4,6,Weekday,Spring,No,70.48,57.66,3.96
2023-04-04 07:00,4,7,Weekday,Spring,No,72.27,60.0,7.19
2023-04-04 08:00,4,8,Weekday,Spring,Yes,73.03,63.5,12.18
2023-04-04 09:00,4,9,Weekday,Spring,Yes,73.6,67.82,18.76
2023-04-04 10:00,4,10,Weekday,Spring,Yes,73.94,72.14,26.81
2023-04-04 11:00,4,11,Weekday,Spring,Yes,73.93,75.31,33.43
2023-04-04 12:00,4,12,Weekday,Spring,Yes,74.15,77.65,39.35
2023-04-04 13:00,4,13,Weekday,Spring,Yes,74.55,79.98,42.63
2023-04-04 14:00,4,14,Weekday,Spring,Yes,74.92,81.17,45.69
2023-04-04 15:00,4,15,Weekday,Spring,Yes,74.95,81.53,48.88
2023-04-04 16:00,4,16,Weekday,Spring,Yes,74.86,81.89,47.06
2023-04-04 17:00,4,17,Weekday,Spring,Yes,74.48,80.04,37.05
2023-04-04 18:00,4,18,Weekday,Spring,No,73.91,76.73,30.71
2023-04-04 19:00,4,19,Weekday,Spring,No,72.63,73.39,25.26
2023-04-04 20:00,4,20,Weekday,Spring,No,71.93,70.18,20.22
2023-04-04 21:00,4,21,Weekday,Spring,No,75.21,67.22,0.0
2023-04-04 22:00,4,22,Weekday,Spring,No,75.58,64.24,0.0
2023-04-04 23:00,4,23,Weekday,Spring,No,75.19,62.02,0.0
2023-04-05 00:00,4,0,Weekday,Spring,No,74.81,60.29,0.0
2023-04-05 01:00,4,1,Weekday,Spring,No,74.41,58.6,0.0
2023-04-05 02:00,4,2,Weekday,Spring,No,73.99,56.76,0.0
2023-04-05 03:00,4,3,Weekday,Spring,No,73.56,54.78,0.0
2023-04-05 04:00,4,4,Weekday,Spring,No,73.18,52.8,0.0
2023-04-05 05:00,4,5,Weekday,Spring,No,70.55,52.19,0.0
2023-04-05 06:00,4,6,Weekday,Spring,No,70.51,52.55,0.0
2023-04-05 07:00,4,7,Weekday,Spring,No,72.19,52.91,0.0
2023-04-05 08:00,4,8,Weekday,Spring,Yes,72.91,54.64,0.85
2023-04-05 09:00,4,9,Weekday,Spring,Yes,73.41,57.23,4.08
2023-04-05 10:00,4,10,Weekday,Spring,Yes,73.74,59.86,7.37
2023-04-05 11:00,4,11,Weekday,Spring,Yes,73.62,62.35,10.7
2023-04-05 12:00,4,12,Weekday,Spring,Yes,73.7,64.68,14.77
2023-04-05 13:00,4,13,Weekday,Spring,Yes,74.08,67.03,18.5
2023-04-05 14:00,4,14,Weekday,Spring,Yes,74.6,68.42,20.96
2023-04-05 15:00,4,15,Weekday,Spring,Yes,74.67,69.04,22.84
2023-04-05 16:00,4,16,Weekday,Spring,Yes,74.53,69.68,23.45
2023-04-05 17:00,4,17,Weekday,Spring,Yes,73.99,68.82,18.59
2023-04-05 18:00,4,18,Weekday,Spring,No,73.29,66.84,15.35
2023-04-05 19:00,4,19,Weekday,Spring,No,71.92,64.86,12.67
2023-04-05 20:00,4,20,Weekday,Spring,No,71.26,62.46,9.6
2023-04-05 21:00,4,21,Weekday,Spring,No,73.97,59.76,0.0
2023-04-05 22:00,4,22,Weekday,Spring,No,74.16,57.06,0.0
2023-04-05 23:00,4,23,Weekday,Spring,No,73.75,55.2,0.0
2023-04-06 00:00,4,0,Weekday,Spring,No,73.36,53.84,0.0
2023-04-06 01:00,4,1,Weekday,Spring,No,72.95,52.5,0.0
2023-04-06 02:00,4,2,Weekday,Spring,No,72.52,50.82,0.0
2023-04-06 03:00,4,3,Weekday,Spring,No,72.04,48.84,0.0
2023-04-06 04:00,4,4,Weekday,Spring,No,71.61,46.86,0.0
2023-04-06 05:00,4,5,Weekday,Spring,No,70.28,46.56,0.0
2023-04-06 06:00,4,6,Weekday,Spring,No,70.26,47.57,0.0
2023-04-06 07:00,4,7,Weekday,Spring,No,71.42,48.54,0.0
2023-04-06 08:00,4,8,Weekday,Spring,Yes,72.32,51.65,0.0
2023-04-06 09:00,4,9,Weekday,Spring,Yes,72.94,56.33,2.47
2023-04-06 10:00,4,10,Weekday,Spring,Yes,73.21,61.01,8.24
2023-04-06 11:00,4,11,Weekday,Spring,Yes,73.25,64.32,12.91
2023-04-06 12:00,4,12,Weekday,Spring,Yes,73.48,66.66,17.27
2023-04-06 13:00,4,13,Weekday,Spring,Yes,73.9,69.01,21.21
2023-04-06 14:00,4,14,Weekday,Spring,Yes,74.44,70.72,24.2
2023-04-06 15:00,4,15,Weekday,Spring,Yes,74.55,72.08,28.01
2023-04-06 16:00,4,16,Weekday,Spring,Yes,74.43,73.42,30.58
2023-04-06 17:00,4,17,Weekday,Spring,Yes,73.91,72.58,25.54
2023-04-06 18:00,4,18,Weekday,Spring,No,73.34,70.24,20.36
2023-04-06 19:00,4,19,Weekday,Spring,No,71.98,67.9,16.83
2023-04-06 20:00,4,20,Weekday,Spring,No,71.29,65.03,12.91
2023-04-06 21:00,4,21,Weekday,Spring,No,74.06,61.68,0.0
2023-04-06 22:00,4,22,Weekday,Spring,No,74.22,58.37,0.0
2023-04-06 23:00,4,23,Weekday,Spring,No,73.81,56.81,0.0
2023-04-07 00:00,4,0,Weekday,Spring,No,73.5,56.45,0.0
2023-04-07 01:00,4,1,Weekday,Spring,No,73.2,56.09,0.0
2023-04-07 02:00,4,2,Weekday,Spring,No,72.81,54.36,0.0
2023-04-07 03:00,4,3,Weekday,Spring,No,72.33,51.77,0.0
2023-04-07 04:00,4,4,Weekday,Spring,No,71.88,49.14,0.0
2023-04-07 05:00,4,5,Weekday,Spring,No,70.29,48.76,0.0
2023-04-07 06:00,4,6,Weekday,Spring,No,70.34,50.12,0.0
2023-04-07 07:00,4,7,Weekday,Spring,No,71.88,51.46,0.0
2023-04-07 08:00,4,8,Weekday,Spring,Yes,72.6,54.92,1.28
2023-04-07 09:00,4,9,Weekday,Spring,Yes,73.17,59.86,7.0
2023-04-07 10:00,4,10,Weekday,Spring,Yes,73.6,64.82,13.84
2023-04-07 11:00,4,11,Weekday,Spring,Yes,73.52,68.28,19.65
2023-04-07 12:00,4,12,Weekday,Spring,Yes,73.72,70.62,24.89
2023-04-07 13:00,4,13,Weekday,Spring,Yes,74.22,72.96,29.22
2023-04-07 14:00,4,14,Weekday,Spring,Yes,74.76,74.57,32.83
2023-04-07 15:00,4,15,Weekday,Spring,Yes,74.82,75.54,37.39
2023-04-07 16:00,4,16,Weekday,Spring,Yes,74.7,76.55,38.84
2023-04-07 17:00,4,17,Weekday,Spring,Yes,74.24,76.06,31.39
2023-04-07 18:00,4,18,Weekday,Spring,No,73.62,74.33,26.78
2023-04-07 19:00,4,19,Weekday,Spring,No,72.38,72.63,23.98
2023-04-07 20:00,4,20,Weekday,Spring,No,71.71,69.86,19.7
2023-04-07 21:00,4,21,Weekday,Spring,No,74.84,66.16,0.0
2023-04-07 22:00,4,22,Weekday,Spring,No,75.08,62.48,0.0
2023-04-07 23:00,4,23,Weekday,Spring,No,74.38,59.62,0.0
2023-04-08 00:00,4,0,Weekend,Spring,No,73.85,57.28,0.0
2023-04-08 01:00,4,1,Weekend,Spring,No,73.32,54.94,0.0
2023-04-08 02:00,4,2,Weekend,Spring,No,72.92,54.38,0.0
2023-04-08 03:00,4,3,Weekend,Spring,No,72.66,55.0,0.0
2023-04-08 04:00,4,4,Weekend,Spring,No,72.43,55.64,0.0
2023-04-08 05:00,4,5,Weekend,Spring,No,70.4,56.78,2.89
2023-04-08 06:00,4,6,Weekend,Spring,No,70.21,58.11,4.39
2023-04-08 07:00,4,7,Weekend,Spring,No,70.42,59.48,5.98
2023-04-08 08:00,4,8,Weekend,Spring,No,70.68,63.76,11.28
2023-04-08 09:00,4,9,Weekend,Spring,No,71.22,70.05,19.97
2023-04-08 10:00,4,10,Weekend,Spring,No,72.07,76.36,28.29
2023-04-08 11:00,4,11,Weekend,Spring,No,72.78,79.92,33.33
2023-04-08 12:00,4,12,Weekend,Spring,No,72.74,81.65,36.89
2023-04-08 13:00,4,13,Weekend,Spring,No,72.6,83.34,38.78
2023-04-08 14:00,4,14,Weekend,Spring,No,72.99,84.23,39.72
2023-04-08 15:00,4,15,Weekend,Spring,No,73.19,84.48,40.41
2023-04-08 16:00,4,16,Weekend,Spring,No,72.99,84.77,41.53
2023-04-08 17:00,4,17,Weekend,Spring,No,74.1,82.82,24.03
2023-04-08 18:00,4,18,Weekend,Spring,No,73.9,79.12,18.24
2023-04-08 19:00,4,19,Weekend,Spring,No,75.96,75.44,0.0
2023-04-08 20:00,4,20,Weekend,Spring,No,75.78,72.58,0.0
2023-04-08 21:00,4,21,Weekend,Spring,No,75.37,70.24,0.0
2023-04-08 22:00,4,22,Weekend,Spring,No,74.91,67.9,0.0
2023-04-08 23:00,4,23,Weekend,Spring,No,74.41,65.14,0.0
2023-04-09 00:00,4,0,Weekend,Spring,No,73.9,62.18,0.0
2023-04-09 01:00,4,1,Weekend,Spring,No,73.39,59.2,0.0
2023-04-09 02:00,4,2,Weekend,Spring,No,72.94,57.4,0.0
2023-04-09 03:00,4,3,Weekend,Spring,No,72.59,56.39,0.0
2023-04-09 04:00,4,4,Weekend,Spring,No,72.25,55.42,0.0
2023-04-09 05:00,4,5,Weekend,Spring,No,71.95,55.04,0.0
2023-04-09 06:00,4,6,Weekend,Spring,No,72.32,55.04,0.0
2023-04-09 07:00,4,7,Weekend,Spring,No,73.47,55.04,0.0
2023-04-09 08:00,4,8,Weekend,Spring,No,72.2,57.56,1.93
2023-04-09 09:00,4,9,Weekend,Spring,No,72.13,61.88,5.4
2023-04-09 10:00,4,10,Weekend,Spring,No,72.7,66.2,6.79
2023-04-09 11:00,4,11,Weekend,Spring,No,75.72,70.0,0.0
2023-04-09 12:00,4,12,Weekend,Spring,No,74.7,73.31,9.61
2023-04-09 13:00,4,13,Weekend,Spring,No,75.02,76.66,14.87
2023-04-09 14:00,4,14,Weekend,Spring,No,75.16,78.29,17.54
2023-04-09 15:00,4,15,Weekend,Spring,No,74.7,78.54,20.66
2023-04-09 16:00,4,16,Weekend,Spring,No,74.14,78.83,23.21
2023-04-09 17:00,4,17,Weekend,Spring,No,74.0,77.82,21.04
2023-04-09 18:00,4,18,Weekend,Spring,No,74.08,75.84,7.77
2023-04-09 19:00,4,19,Weekend,Spring,No,76.04,73.86,0.0
2023-04-09 20:00,4,20,Weekend,Spring,No,75.69,71.26,0.0
2023-04-09 21:00,4,21,Weekend,Spring,No,75.17,68.3,0.0
2023-04-09 22:00,4,22,Weekend,Spring,No,74.61,65.32,0.0
2023-04-09 23:00,4,23,Weekend,Spring,No,74.33,63.1,0.0
2023-04-10 00:00,4,0,Weekday,Spring,No,73.95,61.37,0.0
2023-04-10 01:00,4,1,Weekday,Spring,No,73.54,59.68,0.0
2023-04-10 02:00,4,2,Weekday,Spring,No,73.11,57.64,0.0
2023-04-10 03:00,4,3,Weekday,Spring,No,72.64,55.3,0.0
2023-04-10 04:00,4,4,Weekday,Spring,No,72.22,52.96,0.0
2023-04-10 05:00,4,5,Weekday,Spring,No,70.23,53.56,0.1
2023-04-10 06:00,4,6,Weekday,Spring,No,70.32,56.26,2.42
2023-04-10 07:00,4,7,Weekday,Spring,No,72.0,58.96,5.81
2023-04-10 08:00,4,8,Weekday,Spring,Yes,72.68,63.34,11.66
2023-04-10 09:00,4,9,Weekday,Spring,Yes,73.28,69.02,20.23
2023-04-10 10:00,4,10,Weekday,Spring,Yes,73.8,74.68,30.01
2023-04-10 11:00,4,11,Weekday,Spring,Yes,73.78,77.94,34.73
2023-04-10 12:00,4,12,Weekday,Spring,Yes,74.17,79.67,38.65
2023-04-10 13:00,4,13,Weekday,Spring,Yes,74.6,81.37,41.12
2023-04-10 14:00,4,14,Weekday,Spring,Yes,74.98,82.04,44.04
2023-04-10 15:00,4,15,Weekday,Spring,Yes,74.97,82.04,47.91
2023-04-10 16:00,4,16,Weekday,Spring,Yes,74.82,82.04,47.54
2023-04-10 17:00,4,17,Weekday,Spring,Yes,74.35,80.46,39.42
2023-04-10 18:00,4,18,Weekday,Spring,No,73.85,77.76,32.97
2023-04-10 19:00,4,19,Weekday,Spring,No,72.6,75.06,28.02
2023-04-10 20:00,4,20,Weekday,Spring,No,71.88,72.37,23.55
2023-04-10 21:00,4,21,Weekday,Spring,No,75.25,69.77,0.0
2023-04-10 22:00,4,22,Weekday,Spring,No,75.68,67.14,0.0
2023-04-10 23:00,4,23,Weekday,Spring,No,75.24,64.24,0.0
2023-04-11 00:00,4,0,Weekday,Spring,No,74.75,61.28,0.0
2023-04-11 01:00,4,1,Weekday,Spring,No,74.23,58.3,0.0
2023-04-11 02:00,4,2,Weekday,Spring,No,73.76,56.39,0.0
2023-04-11 03:00,4,3,Weekday,Spring,No,73.38,55.42,0.0
2023-04-11 04:00,4,4,Weekday,Spring,No,73.08,54.41,0.0
2023-04-11 05:00,4,5,Weekday,Spring,No,70.5,55.54,1.51
2023-04-11 06:00,4,6,Weekday,Spring,No,70.56,58.24,4.54
2023-04-11 07:00,4,7,Weekday,Spring,No,72.35,60.93,8.38
2023-04-11 08:00,4,8,Weekday,Spring,Yes,73.1,65.21,14.52
2023-04-11 09:00,4,9,Weekday,Spring,Yes,73.7,70.5,23.09
2023-04-11 10:00,4,10,Weekday,Spring,Yes,74.09,75.83,32.79
2023-04-11 11:00,4,11,Weekday,Spring,Yes,74.14,79.45,37.82
2023-04-11 12:00,4,12,Weekday,Spring,Yes,74.36,81.68,42.84
2023-04-11 13:00,4,13,Weekday,Spring,Yes,74.76,83.94,47.01
2023-04-11 14:00,4,14,Weekday,Spring,Yes,75.04,84.92,51.39
2023-04-11 15:00,4,15,Weekday,Spring,Yes,75.02,84.92,55.15
2023-04-11 16:00,4,16,Weekday,Spring,Yes,74.91,84.92,53.84
2023-04-11 17:00,4,17,Weekday,Spring,Yes,74.54,83.03,42.52
2023-04-11 18:00,4,18,Weekday,Spring,No,74.08,79.68,35.33
2023-04-11 19:00,4,19,Weekday,Spring,No,72.86,76.37,30.01
2023-04-11 20:00,4,20,Weekday,Spring,No,72.18,74.08,26.38
2023-04-11 21:00,4,21,Weekday,Spring,No,75.89,72.35,0.0
2023-04-11 22:00,4,22,Weekday,Spring,No,76.65,70.66,0.0
2023-04-11 23:00,4,23,Weekday,Spring,No,76.45,69.24,0.0
2023-04-12 00:00,4,0,Weekday,Spring,No,76.18,67.88,0.0
2023-04-12 01:00,4,1,Weekday,Spring,No,75.88,66.54,0.0
2023-04-12 02:00,4,2,Weekday,Spring,No,75.58,65.08,0.0
2023-04-12 03:00,4,3,Weekday,Spring,No,75.24,63.35,0.0
2023-04-12 04:00,4,4,Weekday,Spring,No,74.96,61.66,0.0
2023-04-12 05:00,4,5,Weekday,Spring,No,71.13,61.92,9.41
2023-04-12 06:00,4,6,Weekday,Spring,No,71.18,63.65,11.46
2023-04-12 07:00,4,7,Weekday,Spring,No,72.99,65.34,14.97
2023-04-12 08:00,4,8,Weekday,Spring,Yes,73.65,68.12,19.81
2023-04-12 09:00,4,9,Weekday,Spring,Yes,74.08,71.82,25.7
2023-04-12 10:00,4,10,Weekday,Spring,Yes,74.32,75.5,32.51
2023-04-12 11:00,4,11,Weekday,Spring,Yes,74.34,77.63,36.14
2023-04-12 12:00,4,12,Weekday,Spring,Yes,74.55,78.6,40.59
2023-04-12 13:00,4,13,Weekday,Spring,Yes,74.88,79.61,42.59
2023-04-12 14:00,4,14,Weekday,Spring,Yes,75.09,79.64,44.19
2023-04-12 15:00,4,15,Weekday,Spring,Yes,75.08,79.03,43.91
2023-04-12 16:00,4,16,Weekday,Spring,Yes,74.93,78.38,39.64
2023-04-12 17:00,4,17,Weekday,Spring,Yes,74.3,76.3,29.79
2023-04-12 18:00,4,18,Weekday,Spring,No,73.6,73.34,24.91
2023-04-12 19:00,4,19,Weekday,Spring,No,72.55,70.36,20.45
2023-04-12 20:00,4,20,Weekday,Spring,No,72.01,68.13,17.24
2023-04-12 21:00,4,21,Weekday,Spring,No,75.43,66.41,0.0
2023-04-12 22:00,4,22,Weekday,Spring,No,76.02,64.72,0.0
2023-04-12 23:00,4,23,Weekday,Spring,No,75.82,63.41,0.0
2023-04-13 00:00,4,0,Weekday,Spring,No,75.6,62.44,0.0
2023-04-13 01:00,4,1,Weekday,Spring,No,75.35,61.43,0.0
2023-04-13 02:00,4,2,Weekday,Spring,No,75.12,60.77,0.0
2023-04-13 03:00,4,3,Weekday,Spring,No,74.94,60.52,0.0
2023-04-13 04:00,4,4,Weekday,Spring,No,74.84,60.23,0.0
2023-04-13 05:00,4,5,Weekday,Spring,No,71.11,59.87,6.94
2023-04-13 06:00,4,6,Weekday,Spring,No,71.1,59.51,6.53
2023-04-13 07:00,4,7,Weekday,Spring,No,72.77,59.15,6.63
2023-04-13 08:00,4,8,Weekday,Spring,Yes,73.45,60.36,8.14
2023-04-13 09:00,4,9,Weekday,Spring,Yes,73.87,62.7,10.84
2023-04-13 10:00,4,10,Weekday,Spring,Yes,74.2,65.04,14.21
2023-04-13 11:00,4,11,Weekday,Spring,Yes,74.16,66.96,17.13
2023-04-13 12:00,4,12,Weekday,Spring,Yes,74.37,68.69,20.9
2023-04-13 13:00,4,13,Weekday,Spring,Yes,74.5,70.38,23.43
2023-04-13 14:00,4,14,Weekday,Spring,Yes,74.52,71.27,24.99
2023-04-13 15:00,4,15,Weekday,Spring,Yes,74.76,71.53,26.31
2023-04-13 16:00,4,16,Weekday,Spring,Yes,74.45,71.81,26.14
2023-04-13 17:00,4,17,Weekday,Spring,Yes,73.64,70.6,20.85
2023-04-13 18:00,4,18,Weekday,Spring,No,72.91,68.26,17.41
2023-04-13 19:00,4,19,Weekday,Spring,No,71.99,65.92,14.64
2023-04-13 20:00,4,20,Weekday,Spring,No,71.51,64.21,12.8
2023-04-13 21:00,4,21,Weekday,Spring,No,74.65,62.84,0.0
2023-04-13 22:00,4,22,Weekday,Spring,No,75.19,61.51,0.0
2023-04-13 23:00,4,23,Weekday,Spring,No,75.01,60.56,0.0
2023-04-14 00:00,4,0,Weekday,Spring,No,74.81,59.94,0.0
2023-04-14 01:00,4,1,Weekday,Spring,No,74.58,59.3,0.0
2023-04-14 02:00,4,2,Weekday,Spring,No,74.38,59.0,0.0
2023-04-14 03:00,4,3,Weekday,Spring,No,74.23,59.0,0.0
2023-04-14 04:00,4,4,Weekday,Spring,No,74.17,59.0,0.0
2023-04-14 05:00,4,5,Weekday,Spring,No,70.85,58.37,5.99
2023-04-14 06:00,4,6,Weekday,Spring,No,70.64,57.4,4.89
2023-04-14 07:00,4,7,Weekday,Spring,No,71.64,56.39,3.85
2023-04-14 08:00,4,8,Weekday,Spring,Yes,72.34,58.04,6.27
2023-04-14 09:00,4,9,Weekday,Spring,Yes,73.05,61.74,10.9
2023-04-14 10:00,4,10,Weekday,Spring,Yes,73.9,65.42,14.72
2023-04-14 11:00,4,11,Weekday,Spring,Yes,73.76,65.34,14.69
2023-04-14 12:00,4,12,Weekday,Spring,Yes,73.86,62.75,12.16
2023-04-14 13:00,4,13,Weekday,Spring,Yes,73.98,60.12,8.9
2023-04-14 14:00,4,14,Weekday,Spring,Yes,74.16,58.37,6.57
2023-04-14 15:00,4,15,Weekday,Spring,Yes,74.13,57.4,5.24
2023-04-14 16:00,4,16,Weekday,Spring,Yes,73.21,56.39,3.7
2023-04-14 17:00,4,17,Weekday,Spring,Yes,71.88,54.58,0.83
2023-04-14 18:00,4,18,Weekday,Spring,No,71.25,52.24,0.0
2023-04-14 19:00,4,19,Weekday,Spring,No,70.72,49.9,0.0
2023-04-14 20:00,4,20,Weekday,Spring,No,70.54,49.13,0.0
2023-04-14 21:00,4,21,Weekday,Spring,No,72.33,49.49,0.0
2023-04-14 22:00,4,22,Weekday,Spring,No,72.57,49.85,0.0
2023-04-14 23:00,4,23,Weekday,Spring,No,72.07,49.26,0.0
2023-04-15 00:00,4,0,Weekend,Spring,No,71.65,47.9,0.0
2023-04-15 01:00,4,1,Weekend,Spring,No,71.24,46.56,0.0
2023-04-15 02:00,4,2,Weekend,Spring,No,70.92,46.04,0.0
2023-04-15 03:00,4,3,Weekend,Spring,No,70.73,46.04,0.0
2023-04-15 04:00,4,4,Weekend,Spring,No,70.48,46.04,0.0
2023-04-15 05:00,4,5,Weekend,Spring,No,70.12,46.25,0.0
2023-04-15 06:00,4,6,Weekend,Spring,No,70.02,46.5,0.0
2023-04-15 07:00,4,7,Weekend,Spring,No,70.33,46.79,0.0
2023-04-15 08:00,4,8,Weekend,Spring,No,71.02,47.89,0.0
2023-04-15 09:00,4,9,Weekend,Spring,No,71.17,49.61,0.0
2023-04-15 10:00,4,10,Weekend,Spring,No,71.5,51.3,0.0
2023-04-15 11:00,4,11,Weekend,Spring,No,71.17,52.72,0.0
2023-04-15 12:00,4,12,Weekend,Spring,No,70.9,54.08,0.18
2023-04-15 13:00,4,13,Weekend,Spring,No,70.66,55.42,1.71
2023-04-15 14:00,4,14,Weekend,Spring,No,70.63,56.36,2.97
2023-04-15 15:00,4,15,Weekend,Spring,No,70.53,56.98,3.81
2023-04-15 16:00,4,16,Weekend,Spring,No,70.26,57.62,4.69
2023-04-15 17:00,4,17,Weekend,Spring,No,72.71,57.4,0.0
2023-04-15 18:00,4,18,Weekend,Spring,No,72.69,56.39,0.0
2023-04-15 19:00,4,19,Weekend,Spring,No,72.1,55.42,0.0
2023-04-15 20:00,4,20,Weekend,Spring,No,71.73,54.62,0.0
2023-04-15 21:00,4,21,Weekend,Spring,No,71.44,54.0,0.0
2023-04-15 22:00,4,22,Weekend,Spring,No,71.16,53.36,0.0
2023-04-15 23:00,4,23,Weekend,Spring,No,70.85,52.12,0.0
2023-04-16 00:00,4,0,Weekend,Spring,No,70.47,50.39,0.0
2023-04-16 01:00,4,1,Weekend,Spring,No,70.08,48.7,0.0
2023-04-16 02:00,4,2,Weekend,Spring,No,69.75,48.02,0.0
2023-04-16 03:00,4,3,Weekend,Spring,No,69.49,48.02,0.0
2023-04-16 04:00,4,4,Weekend,Spring,No,69.04,48.02,0.0
2023-04-16 05:00,4,5,Weekend,Spring,No,68.29,45.92,0.0
2023-04-16 06:00,4,6,Weekend,Spring,No,67.92,42.22,0.0
2023-04-16 07:00,4,7,Weekend,Spring,No,68.08,38.54,0.0
2023-04-16 08:00,4,8,Weekend,Spring,No,68.79,38.4,0.0
2023-04-16 09:00,4,9,Weekend,Spring,No,69.61,40.75,0.0
2023-04-16 10:00,4,10,Weekend,Spring,No,70.08,43.08,0.0
2023-04-16 11:00,4,11,Weekend,Spring,No,70.42,43.43,0.0
2023-04-16 12:00,4,12,Weekend,Spring,No,70.5,42.46,0.0
2023-04-16 13:00,4,13,Weekend,Spring,No,70.26,41.45,0.0
2023-04-16 14:00,4,14,Weekend,Spring,No,70.48,40.79,0.0
2023-04-16 15:00,4,15,Weekend,Spring,No,70.38,40.43,0.0
2023-04-16 16:00,4,16,Weekend,Spring,No,69.68,40.07,0.0
2023-04-16 17:00,4,17,Weekend,Spring,No,69.21,39.5,0.0
2023-04-16 18:00,4,18,Weekend,Spring,No,68.51,38.88,0.0
2023-04-16 19:00,4,19,Weekend,Spring,No,67.82,38.24,0.0
2023-04-16 20:00,4,20,Weekend,Spring,No,67.31,37.52,0.0
2023-04-16 21:00,4,21,Weekend,Spring,No,66.85,36.9,0.0
2023-04-16 22:00,4,22,Weekend,Spring,No,66.39,36.26,0.0
2023-04-16 23:00,4,23,Weekend,Spring,No,66.13,35.54,0.0
2023-04-17 00:00,4,0,Weekday,Spring,No,65.77,34.92,0.0
2023-04-17 01:00,4,1,Weekday,Spring,No,65.39,34.28,0.0
2023-04-17 02:00,4,2,Weekday,Spring,No,65.04,33.98,0.0
2023-04-17 03:00,4,3,Weekday,Spring,No,64.73,33.98,0.0
2023-04-17 04:00,4,4,Weekday,Spring,No,64.51,33.98,0.0
2023-04-17 05:00,4,5,Weekday,Spring,No,69.76,34.92,0.0
2023-04-17 06:00,4,6,Weekday,Spring,No,69.8,36.65,0.0
2023-04-17 07:00,4,7,Weekday,Spring,No,70.49,38.34,0.0
2023-04-17 08:00,4,8,Weekday,Spring,Yes,70.97,41.12,0.0
2023-04-17 09:00,4,9,Weekday,Spring,Yes,71.09,44.82,0.0
2023-04-17 10:00,4,10,Weekday,Spring,Yes,71.19,48.5,0.0
2023-04-17 11:00,4,11,Weekday,Spring,Yes,70.91,50.94,0.0
2023-04-17 12:00,4,12,Weekday,Spring,Yes,71.21,52.67,0.0
2023-04-17 13:00,4,13,Weekday,Spring,Yes,71.47,54.36,0.37
2023-04-17 14:00,4,14,Weekday,Spring,Yes,71.89,55.78,2.0
2023-04-17 15:00,4,15,Weekday,Spring,Yes,72.46,57.14,3.74
2023-04-17 16:00,4,16,Weekday,Spring,Yes,72.36,58.48,5.5
2023-04-17 17:00,4,17,Weekday,Spring,Yes,71.71,58.37,5.15
2023-04-17 18:00,4,18,Weekday,Spring,No,70.91,57.4,4.01
2023-04-17 19:00,4,19,Weekday,Spring,No,70.01,56.39,2.79
2023-04-17 20:00,4,20,Weekday,Spring,No,69.92,54.78,0.81
2023-04-17 21:00,4,21,Weekday,Spring,No,70.94,52.8,0.0
2023-04-17 22:00,4,22,Weekday,Spring,No,70.73,50.82,0.0
2023-04-17 23:00,4,23,Weekday,Spring,No,70.23,49.06,0.0
2023-04-18 00:00,4,0,Weekday,Spring,No,69.75,47.33,0.0
2023-04-18 01:00,4,1,Weekday,Spring,No,69.27,45.64,0.0
2023-04-18 02:00,4,2,Weekday,Spring,No,68.86,44.96,0.0
2023-04-18 03:00,4,3,Weekday,Spring,No,68.53,44.96,0.0
2023-04-18 04:00,4,4,Weekday,Spring,No,68.3,44.96,0.0
2023-04-18 05:00,4,5,Weekday,Spring,No,69.87,45.7,0.0
2023-04-18 06:00,4,6,Weekday,Spring,No,69.92,47.06,0.0
2023-04-18 07:00,4,7,Weekday,Spring,No,71.12,48.4,0.0
2023-04-18 08:00,4,8,Weekday,Spring,Yes,71.52,51.23,0.0
2023-04-18 09:00,4,9,Weekday,Spring,Yes,71.85,55.3,1.71
2023-04-18 10:00,4,10,Weekday,Spring,Yes,72.35,59.33,7.2
2023-04-18 11:00,4,11,Weekday,Spring,Yes,72.22,62.35,11.1
2023-04-18 12:00,4,12,Weekday,Spring,Yes,72.47,64.68,13.82
2023-04-18 13:00,4,13,Weekday,Spring,Yes,72.88,67.03,16.38
2023-04-18 14:00,4,14,Weekday,Spring,Yes,73.59,68.21,18.09
2023-04-18 15:00,4,15,Weekday,Spring,Yes,73.9,68.57,19.48
2023-04-18 16:00,4,16,Weekday,Spring,Yes,73.61,68.93,21.18
2023-04-18 17:00,4,17,Weekday,Spring,Yes,72.88,67.92,17.64
2023-04-18 18:00,4,18,Weekday,Spring,No,72.38,65.84,14.35
2023-04-18 19:00,4,19,Weekday,Spring,No,70.98,63.78,11.93
2023-04-18 20:00,4,20,Weekday,Spring,No,70.4,61.6,9.42
2023-04-18 21:00,4,21,Weekday,Spring,No,72.76,59.26,0.0
2023-04-18 22:00,4,22,Weekday,Spring,No,72.88,56.92,0.0
2023-04-18 23:00,4,23,Weekday,Spring,No,72.45,55.0,0.0
2023-04-19 00:00,4,0,Weekday,Spring,No,72.03,53.38,0.0
2023-04-19 01:00,4,1,Weekday,Spring,No,71.61,51.76,0.0
2023-04-19 02:00,4,2,Weekday,Spring,No,71.21,50.66,0.0
2023-04-19 03:00,4,3,Weekday,Spring,No,70.86,49.94,0.0
2023-04-19 04:00,4,4,Weekday,Spring,No,70.59,49.22,0.0
2023-04-19 05:00,4,5,Weekday,Spring,No,70.04,49.86,0.0
2023-04-19 06:00,4,6,Weekday,Spring,No,70.17,51.59,0.0
2023-04-19 07:00,4,7,Weekday,Spring,No,71.57,53.28,0.0
2023-04-19 08:00,4,8,Weekday,Spring,Yes,72.1,55.74,2.22
2023-04-19 09:00,4,9,Weekday,Spring,Yes,72.54,58.7,5.94
2023-04-19 10:00,4,10,Weekday,Spring,Yes,73.05,61.69,9.22
2023-04-19 11:00,4,11,Weekday,Spring,Yes,72.98,64.54,12.99
2023-04-19 12:00,4,12,Weekday,Spring,Yes,73.12,67.24,17.19
2023-04-19 13:00,4,13,Weekday,Spring,Yes,73.6,69.94,21.22
2023-04-19 14:00,4,14,Weekday,Spring,Yes,74.24,71.06,23.02
2023-04-19 15:00,4,15,Weekday,Spring,Yes,74.41,71.06,24.15
2023-04-19 16:00,4,16,Weekday,Spring,Yes,74.2,71.06,25.35
2023-04-19 17:00,4,17,Weekday,Spring,Yes,73.5,70.12,21.18
2023-04-19 18:00,4,18,Weekday,Spring,No,72.99,68.39,17.6
2023-04-19 19:00,4,19,Weekday,Spring,No,71.58,66.69,15.15
2023-04-19 20:00,4,20,Weekday,Spring,No,70.89,64.24,11.87
2023-04-19 21:00,4,21,Weekday,Spring,No,73.56,61.28,0.0
2023-04-19 22:00,4,22,Weekday,Spring,No,73.73,58.3,0.0
2023-04-19 23:00,4,23,Weekday,Spring,No,73.29,56.08,0.0
2023-04-20 00:00,4,0,Weekday,Spring,No,72.87,54.35,0.0
2023-04-20 01:00,4,1,Weekday,Spring,No,72.45,52.66,0.0
2023-04-20 02:00,4,2,Weekday,Spring,No,72.06,51.56,0.0
2023-04-20 03:00,4,3,Weekday,Spring,No,71.71,50.94,0.0
2023-04-20 04:00,4,4,Weekday,Spring,No,71.45,50.3,0.0
2023-04-20 05:00,4,5,Weekday,Spring,No,70.18,51.36,0.0
2023-04-20 06:00,4,6,Weekday,Spring,No,70.32,53.7,0.11
2023-04-20 07:00,4,7,Weekday,Spring,No,71.85,56.04,2.56
2023-04-20 08:00,4,8,Weekday,Spring,Yes,72.5,60.17,7.77
2023-04-20 09:00,4,9,Weekday,Spring,Yes,73.03,65.46,14.59
2023-04-20 10:00,4,10,Weekday,Spring,Yes,73.58,70.79,22.8
2023-04-20 11:00,4,11,Weekday,Spring,Yes,73.57,74.19,28.94
2023-04-20 12:00,4,12,Weekday,Spring,Yes,73.83,76.18,34.2
2023-04-20 13:00,4,13,Weekday,Spring,Yes,74.35,78.16,36.95
2023-04-20 14:00,4,14,Weekday,Spring,Yes,74.82,79.4,39.06
2023-04-20 15:00,4,15,Weekday,Spring,Yes,74.84,80.02,42.54
2023-04-20 16:00,4,16,Weekday,Spring,Yes,74.72,80.66,43.82
2023-04-20 17:00,4,17,Weekday,Spring,Yes,74.25,79.81,37.7
2023-04-20 18:00,4,18,Weekday,Spring,No,73.81,77.82,32.54
2023-04-20 19:00,4,19,Weekday,Spring,No,72.54,75.84,29.13
2023-04-20 20:00,4,20,Weekday,Spring,No,71.8,72.71,24.16
2023-04-20 21:00,4,21,Weekday,Spring,No,75.09,68.65,0.0
2023-04-20 22:00,4,22,Weekday,Spring,No,75.37,64.61,0.0
2023-04-20 23:00,4,23,Weekday,Spring,No,74.94,62.22,0.0
2023-04-21 00:00,4,0,Weekday,Spring,No,74.6,60.86,0.0
2023-04-21 01:00,4,1,Weekday,Spring,No,74.24,59.52,0.0
2023-04-21 02:00,4,2,Weekday,Spring,No,73.88,58.06,0.0
2023-04-21 03:00,4,3,Weekday,Spring,No,73.48,56.33,0.0
2023-04-21 04:00,4,4,Weekday,Spring,No,73.15,54.64,0.0
2023-04-21 05:00,4,5,Weekday,Spring,No,70.5,55.74,2.12
2023-04-21 06:00,4,6,Weekday,Spring,No,70.52,58.7,5.88
2023-04-21 07:00,4,7,Weekday,Spring,No,72.32,61.69,9.83
2023-04-21 08:00,4,8,Weekday,Spring,Yes,73.19,66.11,15.63
2023-04-21 09:00,4,9,Weekday,Spring,Yes,73.79,71.4,24.14
2023-04-21 10:00,4,10,Weekday,Spring,Yes,74.25,76.73,32.84
2023-04-21 11:00,4,11,Weekday,Spring,Yes,74.29,80.13,37.83
2023-04-21 12:00,4,12,Weekday,Spring,Yes,74.52,82.12,42.83
2023-04-21 13:00,4,13,Weekday,Spring,Yes,74.89,84.1,46.69
2023-04-21 14:00,4,14,Weekday,Spring,Yes,75.09,85.34,52.21
2023-04-21 15:00,4,15,Weekday,Spring,Yes,75.08,86.06,57.05
2023-04-21 16:00,4,16,Weekday,Spring,Yes,75.01,86.78,56.52
2023-04-21 17:00,4,17,Weekday,Spring,Yes,74.67,85.08,43.99
2023-04-21 18:00,4,18,Weekday,Spring,No,74.15,81.77,37.82
2023-04-21 19:00,4,19,Weekday,Spring,No,73.0,78.42,32.77
2023-04-21 20:00,4,20,Weekday,Spring,No,72.34,75.42,28.54
2023-04-21 21:00,4,21,Weekday,Spring,No,76.01,72.83,0.0
2023-04-21 22:00,4,22,Weekday,Spring,No,76.61,70.2,0.0
2023-04-21 23:00,4,23,Weekday,Spring,No,76.1,69.08,0.0
2023-04-22 00:00,4,0,Weekend,Spring,No,75.88,69.08,0.0
2023-04-22 01:00,4,1,Weekend,Spring,No,75.7,69.08,0.0
2023-04-22 02:00,4,2,Weekend,Spring,No,75.46,67.72,0.0
2023-04-22 03:00,4,3,Weekend,Spring,No,75.14,65.38,0.0
2023-04-22 04:00,4,4,Weekend,Spring,No,74.79,63.04,0.0
2023-04-22 05:00,4,5,Weekend,Spring,No,71.14,63.42,11.45
2023-04-22 06:00,4,6,Weekend,Spring,No,70.93,65.76,13.94
2023-04-22 07:00,4,7,Weekend,Spring,No,71.63,68.1,17.16
2023-04-22 08:00,4,8,Weekend,Spring,No,72.55,70.97,21.45
2023-04-22 09:00,4,9,Weekend,Spring,No,73.19,74.32,27.49
2023-04-22 10:00,4,10,Weekend,Spring,No,73.55,77.63,31.3
2023-04-22 11:00,4,11,Weekend,Spring,No,73.57,79.92,34.31
2023-04-22 12:00,4,12,Weekend,Spring,No,73.47,81.65,37.48
2023-04-22 13:00,4,13,Weekend,Spring,No,73.3,83.34,38.73
2023-04-22 14:00,4,14,Weekend,Spring,No,73.58,83.81,38.99
2023-04-22 15:00,4,15,Weekend,Spring,No,73.64,83.45,39.28
2023-04-22 16:00,4,16,Weekend,Spring,No,73.32,83.09,40.01
2023-04-22 17:00,4,17,Weekend,Spring,No,74.49,81.78,24.34
2023-04-22 18:00,4,18,Weekend,Spring,No,73.91,79.81,20.9
2023-04-22 19:00,4,19,Weekend,Spring,No,76.7,77.82,0.0
2023-04-22 20:00,4,20,Weekend,Spring,No,76.71,74.69,0.0
2023-04-22 21:00,4,21,Weekend,Spring,No,76.15,70.62,0.0
2023-04-22 22:00,4,22,Weekend,Spring,No,75.5,66.59,0.0
2023-04-22 23:00,4,23,Weekend,Spring,No,74.99,64.41,0.0
2023-04-23 00:00,4,0,Weekend,Spring,No,74.62,63.41,0.0
2023-04-23 01:00,4,1,Weekend,Spring,No,74.27,62.44,0.0
2023-04-23 02:00,4,2,Weekend,Spring,No,73.92,61.22,0.0
2023-04-23 03:00,4,3,Weekend,Spring,No,73.57,59.89,0.0
2023-04-23 04:00,4,4,Weekend,Spring,No,73.2,58.52,0.0
2023-04-23 05:00,4,5,Weekend,Spring,No,73.03,59.28,0.0
2023-04-23 06:00,4,6,Weekend,Spring,No,74.25,61.62,0.0
2023-04-23 07:00,4,7,Weekend,Spring,No,72.59,63.96,7.03
2023-04-23 08:00,4,8,Weekend,Spring,No,72.63,66.94,11.91
2023-04-23 09:00,4,9,Weekend,Spring,No,72.5,70.25,14.7
2023-04-23 10:00,4,10,Weekend,Spring,No,73.33,73.6,18.86
2023-04-23 11:00,4,11,Weekend,Spring,No,74.8,75.96,5.34
2023-04-23 12:00,4,12,Weekend,Spring,No,75.72,77.69,10.73
2023-04-23 13:00,4,13,Weekend,Spring,No,75.73,79.38,10.33
2023-04-23 14:00,4,14,Weekend,Spring,No,75.71,80.27,22.93
2023-04-23 15:00,4,15,Weekend,Spring,No,74.72,80.53,23.23
2023-04-23 16:00,4,16,Weekend,Spring,No,75.04,80.81,25.47
2023-04-23 17:00,4,17,Weekend,Spring,No,74.37,80.44,23.19
2023-04-23 18:00,4,18,Weekend,Spring,No,73.94,79.43,21.25
2023-04-23 19:00,4,19,Weekend,Spring,No,75.84,78.46,2.76
2023-04-23 20:00,4,20,Weekend,Spring,No,76.69,76.5,0.0
2023-04-23 21:00,4,21,Weekend,Spring,No,76.39,73.81,0.0
2023-04-23 22:00,4,22,Weekend,Spring,No,75.95,71.1,0.0
2023-04-23 23:00,4,23,Weekend,Spring,No,75.67,68.2,0.0
2023-04-24 00:00,4,0,Weekday,Spring,No,75.19,65.24,0.0
2023-04-24 01:00,4,1,Weekday,Spring,No,74.68,62.26,0.0
2023-04-24 02:00,4,2,Weekday,Spring,No,74.22,60.04,0.0
2023-04-24 03:00,4,3,Weekday,Spring,No,73.81,58.31,0.0
2023-04-24 04:00,4,4,Weekday,Spring,No,73.46,56.62,0.0
2023-04-24 05:00,4,5,Weekday,Spring,No,70.6,57.72,4.52
2023-04-24 06:00,4,6,Weekday,Spring,No,70.87,60.68,8.07
2023-04-24 07:00,4,7,Weekday,Spring,No,72.59,63.67,12.38
2023-04-24 08:00,4,8,Weekday,Spring,Yes,73.21,67.25,17.82
2023-04-24 09:00,4,9,Weekday,Spring,Yes,73.74,71.32,24.51
2023-04-24 10:00,4,10,Weekday,Spring,Yes,74.16,75.35,31.31
2023-04-24 11:00,4,11,Weekday,Spring,Yes,74.18,78.37,35.47
2023-04-24 12:00,4,12,Weekday,Spring,Yes,74.39,80.71,40.46
2023-04-24 13:00,4,13,Weekday,Spring,Yes,74.79,83.04,45.14
2023-04-24 14:00,4,14,Weekday,Spring,Yes,75.04,84.23,50.57
2023-04-24 15:00,4,15,Weekday,Spring,Yes,75.02,84.48,55.2
2023-04-24 16:00,4,16,Weekday,Spring,Yes,74.94,84.77,54.76
2023-04-24 17:00,4,17,Weekday,Spring,Yes,74.54,83.77,44.84
2023-04-24 18:00,4,18,Weekday,Spring,No,74.18,81.78,38.85
2023-04-24 19:00,4,19,Weekday,Spring,No,73.12,79.81,34.31
2023-04-24 20:00,4,20,Weekday,Spring,No,72.45,76.88,30.43
2023-04-24 21:00,4,21,Weekday,Spring,No,76.14,73.18,0.0
2023-04-24 22:00,4,22,Weekday,Spring,No,76.62,69.5,0.0
2023-04-24 23:00,4,23,Weekday,Spring,No,76.16,66.84,0.0
2023-04-25 00:00,4,0,Weekday,Spring,No,75.77,64.86,0.0
2023-04-25 01:00,4,1,Weekday,Spring,No,75.38,62.89,0.0
2023-04-25 02:00,4,2,Weekday,Spring,No,75.0,61.22,0.0
2023-04-25 03:00,4,3,Weekday,Spring,No,74.65,59.89,0.0
2023-04-25 04:00,4,4,Weekday,Spring,No,74.36,58.52,0.0
2023-04-25 05:00,4,5,Weekday,Spring,No,70.98,59.92,6.89
2023-04-25 06:00,4,6,Weekday,Spring,No,71.14,63.23,10.63
2023-04-25 07:00,4,7,Weekday,Spring,No,72.99,66.58,16.39
2023-04-25 08:00,4,8,Weekday,Spring,Yes,73.68,70.73,23.76
2023-04-25 09:00,4,9,Weekday,Spring,Yes,74.21,75.41,32.92
2023-04-25 10:00,4,10,Weekday,Spring,Yes,74.48,80.09,41.09
2023-04-25 11:00,4,11,Weekday,Spring,Yes,74.58,82.98,44.87
2023-04-25 12:00,4,12,Weekday,Spring,Yes,74.8,84.71,52.17
2023-04-25 13:00,4,13,Weekday,Spring,Yes,75.02,86.4,54.89
2023-04-25 14:00,4,14,Weekday,Spring,Yes,75.1,87.08,56.96
2023-04-25 15:00,4,15,Weekday,Spring,Yes,75.14,87.08,58.84
2023-04-25 16:00,4,16,Weekday,Spring,Yes,75.09,87.08,56.41
2023-04-25 17:00,4,17,Weekday,Spring,Yes,74.78,85.08,43.33
2023-04-25 18:00,4,18,Weekday,Spring,No,74.17,81.77,37.81
2023-04-25 19:00,4,19,Weekday,Spring,No,73.16,78.42,32.83
2023-04-25 20:00,4,20,Weekday,Spring,No,72.52,75.01,27.91
2023-04-25 21:00,4,21,Weekday,Spring,No,76.15,71.69,0.0
2023-04-25 22:00,4,22,Weekday,Spring,No,76.59,68.34,0.0
2023-04-25 23:00,4,23,Weekday,Spring,No,76.23,66.71,0.0
2023-04-26 00:00,4,0,Weekday,Spring,No,76.0,66.46,0.0
2023-04-26 01:00,4,1,Weekday,Spring,No,75.77,66.17,0.0
2023-04-26 02:00,4,2,Weekday,Spring,No,75.45,64.44,0.0
2023-04-26 03:00,4,3,Weekday,Spring,No,75.02,61.74,0.0
2023-04-26 04:00,4,4,Weekday,Spring,No,74.63,59.04,0.0
2023-04-26 05:00,4,5,Weekday,Spring,No,71.12,60.23,7.02
2023-04-26 06:00,4,6,Weekday,Spring,No,71.62,64.3,11.97
2023-04-26 07:00,4,7,Weekday,Spring,No,73.19,68.33,20.32
2023-04-26 08:00,4,8,Weekday,Spring,Yes,73.73,71.76,27.16
2023-04-26 09:00,4,9,Weekday,Spring,Yes,74.14,74.72,32.78
2023-04-26 10:00,4,10,Weekday,Spring,Yes,74.38,77.7,38.43
2023-04-26 11:00,4,11,Weekday,Spring,Yes,74.4,80.34,40.39
2023-04-26 12:00,4,12,Weekday,Spring,Yes,74.56,82.68,47.13
2023-04-26 13:00,4,13,Weekday,Spring,Yes,74.91,85.02,51.28
2023-04-26 14:00,4,14,Weekday,Spring,Yes,75.1,85.79,55.17
2023-04-26 15:00,4,15,Weekday,Spring,Yes,75.07,85.43,57.98
2023-04-26 16:00,4,16,Weekday,Spring,Yes,74.98,85.07,56.18
2023-04-26 17:00,4,17,Weekday,Spring,Yes,74.65,83.56,44.12
2023-04-26 18:00,4,18,Weekday,Spring,No,74.32,81.32,37.84
2023-04-26 19:00,4,19,Weekday,Spring,No,73.28,79.05,33.26
2023-04-26 20:00,4,20,Weekday,Spring,No,72.62,76.5,29.9
2023-04-26 21:00,4,21,Weekday,Spring,No,76.45,73.81,0.0
2023-04-26 22:00,4,22,Weekday,Spring,No,77.1,71.1,0.0
2023-04-26 23:00,4,23,Weekday,Spring,No,76.85,69.77,0.0
2023-04-27 00:00,4,0,Weekday,Spring,No,76.79,69.52,0.0
2023-04-27 01:00,4,1,Weekday,Spring,No,76.76,69.23,0.0
2023-04-27 02:00,4,2,Weekday,Spring,No,76.61,68.24,0.0
2023-04-27 03:00,4,3,Weekday,Spring,No,76.32,66.9,0.0
2023-04-27 04:00,4,4,Weekday,Spring,No,76.08,65.54,0.0
2023-04-27 05:00,4,5,Weekday,Spring,No,71.7,65.57,14.01
2023-04-27 06:00,4,6,Weekday,Spring,No,71.64,66.54,14.95
2023-04-27 07:00,4,7,Weekday,Spring,No,73.35,67.55,18.11
2023-04-27 08:00,4,8,Weekday,Spring,Yes,74.13,70.1,22.8
2023-04-27 09:00,4,9,Weekday,Spring,Yes,74.44,73.81,30.81
2023-04-27 10:00,4,10,Weekday,Spring,Yes,74.63,77.48,39.46
2023-04-27 11:00,4,11,Weekday,Spring,Yes,74.65,80.13,41.8
2023-04-27 12:00,4,12,Weekday,Spring,Yes,74.8,82.12,48.01
2023-04-27 13:00,4,13,Weekday,Spring,Yes,74.99,84.1,51.11
2023-04-27 14:00,4,14,Weekday,Spring,Yes,75.13,84.5,53.75
2023-04-27 15:00,4,15,Weekday,Spring,Yes,75.12,83.88,55.13
2023-04-27 16:00,4,16,Weekday,Spring,Yes,75.05,83.24,52.9
2023-04-27 17:00,4,17,Weekday,Spring,Yes,74.74,81.58,40.43
2023-04-27 18:00,4,18,Weekday,Spring,No,74.34,79.24,34.95
2023-04-27 19:00,4,19,Weekday,Spring,No,73.25,76.9,30.48
2023-04-27 20:00,4,20,Weekday,Spring,No,72.57,74.34,26.63
2023-04-27 21:00,4,21,Weekday,Spring,No,76.24,71.75,0.0
2023-04-27 22:00,4,22,Weekday,Spring,No,76.77,69.12,0.0
2023-04-27 23:00,4,23,Weekday,Spring,No,76.45,67.37,0.0
2023-04-28 00:00,4,0,Weekday,Spring,No,76.19,66.4,0.0
2023-04-28 01:00,4,1,Weekday,Spring,No,75.9,65.39,0.0
2023-04-28 02:00,4,2,Weekday,Spring,No,75.52,63.16,0.0
2023-04-28 03:00,4,3,Weekday,Spring,No,75.05,60.2,0.0
2023-04-28 04:00,4,4,Weekday,Spring,No,74.62,57.22,0.0
2023-04-28 05:00,4,5,Weekday,Spring,No,71.1,57.52,4.53
2023-04-28 06:00,4,6,Weekday,Spring,No,71.36,60.22,8.05
2023-04-28 07:00,4,7,Weekday,Spring,No,73.05,62.92,12.69
2023-04-28 08:00,4,8,Weekday,Spring,Yes,73.63,66.35,17.65
2023-04-28 09:00,4,9,Weekday,Spring,Yes,74.07,70.31,24.15
2023-04-28 10:00,4,10,Weekday,Spring,Yes,74.35,74.27,32.57
2023-04-28 11:00,4,11,Weekday,Spring,Yes,74.36,77.08,37.59
2023-04-28 12:00,4,12,Weekday,Spring,Yes,74.52,79.16,44.0
2023-04-28 13:00,4,13,Weekday,Spring,Yes,74.89,81.22,47.39
2023-04-28 14:00,4,14,Weekday,Spring,Yes,75.08,82.25,51.85
2023-04-28 15:00,4,15,Weekday,Spring,Yes,75.06,82.51,55.6
2023-04-28 16:00,4,16,Weekday,Spring,Yes,74.98,82.79,54.0
2023-04-28 17:00,4,17,Weekday,Spring,Yes,74.64,81.37,42.6
2023-04-28 18:00,4,18,Weekday,Spring,No,74.22,78.77,35.84
2023-04-28 19:00,4,19,Weekday,Spring,No,73.09,76.14,30.06
2023-04-28 20:00,4,20,Weekday,Spring,No,72.42,73.86,26.01
2023-04-28 21:00,4,21,Weekday,Spring,No,76.09,71.88,0.0
2023-04-28 22:00,4,22,Weekday,Spring,No,76.72,69.9,0.0
2023-04-28 23:00,4,23,Weekday,Spring,No,76.14,67.3,0.0
2023-04-29 00:00,4,0,Weekend,Spring,No,75.62,64.34,0.0
2023-04-29 01:00,4,1,Weekend,Spring,No,75.1,61.36,0.0
2023-04-29 02:00,4,2,Weekend,Spring,No,74.64,59.45,0.0
2023-04-29 03:00,4,3,Weekend,Spring,No,74.27,58.48,0.0
2023-04-29 04:00,4,4,Weekend,Spring,No,73.92,57.47,0.0
2023-04-29 05:00,4,5,Weekend,Spring,No,70.91,58.38,5.57
2023-04-29 06:00,4,6,Weekend,Spring,No,71.21,60.72,8.41
2023-04-29 07:00,4,7,Weekend,Spring,No,72.09,63.06,11.39
2023-04-29 08:00,4,8,Weekend,Spring,No,72.42,66.35,15.91
2023-04-29 09:00,4,9,Weekend,Spring,No,72.79,70.31,21.82
2023-04-29 10:00,4,10,Weekend,Spring,No,73.25,74.27,27.08
2023-04-29 11:00,4,11,Weekend,Spring,No,73.41,77.28,30.3
2023-04-29 12:00,4,12,Weekend,Spring,No,73.36,79.62,33.97
2023-04-29 13:00,4,13,Weekend,Spring,No,73.28,81.96,36.38
2023-04-29 14:00,4,14,Weekend,Spring,No,73.62,83.15,37.91
2023-04-29 15:00,4,15,Weekend,Spring,No,73.65,83.51,40.19
2023-04-29 16:00,4,16,Weekend,Spring,No,73.35,83.87,42.15
2023-04-29 17:00,4,17,Weekend,Spring,No,74.61,82.86,26.25
2023-04-29 18:00,4,18,Weekend,Spring,No,74.21,80.88,22.15
2023-04-29 19:00,4,19,Weekend,Spring,No,76.02,78.9,5.24
2023-04-29 20:00,4,20,Weekend,Spring,No,76.96,76.3,0.0
2023-04-29 21:00,4,21,Weekend,Spring,No,76.63,73.34,0.0
2023-04-29 22:00,4,22,Weekend,Spring,No,76.13,70.36,0.0
2023-04-29 23:00,4,23,Weekend,Spring,No,75.63,67.92,0.0
2023-04-30 00:00,4,0,Weekend,Spring,No,75.18,65.84,0.0
2023-04-30 01:00,4,1,Weekend,Spring,No,74.74,63.78,0.0
2023-04-30 02:00,4,2,Weekend,Spring,No,74.28,61.38,0.0
2023-04-30 03:00,4,3,Weekend,Spring,No,73.78,58.79,0.0
2023-04-30 04:00,4,4,Weekend,Spring,No,73.27,56.16,0.0
2023-04-30 05:00,4,5,Weekend,Spring,No,73.1,57.14,0.0
2023-04-30 06:00,4,6,Weekend,Spring,No,74.42,60.85,0.0
2023-04-30 07:00,4,7,Weekend,Spring,No,73.02,64.52,7.09
2023-04-30 08:00,4,8,Weekend,Spring,No,72.73,68.54,13.85
2023-04-30 09:00,4,9,Weekend,Spring,No,72.83,72.86,17.31
2023-04-30 10:00,4,10,Weekend,Spring,No,73.47,77.18,20.68
2023-04-30 11:00,4,11,Weekend,Spring,No,74.88,80.76,12.24
2023-04-30 12:00,4,12,Weekend,Spring,No,75.83,83.72,12.29
2023-04-30 13:00,4,13,Weekend,Spring,No,76.5,86.7,16.89
2023-04-30 14:00,4,14,Weekend,Spring,No,75.54,87.56,28.41
2023-04-30 15:00,4,15,Weekend,Spring,No,75.55,86.94,26.58
2023-04-30 16:00,4,16,Weekend,Spring,No,75.28,86.3,29.33
2023-04-30 17:00,4,17,Weekend,Spring,No,75.14,85.06,26.02
2023-04-30 18:00,4,18,Weekend,Spring,No,74.23,83.33,25.71
2023-04-30 19:00,4,19,Weekend,Spring,No,75.91,81.63,4.65
2023-04-30 20:00,4,20,Weekend,Spring,No,77.05,79.07,2.22
2023-04-30 21:00,4,21,Weekend,Spring,No,76.89,76.04,0.0
2023-04-30 22:00,4,22,Weekend,Spring,No,76.48,73.26,0.0
2023-04-30 23:00,4,23,Weekend,Spring,No,76.23,70.46,0.0
2023-05-01 00:00,5,0,Weekday,Spring,No,75.79,67.58,0.0
2023-05-01 01:00,5,1,Weekday,Spring,No,75.4,64.7,0.0
2023-05-01 02:00,5,2,Weekday,Spring,No,75.02,61.92,0.0
2023-05-01 03:00,5,3,Weekday,Spring,No,74.49,59.12,0.0
2023-05-01 04:00,5,4,Weekday,Spring,No,74.1,57.4,0.0
2023-05-01 05:00,5,5,Weekday,Spring,No,70.8,56.39,2.84
2023-05-01 06:00,5,6,Weekday,Spring,No,71.09,56.57,3.11
2023-05-01 07:00,5,7,Weekday,Spring,No,72.75,58.8,6.37
2023-05-01 08:00,5,8,Weekday,Spring,Yes,73.33,62.92,10.8
2023-05-01 09:00,5,9,Weekday,Spring,Yes,73.81,66.72,16.31
2023-05-01 10:00,5,10,Weekday,Spring,Yes,74.14,68.63,19.24
2023-05-01 11:00,5,11,Weekday,Spring,Yes,74.07,70.76,22.66
2023-05-01 12:00,5,12,Weekday,Spring,Yes,74.27,73.74,29.14
2023-05-01 13:00,5,13,Weekday,Spring,Yes,74.65,75.54,33.13
2023-05-01 14:00,5,14,Weekday,Spring,Yes,74.92,75.4,33.54
2023-05-01 15:00,5,15,Weekday,Spring,Yes,74.9,75.54,36.36
2023-05-01 16:00,5,16,Weekday,Spring,Yes,74.73,74.76,34.61
2023-05-01 17:00,5,17,Weekday,Spring,Yes,74.29,73.42,27.0
2023-05-01 18:00,5,18,Weekday,Spring,No,73.82,70.73,21.19
2023-05-01 19:00,5,19,Weekday,Spring,No,72.45,67.3,15.99
2023-05-01 20:00,5,20,Weekday,Spring,No,71.69,64.86,12.7
2023-05-01 21:00,5,21,Weekday,Spring,No,74.75,62.89,0.0
2023-05-01 22:00,5,22,Weekday,Spring,No,75.13,60.9,0.0
2023-05-01 23:00,5,23,Weekday,Spring,No,74.79,59.45,0.0
2023-05-02 00:00,5,0,Weekday,Spring,No,74.59,59.0,0.0
2023-05-02 01:00,5,1,Weekday,Spring,No,74.47,58.37,0.0
2023-05-02 02:00,5,2,Weekday,Spring,No,74.24,57.92,0.0
2023-05-02 03:00,5,3,Weekday,Spring,No,74.07,57.92,0.0
2023-05-02 04:00,5,4,Weekday,Spring,No,74.03,57.92,0.0
2023-05-02 05:00,5,5,Weekday,Spring,No,70.76,56.24,2.61
2023-05-02 06:00,5,6,Weekday,Spring,No,70.57,55.04,1.17
2023-05-02 07:00,5,7,Weekday,Spring,No,71.72,57.35,4.58
2023-05-02 08:00,5,8,Weekday,Spring,Yes,72.63,61.94,10.37
2023-05-02 09:00,5,9,Weekday,Spring,Yes,73.22,62.89,11.89
2023-05-02 10:00,5,10,Weekday,Spring,Yes,73.48,63.22,12.25
2023-05-02 11:00,5,11,Weekday,Spring,Yes,73.72,64.04,14.03
2023-05-02 12:00,5,12,Weekday,Spring,Yes,74.09,64.56,14.36
2023-05-02 13:00,5,13,Weekday,Spring,Yes,74.19,66.1,15.44
2023-05-02 14:00,5,14,Weekday,Spring,Yes,74.1,65.76,15.23
2023-05-02 15:00,5,15,Weekday,Spring,Yes,74.37,62.63,13.01
2023-05-02 16:00,5,16,Weekday,Spring,Yes,74.39,63.92,14.89
2023-05-02 17:00,5,17,Weekday,Spring,Yes,73.8,66.02,15.68
2023-05-02 18:00,5,18,Weekday,Spring,No,73.23,63.71,12.84
2023-05-02 19:00,5,19,Weekday,Spring,No,71.75,60.28,8.77
2023-05-02 20:00,5,20,Weekday,Spring,No,71.05,57.85,5.48
2023-05-02 21:00,5,21,Weekday,Spring,No,73.52,55.86,0.0
2023-05-02 22:00,5,22,Weekday,Spring,No,73.71,54.41,0.0
2023-05-02 23:00,5,23,Weekday,Spring,No,73.41,53.96,0.0
2023-05-03 00:00,5,0,Weekday,Spring,No,73.12,53.43,0.0
2023-05-03 01:00,5,1,Weekday,Spring,No,72.77,52.43,0.0
2023-05-03 02:00,5,2,Weekday,Spring,No,72.47,51.98,0.0
2023-05-03 03:00,5,3,Weekday,Spring,No,72.18,51.46,0.0
2023-05-03 04:00,5,4,Weekday,Spring,No,71.94,50.45,0.0
2023-05-03 05:00,5,5,Weekday,Spring,No,70.29,49.37,0.0
2023-05-03 06:00,5,6,Weekday,Spring,No,70.41,51.86,0.0
2023-05-03 07:00,5,7,Weekday,Spring,No,72.08,58.06,5.7
2023-05-03 08:00,5,8,Weekday,Spring,Yes,72.8,63.92,13.4
2023-05-03 09:00,5,9,Weekday,Spring,Yes,73.32,68.96,20.08
2023-05-03 10:00,5,10,Weekday,Spring,Yes,73.88,73.9,28.09
2023-05-03 11:00,5,11,Weekday,Spring,Yes,73.93,76.55,32.05
2023-05-03 12:00,5,12,Weekday,Spring,Yes,74.19,78.78,35.8
2023-05-03 13:00,5,13,Weekday,Spring,Yes,74.63,80.06,37.57
2023-05-03 14:00,5,14,Weekday,Spring,Yes,74.99,81.74,41.62
2023-05-03 15:00,5,15,Weekday,Spring,Yes,74.98,81.78,45.64
2023-05-03 16:00,5,16,Weekday,Spring,Yes,74.87,81.59,44.6
2023-05-03 17:00,5,17,Weekday,Spring,Yes,74.49,80.88,37.63
2023-05-03 18:00,5,18,Weekday,Spring,No,74.06,78.9,33.12
2023-05-03 19:00,5,19,Weekday,Spring,No,72.85,76.3,29.61
2023-05-03 20:00,5,20,Weekday,Spring,No,72.14,73.86,26.03
2023-05-03 21:00,5,21,Weekday,Spring,No,75.68,70.73,0.0
2023-05-03 22:00,5,22,Weekday,Spring,No,76.15,67.82,0.0
2023-05-03 23:00,5,23,Weekday,Spring,No,75.73,64.61,0.0
2023-05-04 00:00,5,0,Weekday,Spring,No,75.22,61.8,0.0
2023-05-04 01:00,5,1,Weekday,Spring,No,74.85,60.98,0.0
2023-05-04 02:00,5,2,Weekday,Spring,No,74.52,59.82,0.0
2023-05-04 03:00,5,3,Weekday,Spring,No,74.15,58.37,0.0
2023-05-04 04:00,5,4,Weekday,Spring,No,73.93,57.92,0.0
2023-05-04 05:00,5,5,Weekday,Spring,No,70.81,59.7,7.18
2023-05-04 06:00,5,6,Weekday,Spring,No,71.43,64.44,13.24
2023-05-04 07:00,5,7,Weekday,Spring,No,73.04,70.49,23.27
2023-05-04 08:00,5,8,Weekday,Spring,Yes,73.61,75.35,31.06
2023-05-04 09:00,5,9,Weekday,Spring,Yes,74.11,79.31,35.58
2023-05-04 10:00,5,10,Weekday,Spring,Yes,74.44,81.59,38.77
2023-05-04 11:00,5,11,Weekday,Spring,Yes,74.48,83.72,41.19
2023-05-04 12:00,5,12,Weekday,Spring,Yes,74.64,85.55,46.97
2023-05-04 13:00,5,13,Weekday,Spring,Yes,74.97,86.0,49.42
2023-05-04 14:00,5,14,Weekday,Spring,Yes,75.14,87.16,55.27
2023-05-04 15:00,5,15,Weekday,Spring,Yes,75.14,88.61,60.26
2023-05-04 16:00,5,16,Weekday,Spring,Yes,75.1,87.9,55.63
2023-05-04 17:00,5,17,Weekday,Spring,Yes,74.8,84.14,40.85
2023-05-04 18:00,5,18,Weekday,Spring,No,74.25,79.1,32.85
2023-05-04 19:00,5,19,Weekday,Spring,No,73.2,76.37,28.31
2023-05-04 20:00,5,20,Weekday,Spring,No,72.53,74.24,25.59
2023-05-04 21:00,5,21,Weekday,Spring,No,76.3,72.41,0.0
2023-05-04 22:00,5,22,Weekday,Spring,No,77.18,72.59,0.0
2023-05-04 23:00,5,23,Weekday,Spring,No,77.02,70.73,0.0
2023-05-05 00:00,5,0,Weekday,Spring,No,76.61,68.45,0.0
2023-05-05 01:00,5,1,Weekday,Spring,No,76.25,66.84,0.0
2023-05-05 02:00,5,2,Weekday,Spring,No,75.87,64.86,0.0
2023-05-05 03:00,5,3,Weekday,Spring,No,75.57,64.04,0.0
2023-05-05 04:00,5,4,Weekday,Spring,No,75.45,64.04,0.0
2023-05-05 05:00,5,5,Weekday,Spring,No,71.43,63.41,12.1
2023-05-05 06:00,5,6,Weekday,Spring,No,71.81,64.74,13.57
2023-05-05 07:00,5,7,Weekday,Spring,No,73.43,69.48,22.05
2023-05-05 08:00,5,8,Weekday,Spring,Yes,73.98,74.27,30.76
2023-05-05 09:00,5,9,Weekday,Spring,Yes,74.34,77.7,36.25
2023-05-05 10:00,5,10,Weekday,Spring,Yes,74.54,80.76,41.29
2023-05-05 11:00,5,11,Weekday,Spring,Yes,74.56,83.2,43.21
2023-05-05 12:00,5,12,Weekday,Spring,Yes,74.72,85.18,50.47
2023-05-05 13:00,5,13,Weekday,Spring,Yes,75.04,87.16,54.68
2023-05-05 14:00,5,14,Weekday,Spring,Yes,75.15,87.98,59.9
2023-05-05 15:00,5,15,Weekday,Spring,Yes,75.14,87.98,63.52
2023-05-05 16:00,5,16,Weekday,Spring,Yes,75.08,87.46,60.7
2023-05-05 17:00,5,17,Weekday,Spring,Yes,74.85,86.45,49.13
2023-05-05 18:00,5,18,Weekday,Spring,No,74.56,84.22,42.45
2023-05-05 19:00,5,19,Weekday,Spring,No,73.68,81.26,35.9
2023-05-05 20:00,5,20,Weekday,Spring,No,72.99,78.28,31.86
2023-05-05 21:00,5,21,Weekday,Spring,No,76.99,75.84,0.0
2023-05-05 22:00,5,22,Weekday,Spring,No,77.79,73.86,0.0
2023-05-05 23:00,5,23,Weekday,Spring,No,77.19,70.73,0.0
2023-05-06 00:00,5,0,Weekend,Spring,No,76.67,68.45,0.0
2023-05-06 01:00,5,1,Weekend,Spring,No,76.31,67.37,0.0
2023-05-06 02:00,5,2,Weekend,Spring,No,75.96,65.76,0.0
2023-05-06 03:00,5,3,Weekend,Spring,No,75.73,66.1,0.0
2023-05-06 04:00,5,4,Weekend,Spring,No,75.48,65.24,0.0
2023-05-06 05:00,5,5,Weekend,Spring,No,71.59,66.35,15.04
2023-05-06 06:00,5,6,Weekend,Spring,No,72.03,69.16,18.71
2023-05-06 07:00,5,7,Weekend,Spring,No,72.8,72.92,25.99
2023-05-06 08:00,5,8,Weekend,Spring,No,73.15,76.18,31.74
2023-05-06 09:00,5,9,Weekend,Spring,No,73.47,78.16,33.75
2023-05-06 10:00,5,10,Weekend,Spring,No,73.79,80.13,34.79
2023-05-06 11:00,5,11,Weekend,Spring,No,73.93,82.74,37.17
2023-05-06 12:00,5,12,Weekend,Spring,No,73.91,85.18,40.97
2023-05-06 13:00,5,13,Weekend,Spring,No,73.84,86.63,41.74
2023-05-06 14:00,5,14,Weekend,Spring,No,74.12,87.08,42.29
2023-05-06 15:00,5,15,Weekend,Spring,No,74.09,87.6,44.19
2023-05-06 16:00,5,16,Weekend,Spring,No,73.81,87.98,45.95
2023-05-06 17:00,5,17,Weekend,Spring,No,75.18,86.82,27.69
2023-05-06 18:00,5,18,Weekend,Spring,No,75.02,84.22,23.36
2023-05-06 19:00,5,19,Weekend,Spring,No,75.62,80.63,11.99
2023-05-06 20:00,5,20,Weekend,Spring,No,76.4,77.82,0.0
2023-05-06 21:00,5,21,Weekend,Spring,No,77.1,75.22,0.0
2023-05-06 22:00,5,22,Weekend,Spring,No,76.66,71.1,0.0
2023-05-06 23:00,5,23,Weekend,Spring,No,76.17,69.08,0.0
2023-05-07 00:00,5,0,Weekend,Spring,No,76.01,69.6,0.0
2023-05-07 01:00,5,1,Weekend,Spring,No,75.74,68.2,0.0
2023-05-07 02:00,5,2,Weekend,Spring,No,75.27,65.24,0.0
2023-05-07 03:00,5,3,Weekend,Spring,No,74.87,63.41,0.0
2023-05-07 04:00,5,4,Weekend,Spring,No,74.55,62.44,0.0
2023-05-07 05:00,5,5,Weekend,Spring,No,74.49,62.06,0.0
2023-05-07 06:00,5,6,Weekend,Spring,No,74.71,65.53,4.47
2023-05-07 07:00,5,7,Weekend,Spring,No,73.5,70.94,15.32
2023-05-07 08:00,5,8,Weekend,Spring,No,73.49,75.98,20.19
2023-05-07 09:00,5,9,Weekend,Spring,No,74.19,81.54,20.53
2023-05-07 10:00,5,10,Weekend,Spring,No,74.21,85.8,24.82
2023-05-07 11:00,5,11,Weekend,Spring,No,74.98,88.23,23.25
2023-05-07 12:00,5,12,Weekend,Spring,No,75.95,90.74,22.75
2023-05-07 13:00,5,13,Weekend,Spring,No,77.04,91.42,22.73
2023-05-07 14:00,5,14,Weekend,Spring,No,75.84,92.72,30.86
2023-05-07 15:00,5,15,Weekend,Spring,No,76.49,93.4,29.33
2023-05-07 16:00,5,16,Weekend,Spring,No,76.03,92.39,32.46
2023-05-07 17:00,5,17,Weekend,Spring,No,76.33,90.78,28.59
2023-05-07 18:00,5,18,Weekend,Spring,No,75.21,87.65,29.65
2023-05-07 19:00,5,19,Weekend,Spring,No,75.66,84.22,14.36
2023-05-07 20:00,5,20,Weekend,Spring,No,76.88,81.26,6.67
2023-05-07 21:00,5,21,Weekend,Spring,No,76.89,79.43,0.0
2023-05-07 22:00,5,22,Weekend,Spring,No,77.34,76.04,0.0
2023-05-07 23:00,5,23,Weekend,Spring,No,77.2,72.26,0.0
2023-05-08 00:00,5,0,Weekday,Spring,No,76.89,71.06,0.0
2023-05-08 01:00,5,1,Weekday,Spring,No,76.66,70.43,0.0
2023-05-08 02:00,5,2,Weekday,Spring,No,76.49,70.61,0.0
2023-05-08 03:00,5,3,Weekday,Spring,No,76.33,70.43,0.0
2023-05-08 04:00,5,4,Weekday,Spring,No,76.01,67.67,0.0
2023-05-08 05:00,5,5,Weekday,Spring,No,71.6,64.24,12.49
2023-05-08 06:00,5,6,Weekday,Spring,No,72.04,65.9,14.36
2023-05-08 07:00,5,7,Weekday,Spring,No,73.64,73.25,28.3
2023-05-08 08:00,5,8,Weekday,Spring,Yes,74.18,78.78,37.16
2023-05-08 09:00,5,9,Weekday,Spring,Yes,74.46,82.9,42.96
2023-05-08 10:00,5,10,Weekday,Spring,Yes,74.66,86.18,50.03
2023-05-08 11:00,5,11,Weekday,Spring,Yes,74.67,88.23,52.1
2023-05-08 12:00,5,12,Weekday,Spring,Yes,74.8,90.22,60.25
2023-05-08 13:00,5,13,Weekday,Spring,Yes,75.07,91.56,64.54
2023-05-08 14:00,5,14,Weekday,Spring,Yes,75.15,92.57,71.31
2023-05-08 15:00,5,15,Weekday,Spring,Yes,75.14,93.54,77.93
2023-05-08 16:00,5,16,Weekday,Spring,Yes,75.08,92.76,75.24
2023-05-08 17:00,5,17,Weekday,Spring,Yes,74.85,90.78,60.7
2023-05-08 18:00,5,18,Weekday,Spring,No,74.61,87.65,52.13
2023-05-08 19:00,5,19,Weekday,Spring,No,73.85,83.69,40.99
2023-05-08 20:00,5,20,Weekday,Spring,No,73.07,79.1,34.34
2023-05-08 21:00,5,21,Weekday,Spring,No,76.96,75.84,0.0
2023-05-08 22:00,5,22,Weekday,Spring,No,77.79,75.02,0.0
2023-05-08 23:00,5,23,Weekday,Spring,No,77.36,70.92,0.0
2023-05-09 00:00,5,0,Weekday,Spring,No,76.62,65.69,0.0
2023-05-09 01:00,5,1,Weekday,Spring,No,76.32,65.72,0.0
2023-05-09 02:00,5,2,Weekday,Spring,No,76.23,66.92,0.0
2023-05-09 03:00,5,3,Weekday,Spring,No,75.8,63.46,0.0
2023-05-09 04:00,5,4,Weekday,Spring,No,75.29,59.82,0.0
2023-05-09 05:00,5,5,Weekday,Spring,No,71.42,59.63,6.33
2023-05-09 06:00,5,6,Weekday,Spring,No,71.7,63.54,11.0
2023-05-09 07:00,5,7,Weekday,Spring,No,73.54,70.12,23.39
2023-05-09 08:00,5,8,Weekday,Spring,Yes,74.21,77.13,37.72
2023-05-09 09:00,5,9,Weekday,Spring,Yes,74.58,81.74,44.92
2023-05-09 10:00,5,10,Weekday,Spring,Yes,74.75,84.1,50.56
2023-05-09 11:00,5,11,Weekday,Spring,Yes,74.81,87.86,56.86
2023-05-09 12:00,5,12,Weekday,Spring,Yes,75.01,90.59,67.64
2023-05-09 13:00,5,13,Weekday,Spring,Yes,75.17,90.41,68.59
2023-05-09 14:00,5,14,Weekday,Spring,Yes,75.2,91.74,73.84
2023-05-09 15:00,5,15,Weekday,Spring,Yes,75.19,92.39,79.0
2023-05-09 16:00,5,16,Weekday,Spring,Yes,75.15,91.42,72.95
2023-05-09 17:00,5,17,Weekday,Spring,Yes,74.96,89.26,55.41
2023-05-09 18:00,5,18,Weekday,Spring,No,74.59,86.2,47.27
2023-05-09 19:00,5,19,Weekday,Spring,No,73.82,83.77,41.01
2023-05-09 20:00,5,20,Weekday,Spring,No,73.29,81.26,37.2
2023-05-09 21:00,5,21,Weekday,Spring,No,77.49,77.65,0.0
2023-05-09 22:00,5,22,Weekday,Spring,No,78.26,74.24,0.0
2023-05-09 23:00,5,23,Weekday,Spring,No,77.98,71.88,0.0
2023-05-10 00:00,5,0,Weekday,Spring,No,77.65,70.43,0.0
2023-05-10 01:00,5,1,Weekday,Spring,No,77.3,68.82,0.0
2023-05-10 02:00,5,2,Weekday,Spring,No,76.96,67.37,0.0
2023-05-10 03:00,5,3,Weekday,Spring,No,76.7,66.4,0.0
2023-05-10 04:00,5,4,Weekday,Spring,No,76.51,64.86,0.0
2023-05-10 05:00,5,5,Weekday,Spring,No,72.01,63.41,11.19
2023-05-10 06:00,5,6,Weekday,Spring,No,71.79,64.74,12.52
2023-05-10 07:00,5,7,Weekday,Spring,No,73.09,68.96,20.93
2023-05-10 08:00,5,8,Weekday,Spring,Yes,73.83,73.9,29.44
2023-05-10 09:00,5,9,Weekday,Spring,Yes,74.46,77.18,36.39
2023-05-10 10:00,5,10,Weekday,Spring,Yes,74.76,80.39,44.43
2023-05-10 11:00,5,11,Weekday,Spring,Yes,74.8,83.2,47.87
2023-05-10 12:00,5,12,Weekday,Spring,Yes,74.91,83.39,51.77
2023-05-10 13:00,5,13,Weekday,Spring,Yes,75.1,84.72,54.33
2023-05-10 14:00,5,14,Weekday,Spring,Yes,75.14,86.0,57.9
2023-05-10 15:00,5,15,Weekday,Spring,Yes,75.13,85.37,58.95
2023-05-10 16:00,5,16,Weekday,Spring,Yes,75.08,84.92,55.82
2023-05-10 17:00,5,17,Weekday,Spring,Yes,74.81,84.4,44.26
2023-05-10 18:00,5,18,Weekday,Spring,No,74.33,82.24,39.88
2023-05-10 19:00,5,19,Weekday,Spring,No,73.47,79.28,34.52
2023-05-10 20:00,5,20,Weekday,Spring,No,72.86,76.3,29.99
2023-05-10 21:00,5,21,Weekday,Spring,No,76.86,73.86,0.0
2023-05-10 22:00,5,22,Weekday,Spring,No,77.64,71.88,0.0
2023-05-10 23:00,5,23,Weekday,Spring,No,77.25,69.9,0.0
2023-05-11 00:00,5,0,Weekday,Spring,No,76.7,66.67,0.0
2023-05-11 01:00,5,1,Weekday,Spring,No,76.32,65.57,0.0
2023-05-11 02:00,5,2,Weekday,Spring,No,76.07,64.86,0.0
2023-05-11 03:00,5,3,Weekday,Spring,No,75.59,61.73,0.0
2023-05-11 04:00,5,4,Weekday,Spring,No,74.99,56.51,0.0
2023-05-11 05:00,5,5,Weekday,Spring,No,71.25,52.8,0.0
2023-05-11 06:00,5,6,Weekday,Spring,No,71.79,58.38,4.87
2023-05-11 07:00,5,7,Weekday,Spring,No,73.38,67.06,18.7
2023-05-11 08:00,5,8,Weekday,Spring,Yes,73.87,71.76,27.62
2023-05-11 09:00,5,9,Weekday,Spring,Yes,74.23,74.72,33.58
2023-05-11 10:00,5,10,Weekday,Spring,Yes,74.47,78.33,40.7
2023-05-11 11:00,5,11,Weekday,Spring,Yes,74.5,81.22,42.89
2023-05-11 12:00,5,12,Weekday,Spring,Yes,74.62,82.04,47.94
2023-05-11 13:00,5,13,Weekday,Spring,Yes,74.95,83.2,49.99
2023-05-11 14:00,5,14,Weekday,Spring,Yes,75.1,83.39,52.88
2023-05-11 15:00,5,15,Weekday,Spring,Yes,75.08,83.57,56.5
2023-05-11 16:00,5,16,Weekday,Spring,Yes,74.99,83.39,55.04
2023-05-11 17:00,5,17,Weekday,Spring,Yes,74.7,81.78,43.65
2023-05-11 18:00,5,18,Weekday,Spring,No,74.41,78.02,34.9
2023-05-11 19:00,5,19,Weekday,Spring,No,73.36,74.24,25.91
2023-05-11 20:00,5,20,Weekday,Spring,No,72.57,71.88,22.28
2023-05-11 21:00,5,21,Weekday,Spring,No,76.11,69.28,0.0
2023-05-11 22:00,5,22,Weekday,Spring,No,76.57,66.84,0.0
2023-05-11 23:00,5,23,Weekday,Spring,No,76.24,64.86,0.0
2023-05-12 00:00,5,0,Weekday,Spring,No,75.74,61.1,0.0
2023-05-12 01:00,5,1,Weekday,Spring,No,75.12,57.22,0.0
2023-05-12 02:00,5,2,Weekday,Spring,No,74.69,55.94,0.0
2023-05-12 03:00,5,3,Weekday,Spring,No,74.26,54.26,0.0
2023-05-12 04:00,5,4,Weekday,Spring,No,73.88,53.06,0.0
2023-05-12 05:00,5,5,Weekday,Spring,No,70.87,53.06,0.0
2023-05-12 06:00,5,6,Weekday,Spring,No,71.47,57.16,3.53
2023-05-12 07:00,5,7,Weekday,Spring,No,73.04,62.92,11.79
2023-05-12 08:00,5,8,Weekday,Spring,Yes,73.56,68.51,21.09
2023-05-12 09:00,5,9,Weekday,Spring,Yes,74.04,74.53,32.07
2023-05-12 10:00,5,10,Weekday,Spring,Yes,74.4,79.31,39.47
2023-05-12 11:00,5,11,Weekday,Spring,Yes,74.46,83.27,44.03
2023-05-12 12:00,5,12,Weekday,Spring,Yes,74.68,86.18,53.69
2023-05-12 13:00,5,13,Weekday,Spring,Yes,75.03,87.08,57.11
2023-05-12 14:00,5,14,Weekday,Spring,Yes,75.14,88.76,64.33
2023-05-12 15:00,5,15,Weekday,Spring,Yes,75.15,89.96,70.34
2023-05-12 16:00,5,16,Weekday,Spring,Yes,75.11,89.43,67.02
2023-05-12 17:00,5,17,Weekday,Spring,Yes,74.89,88.43,55.0
2023-05-12 18:00,5,18,Weekday,Spring,No,74.6,85.04,46.22
2023-05-12 19:00,5,19,Weekday,Spring,No,73.64,81.26,37.84
2023-05-12 20:00,5,20,Weekday,Spring,No,72.9,78.28,32.82
2023-05-12 21:00,5,21,Weekday,Spring,No,76.8,75.22,0.0
2023-05-12 22:00,5,22,Weekday,Spring,No,77.41,71.63,0.0
2023-05-12 23:00,5,23,Weekday,Spring,No,76.66,68.2,0.0
2023-05-13 00:00,5,0,Weekend,Spring,No,76.04,64.61,0.0
2023-05-13 01:00,5,1,Weekend,Spring,No,75.48,61.8,0.0
2023-05-13 02:00,5,2,Weekend,Spring,No,74.95,59.2,0.0
2023-05-13 03:00,5,3,Weekend,Spring,No,74.46,57.4,0.0
2023-05-13 04:00,5,4,Weekend,Spring,No,74.1,57.02,0.0
2023-05-13 05:00,5,5,Weekend,Spring,No,71.01,56.39,2.51
2023-05-13 06:00,5,6,Weekend,Spring,No,71.57,61.19,8.11
2023-05-13 07:00,5,7,Weekend,Spring,No,72.39,68.51,18.71
2023-05-13 08:00,5,8,Weekend,Spring,No,72.68,73.37,27.6
2023-05-13 09:00,5,9,Weekend,Spring,No,73.05,79.12,35.46
2023-05-13 10:00,5,10,Weekend,Spring,No,73.56,84.98,41.92
2023-05-13 11:00,5,11,Weekend,Spring,No,73.82,88.23,45.33
2023-05-13 12:00,5,12,Weekend,Spring,No,73.89,90.74,50.06
2023-05-13 13:00,5,13,Weekend,Spring,No,73.9,92.57,51.59
2023-05-13 14:00,5,14,Weekend,Spring,No,74.16,93.54,52.74
2023-05-13 15:00,5,15,Weekend,Spring,No,74.11,93.4,54.07
2023-05-13 16:00,5,16,Weekend,Spring,No,73.88,92.39,53.06
2023-05-13 17:00,5,17,Weekend,Spring,No,75.68,91.94,30.97
2023-05-13 18:00,5,18,Weekend,Spring,No,75.74,89.63,25.97
2023-05-13 19:00,5,19,Weekend,Spring,No,74.95,85.67,20.54
2023-05-13 20:00,5,20,Weekend,Spring,No,76.87,82.24,4.54
2023-05-13 21:00,5,21,Weekend,Spring,No,77.09,79.28,0.0
2023-05-13 22:00,5,22,Weekend,Spring,No,77.34,76.3,0.0
2023-05-13 23:00,5,23,Weekend,Spring,No,76.93,73.24,0.0
2023-05-14 00:00,5,0,Weekend,Spring,No,76.36,69.65,0.0
2023-05-14 01:00,5,1,Weekend,Spring,No,75.84,66.22,0.0
2023-05-14 02:00,5,2,Weekend,Spring,No,75.43,64.41,0.0
2023-05-14 03:00,5,3,Weekend,Spring,No,75.04,63.41,0.0
2023-05-14 04:00,5,4,Weekend,Spring,No,74.81,63.59,0.0
2023-05-14 05:00,5,5,Weekend,Spring,No,74.85,64.04,0.0
2023-05-14 06:00,5,6,Weekend,Spring,No,75.0,68.13,6.78
2023-05-14 07:00,5,7,Weekend,Spring,No,73.87,73.37,18.11
2023-05-14 08:00,5,8,Weekend,Spring,No,73.73,77.33,21.15
2023-05-14 09:00,5,9,Weekend,Spring,No,74.23,80.13,20.28
2023-05-14 10:00,5,10,Weekend,Spring,No,74.07,82.12,22.94
2023-05-14 11:00,5,11,Weekend,Spring,No,75.06,85.88,18.87
2023-05-14 12:00,5,12,Weekend,Spring,No,76.07,88.61,19.08
2023-05-14 13:00,5,13,Weekend,Spring,No,77.36,89.58,15.69
2023-05-14 14:00,5,14,Weekend,Spring,No,75.77,89.96,27.58
2023-05-14 15:00,5,15,Weekend,Spring,No,76.23,91.12,26.4
2023-05-14 16:00,5,16,Weekend,Spring,No,75.93,91.42,29.6
2023-05-14 17:00,5,17,Weekend,Spring,No,76.21,89.88,26.56
2023-05-14 18:00,5,18,Weekend,Spring,No,75.05,86.65,27.28
2023-05-14 19:00,5,19,Weekend,Spring,No,75.54,83.24,6.05
2023-05-14 20:00,5,20,Weekend,Spring,No,76.67,79.73,0.0
2023-05-14 21:00,5,21,Weekend,Spring,No,77.38,75.67,0.0
2023-05-14 22:00,5,22,Weekend,Spring,No,76.99,72.78,0.0
2023-05-14 23:00,5,23,Weekend,Spring,No,76.91,71.96,0.0
2023-05-15 00:00,5,0,Weekday,Spring,No,76.56,69.02,0.0
2023-05-15 01:00,5,1,Weekday,Spring,No,76.09,66.92,0.0
2023-05-15 02:00,5,2,Weekday,Spring,No,75.7,64.61,0.0
2023-05-15 03:00,5,3,Weekday,Spring,No,75.19,61.8,0.0
2023-05-15 04:00,5,4,Weekday,Spring,No,74.86,60.46,0.0
2023-05-15 05:00,5,5,Weekday,Spring,No,71.15,58.3,5.47
2023-05-15 06:00,5,6,Weekday,Spring,No,71.7,62.8,11.13
2023-05-15 07:00,5,7,Weekday,Spring,No,73.38,69.86,22.12
2023-05-15 08:00,5,8,Weekday,Spring,Yes,73.89,74.27,29.51
2023-05-15 09:00,5,9,Weekday,Spring,Yes,74.25,77.7,35.2
2023-05-15 10:00,5,10,Weekday,Spring,Yes,74.46,81.29,40.28
2023-05-15 11:00,5,11,Weekday,Spring,Yes,74.5,84.1,43.03
2023-05-15 12:00,5,12,Weekday,Spring,Yes,74.65,86.18,50.41
2023-05-15 13:00,5,13,Weekday,Spring,Yes,75.0,88.23,55.5
2023-05-15 14:00,5,14,Weekday,Spring,Yes,75.13,89.06,60.76
2023-05-15 15:00,5,15,Weekday,Spring,Yes,75.11,89.06,64.66
2023-05-15 16:00,5,16,Weekday,Spring,Yes,75.03,88.43,63.52
2023-05-15 17:00,5,17,Weekday,Spring,Yes,74.76,87.46,53.48
2023-05-15 18:00,5,18,Weekday,Spring,No,74.53,85.3,48.03
2023-05-15 19:00,5,19,Weekday,Spring,No,73.68,81.08,37.02
2023-05-15 20:00,5,20,Weekday,Spring,No,72.86,77.2,31.42
2023-05-15 21:00,5,21,Weekday,Spring,No,76.67,74.24,0.0
2023-05-15 22:00,5,22,Weekday,Spring,No,77.25,71.26,0.0
2023-05-15 23:00,5,23,Weekday,Spring,No,76.79,68.2,0.0
2023-05-16 00:00,5,0,Weekday,Spring,No,76.35,65.76,0.0
2023-05-16 01:00,5,1,Weekday,Spring,No,75.85,62.63,0.0
2023-05-16 02:00,5,2,Weekday,Spring,No,75.23,58.67,0.0
2023-05-16 03:00,5,3,Weekday,Spring,No,74.75,57.02,0.0
2023-05-16 04:00,5,4,Weekday,Spring,No,74.51,57.02,0.0
2023-05-16 05:00,5,5,Weekday,Spring,No,71.11,56.39,2.61
2023-05-16 06:00,5,6,Weekday,Spring,No,71.76,61.19,8.16
2023-05-16 07:00,5,7,Weekday,Spring,No,73.34,68.51,20.99
2023-05-16 08:00,5,8,Weekday,Spring,Yes,73.84,73.9,31.74
2023-05-16 09:00,5,9,Weekday,Spring,Yes,74.23,78.33,39.29
2023-05-16 10:00,5,10,Weekday,Spring,Yes,74.52,81.74,44.77
2023-05-16 11:00,5,11,Weekday,Spring,Yes,74.56,84.1,47.23
2023-05-16 12:00,5,12,Weekday,Spring,Yes,74.73,86.7,56.29
2023-05-16 13:00,5,13,Weekday,Spring,Yes,75.08,89.77,63.99
2023-05-16 14:00,5,14,Weekday,Spring,Yes,75.15,91.04,70.71
2023-05-16 15:00,5,15,Weekday,Spring,Yes,75.15,91.04,75.18
2023-05-16 16:00,5,16,Weekday,Spring,Yes,75.12,91.04,72.96
2023-05-16 17:00,5,17,Weekday,Spring,Yes,74.92,90.41,58.58
2023-05-16 18:00,5,18,Weekday,Spring,No,74.62,87.65,49.83
2023-05-16 19:00,5,19,Weekday,Spring,No,73.77,84.22,41.89
2023-05-16 20:00,5,20,Weekday,Spring,No,73.2,81.78,38.15
2023-05-16 21:00,5,21,Weekday,Spring,No,77.5,79.81,0.0
2023-05-16 22:00,5,22,Weekday,Spring,No,78.41,77.82,0.0
2023-05-16 23:00,5,23,Weekday,Spring,No,77.97,72.9,0.0
2023-05-17 00:00,5,0,Weekday,Spring,No,77.52,69.46,0.0
2023-05-17 01:00,5,1,Weekday,Spring,No,77.34,68.45,0.0
2023-05-17 02:00,5,2,Weekday,Spring,No,76.92,66.22,0.0
2023-05-17 03:00,5,3,Weekday,Spring,No,76.65,65.57,0.0
2023-05-17 04:00,5,4,Weekday,Spring,No,76.58,65.39,0.0
2023-05-17 05:00,5,5,Weekday,Spring,No,72.11,64.94,13.22
2023-05-17 06:00,5,6,Weekday,Spring,No,72.04,66.1,14.32
2023-05-17 07:00,5,7,Weekday,Spring,No,73.81,69.34,21.99
2023-05-17 08:00,5,8,Weekday,Spring,Yes,74.34,75.68,34.44
2023-05-17 09:00,5,9,Weekday,Spring,Yes,74.67,81.29,46.3
2023-05-17 10:00,5,10,Weekday,Spring,Yes,74.78,85.88,56.41
2023-05-17 11:00,5,11,Weekday,Spring,Yes,74.78,90.29,61.8
2023-05-17 12:00,5,12,Weekday,Spring,Yes,74.95,92.57,71.31
2023-05-17 13:00,5,13,Weekday,Spring,Yes,75.16,94.18,76.64
2023-05-17 14:00,5,14,Weekday,Spring,Yes,75.18,95.0,82.06
2023-05-17 15:00,5,15,Weekday,Spring,Yes,75.17,95.63,85.1
2023-05-17 16:00,5,16,Weekday,Spring,Yes,75.14,96.08,83.91
2023-05-17 17:00,5,17,Weekday,Spring,Yes,74.98,94.82,70.23
2023-05-17 18:00,5,18,Weekday,Spring,No,74.79,91.61,61.02
2023-05-17 19:00,5,19,Weekday,Spring,No,74.13,86.49,45.59
2023-05-17 20:00,5,20,Weekday,Spring,No,73.41,82.24,39.17
2023-05-17 21:00,5,21,Weekday,Spring,No,77.63,79.28,0.0
2023-05-17 22:00,5,22,Weekday,Spring,No,77.47,75.14,5.02
2023-05-17 23:00,5,23,Weekday,Spring,No,77.25,70.1,0.0
2023-05-18 00:00,5,0,Weekday,Spring,No,77.18,69.16,0.0
2023-05-18 01:00,5,1,Weekday,Spring,No,77.11,69.98,0.0
2023-05-18 02:00,5,2,Weekday,Spring,No,76.81,68.2,0.0
2023-05-18 03:00,5,3,Weekday,Spring,No,76.44,65.76,0.0
2023-05-18 04:00,5,4,Weekday,Spring,No,76.13,63.26,0.0
2023-05-18 05:00,5,5,Weekday,Spring,No,71.95,63.22,10.89
2023-05-18 06:00,5,6,Weekday,Spring,No,72.14,64.56,12.27
2023-05-18 07:00,5,7,Weekday,Spring,No,73.75,67.88,20.0
2023-05-18 08:00,5,8,Weekday,Spring,Yes,74.28,74.7,33.54
2023-05-18 09:00,5,9,Weekday,Spring,Yes,74.58,79.76,44.85
2023-05-18 10:00,5,10,Weekday,Spring,Yes,74.71,82.12,50.69
2023-05-18 11:00,5,11,Weekday,Spring,Yes,74.72,84.1,52.03
2023-05-18 12:00,5,12,Weekday,Spring,Yes,74.85,86.18,59.1
2023-05-18 13:00,5,13,Weekday,Spring,Yes,75.1,87.6,62.67
2023-05-18 14:00,5,14,Weekday,Spring,Yes,75.16,88.61,68.1
2023-05-18 15:00,5,15,Weekday,Spring,Yes,75.16,89.06,72.44
2023-05-18 16:00,5,16,Weekday,Spring,Yes,75.12,88.43,67.69
2023-05-18 17:00,5,17,Weekday,Spring,Yes,74.93,86.2,52.3
2023-05-18 18:00,5,18,Weekday,Spring,No,74.64,83.24,44.44
2023-05-18 19:00,5,19,Weekday,Spring,No,73.8,80.26,36.97
2023-05-18 20:00,5,20,Weekday,Spring,No,73.08,76.67,30.78
2023-05-18 21:00,5,21,Weekday,Spring,No,76.86,72.71,0.0
2023-05-18 22:00,5,22,Weekday,Spring,No,77.29,68.65,0.0
2023-05-18 23:00,5,23,Weekday,Spring,No,76.82,65.76,0.0
2023-05-19 00:00,5,0,Weekday,Spring,No,76.49,64.94,0.0
2023-05-19 01:00,5,1,Weekday,Spring,No,75.98,61.48,0.0
2023-05-19 02:00,5,2,Weekday,Spring,No,75.62,61.31,0.0
2023-05-19 03:00,5,3,Weekday,Spring,No,75.57,62.96,0.0
2023-05-19 04:00,5,4,Weekday,Spring,No,75.3,60.02,0.0
2023-05-19 05:00,5,5,Weekday,Spring,No,71.42,57.4,3.7
2023-05-19 06:00,5,6,Weekday,Spring,No,71.49,62.27,9.43
2023-05-19 07:00,5,7,Weekday,Spring,No,73.46,70.64,23.64
2023-05-19 08:00,5,8,Weekday,Spring,Yes,74.2,75.1,32.67
2023-05-19 09:00,5,9,Weekday,Spring,Yes,74.55,78.86,41.09
2023-05-19 10:00,5,10,Weekday,Spring,Yes,74.73,83.27,51.13
2023-05-19 11:00,5,11,Weekday,Spring,Yes,74.78,84.92,52.57
2023-05-19 12:00,5,12,Weekday,Spring,Yes,74.95,87.34,60.87
2023-05-19 13:00,5,13,Weekday,Spring,Yes,75.14,89.06,64.35
2023-05-19 14:00,5,14,Weekday,Spring,Yes,75.19,87.9,65.57
2023-05-19 15:00,5,15,Weekday,Spring,Yes,75.16,86.45,64.06
2023-05-19 16:00,5,16,Weekday,Spring,Yes,75.13,86.0,60.26
2023-05-19 17:00,5,17,Weekday,Spring,Yes,74.89,84.84,46.81
2023-05-19 18:00,5,18,Weekday,Spring,No,74.52,81.71,39.89
2023-05-19 19:00,5,19,Weekday,Spring,No,73.56,78.28,33.41
2023-05-19 20:00,5,20,Weekday,Spring,No,72.81,74.69,27.38
2023-05-19 21:00,5,21,Weekday,Spring,No,76.46,71.26,0.0
2023-05-19 22:00,5,22,Weekday,Spring,No,77.1,69.98,0.0
2023-05-19 23:00,5,23,Weekday,Spring,No,76.65,68.82,0.0
2023-05-20 00:00,5,0,Weekend,Spring,No,76.14,65.69,0.0
2023-05-20 01:00,5,1,Weekend,Spring,No,75.71,64.04,0.0
2023-05-20 02:00,5,2,Weekend,Spring,No,75.18,60.47,0.0
2023-05-20 03:00,5,3,Weekend,Spring,No,74.59,57.4,0.0
2023-05-20 04:00,5,4,Weekend,Spring,No,74.13,55.86,0.0
2023-05-20 05:00,5,5,Weekend,Spring,No,71.11,53.88,0.16
2023-05-20 06:00,5,6,Weekend,Spring,No,71.71,58.31,4.68
2023-05-20 07:00,5,7,Weekend,Spring,No,72.42,65.53,14.27
2023-05-20 08:00,5,8,Weekend,Spring,No,72.67,70.94,23.34
2023-05-20 09:00,5,9,Weekend,Spring,No,72.95,75.35,30.61
2023-05-20 10:00,5,10,Weekend,Spring,No,73.36,78.78,34.15
2023-05-20 11:00,5,11,Weekend,Spring,No,73.58,80.58,35.12
2023-05-20 12:00,5,12,Weekend,Spring,No,73.57,82.12,37.12
2023-05-20 13:00,5,13,Weekend,Spring,No,73.48,84.72,39.67
2023-05-20 14:00,5,14,Weekend,Spring,No,73.82,86.63,42.43
2023-05-20 15:00,5,15,Weekend,Spring,No,73.86,87.6,46.07
2023-05-20 16:00,5,16,Weekend,Spring,No,73.65,88.61,48.91
2023-05-20 17:00,5,17,Weekend,Spring,No,75.3,87.9,29.48
2023-05-20 18:00,5,18,Weekend,Spring,No,75.29,85.3,24.61
2023-05-20 19:00,5,19,Weekend,Spring,No,74.72,82.24,17.43
2023-05-20 20:00,5,20,Weekend,Spring,No,76.54,79.28,6.62
2023-05-20 21:00,5,21,Weekend,Spring,No,77.16,75.67,0.0
2023-05-20 22:00,5,22,Weekend,Spring,No,76.74,72.78,0.0
2023-05-20 23:00,5,23,Weekend,Spring,No,76.32,70.81,0.0
2023-05-21 00:00,5,0,Weekend,Spring,No,75.85,68.2,0.0
2023-05-21 01:00,5,1,Weekend,Spring,No,75.33,65.24,0.0
2023-05-21 02:00,5,2,Weekend,Spring,No,74.81,62.26,0.0
2023-05-21 03:00,5,3,Weekend,Spring,No,74.39,60.98,0.0
2023-05-21 04:00,5,4,Weekend,Spring,No,73.96,58.67,0.0
2023-05-21 05:00,5,5,Weekend,Spring,No,73.84,57.02,0.0
2023-05-21 06:00,5,6,Weekend,Spring,No,74.93,61.64,0.0
2023-05-21 07:00,5,7,Weekend,Spring,No,73.97,69.04,10.77
2023-05-21 08:00,5,8,Weekend,Spring,No,73.56,77.21,22.87
2023-05-21 09:00,5,9,Weekend,Spring,No,73.83,84.53,21.47
2023-05-21 10:00,5,10,Weekend,Spring,No,74.34,88.23,29.06
2023-05-21 11:00,5,11,Weekend,Spring,No,75.0,90.22,23.71
2023-05-21 12:00,5,12,Weekend,Spring,No,76.29,92.72,27.37
2023-05-21 13:00,5,13,Weekend,Spring,No,77.19,94.55,23.43
2023-05-21 14:00,5,14,Weekend,Spring,No,76.32,95.63,35.6
2023-05-21 15:00,5,15,Weekend,Spring,No,76.96,97.24,30.71
2023-05-21 16:00,5,16,Weekend,Spring,No,76.77,97.43,38.57
2023-05-21 17:00,5,17,Weekend,Spring,No,76.53,94.67,29.34
2023-05-21 18:00,5,18,Weekend,Spring,No,76.09,91.23,32.04
2023-05-21 19:00,5,19,Weekend,Spring,No,77.0,88.28,11.41
2023-05-21 20:00,5,20,Weekend,Spring,No,77.74,85.82,6.4
2023-05-21 21:00,5,21,Weekend,Spring,No,77.46,82.08,7.04
2023-05-21 22:00,5,22,Weekend,Spring,No,78.07,77.65,0.0
2023-05-21 23:00,5,23,Weekend,Spring,No,77.83,74.24,0.0
2023-05-22 00:00,5,0,Weekday,Spring,No,77.45,71.88,0.0
2023-05-22 01:00,5,1,Weekday,Spring,No,77.02,69.28,0.0
2023-05-22 02:00,5,2,Weekday,Spring,No,76.59,67.37,0.0
2023-05-22 03:00,5,3,Weekday,Spring,No,76.21,65.76,0.0
2023-05-22 04:00,5,4,Weekday,Spring,No,76.0,64.94,0.0
2023-05-22 05:00,5,5,Weekday,Spring,No,71.81,63.78,11.62
2023-05-22 06:00,5,6,Weekday,Spring,No,72.09,66.53,14.99
2023-05-22 07:00,5,7,Weekday,Spring,No,73.83,73.7,29.03
2023-05-22 08:00,5,8,Weekday,Spring,Yes,74.34,80.46,40.48
2023-05-22 09:00,5,9,Weekday,Spring,Yes,74.63,85.36,48.2
2023-05-22 10:00,5,10,Weekday,Spring,Yes,74.79,89.39,58.2
2023-05-22 11:00,5,11,Weekday,Spring,Yes,74.84,93.35,64.7
2023-05-22 12:00,5,12,Weekday,Spring,Yes,75.0,96.16,75.26
2023-05-22 13:00,5,13,Weekday,Spring,Yes,75.16,97.61,81.08
2023-05-22 14:00,5,14,Weekday,Spring,Yes,75.2,96.9,84.29
2023-05-22 15:00,5,15,Weekday,Spring,Yes,75.2,95.45,82.16
2023-05-22 16:00,5,16,Weekday,Spring,Yes,75.16,93.84,72.95
2023-05-22 17:00,5,17,Weekday,Spring,Yes,74.87,93.02,57.99
2023-05-22 18:00,5,18,Weekday,Spring,No,74.6,91.86,53.62
2023-05-22 19:00,5,19,Weekday,Spring,No,73.93,89.26,45.37
2023-05-22 20:00,5,20,Weekday,Spring,No,73.38,85.67,39.6
2023-05-22 21:00,5,21,Weekday,Spring,No,77.82,82.24,0.0
2023-05-22 22:00,5,22,Weekday,Spring,No,78.11,78.65,1.83
2023-05-22 23:00,5,23,Weekday,Spring,No,77.5,75.22,3.53
2023-05-23 00:00,5,0,Weekday,Spring,No,77.81,73.42,0.0
2023-05-23 01:00,5,1,Weekday,Spring,No,77.54,71.88,0.0
2023-05-23 02:00,5,2,Weekday,Spring,No,77.2,70.43,0.0
2023-05-23 03:00,5,3,Weekday,Spring,No,76.86,68.82,0.0
2023-05-23 04:00,5,4,Weekday,Spring,No,76.49,65.69,0.0
2023-05-23 05:00,5,5,Weekday,Spring,No,72.12,64.56,12.75
2023-05-23 06:00,5,6,Weekday,Spring,No,72.56,68.51,17.8
2023-05-23 07:00,5,7,Weekday,Spring,No,74.02,76.31,35.63
2023-05-23 08:00,5,8,Weekday,Spring,Yes,74.46,84.16,48.06
2023-05-23 09:00,5,9,Weekday,Spring,Yes,74.69,89.92,59.02
2023-05-23 10:00,5,10,Weekday,Spring,Yes,74.85,94.88,71.98
2023-05-23 11:00,5,11,Weekday,Spring,Yes,74.89,98.14,77.18
2023-05-23 12:00,5,12,Weekday,Spring,Yes,75.02,98.96,82.97
2023-05-23 13:00,5,13,Weekday,Spring,Yes,75.17,100.12,88.99
2023-05-23 14:00,5,14,Weekday,Spring,Yes,75.2,101.57,98.47
2023-05-23 15:00,5,15,Weekday,Spring,Yes,75.2,102.02,104.55
2023-05-23 16:00,5,16,Weekday,Spring,Yes,75.19,102.02,102.08
2023-05-23 17:00,5,17,Weekday,Spring,Yes,75.06,99.71,78.33
2023-05-23 18:00,5,18,Weekday,Spring,No,74.86,96.9,66.42
2023-05-23 19:00,5,19,Weekday,Spring,No,74.42,94.82,56.49
2023-05-23 20:00,5,20,Weekday,Spring,No,74.05,92.76,51.5
2023-05-23 21:00,5,21,Weekday,Spring,No,77.35,90.78,12.9
2023-05-23 22:00,5,22,Weekday,Spring,No,78.06,89.43,15.55
2023-05-23 23:00,5,23,Weekday,Spring,No,77.85,87.28,7.22
2023-05-24 00:00,5,0,Weekday,Spring,No,78.16,85.37,12.46
2023-05-24 01:00,5,1,Weekday,Spring,No,78.06,84.4,6.79
2023-05-24 02:00,5,2,Weekday,Spring,No,78.48,82.86,0.0
2023-05-24 03:00,5,3,Weekday,Spring,No,78.2,80.88,6.31
2023-05-24 04:00,5,4,Weekday,Spring,No,78.96,79.43,0.0
2023-05-24 05:00,5,5,Weekday,Spring,No,73.39,77.82,33.12
2023-05-24 06:00,5,6,Weekday,Spring,No,73.18,78.78,31.06
2023-05-24 07:00,5,7,Weekday,Spring,No,74.45,82.37,45.45
2023-05-24 08:00,5,8,Weekday,Spring,Yes,74.79,85.18,53.43
2023-05-24 09:00,5,9,Weekday,Spring,Yes,74.87,87.16,57.83
2023-05-24 10:00,5,10,Weekday,Spring,Yes,74.91,89.77,63.25
2023-05-24 11:00,5,11,Weekday,Spring,Yes,74.88,92.72,65.45
2023-05-24 12:00,5,12,Weekday,Spring,Yes,75.04,95.7,77.05
2023-05-24 13:00,5,13,Weekday,Spring,Yes,75.17,96.98,82.56
2023-05-24 14:00,5,14,Weekday,Spring,Yes,75.19,98.14,89.89
2023-05-24 15:00,5,15,Weekday,Spring,Yes,75.17,97.8,93.5
2023-05-24 16:00,5,16,Weekday,Spring,Yes,75.14,96.46,88.48
2023-05-24 17:00,5,17,Weekday,Spring,Yes,74.98,95.45,73.98
2023-05-24 18:00,5,18,Weekday,Spring,No,74.83,92.69,64.64
2023-05-24 19:00,5,19,Weekday,Spring,No,74.33,88.73,47.97
2023-05-24 20:00,5,20,Weekday,Spring,No,73.71,85.3,41.9
2023-05-24 21:00,5,21,Weekday,Spring,No,77.58,82.24,0.0
2023-05-24 22:00,5,22,Weekday,Spring,No,78.27,80.44,6.77
2023-05-24 23:00,5,23,Weekday,Spring,No,78.58,75.96,1.5
2023-05-25 00:00,5,0,Weekday,Spring,No,77.0,73.04,3.0
2023-05-25 01:00,5,1,Weekday,Spring,No,77.59,71.88,0.0
2023-05-25 02:00,5,2,Weekday,Spring,No,77.17,68.12,0.0
2023-05-25 03:00,5,3,Weekday,Spring,No,76.59,64.24,0.0
2023-05-25 04:00,5,4,Weekday,Spring,No,76.18,61.8,0.0
2023-05-25 05:00,5,5,Weekday,Spring,No,72.12,60.98,8.13
2023-05-25 06:00,5,6,Weekday,Spring,No,72.79,66.23,14.8
2023-05-25 07:00,5,7,Weekday,Spring,No,73.97,73.44,33.7
2023-05-25 08:00,5,8,Weekday,Spring,Yes,74.33,79.49,45.32
2023-05-25 09:00,5,9,Weekday,Spring,Yes,74.56,84.35,52.56
2023-05-25 10:00,5,10,Weekday,Spring,Yes,74.71,87.78,59.29
2023-05-25 11:00,5,11,Weekday,Spring,Yes,74.75,90.22,61.18
2023-05-25 12:00,5,12,Weekday,Spring,Yes,74.92,93.35,71.86
2023-05-25 13:00,5,13,Weekday,Spring,Yes,75.16,95.0,78.07
2023-05-25 14:00,5,14,Weekday,Spring,Yes,75.2,95.63,84.5
2023-05-25 15:00,5,15,Weekday,Spring,Yes,75.18,95.45,88.36
2023-05-25 16:00,5,16,Weekday,Spring,Yes,75.15,95.63,87.82
2023-05-25 17:00,5,17,Weekday,Spring,Yes,75.02,94.82,73.65
2023-05-25 18:00,5,18,Weekday,Spring,No,74.86,92.24,64.83
2023-05-25 19:00,5,19,Weekday,Spring,No,74.29,88.1,49.29
2023-05-25 20:00,5,20,Weekday,Spring,No,73.67,84.22,42.4
2023-05-25 21:00,5,21,Weekday,Spring,No,78.01,80.63,0.0
2023-05-25 22:00,5,22,Weekday,Spring,No,77.63,77.82,6.19
2023-05-25 23:00,5,23,Weekday,Spring,No,78.36,75.84,0.0
2023-05-26 00:00,5,0,Weekday,Spring,No,78.1,73.24,4.34
2023-05-26 01:00,5,1,Weekday,Spring,No,77.55,69.65,0.0
2023-05-26 02:00,5,2,Weekday,Spring,No,77.36,70.94,0.0
2023-05-26 03:00,5,3,Weekday,Spring,No,77.06,67.79,0.0
2023-05-26 04:00,5,4,Weekday,Spring,No,76.49,64.04,0.0
2023-05-26 05:00,5,5,Weekday,Spring,No,72.13,62.89,10.63
2023-05-26 06:00,5,6,Weekday,Spring,No,72.5,66.16,14.49
2023-05-26 07:00,5,7,Weekday,Spring,No,73.97,73.07,31.29
2023-05-26 08:00,5,8,Weekday,Spring,Yes,74.38,79.49,44.3
2023-05-26 09:00,5,9,Weekday,Spring,Yes,74.61,83.2,51.47
2023-05-26 10:00,5,10,Weekday,Spring,Yes,74.74,85.18,57.25
2023-05-26 11:00,5,11,Weekday,Spring,Yes,74.75,87.78,60.0
2023-05-26 12:00,5,12,Weekday,Spring,Yes,74.91,90.74,70.18
2023-05-26 13:00,5,13,Weekday,Spring,Yes,75.15,91.42,73.9
2023-05-26 14:00,5,14,Weekday,Spring,Yes,75.18,93.35,81.93
2023-05-26 15:00,5,15,Weekday,Spring,Yes,75.17,95.0,89.02
2023-05-26 16:00,5,16,Weekday,Spring,Yes,75.14,93.84,83.18
2023-05-26 17:00,5,17,Weekday,Spring,Yes,74.99,93.02,68.94
2023-05-26 18:00,5,18,Weekday,Spring,No,74.8,90.71,59.85
2023-05-26 19:00,5,19,Weekday,Spring,No,74.13,86.65,46.53
2023-05-26 20:00,5,20,Weekday,Spring,No,73.45,82.61,39.9
2023-05-26 21:00,5,21,Weekday,Spring,No,77.65,79.28,0.0
2023-05-26 22:00,5,22,Weekday,Spring,No,77.42,74.51,5.11
2023-05-26 23:00,5,23,Weekday,Spring,No,77.05,70.28,0.0
2023-05-27 00:00,5,0,Weekend,Spring,No,76.91,69.08,0.0
2023-05-27 01:00,5,1,Weekend,Spring,No,76.59,67.82,0.0
2023-05-27 02:00,5,2,Weekend,Spring,No,76.06,64.08,0.0
2023-05-27 03:00,5,3,Weekend,Spring,No,75.6,62.58,0.0
2023-05-27 04:00,5,4,Weekend,Spring,No,75.28,61.8,0.0
2023-05-27 05:00,5,5,Weekend,Spring,No,71.67,60.46,7.35
2023-05-27 06:00,5,6,Weekend,Spring,No,72.2,64.7,12.55
2023-05-27 07:00,5,7,Weekend,Spring,No,72.94,71.46,23.74
2023-05-27 08:00,5,8,Weekend,Spring,No,73.26,77.51,34.38
2023-05-27 09:00,5,9,Weekend,Spring,No,73.58,82.37,39.69
2023-05-27 10:00,5,10,Weekend,Spring,No,73.91,85.18,41.68
2023-05-27 11:00,5,11,Weekend,Spring,No,74.08,88.31,44.85
2023-05-27 12:00,5,12,Weekend,Spring,No,74.14,90.59,49.31
2023-05-27 13:00,5,13,Weekend,Spring,No,74.12,92.2,50.73
2023-05-27 14:00,5,14,Weekend,Spring,No,74.34,94.18,55.46
2023-05-27 15:00,5,15,Weekend,Spring,No,74.3,94.37,58.86
2023-05-27 16:00,5,16,Weekend,Spring,No,74.11,93.92,59.24
2023-05-27 17:00,5,17,Weekend,Spring,No,76.11,93.4,33.63
2023-05-27 18:00,5,18,Weekend,Spring,No,76.26,91.86,28.63
2023-05-27 19:00,5,19,Weekend,Spring,No,75.22,88.73,28.28
2023-05-27 20:00,5,20,Weekend,Spring,No,76.5,85.3,10.88
2023-05-27 21:00,5,21,Weekend,Spring,No,77.73,81.71,0.0
2023-05-27 22:00,5,22,Weekend,Spring,No,76.95,78.9,0.0
2023-05-27 23:00,5,23,Weekend,Spring,No,77.18,72.83,0.0
2023-05-28 00:00,5,0,Weekend,Spring,No,76.71,70.76,0.0
2023-05-28 01:00,5,1,Weekend,Spring,No,76.54,70.81,0.0
2023-05-28 02:00,5,2,Weekend,Spring,No,76.4,71.14,0.0
2023-05-28 03:00,5,3,Weekend,Spring,No,76.18,69.65,0.0
2023-05-28 04:00,5,4,Weekend,Spring,No,75.6,65.06,0.0
2023-05-28 05:00,5,5,Weekend,Spring,No,75.58,65.27,0.0
2023-05-28 06:00,5,6,Weekend,Spring,No,76.22,70.49,3.56
2023-05-28 07:00,5,7,Weekend,Spring,No,74.54,75.35,19.28
2023-05-28 08:00,5,8,Weekend,Spring,No,74.23,79.31,23.67
2023-05-28 09:00,5,9,Weekend,Spring,No,74.43,83.27,23.68
2023-05-28 10:00,5,10,Weekend,Spring,No,74.85,87.34,27.68
2023-05-28 11:00,5,11,Weekend,Spring,No,75.56,88.43,24.51
2023-05-28 12:00,5,12,Weekend,Spring,No,76.63,88.61,19.07
2023-05-28 13:00,5,13,Weekend,Spring,No,77.27,89.58,22.69
2023-05-28 14:00,5,14,Weekend,Spring,No,75.97,89.43,27.63
2023-05-28 15:00,5,15,Weekend,Spring,No,76.35,88.43,30.06
2023-05-28 16:00,5,16,Weekend,Spring,No,75.91,87.46,28.89
2023-05-28 17:00,5,17,Weekend,Spring,No,75.99,85.3,28.75
2023-05-28 18:00,5,18,Weekend,Spring,No,75.31,81.71,24.62
2023-05-28 19:00,5,19,Weekend,Spring,No,76.27,77.65,5.68
2023-05-28 20:00,5,20,Weekend,Spring,No,77.31,73.61,0.0
2023-05-28 21:00,5,21,Weekend,Spring,No,77.15,70.28,0.0
2023-05-28 22:00,5,22,Weekend,Spring,No,76.73,67.82,0.0
2023-05-28 23:00,5,23,Weekend,Spring,No,76.39,66.4,0.0
2023-05-29 00:00,5,0,Weekday,Spring,No,76.11,65.39,0.0
2023-05-29 01:00,5,1,Weekday,Spring,No,75.82,64.41,0.0
2023-05-29 02:00,5,2,Weekday,Spring,No,75.48,62.89,0.0
2023-05-29 03:00,5,3,Weekday,Spring,No,75.15,62.06,0.0
2023-05-29 04:00,5,4,Weekday,Spring,No,74.73,60.28,0.0
2023-05-29 05:00,5,5,Weekday,Spring,No,74.6,59.0,0.0
2023-05-29 06:00,5,6,Weekday,Spring,No,75.49,61.31,0.0
2023-05-29 07:00,5,7,Weekday,Spring,No,73.56,64.74,10.63
2023-05-29 08:00,5,8,Weekday,Spring,Yes,73.66,66.54,11.55
2023-05-29 09:00,5,9,Weekday,Spring,Yes,73.19,68.18,15.72
2023-05-29 10:00,5,10,Weekday,Spring,Yes,73.93,70.76,12.7
2023-05-29 11:00,5,11,Weekday,Spring,Yes,74.8,74.27,6.97
2023-05-29 12:00,5,12,Weekday,Spring,Yes,76.19,77.18,5.51
2023-05-29 13:00,5,13,Weekday,Spring,Yes,77.13,79.24,10.13
2023-05-29 14:00,5,14,Weekday,Spring,Yes,75.86,81.74,23.13
2023-05-29 15:00,5,15,Weekday,Spring,Yes,75.06,82.42,23.76
2023-05-29 16:00,5,16,Weekday,Spring,Yes,75.57,82.04,24.78
2023-05-29 17:00,5,17,Weekday,Spring,Yes,74.87,81.41,23.56
2023-05-29 18:00,5,18,Weekday,Spring,No,74.75,78.65,19.76
2023-05-29 19:00,5,19,Weekday,Spring,No,75.49,75.22,3.6
2023-05-29 20:00,5,20,Weekday,Spring,No,76.94,73.42,0.0
2023-05-29 21:00,5,21,Weekday,Spring,No,76.8,72.41,0.0
2023-05-29 22:00,5,22,Weekday,Spring,No,76.41,70.28,0.0
2023-05-29 23:00,5,23,Weekday,Spring,No,76.07,66.67,0.0
2023-05-30 00:00,5,0,Weekday,Spring,No,75.72,65.57,0.0
2023-05-30 01:00,5,1,Weekday,Spring,No,75.33,63.08,0.0
2023-05-30 02:00,5,2,Weekday,Spring,No,74.81,60.46,0.0
2023-05-30 03:00,5,3,Weekday,Spring,No,74.46,59.45,0.0
2023-05-30 04:00,5,4,Weekday,Spring,No,74.14,57.85,0.0
2023-05-30 05:00,5,5,Weekday,Spring,No,70.87,56.39,2.96
2023-05-30 06:00,5,6,Weekday,Spring,No,71.16,61.82,9.77
2023-05-30 07:00,5,7,Weekday,Spring,No,73.2,69.48,20.73
2023-05-30 08:00,5,8,Weekday,Spring,Yes,73.89,73.74,27.72
2023-05-30 09:00,5,9,Weekday,Spring,Yes,74.23,76.8,32.57
2023-05-30 10:00,5,10,Weekday,Spring,Yes,74.49,80.39,37.24
2023-05-30 11:00,5,11,Weekday,Spring,Yes,74.53,84.35,40.77
2023-05-30 12:00,5,12,Weekday,Spring,Yes,74.67,87.16,48.88
2023-05-30 13:00,5,13,Weekday,Spring,Yes,74.98,87.98,51.76
2023-05-30 14:00,5,14,Weekday,Spring,Yes,75.12,89.77,59.48
2023-05-30 15:00,5,15,Weekday,Spring,Yes,75.11,91.04,67.69
2023-05-30 16:00,5,16,Weekday,Spring,Yes,75.04,91.56,68.95
2023-05-30 17:00,5,17,Weekday,Spring,Yes,74.81,90.78,58.85
2023-05-30 18:00,5,18,Weekday,Spring,No,74.58,87.65,50.95
2023-05-30 19:00,5,19,Weekday,Spring,No,73.85,83.69,39.71
2023-05-30 20:00,5,20,Weekday,Spring,No,73.1,80.26,34.75
2023-05-30 21:00,5,21,Weekday,Spring,No,77.18,77.2,0.0
2023-05-30 22:00,5,22,Weekday,Spring,No,77.95,74.76,0.0
2023-05-30 23:00,5,23,Weekday,Spring,No,77.56,71.63,0.0
2023-05-31 00:00,5,0,Weekday,Spring,No,77.13,69.98,0.0
2023-05-31 01:00,5,1,Weekday,Spring,No,76.74,67.67,0.0
2023-05-31 02:00,5,2,Weekday,Spring,No,76.24,64.86,0.0
2023-05-31 03:00,5,3,Weekday,Spring,No,75.9,64.04,0.0
2023-05-31 04:00,5,4,Weekday,Spring,No,75.79,64.56,0.0
2023-05-31 05:00,5,5,Weekday,Spring,No,71.74,62.1,9.68
2023-05-31 06:00,5,6,Weekday,Spring,No,72.24,64.7,12.65
2023-05-31 07:00,5,7,Weekday,Spring,No,73.74,70.94,25.6
2023-05-31 08:00,5,8,Weekday,Spring,Yes,74.15,75.35,34.34
2023-05-31 09:00,5,9,Weekday,Spring,Yes,74.43,80.46,41.58
2023-05-31 10:00,5,10,Weekday,Spring,Yes,74.63,84.1,47.36
2023-05-31 11:00,5,11,Weekday,Spring,Yes,74.65,85.55,47.71
2023-05-31 12:00,5,12,Weekday,Spring,Yes,74.8,89.46,58.04
2023-05-31 13:00,5,13,Weekday,Spring,Yes,75.08,92.57,66.21
2023-05-31 14:00,5,14,Weekday,Spring,Yes,75.16,93.54,73.96
2023-05-31 15:00,5,15,Weekday,Spring,Yes,75.15,93.4,78.6
2023-05-31 16:00,5,16,Weekday,Spring,Yes,75.11,93.02,76.66
2023-05-31 17:00,5,17,Weekday,Spring,Yes,74.91,91.23,63.39
2023-05-31 18:00,5,18,Weekday,Spring,No,74.69,88.28,54.78
2023-05-31 19:00,5,19,Weekday,Spring,No,74.01,84.14,41.21
2023-05-31 20:00,5,20,Weekday,Spring,No,73.29,80.26,34.76
2023-05-31 21:00,5,21,Weekday,Spring,No,77.52,78.35,0.0
2023-05-31 22:00,5,22,Weekday,Spring,No,78.46,77.17,0.0
2023-05-31 23:00,5,23,Weekday,Spring,No,78.34,76.01,0.0
2023-06-01 00:00,6,0,Weekday,Summer,No,78.17,74.93,0.0
2023-06-01 01:00,6,1,Weekday,Summer,No,78.01,73.85,0.0
2023-06-01 02:00,6,2,Weekday,Summer,No,77.83,72.67,0.0
2023-06-01 03:00,6,3,Weekday,Summer,No,77.61,71.51,0.0
2023-06-01 04:00,6,4,Weekday,Summer,No,77.5,71.06,0.0
2023-06-01 05:00,6,5,Weekday,Summer,No,72.61,69.28,19.8
2023-06-01 06:00,6,6,Weekday,Summer,No,73.23,72.1,22.91
2023-06-01 07:00,6,7,Weekday,Summer,No,74.29,77.33,38.49
2023-06-01 08:00,6,8,Weekday,Summer,Yes,74.57,82.44,46.27
2023-06-01 09:00,6,9,Weekday,Summer,Yes,74.73,87.86,55.31
2023-06-01 10:00,6,10,Weekday,Summer,Yes,74.86,92.9,66.18
2023-06-01 11:00,6,11,Weekday,Summer,Yes,74.9,96.78,72.71
2023-06-01 12:00,6,12,Weekday,Summer,Yes,75.06,99.22,84.09
2023-06-01 13:00,6,13,Weekday,Summer,Yes,75.19,100.57,91.04
2023-06-01 14:00,6,14,Weekday,Summer,Yes,75.2,101.68,100.41
2023-06-01 15:00,6,15,Weekday,Summer,Yes,75.2,102.1,106.93
2023-06-01 16:00,6,16,Weekday,Summer,Yes,75.2,102.02,105.37
2023-06-01 17:00,6,17,Weekday,Summer,Yes,75.13,100.86,90.08
2023-06-01 18:00,6,18,Weekday,Summer,No,75.03,98.88,81.51
2023-06-01 19:00,6,19,Weekday,Summer,No,74.74,95.65,61.02
2023-06-01 20:00,6,20,Weekday,Summer,No,74.3,92.03,51.72
2023-06-01 21:00,6,21,Weekday,Summer,No,77.32,89.1,13.56
2023-06-01 22:00,6,22,Weekday,Summer,No,78.26,86.82,6.56
2023-06-01 23:00,6,23,Weekday,Summer,No,77.83,83.06,6.69
2023-06-02 00:00,6,0,Weekday,Summer,No,79.31,79.81,0.0
2023-06-02 01:00,6,1,Weekday,Summer,No,78.03,78.46,5.89
2023-06-02 02:00,6,2,Weekday,Summer,No,78.89,76.82,0.0
2023-06-02 03:00,6,3,Weekday,Summer,No,78.72,75.4,0.0
2023-06-02 04:00,6,4,Weekday,Summer,No,78.67,75.02,3.28
2023-06-02 05:00,6,5,Weekday,Summer,No,73.35,75.02,28.18
2023-06-02 06:00,6,6,Weekday,Summer,No,73.8,76.8,29.46
2023-06-02 07:00,6,7,Weekday,Summer,No,74.56,81.54,46.99
2023-06-02 08:00,6,8,Weekday,Summer,Yes,74.76,86.96,57.15
2023-06-02 09:00,6,9,Weekday,Summer,Yes,74.88,90.22,64.59
2023-06-02 10:00,6,10,Weekday,Summer,Yes,74.96,92.2,70.33
2023-06-02 11:00,6,11,Weekday,Summer,Yes,74.98,95.33,75.18
2023-06-02 12:00,6,12,Weekday,Summer,Yes,75.11,96.98,84.23
2023-06-02 13:00,6,13,Weekday,Summer,Yes,75.19,97.61,87.77
2023-06-02 14:00,6,14,Weekday,Summer,Yes,75.2,99.22,97.0
2023-06-02 15:00,6,15,Weekday,Summer,Yes,75.2,98.88,100.97
2023-06-02 16:00,6,16,Weekday,Summer,Yes,75.2,98.58,98.47
2023-06-02 17:00,6,17,Weekday,Summer,Yes,75.13,97.8,84.28
2023-06-02 18:00,6,18,Weekday,Summer,No,75.02,94.67,74.33
2023-06-02 19:00,6,19,Weekday,Summer,No,74.66,90.08,54.17
2023-06-02 20:00,6,20,Weekday,Summer,No,74.12,86.2,46.01
2023-06-02 21:00,6,21,Weekday,Summer,No,77.89,84.4,5.18
2023-06-02 22:00,6,22,Weekday,Summer,No,78.05,81.71,2.42
2023-06-02 23:00,6,23,Weekday,Summer,No,79.03,79.43,6.63
2023-06-03 00:00,6,0,Weekend,Summer,No,77.88,78.46,0.0
2023-06-03 01:00,6,1,Weekend,Summer,No,78.52,78.6,0.0
2023-06-03 02:00,6,2,Weekend,Summer,No,78.49,77.2,0.0
2023-06-03 03:00,6,3,Weekend,Summer,No,78.13,74.76,0.0
2023-06-03 04:00,6,4,Weekend,Summer,No,77.83,73.42,0.0
2023-06-03 05:00,6,5,Weekend,Summer,No,73.02,73.04,25.92
2023-06-03 06:00,6,6,Weekend,Summer,No,73.49,76.5,30.36
2023-06-03 07:00,6,7,Weekend,Summer,No,74.0,81.92,41.13
2023-06-03 08:00,6,8,Weekend,Summer,No,74.29,85.8,48.08
2023-06-03 09:00,6,9,Weekend,Summer,No,74.46,89.39,53.66
2023-06-03 10:00,6,10,Weekend,Summer,No,74.62,92.2,58.4
2023-06-03 11:00,6,11,Weekend,Summer,No,74.68,94.8,62.37
2023-06-03 12:00,6,12,Weekend,Summer,No,74.73,96.08,64.6
2023-06-03 13:00,6,13,Weekend,Summer,No,74.77,96.6,62.09
2023-06-03 14:00,6,14,Weekend,Summer,No,74.83,97.61,65.86
2023-06-03 15:00,6,15,Weekend,Summer,No,74.78,96.9,66.56
2023-06-03 16:00,6,16,Weekend,Summer,No,74.63,95.45,63.78
2023-06-03 17:00,6,17,Weekend,Summer,No,76.86,93.84,34.01
2023-06-03 18:00,6,18,Weekend,Summer,No,77.04,91.23,28.46
2023-06-03 19:00,6,19,Weekend,Summer,No,75.84,87.65,27.26
2023-06-03 20:00,6,20,Weekend,Summer,No,76.91,84.84,10.77
2023-06-03 21:00,6,21,Weekend,Summer,No,77.56,82.24,0.0
2023-06-03 22:00,6,22,Weekend,Summer,No,78.06,80.44,0.0
2023-06-03 23:00,6,23,Weekend,Summer,No,78.46,77.65,0.0
2023-06-04 00:00,6,0,Weekend,Summer,No,78.25,76.55,0.0
2023-06-04 01:00,6,1,Weekend,Summer,No,77.99,74.69,0.0
2023-06-04 02:00,6,2,Weekend,Summer,No,77.49,71.88,0.0
2023-06-04 03:00,6,3,Weekend,Summer,No,76.88,66.96,0.0
2023-06-04 04:00,6,4,Weekend,Summer,No,76.3,64.04,0.0
2023-06-04 05:00,6,5,Weekend,Summer,No,76.53,65.19,0.0
2023-06-04 06:00,6,6,Weekend,Summer,No,75.28,70.64,12.3
2023-06-04 07:00,6,7,Weekend,Summer,No,74.86,76.88,23.14
2023-06-04 08:00,6,8,Weekend,Summer,No,75.05,80.76,23.06
2023-06-04 09:00,6,9,Weekend,Summer,No,75.4,84.35,27.12
2023-06-04 10:00,6,10,Weekend,Summer,No,75.46,87.78,26.62
2023-06-04 11:00,6,11,Weekend,Summer,No,75.65,89.58,28.47
2023-06-04 12:00,6,12,Weekend,Summer,No,76.07,91.12,24.47
2023-06-04 13:00,6,13,Weekend,Summer,No,76.53,92.57,29.78
2023-06-04 14:00,6,14,Weekend,Summer,No,76.66,93.02,30.6
2023-06-04 15:00,6,15,Weekend,Summer,No,77.06,93.54,34.67
2023-06-04 16:00,6,16,Weekend,Summer,No,77.19,93.4,32.37
2023-06-04 17:00,6,17,Weekend,Summer,No,77.31,92.39,35.51
2023-06-04 18:00,6,18,Weekend,Summer,No,76.84,90.26,30.38
2023-06-04 19:00,6,19,Weekend,Summer,No,75.68,86.65,28.51
2023-06-04 20:00,6,20,Weekend,Summer,No,76.84,83.24,5.86
2023-06-04 21:00,6,21,Weekend,Summer,No,77.65,79.1,6.32
2023-06-04 22:00,6,22,Weekend,Summer,No,78.37,77.0,0.0
2023-06-04 23:00,6,23,Weekend,Summer,No,78.31,74.06,0.0
2023-06-05 00:00,6,0,Weekday,Summer,No,77.77,69.65,0.0
2023-06-05 01:00,6,1,Weekday,Summer,No,77.29,67.37,0.0
2023-06-05 02:00,6,2,Weekday,Summer,No,76.9,65.66,0.0
2023-06-05 03:00,6,3,Weekday,Summer,No,76.48,63.71,0.0
2023-06-05 04:00,6,4,Weekday,Summer,No,76.24,62.96,0.0
2023-06-05 05:00,6,5,Weekday,Summer,No,72.11,63.59,11.34
2023-06-05 06:00,6,6,Weekday,Summer,No,72.75,66.98,15.58
2023-06-05 07:00,6,7,Weekday,Summer,No,74.06,73.07,29.45
2023-06-05 08:00,6,8,Weekday,Summer,Yes,74.46,79.49,42.39
2023-06-05 09:00,6,9,Weekday,Summer,Yes,74.65,84.35,50.2
2023-06-05 10:00,6,10,Weekday,Summer,Yes,74.76,86.0,54.35
2023-06-05 11:00,6,11,Weekday,Summer,Yes,74.76,88.31,55.85
2023-06-05 12:00,6,12,Weekday,Summer,Yes,74.91,91.12,65.32
2023-06-05 13:00,6,13,Weekday,Summer,Yes,75.16,92.57,69.61
2023-06-05 14:00,6,14,Weekday,Summer,Yes,75.2,93.54,76.21
2023-06-05 15:00,6,15,Weekday,Summer,Yes,75.2,95.18,85.05
2023-06-05 16:00,6,16,Weekday,Summer,Yes,75.17,95.45,85.45
2023-06-05 17:00,6,17,Weekday,Summer,Yes,75.05,95.0,74.58
2023-06-05 18:00,6,18,Weekday,Summer,No,74.95,93.84,69.61
2023-06-05 19:00,6,19,Weekday,Summer,No,74.55,90.71,53.11
2023-06-05 20:00,6,20,Weekday,Summer,No,73.93,85.49,43.49
2023-06-05 21:00,6,21,Weekday,Summer,No,77.57,83.57,5.0
2023-06-05 22:00,6,22,Weekday,Summer,No,78.85,79.3,2.35
2023-06-05 23:00,6,23,Weekday,Summer,No,77.93,75.4,5.2
2023-06-06 00:00,6,0,Weekday,Summer,No,78.04,73.24,0.0
2023-06-06 01:00,6,1,Weekday,Summer,No,77.99,71.44,0.0
2023-06-06 02:00,6,2,Weekday,Summer,No,77.65,69.28,0.0
2023-06-06 03:00,6,3,Weekday,Summer,No,77.27,67.37,0.0
2023-06-06 04:00,6,4,Weekday,Summer,No,77.06,66.4,0.0
2023-06-06 05:00,6,5,Weekday,Summer,No,72.57,65.39,13.91
2023-06-06 06:00,6,6,Weekday,Summer,No,73.18,67.88,16.93
2023-06-06 07:00,6,7,Weekday,Summer,No,74.23,74.08,33.64
2023-06-06 08:00,6,8,Weekday,Summer,Yes,74.55,80.46,44.98
2023-06-06 09:00,6,9,Weekday,Summer,Yes,74.71,85.36,52.65
2023-06-06 10:00,6,10,Weekday,Summer,Yes,74.8,88.76,59.43
2023-06-06 11:00,6,11,Weekday,Summer,Yes,74.83,92.27,63.62
2023-06-06 12:00,6,12,Weekday,Summer,Yes,74.98,95.18,74.71
2023-06-06 13:00,6,13,Weekday,Summer,Yes,75.18,96.6,80.75
2023-06-06 14:00,6,14,Weekday,Summer,Yes,75.2,97.61,88.58
2023-06-06 15:00,6,15,Weekday,Summer,Yes,75.2,98.58,96.24
2023-06-06 16:00,6,16,Weekday,Summer,Yes,75.18,98.96,96.35
2023-06-06 17:00,6,17,Weekday,Summer,Yes,75.12,99.59,86.41
2023-06-06 18:00,6,18,Weekday,Summer,No,75.02,98.26,80.17
2023-06-06 19:00,6,19,Weekday,Summer,No,74.7,93.52,57.89
2023-06-06 20:00,6,20,Weekday,Summer,No,74.23,89.88,49.36
2023-06-06 21:00,6,21,Weekday,Summer,No,77.36,86.12,6.33
2023-06-06 22:00,6,22,Weekday,Summer,No,77.8,81.08,4.24
2023-06-06 23:00,6,23,Weekday,Summer,No,78.81,78.46,2.07
2023-06-07 00:00,6,0,Weekday,Summer,No,78.03,77.45,5.98
2023-06-07 01:00,6,1,Weekday,Summer,No,78.56,74.06,0.0
2023-06-07 02:00,6,2,Weekday,Summer,No,78.06,70.28,0.0
2023-06-07 03:00,6,3,Weekday,Summer,No,77.65,68.45,0.0
2023-06-07 04:00,6,4,Weekday,Summer,No,77.48,68.0,0.0
2023-06-07 05:00,6,5,Weekday,Summer,No,72.78,67.37,16.96
2023-06-07 06:00,6,6,Weekday,Summer,No,73.38,69.86,19.93
2023-06-07 07:00,6,7,Weekday,Summer,No,74.34,76.06,38.85
2023-06-07 08:00,6,8,Weekday,Summer,Yes,74.62,82.44,49.84
2023-06-07 09:00,6,9,Weekday,Summer,Yes,74.76,87.86,59.56
2023-06-07 10:00,6,10,Weekday,Summer,Yes,74.87,91.74,68.15
2023-06-07 11:00,6,11,Weekday,Summer,Yes,74.9,95.33,72.82
2023-06-07 12:00,6,12,Weekday,Summer,Yes,75.07,98.14,84.03
2023-06-07 13:00,6,13,Weekday,Summer,Yes,75.19,100.12,91.64
2023-06-07 14:00,6,14,Weekday,Summer,Yes,75.2,101.57,100.97
2023-06-07 15:00,6,15,Weekday,Summer,Yes,75.2,102.54,109.04
2023-06-07 16:00,6,16,Weekday,Summer,Yes,75.2,102.92,108.8
2023-06-07 17:00,6,17,Weekday,Summer,Yes,75.15,102.92,96.32
2023-06-07 18:00,6,18,Weekday,Summer,No,75.07,101.24,88.13
2023-06-07 19:00,6,19,Weekday,Summer,No,74.8,96.47,63.96
2023-06-07 20:00,6,20,Weekday,Summer,No,74.34,92.24,53.34
2023-06-07 21:00,6,21,Weekday,Summer,No,77.34,89.26,14.01
2023-06-07 22:00,6,22,Weekday,Summer,No,78.08,87.46,8.4
2023-06-07 23:00,6,23,Weekday,Summer,No,78.71,84.14,9.91
2023-06-08 00:00,6,0,Weekday,Summer,No,78.63,79.73,6.42
2023-06-08 01:00,6,1,Weekday,Summer,No,78.64,75.14,0.0
2023-06-08 02:00,6,2,Weekday,Summer,No,78.46,71.88,0.0
2023-06-08 03:00,6,3,Weekday,Summer,No,78.13,70.43,0.0
2023-06-08 04:00,6,4,Weekday,Summer,No,77.92,69.46,0.0
2023-06-08 05:00,6,5,Weekday,Summer,No,73.02,69.6,20.46
2023-06-08 06:00,6,6,Weekday,Summer,No,73.61,72.29,23.77
2023-06-08 07:00,6,7,Weekday,Summer,No,74.44,77.51,42.27
2023-06-08 08:00,6,8,Weekday,Summer,Yes,74.67,84.16,53.32
2023-06-08 09:00,6,9,Weekday,Summer,Yes,74.83,91.7,68.0
2023-06-08 10:00,6,10,Weekday,Summer,Yes,74.96,97.31,82.07
2023-06-08 11:00,6,11,Weekday,Summer,Yes,75.0,100.74,87.52
2023-06-08 12:00,6,12,Weekday,Summer,Yes,75.14,103.8,101.33
2023-06-08 13:00,6,13,Weekday,Summer,Yes,75.2,105.08,107.76
2023-06-08 14:00,6,14,Weekday,Summer,Yes,75.2,105.6,114.69
2023-06-08 15:00,6,15,Weekday,Summer,Yes,75.2,105.98,121.17
2023-06-08 16:00,6,16,Weekday,Summer,Yes,75.2,105.98,120.18
2023-06-08 17:00,6,17,Weekday,Summer,Yes,75.17,104.82,103.51
2023-06-08 18:00,6,18,Weekday,Summer,No,75.09,102.22,92.69
2023-06-08 19:00,6,19,Weekday,Summer,No,74.88,99.26,71.13
2023-06-08 20:00,6,20,Weekday,Summer,No,74.5,94.49,58.03
2023-06-08 21:00,6,21,Weekday,Summer,No,77.59,88.48,10.75
2023-06-08 22:00,6,22,Weekday,Summer,No,77.98,86.0,12.21
2023-06-08 23:00,6,23,Weekday,Summer,No,78.41,85.37,7.48
2023-06-09 00:00,6,0,Weekday,Summer,No,78.56,82.08,6.96
2023-06-09 01:00,6,1,Weekday,Summer,No,79.08,78.28,3.89
2023-06-09 02:00,6,2,Weekday,Summer,No,78.06,75.84,1.88
2023-06-09 03:00,6,3,Weekday,Summer,No,78.64,74.39,0.0
2023-06-09 04:00,6,4,Weekday,Summer,No,78.53,73.42,0.0
2023-06-09 05:00,6,5,Weekday,Summer,No,73.27,71.88,24.63
2023-06-09 06:00,6,6,Weekday,Summer,No,73.76,71.58,22.99
2023-06-09 07:00,6,7,Weekday,Summer,No,74.5,79.0,44.73
2023-06-09 08:00,6,8,Weekday,Summer,Yes,74.75,87.48,59.27
2023-06-09 09:00,6,9,Weekday,Summer,Yes,74.86,91.74,68.34
2023-06-09 10:00,6,10,Weekday,Summer,Yes,74.95,94.8,76.5
2023-06-09 11:00,6,11,Weekday,Summer,Yes,74.99,97.76,80.95
2023-06-09 12:00,6,12,Weekday,Summer,Yes,75.12,99.59,90.61
2023-06-09 13:00,6,13,Weekday,Summer,Yes,75.2,100.57,96.07
2023-06-09 14:00,6,14,Weekday,Summer,Yes,75.2,102.72,107.58
2023-06-09 15:00,6,15,Weekday,Summer,Yes,75.2,104.0,116.2
2023-06-09 16:00,6,16,Weekday,Summer,Yes,75.2,103.37,112.28
2023-06-09 17:00,6,17,Weekday,Summer,Yes,75.17,102.4,96.21
2023-06-09 18:00,6,18,Weekday,Summer,No,75.1,100.23,87.22
2023-06-09 19:00,6,19,Weekday,Summer,No,74.87,97.28,66.85
2023-06-09 20:00,6,20,Weekday,Summer,No,74.44,91.98,53.64
2023-06-09 21:00,6,21,Weekday,Summer,No,77.63,89.06,14.53
2023-06-09 22:00,6,22,Weekday,Summer,No,77.85,87.28,10.13
2023-06-09 23:00,6,23,Weekday,Summer,No,78.94,83.69,9.01
2023-06-10 00:00,6,0,Weekend,Summer,No,78.16,79.73,0.0
2023-06-10 01:00,6,1,Weekend,Summer,No,78.96,77.45,5.58
2023-06-10 02:00,6,2,Weekend,Summer,No,78.82,76.37,0.0
2023-06-10 03:00,6,3,Weekend,Summer,No,78.52,74.76,0.0
2023-06-10 04:00,6,4,Weekend,Summer,No,78.14,72.78,0.0
2023-06-10 05:00,6,5,Weekend,Summer,No,73.25,72.59,24.51
2023-06-10 06:00,6,6,Weekend,Summer,No,73.68,76.5,28.24
2023-06-10 07:00,6,7,Weekend,Summer,No,74.16,82.44,36.87
2023-06-10 08:00,6,8,Weekend,Summer,No,74.39,87.34,44.24
2023-06-10 09:00,6,9,Weekend,Summer,No,74.51,90.22,49.96
2023-06-10 10:00,6,10,Weekend,Summer,No,74.64,92.72,55.28
2023-06-10 11:00,6,11,Weekend,Summer,No,74.71,95.7,61.11
2023-06-10 12:00,6,12,Weekend,Summer,No,74.75,97.61,65.91
2023-06-10 13:00,6,13,Weekend,Summer,No,74.83,100.37,69.19
2023-06-10 14:00,6,14,Weekend,Summer,No,74.89,103.18,79.66
2023-06-10 15:00,6,15,Weekend,Summer,No,74.86,103.37,83.15
2023-06-10 16:00,6,16,Weekend,Summer,No,74.75,102.92,82.16
2023-06-10 17:00,6,17,Weekend,Summer,No,77.51,101.76,39.91
2023-06-10 18:00,6,18,Weekend,Summer,No,77.87,99.78,33.47
2023-06-10 19:00,6,19,Weekend,Summer,No,76.65,96.65,37.28
2023-06-10 20:00,6,20,Weekend,Summer,No,76.55,92.69,21.16
2023-06-10 21:00,6,21,Weekend,Summer,No,77.44,89.26,15.89
2023-06-10 22:00,6,22,Weekend,Summer,No,77.62,86.2,8.56
2023-06-10 23:00,6,23,Weekend,Summer,No,77.93,84.92,4.77
2023-06-11 00:00,6,0,Weekend,Summer,No,78.95,83.77,2.27
2023-06-11 01:00,6,1,Weekend,Summer,No,77.95,81.26,0.0
2023-06-11 02:00,6,2,Weekend,Summer,No,78.45,76.49,0.0
2023-06-11 03:00,6,3,Weekend,Summer,No,78.06,73.42,0.0
2023-06-11 04:00,6,4,Weekend,Summer,No,77.77,72.41,0.0
2023-06-11 05:00,6,5,Weekend,Summer,No,77.65,72.59,0.0
2023-06-11 06:00,6,6,Weekend,Summer,No,77.91,75.35,5.81
2023-06-11 07:00,6,7,Weekend,Summer,No,75.77,81.1,21.35
2023-06-11 08:00,6,8,Weekend,Summer,No,75.88,86.33,29.35
2023-06-11 09:00,6,9,Weekend,Summer,No,76.21,89.77,25.32
2023-06-11 10:00,6,10,Weekend,Summer,No,76.27,92.2,33.47
2023-06-11 11:00,6,11,Weekend,Summer,No,76.51,95.96,28.57
2023-06-11 12:00,6,12,Weekend,Summer,No,76.8,98.06,37.6
2023-06-11 13:00,6,13,Weekend,Summer,No,77.59,99.22,31.02
2023-06-11 14:00,6,14,Weekend,Summer,No,77.82,100.57,42.04
2023-06-11 15:00,6,15,Weekend,Summer,No,78.38,100.94,34.38
2023-06-11 16:00,6,16,Weekend,Summer,No,78.15,100.94,43.71
2023-06-11 17:00,6,17,Weekend,Summer,No,77.89,100.42,33.6
2023-06-11 18:00,6,18,Weekend,Summer,No,77.69,98.88,41.18
2023-06-11 19:00,6,19,Weekend,Summer,No,77.0,95.65,27.97
2023-06-11 20:00,6,20,Weekend,Summer,No,77.8,92.24,23.1
2023-06-11 21:00,6,21,Weekend,Summer,No,77.72,89.26,16.96
2023-06-11 22:00,6,22,Weekend,Summer,No,77.47,87.46,9.5
2023-06-11 23:00,6,23,Weekend,Summer,No,78.45,85.3,14.76
2023-06-12 00:00,6,0,Weekday,Summer,No,78.72,83.39,6.39
2023-06-12 01:00,6,1,Weekday,Summer,No,78.36,80.63,2.1
2023-06-12 02:00,6,2,Weekday,Summer,No,78.7,79.61,4.03
2023-06-12 03:00,6,3,Weekday,Summer,No,78.5,79.43,6.24
2023-06-12 04:00,6,4,Weekday,Summer,No,78.02,75.52,0.0
2023-06-12 05:00,6,5,Weekday,Summer,No,73.24,73.56,27.04
2023-06-12 06:00,6,6,Weekday,Summer,No,73.76,76.35,29.46
2023-06-12 07:00,6,7,Weekday,Summer,No,74.55,81.54,46.1
2023-06-12 08:00,6,8,Weekday,Summer,Yes,74.76,85.8,51.5
2023-06-12 09:00,6,9,Weekday,Summer,Yes,74.87,89.39,57.86
2023-06-12 10:00,6,10,Weekday,Summer,Yes,74.96,92.2,63.4
2023-06-12 11:00,6,11,Weekday,Summer,Yes,74.96,94.8,66.65
2023-06-12 12:00,6,12,Weekday,Summer,Yes,75.09,96.6,76.8
2023-06-12 13:00,6,13,Weekday,Summer,Yes,75.19,97.61,82.31
2023-06-12 14:00,6,14,Weekday,Summer,Yes,75.2,99.22,91.29
2023-06-12 15:00,6,15,Weekday,Summer,Yes,75.2,99.41,97.87
2023-06-12 16:00,6,16,Weekday,Summer,Yes,75.2,98.44,95.04
2023-06-12 17:00,6,17,Weekday,Summer,Yes,75.12,96.9,79.94
2023-06-12 18:00,6,18,Weekday,Summer,No,75.02,94.3,70.25
2023-06-12 19:00,6,19,Weekday,Summer,No,74.68,90.71,51.16
2023-06-12 20:00,6,20,Weekday,Summer,No,74.2,87.9,43.28
2023-06-12 21:00,6,21,Weekday,Summer,No,77.44,85.3,6.81
2023-06-12 22:00,6,22,Weekday,Summer,No,78.2,82.86,8.68
2023-06-12 23:00,6,23,Weekday,Summer,No,79.3,80.26,2.12
2023-06-13 00:00,6,0,Weekday,Summer,No,78.15,77.2,5.59
2023-06-13 01:00,6,1,Weekday,Summer,No,78.63,74.76,0.0
2023-06-13 02:00,6,2,Weekday,Summer,No,78.58,73.94,0.0
2023-06-13 03:00,6,3,Weekday,Summer,No,78.54,74.57,0.0
2023-06-13 04:00,6,4,Weekday,Summer,No,78.39,72.71,0.0
2023-06-13 05:00,6,5,Weekday,Summer,No,73.08,70.43,21.98
2023-06-13 06:00,6,6,Weekday,Summer,No,73.66,72.92,24.45
2023-06-13 07:00,6,7,Weekday,Summer,No,74.46,77.33,41.32
2023-06-13 08:00,6,8,Weekday,Summer,Yes,74.67,80.76,46.85
2023-06-13 09:00,6,9,Weekday,Summer,Yes,74.77,83.72,51.31
2023-06-13 10:00,6,10,Weekday,Summer,Yes,74.86,87.34,57.82
2023-06-13 11:00,6,11,Weekday,Summer,Yes,74.89,90.22,60.13
2023-06-13 12:00,6,12,Weekday,Summer,Yes,75.02,91.56,65.9
2023-06-13 13:00,6,13,Weekday,Summer,Yes,75.18,92.57,68.15
2023-06-13 14:00,6,14,Weekday,Summer,Yes,75.2,93.54,73.37
2023-06-13 15:00,6,15,Weekday,Summer,Yes,75.2,93.92,77.66
2023-06-13 16:00,6,16,Weekday,Summer,Yes,75.18,92.76,73.91
2023-06-13 17:00,6,17,Weekday,Summer,Yes,75.09,91.42,61.72
2023-06-13 18:00,6,18,Weekday,Summer,No,74.98,89.88,56.59
2023-06-13 19:00,6,19,Weekday,Summer,No,74.58,86.65,42.2
2023-06-13 20:00,6,20,Weekday,Summer,No,73.99,83.24,35.95
2023-06-13 21:00,6,21,Weekday,Summer,No,77.96,81.41,0.0
2023-06-13 22:00,6,22,Weekday,Summer,No,78.7,79.28,5.93
2023-06-13 23:00,6,23,Weekday,Summer,No,79.2,77.45,0.0
2023-06-14 00:00,6,0,Weekday,Summer,No,78.02,75.84,5.35
2023-06-14 01:00,6,1,Weekday,Summer,No,78.5,73.86,0.0
2023-06-14 02:00,6,2,Weekday,Summer,No,78.38,72.41,0.0
2023-06-14 03:00,6,3,Weekday,Summer,No,78.17,71.44,0.0
2023-06-14 04:00,6,4,Weekday,Summer,No,78.02,70.43,0.0
2023-06-14 05:00,6,5,Weekday,Summer,No,72.91,67.67,21.0
2023-06-14 06:00,6,6,Weekday,Summer,No,73.48,69.48,22.03
2023-06-14 07:00,6,7,Weekday,Summer,No,74.38,74.27,33.12
2023-06-14 08:00,6,8,Weekday,Summer,Yes,74.59,77.7,39.06
2023-06-14 09:00,6,9,Weekday,Summer,Yes,74.71,79.61,42.5
2023-06-14 10:00,6,10,Weekday,Summer,Yes,74.8,81.74,46.18
2023-06-14 11:00,6,11,Weekday,Summer,Yes,74.82,84.72,47.02
2023-06-14 12:00,6,12,Weekday,Summer,Yes,74.96,86.63,53.08
2023-06-14 13:00,6,13,Weekday,Summer,Yes,75.17,88.23,57.36
2023-06-14 14:00,6,14,Weekday,Summer,Yes,75.2,89.06,63.16
2023-06-14 15:00,6,15,Weekday,Summer,Yes,75.19,90.22,69.47
2023-06-14 16:00,6,16,Weekday,Summer,Yes,75.16,91.56,71.57
2023-06-14 17:00,6,17,Weekday,Summer,Yes,75.07,91.42,62.17
2023-06-14 18:00,6,18,Weekday,Summer,No,74.95,89.26,56.04
2023-06-14 19:00,6,19,Weekday,Summer,No,74.52,86.2,42.89
2023-06-14 20:00,6,20,Weekday,Summer,No,73.92,83.24,38.0
2023-06-14 21:00,6,21,Weekday,Summer,No,77.88,81.41,0.0
2023-06-14 22:00,6,22,Weekday,Summer,No,78.47,77.5,6.28
2023-06-14 23:00,6,23,Weekday,Summer,No,77.79,73.24,2.84
2023-06-15 00:00,6,0,Weekday,Summer,No,77.94,72.59,1.41
2023-06-15 01:00,6,1,Weekday,Summer,No,78.01,71.88,0.0
2023-06-15 02:00,6,2,Weekday,Summer,No,77.64,69.28,0.0
2023-06-15 03:00,6,3,Weekday,Summer,No,77.12,65.06,0.0
2023-06-15 04:00,6,4,Weekday,Summer,No,76.74,62.96,0.0
2023-06-15 05:00,6,5,Weekday,Summer,No,72.48,64.74,12.98
2023-06-15 06:00,6,6,Weekday,Summer,No,73.18,69.48,19.29
2023-06-15 07:00,6,7,Weekday,Summer,No,74.22,74.27,34.25
2023-06-15 08:00,6,8,Weekday,Summer,Yes,74.51,78.86,43.24
2023-06-15 09:00,6,9,Weekday,Summer,Yes,74.67,83.27,49.86
2023-06-15 10:00,6,10,Weekday,Summer,Yes,74.81,89.64,60.81
2023-06-15 11:00,6,11,Weekday,Summer,Yes,74.85,93.54,64.17
2023-06-15 12:00,6,12,Weekday,Summer,Yes,75.0,94.55,69.18
2023-06-15 13:00,6,13,Weekday,Summer,Yes,75.18,96.16,73.29
2023-06-15 14:00,6,14,Weekday,Summer,Yes,75.2,97.61,80.45
2023-06-15 15:00,6,15,Weekday,Summer,Yes,75.2,98.58,86.83
2023-06-15 16:00,6,16,Weekday,Summer,Yes,75.19,98.44,85.23
2023-06-15 17:00,6,17,Weekday,Summer,Yes,75.12,98.06,74.22
2023-06-15 18:00,6,18,Weekday,Summer,No,75.03,97.43,70.33
2023-06-15 19:00,6,19,Weekday,Summer,No,74.74,94.04,53.67
2023-06-15 20:00,6,20,Weekday,Summer,No,74.27,90.26,45.86
2023-06-15 21:00,6,21,Weekday,Summer,No,77.26,87.28,7.95
2023-06-15 22:00,6,22,Weekday,Summer,No,78.44,83.69,10.43
2023-06-15 23:00,6,23,Weekday,Summer,No,78.6,80.26,4.09
2023-06-16 00:00,6,0,Weekday,Summer,No,78.82,77.2,1.97
2023-06-16 01:00,6,1,Weekday,Summer,No,77.63,73.61,2.86
2023-06-16 02:00,6,2,Weekday,Summer,No,78.06,70.81,1.37
2023-06-16 03:00,6,3,Weekday,Summer,No,77.77,68.82,0.0
2023-06-16 04:00,6,4,Weekday,Summer,No,77.59,68.0,0.0
2023-06-16 05:00,6,5,Weekday,Summer,No,72.82,67.37,16.94
2023-06-16 06:00,6,6,Weekday,Summer,No,73.38,71.02,21.48
2023-06-16 07:00,6,7,Weekday,Summer,No,74.39,76.88,38.34
2023-06-16 08:00,6,8,Weekday,Summer,Yes,74.64,82.44,47.4
2023-06-16 09:00,6,9,Weekday,Summer,Yes,74.78,87.86,56.54
2023-06-16 10:00,6,10,Weekday,Summer,Yes,74.9,93.53,67.79
2023-06-16 11:00,6,11,Weekday,Summer,Yes,74.96,97.76,72.68
2023-06-16 12:00,6,12,Weekday,Summer,Yes,75.1,99.59,79.94
2023-06-16 13:00,6,13,Weekday,Summer,Yes,75.2,101.72,86.9
2023-06-16 14:00,6,14,Weekday,Summer,Yes,75.2,103.55,97.72
2023-06-16 15:00,6,15,Weekday,Summer,Yes,75.2,104.0,106.67
2023-06-16 16:00,6,16,Weekday,Summer,Yes,75.2,104.0,105.57
2023-06-16 17:00,6,17,Weekday,Summer,Yes,75.16,102.84,88.87
2023-06-16 18:00,6,18,Weekday,Summer,No,75.08,100.23,77.31
2023-06-16 19:00,6,19,Weekday,Summer,No,74.85,97.28,58.92
2023-06-16 20:00,6,20,Weekday,Summer,No,74.48,94.3,51.02
2023-06-16 21:00,6,21,Weekday,Summer,No,77.66,91.86,12.83
2023-06-16 22:00,6,22,Weekday,Summer,No,77.83,90.41,16.5
2023-06-16 23:00,6,23,Weekday,Summer,No,78.91,85.86,5.65
2023-06-17 00:00,6,0,Weekend,Summer,No,78.53,81.26,0.0
2023-06-17 01:00,6,1,Weekend,Summer,No,79.18,78.28,5.86
2023-06-17 02:00,6,2,Weekend,Summer,No,78.99,77.0,0.0
2023-06-17 03:00,6,3,Weekend,Summer,No,78.78,75.84,0.0
2023-06-17 04:00,6,4,Weekend,Summer,No,78.4,73.86,0.0
2023-06-17 05:00,6,5,Weekend,Summer,No,73.11,71.88,23.66
2023-06-17 06:00,6,6,Weekend,Summer,No,73.12,73.37,24.05
2023-06-17 07:00,6,7,Weekend,Summer,No,73.97,79.64,31.1
2023-06-17 08:00,6,8,Weekend,Summer,No,74.46,86.51,40.69
2023-06-17 09:00,6,9,Weekend,Summer,No,74.61,91.9,51.05
2023-06-17 10:00,6,10,Weekend,Summer,No,74.76,95.18,57.92
2023-06-17 11:00,6,11,Weekend,Summer,No,74.87,97.24,62.4
2023-06-17 12:00,6,12,Weekend,Summer,No,74.93,100.9,68.93
2023-06-17 13:00,6,13,Weekend,Summer,No,74.95,103.55,70.63
2023-06-17 14:00,6,14,Weekend,Summer,No,74.92,103.37,71.93
2023-06-17 15:00,6,15,Weekend,Summer,No,74.77,102.92,66.44
2023-06-17 16:00,6,16,Weekend,Summer,No,74.63,102.92,64.98
2023-06-17 17:00,6,17,Weekend,Summer,No,77.57,103.55,28.79
2023-06-17 18:00,6,18,Weekend,Summer,No,77.28,102.84,36.0
2023-06-17 19:00,6,19,Weekend,Summer,No,77.51,99.71,32.11
2023-06-17 20:00,6,20,Weekend,Summer,No,77.48,96.28,20.82
2023-06-17 21:00,6,21,Weekend,Summer,No,77.73,93.22,17.04
2023-06-17 22:00,6,22,Weekend,Summer,No,78.0,90.26,14.47
2023-06-17 23:00,6,23,Weekend,Summer,No,77.87,87.9,6.88
2023-06-18 00:00,6,0,Weekend,Summer,No,78.48,85.82,6.56
2023-06-18 01:00,6,1,Weekend,Summer,No,79.26,82.08,0.0
2023-06-18 02:00,6,2,Weekend,Summer,No,79.13,78.9,0.0
2023-06-18 03:00,6,3,Weekend,Summer,No,79.12,79.76,0.0
2023-06-18 04:00,6,4,Weekend,Summer,No,77.84,79.28,0.0
2023-06-18 05:00,6,5,Weekend,Summer,No,78.25,78.08,8.3
2023-06-18 06:00,6,6,Weekend,Summer,No,75.98,79.76,20.8
2023-06-18 07:00,6,7,Weekend,Summer,No,75.79,83.27,27.63
2023-06-18 08:00,6,8,Weekend,Summer,No,76.51,87.34,24.19
2023-06-18 09:00,6,9,Weekend,Summer,No,76.25,90.22,31.48
2023-06-18 10:00,6,10,Weekend,Summer,No,77.01,93.35,26.21
2023-06-18 11:00,6,11,Weekend,Summer,No,76.68,96.78,34.12
2023-06-18 12:00,6,12,Weekend,Summer,No,77.21,98.58,28.05
2023-06-18 13:00,6,13,Weekend,Summer,No,77.3,100.12,36.27
2023-06-18 14:00,6,14,Weekend,Summer,No,78.31,100.94,31.05
2023-06-18 15:00,6,15,Weekend,Summer,No,78.23,101.99,40.98
2023-06-18 16:00,6,16,Weekend,Summer,No,78.99,103.48,36.71
2023-06-18 17:00,6,17,Weekend,Summer,No,78.46,102.84,46.18
2023-06-18 18:00,6,18,Weekend,Summer,No,78.85,100.23,35.02
2023-06-18 19:00,6,19,Weekend,Summer,No,77.24,97.28,37.95
2023-06-18 20:00,6,20,Weekend,Summer,No,77.06,94.3,25.96
2023-06-18 21:00,6,21,Weekend,Summer,No,77.51,91.86,20.19
2023-06-18 22:00,6,22,Weekend,Summer,No,77.64,86.94,12.36
2023-06-18 23:00,6,23,Weekend,Summer,No,77.55,84.54,14.98
2023-06-19 00:00,6,0,Weekday,Summer,No,77.52,84.4,7.9
2023-06-19 01:00,6,1,Weekday,Summer,No,78.35,84.02,11.08
2023-06-19 02:00,6,2,Weekday,Summer,No,77.73,83.39,6.09
2023-06-19 03:00,6,3,Weekday,Summer,No,78.22,81.78,2.07
2023-06-19 04:00,6,4,Weekday,Summer,No,78.49,79.28,3.95
2023-06-19 05:00,6,5,Weekday,Summer,No,73.64,78.08,32.92
2023-06-19 06:00,6,6,Weekday,Summer,No,74.03,79.76,34.36
2023-06-19 07:00,6,7,Weekday,Summer,No,74.66,82.74,49.76
2023-06-19 08:00,6,8,Weekday,Summer,Yes,74.82,86.33,57.85
2023-06-19 09:00,6,9,Weekday,Summer,Yes,74.92,89.77,64.5
2023-06-19 10:00,6,10,Weekday,Summer,Yes,75.01,92.72,69.18
2023-06-19 11:00,6,11,Weekday,Summer,Yes,75.02,94.55,68.18
2023-06-19 12:00,6,12,Weekday,Summer,Yes,75.14,96.78,75.55
2023-06-19 13:00,6,13,Weekday,Summer,Yes,75.2,98.58,81.92
2023-06-19 14:00,6,14,Weekday,Summer,Yes,75.2,100.12,89.0
2023-06-19 15:00,6,15,Weekday,Summer,Yes,75.2,100.94,95.68
2023-06-19 16:00,6,16,Weekday,Summer,Yes,75.2,100.94,95.31
2023-06-19 17:00,6,17,Weekday,Summer,Yes,75.16,99.78,79.47
2023-06-19 18:00,6,18,Weekday,Summer,No,75.04,98.44,68.66
2023-06-19 19:00,6,19,Weekday,Summer,No,74.69,96.9,58.15
2023-06-19 20:00,6,20,Weekday,Summer,No,74.33,93.14,49.61
2023-06-19 21:00,6,21,Weekday,Summer,No,77.48,89.26,12.94
2023-06-19 22:00,6,22,Weekday,Summer,No,78.17,87.98,12.08
2023-06-19 23:00,6,23,Weekday,Summer,No,78.45,86.2,7.64
2023-06-20 00:00,6,0,Weekday,Summer,No,78.04,83.77,11.56
2023-06-20 01:00,6,1,Weekday,Summer,No,79.18,83.57,0.0
2023-06-20 02:00,6,2,Weekday,Summer,No,78.6,84.02,6.52
2023-06-20 03:00,6,3,Weekday,Summer,No,77.87,84.02,10.56
2023-06-20 04:00,6,4,Weekday,Summer,No,79.48,82.86,0.0
2023-06-20 05:00,6,5,Weekday,Summer,No,74.02,81.41,34.62
2023-06-20 06:00,6,6,Weekday,Summer,No,74.32,83.27,36.42
2023-06-20 07:00,6,7,Weekday,Summer,No,74.78,86.7,54.19
2023-06-20 08:00,6,8,Weekday,Summer,Yes,74.91,89.77,62.48
2023-06-20 09:00,6,9,Weekday,Summer,Yes,74.99,91.56,66.77
2023-06-20 10:00,6,10,Weekday,Summer,Yes,75.07,93.1,70.38
2023-06-20 11:00,6,11,Weekday,Summer,Yes,75.05,93.92,68.41
2023-06-20 12:00,6,12,Weekday,Summer,Yes,75.14,95.7,75.33
2023-06-20 13:00,6,13,Weekday,Summer,Yes,75.2,98.14,82.89
2023-06-20 14:00,6,14,Weekday,Summer,Yes,75.2,98.96,89.54
2023-06-20 15:00,6,15,Weekday,Summer,Yes,75.2,98.96,91.86
2023-06-20 16:00,6,16,Weekday,Summer,Yes,75.2,98.96,82.83
2023-06-20 17:00,6,17,Weekday,Summer,Yes,75.01,90.77,56.71
2023-06-20 18:00,6,18,Weekday,Summer,No,74.5,78.52,44.92
2023-06-20 19:00,6,19,Weekday,Summer,No,73.7,75.1,39.24
2023-06-20 20:00,6,20,Weekday,Summer,No,73.39,77.18,37.51
2023-06-20 21:00,6,21,Weekday,Summer,No,77.91,78.08,0.0
2023-06-20 22:00,6,22,Weekday,Summer,No,78.49,76.3,0.0
2023-06-20 23:00,6,23,Weekday,Summer,No,78.16,75.02,6.21
2023-06-21 00:00,6,0,Weekday,Summer,No,78.76,75.02,0.0
2023-06-21 01:00,6,1,Weekday,Summer,No,78.79,75.02,0.0
2023-06-21 02:00,6,2,Weekday,Summer,No,78.72,74.39,0.0
2023-06-21 03:00,6,3,Weekday,Summer,No,78.57,73.42,0.0
2023-06-21 04:00,6,4,Weekday,Summer,No,78.43,71.88,0.0
2023-06-21 05:00,6,5,Weekday,Summer,No,73.17,71.06,25.02
2023-06-21 06:00,6,6,Weekday,Summer,No,73.71,73.9,27.58
2023-06-21 07:00,6,7,Weekday,Summer,No,74.46,77.18,45.23
2023-06-21 08:00,6,8,Weekday,Summer,Yes,74.65,80.39,50.43
2023-06-21 09:00,6,9,Weekday,Summer,Yes,74.75,83.72,54.1
2023-06-21 10:00,6,10,Weekday,Summer,Yes,74.84,86.7,57.96
2023-06-21 11:00,6,11,Weekday,Summer,Yes,74.87,90.29,59.75
2023-06-21 12:00,6,12,Weekday,Summer,Yes,75.02,93.1,67.21
2023-06-21 13:00,6,13,Weekday,Summer,Yes,75.18,94.55,70.77
2023-06-21 14:00,6,14,Weekday,Summer,Yes,75.2,96.16,78.74
2023-06-21 15:00,6,15,Weekday,Summer,Yes,75.2,97.61,87.65
2023-06-21 16:00,6,16,Weekday,Summer,Yes,75.2,98.58,83.42
2023-06-21 17:00,6,17,Weekday,Summer,Yes,75.14,97.8,65.84
2023-06-21 18:00,6,18,Weekday,Summer,No,75.01,96.98,61.15
2023-06-21 19:00,6,19,Weekday,Summer,No,74.52,88.79,45.71
2023-06-21 20:00,6,20,Weekday,Summer,No,73.98,81.78,37.6
2023-06-21 21:00,6,21,Weekday,Summer,No,78.28,77.5,2.96
2023-06-21 22:00,6,22,Weekday,Summer,No,78.29,73.86,2.24
2023-06-21 23:00,6,23,Weekday,Summer,No,77.95,73.56,6.66
2023-06-22 00:00,6,0,Weekday,Summer,No,78.93,73.94,0.0
2023-06-22 01:00,6,1,Weekday,Summer,No,77.66,72.78,0.0
2023-06-22 02:00,6,2,Weekday,Summer,No,78.59,73.12,0.0
2023-06-22 03:00,6,3,Weekday,Summer,No,78.63,73.42,0.0
2023-06-22 04:00,6,4,Weekday,Summer,No,78.13,73.56,0.0
2023-06-22 05:00,6,5,Weekday,Summer,No,73.05,74.57,35.16
2023-06-22 06:00,6,6,Weekday,Summer,No,73.03,74.39,34.2
2023-06-22 07:00,6,7,Weekday,Summer,No,74.47,76.35,45.89
2023-06-22 08:00,6,8,Weekday,Summer,Yes,74.69,79.76,49.12
2023-06-22 09:00,6,9,Weekday,Summer,Yes,74.81,83.9,55.53
2023-06-22 10:00,6,10,Weekday,Summer,Yes,74.9,87.78,61.3
2023-06-22 11:00,6,11,Weekday,Summer,Yes,74.91,91.37,62.27
2023-06-22 12:00,6,12,Weekday,Summer,Yes,75.06,94.8,70.58
2023-06-22 13:00,6,13,Weekday,Summer,Yes,75.19,97.76,78.6
2023-06-22 14:00,6,14,Weekday,Summer,Yes,75.2,98.96,86.05
2023-06-22 15:00,6,15,Weekday,Summer,Yes,75.2,99.59,92.48
2023-06-22 16:00,6,16,Weekday,Summer,Yes,75.2,100.57,87.71
2023-06-22 17:00,6,17,Weekday,Summer,Yes,75.12,98.63,68.18
2023-06-22 18:00,6,18,Weekday,Summer,No,75.03,93.52,60.21
2023-06-22 19:00,6,19,Weekday,Summer,No,74.56,84.64,44.42
2023-06-22 20:00,6,20,Weekday,Summer,No,73.96,80.58,40.35
2023-06-22 21:00,6,21,Weekday,Summer,No,78.19,82.12,2.4
2023-06-22 22:00,6,22,Weekday,Summer,No,79.01,82.42,4.56
2023-06-22 23:00,6,23,Weekday,Summer,No,78.78,80.26,6.5
2023-06-23 00:00,6,0,Weekday,Summer,No,78.42,77.2,4.13
2023-06-23 01:00,6,1,Weekday,Summer,No,79.03,75.92,2.05
2023-06-23 02:00,6,2,Weekday,Summer,No,78.12,76.55,0.0
2023-06-23 03:00,6,3,Weekday,Summer,No,78.88,76.37,0.0
2023-06-23 04:00,6,4,Weekday,Summer,No,78.82,75.4,6.5
2023-06-23 05:00,6,5,Weekday,Summer,No,73.38,75.54,36.34
2023-06-23 06:00,6,6,Weekday,Summer,No,73.63,78.86,33.95
2023-06-23 07:00,6,7,Weekday,Summer,No,74.64,83.27,48.31
2023-06-23 08:00,6,8,Weekday,Summer,Yes,74.79,86.7,55.76
2023-06-23 09:00,6,9,Weekday,Summer,Yes,74.89,89.77,61.33
2023-06-23 10:00,6,10,Weekday,Summer,Yes,75.01,92.2,66.46
2023-06-23 11:00,6,11,Weekday,Summer,Yes,75.09,94.18,67.47
2023-06-23 12:00,6,12,Weekday,Summer,Yes,75.16,96.16,74.87
2023-06-23 13:00,6,13,Weekday,Summer,Yes,75.2,96.98,79.19
2023-06-23 14:00,6,14,Weekday,Summer,Yes,75.2,97.61,84.51
2023-06-23 15:00,6,15,Weekday,Summer,Yes,75.2,98.06,89.49
2023-06-23 16:00,6,16,Weekday,Summer,Yes,75.2,98.06,87.69
2023-06-23 17:00,6,17,Weekday,Summer,Yes,75.15,96.9,71.86
2023-06-23 18:00,6,18,Weekday,Summer,No,75.04,96.08,62.44
2023-06-23 19:00,6,19,Weekday,Summer,No,74.72,94.82,52.41
2023-06-23 20:00,6,20,Weekday,Summer,No,74.35,92.76,47.28
2023-06-23 21:00,6,21,Weekday,Summer,No,77.48,89.1,12.39
2023-06-23 22:00,6,22,Weekday,Summer,No,78.1,85.82,6.11
2023-06-23 23:00,6,23,Weekday,Summer,No,78.29,84.92,11.03
2023-06-24 00:00,6,0,Weekend,Summer,No,79.1,83.24,0.0
2023-06-24 01:00,6,1,Weekend,Summer,No,78.74,80.26,6.41
2023-06-24 02:00,6,2,Weekend,Summer,No,79.22,78.98,0.0
2023-06-24 03:00,6,3,Weekend,Summer,No,79.11,77.82,0.0
2023-06-24 04:00,6,4,Weekend,Summer,No,78.72,74.69,0.0
2023-06-24 05:00,6,5,Weekend,Summer,No,73.37,74.19,31.39
2023-06-24 06:00,6,6,Weekend,Summer,No,73.81,76.8,32.3
2023-06-24 07:00,6,7,Weekend,Summer,No,74.22,82.07,38.78
2023-06-24 08:00,6,8,Weekend,Summer,No,74.42,87.34,45.1
2023-06-24 09:00,6,9,Weekend,Summer,No,74.57,90.74,49.75
2023-06-24 10:00,6,10,Weekend,Summer,No,74.72,93.72,54.88
2023-06-24 11:00,6,11,Weekend,Summer,No,74.81,96.16,59.27
2023-06-24 12:00,6,12,Weekend,Summer,No,74.87,97.61,61.66
2023-06-24 13:00,6,13,Weekend,Summer,No,74.91,97.43,57.9
2023-06-24 14:00,6,14,Weekend,Summer,No,74.92,98.14,61.41
2023-06-24 15:00,6,15,Weekend,Summer,No,74.9,100.12,67.81
2023-06-24 16:00,6,16,Weekend,Summer,No,74.83,99.78,67.2
2023-06-24 17:00,6,17,Weekend,Summer,No,77.63,97.8,33.46
2023-06-24 18:00,6,18,Weekend,Summer,No,78.06,96.46,28.87
2023-06-24 19:00,6,19,Weekend,Summer,No,76.7,93.66,32.64
2023-06-24 20:00,6,20,Weekend,Summer,No,76.88,90.26,18.76
2023-06-24 21:00,6,21,Weekend,Summer,No,77.56,89.06,15.8
2023-06-24 22:00,6,22,Weekend,Summer,No,77.52,87.9,13.52
2023-06-24 23:00,6,23,Weekend,Summer,No,78.38,85.3,6.39
2023-06-25 00:00,6,0,Weekend,Summer,No,77.48,84.54,4.32
2023-06-25 01:00,6,1,Weekend,Summer,No,78.3,84.4,2.09
2023-06-25 02:00,6,2,Weekend,Summer,No,79.01,82.86,6.23
2023-06-25 03:00,6,3,Weekend,Summer,No,79.12,79.1,0.0
2023-06-25 04:00,6,4,Weekend,Summer,No,78.92,78.16,0.0
2023-06-25 05:00,6,5,Weekend,Summer,No,78.3,77.2,5.22
2023-06-25 06:00,6,6,Weekend,Summer,No,75.95,76.55,19.18
2023-06-25 07:00,6,7,Weekend,Summer,No,75.47,79.31,25.78
2023-06-25 08:00,6,8,Weekend,Summer,No,76.18,81.59,21.13
2023-06-25 09:00,6,9,Weekend,Summer,No,75.87,85.51,22.4
2023-06-25 10:00,6,10,Weekend,Summer,No,76.2,89.14,21.2
2023-06-25 11:00,6,11,Weekend,Summer,No,76.9,89.43,20.68
2023-06-25 12:00,6,12,Weekend,Summer,No,76.66,86.12,13.56
2023-06-25 13:00,6,13,Weekend,Summer,No,77.66,76.46,6.81
2023-06-25 14:00,6,14,Weekend,Summer,No,78.12,71.06,0.0
2023-06-25 15:00,6,15,Weekend,Summer,No,78.7,71.58,0.0
2023-06-25 16:00,6,16,Weekend,Summer,No,78.99,70.81,0.0
2023-06-25 17:00,6,17,Weekend,Summer,No,77.42,70.61,10.56
2023-06-25 18:00,6,18,Weekend,Summer,No,75.73,70.43,13.04
2023-06-25 19:00,6,19,Weekend,Summer,No,77.76,69.98,0.0
2023-06-25 20:00,6,20,Weekend,Summer,No,78.05,70.61,0.0
2023-06-25 21:00,6,21,Weekend,Summer,No,77.91,70.43,0.0
2023-06-25 22:00,6,22,Weekend,Summer,No,77.7,69.98,0.0
2023-06-25 23:00,6,23,Weekend,Summer,No,77.75,69.46,0.0
2023-06-26 00:00,6,0,Weekday,Summer,No,77.69,69.6,0.0
2023-06-26 01:00,6,1,Weekday,Summer,No,77.64,69.98,0.0
2023-06-26 02:00,6,2,Weekday,Summer,No,77.46,68.82,0.0
2023-06-26 03:00,6,3,Weekday,Summer,No,77.24,68.0,0.0
2023-06-26 04:00,6,4,Weekday,Summer,No,77.14,67.37,0.0
2023-06-26 05:00,6,5,Weekday,Summer,No,72.59,68.18,31.23
2023-06-26 06:00,6,6,Weekday,Summer,No,73.24,68.45,30.55
2023-06-26 07:00,6,7,Weekday,Summer,No,74.23,73.25,45.97
2023-06-26 08:00,6,8,Weekday,Summer,Yes,74.54,78.78,48.6
2023-06-26 09:00,6,9,Weekday,Summer,Yes,74.68,82.37,50.44
2023-06-26 10:00,6,10,Weekday,Summer,Yes,74.79,86.96,55.19
2023-06-26 11:00,6,11,Weekday,Summer,Yes,74.82,90.22,54.74
2023-06-26 12:00,6,12,Weekday,Summer,Yes,74.98,92.72,61.2
2023-06-26 13:00,6,13,Weekday,Summer,Yes,75.18,94.55,67.52
2023-06-26 14:00,6,14,Weekday,Summer,Yes,75.2,95.63,74.65
2023-06-26 15:00,6,15,Weekday,Summer,Yes,75.2,96.08,79.92
2023-06-26 16:00,6,16,Weekday,Summer,Yes,75.19,96.08,78.99
2023-06-26 17:00,6,17,Weekday,Summer,Yes,75.12,96.08,70.54
2023-06-26 18:00,6,18,Weekday,Summer,No,75.01,94.3,65.02
2023-06-26 19:00,6,19,Weekday,Summer,No,74.67,90.71,48.18
2023-06-26 20:00,6,20,Weekday,Summer,No,74.13,87.28,40.46
2023-06-26 21:00,6,21,Weekday,Summer,No,77.76,84.84,6.58
2023-06-26 22:00,6,22,Weekday,Summer,No,77.58,82.86,0.0
2023-06-26 23:00,6,23,Weekday,Summer,No,79.2,80.26,6.0
2023-06-27 00:00,6,0,Weekday,Summer,No,78.1,78.46,0.0
2023-06-27 01:00,6,1,Weekday,Summer,No,78.8,75.67,5.1
2023-06-27 02:00,6,2,Weekday,Summer,No,78.55,73.42,0.0
2023-06-27 03:00,6,3,Weekday,Summer,No,78.33,72.41,0.0
2023-06-27 04:00,6,4,Weekday,Summer,No,78.19,71.44,0.0
2023-06-27 05:00,6,5,Weekday,Summer,No,73.1,72.22,23.85
2023-06-27 06:00,6,6,Weekday,Summer,No,73.69,73.04,23.88
2023-06-27 07:00,6,7,Weekday,Summer,No,74.44,75.35,35.63
2023-06-27 08:00,6,8,Weekday,Summer,Yes,74.69,81.1,45.26
2023-06-27 09:00,6,9,Weekday,Summer,Yes,74.81,86.96,55.26
2023-06-27 10:00,6,10,Weekday,Summer,Yes,74.92,89.58,61.7
2023-06-27 11:00,6,11,Weekday,Summer,Yes,74.96,91.74,63.44
2023-06-27 12:00,6,12,Weekday,Summer,Yes,75.09,94.18,71.11
2023-06-27 13:00,6,13,Weekday,Summer,Yes,75.19,95.0,73.46
2023-06-27 14:00,6,14,Weekday,Summer,Yes,75.2,96.16,79.76
2023-06-27 15:00,6,15,Weekday,Summer,Yes,75.2,96.98,86.28
2023-06-27 16:00,6,16,Weekday,Summer,Yes,75.2,97.61,87.63
2023-06-27 17:00,6,17,Weekday,Summer,Yes,75.14,97.43,77.57
2023-06-27 18:00,6,18,Weekday,Summer,No,75.04,96.46,72.73
2023-06-27 19:00,6,19,Weekday,Summer,No,74.77,93.66,55.44
2023-06-27 20:00,6,20,Weekday,Summer,No,74.34,90.26,46.8
2023-06-27 21:00,6,21,Weekday,Summer,No,77.56,87.9,12.22
2023-06-27 22:00,6,22,Weekday,Summer,No,77.92,84.66,5.38
2023-06-27 23:00,6,23,Weekday,Summer,No,78.17,81.26,6.14
2023-06-28 00:00,6,0,Weekday,Summer,No,78.32,79.43,1.94
2023-06-28 01:00,6,1,Weekday,Summer,No,79.11,78.98,3.85
2023-06-28 02:00,6,2,Weekday,Summer,No,78.02,77.82,0.0
2023-06-28 03:00,6,3,Weekday,Summer,No,78.66,75.22,4.8
2023-06-28 04:00,6,4,Weekday,Summer,No,78.5,72.78,0.0
2023-06-28 05:00,6,5,Weekday,Summer,No,73.17,71.96,23.78
2023-06-28 06:00,6,6,Weekday,Summer,No,73.69,73.74,24.68
2023-06-28 07:00,6,7,Weekday,Summer,No,74.54,79.01,39.31
2023-06-28 08:00,6,8,Weekday,Summer,Yes,74.76,85.32,50.84
2023-06-28 09:00,6,9,Weekday,Summer,Yes,74.86,90.22,60.56
2023-06-28 10:00,6,10,Weekday,Summer,Yes,74.97,94.35,70.53
2023-06-28 11:00,6,11,Weekday,Summer,Yes,75.01,97.76,76.09
2023-06-28 12:00,6,12,Weekday,Summer,Yes,75.14,100.12,86.27
2023-06-28 13:00,6,13,Weekday,Summer,Yes,75.2,101.57,92.09
2023-06-28 14:00,6,14,Weekday,Summer,Yes,75.2,102.54,98.86
2023-06-28 15:00,6,15,Weekday,Summer,Yes,75.2,103.55,107.34
2023-06-28 16:00,6,16,Weekday,Summer,Yes,75.2,104.0,107.96
2023-06-28 17:00,6,17,Weekday,Summer,Yes,75.17,102.84,89.39
2023-06-28 18:00,6,18,Weekday,Summer,No,75.05,100.86,75.09
2023-06-28 19:00,6,19,Weekday,Summer,No,74.71,97.73,60.37
2023-06-28 20:00,6,20,Weekday,Summer,No,74.34,94.3,51.93
2023-06-28 21:00,6,21,Weekday,Summer,No,77.57,91.23,13.0
2023-06-28 22:00,6,22,Weekday,Summer,No,78.24,89.96,11.53
2023-06-28 23:00,6,23,Weekday,Summer,No,78.33,86.49,6.58
2023-06-29 00:00,6,0,Weekday,Summer,No,78.67,83.39,6.28
2023-06-29 01:00,6,1,Weekday,Summer,No,79.37,80.63,5.92
2023-06-29 02:00,6,2,Weekday,Summer,No,78.33,77.2,0.0
2023-06-29 03:00,6,3,Weekday,Summer,No,79.0,75.92,0.0
2023-06-29 04:00,6,4,Weekday,Summer,No,77.9,74.76,5.28
2023-06-29 05:00,6,5,Weekday,Summer,No,73.27,74.57,30.62
2023-06-29 06:00,6,6,Weekday,Summer,No,73.72,76.8,31.02
2023-06-29 07:00,6,7,Weekday,Summer,No,74.6,81.54,44.62
2023-06-29 08:00,6,8,Weekday,Summer,Yes,74.77,86.33,52.43
2023-06-29 09:00,6,9,Weekday,Summer,Yes,74.89,91.44,61.84
2023-06-29 10:00,6,10,Weekday,Summer,Yes,75.03,96.86,75.08
2023-06-29 11:00,6,11,Weekday,Summer,Yes,75.08,100.12,81.32
2023-06-29 12:00,6,12,Weekday,Summer,Yes,75.17,102.1,92.65
2023-06-29 13:00,6,13,Weekday,Summer,Yes,75.2,103.55,99.11
2023-06-29 14:00,6,14,Weekday,Summer,Yes,75.2,104.63,106.39
2023-06-29 15:00,6,15,Weekday,Summer,Yes,75.2,105.08,112.82
2023-06-29 16:00,6,16,Weekday,Summer,Yes,75.2,105.08,111.66
2023-06-29 17:00,6,17,Weekday,Summer,Yes,75.18,103.82,94.95
2023-06-29 18:00,6,18,Weekday,Summer,No,75.1,102.71,88.53
2023-06-29 19:00,6,19,Weekday,Summer,No,74.91,101.09,71.23
2023-06-29 20:00,6,20,Weekday,Summer,No,74.58,97.1,58.53
2023-06-29 21:00,6,21,Weekday,Summer,No,77.72,94.37,13.91
2023-06-29 22:00,6,22,Weekday,Summer,No,78.0,91.61,18.2
2023-06-29 23:00,6,23,Weekday,Summer,No,78.39,88.28,11.4
2023-06-30 00:00,6,0,Weekday,Summer,No,78.14,86.45,11.33
2023-06-30 01:00,6,1,Weekday,Summer,No,78.08,86.0,8.72
2023-06-30 02:00,6,2,Weekday,Summer,No,78.45,84.84,8.12
2023-06-30 03:00,6,3,Weekday,Summer,No,79.27,84.02,6.38
2023-06-30 04:00,6,4,Weekday,Summer,No,79.13,82.24,0.0
2023-06-30 05:00,6,5,Weekday,Summer,No,73.95,79.81,33.08
2023-06-30 06:00,6,6,Weekday,Summer,No,74.22,80.76,33.39
2023-06-30 07:00,6,7,Weekday,Summer,No,74.7,83.2,49.82
2023-06-30 08:00,6,8,Weekday,Summer,Yes,74.85,86.96,56.13
2023-06-30 09:00,6,9,Weekday,Summer,Yes,75.01,91.9,64.7
2023-06-30 10:00,6,10,Weekday,Summer,Yes,75.13,95.7,73.54
2023-06-30 11:00,6,11,Weekday,Summer,Yes,75.15,96.98,75.77
2023-06-30 12:00,6,12,Weekday,Summer,Yes,75.19,99.92,87.83
2023-06-30 13:00,6,13,Weekday,Summer,Yes,75.2,103.18,97.84
2023-06-30 14:00,6,14,Weekday,Summer,Yes,75.2,104.0,104.96
2023-06-30 15:00,6,15,Weekday,Summer,Yes,75.2,105.16,113.18
2023-06-30 16:00,6,16,Weekday,Summer,Yes,75.2,104.2,106.27
2023-06-30 17:00,6,17,Weekday,Summer,Yes,75.19,102.92,90.45
2023-06-30 18:00,6,18,Weekday,Summer,No,75.12,102.4,86.95
2023-06-30 19:00,6,19,Weekday,Summer,No,74.92,99.71,67.32
2023-06-30 20:00,6,20,Weekday,Summer,No,74.57,95.65,54.75
2023-06-30 21:00,6,21,Weekday,Summer,No,77.8,92.56,14.2
2023-06-30 22:00,6,22,Weekday,Summer,No,77.95,90.32,15.29
2023-06-30 23:00,6,23,Weekday,Summer,No,78.11,88.06,11.29
2023-07-01 00:00,7,0,Weekend,Summer,No,78.61,85.82,6.47
2023-07-01 01:00,7,1,Weekend,Summer,No,79.65,83.56,0.0
2023-07-01 02:00,7,2,Weekend,Summer,No,78.43,81.32,5.93
2023-07-01 03:00,7,3,Weekend,Summer,No,79.3,79.05,0.0
2023-07-01 04:00,7,4,Weekend,Summer,No,79.1,76.82,0.0
2023-07-01 05:00,7,5,Weekend,Summer,No,73.56,74.76,28.16
2023-07-01 06:00,7,6,Weekend,Summer,No,73.84,76.88,28.92
2023-07-01 07:00,7,7,Weekend,Summer,No,74.32,82.44,36.21
2023-07-01 08:00,7,8,Weekend,Summer,No,74.59,88.49,45.3
2023-07-01 09:00,7,9,Weekend,Summer,No,74.74,91.04,50.59
2023-07-01 10:00,7,10,Weekend,Summer,No,74.86,93.35,54.58
2023-07-01 11:00,7,11,Weekend,Summer,No,74.91,96.16,60.16
2023-07-01 12:00,7,12,Weekend,Summer,No,74.93,98.77,65.2
2023-07-01 13:00,7,13,Weekend,Summer,No,74.96,101.72,67.87
2023-07-01 14:00,7,14,Weekend,Summer,No,74.95,102.92,73.16
2023-07-01 15:00,7,15,Weekend,Summer,No,74.91,102.4,74.56
2023-07-01 16:00,7,16,Weekend,Summer,No,74.82,102.54,75.17
2023-07-01 17:00,7,17,Weekend,Summer,No,77.56,101.76,36.38
2023-07-01 18:00,7,18,Weekend,Summer,No,77.85,99.78,30.73
2023-07-01 19:00,7,19,Weekend,Summer,No,76.68,97.28,34.7
2023-07-01 20:00,7,20,Weekend,Summer,No,77.07,94.82,20.6
2023-07-01 21:00,7,21,Weekend,Summer,No,77.71,93.4,18.57
2023-07-01 22:00,7,22,Weekend,Summer,No,77.88,90.71,14.11
2023-07-01 23:00,7,23,Weekend,Summer,No,77.66,87.9,10.73
2023-07-02 00:00,7,0,Weekend,Summer,No,78.62,85.82,6.51
2023-07-02 01:00,7,1,Weekend,Summer,No,78.37,82.61,0.0
2023-07-02 02:00,7,2,Weekend,Summer,No,79.15,79.81,0.0
2023-07-02 03:00,7,3,Weekend,Summer,No,79.12,78.46,0.0
2023-07-02 04:00,7,4,Weekend,Summer,No,79.04,77.45,0.0
2023-07-02 05:00,7,5,Weekend,Summer,No,78.36,77.0,7.7
2023-07-02 06:00,7,6,Weekend,Summer,No,76.1,79.94,20.23
2023-07-02 07:00,7,7,Weekend,Summer,No,76.0,84.98,27.32
2023-07-02 08:00,7,8,Weekend,Summer,No,76.69,89.92,24.24
2023-07-02 09:00,7,9,Weekend,Summer,No,76.52,94.35,32.88
2023-07-02 10:00,7,10,Weekend,Summer,No,77.28,96.6,27.41
2023-07-02 11:00,7,11,Weekend,Summer,No,76.95,98.77,35.38
2023-07-02 12:00,7,12,Weekend,Summer,No,77.56,101.72,30.67
2023-07-02 13:00,7,13,Weekend,Summer,No,77.64,102.92,39.63
2023-07-02 14:00,7,14,Weekend,Summer,No,78.7,103.55,33.69
2023-07-02 15:00,7,15,Weekend,Summer,No,78.52,103.37,42.74
2023-07-02 16:00,7,16,Weekend,Summer,No,79.11,102.4,35.64
2023-07-02 17:00,7,17,Weekend,Summer,No,78.27,102.02,41.6
2023-07-02 18:00,7,18,Weekend,Summer,No,78.3,99.08,31.12
2023-07-02 19:00,7,19,Weekend,Summer,No,77.01,95.2,32.81
2023-07-02 20:00,7,20,Weekend,Summer,No,77.79,92.24,19.59
2023-07-02 21:00,7,21,Weekend,Summer,No,77.73,89.88,18.07
2023-07-02 22:00,7,22,Weekend,Summer,No,77.77,88.43,11.64
2023-07-02 23:00,7,23,Weekend,Summer,No,77.86,87.46,15.62
2023-07-03 00:00,7,0,Weekday,Summer,No,77.87,85.82,10.69
2023-07-03 01:00,7,1,Weekday,Summer,No,78.64,82.61,6.24
2023-07-03 02:00,7,2,Weekday,Summer,No,78.61,79.28,5.73
2023-07-03 03:00,7,3,Weekday,Summer,No,79.22,79.24,1.96
2023-07-03 04:00,7,4,Weekday,Summer,No,78.62,78.9,3.81
2023-07-03 05:00,7,5,Weekday,Summer,No,73.81,77.45,31.08
2023-07-03 06:00,7,6,Weekday,Summer,No,74.15,80.46,32.25
2023-07-03 07:00,7,7,Weekday,Summer,No,74.7,85.36,50.75
2023-07-03 08:00,7,8,Weekday,Summer,Yes,74.83,89.39,59.3
2023-07-03 09:00,7,9,Weekday,Summer,Yes,74.94,92.72,66.29
2023-07-03 10:00,7,10,Weekday,Summer,Yes,75.03,95.18,72.03
2023-07-03 11:00,7,11,Weekday,Summer,Yes,75.04,97.24,73.32
2023-07-03 12:00,7,12,Weekday,Summer,Yes,75.17,100.37,86.24
2023-07-03 13:00,7,13,Weekday,Summer,Yes,75.2,102.54,93.74
2023-07-03 14:00,7,14,Weekday,Summer,Yes,75.2,103.55,102.46
2023-07-03 15:00,7,15,Weekday,Summer,Yes,75.2,102.84,104.84
2023-07-03 16:00,7,16,Weekday,Summer,Yes,75.2,102.54,101.09
2023-07-03 17:00,7,17,Weekday,Summer,Yes,75.19,101.24,83.37
2023-07-03 18:00,7,18,Weekday,Summer,No,75.11,99.41,74.89
2023-07-03 19:00,7,19,Weekday,Summer,No,74.87,97.28,60.91
2023-07-03 20:00,7,20,Weekday,Summer,No,74.51,94.82,53.57
2023-07-03 21:00,7,21,Weekday,Summer,No,77.91,92.76,13.08
2023-07-03 22:00,7,22,Weekday,Summer,No,78.09,91.94,16.64
2023-07-03 23:00,7,23,Weekday,Summer,No,78.45,90.26,12.37
2023-07-04 00:00,7,0,Weekday,Summer,No,78.01,88.43,13.87
2023-07-04 01:00,7,1,Weekday,Summer,No,78.87,86.82,6.61
2023-07-04 02:00,7,2,Weekday,Summer,No,79.09,84.84,2.12
2023-07-04 03:00,7,3,Weekday,Summer,No,78.79,82.86,6.3
2023-07-04 04:00,7,4,Weekday,Summer,No,79.73,81.41,0.0
2023-07-04 05:00,7,5,Weekday,Summer,No,78.73,82.12,7.13
2023-07-04 06:00,7,6,Weekday,Summer,No,77.85,81.78,13.3
2023-07-04 07:00,7,7,Weekday,Summer,No,76.38,84.53,21.59
2023-07-04 08:00,7,8,Weekday,Summer,Yes,76.03,86.45,26.3
2023-07-04 09:00,7,9,Weekday,Summer,Yes,76.7,87.78,24.63
2023-07-04 10:00,7,10,Weekday,Summer,Yes,76.78,90.74,28.67
2023-07-04 11:00,7,11,Weekday,Summer,Yes,77.32,93.72,27.35
2023-07-04 12:00,7,12,Weekday,Summer,Yes,77.21,94.37,30.13
2023-07-04 13:00,7,13,Weekday,Summer,Yes,77.61,93.92,27.67
2023-07-04 14:00,7,14,Weekday,Summer,Yes,77.35,94.55,30.98
2023-07-04 15:00,7,15,Weekday,Summer,Yes,78.18,94.37,28.83
2023-07-04 16:00,7,16,Weekday,Summer,Yes,78.11,94.55,32.03
2023-07-04 17:00,7,17,Weekday,Summer,Yes,78.3,95.63,30.3
2023-07-04 18:00,7,18,Weekday,Summer,No,77.38,96.08,32.59
2023-07-04 19:00,7,19,Weekday,Summer,No,77.24,94.3,23.97
2023-07-04 20:00,7,20,Weekday,Summer,No,77.52,91.86,21.1
2023-07-04 21:00,7,21,Weekday,Summer,No,78.08,89.88,14.03
2023-07-04 22:00,7,22,Weekday,Summer,No,77.7,88.43,15.89
2023-07-04 23:00,7,23,Weekday,Summer,No,77.92,87.98,12.26
2023-07-05 00:00,7,0,Weekday,Summer,No,77.95,87.46,10.61
2023-07-05 01:00,7,1,Weekday,Summer,No,77.78,86.45,8.51
2023-07-05 02:00,7,2,Weekday,Summer,No,78.02,84.22,10.4
2023-07-05 03:00,7,3,Weekday,Summer,No,78.69,82.42,4.15
2023-07-05 04:00,7,4,Weekday,Summer,No,77.85,82.04,6.24
2023-07-05 05:00,7,5,Weekday,Summer,No,73.76,82.04,33.75
2023-07-05 06:00,7,6,Weekday,Summer,No,74.01,83.72,35.43
2023-07-05 07:00,7,7,Weekday,Summer,No,74.72,84.92,44.85
2023-07-05 08:00,7,8,Weekday,Summer,Yes,74.97,89.02,55.11
2023-07-05 09:00,7,9,Weekday,Summer,Yes,75.07,91.42,59.51
2023-07-05 10:00,7,10,Weekday,Summer,Yes,75.16,92.2,64.96
2023-07-05 11:00,7,11,Weekday,Summer,Yes,75.17,94.8,68.19
2023-07-05 12:00,7,12,Weekday,Summer,Yes,75.2,97.24,77.36
2023-07-05 13:00,7,13,Weekday,Summer,Yes,75.2,99.74,86.31
2023-07-05 14:00,7,14,Weekday,Summer,Yes,75.2,100.42,90.66
2023-07-05 15:00,7,15,Weekday,Summer,Yes,75.2,101.72,97.39
2023-07-05 16:00,7,16,Weekday,Summer,Yes,75.2,101.24,90.22
2023-07-05 17:00,7,17,Weekday,Summer,Yes,75.18,100.04,73.2
2023-07-05 18:00,7,18,Weekday,Summer,No,75.08,99.41,67.85
2023-07-05 19:00,7,19,Weekday,Summer,No,74.77,97.8,56.84
2023-07-05 20:00,7,20,Weekday,Summer,No,74.45,96.46,52.24
2023-07-05 21:00,7,21,Weekday,Summer,No,77.97,94.3,13.62
2023-07-05 22:00,7,22,Weekday,Summer,No,78.01,91.86,16.38
2023-07-05 23:00,7,23,Weekday,Summer,No,78.46,89.88,10.62
2023-07-06 00:00,7,0,Weekday,Summer,No,78.11,89.06,14.49
2023-07-06 01:00,7,1,Weekday,Summer,No,78.06,87.9,13.11
2023-07-06 02:00,7,2,Weekday,Summer,No,78.04,86.45,12.27
2023-07-06 03:00,7,3,Weekday,Summer,No,79.11,84.84,2.11
2023-07-06 04:00,7,4,Weekday,Summer,No,79.34,82.24,6.23
2023-07-06 05:00,7,5,Weekday,Summer,No,74.06,80.44,33.3
2023-07-06 06:00,7,6,Weekday,Summer,No,74.25,81.74,33.79
2023-07-06 07:00,7,7,Weekday,Summer,No,74.75,86.51,51.03
2023-07-06 08:00,7,8,Weekday,Summer,Yes,74.93,90.22,58.79
2023-07-06 09:00,7,9,Weekday,Summer,Yes,75.04,92.72,65.82
2023-07-06 10:00,7,10,Weekday,Summer,Yes,75.1,95.7,73.63
2023-07-06 11:00,7,11,Weekday,Summer,Yes,75.13,98.14,75.67
2023-07-06 12:00,7,12,Weekday,Summer,Yes,75.19,100.74,86.62
2023-07-06 13:00,7,13,Weekday,Summer,Yes,75.2,102.02,93.41
2023-07-06 14:00,7,14,Weekday,Summer,Yes,75.2,104.33,103.1
2023-07-06 15:00,7,15,Weekday,Summer,Yes,75.2,105.46,110.91
2023-07-06 16:00,7,16,Weekday,Summer,Yes,75.2,104.45,104.99
2023-07-06 17:00,7,17,Weekday,Summer,Yes,75.19,102.84,85.73
2023-07-06 18:00,7,18,Weekday,Summer,No,75.13,100.86,77.86
2023-07-06 19:00,7,19,Weekday,Summer,No,74.94,98.88,62.2
2023-07-06 20:00,7,20,Weekday,Summer,No,74.67,96.9,54.88
2023-07-06 21:00,7,21,Weekday,Summer,No,78.13,95.45,15.36
2023-07-06 22:00,7,22,Weekday,Summer,No,76.96,90.9,20.19
2023-07-06 23:00,7,23,Weekday,Summer,No,78.41,86.2,10.39
2023-07-07 00:00,7,0,Weekday,Summer,No,78.39,84.4,9.48
2023-07-07 01:00,7,1,Weekday,Summer,No,78.09,83.39,13.48
2023-07-07 02:00,7,2,Weekday,Summer,No,79.1,82.42,7.39
2023-07-07 03:00,7,3,Weekday,Summer,No,78.87,80.88,0.0
2023-07-07 04:00,7,4,Weekday,Summer,No,79.37,80.06,7.93
2023-07-07 05:00,7,5,Weekday,Summer,No,73.96,78.9,38.09
2023-07-07 06:00,7,6,Weekday,Summer,No,74.25,79.24,38.13
2023-07-07 07:00,7,7,Weekday,Summer,No,74.74,82.9,57.46
2023-07-07 08:00,7,8,Weekday,Summer,Yes,74.88,86.7,64.99
2023-07-07 09:00,7,9,Weekday,Summer,Yes,74.99,90.29,73.97
2023-07-07 10:00,7,10,Weekday,Summer,Yes,75.1,93.1,81.16
2023-07-07 11:00,7,11,Weekday,Summer,Yes,75.11,96.34,83.99
2023-07-07 12:00,7,12,Weekday,Summer,Yes,75.18,98.58,92.81
2023-07-07 13:00,7,13,Weekday,Summer,Yes,75.2,100.74,99.64
2023-07-07 14:00,7,14,Weekday,Summer,Yes,75.2,102.02,107.43
2023-07-07 15:00,7,15,Weekday,Summer,Yes,75.2,102.54,113.06
2023-07-07 16:00,7,16,Weekday,Summer,Yes,75.2,102.4,107.53
2023-07-07 17:00,7,17,Weekday,Summer,Yes,75.19,101.39,86.73
2023-07-07 18:00,7,18,Weekday,Summer,No,75.12,99.26,77.2
2023-07-07 19:00,7,19,Weekday,Summer,No,74.78,90.4,54.23
2023-07-07 20:00,7,20,Weekday,Summer,No,74.33,84.4,44.86
2023-07-07 21:00,7,21,Weekday,Summer,No,78.12,83.39,7.41
2023-07-07 22:00,7,22,Weekday,Summer,No,78.06,82.94,11.29
2023-07-07 23:00,7,23,Weekday,Summer,No,78.94,82.94,5.03
2023-07-08 00:00,7,0,Weekend,Summer,No,79.48,81.26,4.79
2023-07-08 01:00,7,1,Weekend,Summer,No,79.16,79.43,0.0
2023-07-08 02:00,7,2,Weekend,Summer,No,78.93,79.61,7.56
2023-07-08 03:00,7,3,Weekend,Summer,No,79.59,79.43,0.0
2023-07-08 04:00,7,4,Weekend,Summer,No,79.35,78.98,0.0
2023-07-08 05:00,7,5,Weekend,Summer,No,73.86,78.46,39.2
2023-07-08 06:00,7,6,Weekend,Summer,No,73.78,78.6,37.64
2023-07-08 07:00,7,7,Weekend,Summer,No,74.33,81.29,41.93
2023-07-08 08:00,7,8,Weekend,Summer,No,74.6,84.1,47.05
2023-07-08 09:00,7,9,Weekend,Summer,No,74.69,89.02,54.46
2023-07-08 10:00,7,10,Weekend,Summer,No,74.8,94.35,62.86
2023-07-08 11:00,7,11,Weekend,Summer,No,74.86,97.24,66.42
2023-07-08 12:00,7,12,Weekend,Summer,No,74.9,99.22,69.8
2023-07-08 13:00,7,13,Weekend,Summer,No,74.94,101.2,70.43
2023-07-08 14:00,7,14,Weekend,Summer,No,74.95,103.18,75.9
2023-07-08 15:00,7,15,Weekend,Summer,No,74.92,104.0,80.59
2023-07-08 16:00,7,16,Weekend,Summer,No,74.82,103.37,78.1
2023-07-08 17:00,7,17,Weekend,Summer,No,77.6,102.4,37.45
2023-07-08 18:00,7,18,Weekend,Summer,No,77.95,100.86,31.7
2023-07-08 19:00,7,19,Weekend,Summer,No,76.75,95.94,34.82
2023-07-08 20:00,7,20,Weekend,Summer,No,76.93,87.77,18.55
2023-07-08 21:00,7,21,Weekend,Summer,No,77.91,82.24,6.9
2023-07-08 22:00,7,22,Weekend,Summer,No,78.23,80.96,5.68
2023-07-08 23:00,7,23,Weekend,Summer,No,78.61,80.44,7.57
2023-07-09 00:00,7,0,Weekend,Summer,No,78.44,80.06,0.0
2023-07-09 01:00,7,1,Weekend,Summer,No,79.2,79.43,7.43
2023-07-09 02:00,7,2,Weekend,Summer,No,79.37,78.98,0.0
2023-07-09 03:00,7,3,Weekend,Summer,No,79.37,78.46,0.0
2023-07-09 04:00,7,4,Weekend,Summer,No,77.99,77.45,0.0
2023-07-09 05:00,7,5,Weekend,Summer,No,79.1,77.0,1.22
2023-07-09 06:00,7,6,Weekend,Summer,No,76.54,77.63,21.57
2023-07-09 07:00,7,7,Weekend,Summer,No,76.09,82.07,22.28
2023-07-09 08:00,7,8,Weekend,Summer,No,76.3,87.34,31.46
2023-07-09 09:00,7,9,Weekend,Summer,No,76.76,90.22,26.31
2023-07-09 10:00,7,10,Weekend,Summer,No,76.77,92.72,33.35
2023-07-09 11:00,7,11,Weekend,Summer,No,76.97,96.34,28.16
2023-07-09 12:00,7,12,Weekend,Summer,No,77.07,99.22,36.27
2023-07-09 13:00,7,13,Weekend,Summer,No,77.61,101.2,30.92
2023-07-09 14:00,7,14,Weekend,Summer,No,77.98,102.54,39.46
2023-07-09 15:00,7,15,Weekend,Summer,No,78.73,103.55,33.81
2023-07-09 16:00,7,16,Weekend,Summer,No,78.2,100.54,39.2
2023-07-09 17:00,7,17,Weekend,Summer,No,77.67,88.72,26.9
2023-07-09 18:00,7,18,Weekend,Summer,No,76.62,79.73,25.94
2023-07-09 19:00,7,19,Weekend,Summer,No,77.84,76.3,9.79
2023-07-09 20:00,7,20,Weekend,Summer,No,78.61,75.02,8.43
2023-07-09 21:00,7,21,Weekend,Summer,No,78.38,75.02,8.01
2023-07-09 22:00,7,22,Weekend,Summer,No,78.52,74.39,5.07
2023-07-09 23:00,7,23,Weekend,Summer,No,78.64,74.57,2.51
2023-07-10 00:00,7,0,Weekday,Summer,No,78.07,73.86,7.3
2023-07-10 01:00,7,1,Weekday,Summer,No,78.49,73.04,0.0
2023-07-10 02:00,7,2,Weekday,Summer,No,78.26,73.04,0.0
2023-07-10 03:00,7,3,Weekday,Summer,No,78.74,72.41,0.0
2023-07-10 04:00,7,4,Weekday,Summer,No,77.73,72.59,7.11
2023-07-10 05:00,7,5,Weekday,Summer,No,73.25,72.41,40.44
2023-07-10 06:00,7,6,Weekday,Summer,No,73.73,74.9,39.97
2023-07-10 07:00,7,7,Weekday,Summer,No,74.59,79.31,48.82
2023-07-10 08:00,7,8,Weekday,Summer,Yes,74.75,83.9,56.68
2023-07-10 09:00,7,9,Weekday,Summer,Yes,74.87,87.78,63.36
2023-07-10 10:00,7,10,Weekday,Summer,Yes,74.94,90.22,66.91
2023-07-10 11:00,7,11,Weekday,Summer,Yes,74.96,91.56,65.31
2023-07-10 12:00,7,12,Weekday,Summer,Yes,75.09,93.72,72.69
2023-07-10 13:00,7,13,Weekday,Summer,Yes,75.19,97.31,80.61
2023-07-10 14:00,7,14,Weekday,Summer,Yes,75.2,99.59,88.43
2023-07-10 15:00,7,15,Weekday,Summer,Yes,75.2,100.04,93.7
2023-07-10 16:00,7,16,Weekday,Summer,Yes,75.2,100.04,90.6
2023-07-10 17:00,7,17,Weekday,Summer,Yes,75.16,94.79,69.81
2023-07-10 18:00,7,18,Weekday,Summer,No,75.03,88.1,56.03
2023-07-10 19:00,7,19,Weekday,Summer,No,74.55,83.06,43.51
2023-07-10 20:00,7,20,Weekday,Summer,No,73.71,75.18,43.94
2023-07-10 21:00,7,21,Weekday,Summer,No,77.73,71.58,0.0
2023-07-10 22:00,7,22,Weekday,Summer,No,77.77,71.96,7.99
2023-07-10 23:00,7,23,Weekday,Summer,No,78.76,71.96,0.0
2023-07-11 00:00,7,0,Weekday,Summer,No,78.81,71.44,0.0
2023-07-11 01:00,7,1,Weekday,Summer,No,78.73,71.06,0.0
2023-07-11 02:00,7,2,Weekday,Summer,No,78.71,71.58,0.0
2023-07-11 03:00,7,3,Weekday,Summer,No,78.7,71.96,0.0
2023-07-11 04:00,7,4,Weekday,Summer,No,77.8,71.44,0.0
2023-07-11 05:00,7,5,Weekday,Summer,No,73.15,71.06,40.67
2023-07-11 06:00,7,6,Weekday,Summer,No,73.76,72.74,41.09
2023-07-11 07:00,7,7,Weekday,Summer,No,74.48,75.72,58.57
2023-07-11 08:00,7,8,Weekday,Summer,Yes,74.68,78.78,54.04
2023-07-11 09:00,7,9,Weekday,Summer,Yes,74.83,82.9,55.92
2023-07-11 10:00,7,10,Weekday,Summer,Yes,74.97,86.18,59.51
2023-07-11 11:00,7,11,Weekday,Summer,Yes,74.96,88.23,60.46
2023-07-11 12:00,7,12,Weekday,Summer,Yes,75.08,91.37,69.12
2023-07-11 13:00,7,13,Weekday,Summer,Yes,75.19,94.18,74.69
2023-07-11 14:00,7,14,Weekday,Summer,Yes,75.2,95.0,80.29
2023-07-11 15:00,7,15,Weekday,Summer,Yes,75.2,96.16,86.98
2023-07-11 16:00,7,16,Weekday,Summer,Yes,75.2,96.46,85.92
2023-07-11 17:00,7,17,Weekday,Summer,Yes,75.16,96.08,72.64
2023-07-11 18:00,7,18,Weekday,Summer,No,75.05,93.66,63.21
2023-07-11 19:00,7,19,Weekday,Summer,No,74.72,90.78,50.47
2023-07-11 20:00,7,20,Weekday,Summer,No,74.3,88.8,45.81
2023-07-11 21:00,7,21,Weekday,Summer,No,77.77,86.82,7.3
2023-07-11 22:00,7,22,Weekday,Summer,No,78.4,84.22,10.91
2023-07-11 23:00,7,23,Weekday,Summer,No,78.82,81.78,2.28
2023-07-12 00:00,7,0,Weekday,Summer,No,79.68,80.44,7.49
2023-07-12 01:00,7,1,Weekday,Summer,No,78.52,79.43,0.0
2023-07-12 02:00,7,2,Weekday,Summer,No,79.48,77.82,8.08
2023-07-12 03:00,7,3,Weekday,Summer,No,78.26,77.0,0.0
2023-07-12 04:00,7,4,Weekday,Summer,No,79.15,75.84,0.0
2023-07-12 05:00,7,5,Weekday,Summer,No,73.55,74.39,43.22
2023-07-12 06:00,7,6,Weekday,Summer,No,73.96,75.1,41.61
2023-07-12 07:00,7,7,Weekday,Summer,No,74.63,79.49,52.51
2023-07-12 08:00,7,8,Weekday,Summer,Yes,74.8,84.35,60.64
2023-07-12 09:00,7,9,Weekday,Summer,Yes,74.89,87.78,66.41
2023-07-12 10:00,7,10,Weekday,Summer,Yes,74.98,91.37,71.68
2023-07-12 11:00,7,11,Weekday,Summer,Yes,74.98,94.18,71.27
2023-07-12 12:00,7,12,Weekday,Summer,Yes,75.11,96.16,77.74
2023-07-12 13:00,7,13,Weekday,Summer,Yes,75.19,98.14,82.33
2023-07-12 14:00,7,14,Weekday,Summer,Yes,75.2,100.12,89.27
2023-07-12 15:00,7,15,Weekday,Summer,Yes,75.2,100.94,95.05
2023-07-12 16:00,7,16,Weekday,Summer,Yes,75.2,100.94,91.91
2023-07-12 17:00,7,17,Weekday,Summer,Yes,75.16,99.78,77.02
2023-07-12 18:00,7,18,Weekday,Summer,No,75.08,97.8,69.54
2023-07-12 19:00,7,19,Weekday,Summer,No,74.83,95.2,54.44
2023-07-12 20:00,7,20,Weekday,Summer,No,74.45,92.76,47.69
2023-07-12 21:00,7,21,Weekday,Summer,No,77.58,90.78,11.66
2023-07-12 22:00,7,22,Weekday,Summer,No,78.24,89.43,11.64
2023-07-12 23:00,7,23,Weekday,Summer,No,78.89,84.96,5.91
2023-07-13 00:00,7,0,Weekday,Summer,No,78.84,80.88,6.44
2023-07-13 01:00,7,1,Weekday,Summer,No,79.58,79.43,0.0
2023-07-13 02:00,7,2,Weekday,Summer,No,78.47,78.46,6.51
2023-07-13 03:00,7,3,Weekday,Summer,No,79.28,76.82,0.0
2023-07-13 04:00,7,4,Weekday,Summer,No,78.85,75.92,0.0
2023-07-13 05:00,7,5,Weekday,Summer,No,73.6,76.55,38.41
2023-07-13 06:00,7,6,Weekday,Summer,No,73.51,77.63,34.99
2023-07-13 07:00,7,7,Weekday,Summer,No,74.45,78.6,44.14
2023-07-13 08:00,7,8,Weekday,Summer,Yes,74.87,80.76,50.85
2023-07-13 09:00,7,9,Weekday,Summer,Yes,75.0,83.72,56.44
2023-07-13 10:00,7,10,Weekday,Summer,Yes,75.05,87.86,58.98
2023-07-13 11:00,7,11,Weekday,Summer,Yes,75.07,92.9,61.23
2023-07-13 12:00,7,12,Weekday,Summer,Yes,75.18,98.46,78.76
2023-07-13 13:00,7,13,Weekday,Summer,Yes,75.2,100.42,88.09
2023-07-13 14:00,7,14,Weekday,Summer,Yes,75.2,102.35,92.04
2023-07-13 15:00,7,15,Weekday,Summer,Yes,75.2,101.06,90.53
2023-07-13 16:00,7,16,Weekday,Summer,Yes,75.2,98.96,83.69
2023-07-13 17:00,7,17,Weekday,Summer,Yes,75.18,98.44,72.33
2023-07-13 18:00,7,18,Weekday,Summer,No,75.09,97.43,68.58
2023-07-13 19:00,7,19,Weekday,Summer,No,74.8,94.67,53.18
2023-07-13 20:00,7,20,Weekday,Summer,No,74.38,90.71,44.16
2023-07-13 21:00,7,21,Weekday,Summer,No,77.67,87.28,7.74
2023-07-13 22:00,7,22,Weekday,Summer,No,78.7,84.84,9.53
2023-07-13 23:00,7,23,Weekday,Summer,No,77.78,82.24,6.56
2023-07-14 00:00,7,0,Weekday,Summer,No,79.39,79.81,0.0
2023-07-14 01:00,7,1,Weekday,Summer,No,78.62,78.98,6.11
2023-07-14 02:00,7,2,Weekday,Summer,No,79.54,78.98,0.0
2023-07-14 03:00,7,3,Weekday,Summer,No,78.25,77.82,0.0
2023-07-14 04:00,7,4,Weekday,Summer,No,79.17,76.37,5.43
2023-07-14 05:00,7,5,Weekday,Summer,No,73.55,75.4,30.46
2023-07-14 06:00,7,6,Weekday,Summer,No,73.91,76.8,30.09
2023-07-14 07:00,7,7,Weekday,Summer,No,74.66,80.39,41.71
2023-07-14 08:00,7,8,Weekday,Summer,Yes,74.82,86.66,53.61
2023-07-14 09:00,7,9,Weekday,Summer,Yes,74.93,92.9,65.09
2023-07-14 10:00,7,10,Weekday,Summer,Yes,75.02,96.78,73.42
2023-07-14 11:00,7,11,Weekday,Summer,Yes,75.04,99.22,77.06
2023-07-14 12:00,7,12,Weekday,Summer,Yes,75.15,101.2,86.64
2023-07-14 13:00,7,13,Weekday,Summer,Yes,75.2,103.8,96.04
2023-07-14 14:00,7,14,Weekday,Summer,Yes,75.2,105.6,106.39
2023-07-14 15:00,7,15,Weekday,Summer,Yes,75.2,105.46,110.99
2023-07-14 16:00,7,16,Weekday,Summer,Yes,75.2,103.82,104.06
2023-07-14 17:00,7,17,Weekday,Summer,Yes,75.18,102.4,86.47
2023-07-14 18:00,7,18,Weekday,Summer,No,75.12,102.02,82.39
2023-07-14 19:00,7,19,Weekday,Summer,No,74.92,100.23,67.6
2023-07-14 20:00,7,20,Weekday,Summer,No,74.6,96.65,56.65
2023-07-14 21:00,7,21,Weekday,Summer,No,77.9,93.22,14.55
2023-07-14 22:00,7,22,Weekday,Summer,No,78.02,90.26,15.53
2023-07-14 23:00,7,23,Weekday,Summer,No,78.3,86.65,11.69
2023-07-15 00:00,7,0,Weekend,Summer,No,78.54,83.77,4.24
2023-07-15 01:00,7,1,Weekend,Summer,No,79.28,81.26,2.01
2023-07-15 02:00,7,2,Weekend,Summer,No,79.41,78.9,0.0
2023-07-15 03:00,7,3,Weekend,Summer,No,77.94,76.82,5.18
2023-07-15 04:00,7,4,Weekend,Summer,No,78.61,74.24,0.0
2023-07-15 05:00,7,5,Weekend,Summer,No,73.31,73.56,26.52
2023-07-15 06:00,7,6,Weekend,Summer,No,73.8,77.51,29.26
2023-07-15 07:00,7,7,Weekend,Summer,No,74.28,83.52,37.48
2023-07-15 08:00,7,8,Weekend,Summer,No,74.49,88.94,45.75
2023-07-15 09:00,7,9,Weekend,Summer,No,74.62,93.98,54.57
2023-07-15 10:00,7,10,Weekend,Summer,No,74.74,97.76,62.18
2023-07-15 11:00,7,11,Weekend,Summer,No,74.82,100.74,68.31
2023-07-15 12:00,7,12,Weekend,Summer,No,74.88,102.54,73.06
2023-07-15 13:00,7,13,Weekend,Summer,No,74.95,104.18,73.57
2023-07-15 14:00,7,14,Weekend,Summer,No,74.97,106.24,82.15
2023-07-15 15:00,7,15,Weekend,Summer,No,74.93,106.43,86.25
2023-07-15 16:00,7,16,Weekend,Summer,No,74.84,105.98,85.38
2023-07-15 17:00,7,17,Weekend,Summer,No,77.81,105.98,41.37
2023-07-15 18:00,7,18,Weekend,Summer,No,78.35,103.67,34.74
2023-07-15 19:00,7,19,Weekend,Summer,No,77.03,100.23,39.47
2023-07-15 20:00,7,20,Weekend,Summer,No,76.78,97.8,27.51
2023-07-15 21:00,7,21,Weekend,Summer,No,77.41,94.67,21.88
2023-07-15 22:00,7,22,Weekend,Summer,No,77.67,91.23,15.41
2023-07-15 23:00,7,23,Weekend,Summer,No,77.89,88.28,11.86
2023-07-16 00:00,7,0,Weekend,Summer,No,78.06,85.82,6.64
2023-07-16 01:00,7,1,Weekend,Summer,No,78.29,83.24,4.15
2023-07-16 02:00,7,2,Weekend,Summer,No,78.13,80.88,0.0
2023-07-16 03:00,7,3,Weekend,Summer,No,79.09,78.9,6.16
2023-07-16 04:00,7,4,Weekend,Summer,No,78.96,76.82,0.0
2023-07-16 05:00,7,5,Weekend,Summer,No,78.77,74.24,1.57
2023-07-16 06:00,7,6,Weekend,Summer,No,75.83,75.98,22.1
2023-07-16 07:00,7,7,Weekend,Summer,No,75.77,82.07,22.71
2023-07-16 08:00,7,8,Weekend,Summer,No,76.16,89.02,27.79
2023-07-16 09:00,7,9,Weekend,Summer,No,76.85,94.35,27.97
2023-07-16 10:00,7,10,Weekend,Summer,No,77.09,97.24,32.19
2023-07-16 11:00,7,11,Weekend,Summer,No,77.58,99.74,31.62
2023-07-16 12:00,7,12,Weekend,Summer,No,77.43,102.72,36.97
2023-07-16 13:00,7,13,Weekend,Summer,No,78.06,104.63,36.51
2023-07-16 14:00,7,14,Weekend,Summer,No,78.31,105.6,41.3
2023-07-16 15:00,7,15,Weekend,Summer,No,78.93,105.98,40.6
2023-07-16 16:00,7,16,Weekend,Summer,No,78.73,105.98,45.72
2023-07-16 17:00,7,17,Weekend,Summer,No,78.95,104.82,41.49
2023-07-16 18:00,7,18,Weekend,Summer,No,78.19,102.84,40.57
2023-07-16 19:00,7,19,Weekend,Summer,No,77.68,100.23,33.02
2023-07-16 20:00,7,20,Weekend,Summer,No,77.07,97.8,31.83
2023-07-16 21:00,7,21,Weekend,Summer,No,77.85,94.67,20.68
2023-07-16 22:00,7,22,Weekend,Summer,No,77.95,91.86,21.32
2023-07-16 23:00,7,23,Weekend,Summer,No,77.81,90.41,15.12
2023-07-17 00:00,7,0,Weekday,Summer,No,77.65,88.28,15.87
2023-07-17 01:00,7,1,Weekday,Summer,No,78.4,86.45,10.34
2023-07-17 02:00,7,2,Weekday,Summer,No,78.0,84.22,6.53
2023-07-17 03:00,7,3,Weekday,Summer,No,78.68,81.78,6.22
2023-07-17 04:00,7,4,Weekday,Summer,No,78.84,82.12,7.25
2023-07-17 05:00,7,5,Weekday,Summer,No,73.91,81.78,32.59
2023-07-17 06:00,7,6,Weekday,Summer,No,74.09,81.59,33.3
2023-07-17 07:00,7,7,Weekday,Summer,No,74.78,84.35,48.23
2023-07-17 08:00,7,8,Weekday,Summer,Yes,74.96,88.31,56.49
2023-07-17 09:00,7,9,Weekday,Summer,Yes,75.06,92.27,64.02
2023-07-17 10:00,7,10,Weekday,Summer,Yes,75.13,95.18,72.26
2023-07-17 11:00,7,11,Weekday,Summer,Yes,75.15,96.6,72.74
2023-07-17 12:00,7,12,Weekday,Summer,Yes,75.19,98.14,79.69
2023-07-17 13:00,7,13,Weekday,Summer,Yes,75.2,99.59,86.04
2023-07-17 14:00,7,14,Weekday,Summer,Yes,75.2,99.41,91.05
2023-07-17 15:00,7,15,Weekday,Summer,Yes,75.2,100.74,96.71
2023-07-17 16:00,7,16,Weekday,Summer,Yes,75.2,100.86,93.48
2023-07-17 17:00,7,17,Weekday,Summer,Yes,75.19,98.88,72.16
2023-07-17 18:00,7,18,Weekday,Summer,No,75.1,97.43,64.47
2023-07-17 19:00,7,19,Weekday,Summer,No,74.78,96.46,55.62
2023-07-17 20:00,7,20,Weekday,Summer,No,74.47,93.66,51.91
2023-07-17 21:00,7,21,Weekday,Summer,No,78.32,84.38,5.39
2023-07-17 22:00,7,22,Weekday,Summer,No,78.16,76.04,8.35
2023-07-17 23:00,7,23,Weekday,Summer,No,78.98,73.94,2.6
2023-07-18 00:00,7,0,Weekday,Summer,No,78.51,74.57,5.1
2023-07-18 01:00,7,1,Weekday,Summer,No,78.58,75.02,5.01
2023-07-18 02:00,7,2,Weekday,Summer,No,79.02,75.02,2.51
2023-07-18 03:00,7,3,Weekday,Summer,No,79.31,74.39,0.0
2023-07-18 04:00,7,4,Weekday,Summer,No,78.13,74.57,7.79
2023-07-18 05:00,7,5,Weekday,Summer,No,73.51,75.54,44.0
2023-07-18 06:00,7,6,Weekday,Summer,No,73.36,76.55,38.81
2023-07-18 07:00,7,7,Weekday,Summer,No,74.36,77.0,52.85
2023-07-18 08:00,7,8,Weekday,Summer,Yes,74.84,80.46,53.35
2023-07-18 09:00,7,9,Weekday,Summer,Yes,74.96,84.72,58.8
2023-07-18 10:00,7,10,Weekday,Summer,Yes,75.04,88.94,66.3
2023-07-18 11:00,7,11,Weekday,Summer,Yes,75.08,92.2,70.93
2023-07-18 12:00,7,12,Weekday,Summer,Yes,75.17,93.02,77.58
2023-07-18 13:00,7,13,Weekday,Summer,Yes,75.2,93.02,79.48
2023-07-18 14:00,7,14,Weekday,Summer,Yes,75.2,95.33,86.94
2023-07-18 15:00,7,15,Weekday,Summer,Yes,75.2,96.46,90.42
2023-07-18 16:00,7,16,Weekday,Summer,Yes,75.2,96.6,84.34
2023-07-18 17:00,7,17,Weekday,Summer,Yes,75.15,95.2,69.35
2023-07-18 18:00,7,18,Weekday,Summer,No,74.97,92.76,61.69
2023-07-18 19:00,7,19,Weekday,Summer,No,74.29,79.76,46.73
2023-07-18 20:00,7,20,Weekday,Summer,No,73.58,69.9,43.38
2023-07-18 21:00,7,21,Weekday,Summer,No,77.59,69.6,0.0
2023-07-18 22:00,7,22,Weekday,Summer,No,78.67,70.61,0.0
2023-07-18 23:00,7,23,Weekday,Summer,No,77.53,71.58,0.0
2023-07-19 00:00,7,0,Weekday,Summer,No,78.53,71.44,0.0
2023-07-19 01:00,7,1,Weekday,Summer,No,78.49,70.43,0.0
2023-07-19 02:00,7,2,Weekday,Summer,No,78.45,70.61,0.0
2023-07-19 03:00,7,3,Weekday,Summer,No,78.45,71.06,0.0
2023-07-19 04:00,7,4,Weekday,Summer,No,78.39,70.43,0.0
2023-07-19 05:00,7,5,Weekday,Summer,No,73.0,71.14,42.11
2023-07-19 06:00,7,6,Weekday,Summer,No,73.17,71.96,40.56
2023-07-19 07:00,7,7,Weekday,Summer,No,74.44,73.74,54.04
2023-07-19 08:00,7,8,Weekday,Summer,Yes,74.68,77.33,52.83
2023-07-19 09:00,7,9,Weekday,Summer,Yes,74.82,80.76,54.78
2023-07-19 10:00,7,10,Weekday,Summer,Yes,74.93,82.56,59.22
2023-07-19 11:00,7,11,Weekday,Summer,Yes,74.94,83.57,58.85
2023-07-19 12:00,7,12,Weekday,Summer,Yes,75.06,87.48,65.87
2023-07-19 13:00,7,13,Weekday,Summer,Yes,75.19,91.74,73.01
2023-07-19 14:00,7,14,Weekday,Summer,Yes,75.2,94.8,81.91
2023-07-19 15:00,7,15,Weekday,Summer,Yes,75.2,95.45,88.59
2023-07-19 16:00,7,16,Weekday,Summer,Yes,75.19,95.63,87.4
2023-07-19 17:00,7,17,Weekday,Summer,Yes,75.12,96.08,75.31
2023-07-19 18:00,7,18,Weekday,Summer,No,75.02,94.82,68.31
2023-07-19 19:00,7,19,Weekday,Summer,No,74.75,92.24,53.25
2023-07-19 20:00,7,20,Weekday,Summer,No,74.39,89.88,48.57
2023-07-19 21:00,7,21,Weekday,Summer,No,77.37,84.96,8.04
2023-07-19 22:00,7,22,Weekday,Summer,No,78.38,76.16,10.27
2023-07-19 23:00,7,23,Weekday,Summer,No,78.15,71.44,0.0
2023-07-20 00:00,7,0,Weekday,Summer,No,77.62,71.06,7.09
2023-07-20 01:00,7,1,Weekday,Summer,No,78.52,71.58,0.0
2023-07-20 02:00,7,2,Weekday,Summer,No,78.83,72.59,0.0
2023-07-20 03:00,7,3,Weekday,Summer,No,78.88,73.04,0.0
2023-07-20 04:00,7,4,Weekday,Summer,No,78.94,73.04,2.95
2023-07-20 05:00,7,5,Weekday,Summer,No,73.33,73.04,36.63
2023-07-20 06:00,7,6,Weekday,Summer,No,73.03,73.56,37.3
2023-07-20 07:00,7,7,Weekday,Summer,No,74.31,76.35,45.65
2023-07-20 08:00,7,8,Weekday,Summer,Yes,74.8,80.92,50.52
2023-07-20 09:00,7,9,Weekday,Summer,Yes,74.96,84.72,57.62
2023-07-20 10:00,7,10,Weekday,Summer,Yes,75.08,86.63,62.83
2023-07-20 11:00,7,11,Weekday,Summer,Yes,75.02,90.54,66.09
2023-07-20 12:00,7,12,Weekday,Summer,Yes,75.12,93.54,74.82
2023-07-20 13:00,7,13,Weekday,Summer,Yes,75.19,95.18,79.23
2023-07-20 14:00,7,14,Weekday,Summer,Yes,75.2,97.24,88.36
2023-07-20 15:00,7,15,Weekday,Summer,Yes,75.2,96.9,90.45
2023-07-20 16:00,7,16,Weekday,Summer,Yes,75.2,94.3,81.4
2023-07-20 17:00,7,17,Weekday,Summer,Yes,75.16,93.02,66.01
2023-07-20 18:00,7,18,Weekday,Summer,No,75.01,91.86,58.94
2023-07-20 19:00,7,19,Weekday,Summer,No,74.56,89.88,51.12
2023-07-20 20:00,7,20,Weekday,Summer,No,74.16,87.9,48.57
2023-07-20 21:00,7,21,Weekday,Summer,No,78.2,85.82,7.63
2023-07-20 22:00,7,22,Weekday,Summer,No,78.19,83.24,5.15
2023-07-20 23:00,7,23,Weekday,Summer,No,78.99,82.56,2.37
2023-07-21 00:00,7,0,Weekday,Summer,No,79.02,82.42,7.71
2023-07-21 01:00,7,1,Weekday,Summer,No,78.91,80.88,0.0
2023-07-21 02:00,7,2,Weekday,Summer,No,79.65,78.9,7.86
2023-07-21 03:00,7,3,Weekday,Summer,No,78.89,78.08,0.0
2023-07-21 04:00,7,4,Weekday,Summer,No,79.35,77.45,8.57
2023-07-21 05:00,7,5,Weekday,Summer,No,73.77,77.0,42.59
2023-07-21 06:00,7,6,Weekday,Summer,No,73.59,77.0,40.57
2023-07-21 07:00,7,7,Weekday,Summer,No,74.61,78.78,50.3
2023-07-21 08:00,7,8,Weekday,Summer,Yes,74.86,82.9,58.32
2023-07-21 09:00,7,9,Weekday,Summer,Yes,74.97,87.34,66.72
2023-07-21 10:00,7,10,Weekday,Summer,Yes,75.05,91.37,74.22
2023-07-21 11:00,7,11,Weekday,Summer,Yes,75.08,94.8,77.62
2023-07-21 12:00,7,12,Weekday,Summer,Yes,75.17,96.6,84.77
2023-07-21 13:00,7,13,Weekday,Summer,Yes,75.2,96.98,87.28
2023-07-21 14:00,7,14,Weekday,Summer,Yes,75.2,89.94,75.63
2023-07-21 15:00,7,15,Weekday,Summer,Yes,75.2,87.34,73.51
2023-07-21 16:00,7,16,Weekday,Summer,Yes,75.2,91.9,79.83
2023-07-21 17:00,7,17,Weekday,Summer,Yes,75.13,91.61,64.89
2023-07-21 18:00,7,18,Weekday,Summer,No,74.99,88.8,56.96
2023-07-21 19:00,7,19,Weekday,Summer,No,74.48,86.2,48.52
2023-07-21 20:00,7,20,Weekday,Summer,No,73.98,83.77,44.56
2023-07-21 21:00,7,21,Weekday,Summer,No,78.66,81.26,0.0
2023-07-21 22:00,7,22,Weekday,Summer,No,78.49,79.43,7.8
2023-07-21 23:00,7,23,Weekday,Summer,No,79.48,79.61,0.0
2023-07-22 00:00,7,0,Weekend,Summer,No,79.39,77.65,0.0
2023-07-22 01:00,7,1,Weekend,Summer,No,79.13,75.92,0.0
2023-07-22 02:00,7,2,Weekend,Summer,No,79.03,75.92,0.0
2023-07-22 03:00,7,3,Weekend,Summer,No,78.9,75.4,0.0
2023-07-22 04:00,7,4,Weekend,Summer,No,78.64,73.86,0.0
2023-07-22 05:00,7,5,Weekend,Summer,No,73.21,72.41,36.82
2023-07-22 06:00,7,6,Weekend,Summer,No,73.7,76.68,36.05
2023-07-22 07:00,7,7,Weekend,Summer,No,74.25,83.52,42.59
2023-07-22 08:00,7,8,Weekend,Summer,No,74.47,88.31,48.98
2023-07-22 09:00,7,9,Weekend,Summer,No,74.6,91.74,52.4
2023-07-22 10:00,7,10,Weekend,Summer,No,74.71,94.8,55.79
2023-07-22 11:00,7,11,Weekend,Summer,No,74.76,96.08,56.35
2023-07-22 12:00,7,12,Weekend,Summer,No,74.8,98.39,60.32
2023-07-22 13:00,7,13,Weekend,Summer,No,74.86,101.2,63.98
2023-07-22 14:00,7,14,Weekend,Summer,No,74.92,102.02,69.83
2023-07-22 15:00,7,15,Weekend,Summer,No,74.88,102.02,74.2
2023-07-22 16:00,7,16,Weekend,Summer,No,74.8,103.18,77.77
2023-07-22 17:00,7,17,Weekend,Summer,No,77.47,102.84,37.86
2023-07-22 18:00,7,18,Weekend,Summer,No,77.69,100.86,32.06
2023-07-22 19:00,7,19,Weekend,Summer,No,76.72,96.47,32.96
2023-07-22 20:00,7,20,Weekend,Summer,No,76.73,92.76,17.7
2023-07-22 21:00,7,21,Weekend,Summer,No,77.69,90.26,15.36
2023-07-22 22:00,7,22,Weekend,Summer,No,77.56,86.65,14.58
2023-07-22 23:00,7,23,Weekend,Summer,No,78.74,83.24,4.37
2023-07-23 00:00,7,0,Weekend,Summer,No,78.79,80.88,2.09
2023-07-23 01:00,7,1,Weekend,Summer,No,79.3,78.9,0.0
2023-07-23 02:00,7,2,Weekend,Summer,No,79.21,78.08,0.0
2023-07-23 03:00,7,3,Weekend,Summer,No,79.11,77.45,0.0
2023-07-23 04:00,7,4,Weekend,Summer,No,78.94,76.37,0.0
2023-07-23 05:00,7,5,Weekend,Summer,No,78.83,75.4,1.24
2023-07-23 06:00,7,6,Weekend,Summer,No,75.92,77.33,27.72
2023-07-23 07:00,7,7,Weekend,Summer,No,76.06,81.92,24.89
2023-07-23 08:00,7,8,Weekend,Summer,No,76.11,85.8,29.1
2023-07-23 09:00,7,9,Weekend,Summer,No,76.66,89.92,28.52
2023-07-23 10:00,7,10,Weekend,Summer,No,76.85,94.35,33.15
2023-07-23 11:00,7,11,Weekend,Summer,No,77.26,96.6,31.03
2023-07-23 12:00,7,12,Weekend,Summer,No,77.05,98.77,35.21
2023-07-23 13:00,7,13,Weekend,Summer,No,77.77,100.57,33.51
2023-07-23 14:00,7,14,Weekend,Summer,No,78.23,101.57,38.07
2023-07-23 15:00,7,15,Weekend,Summer,No,78.8,101.39,35.65
2023-07-23 16:00,7,16,Weekend,Summer,No,78.08,97.48,36.35
2023-07-23 17:00,7,17,Weekend,Summer,No,77.89,96.78,31.62
2023-07-23 18:00,7,18,Weekend,Summer,No,77.43,98.06,34.54
2023-07-23 19:00,7,19,Weekend,Summer,No,77.24,94.49,25.56
2023-07-23 20:00,7,20,Weekend,Summer,No,77.81,91.42,19.55
2023-07-23 21:00,7,21,Weekend,Summer,No,77.99,89.88,15.39
2023-07-23 22:00,7,22,Weekend,Summer,No,77.54,87.9,15.59
2023-07-23 23:00,7,23,Weekend,Summer,No,78.15,85.82,7.7
2023-07-24 00:00,7,0,Weekday,Summer,No,78.58,83.77,11.53
2023-07-24 01:00,7,1,Weekday,Summer,No,78.78,81.78,7.42
2023-07-24 02:00,7,2,Weekday,Summer,No,79.16,80.44,5.18
2023-07-24 03:00,7,3,Weekday,Summer,No,78.51,79.43,2.31
2023-07-24 04:00,7,4,Weekday,Summer,No,78.52,78.46,7.98
2023-07-24 05:00,7,5,Weekday,Summer,No,73.67,77.45,36.89
2023-07-24 06:00,7,6,Weekday,Summer,No,74.07,78.78,40.42
2023-07-24 07:00,7,7,Weekday,Summer,No,74.65,83.52,58.98
2023-07-24 08:00,7,8,Weekday,Summer,Yes,74.79,87.78,67.45
2023-07-24 09:00,7,9,Weekday,Summer,Yes,74.89,90.22,71.74
2023-07-24 10:00,7,10,Weekday,Summer,Yes,74.98,92.2,76.81
2023-07-24 11:00,7,11,Weekday,Summer,Yes,74.99,94.8,77.85
2023-07-24 12:00,7,12,Weekday,Summer,Yes,75.13,98.92,89.33
2023-07-24 13:00,7,13,Weekday,Summer,Yes,75.2,102.1,99.38
2023-07-24 14:00,7,14,Weekday,Summer,Yes,75.2,102.92,105.55
2023-07-24 15:00,7,15,Weekday,Summer,Yes,75.2,104.18,113.5
2023-07-24 16:00,7,16,Weekday,Summer,Yes,75.2,105.08,110.55
2023-07-24 17:00,7,17,Weekday,Summer,Yes,75.19,101.51,84.98
2023-07-24 18:00,7,18,Weekday,Summer,No,75.0,88.46,58.3
2023-07-24 19:00,7,19,Weekday,Summer,No,74.34,76.87,45.01
2023-07-24 20:00,7,20,Weekday,Summer,No,73.82,74.57,43.42
2023-07-24 21:00,7,21,Weekday,Summer,No,78.29,75.02,0.0
2023-07-24 22:00,7,22,Weekday,Summer,No,78.27,76.8,7.85
2023-07-24 23:00,7,23,Weekday,Summer,No,78.8,79.76,4.92
2023-07-25 00:00,7,0,Weekday,Summer,No,79.45,80.44,2.26
2023-07-25 01:00,7,1,Weekday,Summer,No,78.58,78.9,7.72
2023-07-25 02:00,7,2,Weekday,Summer,No,79.42,76.82,0.0
2023-07-25 03:00,7,3,Weekday,Summer,No,78.32,75.4,0.0
2023-07-25 04:00,7,4,Weekday,Summer,No,79.09,75.02,7.94
2023-07-25 05:00,7,5,Weekday,Summer,No,73.58,75.02,45.7
2023-07-25 06:00,7,6,Weekday,Summer,No,73.64,76.8,38.11
2023-07-25 07:00,7,7,Weekday,Summer,No,74.64,79.24,48.51
2023-07-25 08:00,7,8,Weekday,Summer,Yes,74.78,83.52,57.81
2023-07-25 09:00,7,9,Weekday,Summer,Yes,74.88,87.78,65.64
2023-07-25 10:00,7,10,Weekday,Summer,Yes,74.99,91.37,72.66
2023-07-25 11:00,7,11,Weekday,Summer,Yes,75.03,95.33,76.01
2023-07-25 12:00,7,12,Weekday,Summer,Yes,75.14,98.14,84.66
2023-07-25 13:00,7,13,Weekday,Summer,Yes,75.2,100.12,91.64
2023-07-25 14:00,7,14,Weekday,Summer,Yes,75.2,102.1,101.99
2023-07-25 15:00,7,15,Weekday,Summer,Yes,75.2,102.4,107.73
2023-07-25 16:00,7,16,Weekday,Summer,Yes,75.2,101.39,97.8
2023-07-25 17:00,7,17,Weekday,Summer,Yes,75.19,99.78,75.74
2023-07-25 18:00,7,18,Weekday,Summer,No,75.1,97.28,67.43
2023-07-25 19:00,7,19,Weekday,Summer,No,74.78,94.82,56.9
2023-07-25 20:00,7,20,Weekday,Summer,No,74.37,88.67,47.61
2023-07-25 21:00,7,21,Weekday,Summer,No,78.18,84.4,5.98
2023-07-25 22:00,7,22,Weekday,Summer,No,78.26,84.02,12.02
2023-07-25 23:00,7,23,Weekday,Summer,No,79.11,81.71,7.14
2023-07-26 00:00,7,0,Weekday,Summer,No,78.85,78.9,5.51
2023-07-26 01:00,7,1,Weekday,Summer,No,79.21,76.82,2.75
2023-07-26 02:00,7,2,Weekday,Summer,No,78.85,74.24,8.11
2023-07-26 03:00,7,3,Weekday,Summer,No,78.47,73.56,0.0
2023-07-26 04:00,7,4,Weekday,Summer,No,79.04,75.1,5.35
2023-07-26 05:00,7,5,Weekday,Summer,No,73.63,75.4,46.74
2023-07-26 06:00,7,6,Weekday,Summer,No,73.35,75.54,44.61
2023-07-26 07:00,7,7,Weekday,Summer,No,74.36,77.18,55.92
2023-07-26 08:00,7,8,Weekday,Summer,Yes,74.75,81.54,52.17
2023-07-26 09:00,7,9,Weekday,Summer,Yes,74.9,86.33,61.24
2023-07-26 10:00,7,10,Weekday,Summer,Yes,74.98,87.98,65.88
2023-07-26 11:00,7,11,Weekday,Summer,Yes,74.99,90.29,66.83
2023-07-26 12:00,7,12,Weekday,Summer,Yes,75.11,94.35,76.46
2023-07-26 13:00,7,13,Weekday,Summer,Yes,75.19,97.24,83.36
2023-07-26 14:00,7,14,Weekday,Summer,Yes,75.2,98.06,89.35
2023-07-26 15:00,7,15,Weekday,Summer,Yes,75.2,98.58,93.72
2023-07-26 16:00,7,16,Weekday,Summer,Yes,75.2,99.59,93.83
2023-07-26 17:00,7,17,Weekday,Summer,Yes,75.13,98.88,79.42
2023-07-26 18:00,7,18,Weekday,Summer,No,75.03,96.28,70.52
2023-07-26 19:00,7,19,Weekday,Summer,No,74.78,93.22,55.5
2023-07-26 20:00,7,20,Weekday,Summer,No,74.41,90.78,50.36
2023-07-26 21:00,7,21,Weekday,Summer,No,77.72,88.8,14.0
2023-07-26 22:00,7,22,Weekday,Summer,No,78.07,85.67,6.67
2023-07-26 23:00,7,23,Weekday,Summer,No,78.48,82.86,12.51
2023-07-27 00:00,7,0,Weekday,Summer,No,78.86,81.41,2.61
2023-07-27 01:00,7,1,Weekday,Summer,No,79.7,80.44,4.6
2023-07-27 02:00,7,2,Weekday,Summer,No,78.52,78.9,5.18
2023-07-27 03:00,7,3,Weekday,Summer,No,79.52,78.08,2.36
2023-07-27 04:00,7,4,Weekday,Summer,No,78.35,77.45,0.0
2023-07-27 05:00,7,5,Weekday,Summer,No,73.66,76.37,42.25
2023-07-27 06:00,7,6,Weekday,Summer,No,74.02,77.18,37.66
2023-07-27 07:00,7,7,Weekday,Summer,No,74.65,80.92,52.6
2023-07-27 08:00,7,8,Weekday,Summer,Yes,74.79,85.36,60.22
2023-07-27 09:00,7,9,Weekday,Summer,Yes,74.89,89.39,66.78
2023-07-27 10:00,7,10,Weekday,Summer,Yes,75.01,92.2,74.15
2023-07-27 11:00,7,11,Weekday,Summer,Yes,75.04,94.18,75.53
2023-07-27 12:00,7,12,Weekday,Summer,Yes,75.17,96.78,86.93
2023-07-27 13:00,7,13,Weekday,Summer,Yes,75.2,99.22,95.51
2023-07-27 14:00,7,14,Weekday,Summer,Yes,75.2,99.41,98.58
2023-07-27 15:00,7,15,Weekday,Summer,Yes,75.19,89.09,76.75
2023-07-27 16:00,7,16,Weekday,Summer,Yes,74.89,79.73,57.71
2023-07-27 17:00,7,17,Weekday,Summer,Yes,74.53,79.76,48.25
2023-07-27 18:00,7,18,Weekday,Summer,No,74.48,80.44,47.16
2023-07-27 19:00,7,19,Weekday,Summer,No,73.87,77.65,43.28
2023-07-27 20:00,7,20,Weekday,Summer,No,73.34,75.4,43.04
2023-07-27 21:00,7,21,Weekday,Summer,No,77.5,75.02,0.0
2023-07-27 22:00,7,22,Weekday,Summer,No,78.36,73.86,0.0
2023-07-27 23:00,7,23,Weekday,Summer,No,78.65,73.56,0.0
2023-07-28 00:00,7,0,Weekday,Summer,No,78.7,73.42,0.0
2023-07-28 01:00,7,1,Weekday,Summer,No,78.67,73.04,0.0
2023-07-28 02:00,7,2,Weekday,Summer,No,78.64,73.04,0.0
2023-07-28 03:00,7,3,Weekday,Summer,No,78.64,73.56,0.0
2023-07-28 04:00,7,4,Weekday,Summer,No,78.66,72.78,0.0
2023-07-28 05:00,7,5,Weekday,Summer,No,73.15,71.96,42.19
2023-07-28 06:00,7,6,Weekday,Summer,No,73.3,73.74,41.77
2023-07-28 07:00,7,7,Weekday,Summer,No,74.47,76.8,55.04
2023-07-28 08:00,7,8,Weekday,Summer,Yes,74.7,79.24,51.09
2023-07-28 09:00,7,9,Weekday,Summer,Yes,74.82,81.22,52.19
2023-07-28 10:00,7,10,Weekday,Summer,Yes,74.92,83.72,56.79
2023-07-28 11:00,7,11,Weekday,Summer,Yes,74.97,86.18,58.62
2023-07-28 12:00,7,12,Weekday,Summer,Yes,75.13,88.76,68.56
2023-07-28 13:00,7,13,Weekday,Summer,Yes,75.2,92.27,76.62
2023-07-28 14:00,7,14,Weekday,Summer,Yes,75.2,93.92,80.39
2023-07-28 15:00,7,15,Weekday,Summer,Yes,75.2,94.55,84.1
2023-07-28 16:00,7,16,Weekday,Summer,Yes,75.19,95.63,83.9
2023-07-28 17:00,7,17,Weekday,Summer,Yes,75.12,95.45,70.56
2023-07-28 18:00,7,18,Weekday,Summer,No,75.0,93.84,62.83
2023-07-28 19:00,7,19,Weekday,Summer,No,74.69,91.86,51.97
2023-07-28 20:00,7,20,Weekday,Summer,No,74.28,89.88,48.72
2023-07-28 21:00,7,21,Weekday,Summer,No,77.61,86.65,6.21
2023-07-28 22:00,7,22,Weekday,Summer,No,78.56,84.4,13.76
2023-07-28 23:00,7,23,Weekday,Summer,No,77.78,82.24,5.36
2023-07-29 00:00,7,0,Weekend,Summer,No,79.26,77.5,2.26
2023-07-29 01:00,7,1,Weekend,Summer,No,79.22,75.02,0.0
2023-07-29 02:00,7,2,Weekend,Summer,No,79.23,75.54,0.0
2023-07-29 03:00,7,3,Weekend,Summer,No,79.15,75.4,0.0
2023-07-29 04:00,7,4,Weekend,Summer,No,78.95,74.39,0.0
2023-07-29 05:00,7,5,Weekend,Summer,No,73.39,73.94,45.38
2023-07-29 06:00,7,6,Weekend,Summer,No,73.35,74.57,44.19
2023-07-29 07:00,7,7,Weekend,Summer,No,73.89,76.18,43.8
2023-07-29 08:00,7,8,Weekend,Summer,No,74.42,78.78,41.31
2023-07-29 09:00,7,9,Weekend,Summer,No,74.59,81.22,44.63
2023-07-29 10:00,7,10,Weekend,Summer,No,74.69,84.98,49.17
2023-07-29 11:00,7,11,Weekend,Summer,No,74.75,89.39,54.69
2023-07-29 12:00,7,12,Weekend,Summer,No,74.81,92.72,60.63
2023-07-29 13:00,7,13,Weekend,Summer,No,74.79,93.92,60.8
2023-07-29 14:00,7,14,Weekend,Summer,No,74.39,86.99,53.31
2023-07-29 15:00,7,15,Weekend,Summer,No,73.91,83.2,47.92
2023-07-29 16:00,7,16,Weekend,Summer,No,73.91,84.54,46.82
2023-07-29 17:00,7,17,Weekend,Summer,No,77.36,85.55,12.65
2023-07-29 18:00,7,18,Weekend,Summer,No,76.65,84.84,22.36
2023-07-29 19:00,7,19,Weekend,Summer,No,78.68,82.24,3.84
2023-07-29 20:00,7,20,Weekend,Summer,No,78.87,80.96,7.78
2023-07-29 21:00,7,21,Weekend,Summer,No,78.65,80.44,0.0
2023-07-29 22:00,7,22,Weekend,Summer,No,79.01,75.96,0.0
2023-07-29 23:00,7,23,Weekend,Summer,No,78.55,71.88,0.0
2023-07-30 00:00,7,0,Weekend,Summer,No,78.16,71.06,0.0
2023-07-30 01:00,7,1,Weekend,Summer,No,77.79,71.06,0.0
2023-07-30 02:00,7,2,Weekend,Summer,No,77.73,71.06,0.0
2023-07-30 03:00,7,3,Weekend,Summer,No,77.77,71.06,0.0
2023-07-30 04:00,7,4,Weekend,Summer,No,77.64,70.43,0.0
2023-07-30 05:00,7,5,Weekend,Summer,No,77.51,69.98,0.0
2023-07-30 06:00,7,6,Weekend,Summer,No,78.05,72.29,0.0
2023-07-30 07:00,7,7,Weekend,Summer,No,78.75,73.94,0.0
2023-07-30 08:00,7,8,Weekend,Summer,No,78.42,76.35,0.0
2023-07-30 09:00,7,9,Weekend,Summer,No,77.75,77.45,14.82
2023-07-30 10:00,7,10,Weekend,Summer,No,76.92,77.63,18.3
2023-07-30 11:00,7,11,Weekend,Summer,No,76.94,80.39,22.93
2023-07-30 12:00,7,12,Weekend,Summer,No,76.3,81.41,22.27
2023-07-30 13:00,7,13,Weekend,Summer,No,76.6,82.74,23.15
2023-07-30 14:00,7,14,Weekend,Summer,No,76.72,86.33,26.56
2023-07-30 15:00,7,15,Weekend,Summer,No,77.39,89.14,30.15
2023-07-30 16:00,7,16,Weekend,Summer,No,76.77,88.8,28.9
2023-07-30 17:00,7,17,Weekend,Summer,No,76.72,85.67,28.66
2023-07-30 18:00,7,18,Weekend,Summer,No,75.86,82.24,22.94
2023-07-30 19:00,7,19,Weekend,Summer,No,77.03,80.44,11.89
2023-07-30 20:00,7,20,Weekend,Summer,No,78.01,78.9,0.0
2023-07-30 21:00,7,21,Weekend,Summer,No,78.96,78.08,0.0
2023-07-30 22:00,7,22,Weekend,Summer,No,78.17,77.45,3.07
2023-07-30 23:00,7,23,Weekend,Summer,No,79.19,76.37,5.13
2023-07-31 00:00,7,0,Weekday,Summer,No,78.35,75.4,0.0
2023-07-31 01:00,7,1,Weekday,Summer,No,78.71,75.02,0.0
2023-07-31 02:00,7,2,Weekday,Summer,No,78.95,74.39,0.0
2023-07-31 03:00,7,3,Weekday,Summer,No,78.81,73.42,0.0
2023-07-31 04:00,7,4,Weekday,Summer,No,78.72,72.41,0.0
2023-07-31 05:00,7,5,Weekday,Summer,No,73.14,71.96,37.08
2023-07-31 06:00,7,6,Weekday,Summer,No,72.96,72.59,36.22
2023-07-31 07:00,7,7,Weekday,Summer,No,74.31,74.72,43.58
2023-07-31 08:00,7,8,Weekday,Summer,Yes,74.71,78.86,50.91
2023-07-31 09:00,7,9,Weekday,Summer,Yes,74.8,82.74,56.86
2023-07-31 10:00,7,10,Weekday,Summer,Yes,74.91,85.8,63.67
2023-07-31 11:00,7,11,Weekday,Summer,Yes,74.95,87.6,62.92
2023-07-31 12:00,7,12,Weekday,Summer,Yes,75.08,89.14,67.81
2023-07-31 13:00,7,13,Weekday,Summer,Yes,75.19,91.12,72.04
2023-07-31 14:00,7,14,Weekday,Summer,Yes,75.17,90.78,69.9
2023-07-31 15:00,7,15,Weekday,Summer,Yes,75.18,87.02,66.95
2023-07-31 16:00,7,16,Weekday,Summer,Yes,75.15,84.4,61.96
2023-07-31 17:00,7,17,Weekday,Summer,Yes,74.85,84.02,50.55
2023-07-31 18:00,7,18,Weekday,Summer,No,74.5,84.02,47.93
2023-07-31 19:00,7,19,Weekday,Summer,No,73.95,81.71,42.46
2023-07-31 20:00,7,20,Weekday,Summer,No,73.52,79.43,39.36
2023-07-31 21:00,7,21,Weekday,Summer,No,78.05,78.98,0.0
2023-07-31 22:00,7,22,Weekday,Summer,No,79.3,78.98,0.0
2023-07-31 23:00,7,23,Weekday,Summer,No,78.34,78.98,6.71
2023-08-01 00:00,8,0,Weekday,Summer,No,79.14,78.98,2.73
2023-08-01 01:00,8,1,Weekday,Summer,No,79.37,78.98,0.0
2023-08-01 02:00,8,2,Weekday,Summer,No,78.26,78.98,0.0
2023-08-01 03:00,8,3,Weekday,Summer,No,79.25,78.98,0.0
2023-08-01 04:00,8,4,Weekday,Summer,No,78.94,79.61,7.86
2023-08-01 05:00,8,5,Weekday,Summer,No,73.57,79.43,38.86
2023-08-01 06:00,8,6,Weekday,Summer,No,73.4,77.82,37.98
2023-08-01 07:00,8,7,Weekday,Summer,No,74.22,77.63,47.72
2023-08-01 08:00,8,8,Weekday,Summer,Yes,74.78,79.76,49.77
2023-08-01 09:00,8,9,Weekday,Summer,Yes,74.94,84.53,59.01
2023-08-01 10:00,8,10,Weekday,Summer,Yes,75.07,87.08,65.62
2023-08-01 11:00,8,11,Weekday,Summer,Yes,75.08,89.92,69.11
2023-08-01 12:00,8,12,Weekday,Summer,Yes,75.16,92.57,78.55
2023-08-01 13:00,8,13,Weekday,Summer,Yes,75.2,94.18,83.91
2023-08-01 14:00,8,14,Weekday,Summer,Yes,75.2,94.37,84.6
2023-08-01 15:00,8,15,Weekday,Summer,Yes,75.2,95.7,91.31
2023-08-01 16:00,8,16,Weekday,Summer,Yes,75.2,96.46,86.97
2023-08-01 17:00,8,17,Weekday,Summer,Yes,75.15,94.3,68.98
2023-08-01 18:00,8,18,Weekday,Summer,No,74.99,90.71,58.53
2023-08-01 19:00,8,19,Weekday,Summer,No,74.47,88.43,50.07
2023-08-01 20:00,8,20,Weekday,Summer,No,74.12,87.46,47.72
2023-08-01 21:00,8,21,Weekday,Summer,No,78.53,86.45,5.4
2023-08-01 22:00,8,22,Weekday,Summer,No,77.84,85.37,5.29
2023-08-01 23:00,8,23,Weekday,Summer,No,79.1,84.4,5.09
2023-08-02 00:00,8,0,Weekday,Summer,No,79.03,82.86,7.84
2023-08-02 01:00,8,1,Weekday,Summer,No,79.71,81.41,0.0
2023-08-02 02:00,8,2,Weekday,Summer,No,78.84,80.44,7.85
2023-08-02 03:00,8,3,Weekday,Summer,No,79.65,78.9,0.0
2023-08-02 04:00,8,4,Weekday,Summer,No,78.39,76.82,0.0
2023-08-02 05:00,8,5,Weekday,Summer,No,73.51,75.92,38.66
2023-08-02 06:00,8,6,Weekday,Summer,No,73.77,77.18,39.43
2023-08-02 07:00,8,7,Weekday,Summer,No,74.62,80.92,56.16
2023-08-02 08:00,8,8,Weekday,Summer,Yes,74.78,85.88,65.72
2023-08-02 09:00,8,9,Weekday,Summer,Yes,74.89,90.29,74.26
2023-08-02 10:00,8,10,Weekday,Summer,Yes,74.99,93.1,81.32
2023-08-02 11:00,8,11,Weekday,Summer,Yes,75.02,95.18,82.8
2023-08-02 12:00,8,12,Weekday,Summer,Yes,75.16,98.39,93.75
2023-08-02 13:00,8,13,Weekday,Summer,Yes,75.2,100.57,101.33
2023-08-02 14:00,8,14,Weekday,Summer,Yes,75.2,101.57,107.64
2023-08-02 15:00,8,15,Weekday,Summer,Yes,75.2,100.23,103.39
2023-08-02 16:00,8,16,Weekday,Summer,Yes,75.01,82.06,66.67
2023-08-02 17:00,8,17,Weekday,Summer,Yes,74.49,72.92,45.69
2023-08-02 18:00,8,18,Weekday,Summer,No,74.15,75.02,43.31
2023-08-02 19:00,8,19,Weekday,Summer,No,73.64,75.54,40.72
2023-08-02 20:00,8,20,Weekday,Summer,No,73.25,75.92,40.34
2023-08-02 21:00,8,21,Weekday,Summer,No,77.65,75.92,0.0
2023-08-02 22:00,8,22,Weekday,Summer,No,78.84,75.92,0.0
2023-08-02 23:00,8,23,Weekday,Summer,No,78.97,75.92,0.0
2023-08-03 00:00,8,0,Weekday,Summer,No,79.01,75.92,0.0
2023-08-03 01:00,8,1,Weekday,Summer,No,79.1,76.55,0.0
2023-08-03 02:00,8,2,Weekday,Summer,No,79.15,76.37,0.0
2023-08-03 03:00,8,3,Weekday,Summer,No,79.1,75.92,0.0
2023-08-03 04:00,8,4,Weekday,Summer,No,78.01,75.4,7.12
2023-08-03 05:00,8,5,Weekday,Summer,No,73.18,73.86,42.33
2023-08-03 06:00,8,6,Weekday,Summer,No,73.17,73.56,42.48
2023-08-03 07:00,8,7,Weekday,Summer,No,74.49,77.51,53.42
2023-08-03 08:00,8,8,Weekday,Summer,Yes,74.73,81.74,56.03
2023-08-03 09:00,8,9,Weekday,Summer,Yes,74.85,85.88,63.41
2023-08-03 10:00,8,10,Weekday,Summer,Yes,74.95,89.77,71.08
2023-08-03 11:00,8,11,Weekday,Summer,Yes,74.96,92.2,72.0
2023-08-03 12:00,8,12,Weekday,Summer,Yes,75.08,93.02,77.03
2023-08-03 13:00,8,13,Weekday,Summer,Yes,75.19,95.33,83.98
2023-08-03 14:00,8,14,Weekday,Summer,Yes,75.2,98.14,94.3
2023-08-03 15:00,8,15,Weekday,Summer,Yes,75.2,98.96,98.74
2023-08-03 16:00,8,16,Weekday,Summer,Yes,75.2,98.44,94.81
2023-08-03 17:00,8,17,Weekday,Summer,Yes,75.16,98.06,79.27
2023-08-03 18:00,8,18,Weekday,Summer,No,75.06,96.28,71.2
2023-08-03 19:00,8,19,Weekday,Summer,No,74.78,93.84,58.9
2023-08-03 20:00,8,20,Weekday,Summer,No,74.41,91.23,53.18
2023-08-03 21:00,8,21,Weekday,Summer,No,77.54,89.43,13.69
2023-08-03 22:00,8,22,Weekday,Summer,No,78.45,87.28,7.82
2023-08-03 23:00,8,23,Weekday,Summer,No,78.47,84.84,12.97
2023-08-04 00:00,8,0,Weekday,Summer,No,78.91,82.86,7.84
2023-08-04 01:00,8,1,Weekday,Summer,No,78.15,82.56,0.0
2023-08-04 02:00,8,2,Weekday,Summer,No,79.59,80.1,7.7
2023-08-04 03:00,8,3,Weekday,Summer,No,78.37,76.3,0.0
2023-08-04 04:00,8,4,Weekday,Summer,No,79.42,75.54,7.34
2023-08-04 05:00,8,5,Weekday,Summer,No,73.69,75.92,43.24
2023-08-04 06:00,8,6,Weekday,Summer,No,73.18,71.93,41.03
2023-08-04 07:00,8,7,Weekday,Summer,No,74.33,70.24,49.68
2023-08-04 08:00,8,8,Weekday,Summer,Yes,74.74,73.37,47.65
2023-08-04 09:00,8,9,Weekday,Summer,Yes,74.86,79.64,56.54
2023-08-04 10:00,8,10,Weekday,Summer,Yes,74.94,85.88,66.89
2023-08-04 11:00,8,11,Weekday,Summer,Yes,74.94,90.92,71.49
2023-08-04 12:00,8,12,Weekday,Summer,Yes,75.08,94.18,80.4
2023-08-04 13:00,8,13,Weekday,Summer,Yes,75.19,96.16,87.14
2023-08-04 14:00,8,14,Weekday,Summer,Yes,75.2,96.46,92.54
2023-08-04 15:00,8,15,Weekday,Summer,Yes,75.2,91.98,86.46
2023-08-04 16:00,8,16,Weekday,Summer,Yes,75.2,94.31,85.67
2023-08-04 17:00,8,17,Weekday,Summer,Yes,75.12,92.81,63.66
2023-08-04 18:00,8,18,Weekday,Summer,No,74.72,81.4,49.08
2023-08-04 19:00,8,19,Weekday,Summer,No,74.06,75.92,43.84
2023-08-04 20:00,8,20,Weekday,Summer,No,73.64,75.92,42.83
2023-08-04 21:00,8,21,Weekday,Summer,No,78.1,75.92,0.0
2023-08-04 22:00,8,22,Weekday,Summer,No,78.35,75.4,7.81
2023-08-04 23:00,8,23,Weekday,Summer,No,78.55,75.02,0.0
2023-08-05 00:00,8,0,Weekend,Summer,No,78.83,75.02,0.0
2023-08-05 01:00,8,1,Weekend,Summer,No,78.88,75.02,0.0
2023-08-05 02:00,8,2,Weekend,Summer,No,78.78,74.39,0.0
2023-08-05 03:00,8,3,Weekend,Summer,No,78.52,72.26,0.0
2023-08-05 04:00,8,4,Weekend,Summer,No,78.34,71.58,0.0
2023-08-05 05:00,8,5,Weekend,Summer,No,73.07,72.59,44.78
2023-08-05 06:00,8,6,Weekend,Summer,No,72.96,74.19,43.2
2023-08-05 07:00,8,7,Weekend,Summer,No,73.99,76.8,40.74
2023-08-05 08:00,8,8,Weekend,Summer,No,74.34,80.92,45.65
2023-08-05 09:00,8,9,Weekend,Summer,No,74.48,82.94,47.98
2023-08-05 10:00,8,10,Weekend,Summer,No,74.59,85.88,50.86
2023-08-05 11:00,8,11,Weekend,Summer,No,74.67,89.77,55.35
2023-08-05 12:00,8,12,Weekend,Summer,No,74.74,92.2,59.49
2023-08-05 13:00,8,13,Weekend,Summer,No,74.82,95.33,61.62
2023-08-05 14:00,8,14,Weekend,Summer,No,74.93,96.46,64.42
2023-08-05 15:00,8,15,Weekend,Summer,No,74.87,94.82,59.32
2023-08-05 16:00,8,16,Weekend,Summer,No,74.77,93.92,56.57
2023-08-05 17:00,8,17,Weekend,Summer,No,76.74,93.4,30.46
2023-08-05 18:00,8,18,Weekend,Summer,No,76.37,90.71,25.42
2023-08-05 19:00,8,19,Weekend,Summer,No,77.62,87.28,13.43
2023-08-05 20:00,8,20,Weekend,Summer,No,77.7,85.37,8.21
2023-08-05 21:00,8,21,Weekend,Summer,No,78.48,84.4,5.19
2023-08-05 22:00,8,22,Weekend,Summer,No,79.06,83.39,8.04
2023-08-05 23:00,8,23,Weekend,Summer,No,78.45,82.94,0.0
2023-08-06 00:00,8,0,Weekend,Summer,No,79.51,81.78,0.0
2023-08-06 01:00,8,1,Weekend,Summer,No,79.44,79.81,5.85
2023-08-06 02:00,8,2,Weekend,Summer,No,79.3,78.46,2.52
2023-08-06 03:00,8,3,Weekend,Summer,No,79.16,77.45,0.0
2023-08-06 04:00,8,4,Weekend,Summer,No,78.98,76.37,0.0
2023-08-06 05:00,8,5,Weekend,Summer,No,78.81,75.4,0.0
2023-08-06 06:00,8,6,Weekend,Summer,No,75.9,76.8,29.09
2023-08-06 07:00,8,7,Weekend,Summer,No,75.89,80.39,24.2
2023-08-06 08:00,8,8,Weekend,Summer,No,75.96,84.98,31.9
2023-08-06 09:00,8,9,Weekend,Summer,No,76.51,88.23,26.26
2023-08-06 10:00,8,10,Weekend,Summer,No,76.61,90.74,33.78
2023-08-06 11:00,8,11,Weekend,Summer,No,77.11,94.35,28.23
2023-08-06 12:00,8,12,Weekend,Summer,No,76.98,96.08,36.73
2023-08-06 13:00,8,13,Weekend,Summer,No,77.74,98.39,30.59
2023-08-06 14:00,8,14,Weekend,Summer,No,78.21,100.04,40.81
2023-08-06 15:00,8,15,Weekend,Summer,No,78.72,99.41,32.35
2023-08-06 16:00,8,16,Weekend,Summer,No,78.46,98.96,41.22
2023-08-06 17:00,8,17,Weekend,Summer,No,78.27,98.44,31.42
2023-08-06 18:00,8,18,Weekend,Summer,No,77.44,97.43,38.14
2023-08-06 19:00,8,19,Weekend,Summer,No,77.19,90.58,19.43
2023-08-06 20:00,8,20,Weekend,Summer,No,77.89,87.16,18.4
2023-08-06 21:00,8,21,Weekend,Summer,No,78.05,87.98,15.22
2023-08-06 22:00,8,22,Weekend,Summer,No,77.88,87.46,15.95
2023-08-06 23:00,8,23,Weekend,Summer,No,78.01,85.3,10.06
2023-08-07 00:00,8,0,Weekday,Summer,No,78.05,83.39,7.66
2023-08-07 01:00,8,1,Weekday,Summer,No,78.3,82.42,5.32
2023-08-07 02:00,8,2,Weekday,Summer,No,79.04,81.41,2.39
2023-08-07 03:00,8,3,Weekday,Summer,No,79.1,79.81,7.79
2023-08-07 04:00,8,4,Weekday,Summer,No,78.54,78.46,0.0
2023-08-07 05:00,8,5,Weekday,Summer,No,73.66,77.45,38.32
2023-08-07 06:00,8,6,Weekday,Summer,No,73.97,78.16,41.06
2023-08-07 07:00,8,7,Weekday,Summer,No,74.66,81.92,58.42
2023-08-07 08:00,8,8,Weekday,Summer,Yes,74.82,86.96,68.16
2023-08-07 09:00,8,9,Weekday,Summer,Yes,74.95,90.22,75.27
2023-08-07 10:00,8,10,Weekday,Summer,Yes,75.07,92.2,81.47
2023-08-07 11:00,8,11,Weekday,Summer,Yes,75.07,91.23,75.52
2023-08-07 12:00,8,12,Weekday,Summer,Yes,75.16,93.53,84.88
2023-08-07 13:00,8,13,Weekday,Summer,Yes,75.2,95.45,91.68
2023-08-07 14:00,8,14,Weekday,Summer,Yes,75.2,95.0,92.82
2023-08-07 15:00,8,15,Weekday,Summer,Yes,75.2,93.84,90.56
2023-08-07 16:00,8,16,Weekday,Summer,Yes,75.2,93.54,84.98
2023-08-07 17:00,8,17,Weekday,Summer,Yes,75.17,95.18,74.99
2023-08-07 18:00,8,18,Weekday,Summer,No,75.06,94.3,69.74
2023-08-07 19:00,8,19,Weekday,Summer,No,74.76,92.39,56.85
2023-08-07 20:00,8,20,Weekday,Summer,No,74.4,90.26,52.77
2023-08-07 21:00,8,21,Weekday,Summer,No,77.79,87.9,11.47
2023-08-07 22:00,8,22,Weekday,Summer,No,78.39,86.45,7.18
2023-08-07 23:00,8,23,Weekday,Summer,No,78.32,84.22,13.01
2023-08-08 00:00,8,0,Weekday,Summer,No,79.08,81.78,2.8
2023-08-08 01:00,8,1,Weekday,Summer,No,79.58,80.44,4.99
2023-08-08 02:00,8,2,Weekday,Summer,No,78.75,80.06,5.31
2023-08-08 03:00,8,3,Weekday,Summer,No,79.7,79.43,2.32
2023-08-08 04:00,8,4,Weekday,Summer,No,78.59,78.46,0.0
2023-08-08 05:00,8,5,Weekday,Summer,No,73.65,77.45,40.24
2023-08-08 06:00,8,6,Weekday,Summer,No,73.82,78.16,38.82
2023-08-08 07:00,8,7,Weekday,Summer,No,74.69,82.44,55.81
2023-08-08 08:00,8,8,Weekday,Summer,Yes,74.87,87.86,66.95
2023-08-08 09:00,8,9,Weekday,Summer,Yes,74.99,91.74,74.8
2023-08-08 10:00,8,10,Weekday,Summer,Yes,75.07,94.18,81.16
2023-08-08 11:00,8,11,Weekday,Summer,Yes,75.09,96.78,83.32
2023-08-08 12:00,8,12,Weekday,Summer,Yes,75.18,99.22,93.75
2023-08-08 13:00,8,13,Weekday,Summer,Yes,75.2,100.57,99.1
2023-08-08 14:00,8,14,Weekday,Summer,Yes,75.2,100.94,103.31
2023-08-08 15:00,8,15,Weekday,Summer,Yes,75.2,102.1,106.49
2023-08-08 16:00,8,16,Weekday,Summer,Yes,75.2,102.4,99.25
2023-08-08 17:00,8,17,Weekday,Summer,Yes,75.19,100.23,77.88
2023-08-08 18:00,8,18,Weekday,Summer,No,75.06,92.03,61.05
2023-08-08 19:00,8,19,Weekday,Summer,No,74.56,85.82,46.81
2023-08-08 20:00,8,20,Weekday,Summer,No,74.2,84.4,42.73
2023-08-08 21:00,8,21,Weekday,Summer,No,78.22,83.39,7.08
2023-08-08 22:00,8,22,Weekday,Summer,No,78.23,81.78,5.31
2023-08-08 23:00,8,23,Weekday,Summer,No,79.12,80.96,2.29
2023-08-09 00:00,8,0,Weekday,Summer,No,79.0,80.44,7.94
2023-08-09 01:00,8,1,Weekday,Summer,No,78.9,80.06,2.84
2023-08-09 02:00,8,2,Weekday,Summer,No,79.76,79.43,4.9
2023-08-09 03:00,8,3,Weekday,Summer,No,78.73,79.61,2.68
2023-08-09 04:00,8,4,Weekday,Summer,No,79.41,79.43,7.33
2023-08-09 05:00,8,5,Weekday,Summer,No,73.86,79.61,38.6
2023-08-09 06:00,8,6,Weekday,Summer,No,73.64,79.43,38.54
2023-08-09 07:00,8,7,Weekday,Summer,No,74.47,79.61,48.52
2023-08-09 08:00,8,8,Weekday,Summer,Yes,74.8,81.22,51.67
2023-08-09 09:00,8,9,Weekday,Summer,Yes,74.94,83.72,56.6
2023-08-09 10:00,8,10,Weekday,Summer,Yes,75.06,87.86,65.16
2023-08-09 11:00,8,11,Weekday,Summer,Yes,75.12,89.43,65.0
2023-08-09 12:00,8,12,Weekday,Summer,Yes,75.18,91.37,73.22
2023-08-09 13:00,8,13,Weekday,Summer,Yes,75.2,95.96,86.64
2023-08-09 14:00,8,14,Weekday,Summer,Yes,75.2,98.58,96.04
2023-08-09 15:00,8,15,Weekday,Summer,Yes,75.2,98.44,97.82
2023-08-09 16:00,8,16,Weekday,Summer,Yes,75.2,98.58,93.85
2023-08-09 17:00,8,17,Weekday,Summer,Yes,75.15,96.65,75.03
2023-08-09 18:00,8,18,Weekday,Summer,No,75.04,94.37,64.69
2023-08-09 19:00,8,19,Weekday,Summer,No,74.68,91.61,53.51
2023-08-09 20:00,8,20,Weekday,Summer,No,74.25,85.34,45.9
2023-08-09 21:00,8,21,Weekday,Summer,No,77.96,82.56,4.96
2023-08-09 22:00,8,22,Weekday,Summer,No,78.09,80.63,2.3
2023-08-09 23:00,8,23,Weekday,Summer,No,79.56,78.98,8.66
2023-08-10 00:00,8,0,Weekday,Summer,No,78.69,78.46,8.3
2023-08-10 01:00,8,1,Weekday,Summer,No,79.18,76.82,0.0
2023-08-10 02:00,8,2,Weekday,Summer,No,78.87,75.4,8.46
2023-08-10 03:00,8,3,Weekday,Summer,No,79.46,75.02,0.0
2023-08-10 04:00,8,4,Weekday,Summer,No,78.36,75.02,0.0
2023-08-10 05:00,8,5,Weekday,Summer,No,73.51,74.39,48.72
2023-08-10 06:00,8,6,Weekday,Summer,No,73.38,75.1,45.11
2023-08-10 07:00,8,7,Weekday,Summer,No,74.32,77.18,55.88
2023-08-10 08:00,8,8,Weekday,Summer,Yes,74.68,78.08,55.38
2023-08-10 09:00,8,9,Weekday,Summer,Yes,74.8,79.24,51.93
2023-08-10 10:00,8,10,Weekday,Summer,Yes,74.96,80.06,54.79
2023-08-10 11:00,8,11,Weekday,Summer,Yes,75.03,83.52,58.38
2023-08-10 12:00,8,12,Weekday,Summer,Yes,75.13,87.78,67.3
2023-08-10 13:00,8,13,Weekday,Summer,Yes,75.2,91.9,75.03
2023-08-10 14:00,8,14,Weekday,Summer,Yes,75.2,91.61,76.15
2023-08-10 15:00,8,15,Weekday,Summer,Yes,75.2,89.43,70.47
2023-08-10 16:00,8,16,Weekday,Summer,Yes,75.15,86.65,63.69
2023-08-10 17:00,8,17,Weekday,Summer,Yes,74.98,84.92,51.37
2023-08-10 18:00,8,18,Weekday,Summer,No,74.6,84.4,49.37
2023-08-10 19:00,8,19,Weekday,Summer,No,74.1,83.39,45.27
2023-08-10 20:00,8,20,Weekday,Summer,No,73.72,81.78,42.69
2023-08-10 21:00,8,21,Weekday,Summer,No,78.36,80.96,0.0
2023-08-10 22:00,8,22,Weekday,Summer,No,79.52,78.65,0.0
2023-08-10 23:00,8,23,Weekday,Summer,No,78.01,73.54,7.58
2023-08-11 00:00,8,0,Weekday,Summer,No,78.71,71.06,0.0
2023-08-11 01:00,8,1,Weekday,Summer,No,78.61,70.43,0.0
2023-08-11 02:00,8,2,Weekday,Summer,No,78.44,69.98,0.0
2023-08-11 03:00,8,3,Weekday,Summer,No,78.49,70.61,0.0
2023-08-11 04:00,8,4,Weekday,Summer,No,78.59,71.06,0.0
2023-08-11 05:00,8,5,Weekday,Summer,No,73.09,71.06,43.23
2023-08-11 06:00,8,6,Weekday,Summer,No,72.84,71.06,40.92
2023-08-11 07:00,8,7,Weekday,Summer,No,74.35,72.74,51.38
2023-08-11 08:00,8,8,Weekday,Summer,Yes,74.68,75.1,54.74
2023-08-11 09:00,8,9,Weekday,Summer,Yes,74.76,77.18,57.54
2023-08-11 10:00,8,10,Weekday,Summer,Yes,74.83,80.39,54.59
2023-08-11 11:00,8,11,Weekday,Summer,Yes,74.83,83.72,57.1
2023-08-11 12:00,8,12,Weekday,Summer,Yes,74.97,87.34,65.64
2023-08-11 13:00,8,13,Weekday,Summer,Yes,74.97,80.87,57.44
2023-08-11 14:00,8,14,Weekday,Summer,Yes,75.17,80.79,59.72
2023-08-11 15:00,8,15,Weekday,Summer,Yes,75.2,86.7,68.24
2023-08-11 16:00,8,16,Weekday,Summer,Yes,75.17,87.46,63.74
2023-08-11 17:00,8,17,Weekday,Summer,Yes,75.03,87.08,51.29
2023-08-11 18:00,8,18,Weekday,Summer,No,74.85,84.14,47.49
2023-08-11 19:00,8,19,Weekday,Summer,No,74.16,80.88,41.01
2023-08-11 20:00,8,20,Weekday,Summer,No,73.64,79.43,39.0
2023-08-11 21:00,8,21,Weekday,Summer,No,78.08,78.46,0.0
2023-08-11 22:00,8,22,Weekday,Summer,No,79.25,78.08,0.0
2023-08-11 23:00,8,23,Weekday,Summer,No,79.11,76.82,0.0
2023-08-12 00:00,8,0,Weekend,Summer,No,78.99,75.92,0.0
2023-08-12 01:00,8,1,Weekend,Summer,No,78.94,75.4,0.0
2023-08-12 02:00,8,2,Weekend,Summer,No,78.87,75.02,0.0
2023-08-12 03:00,8,3,Weekend,Summer,No,78.82,75.02,0.0
2023-08-12 04:00,8,4,Weekend,Summer,No,78.74,74.39,0.0
2023-08-12 05:00,8,5,Weekend,Summer,No,73.24,73.94,37.94
2023-08-12 06:00,8,6,Weekend,Summer,No,72.77,73.94,37.12
2023-08-12 07:00,8,7,Weekend,Summer,No,73.88,76.88,39.58
2023-08-12 08:00,8,8,Weekend,Summer,No,74.33,80.13,43.04
2023-08-12 09:00,8,9,Weekend,Summer,No,74.52,83.9,47.51
2023-08-12 10:00,8,10,Weekend,Summer,No,74.65,87.16,51.32
2023-08-12 11:00,8,11,Weekend,Summer,No,74.75,89.14,54.6
2023-08-12 12:00,8,12,Weekend,Summer,No,74.81,92.27,60.58
2023-08-12 13:00,8,13,Weekend,Summer,No,74.84,95.18,61.88
2023-08-12 14:00,8,14,Weekend,Summer,No,74.9,94.82,60.52
2023-08-12 15:00,8,15,Weekend,Summer,No,74.87,95.18,61.08
2023-08-12 16:00,8,16,Weekend,Summer,No,74.76,96.6,59.99
2023-08-12 17:00,8,17,Weekend,Summer,No,76.7,94.67,31.1
2023-08-12 18:00,8,18,Weekend,Summer,No,76.41,93.02,26.82
2023-08-12 19:00,8,19,Weekend,Summer,No,77.45,91.23,16.95
2023-08-12 20:00,8,20,Weekend,Summer,No,77.62,87.02,14.51
2023-08-12 21:00,8,21,Weekend,Summer,No,78.68,84.92,4.91
2023-08-12 22:00,8,22,Weekend,Summer,No,78.38,83.24,2.3
2023-08-12 23:00,8,23,Weekend,Summer,No,78.2,80.26,0.0
2023-08-13 00:00,8,0,Weekend,Summer,No,78.98,78.46,0.0
2023-08-13 01:00,8,1,Weekend,Summer,No,78.99,78.08,0.0
2023-08-13 02:00,8,2,Weekend,Summer,No,78.83,76.3,0.0
2023-08-13 03:00,8,3,Weekend,Summer,No,78.61,75.02,0.0
2023-08-13 04:00,8,4,Weekend,Summer,No,78.44,74.39,0.0
2023-08-13 05:00,8,5,Weekend,Summer,No,78.26,73.42,0.0
2023-08-13 06:00,8,6,Weekend,Summer,No,76.32,74.72,20.08
2023-08-13 07:00,8,7,Weekend,Summer,No,75.25,78.33,27.32
2023-08-13 08:00,8,8,Weekend,Summer,No,75.9,82.37,25.05
2023-08-13 09:00,8,9,Weekend,Summer,No,76.14,87.48,28.91
2023-08-13 10:00,8,10,Weekend,Summer,No,76.85,91.12,27.67
2023-08-13 11:00,8,11,Weekend,Summer,No,76.7,93.1,30.77
2023-08-13 12:00,8,12,Weekend,Summer,No,77.06,96.86,29.87
2023-08-13 13:00,8,13,Weekend,Summer,No,77.43,98.96,34.01
2023-08-13 14:00,8,14,Weekend,Summer,No,78.28,100.74,33.35
2023-08-13 15:00,8,15,Weekend,Summer,No,78.36,101.39,37.17
2023-08-13 16:00,8,16,Weekend,Summer,No,78.62,99.78,34.59
2023-08-13 17:00,8,17,Weekend,Summer,No,78.21,98.96,36.93
2023-08-13 18:00,8,18,Weekend,Summer,No,77.99,97.28,31.65
2023-08-13 19:00,8,19,Weekend,Summer,No,76.69,93.66,30.35
2023-08-13 20:00,8,20,Weekend,Summer,No,77.81,89.1,13.85
2023-08-13 21:00,8,21,Weekend,Summer,No,77.54,84.66,15.12
2023-08-13 22:00,8,22,Weekend,Summer,No,78.43,81.26,6.36
2023-08-13 23:00,8,23,Weekend,Summer,No,77.86,80.06,0.0
2023-08-14 00:00,8,0,Weekday,Summer,No,78.46,79.43,6.23
2023-08-14 01:00,8,1,Weekday,Summer,No,79.14,78.46,4.08
2023-08-14 02:00,8,2,Weekday,Summer,No,78.46,77.45,2.03
2023-08-14 03:00,8,3,Weekday,Summer,No,79.29,76.37,0.0
2023-08-14 04:00,8,4,Weekday,Summer,No,78.09,75.4,5.68
2023-08-14 05:00,8,5,Weekday,Summer,No,73.35,75.02,31.77
2023-08-14 06:00,8,6,Weekday,Summer,No,73.67,75.54,31.68
2023-08-14 07:00,8,7,Weekday,Summer,No,74.56,79.49,41.79
2023-08-14 08:00,8,8,Weekday,Summer,Yes,74.76,84.35,50.01
2023-08-14 09:00,8,9,Weekday,Summer,Yes,74.87,87.16,56.12
2023-08-14 10:00,8,10,Weekday,Summer,Yes,74.95,89.77,61.92
2023-08-14 11:00,8,11,Weekday,Summer,Yes,74.97,92.72,63.54
2023-08-14 12:00,8,12,Weekday,Summer,Yes,75.1,93.92,68.31
2023-08-14 13:00,8,13,Weekday,Summer,Yes,75.19,94.55,70.67
2023-08-14 14:00,8,14,Weekday,Summer,Yes,75.2,95.63,76.96
2023-08-14 15:00,8,15,Weekday,Summer,Yes,75.2,96.08,81.46
2023-08-14 16:00,8,16,Weekday,Summer,Yes,75.2,96.08,77.91
2023-08-14 17:00,8,17,Weekday,Summer,Yes,75.14,94.82,62.36
2023-08-14 18:00,8,18,Weekday,Summer,No,75.0,92.24,53.63
2023-08-14 19:00,8,19,Weekday,Summer,No,74.59,89.88,43.16
2023-08-14 20:00,8,20,Weekday,Summer,No,74.12,86.65,38.31
2023-08-14 21:00,8,21,Weekday,Summer,No,78.29,84.4,2.17
2023-08-14 22:00,8,22,Weekday,Summer,No,79.1,81.71,4.18
2023-08-14 23:00,8,23,Weekday,Summer,No,79.07,78.9,3.63
2023-08-15 00:00,8,0,Weekday,Summer,No,78.7,77.45,1.79
2023-08-15 01:00,8,1,Weekday,Summer,No,79.12,75.84,0.0
2023-08-15 02:00,8,2,Weekday,Summer,No,78.73,72.08,0.0
2023-08-15 03:00,8,3,Weekday,Summer,No,78.27,69.46,0.0
2023-08-15 04:00,8,4,Weekday,Summer,No,78.03,67.82,0.0
2023-08-15 05:00,8,5,Weekday,Summer,No,72.83,66.92,20.12
2023-08-15 06:00,8,6,Weekday,Summer,No,73.07,69.86,22.52
2023-08-15 07:00,8,7,Weekday,Summer,No,74.37,76.06,34.48
2023-08-15 08:00,8,8,Weekday,Summer,Yes,74.66,81.92,43.34
2023-08-15 09:00,8,9,Weekday,Summer,Yes,74.79,86.33,52.56
2023-08-15 10:00,8,10,Weekday,Summer,Yes,74.9,89.14,59.42
2023-08-15 11:00,8,11,Weekday,Summer,Yes,74.92,91.12,59.73
2023-08-15 12:00,8,12,Weekday,Summer,Yes,75.06,92.57,66.92
2023-08-15 13:00,8,13,Weekday,Summer,Yes,75.19,94.18,71.29
2023-08-15 14:00,8,14,Weekday,Summer,Yes,75.2,95.63,78.35
2023-08-15 15:00,8,15,Weekday,Summer,Yes,75.2,96.08,83.24
2023-08-15 16:00,8,16,Weekday,Summer,Yes,75.2,96.6,82.23
2023-08-15 17:00,8,17,Weekday,Summer,Yes,75.11,95.2,66.84
2023-08-15 18:00,8,18,Weekday,Summer,No,74.98,93.4,58.92
2023-08-15 19:00,8,19,Weekday,Summer,No,74.58,90.08,45.91
2023-08-15 20:00,8,20,Weekday,Summer,No,74.09,85.67,38.27
2023-08-15 21:00,8,21,Weekday,Summer,No,78.18,83.39,2.18
2023-08-15 22:00,8,22,Weekday,Summer,No,79.02,81.78,4.12
2023-08-15 23:00,8,23,Weekday,Summer,No,79.38,79.81,3.77
2023-08-16 00:00,8,0,Weekday,Summer,No,78.36,77.2,1.82
2023-08-16 01:00,8,1,Weekday,Summer,No,78.87,73.61,0.0
2023-08-16 02:00,8,2,Weekday,Summer,No,78.47,70.81,0.0
2023-08-16 03:00,8,3,Weekday,Summer,No,78.17,69.46,0.0
2023-08-16 04:00,8,4,Weekday,Summer,No,78.04,69.08,0.0
2023-08-16 05:00,8,5,Weekday,Summer,No,72.8,67.3,20.66
2023-08-16 06:00,8,6,Weekday,Summer,No,73.15,68.96,21.88
2023-08-16 07:00,8,7,Weekday,Summer,No,74.33,75.16,34.72
2023-08-16 08:00,8,8,Weekday,Summer,Yes,74.64,81.54,43.24
2023-08-16 09:00,8,9,Weekday,Summer,Yes,74.77,87.48,52.49
2023-08-16 10:00,8,10,Weekday,Summer,Yes,74.88,91.12,61.15
2023-08-16 11:00,8,11,Weekday,Summer,Yes,74.9,92.57,62.67
2023-08-16 12:00,8,12,Weekday,Summer,Yes,75.05,94.8,70.99
2023-08-16 13:00,8,13,Weekday,Summer,Yes,75.19,96.6,75.99
2023-08-16 14:00,8,14,Weekday,Summer,Yes,75.2,98.14,83.28
2023-08-16 15:00,8,15,Weekday,Summer,Yes,75.2,98.96,88.78
2023-08-16 16:00,8,16,Weekday,Summer,Yes,75.2,98.96,86.23
2023-08-16 17:00,8,17,Weekday,Summer,Yes,75.13,97.28,70.26
2023-08-16 18:00,8,18,Weekday,Summer,No,75.02,95.45,62.19
2023-08-16 19:00,8,19,Weekday,Summer,No,74.71,93.22,49.16
2023-08-16 20:00,8,20,Weekday,Summer,No,74.28,89.63,42.77
2023-08-16 21:00,8,21,Weekday,Summer,No,77.59,86.82,6.72
2023-08-16 22:00,8,22,Weekday,Summer,No,78.64,84.84,10.8
2023-08-16 23:00,8,23,Weekday,Summer,No,78.76,82.86,0.0
2023-08-17 00:00,8,0,Weekday,Summer,No,79.4,79.1,6.14
2023-08-17 01:00,8,1,Weekday,Summer,No,78.39,75.84,0.0
2023-08-17 02:00,8,2,Weekday,Summer,No,78.42,72.71,0.0
2023-08-17 03:00,8,3,Weekday,Summer,No,78.36,71.06,0.0
2023-08-17 04:00,8,4,Weekday,Summer,No,78.27,70.43,0.0
2023-08-17 05:00,8,5,Weekday,Summer,No,72.91,69.98,22.96
2023-08-17 06:00,8,6,Weekday,Summer,No,73.05,71.76,25.1
2023-08-17 07:00,8,7,Weekday,Summer,No,74.44,76.5,36.78
2023-08-17 08:00,8,8,Weekday,Summer,Yes,74.7,83.08,45.43
2023-08-17 09:00,8,9,Weekday,Summer,Yes,74.83,89.46,56.92
2023-08-17 10:00,8,10,Weekday,Summer,Yes,74.94,93.1,67.34
2023-08-17 11:00,8,11,Weekday,Summer,Yes,74.98,95.7,71.47
2023-08-17 12:00,8,12,Weekday,Summer,Yes,75.12,97.61,80.08
2023-08-17 13:00,8,13,Weekday,Summer,Yes,75.2,100.37,87.33
2023-08-17 14:00,8,14,Weekday,Summer,Yes,75.2,101.39,93.6
2023-08-17 15:00,8,15,Weekday,Summer,Yes,75.2,102.1,98.98
2023-08-17 16:00,8,16,Weekday,Summer,Yes,75.2,102.4,96.87
2023-08-17 17:00,8,17,Weekday,Summer,Yes,75.16,100.86,79.04
2023-08-17 18:00,8,18,Weekday,Summer,No,75.05,97.73,67.28
2023-08-17 19:00,8,19,Weekday,Summer,No,74.74,94.82,53.35
2023-08-17 20:00,8,20,Weekday,Summer,No,74.38,92.76,48.52
2023-08-17 21:00,8,21,Weekday,Summer,No,77.46,90.26,12.6
2023-08-17 22:00,8,22,Weekday,Summer,No,78.62,87.28,6.19
2023-08-17 23:00,8,23,Weekday,Summer,No,77.9,82.54,6.2
2023-08-18 00:00,8,0,Weekday,Summer,No,79.44,79.43,0.0
2023-08-18 01:00,8,1,Weekday,Summer,No,78.23,77.2,5.61
2023-08-18 02:00,8,2,Weekday,Summer,No,78.99,74.76,0.0
2023-08-18 03:00,8,3,Weekday,Summer,No,78.82,73.42,0.0
2023-08-18 04:00,8,4,Weekday,Summer,No,78.78,73.04,0.0
2023-08-18 05:00,8,5,Weekday,Summer,No,73.18,72.41,28.95
2023-08-18 06:00,8,6,Weekday,Summer,No,73.49,73.12,28.06
2023-08-18 07:00,8,7,Weekday,Summer,No,74.48,76.88,40.18
2023-08-18 08:00,8,8,Weekday,Summer,Yes,74.69,83.08,48.65
2023-08-18 09:00,8,9,Weekday,Summer,Yes,74.81,88.94,57.59
2023-08-18 10:00,8,10,Weekday,Summer,Yes,74.92,93.35,66.83
2023-08-18 11:00,8,11,Weekday,Summer,Yes,74.96,97.31,73.67
2023-08-18 12:00,8,12,Weekday,Summer,Yes,75.11,101.27,88.94
2023-08-18 13:00,8,13,Weekday,Summer,Yes,75.2,102.92,96.91
2023-08-18 14:00,8,14,Weekday,Summer,Yes,75.2,102.92,102.26
2023-08-18 15:00,8,15,Weekday,Summer,Yes,75.2,102.92,106.75
2023-08-18 16:00,8,16,Weekday,Summer,Yes,75.2,102.92,104.0
2023-08-18 17:00,8,17,Weekday,Summer,Yes,75.16,102.4,88.27
2023-08-18 18:00,8,18,Weekday,Summer,No,75.07,100.23,78.07
2023-08-18 19:00,8,19,Weekday,Summer,No,74.83,96.65,58.35
2023-08-18 20:00,8,20,Weekday,Summer,No,74.49,93.84,51.11
2023-08-18 21:00,8,21,Weekday,Summer,No,77.75,90.71,10.53
2023-08-18 22:00,8,22,Weekday,Summer,No,78.12,87.28,13.62
2023-08-18 23:00,8,23,Weekday,Summer,No,78.31,83.69,4.42
2023-08-19 00:00,8,0,Weekend,Summer,No,79.58,80.88,5.86
2023-08-19 01:00,8,1,Weekend,Summer,No,78.51,82.37,0.0
2023-08-19 02:00,8,2,Weekend,Summer,No,79.65,83.39,0.0
2023-08-19 03:00,8,3,Weekend,Summer,No,78.89,82.42,6.07
2023-08-19 04:00,8,4,Weekend,Summer,No,79.23,80.88,0.0
2023-08-19 05:00,8,5,Weekend,Summer,No,73.73,78.9,33.22
2023-08-19 06:00,8,6,Weekend,Summer,No,73.49,77.45,31.4
2023-08-19 07:00,8,7,Weekend,Summer,No,73.96,79.94,34.1
2023-08-19 08:00,8,8,Weekend,Summer,No,74.56,84.98,42.35
2023-08-19 09:00,8,9,Weekend,Summer,No,74.71,88.76,48.71
2023-08-19 10:00,8,10,Weekend,Summer,No,74.85,92.9,56.54
2023-08-19 11:00,8,11,Weekend,Summer,No,74.87,96.16,60.14
2023-08-19 12:00,8,12,Weekend,Summer,No,74.9,98.77,64.42
2023-08-19 13:00,8,13,Weekend,Summer,No,74.93,101.2,65.59
2023-08-19 14:00,8,14,Weekend,Summer,No,74.93,102.54,70.71
2023-08-19 15:00,8,15,Weekend,Summer,No,74.88,102.4,72.56
2023-08-19 16:00,8,16,Weekend,Summer,No,74.78,102.54,71.43
2023-08-19 17:00,8,17,Weekend,Summer,No,77.1,101.76,34.76
2023-08-19 18:00,8,18,Weekend,Summer,No,76.8,96.84,28.29
2023-08-19 19:00,8,19,Weekend,Summer,No,76.64,93.4,22.32
2023-08-19 20:00,8,20,Weekend,Summer,No,77.46,90.71,17.12
2023-08-19 21:00,8,21,Weekend,Summer,No,78.02,87.28,12.26
2023-08-19 22:00,8,22,Weekend,Summer,No,77.97,84.22,9.08
2023-08-19 23:00,8,23,Weekend,Summer,No,78.59,82.42,4.61
2023-08-20 00:00,8,0,Weekend,Summer,No,79.18,82.04,7.06
2023-08-20 01:00,8,1,Weekend,Summer,No,78.72,82.04,4.85
2023-08-20 02:00,8,2,Weekend,Summer,No,78.76,80.88,2.23
2023-08-20 03:00,8,3,Weekend,Summer,No,79.07,79.43,0.0
2023-08-20 04:00,8,4,Weekend,Summer,No,79.26,77.82,0.0
2023-08-20 05:00,8,5,Weekend,Summer,No,79.28,78.16,0.87
2023-08-20 06:00,8,6,Weekend,Summer,No,76.09,78.46,25.88
2023-08-20 07:00,8,7,Weekend,Summer,No,75.76,80.39,24.2
2023-08-20 08:00,8,8,Weekend,Summer,No,76.07,84.98,28.58
2023-08-20 09:00,8,9,Weekend,Summer,No,76.74,89.39,28.05
2023-08-20 10:00,8,10,Weekend,Summer,No,76.98,92.72,31.91
2023-08-20 11:00,8,11,Weekend,Summer,No,77.53,95.7,31.01
2023-08-20 12:00,8,12,Weekend,Summer,No,77.46,98.14,36.22
2023-08-20 13:00,8,13,Weekend,Summer,No,78.15,99.59,34.71
2023-08-20 14:00,8,14,Weekend,Summer,No,78.08,99.41,37.78
2023-08-20 15:00,8,15,Weekend,Summer,No,77.66,90.24,28.85
2023-08-20 16:00,8,16,Weekend,Summer,No,77.33,84.54,23.86
2023-08-20 17:00,8,17,Weekend,Summer,No,77.84,83.77,17.8
2023-08-20 18:00,8,18,Weekend,Summer,No,77.57,82.94,15.22
2023-08-20 19:00,8,19,Weekend,Summer,No,77.7,82.42,7.3
2023-08-20 20:00,8,20,Weekend,Summer,No,78.57,80.88,6.61
2023-08-20 21:00,8,21,Weekend,Summer,No,78.68,79.43,8.77
2023-08-20 22:00,8,22,Weekend,Summer,No,78.32,77.2,0.0
2023-08-20 23:00,8,23,Weekend,Summer,No,79.21,76.55,8.47
2023-08-21 00:00,8,0,Weekday,Summer,No,78.53,76.37,0.0
2023-08-21 01:00,8,1,Weekday,Summer,No,79.41,75.92,8.11
2023-08-21 02:00,8,2,Weekday,Summer,No,78.16,75.92,0.0
2023-08-21 03:00,8,3,Weekday,Summer,No,79.03,74.76,0.0
2023-08-21 04:00,8,4,Weekday,Summer,No,78.78,73.94,0.0
2023-08-21 05:00,8,5,Weekday,Summer,No,73.31,74.57,41.57
2023-08-21 06:00,8,6,Weekday,Summer,No,73.2,75.02,40.96
2023-08-21 07:00,8,7,Weekday,Summer,No,74.49,80.27,48.12
2023-08-21 08:00,8,8,Weekday,Summer,Yes,74.78,86.33,59.16
2023-08-21 09:00,8,9,Weekday,Summer,Yes,74.94,89.14,67.16
2023-08-21 10:00,8,10,Weekday,Summer,Yes,75.06,91.12,73.9
2023-08-21 11:00,8,11,Weekday,Summer,Yes,75.07,93.1,75.65
2023-08-21 12:00,8,12,Weekday,Summer,Yes,75.18,93.4,78.85
2023-08-21 13:00,8,13,Weekday,Summer,Yes,75.2,93.02,79.18
2023-08-21 14:00,8,14,Weekday,Summer,Yes,75.2,94.18,82.45
2023-08-21 15:00,8,15,Weekday,Summer,Yes,75.2,92.06,81.39
2023-08-21 16:00,8,16,Weekday,Summer,Yes,75.2,91.74,79.59
2023-08-21 17:00,8,17,Weekday,Summer,Yes,75.14,93.02,66.28
2023-08-21 18:00,8,18,Weekday,Summer,No,74.98,90.71,55.91
2023-08-21 19:00,8,19,Weekday,Summer,No,74.5,87.9,45.96
2023-08-21 20:00,8,20,Weekday,Summer,No,74.01,78.89,43.52
2023-08-21 21:00,8,21,Weekday,Summer,No,78.2,73.04,0.0
2023-08-21 22:00,8,22,Weekday,Summer,No,78.15,72.41,7.37
2023-08-21 23:00,8,23,Weekday,Summer,No,78.88,71.96,0.0
2023-08-22 00:00,8,0,Weekday,Summer,No,79.05,72.59,0.0
2023-08-22 01:00,8,1,Weekday,Summer,No,78.38,71.88,0.0
2023-08-22 02:00,8,2,Weekday,Summer,No,77.85,70.43,0.0
2023-08-22 03:00,8,3,Weekday,Summer,No,78.2,69.98,0.0
2023-08-22 04:00,8,4,Weekday,Summer,No,78.17,69.46,0.0
2023-08-22 05:00,8,5,Weekday,Summer,No,72.83,69.08,33.1
2023-08-22 06:00,8,6,Weekday,Summer,No,72.73,70.24,33.09
2023-08-22 07:00,8,7,Weekday,Summer,No,73.96,73.37,43.92
2023-08-22 08:00,8,8,Weekday,Summer,Yes,74.65,76.8,47.36
2023-08-22 09:00,8,9,Weekday,Summer,Yes,74.78,81.54,50.99
2023-08-22 10:00,8,10,Weekday,Summer,Yes,74.88,85.18,58.42
2023-08-22 11:00,8,11,Weekday,Summer,Yes,74.91,88.94,62.49
2023-08-22 12:00,8,12,Weekday,Summer,Yes,75.07,92.72,73.09
2023-08-22 13:00,8,13,Weekday,Summer,Yes,75.19,94.55,77.76
2023-08-22 14:00,8,14,Weekday,Summer,Yes,75.2,94.37,81.12
2023-08-22 15:00,8,15,Weekday,Summer,Yes,75.2,94.55,82.61
2023-08-22 16:00,8,16,Weekday,Summer,Yes,75.18,95.63,75.14
2023-08-22 17:00,8,17,Weekday,Summer,Yes,75.07,91.36,57.29
2023-08-22 18:00,8,18,Weekday,Summer,No,74.8,86.82,49.1
2023-08-22 19:00,8,19,Weekday,Summer,No,74.25,85.37,43.1
2023-08-22 20:00,8,20,Weekday,Summer,No,73.9,84.4,41.54
2023-08-22 21:00,8,21,Weekday,Summer,No,78.16,83.39,2.53
2023-08-22 22:00,8,22,Weekday,Summer,No,79.07,81.78,4.66
2023-08-22 23:00,8,23,Weekday,Summer,No,78.65,80.44,5.23
2023-08-23 00:00,8,0,Weekday,Summer,No,79.5,79.43,2.25
2023-08-23 01:00,8,1,Weekday,Summer,No,78.5,77.82,0.0
2023-08-23 02:00,8,2,Weekday,Summer,No,79.06,76.37,8.01
2023-08-23 03:00,8,3,Weekday,Summer,No,79.06,74.76,0.0
2023-08-23 04:00,8,4,Weekday,Summer,No,78.15,73.94,0.0
2023-08-23 05:00,8,5,Weekday,Summer,No,73.18,73.42,43.22
2023-08-23 06:00,8,6,Weekday,Summer,No,73.42,73.56,40.84
2023-08-23 07:00,8,7,Weekday,Summer,No,74.47,77.51,52.97
2023-08-23 08:00,8,8,Weekday,Summer,Yes,74.68,82.9,55.9
2023-08-23 09:00,8,9,Weekday,Summer,Yes,74.79,87.34,63.94
2023-08-23 10:00,8,10,Weekday,Summer,Yes,74.89,90.74,71.26
2023-08-23 11:00,8,11,Weekday,Summer,Yes,74.92,92.57,71.33
2023-08-23 12:00,8,12,Weekday,Summer,Yes,75.09,94.18,78.51
2023-08-23 13:00,8,13,Weekday,Summer,Yes,75.2,97.31,85.92
2023-08-23 14:00,8,14,Weekday,Summer,Yes,75.2,97.28,89.15
2023-08-23 15:00,8,15,Weekday,Summer,Yes,75.2,96.08,86.37
2023-08-23 16:00,8,16,Weekday,Summer,Yes,75.2,96.08,81.57
2023-08-23 17:00,8,17,Weekday,Summer,Yes,75.16,95.45,65.73
2023-08-23 18:00,8,18,Weekday,Summer,No,75.0,90.38,54.58
2023-08-23 19:00,8,19,Weekday,Summer,No,74.44,85.82,44.58
2023-08-23 20:00,8,20,Weekday,Summer,No,74.09,86.7,44.57
2023-08-23 21:00,8,21,Weekday,Summer,No,78.15,86.82,7.45
2023-08-23 22:00,8,22,Weekday,Summer,No,78.68,84.84,5.04
2023-08-23 23:00,8,23,Weekday,Summer,No,78.27,83.39,2.34
2023-08-24 00:00,8,0,Weekday,Summer,No,79.22,82.42,7.29
2023-08-24 01:00,8,1,Weekday,Summer,No,78.78,81.41,0.0
2023-08-24 02:00,8,2,Weekday,Summer,No,79.82,80.44,7.32
2023-08-24 03:00,8,3,Weekday,Summer,No,78.78,78.28,0.0
2023-08-24 04:00,8,4,Weekday,Summer,No,79.43,75.84,2.52
2023-08-24 05:00,8,5,Weekday,Summer,No,73.63,74.39,42.28
2023-08-24 06:00,8,6,Weekday,Summer,No,73.47,75.72,39.56
2023-08-24 07:00,8,7,Weekday,Summer,No,74.52,78.78,47.99
2023-08-24 08:00,8,8,Weekday,Summer,Yes,74.77,78.9,53.19
2023-08-24 09:00,8,9,Weekday,Summer,Yes,74.87,82.7,60.42
2023-08-24 10:00,8,10,Weekday,Summer,Yes,74.97,86.63,69.79
2023-08-24 11:00,8,11,Weekday,Summer,Yes,75.01,87.6,68.49
2023-08-24 12:00,8,12,Weekday,Summer,Yes,75.15,90.92,77.06
2023-08-24 13:00,8,13,Weekday,Summer,Yes,75.2,91.86,79.34
2023-08-24 14:00,8,14,Weekday,Summer,Yes,75.2,86.32,68.78
2023-08-24 15:00,8,15,Weekday,Summer,Yes,75.2,81.78,62.05
2023-08-24 16:00,8,16,Weekday,Summer,Yes,75.17,83.27,57.13
2023-08-24 17:00,8,17,Weekday,Summer,Yes,74.84,77.99,50.04
2023-08-24 18:00,8,18,Weekday,Summer,No,74.19,71.26,44.81
2023-08-24 19:00,8,19,Weekday,Summer,No,73.39,70.61,34.74
2023-08-24 20:00,8,20,Weekday,Summer,No,72.88,69.9,29.67
2023-08-24 21:00,8,21,Weekday,Summer,No,76.44,68.45,0.0
2023-08-24 22:00,8,22,Weekday,Summer,No,77.5,68.63,0.0
2023-08-24 23:00,8,23,Weekday,Summer,No,77.81,69.6,0.0
2023-08-25 00:00,8,0,Weekday,Summer,No,77.86,69.46,0.0
2023-08-25 01:00,8,1,Weekday,Summer,No,77.86,69.6,0.0
2023-08-25 02:00,8,2,Weekday,Summer,No,77.83,69.46,0.0
2023-08-25 03:00,8,3,Weekday,Summer,No,77.57,67.82,0.0
2023-08-25 04:00,8,4,Weekday,Summer,No,77.47,68.18,0.0
2023-08-25 05:00,8,5,Weekday,Summer,No,72.5,69.6,30.9
2023-08-25 06:00,8,6,Weekday,Summer,No,72.68,70.61,31.18
2023-08-25 07:00,8,7,Weekday,Summer,No,74.13,73.37,40.04
2023-08-25 08:00,8,8,Weekday,Summer,Yes,74.52,77.96,45.25
2023-08-25 09:00,8,9,Weekday,Summer,Yes,74.67,81.74,50.53
2023-08-25 10:00,8,10,Weekday,Summer,Yes,74.79,85.36,59.44
2023-08-25 11:00,8,11,Weekday,Summer,Yes,74.83,88.76,62.89
2023-08-25 12:00,8,12,Weekday,Summer,Yes,75.01,86.49,65.54
2023-08-25 13:00,8,13,Weekday,Summer,Yes,75.18,86.33,64.49
2023-08-25 14:00,8,14,Weekday,Summer,Yes,75.2,87.46,64.92
2023-08-25 15:00,8,15,Weekday,Summer,Yes,75.2,85.3,61.38
2023-08-25 16:00,8,16,Weekday,Summer,Yes,75.12,82.24,52.43
2023-08-25 17:00,8,17,Weekday,Summer,Yes,74.75,79.81,42.11
2023-08-25 18:00,8,18,Weekday,Summer,No,74.28,73.73,36.9
2023-08-25 19:00,8,19,Weekday,Summer,No,73.53,72.29,32.2
2023-08-25 20:00,8,20,Weekday,Summer,No,73.09,72.78,30.67
2023-08-25 21:00,8,21,Weekday,Summer,No,77.13,70.81,0.0
2023-08-25 22:00,8,22,Weekday,Summer,No,78.07,69.98,0.0
2023-08-25 23:00,8,23,Weekday,Summer,No,77.92,71.14,0.0
2023-08-26 00:00,8,0,Weekend,Summer,No,77.91,71.44,0.0
2023-08-26 01:00,8,1,Weekend,Summer,No,77.78,71.06,0.0
2023-08-26 02:00,8,2,Weekend,Summer,No,77.63,71.06,0.0
2023-08-26 03:00,8,3,Weekend,Summer,No,77.46,69.9,0.0
2023-08-26 04:00,8,4,Weekend,Summer,No,77.24,68.45,0.0
2023-08-26 05:00,8,5,Weekend,Summer,No,72.43,66.84,27.45
2023-08-26 06:00,8,6,Weekend,Summer,No,72.42,67.18,26.68
2023-08-26 07:00,8,7,Weekend,Summer,No,73.29,70.94,31.76
2023-08-26 08:00,8,8,Weekend,Summer,No,73.75,76.5,36.59
2023-08-26 09:00,8,9,Weekend,Summer,No,74.15,80.13,38.19
2023-08-26 10:00,8,10,Weekend,Summer,No,74.36,83.27,41.16
2023-08-26 11:00,8,11,Weekend,Summer,No,74.47,87.34,43.27
2023-08-26 12:00,8,12,Weekend,Summer,No,74.49,89.06,44.06
2023-08-26 13:00,8,13,Weekend,Summer,No,74.54,90.22,45.55
2023-08-26 14:00,8,14,Weekend,Summer,No,74.69,90.41,44.81
2023-08-26 15:00,8,15,Weekend,Summer,No,74.54,84.18,36.43
2023-08-26 16:00,8,16,Weekend,Summer,No,74.31,78.9,31.28
2023-08-26 17:00,8,17,Weekend,Summer,No,76.4,78.08,9.91
2023-08-26 18:00,8,18,Weekend,Summer,No,75.56,78.08,17.08
2023-08-26 19:00,8,19,Weekend,Summer,No,77.04,77.45,0.0
2023-08-26 20:00,8,20,Weekend,Summer,No,78.21,74.06,0.0
2023-08-26 21:00,8,21,Weekend,Summer,No,77.77,70.81,0.0
2023-08-26 22:00,8,22,Weekend,Summer,No,77.54,71.14,0.0
2023-08-26 23:00,8,23,Weekend,Summer,No,77.41,70.81,0.0
2023-08-27 00:00,8,0,Weekend,Summer,No,77.0,67.67,0.0
2023-08-27 01:00,8,1,Weekend,Summer,No,76.62,66.02,0.0
2023-08-27 02:00,8,2,Weekend,Summer,No,76.34,64.86,0.0
2023-08-27 03:00,8,3,Weekend,Summer,No,76.05,64.04,0.0
2023-08-27 04:00,8,4,Weekend,Summer,No,75.95,65.19,0.0
2023-08-27 05:00,8,5,Weekend,Summer,No,75.85,65.39,0.0
2023-08-27 06:00,8,6,Weekend,Summer,No,75.74,65.57,2.17
2023-08-27 07:00,8,7,Weekend,Summer,No,73.96,68.96,18.19
2023-08-27 08:00,8,8,Weekend,Summer,No,74.36,74.53,20.51
2023-08-27 09:00,8,9,Weekend,Summer,No,75.09,79.94,23.56
2023-08-27 10:00,8,10,Weekend,Summer,No,75.43,84.98,23.14
2023-08-27 11:00,8,11,Weekend,Summer,No,75.78,88.76,26.64
2023-08-27 12:00,8,12,Weekend,Summer,No,75.7,89.96,24.84
2023-08-27 13:00,8,13,Weekend,Summer,No,76.26,91.12,28.1
2023-08-27 14:00,8,14,Weekend,Summer,No,76.78,93.1,27.18
2023-08-27 15:00,8,15,Weekend,Summer,No,77.49,94.55,31.24
2023-08-27 16:00,8,16,Weekend,Summer,No,77.41,95.0,29.85
2023-08-27 17:00,8,17,Weekend,Summer,No,77.27,92.69,31.26
2023-08-27 18:00,8,18,Weekend,Summer,No,76.39,89.88,26.17
2023-08-27 19:00,8,19,Weekend,Summer,No,76.13,87.9,16.74
2023-08-27 20:00,8,20,Weekend,Summer,No,77.21,83.51,9.59
2023-08-27 21:00,8,21,Weekend,Summer,No,78.07,79.81,0.0
2023-08-27 22:00,8,22,Weekend,Summer,No,77.6,76.67,0.0
2023-08-27 23:00,8,23,Weekend,Summer,No,78.56,75.54,0.0
2023-08-28 00:00,8,0,Weekday,Summer,No,78.55,74.24,0.0
2023-08-28 01:00,8,1,Weekday,Summer,No,78.25,71.88,0.0
2023-08-28 02:00,8,2,Weekday,Summer,No,77.94,70.43,0.0
2023-08-28 03:00,8,3,Weekday,Summer,No,77.63,68.82,0.0
2023-08-28 04:00,8,4,Weekday,Summer,No,77.39,67.37,0.0
2023-08-28 05:00,8,5,Weekday,Summer,No,72.41,67.55,22.97
2023-08-28 06:00,8,6,Weekday,Summer,No,72.68,69.16,24.25
2023-08-28 07:00,8,7,Weekday,Summer,No,74.11,74.08,34.35
2023-08-28 08:00,8,8,Weekday,Summer,Yes,74.56,81.1,42.22
2023-08-28 09:00,8,9,Weekday,Summer,Yes,74.71,86.96,50.98
2023-08-28 10:00,8,10,Weekday,Summer,Yes,74.84,91.37,60.48
2023-08-28 11:00,8,11,Weekday,Summer,Yes,74.89,94.18,62.87
2023-08-28 12:00,8,12,Weekday,Summer,Yes,75.05,95.63,69.86
2023-08-28 13:00,8,13,Weekday,Summer,Yes,75.2,96.6,75.08
2023-08-28 14:00,8,14,Weekday,Summer,Yes,75.2,96.98,80.26
2023-08-28 15:00,8,15,Weekday,Summer,Yes,75.2,96.46,82.42
2023-08-28 16:00,8,16,Weekday,Summer,Yes,75.19,96.6,79.68
2023-08-28 17:00,8,17,Weekday,Summer,Yes,75.1,96.46,67.32
2023-08-28 18:00,8,18,Weekday,Summer,No,74.95,93.66,56.62
2023-08-28 19:00,8,19,Weekday,Summer,No,74.49,89.63,43.74
2023-08-28 20:00,8,20,Weekday,Summer,No,74.01,85.67,37.42
2023-08-28 21:00,8,21,Weekday,Summer,No,78.12,83.39,2.18
2023-08-28 22:00,8,22,Weekday,Summer,No,78.95,81.26,4.19
2023-08-28 23:00,8,23,Weekday,Summer,No,78.49,80.06,4.21
2023-08-29 00:00,8,0,Weekday,Summer,No,79.31,80.06,2.01
2023-08-29 01:00,8,1,Weekday,Summer,No,79.45,79.43,0.0
2023-08-29 02:00,8,2,Weekday,Summer,No,78.21,78.46,0.0
2023-08-29 03:00,8,3,Weekday,Summer,No,79.09,78.08,0.0
2023-08-29 04:00,8,4,Weekday,Summer,No,79.28,78.08,4.4
2023-08-29 05:00,8,5,Weekday,Summer,No,73.52,78.08,33.12
2023-08-29 06:00,8,6,Weekday,Summer,No,73.44,78.08,33.58
2023-08-29 07:00,8,7,Weekday,Summer,No,74.58,80.92,44.55
2023-08-29 08:00,8,8,Weekday,Summer,Yes,74.77,85.36,55.59
2023-08-29 09:00,8,9,Weekday,Summer,Yes,74.88,89.39,65.85
2023-08-29 10:00,8,10,Weekday,Summer,Yes,74.98,92.72,74.35
2023-08-29 11:00,8,11,Weekday,Summer,Yes,75.01,95.18,75.92
2023-08-29 12:00,8,12,Weekday,Summer,Yes,75.16,94.3,79.15
2023-08-29 13:00,8,13,Weekday,Summer,Yes,75.2,95.33,82.42
2023-08-29 14:00,8,14,Weekday,Summer,Yes,75.17,88.27,71.05
2023-08-29 15:00,8,15,Weekday,Summer,Yes,75.02,87.29,63.93
2023-08-29 16:00,8,16,Weekday,Summer,Yes,74.93,88.73,63.17
2023-08-29 17:00,8,17,Weekday,Summer,Yes,74.96,87.08,52.06
2023-08-29 18:00,8,18,Weekday,Summer,No,74.62,84.66,45.29
2023-08-29 19:00,8,19,Weekday,Summer,No,73.84,81.26,39.6
2023-08-29 20:00,8,20,Weekday,Summer,No,73.38,80.58,36.96
2023-08-29 21:00,8,21,Weekday,Summer,No,77.85,80.44,0.0
2023-08-29 22:00,8,22,Weekday,Summer,No,79.02,80.06,0.0
2023-08-29 23:00,8,23,Weekday,Summer,No,78.99,77.65,5.96
2023-08-30 00:00,8,0,Weekday,Summer,No,78.74,74.76,0.0
2023-08-30 01:00,8,1,Weekday,Summer,No,78.53,73.42,0.0
2023-08-30 02:00,8,2,Weekday,Summer,No,78.34,72.41,0.0
2023-08-30 03:00,8,3,Weekday,Summer,No,78.18,71.96,0.0
2023-08-30 04:00,8,4,Weekday,Summer,No,78.15,71.96,0.0
2023-08-30 05:00,8,5,Weekday,Summer,No,72.74,70.28,26.3
2023-08-30 06:00,8,6,Weekday,Summer,No,72.83,70.76,26.71
2023-08-30 07:00,8,7,Weekday,Summer,No,74.26,76.68,39.05
2023-08-30 08:00,8,8,Weekday,Summer,Yes,74.61,82.37,47.62
2023-08-30 09:00,8,9,Weekday,Summer,Yes,74.74,86.33,56.85
2023-08-30 10:00,8,10,Weekday,Summer,Yes,74.86,90.92,67.42
2023-08-30 11:00,8,11,Weekday,Summer,Yes,74.91,95.33,72.66
2023-08-30 12:00,8,12,Weekday,Summer,Yes,75.07,98.14,80.92
2023-08-30 13:00,8,13,Weekday,Summer,Yes,75.2,99.59,84.67
2023-08-30 14:00,8,14,Weekday,Summer,Yes,75.2,99.41,90.14
2023-08-30 15:00,8,15,Weekday,Summer,Yes,75.2,100.12,97.02
2023-08-30 16:00,8,16,Weekday,Summer,Yes,75.2,100.42,94.24
2023-08-30 17:00,8,17,Weekday,Summer,Yes,75.16,99.41,75.65
2023-08-30 18:00,8,18,Weekday,Summer,No,75.02,96.65,63.33
2023-08-30 19:00,8,19,Weekday,Summer,No,74.55,90.9,46.64
2023-08-30 20:00,8,20,Weekday,Summer,No,74.08,85.04,37.57
2023-08-30 21:00,8,21,Weekday,Summer,No,78.15,82.42,2.11
2023-08-30 22:00,8,22,Weekday,Summer,No,78.99,80.88,4.05
2023-08-30 23:00,8,23,Weekday,Summer,No,78.41,78.9,5.94
2023-08-31 00:00,8,0,Weekday,Summer,No,79.29,77.45,0.0
2023-08-31 01:00,8,1,Weekday,Summer,No,78.47,77.63,0.0
2023-08-31 02:00,8,2,Weekday,Summer,No,78.64,75.14,5.48
2023-08-31 03:00,8,3,Weekday,Summer,No,78.56,72.41,0.0
2023-08-31 04:00,8,4,Weekday,Summer,No,78.49,71.96,0.0
2023-08-31 05:00,8,5,Weekday,Summer,No,73.0,71.96,26.12
2023-08-31 06:00,8,6,Weekday,Summer,No,72.98,72.59,26.33
2023-08-31 07:00,8,7,Weekday,Summer,No,74.39,76.5,36.79
2023-08-31 08:00,8,8,Weekday,Summer,Yes,74.69,83.08,46.84
2023-08-31 09:00,8,9,Weekday,Summer,Yes,74.85,91.25,61.68
2023-08-31 10:00,8,10,Weekday,Summer,Yes,74.98,95.63,72.14
2023-08-31 11:00,8,11,Weekday,Summer,Yes,75.01,97.24,74.19
2023-08-31 12:00,8,12,Weekday,Summer,Yes,75.15,98.58,82.38
2023-08-31 13:00,8,13,Weekday,Summer,Yes,75.22,100.12,88.94
2023-08-31 14:00,8,14,Weekday,Summer,Yes,75.2,99.26,90.34
2023-08-31 15:00,8,15,Weekday,Summer,Yes,75.2,99.74,93.92
2023-08-31 16:00,8,16,Weekday,Summer,Yes,75.2,98.1,85.33
2023-08-31 17:00,8,17,Weekday,Summer,Yes,75.14,96.08,66.18
2023-08-31 18:00,8,18,Weekday,Summer,No,74.99,93.66,55.91
2023-08-31 19:00,8,19,Weekday,Summer,No,74.52,90.26,45.4
2023-08-31 20:00,8,20,Weekday,Summer,No,74.14,87.9,40.69
2023-08-31 21:00,8,21,Weekday,Summer,No,78.44,85.61,4.4
2023-08-31 22:00,8,22,Weekday,Summer,No,79.1,83.2,2.08
2023-08-31 23:00,8,23,Weekday,Summer,No,78.84,80.75,5.97
2023-09-01 00:00,9,0,Weekday,Fall,No,79.49,78.33,0.0
2023-09-01 01:00,9,1,Weekday,Fall,No,78.56,75.89,6.68
2023-09-01 02:00,9,2,Weekday,Fall,No,79.16,73.47,0.0
2023-09-01 03:00,9,3,Weekday,Fall,No,78.79,71.03,0.0
2023-09-01 04:00,9,4,Weekday,Fall,No,78.34,70.61,0.0
2023-09-01 05:00,9,5,Weekday,Fall,No,72.96,71.06,34.88
2023-09-01 06:00,9,6,Weekday,Fall,No,73.26,71.06,34.04
2023-09-01 07:00,9,7,Weekday,Fall,No,74.32,73.37,51.06
2023-09-01 08:00,9,8,Weekday,Fall,Yes,74.59,77.33,56.84
2023-09-01 09:00,9,9,Weekday,Fall,Yes,74.7,80.76,55.72
2023-09-01 10:00,9,10,Weekday,Fall,Yes,74.79,83.72,61.17
2023-09-01 11:00,9,11,Weekday,Fall,Yes,74.79,85.55,61.07
2023-09-01 12:00,9,12,Weekday,Fall,Yes,74.95,88.94,69.15
2023-09-01 13:00,9,13,Weekday,Fall,Yes,75.17,92.2,75.77
2023-09-01 14:00,9,14,Weekday,Fall,Yes,75.2,92.39,79.6
2023-09-01 15:00,9,15,Weekday,Fall,Yes,75.19,92.57,82.56
2023-09-01 16:00,9,16,Weekday,Fall,Yes,75.16,93.02,79.57
2023-09-01 17:00,9,17,Weekday,Fall,Yes,75.04,91.86,61.74
2023-09-01 18:00,9,18,Weekday,Fall,No,74.86,89.88,52.44
2023-09-01 19:00,9,19,Weekday,Fall,No,74.3,87.9,44.45
2023-09-01 20:00,9,20,Weekday,Fall,No,73.86,86.45,41.75
2023-09-01 21:00,9,21,Weekday,Fall,No,78.3,83.69,0.0
2023-09-01 22:00,9,22,Weekday,Fall,No,78.42,80.26,7.07
2023-09-01 23:00,9,23,Weekday,Fall,No,79.06,78.46,0.0
2023-09-02 00:00,9,0,Weekend,Fall,No,78.98,77.45,0.0
2023-09-02 01:00,9,1,Weekend,Fall,No,78.77,75.84,0.0
2023-09-02 02:00,9,2,Weekend,Fall,No,78.51,74.39,0.0
2023-09-02 03:00,9,3,Weekend,Fall,No,78.28,73.42,0.0
2023-09-02 04:00,9,4,Weekend,Fall,No,78.1,73.04,0.0
2023-09-02 05:00,9,5,Weekend,Fall,No,72.79,72.41,35.82
2023-09-02 06:00,9,6,Weekend,Fall,No,72.84,71.96,34.28
2023-09-02 07:00,9,7,Weekend,Fall,No,73.63,75.53,39.77
2023-09-02 08:00,9,8,Weekend,Fall,No,74.09,80.92,42.77
2023-09-02 09:00,9,9,Weekend,Fall,No,74.34,84.72,48.21
2023-09-02 10:00,9,10,Weekend,Fall,No,74.49,87.16,53.47
2023-09-02 11:00,9,11,Weekend,Fall,No,74.57,89.77,57.71
2023-09-02 12:00,9,12,Weekend,Fall,No,74.61,91.56,61.19
2023-09-02 13:00,9,13,Weekend,Fall,No,74.68,92.57,60.0
2023-09-02 14:00,9,14,Weekend,Fall,No,74.81,95.96,63.35
2023-09-02 15:00,9,15,Weekend,Fall,No,74.76,96.28,60.1
2023-09-02 16:00,9,16,Weekend,Fall,No,74.64,95.0,55.49
2023-09-02 17:00,9,17,Weekend,Fall,No,76.43,93.22,29.58
2023-09-02 18:00,9,18,Weekend,Fall,No,76.41,90.78,25.4
2023-09-02 19:00,9,19,Weekend,Fall,No,77.38,88.8,12.85
2023-09-02 20:00,9,20,Weekend,Fall,No,78.24,87.46,7.66
2023-09-02 21:00,9,21,Weekend,Fall,No,78.64,84.66,4.84
2023-09-02 22:00,9,22,Weekend,Fall,No,78.27,81.78,0.0
2023-09-02 23:00,9,23,Weekend,Fall,No,79.09,80.44,0.0
2023-09-03 00:00,9,0,Weekend,Fall,No,79.02,79.43,0.0
2023-09-03 01:00,9,1,Weekend,Fall,No,78.83,77.82,0.0
2023-09-03 02:00,9,2,Weekend,Fall,No,78.62,76.37,0.0
2023-09-03 03:00,9,3,Weekend,Fall,No,78.43,75.4,0.0
2023-09-03 04:00,9,4,Weekend,Fall,No,78.17,73.86,0.0
2023-09-03 05:00,9,5,Weekend,Fall,No,77.93,73.04,0.0
2023-09-03 06:00,9,6,Weekend,Fall,No,76.85,73.04,11.82
2023-09-03 07:00,9,7,Weekend,Fall,No,74.83,76.5,30.42
2023-09-03 08:00,9,8,Weekend,Fall,No,75.83,81.29,23.01
2023-09-03 09:00,9,9,Weekend,Fall,No,75.96,85.36,30.44
2023-09-03 10:00,9,10,Weekend,Fall,No,76.87,88.23,25.25
2023-09-03 11:00,9,11,Weekend,Fall,No,76.44,90.22,33.04
2023-09-03 12:00,9,12,Weekend,Fall,No,76.95,93.35,27.91
2023-09-03 13:00,9,13,Weekend,Fall,No,77.01,95.0,36.33
2023-09-03 14:00,9,14,Weekend,Fall,No,77.98,95.0,29.08
2023-09-03 15:00,9,15,Weekend,Fall,No,77.78,96.16,37.12
2023-09-03 16:00,9,16,Weekend,Fall,No,78.13,95.82,28.62
2023-09-03 17:00,9,17,Weekend,Fall,No,77.02,93.84,34.05
2023-09-03 18:00,9,18,Weekend,Fall,No,77.49,87.14,22.67
2023-09-03 19:00,9,19,Weekend,Fall,No,77.14,80.63,10.24
2023-09-03 20:00,9,20,Weekend,Fall,No,77.48,80.76,11.43
2023-09-03 21:00,9,21,Weekend,Fall,No,77.99,81.41,7.61
2023-09-03 22:00,9,22,Weekend,Fall,No,78.41,79.81,6.51
2023-09-03 23:00,9,23,Weekend,Fall,No,78.02,78.98,0.0
2023-09-04 00:00,9,0,Weekday,Fall,No,78.51,78.46,0.0
2023-09-04 01:00,9,1,Weekday,Fall,No,78.12,76.3,0.0
2023-09-04 02:00,9,2,Weekday,Fall,No,78.47,73.86,0.0
2023-09-04 03:00,9,3,Weekday,Fall,No,78.36,74.19,0.0
2023-09-04 04:00,9,4,Weekday,Fall,No,78.27,74.39,0.0
2023-09-04 05:00,9,5,Weekday,Fall,No,78.22,75.1,0.0
2023-09-04 06:00,9,6,Weekday,Fall,No,77.15,75.4,9.96
2023-09-04 07:00,9,7,Weekday,Fall,No,75.19,77.96,24.24
2023-09-04 08:00,9,8,Weekday,Fall,Yes,75.71,82.37,23.65
2023-09-04 09:00,9,9,Weekday,Fall,Yes,76.23,85.8,26.72
2023-09-04 10:00,9,10,Weekday,Fall,Yes,76.65,87.6,25.35
2023-09-04 11:00,9,11,Weekday,Fall,Yes,76.71,88.61,28.37
2023-09-04 12:00,9,12,Weekday,Fall,Yes,76.81,90.74,27.43
2023-09-04 13:00,9,13,Weekday,Fall,Yes,77.16,92.57,31.39
2023-09-04 14:00,9,14,Weekday,Fall,Yes,77.69,93.02,29.13
2023-09-04 15:00,9,15,Weekday,Fall,Yes,77.93,93.02,32.06
2023-09-04 16:00,9,16,Weekday,Fall,Yes,77.89,93.02,29.56
2023-09-04 17:00,9,17,Weekday,Fall,Yes,77.44,93.02,32.08
2023-09-04 18:00,9,18,Weekday,Fall,No,76.56,91.23,27.73
2023-09-04 19:00,9,19,Weekday,Fall,No,77.15,87.65,16.92
2023-09-04 20:00,9,20,Weekday,Fall,No,77.17,85.37,13.29
2023-09-04 21:00,9,21,Weekday,Fall,No,77.2,83.24,6.66
2023-09-04 22:00,9,22,Weekday,Fall,No,77.99,82.04,6.51
2023-09-04 23:00,9,23,Weekday,Fall,No,78.39,80.88,0.0
2023-09-05 00:00,9,0,Weekday,Fall,No,78.07,79.43,6.28
2023-09-05 01:00,9,1,Weekday,Fall,No,79.1,78.46,0.0
2023-09-05 02:00,9,2,Weekday,Fall,No,79.02,76.82,0.0
2023-09-05 03:00,9,3,Weekday,Fall,No,78.31,75.4,0.0
2023-09-05 04:00,9,4,Weekday,Fall,No,78.09,75.54,3.92
2023-09-05 05:00,9,5,Weekday,Fall,No,73.06,74.24,31.45
2023-09-05 06:00,9,6,Weekday,Fall,No,73.13,73.56,30.48
2023-09-05 07:00,9,7,Weekday,Fall,No,74.34,76.88,42.11
2023-09-05 08:00,9,8,Weekday,Fall,Yes,74.64,81.92,49.75
2023-09-05 09:00,9,9,Weekday,Fall,Yes,74.77,85.18,58.62
2023-09-05 10:00,9,10,Weekday,Fall,Yes,74.89,87.78,66.34
2023-09-05 11:00,9,11,Weekday,Fall,Yes,74.9,89.58,67.4
2023-09-05 12:00,9,12,Weekday,Fall,Yes,75.05,90.59,71.3
2023-09-05 13:00,9,13,Weekday,Fall,Yes,75.12,86.32,61.17
2023-09-05 14:00,9,14,Weekday,Fall,Yes,75.04,81.26,53.46
2023-09-05 15:00,9,15,Weekday,Fall,Yes,75.03,77.65,52.12
2023-09-05 16:00,9,16,Weekday,Fall,Yes,74.67,75.92,43.53
2023-09-05 17:00,9,17,Weekday,Fall,Yes,74.1,73.61,34.62
2023-09-05 18:00,9,18,Weekday,Fall,No,73.56,69.02,31.96
2023-09-05 19:00,9,19,Weekday,Fall,No,72.62,66.92,29.18
2023-09-05 20:00,9,20,Weekday,Fall,No,72.15,66.4,29.29
2023-09-05 21:00,9,21,Weekday,Fall,No,75.93,66.54,0.0
2023-09-05 22:00,9,22,Weekday,Fall,No,76.95,68.18,0.0
2023-09-05 23:00,9,23,Weekday,Fall,No,77.09,69.08,0.0
2023-09-06 00:00,9,0,Weekday,Fall,No,77.19,70.24,0.0
2023-09-06 01:00,9,1,Weekday,Fall,No,77.02,68.65,0.0
2023-09-06 02:00,9,2,Weekday,Fall,No,76.59,66.4,0.0
2023-09-06 03:00,9,3,Weekday,Fall,No,76.41,66.02,0.0
2023-09-06 04:00,9,4,Weekday,Fall,No,76.37,66.02,0.0
2023-09-06 05:00,9,5,Weekday,Fall,No,71.83,65.39,24.42
2023-09-06 06:00,9,6,Weekday,Fall,No,71.81,66.1,24.65
2023-09-06 07:00,9,7,Weekday,Fall,No,73.57,70.49,33.53
2023-09-06 08:00,9,8,Weekday,Fall,Yes,74.24,74.72,40.97
2023-09-06 09:00,9,9,Weekday,Fall,Yes,74.48,77.7,44.05
2023-09-06 10:00,9,10,Weekday,Fall,Yes,74.6,81.29,48.66
2023-09-06 11:00,9,11,Weekday,Fall,Yes,74.64,84.1,50.51
2023-09-06 12:00,9,12,Weekday,Fall,Yes,74.8,86.18,57.68
2023-09-06 13:00,9,13,Weekday,Fall,Yes,75.11,87.6,61.4
2023-09-06 14:00,9,14,Weekday,Fall,Yes,75.18,87.98,64.93
2023-09-06 15:00,9,15,Weekday,Fall,Yes,75.16,88.61,68.91
2023-09-06 16:00,9,16,Weekday,Fall,Yes,75.12,89.06,65.64
2023-09-06 17:00,9,17,Weekday,Fall,Yes,74.96,87.9,49.47
2023-09-06 18:00,9,18,Weekday,Fall,No,74.59,85.82,42.97
2023-09-06 19:00,9,19,Weekday,Fall,No,73.86,83.24,37.48
2023-09-06 20:00,9,20,Weekday,Fall,No,73.36,80.88,34.14
2023-09-06 21:00,9,21,Weekday,Fall,No,77.61,77.65,0.0
2023-09-06 22:00,9,22,Weekday,Fall,No,78.44,74.76,0.0
2023-09-06 23:00,9,23,Weekday,Fall,No,78.29,73.42,0.0
2023-09-07 00:00,9,0,Weekday,Fall,No,78.16,73.04,0.0
2023-09-07 01:00,9,1,Weekday,Fall,No,77.87,70.73,0.0
2023-09-07 02:00,9,2,Weekday,Fall,No,77.44,68.45,0.0
2023-09-07 03:00,9,3,Weekday,Fall,No,77.16,67.37,0.0
2023-09-07 04:00,9,4,Weekday,Fall,No,77.02,66.92,0.0
2023-09-07 05:00,9,5,Weekday,Fall,No,72.21,65.76,21.55
2023-09-07 06:00,9,6,Weekday,Fall,No,71.95,66.1,21.87
2023-09-07 07:00,9,7,Weekday,Fall,No,73.74,71.02,31.37
2023-09-07 08:00,9,8,Weekday,Fall,Yes,74.45,75.1,36.9
2023-09-07 09:00,9,9,Weekday,Fall,Yes,74.65,79.49,43.74
2023-09-07 10:00,9,10,Weekday,Fall,Yes,74.78,83.72,51.85
2023-09-07 11:00,9,11,Weekday,Fall,Yes,74.82,87.86,56.96
2023-09-07 12:00,9,12,Weekday,Fall,Yes,74.98,91.12,66.92
2023-09-07 13:00,9,13,Weekday,Fall,Yes,75.18,91.94,70.33
2023-09-07 14:00,9,14,Weekday,Fall,Yes,75.2,92.57,75.07
2023-09-07 15:00,9,15,Weekday,Fall,Yes,75.19,93.54,79.13
2023-09-07 16:00,9,16,Weekday,Fall,Yes,75.15,93.4,73.87
2023-09-07 17:00,9,17,Weekday,Fall,Yes,75.0,91.86,55.71
2023-09-07 18:00,9,18,Weekday,Fall,No,74.74,89.26,47.36
2023-09-07 19:00,9,19,Weekday,Fall,No,74.1,86.2,40.63
2023-09-07 20:00,9,20,Weekday,Fall,No,73.65,84.4,37.58
2023-09-07 21:00,9,21,Weekday,Fall,No,78.3,83.39,0.0
2023-09-07 22:00,9,22,Weekday,Fall,No,78.18,81.78,2.21
2023-09-07 23:00,9,23,Weekday,Fall,No,79.18,79.28,4.25
2023-09-08 00:00,9,0,Weekday,Fall,No,78.98,76.3,0.0
2023-09-08 01:00,9,1,Weekday,Fall,No,78.78,75.02,0.0
2023-09-08 02:00,9,2,Weekday,Fall,No,78.64,74.39,0.0
2023-09-08 03:00,9,3,Weekday,Fall,No,78.52,73.94,0.0
2023-09-08 04:00,9,4,Weekday,Fall,No,78.6,74.57,0.0
2023-09-08 05:00,9,5,Weekday,Fall,No,73.05,75.02,36.21
2023-09-08 06:00,9,6,Weekday,Fall,No,72.92,75.02,34.53
2023-09-08 07:00,9,7,Weekday,Fall,No,74.34,76.18,43.62
2023-09-08 08:00,9,8,Weekday,Fall,Yes,74.66,78.78,45.8
2023-09-08 09:00,9,9,Weekday,Fall,Yes,74.78,82.37,53.04
2023-09-08 10:00,9,10,Weekday,Fall,Yes,74.88,84.54,58.83
2023-09-08 11:00,9,11,Weekday,Fall,Yes,74.86,86.7,60.33
2023-09-08 12:00,9,12,Weekday,Fall,Yes,75.02,89.14,68.99
2023-09-08 13:00,9,13,Weekday,Fall,Yes,75.18,89.96,70.21
2023-09-08 14:00,9,14,Weekday,Fall,Yes,75.2,89.96,71.51
2023-09-08 15:00,9,15,Weekday,Fall,Yes,75.2,91.12,77.22
2023-09-08 16:00,9,16,Weekday,Fall,Yes,75.17,90.78,70.21
2023-09-08 17:00,9,17,Weekday,Fall,Yes,74.8,80.09,48.25
2023-09-08 18:00,9,18,Weekday,Fall,No,74.19,74.19,42.52
2023-09-08 19:00,9,19,Weekday,Fall,No,73.6,75.54,39.99
2023-09-08 20:00,9,20,Weekday,Fall,No,73.2,76.55,37.74
2023-09-08 21:00,9,21,Weekday,Fall,No,77.57,76.37,0.0
2023-09-08 22:00,9,22,Weekday,Fall,No,78.68,75.92,0.0
2023-09-08 23:00,9,23,Weekday,Fall,No,78.48,75.4,0.0
2023-09-09 00:00,9,0,Weekend,Fall,No,78.26,74.39,0.0
2023-09-09 01:00,9,1,Weekend,Fall,No,78.02,72.78,0.0
2023-09-09 02:00,9,2,Weekend,Fall,No,77.75,71.44,0.0
2023-09-09 03:00,9,3,Weekend,Fall,No,77.57,71.06,0.0
2023-09-09 04:00,9,4,Weekend,Fall,No,77.39,70.43,0.0
2023-09-09 05:00,9,5,Weekend,Fall,No,72.48,69.46,28.18
2023-09-09 06:00,9,6,Weekend,Fall,No,72.13,69.6,27.5
2023-09-09 07:00,9,7,Weekend,Fall,No,73.19,72.29,30.86
2023-09-09 08:00,9,8,Weekend,Fall,No,73.84,76.35,35.18
2023-09-09 09:00,9,9,Weekend,Fall,No,74.18,80.39,38.73
2023-09-09 10:00,9,10,Weekend,Fall,No,74.37,83.72,43.99
2023-09-09 11:00,9,11,Weekend,Fall,No,74.48,87.34,48.75
2023-09-09 12:00,9,12,Weekend,Fall,No,74.5,89.06,50.4
2023-09-09 13:00,9,13,Weekend,Fall,No,74.49,89.58,48.82
2023-09-09 14:00,9,14,Weekend,Fall,No,74.66,91.74,51.39
2023-09-09 15:00,9,15,Weekend,Fall,No,74.62,93.02,51.71
2023-09-09 16:00,9,16,Weekend,Fall,No,74.44,91.86,48.25
2023-09-09 17:00,9,17,Weekend,Fall,No,76.0,90.41,27.02
2023-09-09 18:00,9,18,Weekend,Fall,No,76.09,87.65,18.01
2023-09-09 19:00,9,19,Weekend,Fall,No,77.9,85.37,5.54
2023-09-09 20:00,9,20,Weekend,Fall,No,78.02,82.61,0.0
2023-09-09 21:00,9,21,Weekend,Fall,No,78.53,78.02,0.0
2023-09-09 22:00,9,22,Weekend,Fall,No,78.42,75.92,0.0
2023-09-09 23:00,9,23,Weekend,Fall,No,78.2,74.76,0.0
2023-09-10 00:00,9,0,Weekend,Fall,No,77.9,73.42,0.0
2023-09-10 01:00,9,1,Weekend,Fall,No,77.62,71.88,0.0
2023-09-10 02:00,9,2,Weekend,Fall,No,77.25,69.9,0.0
2023-09-10 03:00,9,3,Weekend,Fall,No,76.92,68.45,0.0
2023-09-10 04:00,9,4,Weekend,Fall,No,76.68,68.0,0.0
2023-09-10 05:00,9,5,Weekend,Fall,No,76.61,69.16,0.0
2023-09-10 06:00,9,6,Weekend,Fall,No,76.64,70.61,2.77
2023-09-10 07:00,9,7,Weekend,Fall,No,74.71,73.37,21.65
2023-09-10 08:00,9,8,Weekend,Fall,No,74.78,77.96,21.73
2023-09-10 09:00,9,9,Weekend,Fall,No,75.82,81.74,24.75
2023-09-10 10:00,9,10,Weekend,Fall,No,75.79,84.72,23.78
2023-09-10 11:00,9,11,Weekend,Fall,No,76.31,87.78,27.51
2023-09-10 12:00,9,12,Weekend,Fall,No,76.03,90.22,26.8
2023-09-10 13:00,9,13,Weekend,Fall,No,77.0,91.04,30.17
2023-09-10 14:00,9,14,Weekend,Fall,No,77.14,92.2,28.33
2023-09-10 15:00,9,15,Weekend,Fall,No,77.95,93.54,31.5
2023-09-10 16:00,9,16,Weekend,Fall,No,77.44,92.76,28.36
2023-09-10 17:00,9,17,Weekend,Fall,No,77.22,90.78,29.57
2023-09-10 18:00,9,18,Weekend,Fall,No,76.54,88.8,18.83
2023-09-10 19:00,9,19,Weekend,Fall,No,77.13,86.2,15.37
2023-09-10 20:00,9,20,Weekend,Fall,No,77.49,83.77,6.74
2023-09-10 21:00,9,21,Weekend,Fall,No,78.2,80.63,2.09
2023-09-10 22:00,9,22,Weekend,Fall,No,77.67,77.82,4.16
2023-09-10 23:00,9,23,Weekend,Fall,No,78.72,75.22,0.0
2023-09-11 00:00,9,0,Weekday,Fall,No,78.67,74.57,0.0
2023-09-11 01:00,9,1,Weekday,Fall,No,78.6,74.39,0.0
2023-09-11 02:00,9,2,Weekday,Fall,No,78.36,72.78,0.0
2023-09-11 03:00,9,3,Weekday,Fall,No,78.14,71.96,0.0
2023-09-11 04:00,9,4,Weekday,Fall,No,77.99,70.81,0.0
2023-09-11 05:00,9,5,Weekday,Fall,No,72.61,69.98,27.26
2023-09-11 06:00,9,6,Weekday,Fall,No,72.76,70.61,27.08
2023-09-11 07:00,9,7,Weekday,Fall,No,74.14,73.37,37.45
2023-09-11 08:00,9,8,Weekday,Fall,Yes,74.51,77.96,45.5
2023-09-11 09:00,9,9,Weekday,Fall,Yes,74.67,82.9,52.26
2023-09-11 10:00,9,10,Weekday,Fall,Yes,74.79,86.18,59.04
2023-09-11 11:00,9,11,Weekday,Fall,Yes,74.86,88.76,60.85
2023-09-11 12:00,9,12,Weekday,Fall,Yes,75.06,91.74,69.1
2023-09-11 13:00,9,13,Weekday,Fall,Yes,75.24,93.54,74.4
2023-09-11 14:00,9,14,Weekday,Fall,Yes,75.2,93.92,77.16
2023-09-11 15:00,9,15,Weekday,Fall,Yes,75.2,93.92,77.84
2023-09-11 16:00,9,16,Weekday,Fall,Yes,75.16,93.92,73.34
2023-09-11 17:00,9,17,Weekday,Fall,Yes,75.01,92.76,58.03
2023-09-11 18:00,9,18,Weekday,Fall,No,74.81,90.26,47.9
2023-09-11 19:00,9,19,Weekday,Fall,No,74.26,87.9,40.29
2023-09-11 20:00,9,20,Weekday,Fall,No,73.88,87.08,38.52
2023-09-11 21:00,9,21,Weekday,Fall,No,78.17,85.82,4.47
2023-09-11 22:00,9,22,Weekday,Fall,No,78.88,81.46,2.14
2023-09-11 23:00,9,23,Weekday,Fall,No,79.05,77.2,0.0
2023-09-12 00:00,9,0,Weekday,Fall,No,78.12,75.92,5.87
2023-09-12 01:00,9,1,Weekday,Fall,No,78.81,74.24,0.0
2023-09-12 02:00,9,2,Weekday,Fall,No,78.65,73.56,0.0
2023-09-12 03:00,9,3,Weekday,Fall,No,78.5,72.78,0.0
2023-09-12 04:00,9,4,Weekday,Fall,No,78.4,71.44,0.0
2023-09-12 05:00,9,5,Weekday,Fall,No,72.88,70.43,27.24
2023-09-12 06:00,9,6,Weekday,Fall,No,72.69,70.61,26.1
2023-09-12 07:00,9,7,Weekday,Fall,No,74.18,72.74,33.26
2023-09-12 08:00,9,8,Weekday,Fall,Yes,74.56,77.51,40.93
2023-09-12 09:00,9,9,Weekday,Fall,Yes,74.71,82.37,49.87
2023-09-12 10:00,9,10,Weekday,Fall,Yes,74.82,86.96,59.32
2023-09-12 11:00,9,11,Weekday,Fall,Yes,74.86,90.74,62.13
2023-09-12 12:00,9,12,Weekday,Fall,Yes,75.08,94.35,72.65
2023-09-12 13:00,9,13,Weekday,Fall,Yes,75.27,95.45,77.42
2023-09-12 14:00,9,14,Weekday,Fall,Yes,75.24,95.63,81.31
2023-09-12 15:00,9,15,Weekday,Fall,Yes,75.2,95.45,82.56
2023-09-12 16:00,9,16,Weekday,Fall,Yes,75.18,95.63,77.58
2023-09-12 17:00,9,17,Weekday,Fall,Yes,75.06,94.82,59.95
2023-09-12 18:00,9,18,Weekday,Fall,No,74.82,92.24,51.09
2023-09-12 19:00,9,19,Weekday,Fall,No,74.27,89.26,42.64
2023-09-12 20:00,9,20,Weekday,Fall,No,73.86,86.82,38.35
2023-09-12 21:00,9,21,Weekday,Fall,No,78.12,85.37,4.36
2023-09-12 22:00,9,22,Weekday,Fall,No,78.29,84.4,4.25
2023-09-12 23:00,9,23,Weekday,Fall,No,78.35,82.86,4.13
2023-09-13 00:00,9,0,Weekday,Fall,No,78.25,79.73,0.0
2023-09-13 01:00,9,1,Weekday,Fall,No,79.15,76.82,5.59
2023-09-13 02:00,9,2,Weekday,Fall,No,78.95,74.24,0.0
2023-09-13 03:00,9,3,Weekday,Fall,No,78.68,73.04,0.0
2023-09-13 04:00,9,4,Weekday,Fall,No,77.52,72.41,0.0
2023-09-13 05:00,9,5,Weekday,Fall,No,72.84,71.44,25.87
2023-09-13 06:00,9,6,Weekday,Fall,No,72.65,71.58,24.59
2023-09-13 07:00,9,7,Weekday,Fall,No,74.15,72.59,29.55
2023-09-13 08:00,9,8,Weekday,Fall,Yes,74.56,76.5,36.26
2023-09-13 09:00,9,9,Weekday,Fall,Yes,74.75,83.71,49.37
2023-09-13 10:00,9,10,Weekday,Fall,Yes,74.85,88.76,59.7
2023-09-13 11:00,9,11,Weekday,Fall,Yes,74.87,91.74,62.86
2023-09-13 12:00,9,12,Weekday,Fall,Yes,75.08,94.18,72.08
2023-09-13 13:00,9,13,Weekday,Fall,Yes,75.27,95.63,77.2
2023-09-13 14:00,9,14,Weekday,Fall,Yes,75.22,96.6,83.03
2023-09-13 15:00,9,15,Weekday,Fall,Yes,75.2,96.46,84.97
2023-09-13 16:00,9,16,Weekday,Fall,Yes,75.15,95.45,78.41
2023-09-13 17:00,9,17,Weekday,Fall,Yes,75.01,93.84,61.63
2023-09-13 18:00,9,18,Weekday,Fall,No,74.79,91.23,50.81
2023-09-13 19:00,9,19,Weekday,Fall,No,74.21,88.28,41.35
2023-09-13 20:00,9,20,Weekday,Fall,No,73.73,84.14,35.69
2023-09-13 21:00,9,21,Weekday,Fall,No,78.12,79.73,0.0
2023-09-13 22:00,9,22,Weekday,Fall,No,78.6,78.6,5.81
2023-09-13 23:00,9,23,Weekday,Fall,No,78.23,76.04,0.0
2023-09-14 00:00,9,0,Weekday,Fall,No,78.51,73.42,0.0
2023-09-14 01:00,9,1,Weekday,Fall,No,78.33,72.41,0.0
2023-09-14 02:00,9,2,Weekday,Fall,No,78.07,70.81,0.0
2023-09-14 03:00,9,3,Weekday,Fall,No,77.85,69.98,0.0
2023-09-14 04:00,9,4,Weekday,Fall,No,77.8,69.98,0.0
2023-09-14 05:00,9,5,Weekday,Fall,No,72.57,68.82,21.21
2023-09-14 06:00,9,6,Weekday,Fall,No,72.45,68.0,19.87
2023-09-14 07:00,9,7,Weekday,Fall,No,74.05,70.94,26.8
2023-09-14 08:00,9,8,Weekday,Fall,Yes,74.52,78.82,38.84
2023-09-14 09:00,9,9,Weekday,Fall,Yes,74.69,85.88,51.87
2023-09-14 10:00,9,10,Weekday,Fall,Yes,74.79,89.14,60.12
2023-09-14 11:00,9,11,Weekday,Fall,Yes,74.82,91.74,62.93
2023-09-14 12:00,9,12,Weekday,Fall,Yes,75.02,94.18,71.76
2023-09-14 13:00,9,13,Weekday,Fall,Yes,75.25,95.63,77.04
2023-09-14 14:00,9,14,Weekday,Fall,Yes,75.21,96.6,83.36
2023-09-14 15:00,9,15,Weekday,Fall,Yes,75.2,96.98,87.52
2023-09-14 16:00,9,16,Weekday,Fall,Yes,75.17,95.82,80.63
2023-09-14 17:00,9,17,Weekday,Fall,Yes,75.05,94.37,63.2
2023-09-14 18:00,9,18,Weekday,Fall,No,74.79,91.08,50.99
2023-09-14 19:00,9,19,Weekday,Fall,No,74.19,87.28,40.48
2023-09-14 20:00,9,20,Weekday,Fall,No,73.74,84.84,36.5
2023-09-14 21:00,9,21,Weekday,Fall,No,78.2,81.08,0.0
2023-09-14 22:00,9,22,Weekday,Fall,No,78.56,77.82,5.43
2023-09-14 23:00,9,23,Weekday,Fall,No,78.17,75.84,0.0
2023-09-15 00:00,9,0,Weekday,Fall,No,78.54,73.86,0.0
2023-09-15 01:00,9,1,Weekday,Fall,No,78.35,73.04,0.0
2023-09-15 02:00,9,2,Weekday,Fall,No,78.12,71.88,0.0
2023-09-15 03:00,9,3,Weekday,Fall,No,77.84,70.43,0.0
2023-09-15 04:00,9,4,Weekday,Fall,No,77.73,69.46,0.0
2023-09-15 05:00,9,5,Weekday,Fall,No,72.59,69.08,20.45
2023-09-15 06:00,9,6,Weekday,Fall,No,72.41,69.6,20.35
2023-09-15 07:00,9,7,Weekday,Fall,No,74.03,72.92,27.46
2023-09-15 08:00,9,8,Weekday,Fall,Yes,74.57,78.48,36.98
2023-09-15 09:00,9,9,Weekday,Fall,Yes,74.71,84.53,48.15
2023-09-15 10:00,9,10,Weekday,Fall,Yes,74.82,89.39,59.68
2023-09-15 11:00,9,11,Weekday,Fall,Yes,74.86,92.72,64.77
2023-09-15 12:00,9,12,Weekday,Fall,Yes,75.09,95.18,73.98
2023-09-15 13:00,9,13,Weekday,Fall,Yes,75.28,96.08,79.08
2023-09-15 14:00,9,14,Weekday,Fall,Yes,75.23,97.24,86.37
2023-09-15 15:00,9,15,Weekday,Fall,Yes,75.2,98.06,91.27
2023-09-15 16:00,9,16,Weekday,Fall,Yes,75.16,97.43,85.8
2023-09-15 17:00,9,17,Weekday,Fall,Yes,75.03,95.82,67.4
2023-09-15 18:00,9,18,Weekday,Fall,No,74.79,92.06,53.77
2023-09-15 19:00,9,19,Weekday,Fall,No,74.19,87.65,42.48
2023-09-15 20:00,9,20,Weekday,Fall,No,73.76,84.22,36.29
2023-09-15 21:00,9,21,Weekday,Fall,No,78.38,81.78,0.0
2023-09-15 22:00,9,22,Weekday,Fall,No,78.19,80.44,6.06
2023-09-15 23:00,9,23,Weekday,Fall,No,79.05,79.43,0.0
2023-09-16 00:00,9,0,Weekend,Fall,No,78.93,77.82,0.0
2023-09-16 01:00,9,1,Weekend,Fall,No,78.74,76.37,0.0
2023-09-16 02:00,9,2,Weekend,Fall,No,78.56,75.4,0.0
2023-09-16 03:00,9,3,Weekend,Fall,No,78.42,75.02,0.0
2023-09-16 04:00,9,4,Weekend,Fall,No,78.27,74.39,0.0
2023-09-16 05:00,9,5,Weekend,Fall,No,72.86,73.42,28.6
2023-09-16 06:00,9,6,Weekend,Fall,No,72.73,74.19,28.44
2023-09-16 07:00,9,7,Weekend,Fall,No,73.71,76.8,31.19
2023-09-16 08:00,9,8,Weekend,Fall,No,74.14,80.39,35.16
2023-09-16 09:00,9,9,Weekend,Fall,No,74.34,84.98,41.21
2023-09-16 10:00,9,10,Weekend,Fall,No,74.49,88.23,46.99
2023-09-16 11:00,9,11,Weekend,Fall,No,74.57,90.74,51.4
2023-09-16 12:00,9,12,Weekend,Fall,No,74.63,93.1,56.23
2023-09-16 13:00,9,13,Weekend,Fall,No,74.72,94.55,56.17
2023-09-16 14:00,9,14,Weekend,Fall,No,74.81,95.0,57.0
2023-09-16 15:00,9,15,Weekend,Fall,No,74.5,92.06,46.35
2023-09-16 16:00,9,16,Weekend,Fall,No,74.02,86.49,38.66
2023-09-16 17:00,9,17,Weekend,Fall,No,77.08,82.86,10.23
2023-09-16 18:00,9,18,Weekend,Fall,No,78.23,82.56,4.51
2023-09-16 19:00,9,19,Weekend,Fall,No,78.41,81.78,6.69
2023-09-16 20:00,9,20,Weekend,Fall,No,78.03,80.44,0.0
2023-09-16 21:00,9,21,Weekend,Fall,No,78.89,80.06,4.08
2023-09-16 22:00,9,22,Weekend,Fall,No,78.03,79.43,2.01
2023-09-16 23:00,9,23,Weekend,Fall,No,78.72,77.82,0.0
2023-09-17 00:00,9,0,Weekend,Fall,No,78.46,75.22,0.0
2023-09-17 01:00,9,1,Weekend,Fall,No,78.14,73.42,0.0
2023-09-17 02:00,9,2,Weekend,Fall,No,77.98,73.56,0.0
2023-09-17 03:00,9,3,Weekend,Fall,No,77.81,72.78,0.0
2023-09-17 04:00,9,4,Weekend,Fall,No,77.53,71.44,0.0
2023-09-17 05:00,9,5,Weekend,Fall,No,77.34,71.06,0.0
2023-09-17 06:00,9,6,Weekend,Fall,No,76.68,71.06,4.34
2023-09-17 07:00,9,7,Weekend,Fall,No,74.94,73.37,18.24
2023-09-17 08:00,9,8,Weekend,Fall,No,75.12,76.8,24.86
2023-09-17 09:00,9,9,Weekend,Fall,No,75.96,80.92,20.61
2023-09-17 10:00,9,10,Weekend,Fall,No,76.08,84.72,27.38
2023-09-17 11:00,9,11,Weekend,Fall,No,76.38,87.78,23.3
2023-09-17 12:00,9,12,Weekend,Fall,No,76.08,90.22,31.36
2023-09-17 13:00,9,13,Weekend,Fall,No,76.86,91.56,26.08
2023-09-17 14:00,9,14,Weekend,Fall,No,77.14,92.57,33.63
2023-09-17 15:00,9,15,Weekend,Fall,No,77.88,93.02,26.93
2023-09-17 16:00,9,16,Weekend,Fall,No,77.37,93.02,33.31
2023-09-17 17:00,9,17,Weekend,Fall,No,76.97,92.39,25.28
2023-09-17 18:00,9,18,Weekend,Fall,No,76.57,90.78,24.72
2023-09-17 19:00,9,19,Weekend,Fall,No,77.27,85.34,12.26
2023-09-17 20:00,9,20,Weekend,Fall,No,76.91,82.04,10.47
2023-09-17 21:00,9,21,Weekend,Fall,No,77.61,79.73,6.87
2023-09-17 22:00,9,22,Weekend,Fall,No,78.18,78.6,0.0
2023-09-17 23:00,9,23,Weekend,Fall,No,78.35,78.98,0.0
2023-09-18 00:00,9,0,Weekday,Fall,No,77.83,78.46,0.0
2023-09-18 01:00,9,1,Weekday,Fall,No,78.78,77.45,0.0
2023-09-18 02:00,9,2,Weekday,Fall,No,78.82,77.0,0.0
2023-09-18 03:00,9,3,Weekday,Fall,No,78.72,76.37,0.0
2023-09-18 04:00,9,4,Weekday,Fall,No,78.67,75.4,0.0
2023-09-18 05:00,9,5,Weekday,Fall,No,73.02,74.39,29.83
2023-09-18 06:00,9,6,Weekday,Fall,No,72.88,74.57,28.34
2023-09-18 07:00,9,7,Weekday,Fall,No,74.32,76.8,35.86
2023-09-18 08:00,9,8,Weekday,Fall,Yes,74.61,79.76,41.59
2023-09-18 09:00,9,9,Weekday,Fall,Yes,74.74,83.27,50.11
2023-09-18 10:00,9,10,Weekday,Fall,Yes,74.85,86.18,58.77
2023-09-18 11:00,9,11,Weekday,Fall,Yes,74.87,88.76,60.81
2023-09-18 12:00,9,12,Weekday,Fall,Yes,75.11,91.12,68.36
2023-09-18 13:00,9,13,Weekday,Fall,Yes,75.22,93.1,72.38
2023-09-18 14:00,9,14,Weekday,Fall,Yes,75.2,92.76,70.61
2023-09-18 15:00,9,15,Weekday,Fall,Yes,75.19,91.94,67.51
2023-09-18 16:00,9,16,Weekday,Fall,Yes,75.13,90.78,60.66
2023-09-18 17:00,9,17,Weekday,Fall,Yes,74.81,89.43,47.39
2023-09-18 18:00,9,18,Weekday,Fall,No,74.45,87.9,43.17
2023-09-18 19:00,9,19,Weekday,Fall,No,73.87,82.36,36.53
2023-09-18 20:00,9,20,Weekday,Fall,No,73.36,76.67,34.03
2023-09-18 21:00,9,21,Weekday,Fall,No,77.57,74.39,0.0
2023-09-18 22:00,9,22,Weekday,Fall,No,78.51,72.26,0.0
2023-09-18 23:00,9,23,Weekday,Fall,No,78.35,71.06,0.0
2023-09-19 00:00,9,0,Weekday,Fall,No,78.24,71.06,0.0
2023-09-19 01:00,9,1,Weekday,Fall,No,78.1,71.06,0.0
2023-09-19 02:00,9,2,Weekday,Fall,No,77.9,70.43,0.0
2023-09-19 03:00,9,3,Weekday,Fall,No,77.66,69.46,0.0
2023-09-19 04:00,9,4,Weekday,Fall,No,77.59,68.45,0.0
2023-09-19 05:00,9,5,Weekday,Fall,No,72.47,67.37,23.41
2023-09-19 06:00,9,6,Weekday,Fall,No,72.19,67.55,23.26
2023-09-19 07:00,9,7,Weekday,Fall,No,73.88,70.31,30.27
2023-09-19 08:00,9,8,Weekday,Fall,Yes,74.45,74.9,38.29
2023-09-19 09:00,9,9,Weekday,Fall,Yes,74.6,78.78,45.23
2023-09-19 10:00,9,10,Weekday,Fall,Yes,74.71,82.37,52.19
2023-09-19 11:00,9,11,Weekday,Fall,Yes,74.75,86.33,55.97
2023-09-19 12:00,9,12,Weekday,Fall,Yes,75.0,89.14,63.71
2023-09-19 13:00,9,13,Weekday,Fall,Yes,75.24,90.59,66.67
2023-09-19 14:00,9,14,Weekday,Fall,Yes,75.21,91.56,71.5
2023-09-19 15:00,9,15,Weekday,Fall,Yes,75.18,91.94,73.95
2023-09-19 16:00,9,16,Weekday,Fall,Yes,75.13,91.42,68.33
2023-09-19 17:00,9,17,Weekday,Fall,Yes,74.95,89.88,51.45
2023-09-19 18:00,9,18,Weekday,Fall,No,74.65,87.28,42.49
2023-09-19 19:00,9,19,Weekday,Fall,No,73.99,84.84,37.5
2023-09-19 20:00,9,20,Weekday,Fall,No,73.53,82.86,35.51
2023-09-19 21:00,9,21,Weekday,Fall,No,77.97,80.26,0.0
2023-09-19 22:00,9,22,Weekday,Fall,No,78.86,76.67,0.0
2023-09-19 23:00,9,23,Weekday,Fall,No,78.65,74.39,0.0
2023-09-20 00:00,9,0,Weekday,Fall,No,78.42,72.78,0.0
2023-09-20 01:00,9,1,Weekday,Fall,No,78.2,71.96,0.0
2023-09-20 02:00,9,2,Weekday,Fall,No,78.03,71.44,0.0
2023-09-20 03:00,9,3,Weekday,Fall,No,77.81,70.43,0.0
2023-09-20 04:00,9,4,Weekday,Fall,No,77.61,68.82,0.0
2023-09-20 05:00,9,5,Weekday,Fall,No,72.47,67.37,23.77
2023-09-20 06:00,9,6,Weekday,Fall,No,72.18,66.92,22.95
2023-09-20 07:00,9,7,Weekday,Fall,No,73.88,69.34,29.5
2023-09-20 08:00,9,8,Weekday,Fall,Yes,74.46,75.68,39.42
2023-09-20 09:00,9,9,Weekday,Fall,Yes,74.64,81.29,49.21
2023-09-20 10:00,9,10,Weekday,Fall,Yes,74.75,83.57,55.91
2023-09-20 11:00,9,11,Weekday,Fall,Yes,74.79,86.96,59.2
2023-09-20 12:00,9,12,Weekday,Fall,Yes,75.03,90.22,67.47
2023-09-20 13:00,9,13,Weekday,Fall,Yes,75.29,91.56,70.95
2023-09-20 14:00,9,14,Weekday,Fall,Yes,75.21,92.57,75.64
2023-09-20 15:00,9,15,Weekday,Fall,Yes,75.2,92.39,77.19
2023-09-20 16:00,9,16,Weekday,Fall,Yes,75.15,91.42,69.48
2023-09-20 17:00,9,17,Weekday,Fall,Yes,74.98,90.41,51.44
2023-09-20 18:00,9,18,Weekday,Fall,No,74.65,87.65,43.27
2023-09-20 19:00,9,19,Weekday,Fall,No,74.03,85.37,38.26
2023-09-20 20:00,9,20,Weekday,Fall,No,73.62,83.24,36.39
2023-09-20 21:00,9,21,Weekday,Fall,No,78.08,80.26,0.0
2023-09-20 22:00,9,22,Weekday,Fall,No,79.02,77.2,0.0
2023-09-20 23:00,9,23,Weekday,Fall,No,78.28,74.76,0.0
2023-09-21 00:00,9,0,Weekday,Fall,No,77.82,73.42,0.0
2023-09-21 01:00,9,1,Weekday,Fall,No,78.14,71.88,0.0
2023-09-21 02:00,9,2,Weekday,Fall,No,77.88,70.43,0.0
2023-09-21 03:00,9,3,Weekday,Fall,No,77.7,69.98,0.0
2023-09-21 04:00,9,4,Weekday,Fall,No,77.62,69.46,0.0
2023-09-21 05:00,9,5,Weekday,Fall,No,72.49,69.08,26.01
2023-09-21 06:00,9,6,Weekday,Fall,No,72.44,68.45,24.13
2023-09-21 07:00,9,7,Weekday,Fall,No,74.02,71.46,33.55
2023-09-21 08:00,9,8,Weekday,Fall,Yes,74.47,77.51,45.8
2023-09-21 09:00,9,9,Weekday,Fall,Yes,74.62,81.74,53.36
2023-09-21 10:00,9,10,Weekday,Fall,Yes,74.73,84.72,58.4
2023-09-21 11:00,9,11,Weekday,Fall,Yes,74.82,87.78,60.96
2023-09-21 12:00,9,12,Weekday,Fall,Yes,75.03,90.22,67.5
2023-09-21 13:00,9,13,Weekday,Fall,Yes,75.18,92.2,70.29
2023-09-21 14:00,9,14,Weekday,Fall,Yes,75.2,92.39,74.23
2023-09-21 15:00,9,15,Weekday,Fall,Yes,75.2,91.42,69.93
2023-09-21 16:00,9,16,Weekday,Fall,Yes,75.15,88.73,58.97
2023-09-21 17:00,9,17,Weekday,Fall,Yes,74.88,86.45,44.27
2023-09-21 18:00,9,18,Weekday,Fall,No,74.44,84.84,40.84
2023-09-21 19:00,9,19,Weekday,Fall,No,73.86,82.86,36.97
2023-09-21 20:00,9,20,Weekday,Fall,No,73.47,80.26,34.31
2023-09-21 21:00,9,21,Weekday,Fall,No,77.93,78.46,0.0
2023-09-21 22:00,9,22,Weekday,Fall,No,78.96,76.82,0.0
2023-09-21 23:00,9,23,Weekday,Fall,No,78.88,75.4,0.0
2023-09-22 00:00,9,0,Weekday,Fall,No,77.81,75.02,0.0
2023-09-22 01:00,9,1,Weekday,Fall,No,78.57,75.02,0.0
2023-09-22 02:00,9,2,Weekday,Fall,No,78.74,75.02,0.0
2023-09-22 03:00,9,3,Weekday,Fall,No,78.76,75.02,0.0
2023-09-22 04:00,9,4,Weekday,Fall,No,78.78,74.39,0.0
2023-09-22 05:00,9,5,Weekday,Fall,No,73.13,73.94,37.76
2023-09-22 06:00,9,6,Weekday,Fall,No,72.65,73.42,34.15
2023-09-22 07:00,9,7,Weekday,Fall,No,73.63,73.56,39.25
2023-09-22 08:00,9,8,Weekday,Fall,Yes,74.34,74.57,41.28
2023-09-22 09:00,9,9,Weekday,Fall,Yes,74.73,77.96,50.6
2023-09-22 10:00,9,10,Weekday,Fall,Yes,74.85,81.22,53.75
2023-09-22 11:00,9,11,Weekday,Fall,Yes,74.91,83.72,57.21
2023-09-22 12:00,9,12,Weekday,Fall,Yes,74.97,84.4,60.0
2023-09-22 13:00,9,13,Weekday,Fall,Yes,74.82,82.86,54.88
2023-09-22 14:00,9,14,Weekday,Fall,Yes,74.68,75.63,52.67
2023-09-22 15:00,9,15,Weekday,Fall,Yes,74.49,71.06,46.61
2023-09-22 16:00,9,16,Weekday,Fall,Yes,74.25,69.28,42.62
2023-09-22 17:00,9,17,Weekday,Fall,Yes,73.64,68.0,33.68
2023-09-22 18:00,9,18,Weekday,Fall,No,73.1,68.0,32.37
2023-09-22 19:00,9,19,Weekday,Fall,No,72.45,68.63,32.93
2023-09-22 20:00,9,20,Weekday,Fall,No,72.08,68.45,32.68
2023-09-22 21:00,9,21,Weekday,Fall,No,75.85,68.63,0.0
2023-09-22 22:00,9,22,Weekday,Fall,No,76.79,68.45,0.0
2023-09-22 23:00,9,23,Weekday,Fall,No,76.54,68.0,0.0
2023-09-23 00:00,9,0,Weekend,Fall,No,76.5,68.63,0.0
2023-09-23 01:00,9,1,Weekend,Fall,No,76.46,68.45,0.0
2023-09-23 02:00,9,2,Weekend,Fall,No,76.35,68.0,0.0
2023-09-23 03:00,9,3,Weekend,Fall,No,76.29,68.63,0.0
2023-09-23 04:00,9,4,Weekend,Fall,No,76.16,68.45,0.0
2023-09-23 05:00,9,5,Weekend,Fall,No,71.75,67.37,28.6
2023-09-23 06:00,9,6,Weekend,Fall,No,71.37,66.92,27.89
2023-09-23 07:00,9,7,Weekend,Fall,No,72.21,68.18,30.3
2023-09-23 08:00,9,8,Weekend,Fall,No,73.22,70.76,34.19
2023-09-23 09:00,9,9,Weekend,Fall,No,73.69,74.27,38.01
2023-09-23 10:00,9,10,Weekend,Fall,No,73.95,77.7,37.66
2023-09-23 11:00,9,11,Weekend,Fall,No,74.09,78.98,38.85
2023-09-23 12:00,9,12,Weekend,Fall,No,74.12,79.61,39.57
2023-09-23 13:00,9,13,Weekend,Fall,No,74.02,81.22,39.0
2023-09-23 14:00,9,14,Weekend,Fall,No,74.27,83.72,40.59
2023-09-23 15:00,9,15,Weekend,Fall,No,74.3,83.77,39.89
2023-09-23 16:00,9,16,Weekend,Fall,No,73.66,82.42,35.71
2023-09-23 17:00,9,17,Weekend,Fall,No,77.76,80.26,0.0
2023-09-23 18:00,9,18,Weekend,Fall,No,78.55,77.2,0.0
2023-09-23 19:00,9,19,Weekend,Fall,No,78.15,71.93,0.0
2023-09-23 20:00,9,20,Weekend,Fall,No,77.23,67.82,0.0
2023-09-23 21:00,9,21,Weekend,Fall,No,76.64,65.24,0.0
2023-09-23 22:00,9,22,Weekend,Fall,No,76.57,64.56,0.0
2023-09-23 23:00,9,23,Weekend,Fall,No,76.48,65.57,0.0
2023-09-24 00:00,9,0,Weekend,Fall,No,76.44,66.54,0.0
2023-09-24 01:00,9,1,Weekend,Fall,No,76.22,65.76,0.0
2023-09-24 02:00,9,2,Weekend,Fall,No,75.92,64.94,0.0
2023-09-24 03:00,9,3,Weekend,Fall,No,75.69,64.41,0.0
2023-09-24 04:00,9,4,Weekend,Fall,No,75.47,64.04,0.0
2023-09-24 05:00,9,5,Weekend,Fall,No,75.24,63.41,0.0
2023-09-24 06:00,9,6,Weekend,Fall,No,75.58,62.96,0.0
2023-09-24 07:00,9,7,Weekend,Fall,No,74.22,65.9,10.05
2023-09-24 08:00,9,8,Weekend,Fall,No,74.07,70.94,22.32
2023-09-24 09:00,9,9,Weekend,Fall,No,74.66,75.35,21.7
2023-09-24 10:00,9,10,Weekend,Fall,No,75.19,78.78,23.96
2023-09-24 11:00,9,11,Weekend,Fall,No,75.16,82.37,22.81
2023-09-24 12:00,9,12,Weekend,Fall,No,75.31,85.18,26.57
2023-09-24 13:00,9,13,Weekend,Fall,No,75.73,87.16,24.97
2023-09-24 14:00,9,14,Weekend,Fall,No,76.51,88.61,28.52
2023-09-24 15:00,9,15,Weekend,Fall,No,76.87,89.06,25.84
2023-09-24 16:00,9,16,Weekend,Fall,No,76.93,88.43,28.42
2023-09-24 17:00,9,17,Weekend,Fall,No,76.23,86.82,24.53
2023-09-24 18:00,9,18,Weekend,Fall,No,75.07,84.22,15.54
2023-09-24 19:00,9,19,Weekend,Fall,No,77.39,81.26,4.09
2023-09-24 20:00,9,20,Weekend,Fall,No,77.15,76.49,0.0
2023-09-24 21:00,9,21,Weekend,Fall,No,77.74,73.42,0.0
2023-09-24 22:00,9,22,Weekend,Fall,No,77.58,71.88,0.0
2023-09-24 23:00,9,23,Weekend,Fall,No,77.51,70.43,0.0
2023-09-25 00:00,9,0,Weekday,Fall,No,77.15,67.67,0.0
2023-09-25 01:00,9,1,Weekday,Fall,No,76.71,65.39,0.0
2023-09-25 02:00,9,2,Weekday,Fall,No,76.44,64.94,0.0
2023-09-25 03:00,9,3,Weekday,Fall,No,76.2,64.41,0.0
2023-09-25 04:00,9,4,Weekday,Fall,No,76.0,63.41,0.0
2023-09-25 05:00,9,5,Weekday,Fall,No,71.62,62.44,14.33
2023-09-25 06:00,9,6,Weekday,Fall,No,71.5,63.22,14.98
2023-09-25 07:00,9,7,Weekday,Fall,No,73.5,67.5,21.76
2023-09-25 08:00,9,8,Weekday,Fall,Yes,74.16,73.44,29.64
2023-09-25 09:00,9,9,Weekday,Fall,Yes,74.44,79.49,38.07
2023-09-25 10:00,9,10,Weekday,Fall,Yes,74.61,83.72,46.26
2023-09-25 11:00,9,11,Weekday,Fall,Yes,74.65,86.7,49.19
2023-09-25 12:00,9,12,Weekday,Fall,Yes,74.96,89.14,56.48
2023-09-25 13:00,9,13,Weekday,Fall,Yes,75.32,89.96,59.8
2023-09-25 14:00,9,14,Weekday,Fall,Yes,75.28,90.59,65.62
2023-09-25 15:00,9,15,Weekday,Fall,Yes,75.16,91.04,70.25
2023-09-25 16:00,9,16,Weekday,Fall,Yes,75.07,89.88,65.03
2023-09-25 17:00,9,17,Weekday,Fall,Yes,74.85,87.9,49.61
2023-09-25 18:00,9,18,Weekday,Fall,No,74.48,84.66,39.62
2023-09-25 19:00,9,19,Weekday,Fall,No,73.69,81.26,33.48
2023-09-25 20:00,9,20,Weekday,Fall,No,73.13,78.28,29.67
2023-09-25 21:00,9,21,Weekday,Fall,No,77.14,75.22,0.0
2023-09-25 22:00,9,22,Weekday,Fall,No,77.88,72.26,0.0
2023-09-25 23:00,9,23,Weekday,Fall,No,77.56,69.9,0.0
2023-09-26 00:00,9,0,Weekday,Fall,No,77.21,67.82,0.0
2023-09-26 01:00,9,1,Weekday,Fall,No,76.9,66.4,0.0
2023-09-26 02:00,9,2,Weekday,Fall,No,76.59,64.86,0.0
2023-09-26 03:00,9,3,Weekday,Fall,No,76.26,63.41,0.0
2023-09-26 04:00,9,4,Weekday,Fall,No,76.09,62.96,0.0
2023-09-26 05:00,9,5,Weekday,Fall,No,71.74,62.44,12.46
2023-09-26 06:00,9,6,Weekday,Fall,No,71.6,62.58,12.29
2023-09-26 07:00,9,7,Weekday,Fall,No,73.48,65.27,17.17
2023-09-26 08:00,9,8,Weekday,Fall,Yes,74.14,71.02,25.59
2023-09-26 09:00,9,9,Weekday,Fall,Yes,74.41,77.51,36.73
2023-09-26 10:00,9,10,Weekday,Fall,Yes,74.59,83.52,47.39
2023-09-26 11:00,9,11,Weekday,Fall,Yes,74.65,87.16,52.38
2023-09-26 12:00,9,12,Weekday,Fall,Yes,74.96,88.61,59.88
2023-09-26 13:00,9,13,Weekday,Fall,Yes,75.32,90.22,65.12
2023-09-26 14:00,9,14,Weekday,Fall,Yes,75.3,91.04,71.71
2023-09-26 15:00,9,15,Weekday,Fall,Yes,75.17,91.56,76.36
2023-09-26 16:00,9,16,Weekday,Fall,Yes,75.08,91.42,72.33
2023-09-26 17:00,9,17,Weekday,Fall,Yes,74.89,89.88,55.3
2023-09-26 18:00,9,18,Weekday,Fall,No,74.56,86.65,43.64
2023-09-26 19:00,9,19,Weekday,Fall,No,73.8,82.61,35.76
2023-09-26 20:00,9,20,Weekday,Fall,No,73.24,79.81,31.85
2023-09-26 21:00,9,21,Weekday,Fall,No,77.24,74.88,0.0
2023-09-26 22:00,9,22,Weekday,Fall,No,77.84,70.81,0.0
2023-09-26 23:00,9,23,Weekday,Fall,No,77.53,68.82,0.0
2023-09-27 00:00,9,0,Weekday,Fall,No,77.23,67.37,0.0
2023-09-27 01:00,9,1,Weekday,Fall,No,76.96,66.4,0.0
2023-09-27 02:00,9,2,Weekday,Fall,No,76.73,66.02,0.0
2023-09-27 03:00,9,3,Weekday,Fall,No,76.47,64.86,0.0
2023-09-27 04:00,9,4,Weekday,Fall,No,76.24,63.41,0.0
2023-09-27 05:00,9,5,Weekday,Fall,No,71.82,62.96,12.35
2023-09-27 06:00,9,6,Weekday,Fall,No,71.66,62.44,11.48
2023-09-27 07:00,9,7,Weekday,Fall,No,73.54,66.68,18.63
2023-09-27 08:00,9,8,Weekday,Fall,Yes,74.23,74.7,30.95
2023-09-27 09:00,9,9,Weekday,Fall,Yes,74.5,80.92,42.43
2023-09-27 10:00,9,10,Weekday,Fall,Yes,74.66,86.51,53.4
2023-09-27 11:00,9,11,Weekday,Fall,Yes,74.75,90.74,60.24
2023-09-27 12:00,9,12,Weekday,Fall,Yes,74.97,93.72,69.31
2023-09-27 13:00,9,13,Weekday,Fall,Yes,75.26,95.0,74.61
2023-09-27 14:00,9,14,Weekday,Fall,Yes,75.23,96.16,80.75
2023-09-27 15:00,9,15,Weekday,Fall,Yes,75.2,96.46,84.01
2023-09-27 16:00,9,16,Weekday,Fall,Yes,75.16,95.45,74.85
2023-09-27 17:00,9,17,Weekday,Fall,Yes,75.0,93.84,58.47
2023-09-27 18:00,9,18,Weekday,Fall,No,74.67,90.71,48.27
2023-09-27 19:00,9,19,Weekday,Fall,No,74.01,86.65,39.31
2023-09-27 20:00,9,20,Weekday,Fall,No,73.51,83.24,34.45
2023-09-27 21:00,9,21,Weekday,Fall,No,77.87,79.73,0.0
2023-09-27 22:00,9,22,Weekday,Fall,No,78.75,76.3,0.0
2023-09-27 23:00,9,23,Weekday,Fall,No,78.51,73.86,0.0
2023-09-28 00:00,9,0,Weekday,Fall,No,78.25,72.41,0.0
2023-09-28 01:00,9,1,Weekday,Fall,No,77.95,70.81,0.0
2023-09-28 02:00,9,2,Weekday,Fall,No,77.74,70.61,0.0
2023-09-28 03:00,9,3,Weekday,Fall,No,77.5,69.28,0.0
2023-09-28 04:00,9,4,Weekday,Fall,No,77.27,68.0,0.0
2023-09-28 05:00,9,5,Weekday,Fall,No,72.39,68.0,19.71
2023-09-28 06:00,9,6,Weekday,Fall,No,72.13,68.63,20.4
2023-09-28 07:00,9,7,Weekday,Fall,No,73.82,72.54,27.45
2023-09-28 08:00,9,8,Weekday,Fall,Yes,74.47,79.12,37.03
2023-09-28 09:00,9,9,Weekday,Fall,Yes,74.64,85.51,48.68
2023-09-28 10:00,9,10,Weekday,Fall,Yes,74.78,90.92,62.31
2023-09-28 11:00,9,11,Weekday,Fall,Yes,74.86,94.8,69.85
2023-09-28 12:00,9,12,Weekday,Fall,Yes,75.16,96.08,76.48
2023-09-28 13:00,9,13,Weekday,Fall,Yes,75.39,97.24,80.79
2023-09-28 14:00,9,14,Weekday,Fall,Yes,75.37,98.58,87.96
2023-09-28 15:00,9,15,Weekday,Fall,Yes,75.22,97.8,87.1
2023-09-28 16:00,9,16,Weekday,Fall,Yes,75.17,96.46,77.74
2023-09-28 17:00,9,17,Weekday,Fall,Yes,75.03,94.82,59.46
2023-09-28 18:00,9,18,Weekday,Fall,No,74.71,88.67,47.0
2023-09-28 19:00,9,19,Weekday,Fall,No,74.04,81.46,37.01
2023-09-28 20:00,9,20,Weekday,Fall,No,73.51,78.46,34.04
2023-09-28 21:00,9,21,Weekday,Fall,No,77.92,78.6,0.0
2023-09-28 22:00,9,22,Weekday,Fall,No,79.09,78.98,0.0
2023-09-28 23:00,9,23,Weekday,Fall,No,77.79,77.2,1.83
2023-09-29 00:00,9,0,Weekday,Fall,No,78.58,74.76,3.6
2023-09-29 01:00,9,1,Weekday,Fall,No,78.32,72.26,0.0
2023-09-29 02:00,9,2,Weekday,Fall,No,77.99,70.43,0.0
2023-09-29 03:00,9,3,Weekday,Fall,No,77.73,69.46,0.0
2023-09-29 04:00,9,4,Weekday,Fall,No,77.48,67.3,0.0
2023-09-29 05:00,9,5,Weekday,Fall,No,72.47,66.02,20.39
2023-09-29 06:00,9,6,Weekday,Fall,No,72.23,66.54,19.99
2023-09-29 07:00,9,7,Weekday,Fall,No,73.89,69.86,27.23
2023-09-29 08:00,9,8,Weekday,Fall,Yes,74.45,76.68,36.31
2023-09-29 09:00,9,9,Weekday,Fall,Yes,74.61,81.22,44.46
2023-09-29 10:00,9,10,Weekday,Fall,Yes,74.73,86.14,55.28
2023-09-29 11:00,9,11,Weekday,Fall,Yes,74.82,90.74,62.56
2023-09-29 12:00,9,12,Weekday,Fall,Yes,75.11,93.1,72.37
2023-09-29 13:00,9,13,Weekday,Fall,Yes,75.34,93.92,76.85
2023-09-29 14:00,9,14,Weekday,Fall,Yes,75.22,93.4,76.41
2023-09-29 15:00,9,15,Weekday,Fall,Yes,75.2,92.39,72.62
2023-09-29 16:00,9,16,Weekday,Fall,Yes,75.15,91.42,64.8
2023-09-29 17:00,9,17,Weekday,Fall,Yes,74.85,89.26,49.83
2023-09-29 18:00,9,18,Weekday,Fall,No,74.37,85.67,42.25
2023-09-29 19:00,9,19,Weekday,Fall,No,73.75,81.71,34.76
2023-09-29 20:00,9,20,Weekday,Fall,No,73.22,77.65,29.69
2023-09-29 21:00,9,21,Weekday,Fall,No,77.35,75.4,0.0
2023-09-29 22:00,9,22,Weekday,Fall,No,78.3,74.39,0.0
2023-09-29 23:00,9,23,Weekday,Fall,No,77.81,71.63,0.0
2023-09-30 00:00,9,0,Weekend,Fall,No,77.54,70.61,0.0
2023-09-30 01:00,9,1,Weekend,Fall,No,77.49,70.43,0.0
2023-09-30 02:00,9,2,Weekend,Fall,No,77.22,68.82,0.0
2023-09-30 03:00,9,3,Weekend,Fall,No,76.99,68.0,0.0
2023-09-30 04:00,9,4,Weekend,Fall,No,76.85,67.37,0.0
2023-09-30 05:00,9,5,Weekend,Fall,No,72.3,67.55,18.22
2023-09-30 06:00,9,6,Weekend,Fall,No,71.75,68.0,18.13
2023-09-30 07:00,9,7,Weekend,Fall,No,72.69,70.31,20.71
2023-09-30 08:00,9,8,Weekend,Fall,No,73.67,74.9,25.8
2023-09-30 09:00,9,9,Weekend,Fall,No,74.17,80.46,32.16
2023-09-30 10:00,9,10,Weekend,Fall,No,74.4,85.88,41.54
2023-09-30 11:00,9,11,Weekend,Fall,No,74.51,89.14,46.56
2023-09-30 12:00,9,12,Weekend,Fall,No,74.39,87.02,41.64
2023-09-30 13:00,9,13,Weekend,Fall,No,74.12,84.92,37.89
2023-09-30 14:00,9,14,Weekend,Fall,No,73.26,82.08,34.31
2023-09-30 15:00,9,15,Weekend,Fall,No,72.59,73.66,30.09
2023-09-30 16:00,9,16,Weekend,Fall,No,72.06,70.24,29.96
2023-09-30 17:00,9,17,Weekend,Fall,No,75.69,70.43,0.0
2023-09-30 18:00,9,18,Weekend,Fall,No,75.85,67.67,0.0
2023-09-30 19:00,9,19,Weekend,Fall,No,75.82,65.39,0.0
2023-09-30 20:00,9,20,Weekend,Fall,No,75.76,65.57,0.0
2023-09-30 21:00,9,21,Weekend,Fall,No,75.67,65.5,0.0
2023-09-30 22:00,9,22,Weekend,Fall,No,75.55,64.7,0.0
2023-09-30 23:00,9,23,Weekend,Fall,No,75.4,63.88,0.0
2023-10-01 00:00,10,0,Weekend,Fall,No,75.08,62.98,0.0
2023-10-01 01:00,10,1,Weekend,Fall,No,74.66,62.08,0.0
2023-10-01 02:00,10,2,Weekend,Fall,No,74.33,61.28,0.0
2023-10-01 03:00,10,3,Weekend,Fall,No,74.02,60.46,0.0
2023-10-01 04:00,10,4,Weekend,Fall,No,73.7,59.45,0.0
2023-10-01 05:00,10,5,Weekend,Fall,No,73.38,58.37,0.0
2023-10-01 06:00,10,6,Weekend,Fall,No,73.55,58.55,0.0
2023-10-01 07:00,10,7,Weekend,Fall,No,74.03,61.94,1.34
2023-10-01 08:00,10,8,Weekend,Fall,No,73.0,67.5,11.95
2023-10-01 09:00,10,9,Weekend,Fall,No,73.63,72.92,16.44
2023-10-01 10:00,10,10,Weekend,Fall,No,74.29,76.8,20.04
2023-10-01 11:00,10,11,Weekend,Fall,No,74.15,79.24,20.19
2023-10-01 12:00,10,12,Weekend,Fall,No,74.17,80.58,23.19
2023-10-01 13:00,10,13,Weekend,Fall,No,74.74,82.12,22.74
2023-10-01 14:00,10,14,Weekend,Fall,No,75.41,83.57,26.0
2023-10-01 15:00,10,15,Weekend,Fall,No,75.89,84.02,24.42
2023-10-01 16:00,10,16,Weekend,Fall,No,75.68,84.02,26.76
2023-10-01 17:00,10,17,Weekend,Fall,No,75.07,83.39,15.85
2023-10-01 18:00,10,18,Weekend,Fall,No,76.63,81.78,0.0
2023-10-01 19:00,10,19,Weekend,Fall,No,77.34,77.5,0.0
2023-10-01 20:00,10,20,Weekend,Fall,No,77.03,73.86,0.0
2023-10-01 21:00,10,21,Weekend,Fall,No,76.66,72.41,0.0
2023-10-01 22:00,10,22,Weekend,Fall,No,76.34,70.28,0.0
2023-10-01 23:00,10,23,Weekend,Fall,No,76.16,67.82,0.0
2023-10-02 00:00,10,0,Weekday,Fall,No,75.84,66.4,0.0
2023-10-02 01:00,10,1,Weekday,Fall,No,75.62,66.54,0.0
2023-10-02 02:00,10,2,Weekday,Fall,No,75.31,65.24,0.0
2023-10-02 03:00,10,3,Weekday,Fall,No,75.04,63.41,0.0
2023-10-02 04:00,10,4,Weekday,Fall,No,74.89,62.44,0.0
2023-10-02 05:00,10,5,Weekday,Fall,No,71.06,62.06,9.99
2023-10-02 06:00,10,6,Weekday,Fall,No,70.88,62.06,9.91
2023-10-02 07:00,10,7,Weekday,Fall,No,72.91,64.37,13.55
2023-10-02 08:00,10,8,Weekday,Fall,Yes,73.79,70.12,22.36
2023-10-02 09:00,10,9,Weekday,Fall,Yes,74.11,76.5,34.56
2023-10-02 10:00,10,10,Weekday,Fall,Yes,74.38,81.92,43.75
2023-10-02 11:00,10,11,Weekday,Fall,Yes,74.43,85.8,48.39
2023-10-02 12:00,10,12,Weekday,Fall,Yes,74.76,87.08,53.96
2023-10-02 13:00,10,13,Weekday,Fall,Yes,75.16,88.23,57.36
2023-10-02 14:00,10,14,Weekday,Fall,Yes,75.25,89.58,63.96
2023-10-02 15:00,10,15,Weekday,Fall,Yes,75.12,90.59,68.72
2023-10-02 16:00,10,16,Weekday,Fall,Yes,75.01,89.88,63.23
2023-10-02 17:00,10,17,Weekday,Fall,Yes,74.55,88.43,44.53
2023-10-02 18:00,10,18,Weekday,Fall,No,73.95,85.67,39.05
2023-10-02 19:00,10,19,Weekday,Fall,No,73.2,82.24,33.58
2023-10-02 20:00,10,20,Weekday,Fall,No,72.68,78.65,29.72
2023-10-02 21:00,10,21,Weekday,Fall,No,76.66,75.84,0.0
2023-10-02 22:00,10,22,Weekday,Fall,No,77.46,73.86,0.0
2023-10-02 23:00,10,23,Weekday,Fall,No,77.16,71.26,0.0
2023-10-03 00:00,10,0,Weekday,Fall,No,76.8,69.46,0.0
2023-10-03 01:00,10,1,Weekday,Fall,No,76.48,67.82,0.0
2023-10-03 02:00,10,2,Weekday,Fall,No,76.1,65.76,0.0
2023-10-03 03:00,10,3,Weekday,Fall,No,75.73,63.78,0.0
2023-10-03 04:00,10,4,Weekday,Fall,No,75.46,62.44,0.0
2023-10-03 05:00,10,5,Weekday,Fall,No,71.39,62.06,10.77
2023-10-03 06:00,10,6,Weekday,Fall,No,71.15,62.06,10.56
2023-10-03 07:00,10,7,Weekday,Fall,No,73.16,66.68,17.73
2023-10-03 08:00,10,8,Weekday,Fall,Yes,73.99,72.29,26.24
2023-10-03 09:00,10,9,Weekday,Fall,Yes,74.26,76.88,36.34
2023-10-03 10:00,10,10,Weekday,Fall,Yes,74.47,81.92,45.2
2023-10-03 11:00,10,11,Weekday,Fall,Yes,74.5,85.18,48.94
2023-10-03 12:00,10,12,Weekday,Fall,Yes,74.85,87.78,57.92
2023-10-03 13:00,10,13,Weekday,Fall,Yes,75.21,89.06,62.11
2023-10-03 14:00,10,14,Weekday,Fall,Yes,75.28,90.22,68.7
2023-10-03 15:00,10,15,Weekday,Fall,Yes,75.15,91.04,73.8
2023-10-03 16:00,10,16,Weekday,Fall,Yes,75.04,90.41,68.3
2023-10-03 17:00,10,17,Weekday,Fall,Yes,74.63,88.8,47.63
2023-10-03 18:00,10,18,Weekday,Fall,No,74.05,85.04,40.05
2023-10-03 19:00,10,19,Weekday,Fall,No,73.33,81.78,34.26
2023-10-03 20:00,10,20,Weekday,Fall,No,72.83,79.81,31.65
2023-10-03 21:00,10,21,Weekday,Fall,No,76.89,76.67,0.0
2023-10-03 22:00,10,22,Weekday,Fall,No,77.5,72.08,0.0
2023-10-03 23:00,10,23,Weekday,Fall,No,77.04,68.82,0.0
2023-10-04 00:00,10,0,Weekday,Fall,No,76.76,68.0,0.0
2023-10-04 01:00,10,1,Weekday,Fall,No,76.47,66.84,0.0
2023-10-04 02:00,10,2,Weekday,Fall,No,76.09,64.86,0.0
2023-10-04 03:00,10,3,Weekday,Fall,No,75.8,64.04,0.0
2023-10-04 04:00,10,4,Weekday,Fall,No,75.62,63.41,0.0
2023-10-04 05:00,10,5,Weekday,Fall,No,71.48,62.96,10.58
2023-10-04 06:00,10,6,Weekday,Fall,No,71.25,63.59,11.05
2023-10-04 07:00,10,7,Weekday,Fall,No,73.21,65.19,14.8
2023-10-04 08:00,10,8,Weekday,Fall,Yes,73.98,70.64,25.09
2023-10-04 09:00,10,9,Weekday,Fall,Yes,74.28,76.88,39.26
2023-10-04 10:00,10,10,Weekday,Fall,Yes,74.47,81.92,49.18
2023-10-04 11:00,10,11,Weekday,Fall,Yes,74.55,86.96,56.06
2023-10-04 12:00,10,12,Weekday,Fall,Yes,74.91,90.22,66.15
2023-10-04 13:00,10,13,Weekday,Fall,Yes,75.19,91.04,69.17
2023-10-04 14:00,10,14,Weekday,Fall,Yes,75.29,92.2,76.46
2023-10-04 15:00,10,15,Weekday,Fall,Yes,75.17,92.39,80.86
2023-10-04 16:00,10,16,Weekday,Fall,Yes,75.06,91.94,75.22
2023-10-04 17:00,10,17,Weekday,Fall,Yes,74.66,90.26,52.69
2023-10-04 18:00,10,18,Weekday,Fall,No,74.08,86.12,43.63
2023-10-04 19:00,10,19,Weekday,Fall,No,73.34,81.08,35.26
2023-10-04 20:00,10,20,Weekday,Fall,No,72.79,77.82,31.54
2023-10-04 21:00,10,21,Weekday,Fall,No,76.66,74.69,0.0
2023-10-04 22:00,10,22,Weekday,Fall,No,77.3,71.88,0.0
2023-10-04 23:00,10,23,Weekday,Fall,No,76.9,68.65,0.0
2023-10-05 00:00,10,0,Weekday,Fall,No,76.53,66.92,0.0
2023-10-05 01:00,10,1,Weekday,Fall,No,76.23,65.76,0.0
2023-10-05 02:00,10,2,Weekday,Fall,No,75.81,63.26,0.0
2023-10-05 03:00,10,3,Weekday,Fall,No,75.41,61.43,0.0
2023-10-05 04:00,10,4,Weekday,Fall,No,75.1,59.82,0.0
2023-10-05 05:00,10,5,Weekday,Fall,No,71.27,59.0,5.6
2023-10-05 06:00,10,6,Weekday,Fall,No,71.05,59.63,6.18
2023-10-05 07:00,10,7,Weekday,Fall,No,72.97,61.76,9.84
2023-10-05 08:00,10,8,Weekday,Fall,Yes,73.83,67.06,18.63
2023-10-05 09:00,10,9,Weekday,Fall,Yes,74.14,74.08,34.13
2023-10-05 10:00,10,10,Weekday,Fall,Yes,74.38,79.94,46.88
2023-10-05 11:00,10,11,Weekday,Fall,Yes,74.42,83.72,52.27
2023-10-05 12:00,10,12,Weekday,Fall,Yes,74.76,85.55,59.83
2023-10-05 13:00,10,13,Weekday,Fall,Yes,74.91,87.78,61.91
2023-10-05 14:00,10,14,Weekday,Fall,Yes,75.06,87.9,62.7
2023-10-05 15:00,10,15,Weekday,Fall,Yes,75.13,88.23,69.6
2023-10-05 16:00,10,16,Weekday,Fall,Yes,75.04,87.9,65.37
2023-10-05 17:00,10,17,Weekday,Fall,Yes,74.52,84.66,42.84
2023-10-05 18:00,10,18,Weekday,Fall,No,73.87,81.78,36.94
2023-10-05 19:00,10,19,Weekday,Fall,No,73.11,79.28,32.61
2023-10-05 20:00,10,20,Weekday,Fall,No,72.56,75.67,28.37
2023-10-05 21:00,10,21,Weekday,Fall,No,76.25,72.26,0.0
2023-10-05 22:00,10,22,Weekday,Fall,No,76.87,69.9,0.0
2023-10-05 23:00,10,23,Weekday,Fall,No,76.62,68.45,0.0
2023-10-06 00:00,10,0,Weekday,Fall,No,76.34,66.84,0.0
2023-10-06 01:00,10,1,Weekday,Fall,No,76.01,65.39,0.0
2023-10-06 02:00,10,2,Weekday,Fall,No,75.62,63.26,0.0
2023-10-06 03:00,10,3,Weekday,Fall,No,75.14,60.28,0.0
2023-10-06 04:00,10,4,Weekday,Fall,No,74.87,59.63,0.0
2023-10-06 05:00,10,5,Weekday,Fall,No,71.18,59.45,6.14
2023-10-06 06:00,10,6,Weekday,Fall,No,70.98,59.63,6.17
2023-10-06 07:00,10,7,Weekday,Fall,No,72.9,62.39,10.62
2023-10-06 08:00,10,8,Weekday,Fall,Yes,73.8,68.13,20.02
2023-10-06 09:00,10,9,Weekday,Fall,Yes,74.13,74.53,34.32
2023-10-06 10:00,10,10,Weekday,Fall,Yes,74.35,79.31,44.98
2023-10-06 11:00,10,11,Weekday,Fall,Yes,74.38,83.27,49.54
2023-10-06 12:00,10,12,Weekday,Fall,Yes,74.7,85.55,57.06
2023-10-06 13:00,10,13,Weekday,Fall,Yes,75.13,86.63,59.83
2023-10-06 14:00,10,14,Weekday,Fall,Yes,75.19,88.23,65.95
2023-10-06 15:00,10,15,Weekday,Fall,Yes,75.09,88.43,69.49
2023-10-06 16:00,10,16,Weekday,Fall,Yes,74.98,87.46,63.98
2023-10-06 17:00,10,17,Weekday,Fall,Yes,74.49,85.82,44.78
2023-10-06 18:00,10,18,Weekday,Fall,No,73.87,82.61,38.53
2023-10-06 19:00,10,19,Weekday,Fall,No,73.12,79.81,33.5
2023-10-06 20:00,10,20,Weekday,Fall,No,72.61,77.2,30.37
2023-10-06 21:00,10,21,Weekday,Fall,No,76.51,75.4,0.0
2023-10-06 22:00,10,22,Weekday,Fall,No,77.08,70.92,0.0
2023-10-06 23:00,10,23,Weekday,Fall,No,76.34,67.37,0.0
2023-10-07 00:00,10,0,Weekend,Fall,No,75.95,65.76,0.0
2023-10-07 01:00,10,1,Weekend,Fall,No,75.55,63.78,0.0
2023-10-07 02:00,10,2,Weekend,Fall,No,75.13,61.8,0.0
2023-10-07 03:00,10,3,Weekend,Fall,No,74.82,61.61,0.0
2023-10-07 04:00,10,4,Weekend,Fall,No,74.55,60.9,0.0
2023-10-07 05:00,10,5,Weekend,Fall,No,71.08,60.08,6.86
2023-10-07 06:00,10,6,Weekend,Fall,No,70.78,60.6,7.34
2023-10-07 07:00,10,7,Weekend,Fall,No,71.95,64.44,12.19
2023-10-07 08:00,10,8,Weekend,Fall,No,72.92,70.49,21.3
2023-10-07 09:00,10,9,Weekend,Fall,No,73.31,75.98,30.95
2023-10-07 10:00,10,10,Weekend,Fall,No,73.56,81.54,39.32
2023-10-07 11:00,10,11,Weekend,Fall,No,73.59,84.54,44.26
2023-10-07 12:00,10,12,Weekend,Fall,No,73.6,86.7,48.68
2023-10-07 13:00,10,13,Weekend,Fall,No,73.61,87.98,50.02
2023-10-07 14:00,10,14,Weekend,Fall,No,73.93,89.14,51.91
2023-10-07 15:00,10,15,Weekend,Fall,No,73.96,89.96,54.14
2023-10-07 16:00,10,16,Weekend,Fall,No,73.75,88.8,50.59
2023-10-07 17:00,10,17,Weekend,Fall,No,74.97,86.82,27.03
2023-10-07 18:00,10,18,Weekend,Fall,No,75.73,83.69,11.49
2023-10-07 19:00,10,19,Weekend,Fall,No,77.62,80.88,0.0
2023-10-07 20:00,10,20,Weekend,Fall,No,77.71,77.65,0.0
2023-10-07 21:00,10,21,Weekend,Fall,No,77.39,75.92,0.0
2023-10-07 22:00,10,22,Weekend,Fall,No,76.87,71.93,0.0
2023-10-07 23:00,10,23,Weekend,Fall,No,76.15,67.3,0.0
2023-10-08 00:00,10,0,Weekend,Fall,No,75.67,65.39,0.0
2023-10-08 01:00,10,1,Weekend,Fall,No,75.23,63.26,0.0
2023-10-08 02:00,10,2,Weekend,Fall,No,74.79,61.43,0.0
2023-10-08 03:00,10,3,Weekend,Fall,No,74.47,60.98,0.0
2023-10-08 04:00,10,4,Weekend,Fall,No,74.21,60.98,0.0
2023-10-08 05:00,10,5,Weekend,Fall,No,73.98,60.98,0.0
2023-10-08 06:00,10,6,Weekend,Fall,No,74.06,60.46,0.0
2023-10-08 07:00,10,7,Weekend,Fall,No,74.48,62.92,2.92
2023-10-08 08:00,10,8,Weekend,Fall,No,73.55,69.04,12.66
2023-10-08 09:00,10,9,Weekend,Fall,No,74.19,76.68,21.41
2023-10-08 10:00,10,10,Weekend,Fall,No,74.82,83.52,22.87
2023-10-08 11:00,10,11,Weekend,Fall,No,74.88,88.31,29.52
2023-10-08 12:00,10,12,Weekend,Fall,No,74.98,90.59,29.44
2023-10-08 13:00,10,13,Weekend,Fall,No,75.52,91.04,34.07
2023-10-08 14:00,10,14,Weekend,Fall,No,76.19,91.04,30.91
2023-10-08 15:00,10,15,Weekend,Fall,No,76.72,91.04,34.34
2023-10-08 16:00,10,16,Weekend,Fall,No,76.81,91.56,30.74
2023-10-08 17:00,10,17,Weekend,Fall,No,76.05,90.26,31.98
2023-10-08 18:00,10,18,Weekend,Fall,No,76.23,86.12,18.4
2023-10-08 19:00,10,19,Weekend,Fall,No,76.09,84.02,7.05
2023-10-08 20:00,10,20,Weekend,Fall,No,76.87,79.92,6.27
2023-10-08 21:00,10,21,Weekend,Fall,No,77.47,78.16,0.0
2023-10-08 22:00,10,22,Weekend,Fall,No,77.45,76.67,0.0
2023-10-08 23:00,10,23,Weekend,Fall,No,77.05,73.86,0.0
2023-10-09 00:00,10,0,Weekday,Fall,No,76.81,73.56,0.0
2023-10-09 01:00,10,1,Weekday,Fall,No,76.47,71.1,0.0
2023-10-09 02:00,10,2,Weekday,Fall,No,76.02,69.08,0.0
2023-10-09 03:00,10,3,Weekday,Fall,No,75.82,69.08,0.0
2023-10-09 04:00,10,4,Weekday,Fall,No,75.8,70.76,0.0
2023-10-09 05:00,10,5,Weekday,Fall,No,75.91,72.59,0.0
2023-10-09 06:00,10,6,Weekday,Fall,No,76.09,71.26,0.0
2023-10-09 07:00,10,7,Weekday,Fall,No,74.93,72.92,13.79
2023-10-09 08:00,10,8,Weekday,Fall,Yes,74.33,77.96,21.62
2023-10-09 09:00,10,9,Weekday,Fall,Yes,75.26,81.22,21.21
2023-10-09 10:00,10,10,Weekday,Fall,Yes,75.24,83.72,24.76
2023-10-09 11:00,10,11,Weekday,Fall,Yes,75.4,86.18,25.14
2023-10-09 12:00,10,12,Weekday,Fall,Yes,75.09,88.23,30.0
2023-10-09 13:00,10,13,Weekday,Fall,Yes,75.95,89.58,29.14
2023-10-09 14:00,10,14,Weekday,Fall,Yes,76.17,88.8,31.79
2023-10-09 15:00,10,15,Weekday,Fall,Yes,76.94,89.14,29.23
2023-10-09 16:00,10,16,Weekday,Fall,Yes,76.65,89.43,31.53
2023-10-09 17:00,10,17,Weekday,Fall,Yes,76.13,87.9,26.86
2023-10-09 18:00,10,18,Weekday,Fall,No,75.33,84.66,14.8
2023-10-09 19:00,10,19,Weekday,Fall,No,76.89,81.78,5.54
2023-10-09 20:00,10,20,Weekday,Fall,No,76.92,79.38,0.0
2023-10-09 21:00,10,21,Weekday,Fall,No,77.79,76.9,0.0
2023-10-09 22:00,10,22,Weekday,Fall,No,77.55,74.76,0.0
2023-10-09 23:00,10,23,Weekday,Fall,No,77.44,73.0,0.0
2023-10-10 00:00,10,0,Weekday,Fall,No,77.2,71.79,0.0
2023-10-10 01:00,10,1,Weekday,Fall,No,76.93,70.68,0.0
2023-10-10 02:00,10,2,Weekday,Fall,No,76.63,69.42,0.0
2023-10-10 03:00,10,3,Weekday,Fall,No,76.34,68.38,0.0
2023-10-10 04:00,10,4,Weekday,Fall,No,76.17,67.68,0.0
2023-10-10 05:00,10,5,Weekday,Fall,No,71.69,67.14,16.27
2023-10-10 06:00,10,6,Weekday,Fall,No,71.26,66.08,14.33
2023-10-10 07:00,10,7,Weekday,Fall,No,73.25,66.95,17.04
2023-10-10 08:00,10,8,Weekday,Fall,Yes,74.08,72.62,28.69
2023-10-10 09:00,10,9,Weekday,Fall,Yes,74.37,79.49,43.27
2023-10-10 10:00,10,10,Weekday,Fall,Yes,74.57,83.72,51.95
2023-10-10 11:00,10,11,Weekday,Fall,Yes,74.62,86.7,55.77
2023-10-10 12:00,10,12,Weekday,Fall,Yes,74.99,87.98,62.28
2023-10-10 13:00,10,13,Weekday,Fall,Yes,75.34,88.61,64.22
2023-10-10 14:00,10,14,Weekday,Fall,Yes,75.32,89.06,68.19
2023-10-10 15:00,10,15,Weekday,Fall,Yes,75.13,87.9,67.72
2023-10-10 16:00,10,16,Weekday,Fall,Yes,74.99,86.45,61.14
2023-10-10 17:00,10,17,Weekday,Fall,Yes,74.65,84.22,43.43
2023-10-10 18:00,10,18,Weekday,Fall,No,74.02,81.26,36.14
2023-10-10 19:00,10,19,Weekday,Fall,No,73.17,78.28,31.2
2023-10-10 20:00,10,20,Weekday,Fall,No,72.6,74.69,26.64
2023-10-10 21:00,10,21,Weekday,Fall,No,76.32,71.26,0.0
2023-10-10 22:00,10,22,Weekday,Fall,No,77.0,69.46,0.0
2023-10-10 23:00,10,23,Weekday,Fall,No,76.65,67.3,0.0
2023-10-11 00:00,10,0,Weekday,Fall,No,76.25,64.86,0.0
2023-10-11 01:00,10,1,Weekday,Fall,No,75.91,63.41,0.0
2023-10-11 02:00,10,2,Weekday,Fall,No,75.6,62.44,0.0
2023-10-11 03:00,10,3,Weekday,Fall,No,75.29,60.9,0.0
2023-10-11 04:00,10,4,Weekday,Fall,No,75.15,60.6,0.0
2023-10-11 05:00,10,5,Weekday,Fall,No,71.26,59.82,7.5
2023-10-11 06:00,10,6,Weekday,Fall,No,70.99,58.37,5.42
2023-10-11 07:00,10,7,Weekday,Fall,No,72.98,62.64,11.59
2023-10-11 08:00,10,8,Weekday,Fall,Yes,73.89,71.27,24.92
2023-10-11 09:00,10,9,Weekday,Fall,Yes,74.2,76.8,36.14
2023-10-11 10:00,10,10,Weekday,Fall,Yes,74.41,79.24,41.84
2023-10-11 11:00,10,11,Weekday,Fall,Yes,74.4,81.22,44.52
2023-10-11 12:00,10,12,Weekday,Fall,Yes,74.7,82.56,50.88
2023-10-11 13:00,10,13,Weekday,Fall,Yes,75.1,82.94,52.85
2023-10-11 14:00,10,14,Weekday,Fall,Yes,75.16,83.57,57.16
2023-10-11 15:00,10,15,Weekday,Fall,Yes,75.04,83.39,59.39
2023-10-11 16:00,10,16,Weekday,Fall,Yes,74.91,82.94,55.71
2023-10-11 17:00,10,17,Weekday,Fall,Yes,74.54,81.26,39.73
2023-10-11 18:00,10,18,Weekday,Fall,No,73.82,78.28,32.62
2023-10-11 19:00,10,19,Weekday,Fall,No,72.94,75.22,27.44
2023-10-11 20:00,10,20,Weekday,Fall,No,72.36,72.78,24.0
2023-10-11 21:00,10,21,Weekday,Fall,No,75.91,70.28,0.0
2023-10-11 22:00,10,22,Weekday,Fall,No,76.48,68.45,0.0
2023-10-11 23:00,10,23,Weekday,Fall,No,76.12,65.69,0.0
2023-10-12 00:00,10,0,Weekday,Fall,No,75.67,62.26,0.0
2023-10-12 01:00,10,1,Weekday,Fall,No,75.43,61.61,0.0
2023-10-12 02:00,10,2,Weekday,Fall,No,75.24,62.06,0.0
2023-10-12 03:00,10,3,Weekday,Fall,No,75.04,62.06,0.0
2023-10-12 04:00,10,4,Weekday,Fall,No,74.89,60.9,0.0
2023-10-12 05:00,10,5,Weekday,Fall,No,71.13,60.6,8.15
2023-10-12 06:00,10,6,Weekday,Fall,No,70.91,60.98,8.62
2023-10-12 07:00,10,7,Weekday,Fall,No,72.91,63.92,13.54
2023-10-12 08:00,10,8,Weekday,Fall,Yes,73.85,71.27,24.89
2023-10-12 09:00,10,9,Weekday,Fall,Yes,74.17,76.8,34.27
2023-10-12 10:00,10,10,Weekday,Fall,Yes,74.39,80.39,40.95
2023-10-12 11:00,10,11,Weekday,Fall,Yes,74.44,83.2,44.3
2023-10-12 12:00,10,12,Weekday,Fall,Yes,74.69,85.18,49.24
2023-10-12 13:00,10,13,Weekday,Fall,Yes,74.6,85.37,45.98
2023-10-12 14:00,10,14,Weekday,Fall,Yes,75.05,86.7,54.19
2023-10-12 15:00,10,15,Weekday,Fall,Yes,75.07,87.46,60.63
2023-10-12 16:00,10,16,Weekday,Fall,Yes,74.95,87.08,58.07
2023-10-12 17:00,10,17,Weekday,Fall,Yes,74.61,85.82,42.72
2023-10-12 18:00,10,18,Weekday,Fall,No,73.96,82.61,35.48
2023-10-12 19:00,10,19,Weekday,Fall,No,73.14,79.28,30.91
2023-10-12 20:00,10,20,Weekday,Fall,No,72.61,76.3,27.92
2023-10-12 21:00,10,21,Weekday,Fall,No,76.47,74.39,0.0
2023-10-12 22:00,10,22,Weekday,Fall,No,77.22,72.78,0.0
2023-10-12 23:00,10,23,Weekday,Fall,No,76.89,70.28,0.0
2023-10-13 00:00,10,0,Weekday,Fall,No,76.46,67.3,0.0
2023-10-13 01:00,10,1,Weekday,Fall,No,76.04,64.86,0.0
2023-10-13 02:00,10,2,Weekday,Fall,No,75.68,63.41,0.0
2023-10-13 03:00,10,3,Weekday,Fall,No,75.38,62.44,0.0
2023-10-13 04:00,10,4,Weekday,Fall,No,75.11,60.9,0.0
2023-10-13 05:00,10,5,Weekday,Fall,No,71.23,60.08,7.73
2023-10-13 06:00,10,6,Weekday,Fall,No,70.98,59.45,6.85
2023-10-13 07:00,10,7,Weekday,Fall,No,72.94,61.31,10.23
2023-10-13 08:00,10,8,Weekday,Fall,Yes,73.82,66.53,18.0
2023-10-13 09:00,10,9,Weekday,Fall,Yes,74.1,71.92,27.8
2023-10-13 10:00,10,10,Weekday,Fall,Yes,74.3,75.72,36.71
2023-10-13 11:00,10,11,Weekday,Fall,Yes,74.31,78.78,40.83
2023-10-13 12:00,10,12,Weekday,Fall,Yes,74.71,81.74,47.54
2023-10-13 13:00,10,13,Weekday,Fall,Yes,75.18,84.1,51.27
2023-10-13 14:00,10,14,Weekday,Fall,Yes,75.24,84.92,55.6
2023-10-13 15:00,10,15,Weekday,Fall,Yes,75.09,85.55,59.82
2023-10-13 16:00,10,16,Weekday,Fall,Yes,74.95,84.84,55.64
2023-10-13 17:00,10,17,Weekday,Fall,Yes,74.58,82.24,38.92
2023-10-13 18:00,10,18,Weekday,Fall,No,73.9,79.81,33.24
2023-10-13 19:00,10,19,Weekday,Fall,No,73.09,77.82,29.37
2023-10-13 20:00,10,20,Weekday,Fall,No,72.6,76.37,27.73
2023-10-13 21:00,10,21,Weekday,Fall,No,76.41,73.61,0.0
2023-10-13 22:00,10,22,Weekday,Fall,No,77.19,73.12,0.0
2023-10-13 23:00,10,23,Weekday,Fall,No,76.77,71.1,0.0
2023-10-14 00:00,10,0,Weekend,Fall,No,76.3,68.45,0.0
2023-10-14 01:00,10,1,Weekend,Fall,No,76.12,68.63,0.0
2023-10-14 02:00,10,2,Weekend,Fall,No,75.96,68.45,0.0
2023-10-14 03:00,10,3,Weekend,Fall,No,75.73,67.37,0.0
2023-10-14 04:00,10,4,Weekend,Fall,No,75.48,66.4,0.0
2023-10-14 05:00,10,5,Weekend,Fall,No,71.44,65.39,14.54
2023-10-14 06:00,10,6,Weekend,Fall,No,70.98,64.94,14.01
2023-10-14 07:00,10,7,Weekend,Fall,No,72.17,66.1,15.7
2023-10-14 08:00,10,8,Weekend,Fall,No,73.12,69.34,19.63
2023-10-14 09:00,10,9,Weekend,Fall,No,73.4,72.74,24.32
2023-10-14 10:00,10,10,Weekend,Fall,No,73.58,75.1,29.13
2023-10-14 11:00,10,11,Weekend,Fall,No,73.51,78.33,34.62
2023-10-14 12:00,10,12,Weekend,Fall,No,73.51,81.22,39.59
2023-10-14 13:00,10,13,Weekend,Fall,No,73.45,82.56,41.31
2023-10-14 14:00,10,14,Weekend,Fall,No,73.73,83.57,43.0
2023-10-14 15:00,10,15,Weekend,Fall,No,73.72,84.02,45.03
2023-10-14 16:00,10,16,Weekend,Fall,No,73.51,84.02,43.39
2023-10-14 17:00,10,17,Weekend,Fall,No,74.63,82.86,23.7
2023-10-14 18:00,10,18,Weekend,Fall,No,76.44,79.73,5.46
2023-10-14 19:00,10,19,Weekend,Fall,No,77.34,76.3,0.0
2023-10-14 20:00,10,20,Weekend,Fall,No,76.96,73.24,0.0
2023-10-14 21:00,10,21,Weekend,Fall,No,76.53,71.44,0.0
2023-10-14 22:00,10,22,Weekend,Fall,No,76.14,69.9,0.0
2023-10-14 23:00,10,23,Weekend,Fall,No,75.72,67.82,0.0
2023-10-15 00:00,10,0,Weekend,Fall,No,75.37,66.4,0.0
2023-10-15 01:00,10,1,Weekend,Fall,No,75.02,64.86,0.0
2023-10-15 02:00,10,2,Weekend,Fall,No,74.57,62.26,0.0
2023-10-15 03:00,10,3,Weekend,Fall,No,74.14,60.46,0.0
2023-10-15 04:00,10,4,Weekend,Fall,No,73.76,58.82,0.0
2023-10-15 05:00,10,5,Weekend,Fall,No,73.45,58.55,0.0
2023-10-15 06:00,10,6,Weekend,Fall,No,73.52,60.16,0.0
2023-10-15 07:00,10,7,Weekend,Fall,No,74.77,62.76,0.0
2023-10-15 08:00,10,8,Weekend,Fall,No,73.67,68.13,11.51
2023-10-15 09:00,10,9,Weekend,Fall,No,74.21,74.53,19.89
2023-10-15 10:00,10,10,Weekend,Fall,No,74.54,79.31,21.84
2023-10-15 11:00,10,11,Weekend,Fall,No,74.45,82.74,25.8
2023-10-15 12:00,10,12,Weekend,Fall,No,74.55,84.02,26.47
2023-10-15 13:00,10,13,Weekend,Fall,No,75.03,85.8,29.33
2023-10-15 14:00,10,14,Weekend,Fall,No,75.76,88.23,29.54
2023-10-15 15:00,10,15,Weekend,Fall,No,76.3,88.43,31.51
2023-10-15 16:00,10,16,Weekend,Fall,No,76.31,86.82,28.2
2023-10-15 17:00,10,17,Weekend,Fall,No,75.63,84.22,27.74
2023-10-15 18:00,10,18,Weekend,Fall,No,76.14,80.63,6.58
2023-10-15 19:00,10,19,Weekend,Fall,No,76.66,77.2,0.0
2023-10-15 20:00,10,20,Weekend,Fall,No,76.82,73.08,0.0
2023-10-15 21:00,10,21,Weekend,Fall,No,76.54,69.9,0.0
2023-10-15 22:00,10,22,Weekend,Fall,No,76.26,69.6,0.0
2023-10-15 23:00,10,23,Weekend,Fall,No,76.36,68.82,0.0
2023-10-16 00:00,10,0,Weekday,Fall,No,76.19,66.84,0.0
2023-10-16 01:00,10,1,Weekday,Fall,No,75.88,66.02,0.0
2023-10-16 02:00,10,2,Weekday,Fall,No,75.36,63.08,0.0
2023-10-16 03:00,10,3,Weekday,Fall,No,74.98,62.14,0.0
2023-10-16 04:00,10,4,Weekday,Fall,No,75.05,63.59,0.0
2023-10-16 05:00,10,5,Weekday,Fall,No,71.16,62.89,11.34
2023-10-16 06:00,10,6,Weekday,Fall,No,70.85,62.58,10.67
2023-10-16 07:00,10,7,Weekday,Fall,No,72.86,67.06,17.27
2023-10-16 08:00,10,8,Weekday,Fall,Yes,73.91,72.29,25.55
2023-10-16 09:00,10,9,Weekday,Fall,Yes,74.19,76.35,35.81
2023-10-16 10:00,10,10,Weekday,Fall,Yes,74.42,79.76,43.01
2023-10-16 11:00,10,11,Weekday,Fall,Yes,74.5,82.74,44.89
2023-10-16 12:00,10,12,Weekday,Fall,Yes,74.71,84.54,51.55
2023-10-16 13:00,10,13,Weekday,Fall,Yes,75.0,85.55,54.15
2023-10-16 14:00,10,14,Weekday,Fall,Yes,75.12,87.78,59.79
2023-10-16 15:00,10,15,Weekday,Fall,Yes,75.1,87.9,61.6
2023-10-16 16:00,10,16,Weekday,Fall,Yes,75.01,85.82,53.97
2023-10-16 17:00,10,17,Weekday,Fall,Yes,74.51,83.24,38.53
2023-10-16 18:00,10,18,Weekday,Fall,No,73.8,80.88,34.32
2023-10-16 19:00,10,19,Weekday,Fall,No,73.07,79.43,31.79
2023-10-16 20:00,10,20,Weekday,Fall,No,72.61,77.82,29.86
2023-10-16 21:00,10,21,Weekday,Fall,No,76.6,75.84,0.0
2023-10-16 22:00,10,22,Weekday,Fall,No,77.34,72.71,0.0
2023-10-16 23:00,10,23,Weekday,Fall,No,77.34,73.37,0.0
2023-10-17 00:00,10,0,Weekday,Fall,No,77.4,73.24,0.0
2023-10-17 01:00,10,1,Weekday,Fall,No,77.21,71.96,0.0
2023-10-17 02:00,10,2,Weekday,Fall,No,77.19,73.12,0.0
2023-10-17 03:00,10,3,Weekday,Fall,No,77.19,73.42,0.0
2023-10-17 04:00,10,4,Weekday,Fall,No,77.2,73.04,0.0
2023-10-17 05:00,10,5,Weekday,Fall,No,72.2,72.41,27.03
2023-10-17 06:00,10,6,Weekday,Fall,No,71.72,71.44,25.5
2023-10-17 07:00,10,7,Weekday,Fall,No,73.45,71.06,27.63
2023-10-17 08:00,10,8,Weekday,Fall,Yes,74.24,71.58,29.26
2023-10-17 09:00,10,9,Weekday,Fall,Yes,74.46,73.12,32.94
2023-10-17 10:00,10,10,Weekday,Fall,Yes,74.6,76.35,36.49
2023-10-17 11:00,10,11,Weekday,Fall,Yes,74.56,78.6,38.3
2023-10-17 12:00,10,12,Weekday,Fall,Yes,74.69,78.98,42.96
2023-10-17 13:00,10,13,Weekday,Fall,Yes,74.93,78.46,43.84
2023-10-17 14:00,10,14,Weekday,Fall,Yes,75.04,78.08,46.2
2023-10-17 15:00,10,15,Weekday,Fall,Yes,74.99,77.45,45.55
2023-10-17 16:00,10,16,Weekday,Fall,Yes,74.85,76.37,40.03
2023-10-17 17:00,10,17,Weekday,Fall,Yes,74.37,74.24,26.68
2023-10-17 18:00,10,18,Weekday,Fall,No,73.5,71.88,23.73
2023-10-17 19:00,10,19,Weekday,Fall,No,72.63,69.9,21.52
2023-10-17 20:00,10,20,Weekday,Fall,No,72.09,68.45,20.05
2023-10-17 21:00,10,21,Weekday,Fall,No,75.47,66.84,0.0
2023-10-17 22:00,10,22,Weekday,Fall,No,76.01,65.39,0.0
2023-10-17 23:00,10,23,Weekday,Fall,No,75.82,64.41,0.0
2023-10-18 00:00,10,0,Weekday,Fall,No,75.63,64.04,0.0
2023-10-18 01:00,10,1,Weekday,Fall,No,75.38,62.89,0.0
2023-10-18 02:00,10,2,Weekday,Fall,No,75.03,60.9,0.0
2023-10-18 03:00,10,3,Weekday,Fall,No,74.69,59.45,0.0
2023-10-18 04:00,10,4,Weekday,Fall,No,74.35,57.22,0.0
2023-10-18 05:00,10,5,Weekday,Fall,No,70.94,55.94,2.95
2023-10-18 06:00,10,6,Weekday,Fall,No,70.71,56.57,3.87
2023-10-18 07:00,10,7,Weekday,Fall,No,71.54,58.18,6.79
2023-10-18 08:00,10,8,Weekday,Fall,Yes,72.11,61.31,11.59
2023-10-18 09:00,10,9,Weekday,Fall,Yes,72.35,64.11,15.55
2023-10-18 10:00,10,10,Weekday,Fall,Yes,72.87,66.1,18.59
2023-10-18 11:00,10,11,Weekday,Fall,Yes,72.99,67.55,20.78
2023-10-18 12:00,10,12,Weekday,Fall,Yes,73.55,68.63,22.64
2023-10-18 13:00,10,13,Weekday,Fall,Yes,73.86,69.6,23.6
2023-10-18 14:00,10,14,Weekday,Fall,Yes,73.78,70.61,24.72
2023-10-18 15:00,10,15,Weekday,Fall,Yes,73.81,71.58,26.11
2023-10-18 16:00,10,16,Weekday,Fall,Yes,73.84,71.44,26.0
2023-10-18 17:00,10,17,Weekday,Fall,Yes,72.88,71.06,23.29
2023-10-18 18:00,10,18,Weekday,Fall,No,72.13,69.9,21.6
2023-10-18 19:00,10,19,Weekday,Fall,No,71.44,67.3,18.48
2023-10-18 20:00,10,20,Weekday,Fall,No,71.12,65.39,16.19
2023-10-18 21:00,10,21,Weekday,Fall,No,73.93,62.63,0.0
2023-10-18 22:00,10,22,Weekday,Fall,No,74.41,60.98,0.0
2023-10-18 23:00,10,23,Weekday,Fall,No,74.4,61.61,0.0
2023-10-19 00:00,10,0,Weekday,Fall,No,74.34,62.06,0.0
2023-10-19 01:00,10,1,Weekday,Fall,No,74.17,60.9,0.0
2023-10-19 02:00,10,2,Weekday,Fall,No,73.74,58.3,0.0
2023-10-19 03:00,10,3,Weekday,Fall,No,73.26,56.39,0.0
2023-10-19 04:00,10,4,Weekday,Fall,No,73.03,55.42,0.0
2023-10-19 05:00,10,5,Weekday,Fall,No,70.48,54.41,0.42
2023-10-19 06:00,10,6,Weekday,Fall,No,70.34,53.96,0.0
2023-10-19 07:00,10,7,Weekday,Fall,No,72.01,55.74,2.83
2023-10-19 08:00,10,8,Weekday,Fall,Yes,73.31,60.48,10.69
2023-10-19 09:00,10,9,Weekday,Fall,Yes,73.64,65.27,18.81
2023-10-19 10:00,10,10,Weekday,Fall,Yes,73.85,68.7,24.45
2023-10-19 11:00,10,11,Weekday,Fall,Yes,73.68,71.14,27.93
2023-10-19 12:00,10,12,Weekday,Fall,Yes,74.04,73.12,30.81
2023-10-19 13:00,10,13,Weekday,Fall,Yes,74.58,75.72,34.45
2023-10-19 14:00,10,14,Weekday,Fall,Yes,74.94,79.31,41.27
2023-10-19 15:00,10,15,Weekday,Fall,Yes,74.91,80.44,44.46
2023-10-19 16:00,10,16,Weekday,Fall,Yes,74.76,79.43,42.18
2023-10-19 17:00,10,17,Weekday,Fall,Yes,74.16,77.2,30.23
2023-10-19 18:00,10,18,Weekday,Fall,No,73.23,74.24,26.12
2023-10-19 19:00,10,19,Weekday,Fall,No,72.33,71.88,22.85
2023-10-19 20:00,10,20,Weekday,Fall,No,71.73,68.65,18.01
2023-10-19 21:00,10,21,Weekday,Fall,No,75.02,67.55,0.0
2023-10-19 22:00,10,22,Weekday,Fall,No,75.64,66.84,0.0
2023-10-19 23:00,10,23,Weekday,Fall,No,75.52,66.54,0.0
2023-10-20 00:00,10,0,Weekday,Fall,No,75.32,65.24,0.0
2023-10-20 01:00,10,1,Weekday,Fall,No,74.94,62.89,0.0
2023-10-20 02:00,10,2,Weekday,Fall,No,74.61,61.43,0.0
2023-10-20 03:00,10,3,Weekday,Fall,No,74.27,59.82,0.0
2023-10-20 04:00,10,4,Weekday,Fall,No,74.05,59.0,0.0
2023-10-20 05:00,10,5,Weekday,Fall,No,70.81,59.63,8.31
2023-10-20 06:00,10,6,Weekday,Fall,No,70.6,61.24,10.66
2023-10-20 07:00,10,7,Weekday,Fall,No,72.51,63.74,14.65
2023-10-20 08:00,10,8,Weekday,Fall,Yes,73.62,67.36,19.15
2023-10-20 09:00,10,9,Weekday,Fall,Yes,73.89,70.76,24.76
2023-10-20 10:00,10,10,Weekday,Fall,Yes,74.12,74.9,33.01
2023-10-20 11:00,10,11,Weekday,Fall,Yes,74.1,78.78,38.9
2023-10-20 12:00,10,12,Weekday,Fall,Yes,74.52,80.58,43.09
2023-10-20 13:00,10,13,Weekday,Fall,Yes,74.82,81.59,44.26
2023-10-20 14:00,10,14,Weekday,Fall,Yes,74.91,82.04,43.97
2023-10-20 15:00,10,15,Weekday,Fall,Yes,74.98,81.41,43.39
2023-10-20 16:00,10,16,Weekday,Fall,Yes,74.62,80.44,37.98
2023-10-20 17:00,10,17,Weekday,Fall,Yes,73.78,79.43,31.67
2023-10-20 18:00,10,18,Weekday,Fall,No,73.21,77.82,30.29
2023-10-20 19:00,10,19,Weekday,Fall,No,72.52,76.37,28.54
2023-10-20 20:00,10,20,Weekday,Fall,No,72.12,75.4,27.99
2023-10-20 21:00,10,21,Weekday,Fall,No,76.04,74.39,0.0
2023-10-20 22:00,10,22,Weekday,Fall,No,76.93,73.42,0.0
2023-10-20 23:00,10,23,Weekday,Fall,No,76.58,72.41,0.0
2023-10-21 00:00,10,0,Weekend,Fall,No,76.34,71.44,0.0
2023-10-21 01:00,10,1,Weekend,Fall,No,76.17,70.43,0.0
2023-10-21 02:00,10,2,Weekend,Fall,No,76.08,69.98,0.0
2023-10-21 03:00,10,3,Weekend,Fall,No,75.96,68.82,0.0
2023-10-21 04:00,10,4,Weekend,Fall,No,75.72,66.84,0.0
2023-10-21 05:00,10,5,Weekend,Fall,No,71.54,67.18,19.06
2023-10-21 06:00,10,6,Weekend,Fall,No,70.98,67.37,19.17
2023-10-21 07:00,10,7,Weekend,Fall,No,71.17,68.18,20.24
2023-10-21 08:00,10,8,Weekend,Fall,No,71.35,70.76,22.76
2023-10-21 09:00,10,9,Weekend,Fall,No,71.68,72.59,23.97
2023-10-21 10:00,10,10,Weekend,Fall,No,72.83,74.72,26.14
2023-10-21 11:00,10,11,Weekend,Fall,No,73.03,78.33,31.91
2023-10-21 12:00,10,12,Weekend,Fall,No,73.12,80.06,34.9
2023-10-21 13:00,10,13,Weekend,Fall,No,73.0,78.9,32.15
2023-10-21 14:00,10,14,Weekend,Fall,No,72.64,76.82,27.58
2023-10-21 15:00,10,15,Weekend,Fall,No,71.88,72.46,25.25
2023-10-21 16:00,10,16,Weekend,Fall,No,71.19,67.67,21.19
2023-10-21 17:00,10,17,Weekend,Fall,No,73.63,58.98,0.0
2023-10-21 18:00,10,18,Weekend,Fall,No,73.26,53.43,0.0
2023-10-21 19:00,10,19,Weekend,Fall,No,72.88,53.06,0.0
2023-10-21 20:00,10,20,Weekend,Fall,No,72.97,53.58,0.0
2023-10-21 21:00,10,21,Weekend,Fall,No,72.82,53.96,0.0
2023-10-21 22:00,10,22,Weekend,Fall,No,72.24,52.8,0.0
2023-10-21 23:00,10,23,Weekend,Fall,No,71.63,51.46,0.0
2023-10-22 00:00,10,0,Weekend,Fall,No,71.45,51.6,0.0
2023-10-22 01:00,10,1,Weekend,Fall,No,71.56,51.98,0.0
2023-10-22 02:00,10,2,Weekend,Fall,No,71.5,52.61,0.0
2023-10-22 03:00,10,3,Weekend,Fall,No,71.28,52.43,0.0
2023-10-22 04:00,10,4,Weekend,Fall,No,70.91,51.46,0.0
2023-10-22 05:00,10,5,Weekend,Fall,No,70.65,51.08,0.0
2023-10-22 06:00,10,6,Weekend,Fall,No,70.62,51.08,0.0
2023-10-22 07:00,10,7,Weekend,Fall,No,72.34,52.24,0.0
2023-10-22 08:00,10,8,Weekend,Fall,No,73.35,55.37,0.0
2023-10-22 09:00,10,9,Weekend,Fall,No,73.51,58.8,1.22
2023-10-22 10:00,10,10,Weekend,Fall,No,73.59,61.24,3.54
2023-10-22 11:00,10,11,Weekend,Fall,No,72.1,63.22,9.23
2023-10-22 12:00,10,12,Weekend,Fall,No,72.24,64.56,11.8
2023-10-22 13:00,10,13,Weekend,Fall,No,72.53,65.57,12.18
2023-10-22 14:00,10,14,Weekend,Fall,No,73.25,66.54,13.89
2023-10-22 15:00,10,15,Weekend,Fall,No,73.51,67.55,12.38
2023-10-22 16:00,10,16,Weekend,Fall,No,73.57,66.84,12.22
2023-10-22 17:00,10,17,Weekend,Fall,No,73.94,64.24,0.0
2023-10-22 18:00,10,18,Weekend,Fall,No,74.33,61.8,0.0
2023-10-22 19:00,10,19,Weekend,Fall,No,73.82,60.46,0.0
2023-10-22 20:00,10,20,Weekend,Fall,No,73.3,58.3,0.0
2023-10-22 21:00,10,21,Weekend,Fall,No,72.76,55.86,0.0
2023-10-22 22:00,10,22,Weekend,Fall,No,72.3,54.41,0.0
2023-10-22 23:00,10,23,Weekend,Fall,No,72.1,53.43,0.0
2023-10-23 00:00,10,0,Weekday,Fall,No,71.78,52.43,0.0
2023-10-23 01:00,10,1,Weekday,Fall,No,71.4,50.82,0.0
2023-10-23 02:00,10,2,Weekday,Fall,No,71.0,49.37,0.0
2023-10-23 03:00,10,3,Weekday,Fall,No,70.7,49.55,0.0
2023-10-23 04:00,10,4,Weekday,Fall,No,70.47,48.84,0.0
2023-10-23 05:00,10,5,Weekday,Fall,No,70.02,49.8,0.0
2023-10-23 06:00,10,6,Weekday,Fall,No,69.98,50.45,0.0
2023-10-23 07:00,10,7,Weekday,Fall,No,71.1,52.31,0.0
2023-10-23 08:00,10,8,Weekday,Fall,Yes,72.53,55.74,2.57
2023-10-23 09:00,10,9,Weekday,Fall,Yes,73.03,61.12,11.14
2023-10-23 10:00,10,10,Weekday,Fall,Yes,73.17,66.98,20.62
2023-10-23 11:00,10,11,Weekday,Fall,Yes,72.83,70.24,25.93
2023-10-23 12:00,10,12,Weekday,Fall,Yes,73.16,72.22,28.83
2023-10-23 13:00,10,13,Weekday,Fall,Yes,73.79,74.19,30.89
2023-10-23 14:00,10,14,Weekday,Fall,Yes,74.34,75.02,32.06
2023-10-23 15:00,10,15,Weekday,Fall,Yes,74.46,75.54,34.01
2023-10-23 16:00,10,16,Weekday,Fall,Yes,74.31,75.4,32.58
2023-10-23 17:00,10,17,Weekday,Fall,Yes,73.47,73.24,25.18
2023-10-23 18:00,10,18,Weekday,Fall,No,72.46,70.28,22.04
2023-10-23 19:00,10,19,Weekday,Fall,No,71.56,67.82,18.82
2023-10-23 20:00,10,20,Weekday,Fall,No,71.07,64.61,15.11
2023-10-23 21:00,10,21,Weekday,Fall,No,73.89,62.96,0.0
2023-10-23 22:00,10,22,Weekday,Fall,No,74.26,61.28,0.0
2023-10-23 23:00,10,23,Weekday,Fall,No,73.88,58.82,0.0
2023-10-24 00:00,10,0,Weekday,Fall,No,73.53,57.4,0.0
2023-10-24 01:00,10,1,Weekday,Fall,No,73.17,55.86,0.0
2023-10-24 02:00,10,2,Weekday,Fall,No,72.84,54.41,0.0
2023-10-24 03:00,10,3,Weekday,Fall,No,72.55,53.96,0.0
2023-10-24 04:00,10,4,Weekday,Fall,No,72.39,54.59,0.0
2023-10-24 05:00,10,5,Weekday,Fall,No,70.29,54.41,0.43
2023-10-24 06:00,10,6,Weekday,Fall,No,70.2,53.96,0.0
2023-10-24 07:00,10,7,Weekday,Fall,No,71.38,56.9,4.86
2023-10-24 08:00,10,8,Weekday,Fall,Yes,72.48,61.31,11.59
2023-10-24 09:00,10,9,Weekday,Fall,Yes,73.5,65.27,17.43
2023-10-24 10:00,10,10,Weekday,Fall,Yes,73.78,68.7,23.73
2023-10-24 11:00,10,11,Weekday,Fall,Yes,73.55,71.76,29.62
2023-10-24 12:00,10,12,Weekday,Fall,Yes,73.96,74.19,33.68
2023-10-24 13:00,10,13,Weekday,Fall,Yes,74.51,75.02,34.46
2023-10-24 14:00,10,14,Weekday,Fall,Yes,74.82,76.18,36.11
2023-10-24 15:00,10,15,Weekday,Fall,Yes,74.75,76.37,37.16
2023-10-24 16:00,10,16,Weekday,Fall,Yes,74.62,75.92,35.71
2023-10-24 17:00,10,17,Weekday,Fall,Yes,73.93,74.24,27.93
2023-10-24 18:00,10,18,Weekday,Fall,No,73.02,71.88,25.12
2023-10-24 19:00,10,19,Weekday,Fall,No,72.19,69.9,23.29
2023-10-24 20:00,10,20,Weekday,Fall,No,71.74,68.45,21.87
2023-10-24 21:00,10,21,Weekday,Fall,No,75.19,66.84,0.0
2023-10-24 22:00,10,22,Weekday,Fall,No,75.94,67.18,0.0
2023-10-24 23:00,10,23,Weekday,Fall,No,75.89,66.84,0.0
2023-10-25 00:00,10,0,Weekday,Fall,No,75.66,64.86,0.0
2023-10-25 01:00,10,1,Weekday,Fall,No,75.33,63.41,0.0
2023-10-25 02:00,10,2,Weekday,Fall,No,75.04,61.8,0.0
2023-10-25 03:00,10,3,Weekday,Fall,No,74.65,59.82,0.0
2023-10-25 04:00,10,4,Weekday,Fall,No,74.43,59.0,0.0
2023-10-25 05:00,10,5,Weekday,Fall,No,70.94,59.63,10.22
2023-10-25 06:00,10,6,Weekday,Fall,No,70.69,59.45,9.91
2023-10-25 07:00,10,7,Weekday,Fall,No,72.06,60.78,12.58
2023-10-25 08:00,10,8,Weekday,Fall,Yes,73.55,65.53,19.58
2023-10-25 09:00,10,9,Weekday,Fall,Yes,73.97,70.31,28.31
2023-10-25 10:00,10,10,Weekday,Fall,Yes,74.23,73.12,33.41
2023-10-25 11:00,10,11,Weekday,Fall,Yes,74.12,75.1,35.03
2023-10-25 12:00,10,12,Weekday,Fall,Yes,74.1,78.33,36.22
2023-10-25 13:00,10,13,Weekday,Fall,Yes,74.68,78.28,40.24
2023-10-25 14:00,10,14,Weekday,Fall,Yes,74.91,77.0,43.6
2023-10-25 15:00,10,15,Weekday,Fall,Yes,74.86,77.0,47.47
2023-10-25 16:00,10,16,Weekday,Fall,Yes,74.72,75.84,42.61
2023-10-25 17:00,10,17,Weekday,Fall,Yes,74.11,73.86,30.99
2023-10-25 18:00,10,18,Weekday,Fall,No,73.24,71.88,28.6
2023-10-25 19:00,10,19,Weekday,Fall,No,72.42,71.06,27.3
2023-10-25 20:00,10,20,Weekday,Fall,No,71.96,69.9,26.06
2023-10-25 21:00,10,21,Weekday,Fall,No,75.55,68.45,0.0
2023-10-25 22:00,10,22,Weekday,Fall,No,76.34,68.0,0.0
2023-10-25 23:00,10,23,Weekday,Fall,No,76.16,66.84,0.0
2023-10-26 00:00,10,0,Weekday,Fall,No,75.96,66.02,0.0
2023-10-26 01:00,10,1,Weekday,Fall,No,75.91,66.02,0.0
2023-10-26 02:00,10,2,Weekday,Fall,No,75.85,66.02,0.0
2023-10-26 03:00,10,3,Weekday,Fall,No,75.76,65.39,0.0
2023-10-26 04:00,10,4,Weekday,Fall,No,75.47,63.78,0.0
2023-10-26 05:00,10,5,Weekday,Fall,No,71.25,62.96,16.25
2023-10-26 06:00,10,6,Weekday,Fall,No,70.88,61.8,14.1
2023-10-26 07:00,10,7,Weekday,Fall,No,71.86,62.14,15.7
2023-10-26 08:00,10,8,Weekday,Fall,Yes,72.99,65.9,21.23
2023-10-26 09:00,10,9,Weekday,Fall,Yes,73.75,68.63,25.25
2023-10-26 10:00,10,10,Weekday,Fall,Yes,74.18,71.39,30.56
2023-10-26 11:00,10,11,Weekday,Fall,Yes,73.87,72.41,31.47
2023-10-26 12:00,10,12,Weekday,Fall,Yes,73.89,71.96,34.89
2023-10-26 13:00,10,13,Weekday,Fall,Yes,74.46,71.44,36.8
2023-10-26 14:00,10,14,Weekday,Fall,Yes,74.77,71.58,39.87
2023-10-26 15:00,10,15,Weekday,Fall,Yes,74.77,73.12,45.99
2023-10-26 16:00,10,16,Weekday,Fall,Yes,74.64,73.42,42.83
2023-10-26 17:00,10,17,Weekday,Fall,Yes,73.84,71.88,32.09
2023-10-26 18:00,10,18,Weekday,Fall,No,72.97,70.43,29.68
2023-10-26 19:00,10,19,Weekday,Fall,No,72.23,70.61,28.94
2023-10-26 20:00,10,20,Weekday,Fall,No,71.83,69.9,27.25
2023-10-26 21:00,10,21,Weekday,Fall,No,75.38,69.08,0.0
2023-10-26 22:00,10,22,Weekday,Fall,No,76.08,68.45,0.0
2023-10-26 23:00,10,23,Weekday,Fall,No,75.89,67.37,0.0
2023-10-27 00:00,10,0,Weekday,Fall,No,75.66,65.76,0.0
2023-10-27 01:00,10,1,Weekday,Fall,No,75.62,66.1,0.0
2023-10-27 02:00,10,2,Weekday,Fall,No,75.61,65.76,0.0
2023-10-27 03:00,10,3,Weekday,Fall,No,75.38,64.94,0.0
2023-10-27 04:00,10,4,Weekday,Fall,No,75.22,64.41,0.0
2023-10-27 05:00,10,5,Weekday,Fall,No,71.19,64.04,17.57
2023-10-27 06:00,10,6,Weekday,Fall,No,70.92,64.04,17.42
2023-10-27 07:00,10,7,Weekday,Fall,No,72.86,64.04,18.92
2023-10-27 08:00,10,8,Weekday,Fall,Yes,73.83,67.5,23.12
2023-10-27 09:00,10,9,Weekday,Fall,Yes,74.1,71.14,27.82
2023-10-27 10:00,10,10,Weekday,Fall,Yes,74.33,74.27,31.49
2023-10-27 11:00,10,11,Weekday,Fall,Yes,74.2,75.4,33.32
2023-10-27 12:00,10,12,Weekday,Fall,Yes,74.4,75.54,34.99
2023-10-27 13:00,10,13,Weekday,Fall,Yes,74.7,77.18,37.26
2023-10-27 14:00,10,14,Weekday,Fall,Yes,74.64,77.45,35.63
2023-10-27 15:00,10,15,Weekday,Fall,Yes,74.7,75.84,33.18
2023-10-27 16:00,10,16,Weekday,Fall,Yes,74.7,74.39,29.82
2023-10-27 17:00,10,17,Weekday,Fall,Yes,73.8,72.78,24.33
2023-10-27 18:00,10,18,Weekday,Fall,No,72.9,70.81,22.7
2023-10-27 19:00,10,19,Weekday,Fall,No,72.13,69.46,21.77
2023-10-27 20:00,10,20,Weekday,Fall,No,71.67,68.45,21.22
2023-10-27 21:00,10,21,Weekday,Fall,No,75.02,67.37,0.0
2023-10-27 22:00,10,22,Weekday,Fall,No,75.69,66.92,0.0
2023-10-27 23:00,10,23,Weekday,Fall,No,75.37,66.4,0.0
2023-10-28 00:00,10,0,Weekend,Fall,No,75.11,65.39,0.0
2023-10-28 01:00,10,1,Weekend,Fall,No,74.86,64.41,0.0
2023-10-28 02:00,10,2,Weekend,Fall,No,74.61,63.41,0.0
2023-10-28 03:00,10,3,Weekend,Fall,No,74.3,61.8,0.0
2023-10-28 04:00,10,4,Weekend,Fall,No,74.03,60.98,0.0
2023-10-28 05:00,10,5,Weekend,Fall,No,70.84,60.46,9.81
2023-10-28 06:00,10,6,Weekend,Fall,No,70.49,60.08,9.06
2023-10-28 07:00,10,7,Weekend,Fall,No,71.42,61.24,10.99
2023-10-28 08:00,10,8,Weekend,Fall,No,72.62,63.74,14.32
2023-10-28 09:00,10,9,Weekend,Fall,No,72.97,66.72,17.4
2023-10-28 10:00,10,10,Weekend,Fall,No,72.98,69.16,20.47
2023-10-28 11:00,10,11,Weekend,Fall,No,72.83,71.14,23.36
2023-10-28 12:00,10,12,Weekend,Fall,No,72.81,72.59,24.46
2023-10-28 13:00,10,13,Weekend,Fall,No,72.16,73.04,24.54
2023-10-28 14:00,10,14,Weekend,Fall,No,72.3,73.04,25.35
2023-10-28 15:00,10,15,Weekend,Fall,No,71.81,64.85,17.38
2023-10-28 16:00,10,16,Weekend,Fall,No,70.94,55.54,3.25
2023-10-28 17:00,10,17,Weekend,Fall,No,72.71,51.9,0.0
2023-10-28 18:00,10,18,Weekend,Fall,No,72.45,51.08,0.0
2023-10-28 19:00,10,19,Weekend,Fall,No,72.26,50.45,0.0
2023-10-28 20:00,10,20,Weekend,Fall,No,72.18,50.63,0.0
2023-10-28 21:00,10,21,Weekend,Fall,No,72.05,51.08,0.0
2023-10-28 22:00,10,22,Weekend,Fall,No,71.85,51.08,0.0
2023-10-28 23:00,10,23,Weekend,Fall,No,71.6,51.08,0.0
2023-10-29 00:00,10,0,Weekend,Fall,No,71.37,51.08,0.0
2023-10-29 01:00,10,1,Weekend,Fall,No,71.07,51.08,0.0
2023-10-29 02:00,10,2,Weekend,Fall,No,70.69,49.82,0.0
2023-10-29 03:00,10,3,Weekend,Fall,No,70.41,49.55,0.0
2023-10-29 04:00,10,4,Weekend,Fall,No,70.14,48.84,0.0
2023-10-29 05:00,10,5,Weekend,Fall,No,69.8,48.02,0.0
2023-10-29 06:00,10,6,Weekend,Fall,No,69.6,46.86,0.0
2023-10-29 07:00,10,7,Weekend,Fall,No,70.79,46.56,0.0
2023-10-29 08:00,10,8,Weekend,Fall,No,72.77,49.36,0.0
2023-10-29 09:00,10,9,Weekend,Fall,No,73.65,53.92,0.0
2023-10-29 10:00,10,10,Weekend,Fall,No,73.3,57.1,1.03
2023-10-29 11:00,10,11,Weekend,Fall,No,71.65,59.18,4.81
2023-10-29 12:00,10,12,Weekend,Fall,No,71.43,61.24,6.84
2023-10-29 13:00,10,13,Weekend,Fall,No,72.13,63.22,8.83
2023-10-29 14:00,10,14,Weekend,Fall,No,72.47,64.56,8.55
2023-10-29 15:00,10,15,Weekend,Fall,No,72.96,64.94,7.48
2023-10-29 16:00,10,16,Weekend,Fall,No,73.63,63.26,5.96
2023-10-29 17:00,10,17,Weekend,Fall,No,74.21,60.28,0.0
2023-10-29 18:00,10,18,Weekend,Fall,No,73.51,57.85,0.0
2023-10-29 19:00,10,19,Weekend,Fall,No,72.84,55.86,0.0
2023-10-29 20:00,10,20,Weekend,Fall,No,72.26,53.88,0.0
2023-10-29 21:00,10,21,Weekend,Fall,No,71.76,52.43,0.0
2023-10-29 22:00,10,22,Weekend,Fall,No,71.34,51.46,0.0
2023-10-29 23:00,10,23,Weekend,Fall,No,71.2,51.08,0.0
2023-10-30 00:00,10,0,Weekday,Fall,No,70.88,49.82,0.0
2023-10-30 01:00,10,1,Weekday,Fall,No,70.51,48.92,0.0
2023-10-30 02:00,10,2,Weekday,Fall,No,70.19,48.4,0.0
2023-10-30 03:00,10,3,Weekday,Fall,No,69.85,47.39,0.0
2023-10-30 04:00,10,4,Weekday,Fall,No,69.58,46.42,0.0
2023-10-30 05:00,10,5,Weekday,Fall,No,69.95,45.41,0.0
2023-10-30 06:00,10,6,Weekday,Fall,No,69.93,44.96,0.0
2023-10-30 07:00,10,7,Weekday,Fall,No,70.75,46.11,0.0
2023-10-30 08:00,10,8,Weekday,Fall,Yes,72.0,49.88,0.0
2023-10-30 09:00,10,9,Weekday,Fall,Yes,72.61,54.29,0.94
2023-10-30 10:00,10,10,Weekday,Fall,Yes,72.67,58.88,8.03
2023-10-30 11:00,10,11,Weekday,Fall,Yes,72.32,63.29,15.22
2023-10-30 12:00,10,12,Weekday,Fall,Yes,72.57,66.1,19.35
2023-10-30 13:00,10,13,Weekday,Fall,Yes,73.14,68.7,22.29
2023-10-30 14:00,10,14,Weekday,Fall,Yes,73.78,69.46,23.68
2023-10-30 15:00,10,15,Weekday,Fall,Yes,73.98,68.45,23.06
2023-10-30 16:00,10,16,Weekday,Fall,Yes,73.79,66.84,19.72
2023-10-30 17:00,10,17,Weekday,Fall,Yes,72.66,64.97,15.61
2023-10-30 18:00,10,18,Weekday,Fall,No,71.6,62.96,13.37
2023-10-30 19:00,10,19,Weekday,Fall,No,70.91,60.9,10.44
2023-10-30 20:00,10,20,Weekday,Fall,No,70.58,58.82,7.26
2023-10-30 21:00,10,21,Weekday,Fall,No,72.65,56.24,0.0
2023-10-30 22:00,10,22,Weekday,Fall,No,72.74,54.41,0.0
2023-10-30 23:00,10,23,Weekday,Fall,No,72.39,53.43,0.0
2023-10-31 00:00,10,0,Weekday,Fall,No,71.97,51.28,0.0
2023-10-31 01:00,10,1,Weekday,Fall,No,71.57,50.0,0.0
2023-10-31 02:00,10,2,Weekday,Fall,No,71.24,49.37,0.0
2023-10-31 03:00,10,3,Weekday,Fall,No,70.84,47.76,0.0
2023-10-31 04:00,10,4,Weekday,Fall,No,70.55,46.94,0.0
2023-10-31 05:00,10,5,Weekday,Fall,No,70.07,46.42,0.0
2023-10-31 06:00,10,6,Weekday,Fall,No,70.06,46.04,0.0
2023-10-31 07:00,10,7,Weekday,Fall,No,71.04,47.72,0.0
2023-10-31 08:00,10,8,Weekday,Fall,Yes,72.42,51.86,0.0
2023-10-31 09:00,10,9,Weekday,Fall,Yes,72.99,55.74,2.67
2023-10-31 10:00,10,10,Weekday,Fall,Yes,73.02,59.96,9.79
2023-10-31 11:00,10,11,Weekday,Fall,Yes,72.64,63.22,14.02
2023-10-31 12:00,10,12,Weekday,Fall,Yes,72.89,65.19,16.66
2023-10-31 13:00,10,13,Weekday,Fall,Yes,73.42,66.54,18.81
2023-10-31 14:00,10,14,Weekday,Fall,Yes,73.99,66.92,19.31
2023-10-31 15:00,10,15,Weekday,Fall,Yes,74.15,66.92,19.39
2023-10-31 16:00,10,16,Weekday,Fall,Yes,73.96,65.76,16.87
2023-10-31 17:00,10,17,Weekday,Fall,Yes,72.95,63.26,11.52
2023-10-31 18:00,10,18,Weekday,Fall,No,71.79,60.9,9.21
2023-10-31 19:00,10,19,Weekday,Fall,No,71.02,58.3,5.77
2023-10-31 20:00,10,20,Weekday,Fall,No,70.69,57.54,4.71
2023-10-31 21:00,10,21,Weekday,Fall,No,73.03,58.65,0.0
2023-10-31 22:00,10,22,Weekday,Fall,No,73.53,59.92,0.0
2023-10-31 23:00,10,23,Weekday,Fall,No,73.56,61.18,0.0
2023-11-01 00:00,11,0,Weekday,Fall,No,73.57,62.54,0.0
2023-11-01 01:00,11,1,Weekday,Fall,No,73.59,63.88,0.0
2023-11-01 02:00,11,2,Weekday,Fall,No,73.6,65.14,0.0
2023-11-01 03:00,11,3,Weekday,Fall,No,73.71,66.4,0.0
2023-11-01 04:00,11,4,Weekday,Fall,No,74.1,68.7,0.0
2023-11-01 05:00,11,5,Weekday,Fall,No,70.63,67.04,20.55
2023-11-01 06:00,11,6,Weekday,Fall,No,70.31,64.41,17.95
2023-11-01 07:00,11,7,Weekday,Fall,No,71.0,61.1,14.62
2023-11-01 08:00,11,8,Weekday,Fall,Yes,71.36,59.63,12.85
2023-11-01 09:00,11,9,Weekday,Fall,Yes,71.49,60.08,14.35
2023-11-01 10:00,11,10,Weekday,Fall,Yes,71.7,60.6,16.42
2023-11-01 11:00,11,11,Weekday,Fall,Yes,71.97,62.76,20.73
2023-11-01 12:00,11,12,Weekday,Fall,Yes,72.9,68.13,28.91
2023-11-01 13:00,11,13,Weekday,Fall,Yes,73.41,72.22,32.37
2023-11-01 14:00,11,14,Weekday,Fall,Yes,73.71,72.41,31.59
2023-11-01 15:00,11,15,Weekday,Fall,Yes,73.72,69.65,27.68
2023-11-01 16:00,11,16,Weekday,Fall,Yes,73.79,68.63,25.66
2023-11-01 17:00,11,17,Weekday,Fall,Yes,72.72,67.3,21.88
2023-11-01 18:00,11,18,Weekday,Fall,No,71.64,64.24,17.56
2023-11-01 19:00,11,19,Weekday,Fall,No,70.99,61.8,14.2
2023-11-01 20:00,11,20,Weekday,Fall,No,70.7,60.46,12.57
2023-11-01 21:00,11,21,Weekday,Fall,No,73.29,60.6,0.0
2023-11-01 22:00,11,22,Weekday,Fall,No,73.8,60.98,0.0
2023-11-01 23:00,11,23,Weekday,Fall,No,73.58,59.82,0.0
2023-11-02 00:00,11,0,Weekday,Fall,No,73.22,57.85,0.0
2023-11-02 01:00,11,1,Weekday,Fall,No,72.81,55.86,0.0
2023-11-02 02:00,11,2,Weekday,Fall,No,72.52,55.04,0.0
2023-11-02 03:00,11,3,Weekday,Fall,No,72.26,54.41,0.0
2023-11-02 04:00,11,4,Weekday,Fall,No,72.01,53.43,0.0
2023-11-02 05:00,11,5,Weekday,Fall,No,70.23,52.43,0.0
2023-11-02 06:00,11,6,Weekday,Fall,No,70.17,51.98,0.0
2023-11-02 07:00,11,7,Weekday,Fall,No,71.39,52.61,0.0
2023-11-02 08:00,11,8,Weekday,Fall,Yes,72.9,57.68,6.95
2023-11-02 09:00,11,9,Weekday,Fall,Yes,73.34,63.92,18.05
2023-11-02 10:00,11,10,Weekday,Fall,Yes,73.48,67.8,24.54
2023-11-02 11:00,11,11,Weekday,Fall,Yes,73.13,70.24,27.86
2023-11-02 12:00,11,12,Weekday,Fall,Yes,73.54,72.22,29.92
2023-11-02 13:00,11,13,Weekday,Fall,Yes,74.11,75.35,32.82
2023-11-02 14:00,11,14,Weekday,Fall,Yes,74.56,77.0,34.89
2023-11-02 15:00,11,15,Weekday,Fall,Yes,74.56,76.37,34.03
2023-11-02 16:00,11,16,Weekday,Fall,Yes,74.34,74.24,30.73
2023-11-02 17:00,11,17,Weekday,Fall,Yes,73.26,70.1,24.35
2023-11-02 18:00,11,18,Weekday,Fall,No,72.35,66.84,20.83
2023-11-02 19:00,11,19,Weekday,Fall,No,71.53,64.86,18.56
2023-11-02 20:00,11,20,Weekday,Fall,No,71.1,61.73,14.6
2023-11-02 21:00,11,21,Weekday,Fall,No,73.74,59.45,0.0
2023-11-02 22:00,11,22,Weekday,Fall,No,74.06,57.85,0.0
2023-11-02 23:00,11,23,Weekday,Fall,No,73.79,57.02,0.0
2023-11-03 00:00,11,0,Weekday,Fall,No,73.53,56.39,0.0
2023-11-03 01:00,11,1,Weekday,Fall,No,73.22,54.78,0.0
2023-11-03 02:00,11,2,Weekday,Fall,No,72.87,53.43,0.0
2023-11-03 03:00,11,3,Weekday,Fall,No,72.58,53.58,0.0
2023-11-03 04:00,11,4,Weekday,Fall,No,72.36,52.8,0.0
2023-11-03 05:00,11,5,Weekday,Fall,No,70.32,51.46,0.0
2023-11-03 06:00,11,6,Weekday,Fall,No,70.23,51.08,0.0
2023-11-03 07:00,11,7,Weekday,Fall,No,71.66,52.76,0.0
2023-11-03 08:00,11,8,Weekday,Fall,Yes,73.09,59.21,8.59
2023-11-03 09:00,11,9,Weekday,Fall,Yes,73.46,65.9,18.65
2023-11-03 10:00,11,10,Weekday,Fall,Yes,73.65,70.31,25.21
2023-11-03 11:00,11,11,Weekday,Fall,Yes,73.42,72.59,27.66
2023-11-03 12:00,11,12,Weekday,Fall,Yes,73.8,74.19,28.63
2023-11-03 13:00,11,13,Weekday,Fall,Yes,74.15,75.02,30.39
2023-11-03 14:00,11,14,Weekday,Fall,Yes,74.62,76.18,34.2
2023-11-03 15:00,11,15,Weekday,Fall,Yes,74.71,75.84,32.88
2023-11-03 16:00,11,16,Weekday,Fall,Yes,74.4,74.39,28.76
2023-11-03 17:00,11,17,Weekday,Fall,Yes,73.29,71.63,22.06
2023-11-03 18:00,11,18,Weekday,Fall,No,72.45,68.2,18.88
2023-11-03 19:00,11,19,Weekday,Fall,No,71.62,65.24,15.54
2023-11-03 20:00,11,20,Weekday,Fall,No,71.16,61.73,11.87
2023-11-03 21:00,11,21,Weekday,Fall,No,73.8,58.82,0.0
2023-11-03 22:00,11,22,Weekday,Fall,No,74.03,56.76,0.0
2023-11-03 23:00,11,23,Weekday,Fall,No,73.38,54.26,0.0
2023-11-04 00:00,11,0,Weekend,Fall,No,72.93,53.06,0.0
2023-11-04 01:00,11,1,Weekend,Fall,No,72.63,53.06,0.0
2023-11-04 02:00,11,2,Weekend,Fall,No,72.31,52.43,0.0
2023-11-04 03:00,11,3,Weekend,Fall,No,72.09,53.14,0.0
2023-11-04 04:00,11,4,Weekend,Fall,No,71.89,53.43,0.0
2023-11-04 05:00,11,5,Weekend,Fall,No,70.26,52.43,0.0
2023-11-04 06:00,11,6,Weekend,Fall,No,70.11,52.61,0.0
2023-11-04 07:00,11,7,Weekend,Fall,No,70.32,54.22,0.41
2023-11-04 08:00,11,8,Weekend,Fall,No,70.67,57.35,4.85
2023-11-04 09:00,11,9,Weekend,Fall,No,71.0,61.31,10.72
2023-11-04 10:00,11,10,Weekend,Fall,No,71.73,68.84,19.91
2023-11-04 11:00,11,11,Weekend,Fall,No,72.09,76.5,26.59
2023-11-04 12:00,11,12,Weekend,Fall,No,72.27,80.76,30.09
2023-11-04 13:00,11,13,Weekend,Fall,No,72.11,83.2,32.28
2023-11-04 14:00,11,14,Weekend,Fall,No,71.97,84.02,33.15
2023-11-04 15:00,11,15,Weekend,Fall,No,71.87,82.86,32.15
2023-11-04 16:00,11,16,Weekend,Fall,No,71.36,80.88,29.99
2023-11-04 17:00,11,17,Weekend,Fall,No,74.87,78.28,0.0
2023-11-04 18:00,11,18,Weekend,Fall,No,75.52,75.84,0.0
2023-11-04 19:00,11,19,Weekend,Fall,No,75.42,74.39,0.0
2023-11-04 20:00,11,20,Weekend,Fall,No,75.18,71.63,0.0
2023-11-04 21:00,11,21,Weekend,Fall,No,74.94,70.61,0.0
2023-11-04 22:00,11,22,Weekend,Fall,No,74.66,69.28,0.0
2023-11-04 23:00,11,23,Weekend,Fall,No,74.16,66.22,0.0
2023-11-05 00:00,11,0,Weekend,Fall,No,73.94,65.57,0.0
2023-11-05 01:00,11,1,Weekend,Fall,No,73.72,64.24,0.0
2023-11-05 02:00,11,2,Weekend,Fall,No,73.47,63.59,0.0
2023-11-05 03:00,11,3,Weekend,Fall,No,73.29,62.26,0.0
2023-11-05 04:00,11,4,Weekend,Fall,No,72.96,59.82,0.0
2023-11-05 05:00,11,5,Weekend,Fall,No,72.7,59.0,0.0
2023-11-05 06:00,11,6,Weekend,Fall,No,72.51,59.0,0.0
2023-11-05 07:00,11,7,Weekend,Fall,No,72.76,59.63,0.0
2023-11-05 08:00,11,8,Weekend,Fall,No,73.83,62.39,0.0
2023-11-05 09:00,11,9,Weekend,Fall,No,75.25,65.19,0.0
2023-11-05 10:00,11,10,Weekend,Fall,No,74.23,68.33,10.1
2023-11-05 11:00,11,11,Weekend,Fall,No,73.11,71.76,21.04
2023-11-05 12:00,11,12,Weekend,Fall,No,73.06,75.35,19.37
2023-11-05 13:00,11,13,Weekend,Fall,No,73.45,78.16,21.86
2023-11-05 14:00,11,14,Weekend,Fall,No,73.57,78.98,15.67
2023-11-05 15:00,11,15,Weekend,Fall,No,74.37,78.98,0.89
2023-11-05 16:00,11,16,Weekend,Fall,No,75.25,77.82,3.57
2023-11-05 17:00,11,17,Weekend,Fall,No,76.53,72.9,0.0
2023-11-05 18:00,11,18,Weekend,Fall,No,75.75,68.2,0.0
2023-11-05 19:00,11,19,Weekend,Fall,No,75.22,65.76,0.0
2023-11-05 20:00,11,20,Weekend,Fall,No,74.79,64.41,0.0
2023-11-05 21:00,11,21,Weekend,Fall,No,74.44,63.41,0.0
2023-11-05 22:00,11,22,Weekend,Fall,No,74.12,62.44,0.0
2023-11-05 23:00,11,23,Weekend,Fall,No,74.06,61.43,0.0
2023-11-06 00:00,11,0,Weekday,Fall,No,73.86,60.46,0.0
2023-11-06 01:00,11,1,Weekday,Fall,No,73.66,60.08,0.0
2023-11-06 02:00,11,2,Weekday,Fall,No,73.46,59.45,0.0
2023-11-06 03:00,11,3,Weekday,Fall,No,73.17,57.85,0.0
2023-11-06 04:00,11,4,Weekday,Fall,No,72.91,57.02,0.0
2023-11-06 05:00,11,5,Weekday,Fall,No,72.77,56.39,0.0
2023-11-06 06:00,11,6,Weekday,Fall,No,70.33,55.42,2.42
2023-11-06 07:00,11,7,Weekday,Fall,No,70.56,55.04,1.75
2023-11-06 08:00,11,8,Weekday,Fall,Yes,72.65,58.5,8.11
2023-11-06 09:00,11,9,Weekday,Fall,Yes,73.34,63.29,15.11
2023-11-06 10:00,11,10,Weekday,Fall,Yes,73.44,64.94,17.57
2023-11-06 11:00,11,11,Weekday,Fall,Yes,73.45,66.1,19.25
2023-11-06 12:00,11,12,Weekday,Fall,Yes,73.35,68.7,22.42
2023-11-06 13:00,11,13,Weekday,Fall,Yes,74.01,69.46,23.28
2023-11-06 14:00,11,14,Weekday,Fall,Yes,74.42,69.6,22.77
2023-11-06 15:00,11,15,Weekday,Fall,Yes,74.48,70.61,23.84
2023-11-06 16:00,11,16,Weekday,Fall,Yes,74.38,70.43,22.51
2023-11-06 17:00,11,17,Weekday,Fall,Yes,73.58,67.67,18.46
2023-11-06 18:00,11,18,Weekday,Fall,No,72.38,64.86,14.54
2023-11-06 19:00,11,19,Weekday,Fall,No,71.74,62.26,11.2
2023-11-06 20:00,11,20,Weekday,Fall,No,71.1,59.82,8.06
2023-11-06 21:00,11,21,Weekday,Fall,No,70.78,58.37,6.23
2023-11-06 22:00,11,22,Weekday,Fall,No,72.97,56.24,0.0
2023-11-06 23:00,11,23,Weekday,Fall,No,73.1,54.41,0.0
2023-11-07 00:00,11,0,Weekday,Fall,No,72.78,53.43,0.0
2023-11-07 01:00,11,1,Weekday,Fall,No,72.45,52.43,0.0
2023-11-07 02:00,11,2,Weekday,Fall,No,72.12,51.46,0.0
2023-11-07 03:00,11,3,Weekday,Fall,No,71.8,50.45,0.0
2023-11-07 04:00,11,4,Weekday,Fall,No,71.38,48.22,0.0
2023-11-07 05:00,11,5,Weekday,Fall,No,71.05,46.94,0.0
2023-11-07 06:00,11,6,Weekday,Fall,No,70.17,46.42,0.0
2023-11-07 07:00,11,7,Weekday,Fall,No,70.23,47.2,0.0
2023-11-07 08:00,11,8,Weekday,Fall,Yes,71.98,50.96,0.0
2023-11-07 09:00,11,9,Weekday,Fall,Yes,72.99,55.9,2.93
2023-11-07 10:00,11,10,Weekday,Fall,Yes,73.07,60.86,10.93
2023-11-07 11:00,11,11,Weekday,Fall,Yes,73.05,64.74,17.41
2023-11-07 12:00,11,12,Weekday,Fall,Yes,72.91,68.33,21.72
2023-11-07 13:00,11,13,Weekday,Fall,Yes,73.52,70.61,24.16
2023-11-07 14:00,11,14,Weekday,Fall,Yes,74.11,71.58,25.41
2023-11-07 15:00,11,15,Weekday,Fall,Yes,74.33,70.28,23.02
2023-11-07 16:00,11,16,Weekday,Fall,Yes,74.14,67.82,18.63
2023-11-07 17:00,11,17,Weekday,Fall,Yes,73.27,65.24,15.87
2023-11-07 18:00,11,18,Weekday,Fall,No,72.08,62.89,12.62
2023-11-07 19:00,11,19,Weekday,Fall,No,71.51,60.9,9.94
2023-11-07 20:00,11,20,Weekday,Fall,No,70.95,58.3,6.12
2023-11-07 21:00,11,21,Weekday,Fall,No,70.64,56.39,3.26
2023-11-07 22:00,11,22,Weekday,Fall,No,72.62,54.78,0.0
2023-11-07 23:00,11,23,Weekday,Fall,No,72.7,52.8,0.0
2023-11-08 00:00,11,0,Weekday,Fall,No,72.36,51.98,0.0
2023-11-08 01:00,11,1,Weekday,Fall,No,71.99,50.2,0.0
2023-11-08 02:00,11,2,Weekday,Fall,No,71.51,47.76,0.0
2023-11-08 03:00,11,3,Weekday,Fall,No,71.1,46.94,0.0
2023-11-08 04:00,11,4,Weekday,Fall,No,70.72,45.78,0.0
2023-11-08 05:00,11,5,Weekday,Fall,No,70.38,44.44,0.0
2023-11-08 06:00,11,6,Weekday,Fall,No,70.12,44.58,0.0
2023-11-08 07:00,11,7,Weekday,Fall,No,70.33,46.11,0.0
2023-11-08 08:00,11,8,Weekday,Fall,Yes,72.29,51.04,0.0
2023-11-08 09:00,11,9,Weekday,Fall,Yes,73.01,57.53,5.37
2023-11-08 10:00,11,10,Weekday,Fall,Yes,73.06,61.76,12.3
2023-11-08 11:00,11,11,Weekday,Fall,Yes,72.93,65.27,18.01
2023-11-08 12:00,11,12,Weekday,Fall,Yes,72.76,68.18,22.12
2023-11-08 13:00,11,13,Weekday,Fall,Yes,73.54,70.76,26.0
2023-11-08 14:00,11,14,Weekday,Fall,Yes,74.12,72.59,28.34
2023-11-08 15:00,11,15,Weekday,Fall,Yes,74.25,73.04,28.72
2023-11-08 16:00,11,16,Weekday,Fall,Yes,74.22,71.88,25.67
2023-11-08 17:00,11,17,Weekday,Fall,Yes,73.51,68.65,19.76
2023-11-08 18:00,11,18,Weekday,Fall,No,72.28,65.24,14.98
2023-11-08 19:00,11,19,Weekday,Fall,No,71.66,63.41,12.79
2023-11-08 20:00,11,20,Weekday,Fall,No,71.07,61.28,10.06
2023-11-08 21:00,11,21,Weekday,Fall,No,70.72,57.14,4.43
2023-11-08 22:00,11,22,Weekday,Fall,No,72.77,55.04,0.0
2023-11-08 23:00,11,23,Weekday,Fall,No,72.92,53.88,0.0
2023-11-09 00:00,11,0,Weekday,Fall,No,72.65,54.22,0.0
2023-11-09 01:00,11,1,Weekday,Fall,No,72.34,53.26,0.0
2023-11-09 02:00,11,2,Weekday,Fall,No,72.05,53.14,0.0
2023-11-09 03:00,11,3,Weekday,Fall,No,71.87,53.43,0.0
2023-11-09 04:00,11,4,Weekday,Fall,No,71.79,55.37,0.0
2023-11-09 05:00,11,5,Weekday,Fall,No,71.78,55.86,0.0
2023-11-09 06:00,11,6,Weekday,Fall,No,70.2,55.04,1.1
2023-11-09 07:00,11,7,Weekday,Fall,No,70.54,56.72,3.19
2023-11-09 08:00,11,8,Weekday,Fall,Yes,72.68,61.49,9.23
2023-11-09 09:00,11,9,Weekday,Fall,Yes,73.27,65.19,13.91
2023-11-09 10:00,11,10,Weekday,Fall,Yes,73.36,67.18,18.08
2023-11-09 11:00,11,11,Weekday,Fall,Yes,73.26,69.78,24.22
2023-11-09 12:00,11,12,Weekday,Fall,Yes,73.11,72.22,29.86
2023-11-09 13:00,11,13,Weekday,Fall,Yes,73.9,73.56,33.38
2023-11-09 14:00,11,14,Weekday,Fall,Yes,74.4,73.94,33.26
2023-11-09 15:00,11,15,Weekday,Fall,Yes,74.39,73.94,32.51
2023-11-09 16:00,11,16,Weekday,Fall,Yes,74.34,73.42,30.0
2023-11-09 17:00,11,17,Weekday,Fall,Yes,73.64,70.1,21.98
2023-11-09 18:00,11,18,Weekday,Fall,No,72.39,65.69,13.81
2023-11-09 19:00,11,19,Weekday,Fall,No,71.71,62.26,9.35
2023-11-09 20:00,11,20,Weekday,Fall,No,71.08,59.2,5.7
2023-11-09 21:00,11,21,Weekday,Fall,No,70.78,59.7,6.28
2023-11-09 22:00,11,22,Weekday,Fall,No,73.26,60.98,0.0
2023-11-09 23:00,11,23,Weekday,Fall,No,73.67,60.98,0.0
2023-11-10 00:00,11,0,Weekday,Fall,No,73.49,60.46,0.0
2023-11-10 01:00,11,1,Weekday,Fall,No,73.28,59.45,0.0
2023-11-10 02:00,11,2,Weekday,Fall,No,73.06,59.0,0.0
2023-11-10 03:00,11,3,Weekday,Fall,No,72.83,58.37,0.0
2023-11-10 04:00,11,4,Weekday,Fall,No,72.61,57.92,0.0
2023-11-10 05:00,11,5,Weekday,Fall,No,72.47,57.4,0.0
2023-11-10 06:00,11,6,Weekday,Fall,No,70.33,57.02,3.33
2023-11-10 07:00,11,7,Weekday,Fall,No,70.79,58.18,4.66
2023-11-10 08:00,11,8,Weekday,Fall,Yes,72.91,61.31,8.68
2023-11-10 09:00,11,9,Weekday,Fall,Yes,73.38,64.11,12.57
2023-11-10 10:00,11,10,Weekday,Fall,Yes,73.49,66.1,16.61
2023-11-10 11:00,11,11,Weekday,Fall,Yes,73.4,68.7,22.46
2023-11-10 12:00,11,12,Weekday,Fall,Yes,73.28,71.14,27.88
2023-11-10 13:00,11,13,Weekday,Fall,Yes,74.07,73.12,32.58
2023-11-10 14:00,11,14,Weekday,Fall,Yes,74.56,75.1,35.77
2023-11-10 15:00,11,15,Weekday,Fall,Yes,74.52,75.4,36.24
2023-11-10 16:00,11,16,Weekday,Fall,Yes,74.43,73.86,31.54
2023-11-10 17:00,11,17,Weekday,Fall,Yes,73.76,70.73,23.1
2023-11-10 18:00,11,18,Weekday,Fall,No,72.59,66.67,15.15
2023-11-10 19:00,11,19,Weekday,Fall,No,71.89,62.63,10.02
2023-11-10 20:00,11,20,Weekday,Fall,No,71.2,59.82,6.83
2023-11-10 21:00,11,21,Weekday,Fall,No,70.85,57.22,3.74
2023-11-10 22:00,11,22,Weekday,Fall,No,73.08,56.57,0.0
2023-11-10 23:00,11,23,Weekday,Fall,No,73.45,57.54,0.0
2023-11-11 00:00,11,0,Weekend,Fall,No,73.05,57.4,0.0
2023-11-11 01:00,11,1,Weekend,Fall,No,72.71,56.39,0.0
2023-11-11 02:00,11,2,Weekend,Fall,No,72.31,54.26,0.0
2023-11-11 03:00,11,3,Weekend,Fall,No,72.01,54.22,0.0
2023-11-11 04:00,11,4,Weekend,Fall,No,71.64,52.1,0.0
2023-11-11 05:00,11,5,Weekend,Fall,No,71.09,48.84,0.0
2023-11-11 06:00,11,6,Weekend,Fall,No,70.74,48.02,0.0
2023-11-11 07:00,11,7,Weekend,Fall,No,72.24,48.54,0.0
2023-11-11 08:00,11,8,Weekend,Fall,No,73.72,54.17,0.0
2023-11-11 09:00,11,9,Weekend,Fall,No,74.08,62.64,1.32
2023-11-11 10:00,11,10,Weekend,Fall,No,73.03,68.33,11.1
2023-11-11 11:00,11,11,Weekend,Fall,No,72.76,71.14,16.86
2023-11-11 12:00,11,12,Weekend,Fall,No,72.68,73.12,18.38
2023-11-11 13:00,11,13,Weekend,Fall,No,73.24,74.57,21.07
2023-11-11 14:00,11,14,Weekend,Fall,No,73.76,75.02,20.15
2023-11-11 15:00,11,15,Weekend,Fall,No,74.19,75.02,21.31
2023-11-11 16:00,11,16,Weekend,Fall,No,74.17,73.86,16.96
2023-11-11 17:00,11,17,Weekend,Fall,No,74.81,70.1,1.31
2023-11-11 18:00,11,18,Weekend,Fall,No,75.15,65.69,0.0
2023-11-11 19:00,11,19,Weekend,Fall,No,74.48,62.26,0.0
2023-11-11 20:00,11,20,Weekend,Fall,No,73.85,59.2,0.0
2023-11-11 21:00,11,21,Weekend,Fall,No,73.28,56.76,0.0
2023-11-11 22:00,11,22,Weekend,Fall,No,72.73,54.26,0.0
2023-11-11 23:00,11,23,Weekend,Fall,No,72.09,50.64,0.0
2023-11-12 00:00,11,0,Weekend,Fall,No,71.44,47.76,0.0
2023-11-12 01:00,11,1,Weekend,Fall,No,70.92,46.42,0.0
2023-11-12 02:00,11,2,Weekend,Fall,No,70.52,46.56,0.0
2023-11-12 03:00,11,3,Weekend,Fall,No,70.13,45.78,0.0
2023-11-12 04:00,11,4,Weekend,Fall,No,69.76,45.59,0.0
2023-11-12 05:00,11,5,Weekend,Fall,No,69.49,46.04,0.0
2023-11-12 06:00,11,6,Weekend,Fall,No,69.18,44.89,0.0
2023-11-12 07:00,11,7,Weekend,Fall,No,70.47,45.74,0.0
2023-11-12 08:00,11,8,Weekend,Fall,No,72.74,51.66,0.0
2023-11-12 09:00,11,9,Weekend,Fall,No,73.71,61.45,0.0
2023-11-12 10:00,11,10,Weekend,Fall,No,72.57,69.48,10.25
2023-11-12 11:00,11,11,Weekend,Fall,No,72.08,73.12,16.4
2023-11-12 12:00,11,12,Weekend,Fall,No,72.31,75.72,19.7
2023-11-12 13:00,11,13,Weekend,Fall,No,72.7,77.63,19.7
2023-11-12 14:00,11,14,Weekend,Fall,No,73.4,78.6,22.04
2023-11-12 15:00,11,15,Weekend,Fall,No,73.51,77.82,20.02
2023-11-12 16:00,11,16,Weekend,Fall,No,73.47,74.69,12.23
2023-11-12 17:00,11,17,Weekend,Fall,No,74.6,70.73,1.44
2023-11-12 18:00,11,18,Weekend,Fall,No,74.51,66.14,0.0
2023-11-12 19:00,11,19,Weekend,Fall,No,73.73,61.73,0.0
2023-11-12 20:00,11,20,Weekend,Fall,No,72.94,56.51,0.0
2023-11-12 21:00,11,21,Weekend,Fall,No,72.24,53.43,0.0
2023-11-12 22:00,11,22,Weekend,Fall,No,71.66,51.28,0.0
2023-11-12 23:00,11,23,Weekend,Fall,No,71.15,50.0,0.0
2023-11-13 00:00,11,0,Weekday,Fall,No,70.92,49.37,0.0
2023-11-13 01:00,11,1,Weekday,Fall,No,70.55,48.4,0.0
2023-11-13 02:00,11,2,Weekday,Fall,No,70.21,48.02,0.0
2023-11-13 03:00,11,3,Weekday,Fall,No,69.92,48.02,0.0
2023-11-13 04:00,11,4,Weekday,Fall,No,69.61,47.39,0.0
2023-11-13 05:00,11,5,Weekday,Fall,No,69.36,46.42,0.0
2023-11-13 06:00,11,6,Weekday,Fall,No,69.95,46.56,0.0
2023-11-13 07:00,11,7,Weekday,Fall,No,69.97,48.72,0.0
2023-11-13 08:00,11,8,Weekday,Fall,Yes,71.6,54.1,1.04
2023-11-13 09:00,11,9,Weekday,Fall,Yes,72.32,61.64,8.89
2023-11-13 10:00,11,10,Weekday,Fall,Yes,72.57,67.36,17.68
2023-11-13 11:00,11,11,Weekday,Fall,Yes,72.62,71.92,27.62
2023-11-13 12:00,11,12,Weekday,Fall,Yes,72.52,75.72,34.58
2023-11-13 13:00,11,13,Weekday,Fall,Yes,73.26,77.0,35.59
2023-11-13 14:00,11,14,Weekday,Fall,Yes,73.86,77.0,35.27
2023-11-13 15:00,11,15,Weekday,Fall,Yes,73.93,76.37,32.75
2023-11-13 16:00,11,16,Weekday,Fall,Yes,73.69,74.76,29.19
2023-11-13 17:00,11,17,Weekday,Fall,Yes,72.96,71.1,23.1
2023-11-13 18:00,11,18,Weekday,Fall,No,71.77,64.98,13.06
2023-11-13 19:00,11,19,Weekday,Fall,No,71.23,60.9,8.1
2023-11-13 20:00,11,20,Weekday,Fall,No,70.72,58.82,5.54
2023-11-13 21:00,11,21,Weekday,Fall,No,70.46,57.92,4.36
2023-11-13 22:00,11,22,Weekday,Fall,No,72.69,58.55,0.0
2023-11-13 23:00,11,23,Weekday,Fall,No,73.08,58.37,0.0
2023-11-14 00:00,11,0,Weekday,Fall,No,72.86,57.4,0.0
2023-11-14 01:00,11,1,Weekday,Fall,No,72.7,57.02,0.0
2023-11-14 02:00,11,2,Weekday,Fall,No,72.73,59.33,0.0
2023-11-14 03:00,11,3,Weekday,Fall,No,72.62,58.67,0.0
2023-11-14 04:00,11,4,Weekday,Fall,No,72.35,57.54,0.0
2023-11-14 05:00,11,5,Weekday,Fall,No,72.15,56.76,0.0
2023-11-14 06:00,11,6,Weekday,Fall,No,70.18,56.57,2.93
2023-11-14 07:00,11,7,Weekday,Fall,No,70.24,59.33,6.31
2023-11-14 08:00,11,8,Weekday,Fall,Yes,72.17,63.29,11.3
2023-11-14 09:00,11,9,Weekday,Fall,Yes,73.12,66.72,15.71
2023-11-14 10:00,11,10,Weekday,Fall,Yes,73.12,67.37,17.77
2023-11-14 11:00,11,11,Weekday,Fall,Yes,73.06,66.4,17.17
2023-11-14 12:00,11,12,Weekday,Fall,Yes,72.87,67.18,17.71
2023-11-14 13:00,11,13,Weekday,Fall,Yes,73.45,68.63,20.23
2023-11-14 14:00,11,14,Weekday,Fall,Yes,73.79,69.08,20.4
2023-11-14 15:00,11,15,Weekday,Fall,Yes,73.99,68.45,19.11
2023-11-14 16:00,11,16,Weekday,Fall,Yes,73.95,67.37,17.24
2023-11-14 17:00,11,17,Weekday,Fall,Yes,73.01,64.61,13.39
2023-11-14 18:00,11,18,Weekday,Fall,No,71.75,61.8,9.44
2023-11-14 19:00,11,19,Weekday,Fall,No,71.24,58.67,5.71
2023-11-14 20:00,11,20,Weekday,Fall,No,70.71,56.39,2.84
2023-11-14 21:00,11,21,Weekday,Fall,No,70.44,54.78,0.81
2023-11-14 22:00,11,22,Weekday,Fall,No,72.21,53.96,0.0
2023-11-14 23:00,11,23,Weekday,Fall,No,72.33,53.43,0.0
2023-11-15 00:00,11,0,Weekday,Fall,No,72.0,52.43,0.0
2023-11-15 01:00,11,1,Weekday,Fall,No,71.74,51.98,0.0
2023-11-15 02:00,11,2,Weekday,Fall,No,71.49,51.98,0.0
2023-11-15 03:00,11,3,Weekday,Fall,No,71.18,50.82,0.0
2023-11-15 04:00,11,4,Weekday,Fall,No,70.83,49.37,0.0
2023-11-15 05:00,11,5,Weekday,Fall,No,70.62,49.55,0.0
2023-11-15 06:00,11,6,Weekday,Fall,No,70.1,48.84,0.0
2023-11-15 07:00,11,7,Weekday,Fall,No,70.14,48.54,0.0
2023-11-15 08:00,11,8,Weekday,Fall,Yes,71.81,50.18,0.0
2023-11-15 09:00,11,9,Weekday,Fall,Yes,72.63,51.6,0.0
2023-11-15 10:00,11,10,Weekday,Fall,Yes,72.61,52.61,0.0
2023-11-15 11:00,11,11,Weekday,Fall,Yes,72.45,53.58,0.0
2023-11-15 12:00,11,12,Weekday,Fall,Yes,72.14,53.96,0.0
2023-11-15 13:00,11,13,Weekday,Fall,Yes,72.57,54.59,0.56
2023-11-15 14:00,11,14,Weekday,Fall,Yes,73.09,55.57,1.77
2023-11-15 15:00,11,15,Weekday,Fall,Yes,73.41,55.94,2.14
2023-11-15 16:00,11,16,Weekday,Fall,Yes,73.32,54.78,0.74
2023-11-15 17:00,11,17,Weekday,Fall,Yes,72.28,52.8,0.0
2023-11-15 18:00,11,18,Weekday,Fall,No,71.18,50.82,0.0
2023-11-15 19:00,11,19,Weekday,Fall,No,70.8,49.37,0.0
2023-11-15 20:00,11,20,Weekday,Fall,No,70.41,48.4,0.0
2023-11-15 21:00,11,21,Weekday,Fall,No,70.22,44.56,0.0
2023-11-15 22:00,11,22,Weekday,Fall,No,70.61,40.82,0.0
2023-11-15 23:00,11,23,Weekday,Fall,No,70.2,39.4,0.0
2023-11-16 00:00,11,0,Weekday,Fall,No,69.65,38.39,0.0
2023-11-16 01:00,11,1,Weekday,Fall,No,69.16,37.42,0.0
2023-11-16 02:00,11,2,Weekday,Fall,No,68.61,35.26,0.0
2023-11-16 03:00,11,3,Weekday,Fall,No,68.05,33.46,0.0
2023-11-16 04:00,11,4,Weekday,Fall,No,67.65,33.6,0.0
2023-11-16 05:00,11,5,Weekday,Fall,No,67.42,34.61,0.0
2023-11-16 06:00,11,6,Weekday,Fall,No,69.97,33.9,0.0
2023-11-16 07:00,11,7,Weekday,Fall,No,70.0,34.76,0.0
2023-11-16 08:00,11,8,Weekday,Fall,Yes,71.28,41.21,0.0
2023-11-16 09:00,11,9,Weekday,Fall,Yes,72.19,48.53,0.0
2023-11-16 10:00,11,10,Weekday,Fall,Yes,72.23,53.39,0.21
2023-11-16 11:00,11,11,Weekday,Fall,Yes,72.06,56.72,3.25
2023-11-16 12:00,11,12,Weekday,Fall,Yes,71.85,60.34,8.39
2023-11-16 13:00,11,13,Weekday,Fall,Yes,72.36,62.58,11.91
2023-11-16 14:00,11,14,Weekday,Fall,Yes,72.98,63.59,13.04
2023-11-16 15:00,11,15,Weekday,Fall,Yes,73.36,63.41,12.19
2023-11-16 16:00,11,16,Weekday,Fall,Yes,73.23,62.44,10.19
2023-11-16 17:00,11,17,Weekday,Fall,Yes,72.22,58.49,5.19
2023-11-16 18:00,11,18,Weekday,Fall,No,71.15,54.78,0.69
2023-11-16 19:00,11,19,Weekday,Fall,No,70.75,51.65,0.0
2023-11-16 20:00,11,20,Weekday,Fall,No,70.35,48.22,0.0
2023-11-16 21:00,11,21,Weekday,Fall,No,70.15,45.26,0.0
2023-11-16 22:00,11,22,Weekday,Fall,No,70.55,42.9,0.0
2023-11-16 23:00,11,23,Weekday,Fall,No,70.14,40.82,0.0
2023-11-17 00:00,11,0,Weekday,Fall,No,69.57,39.4,0.0
2023-11-17 01:00,11,1,Weekday,Fall,No,69.14,39.54,0.0
2023-11-17 02:00,11,2,Weekday,Fall,No,68.84,40.55,0.0
2023-11-17 03:00,11,3,Weekday,Fall,No,68.4,38.69,0.0
2023-11-17 04:00,11,4,Weekday,Fall,No,67.95,37.56,0.0
2023-11-17 05:00,11,5,Weekday,Fall,No,67.73,38.57,0.0
2023-11-17 06:00,11,6,Weekday,Fall,No,69.95,38.39,0.0
2023-11-17 07:00,11,7,Weekday,Fall,No,69.96,40.36,0.0
2023-11-17 08:00,11,8,Weekday,Fall,Yes,70.51,46.7,0.0
2023-11-17 09:00,11,9,Weekday,Fall,Yes,71.61,52.94,0.16
2023-11-17 10:00,11,10,Weekday,Fall,Yes,72.04,58.5,5.0
2023-11-17 11:00,11,11,Weekday,Fall,Yes,72.1,63.29,11.91
2023-11-17 12:00,11,12,Weekday,Fall,Yes,72.0,66.1,15.34
2023-11-17 13:00,11,13,Weekday,Fall,Yes,72.52,67.55,17.51
2023-11-17 14:00,11,14,Weekday,Fall,Yes,72.97,68.0,17.96
2023-11-17 15:00,11,15,Weekday,Fall,Yes,73.06,66.84,15.83
2023-11-17 16:00,11,16,Weekday,Fall,Yes,72.79,64.86,13.24
2023-11-17 17:00,11,17,Weekday,Fall,Yes,71.98,62.89,10.76
2023-11-17 18:00,11,18,Weekday,Fall,No,71.19,60.28,6.93
2023-11-17 19:00,11,19,Weekday,Fall,No,70.78,58.37,4.69
2023-11-17 20:00,11,20,Weekday,Fall,No,70.36,56.24,2.29
2023-11-17 21:00,11,21,Weekday,Fall,No,70.17,55.04,0.96
2023-11-17 22:00,11,22,Weekday,Fall,No,71.77,54.41,0.0
2023-11-17 23:00,11,23,Weekday,Fall,No,71.92,53.96,0.0
2023-11-18 00:00,11,0,Weekend,Fall,No,71.49,53.96,0.0
2023-11-18 01:00,11,1,Weekend,Fall,No,71.16,52.8,0.0
2023-11-18 02:00,11,2,Weekend,Fall,No,70.7,50.2,0.0
2023-11-18 03:00,11,3,Weekend,Fall,No,70.23,48.4,0.0
2023-11-18 04:00,11,4,Weekend,Fall,No,69.81,47.39,0.0
2023-11-18 05:00,11,5,Weekend,Fall,No,69.52,46.94,0.0
2023-11-18 06:00,11,6,Weekend,Fall,No,69.96,45.78,0.0
2023-11-18 07:00,11,7,Weekend,Fall,No,69.89,46.11,0.0
2023-11-18 08:00,11,8,Weekend,Fall,No,70.08,48.1,0.0
2023-11-18 09:00,11,9,Weekend,Fall,No,70.76,51.86,0.0
2023-11-18 10:00,11,10,Weekend,Fall,No,71.27,57.53,3.83
2023-11-18 11:00,11,11,Weekend,Fall,No,71.25,64.07,12.44
2023-11-18 12:00,11,12,Weekend,Fall,No,71.26,69.34,21.29
2023-11-18 13:00,11,13,Weekend,Fall,No,71.43,72.22,26.72
2023-11-18 14:00,11,14,Weekend,Fall,No,71.6,73.56,27.84
2023-11-18 15:00,11,15,Weekend,Fall,No,71.89,73.42,26.4
2023-11-18 16:00,11,16,Weekend,Fall,No,71.89,72.41,23.73
2023-11-18 17:00,11,17,Weekend,Fall,No,70.73,68.5,17.76
2023-11-18 18:00,11,18,Weekend,Fall,No,72.49,63.08,0.0
2023-11-18 19:00,11,19,Weekend,Fall,No,72.42,59.82,0.0
2023-11-18 20:00,11,20,Weekend,Fall,No,72.12,59.63,0.0
2023-11-18 21:00,11,21,Weekend,Fall,No,71.9,60.08,0.0
2023-11-18 22:00,11,22,Weekend,Fall,No,71.58,58.82,0.0
2023-11-18 23:00,11,23,Weekend,Fall,No,71.16,56.76,0.0
2023-11-19 00:00,11,0,Weekend,Fall,No,70.83,55.94,0.0
2023-11-19 01:00,11,1,Weekend,Fall,No,70.46,54.26,0.0
2023-11-19 02:00,11,2,Weekend,Fall,No,70.09,53.06,0.0
2023-11-19 03:00,11,3,Weekend,Fall,No,69.79,52.43,0.0
2023-11-19 04:00,11,4,Weekend,Fall,No,69.47,51.46,0.0
2023-11-19 05:00,11,5,Weekend,Fall,No,69.13,50.45,0.0
2023-11-19 06:00,11,6,Weekend,Fall,No,68.92,51.16,0.0
2023-11-19 07:00,11,7,Weekend,Fall,No,70.37,52.61,0.0
2023-11-19 08:00,11,8,Weekend,Fall,No,72.64,55.9,0.0
2023-11-19 09:00,11,9,Weekend,Fall,No,73.95,60.86,0.0
2023-11-19 10:00,11,10,Weekend,Fall,No,72.35,65.9,4.09
2023-11-19 11:00,11,11,Weekend,Fall,No,71.31,69.16,15.42
2023-11-19 12:00,11,12,Weekend,Fall,No,71.72,71.76,14.41
2023-11-19 13:00,11,13,Weekend,Fall,No,71.82,74.19,20.03
2023-11-19 14:00,11,14,Weekend,Fall,No,72.88,75.54,16.54
2023-11-19 15:00,11,15,Weekend,Fall,No,72.8,75.4,21.19
2023-11-19 16:00,11,16,Weekend,Fall,No,73.18,73.86,7.5
2023-11-19 17:00,11,17,Weekend,Fall,No,73.78,68.94,0.0
2023-11-19 18:00,11,18,Weekend,Fall,No,73.37,62.55,0.0
2023-11-19 19:00,11,19,Weekend,Fall,No,72.57,58.82,0.0
2023-11-19 20:00,11,20,Weekend,Fall,No,71.93,56.24,0.0
2023-11-19 21:00,11,21,Weekend,Fall,No,71.51,56.2,0.0
2023-11-19 22:00,11,22,Weekend,Fall,No,71.09,54.71,0.0
2023-11-19 23:00,11,23,Weekend,Fall,No,70.69,54.22,0.0
2023-11-20 00:00,11,0,Weekday,Fall,No,70.62,54.41,0.0
2023-11-20 01:00,11,1,Weekday,Fall,No,70.38,53.96,0.0
2023-11-20 02:00,11,2,Weekday,Fall,No,70.24,55.12,0.0
2023-11-20 03:00,11,3,Weekday,Fall,No,70.19,56.57,0.0
2023-11-20 04:00,11,4,Weekday,Fall,No,70.04,56.39,0.0
2023-11-20 05:00,11,5,Weekday,Fall,No,69.98,56.57,0.0
2023-11-20 06:00,11,6,Weekday,Fall,No,69.91,55.86,1.86
2023-11-20 07:00,11,7,Weekday,Fall,No,69.95,56.72,2.81
2023-11-20 08:00,11,8,Weekday,Fall,Yes,71.74,60.86,7.75
2023-11-20 09:00,11,9,Weekday,Fall,Yes,72.56,65.27,13.5
2023-11-20 10:00,11,10,Weekday,Fall,Yes,72.62,69.34,21.02
2023-11-20 11:00,11,11,Weekday,Fall,Yes,72.59,72.74,29.05
2023-11-20 12:00,11,12,Weekday,Fall,Yes,72.45,75.1,34.53
2023-11-20 13:00,11,13,Weekday,Fall,Yes,73.25,77.18,38.5
2023-11-20 14:00,11,14,Weekday,Fall,Yes,73.91,79.24,40.76
2023-11-20 15:00,11,15,Weekday,Fall,Yes,74.06,79.43,40.2
2023-11-20 16:00,11,16,Weekday,Fall,Yes,74.05,77.82,36.63
2023-11-20 17:00,11,17,Weekday,Fall,Yes,73.18,72.9,26.34
2023-11-20 18:00,11,18,Weekday,Fall,No,71.88,67.04,15.66
2023-11-20 19:00,11,19,Weekday,Fall,No,71.29,63.78,11.27
2023-11-20 20:00,11,20,Weekday,Fall,No,70.74,60.65,7.38
2023-11-20 21:00,11,21,Weekday,Fall,No,70.42,57.22,3.37
2023-11-20 22:00,11,22,Weekday,Fall,No,72.27,56.57,0.0
2023-11-20 23:00,11,23,Weekday,Fall,No,72.5,57.02,0.0
2023-11-21 00:00,11,0,Weekday,Fall,No,72.18,55.86,0.0
2023-11-21 01:00,11,1,Weekday,Fall,No,71.78,53.88,0.0
2023-11-21 02:00,11,2,Weekday,Fall,No,71.48,53.58,0.0
2023-11-21 03:00,11,3,Weekday,Fall,No,71.2,52.8,0.0
2023-11-21 04:00,11,4,Weekday,Fall,No,70.8,50.82,0.0
2023-11-21 05:00,11,5,Weekday,Fall,No,70.49,49.37,0.0
2023-11-21 06:00,11,6,Weekday,Fall,No,70.05,49.55,0.0
2023-11-21 07:00,11,7,Weekday,Fall,No,70.06,51.78,0.0
2023-11-21 08:00,11,8,Weekday,Fall,Yes,71.59,54.74,0.83
2023-11-21 09:00,11,9,Weekday,Fall,Yes,72.65,61.19,8.41
2023-11-21 10:00,11,10,Weekday,Fall,Yes,72.89,68.51,20.01
2023-11-21 11:00,11,11,Weekday,Fall,Yes,72.87,72.74,29.83
2023-11-21 12:00,11,12,Weekday,Fall,Yes,72.78,75.1,36.17
2023-11-21 13:00,11,13,Weekday,Fall,Yes,73.63,77.18,40.23
2023-11-21 14:00,11,14,Weekday,Fall,Yes,74.22,78.08,40.7
2023-11-21 15:00,11,15,Weekday,Fall,Yes,74.27,75.67,35.64
2023-11-21 16:00,11,16,Weekday,Fall,Yes,74.18,72.26,27.1
2023-11-21 17:00,11,17,Weekday,Fall,Yes,73.29,68.12,18.61
2023-11-21 18:00,11,18,Weekday,Fall,No,72.02,64.24,11.86
2023-11-21 19:00,11,19,Weekday,Fall,No,71.39,59.5,6.03
2023-11-21 20:00,11,20,Weekday,Fall,No,70.81,55.24,1.21
2023-11-21 21:00,11,21,Weekday,Fall,No,70.49,52.8,0.0
2023-11-21 22:00,11,22,Weekday,Fall,No,72.03,50.82,0.0
2023-11-21 23:00,11,23,Weekday,Fall,No,71.97,49.37,0.0
2023-11-22 00:00,11,0,Weekday,Fall,No,71.47,47.24,0.0
2023-11-22 01:00,11,1,Weekday,Fall,No,70.94,44.89,0.0
2023-11-22 02:00,11,2,Weekday,Fall,No,70.54,44.58,0.0
2023-11-22 03:00,11,3,Weekday,Fall,No,70.13,43.28,0.0
2023-11-22 04:00,11,4,Weekday,Fall,No,69.71,42.6,0.0
2023-11-22 05:00,11,5,Weekday,Fall,No,69.49,42.98,0.0
2023-11-22 06:00,11,6,Weekday,Fall,No,70.03,42.98,0.0
2023-11-22 07:00,11,7,Weekday,Fall,No,70.08,45.29,0.0
2023-11-22 08:00,11,8,Weekday,Fall,Yes,71.81,50.51,0.0
2023-11-22 09:00,11,9,Weekday,Fall,Yes,72.71,58.31,5.08
2023-11-22 10:00,11,10,Weekday,Fall,Yes,72.77,63.22,11.97
2023-11-22 11:00,11,11,Weekday,Fall,Yes,72.71,68.13,21.44
2023-11-22 12:00,11,12,Weekday,Fall,Yes,72.59,71.58,28.83
2023-11-22 13:00,11,13,Weekday,Fall,Yes,73.34,71.96,30.12
2023-11-22 14:00,11,14,Weekday,Fall,Yes,73.94,72.59,30.55
2023-11-22 15:00,11,15,Weekday,Fall,Yes,74.08,73.04,30.38
2023-11-22 16:00,11,16,Weekday,Fall,Yes,74.04,72.41,27.17
2023-11-22 17:00,11,17,Weekday,Fall,Yes,73.18,68.5,19.23
2023-11-22 18:00,11,18,Weekday,Fall,No,71.96,63.08,10.58
2023-11-22 19:00,11,19,Weekday,Fall,No,71.36,59.2,6.04
2023-11-22 20:00,11,20,Weekday,Fall,No,70.79,53.93,0.9
2023-11-22 21:00,11,21,Weekday,Fall,No,70.46,50.45,0.0
2023-11-22 22:00,11,22,Weekday,Fall,No,71.9,49.37,0.0
2023-11-22 23:00,11,23,Weekday,Fall,No,71.87,48.92,0.0
2023-11-23 00:00,11,0,Weekday,Fall,No,71.38,49.55,0.0
2023-11-23 01:00,11,1,Weekday,Fall,No,70.9,47.69,0.0
2023-11-23 02:00,11,2,Weekday,Fall,No,70.37,45.41,0.0
2023-11-23 03:00,11,3,Weekday,Fall,No,70.02,45.59,0.0
2023-11-23 04:00,11,4,Weekday,Fall,No,69.74,45.41,0.0
2023-11-23 05:00,11,5,Weekday,Fall,No,69.5,46.11,0.0
2023-11-23 06:00,11,6,Weekday,Fall,No,69.37,48.1,0.0
2023-11-23 07:00,11,7,Weekday,Fall,No,69.84,48.92,0.0
2023-11-23 08:00,11,8,Weekday,Fall,Yes,71.3,50.7,0.0
2023-11-23 09:00,11,9,Weekday,Fall,Yes,72.29,56.7,0.0
2023-11-23 10:00,11,10,Weekday,Fall,Yes,73.72,61.24,0.0
2023-11-23 11:00,11,11,Weekday,Fall,Yes,73.57,64.37,1.75
2023-11-23 12:00,11,12,Weekday,Fall,Yes,74.48,67.8,0.0
2023-11-23 13:00,11,13,Weekday,Fall,Yes,73.05,69.6,3.28
2023-11-23 14:00,11,14,Weekday,Fall,Yes,75.27,71.14,0.0
2023-11-23 15:00,11,15,Weekday,Fall,Yes,75.38,70.28,0.0
2023-11-23 16:00,11,16,Weekday,Fall,Yes,75.03,67.3,0.0
2023-11-23 17:00,11,17,Weekday,Fall,Yes,74.24,64.24,0.0
2023-11-23 18:00,11,18,Weekday,Fall,No,73.53,61.8,0.0
2023-11-23 19:00,11,19,Weekday,Fall,No,73.05,59.82,0.0
2023-11-23 20:00,11,20,Weekday,Fall,No,72.52,57.22,0.0
2023-11-23 21:00,11,21,Weekday,Fall,No,71.83,53.1,0.0
2023-11-23 22:00,11,22,Weekday,Fall,No,71.29,51.6,0.0
2023-11-23 23:00,11,23,Weekday,Fall,No,70.86,50.2,0.0
2023-11-24 00:00,11,0,Weekday,Fall,No,70.53,47.76,0.0
2023-11-24 01:00,11,1,Weekday,Fall,No,70.1,45.78,0.0
2023-11-24 02:00,11,2,Weekday,Fall,No,69.61,43.8,0.0
2023-11-24 03:00,11,3,Weekday,Fall,No,69.09,41.82,0.0
2023-11-24 04:00,11,4,Weekday,Fall,No,68.66,41.0,0.0
2023-11-24 05:00,11,5,Weekday,Fall,No,68.34,40.37,0.0
2023-11-24 06:00,11,6,Weekday,Fall,No,69.94,38.76,0.0
2023-11-24 07:00,11,7,Weekday,Fall,No,69.95,39.1,0.0
2023-11-24 08:00,11,8,Weekday,Fall,Yes,71.46,45.17,0.0
2023-11-24 09:00,11,9,Weekday,Fall,Yes,72.34,51.86,0.0
2023-11-24 10:00,11,10,Weekday,Fall,Yes,72.33,57.53,4.45
2023-11-24 11:00,11,11,Weekday,Fall,Yes,72.22,62.92,12.11
2023-11-24 12:00,11,12,Weekday,Fall,Yes,72.04,66.72,18.74
2023-11-24 13:00,11,13,Weekday,Fall,Yes,72.7,68.63,22.7
2023-11-24 14:00,11,14,Weekday,Fall,Yes,73.35,69.6,23.83
2023-11-24 15:00,11,15,Weekday,Fall,Yes,73.64,69.98,23.66
2023-11-24 16:00,11,16,Weekday,Fall,Yes,73.67,68.82,20.54
2023-11-24 17:00,11,17,Weekday,Fall,Yes,72.75,64.54,13.22
2023-11-24 18:00,11,18,Weekday,Fall,No,71.49,60.28,7.44
2023-11-24 19:00,11,19,Weekday,Fall,No,70.98,56.06,2.39
2023-11-24 20:00,11,20,Weekday,Fall,No,70.51,52.28,0.0
2023-11-24 21:00,11,21,Weekday,Fall,No,70.27,49.82,0.0
2023-11-24 22:00,11,22,Weekday,Fall,No,71.3,47.76,0.0
2023-11-24 23:00,11,23,Weekday,Fall,No,71.06,45.78,0.0
2023-11-25 00:00,11,0,Weekend,Fall,No,70.3,43.28,0.0
2023-11-25 01:00,11,1,Weekend,Fall,No,69.74,42.08,0.0
2023-11-25 02:00,11,2,Weekend,Fall,No,69.39,43.24,0.0
2023-11-25 03:00,11,3,Weekend,Fall,No,69.15,44.58,0.0
2023-11-25 04:00,11,4,Weekend,Fall,No,68.81,43.8,0.0
2023-11-25 05:00,11,5,Weekend,Fall,No,68.45,42.98,0.0
2023-11-25 06:00,11,6,Weekend,Fall,No,69.95,43.61,0.0
2023-11-25 07:00,11,7,Weekend,Fall,No,69.89,45.22,0.0
2023-11-25 08:00,11,8,Weekend,Fall,No,70.65,48.35,0.0
2023-11-25 09:00,11,9,Weekend,Fall,No,71.51,54.62,1.43
2023-11-25 10:00,11,10,Weekend,Fall,No,71.54,63.17,11.21
2023-11-25 11:00,11,11,Weekend,Fall,No,71.33,68.7,20.22
2023-11-25 12:00,11,12,Weekend,Fall,No,71.27,71.14,25.1
2023-11-25 13:00,11,13,Weekend,Fall,No,71.41,73.12,28.83
2023-11-25 14:00,11,14,Weekend,Fall,No,71.54,73.42,27.99
2023-11-25 15:00,11,15,Weekend,Fall,No,71.78,70.1,21.31
2023-11-25 16:00,11,16,Weekend,Fall,No,71.73,66.84,15.39
2023-11-25 17:00,11,17,Weekend,Fall,No,70.61,61.3,8.22
2023-11-25 18:00,11,18,Weekend,Fall,No,71.84,56.76,0.0
2023-11-25 19:00,11,19,Weekend,Fall,No,71.68,54.78,0.0
2023-11-25 20:00,11,20,Weekend,Fall,No,71.15,52.28,0.0
2023-11-25 21:00,11,21,Weekend,Fall,No,70.63,50.45,0.0
2023-11-25 22:00,11,22,Weekend,Fall,No,70.17,49.37,0.0
2023-11-25 23:00,11,23,Weekend,Fall,No,69.6,46.08,0.0
2023-11-26 00:00,11,0,Weekend,Fall,No,69.02,43.43,0.0
2023-11-26 01:00,11,1,Weekend,Fall,No,68.51,41.82,0.0
2023-11-26 02:00,11,2,Weekend,Fall,No,67.94,39.22,0.0
2023-11-26 03:00,11,3,Weekend,Fall,No,67.31,36.26,0.0
2023-11-26 04:00,11,4,Weekend,Fall,No,66.77,35.06,0.0
2023-11-26 05:00,11,5,Weekend,Fall,No,66.3,34.43,0.0
2023-11-26 06:00,11,6,Weekend,Fall,No,65.83,33.46,0.0
2023-11-26 07:00,11,7,Weekend,Fall,No,66.52,33.6,0.0
2023-11-26 08:00,11,8,Weekend,Fall,No,68.58,38.08,0.0
2023-11-26 09:00,11,9,Weekend,Fall,No,70.53,45.1,0.0
2023-11-26 10:00,11,10,Weekend,Fall,No,71.58,50.33,0.0
2023-11-26 11:00,11,11,Weekend,Fall,No,70.45,53.14,0.0
2023-11-26 12:00,11,12,Weekend,Fall,No,69.7,55.74,0.85
2023-11-26 13:00,11,13,Weekend,Fall,No,69.83,58.18,1.77
2023-11-26 14:00,11,14,Weekend,Fall,No,70.53,59.0,1.86
2023-11-26 15:00,11,15,Weekend,Fall,No,71.03,59.0,0.3
2023-11-26 16:00,11,16,Weekend,Fall,No,73.06,57.85,0.0
2023-11-26 17:00,11,17,Weekend,Fall,No,71.72,54.71,0.0
2023-11-26 18:00,11,18,Weekend,Fall,No,70.43,51.28,0.0
2023-11-26 19:00,11,19,Weekend,Fall,No,69.7,49.37,0.0
2023-11-26 20:00,11,20,Weekend,Fall,No,69.01,46.08,0.0
2023-11-26 21:00,11,21,Weekend,Fall,No,68.31,42.9,0.0
2023-11-26 22:00,11,22,Weekend,Fall,No,67.77,41.45,0.0
2023-11-26 23:00,11,23,Weekend,Fall,No,67.18,38.69,0.0
2023-11-27 00:00,11,0,Weekday,Fall,No,66.72,35.88,0.0
2023-11-27 01:00,11,1,Weekday,Fall,No,66.18,33.9,0.0
2023-11-27 02:00,11,2,Weekday,Fall,No,65.71,33.08,0.0
2023-11-27 03:00,11,3,Weekday,Fall,No,65.29,32.45,0.0
2023-11-27 04:00,11,4,Weekday,Fall,No,64.89,32.0,0.0
2023-11-27 05:00,11,5,Weekday,Fall,No,64.72,33.78,0.0
2023-11-27 06:00,11,6,Weekday,Fall,No,69.77,34.43,0.0
2023-11-27 07:00,11,7,Weekday,Fall,No,69.81,33.98,0.0
2023-11-27 08:00,11,8,Weekday,Fall,Yes,70.62,38.7,0.0
2023-11-27 09:00,11,9,Weekday,Fall,Yes,71.51,45.54,0.0
2023-11-27 10:00,11,10,Weekday,Fall,Yes,71.59,53.27,0.82
2023-11-27 11:00,11,11,Weekday,Fall,Yes,71.45,59.33,6.44
2023-11-27 12:00,11,12,Weekday,Fall,Yes,71.38,62.76,11.46
2023-11-27 13:00,11,13,Weekday,Fall,Yes,71.7,65.19,15.69
2023-11-27 14:00,11,14,Weekday,Fall,Yes,72.23,66.02,16.58
2023-11-27 15:00,11,15,Weekday,Fall,Yes,72.68,66.02,15.91
2023-11-27 16:00,11,16,Weekday,Fall,Yes,72.83,65.39,14.26
2023-11-27 17:00,11,17,Weekday,Fall,Yes,71.76,59.69,6.62
2023-11-27 18:00,11,18,Weekday,Fall,No,70.75,54.26,0.44
2023-11-27 19:00,11,19,Weekday,Fall,No,70.38,50.12,0.0
2023-11-27 20:00,11,20,Weekday,Fall,No,70.01,48.02,0.0
2023-11-27 21:00,11,21,Weekday,Fall,No,69.89,48.54,0.0
2023-11-27 22:00,11,22,Weekday,Fall,No,70.08,47.24,0.0
2023-11-27 23:00,11,23,Weekday,Fall,No,69.6,44.26,0.0
2023-11-28 00:00,11,0,Weekday,Fall,No,69.03,42.46,0.0
2023-11-28 01:00,11,1,Weekday,Fall,No,68.52,40.82,0.0
2023-11-28 02:00,11,2,Weekday,Fall,No,68.1,40.55,0.0
2023-11-28 03:00,11,3,Weekday,Fall,No,67.79,41.0,0.0
2023-11-28 04:00,11,4,Weekday,Fall,No,67.47,41.0,0.0
2023-11-28 05:00,11,5,Weekday,Fall,No,67.36,42.78,0.0
2023-11-28 06:00,11,6,Weekday,Fall,No,69.86,43.43,0.0
2023-11-28 07:00,11,7,Weekday,Fall,No,69.87,43.61,0.0
2023-11-28 08:00,11,8,Weekday,Fall,Yes,70.59,46.9,0.0
2023-11-28 09:00,11,9,Weekday,Fall,Yes,71.65,53.02,0.43
2023-11-28 10:00,11,10,Weekday,Fall,Yes,71.84,58.36,4.82
2023-11-28 11:00,11,11,Weekday,Fall,Yes,71.81,63.54,12.35
2023-11-28 12:00,11,12,Weekday,Fall,Yes,71.67,68.33,20.91
2023-11-28 13:00,11,13,Weekday,Fall,Yes,72.14,69.98,24.41
2023-11-28 14:00,11,14,Weekday,Fall,Yes,72.82,70.61,25.26
2023-11-28 15:00,11,15,Weekday,Fall,Yes,73.27,71.06,25.24
2023-11-28 16:00,11,16,Weekday,Fall,Yes,73.34,69.9,22.09
2023-11-28 17:00,11,17,Weekday,Fall,Yes,72.38,64.98,13.75
2023-11-28 18:00,11,18,Weekday,Fall,No,71.15,61.43,8.31
2023-11-28 19:00,11,19,Weekday,Fall,No,70.74,58.04,4.32
2023-11-28 20:00,11,20,Weekday,Fall,No,70.32,54.26,0.44
2023-11-28 21:00,11,21,Weekday,Fall,No,70.09,50.64,0.0
2023-11-28 22:00,11,22,Weekday,Fall,No,70.78,47.24,0.0
2023-11-28 23:00,11,23,Weekday,Fall,No,70.3,43.1,0.0
2023-11-29 00:00,11,0,Weekday,Fall,No,69.71,41.63,0.0
2023-11-29 01:00,11,1,Weekday,Fall,No,69.4,41.45,0.0
2023-11-29 02:00,11,2,Weekday,Fall,No,68.94,39.84,0.0
2023-11-29 03:00,11,3,Weekday,Fall,No,68.57,41.33,0.0
2023-11-29 04:00,11,4,Weekday,Fall,No,68.25,41.2,0.0
2023-11-29 05:00,11,5,Weekday,Fall,No,67.83,38.76,0.0
2023-11-29 06:00,11,6,Weekday,Fall,No,69.92,36.78,0.0
2023-11-29 07:00,11,7,Weekday,Fall,No,69.94,36.59,0.0
2023-11-29 08:00,11,8,Weekday,Fall,Yes,71.22,42.82,0.0
2023-11-29 09:00,11,9,Weekday,Fall,Yes,72.17,50.51,0.0
2023-11-29 10:00,11,10,Weekday,Fall,Yes,72.17,55.37,1.67
2023-11-29 11:00,11,11,Weekday,Fall,Yes,72.02,58.8,6.37
2023-11-29 12:00,11,12,Weekday,Fall,Yes,71.84,59.45,7.17
2023-11-29 13:00,11,13,Weekday,Fall,Yes,72.27,60.78,9.62
2023-11-29 14:00,11,14,Weekday,Fall,Yes,72.55,60.9,9.48
2023-11-29 15:00,11,15,Weekday,Fall,Yes,72.44,58.82,6.45
2023-11-29 16:00,11,16,Weekday,Fall,Yes,72.61,57.4,4.49
2023-11-29 17:00,11,17,Weekday,Fall,Yes,71.74,55.24,1.55
2023-11-29 18:00,11,18,Weekday,Fall,No,70.88,52.8,0.0
2023-11-29 19:00,11,19,Weekday,Fall,No,70.54,51.98,0.0
2023-11-29 20:00,11,20,Weekday,Fall,No,70.2,49.04,0.0
2023-11-29 21:00,11,21,Weekday,Fall,No,70.06,46.42,0.0
2023-11-29 22:00,11,22,Weekday,Fall,No,70.48,45.41,0.0
2023-11-29 23:00,11,23,Weekday,Fall,No,70.15,43.8,0.0
2023-11-30 00:00,11,0,Weekday,Fall,No,69.64,42.46,0.0
2023-11-30 01:00,11,1,Weekday,Fall,No,69.13,40.3,0.0
2023-11-30 02:00,11,2,Weekday,Fall,No,68.6,38.39,0.0
2023-11-30 03:00,11,3,Weekday,Fall,No,68.06,36.26,0.0
2023-11-30 04:00,11,4,Weekday,Fall,No,67.56,35.06,0.0
2023-11-30 05:00,11,5,Weekday,Fall,No,67.16,33.9,0.0
2023-11-30 06:00,11,6,Weekday,Fall,No,69.92,33.6,0.0
2023-11-30 07:00,11,7,Weekday,Fall,No,69.94,34.61,0.0
2023-11-30 08:00,11,8,Weekday,Fall,Yes,71.03,39.16,0.0
2023-11-30 09:00,11,9,Weekday,Fall,Yes,72.01,46.07,0.0
2023-11-30 10:00,11,10,Weekday,Fall,Yes,72.05,52.49,0.19
2023-11-30 11:00,11,11,Weekday,Fall,Yes,71.92,57.35,4.16
2023-11-30 12:00,11,12,Weekday,Fall,Yes,71.73,60.16,8.16
2023-11-30 13:00,11,13,Weekday,Fall,Yes,72.16,61.61,10.56
2023-11-30 14:00,11,14,Weekday,Fall,Yes,72.7,62.58,11.58
2023-11-30 15:00,11,15,Weekday,Fall,Yes,72.92,62.44,10.57
2023-11-30 16:00,11,16,Weekday,Fall,Yes,72.85,60.9,8.13
2023-11-30 17:00,11,17,Weekday,Fall,Yes,71.94,57.14,3.53
2023-11-30 18:00,11,18,Weekday,Fall,No,71.03,53.88,0.14
2023-11-30 19:00,11,19,Weekday,Fall,No,70.69,53.06,0.0
2023-11-30 20:00,11,20,Weekday,Fall,No,70.29,49.49,0.0
2023-11-30 21:00,11,21,Weekday,Fall,No,70.1,46.0,0.0
2023-11-30 22:00,11,22,Weekday,Fall,No,70.58,44.27,0.0
2023-11-30 23:00,11,23,Weekday,Fall,No,70.24,42.58,0.0
2023-12-01 00:00,12,0,Weekday,Winter,No,69.64,40.85,0.0
2023-12-01 01:00,12,1,Weekday,Winter,No,69.05,39.16,0.0
2023-12-01 02:00,12,2,Weekday,Winter,No,68.51,37.43,0.0
2023-12-01 03:00,12,3,Weekday,Winter,No,67.97,35.74,0.0
2023-12-01 04:00,12,4,Weekday,Winter,No,67.49,35.06,0.0
2023-12-01 05:00,12,5,Weekday,Winter,No,67.26,35.06,0.0
2023-12-01 06:00,12,6,Weekday,Winter,No,69.92,33.9,0.0
2023-12-01 07:00,12,7,Weekday,Winter,No,69.93,34.76,0.0
2023-12-01 08:00,12,8,Weekday,Winter,Yes,70.34,38.27,0.0
2023-12-01 09:00,12,9,Weekday,Winter,Yes,70.87,42.86,0.0
2023-12-01 10:00,12,10,Weekday,Winter,Yes,71.6,49.06,0.0
2023-12-01 11:00,12,11,Weekday,Winter,Yes,71.7,54.29,0.65
2023-12-01 12:00,12,12,Weekday,Winter,Yes,71.64,58.88,5.98
2023-12-01 13:00,12,13,Weekday,Winter,Yes,72.02,62.14,10.85
2023-12-01 14:00,12,14,Weekday,Winter,Yes,72.64,62.96,11.87
2023-12-01 15:00,12,15,Weekday,Winter,Yes,73.05,62.96,11.28
2023-12-01 16:00,12,16,Weekday,Winter,Yes,72.35,60.65,7.59
2023-12-01 17:00,12,17,Weekday,Winter,Yes,71.47,56.06,2.22
2023-12-01 18:00,12,18,Weekday,Winter,No,70.8,51.65,0.0
2023-12-01 19:00,12,19,Weekday,Winter,No,70.46,48.22,0.0
2023-12-01 20:00,12,20,Weekday,Winter,No,70.14,44.1,0.0
2023-12-01 21:00,12,21,Weekday,Winter,No,70.02,39.66,0.0
2023-12-01 22:00,12,22,Weekday,Winter,No,69.64,37.94,0.0
2023-12-01 23:00,12,23,Weekday,Winter,No,69.02,36.26,0.0
2023-12-02 00:00,12,0,Weekend,Winter,No,68.18,35.06,0.0
2023-12-02 01:00,12,1,Weekend,Winter,No,67.62,34.43,0.0
2023-12-02 02:00,12,2,Weekend,Winter,No,67.04,32.83,0.0
2023-12-02 03:00,12,3,Weekend,Winter,No,66.49,32.0,0.0
2023-12-02 04:00,12,4,Weekend,Winter,No,66.01,31.37,0.0
2023-12-02 05:00,12,5,Weekend,Winter,No,65.6,31.55,0.0
2023-12-02 06:00,12,6,Weekend,Winter,No,69.85,30.84,0.0
2023-12-02 07:00,12,7,Weekend,Winter,No,69.83,31.8,0.0
2023-12-02 08:00,12,8,Weekend,Winter,No,69.95,37.7,0.0
2023-12-02 09:00,12,9,Weekend,Winter,No,70.57,45.1,0.0
2023-12-02 10:00,12,10,Weekend,Winter,No,70.94,50.96,0.0
2023-12-02 11:00,12,11,Weekend,Winter,No,71.05,55.9,2.0
2023-12-02 12:00,12,12,Weekend,Winter,No,71.05,60.34,7.35
2023-12-02 13:00,12,13,Weekend,Winter,No,71.03,63.22,10.93
2023-12-02 14:00,12,14,Weekend,Winter,No,71.01,65.19,13.35
2023-12-02 15:00,12,15,Weekend,Winter,No,71.16,65.39,13.39
2023-12-02 16:00,12,16,Weekend,Winter,No,70.4,62.63,9.79
2023-12-02 17:00,12,17,Weekend,Winter,No,69.95,58.04,4.32
2023-12-02 18:00,12,18,Weekend,Winter,No,70.61,54.26,0.0
2023-12-02 19:00,12,19,Weekend,Winter,No,70.46,53.06,0.0
2023-12-02 20:00,12,20,Weekend,Winter,No,69.94,49.49,0.0
2023-12-02 21:00,12,21,Weekend,Winter,No,69.23,45.26,0.0
2023-12-02 22:00,12,22,Weekend,Winter,No,68.55,42.28,0.0
2023-12-02 23:00,12,23,Weekend,Winter,No,67.89,39.84,0.0
2023-12-03 00:00,12,0,Weekend,Winter,No,67.31,38.39,0.0
2023-12-03 01:00,12,1,Weekend,Winter,No,66.75,36.26,0.0
2023-12-03 02:00,12,2,Weekend,Winter,No,66.22,35.06,0.0
2023-12-03 03:00,12,3,Weekend,Winter,No,65.79,35.06,0.0
2023-12-03 04:00,12,4,Weekend,Winter,No,65.49,36.22,0.0
2023-12-03 05:00,12,5,Weekend,Winter,No,65.25,37.56,0.0
2023-12-03 06:00,12,6,Weekend,Winter,No,64.84,35.63,0.0
2023-12-03 07:00,12,7,Weekend,Winter,No,65.34,36.29,0.0
2023-12-03 08:00,12,8,Weekend,Winter,No,67.46,42.04,0.0
2023-12-03 09:00,12,9,Weekend,Winter,No,69.43,48.53,0.0
2023-12-03 10:00,12,10,Weekend,Winter,No,70.95,55.7,0.0
2023-12-03 11:00,12,11,Weekend,Winter,No,70.53,61.31,0.0
2023-12-03 12:00,12,12,Weekend,Winter,No,69.77,65.27,6.73
2023-12-03 13:00,12,13,Weekend,Winter,No,69.89,67.55,9.56
2023-12-03 14:00,12,14,Weekend,Winter,No,71.41,67.37,0.0
2023-12-03 15:00,12,15,Weekend,Winter,No,73.16,66.92,0.0
2023-12-03 16:00,12,16,Weekend,Winter,No,72.19,65.24,0.0
2023-12-03 17:00,12,17,Weekend,Winter,No,71.08,60.47,0.0
2023-12-03 18:00,12,18,Weekend,Winter,No,70.36,57.4,0.0
2023-12-03 19:00,12,19,Weekend,Winter,No,69.83,55.24,0.0
2023-12-03 20:00,12,20,Weekend,Winter,No,69.43,53.96,0.0
2023-12-03 21:00,12,21,Weekend,Winter,No,69.01,51.65,0.0
2023-12-03 22:00,12,22,Weekend,Winter,No,68.58,49.37,0.0
2023-12-03 23:00,12,23,Weekend,Winter,No,68.33,48.4,0.0
2023-12-04 00:00,12,0,Weekday,Winter,No,68.12,47.39,0.0
2023-12-04 01:00,12,1,Weekday,Winter,No,67.82,46.94,0.0
2023-12-04 02:00,12,2,Weekday,Winter,No,67.53,45.78,0.0
2023-12-04 03:00,12,3,Weekday,Winter,No,67.13,43.8,0.0
2023-12-04 04:00,12,4,Weekday,Winter,No,66.91,44.76,0.0
2023-12-04 05:00,12,5,Weekday,Winter,No,67.02,47.2,0.0
2023-12-04 06:00,12,6,Weekday,Winter,No,69.81,49.18,0.0
2023-12-04 07:00,12,7,Weekday,Winter,No,69.8,49.37,0.0
2023-12-04 08:00,12,8,Weekday,Winter,Yes,70.13,50.18,0.0
2023-12-04 09:00,12,9,Weekday,Winter,Yes,70.15,48.66,0.0
2023-12-04 10:00,12,10,Weekday,Winter,Yes,70.15,46.42,0.0
2023-12-04 11:00,12,11,Weekday,Winter,Yes,70.2,46.04,0.0
2023-12-04 12:00,12,12,Weekday,Winter,Yes,70.2,46.04,0.0
2023-12-04 13:00,12,13,Weekday,Winter,Yes,70.29,47.72,0.0
2023-12-04 14:00,12,14,Weekday,Winter,Yes,70.28,48.92,0.0
2023-12-04 15:00,12,15,Weekday,Winter,Yes,70.31,47.24,0.0
2023-12-04 16:00,12,16,Weekday,Winter,Yes,70.37,45.41,0.0
2023-12-04 17:00,12,17,Weekday,Winter,Yes,70.33,44.44,0.0
2023-12-04 18:00,12,18,Weekday,Winter,No,70.02,44.58,0.0
2023-12-04 19:00,12,19,Weekday,Winter,No,69.91,45.59,0.0
2023-12-04 20:00,12,20,Weekday,Winter,No,69.82,46.04,0.0
2023-12-04 21:00,12,21,Weekday,Winter,No,69.8,46.56,0.0
2023-12-04 22:00,12,22,Weekday,Winter,No,68.71,45.78,0.0
2023-12-04 23:00,12,23,Weekday,Winter,No,68.1,44.44,0.0
2023-12-05 00:00,12,0,Weekday,Winter,No,67.84,42.9,0.0
2023-12-05 01:00,12,1,Weekday,Winter,No,67.38,42.08,0.0
2023-12-05 02:00,12,2,Weekday,Winter,No,67.03,41.45,0.0
2023-12-05 03:00,12,3,Weekday,Winter,No,66.71,41.0,0.0
2023-12-05 04:00,12,4,Weekday,Winter,No,66.44,40.37,0.0
2023-12-05 05:00,12,5,Weekday,Winter,No,66.31,39.92,0.0
2023-12-05 06:00,12,6,Weekday,Winter,No,69.81,40.55,0.0
2023-12-05 07:00,12,7,Weekday,Winter,No,69.82,42.78,0.0
2023-12-05 08:00,12,8,Weekday,Winter,Yes,70.44,44.58,0.0
2023-12-05 09:00,12,9,Weekday,Winter,Yes,71.39,47.27,0.0
2023-12-05 10:00,12,10,Weekday,Winter,Yes,71.48,50.18,0.0
2023-12-05 11:00,12,11,Weekday,Winter,Yes,71.14,52.24,0.0
2023-12-05 12:00,12,12,Weekday,Winter,Yes,70.88,53.58,0.0
2023-12-05 13:00,12,13,Weekday,Winter,Yes,71.5,54.59,0.53
2023-12-05 14:00,12,14,Weekday,Winter,Yes,72.15,55.57,1.89
2023-12-05 15:00,12,15,Weekday,Winter,Yes,72.65,55.94,2.42
2023-12-05 16:00,12,16,Weekday,Winter,Yes,71.81,55.42,1.66
2023-12-05 17:00,12,17,Weekday,Winter,Yes,71.04,53.88,0.17
2023-12-05 18:00,12,18,Weekday,Winter,No,70.47,53.58,0.0
2023-12-05 19:00,12,19,Weekday,Winter,No,70.19,53.43,0.0
2023-12-05 20:00,12,20,Weekday,Winter,No,69.96,53.06,0.0
2023-12-05 21:00,12,21,Weekday,Winter,No,69.88,53.58,0.0
2023-12-05 22:00,12,22,Weekday,Winter,No,70.72,52.8,0.0
2023-12-05 23:00,12,23,Weekday,Winter,No,70.36,49.04,0.0
2023-12-06 00:00,12,0,Weekday,Winter,No,69.61,44.1,0.0
2023-12-06 01:00,12,1,Weekday,Winter,No,69.05,41.45,0.0
2023-12-06 02:00,12,2,Weekday,Winter,No,68.75,41.63,0.0
2023-12-06 03:00,12,3,Weekday,Winter,No,68.53,42.08,0.0
2023-12-06 04:00,12,4,Weekday,Winter,No,68.15,40.82,0.0
2023-12-06 05:00,12,5,Weekday,Winter,No,67.85,40.55,0.0
2023-12-06 06:00,12,6,Weekday,Winter,No,69.87,41.63,0.0
2023-12-06 07:00,12,7,Weekday,Winter,No,69.87,42.6,0.0
2023-12-06 08:00,12,8,Weekday,Winter,Yes,70.28,42.98,0.0
2023-12-06 09:00,12,9,Weekday,Winter,Yes,70.33,44.76,0.0
2023-12-06 10:00,12,10,Weekday,Winter,Yes,70.34,46.04,0.0
2023-12-06 11:00,12,11,Weekday,Winter,Yes,70.43,46.56,0.0
2023-12-06 12:00,12,12,Weekday,Winter,Yes,70.37,47.57,0.0
2023-12-06 13:00,12,13,Weekday,Winter,Yes,70.61,48.54,0.0
2023-12-06 14:00,12,14,Weekday,Winter,Yes,71.36,49.55,0.0
2023-12-06 15:00,12,15,Weekday,Winter,Yes,71.12,50.0,0.0
2023-12-06 16:00,12,16,Weekday,Winter,Yes,70.8,50.0,0.0
2023-12-06 17:00,12,17,Weekday,Winter,Yes,70.53,49.37,0.0
2023-12-06 18:00,12,18,Weekday,Winter,No,70.2,47.76,0.0
2023-12-06 19:00,12,19,Weekday,Winter,No,70.08,45.78,0.0
2023-12-06 20:00,12,20,Weekday,Winter,No,69.93,44.44,0.0
2023-12-06 21:00,12,21,Weekday,Winter,No,69.87,43.43,0.0
2023-12-06 22:00,12,22,Weekday,Winter,No,69.2,42.46,0.0
2023-12-06 23:00,12,23,Weekday,Winter,No,68.71,41.45,0.0
2023-12-07 00:00,12,0,Weekday,Winter,No,68.18,41.0,0.0
2023-12-07 01:00,12,1,Weekday,Winter,No,67.73,39.84,0.0
2023-12-07 02:00,12,2,Weekday,Winter,No,67.24,37.86,0.0
2023-12-07 03:00,12,3,Weekday,Winter,No,66.62,37.04,0.0
2023-12-07 04:00,12,4,Weekday,Winter,No,66.22,37.04,0.0
2023-12-07 05:00,12,5,Weekday,Winter,No,66.19,36.41,0.0
2023-12-07 06:00,12,6,Weekday,Winter,No,69.83,35.96,0.0
2023-12-07 07:00,12,7,Weekday,Winter,No,69.83,37.12,0.0
2023-12-07 08:00,12,8,Weekday,Winter,Yes,70.27,39.72,0.0
2023-12-07 09:00,12,9,Weekday,Winter,Yes,70.74,43.31,0.0
2023-12-07 10:00,12,10,Weekday,Winter,Yes,71.41,49.68,0.0
2023-12-07 11:00,12,11,Weekday,Winter,Yes,71.54,54.22,0.4
2023-12-07 12:00,12,12,Weekday,Winter,Yes,71.5,55.57,2.16
2023-12-07 13:00,12,13,Weekday,Winter,Yes,71.77,56.57,3.69
2023-12-07 14:00,12,14,Weekday,Winter,Yes,72.02,57.02,3.9
2023-12-07 15:00,12,15,Weekday,Winter,Yes,72.07,57.02,3.8
2023-12-07 16:00,12,16,Weekday,Winter,Yes,71.59,55.86,2.45
2023-12-07 17:00,12,17,Weekday,Winter,Yes,71.11,53.88,0.19
2023-12-07 18:00,12,18,Weekday,Winter,No,70.53,51.9,0.0
2023-12-07 19:00,12,19,Weekday,Winter,No,70.25,49.82,0.0
2023-12-07 20:00,12,20,Weekday,Winter,No,70.0,47.24,0.0
2023-12-07 21:00,12,21,Weekday,Winter,No,69.92,44.89,0.0
2023-12-07 22:00,12,22,Weekday,Winter,No,69.91,43.43,0.0
2023-12-07 23:00,12,23,Weekday,Winter,No,69.46,41.82,0.0
2023-12-08 00:00,12,0,Weekday,Winter,No,68.85,41.0,0.0
2023-12-08 01:00,12,1,Weekday,Winter,No,68.41,40.37,0.0
2023-12-08 02:00,12,2,Weekday,Winter,No,67.98,39.4,0.0
2023-12-08 03:00,12,3,Weekday,Winter,No,67.58,38.39,0.0
2023-12-08 04:00,12,4,Weekday,Winter,No,67.27,37.94,0.0
2023-12-08 05:00,12,5,Weekday,Winter,No,67.1,37.94,0.0
2023-12-08 06:00,12,6,Weekday,Winter,No,69.87,37.94,0.0
2023-12-08 07:00,12,7,Weekday,Winter,No,69.87,39.1,0.0
2023-12-08 08:00,12,8,Weekday,Winter,Yes,70.77,42.86,0.0
2023-12-08 09:00,12,9,Weekday,Winter,Yes,71.69,47.27,0.0
2023-12-08 10:00,12,10,Weekday,Winter,Yes,71.86,50.7,0.0
2023-12-08 11:00,12,11,Weekday,Winter,Yes,71.74,53.76,0.33
2023-12-08 12:00,12,12,Weekday,Winter,Yes,71.57,56.72,4.05
2023-12-08 13:00,12,13,Weekday,Winter,Yes,71.93,58.55,6.74
2023-12-08 14:00,12,14,Weekday,Winter,Yes,72.51,59.0,7.23
2023-12-08 15:00,12,15,Weekday,Winter,Yes,72.85,59.63,8.16
2023-12-08 16:00,12,16,Weekday,Winter,Yes,72.2,58.82,6.73
2023-12-08 17:00,12,17,Weekday,Winter,Yes,71.47,56.76,3.92
2023-12-08 18:00,12,18,Weekday,Winter,No,70.84,54.26,0.61
2023-12-08 19:00,12,19,Weekday,Winter,No,70.52,52.43,0.0
2023-12-08 20:00,12,20,Weekday,Winter,No,70.16,49.67,0.0
2023-12-08 21:00,12,21,Weekday,Winter,No,70.0,46.86,0.0
2023-12-08 22:00,12,22,Weekday,Winter,No,70.39,46.04,0.0
2023-12-08 23:00,12,23,Weekday,Winter,No,70.07,44.89,0.0
2023-12-09 00:00,12,0,Weekend,Winter,No,69.38,43.43,0.0
2023-12-09 01:00,12,1,Weekend,Winter,No,68.91,42.46,0.0
2023-12-09 02:00,12,2,Weekend,Winter,No,68.45,41.45,0.0
2023-12-09 03:00,12,3,Weekend,Winter,No,68.02,41.0,0.0
2023-12-09 04:00,12,4,Weekend,Winter,No,67.58,39.84,0.0
2023-12-09 05:00,12,5,Weekend,Winter,No,67.17,39.02,0.0
2023-12-09 06:00,12,6,Weekend,Winter,No,69.88,39.02,0.0
2023-12-09 07:00,12,7,Weekend,Winter,No,69.83,39.54,0.0
2023-12-09 08:00,12,8,Weekend,Winter,No,70.15,41.7,0.0
2023-12-09 09:00,12,9,Weekend,Winter,No,70.98,45.92,0.0
2023-12-09 10:00,12,10,Weekend,Winter,No,71.18,50.96,0.0
2023-12-09 11:00,12,11,Weekend,Winter,No,71.08,55.37,1.98
2023-12-09 12:00,12,12,Weekend,Winter,No,71.07,58.18,6.29
2023-12-09 13:00,12,13,Weekend,Winter,No,71.07,60.16,9.29
2023-12-09 14:00,12,14,Weekend,Winter,No,71.18,61.61,10.98
2023-12-09 15:00,12,15,Weekend,Winter,No,71.44,62.58,12.28
2023-12-09 16:00,12,16,Weekend,Winter,No,70.8,61.28,10.64
2023-12-09 17:00,12,17,Weekend,Winter,No,70.2,57.66,5.7
2023-12-09 18:00,12,18,Weekend,Winter,No,71.0,54.26,0.0
2023-12-09 19:00,12,19,Weekend,Winter,No,70.74,51.9,0.0
2023-12-09 20:00,12,20,Weekend,Winter,No,70.33,51.08,0.0
2023-12-09 21:00,12,21,Weekend,Winter,No,69.91,49.82,0.0
2023-12-09 22:00,12,22,Weekend,Winter,No,69.38,47.24,0.0
2023-12-09 23:00,12,23,Weekend,Winter,No,68.93,46.04,0.0
2023-12-10 00:00,12,0,Weekend,Winter,No,68.46,44.26,0.0
2023-12-10 01:00,12,1,Weekend,Winter,No,67.94,42.46,0.0
2023-12-10 02:00,12,2,Weekend,Winter,No,67.58,42.6,0.0
2023-12-10 03:00,12,3,Weekend,Winter,No,67.26,42.46,0.0
2023-12-10 04:00,12,4,Weekend,Winter,No,66.94,42.08,0.0
2023-12-10 05:00,12,5,Weekend,Winter,No,66.66,42.08,0.0
2023-12-10 06:00,12,6,Weekend,Winter,No,66.45,42.6,0.0
2023-12-10 07:00,12,7,Weekend,Winter,No,67.07,42.98,0.0
2023-12-10 08:00,12,8,Weekend,Winter,No,69.15,44.14,0.0
2023-12-10 09:00,12,9,Weekend,Winter,No,70.91,49.06,0.0
2023-12-10 10:00,12,10,Weekend,Winter,No,71.69,55.44,0.0
2023-12-10 11:00,12,11,Weekend,Winter,No,70.54,63.17,4.49
2023-12-10 12:00,12,12,Weekend,Winter,No,70.2,68.18,12.93
2023-12-10 13:00,12,13,Weekend,Winter,No,70.73,72.54,16.16
2023-12-10 14:00,12,14,Weekend,Winter,No,71.59,75.54,15.83
2023-12-10 15:00,12,15,Weekend,Winter,No,71.76,74.24,15.03
2023-12-10 16:00,12,16,Weekend,Winter,No,72.81,71.88,1.05
2023-12-10 17:00,12,17,Weekend,Winter,No,73.0,68.12,0.0
2023-12-10 18:00,12,18,Weekend,Winter,No,72.16,63.71,0.0
2023-12-10 19:00,12,19,Weekend,Winter,No,71.53,60.9,0.0
2023-12-10 20:00,12,20,Weekend,Winter,No,71.12,60.08,0.0
2023-12-10 21:00,12,21,Weekend,Winter,No,70.89,60.6,0.0
2023-12-10 22:00,12,22,Weekend,Winter,No,70.76,61.61,0.0
2023-12-10 23:00,12,23,Weekend,Winter,No,70.51,60.28,0.0
2023-12-11 00:00,12,0,Weekday,Winter,No,70.55,60.78,0.0
2023-12-11 01:00,12,1,Weekday,Winter,No,70.58,61.43,0.0
2023-12-11 02:00,12,2,Weekday,Winter,No,70.34,59.82,0.0
2023-12-11 03:00,12,3,Weekday,Winter,No,70.07,58.37,0.0
2023-12-11 04:00,12,4,Weekday,Winter,No,69.79,56.76,0.0
2023-12-11 05:00,12,5,Weekday,Winter,No,69.44,53.63,0.0
2023-12-11 06:00,12,6,Weekday,Winter,No,69.84,50.82,0.0
2023-12-11 07:00,12,7,Weekday,Winter,No,69.82,50.0,0.0
2023-12-11 08:00,12,8,Weekday,Winter,Yes,71.19,53.46,0.55
2023-12-11 09:00,12,9,Weekday,Winter,Yes,72.17,59.51,6.67
2023-12-11 10:00,12,10,Weekday,Winter,Yes,72.23,64.9,13.94
2023-12-11 11:00,12,11,Weekday,Winter,Yes,72.21,69.34,22.31
2023-12-11 12:00,12,12,Weekday,Winter,Yes,72.05,72.74,28.96
2023-12-11 13:00,12,13,Weekday,Winter,Yes,72.75,75.72,34.13
2023-12-11 14:00,12,14,Weekday,Winter,Yes,73.47,77.63,36.3
2023-12-11 15:00,12,15,Weekday,Winter,Yes,73.86,78.6,37.6
2023-12-11 16:00,12,16,Weekday,Winter,Yes,73.89,77.82,36.34
2023-12-11 17:00,12,17,Weekday,Winter,Yes,73.01,71.75,23.54
2023-12-11 18:00,12,18,Weekday,Winter,No,71.7,65.69,15.22
2023-12-11 19:00,12,19,Weekday,Winter,No,71.11,61.1,9.68
2023-12-11 20:00,12,20,Weekday,Winter,No,70.57,57.22,4.48
2023-12-11 21:00,12,21,Weekday,Winter,No,70.29,54.26,0.6
2023-12-11 22:00,12,22,Weekday,Winter,No,71.69,51.9,0.0
2023-12-11 23:00,12,23,Weekday,Winter,No,71.63,51.08,0.0
2023-12-12 00:00,12,0,Weekday,Winter,No,71.26,50.45,0.0
2023-12-12 01:00,12,1,Weekday,Winter,No,70.92,50.0,0.0
2023-12-12 02:00,12,2,Weekday,Winter,No,70.63,50.0,0.0
2023-12-12 03:00,12,3,Weekday,Winter,No,70.33,49.37,0.0
2023-12-12 04:00,12,4,Weekday,Winter,No,69.99,48.4,0.0
2023-12-12 05:00,12,5,Weekday,Winter,No,69.76,48.02,0.0
2023-12-12 06:00,12,6,Weekday,Winter,No,69.97,47.39,0.0
2023-12-12 07:00,12,7,Weekday,Winter,No,69.97,48.1,0.0
2023-12-12 08:00,12,8,Weekday,Winter,Yes,71.21,52.49,0.19
2023-12-12 09:00,12,9,Weekday,Winter,Yes,72.34,59.66,6.87
2023-12-12 10:00,12,10,Weekday,Winter,Yes,72.59,66.53,16.73
2023-12-12 11:00,12,11,Weekday,Winter,Yes,72.61,70.76,25.61
2023-12-12 12:00,12,12,Weekday,Winter,Yes,72.5,74.27,32.67
2023-12-12 13:00,12,13,Weekday,Winter,Yes,73.29,76.55,36.36
2023-12-12 14:00,12,14,Weekday,Winter,Yes,74.0,78.16,37.84
2023-12-12 15:00,12,15,Weekday,Winter,Yes,74.2,78.46,37.89
2023-12-12 16:00,12,16,Weekday,Winter,Yes,74.22,76.82,36.35
2023-12-12 17:00,12,17,Weekday,Winter,Yes,73.46,73.08,25.68
2023-12-12 18:00,12,18,Weekday,Winter,No,72.21,68.12,17.37
2023-12-12 19:00,12,19,Weekday,Winter,No,71.52,62.55,11.09
2023-12-12 20:00,12,20,Weekday,Winter,No,70.88,56.51,3.43
2023-12-12 21:00,12,21,Weekday,Winter,No,70.51,52.8,0.0
2023-12-12 22:00,12,22,Weekday,Winter,No,72.22,52.61,0.0
2023-12-12 23:00,12,23,Weekday,Winter,No,72.4,53.58,0.0
2023-12-13 00:00,12,0,Weekday,Winter,No,72.05,52.28,0.0
2023-12-13 01:00,12,1,Weekday,Winter,No,71.7,51.6,0.0
2023-12-13 02:00,12,2,Weekday,Winter,No,71.52,52.61,0.0
2023-12-13 03:00,12,3,Weekday,Winter,No,71.17,50.64,0.0
2023-12-13 04:00,12,4,Weekday,Winter,No,70.8,49.55,0.0
2023-12-13 05:00,12,5,Weekday,Winter,No,70.6,49.37,0.0
2023-12-13 06:00,12,6,Weekday,Winter,No,70.08,47.76,0.0
2023-12-13 07:00,12,7,Weekday,Winter,No,70.07,47.57,0.0
2023-12-13 08:00,12,8,Weekday,Winter,Yes,71.53,51.48,0.0
2023-12-13 09:00,12,9,Weekday,Winter,Yes,72.65,57.53,4.34
2023-12-13 10:00,12,10,Weekday,Winter,Yes,72.79,62.92,11.7
2023-12-13 11:00,12,11,Weekday,Winter,Yes,72.78,67.88,20.64
2023-12-13 12:00,12,12,Weekday,Winter,Yes,72.69,71.76,28.38
2023-12-13 13:00,12,13,Weekday,Winter,Yes,73.55,74.72,34.29
2023-12-13 14:00,12,14,Weekday,Winter,Yes,74.23,76.55,36.51
2023-12-13 15:00,12,15,Weekday,Winter,Yes,74.32,76.37,34.7
2023-12-13 16:00,12,16,Weekday,Winter,Yes,74.13,74.24,28.54
2023-12-13 17:00,12,17,Weekday,Winter,Yes,73.24,70.73,21.79
2023-12-13 18:00,12,18,Weekday,Winter,No,72.13,66.14,15.69
2023-12-13 19:00,12,19,Weekday,Winter,No,71.52,61.73,10.5
2023-12-13 20:00,12,20,Weekday,Winter,No,70.96,58.82,6.91
2023-12-13 21:00,12,21,Weekday,Winter,No,70.64,57.4,4.6
2023-12-13 22:00,12,22,Weekday,Winter,No,72.84,59.33,0.0
2023-12-13 23:00,12,23,Weekday,Winter,No,73.29,60.46,0.0
2023-12-14 00:00,12,0,Weekday,Winter,No,73.1,60.08,0.0
2023-12-14 01:00,12,1,Weekday,Winter,No,72.81,58.3,0.0
2023-12-14 02:00,12,2,Weekday,Winter,No,72.5,57.02,0.0
2023-12-14 03:00,12,3,Weekday,Winter,No,72.21,55.86,0.0
2023-12-14 04:00,12,4,Weekday,Winter,No,71.92,55.04,0.0
2023-12-14 05:00,12,5,Weekday,Winter,No,71.73,54.41,0.0
2023-12-14 06:00,12,6,Weekday,Winter,No,70.2,52.28,0.0
2023-12-14 07:00,12,7,Weekday,Winter,No,70.17,51.6,0.0
2023-12-14 08:00,12,8,Weekday,Winter,Yes,71.67,54.92,1.22
2023-12-14 09:00,12,9,Weekday,Winter,Yes,72.79,58.18,4.49
2023-12-14 10:00,12,10,Weekday,Winter,Yes,72.86,59.63,6.52
2023-12-14 11:00,12,11,Weekday,Winter,Yes,72.75,61.76,9.89
2023-12-14 12:00,12,12,Weekday,Winter,Yes,72.5,63.59,12.96
2023-12-14 13:00,12,13,Weekday,Winter,Yes,73.12,65.19,16.0
2023-12-14 14:00,12,14,Weekday,Winter,Yes,73.66,66.02,16.93
2023-12-14 15:00,12,15,Weekday,Winter,Yes,73.94,65.39,15.45
2023-12-14 16:00,12,16,Weekday,Winter,Yes,73.91,64.41,13.35
2023-12-14 17:00,12,17,Weekday,Winter,Yes,72.95,62.26,9.93
2023-12-14 18:00,12,18,Weekday,Winter,No,71.72,59.2,5.66
2023-12-14 19:00,12,19,Weekday,Winter,No,71.22,57.4,3.58
2023-12-14 20:00,12,20,Weekday,Winter,No,70.74,55.86,1.88
2023-12-14 21:00,12,21,Weekday,Winter,No,70.47,55.04,0.96
2023-12-14 22:00,12,22,Weekday,Winter,No,72.14,53.88,0.0
2023-12-14 23:00,12,23,Weekday,Winter,No,72.24,53.58,0.0
2023-12-15 00:00,12,0,Weekday,Winter,No,72.04,53.96,0.0
2023-12-15 01:00,12,1,Weekday,Winter,No,71.74,52.8,0.0
2023-12-15 02:00,12,2,Weekday,Winter,No,71.43,51.98,0.0
2023-12-15 03:00,12,3,Weekday,Winter,No,71.12,50.82,0.0
2023-12-15 04:00,12,4,Weekday,Winter,No,70.81,50.0,0.0
2023-12-15 05:00,12,5,Weekday,Winter,No,70.57,48.84,0.0
2023-12-15 06:00,12,6,Weekday,Winter,No,70.11,47.39,0.0
2023-12-15 07:00,12,7,Weekday,Winter,No,70.1,46.94,0.0
2023-12-15 08:00,12,8,Weekday,Winter,Yes,71.46,49.88,0.0
2023-12-15 09:00,12,9,Weekday,Winter,Yes,72.5,54.92,1.19
2023-12-15 10:00,12,10,Weekday,Winter,Yes,72.66,57.02,3.42
2023-12-15 11:00,12,11,Weekday,Winter,Yes,72.57,59.96,7.77
2023-12-15 12:00,12,12,Weekday,Winter,Yes,72.38,63.74,13.9
2023-12-15 13:00,12,13,Weekday,Winter,Yes,73.05,65.57,17.45
2023-12-15 14:00,12,14,Weekday,Winter,Yes,73.69,66.54,18.65
2023-12-15 15:00,12,15,Weekday,Winter,Yes,73.96,66.92,18.66
2023-12-15 16:00,12,16,Weekday,Winter,Yes,73.9,65.24,14.98
2023-12-15 17:00,12,17,Weekday,Winter,Yes,72.94,61.73,9.31
2023-12-15 18:00,12,18,Weekday,Winter,No,71.73,58.3,4.91
2023-12-15 19:00,12,19,Weekday,Winter,No,71.19,54.08,0.71
2023-12-15 20:00,12,20,Weekday,Winter,No,70.67,50.82,0.0
2023-12-15 21:00,12,21,Weekday,Winter,No,70.41,48.84,0.0
2023-12-15 22:00,12,22,Weekday,Winter,No,71.65,48.02,0.0
2023-12-15 23:00,12,23,Weekday,Winter,No,71.45,45.71,0.0
2023-12-16 00:00,12,0,Weekend,Winter,No,70.62,42.9,0.0
2023-12-16 01:00,12,1,Weekend,Winter,No,70.07,42.08,0.0
2023-12-16 02:00,12,2,Weekend,Winter,No,69.58,40.82,0.0
2023-12-16 03:00,12,3,Weekend,Winter,No,69.03,38.24,0.0
2023-12-16 04:00,12,4,Weekend,Winter,No,68.56,37.04,0.0
2023-12-16 05:00,12,5,Weekend,Winter,No,68.17,37.56,0.0
2023-12-16 06:00,12,6,Weekend,Winter,No,69.98,37.42,0.0
2023-12-16 07:00,12,7,Weekend,Winter,No,69.91,37.04,0.0
2023-12-16 08:00,12,8,Weekend,Winter,No,70.32,42.29,0.0
2023-12-16 09:00,12,9,Weekend,Winter,No,71.16,48.98,0.0
2023-12-16 10:00,12,10,Weekend,Winter,No,71.37,52.76,0.0
2023-12-16 11:00,12,11,Weekend,Winter,No,71.24,58.06,4.81
2023-12-16 12:00,12,12,Weekend,Winter,No,71.22,60.98,8.7
2023-12-16 13:00,12,13,Weekend,Winter,No,71.24,62.14,10.37
2023-12-16 14:00,12,14,Weekend,Winter,No,71.29,64.11,12.83
2023-12-16 15:00,12,15,Weekend,Winter,No,71.64,64.41,12.75
2023-12-16 16:00,12,16,Weekend,Winter,No,71.86,62.26,9.44
2023-12-16 17:00,12,17,Weekend,Winter,No,70.71,59.82,6.4
2023-12-16 18:00,12,18,Weekend,Winter,No,71.94,57.85,0.0
2023-12-16 19:00,12,19,Weekend,Winter,No,71.76,55.86,0.0
2023-12-16 20:00,12,20,Weekend,Winter,No,71.33,54.41,0.0
2023-12-16 21:00,12,21,Weekend,Winter,No,71.02,54.59,0.0
2023-12-16 22:00,12,22,Weekend,Winter,No,70.79,55.04,0.0
2023-12-16 23:00,12,23,Weekend,Winter,No,70.55,54.41,0.0
2023-12-17 00:00,12,0,Weekend,Winter,No,70.29,53.96,0.0
2023-12-17 01:00,12,1,Weekend,Winter,No,69.99,53.43,0.0
2023-12-17 02:00,12,2,Weekend,Winter,No,69.69,52.43,0.0
2023-12-17 03:00,12,3,Weekend,Winter,No,69.38,51.46,0.0
2023-12-17 04:00,12,4,Weekend,Winter,No,69.16,51.6,0.0
2023-12-17 05:00,12,5,Weekend,Winter,No,68.95,51.46,0.0
2023-12-17 06:00,12,6,Weekend,Winter,No,68.66,50.45,0.0
2023-12-17 07:00,12,7,Weekend,Winter,No,68.89,50.63,0.0
2023-12-17 08:00,12,8,Weekend,Winter,No,70.83,52.76,0.0
2023-12-17 09:00,12,9,Weekend,Winter,No,72.66,55.12,0.0
2023-12-17 10:00,12,10,Weekend,Winter,No,72.8,56.57,0.0
2023-12-17 11:00,12,11,Weekend,Winter,No,70.84,58.18,0.59
2023-12-17 12:00,12,12,Weekend,Winter,No,70.5,60.16,3.21
2023-12-17 13:00,12,13,Weekend,Winter,No,70.81,61.61,6.62
2023-12-17 14:00,12,14,Weekend,Winter,No,71.26,62.06,5.06
2023-12-17 15:00,12,15,Weekend,Winter,No,71.55,62.58,1.63
2023-12-17 16:00,12,16,Weekend,Winter,No,72.32,61.8,0.0
2023-12-17 17:00,12,17,Weekend,Winter,No,72.65,59.2,0.0
2023-12-17 18:00,12,18,Weekend,Winter,No,71.58,56.24,0.0
2023-12-17 19:00,12,19,Weekend,Winter,No,70.97,55.04,0.0
2023-12-17 20:00,12,20,Weekend,Winter,No,70.37,52.1,0.0
2023-12-17 21:00,12,21,Weekend,Winter,No,69.77,49.37,0.0
2023-12-17 22:00,12,22,Weekend,Winter,No,69.36,48.92,0.0
2023-12-17 23:00,12,23,Weekend,Winter,No,68.99,48.4,0.0
2023-12-18 00:00,12,0,Weekday,Winter,No,68.82,48.02,0.0
2023-12-18 01:00,12,1,Weekday,Winter,No,68.36,44.56,0.0
2023-12-18 02:00,12,2,Weekday,Winter,No,67.9,43.24,0.0
2023-12-18 03:00,12,3,Weekday,Winter,No,67.55,42.28,0.0
2023-12-18 04:00,12,4,Weekday,Winter,No,67.11,40.37,0.0
2023-12-18 05:00,12,5,Weekday,Winter,No,66.87,40.55,0.0
2023-12-18 06:00,12,6,Weekday,Winter,No,69.83,42.16,0.0
2023-12-18 07:00,12,7,Weekday,Winter,No,69.81,45.29,0.0
2023-12-18 08:00,12,8,Weekday,Winter,Yes,70.6,50.51,0.0
2023-12-18 09:00,12,9,Weekday,Winter,Yes,71.62,54.74,0.76
2023-12-18 10:00,12,10,Weekday,Winter,Yes,71.73,57.1,3.3
2023-12-18 11:00,12,11,Weekday,Winter,Yes,71.68,60.34,7.67
2023-12-18 12:00,12,12,Weekday,Winter,Yes,71.54,63.22,12.01
2023-12-18 13:00,12,13,Weekday,Winter,Yes,71.88,64.56,14.41
2023-12-18 14:00,12,14,Weekday,Winter,Yes,72.46,66.1,16.81
2023-12-18 15:00,12,15,Weekday,Winter,Yes,72.89,66.92,17.35
2023-12-18 16:00,12,16,Weekday,Winter,Yes,73.07,65.76,14.89
2023-12-18 17:00,12,17,Weekday,Winter,Yes,72.07,62.1,9.52
2023-12-18 18:00,12,18,Weekday,Winter,No,70.97,57.66,3.89
2023-12-18 19:00,12,19,Weekday,Winter,No,70.62,57.72,3.95
2023-12-18 20:00,12,20,Weekday,Winter,No,70.25,57.85,4.08
2023-12-18 21:00,12,21,Weekday,Winter,No,70.05,56.39,2.44
2023-12-18 22:00,12,22,Weekday,Winter,No,71.22,55.42,0.0
2023-12-18 23:00,12,23,Weekday,Winter,No,71.26,55.57,0.0
2023-12-19 00:00,12,0,Weekday,Winter,No,71.02,55.42,0.0
2023-12-19 01:00,12,1,Weekday,Winter,No,70.65,53.26,0.0
2023-12-19 02:00,12,2,Weekday,Winter,No,70.04,48.52,0.0
2023-12-19 03:00,12,3,Weekday,Winter,No,69.45,45.41,0.0
2023-12-19 04:00,12,4,Weekday,Winter,No,69.12,45.59,0.0
2023-12-19 05:00,12,5,Weekday,Winter,No,69.01,47.2,0.0
2023-12-19 06:00,12,6,Weekday,Winter,No,69.93,47.39,0.0
2023-12-19 07:00,12,7,Weekday,Winter,No,69.93,48.1,0.0
2023-12-19 08:00,12,8,Weekday,Winter,Yes,70.98,50.7,0.0
2023-12-19 09:00,12,9,Weekday,Winter,Yes,71.93,55.44,1.67
2023-12-19 10:00,12,10,Weekday,Winter,Yes,72.18,60.86,7.84
2023-12-19 11:00,12,11,Weekday,Winter,Yes,72.15,64.11,12.64
2023-12-19 12:00,12,12,Weekday,Winter,Yes,71.92,66.72,17.41
2023-12-19 13:00,12,13,Weekday,Winter,Yes,72.49,69.16,22.2
2023-12-19 14:00,12,14,Weekday,Winter,Yes,73.07,70.61,24.11
2023-12-19 15:00,12,15,Weekday,Winter,Yes,73.55,70.43,23.45
2023-12-19 16:00,12,16,Weekday,Winter,Yes,73.68,68.82,20.48
2023-12-19 17:00,12,17,Weekday,Winter,Yes,72.72,65.69,14.53
2023-12-19 18:00,12,18,Weekday,Winter,No,71.42,62.26,9.33
2023-12-19 19:00,12,19,Weekday,Winter,No,70.92,59.2,5.65
2023-12-19 20:00,12,20,Weekday,Winter,No,70.47,56.76,2.86
2023-12-19 21:00,12,21,Weekday,Winter,No,70.24,56.57,2.64
2023-12-19 22:00,12,22,Weekday,Winter,No,71.87,57.02,0.0
2023-12-19 23:00,12,23,Weekday,Winter,No,71.72,52.92,0.0
2023-12-20 00:00,12,0,Weekday,Winter,No,71.18,50.63,0.0
2023-12-20 01:00,12,1,Weekday,Winter,No,70.88,50.45,0.0
2023-12-20 02:00,12,2,Weekday,Winter,No,70.57,50.0,0.0
2023-12-20 03:00,12,3,Weekday,Winter,No,70.18,48.22,0.0
2023-12-20 04:00,12,4,Weekday,Winter,No,69.7,45.78,0.0
2023-12-20 05:00,12,5,Weekday,Winter,No,69.47,46.11,0.0
2023-12-20 06:00,12,6,Weekday,Winter,No,69.99,45.78,0.0
2023-12-20 07:00,12,7,Weekday,Winter,No,69.98,45.59,0.0
2023-12-20 08:00,12,8,Weekday,Winter,Yes,70.93,47.72,0.0
2023-12-20 09:00,12,9,Weekday,Winter,Yes,72.15,53.02,0.45
2023-12-20 10:00,12,10,Weekday,Winter,Yes,72.35,58.36,5.0
2023-12-20 11:00,12,11,Weekday,Winter,Yes,72.33,62.92,11.84
2023-12-20 12:00,12,12,Weekday,Winter,Yes,72.13,66.72,18.55
2023-12-20 13:00,12,13,Weekday,Winter,Yes,72.77,69.16,23.69
2023-12-20 14:00,12,14,Weekday,Winter,Yes,73.45,71.14,26.81
2023-12-20 15:00,12,15,Weekday,Winter,Yes,73.79,71.44,26.29
2023-12-20 16:00,12,16,Weekday,Winter,Yes,73.89,69.9,23.08
2023-12-20 17:00,12,17,Weekday,Winter,Yes,72.96,65.51,14.43
2023-12-20 18:00,12,18,Weekday,Winter,No,71.69,61.8,8.79
2023-12-20 19:00,12,19,Weekday,Winter,No,71.14,57.52,3.82
2023-12-20 20:00,12,20,Weekday,Winter,No,70.61,53.26,0.07
2023-12-20 21:00,12,21,Weekday,Winter,No,70.34,51.46,0.0
2023-12-20 22:00,12,22,Weekday,Winter,No,71.65,50.45,0.0
2023-12-20 23:00,12,23,Weekday,Winter,No,71.57,49.37,0.0
2023-12-21 00:00,12,0,Weekday,Winter,No,71.12,47.76,0.0
2023-12-21 01:00,12,1,Weekday,Winter,No,70.67,46.42,0.0
2023-12-21 02:00,12,2,Weekday,Winter,No,70.26,45.41,0.0
2023-12-21 03:00,12,3,Weekday,Winter,No,69.98,46.11,0.0
2023-12-21 04:00,12,4,Weekday,Winter,No,69.73,46.42,0.0
2023-12-21 05:00,12,5,Weekday,Winter,No,69.47,45.41,0.0
2023-12-21 06:00,12,6,Weekday,Winter,No,70.0,45.59,0.0
2023-12-21 07:00,12,7,Weekday,Winter,No,70.0,47.72,0.0
2023-12-21 08:00,12,8,Weekday,Winter,Yes,70.56,51.34,0.0
2023-12-21 09:00,12,9,Weekday,Winter,Yes,70.84,55.37,1.64
2023-12-21 10:00,12,10,Weekday,Winter,Yes,71.2,58.18,5.09
2023-12-21 11:00,12,11,Weekday,Winter,Yes,71.99,60.78,8.49
2023-12-21 12:00,12,12,Weekday,Winter,Yes,72.05,63.74,12.03
2023-12-21 13:00,12,13,Weekday,Winter,Yes,72.29,64.94,13.12
2023-12-21 14:00,12,14,Weekday,Winter,Yes,72.57,64.94,12.85
2023-12-21 15:00,12,15,Weekday,Winter,Yes,72.47,63.78,11.34
2023-12-21 16:00,12,16,Weekday,Winter,Yes,73.0,62.44,9.84
2023-12-21 17:00,12,17,Weekday,Winter,Yes,71.97,59.12,5.99
2023-12-21 18:00,12,18,Weekday,Winter,No,70.93,55.24,1.33
2023-12-21 19:00,12,19,Weekday,Winter,No,70.54,52.28,0.0
2023-12-21 20:00,12,20,Weekday,Winter,No,70.21,50.45,0.0
2023-12-21 21:00,12,21,Weekday,Winter,No,70.09,48.84,0.0
2023-12-21 22:00,12,22,Weekday,Winter,No,70.65,46.86,0.0
2023-12-21 23:00,12,23,Weekday,Winter,No,70.44,46.04,0.0
2023-12-22 00:00,12,0,Weekday,Winter,No,69.96,44.26,0.0
2023-12-22 01:00,12,1,Weekday,Winter,No,69.47,42.46,0.0
2023-12-22 02:00,12,2,Weekday,Winter,No,69.05,41.45,0.0
2023-12-22 03:00,12,3,Weekday,Winter,No,68.71,41.63,0.0
2023-12-22 04:00,12,4,Weekday,Winter,No,68.32,40.3,0.0
2023-12-22 05:00,12,5,Weekday,Winter,No,67.98,39.02,0.0
2023-12-22 06:00,12,6,Weekday,Winter,No,69.94,38.39,0.0
2023-12-22 07:00,12,7,Weekday,Winter,No,69.95,38.57,0.0
2023-12-22 08:00,12,8,Weekday,Winter,Yes,70.88,41.96,0.0
2023-12-22 09:00,12,9,Weekday,Winter,Yes,72.02,46.37,0.0
2023-12-22 10:00,12,10,Weekday,Winter,Yes,72.1,49.8,0.0
2023-12-22 11:00,12,11,Weekday,Winter,Yes,71.94,51.6,0.0
2023-12-22 12:00,12,12,Weekday,Winter,Yes,71.7,53.14,0.0
2023-12-22 13:00,12,13,Weekday,Winter,Yes,72.05,53.96,0.0
2023-12-22 14:00,12,14,Weekday,Winter,Yes,72.53,54.59,0.55
2023-12-22 15:00,12,15,Weekday,Winter,Yes,72.9,55.57,1.71
2023-12-22 16:00,12,16,Weekday,Winter,Yes,72.76,55.42,1.43
2023-12-22 17:00,12,17,Weekday,Winter,Yes,71.84,53.88,0.14
2023-12-22 18:00,12,18,Weekday,Winter,No,71.01,51.28,0.0
2023-12-22 19:00,12,19,Weekday,Winter,No,70.66,49.37,0.0
2023-12-22 20:00,12,20,Weekday,Winter,No,70.28,47.24,0.0
2023-12-22 21:00,12,21,Weekday,Winter,No,70.11,45.41,0.0
2023-12-22 22:00,12,22,Weekday,Winter,No,70.72,44.96,0.0
2023-12-22 23:00,12,23,Weekday,Winter,No,70.58,44.44,0.0
2023-12-23 00:00,12,0,Weekend,Winter,No,70.04,44.06,0.0
2023-12-23 01:00,12,1,Weekend,Winter,No,69.55,42.28,0.0
2023-12-23 02:00,12,2,Weekend,Winter,No,69.05,40.37,0.0
2023-12-23 03:00,12,3,Weekend,Winter,No,68.66,39.4,0.0
2023-12-23 04:00,12,4,Weekend,Winter,No,68.22,38.39,0.0
2023-12-23 05:00,12,5,Weekend,Winter,No,67.68,36.78,0.0
2023-12-23 06:00,12,6,Weekend,Winter,No,69.92,34.28,0.0
2023-12-23 07:00,12,7,Weekend,Winter,No,69.86,33.08,0.0
2023-12-23 08:00,12,8,Weekend,Winter,No,69.96,35.39,0.0
2023-12-23 09:00,12,9,Weekend,Winter,No,70.06,39.98,0.0
2023-12-23 10:00,12,10,Weekend,Winter,No,70.76,43.76,0.0
2023-12-23 11:00,12,11,Weekend,Winter,No,71.08,47.27,0.0
2023-12-23 12:00,12,12,Weekend,Winter,No,71.08,50.7,0.0
2023-12-23 13:00,12,13,Weekend,Winter,No,71.07,51.98,0.0
2023-12-23 14:00,12,14,Weekend,Winter,No,71.04,52.61,0.0
2023-12-23 15:00,12,15,Weekend,Winter,No,71.31,52.43,0.0
2023-12-23 16:00,12,16,Weekend,Winter,No,71.5,50.82,0.0
2023-12-23 17:00,12,17,Weekend,Winter,No,70.32,48.84,0.0
2023-12-23 18:00,12,18,Weekend,Winter,No,70.4,47.39,0.0
2023-12-23 19:00,12,19,Weekend,Winter,No,70.12,46.42,0.0
2023-12-23 20:00,12,20,Weekend,Winter,No,69.65,44.89,0.0
2023-12-23 21:00,12,21,Weekend,Winter,No,69.2,43.43,0.0
2023-12-23 22:00,12,22,Weekend,Winter,No,68.73,43.61,0.0
2023-12-23 23:00,12,23,Weekend,Winter,No,68.25,43.43,0.0
2023-12-24 00:00,12,0,Weekend,Winter,No,67.81,42.46,0.0
2023-12-24 01:00,12,1,Weekend,Winter,No,67.44,42.08,0.0
2023-12-24 02:00,12,2,Weekend,Winter,No,67.07,41.45,0.0
2023-12-24 03:00,12,3,Weekend,Winter,No,66.69,40.37,0.0
2023-12-24 04:00,12,4,Weekend,Winter,No,66.34,39.4,0.0
2023-12-24 05:00,12,5,Weekend,Winter,No,65.95,39.02,0.0
2023-12-24 06:00,12,6,Weekend,Winter,No,65.47,36.71,0.0
2023-12-24 07:00,12,7,Weekend,Winter,No,65.52,35.58,0.0
2023-12-24 08:00,12,8,Weekend,Winter,No,67.56,38.27,0.0
2023-12-24 09:00,12,9,Weekend,Winter,No,69.33,41.7,0.0
2023-12-24 10:00,12,10,Weekend,Winter,No,70.29,44.76,0.0
2023-12-24 11:00,12,11,Weekend,Winter,No,70.15,47.2,0.0
2023-12-24 12:00,12,12,Weekend,Winter,No,69.13,48.02,0.0
2023-12-24 13:00,12,13,Weekend,Winter,No,69.39,49.18,0.0
2023-12-24 14:00,12,14,Weekend,Winter,No,69.32,50.0,0.0
2023-12-24 15:00,12,15,Weekend,Winter,No,70.23,50.0,0.0
2023-12-24 16:00,12,16,Weekend,Winter,No,71.98,50.0,0.0
2023-12-24 17:00,12,17,Weekend,Winter,No,70.74,48.22,0.0
2023-12-24 18:00,12,18,Weekend,Winter,No,69.11,45.26,0.0
2023-12-24 19:00,12,19,Weekend,Winter,No,68.15,41.64,0.0
2023-12-24 20:00,12,20,Weekend,Winter,No,67.45,40.55,0.0
2023-12-24 21:00,12,21,Weekend,Winter,No,66.84,38.69,0.0
2023-12-24 22:00,12,22,Weekend,Winter,No,66.26,37.04,0.0
2023-12-24 23:00,12,23,Weekend,Winter,No,65.73,35.26,0.0
2023-12-25 00:00,12,0,Weekday,Winter,No,65.3,35.76,0.0
2023-12-25 01:00,12,1,Weekday,Winter,No,64.93,35.88,0.0
2023-12-25 02:00,12,2,Weekday,Winter,No,64.52,35.58,0.0
2023-12-25 03:00,12,3,Weekday,Winter,No,64.06,33.02,0.0
2023-12-25 04:00,12,4,Weekday,Winter,No,63.57,31.55,0.0
2023-12-25 05:00,12,5,Weekday,Winter,No,63.29,32.63,0.0
2023-12-25 06:00,12,6,Weekday,Winter,No,63.01,30.14,0.0
2023-12-25 07:00,12,7,Weekday,Winter,No,63.0,28.04,0.0
2023-12-25 08:00,12,8,Weekday,Winter,Yes,64.76,33.29,0.0
2023-12-25 09:00,12,9,Weekday,Winter,Yes,67.17,41.66,0.0
2023-12-25 10:00,12,10,Weekday,Winter,Yes,68.55,47.9,0.0
2023-12-25 11:00,12,11,Weekday,Winter,Yes,69.3,52.31,0.0
2023-12-25 12:00,12,12,Weekday,Winter,Yes,68.57,55.74,0.0
2023-12-25 13:00,12,13,Weekday,Winter,Yes,68.68,58.8,0.0
2023-12-25 14:00,12,14,Weekday,Winter,Yes,69.79,60.6,1.04
2023-12-25 15:00,12,15,Weekday,Winter,Yes,70.19,61.61,0.0
2023-12-25 16:00,12,16,Weekday,Winter,Yes,71.91,62.06,0.0
2023-12-25 17:00,12,17,Weekday,Winter,Yes,70.83,58.49,0.0
2023-12-25 18:00,12,18,Weekday,Winter,No,69.14,53.63,0.0
2023-12-25 19:00,12,19,Weekday,Winter,No,68.24,50.2,0.0
2023-12-25 20:00,12,20,Weekday,Winter,No,67.6,48.4,0.0
2023-12-25 21:00,12,21,Weekday,Winter,No,67.1,47.39,0.0
2023-12-25 22:00,12,22,Weekday,Winter,No,66.49,44.1,0.0
2023-12-25 23:00,12,23,Weekday,Winter,No,65.97,42.6,0.0
2023-12-26 00:00,12,0,Weekday,Winter,No,65.61,38.88,0.0
2023-12-26 01:00,12,1,Weekday,Winter,No,65.12,35.96,0.0
2023-12-26 02:00,12,2,Weekday,Winter,No,64.78,35.44,0.0
2023-12-26 03:00,12,3,Weekday,Winter,No,64.34,35.06,0.0
2023-12-26 04:00,12,4,Weekday,Winter,No,63.89,34.43,0.0
2023-12-26 05:00,12,5,Weekday,Winter,No,63.63,35.14,0.0
2023-12-26 06:00,12,6,Weekday,Winter,No,69.73,36.59,0.0
2023-12-26 07:00,12,7,Weekday,Winter,No,69.8,39.98,0.0
2023-12-26 08:00,12,8,Weekday,Winter,Yes,70.05,45.54,0.0
2023-12-26 09:00,12,9,Weekday,Winter,Yes,70.2,52.64,0.4
2023-12-26 10:00,12,10,Weekday,Winter,Yes,70.13,58.88,5.29
2023-12-26 11:00,12,11,Weekday,Winter,Yes,70.43,61.61,8.53
2023-12-26 12:00,12,12,Weekday,Winter,Yes,70.48,63.74,11.21
2023-12-26 13:00,12,13,Weekday,Winter,Yes,70.89,65.57,13.6
2023-12-26 14:00,12,14,Weekday,Winter,Yes,70.81,66.54,14.92
2023-12-26 15:00,12,15,Weekday,Winter,Yes,71.28,66.4,14.72
2023-12-26 16:00,12,16,Weekday,Winter,Yes,71.92,64.24,11.86
2023-12-26 17:00,12,17,Weekday,Winter,Yes,70.95,61.28,8.25
2023-12-26 18:00,12,18,Weekday,Winter,No,70.14,57.14,3.3
2023-12-26 19:00,12,19,Weekday,Winter,No,69.91,52.73,0.04
2023-12-26 20:00,12,20,Weekday,Winter,No,69.81,50.45,0.0
2023-12-26 21:00,12,21,Weekday,Winter,No,69.8,49.37,0.0
2023-12-26 22:00,12,22,Weekday,Winter,No,69.56,47.76,0.0
2023-12-26 23:00,12,23,Weekday,Winter,No,69.2,48.1,0.0
2023-12-27 00:00,12,0,Weekday,Winter,No,68.84,48.4,0.0
2023-12-27 01:00,12,1,Weekday,Winter,No,68.59,48.02,0.0
2023-12-27 02:00,12,2,Weekday,Winter,No,68.32,46.86,0.0
2023-12-27 03:00,12,3,Weekday,Winter,No,68.04,46.56,0.0
2023-12-27 04:00,12,4,Weekday,Winter,No,67.76,45.78,0.0
2023-12-27 05:00,12,5,Weekday,Winter,No,67.62,46.74,0.0
2023-12-27 06:00,12,6,Weekday,Winter,No,69.82,48.54,0.0
2023-12-27 07:00,12,7,Weekday,Winter,No,69.83,48.92,0.0
2023-12-27 08:00,12,8,Weekday,Winter,Yes,70.19,50.7,0.0
2023-12-27 09:00,12,9,Weekday,Winter,Yes,70.32,54.92,1.17
2023-12-27 10:00,12,10,Weekday,Winter,Yes,70.75,57.54,3.84
2023-12-27 11:00,12,11,Weekday,Winter,Yes,71.44,60.34,7.07
2023-12-27 12:00,12,12,Weekday,Winter,Yes,71.09,63.74,11.24
2023-12-27 13:00,12,13,Weekday,Winter,Yes,71.68,64.94,12.85
2023-12-27 14:00,12,14,Weekday,Winter,Yes,72.1,64.94,12.83
2023-12-27 15:00,12,15,Weekday,Winter,Yes,71.77,64.94,12.81
2023-12-27 16:00,12,16,Weekday,Winter,Yes,72.45,64.41,12.41
2023-12-27 17:00,12,17,Weekday,Winter,Yes,71.6,63.41,11.49
2023-12-27 18:00,12,18,Weekday,Winter,No,70.64,59.5,6.56
2023-12-27 19:00,12,19,Weekday,Winter,No,70.29,56.39,2.76
2023-12-27 20:00,12,20,Weekday,Winter,No,70.0,54.26,0.51
2023-12-27 21:00,12,21,Weekday,Winter,No,69.91,52.43,0.0
2023-12-27 22:00,12,22,Weekday,Winter,No,70.43,49.04,0.0
2023-12-27 23:00,12,23,Weekday,Winter,No,70.17,47.57,0.0
2023-12-28 00:00,12,0,Weekday,Winter,No,69.97,48.54,0.0
2023-12-28 01:00,12,1,Weekday,Winter,No,69.74,47.76,0.0
2023-12-28 02:00,12,2,Weekday,Winter,No,69.48,46.94,0.0
2023-12-28 03:00,12,3,Weekday,Winter,No,69.19,46.42,0.0
2023-12-28 04:00,12,4,Weekday,Winter,No,68.87,45.41,0.0
2023-12-28 05:00,12,5,Weekday,Winter,No,68.69,44.96,0.0
2023-12-28 06:00,12,6,Weekday,Winter,No,69.88,44.96,0.0
2023-12-28 07:00,12,7,Weekday,Winter,No,69.88,47.27,0.0
2023-12-28 08:00,12,8,Weekday,Winter,Yes,71.02,51.34,0.0
2023-12-28 09:00,12,9,Weekday,Winter,Yes,72.17,55.37,1.89
2023-12-28 10:00,12,10,Weekday,Winter,Yes,72.22,59.33,7.79
2023-12-28 11:00,12,11,Weekday,Winter,Yes,71.97,61.61,10.87
2023-12-28 12:00,12,12,Weekday,Winter,Yes,71.56,63.22,12.89
2023-12-28 13:00,12,13,Weekday,Winter,Yes,72.31,65.19,15.99
2023-12-28 14:00,12,14,Weekday,Winter,Yes,72.16,66.54,17.19
2023-12-28 15:00,12,15,Weekday,Winter,Yes,71.97,66.92,17.91
2023-12-28 16:00,12,16,Weekday,Winter,Yes,71.83,66.4,17.84
2023-12-28 17:00,12,17,Weekday,Winter,Yes,71.48,65.39,16.96
2023-12-28 18:00,12,18,Weekday,Winter,No,70.85,63.78,14.53
2023-12-28 19:00,12,19,Weekday,Winter,No,70.54,60.65,11.37
2023-12-28 20:00,12,20,Weekday,Winter,No,70.18,60.78,12.37
2023-12-28 21:00,12,21,Weekday,Winter,No,70.05,62.06,13.82
2023-12-28 22:00,12,22,Weekday,Winter,No,71.98,60.28,0.0
2023-12-28 23:00,12,23,Weekday,Winter,No,72.09,59.0,0.0
2023-12-29 00:00,12,0,Weekday,Winter,No,71.86,59.0,0.0
2023-12-29 01:00,12,1,Weekday,Winter,No,71.81,58.37,0.0
2023-12-29 02:00,12,2,Weekday,Winter,No,71.89,60.34,0.0
2023-12-29 03:00,12,3,Weekday,Winter,No,71.96,61.43,0.0
2023-12-29 04:00,12,4,Weekday,Winter,No,72.01,62.76,0.0
2023-12-29 05:00,12,5,Weekday,Winter,No,72.27,64.56,0.0
2023-12-29 06:00,12,6,Weekday,Winter,No,70.07,64.41,17.75
2023-12-29 07:00,12,7,Weekday,Winter,No,69.99,64.04,17.65
2023-12-29 08:00,12,8,Weekday,Winter,Yes,70.61,61.73,15.35
2023-12-29 09:00,12,9,Weekday,Winter,Yes,70.89,61.24,15.35
2023-12-29 10:00,12,10,Weekday,Winter,Yes,71.3,64.37,20.16
2023-12-29 11:00,12,11,Weekday,Winter,Yes,71.56,66.54,22.48
2023-12-29 12:00,12,12,Weekday,Winter,Yes,72.13,65.24,22.18
2023-12-29 13:00,12,13,Weekday,Winter,Yes,72.71,65.19,22.68
2023-12-29 14:00,12,14,Weekday,Winter,Yes,72.43,66.02,22.28
2023-12-29 15:00,12,15,Weekday,Winter,Yes,72.11,65.39,21.0
2023-12-29 16:00,12,16,Weekday,Winter,Yes,72.19,63.78,19.18
2023-12-29 17:00,12,17,Weekday,Winter,Yes,71.73,62.44,17.99
2023-12-29 18:00,12,18,Weekday,Winter,No,71.06,62.06,16.19
2023-12-29 19:00,12,19,Weekday,Winter,No,70.75,62.06,15.68
2023-12-29 20:00,12,20,Weekday,Winter,No,70.35,61.43,14.67
2023-12-29 21:00,12,21,Weekday,Winter,No,70.19,61.61,14.44
2023-12-29 22:00,12,22,Weekday,Winter,No,72.36,61.43,0.0
2023-12-29 23:00,12,23,Weekday,Winter,No,72.59,59.2,0.0
2023-12-30 00:00,12,0,Weekend,Winter,No,72.05,57.92,0.0
2023-12-30 01:00,12,1,Weekend,Winter,No,71.77,57.4,0.0
2023-12-30 02:00,12,2,Weekend,Winter,No,71.51,56.39,0.0
2023-12-30 03:00,12,3,Weekend,Winter,No,70.86,54.26,0.0
2023-12-30 04:00,12,4,Weekend,Winter,No,70.41,52.43,0.0
2023-12-30 05:00,12,5,Weekend,Winter,No,70.41,51.46,0.0
2023-12-30 06:00,12,6,Weekend,Winter,No,70.01,49.82,0.0
2023-12-30 07:00,12,7,Weekend,Winter,No,69.9,47.76,0.0
2023-12-30 08:00,12,8,Weekend,Winter,No,70.61,49.88,0.0
2023-12-30 09:00,12,9,Weekend,Winter,No,71.64,54.29,1.01
2023-12-30 10:00,12,10,Weekend,Winter,No,71.68,57.1,5.13
2023-12-30 11:00,12,11,Weekend,Winter,No,71.46,58.55,7.7
2023-12-30 12:00,12,12,Weekend,Winter,No,71.32,60.16,10.45
2023-12-30 13:00,12,13,Weekend,Winter,No,71.36,62.14,13.73
2023-12-30 14:00,12,14,Weekend,Winter,No,71.42,63.59,15.17
2023-12-30 15:00,12,15,Weekend,Winter,No,71.77,64.04,15.09
2023-12-30 16:00,12,16,Weekend,Winter,No,72.01,63.41,13.66
2023-12-30 17:00,12,17,Weekend,Winter,No,70.94,60.65,9.95
2023-12-30 18:00,12,18,Weekend,Winter,No,72.4,57.85,0.0
2023-12-30 19:00,12,19,Weekend,Winter,No,72.32,55.86,0.0
2023-12-30 20:00,12,20,Weekend,Winter,No,71.76,52.73,0.0
2023-12-30 21:00,12,21,Weekend,Winter,No,71.26,51.6,0.0
2023-12-30 22:00,12,22,Weekend,Winter,No,70.78,49.67,0.0
2023-12-30 23:00,12,23,Weekend,Winter,No,70.18,46.86,0.0
2023-12-31 00:00,12,0,Weekend,Winter,No,69.76,46.56,0.0
2023-12-31 01:00,12,1,Weekend,Winter,No,69.41,46.42,0.0
2023-12-31 02:00,12,2,Weekend,Winter,No,69.03,45.41,0.0
2023-12-31 03:00,12,3,Weekend,Winter,No,68.7,44.96,0.0
2023-12-31 04:00,12,4,Weekend,Winter,No,68.4,44.96,0.0
2023-12-31 05:00,12,5,Weekend,Winter,No,68.08,44.44,0.0
2023-12-31 06:00,12,6,Weekend,Winter,No,67.74,43.43,0.0
2023-12-31 07:00,12,7,Weekend,Winter,No,67.82,42.98,0.0
2023-12-31 08:00,12,8,Weekend,Winter,No,69.72,45.92,0.0
2023-12-31 09:00,12,9,Weekend,Winter,No,71.52,52.12,0.0
2023-12-31 10:00,12,10,Weekend,Winter,No,72.56,57.98,0.0
2023-12-31 11:00,12,11,Weekend,Winter,No,71.56,62.39,2.1
2023-12-31 12:00,12,12,Weekend,Winter,No,70.7,65.72,8.37
2023-12-31 13:00,12,13,Weekend,Winter,No,70.98,67.55,11.72
2023-12-31 14:00,12,14,Weekend,Winter,No,71.54,68.0,13.52
2023-12-31 15:00,12,15,Weekend,Winter,No,71.77,67.37,10.89
2023-12-31 16:00,12,16,Weekend,Winter,No,72.31,65.76,2.61
2023-12-31 17:00,12,17,Weekend,Winter,No,73.42,63.58,0.0
2023-12-31 18:00,12,18,Weekend,Winter,No,72.82,60.5,0.0
2023-12-31 19:00,12,19,Weekend,Winter,No,72.09,57.95,0.0
2023-12-31 20:00,12,20,Weekend,Winter,No,71.37,55.1,0.0
2023-12-31 21:00,12,21,Weekend,Winter,No,70.84,53.6,0.0
2023-12-31 22:00,12,22,Weekend,Winter,No,70.36,51.5,0.0
2023-12-31 23:00,12,23,Weekend,Winter,No,69.85,48.95,0.0
