Date,Month,Hour,DayType,Season,BusinessHours,Outdoor_Temp_F,Zone_Temp_F,Cooling_kWh
2023-01-01 00:00,1,0,Weekend,Winter,No,43.76,68.98,2.95
2023-01-01 01:00,1,1,Weekend,Winter,No,44.96,69.35,8.91
2023-01-01 02:00,1,2,Weekend,Winter,No,44.44,69.42,11.69
2023-01-01 03:00,1,3,Weekend,Winter,No,44.06,68.79,7.52
2023-01-01 04:00,1,4,Weekend,Winter,No,42.28,68.37,2.51
2023-01-01 05:00,1,5,Weekend,Winter,No,40.37,68.43,17.95
2023-01-01 06:00,1,6,Weekend,Winter,No,38.76,67.74,7.1
2023-01-01 07:00,1,7,Weekend,Winter,No,38.57,68.61,6.95
2023-01-01 08:00,1,8,Weekend,Winter,No,41.96,69.34,2.77
2023-01-01 09:00,1,9,Weekend,Winter,No,46.9,70.05,8.71
2023-01-01 10:00,1,10,Weekend,Winter,No,51.34,70.87,32.53
2023-01-01 11:00,1,11,Weekend,Winter,No,54.74,70.12,31.91
2023-01-01 12:00,1,12,Weekend,Winter,No,57.72,70.94,39.96
2023-01-01 13:00,1,13,Weekend,Winter,No,59.0,71.07,44.12
2023-01-01 14:00,1,14,Weekend,Winter,No,60.78,70.91,31.65
2023-01-01 15:00,1,15,Weekend,Winter,No,62.06,72.7,31.87
2023-01-01 16:00,1,16,Weekend,Winter,No,61.43,70.49,43.49
2023-01-01 17:00,1,17,Weekend,Winter,No,58.67,71.76,35.68
2023-01-01 18:00,1,18,Weekend,Winter,No,55.86,70.25,36.88
2023-01-01 19:00,1,19,Weekend,Winter,No,52.73,70.27,37.47
2023-01-01 20:00,1,20,Weekend,Winter,No,49.82,70.45,34.76
2023-01-01 21:00,1,21,Weekend,Winter,No,48.92,70.26,4.79
2023-01-01 22:00,1,22,Weekend,Winter,No,46.61,69.63,14.69
2023-01-01 23:00,1,23,Weekend,Winter,No,43.28,68.98,16.37
2023-01-02 00:00,1,0,Weekday,Winter,No,40.3,69.05,5.28
2023-01-02 01:00,1,1,Weekday,Winter,No,40.17,69.29,2.06
2023-01-02 02:00,1,2,Weekday,Winter,No,40.37,69.14,1.58
2023-01-02 03:00,1,3,Weekday,Winter,No,38.76,68.33,6.05
2023-01-02 04:00,1,4,Weekday,Winter,No,39.1,69.27,2.23
2023-01-02 05:00,1,5,Weekday,Winter,No,38.76,68.56,4.18
2023-01-02 06:00,1,6,Weekday,Winter,No,37.94,67.54,0.0
2023-01-02 07:00,1,7,Weekday,Winter,No,37.94,68.63,5.74
2023-01-02 08:00,1,8,Weekday,Winter,Yes,40.88,67.07,2.01
2023-01-02 09:00,1,9,Weekday,Winter,Yes,50.02,68.84,5.3
2023-01-02 10:00,1,10,Weekday,Winter,Yes,56.72,70.42,38.26
2023-01-02 11:00,1,11,Weekday,Winter,Yes,59.7,70.2,32.98
2023-01-02 12:00,1,12,Weekday,Winter,Yes,62.14,71.41,36.64
2023-01-02 13:00,1,13,Weekday,Winter,Yes,62.96,71.26,39.75
2023-01-02 14:00,1,14,Weekday,Winter,Yes,64.74,71.16,39.77
2023-01-02 15:00,1,15,Weekday,Winter,Yes,65.39,70.82,42.42
2023-01-02 16:00,1,16,Weekday,Winter,Yes,63.78,71.46,43.54
2023-01-02 17:00,1,17,Weekday,Winter,Yes,60.65,70.93,46.04
2023-01-02 18:00,1,18,Weekday,Winter,No,57.22,71.07,39.91
2023-01-02 19:00,1,19,Weekday,Winter,No,55.42,70.92,34.57
2023-01-02 20:00,1,20,Weekday,Winter,No,53.88,70.26,27.68
2023-01-02 21:00,1,21,Weekday,Winter,No,52.43,69.56,17.07
2023-01-02 22:00,1,22,Weekday,Winter,No,51.98,70.26,17.43
2023-01-02 23:00,1,23,Weekday,Winter,No,51.98,71.02,24.76
2023-01-03 00:00,1,0,Weekday,Winter,No,51.46,69.07,13.85
2023-01-03 01:00,1,1,Weekday,Winter,No,49.82,70.67,3.85
2023-01-03 02:00,1,2,Weekday,Winter,No,50.18,70.03,11.64
2023-01-03 03:00,1,3,Weekday,Winter,No,48.66,70.47,10.77
2023-01-03 04:00,1,4,Weekday,Winter,No,46.94,69.49,0.84
2023-01-03 05:00,1,5,Weekday,Winter,No,46.94,69.42,9.87
2023-01-03 06:00,1,6,Weekday,Winter,No,46.42,69.45,9.97
2023-01-03 07:00,1,7,Weekday,Winter,No,45.41,69.64,11.96
2023-01-03 08:00,1,8,Weekday,Winter,Yes,47.27,68.5,9.89
2023-01-03 09:00,1,9,Weekday,Winter,Yes,51.86,69.81,18.4
2023-01-03 10:00,1,10,Weekday,Winter,Yes,55.74,70.33,28.24
2023-01-03 11:00,1,11,Weekday,Winter,Yes,58.8,70.63,36.84
2023-01-03 12:00,1,12,Weekday,Winter,Yes,60.6,70.6,40.48
2023-01-03 13:00,1,13,Weekday,Winter,Yes,61.61,70.76,36.83
2023-01-03 14:00,1,14,Weekday,Winter,Yes,64.9,71.06,36.55
2023-01-03 15:00,1,15,Weekday,Winter,Yes,66.4,71.37,38.93
2023-01-03 16:00,1,16,Weekday,Winter,Yes,65.39,70.85,46.65
2023-01-03 17:00,1,17,Weekday,Winter,Yes,63.26,71.89,47.41
2023-01-03 18:00,1,18,Weekday,Winter,No,59.12,71.41,38.88
2023-01-03 19:00,1,19,Weekday,Winter,No,55.86,71.08,41.93
2023-01-03 20:00,1,20,Weekday,Winter,No,53.26,70.82,31.33
2023-01-03 21:00,1,21,Weekday,Winter,No,51.46,70.66,19.94
2023-01-03 22:00,1,22,Weekday,Winter,No,50.45,69.59,14.43
2023-01-03 23:00,1,23,Weekday,Winter,No,48.84,70.72,18.67
2023-01-04 00:00,1,0,Weekday,Winter,No,46.86,68.3,14.25
2023-01-04 01:00,1,1,Weekday,Winter,No,44.26,69.14,7.67
2023-01-04 02:00,1,2,Weekday,Winter,No,41.2,69.23,6.51
2023-01-04 03:00,1,3,Weekday,Winter,No,38.76,68.32,14.18
2023-01-04 04:00,1,4,Weekday,Winter,No,37.94,68.76,7.62
2023-01-04 05:00,1,5,Weekday,Winter,No,37.42,69.19,0.0
2023-01-04 06:00,1,6,Weekday,Winter,No,36.41,68.96,0.05
2023-01-04 07:00,1,7,Weekday,Winter,No,35.96,67.85,1.32
2023-01-04 08:00,1,8,Weekday,Winter,Yes,38.9,67.45,2.45
2023-01-04 09:00,1,9,Weekday,Winter,Yes,44.46,68.6,12.14
2023-01-04 10:00,1,10,Weekday,Winter,Yes,50.51,69.07,24.33
2023-01-04 11:00,1,11,Weekday,Winter,Yes,55.37,70.3,32.91
2023-01-04 12:00,1,12,Weekday,Winter,Yes,58.18,70.21,35.86
2023-01-04 13:00,1,13,Weekday,Winter,Yes,59.63,70.52,41.86
2023-01-04 14:00,1,14,Weekday,Winter,Yes,60.08,69.38,30.88
2023-01-04 15:00,1,15,Weekday,Winter,Yes,59.45,70.37,36.05
2023-01-04 16:00,1,16,Weekday,Winter,Yes,57.22,70.01,26.18
2023-01-04 17:00,1,17,Weekday,Winter,Yes,54.78,69.61,35.86
2023-01-04 18:00,1,18,Weekday,Winter,No,52.28,69.67,32.27
2023-01-04 19:00,1,19,Weekday,Winter,No,50.45,70.55,29.19
2023-01-04 20:00,1,20,Weekday,Winter,No,48.84,69.2,30.31
2023-01-04 21:00,1,21,Weekday,Winter,No,46.24,68.57,2.7
2023-01-04 22:00,1,22,Weekday,Winter,No,43.28,69.52,10.84
2023-01-04 23:00,1,23,Weekday,Winter,No,42.08,69.26,4.68
2023-01-05 00:00,1,0,Weekday,Winter,No,39.66,68.33,13.82
2023-01-05 01:00,1,1,Weekday,Winter,No,37.94,67.74,5.51
2023-01-05 02:00,1,2,Weekday,Winter,No,37.42,68.36,12.7
2023-01-05 03:00,1,3,Weekday,Winter,No,35.88,67.9,11.16
2023-01-05 04:00,1,4,Weekday,Winter,No,34.43,68.51,0.0
2023-01-05 05:00,1,5,Weekday,Winter,No,33.46,67.24,0.0
2023-01-05 06:00,1,6,Weekday,Winter,No,33.08,67.6,0.0
2023-01-05 07:00,1,7,Weekday,Winter,No,33.08,67.59,2.56
2023-01-05 08:00,1,8,Weekday,Winter,Yes,36.54,67.85,11.01
2023-01-05 09:00,1,9,Weekday,Winter,Yes,41.96,67.8,4.29
2023-01-05 10:00,1,10,Weekday,Winter,Yes,49.31,69.0,26.96
2023-01-05 11:00,1,11,Weekday,Winter,Yes,54.74,69.33,23.7
2023-01-05 12:00,1,12,Weekday,Winter,Yes,57.1,70.02,41.4
2023-01-05 13:00,1,13,Weekday,Winter,Yes,59.18,70.58,37.96
2023-01-05 14:00,1,14,Weekday,Winter,Yes,60.08,69.89,52.59
2023-01-05 15:00,1,15,Weekday,Winter,Yes,61.24,71.5,35.22
2023-01-05 16:00,1,16,Weekday,Winter,Yes,60.28,71.37,36.56
2023-01-05 17:00,1,17,Weekday,Winter,Yes,56.69,70.34,30.87
2023-01-05 18:00,1,18,Weekday,Winter,No,52.1,70.37,31.84
2023-01-05 19:00,1,19,Weekday,Winter,No,48.84,69.95,27.12
2023-01-05 20:00,1,20,Weekday,Winter,No,45.08,69.73,29.36
2023-01-05 21:00,1,21,Weekday,Winter,No,42.98,69.43,8.29
2023-01-05 22:00,1,22,Weekday,Winter,No,41.2,68.23,5.39
2023-01-05 23:00,1,23,Weekday,Winter,No,38.24,68.67,0.0
2023-01-06 00:00,1,0,Weekday,Winter,No,35.88,67.0,1.16
2023-01-06 01:00,1,1,Weekday,Winter,No,35.58,68.69,0.0
2023-01-06 02:00,1,2,Weekday,Winter,No,35.96,67.36,0.96
2023-01-06 03:00,1,3,Weekday,Winter,No,35.96,67.98,0.0
2023-01-06 04:00,1,4,Weekday,Winter,No,35.44,67.63,5.85
2023-01-06 05:00,1,5,Weekday,Winter,No,33.9,67.79,6.91
2023-01-06 06:00,1,6,Weekday,Winter,No,32.45,69.1,0.0
2023-01-06 07:00,1,7,Weekday,Winter,No,33.16,67.86,3.23
2023-01-06 08:00,1,8,Weekday,Winter,Yes,37.44,67.75,5.97
2023-01-06 09:00,1,9,Weekday,Winter,Yes,44.02,68.37,4.34
2023-01-06 10:00,1,10,Weekday,Winter,Yes,50.51,68.83,23.2
2023-01-06 11:00,1,11,Weekday,Winter,Yes,55.37,70.0,42.4
2023-01-06 12:00,1,12,Weekday,Winter,Yes,59.96,69.6,43.65
2023-01-06 13:00,1,13,Weekday,Winter,Yes,63.74,70.91,31.38
2023-01-06 14:00,1,14,Weekday,Winter,Yes,65.57,71.6,38.21
2023-01-06 15:00,1,15,Weekday,Winter,Yes,66.54,70.36,45.03
2023-01-06 16:00,1,16,Weekday,Winter,Yes,64.61,70.92,40.52
2023-01-06 17:00,1,17,Weekday,Winter,Yes,60.65,70.35,31.6
2023-01-06 18:00,1,18,Weekday,Winter,No,56.06,71.44,36.0
2023-01-06 19:00,1,19,Weekday,Winter,No,52.8,69.68,28.83
2023-01-06 20:00,1,20,Weekday,Winter,No,47.89,70.26,36.28
2023-01-06 21:00,1,21,Weekday,Winter,No,44.96,69.72,18.73
2023-01-06 22:00,1,22,Weekday,Winter,No,43.8,69.8,2.12
2023-01-06 23:00,1,23,Weekday,Winter,No,40.67,69.04,5.94
2023-01-07 00:00,1,0,Weekend,Winter,No,40.8,69.75,3.61
2023-01-07 01:00,1,1,Weekend,Winter,No,40.3,67.62,0.0
2023-01-07 02:00,1,2,Weekend,Winter,No,39.54,68.57,1.84
2023-01-07 03:00,1,3,Weekend,Winter,No,39.4,68.48,6.65
2023-01-07 04:00,1,4,Weekend,Winter,No,37.86,69.46,0.0
2023-01-07 05:00,1,5,Weekend,Winter,No,38.2,67.73,6.82
2023-01-07 06:00,1,6,Weekend,Winter,No,39.54,68.81,5.67
2023-01-07 07:00,1,7,Weekend,Winter,No,38.76,68.37,4.53
2023-01-07 08:00,1,8,Weekend,Winter,No,42.04,69.28,15.95
2023-01-07 09:00,1,9,Weekend,Winter,No,48.53,68.91,8.2
2023-01-07 10:00,1,10,Weekend,Winter,No,55.07,71.12,28.94
2023-01-07 11:00,1,11,Weekend,Winter,No,61.49,71.87,40.97
2023-01-07 12:00,1,12,Weekend,Winter,No,66.35,72.29,41.15
2023-01-07 13:00,1,13,Weekend,Winter,No,69.78,72.59,47.83
2023-01-07 14:00,1,14,Weekend,Winter,No,71.06,72.49,42.17
2023-01-07 15:00,1,15,Weekend,Winter,No,71.58,72.92,48.67
2023-01-07 16:00,1,16,Weekend,Winter,No,70.81,72.65,54.47
2023-01-07 17:00,1,17,Weekend,Winter,No,67.04,72.32,37.9
2023-01-07 18:00,1,18,Weekend,Winter,No,62.63,72.34,35.25
2023-01-07 19:00,1,19,Weekend,Winter,No,56.88,71.19,38.31
2023-01-07 20:00,1,20,Weekend,Winter,No,52.8,70.95,32.15
2023-01-07 21:00,1,21,Weekend,Winter,No,50.82,70.75,11.14
2023-01-07 22:00,1,22,Weekend,Winter,No,49.37,69.77,10.52
2023-01-07 23:00,1,23,Weekend,Winter,No,46.08,70.61,8.61
2023-01-08 00:00,1,0,Weekend,Winter,No,44.06,68.58,11.14
2023-01-08 01:00,1,1,Weekend,Winter,No,45.74,69.33,11.15
2023-01-08 02:00,1,2,Weekend,Winter,No,44.63,69.52,2.01
2023-01-08 03:00,1,3,Weekend,Winter,No,42.46,68.83,4.27
2023-01-08 04:00,1,4,Weekend,Winter,No,40.82,68.75,0.98
2023-01-08 05:00,1,5,Weekend,Winter,No,42.86,68.99,5.64
2023-01-08 06:00,1,6,Weekend,Winter,No,44.96,69.49,5.15
2023-01-08 07:00,1,7,Weekend,Winter,No,44.44,69.57,15.54
2023-01-08 08:00,1,8,Weekend,Winter,No,48.68,70.17,17.54
2023-01-08 09:00,1,9,Weekend,Winter,No,56.7,71.0,32.35
2023-01-08 10:00,1,10,Weekend,Winter,No,67.01,71.98,46.69
2023-01-08 11:00,1,11,Weekend,Winter,No,73.74,72.48,55.89
2023-01-08 12:00,1,12,Weekend,Winter,No,76.18,73.67,41.61
2023-01-08 13:00,1,13,Weekend,Winter,No,78.16,74.13,52.28
2023-01-08 14:00,1,14,Weekend,Winter,No,80.13,74.23,47.05
2023-01-08 15:00,1,15,Weekend,Winter,No,80.96,74.47,68.11
2023-01-08 16:00,1,16,Weekend,Winter,No,80.44,73.99,59.88
2023-01-08 17:00,1,17,Weekend,Winter,No,75.33,73.29,55.32
2023-01-08 18:00,1,18,Weekend,Winter,No,69.65,72.41,38.0
2023-01-08 19:00,1,19,Weekend,Winter,No,63.91,72.27,31.62
2023-01-08 20:00,1,20,Weekend,Winter,No,58.04,70.68,34.45
2023-01-08 21:00,1,21,Weekend,Winter,No,54.26,70.82,18.16
2023-01-08 22:00,1,22,Weekend,Winter,No,51.9,70.73,0.23
2023-01-08 23:00,1,23,Weekend,Winter,No,51.08,70.73,13.09
2023-01-09 00:00,1,0,Weekday,Winter,No,51.08,70.93,10.7
2023-01-09 01:00,1,1,Weekday,Winter,No,50.45,70.61,7.15
2023-01-09 02:00,1,2,Weekday,Winter,No,50.63,69.93,18.94
2023-01-09 03:00,1,3,Weekday,Winter,No,50.45,70.98,12.93
2023-01-09 04:00,1,4,Weekday,Winter,No,49.37,69.75,8.4
2023-01-09 05:00,1,5,Weekday,Winter,No,47.76,69.35,13.34
2023-01-09 06:00,1,6,Weekday,Winter,No,48.1,69.82,12.64
2023-01-09 07:00,1,7,Weekday,Winter,No,48.4,69.84,12.09
2023-01-09 08:00,1,8,Weekday,Winter,Yes,51.48,69.03,14.04
2023-01-09 09:00,1,9,Weekday,Winter,Yes,59.21,70.2,25.02
2023-01-09 10:00,1,10,Weekday,Winter,Yes,65.9,71.48,32.53
2023-01-09 11:00,1,11,Weekday,Winter,Yes,70.31,72.3,51.76
2023-01-09 12:00,1,12,Weekday,Winter,Yes,73.12,73.56,47.47
2023-01-09 13:00,1,13,Weekday,Winter,Yes,74.57,73.2,46.55
2023-01-09 14:00,1,14,Weekday,Winter,Yes,75.02,71.93,53.1
2023-01-09 15:00,1,15,Weekday,Winter,Yes,74.39,71.18,46.53
2023-01-09 16:00,1,16,Weekday,Winter,Yes,73.42,72.28,52.56
2023-01-09 17:00,1,17,Weekday,Winter,Yes,70.1,72.95,45.26
2023-01-09 18:00,1,18,Weekday,Winter,No,66.84,72.17,48.34
2023-01-09 19:00,1,19,Weekday,Winter,No,64.24,71.68,32.91
2023-01-09 20:00,1,20,Weekday,Winter,No,62.96,72.81,32.73
2023-01-09 21:00,1,21,Weekday,Winter,No,60.02,71.73,21.33
2023-01-09 22:00,1,22,Weekday,Winter,No,59.7,71.06,20.12
2023-01-09 23:00,1,23,Weekday,Winter,No,59.82,70.81,24.96
2023-01-10 00:00,1,0,Weekday,Winter,No,57.22,71.34,21.79
2023-01-10 01:00,1,1,Weekday,Winter,No,55.42,70.45,23.2
2023-01-10 02:00,1,2,Weekday,Winter,No,55.04,71.15,17.29
2023-01-10 03:00,1,3,Weekday,Winter,No,53.88,70.38,11.82
2023-01-10 04:00,1,4,Weekday,Winter,No,51.9,71.05,17.52
2023-01-10 05:00,1,5,Weekday,Winter,No,50.45,69.55,22.51
2023-01-10 06:00,1,6,Weekday,Winter,No,49.37,70.64,9.95
2023-01-10 07:00,1,7,Weekday,Winter,No,48.4,69.16,18.41
2023-01-10 08:00,1,8,Weekday,Winter,Yes,50.96,69.07,16.92
2023-01-10 09:00,1,9,Weekday,Winter,Yes,55.9,69.65,18.37
2023-01-10 10:00,1,10,Weekday,Winter,Yes,60.34,69.96,46.86
2023-01-10 11:00,1,11,Weekday,Winter,Yes,63.22,69.89,44.08
2023-01-10 12:00,1,12,Weekday,Winter,Yes,64.56,71.34,40.44
2023-01-10 13:00,1,13,Weekday,Winter,Yes,65.57,71.24,51.72
2023-01-10 14:00,1,14,Weekday,Winter,Yes,67.18,70.88,32.81
2023-01-10 15:00,1,15,Weekday,Winter,Yes,68.0,72.0,41.15
2023-01-10 16:00,1,16,Weekday,Winter,Yes,67.37,70.9,44.08
2023-01-10 17:00,1,17,Weekday,Winter,Yes,64.08,70.94,37.87
2023-01-10 18:00,1,18,Weekday,Winter,No,62.06,71.85,30.66
2023-01-10 19:00,1,19,Weekday,Winter,No,60.9,71.79,38.69
2023-01-10 20:00,1,20,Weekday,Winter,No,57.66,71.24,30.54
2023-01-10 21:00,1,21,Weekday,Winter,No,55.42,70.65,25.24
2023-01-10 22:00,1,22,Weekday,Winter,No,53.88,70.91,10.53
2023-01-10 23:00,1,23,Weekday,Winter,No,53.06,71.12,16.05
2023-01-11 00:00,1,0,Weekday,Winter,No,49.49,70.54,9.76
2023-01-11 01:00,1,1,Weekday,Winter,No,46.42,68.96,17.11
2023-01-11 02:00,1,2,Weekday,Winter,No,46.04,69.38,12.4
2023-01-11 03:00,1,3,Weekday,Winter,No,46.04,70.11,14.63
2023-01-11 04:00,1,4,Weekday,Winter,No,47.72,69.09,6.5
2023-01-11 05:00,1,5,Weekday,Winter,No,46.61,69.01,12.8
2023-01-11 06:00,1,6,Weekday,Winter,No,44.96,68.46,4.57
2023-01-11 07:00,1,7,Weekday,Winter,No,47.9,69.31,10.39
2023-01-11 08:00,1,8,Weekday,Winter,Yes,51.78,70.07,22.83
2023-01-11 09:00,1,9,Weekday,Winter,Yes,56.52,70.23,7.01
2023-01-11 10:00,1,10,Weekday,Winter,Yes,60.78,71.15,44.34
2023-01-11 11:00,1,11,Weekday,Winter,Yes,63.22,70.9,46.6
2023-01-11 12:00,1,12,Weekday,Winter,Yes,65.19,71.53,32.72
2023-01-11 13:00,1,13,Weekday,Winter,Yes,66.54,70.98,44.29
2023-01-11 14:00,1,14,Weekday,Winter,Yes,66.92,71.65,40.96
2023-01-11 15:00,1,15,Weekday,Winter,Yes,66.92,71.54,36.66
2023-01-11 16:00,1,16,Weekday,Winter,Yes,65.76,71.61,44.03
2023-01-11 17:00,1,17,Weekday,Winter,Yes,63.78,70.74,45.63
2023-01-11 18:00,1,18,Weekday,Winter,No,60.02,71.7,38.24
2023-01-11 19:00,1,19,Weekday,Winter,No,56.76,71.63,31.5
2023-01-11 20:00,1,20,Weekday,Winter,No,53.63,70.57,35.21
2023-01-11 21:00,1,21,Weekday,Winter,No,51.98,70.26,21.38
2023-01-11 22:00,1,22,Weekday,Winter,No,50.2,69.93,12.94
2023-01-11 23:00,1,23,Weekday,Winter,No,47.76,70.31,12.0
2023-01-12 00:00,1,0,Weekday,Winter,No,46.42,69.41,12.29
2023-01-12 01:00,1,1,Weekday,Winter,No,46.56,69.8,15.61
2023-01-12 02:00,1,2,Weekday,Winter,No,45.78,68.97,3.07
2023-01-12 03:00,1,3,Weekday,Winter,No,43.28,69.6,2.19
2023-01-12 04:00,1,4,Weekday,Winter,No,43.76,69.12,1.86
2023-01-12 05:00,1,5,Weekday,Winter,No,42.65,69.15,8.92
2023-01-12 06:00,1,6,Weekday,Winter,No,38.69,68.51,0.0
2023-01-12 07:00,1,7,Weekday,Winter,No,38.72,67.19,8.28
2023-01-12 08:00,1,8,Weekday,Winter,Yes,44.64,68.14,13.29
2023-01-12 09:00,1,9,Weekday,Winter,Yes,52.64,69.13,13.83
2023-01-12 10:00,1,10,Weekday,Winter,Yes,60.67,70.89,38.45
2023-01-12 11:00,1,11,Weekday,Winter,Yes,66.35,71.14,45.86
2023-01-12 12:00,1,12,Weekday,Winter,Yes,69.78,71.36,44.85
2023-01-12 13:00,1,13,Weekday,Winter,Yes,71.58,72.75,48.8
2023-01-12 14:00,1,14,Weekday,Winter,Yes,71.96,72.94,35.9
2023-01-12 15:00,1,15,Weekday,Winter,Yes,72.59,71.35,51.05
2023-01-12 16:00,1,16,Weekday,Winter,Yes,73.04,72.81,32.39
2023-01-12 17:00,1,17,Weekday,Winter,Yes,69.47,70.96,42.63
2023-01-12 18:00,1,18,Weekday,Winter,No,65.24,71.65,46.19
2023-01-12 19:00,1,19,Weekday,Winter,No,58.79,71.75,28.4
2023-01-12 20:00,1,20,Weekday,Winter,No,54.41,70.03,31.33
2023-01-12 21:00,1,21,Weekday,Winter,No,53.43,70.48,8.39
2023-01-12 22:00,1,22,Weekday,Winter,No,50.64,70.92,17.78
2023-01-12 23:00,1,23,Weekday,Winter,No,47.76,69.47,12.62
2023-01-13 00:00,1,0,Weekday,Winter,No,45.78,69.72,16.04
2023-01-13 01:00,1,1,Weekday,Winter,No,44.96,68.86,12.35
2023-01-13 02:00,1,2,Weekday,Winter,No,44.96,70.1,10.54
2023-01-13 03:00,1,3,Weekday,Winter,No,44.44,69.44,10.63
2023-01-13 04:00,1,4,Weekday,Winter,No,42.9,69.05,0.0
2023-01-13 05:00,1,5,Weekday,Winter,No,42.08,68.28,16.53
2023-01-13 06:00,1,6,Weekday,Winter,No,40.82,68.51,3.93
2023-01-13 07:00,1,7,Weekday,Winter,No,39.92,68.39,8.86
2023-01-13 08:00,1,8,Weekday,Winter,Yes,44.02,67.48,2.57
2023-01-13 09:00,1,9,Weekday,Winter,Yes,50.51,68.3,13.94
2023-01-13 10:00,1,10,Weekday,Winter,Yes,56.52,69.84,30.32
2023-01-13 11:00,1,11,Weekday,Winter,Yes,61.94,70.3,41.76
2023-01-13 12:00,1,12,Weekday,Winter,Yes,66.35,70.51,37.41
2023-01-13 13:00,1,13,Weekday,Winter,Yes,69.16,71.8,45.17
2023-01-13 14:00,1,14,Weekday,Winter,Yes,71.14,71.93,43.01
2023-01-13 15:00,1,15,Weekday,Winter,Yes,71.44,71.91,42.79
2023-01-13 16:00,1,16,Weekday,Winter,Yes,69.9,70.81,44.74
2023-01-13 17:00,1,17,Weekday,Winter,Yes,66.14,70.98,39.94
2023-01-13 18:00,1,18,Weekday,Winter,No,61.1,71.2,41.24
2023-01-13 19:00,1,19,Weekday,Winter,No,57.85,71.24,39.07
2023-01-13 20:00,1,20,Weekday,Winter,No,52.92,69.98,31.63
2023-01-13 21:00,1,21,Weekday,Winter,No,48.22,70.71,6.37
2023-01-13 22:00,1,22,Weekday,Winter,No,45.78,68.97,11.5
2023-01-13 23:00,1,23,Weekday,Winter,No,43.28,69.19,9.84
2023-01-14 00:00,1,0,Weekend,Winter,No,42.08,69.52,8.96
2023-01-14 01:00,1,1,Weekend,Winter,No,40.82,69.92,11.02
2023-01-14 02:00,1,2,Weekend,Winter,No,40.55,68.99,8.79
2023-01-14 03:00,1,3,Weekend,Winter,No,41.0,68.31,5.41
2023-01-14 04:00,1,4,Weekend,Winter,No,41.0,69.04,14.61
2023-01-14 05:00,1,5,Weekend,Winter,No,41.0,67.62,1.41
2023-01-14 06:00,1,6,Weekend,Winter,No,41.0,68.39,2.65
2023-01-14 07:00,1,7,Weekend,Winter,No,41.63,68.35,13.83
2023-01-14 08:00,1,8,Weekend,Winter,No,44.92,69.38,5.84
2023-01-14 09:00,1,9,Weekend,Winter,No,51.66,69.76,8.07
2023-01-14 10:00,1,10,Weekend,Winter,No,59.14,72.25,39.65
2023-01-14 11:00,1,11,Weekend,Winter,No,64.9,72.32,44.09
2023-01-14 12:00,1,12,Weekend,Winter,No,69.34,72.59,41.42
2023-01-14 13:00,1,13,Weekend,Winter,No,73.37,73.54,49.72
2023-01-14 14:00,1,14,Weekend,Winter,No,75.02,73.8,50.44
2023-01-14 15:00,1,15,Weekend,Winter,No,75.02,74.24,52.57
2023-01-14 16:00,1,16,Weekend,Winter,No,74.39,72.79,48.27
2023-01-14 17:00,1,17,Weekend,Winter,No,71.1,72.58,48.4
2023-01-14 18:00,1,18,Weekend,Winter,No,66.14,73.25,44.24
2023-01-14 19:00,1,19,Weekend,Winter,No,60.47,71.38,36.8
2023-01-14 20:00,1,20,Weekend,Winter,No,55.61,71.61,37.95
2023-01-14 21:00,1,21,Weekend,Winter,No,51.65,69.96,13.16
2023-01-14 22:00,1,22,Weekend,Winter,No,49.37,70.33,12.59
2023-01-14 23:00,1,23,Weekend,Winter,No,47.76,69.54,18.91
2023-01-15 00:00,1,0,Weekend,Winter,No,48.72,69.91,14.06
2023-01-15 01:00,1,1,Weekend,Winter,No,48.22,69.17,13.38
2023-01-15 02:00,1,2,Weekend,Winter,No,45.26,69.01,8.62
2023-01-15 03:00,1,3,Weekend,Winter,No,45.74,69.79,11.16
2023-01-15 04:00,1,4,Weekend,Winter,No,46.94,69.63,16.28
2023-01-15 05:00,1,5,Weekend,Winter,No,49.36,70.26,9.28
2023-01-15 06:00,1,6,Weekend,Winter,No,51.08,70.67,15.26
2023-01-15 07:00,1,7,Weekend,Winter,No,48.14,69.93,12.37
2023-01-15 08:00,1,8,Weekend,Winter,No,50.14,69.56,11.19
2023-01-15 09:00,1,9,Weekend,Winter,No,54.74,70.86,17.02
2023-01-15 10:00,1,10,Weekend,Winter,No,58.36,71.49,36.84
2023-01-15 11:00,1,11,Weekend,Winter,No,62.39,70.81,43.33
2023-01-15 12:00,1,12,Weekend,Winter,No,65.72,72.52,35.02
2023-01-15 13:00,1,13,Weekend,Winter,No,67.55,72.37,37.95
2023-01-15 14:00,1,14,Weekend,Winter,No,68.0,72.1,37.09
2023-01-15 15:00,1,15,Weekend,Winter,No,67.37,72.35,41.61
2023-01-15 16:00,1,16,Weekend,Winter,No,66.4,73.1,34.35
2023-01-15 17:00,1,17,Weekend,Winter,No,64.86,72.3,40.89
2023-01-15 18:00,1,18,Weekend,Winter,No,64.04,71.66,38.23
2023-01-15 19:00,1,19,Weekend,Winter,No,64.04,72.05,38.19
2023-01-15 20:00,1,20,Weekend,Winter,No,62.89,72.04,52.13
2023-01-15 21:00,1,21,Weekend,Winter,No,62.58,71.68,32.17
2023-01-15 22:00,1,22,Weekend,Winter,No,62.44,70.74,27.63
2023-01-15 23:00,1,23,Weekend,Winter,No,61.43,72.38,25.96
2023-01-16 00:00,1,0,Weekday,Winter,No,61.61,72.7,25.48
2023-01-16 01:00,1,1,Weekday,Winter,No,61.43,71.31,30.55
2023-01-16 02:00,1,2,Weekday,Winter,No,60.98,71.78,27.96
2023-01-16 03:00,1,3,Weekday,Winter,No,59.2,72.15,19.31
2023-01-16 04:00,1,4,Weekday,Winter,No,58.55,70.97,26.46
2023-01-16 05:00,1,5,Weekday,Winter,No,59.0,70.95,11.54
2023-01-16 06:00,1,6,Weekday,Winter,No,57.85,70.33,24.4
2023-01-16 07:00,1,7,Weekday,Winter,No,57.02,70.97,27.73
2023-01-16 08:00,1,8,Weekday,Winter,Yes,57.54,70.08,28.41
2023-01-16 09:00,1,9,Weekday,Winter,Yes,59.7,70.97,26.34
2023-01-16 10:00,1,10,Weekday,Winter,Yes,61.61,70.4,32.23
2023-01-16 11:00,1,11,Weekday,Winter,Yes,63.22,70.86,37.11
2023-01-16 12:00,1,12,Weekday,Winter,Yes,64.04,70.55,45.08
2023-01-16 13:00,1,13,Weekday,Winter,Yes,64.04,71.93,45.17
2023-01-16 14:00,1,14,Weekday,Winter,Yes,64.04,70.92,40.72
2023-01-16 15:00,1,15,Weekday,Winter,Yes,64.56,71.03,47.24
2023-01-16 16:00,1,16,Weekday,Winter,Yes,65.57,71.52,47.37
2023-01-16 17:00,1,17,Weekday,Winter,Yes,64.24,70.55,42.08
2023-01-16 18:00,1,18,Weekday,Winter,No,61.28,70.24,38.57
2023-01-16 19:00,1,19,Weekday,Winter,No,59.45,70.17,39.31
2023-01-16 20:00,1,20,Weekday,Winter,No,57.22,70.53,27.22
2023-01-16 21:00,1,21,Weekday,Winter,No,55.42,70.1,23.71
2023-01-16 22:00,1,22,Weekday,Winter,No,54.41,70.77,18.73
2023-01-16 23:00,1,23,Weekday,Winter,No,52.8,70.21,20.6
2023-01-17 00:00,1,0,Weekday,Winter,No,51.98,69.95,26.16
2023-01-17 01:00,1,1,Weekday,Winter,No,51.98,71.17,14.27
2023-01-17 02:00,1,2,Weekday,Winter,No,51.98,71.12,18.01
2023-01-17 03:00,1,3,Weekday,Winter,No,50.82,70.42,16.78
2023-01-17 04:00,1,4,Weekday,Winter,No,50.0,70.13,24.0
2023-01-17 05:00,1,5,Weekday,Winter,No,49.37,68.76,5.73
2023-01-17 06:00,1,6,Weekday,Winter,No,48.92,69.59,17.11
2023-01-17 07:00,1,7,Weekday,Winter,No,48.92,69.97,18.84
2023-01-17 08:00,1,8,Weekday,Winter,Yes,49.55,69.88,13.39
2023-01-17 09:00,1,9,Weekday,Winter,Yes,51.16,69.31,14.75
2023-01-17 10:00,1,10,Weekday,Winter,Yes,53.76,69.32,31.87
2023-01-17 11:00,1,11,Weekday,Winter,Yes,56.2,69.79,33.62
2023-01-17 12:00,1,12,Weekday,Winter,Yes,58.18,70.34,35.82
2023-01-17 13:00,1,13,Weekday,Winter,Yes,60.16,70.32,38.69
2023-01-17 14:00,1,14,Weekday,Winter,Yes,61.61,70.84,37.54
2023-01-17 15:00,1,15,Weekday,Winter,Yes,62.58,69.86,37.32
2023-01-17 16:00,1,16,Weekday,Winter,Yes,61.28,70.4,36.65
2023-01-17 17:00,1,17,Weekday,Winter,Yes,57.66,70.7,41.68
2023-01-17 18:00,1,18,Weekday,Winter,No,54.78,71.11,25.17
2023-01-17 19:00,1,19,Weekday,Winter,No,51.65,70.25,31.13
2023-01-17 20:00,1,20,Weekday,Winter,No,49.37,70.19,31.18
2023-01-17 21:00,1,21,Weekday,Winter,No,47.76,69.31,11.54
2023-01-17 22:00,1,22,Weekday,Winter,No,47.57,69.29,11.39
2023-01-17 23:00,1,23,Weekday,Winter,No,45.08,69.39,22.74
2023-01-18 00:00,1,0,Weekday,Winter,No,41.2,69.92,9.69
2023-01-18 01:00,1,1,Weekday,Winter,No,39.92,68.78,12.53
2023-01-18 02:00,1,2,Weekday,Winter,No,40.55,68.23,6.12
2023-01-18 03:00,1,3,Weekday,Winter,No,40.37,68.85,12.53
2023-01-18 04:00,1,4,Weekday,Winter,No,39.4,68.02,8.68
2023-01-18 05:00,1,5,Weekday,Winter,No,38.39,68.65,12.54
2023-01-18 06:00,1,6,Weekday,Winter,No,38.57,67.9,0.35
2023-01-18 07:00,1,7,Weekday,Winter,No,39.54,68.0,15.27
2023-01-18 08:00,1,8,Weekday,Winter,Yes,41.7,67.22,9.65
2023-01-18 09:00,1,9,Weekday,Winter,Yes,46.44,67.98,10.68
2023-01-18 10:00,1,10,Weekday,Winter,Yes,51.34,69.33,22.87
2023-01-18 11:00,1,11,Weekday,Winter,Yes,54.74,69.42,36.59
2023-01-18 12:00,1,12,Weekday,Winter,Yes,56.57,70.61,42.22
2023-01-18 13:00,1,13,Weekday,Winter,Yes,57.54,70.19,35.87
2023-01-18 14:00,1,14,Weekday,Winter,Yes,57.4,69.58,43.23
2023-01-18 15:00,1,15,Weekday,Winter,Yes,57.54,70.63,31.2
2023-01-18 16:00,1,16,Weekday,Winter,Yes,57.4,70.52,33.02
2023-01-18 17:00,1,17,Weekday,Winter,Yes,54.08,69.04,32.31
2023-01-18 18:00,1,18,Weekday,Winter,No,50.82,70.44,34.12
2023-01-18 19:00,1,19,Weekday,Winter,No,49.37,69.56,33.23
2023-01-18 20:00,1,20,Weekday,Winter,No,46.61,70.09,25.33
2023-01-18 21:00,1,21,Weekday,Winter,No,42.65,69.6,13.7
2023-01-18 22:00,1,22,Weekday,Winter,No,39.22,68.39,0.37
2023-01-18 23:00,1,23,Weekday,Winter,No,36.78,68.27,0.0
2023-01-19 00:00,1,0,Weekday,Winter,No,35.96,68.04,9.15
2023-01-19 01:00,1,1,Weekday,Winter,No,34.8,68.01,6.01
2023-01-19 02:00,1,2,Weekday,Winter,No,32.83,68.07,7.25
2023-01-19 03:00,1,3,Weekday,Winter,No,30.84,67.46,0.0
2023-01-19 04:00,1,4,Weekday,Winter,No,30.54,68.24,0.0
2023-01-19 05:00,1,5,Weekday,Winter,No,29.76,66.79,5.98
2023-01-19 06:00,1,6,Weekday,Winter,No,30.1,66.76,1.25
2023-01-19 07:00,1,7,Weekday,Winter,No,31.55,67.84,0.0
2023-01-19 08:00,1,8,Weekday,Winter,Yes,36.62,67.02,1.9
2023-01-19 09:00,1,9,Weekday,Winter,Yes,42.86,68.18,3.26
2023-01-19 10:00,1,10,Weekday,Winter,Yes,46.74,68.13,23.74
2023-01-19 11:00,1,11,Weekday,Winter,Yes,51.48,68.42,37.56
2023-01-19 12:00,1,12,Weekday,Winter,Yes,55.74,68.95,44.71
2023-01-19 13:00,1,13,Weekday,Winter,Yes,58.18,69.96,36.24
2023-01-19 14:00,1,14,Weekday,Winter,Yes,60.78,70.81,39.36
2023-01-19 15:00,1,15,Weekday,Winter,Yes,62.06,70.41,37.25
2023-01-19 16:00,1,16,Weekday,Winter,Yes,61.43,70.29,43.54
2023-01-19 17:00,1,17,Weekday,Winter,Yes,59.82,70.2,29.78
2023-01-19 18:00,1,18,Weekday,Winter,No,57.22,70.55,24.83
2023-01-19 19:00,1,19,Weekday,Winter,No,53.63,71.16,26.77
2023-01-19 20:00,1,20,Weekday,Winter,No,49.67,70.33,34.83
2023-01-19 21:00,1,21,Weekday,Winter,No,46.24,69.42,8.07
2023-01-19 22:00,1,22,Weekday,Winter,No,44.44,68.89,22.28
2023-01-19 23:00,1,23,Weekday,Winter,No,42.28,68.53,20.27
2023-01-20 00:00,1,0,Weekday,Winter,No,38.69,67.37,5.0
2023-01-20 01:00,1,1,Weekday,Winter,No,37.56,68.44,0.14
2023-01-20 02:00,1,2,Weekday,Winter,No,36.26,68.09,0.0
2023-01-20 03:00,1,3,Weekday,Winter,No,35.06,68.61,4.44
2023-01-20 04:00,1,4,Weekday,Winter,No,33.9,67.4,1.6
2023-01-20 05:00,1,5,Weekday,Winter,No,32.45,67.69,4.41
2023-01-20 06:00,1,6,Weekday,Winter,No,32.63,67.46,4.67
2023-01-20 07:00,1,7,Weekday,Winter,No,31.82,67.75,1.99
2023-01-20 08:00,1,8,Weekday,Winter,Yes,35.02,66.69,6.48
2023-01-20 09:00,1,9,Weekday,Winter,Yes,43.19,68.52,9.71
2023-01-20 10:00,1,10,Weekday,Winter,Yes,49.36,69.3,31.06
2023-01-20 11:00,1,11,Weekday,Winter,Yes,52.24,69.67,23.15
2023-01-20 12:00,1,12,Weekday,Winter,Yes,54.22,70.56,36.29
2023-01-20 13:00,1,13,Weekday,Winter,Yes,56.2,70.28,39.67
2023-01-20 14:00,1,14,Weekday,Winter,Yes,57.54,70.35,36.25
2023-01-20 15:00,1,15,Weekday,Winter,Yes,58.55,70.0,30.25
2023-01-20 16:00,1,16,Weekday,Winter,Yes,57.85,70.57,38.61
2023-01-20 17:00,1,17,Weekday,Winter,Yes,54.71,70.48,35.76
2023-01-20 18:00,1,18,Weekday,Winter,No,51.28,70.25,34.41
2023-01-20 19:00,1,19,Weekday,Winter,No,48.22,70.17,24.09
2023-01-20 20:00,1,20,Weekday,Winter,No,44.63,69.82,30.9
2023-01-20 21:00,1,21,Weekday,Winter,No,41.82,68.68,3.11
2023-01-20 22:00,1,22,Weekday,Winter,No,38.06,68.64,4.7
2023-01-20 23:00,1,23,Weekday,Winter,No,34.8,68.25,1.03
2023-01-21 00:00,1,0,Weekend,Winter,No,33.98,67.38,0.0
2023-01-21 01:00,1,1,Weekend,Winter,No,32.83,68.37,1.72
2023-01-21 02:00,1,2,Weekend,Winter,No,32.0,67.89,0.0
2023-01-21 03:00,1,3,Weekend,Winter,No,32.0,68.94,8.43
2023-01-21 04:00,1,4,Weekend,Winter,No,32.0,67.49,1.64
2023-01-21 05:00,1,5,Weekend,Winter,No,32.0,68.01,0.0
2023-01-21 06:00,1,6,Weekend,Winter,No,32.0,66.96,1.3
2023-01-21 07:00,1,7,Weekend,Winter,No,32.0,67.09,0.0
2023-01-21 08:00,1,8,Weekend,Winter,No,36.1,68.71,5.1
2023-01-21 09:00,1,9,Weekend,Winter,No,43.64,68.55,8.89
2023-01-21 10:00,1,10,Weekend,Winter,No,49.88,70.41,31.38
2023-01-21 11:00,1,11,Weekend,Winter,No,55.44,70.68,39.18
2023-01-21 12:00,1,12,Weekend,Winter,No,59.7,71.33,45.89
2023-01-21 13:00,1,13,Weekend,Winter,No,62.14,72.0,37.14
2023-01-21 14:00,1,14,Weekend,Winter,No,64.74,72.31,41.38
2023-01-21 15:00,1,15,Weekend,Winter,No,66.54,72.56,36.98
2023-01-21 16:00,1,16,Weekend,Winter,No,65.76,72.91,42.59
2023-01-21 17:00,1,17,Weekend,Winter,No,62.1,72.49,43.45
2023-01-21 18:00,1,18,Weekend,Winter,No,56.51,70.03,40.71
2023-01-21 19:00,1,19,Weekend,Winter,No,52.8,70.99,21.37
2023-01-21 20:00,1,20,Weekend,Winter,No,48.52,70.29,34.96
2023-01-21 21:00,1,21,Weekend,Winter,No,43.73,69.7,2.64
2023-01-21 22:00,1,22,Weekend,Winter,No,41.45,67.96,6.99
2023-01-21 23:00,1,23,Weekend,Winter,No,39.84,68.28,6.15
2023-01-22 00:00,1,0,Weekend,Winter,No,38.39,68.28,0.0
2023-01-22 01:00,1,1,Weekend,Winter,No,37.42,68.73,0.0
2023-01-22 02:00,1,2,Weekend,Winter,No,37.56,68.1,3.06
2023-01-22 03:00,1,3,Weekend,Winter,No,37.94,68.81,6.05
2023-01-22 04:00,1,4,Weekend,Winter,No,37.94,68.96,5.35
2023-01-22 05:00,1,5,Weekend,Winter,No,37.42,68.34,0.0
2023-01-22 06:00,1,6,Weekend,Winter,No,37.04,68.31,1.05
2023-01-22 07:00,1,7,Weekend,Winter,No,38.2,68.56,7.77
2023-01-22 08:00,1,8,Weekend,Winter,No,44.27,69.26,10.59
2023-01-22 09:00,1,9,Weekend,Winter,No,51.48,70.12,13.09
2023-01-22 10:00,1,10,Weekend,Winter,No,58.06,71.65,42.62
2023-01-22 11:00,1,11,Weekend,Winter,No,63.29,71.88,40.41
2023-01-22 12:00,1,12,Weekend,Winter,No,66.72,72.52,37.47
2023-01-22 13:00,1,13,Weekend,Winter,No,68.63,72.56,42.53
2023-01-22 14:00,1,14,Weekend,Winter,No,69.08,72.26,41.74
2023-01-22 15:00,1,15,Weekend,Winter,No,69.08,73.02,47.89
2023-01-22 16:00,1,16,Weekend,Winter,No,67.82,71.48,47.2
2023-01-22 17:00,1,17,Weekend,Winter,No,64.61,72.08,49.33
2023-01-22 18:00,1,18,Weekend,Winter,No,60.02,71.25,42.69
2023-01-22 19:00,1,19,Weekend,Winter,No,57.4,70.45,27.72
2023-01-22 20:00,1,20,Weekend,Winter,No,57.02,71.23,35.73
2023-01-22 21:00,1,21,Weekend,Winter,No,54.71,70.24,18.83
2023-01-22 22:00,1,22,Weekend,Winter,No,50.12,70.04,13.08
2023-01-22 23:00,1,23,Weekend,Winter,No,46.24,69.27,8.69
2023-01-23 00:00,1,0,Weekday,Winter,No,45.59,68.79,8.18
2023-01-23 01:00,1,1,Weekday,Winter,No,44.89,69.21,2.6
2023-01-23 02:00,1,2,Weekday,Winter,No,43.43,69.68,6.58
2023-01-23 03:00,1,3,Weekday,Winter,No,41.82,68.84,8.48
2023-01-23 04:00,1,4,Weekday,Winter,No,41.0,68.24,11.08
2023-01-23 05:00,1,5,Weekday,Winter,No,39.84,68.86,4.47
2023-01-23 06:00,1,6,Weekday,Winter,No,39.02,68.46,1.12
2023-01-23 07:00,1,7,Weekday,Winter,No,39.54,68.1,1.74
2023-01-23 08:00,1,8,Weekday,Winter,Yes,42.34,68.35,3.81
2023-01-23 09:00,1,9,Weekday,Winter,Yes,45.74,68.89,12.19
2023-01-23 10:00,1,10,Weekday,Winter,Yes,48.1,69.22,28.42
2023-01-23 11:00,1,11,Weekday,Winter,Yes,50.7,69.41,30.22
2023-01-23 12:00,1,12,Weekday,Winter,Yes,53.14,70.13,43.32
2023-01-23 13:00,1,13,Weekday,Winter,Yes,50.5,69.74,20.35
2023-01-23 14:00,1,14,Weekday,Winter,Yes,47.39,68.19,26.16
2023-01-23 15:00,1,15,Weekday,Winter,Yes,46.94,68.96,23.18
2023-01-23 16:00,1,16,Weekday,Winter,Yes,46.42,68.66,32.77
2023-01-23 17:00,1,17,Weekday,Winter,Yes,44.89,68.47,26.37
2023-01-23 18:00,1,18,Weekday,Winter,No,44.58,69.04,23.34
2023-01-23 19:00,1,19,Weekday,Winter,No,43.8,68.59,24.59
2023-01-23 20:00,1,20,Weekday,Winter,No,40.67,68.8,26.74
2023-01-23 21:00,1,21,Weekday,Winter,No,39.54,68.16,5.43
2023-01-23 22:00,1,22,Weekday,Winter,No,36.46,68.26,0.0
2023-01-23 23:00,1,23,Weekday,Winter,No,33.98,67.21,0.0
2023-01-24 00:00,1,0,Weekday,Winter,No,32.83,66.99,0.0
2023-01-24 01:00,1,1,Weekday,Winter,No,31.37,67.38,0.0
2023-01-24 02:00,1,2,Weekday,Winter,No,30.92,66.31,0.0
2023-01-24 03:00,1,3,Weekday,Winter,No,30.92,67.53,0.0
2023-01-24 04:00,1,4,Weekday,Winter,No,30.4,67.31,3.38
2023-01-24 05:00,1,5,Weekday,Winter,No,29.39,67.7,4.3
2023-01-24 06:00,1,6,Weekday,Winter,No,27.26,66.43,0.0
2023-01-24 07:00,1,7,Weekday,Winter,No,26.58,67.7,0.0
2023-01-24 08:00,1,8,Weekday,Winter,Yes,31.06,66.74,1.47
2023-01-24 09:00,1,9,Weekday,Winter,Yes,36.29,67.57,3.18
2023-01-24 10:00,1,10,Weekday,Winter,Yes,40.36,67.47,16.65
2023-01-24 11:00,1,11,Weekday,Winter,Yes,43.76,68.59,25.81
2023-01-24 12:00,1,12,Weekday,Winter,Yes,47.27,69.31,24.58
2023-01-24 13:00,1,13,Weekday,Winter,Yes,50.18,69.41,34.72
2023-01-24 14:00,1,14,Weekday,Winter,Yes,52.76,69.18,26.66
2023-01-24 15:00,1,15,Weekday,Winter,Yes,54.59,69.76,40.54
2023-01-24 16:00,1,16,Weekday,Winter,Yes,55.04,69.83,32.58
2023-01-24 17:00,1,17,Weekday,Winter,Yes,52.73,69.65,42.87
2023-01-24 18:00,1,18,Weekday,Winter,No,49.82,69.77,23.1
2023-01-24 19:00,1,19,Weekday,Winter,No,46.61,68.57,22.55
2023-01-24 20:00,1,20,Weekday,Winter,No,44.96,69.06,27.9
2023-01-24 21:00,1,21,Weekday,Winter,No,40.34,68.59,3.77
2023-01-24 22:00,1,22,Weekday,Winter,No,35.26,68.73,8.54
2023-01-24 23:00,1,23,Weekday,Winter,No,33.98,68.34,0.0
2023-01-25 00:00,1,0,Weekday,Winter,No,39.23,67.18,8.99
2023-01-25 01:00,1,1,Weekday,Winter,No,44.14,69.16,10.98
2023-01-25 02:00,1,2,Weekday,Winter,No,42.65,68.84,1.99
2023-01-25 03:00,1,3,Weekday,Winter,No,43.31,69.38,12.56
2023-01-25 04:00,1,4,Weekday,Winter,No,44.96,70.23,14.33
2023-01-25 05:00,1,5,Weekday,Winter,No,44.44,68.63,6.17
2023-01-25 06:00,1,6,Weekday,Winter,No,42.9,68.51,10.41
2023-01-25 07:00,1,7,Weekday,Winter,No,43.76,69.11,8.78
2023-01-25 08:00,1,8,Weekday,Winter,Yes,47.27,68.6,16.28
2023-01-25 09:00,1,9,Weekday,Winter,Yes,51.86,69.34,11.21
2023-01-25 10:00,1,10,Weekday,Winter,Yes,55.74,69.43,27.87
2023-01-25 11:00,1,11,Weekday,Winter,Yes,58.8,70.57,32.59
2023-01-25 12:00,1,12,Weekday,Winter,Yes,61.24,70.41,32.59
2023-01-25 13:00,1,13,Weekday,Winter,Yes,63.22,70.87,34.13
2023-01-25 14:00,1,14,Weekday,Winter,Yes,65.19,70.59,36.22
2023-01-25 15:00,1,15,Weekday,Winter,Yes,66.02,71.64,49.54
2023-01-25 16:00,1,16,Weekday,Winter,Yes,65.39,71.48,47.67
2023-01-25 17:00,1,17,Weekday,Winter,Yes,63.78,71.05,47.23
2023-01-25 18:00,1,18,Weekday,Winter,No,60.65,71.47,43.37
2023-01-25 19:00,1,19,Weekday,Winter,No,55.54,69.69,36.15
2023-01-25 20:00,1,20,Weekday,Winter,No,52.43,70.2,23.17
2023-01-25 21:00,1,21,Weekday,Winter,No,53.14,70.27,16.56
2023-01-25 22:00,1,22,Weekday,Winter,No,53.96,70.81,25.23
2023-01-25 23:00,1,23,Weekday,Winter,No,53.43,70.78,19.76
2023-01-26 00:00,1,0,Weekday,Winter,No,52.43,69.84,19.56
2023-01-26 01:00,1,1,Weekday,Winter,No,50.82,69.87,19.38
2023-01-26 02:00,1,2,Weekday,Winter,No,50.0,69.78,22.34
2023-01-26 03:00,1,3,Weekday,Winter,No,42.96,69.49,7.14
2023-01-26 04:00,1,4,Weekday,Winter,No,38.57,68.8,5.43
2023-01-26 05:00,1,5,Weekday,Winter,No,40.17,69.32,5.76
2023-01-26 06:00,1,6,Weekday,Winter,No,40.37,68.41,4.86
2023-01-26 07:00,1,7,Weekday,Winter,No,40.55,68.75,7.81
2023-01-26 08:00,1,8,Weekday,Winter,Yes,46.25,68.8,8.51
2023-01-26 09:00,1,9,Weekday,Winter,Yes,52.94,69.86,9.28
2023-01-26 10:00,1,10,Weekday,Winter,Yes,57.98,69.8,34.59
2023-01-26 11:00,1,11,Weekday,Winter,Yes,62.39,71.21,40.6
2023-01-26 12:00,1,12,Weekday,Winter,Yes,67.5,70.86,43.41
2023-01-26 13:00,1,13,Weekday,Winter,Yes,71.14,70.93,48.69
2023-01-26 14:00,1,14,Weekday,Winter,Yes,73.12,72.0,54.83
2023-01-26 15:00,1,15,Weekday,Winter,Yes,73.94,72.2,46.76
2023-01-26 16:00,1,16,Weekday,Winter,Yes,73.42,71.54,44.06
2023-01-26 17:00,1,17,Weekday,Winter,Yes,70.73,72.52,48.58
2023-01-26 18:00,1,18,Weekday,Winter,No,66.14,72.37,43.92
2023-01-26 19:00,1,19,Weekday,Winter,No,61.1,71.42,37.36
2023-01-26 20:00,1,20,Weekday,Winter,No,55.54,70.66,29.92
2023-01-26 21:00,1,21,Weekday,Winter,No,52.43,70.2,15.39
2023-01-26 22:00,1,22,Weekday,Winter,No,51.46,70.5,8.97
2023-01-26 23:00,1,23,Weekday,Winter,No,49.3,68.93,8.36
2023-01-27 00:00,1,0,Weekday,Winter,No,49.18,69.82,13.58
2023-01-27 01:00,1,1,Weekday,Winter,No,50.0,69.46,10.62
2023-01-27 02:00,1,2,Weekday,Winter,No,49.37,70.66,12.28
2023-01-27 03:00,1,3,Weekday,Winter,No,50.7,70.61,12.85
2023-01-27 04:00,1,4,Weekday,Winter,No,48.52,69.82,16.03
2023-01-27 05:00,1,5,Weekday,Winter,No,47.72,70.13,19.73
2023-01-27 06:00,1,6,Weekday,Winter,No,48.4,70.51,19.92
2023-01-27 07:00,1,7,Weekday,Winter,No,45.71,69.36,13.28
2023-01-27 08:00,1,8,Weekday,Winter,Yes,49.31,68.95,10.22
2023-01-27 09:00,1,9,Weekday,Winter,Yes,55.9,70.22,21.35
2023-01-27 10:00,1,10,Weekday,Winter,Yes,61.49,71.67,40.6
2023-01-27 11:00,1,11,Weekday,Winter,Yes,66.35,72.08,32.26
2023-01-27 12:00,1,12,Weekday,Winter,Yes,69.16,71.82,33.7
2023-01-27 13:00,1,13,Weekday,Winter,Yes,69.46,72.15,45.65
2023-01-27 14:00,1,14,Weekday,Winter,Yes,70.24,72.09,37.51
2023-01-27 15:00,1,15,Weekday,Winter,Yes,70.43,72.79,49.45
2023-01-27 16:00,1,16,Weekday,Winter,Yes,68.82,71.21,49.0
2023-01-27 17:00,1,17,Weekday,Winter,Yes,66.84,71.77,44.57
2023-01-27 18:00,1,18,Weekday,Winter,No,64.24,72.15,41.8
2023-01-27 19:00,1,19,Weekday,Winter,No,61.8,71.63,36.36
2023-01-27 20:00,1,20,Weekday,Winter,No,60.98,72.02,38.48
2023-01-27 21:00,1,21,Weekday,Winter,No,60.98,71.43,19.56
2023-01-27 22:00,1,22,Weekday,Winter,No,59.82,70.27,22.8
2023-01-27 23:00,1,23,Weekday,Winter,No,58.37,70.54,26.8
2023-01-28 00:00,1,0,Weekend,Winter,No,56.76,71.37,25.08
2023-01-28 01:00,1,1,Weekend,Winter,No,55.42,70.53,25.47
2023-01-28 02:00,1,2,Weekend,Winter,No,54.41,70.87,15.23
2023-01-28 03:00,1,3,Weekend,Winter,No,53.96,70.49,15.32
2023-01-28 04:00,1,4,Weekend,Winter,No,52.8,70.45,11.72
2023-01-28 05:00,1,5,Weekend,Winter,No,52.61,70.9,17.35
2023-01-28 06:00,1,6,Weekend,Winter,No,53.06,69.95,8.73
2023-01-28 07:00,1,7,Weekend,Winter,No,51.28,70.57,22.19
2023-01-28 08:00,1,8,Weekend,Winter,No,51.16,70.05,9.26
2023-01-28 09:00,1,9,Weekend,Winter,No,53.76,70.79,13.16
2023-01-28 10:00,1,10,Weekend,Winter,No,56.72,70.66,38.5
2023-01-28 11:00,1,11,Weekend,Winter,No,60.34,71.08,41.33
2023-01-28 12:00,1,12,Weekend,Winter,No,60.9,72.75,39.78
2023-01-28 13:00,1,13,Weekend,Winter,No,58.82,71.46,37.43
2023-01-28 14:00,1,14,Weekend,Winter,No,57.92,70.9,35.35
2023-01-28 15:00,1,15,Weekend,Winter,No,57.92,71.49,38.6
2023-01-28 16:00,1,16,Weekend,Winter,No,57.4,71.44,36.51
2023-01-28 17:00,1,17,Weekend,Winter,No,56.39,70.66,34.81
2023-01-28 18:00,1,18,Weekend,Winter,No,55.42,71.28,25.49
2023-01-28 19:00,1,19,Weekend,Winter,No,54.41,70.6,33.59
2023-01-28 20:00,1,20,Weekend,Winter,No,52.8,70.27,39.47
2023-01-28 21:00,1,21,Weekend,Winter,No,52.61,71.36,20.88
2023-01-28 22:00,1,22,Weekend,Winter,No,52.43,70.75,8.67
2023-01-28 23:00,1,23,Weekend,Winter,No,50.82,69.54,20.43
2023-01-29 00:00,1,0,Weekend,Winter,No,48.22,69.75,25.05
2023-01-29 01:00,1,1,Weekend,Winter,No,48.1,68.81,11.85
2023-01-29 02:00,1,2,Weekend,Winter,No,48.4,69.17,7.27
2023-01-29 03:00,1,3,Weekend,Winter,No,48.54,69.48,14.67
2023-01-29 04:00,1,4,Weekend,Winter,No,48.92,69.81,13.76
2023-01-29 05:00,1,5,Weekend,Winter,No,48.4,70.73,15.96
2023-01-29 06:00,1,6,Weekend,Winter,No,48.02,69.13,10.94
2023-01-29 07:00,1,7,Weekend,Winter,No,48.02,69.27,14.39
2023-01-29 08:00,1,8,Weekend,Winter,No,48.54,69.51,12.49
2023-01-29 09:00,1,9,Weekend,Winter,No,49.55,69.52,16.72
2023-01-29 10:00,1,10,Weekend,Winter,No,50.63,69.42,25.98
2023-01-29 11:00,1,11,Weekend,Winter,No,52.24,71.11,28.83
2023-01-29 12:00,1,12,Weekend,Winter,No,53.58,69.56,29.42
2023-01-29 13:00,1,13,Weekend,Winter,No,54.59,70.14,30.75
2023-01-29 14:00,1,14,Weekend,Winter,No,55.57,71.37,28.54
2023-01-29 15:00,1,15,Weekend,Winter,No,56.57,70.85,40.22
2023-01-29 16:00,1,16,Weekend,Winter,No,56.39,69.9,32.72
2023-01-29 17:00,1,17,Weekend,Winter,No,54.26,70.55,39.79
2023-01-29 18:00,1,18,Weekend,Winter,No,53.06,69.97,29.66
2023-01-29 19:00,1,19,Weekend,Winter,No,51.9,70.47,19.38
2023-01-29 20:00,1,20,Weekend,Winter,No,50.45,70.14,23.09
2023-01-29 21:00,1,21,Weekend,Winter,No,48.22,70.12,12.01
2023-01-29 22:00,1,22,Weekend,Winter,No,45.78,69.35,10.93
2023-01-29 23:00,1,23,Weekend,Winter,No,44.96,68.76,11.65
2023-01-30 00:00,1,0,Weekday,Winter,No,42.65,68.27,7.48
2023-01-30 01:00,1,1,Weekday,Winter,No,41.63,69.22,5.53
2023-01-30 02:00,1,2,Weekday,Winter,No,42.6,68.34,5.0
2023-01-30 03:00,1,3,Weekday,Winter,No,42.98,68.73,2.32
2023-01-30 04:00,1,4,Weekday,Winter,No,42.98,69.61,4.58
2023-01-30 05:00,1,5,Weekday,Winter,No,42.98,69.32,14.03
2023-01-30 06:00,1,6,Weekday,Winter,No,40.67,68.93,12.16
2023-01-30 07:00,1,7,Weekday,Winter,No,37.24,68.13,10.03
2023-01-30 08:00,1,8,Weekday,Winter,Yes,35.96,66.76,3.36
2023-01-30 09:00,1,9,Weekday,Winter,Yes,37.12,67.3,14.31
2023-01-30 10:00,1,10,Weekday,Winter,Yes,36.26,67.4,9.61
2023-01-30 11:00,1,11,Weekday,Winter,Yes,34.43,66.25,19.64
2023-01-30 12:00,1,12,Weekday,Winter,Yes,35.76,67.59,18.58
2023-01-30 13:00,1,13,Weekday,Winter,Yes,37.56,68.31,23.06
2023-01-30 14:00,1,14,Weekday,Winter,Yes,36.26,66.83,20.97
2023-01-30 15:00,1,15,Weekday,Winter,Yes,36.74,67.28,19.1
2023-01-30 16:00,1,16,Weekday,Winter,Yes,37.94,67.48,21.13
2023-01-30 17:00,1,17,Weekday,Winter,Yes,37.94,67.66,17.58
2023-01-30 18:00,1,18,Weekday,Winter,No,37.94,68.11,11.4
2023-01-30 19:00,1,19,Weekday,Winter,No,37.42,68.66,17.26
2023-01-30 20:00,1,20,Weekday,Winter,No,35.88,68.14,20.17
2023-01-30 21:00,1,21,Weekday,Winter,No,34.43,68.1,0.0
2023-01-30 22:00,1,22,Weekday,Winter,No,33.46,67.01,0.78
2023-01-30 23:00,1,23,Weekday,Winter,No,32.45,68.36,0.0
2023-01-31 00:00,1,0,Weekday,Winter,No,31.37,66.81,11.56
2023-01-31 01:00,1,1,Weekday,Winter,No,30.4,67.12,0.0
2023-01-31 02:00,1,2,Weekday,Winter,No,29.39,66.75,0.0
2023-01-31 03:00,1,3,Weekday,Winter,No,28.42,66.96,0.0
2023-01-31 04:00,1,4,Weekday,Winter,No,28.04,65.79,0.0
2023-01-31 05:00,1,5,Weekday,Winter,No,28.04,66.71,0.0
2023-01-31 06:00,1,6,Weekday,Winter,No,28.04,66.61,0.38
2023-01-31 07:00,1,7,Weekday,Winter,No,28.04,67.14,0.0
2023-01-31 08:00,1,8,Weekday,Winter,Yes,29.72,67.21,0.0
2023-01-31 09:00,1,9,Weekday,Winter,Yes,33.34,66.38,0.0
2023-01-31 10:00,1,10,Weekday,Winter,Yes,36.74,67.09,19.55
2023-01-31 11:00,1,11,Weekday,Winter,Yes,40.36,67.74,22.06
2023-01-31 12:00,1,12,Weekday,Winter,Yes,43.24,67.55,25.32
2023-01-31 13:00,1,13,Weekday,Winter,Yes,45.22,68.13,26.99
2023-01-31 14:00,1,14,Weekday,Winter,Yes,46.56,68.08,28.78
2023-01-31 15:00,1,15,Weekday,Winter,Yes,48.1,68.7,35.73
2023-01-31 16:00,1,16,Weekday,Winter,Yes,48.4,68.93,24.65
2023-01-31 17:00,1,17,Weekday,Winter,Yes,47.39,68.05,22.3
2023-01-31 18:00,1,18,Weekday,Winter,No,45.78,69.51,23.42
2023-01-31 19:00,1,19,Weekday,Winter,No,43.28,68.75,22.58
2023-01-31 20:00,1,20,Weekday,Winter,No,41.45,68.95,26.75
2023-01-31 21:00,1,21,Weekday,Winter,No,42.05,68.92,7.52
2023-01-31 22:00,1,22,Weekday,Winter,No,43.74,69.72,16.8
2023-01-31 23:00,1,23,Weekday,Winter,No,45.47,68.6,5.79
2023-02-01 00:00,2,0,Weekday,Winter,No,47.16,69.43,11.06
2023-02-01 01:00,2,1,Weekday,Winter,No,48.89,69.52,0.8
2023-02-01 02:00,2,2,Weekday,Winter,No,50.58,70.19,13.55
2023-02-01 03:00,2,3,Weekday,Winter,No,52.31,69.65,25.94
2023-02-01 04:00,2,4,Weekday,Winter,No,52.43,70.03,9.89
2023-02-01 05:00,2,5,Weekday,Winter,No,51.98,70.05,17.34
2023-02-01 06:00,2,6,Weekday,Winter,No,51.98,70.27,17.85
2023-02-01 07:00,2,7,Weekday,Winter,No,52.61,70.81,20.43
2023-02-01 08:00,2,8,Weekday,Winter,Yes,53.58,69.65,23.83
2023-02-01 09:00,2,9,Weekday,Winter,Yes,55.12,70.09,26.17
2023-02-01 10:00,2,10,Weekday,Winter,Yes,56.57,70.02,28.37
2023-02-01 11:00,2,11,Weekday,Winter,Yes,59.33,70.19,37.41
2023-02-01 12:00,2,12,Weekday,Winter,Yes,61.61,69.85,41.67
2023-02-01 13:00,2,13,Weekday,Winter,Yes,62.58,71.24,38.35
2023-02-01 14:00,2,14,Weekday,Winter,Yes,62.44,71.9,39.29
2023-02-01 15:00,2,15,Weekday,Winter,Yes,62.06,71.43,37.48
2023-02-01 16:00,2,16,Weekday,Winter,Yes,62.58,70.95,43.41
2023-02-01 17:00,2,17,Weekday,Winter,Yes,60.65,69.59,36.19
2023-02-01 18:00,2,18,Weekday,Winter,No,57.85,71.21,40.45
2023-02-01 19:00,2,19,Weekday,Winter,No,56.39,71.05,31.18
2023-02-01 20:00,2,20,Weekday,Winter,No,54.26,71.1,28.98
2023-02-01 21:00,2,21,Weekday,Winter,No,53.58,70.15,22.29
2023-02-01 22:00,2,22,Weekday,Winter,No,53.43,69.87,19.53
2023-02-01 23:00,2,23,Weekday,Winter,No,53.06,70.32,17.32
2023-02-02 00:00,2,0,Weekday,Winter,No,52.43,70.62,15.25
2023-02-02 01:00,2,1,Weekday,Winter,No,51.46,70.5,13.09
2023-02-02 02:00,2,2,Weekday,Winter,No,51.08,70.44,13.8
2023-02-02 03:00,2,3,Weekday,Winter,No,51.08,70.32,15.8
2023-02-02 04:00,2,4,Weekday,Winter,No,49.82,70.21,12.38
2023-02-02 05:00,2,5,Weekday,Winter,No,48.4,69.39,20.81
2023-02-02 06:00,2,6,Weekday,Winter,No,48.02,69.32,14.42
2023-02-02 07:00,2,7,Weekday,Winter,No,46.86,69.06,10.36
2023-02-02 08:00,2,8,Weekday,Winter,Yes,48.98,69.06,13.35
2023-02-02 09:00,2,9,Weekday,Winter,Yes,53.92,69.48,4.95
2023-02-02 10:00,2,10,Weekday,Winter,Yes,58.36,69.89,24.35
2023-02-02 11:00,2,11,Weekday,Winter,Yes,61.76,69.87,40.61
2023-02-02 12:00,2,12,Weekday,Winter,Yes,64.11,70.83,35.7
2023-02-02 13:00,2,13,Weekday,Winter,Yes,66.72,71.21,46.52
2023-02-02 14:00,2,14,Weekday,Winter,Yes,68.0,71.82,41.45
2023-02-02 15:00,2,15,Weekday,Winter,Yes,66.84,70.74,39.05
2023-02-02 16:00,2,16,Weekday,Winter,Yes,65.39,70.73,44.01
2023-02-02 17:00,2,17,Weekday,Winter,Yes,63.26,71.35,43.26
2023-02-02 18:00,2,18,Weekday,Winter,No,60.28,70.68,36.1
2023-02-02 19:00,2,19,Weekday,Winter,No,57.85,70.72,45.47
2023-02-02 20:00,2,20,Weekday,Winter,No,56.39,70.98,33.84
2023-02-02 21:00,2,21,Weekday,Winter,No,54.26,70.47,23.57
2023-02-02 22:00,2,22,Weekday,Winter,No,51.9,71.19,20.63
2023-02-02 23:00,2,23,Weekday,Winter,No,50.45,68.88,20.13
2023-02-03 00:00,2,0,Weekday,Winter,No,49.37,70.49,18.13
2023-02-03 01:00,2,1,Weekday,Winter,No,48.4,69.32,13.06
2023-02-03 02:00,2,2,Weekday,Winter,No,46.86,69.97,15.4
2023-02-03 03:00,2,3,Weekday,Winter,No,46.04,69.39,10.17
2023-02-03 04:00,2,4,Weekday,Winter,No,45.41,69.53,11.96
2023-02-03 05:00,2,5,Weekday,Winter,No,44.44,68.85,8.39
2023-02-03 06:00,2,6,Weekday,Winter,No,44.06,68.14,11.35
2023-02-03 07:00,2,7,Weekday,Winter,No,44.06,69.86,12.25
2023-02-03 08:00,2,8,Weekday,Winter,Yes,46.9,68.51,10.08
2023-02-03 09:00,2,9,Weekday,Winter,Yes,52.49,69.35,22.3
2023-02-03 10:00,2,10,Weekday,Winter,Yes,57.35,69.86,34.4
2023-02-03 11:00,2,11,Weekday,Winter,Yes,61.31,70.57,38.85
2023-02-03 12:00,2,12,Weekday,Winter,Yes,64.11,70.44,29.33
2023-02-03 13:00,2,13,Weekday,Winter,Yes,65.57,71.67,29.1
2023-02-03 14:00,2,14,Weekday,Winter,Yes,66.54,71.08,44.62
2023-02-03 15:00,2,15,Weekday,Winter,Yes,66.92,71.2,38.56
2023-02-03 16:00,2,16,Weekday,Winter,Yes,66.92,71.85,42.7
2023-02-03 17:00,2,17,Weekday,Winter,Yes,65.24,71.15,39.49
2023-02-03 18:00,2,18,Weekday,Winter,No,61.73,72.73,46.45
2023-02-03 19:00,2,19,Weekday,Winter,No,58.3,71.85,34.25
2023-02-03 20:00,2,20,Weekday,Winter,No,55.86,70.11,30.47
2023-02-03 21:00,2,21,Weekday,Winter,No,53.88,70.39,21.89
2023-02-03 22:00,2,22,Weekday,Winter,No,50.12,70.52,15.38
2023-02-03 23:00,2,23,Weekday,Winter,No,48.54,69.88,19.51
2023-02-04 00:00,2,0,Weekend,Winter,No,49.55,71.1,22.58
2023-02-04 01:00,2,1,Weekend,Winter,No,49.37,70.78,11.51
2023-02-04 02:00,2,2,Weekend,Winter,No,49.55,70.4,22.93
2023-02-04 03:00,2,3,Weekend,Winter,No,48.84,70.1,15.94
2023-02-04 04:00,2,4,Weekend,Winter,No,48.02,69.72,5.44
2023-02-04 05:00,2,5,Weekend,Winter,No,47.39,69.93,12.34
2023-02-04 06:00,2,6,Weekend,Winter,No,48.1,69.62,25.04
2023-02-04 07:00,2,7,Weekend,Winter,No,47.76,69.87,12.67
2023-02-04 08:00,2,8,Weekend,Winter,No,48.72,70.15,17.47
2023-02-04 09:00,2,9,Weekend,Winter,No,50.63,71.14,11.46
2023-02-04 10:00,2,10,Weekend,Winter,No,50.45,70.08,24.73
2023-02-04 11:00,2,11,Weekend,Winter,No,50.0,69.71,28.51
2023-02-04 12:00,2,12,Weekend,Winter,No,47.69,70.92,28.82
2023-02-04 13:00,2,13,Weekend,Winter,No,46.04,69.38,27.47
2023-02-04 14:00,2,14,Weekend,Winter,No,46.04,69.19,20.47
2023-02-04 15:00,2,15,Weekend,Winter,No,47.72,69.09,20.61
2023-02-04 16:00,2,16,Weekend,Winter,No,47.76,69.29,23.76
2023-02-04 17:00,2,17,Weekend,Winter,No,45.78,71.19,19.8
2023-02-04 18:00,2,18,Weekend,Winter,No,44.96,69.41,29.65
2023-02-04 19:00,2,19,Weekend,Winter,No,44.96,68.74,22.45
2023-02-04 20:00,2,20,Weekend,Winter,No,43.8,70.03,23.84
2023-02-04 21:00,2,21,Weekend,Winter,No,42.46,69.36,7.4
2023-02-04 22:00,2,22,Weekend,Winter,No,41.45,68.94,3.6
2023-02-04 23:00,2,23,Weekend,Winter,No,40.37,67.78,5.88
2023-02-05 00:00,2,0,Weekend,Winter,No,39.92,69.14,3.68
2023-02-05 01:00,2,1,Weekend,Winter,No,39.4,68.4,6.71
2023-02-05 02:00,2,2,Weekend,Winter,No,39.02,68.64,7.5
2023-02-05 03:00,2,3,Weekend,Winter,No,37.86,68.1,4.96
2023-02-05 04:00,2,4,Weekend,Winter,No,37.04,68.2,6.58
2023-02-05 05:00,2,5,Weekend,Winter,No,37.04,69.02,1.26
2023-02-05 06:00,2,6,Weekend,Winter,No,36.41,67.85,0.0
2023-02-05 07:00,2,7,Weekend,Winter,No,36.59,67.83,8.61
2023-02-05 08:00,2,8,Weekend,Winter,No,39.98,69.47,2.56
2023-02-05 09:00,2,9,Weekend,Winter,No,45.54,70.36,2.69
2023-02-05 10:00,2,10,Weekend,Winter,No,50.33,70.16,29.83
2023-02-05 11:00,2,11,Weekend,Winter,No,54.29,70.89,31.19
2023-02-05 12:00,2,12,Weekend,Winter,No,57.1,70.84,32.65
2023-02-05 13:00,2,13,Weekend,Winter,No,59.18,70.87,32.7
2023-02-05 14:00,2,14,Weekend,Winter,No,61.24,71.54,32.0
2023-02-05 15:00,2,15,Weekend,Winter,No,62.06,72.37,45.08
2023-02-05 16:00,2,16,Weekend,Winter,No,61.43,71.7,35.7
2023-02-05 17:00,2,17,Weekend,Winter,No,59.2,72.0,39.92
2023-02-05 18:00,2,18,Weekend,Winter,No,55.61,71.02,37.33
2023-02-05 19:00,2,19,Weekend,Winter,No,52.28,69.62,29.28
2023-02-05 20:00,2,20,Weekend,Winter,No,48.14,69.44,28.43
2023-02-05 21:00,2,21,Weekend,Winter,No,44.89,68.49,5.67
2023-02-05 22:00,2,22,Weekend,Winter,No,44.06,69.7,16.44
2023-02-05 23:00,2,23,Weekend,Winter,No,44.06,69.29,12.24
2023-02-06 00:00,2,0,Weekday,Winter,No,44.58,70.14,10.52
2023-02-06 01:00,2,1,Weekday,Winter,No,43.8,69.14,11.73
2023-02-06 02:00,2,2,Weekday,Winter,No,44.14,69.8,8.13
2023-02-06 03:00,2,3,Weekday,Winter,No,46.74,69.54,22.88
2023-02-06 04:00,2,4,Weekday,Winter,No,48.54,69.43,12.81
2023-02-06 05:00,2,5,Weekday,Winter,No,48.92,70.0,5.76
2023-02-06 06:00,2,6,Weekday,Winter,No,48.92,70.5,6.91
2023-02-06 07:00,2,7,Weekday,Winter,No,48.92,70.71,15.65
2023-02-06 08:00,2,8,Weekday,Winter,Yes,49.55,68.91,23.86
2023-02-06 09:00,2,9,Weekday,Winter,Yes,51.78,68.78,8.27
2023-02-06 10:00,2,10,Weekday,Winter,Yes,53.58,69.71,34.68
2023-02-06 11:00,2,11,Weekday,Winter,Yes,55.12,69.92,32.26
2023-02-06 12:00,2,12,Weekday,Winter,Yes,57.72,70.25,37.72
2023-02-06 13:00,2,13,Weekday,Winter,Yes,60.16,70.86,46.44
2023-02-06 14:00,2,14,Weekday,Winter,Yes,61.61,70.51,27.33
2023-02-06 15:00,2,15,Weekday,Winter,Yes,61.43,70.2,36.75
2023-02-06 16:00,2,16,Weekday,Winter,Yes,59.82,70.06,46.79
2023-02-06 17:00,2,17,Weekday,Winter,Yes,58.37,69.93,32.1
2023-02-06 18:00,2,18,Weekday,Winter,No,50.99,70.47,33.51
2023-02-06 19:00,2,19,Weekday,Winter,No,44.89,69.53,24.78
2023-02-06 20:00,2,20,Weekday,Winter,No,42.9,69.78,22.83
2023-02-06 21:00,2,21,Weekday,Winter,No,40.3,68.24,0.0
2023-02-06 22:00,2,22,Weekday,Winter,No,37.86,67.43,9.94
2023-02-06 23:00,2,23,Weekday,Winter,No,35.88,68.5,0.0
2023-02-07 00:00,2,0,Weekday,Winter,No,33.9,67.32,2.41
2023-02-07 01:00,2,1,Weekday,Winter,No,34.24,67.44,2.04
2023-02-07 02:00,2,2,Weekday,Winter,No,35.06,68.89,2.71
2023-02-07 03:00,2,3,Weekday,Winter,No,34.43,68.26,0.0
2023-02-07 04:00,2,4,Weekday,Winter,No,33.46,67.52,0.0
2023-02-07 05:00,2,5,Weekday,Winter,No,32.45,67.76,8.07
2023-02-07 06:00,2,6,Weekday,Winter,No,31.37,67.99,0.0
2023-02-07 07:00,2,7,Weekday,Winter,No,30.92,67.0,0.0
2023-02-07 08:00,2,8,Weekday,Winter,Yes,33.86,66.58,11.52
2023-02-07 09:00,2,9,Weekday,Winter,Yes,38.9,67.33,2.65
2023-02-07 10:00,2,10,Weekday,Winter,Yes,43.31,68.39,24.54
2023-02-07 11:00,2,11,Weekday,Winter,Yes,46.11,69.41,24.63
2023-02-07 12:00,2,12,Weekday,Winter,Yes,48.72,69.46,27.38
2023-02-07 13:00,2,13,Weekday,Winter,Yes,50.63,68.75,25.54
2023-02-07 14:00,2,14,Weekday,Winter,Yes,51.6,69.3,31.99
2023-02-07 15:00,2,15,Weekday,Winter,Yes,53.14,69.47,33.52
2023-02-07 16:00,2,16,Weekday,Winter,Yes,54.59,69.56,36.18
2023-02-07 17:00,2,17,Weekday,Winter,Yes,52.73,69.31,24.83
2023-02-07 18:00,2,18,Weekday,Winter,No,49.82,69.76,28.97
2023-02-07 19:00,2,19,Weekday,Winter,No,47.24,69.79,29.55
2023-02-07 20:00,2,20,Weekday,Winter,No,45.41,69.57,28.25
2023-02-07 21:00,2,21,Weekday,Winter,No,43.8,69.34,16.68
2023-02-07 22:00,2,22,Weekday,Winter,No,41.2,68.6,14.48
2023-02-07 23:00,2,23,Weekday,Winter,No,41.18,68.69,2.24
2023-02-08 00:00,2,0,Weekday,Winter,No,41.45,69.02,1.18
2023-02-08 01:00,2,1,Weekday,Winter,No,41.0,69.25,11.41
2023-02-08 02:00,2,2,Weekday,Winter,No,41.0,68.72,6.19
2023-02-08 03:00,2,3,Weekday,Winter,No,41.0,68.27,8.91
2023-02-08 04:00,2,4,Weekday,Winter,No,40.37,69.46,7.92
2023-02-08 05:00,2,5,Weekday,Winter,No,40.55,68.28,11.93
2023-02-08 06:00,2,6,Weekday,Winter,No,41.0,68.32,12.72
2023-02-08 07:00,2,7,Weekday,Winter,No,41.0,68.42,5.73
2023-02-08 08:00,2,8,Weekday,Winter,Yes,43.94,68.36,17.75
2023-02-08 09:00,2,9,Weekday,Winter,Yes,47.72,68.73,20.63
2023-02-08 10:00,2,10,Weekday,Winter,Yes,50.18,69.88,20.64
2023-02-08 11:00,2,11,Weekday,Winter,Yes,52.24,70.04,32.99
2023-02-08 12:00,2,12,Weekday,Winter,Yes,53.58,69.41,28.24
2023-02-08 13:00,2,13,Weekday,Winter,Yes,53.43,69.59,38.36
2023-02-08 14:00,2,14,Weekday,Winter,Yes,48.34,68.56,27.66
2023-02-08 15:00,2,15,Weekday,Winter,Yes,43.28,68.6,16.13
2023-02-08 16:00,2,16,Weekday,Winter,Yes,42.6,68.06,27.96
2023-02-08 17:00,2,17,Weekday,Winter,Yes,42.98,67.83,17.95
2023-02-08 18:00,2,18,Weekday,Winter,No,42.98,68.24,20.66
2023-02-08 19:00,2,19,Weekday,Winter,No,43.61,69.58,26.5
2023-02-08 20:00,2,20,Weekday,Winter,No,44.06,69.45,20.43
2023-02-08 21:00,2,21,Weekday,Winter,No,44.06,68.28,11.99
2023-02-08 22:00,2,22,Weekday,Winter,No,44.06,68.82,5.57
2023-02-08 23:00,2,23,Weekday,Winter,No,43.43,68.82,3.99
2023-02-09 00:00,2,0,Weekday,Winter,No,43.61,68.96,2.68
2023-02-09 01:00,2,1,Weekday,Winter,No,43.43,69.22,8.68
2023-02-09 02:00,2,2,Weekday,Winter,No,43.61,69.52,7.33
2023-02-09 03:00,2,3,Weekday,Winter,No,43.43,69.6,5.38
2023-02-09 04:00,2,4,Weekday,Winter,No,42.98,69.7,5.44
2023-02-09 05:00,2,5,Weekday,Winter,No,42.46,68.13,11.37
2023-02-09 06:00,2,6,Weekday,Winter,No,41.45,69.14,8.12
2023-02-09 07:00,2,7,Weekday,Winter,No,40.37,68.59,7.67
2023-02-09 08:00,2,8,Weekday,Winter,Yes,42.34,67.99,13.75
2023-02-09 09:00,2,9,Weekday,Winter,Yes,45.22,68.5,12.78
2023-02-09 10:00,2,10,Weekday,Winter,Yes,47.72,69.21,18.22
2023-02-09 11:00,2,11,Weekday,Winter,Yes,48.4,69.18,40.8
2023-02-09 12:00,2,12,Weekday,Winter,Yes,48.02,68.61,27.29
2023-02-09 13:00,2,13,Weekday,Winter,Yes,46.86,67.89,24.24
2023-02-09 14:00,2,14,Weekday,Winter,Yes,45.41,68.0,17.16
2023-02-09 15:00,2,15,Weekday,Winter,Yes,44.96,67.12,17.49
2023-02-09 16:00,2,16,Weekday,Winter,Yes,43.8,68.14,18.72
2023-02-09 17:00,2,17,Weekday,Winter,Yes,41.2,67.14,15.92
2023-02-09 18:00,2,18,Weekday,Winter,No,39.92,68.83,21.96
2023-02-09 19:00,2,19,Weekday,Winter,No,39.92,67.88,30.91
2023-02-09 20:00,2,20,Weekday,Winter,No,39.4,69.15,18.64
2023-02-09 21:00,2,21,Weekday,Winter,No,38.39,69.06,6.12
2023-02-09 22:00,2,22,Weekday,Winter,No,37.42,68.01,7.52
2023-02-09 23:00,2,23,Weekday,Winter,No,36.41,67.23,7.09
2023-02-10 00:00,2,0,Weekday,Winter,No,35.96,67.62,0.0
2023-02-10 01:00,2,1,Weekday,Winter,No,35.44,67.43,3.67
2023-02-10 02:00,2,2,Weekday,Winter,No,33.9,68.29,0.0
2023-02-10 03:00,2,3,Weekday,Winter,No,33.08,67.68,0.0
2023-02-10 04:00,2,4,Weekday,Winter,No,32.45,67.88,0.0
2023-02-10 05:00,2,5,Weekday,Winter,No,32.0,67.14,0.0
2023-02-10 06:00,2,6,Weekday,Winter,No,32.0,66.85,4.39
2023-02-10 07:00,2,7,Weekday,Winter,No,32.0,67.24,1.46
2023-02-10 08:00,2,8,Weekday,Winter,Yes,33.78,65.95,9.45
2023-02-10 09:00,2,9,Weekday,Winter,Yes,38.52,66.9,9.21
2023-02-10 10:00,2,10,Weekday,Winter,Yes,43.31,68.73,26.38
2023-02-10 11:00,2,11,Weekday,Winter,Yes,46.11,68.22,19.96
2023-02-10 12:00,2,12,Weekday,Winter,Yes,48.72,69.19,33.59
2023-02-10 13:00,2,13,Weekday,Winter,Yes,50.63,70.27,32.48
2023-02-10 14:00,2,14,Weekday,Winter,Yes,52.24,70.82,33.55
2023-02-10 15:00,2,15,Weekday,Winter,Yes,52.43,69.9,27.37
2023-02-10 16:00,2,16,Weekday,Winter,Yes,51.98,70.27,33.09
2023-02-10 17:00,2,17,Weekday,Winter,Yes,50.82,70.12,30.43
2023-02-10 18:00,2,18,Weekday,Winter,No,48.84,69.69,23.31
2023-02-10 19:00,2,19,Weekday,Winter,No,45.71,69.86,31.91
2023-02-10 20:00,2,20,Weekday,Winter,No,43.43,68.75,19.47
2023-02-10 21:00,2,21,Weekday,Winter,No,41.2,68.26,2.99
2023-02-10 22:00,2,22,Weekday,Winter,No,38.76,68.29,5.76
2023-02-10 23:00,2,23,Weekday,Winter,No,36.26,67.73,6.39
2023-02-11 00:00,2,0,Weekend,Winter,No,34.43,67.55,0.0
2023-02-11 01:00,2,1,Weekend,Winter,No,33.46,68.89,2.78
2023-02-11 02:00,2,2,Weekend,Winter,No,33.08,68.06,4.9
2023-02-11 03:00,2,3,Weekend,Winter,No,32.45,67.38,2.32
2023-02-11 04:00,2,4,Weekend,Winter,No,32.0,68.0,1.21
2023-02-11 05:00,2,5,Weekend,Winter,No,31.37,67.66,4.66
2023-02-11 06:00,2,6,Weekend,Winter,No,30.92,68.12,0.0
2023-02-11 07:00,2,7,Weekend,Winter,No,32.18,67.73,0.0
2023-02-11 08:00,2,8,Weekend,Winter,No,36.54,68.05,10.8
2023-02-11 09:00,2,9,Weekend,Winter,No,41.96,69.11,11.68
2023-02-11 10:00,2,10,Weekend,Winter,No,47.52,68.63,24.54
2023-02-11 11:00,2,11,Weekend,Winter,No,52.31,71.09,25.19
2023-02-11 12:00,2,12,Weekend,Winter,No,54.59,69.64,36.62
2023-02-11 13:00,2,13,Weekend,Winter,No,56.2,71.33,33.03
2023-02-11 14:00,2,14,Weekend,Winter,No,58.18,71.65,40.66
2023-02-11 15:00,2,15,Weekend,Winter,No,59.63,71.98,34.76
2023-02-11 16:00,2,16,Weekend,Winter,No,60.08,71.92,32.6
2023-02-11 17:00,2,17,Weekend,Winter,No,57.14,71.9,36.76
2023-02-11 18:00,2,18,Weekend,Winter,No,53.26,71.03,25.09
2023-02-11 19:00,2,19,Weekend,Winter,No,50.82,69.39,29.84
2023-02-11 20:00,2,20,Weekend,Winter,No,47.69,70.45,25.99
2023-02-11 21:00,2,21,Weekend,Winter,No,45.41,69.76,1.9
2023-02-11 22:00,2,22,Weekend,Winter,No,43.8,69.33,9.88
2023-02-11 23:00,2,23,Weekend,Winter,No,41.2,69.38,15.92
2023-02-12 00:00,2,0,Weekend,Winter,No,40.55,68.05,7.81
2023-02-12 01:00,2,1,Weekend,Winter,No,39.84,67.6,5.51
2023-02-12 02:00,2,2,Weekend,Winter,No,40.17,68.16,0.0
2023-02-12 03:00,2,3,Weekend,Winter,No,41.63,68.42,17.3
2023-02-12 04:00,2,4,Weekend,Winter,No,41.45,68.65,0.0
2023-02-12 05:00,2,5,Weekend,Winter,No,40.37,69.04,11.38
2023-02-12 06:00,2,6,Weekend,Winter,No,39.92,68.54,13.62
2023-02-12 07:00,2,7,Weekend,Winter,No,39.92,68.66,15.69
2023-02-12 08:00,2,8,Weekend,Winter,No,45.17,69.01,10.51
2023-02-12 09:00,2,9,Weekend,Winter,No,51.86,70.89,9.96
2023-02-12 10:00,2,10,Weekend,Winter,No,55.74,70.15,37.69
2023-02-12 11:00,2,11,Weekend,Winter,No,60.48,71.96,36.47
2023-02-12 12:00,2,12,Weekend,Winter,No,64.11,71.01,41.9
2023-02-12 13:00,2,13,Weekend,Winter,No,66.72,71.98,50.68
2023-02-12 14:00,2,14,Weekend,Winter,No,68.63,72.91,36.06
2023-02-12 15:00,2,15,Weekend,Winter,No,68.45,71.54,46.75
2023-02-12 16:00,2,16,Weekend,Winter,No,67.37,72.5,49.55
2023-02-12 17:00,2,17,Weekend,Winter,No,64.61,72.61,43.1
2023-02-12 18:00,2,18,Weekend,Winter,No,60.65,71.85,32.98
2023-02-12 19:00,2,19,Weekend,Winter,No,57.22,71.95,32.64
2023-02-12 20:00,2,20,Weekend,Winter,No,53.1,70.33,30.14
2023-02-12 21:00,2,21,Weekend,Winter,No,49.3,69.58,19.2
2023-02-12 22:00,2,22,Weekend,Winter,No,46.24,69.58,10.06
2023-02-12 23:00,2,23,Weekend,Winter,No,44.44,70.07,18.39
2023-02-13 00:00,2,0,Weekday,Winter,No,44.06,68.65,5.39
2023-02-13 01:00,2,1,Weekday,Winter,No,44.06,69.27,11.73
2023-02-13 02:00,2,2,Weekday,Winter,No,44.06,69.08,4.37
2023-02-13 03:00,2,3,Weekday,Winter,No,44.06,69.61,11.08
2023-02-13 04:00,2,4,Weekday,Winter,No,43.43,68.98,13.55
2023-02-13 05:00,2,5,Weekday,Winter,No,43.61,68.21,2.93
2023-02-13 06:00,2,6,Weekday,Winter,No,43.43,68.32,17.36
2023-02-13 07:00,2,7,Weekday,Winter,No,44.14,69.22,6.02
2023-02-13 08:00,2,8,Weekday,Winter,Yes,48.53,68.6,9.68
2023-02-13 09:00,2,9,Weekday,Winter,Yes,54.54,69.68,16.01
2023-02-13 10:00,2,10,Weekday,Winter,Yes,59.96,70.9,38.98
2023-02-13 11:00,2,11,Weekday,Winter,Yes,64.9,70.68,41.84
2023-02-13 12:00,2,12,Weekday,Winter,Yes,68.7,72.74,43.43
2023-02-13 13:00,2,13,Weekday,Winter,Yes,69.46,72.7,47.69
2023-02-13 14:00,2,14,Weekday,Winter,Yes,70.24,71.96,52.02
2023-02-13 15:00,2,15,Weekday,Winter,Yes,71.06,72.33,48.47
2023-02-13 16:00,2,16,Weekday,Winter,Yes,69.28,71.54,43.82
2023-02-13 17:00,2,17,Weekday,Winter,Yes,65.69,71.62,44.15
2023-02-13 18:00,2,18,Weekday,Winter,No,62.26,72.05,34.07
2023-02-13 19:00,2,19,Weekday,Winter,No,59.2,70.96,40.63
2023-02-13 20:00,2,20,Weekday,Winter,No,54.46,70.12,32.1
2023-02-13 21:00,2,21,Weekday,Winter,No,51.98,69.83,15.63
2023-02-13 22:00,2,22,Weekday,Winter,No,50.2,70.26,23.02
2023-02-13 23:00,2,23,Weekday,Winter,No,47.76,69.29,11.52
2023-02-14 00:00,2,0,Weekday,Winter,No,49.36,69.72,11.57
2023-02-14 01:00,2,1,Weekday,Winter,No,49.82,70.11,12.97
2023-02-14 02:00,2,2,Weekday,Winter,No,46.61,69.54,12.49
2023-02-14 03:00,2,3,Weekday,Winter,No,44.96,69.42,6.19
2023-02-14 04:00,2,4,Weekday,Winter,No,45.59,69.79,15.25
2023-02-14 05:00,2,5,Weekday,Winter,No,46.04,69.07,11.91
2023-02-14 06:00,2,6,Weekday,Winter,No,46.56,69.8,11.81
2023-02-14 07:00,2,7,Weekday,Winter,No,47.57,69.95,17.22
2023-02-14 08:00,2,8,Weekday,Winter,Yes,52.12,69.79,13.21
2023-02-14 09:00,2,9,Weekday,Winter,Yes,56.72,68.86,12.45
2023-02-14 10:00,2,10,Weekday,Winter,Yes,59.7,71.65,41.51
2023-02-14 11:00,2,11,Weekday,Winter,Yes,65.7,72.19,36.05
2023-02-14 12:00,2,12,Weekday,Winter,Yes,71.39,72.25,50.32
2023-02-14 13:00,2,13,Weekday,Winter,Yes,74.72,72.83,53.39
2023-02-14 14:00,2,14,Weekday,Winter,Yes,75.92,72.81,55.56
2023-02-14 15:00,2,15,Weekday,Winter,Yes,75.4,73.27,49.21
2023-02-14 16:00,2,16,Weekday,Winter,Yes,74.39,72.07,48.1
2023-02-14 17:00,2,17,Weekday,Winter,Yes,71.63,71.19,42.77
2023-02-14 18:00,2,18,Weekday,Winter,No,67.67,72.4,44.5
2023-02-14 19:00,2,19,Weekday,Winter,No,64.24,72.28,40.99
2023-02-14 20:00,2,20,Weekday,Winter,No,61.8,71.15,45.38
2023-02-14 21:00,2,21,Weekday,Winter,No,58.04,70.22,22.57
2023-02-14 22:00,2,22,Weekday,Winter,No,55.94,70.08,16.87
2023-02-14 23:00,2,23,Weekday,Winter,No,55.94,71.83,20.79
2023-02-15 00:00,2,0,Weekday,Winter,No,58.36,71.3,16.22
2023-02-15 01:00,2,1,Weekday,Winter,No,60.08,71.01,28.67
2023-02-15 02:00,2,2,Weekday,Winter,No,59.45,71.44,20.63
2023-02-15 03:00,2,3,Weekday,Winter,No,57.85,71.0,14.83
2023-02-15 04:00,2,4,Weekday,Winter,No,56.39,72.01,18.41
2023-02-15 05:00,2,5,Weekday,Winter,No,55.42,71.11,15.34
2023-02-15 06:00,2,6,Weekday,Winter,No,55.04,69.79,22.21
2023-02-15 07:00,2,7,Weekday,Winter,No,56.2,70.51,21.87
2023-02-15 08:00,2,8,Weekday,Winter,Yes,57.02,69.43,17.91
2023-02-15 09:00,2,9,Weekday,Winter,Yes,59.33,70.17,29.87
2023-02-15 10:00,2,10,Weekday,Winter,Yes,63.29,71.27,39.75
2023-02-15 11:00,2,11,Weekday,Winter,Yes,67.36,71.77,45.93
2023-02-15 12:00,2,12,Weekday,Winter,Yes,68.45,72.14,42.43
2023-02-15 13:00,2,13,Weekday,Winter,Yes,67.37,71.54,51.74
2023-02-15 14:00,2,14,Weekday,Winter,Yes,66.92,70.92,42.76
2023-02-15 15:00,2,15,Weekday,Winter,Yes,66.4,71.57,40.05
2023-02-15 16:00,2,16,Weekday,Winter,Yes,66.02,71.21,40.31
2023-02-15 17:00,2,17,Weekday,Winter,Yes,66.54,70.63,44.4
2023-02-15 18:00,2,18,Weekday,Winter,No,65.76,72.03,35.25
2023-02-15 19:00,2,19,Weekday,Winter,No,63.78,71.67,43.63
2023-02-15 20:00,2,20,Weekday,Winter,No,61.8,71.03,50.46
2023-02-15 21:00,2,21,Weekday,Winter,No,61.61,71.67,21.07
2023-02-15 22:00,2,22,Weekday,Winter,No,61.43,71.28,30.17
2023-02-15 23:00,2,23,Weekday,Winter,No,60.98,71.19,23.78
2023-02-16 00:00,2,0,Weekday,Winter,No,60.46,71.33,28.15
2023-02-16 01:00,2,1,Weekday,Winter,No,59.45,71.03,26.36
2023-02-16 02:00,2,2,Weekday,Winter,No,59.0,70.84,21.44
2023-02-16 03:00,2,3,Weekday,Winter,No,59.0,72.06,24.35
2023-02-16 04:00,2,4,Weekday,Winter,No,58.37,70.99,17.77
2023-02-16 05:00,2,5,Weekday,Winter,No,57.4,71.05,23.3
2023-02-16 06:00,2,6,Weekday,Winter,No,57.02,71.9,25.2
2023-02-16 07:00,2,7,Weekday,Winter,No,56.39,70.89,16.7
2023-02-16 08:00,2,8,Weekday,Winter,Yes,57.72,70.49,19.95
2023-02-16 09:00,2,9,Weekday,Winter,Yes,61.31,70.6,20.93
2023-02-16 10:00,2,10,Weekday,Winter,Yes,64.11,70.93,40.13
2023-02-16 11:00,2,11,Weekday,Winter,Yes,65.57,71.08,36.08
2023-02-16 12:00,2,12,Weekday,Winter,Yes,66.54,71.93,51.51
2023-02-16 13:00,2,13,Weekday,Winter,Yes,65.76,71.38,57.62
2023-02-16 14:00,2,14,Weekday,Winter,Yes,64.41,71.4,35.47
2023-02-16 15:00,2,15,Weekday,Winter,Yes,65.19,71.84,31.37
2023-02-16 16:00,2,16,Weekday,Winter,Yes,64.86,70.93,41.71
2023-02-16 17:00,2,17,Weekday,Winter,Yes,63.41,71.96,31.12
2023-02-16 18:00,2,18,Weekday,Winter,No,61.28,71.44,47.58
2023-02-16 19:00,2,19,Weekday,Winter,No,58.82,71.43,37.66
2023-02-16 20:00,2,20,Weekday,Winter,No,56.76,70.11,38.21
2023-02-16 21:00,2,21,Weekday,Winter,No,54.26,70.81,16.08
2023-02-16 22:00,2,22,Weekday,Winter,No,53.06,70.03,20.83
2023-02-16 23:00,2,23,Weekday,Winter,No,51.9,70.65,19.14
2023-02-17 00:00,2,0,Weekday,Winter,No,49.82,70.07,15.06
2023-02-17 01:00,2,1,Weekday,Winter,No,47.24,69.47,6.35
2023-02-17 02:00,2,2,Weekday,Winter,No,46.04,68.25,21.81
2023-02-17 03:00,2,3,Weekday,Winter,No,46.04,68.45,14.75
2023-02-17 04:00,2,4,Weekday,Winter,No,46.04,69.8,15.47
2023-02-17 05:00,2,5,Weekday,Winter,No,44.89,69.0,16.59
2023-02-17 06:00,2,6,Weekday,Winter,No,45.74,69.87,14.18
2023-02-17 07:00,2,7,Weekday,Winter,No,47.57,68.72,17.48
2023-02-17 08:00,2,8,Weekday,Winter,Yes,50.96,69.26,8.41
2023-02-17 09:00,2,9,Weekday,Winter,Yes,55.9,70.16,19.78
2023-02-17 10:00,2,10,Weekday,Winter,Yes,60.86,70.63,42.41
2023-02-17 11:00,2,11,Weekday,Winter,Yes,64.11,70.48,28.69
2023-02-17 12:00,2,12,Weekday,Winter,Yes,67.36,71.55,39.25
2023-02-17 13:00,2,13,Weekday,Winter,Yes,70.24,71.97,44.44
2023-02-17 14:00,2,14,Weekday,Winter,Yes,71.06,72.82,56.94
2023-02-17 15:00,2,15,Weekday,Winter,Yes,71.06,72.3,38.99
2023-02-17 16:00,2,16,Weekday,Winter,Yes,71.58,71.61,39.35
2023-02-17 17:00,2,17,Weekday,Winter,Yes,70.28,70.99,51.04
2023-02-17 18:00,2,18,Weekday,Winter,No,66.67,72.42,41.06
2023-02-17 19:00,2,19,Weekday,Winter,No,63.26,71.9,45.47
2023-02-17 20:00,2,20,Weekday,Winter,No,59.12,71.39,45.78
2023-02-17 21:00,2,21,Weekday,Winter,No,55.86,71.59,20.75
2023-02-17 22:00,2,22,Weekday,Winter,No,54.41,70.5,17.22
2023-02-17 23:00,2,23,Weekday,Winter,No,53.43,70.13,17.97
2023-02-18 00:00,2,0,Weekend,Winter,No,51.9,71.16,10.39
2023-02-18 01:00,2,1,Weekend,Winter,No,50.45,70.07,15.25
2023-02-18 02:00,2,2,Weekend,Winter,No,48.84,69.49,18.25
2023-02-18 03:00,2,3,Weekend,Winter,No,49.18,69.58,16.83
2023-02-18 04:00,2,4,Weekend,Winter,No,49.37,69.92,16.84
2023-02-18 05:00,2,5,Weekend,Winter,No,48.92,69.89,19.88
2023-02-18 06:00,2,6,Weekend,Winter,No,49.55,69.83,9.2
2023-02-18 07:00,2,7,Weekend,Winter,No,50.63,70.2,21.83
2023-02-18 08:00,2,8,Weekend,Winter,No,54.54,70.94,17.79
2023-02-18 09:00,2,9,Weekend,Winter,No,60.48,71.54,25.56
2023-02-18 10:00,2,10,Weekend,Winter,No,65.9,72.2,38.73
2023-02-18 11:00,2,11,Weekend,Winter,No,70.31,72.12,46.52
2023-02-18 12:00,2,12,Weekend,Winter,No,73.12,73.58,48.61
2023-02-18 13:00,2,13,Weekend,Winter,No,75.1,72.69,55.14
2023-02-18 14:00,2,14,Weekend,Winter,No,75.92,72.88,51.32
2023-02-18 15:00,2,15,Weekend,Winter,No,76.55,73.73,47.56
2023-02-18 16:00,2,16,Weekend,Winter,No,77.0,73.78,54.04
2023-02-18 17:00,2,17,Weekend,Winter,No,75.22,74.47,49.67
2023-02-18 18:00,2,18,Weekend,Winter,No,69.84,72.86,45.68
2023-02-18 19:00,2,19,Weekend,Winter,No,65.76,72.57,41.48
2023-02-18 20:00,2,20,Weekend,Winter,No,62.1,71.98,37.7
2023-02-18 21:00,2,21,Weekend,Winter,No,58.3,70.71,20.85
2023-02-18 22:00,2,22,Weekend,Winter,No,54.71,70.98,18.64
2023-02-18 23:00,2,23,Weekend,Winter,No,53.06,69.64,15.87
2023-02-19 00:00,2,0,Weekend,Winter,No,53.06,69.96,18.71
2023-02-19 01:00,2,1,Weekend,Winter,No,51.9,70.48,17.82
2023-02-19 02:00,2,2,Weekend,Winter,No,51.6,70.52,18.55
2023-02-19 03:00,2,3,Weekend,Winter,No,51.98,70.48,13.76
2023-02-19 04:00,2,4,Weekend,Winter,No,50.82,69.99,14.01
2023-02-19 05:00,2,5,Weekend,Winter,No,51.16,70.4,25.75
2023-02-19 06:00,2,6,Weekend,Winter,No,51.46,69.83,21.19
2023-02-19 07:00,2,7,Weekend,Winter,No,51.6,69.44,19.24
2023-02-19 08:00,2,8,Weekend,Winter,No,55.44,71.2,16.5
2023-02-19 09:00,2,9,Weekend,Winter,No,62.02,71.7,17.82
2023-02-19 10:00,2,10,Weekend,Winter,No,69.67,72.32,42.17
2023-02-19 11:00,2,11,Weekend,Winter,No,75.35,73.43,44.32
2023-02-19 12:00,2,12,Weekend,Winter,No,77.63,73.26,50.11
2023-02-19 13:00,2,13,Weekend,Winter,No,79.24,72.9,47.87
2023-02-19 14:00,2,14,Weekend,Winter,No,81.22,74.44,55.18
2023-02-19 15:00,2,15,Weekend,Winter,No,82.04,73.99,61.26
2023-02-19 16:00,2,16,Weekend,Winter,No,79.73,73.54,57.26
2023-02-19 17:00,2,17,Weekend,Winter,No,75.67,72.86,50.74
2023-02-19 18:00,2,18,Weekend,Winter,No,71.63,73.75,50.74
2023-02-19 19:00,2,19,Weekend,Winter,No,68.2,72.07,41.08
2023-02-19 20:00,2,20,Weekend,Winter,No,65.24,72.0,44.02
2023-02-19 21:00,2,21,Weekend,Winter,No,61.73,71.55,29.47
2023-02-19 22:00,2,22,Weekend,Winter,No,59.45,72.01,13.15
2023-02-19 23:00,2,23,Weekend,Winter,No,57.85,71.28,24.44
2023-02-20 00:00,2,0,Weekday,Winter,No,55.86,70.66,18.34
2023-02-20 01:00,2,1,Weekday,Winter,No,53.88,70.39,26.62
2023-02-20 02:00,2,2,Weekday,Winter,No,53.58,70.64,22.33
2023-02-20 03:00,2,3,Weekday,Winter,No,52.8,70.62,10.78
2023-02-20 04:00,2,4,Weekday,Winter,No,51.98,70.47,26.96
2023-02-20 05:00,2,5,Weekday,Winter,No,52.61,71.07,16.47
2023-02-20 06:00,2,6,Weekday,Winter,No,51.9,69.95,15.52
2023-02-20 07:00,2,7,Weekday,Winter,No,52.24,69.8,12.97
2023-02-20 08:00,2,8,Weekday,Winter,Yes,57.16,69.94,21.86
2023-02-20 09:00,2,9,Weekday,Winter,Yes,62.92,71.2,22.29
2023-02-20 10:00,2,10,Weekday,Winter,Yes,66.1,70.86,49.2
2023-02-20 11:00,2,11,Weekday,Winter,Yes,68.7,71.8,37.76
2023-02-20 12:00,2,12,Weekday,Winter,Yes,71.14,72.79,39.2
2023-02-20 13:00,2,13,Weekday,Winter,Yes,71.96,72.44,39.77
2023-02-20 14:00,2,14,Weekday,Winter,Yes,72.59,72.23,45.6
2023-02-20 15:00,2,15,Weekday,Winter,Yes,72.41,72.41,50.78
2023-02-20 16:00,2,16,Weekday,Winter,Yes,71.44,71.65,49.96
2023-02-20 17:00,2,17,Weekday,Winter,Yes,69.9,71.61,34.95
2023-02-20 18:00,2,18,Weekday,Winter,No,66.67,72.27,47.99
2023-02-20 19:00,2,19,Weekday,Winter,No,62.63,72.81,47.42
2023-02-20 20:00,2,20,Weekday,Winter,No,58.67,70.91,40.69
2023-02-20 21:00,2,21,Weekday,Winter,No,55.86,70.78,18.36
2023-02-20 22:00,2,22,Weekday,Winter,No,55.04,70.68,14.95
2023-02-20 23:00,2,23,Weekday,Winter,No,55.04,71.47,24.41
2023-02-21 00:00,2,0,Weekday,Winter,No,53.26,71.15,12.17
2023-02-21 01:00,2,1,Weekday,Winter,No,50.2,68.79,21.46
2023-02-21 02:00,2,2,Weekday,Winter,No,47.24,68.81,3.05
2023-02-21 03:00,2,3,Weekday,Winter,No,47.2,68.76,12.52
2023-02-21 04:00,2,4,Weekday,Winter,No,45.71,69.45,0.0
2023-02-21 05:00,2,5,Weekday,Winter,No,44.06,69.25,5.17
2023-02-21 06:00,2,6,Weekday,Winter,No,44.06,69.0,13.33
2023-02-21 07:00,2,7,Weekday,Winter,No,43.43,69.66,16.21
2023-02-21 08:00,2,8,Weekday,Winter,Yes,46.44,68.4,2.28
2023-02-21 09:00,2,9,Weekday,Winter,Yes,54.17,69.49,16.68
2023-02-21 10:00,2,10,Weekday,Winter,Yes,59.18,70.63,34.91
2023-02-21 11:00,2,11,Weekday,Winter,Yes,62.92,71.33,42.19
2023-02-21 12:00,2,12,Weekday,Winter,Yes,65.57,71.0,47.04
2023-02-21 13:00,2,13,Weekday,Winter,Yes,66.02,71.11,37.96
2023-02-21 14:00,2,14,Weekday,Winter,Yes,66.54,70.73,41.4
2023-02-21 15:00,2,15,Weekday,Winter,Yes,66.4,70.96,49.73
2023-02-21 16:00,2,16,Weekday,Winter,Yes,65.39,71.64,32.3
2023-02-21 17:00,2,17,Weekday,Winter,Yes,63.78,70.66,41.97
2023-02-21 18:00,2,18,Weekday,Winter,No,61.28,71.66,36.23
2023-02-21 19:00,2,19,Weekday,Winter,No,57.66,70.75,35.68
2023-02-21 20:00,2,20,Weekday,Winter,No,55.94,70.42,21.17
2023-02-21 21:00,2,21,Weekday,Winter,No,55.42,70.72,14.18
2023-02-21 22:00,2,22,Weekday,Winter,No,51.47,69.2,18.38
2023-02-21 23:00,2,23,Weekday,Winter,No,47.76,70.28,5.86
2023-02-22 00:00,2,0,Weekday,Winter,No,45.26,69.65,3.35
2023-02-22 01:00,2,1,Weekday,Winter,No,44.06,69.06,12.56
2023-02-22 02:00,2,2,Weekday,Winter,No,42.9,69.02,10.32
2023-02-22 03:00,2,3,Weekday,Winter,No,40.82,69.36,9.09
2023-02-22 04:00,2,4,Weekday,Winter,No,39.92,68.97,7.63
2023-02-22 05:00,2,5,Weekday,Winter,No,39.4,68.97,11.98
2023-02-22 06:00,2,6,Weekday,Winter,No,39.54,68.64,1.37
2023-02-22 07:00,2,7,Weekday,Winter,No,41.7,68.59,2.78
2023-02-22 08:00,2,8,Weekday,Winter,Yes,50.54,68.64,19.55
2023-02-22 09:00,2,9,Weekday,Winter,Yes,59.51,71.28,30.76
2023-02-22 10:00,2,10,Weekday,Winter,Yes,63.74,70.66,50.67
2023-02-22 11:00,2,11,Weekday,Winter,Yes,66.72,71.85,45.81
2023-02-22 12:00,2,12,Weekday,Winter,Yes,69.78,71.21,45.76
2023-02-22 13:00,2,13,Weekday,Winter,Yes,72.22,71.94,44.09
2023-02-22 14:00,2,14,Weekday,Winter,Yes,73.56,72.54,61.22
2023-02-22 15:00,2,15,Weekday,Winter,Yes,72.78,72.89,50.32
2023-02-22 16:00,2,16,Weekday,Winter,Yes,72.59,72.69,45.65
2023-02-22 17:00,2,17,Weekday,Winter,Yes,71.26,72.12,46.36
2023-02-22 18:00,2,18,Weekday,Winter,No,67.04,72.96,43.57
2023-02-22 19:00,2,19,Weekday,Winter,No,61.48,71.31,37.38
2023-02-22 20:00,2,20,Weekday,Winter,No,57.85,70.07,32.11
2023-02-22 21:00,2,21,Weekday,Winter,No,53.56,69.57,14.2
2023-02-22 22:00,2,22,Weekday,Winter,No,49.3,69.2,8.15
2023-02-22 23:00,2,23,Weekday,Winter,No,46.86,68.95,2.85
2023-02-23 00:00,2,0,Weekday,Winter,No,44.89,68.56,6.15
2023-02-23 01:00,2,1,Weekday,Winter,No,43.43,68.17,12.17
2023-02-23 02:00,2,2,Weekday,Winter,No,42.98,68.35,0.17
2023-02-23 03:00,2,3,Weekday,Winter,No,42.46,69.15,10.31
2023-02-23 04:00,2,4,Weekday,Winter,No,42.08,69.66,6.72
2023-02-23 05:00,2,5,Weekday,Winter,No,40.82,69.3,13.36
2023-02-23 06:00,2,6,Weekday,Winter,No,41.18,68.81,15.85
2023-02-23 07:00,2,7,Weekday,Winter,No,43.76,69.01,14.69
2023-02-23 08:00,2,8,Weekday,Winter,Yes,50.21,68.99,14.51
2023-02-23 09:00,2,9,Weekday,Winter,Yes,56.9,69.56,14.98
2023-02-23 10:00,2,10,Weekday,Winter,Yes,63.1,71.86,46.8
2023-02-23 11:00,2,11,Weekday,Winter,Yes,68.96,71.42,46.07
2023-02-23 12:00,2,12,Weekday,Winter,Yes,73.37,71.81,59.79
2023-02-23 13:00,2,13,Weekday,Winter,Yes,76.8,72.49,45.56
2023-02-23 14:00,2,14,Weekday,Winter,Yes,78.6,73.45,52.83
2023-02-23 15:00,2,15,Weekday,Winter,Yes,79.61,72.65,59.73
2023-02-23 16:00,2,16,Weekday,Winter,Yes,79.43,73.59,49.98
2023-02-23 17:00,2,17,Weekday,Winter,Yes,76.67,72.69,50.2
2023-02-23 18:00,2,18,Weekday,Winter,No,72.08,72.71,45.17
2023-02-23 19:00,2,19,Weekday,Winter,No,67.04,73.07,38.39
2023-02-23 20:00,2,20,Weekday,Winter,No,62.1,72.2,37.48
2023-02-23 21:00,2,21,Weekday,Winter,No,58.3,71.05,24.28
2023-02-23 22:00,2,22,Weekday,Winter,No,54.71,70.59,20.03
2023-02-23 23:00,2,23,Weekday,Winter,No,51.28,70.23,20.44
2023-02-24 00:00,2,0,Weekday,Winter,No,49.37,69.81,22.72
2023-02-24 01:00,2,1,Weekday,Winter,No,47.76,69.69,11.38
2023-02-24 02:00,2,2,Weekday,Winter,No,47.57,69.04,11.64
2023-02-24 03:00,2,3,Weekday,Winter,No,48.02,69.74,13.89
2023-02-24 04:00,2,4,Weekday,Winter,No,48.02,70.44,17.23
2023-02-24 05:00,2,5,Weekday,Winter,No,47.39,69.53,6.41
2023-02-24 06:00,2,6,Weekday,Winter,No,47.57,70.84,12.84
2023-02-24 07:00,2,7,Weekday,Winter,No,49.18,69.65,12.53
2023-02-24 08:00,2,8,Weekday,Winter,Yes,55.25,69.64,20.62
2023-02-24 09:00,2,9,Weekday,Winter,Yes,63.1,71.3,23.92
2023-02-24 10:00,2,10,Weekday,Winter,Yes,70.64,71.98,50.91
2023-02-24 11:00,2,11,Weekday,Winter,Yes,76.35,72.84,52.02
2023-02-24 12:00,2,12,Weekday,Winter,Yes,80.39,73.43,46.55
2023-02-24 13:00,2,13,Weekday,Winter,Yes,83.72,73.75,56.53
2023-02-24 14:00,2,14,Weekday,Winter,Yes,86.18,74.08,64.83
2023-02-24 15:00,2,15,Weekday,Winter,Yes,86.45,74.38,60.13
2023-02-24 16:00,2,16,Weekday,Winter,Yes,85.37,74.11,62.94
2023-02-24 17:00,2,17,Weekday,Winter,Yes,83.24,74.22,48.2
2023-02-24 18:00,2,18,Weekday,Winter,No,77.94,73.38,56.26
2023-02-24 19:00,2,19,Weekday,Winter,No,71.56,73.46,47.67
2023-02-24 20:00,2,20,Weekday,Winter,No,64.98,72.52,46.15
2023-02-24 21:00,2,21,Weekday,Winter,No,60.9,71.0,22.92
2023-02-24 22:00,2,22,Weekday,Winter,No,58.3,70.92,24.74
2023-02-24 23:00,2,23,Weekday,Winter,No,55.86,71.32,16.07
2023-02-25 00:00,2,0,Weekend,Winter,No,54.41,70.98,11.3
2023-02-25 01:00,2,1,Weekend,Winter,No,53.43,71.01,14.38
2023-02-25 02:00,2,2,Weekend,Winter,No,53.58,70.19,24.31
2023-02-25 03:00,2,3,Weekend,Winter,No,52.28,71.04,21.84
2023-02-25 04:00,2,4,Weekend,Winter,No,52.76,69.47,15.59
2023-02-25 05:00,2,5,Weekend,Winter,No,52.28,69.94,6.94
2023-02-25 06:00,2,6,Weekend,Winter,No,51.6,70.26,11.51
2023-02-25 07:00,2,7,Weekend,Winter,No,53.76,70.64,16.36
2023-02-25 08:00,2,8,Weekend,Winter,No,60.29,71.53,15.75
2023-02-25 09:00,2,9,Weekend,Winter,No,68.13,72.64,37.51
2023-02-25 10:00,2,10,Weekend,Winter,No,73.9,72.83,48.27
2023-02-25 11:00,2,11,Weekend,Winter,No,78.86,73.95,56.57
2023-02-25 12:00,2,12,Weekend,Winter,No,82.74,74.88,58.17
2023-02-25 13:00,2,13,Weekend,Winter,No,85.8,75.55,54.61
2023-02-25 14:00,2,14,Weekend,Winter,No,87.6,74.85,58.24
2023-02-25 15:00,2,15,Weekend,Winter,No,87.98,75.05,67.61
2023-02-25 16:00,2,16,Weekend,Winter,No,87.46,74.4,60.83
2023-02-25 17:00,2,17,Weekend,Winter,No,84.66,75.51,55.51
2023-02-25 18:00,2,18,Weekend,Winter,No,78.84,73.48,46.98
2023-02-25 19:00,2,19,Weekend,Winter,No,74.24,73.31,50.94
2023-02-25 20:00,2,20,Weekend,Winter,No,69.47,72.61,44.04
2023-02-25 21:00,2,21,Weekend,Winter,No,64.61,72.22,29.25
2023-02-25 22:00,2,22,Weekend,Winter,No,61.28,71.32,31.35
2023-02-25 23:00,2,23,Weekend,Winter,No,57.66,69.82,22.69
2023-02-26 00:00,2,0,Weekend,Winter,No,54.78,71.23,18.97
2023-02-26 01:00,2,1,Weekend,Winter,No,55.12,70.61,14.27
2023-02-26 02:00,2,2,Weekend,Winter,No,55.42,70.63,26.35
2023-02-26 03:00,2,3,Weekend,Winter,No,54.41,70.71,12.09
2023-02-26 04:00,2,4,Weekend,Winter,No,53.96,70.05,17.91
2023-02-26 05:00,2,5,Weekend,Winter,No,51.65,70.84,19.2
2023-02-26 06:00,2,6,Weekend,Winter,No,50.0,69.71,19.46
2023-02-26 07:00,2,7,Weekend,Winter,No,51.16,70.89,21.93
2023-02-26 08:00,2,8,Weekend,Winter,No,57.23,71.1,28.49
2023-02-26 09:00,2,9,Weekend,Winter,No,65.7,72.66,25.86
2023-02-26 10:00,2,10,Weekend,Winter,No,73.07,73.16,44.97
2023-02-26 11:00,2,11,Weekend,Winter,No,78.86,73.79,52.97
2023-02-26 12:00,2,12,Weekend,Winter,No,82.74,74.47,53.67
2023-02-26 13:00,2,13,Weekend,Winter,No,84.54,75.25,54.17
2023-02-26 14:00,2,14,Weekend,Winter,No,86.18,75.36,71.4
2023-02-26 15:00,2,15,Weekend,Winter,No,87.08,75.12,54.69
2023-02-26 16:00,2,16,Weekend,Winter,No,87.08,75.5,64.88
2023-02-26 17:00,2,17,Weekend,Winter,No,84.66,74.13,53.24
2023-02-26 18:00,2,18,Weekend,Winter,No,79.47,74.14,52.2
2023-02-26 19:00,2,19,Weekend,Winter,No,74.69,73.71,56.71
2023-02-26 20:00,2,20,Weekend,Winter,No,71.26,73.5,41.31
2023-02-26 21:00,2,21,Weekend,Winter,No,66.52,72.77,25.75
2023-02-26 22:00,2,22,Weekend,Winter,No,62.89,71.69,24.88
2023-02-26 23:00,2,23,Weekend,Winter,No,60.28,71.72,23.82
2023-02-27 00:00,2,0,Weekday,Winter,No,57.85,71.54,21.42
2023-02-27 01:00,2,1,Weekday,Winter,No,57.02,71.9,19.31
2023-02-27 02:00,2,2,Weekday,Winter,No,55.24,71.26,22.84
2023-02-27 03:00,2,3,Weekday,Winter,No,53.96,70.43,24.84
2023-02-27 04:00,2,4,Weekday,Winter,No,52.8,70.11,22.26
2023-02-27 05:00,2,5,Weekday,Winter,No,53.14,71.35,33.36
2023-02-27 06:00,2,6,Weekday,Winter,No,52.8,70.5,21.89
2023-02-27 07:00,2,7,Weekday,Winter,No,54.92,70.49,15.22
2023-02-27 08:00,2,8,Weekday,Winter,Yes,61.64,70.92,14.76
2023-02-27 09:00,2,9,Weekday,Winter,Yes,67.88,71.35,28.21
2023-02-27 10:00,2,10,Weekday,Winter,Yes,74.7,73.34,41.69
2023-02-27 11:00,2,11,Weekday,Winter,Yes,80.39,73.64,47.64
2023-02-27 12:00,2,12,Weekday,Winter,Yes,83.2,73.49,65.57
2023-02-27 13:00,2,13,Weekday,Winter,Yes,85.18,74.11,62.51
2023-02-27 14:00,2,14,Weekday,Winter,Yes,86.63,73.58,66.65
2023-02-27 15:00,2,15,Weekday,Winter,Yes,87.6,74.89,62.05
2023-02-27 16:00,2,16,Weekday,Winter,Yes,87.98,73.45,60.63
2023-02-27 17:00,2,17,Weekday,Winter,Yes,85.67,74.61,49.91
2023-02-27 18:00,2,18,Weekday,Winter,No,81.08,74.21,52.88
2023-02-27 19:00,2,19,Weekday,Winter,No,76.67,73.03,54.34
2023-02-27 20:00,2,20,Weekday,Winter,No,73.86,73.68,43.34
2023-02-27 21:00,2,21,Weekday,Winter,No,68.94,72.55,29.94
2023-02-27 22:00,2,22,Weekday,Winter,No,65.39,72.23,25.88
2023-02-27 23:00,2,23,Weekday,Winter,No,64.94,72.48,30.74
2023-02-28 00:00,2,0,Weekday,Winter,No,62.63,71.19,29.35
2023-02-28 01:00,2,1,Weekday,Winter,No,59.82,72.18,31.91
2023-02-28 02:00,2,2,Weekday,Winter,No,61.31,72.48,15.43
2023-02-28 03:00,2,3,Weekday,Winter,No,60.65,70.78,24.48
2023-02-28 04:00,2,4,Weekday,Winter,No,59.0,72.05,21.19
2023-02-28 05:00,2,5,Weekday,Winter,No,60.16,71.46,27.75
2023-02-28 06:00,2,6,Weekday,Winter,No,60.98,71.21,21.54
2023-02-28 07:00,2,7,Weekday,Winter,No,59.82,70.52,25.94
2023-02-28 08:00,2,8,Weekday,Winter,Yes,66.04,71.12,16.33
2023-02-28 09:00,2,9,Weekday,Winter,Yes,73.37,71.9,28.86
2023-02-28 10:00,2,10,Weekday,Winter,Yes,76.18,73.05,50.36
2023-02-28 11:00,2,11,Weekday,Winter,Yes,78.78,73.46,50.34
2023-02-28 12:00,2,12,Weekday,Winter,Yes,80.58,73.56,71.25
2023-02-28 13:00,2,13,Weekday,Winter,Yes,82.12,74.17,62.74
2023-02-28 14:00,2,14,Weekday,Winter,Yes,84.1,72.9,58.47
2023-02-28 15:00,2,15,Weekday,Winter,Yes,84.92,74.39,69.09
2023-02-28 16:00,2,16,Weekday,Winter,Yes,84.4,74.41,60.36
2023-02-28 17:00,2,17,Weekday,Winter,Yes,82.24,72.74,66.26
2023-02-28 18:00,2,18,Weekday,Winter,No,77.5,73.89,55.35
2023-02-28 19:00,2,19,Weekday,Winter,No,73.24,73.7,47.48
2023-02-28 20:00,2,20,Weekday,Winter,No,70.28,72.9,37.87
2023-02-28 21:00,2,21,Weekday,Winter,No,67.3,73.02,30.04
2023-02-28 22:00,2,22,Weekday,Winter,No,64.34,72.48,31.69
2023-02-28 23:00,2,23,Weekday,Winter,No,61.36,71.78,21.01
2023-03-01 00:00,3,0,Weekday,Spring,No,58.3,71.27,18.36
2023-03-01 01:00,3,1,Weekday,Spring,No,55.24,70.39,20.25
2023-03-01 02:00,3,2,Weekday,Spring,No,52.28,70.77,17.25
2023-03-01 03:00,3,3,Weekday,Spring,No,49.3,69.95,11.39
2023-03-01 04:00,3,4,Weekday,Spring,No,47.39,70.09,16.71
2023-03-01 05:00,3,5,Weekday,Spring,No,47.78,69.75,22.55
2023-03-01 06:00,3,6,Weekday,Spring,No,49.11,70.25,21.76
2023-03-01 07:00,3,7,Weekday,Spring,No,50.48,69.31,19.61
2023-03-01 08:00,3,8,Weekday,Spring,Yes,54.33,70.03,24.37
2023-03-01 09:00,3,9,Weekday,Spring,Yes,60.02,70.14,27.69
2023-03-01 10:00,3,10,Weekday,Spring,Yes,65.68,71.44,46.91
2023-03-01 11:00,3,11,Weekday,Spring,Yes,69.16,71.07,47.53
2023-03-01 12:00,3,12,Weekday,Spring,Yes,71.14,72.36,45.07
2023-03-01 13:00,3,13,Weekday,Spring,Yes,73.12,71.7,39.21
2023-03-01 14:00,3,14,Weekday,Spring,Yes,73.94,72.19,47.75
2023-03-01 15:00,3,15,Weekday,Spring,Yes,73.94,73.45,46.05
2023-03-01 16:00,3,16,Weekday,Spring,Yes,73.94,72.37,48.3
2023-03-01 17:00,3,17,Weekday,Spring,Yes,72.78,72.57,50.33
2023-03-01 18:00,3,18,Weekday,Spring,No,70.81,73.67,41.46
2023-03-01 19:00,3,19,Weekday,Spring,No,68.82,72.97,51.92
2023-03-01 20:00,3,20,Weekday,Spring,No,67.37,72.88,48.46
2023-03-01 21:00,3,21,Weekday,Spring,No,66.4,72.05,29.75
2023-03-01 22:00,3,22,Weekday,Spring,No,65.39,72.4,38.26
2023-03-01 23:00,3,23,Weekday,Spring,No,64.41,72.82,26.75
2023-03-02 00:00,3,0,Weekday,Spring,No,63.41,71.84,16.32
2023-03-02 01:00,3,1,Weekday,Spring,No,62.44,71.22,26.79
2023-03-02 02:00,3,2,Weekday,Spring,No,61.22,71.15,29.03
2023-03-02 03:00,3,3,Weekday,Spring,No,59.89,71.4,34.14
2023-03-02 04:00,3,4,Weekday,Spring,No,58.52,70.57,23.62
2023-03-02 05:00,3,5,Weekday,Spring,No,57.71,70.89,24.0
2023-03-02 06:00,3,6,Weekday,Spring,No,57.46,71.72,20.09
2023-03-02 07:00,3,7,Weekday,Spring,No,57.17,71.24,19.73
2023-03-02 08:00,3,8,Weekday,Spring,Yes,58.6,70.2,18.39
2023-03-02 09:00,3,9,Weekday,Spring,Yes,61.19,70.81,35.21
2023-03-02 10:00,3,10,Weekday,Spring,Yes,63.82,70.9,40.74
2023-03-02 11:00,3,11,Weekday,Spring,Yes,66.1,72.03,44.89
2023-03-02 12:00,3,12,Weekday,Spring,Yes,68.18,71.57,44.62
2023-03-02 13:00,3,13,Weekday,Spring,Yes,70.24,71.73,42.43
2023-03-02 14:00,3,14,Weekday,Spring,Yes,71.58,72.79,46.96
2023-03-02 15:00,3,15,Weekday,Spring,Yes,72.59,72.74,47.42
2023-03-02 16:00,3,16,Weekday,Spring,Yes,73.56,72.72,37.97
2023-03-02 17:00,3,17,Weekday,Spring,Yes,73.0,72.39,52.78
2023-03-02 18:00,3,18,Weekday,Spring,No,71.38,73.0,42.71
2023-03-02 19:00,3,19,Weekday,Spring,No,69.76,72.89,37.26
2023-03-02 20:00,3,20,Weekday,Spring,No,67.92,72.35,42.61
2023-03-02 21:00,3,21,Weekday,Spring,No,65.84,71.99,38.99
2023-03-02 22:00,3,22,Weekday,Spring,No,63.78,72.67,29.87
2023-03-02 23:00,3,23,Weekday,Spring,No,62.75,71.98,34.39
2023-03-03 00:00,3,0,Weekday,Spring,No,62.5,71.95,26.85
2023-03-03 01:00,3,1,Weekday,Spring,No,62.21,71.38,29.87
2023-03-03 02:00,3,2,Weekday,Spring,No,62.06,71.55,26.97
2023-03-03 03:00,3,3,Weekday,Spring,No,62.06,71.61,23.83
2023-03-03 04:00,3,4,Weekday,Spring,No,62.06,70.87,29.26
2023-03-03 05:00,3,5,Weekday,Spring,No,61.85,71.59,29.29
2023-03-03 06:00,3,6,Weekday,Spring,No,61.49,71.67,20.41
2023-03-03 07:00,3,7,Weekday,Spring,No,61.13,71.07,20.36
2023-03-03 08:00,3,8,Weekday,Spring,Yes,61.72,70.94,14.48
2023-03-03 09:00,3,9,Weekday,Spring,Yes,63.08,70.61,18.42
2023-03-03 10:00,3,10,Weekday,Spring,Yes,64.42,71.53,42.2
2023-03-03 11:00,3,11,Weekday,Spring,Yes,65.15,71.03,46.29
2023-03-03 12:00,3,12,Weekday,Spring,Yes,65.51,71.84,39.01
2023-03-03 13:00,3,13,Weekday,Spring,Yes,65.87,70.76,39.59
2023-03-03 14:00,3,14,Weekday,Spring,Yes,66.23,70.8,40.8
2023-03-03 15:00,3,15,Weekday,Spring,Yes,66.48,70.79,46.5
2023-03-03 16:00,3,16,Weekday,Spring,Yes,66.77,71.84,48.2
2023-03-03 17:00,3,17,Weekday,Spring,Yes,65.55,70.95,35.41
2023-03-03 18:00,3,18,Weekday,Spring,No,63.32,71.7,36.31
2023-03-03 19:00,3,19,Weekday,Spring,No,61.05,71.64,38.3
2023-03-03 20:00,3,20,Weekday,Spring,No,59.24,70.92,23.38
2023-03-03 21:00,3,21,Weekday,Spring,No,57.9,70.94,18.14
2023-03-03 22:00,3,22,Weekday,Spring,No,56.54,70.44,21.89
2023-03-03 23:00,3,23,Weekday,Spring,No,55.52,70.43,24.32
2023-03-04 00:00,3,0,Weekend,Spring,No,54.9,70.77,21.06
2023-03-04 01:00,3,1,Weekend,Spring,No,54.26,69.96,17.32
2023-03-04 02:00,3,2,Weekend,Spring,No,53.02,70.65,9.75
2023-03-04 03:00,3,3,Weekend,Spring,No,51.29,69.76,10.9
2023-03-04 04:00,3,4,Weekend,Spring,No,49.6,69.46,20.86
2023-03-04 05:00,3,5,Weekend,Spring,No,49.55,70.43,13.75
2023-03-04 06:00,3,6,Weekend,Spring,No,50.52,70.39,6.64
2023-03-04 07:00,3,7,Weekend,Spring,No,51.53,71.03,20.65
2023-03-04 08:00,3,8,Weekend,Spring,No,53.56,71.05,19.62
2023-03-04 09:00,3,9,Weekend,Spring,No,56.26,70.98,28.67
2023-03-04 10:00,3,10,Weekend,Spring,No,58.96,71.31,40.95
2023-03-04 11:00,3,11,Weekend,Spring,No,61.24,70.91,41.6
2023-03-04 12:00,3,12,Weekend,Spring,No,63.22,72.49,47.21
2023-03-04 13:00,3,13,Weekend,Spring,No,65.19,72.03,38.03
2023-03-04 14:00,3,14,Weekend,Spring,No,66.23,71.88,29.85
2023-03-04 15:00,3,15,Weekend,Spring,No,66.48,72.0,32.31
2023-03-04 16:00,3,16,Weekend,Spring,No,66.77,72.33,34.62
2023-03-04 17:00,3,17,Weekend,Spring,No,65.34,72.21,35.27
2023-03-04 18:00,3,18,Weekend,Spring,No,62.75,72.69,30.15
2023-03-04 19:00,3,19,Weekend,Spring,No,60.12,70.48,25.72
2023-03-04 20:00,3,20,Weekend,Spring,No,57.42,70.43,34.34
2023-03-04 21:00,3,21,Weekend,Spring,No,54.83,70.31,21.21
2023-03-04 22:00,3,22,Weekend,Spring,No,52.2,70.37,20.48
2023-03-04 23:00,3,23,Weekend,Spring,No,50.45,70.72,18.07
2023-03-05 00:00,3,0,Weekend,Spring,No,49.48,69.97,9.96
2023-03-05 01:00,3,1,Weekend,Spring,No,48.47,69.76,4.33
2023-03-05 02:00,3,2,Weekend,Spring,No,47.39,70.15,12.23
2023-03-05 03:00,3,3,Weekend,Spring,No,46.42,69.61,3.26
2023-03-05 04:00,3,4,Weekend,Spring,No,45.41,68.24,7.96
2023-03-05 05:00,3,5,Weekend,Spring,No,45.59,69.52,13.06
2023-03-05 06:00,3,6,Weekend,Spring,No,46.56,69.34,14.98
2023-03-05 07:00,3,7,Weekend,Spring,No,47.57,70.73,11.96
2023-03-05 08:00,3,8,Weekend,Spring,No,51.17,70.2,9.98
2023-03-05 09:00,3,9,Weekend,Spring,No,56.46,71.17,33.29
2023-03-05 10:00,3,10,Weekend,Spring,No,61.79,71.27,38.23
2023-03-05 11:00,3,11,Weekend,Spring,No,65.4,71.77,49.05
2023-03-05 12:00,3,12,Weekend,Spring,No,67.74,72.18,39.4
2023-03-05 13:00,3,13,Weekend,Spring,No,70.09,72.78,42.76
2023-03-05 14:00,3,14,Weekend,Spring,No,71.58,72.93,44.52
2023-03-05 15:00,3,15,Weekend,Spring,No,72.59,72.65,48.1
2023-03-05 16:00,3,16,Weekend,Spring,No,73.56,72.48,61.44
2023-03-05 17:00,3,17,Weekend,Spring,No,72.16,73.26,47.57
2023-03-05 18:00,3,18,Weekend,Spring,No,69.2,72.73,43.42
2023-03-05 19:00,3,19,Weekend,Spring,No,66.22,72.6,46.58
2023-03-05 20:00,3,20,Weekend,Spring,No,63.16,72.25,37.76
2023-03-05 21:00,3,21,Weekend,Spring,No,60.2,70.54,19.7
2023-03-05 22:00,3,22,Weekend,Spring,No,57.22,70.85,20.51
2023-03-05 23:00,3,23,Weekend,Spring,No,55.52,71.39,18.31
2023-03-06 00:00,3,0,Weekday,Spring,No,54.9,70.88,16.91
2023-03-06 01:00,3,1,Weekday,Spring,No,54.26,70.81,12.4
2023-03-06 02:00,3,2,Weekday,Spring,No,52.38,70.51,6.83
2023-03-06 03:00,3,3,Weekday,Spring,No,49.79,70.06,7.1
2023-03-06 04:00,3,4,Weekday,Spring,No,47.16,70.03,14.01
2023-03-06 05:00,3,5,Weekday,Spring,No,46.98,68.81,13.04
2023-03-06 06:00,3,6,Weekday,Spring,No,48.71,69.74,10.71
2023-03-06 07:00,3,7,Weekday,Spring,No,50.4,70.16,10.5
2023-03-06 08:00,3,8,Weekday,Spring,Yes,54.12,69.36,29.44
2023-03-06 09:00,3,9,Weekday,Spring,Yes,59.45,70.55,25.27
2023-03-06 10:00,3,10,Weekday,Spring,Yes,64.74,71.75,33.47
2023-03-06 11:00,3,11,Weekday,Spring,Yes,67.76,72.42,41.79
2023-03-06 12:00,3,12,Weekday,Spring,Yes,69.1,72.37,48.33
2023-03-06 13:00,3,13,Weekday,Spring,Yes,70.46,71.53,43.64
2023-03-06 14:00,3,14,Weekday,Spring,Yes,70.64,72.82,52.54
2023-03-06 15:00,3,15,Weekday,Spring,Yes,70.03,71.57,47.31
2023-03-06 16:00,3,16,Weekday,Spring,Yes,69.38,70.61,47.37
2023-03-06 17:00,3,17,Weekday,Spring,Yes,67.72,71.86,43.86
2023-03-06 18:00,3,18,Weekday,Spring,No,65.38,73.43,39.45
2023-03-06 19:00,3,19,Weekday,Spring,No,63.04,71.33,44.11
2023-03-06 20:00,3,20,Weekday,Spring,No,61.12,71.12,37.8
2023-03-06 21:00,3,21,Weekday,Spring,No,59.39,70.29,21.73
2023-03-06 22:00,3,22,Weekday,Spring,No,57.7,70.5,20.41
2023-03-06 23:00,3,23,Weekday,Spring,No,56.81,70.21,19.0
2023-03-07 00:00,3,0,Weekday,Spring,No,56.45,70.97,31.13
2023-03-07 01:00,3,1,Weekday,Spring,No,56.09,70.91,19.84
2023-03-07 02:00,3,2,Weekday,Spring,No,55.42,71.04,20.02
2023-03-07 03:00,3,3,Weekday,Spring,No,54.41,70.48,24.14
2023-03-07 04:00,3,4,Weekday,Spring,No,53.43,70.68,12.3
2023-03-07 05:00,3,5,Weekday,Spring,No,52.85,71.05,24.07
2023-03-07 06:00,3,6,Weekday,Spring,No,52.49,70.57,15.5
2023-03-07 07:00,3,7,Weekday,Spring,No,52.13,70.14,10.72
2023-03-07 08:00,3,8,Weekday,Spring,Yes,52.72,69.22,14.04
2023-03-07 09:00,3,9,Weekday,Spring,Yes,54.08,69.45,9.43
2023-03-07 10:00,3,10,Weekday,Spring,Yes,55.42,69.36,36.01
2023-03-07 11:00,3,11,Weekday,Spring,Yes,57.3,69.29,39.47
2023-03-07 12:00,3,12,Weekday,Spring,Yes,59.64,70.26,41.63
2023-03-07 13:00,3,13,Weekday,Spring,Yes,61.98,70.73,39.67
2023-03-07 14:00,3,14,Weekday,Spring,Yes,63.17,70.26,40.33
2023-03-07 15:00,3,15,Weekday,Spring,Yes,63.53,71.02,38.55
2023-03-07 16:00,3,16,Weekday,Spring,Yes,63.89,70.86,42.01
2023-03-07 17:00,3,17,Weekday,Spring,Yes,62.89,71.2,37.98
2023-03-07 18:00,3,18,Weekday,Spring,No,60.8,72.01,34.17
2023-03-07 19:00,3,19,Weekday,Spring,No,58.74,71.33,38.11
2023-03-07 20:00,3,20,Weekday,Spring,No,56.76,70.55,25.11
2023-03-07 21:00,3,21,Weekday,Spring,No,54.78,70.1,19.77
2023-03-07 22:00,3,22,Weekday,Spring,No,52.8,71.54,11.03
2023-03-07 23:00,3,23,Weekday,Spring,No,51.24,70.18,5.17
2023-03-08 00:00,3,0,Weekday,Spring,No,49.88,69.64,11.85
2023-03-08 01:00,3,1,Weekday,Spring,No,48.54,69.83,7.34
2023-03-08 02:00,3,2,Weekday,Spring,No,47.28,68.62,27.27
2023-03-08 03:00,3,3,Weekday,Spring,No,45.92,69.73,3.35
2023-03-08 04:00,3,4,Weekday,Spring,No,44.58,68.76,8.0
2023-03-08 05:00,3,5,Weekday,Spring,No,44.48,69.42,11.24
2023-03-08 06:00,3,6,Weekday,Spring,No,45.1,70.1,7.76
2023-03-08 07:00,3,7,Weekday,Spring,No,45.74,69.62,16.43
2023-03-08 08:00,3,8,Weekday,Spring,Yes,48.98,69.52,11.27
2023-03-08 09:00,3,9,Weekday,Spring,Yes,53.92,69.86,19.2
2023-03-08 10:00,3,10,Weekday,Spring,Yes,58.88,70.41,31.09
2023-03-08 11:00,3,11,Weekday,Spring,Yes,62.35,69.84,32.49
2023-03-08 12:00,3,12,Weekday,Spring,Yes,64.68,70.34,41.7
2023-03-08 13:00,3,13,Weekday,Spring,Yes,67.03,71.73,47.55
2023-03-08 14:00,3,14,Weekday,Spring,Yes,68.21,72.04,46.93
2023-03-08 15:00,3,15,Weekday,Spring,Yes,68.57,71.45,33.54
2023-03-08 16:00,3,16,Weekday,Spring,Yes,68.93,72.17,41.07
2023-03-08 17:00,3,17,Weekday,Spring,Yes,67.72,72.45,44.14
2023-03-08 18:00,3,18,Weekday,Spring,No,65.38,71.72,43.42
2023-03-08 19:00,3,19,Weekday,Spring,No,63.04,72.25,38.33
2023-03-08 20:00,3,20,Weekday,Spring,No,60.28,71.62,38.83
2023-03-08 21:00,3,21,Weekday,Spring,No,57.32,71.73,19.18
2023-03-08 22:00,3,22,Weekday,Spring,No,54.33,70.98,9.69
2023-03-08 23:00,3,23,Weekday,Spring,No,52.43,69.94,16.95
2023-03-09 00:00,3,0,Weekday,Spring,No,51.46,70.58,16.11
2023-03-09 01:00,3,1,Weekday,Spring,No,50.45,70.51,25.12
2023-03-09 02:00,3,2,Weekday,Spring,No,49.06,69.64,1.73
2023-03-09 03:00,3,3,Weekday,Spring,No,47.33,70.22,10.99
2023-03-09 04:00,3,4,Weekday,Spring,No,45.64,69.66,14.46
2023-03-09 05:00,3,5,Weekday,Spring,No,45.59,69.66,9.8
2023-03-09 06:00,3,6,Weekday,Spring,No,46.56,69.93,16.78
2023-03-09 07:00,3,7,Weekday,Spring,No,47.57,68.95,15.77
2023-03-09 08:00,3,8,Weekday,Spring,Yes,50.54,69.55,14.66
2023-03-09 09:00,3,9,Weekday,Spring,Yes,54.86,69.89,22.39
2023-03-09 10:00,3,10,Weekday,Spring,Yes,59.18,70.42,31.71
2023-03-09 11:00,3,11,Weekday,Spring,Yes,62.35,72.02,34.84
2023-03-09 12:00,3,12,Weekday,Spring,Yes,64.68,70.39,39.63
2023-03-09 13:00,3,13,Weekday,Spring,Yes,67.03,71.43,41.95
2023-03-09 14:00,3,14,Weekday,Spring,Yes,68.0,71.87,44.92
2023-03-09 15:00,3,15,Weekday,Spring,Yes,68.0,72.56,37.39
2023-03-09 16:00,3,16,Weekday,Spring,Yes,68.0,71.79,50.42
2023-03-09 17:00,3,17,Weekday,Spring,Yes,67.06,71.54,40.74
2023-03-09 18:00,3,18,Weekday,Spring,No,65.33,71.11,47.31
2023-03-09 19:00,3,19,Weekday,Spring,No,63.64,71.62,42.57
2023-03-09 20:00,3,20,Weekday,Spring,No,61.8,71.35,34.73
2023-03-09 21:00,3,21,Weekday,Spring,No,59.82,71.28,29.31
2023-03-09 22:00,3,22,Weekday,Spring,No,57.85,71.07,14.55
2023-03-09 23:00,3,23,Weekday,Spring,No,56.6,71.41,23.98
2023-03-10 00:00,3,0,Weekday,Spring,No,55.98,71.09,18.15
2023-03-10 01:00,3,1,Weekday,Spring,No,55.34,70.61,18.91
2023-03-10 02:00,3,2,Weekday,Spring,No,54.83,70.63,15.47
2023-03-10 03:00,3,3,Weekday,Spring,No,54.47,70.31,9.54
2023-03-10 04:00,3,4,Weekday,Spring,No,54.11,69.96,20.26
2023-03-10 05:00,3,5,Weekday,Spring,No,54.38,70.52,16.95
2023-03-10 06:00,3,6,Weekday,Spring,No,55.0,70.11,23.09
2023-03-10 07:00,3,7,Weekday,Spring,No,55.64,70.93,14.97
2023-03-10 08:00,3,8,Weekday,Spring,Yes,57.52,70.09,24.02
2023-03-10 09:00,3,9,Weekday,Spring,Yes,60.22,70.93,26.88
2023-03-10 10:00,3,10,Weekday,Spring,Yes,62.92,70.64,38.65
2023-03-10 11:00,3,11,Weekday,Spring,Yes,64.25,70.8,43.86
2023-03-10 12:00,3,12,Weekday,Spring,Yes,64.51,70.19,38.12
2023-03-10 13:00,3,13,Weekday,Spring,Yes,64.79,71.3,32.41
2023-03-10 14:00,3,14,Weekday,Spring,Yes,63.16,71.01,39.03
2023-03-10 15:00,3,15,Weekday,Spring,Yes,60.2,71.11,38.88
2023-03-10 16:00,3,16,Weekday,Spring,Yes,57.22,69.74,36.95
2023-03-10 17:00,3,17,Weekday,Spring,Yes,55.52,69.97,39.58
2023-03-10 18:00,3,18,Weekday,Spring,No,54.9,71.22,32.67
2023-03-10 19:00,3,19,Weekday,Spring,No,54.26,70.34,39.83
2023-03-10 20:00,3,20,Weekday,Spring,No,53.96,71.28,34.44
2023-03-10 21:00,3,21,Weekday,Spring,No,53.96,70.15,20.88
2023-03-10 22:00,3,22,Weekday,Spring,No,53.96,70.32,13.17
2023-03-10 23:00,3,23,Weekday,Spring,No,53.96,70.56,9.34
2023-03-11 00:00,3,0,Weekend,Spring,No,53.96,70.36,16.28
2023-03-11 01:00,3,1,Weekend,Spring,No,53.96,71.9,10.67
2023-03-11 02:00,3,2,Weekend,Spring,No,53.54,69.66,14.59
2023-03-11 03:00,3,3,Weekend,Spring,No,52.92,70.21,13.94
2023-03-11 04:00,3,4,Weekend,Spring,No,52.28,70.09,12.49
2023-03-11 05:00,3,5,Weekend,Spring,No,51.98,70.49,16.33
2023-03-11 06:00,3,6,Weekend,Spring,No,51.98,70.16,17.5
2023-03-11 07:00,3,7,Weekend,Spring,No,51.98,70.52,18.08
2023-03-11 08:00,3,8,Weekend,Spring,No,53.56,71.27,24.44
2023-03-11 09:00,3,9,Weekend,Spring,No,56.26,70.87,25.49
2023-03-11 10:00,3,10,Weekend,Spring,No,58.96,71.56,42.68
2023-03-11 11:00,3,11,Weekend,Spring,No,60.29,71.93,41.24
2023-03-11 12:00,3,12,Weekend,Spring,No,60.54,72.51,36.47
2023-03-11 13:00,3,13,Weekend,Spring,No,60.83,71.23,42.09
2023-03-11 14:00,3,14,Weekend,Spring,No,61.19,71.64,43.85
2023-03-11 15:00,3,15,Weekend,Spring,No,61.55,71.34,38.19
2023-03-11 16:00,3,16,Weekend,Spring,No,61.91,72.04,36.85
2023-03-11 17:00,3,17,Weekend,Spring,No,61.12,71.31,38.3
2023-03-11 18:00,3,18,Weekend,Spring,No,59.39,71.54,29.47
2023-03-11 19:00,3,19,Weekend,Spring,No,57.7,71.16,29.83
2023-03-11 20:00,3,20,Weekend,Spring,No,56.6,70.45,22.76
2023-03-11 21:00,3,21,Weekend,Spring,No,55.98,70.25,30.23
2023-03-11 22:00,3,22,Weekend,Spring,No,55.34,71.27,16.49
2023-03-11 23:00,3,23,Weekend,Spring,No,54.41,69.55,20.63
2023-03-12 00:00,3,0,Weekend,Spring,No,53.43,69.86,18.84
2023-03-12 01:00,3,1,Weekend,Spring,No,52.43,71.7,15.41
2023-03-12 02:00,3,2,Weekend,Spring,No,51.35,70.28,18.67
2023-03-12 03:00,3,3,Weekend,Spring,No,50.38,69.2,10.28
2023-03-12 04:00,3,4,Weekend,Spring,No,49.37,71.27,17.56
2023-03-12 05:00,3,5,Weekend,Spring,No,49.34,69.43,15.28
2023-03-12 06:00,3,6,Weekend,Spring,No,50.06,70.27,17.6
2023-03-12 07:00,3,7,Weekend,Spring,No,50.78,69.74,11.89
2023-03-12 08:00,3,8,Weekend,Spring,No,52.86,70.45,19.49
2023-03-12 09:00,3,9,Weekend,Spring,No,55.82,70.13,14.67
2023-03-12 10:00,3,10,Weekend,Spring,No,58.8,71.72,42.3
2023-03-12 11:00,3,11,Weekend,Spring,No,60.6,70.95,37.61
2023-03-12 12:00,3,12,Weekend,Spring,No,61.61,72.05,41.65
2023-03-12 13:00,3,13,Weekend,Spring,No,62.58,71.95,44.66
2023-03-12 14:00,3,14,Weekend,Spring,No,63.59,73.21,38.79
2023-03-12 15:00,3,15,Weekend,Spring,No,64.56,71.31,36.21
2023-03-12 16:00,3,16,Weekend,Spring,No,65.57,72.17,38.18
2023-03-12 17:00,3,17,Weekend,Spring,No,64.86,71.98,48.51
2023-03-12 18:00,3,18,Weekend,Spring,No,62.89,71.86,34.24
2023-03-12 19:00,3,19,Weekend,Spring,No,60.9,72.03,42.86
2023-03-12 20:00,3,20,Weekend,Spring,No,59.14,70.6,36.59
2023-03-12 21:00,3,21,Weekend,Spring,No,57.41,71.4,17.46
2023-03-12 22:00,3,22,Weekend,Spring,No,55.72,70.57,6.12
2023-03-12 23:00,3,23,Weekend,Spring,No,53.68,70.37,23.48
2023-03-13 00:00,3,0,Weekday,Spring,No,51.34,69.9,20.88
2023-03-13 01:00,3,1,Weekday,Spring,No,49.0,69.33,13.34
2023-03-13 02:00,3,2,Weekday,Spring,No,47.28,69.41,18.25
2023-03-13 03:00,3,3,Weekday,Spring,No,45.92,70.0,3.49
2023-03-13 04:00,3,4,Weekday,Spring,No,44.58,68.39,8.33
2023-03-13 05:00,3,5,Weekday,Spring,No,44.58,69.49,10.2
2023-03-13 06:00,3,6,Weekday,Spring,No,45.59,69.49,14.91
2023-03-13 07:00,3,7,Weekday,Spring,No,46.56,68.94,12.06
2023-03-13 08:00,3,8,Weekday,Spring,Yes,50.4,68.17,11.06
2023-03-13 09:00,3,9,Weekday,Spring,Yes,56.45,69.43,31.03
2023-03-13 10:00,3,10,Weekday,Spring,Yes,62.46,70.08,44.71
2023-03-13 11:00,3,11,Weekday,Spring,Yes,66.52,71.34,47.26
2023-03-13 12:00,3,12,Weekday,Spring,Yes,69.22,71.86,44.97
2023-03-13 13:00,3,13,Weekday,Spring,Yes,71.92,73.02,34.34
2023-03-13 14:00,3,14,Weekday,Spring,Yes,73.25,72.08,48.67
2023-03-13 15:00,3,15,Weekday,Spring,Yes,73.51,71.95,48.18
2023-03-13 16:00,3,16,Weekday,Spring,Yes,73.79,72.0,45.85
2023-03-13 17:00,3,17,Weekday,Spring,Yes,72.37,72.12,46.75
2023-03-13 18:00,3,18,Weekday,Spring,No,69.77,73.08,41.46
2023-03-13 19:00,3,19,Weekday,Spring,No,67.14,72.17,39.49
2023-03-13 20:00,3,20,Weekday,Spring,No,64.24,71.8,32.4
2023-03-13 21:00,3,21,Weekday,Spring,No,61.28,71.49,26.49
2023-03-13 22:00,3,22,Weekday,Spring,No,58.3,71.58,22.16
2023-03-13 23:00,3,23,Weekday,Spring,No,56.08,70.4,21.02
2023-03-14 00:00,3,0,Weekday,Spring,No,54.35,70.7,24.31
2023-03-14 01:00,3,1,Weekday,Spring,No,52.66,70.49,23.23
2023-03-14 02:00,3,2,Weekday,Spring,No,51.35,70.58,16.03
2023-03-14 03:00,3,3,Weekday,Spring,No,50.38,70.76,13.15
2023-03-14 04:00,3,4,Weekday,Spring,No,49.37,69.34,15.16
2023-03-14 05:00,3,5,Weekday,Spring,No,49.76,69.85,4.86
2023-03-14 06:00,3,6,Weekday,Spring,No,51.1,69.66,17.06
2023-03-14 07:00,3,7,Weekday,Spring,No,52.46,69.51,19.95
2023-03-14 08:00,3,8,Weekday,Spring,Yes,56.21,69.72,15.38
2023-03-14 09:00,3,9,Weekday,Spring,Yes,61.5,70.07,27.13
2023-03-14 10:00,3,10,Weekday,Spring,Yes,66.83,70.73,45.85
2023-03-14 11:00,3,11,Weekday,Spring,Yes,70.45,72.61,37.03
2023-03-14 12:00,3,12,Weekday,Spring,Yes,72.68,72.9,49.14
2023-03-14 13:00,3,13,Weekday,Spring,Yes,74.95,71.57,54.44
2023-03-14 14:00,3,14,Weekday,Spring,Yes,75.5,72.13,63.69
2023-03-14 15:00,3,15,Weekday,Spring,Yes,74.88,73.45,57.75
2023-03-14 16:00,3,16,Weekday,Spring,Yes,74.24,72.85,45.61
2023-03-14 17:00,3,17,Weekday,Spring,Yes,72.58,72.14,53.68
2023-03-14 18:00,3,18,Weekday,Spring,No,70.24,73.17,42.87
2023-03-14 19:00,3,19,Weekday,Spring,No,67.9,72.75,42.13
2023-03-14 20:00,3,20,Weekday,Spring,No,65.03,72.65,45.21
2023-03-14 21:00,3,21,Weekday,Spring,No,61.68,72.29,24.01
2023-03-14 22:00,3,22,Weekday,Spring,No,58.37,70.26,18.92
2023-03-14 23:00,3,23,Weekday,Spring,No,56.08,70.8,21.1
2023-03-15 00:00,3,0,Weekday,Spring,No,54.35,69.28,17.25
2023-03-15 01:00,3,1,Weekday,Spring,No,52.66,70.34,10.23
2023-03-15 02:00,3,2,Weekday,Spring,No,51.77,71.03,10.25
2023-03-15 03:00,3,3,Weekday,Spring,No,51.52,70.04,18.61
2023-03-15 04:00,3,4,Weekday,Spring,No,51.23,69.3,10.03
2023-03-15 05:00,3,5,Weekday,Spring,No,51.5,70.4,23.64
2023-03-15 06:00,3,6,Weekday,Spring,No,52.12,71.4,9.4
2023-03-15 07:00,3,7,Weekday,Spring,No,52.76,69.99,4.88
2023-03-15 08:00,3,8,Weekday,Spring,Yes,55.37,69.31,19.41
2023-03-15 09:00,3,9,Weekday,Spring,Yes,59.33,69.52,18.83
2023-03-15 10:00,3,10,Weekday,Spring,Yes,63.29,70.65,40.61
2023-03-15 11:00,3,11,Weekday,Spring,Yes,66.31,71.35,42.82
2023-03-15 12:00,3,12,Weekday,Spring,Yes,68.65,71.88,37.67
2023-03-15 13:00,3,13,Weekday,Spring,Yes,70.98,72.55,46.51
2023-03-15 14:00,3,14,Weekday,Spring,Yes,72.17,72.48,48.67
2023-03-15 15:00,3,15,Weekday,Spring,Yes,72.53,72.14,44.9
2023-03-15 16:00,3,16,Weekday,Spring,Yes,72.89,71.92,59.47
2023-03-15 17:00,3,17,Weekday,Spring,Yes,72.1,72.39,45.96
2023-03-15 18:00,3,18,Weekday,Spring,No,70.37,72.94,39.62
2023-03-15 19:00,3,19,Weekday,Spring,No,68.68,72.02,41.34
2023-03-15 20:00,3,20,Weekday,Spring,No,66.84,72.7,45.48
2023-03-15 21:00,3,21,Weekday,Spring,No,64.86,72.26,28.43
2023-03-15 22:00,3,22,Weekday,Spring,No,62.89,71.77,26.5
2023-03-15 23:00,3,23,Weekday,Spring,No,61.12,71.35,28.62
2023-03-16 00:00,3,0,Weekday,Spring,No,59.39,72.01,23.33
2023-03-16 01:00,3,1,Weekday,Spring,No,57.7,70.6,18.87
2023-03-16 02:00,3,2,Weekday,Spring,No,56.08,70.82,16.96
2023-03-16 03:00,3,3,Weekday,Spring,No,54.35,70.73,26.7
2023-03-16 04:00,3,4,Weekday,Spring,No,52.66,70.44,19.31
2023-03-16 05:00,3,5,Weekday,Spring,No,52.19,70.2,7.02
2023-03-16 06:00,3,6,Weekday,Spring,No,52.55,70.37,13.06
2023-03-16 07:00,3,7,Weekday,Spring,No,52.91,70.3,20.79
2023-03-16 08:00,3,8,Weekday,Spring,Yes,55.37,71.09,18.17
2023-03-16 09:00,3,9,Weekday,Spring,Yes,59.33,70.33,15.16
2023-03-16 10:00,3,10,Weekday,Spring,Yes,63.29,70.47,35.36
2023-03-16 11:00,3,11,Weekday,Spring,Yes,65.88,72.47,41.29
2023-03-16 12:00,3,12,Weekday,Spring,Yes,67.61,72.52,39.39
2023-03-16 13:00,3,13,Weekday,Spring,Yes,69.31,71.48,51.91
2023-03-16 14:00,3,14,Weekday,Spring,Yes,69.77,72.23,41.64
2023-03-16 15:00,3,15,Weekday,Spring,Yes,69.52,71.49,49.52
2023-03-16 16:00,3,16,Weekday,Spring,Yes,69.23,72.56,46.78
2023-03-16 17:00,3,17,Weekday,Spring,Yes,67.72,72.06,54.39
2023-03-16 18:00,3,18,Weekday,Spring,No,65.38,72.58,39.2
2023-03-16 19:00,3,19,Weekday,Spring,No,63.04,71.85,37.07
2023-03-16 20:00,3,20,Weekday,Spring,No,60.7,71.9,33.57
2023-03-16 21:00,3,21,Weekday,Spring,No,58.36,71.79,24.12
2023-03-16 22:00,3,22,Weekday,Spring,No,56.02,71.08,22.87
2023-03-16 23:00,3,23,Weekday,Spring,No,53.88,70.73,24.87
2023-03-17 00:00,3,0,Weekday,Spring,No,51.8,69.54,19.89
2023-03-17 01:00,3,1,Weekday,Spring,No,49.74,69.19,12.57
2023-03-17 02:00,3,2,Weekday,Spring,No,48.4,69.72,15.2
2023-03-17 03:00,3,3,Weekday,Spring,No,47.39,68.86,10.42
2023-03-17 04:00,3,4,Weekday,Spring,No,46.42,70.08,10.02
2023-03-17 05:00,3,5,Weekday,Spring,No,46.98,69.14,6.49
2023-03-17 06:00,3,6,Weekday,Spring,No,48.71,70.14,13.98
2023-03-17 07:00,3,7,Weekday,Spring,No,50.4,70.04,15.89
2023-03-17 08:00,3,8,Weekday,Spring,Yes,53.18,69.48,8.21
2023-03-17 09:00,3,9,Weekday,Spring,Yes,56.88,69.8,17.63
2023-03-17 10:00,3,10,Weekday,Spring,Yes,60.56,70.74,47.69
2023-03-17 11:00,3,11,Weekday,Spring,Yes,63.64,70.85,46.12
2023-03-17 12:00,3,12,Weekday,Spring,Yes,66.23,71.25,39.02
2023-03-17 13:00,3,13,Weekday,Spring,Yes,68.86,71.38,48.18
2023-03-17 14:00,3,14,Weekday,Spring,Yes,70.61,72.36,43.79
2023-03-17 15:00,3,15,Weekday,Spring,Yes,71.58,72.28,59.51
2023-03-17 16:00,3,16,Weekday,Spring,Yes,72.59,72.8,58.4
2023-03-17 17:00,3,17,Weekday,Spring,Yes,71.26,71.76,43.09
2023-03-17 18:00,3,18,Weekday,Spring,No,68.3,72.37,43.43
2023-03-17 19:00,3,19,Weekday,Spring,No,65.32,72.19,28.68
2023-03-17 20:00,3,20,Weekday,Spring,No,63.41,72.28,40.97
2023-03-17 21:00,3,21,Weekday,Spring,No,62.44,71.43,26.62
2023-03-17 22:00,3,22,Weekday,Spring,No,61.43,71.55,25.12
2023-03-17 23:00,3,23,Weekday,Spring,No,60.24,71.88,15.07
2023-03-18 00:00,3,0,Weekend,Spring,No,58.88,71.51,25.15
2023-03-18 01:00,3,1,Weekend,Spring,No,57.54,71.27,24.46
2023-03-18 02:00,3,2,Weekend,Spring,No,56.39,70.87,16.37
2023-03-18 03:00,3,3,Weekend,Spring,No,55.42,70.66,24.84
2023-03-18 04:00,3,4,Weekend,Spring,No,54.41,70.19,16.5
2023-03-18 05:00,3,5,Weekend,Spring,No,54.38,70.37,22.7
2023-03-18 06:00,3,6,Weekend,Spring,No,55.0,70.92,26.26
2023-03-18 07:00,3,7,Weekend,Spring,No,55.64,71.14,26.76
2023-03-18 08:00,3,8,Weekend,Spring,No,58.46,71.26,16.13
2023-03-18 09:00,3,9,Weekend,Spring,No,62.89,71.65,24.0
2023-03-18 10:00,3,10,Weekend,Spring,No,67.28,71.84,44.67
2023-03-18 11:00,3,11,Weekend,Spring,No,70.66,72.82,40.36
2023-03-18 12:00,3,12,Weekend,Spring,No,73.25,73.42,36.77
2023-03-18 13:00,3,13,Weekend,Spring,No,75.88,74.18,49.12
2023-03-18 14:00,3,14,Weekend,Spring,No,76.37,73.94,55.97
2023-03-18 15:00,3,15,Weekend,Spring,No,75.4,73.94,47.97
2023-03-18 16:00,3,16,Weekend,Spring,No,74.39,74.11,57.49
2023-03-18 17:00,3,17,Weekend,Spring,No,72.37,72.77,48.7
2023-03-18 18:00,3,18,Weekend,Spring,No,69.77,71.92,41.23
2023-03-18 19:00,3,19,Weekend,Spring,No,67.14,72.35,41.81
2023-03-18 20:00,3,20,Weekend,Spring,No,64.24,71.7,43.32
2023-03-18 21:00,3,21,Weekend,Spring,No,61.28,71.21,16.36
2023-03-18 22:00,3,22,Weekend,Spring,No,58.3,71.11,15.86
2023-03-18 23:00,3,23,Weekend,Spring,No,56.81,71.04,17.33
2023-03-19 00:00,3,0,Weekend,Spring,No,56.45,70.85,13.62
2023-03-19 01:00,3,1,Weekend,Spring,No,56.09,69.77,16.74
2023-03-19 02:00,3,2,Weekend,Spring,No,55.0,70.73,23.9
2023-03-19 03:00,3,3,Weekend,Spring,No,53.38,69.94,20.48
2023-03-19 04:00,3,4,Weekend,Spring,No,51.76,70.1,10.82
2023-03-19 05:00,3,5,Weekend,Spring,No,49.5,69.53,14.52
2023-03-19 06:00,3,6,Weekend,Spring,No,46.8,68.73,18.02
2023-03-19 07:00,3,7,Weekend,Spring,No,44.1,68.72,6.47
2023-03-19 08:00,3,8,Weekend,Spring,No,43.61,68.74,9.59
2023-03-19 09:00,3,9,Weekend,Spring,No,44.58,68.76,15.0
2023-03-19 10:00,3,10,Weekend,Spring,No,45.59,69.6,24.02
2023-03-19 11:00,3,11,Weekend,Spring,No,47.4,69.4,27.33
2023-03-19 12:00,3,12,Weekend,Spring,No,49.74,70.08,25.0
2023-03-19 13:00,3,13,Weekend,Spring,No,52.08,70.23,24.12
2023-03-19 14:00,3,14,Weekend,Spring,No,53.58,69.46,39.68
2023-03-19 15:00,3,15,Weekend,Spring,No,54.59,69.68,37.3
2023-03-19 16:00,3,16,Weekend,Spring,No,55.57,70.65,30.81
2023-03-19 17:00,3,17,Weekend,Spring,No,55.2,69.8,40.41
2023-03-19 18:00,3,18,Weekend,Spring,No,53.84,71.54,30.33
2023-03-19 19:00,3,19,Weekend,Spring,No,52.5,70.91,29.17
2023-03-19 20:00,3,20,Weekend,Spring,No,50.62,69.97,29.89
2023-03-19 21:00,3,21,Weekend,Spring,No,48.28,69.68,9.88
2023-03-19 22:00,3,22,Weekend,Spring,No,45.94,68.89,12.6
2023-03-19 23:00,3,23,Weekend,Spring,No,44.54,68.87,2.32
2023-03-20 00:00,3,0,Weekday,Spring,No,43.92,69.44,5.57
2023-03-20 01:00,3,1,Weekday,Spring,No,43.28,69.28,1.0
2023-03-20 02:00,3,2,Weekday,Spring,No,42.56,69.08,10.94
2023-03-20 03:00,3,3,Weekday,Spring,No,41.94,67.95,3.99
2023-03-20 04:00,3,4,Weekday,Spring,No,41.3,68.6,2.71
2023-03-20 05:00,3,5,Weekday,Spring,No,41.42,68.76,10.73
2023-03-20 06:00,3,6,Weekday,Spring,No,42.04,69.0,0.96
2023-03-20 07:00,3,7,Weekday,Spring,No,42.68,68.71,3.68
2023-03-20 08:00,3,8,Weekday,Spring,Yes,45.71,68.08,18.65
2023-03-20 09:00,3,9,Weekday,Spring,Yes,50.39,69.03,8.64
2023-03-20 10:00,3,10,Weekday,Spring,Yes,55.07,69.96,40.62
2023-03-20 11:00,3,11,Weekday,Spring,Yes,58.38,70.11,44.6
2023-03-20 12:00,3,12,Weekday,Spring,Yes,60.72,70.24,45.74
2023-03-20 13:00,3,13,Weekday,Spring,Yes,63.06,71.17,43.31
2023-03-20 14:00,3,14,Weekday,Spring,Yes,64.78,70.86,48.74
2023-03-20 15:00,3,15,Weekday,Spring,Yes,66.14,70.63,46.79
2023-03-20 16:00,3,16,Weekday,Spring,Yes,67.47,71.16,44.2
2023-03-20 17:00,3,17,Weekday,Spring,Yes,67.06,70.83,43.3
2023-03-20 18:00,3,18,Weekday,Spring,No,65.33,72.71,37.47
2023-03-20 19:00,3,19,Weekday,Spring,No,63.64,71.98,37.38
2023-03-20 20:00,3,20,Weekday,Spring,No,61.07,72.48,35.21
2023-03-20 21:00,3,21,Weekday,Spring,No,57.72,70.36,23.33
2023-03-20 22:00,3,22,Weekday,Spring,No,54.41,70.71,18.24
2023-03-20 23:00,3,23,Weekday,Spring,No,52.12,70.17,15.59
2023-03-21 00:00,3,0,Weekday,Spring,No,50.39,70.44,14.98
2023-03-21 01:00,3,1,Weekday,Spring,No,48.7,69.74,11.36
2023-03-21 02:00,3,2,Weekday,Spring,No,47.6,69.46,24.57
2023-03-21 03:00,3,3,Weekday,Spring,No,46.98,69.35,6.45
2023-03-21 04:00,3,4,Weekday,Spring,No,46.34,70.39,16.13
2023-03-21 05:00,3,5,Weekday,Spring,No,46.98,70.18,9.92
2023-03-21 06:00,3,6,Weekday,Spring,No,48.71,68.71,8.04
2023-03-21 07:00,3,7,Weekday,Spring,No,50.4,69.48,13.3
2023-03-21 08:00,3,8,Weekday,Spring,Yes,54.33,69.71,21.11
2023-03-21 09:00,3,9,Weekday,Spring,Yes,60.02,71.22,27.01
2023-03-21 10:00,3,10,Weekday,Spring,Yes,65.68,70.99,35.18
2023-03-21 11:00,3,11,Weekday,Spring,Yes,69.58,71.85,44.24
2023-03-21 12:00,3,12,Weekday,Spring,Yes,72.17,72.64,44.67
2023-03-21 13:00,3,13,Weekday,Spring,Yes,74.8,72.1,46.14
2023-03-21 14:00,3,14,Weekday,Spring,Yes,75.92,72.39,50.78
2023-03-21 15:00,3,15,Weekday,Spring,Yes,75.92,72.96,55.08
2023-03-21 16:00,3,16,Weekday,Spring,Yes,75.92,73.29,51.0
2023-03-21 17:00,3,17,Weekday,Spring,Yes,74.13,72.05,42.62
2023-03-21 18:00,3,18,Weekday,Spring,No,71.18,72.13,45.63
2023-03-21 19:00,3,19,Weekday,Spring,No,68.2,72.57,43.25
2023-03-21 20:00,3,20,Weekday,Spring,No,66.18,72.65,49.29
2023-03-21 21:00,3,21,Weekday,Spring,No,64.82,72.19,32.09
2023-03-21 22:00,3,22,Weekday,Spring,No,63.48,72.12,18.21
2023-03-21 23:00,3,23,Weekday,Spring,No,62.02,72.87,18.79
2023-03-22 00:00,3,0,Weekday,Spring,No,60.29,71.18,22.95
2023-03-22 01:00,3,1,Weekday,Spring,No,58.6,71.01,24.75
2023-03-22 02:00,3,2,Weekday,Spring,No,57.5,70.73,21.73
2023-03-22 03:00,3,3,Weekday,Spring,No,56.88,71.42,23.07
2023-03-22 04:00,3,4,Weekday,Spring,No,56.24,70.78,12.74
2023-03-22 05:00,3,5,Weekday,Spring,No,55.0,70.49,18.63
2023-03-22 06:00,3,6,Weekday,Spring,No,53.38,70.45,22.0
2023-03-22 07:00,3,7,Weekday,Spring,No,51.76,69.99,13.89
2023-03-22 08:00,3,8,Weekday,Spring,Yes,52.24,69.35,23.76
2023-03-22 09:00,3,9,Weekday,Spring,Yes,54.22,70.59,22.11
2023-03-22 10:00,3,10,Weekday,Spring,Yes,56.2,70.07,33.98
2023-03-22 11:00,3,11,Weekday,Spring,Yes,57.76,70.03,36.16
2023-03-22 12:00,3,12,Weekday,Spring,Yes,59.12,70.2,39.75
2023-03-22 13:00,3,13,Weekday,Spring,Yes,60.46,69.86,36.49
2023-03-22 14:00,3,14,Weekday,Spring,Yes,60.35,70.08,33.02
2023-03-22 15:00,3,15,Weekday,Spring,Yes,59.38,69.78,37.36
2023-03-22 16:00,3,16,Weekday,Spring,Yes,58.37,69.94,36.02
2023-03-22 17:00,3,17,Weekday,Spring,Yes,57.18,69.94,40.18
2023-03-22 18:00,3,18,Weekday,Spring,No,55.82,71.52,37.6
2023-03-22 19:00,3,19,Weekday,Spring,No,54.48,70.66,20.38
2023-03-22 20:00,3,20,Weekday,Spring,No,53.02,69.86,34.91
2023-03-22 21:00,3,21,Weekday,Spring,No,51.29,70.65,12.8
2023-03-22 22:00,3,22,Weekday,Spring,No,49.6,70.09,15.2
2023-03-22 23:00,3,23,Weekday,Spring,No,47.56,69.25,15.03
2023-03-23 00:00,3,0,Weekday,Spring,No,45.32,69.98,0.43
2023-03-23 01:00,3,1,Weekday,Spring,No,43.06,68.91,14.47
2023-03-23 02:00,3,2,Weekday,Spring,No,42.29,69.5,9.59
2023-03-23 03:00,3,3,Weekday,Spring,No,42.54,68.3,3.82
2023-03-23 04:00,3,4,Weekday,Spring,No,42.83,67.94,3.72
2023-03-23 05:00,3,5,Weekday,Spring,No,43.72,68.28,13.58
2023-03-23 06:00,3,6,Weekday,Spring,No,45.08,69.68,8.73
2023-03-23 07:00,3,7,Weekday,Spring,No,46.42,68.88,14.83
2023-03-23 08:00,3,8,Weekday,Spring,Yes,48.93,68.77,15.04
2023-03-23 09:00,3,9,Weekday,Spring,Yes,52.25,69.93,18.36
2023-03-23 10:00,3,10,Weekday,Spring,Yes,55.6,69.58,23.03
2023-03-23 11:00,3,11,Weekday,Spring,Yes,58.18,69.72,30.32
2023-03-23 12:00,3,12,Weekday,Spring,Yes,60.16,71.08,37.77
2023-03-23 13:00,3,13,Weekday,Spring,Yes,62.14,70.9,40.65
2023-03-23 14:00,3,14,Weekday,Spring,Yes,63.38,70.22,42.91
2023-03-23 15:00,3,15,Weekday,Spring,Yes,64.0,70.84,41.56
2023-03-23 16:00,3,16,Weekday,Spring,Yes,64.64,71.53,48.24
2023-03-23 17:00,3,17,Weekday,Spring,Yes,64.0,70.85,33.45
2023-03-23 18:00,3,18,Weekday,Spring,No,62.38,71.9,41.93
2023-03-23 19:00,3,19,Weekday,Spring,No,60.76,71.44,34.11
2023-03-23 20:00,3,20,Weekday,Spring,No,59.24,71.58,30.18
2023-03-23 21:00,3,21,Weekday,Spring,No,57.9,70.66,21.45
2023-03-23 22:00,3,22,Weekday,Spring,No,56.54,71.56,17.45
2023-03-23 23:00,3,23,Weekday,Spring,No,54.36,70.51,23.23
2023-03-24 00:00,3,0,Weekday,Spring,No,51.77,69.12,14.36
2023-03-24 01:00,3,1,Weekday,Spring,No,49.14,69.29,12.68
2023-03-24 02:00,3,2,Weekday,Spring,No,47.28,69.75,13.22
2023-03-24 03:00,3,3,Weekday,Spring,No,45.92,69.84,13.47
2023-03-24 04:00,3,4,Weekday,Spring,No,44.58,68.78,15.7
2023-03-24 05:00,3,5,Weekday,Spring,No,44.8,69.22,14.18
2023-03-24 06:00,3,6,Weekday,Spring,No,46.16,68.95,7.84
2023-03-24 07:00,3,7,Weekday,Spring,No,47.5,69.1,5.11
2023-03-24 08:00,3,8,Weekday,Spring,Yes,49.6,68.21,12.83
2023-03-24 09:00,3,9,Weekday,Spring,Yes,52.19,68.92,19.89
2023-03-24 10:00,3,10,Weekday,Spring,Yes,54.82,69.62,35.07
2023-03-24 11:00,3,11,Weekday,Spring,Yes,57.93,70.15,34.58
2023-03-24 12:00,3,12,Weekday,Spring,Yes,61.25,71.21,37.91
2023-03-24 13:00,3,13,Weekday,Spring,Yes,64.6,71.0,34.02
2023-03-24 14:00,3,14,Weekday,Spring,Yes,66.76,71.3,40.01
2023-03-24 15:00,3,15,Weekday,Spring,Yes,68.12,70.02,48.19
2023-03-24 16:00,3,16,Weekday,Spring,Yes,69.46,70.85,43.92
2023-03-24 17:00,3,17,Weekday,Spring,Yes,67.88,72.77,47.25
2023-03-24 18:00,3,18,Weekday,Spring,No,64.18,71.3,43.85
2023-03-24 19:00,3,19,Weekday,Spring,No,60.5,71.26,43.78
2023-03-24 20:00,3,20,Weekday,Spring,No,58.06,71.4,36.71
2023-03-24 21:00,3,21,Weekday,Spring,No,56.33,71.04,14.73
2023-03-24 22:00,3,22,Weekday,Spring,No,54.64,70.25,13.83
2023-03-24 23:00,3,23,Weekday,Spring,No,53.02,70.45,26.11
2023-03-25 00:00,3,0,Weekend,Spring,No,51.29,70.23,17.16
2023-03-25 01:00,3,1,Weekend,Spring,No,49.6,69.7,23.1
2023-03-25 02:00,3,2,Weekend,Spring,No,48.71,69.99,8.01
2023-03-25 03:00,3,3,Weekend,Spring,No,48.46,70.16,12.47
2023-03-25 04:00,3,4,Weekend,Spring,No,48.17,68.96,9.26
2023-03-25 05:00,3,5,Weekend,Spring,No,48.65,70.51,20.53
2023-03-25 06:00,3,6,Weekend,Spring,No,49.62,69.38,17.19
2023-03-25 07:00,3,7,Weekend,Spring,No,50.63,70.84,11.55
2023-03-25 08:00,3,8,Weekend,Spring,No,53.39,70.75,26.51
2023-03-25 09:00,3,9,Weekend,Spring,No,57.35,70.59,14.33
2023-03-25 10:00,3,10,Weekend,Spring,No,61.31,71.55,38.8
2023-03-25 11:00,3,11,Weekend,Spring,No,63.7,72.24,45.39
2023-03-25 12:00,3,12,Weekend,Spring,No,65.06,72.15,42.24
2023-03-25 13:00,3,13,Weekend,Spring,No,66.4,73.22,43.08
2023-03-25 14:00,3,14,Weekend,Spring,No,67.13,72.54,47.0
2023-03-25 15:00,3,15,Weekend,Spring,No,67.49,73.49,37.73
2023-03-25 16:00,3,16,Weekend,Spring,No,67.85,71.74,44.22
2023-03-25 17:00,3,17,Weekend,Spring,No,66.42,72.51,44.1
2023-03-25 18:00,3,18,Weekend,Spring,No,63.83,72.14,42.07
2023-03-25 19:00,3,19,Weekend,Spring,No,61.2,71.35,27.81
2023-03-25 20:00,3,20,Weekend,Spring,No,58.92,71.11,39.78
2023-03-25 21:00,3,21,Weekend,Spring,No,56.84,70.99,20.93
2023-03-25 22:00,3,22,Weekend,Spring,No,54.78,70.05,19.46
2023-03-25 23:00,3,23,Weekend,Spring,No,53.43,70.55,15.58
2023-03-26 00:00,3,0,Weekend,Spring,No,52.43,70.39,7.23
2023-03-26 01:00,3,1,Weekend,Spring,No,51.46,69.85,11.27
2023-03-26 02:00,3,2,Weekend,Spring,No,50.66,70.71,18.34
2023-03-26 03:00,3,3,Weekend,Spring,No,49.94,70.15,5.06
2023-03-26 04:00,3,4,Weekend,Spring,No,49.22,68.9,16.06
2023-03-26 05:00,3,5,Weekend,Spring,No,49.55,70.05,16.81
2023-03-26 06:00,3,6,Weekend,Spring,No,50.52,70.87,8.36
2023-03-26 07:00,3,7,Weekend,Spring,No,51.53,70.72,10.31
2023-03-26 08:00,3,8,Weekend,Spring,No,53.34,69.27,15.86
2023-03-26 09:00,3,9,Weekend,Spring,No,55.68,71.23,21.17
2023-03-26 10:00,3,10,Weekend,Spring,No,58.02,71.12,30.86
2023-03-26 11:00,3,11,Weekend,Spring,No,59.0,71.67,28.52
2023-03-26 12:00,3,12,Weekend,Spring,No,59.0,70.76,36.31
2023-03-26 13:00,3,13,Weekend,Spring,No,59.0,71.58,35.97
2023-03-26 14:00,3,14,Weekend,Spring,No,58.26,70.67,33.33
2023-03-26 15:00,3,15,Weekend,Spring,No,56.9,70.85,39.3
2023-03-26 16:00,3,16,Weekend,Spring,No,55.57,71.55,37.98
2023-03-26 17:00,3,17,Weekend,Spring,No,52.94,70.22,30.31
2023-03-26 18:00,3,18,Weekend,Spring,No,49.24,69.39,27.5
2023-03-26 19:00,3,19,Weekend,Spring,No,45.56,69.35,28.56
2023-03-26 20:00,3,20,Weekend,Spring,No,43.22,69.06,31.07
2023-03-26 21:00,3,21,Weekend,Spring,No,41.89,68.52,5.08
2023-03-26 22:00,3,22,Weekend,Spring,No,40.52,68.23,7.59
2023-03-26 23:00,3,23,Weekend,Spring,No,40.13,68.73,7.79
2023-03-27 00:00,3,0,Weekday,Spring,No,40.49,69.19,0.61
2023-03-27 01:00,3,1,Weekday,Spring,No,40.85,68.41,2.75
2023-03-27 02:00,3,2,Weekday,Spring,No,41.42,68.27,2.86
2023-03-27 03:00,3,3,Weekday,Spring,No,42.04,69.32,12.45
2023-03-27 04:00,3,4,Weekday,Spring,No,42.68,68.88,7.65
2023-03-27 05:00,3,5,Weekday,Spring,No,43.4,68.79,9.43
2023-03-27 06:00,3,6,Weekday,Spring,No,44.02,68.91,13.79
2023-03-27 07:00,3,7,Weekday,Spring,No,44.66,68.49,6.02
2023-03-27 08:00,3,8,Weekday,Spring,Yes,45.9,69.15,18.43
2023-03-27 09:00,3,9,Weekday,Spring,Yes,47.63,69.2,11.01
2023-03-27 10:00,3,10,Weekday,Spring,Yes,49.32,68.31,27.67
2023-03-27 11:00,3,11,Weekday,Spring,Yes,51.36,69.58,21.46
2023-03-27 12:00,3,12,Weekday,Spring,Yes,53.7,68.54,30.7
2023-03-27 13:00,3,13,Weekday,Spring,Yes,56.04,69.97,39.35
2023-03-27 14:00,3,14,Weekday,Spring,Yes,57.65,69.99,33.26
2023-03-27 15:00,3,15,Weekday,Spring,Yes,58.62,70.62,23.62
2023-03-27 16:00,3,16,Weekday,Spring,Yes,59.63,71.0,28.59
2023-03-27 17:00,3,17,Weekday,Spring,Yes,59.66,70.67,35.85
2023-03-27 18:00,3,18,Weekday,Spring,No,58.94,71.46,37.81
2023-03-27 19:00,3,19,Weekday,Spring,No,58.22,71.54,36.14
2023-03-27 20:00,3,20,Weekday,Spring,No,56.34,71.16,43.09
2023-03-27 21:00,3,21,Weekday,Spring,No,53.75,70.13,12.07
2023-03-27 22:00,3,22,Weekday,Spring,No,51.12,70.49,17.01
2023-03-27 23:00,3,23,Weekday,Spring,No,49.37,69.22,23.09
2023-03-28 00:00,3,0,Weekday,Spring,No,48.4,69.6,13.36
2023-03-28 01:00,3,1,Weekday,Spring,No,47.39,70.32,11.33
2023-03-28 02:00,3,2,Weekday,Spring,No,46.52,69.96,6.33
2023-03-28 03:00,3,3,Weekday,Spring,No,45.9,69.59,13.4
2023-03-28 04:00,3,4,Weekday,Spring,No,45.26,68.93,13.77
2023-03-28 05:00,3,5,Weekday,Spring,No,45.38,70.12,17.25
2023-03-28 06:00,3,6,Weekday,Spring,No,46.0,69.37,4.9
2023-03-28 07:00,3,7,Weekday,Spring,No,46.64,68.9,13.08
2023-03-28 08:00,3,8,Weekday,Spring,Yes,48.93,68.77,22.42
2023-03-28 09:00,3,9,Weekday,Spring,Yes,52.25,69.77,14.1
2023-03-28 10:00,3,10,Weekday,Spring,Yes,55.6,68.46,30.05
2023-03-28 11:00,3,11,Weekday,Spring,Yes,58.18,69.99,34.97
2023-03-28 12:00,3,12,Weekday,Spring,Yes,60.16,71.39,39.97
2023-03-28 13:00,3,13,Weekday,Spring,Yes,62.14,71.18,33.12
2023-03-28 14:00,3,14,Weekday,Spring,Yes,62.75,71.9,38.66
2023-03-28 15:00,3,15,Weekday,Spring,Yes,62.5,71.35,46.26
2023-03-28 16:00,3,16,Weekday,Spring,Yes,62.21,70.75,37.7
2023-03-28 17:00,3,17,Weekday,Spring,Yes,60.9,70.51,39.22
2023-03-28 18:00,3,18,Weekday,Spring,No,58.82,71.94,45.22
2023-03-28 19:00,3,19,Weekday,Spring,No,56.76,70.29,36.9
2023-03-28 20:00,3,20,Weekday,Spring,No,55.42,70.14,23.38
2023-03-28 21:00,3,21,Weekday,Spring,No,54.41,70.6,31.12
2023-03-28 22:00,3,22,Weekday,Spring,No,53.43,69.92,15.49
2023-03-28 23:00,3,23,Weekday,Spring,No,51.07,71.06,19.52
2023-03-29 00:00,3,0,Weekday,Spring,No,47.75,69.48,11.59
2023-03-29 01:00,3,1,Weekday,Spring,No,44.4,69.26,10.64
2023-03-29 02:00,3,2,Weekday,Spring,No,42.35,69.34,11.53
2023-03-29 03:00,3,3,Weekday,Spring,No,41.38,68.83,0.0
2023-03-29 04:00,3,4,Weekday,Spring,No,40.37,68.78,0.0
2023-03-29 05:00,3,5,Weekday,Spring,No,40.86,67.91,2.85
2023-03-29 06:00,3,6,Weekday,Spring,No,42.59,69.88,15.28
2023-03-29 07:00,3,7,Weekday,Spring,No,44.28,69.77,12.21
2023-03-29 08:00,3,8,Weekday,Spring,Yes,47.48,69.25,12.88
2023-03-29 09:00,3,9,Weekday,Spring,Yes,51.8,69.36,11.51
2023-03-29 10:00,3,10,Weekday,Spring,Yes,56.12,70.49,38.64
2023-03-29 11:00,3,11,Weekday,Spring,Yes,59.28,71.02,31.75
2023-03-29 12:00,3,12,Weekday,Spring,Yes,61.62,70.47,40.67
2023-03-29 13:00,3,13,Weekday,Spring,Yes,63.96,71.62,35.36
2023-03-29 14:00,3,14,Weekday,Spring,Yes,65.15,71.42,50.09
2023-03-29 15:00,3,15,Weekday,Spring,Yes,65.51,71.32,35.67
2023-03-29 16:00,3,16,Weekday,Spring,Yes,65.87,70.33,29.27
2023-03-29 17:00,3,17,Weekday,Spring,Yes,64.66,71.06,43.82
2023-03-29 18:00,3,18,Weekday,Spring,No,62.32,71.92,45.0
2023-03-29 19:00,3,19,Weekday,Spring,No,59.98,70.02,39.48
2023-03-29 20:00,3,20,Weekday,Spring,No,57.64,71.61,41.01
2023-03-29 21:00,3,21,Weekday,Spring,No,55.3,71.01,19.36
2023-03-29 22:00,3,22,Weekday,Spring,No,52.96,70.73,14.75
2023-03-29 23:00,3,23,Weekday,Spring,No,50.62,69.74,13.59
2023-03-30 00:00,3,0,Weekday,Spring,No,48.28,69.4,16.03
2023-03-30 01:00,3,1,Weekday,Spring,No,45.94,68.96,14.31
2023-03-30 02:00,3,2,Weekday,Spring,No,44.44,69.83,6.39
2023-03-30 03:00,3,3,Weekday,Spring,No,43.43,69.28,4.1
2023-03-30 04:00,3,4,Weekday,Spring,No,42.46,70.03,8.39
2023-03-30 05:00,3,5,Weekday,Spring,No,43.24,69.15,0.0
2023-03-30 06:00,3,6,Weekday,Spring,No,45.22,69.33,12.14
2023-03-30 07:00,3,7,Weekday,Spring,No,47.2,69.56,23.68
2023-03-30 08:00,3,8,Weekday,Spring,Yes,50.96,70.16,10.63
2023-03-30 09:00,3,9,Weekday,Spring,Yes,55.9,70.7,23.7
2023-03-30 10:00,3,10,Weekday,Spring,Yes,60.86,70.87,39.02
2023-03-30 11:00,3,11,Weekday,Spring,Yes,64.32,71.43,41.5
2023-03-30 12:00,3,12,Weekday,Spring,Yes,66.66,70.85,42.89
2023-03-30 13:00,3,13,Weekday,Spring,Yes,69.01,71.58,46.28
2023-03-30 14:00,3,14,Weekday,Spring,Yes,70.61,72.13,47.9
2023-03-30 15:00,3,15,Weekday,Spring,Yes,71.58,71.54,46.94
2023-03-30 16:00,3,16,Weekday,Spring,Yes,72.59,72.69,49.25
2023-03-30 17:00,3,17,Weekday,Spring,Yes,71.26,71.66,47.7
2023-03-30 18:00,3,18,Weekday,Spring,No,68.3,72.31,48.09
2023-03-30 19:00,3,19,Weekday,Spring,No,65.32,72.64,37.4
2023-03-30 20:00,3,20,Weekday,Spring,No,62.89,72.4,37.79
2023-03-30 21:00,3,21,Weekday,Spring,No,60.8,71.52,24.52
2023-03-30 22:00,3,22,Weekday,Spring,No,58.74,71.05,30.89
2023-03-30 23:00,3,23,Weekday,Spring,No,57.5,70.91,26.89
2023-03-31 00:00,3,0,Weekday,Spring,No,56.88,70.51,17.82
2023-03-31 01:00,3,1,Weekday,Spring,No,56.24,70.95,22.5
2023-03-31 02:00,3,2,Weekday,Spring,No,55.2,70.39,25.17
2023-03-31 03:00,3,3,Weekday,Spring,No,53.84,69.84,28.23
2023-03-31 04:00,3,4,Weekday,Spring,No,52.5,70.75,16.39
2023-03-31 05:00,3,5,Weekday,Spring,No,51.98,70.53,14.46
2023-03-31 06:00,3,6,Weekday,Spring,No,51.98,69.48,17.81
2023-03-31 07:00,3,7,Weekday,Spring,No,51.98,69.74,12.04
2023-03-31 08:00,3,8,Weekday,Spring,Yes,52.92,68.88,16.36
2023-03-31 09:00,3,9,Weekday,Spring,Yes,54.65,69.46,15.41
2023-03-31 10:00,3,10,Weekday,Spring,Yes,56.34,69.84,28.32
2023-03-31 11:00,3,11,Weekday,Spring,Yes,57.76,69.47,43.55
2023-03-31 12:00,3,12,Weekday,Spring,Yes,59.12,70.98,32.26
2023-03-31 13:00,3,13,Weekday,Spring,Yes,60.46,70.7,31.31
2023-03-31 14:00,3,14,Weekday,Spring,Yes,61.19,71.59,30.91
2023-03-31 15:00,3,15,Weekday,Spring,Yes,61.55,70.14,34.98
2023-03-31 16:00,3,16,Weekday,Spring,Yes,61.91,71.04,33.46
2023-03-31 17:00,3,17,Weekday,Spring,Yes,61.22,70.73,31.44
2023-03-31 18:00,3,18,Weekday,Spring,No,59.89,71.2,36.27
2023-03-31 19:00,3,19,Weekday,Spring,No,58.52,70.98,26.73
2023-03-31 20:00,3,20,Weekday,Spring,No,56.03,70.58,35.02
2023-03-31 21:00,3,21,Weekday,Spring,No,54.36,70.3,14.48
2023-03-31 22:00,3,22,Weekday,Spring,No,53.93,70.54,13.74
2023-03-31 23:00,3,23,Weekday,Spring,No,53.46,71.53,22.73
2023-04-01 00:00,4,0,Weekend,Spring,No,53.03,71.09,16.82
2023-04-01 01:00,4,1,Weekend,Spring,No,52.56,70.18,17.58
2023-04-01 02:00,4,2,Weekend,Spring,No,52.13,70.57,10.27
2023-04-01 03:00,4,3,Weekend,Spring,No,51.66,70.07,24.5
2023-04-01 04:00,4,4,Weekend,Spring,No,51.23,70.45,18.33
2023-04-01 05:00,4,5,Weekend,Spring,No,52.97,70.23,17.29
2023-04-01 06:00,4,6,Weekend,Spring,No,56.32,71.14,25.1
2023-04-01 07:00,4,7,Weekend,Spring,No,59.63,71.46,31.12
2023-04-01 08:00,4,8,Weekend,Spring,No,64.44,71.7,18.41
2023-04-01 09:00,4,9,Weekend,Spring,No,70.49,72.51,26.63
2023-04-01 10:00,4,10,Weekend,Spring,No,76.5,73.47,55.07
2023-04-01 11:00,4,11,Weekend,Spring,No,80.13,73.44,51.71
2023-04-01 12:00,4,12,Weekend,Spring,No,82.12,74.03,49.47
2023-04-01 13:00,4,13,Weekend,Spring,No,84.1,75.05,61.58
2023-04-01 14:00,4,14,Weekend,Spring,No,84.92,74.48,49.77
2023-04-01 15:00,4,15,Weekend,Spring,No,84.92,74.67,54.5
2023-04-01 16:00,4,16,Weekend,Spring,No,84.92,74.05,64.61
2023-04-01 17:00,4,17,Weekend,Spring,No,83.14,75.05,60.78
2023-04-01 18:00,4,18,Weekend,Spring,No,80.18,73.44,52.4
2023-04-01 19:00,4,19,Weekend,Spring,No,77.2,73.03,58.27
2023-04-01 20:00,4,20,Weekend,Spring,No,73.61,73.32,48.02
2023-04-01 21:00,4,21,Weekend,Spring,No,69.65,72.35,21.99
2023-04-01 22:00,4,22,Weekend,Spring,No,65.69,72.36,28.54
2023-04-01 23:00,4,23,Weekend,Spring,No,63.3,72.44,35.61
2023-04-02 00:00,4,0,Weekend,Spring,No,61.94,71.44,33.36
2023-04-02 01:00,4,1,Weekend,Spring,No,60.6,71.83,18.07
2023-04-02 02:00,4,2,Weekend,Spring,No,59.24,71.22,12.36
2023-04-02 03:00,4,3,Weekend,Spring,No,57.9,71.65,23.0
2023-04-02 04:00,4,4,Weekend,Spring,No,56.54,70.58,18.14
2023-04-02 05:00,4,5,Weekend,Spring,No,57.1,70.74,17.83
2023-04-02 06:00,4,6,Weekend,Spring,No,59.18,70.74,21.91
2023-04-02 07:00,4,7,Weekend,Spring,No,61.24,71.63,13.98
2023-04-02 08:00,4,8,Weekend,Spring,No,65.0,72.84,29.85
2023-04-02 09:00,4,9,Weekend,Spring,No,69.94,72.99,30.67
2023-04-02 10:00,4,10,Weekend,Spring,No,74.9,72.93,49.89
2023-04-02 11:00,4,11,Weekend,Spring,No,77.63,73.42,42.29
2023-04-02 12:00,4,12,Weekend,Spring,No,78.6,74.34,56.39
2023-04-02 13:00,4,13,Weekend,Spring,No,79.61,74.96,56.31
2023-04-02 14:00,4,14,Weekend,Spring,No,80.48,74.52,44.49
2023-04-02 15:00,4,15,Weekend,Spring,No,81.1,73.95,59.46
2023-04-02 16:00,4,16,Weekend,Spring,No,81.74,74.54,52.92
2023-04-02 17:00,4,17,Weekend,Spring,No,80.68,75.17,44.92
2023-04-02 18:00,4,18,Weekend,Spring,No,78.33,73.73,47.29
2023-04-02 19:00,4,19,Weekend,Spring,No,75.99,73.86,50.01
2023-04-02 20:00,4,20,Weekend,Spring,No,73.03,73.14,43.19
2023-04-02 21:00,4,21,Weekend,Spring,No,69.71,73.31,32.67
2023-04-02 22:00,4,22,Weekend,Spring,No,66.36,72.84,33.27
2023-04-02 23:00,4,23,Weekend,Spring,No,63.36,71.28,23.08
2023-04-03 00:00,4,0,Weekday,Spring,No,60.77,72.25,27.74
2023-04-03 01:00,4,1,Weekday,Spring,No,58.14,70.69,21.29
2023-04-03 02:00,4,2,Weekday,Spring,No,56.39,70.25,23.22
2023-04-03 03:00,4,3,Weekday,Spring,No,55.42,71.09,21.11
2023-04-03 04:00,4,4,Weekday,Spring,No,54.41,70.39,23.68
2023-04-03 05:00,4,5,Weekday,Spring,No,55.12,70.72,18.06
2023-04-03 06:00,4,6,Weekday,Spring,No,57.2,71.58,20.38
2023-04-03 07:00,4,7,Weekday,Spring,No,59.26,71.62,22.41
2023-04-03 08:00,4,8,Weekday,Spring,Yes,62.81,71.1,23.39
2023-04-03 09:00,4,9,Weekday,Spring,Yes,67.39,71.49,26.95
2023-04-03 10:00,4,10,Weekday,Spring,Yes,71.99,72.52,50.87
2023-04-03 11:00,4,11,Weekday,Spring,Yes,74.89,72.61,49.63
2023-04-03 12:00,4,12,Weekday,Spring,Yes,76.61,72.39,53.47
2023-04-03 13:00,4,13,Weekday,Spring,Yes,78.31,73.73,54.97
2023-04-03 14:00,4,14,Weekday,Spring,Yes,79.4,73.09,54.24
2023-04-03 15:00,4,15,Weekday,Spring,Yes,80.02,73.56,48.72
2023-04-03 16:00,4,16,Weekday,Spring,Yes,80.66,73.33,49.92
2023-04-03 17:00,4,17,Weekday,Spring,Yes,79.18,73.72,55.41
2023-04-03 18:00,4,18,Weekday,Spring,No,76.22,73.71,54.21
2023-04-03 19:00,4,19,Weekday,Spring,No,73.24,72.9,51.69
2023-04-03 20:00,4,20,Weekday,Spring,No,70.07,72.38,55.69
2023-04-03 21:00,4,21,Weekday,Spring,No,66.72,72.19,30.65
2023-04-03 22:00,4,22,Weekday,Spring,No,63.41,70.38,29.35
2023-04-03 23:00,4,23,Weekday,Spring,No,61.43,71.66,22.24
2023-04-04 00:00,4,0,Weekday,Spring,No,60.46,70.82,25.44
2023-04-04 01:00,4,1,Weekday,Spring,No,59.45,71.81,22.33
2023-04-04 02:00,4,2,Weekday,Spring,No,58.06,69.93,18.38
2023-04-04 03:00,4,3,Weekday,Spring,No,56.33,71.16,18.57
2023-04-04 04:00,4,4,Weekday,Spring,No,54.64,70.27,19.44
2023-04-04 05:00,4,5,Weekday,Spring,No,55.32,70.88,12.88
2023-04-04 06:00,4,6,Weekday,Spring,No,57.66,71.3,19.41
2023-04-04 07:00,4,7,Weekday,Spring,No,60.0,71.03,36.3
2023-04-04 08:00,4,8,Weekday,Spring,Yes,63.5,71.61,31.11
2023-04-04 09:00,4,9,Weekday,Spring,Yes,67.82,71.58,18.43
2023-04-04 10:00,4,10,Weekday,Spring,Yes,72.14,72.25,45.56
2023-04-04 11:00,4,11,Weekday,Spring,Yes,75.31,72.56,45.98
2023-04-04 12:00,4,12,Weekday,Spring,Yes,77.65,73.39,54.73
2023-04-04 13:00,4,13,Weekday,Spring,Yes,79.98,73.96,51.42
2023-04-04 14:00,4,14,Weekday,Spring,Yes,81.17,72.88,57.5
2023-04-04 15:00,4,15,Weekday,Spring,Yes,81.53,73.56,65.3
2023-04-04 16:00,4,16,Weekday,Spring,Yes,81.89,72.86,57.72
2023-04-04 17:00,4,17,Weekday,Spring,Yes,80.04,73.16,50.26
2023-04-04 18:00,4,18,Weekday,Spring,No,76.73,74.32,44.63
2023-04-04 19:00,4,19,Weekday,Spring,No,73.39,73.43,47.65
2023-04-04 20:00,4,20,Weekday,Spring,No,70.18,72.69,38.11
2023-04-04 21:00,4,21,Weekday,Spring,No,67.22,72.89,33.84
2023-04-04 22:00,4,22,Weekday,Spring,No,64.24,71.4,19.7
2023-04-04 23:00,4,23,Weekday,Spring,No,62.02,71.29,34.27
2023-04-05 00:00,4,0,Weekday,Spring,No,60.29,71.55,21.81
2023-04-05 01:00,4,1,Weekday,Spring,No,58.6,71.07,19.34
2023-04-05 02:00,4,2,Weekday,Spring,No,56.76,71.9,15.88
2023-04-05 03:00,4,3,Weekday,Spring,No,54.78,69.67,11.91
2023-04-05 04:00,4,4,Weekday,Spring,No,52.8,70.48,11.07
2023-04-05 05:00,4,5,Weekday,Spring,No,52.19,70.32,19.53
2023-04-05 06:00,4,6,Weekday,Spring,No,52.55,69.91,6.78
2023-04-05 07:00,4,7,Weekday,Spring,No,52.91,69.83,22.49
2023-04-05 08:00,4,8,Weekday,Spring,Yes,54.64,69.31,21.64
2023-04-05 09:00,4,9,Weekday,Spring,Yes,57.23,69.91,19.6
2023-04-05 10:00,4,10,Weekday,Spring,Yes,59.86,70.15,39.29
2023-04-05 11:00,4,11,Weekday,Spring,Yes,62.35,70.8,42.17
2023-04-05 12:00,4,12,Weekday,Spring,Yes,64.68,70.76,40.56
2023-04-05 13:00,4,13,Weekday,Spring,Yes,67.03,71.52,40.26
2023-04-05 14:00,4,14,Weekday,Spring,Yes,68.42,72.12,39.1
2023-04-05 15:00,4,15,Weekday,Spring,Yes,69.04,71.78,44.99
2023-04-05 16:00,4,16,Weekday,Spring,Yes,69.68,71.16,40.97
2023-04-05 17:00,4,17,Weekday,Spring,Yes,68.82,71.19,47.14
2023-04-05 18:00,4,18,Weekday,Spring,No,66.84,72.47,36.65
2023-04-05 19:00,4,19,Weekday,Spring,No,64.86,72.38,42.17
2023-04-05 20:00,4,20,Weekday,Spring,No,62.46,71.34,36.92
2023-04-05 21:00,4,21,Weekday,Spring,No,59.76,70.84,24.12
2023-04-05 22:00,4,22,Weekday,Spring,No,57.06,70.95,25.95
2023-04-05 23:00,4,23,Weekday,Spring,No,55.2,71.23,16.67
2023-04-06 00:00,4,0,Weekday,Spring,No,53.84,70.22,9.08
2023-04-06 01:00,4,1,Weekday,Spring,No,52.5,70.52,9.44
2023-04-06 02:00,4,2,Weekday,Spring,No,50.82,69.98,16.75
2023-04-06 03:00,4,3,Weekday,Spring,No,48.84,69.47,10.4
2023-04-06 04:00,4,4,Weekday,Spring,No,46.86,69.96,12.21
2023-04-06 05:00,4,5,Weekday,Spring,No,46.56,68.96,13.9
2023-04-06 06:00,4,6,Weekday,Spring,No,47.57,69.4,16.65
2023-04-06 07:00,4,7,Weekday,Spring,No,48.54,70.78,20.46
2023-04-06 08:00,4,8,Weekday,Spring,Yes,51.65,69.03,11.74
2023-04-06 09:00,4,9,Weekday,Spring,Yes,56.33,69.27,27.66
2023-04-06 10:00,4,10,Weekday,Spring,Yes,61.01,70.9,36.48
2023-04-06 11:00,4,11,Weekday,Spring,Yes,64.32,71.14,38.43
2023-04-06 12:00,4,12,Weekday,Spring,Yes,66.66,71.14,47.67
2023-04-06 13:00,4,13,Weekday,Spring,Yes,69.01,71.75,55.6
2023-04-06 14:00,4,14,Weekday,Spring,Yes,70.72,71.93,47.3
2023-04-06 15:00,4,15,Weekday,Spring,Yes,72.08,71.98,41.84
2023-04-06 16:00,4,16,Weekday,Spring,Yes,73.42,72.75,49.36
2023-04-06 17:00,4,17,Weekday,Spring,Yes,72.58,71.87,49.55
2023-04-06 18:00,4,18,Weekday,Spring,No,70.24,73.45,35.21
2023-04-06 19:00,4,19,Weekday,Spring,No,67.9,72.28,42.58
2023-04-06 20:00,4,20,Weekday,Spring,No,65.03,72.42,47.85
2023-04-06 21:00,4,21,Weekday,Spring,No,61.68,71.91,33.97
2023-04-06 22:00,4,22,Weekday,Spring,No,58.37,71.4,21.32
2023-04-06 23:00,4,23,Weekday,Spring,No,56.81,71.68,24.13
2023-04-07 00:00,4,0,Weekday,Spring,No,56.45,71.49,21.28
2023-04-07 01:00,4,1,Weekday,Spring,No,56.09,70.95,22.02
2023-04-07 02:00,4,2,Weekday,Spring,No,54.36,71.23,16.93
2023-04-07 03:00,4,3,Weekday,Spring,No,51.77,70.47,12.22
2023-04-07 04:00,4,4,Weekday,Spring,No,49.14,70.09,13.58
2023-04-07 05:00,4,5,Weekday,Spring,No,48.76,68.66,10.01
2023-04-07 06:00,4,6,Weekday,Spring,No,50.12,70.33,12.36
2023-04-07 07:00,4,7,Weekday,Spring,No,51.46,70.5,19.97
2023-04-07 08:00,4,8,Weekday,Spring,Yes,54.92,69.98,25.78
2023-04-07 09:00,4,9,Weekday,Spring,Yes,59.86,69.5,22.42
2023-04-07 10:00,4,10,Weekday,Spring,Yes,64.82,70.91,47.43
2023-04-07 11:00,4,11,Weekday,Spring,Yes,68.28,71.34,50.91
2023-04-07 12:00,4,12,Weekday,Spring,Yes,70.62,72.11,51.27
2023-04-07 13:00,4,13,Weekday,Spring,Yes,72.96,72.43,53.75
2023-04-07 14:00,4,14,Weekday,Spring,Yes,74.57,72.77,56.92
2023-04-07 15:00,4,15,Weekday,Spring,Yes,75.54,72.92,44.41
2023-04-07 16:00,4,16,Weekday,Spring,Yes,76.55,72.98,54.0
2023-04-07 17:00,4,17,Weekday,Spring,Yes,76.06,73.37,49.72
2023-04-07 18:00,4,18,Weekday,Spring,No,74.33,72.91,47.69
2023-04-07 19:00,4,19,Weekday,Spring,No,72.63,73.86,39.21
2023-04-07 20:00,4,20,Weekday,Spring,No,69.86,73.36,37.66
2023-04-07 21:00,4,21,Weekday,Spring,No,66.16,72.28,34.32
2023-04-07 22:00,4,22,Weekday,Spring,No,62.48,72.23,19.48
2023-04-07 23:00,4,23,Weekday,Spring,No,59.62,72.0,22.57
2023-04-08 00:00,4,0,Weekend,Spring,No,57.28,70.79,25.63
2023-04-08 01:00,4,1,Weekend,Spring,No,54.94,70.14,15.38
2023-04-08 02:00,4,2,Weekend,Spring,No,54.38,69.63,21.17
2023-04-08 03:00,4,3,Weekend,Spring,No,55.0,70.56,18.95
2023-04-08 04:00,4,4,Weekend,Spring,No,55.64,69.56,31.52
2023-04-08 05:00,4,5,Weekend,Spring,No,56.78,71.02,12.4
2023-04-08 06:00,4,6,Weekend,Spring,No,58.11,71.99,27.49
2023-04-08 07:00,4,7,Weekend,Spring,No,59.48,71.59,31.35
2023-04-08 08:00,4,8,Weekend,Spring,No,63.76,72.04,21.09
2023-04-08 09:00,4,9,Weekend,Spring,No,70.05,72.81,31.66
2023-04-08 10:00,4,10,Weekend,Spring,No,76.36,73.55,51.37
2023-04-08 11:00,4,11,Weekend,Spring,No,79.92,74.48,53.69
2023-04-08 12:00,4,12,Weekend,Spring,No,81.65,74.85,65.1
2023-04-08 13:00,4,13,Weekend,Spring,No,83.34,74.9,49.45
2023-04-08 14:00,4,14,Weekend,Spring,No,84.23,74.91,59.79
2023-04-08 15:00,4,15,Weekend,Spring,No,84.48,74.54,54.52
2023-04-08 16:00,4,16,Weekend,Spring,No,84.77,74.87,55.07
2023-04-08 17:00,4,17,Weekend,Spring,No,82.82,74.43,61.86
2023-04-08 18:00,4,18,Weekend,Spring,No,79.12,74.09,56.92
2023-04-08 19:00,4,19,Weekend,Spring,No,75.44,73.31,57.52
2023-04-08 20:00,4,20,Weekend,Spring,No,72.58,73.41,46.21
2023-04-08 21:00,4,21,Weekend,Spring,No,70.24,73.28,34.2
2023-04-08 22:00,4,22,Weekend,Spring,No,67.9,72.89,39.2
2023-04-08 23:00,4,23,Weekend,Spring,No,65.14,72.34,19.46
2023-04-09 00:00,4,0,Weekend,Spring,No,62.18,71.75,26.8
2023-04-09 01:00,4,1,Weekend,Spring,No,59.2,71.27,24.63
2023-04-09 02:00,4,2,Weekend,Spring,No,57.4,71.54,14.98
2023-04-09 03:00,4,3,Weekend,Spring,No,56.39,71.05,18.42
2023-04-09 04:00,4,4,Weekend,Spring,No,55.42,71.91,14.83
2023-04-09 05:00,4,5,Weekend,Spring,No,55.04,70.0,22.76
2023-04-09 06:00,4,6,Weekend,Spring,No,55.04,70.82,23.57
2023-04-09 07:00,4,7,Weekend,Spring,No,55.04,71.03,17.96
2023-04-09 08:00,4,8,Weekend,Spring,No,57.56,71.38,27.05
2023-04-09 09:00,4,9,Weekend,Spring,No,61.88,72.18,20.96
2023-04-09 10:00,4,10,Weekend,Spring,No,66.2,71.84,47.72
2023-04-09 11:00,4,11,Weekend,Spring,No,70.0,72.18,44.89
2023-04-09 12:00,4,12,Weekend,Spring,No,73.31,73.45,48.06
2023-04-09 13:00,4,13,Weekend,Spring,No,76.66,73.27,49.94
2023-04-09 14:00,4,14,Weekend,Spring,No,78.29,72.99,59.76
2023-04-09 15:00,4,15,Weekend,Spring,No,78.54,74.06,51.46
2023-04-09 16:00,4,16,Weekend,Spring,No,78.83,73.01,50.22
2023-04-09 17:00,4,17,Weekend,Spring,No,77.82,73.29,49.62
2023-04-09 18:00,4,18,Weekend,Spring,No,75.84,74.44,46.15
2023-04-09 19:00,4,19,Weekend,Spring,No,73.86,73.43,48.33
2023-04-09 20:00,4,20,Weekend,Spring,No,71.26,72.53,44.83
2023-04-09 21:00,4,21,Weekend,Spring,No,68.3,72.45,27.69
2023-04-09 22:00,4,22,Weekend,Spring,No,65.32,72.45,25.73
2023-04-09 23:00,4,23,Weekend,Spring,No,63.1,71.1,22.77
2023-04-10 00:00,4,0,Weekday,Spring,No,61.37,71.33,21.34
2023-04-10 01:00,4,1,Weekday,Spring,No,59.68,70.63,21.7
2023-04-10 02:00,4,2,Weekday,Spring,No,57.64,70.33,28.66
2023-04-10 03:00,4,3,Weekday,Spring,No,55.3,70.8,20.05
2023-04-10 04:00,4,4,Weekday,Spring,No,52.96,70.17,14.69
2023-04-10 05:00,4,5,Weekday,Spring,No,53.56,70.4,15.82
2023-04-10 06:00,4,6,Weekday,Spring,No,56.26,70.66,12.65
2023-04-10 07:00,4,7,Weekday,Spring,No,58.96,71.24,22.24
2023-04-10 08:00,4,8,Weekday,Spring,Yes,63.34,71.52,29.56
2023-04-10 09:00,4,9,Weekday,Spring,Yes,69.02,71.74,29.54
2023-04-10 10:00,4,10,Weekday,Spring,Yes,74.68,71.87,39.59
2023-04-10 11:00,4,11,Weekday,Spring,Yes,77.94,72.0,52.15
2023-04-10 12:00,4,12,Weekday,Spring,Yes,79.67,73.73,54.1
2023-04-10 13:00,4,13,Weekday,Spring,Yes,81.37,72.67,57.23
2023-04-10 14:00,4,14,Weekday,Spring,Yes,82.04,74.04,51.63
2023-04-10 15:00,4,15,Weekday,Spring,Yes,82.04,73.24,55.72
2023-04-10 16:00,4,16,Weekday,Spring,Yes,82.04,74.54,56.39
2023-04-10 17:00,4,17,Weekday,Spring,Yes,80.46,73.9,59.04
2023-04-10 18:00,4,18,Weekday,Spring,No,77.76,74.3,54.68
2023-04-10 19:00,4,19,Weekday,Spring,No,75.06,74.17,55.29
2023-04-10 20:00,4,20,Weekday,Spring,No,72.37,72.86,49.12
2023-04-10 21:00,4,21,Weekday,Spring,No,69.77,72.42,26.85
2023-04-10 22:00,4,22,Weekday,Spring,No,67.14,72.37,33.7
2023-04-10 23:00,4,23,Weekday,Spring,No,64.24,72.12,18.91
2023-04-11 00:00,4,0,Weekday,Spring,No,61.28,71.2,27.79
2023-04-11 01:00,4,1,Weekday,Spring,No,58.3,71.22,17.18
2023-04-11 02:00,4,2,Weekday,Spring,No,56.39,70.13,23.38
2023-04-11 03:00,4,3,Weekday,Spring,No,55.42,70.04,24.65
2023-04-11 04:00,4,4,Weekday,Spring,No,54.41,70.53,20.03
2023-04-11 05:00,4,5,Weekday,Spring,No,55.54,70.36,12.12
2023-04-11 06:00,4,6,Weekday,Spring,No,58.24,71.48,24.63
2023-04-11 07:00,4,7,Weekday,Spring,No,60.93,71.62,24.22
2023-04-11 08:00,4,8,Weekday,Spring,Yes,65.21,71.67,25.45
2023-04-11 09:00,4,9,Weekday,Spring,Yes,70.5,71.41,22.57
2023-04-11 10:00,4,10,Weekday,Spring,Yes,75.83,72.6,49.54
2023-04-11 11:00,4,11,Weekday,Spring,Yes,79.45,73.81,53.41
2023-04-11 12:00,4,12,Weekday,Spring,Yes,81.68,73.84,62.09
2023-04-11 13:00,4,13,Weekday,Spring,Yes,83.94,73.25,50.32
2023-04-11 14:00,4,14,Weekday,Spring,Yes,84.92,73.87,59.85
2023-04-11 15:00,4,15,Weekday,Spring,Yes,84.92,74.28,57.66
2023-04-11 16:00,4,16,Weekday,Spring,Yes,84.92,72.98,55.04
2023-04-11 17:00,4,17,Weekday,Spring,Yes,83.03,74.12,55.61
2023-04-11 18:00,4,18,Weekday,Spring,No,79.68,73.5,55.08
2023-04-11 19:00,4,19,Weekday,Spring,No,76.37,72.79,62.55
2023-04-11 20:00,4,20,Weekday,Spring,No,74.08,72.97,45.28
2023-04-11 21:00,4,21,Weekday,Spring,No,72.35,73.85,33.53
2023-04-11 22:00,4,22,Weekday,Spring,No,70.66,72.54,37.39
2023-04-11 23:00,4,23,Weekday,Spring,No,69.24,73.46,27.61
2023-04-12 00:00,4,0,Weekday,Spring,No,67.88,71.6,32.39
2023-04-12 01:00,4,1,Weekday,Spring,No,66.54,72.39,25.72
2023-04-12 02:00,4,2,Weekday,Spring,No,65.08,72.72,23.25
2023-04-12 03:00,4,3,Weekday,Spring,No,63.35,71.45,25.63
2023-04-12 04:00,4,4,Weekday,Spring,No,61.66,71.69,14.77
2023-04-12 05:00,4,5,Weekday,Spring,No,61.92,71.88,32.19
2023-04-12 06:00,4,6,Weekday,Spring,No,63.65,71.93,26.62
2023-04-12 07:00,4,7,Weekday,Spring,No,65.34,72.67,14.93
2023-04-12 08:00,4,8,Weekday,Spring,Yes,68.12,71.3,31.15
2023-04-12 09:00,4,9,Weekday,Spring,Yes,71.82,72.26,32.76
2023-04-12 10:00,4,10,Weekday,Spring,Yes,75.5,72.1,53.51
2023-04-12 11:00,4,11,Weekday,Spring,Yes,77.63,72.46,54.46
2023-04-12 12:00,4,12,Weekday,Spring,Yes,78.6,73.46,53.48
2023-04-12 13:00,4,13,Weekday,Spring,Yes,79.61,72.65,63.64
2023-04-12 14:00,4,14,Weekday,Spring,Yes,79.64,72.95,44.65
2023-04-12 15:00,4,15,Weekday,Spring,Yes,79.03,73.27,55.66
2023-04-12 16:00,4,16,Weekday,Spring,Yes,78.38,73.69,50.95
2023-04-12 17:00,4,17,Weekday,Spring,Yes,76.3,72.41,47.24
2023-04-12 18:00,4,18,Weekday,Spring,No,73.34,72.83,42.86
2023-04-12 19:00,4,19,Weekday,Spring,No,70.36,73.0,45.29
2023-04-12 20:00,4,20,Weekday,Spring,No,68.13,73.01,38.5
2023-04-12 21:00,4,21,Weekday,Spring,No,66.41,72.88,39.8
2023-04-12 22:00,4,22,Weekday,Spring,No,64.72,71.9,27.95
2023-04-12 23:00,4,23,Weekday,Spring,No,63.41,72.45,29.71
2023-04-13 00:00,4,0,Weekday,Spring,No,62.44,71.08,27.09
2023-04-13 01:00,4,1,Weekday,Spring,No,61.43,71.53,27.3
2023-04-13 02:00,4,2,Weekday,Spring,No,60.77,71.29,20.88
2023-04-13 03:00,4,3,Weekday,Spring,No,60.52,70.55,25.59
2023-04-13 04:00,4,4,Weekday,Spring,No,60.23,72.27,19.16
2023-04-13 05:00,4,5,Weekday,Spring,No,59.87,70.81,25.98
2023-04-13 06:00,4,6,Weekday,Spring,No,59.51,71.76,17.57
2023-04-13 07:00,4,7,Weekday,Spring,No,59.15,71.46,22.05
2023-04-13 08:00,4,8,Weekday,Spring,Yes,60.36,69.98,31.52
2023-04-13 09:00,4,9,Weekday,Spring,Yes,62.7,70.55,31.31
2023-04-13 10:00,4,10,Weekday,Spring,Yes,65.04,70.66,33.39
2023-04-13 11:00,4,11,Weekday,Spring,Yes,66.96,71.82,47.45
2023-04-13 12:00,4,12,Weekday,Spring,Yes,68.69,72.09,46.09
2023-04-13 13:00,4,13,Weekday,Spring,Yes,70.38,72.2,48.03
2023-04-13 14:00,4,14,Weekday,Spring,Yes,71.27,71.62,52.72
2023-04-13 15:00,4,15,Weekday,Spring,Yes,71.53,71.91,46.84
2023-04-13 16:00,4,16,Weekday,Spring,Yes,71.81,72.1,44.75
2023-04-13 17:00,4,17,Weekday,Spring,Yes,70.6,72.15,44.72
2023-04-13 18:00,4,18,Weekday,Spring,No,68.26,72.83,38.45
2023-04-13 19:00,4,19,Weekday,Spring,No,65.92,70.95,29.2
2023-04-13 20:00,4,20,Weekday,Spring,No,64.21,72.3,36.42
2023-04-13 21:00,4,21,Weekday,Spring,No,62.84,71.72,25.37
2023-04-13 22:00,4,22,Weekday,Spring,No,61.51,71.12,23.57
2023-04-13 23:00,4,23,Weekday,Spring,No,60.56,72.13,21.28
2023-04-14 00:00,4,0,Weekday,Spring,No,59.94,71.6,20.97
2023-04-14 01:00,4,1,Weekday,Spring,No,59.3,71.64,16.97
2023-04-14 02:00,4,2,Weekday,Spring,No,59.0,70.57,24.67
2023-04-14 03:00,4,3,Weekday,Spring,No,59.0,71.88,32.4
2023-04-14 04:00,4,4,Weekday,Spring,No,59.0,71.25,19.79
2023-04-14 05:00,4,5,Weekday,Spring,No,58.37,72.56,22.37
2023-04-14 06:00,4,6,Weekday,Spring,No,57.4,70.73,15.62
2023-04-14 07:00,4,7,Weekday,Spring,No,56.39,70.15,21.92
2023-04-14 08:00,4,8,Weekday,Spring,Yes,58.04,70.66,19.19
2023-04-14 09:00,4,9,Weekday,Spring,Yes,61.74,70.85,31.38
2023-04-14 10:00,4,10,Weekday,Spring,Yes,65.42,71.43,49.65
2023-04-14 11:00,4,11,Weekday,Spring,Yes,65.34,71.58,45.65
2023-04-14 12:00,4,12,Weekday,Spring,Yes,62.75,70.33,38.13
2023-04-14 13:00,4,13,Weekday,Spring,Yes,60.12,70.17,34.85
2023-04-14 14:00,4,14,Weekday,Spring,Yes,58.37,71.14,38.12
2023-04-14 15:00,4,15,Weekday,Spring,Yes,57.4,70.68,31.15
2023-04-14 16:00,4,16,Weekday,Spring,Yes,56.39,69.63,35.89
2023-04-14 17:00,4,17,Weekday,Spring,Yes,54.58,69.89,32.25
2023-04-14 18:00,4,18,Weekday,Spring,No,52.24,70.77,31.05
2023-04-14 19:00,4,19,Weekday,Spring,No,49.9,70.31,19.55
2023-04-14 20:00,4,20,Weekday,Spring,No,49.13,70.14,16.01
2023-04-14 21:00,4,21,Weekday,Spring,No,49.49,69.75,13.2
2023-04-14 22:00,4,22,Weekday,Spring,No,49.85,70.02,11.74
2023-04-14 23:00,4,23,Weekday,Spring,No,49.26,70.07,10.73
2023-04-15 00:00,4,0,Weekend,Spring,No,47.9,69.18,21.85
2023-04-15 01:00,4,1,Weekend,Spring,No,46.56,69.5,6.56
2023-04-15 02:00,4,2,Weekend,Spring,No,46.04,69.8,5.12
2023-04-15 03:00,4,3,Weekend,Spring,No,46.04,68.93,4.08
2023-04-15 04:00,4,4,Weekend,Spring,No,46.04,69.15,18.11
2023-04-15 05:00,4,5,Weekend,Spring,No,46.25,70.05,7.13
2023-04-15 06:00,4,6,Weekend,Spring,No,46.5,69.17,19.24
2023-04-15 07:00,4,7,Weekend,Spring,No,46.79,70.01,11.9
2023-04-15 08:00,4,8,Weekend,Spring,No,47.89,69.22,11.67
2023-04-15 09:00,4,9,Weekend,Spring,No,49.61,69.51,12.99
2023-04-15 10:00,4,10,Weekend,Spring,No,51.3,70.88,43.21
2023-04-15 11:00,4,11,Weekend,Spring,No,52.72,70.76,26.54
2023-04-15 12:00,4,12,Weekend,Spring,No,54.08,70.42,24.0
2023-04-15 13:00,4,13,Weekend,Spring,No,55.42,71.01,33.15
2023-04-15 14:00,4,14,Weekend,Spring,No,56.36,71.03,30.82
2023-04-15 15:00,4,15,Weekend,Spring,No,56.98,70.34,39.15
2023-04-15 16:00,4,16,Weekend,Spring,No,57.62,71.65,29.43
2023-04-15 17:00,4,17,Weekend,Spring,No,57.4,70.52,30.51
2023-04-15 18:00,4,18,Weekend,Spring,No,56.39,70.86,33.99
2023-04-15 19:00,4,19,Weekend,Spring,No,55.42,71.37,31.43
2023-04-15 20:00,4,20,Weekend,Spring,No,54.62,71.65,25.38
2023-04-15 21:00,4,21,Weekend,Spring,No,54.0,71.02,6.73
2023-04-15 22:00,4,22,Weekend,Spring,No,53.36,70.74,15.74
2023-04-15 23:00,4,23,Weekend,Spring,No,52.12,69.33,8.79
2023-04-16 00:00,4,0,Weekend,Spring,No,50.39,69.73,21.18
2023-04-16 01:00,4,1,Weekend,Spring,No,48.7,69.3,18.6
2023-04-16 02:00,4,2,Weekend,Spring,No,48.02,70.08,6.36
2023-04-16 03:00,4,3,Weekend,Spring,No,48.02,70.5,7.02
2023-04-16 04:00,4,4,Weekend,Spring,No,48.02,69.75,17.14
2023-04-16 05:00,4,5,Weekend,Spring,No,45.92,69.03,19.23
2023-04-16 06:00,4,6,Weekend,Spring,No,42.22,68.38,4.42
2023-04-16 07:00,4,7,Weekend,Spring,No,38.54,68.07,2.54
2023-04-16 08:00,4,8,Weekend,Spring,No,38.4,68.49,7.45
2023-04-16 09:00,4,9,Weekend,Spring,No,40.75,67.98,6.44
2023-04-16 10:00,4,10,Weekend,Spring,No,43.08,68.84,26.7
2023-04-16 11:00,4,11,Weekend,Spring,No,43.43,67.77,27.43
2023-04-16 12:00,4,12,Weekend,Spring,No,42.46,69.09,15.39
2023-04-16 13:00,4,13,Weekend,Spring,No,41.45,68.79,20.42
2023-04-16 14:00,4,14,Weekend,Spring,No,40.79,69.14,17.31
2023-04-16 15:00,4,15,Weekend,Spring,No,40.43,68.48,20.01
2023-04-16 16:00,4,16,Weekend,Spring,No,40.07,69.07,22.05
2023-04-16 17:00,4,17,Weekend,Spring,No,39.5,68.95,18.65
2023-04-16 18:00,4,18,Weekend,Spring,No,38.88,68.38,16.17
2023-04-16 19:00,4,19,Weekend,Spring,No,38.24,67.72,13.07
2023-04-16 20:00,4,20,Weekend,Spring,No,37.52,68.25,19.04
2023-04-16 21:00,4,21,Weekend,Spring,No,36.9,68.39,0.0
2023-04-16 22:00,4,22,Weekend,Spring,No,36.26,68.43,0.0
2023-04-16 23:00,4,23,Weekend,Spring,No,35.54,67.97,0.26
2023-04-17 00:00,4,0,Weekday,Spring,No,34.92,67.75,8.08
2023-04-17 01:00,4,1,Weekday,Spring,No,34.28,68.09,6.03
2023-04-17 02:00,4,2,Weekday,Spring,No,33.98,67.35,4.28
2023-04-17 03:00,4,3,Weekday,Spring,No,33.98,68.6,8.13
2023-04-17 04:00,4,4,Weekday,Spring,No,33.98,68.44,7.78
2023-04-17 05:00,4,5,Weekday,Spring,No,34.92,68.17,2.16
2023-04-17 06:00,4,6,Weekday,Spring,No,36.65,67.54,5.55
2023-04-17 07:00,4,7,Weekday,Spring,No,38.34,67.72,0.0
2023-04-17 08:00,4,8,Weekday,Spring,Yes,41.12,68.14,13.1
2023-04-17 09:00,4,9,Weekday,Spring,Yes,44.82,68.65,18.12
2023-04-17 10:00,4,10,Weekday,Spring,Yes,48.5,68.7,33.92
2023-04-17 11:00,4,11,Weekday,Spring,Yes,50.94,69.34,25.02
2023-04-17 12:00,4,12,Weekday,Spring,Yes,52.67,69.27,26.02
2023-04-17 13:00,4,13,Weekday,Spring,Yes,54.36,69.83,41.26
2023-04-17 14:00,4,14,Weekday,Spring,Yes,55.78,69.46,33.31
2023-04-17 15:00,4,15,Weekday,Spring,Yes,57.14,70.2,39.43
2023-04-17 16:00,4,16,Weekday,Spring,Yes,58.48,70.42,43.6
2023-04-17 17:00,4,17,Weekday,Spring,Yes,58.37,69.64,29.22
2023-04-17 18:00,4,18,Weekday,Spring,No,57.4,70.52,27.16
2023-04-17 19:00,4,19,Weekday,Spring,No,56.39,70.92,48.39
2023-04-17 20:00,4,20,Weekday,Spring,No,54.78,70.54,31.24
2023-04-17 21:00,4,21,Weekday,Spring,No,52.8,71.48,17.66
2023-04-17 22:00,4,22,Weekday,Spring,No,50.82,69.23,14.1
2023-04-17 23:00,4,23,Weekday,Spring,No,49.06,69.05,16.41
2023-04-18 00:00,4,0,Weekday,Spring,No,47.33,69.71,8.01
2023-04-18 01:00,4,1,Weekday,Spring,No,45.64,70.16,14.15
2023-04-18 02:00,4,2,Weekday,Spring,No,44.96,69.38,10.63
2023-04-18 03:00,4,3,Weekday,Spring,No,44.96,68.45,7.01
2023-04-18 04:00,4,4,Weekday,Spring,No,44.96,69.91,10.25
2023-04-18 05:00,4,5,Weekday,Spring,No,45.7,69.74,8.84
2023-04-18 06:00,4,6,Weekday,Spring,No,47.06,69.42,18.08
2023-04-18 07:00,4,7,Weekday,Spring,No,48.4,69.9,10.98
2023-04-18 08:00,4,8,Weekday,Spring,Yes,51.23,68.92,14.92
2023-04-18 09:00,4,9,Weekday,Spring,Yes,55.3,69.23,15.67
2023-04-18 10:00,4,10,Weekday,Spring,Yes,59.33,69.48,43.35
2023-04-18 11:00,4,11,Weekday,Spring,Yes,62.35,70.18,44.05
2023-04-18 12:00,4,12,Weekday,Spring,Yes,64.68,70.67,39.78
2023-04-18 13:00,4,13,Weekday,Spring,Yes,67.03,71.88,47.63
2023-04-18 14:00,4,14,Weekday,Spring,Yes,68.21,71.03,47.39
2023-04-18 15:00,4,15,Weekday,Spring,Yes,68.57,70.66,49.07
2023-04-18 16:00,4,16,Weekday,Spring,Yes,68.93,72.12,44.44
2023-04-18 17:00,4,17,Weekday,Spring,Yes,67.92,71.51,44.33
2023-04-18 18:00,4,18,Weekday,Spring,No,65.84,72.55,39.33
2023-04-18 19:00,4,19,Weekday,Spring,No,63.78,71.0,47.3
2023-04-18 20:00,4,20,Weekday,Spring,No,61.6,71.94,37.34
2023-04-18 21:00,4,21,Weekday,Spring,No,59.26,71.01,21.17
2023-04-18 22:00,4,22,Weekday,Spring,No,56.92,70.87,16.35
2023-04-18 23:00,4,23,Weekday,Spring,No,55.0,71.73,20.7
2023-04-19 00:00,4,0,Weekday,Spring,No,53.38,70.3,16.75
2023-04-19 01:00,4,1,Weekday,Spring,No,51.76,70.29,5.55
2023-04-19 02:00,4,2,Weekday,Spring,No,50.66,69.7,17.67
2023-04-19 03:00,4,3,Weekday,Spring,No,49.94,70.2,20.98
2023-04-19 04:00,4,4,Weekday,Spring,No,49.22,70.04,13.87
2023-04-19 05:00,4,5,Weekday,Spring,No,49.86,70.18,11.58
2023-04-19 06:00,4,6,Weekday,Spring,No,51.59,70.33,16.44
2023-04-19 07:00,4,7,Weekday,Spring,No,53.28,70.35,19.49
2023-04-19 08:00,4,8,Weekday,Spring,Yes,55.74,69.85,12.88
2023-04-19 09:00,4,9,Weekday,Spring,Yes,58.7,70.68,24.38
2023-04-19 10:00,4,10,Weekday,Spring,Yes,61.69,71.41,38.24
2023-04-19 11:00,4,11,Weekday,Spring,Yes,64.54,71.26,36.64
2023-04-19 12:00,4,12,Weekday,Spring,Yes,67.24,71.07,40.01
2023-04-19 13:00,4,13,Weekday,Spring,Yes,69.94,71.99,39.2
2023-04-19 14:00,4,14,Weekday,Spring,Yes,71.06,71.32,43.43
2023-04-19 15:00,4,15,Weekday,Spring,Yes,71.06,71.67,45.01
2023-04-19 16:00,4,16,Weekday,Spring,Yes,71.06,71.27,51.24
2023-04-19 17:00,4,17,Weekday,Spring,Yes,70.12,72.04,44.8
2023-04-19 18:00,4,18,Weekday,Spring,No,68.39,72.16,42.2
2023-04-19 19:00,4,19,Weekday,Spring,No,66.69,72.48,39.75
2023-04-19 20:00,4,20,Weekday,Spring,No,64.24,71.85,38.77
2023-04-19 21:00,4,21,Weekday,Spring,No,61.28,71.74,32.43
2023-04-19 22:00,4,22,Weekday,Spring,No,58.3,71.61,35.73
2023-04-19 23:00,4,23,Weekday,Spring,No,56.08,71.42,19.35
2023-04-20 00:00,4,0,Weekday,Spring,No,54.35,70.69,9.73
2023-04-20 01:00,4,1,Weekday,Spring,No,52.66,70.79,10.86
2023-04-20 02:00,4,2,Weekday,Spring,No,51.56,70.41,18.77
2023-04-20 03:00,4,3,Weekday,Spring,No,50.94,70.48,16.87
2023-04-20 04:00,4,4,Weekday,Spring,No,50.3,70.47,11.5
2023-04-20 05:00,4,5,Weekday,Spring,No,51.36,69.46,24.11
2023-04-20 06:00,4,6,Weekday,Spring,No,53.7,70.04,15.9
2023-04-20 07:00,4,7,Weekday,Spring,No,56.04,70.26,16.23
2023-04-20 08:00,4,8,Weekday,Spring,Yes,60.17,71.84,21.17
2023-04-20 09:00,4,9,Weekday,Spring,Yes,65.46,71.89,35.26
2023-04-20 10:00,4,10,Weekday,Spring,Yes,70.79,71.97,51.42
2023-04-20 11:00,4,11,Weekday,Spring,Yes,74.19,73.11,47.13
2023-04-20 12:00,4,12,Weekday,Spring,Yes,76.18,72.64,50.12
2023-04-20 13:00,4,13,Weekday,Spring,Yes,78.16,73.16,43.65
2023-04-20 14:00,4,14,Weekday,Spring,Yes,79.4,74.09,57.65
2023-04-20 15:00,4,15,Weekday,Spring,Yes,80.02,73.0,62.21
2023-04-20 16:00,4,16,Weekday,Spring,Yes,80.66,72.54,56.48
2023-04-20 17:00,4,17,Weekday,Spring,Yes,79.81,73.87,60.14
2023-04-20 18:00,4,18,Weekday,Spring,No,77.82,73.85,55.68
2023-04-20 19:00,4,19,Weekday,Spring,No,75.84,73.32,53.77
2023-04-20 20:00,4,20,Weekday,Spring,No,72.71,73.46,47.12
2023-04-20 21:00,4,21,Weekday,Spring,No,68.65,73.22,31.35
2023-04-20 22:00,4,22,Weekday,Spring,No,64.61,70.98,22.92
2023-04-20 23:00,4,23,Weekday,Spring,No,62.22,71.75,31.49
2023-04-21 00:00,4,0,Weekday,Spring,No,60.86,71.54,26.35
2023-04-21 01:00,4,1,Weekday,Spring,No,59.52,71.68,27.29
2023-04-21 02:00,4,2,Weekday,Spring,No,58.06,71.3,20.35
2023-04-21 03:00,4,3,Weekday,Spring,No,56.33,70.93,25.82
2023-04-21 04:00,4,4,Weekday,Spring,No,54.64,70.51,26.19
2023-04-21 05:00,4,5,Weekday,Spring,No,55.74,70.57,13.87
2023-04-21 06:00,4,6,Weekday,Spring,No,58.7,70.43,30.79
2023-04-21 07:00,4,7,Weekday,Spring,No,61.69,71.39,23.99
2023-04-21 08:00,4,8,Weekday,Spring,Yes,66.11,70.56,26.44
2023-04-21 09:00,4,9,Weekday,Spring,Yes,71.4,71.37,29.4
2023-04-21 10:00,4,10,Weekday,Spring,Yes,76.73,72.45,52.75
2023-04-21 11:00,4,11,Weekday,Spring,Yes,80.13,72.34,56.64
2023-04-21 12:00,4,12,Weekday,Spring,Yes,82.12,73.57,63.6
2023-04-21 13:00,4,13,Weekday,Spring,Yes,84.1,74.45,49.55
2023-04-21 14:00,4,14,Weekday,Spring,Yes,85.34,73.66,60.57
2023-04-21 15:00,4,15,Weekday,Spring,Yes,86.06,74.58,49.23
2023-04-21 16:00,4,16,Weekday,Spring,Yes,86.78,74.65,61.03
2023-04-21 17:00,4,17,Weekday,Spring,Yes,85.08,74.1,52.95
2023-04-21 18:00,4,18,Weekday,Spring,No,81.77,74.84,58.46
2023-04-21 19:00,4,19,Weekday,Spring,No,78.42,75.03,53.09
2023-04-21 20:00,4,20,Weekday,Spring,No,75.42,73.88,41.59
2023-04-21 21:00,4,21,Weekday,Spring,No,72.83,72.5,37.81
2023-04-21 22:00,4,22,Weekday,Spring,No,70.2,71.86,30.66
2023-04-21 23:00,4,23,Weekday,Spring,No,69.08,72.52,23.89
2023-04-22 00:00,4,0,Weekend,Spring,No,69.08,73.23,33.73
2023-04-22 01:00,4,1,Weekend,Spring,No,69.08,72.82,29.19
2023-04-22 02:00,4,2,Weekend,Spring,No,67.72,72.76,22.09
2023-04-22 03:00,4,3,Weekend,Spring,No,65.38,72.62,23.7
2023-04-22 04:00,4,4,Weekend,Spring,No,63.04,72.28,15.42
2023-04-22 05:00,4,5,Weekend,Spring,No,63.42,71.72,22.66
2023-04-22 06:00,4,6,Weekend,Spring,No,65.76,73.2,27.71
2023-04-22 07:00,4,7,Weekend,Spring,No,68.1,71.78,31.86
2023-04-22 08:00,4,8,Weekend,Spring,No,70.97,72.93,34.77
2023-04-22 09:00,4,9,Weekend,Spring,No,74.32,73.32,36.02
2023-04-22 10:00,4,10,Weekend,Spring,No,77.63,73.66,60.79
2023-04-22 11:00,4,11,Weekend,Spring,No,79.92,74.38,59.43
2023-04-22 12:00,4,12,Weekend,Spring,No,81.65,74.92,53.41
2023-04-22 13:00,4,13,Weekend,Spring,No,83.34,74.85,73.79
2023-04-22 14:00,4,14,Weekend,Spring,No,83.81,74.88,54.33
2023-04-22 15:00,4,15,Weekend,Spring,No,83.45,74.62,56.97
2023-04-22 16:00,4,16,Weekend,Spring,No,83.09,74.32,56.64
2023-04-22 17:00,4,17,Weekend,Spring,No,81.78,74.62,55.8
2023-04-22 18:00,4,18,Weekend,Spring,No,79.81,74.61,53.18
2023-04-22 19:00,4,19,Weekend,Spring,No,77.82,73.62,59.02
2023-04-22 20:00,4,20,Weekend,Spring,No,74.69,73.21,48.75
2023-04-22 21:00,4,21,Weekend,Spring,No,70.62,73.61,40.92
2023-04-22 22:00,4,22,Weekend,Spring,No,66.59,72.71,22.42
2023-04-22 23:00,4,23,Weekend,Spring,No,64.41,71.33,27.48
2023-04-23 00:00,4,0,Weekend,Spring,No,63.41,71.3,19.81
2023-04-23 01:00,4,1,Weekend,Spring,No,62.44,71.99,25.66
2023-04-23 02:00,4,2,Weekend,Spring,No,61.22,70.76,25.09
2023-04-23 03:00,4,3,Weekend,Spring,No,59.89,71.13,16.19
2023-04-23 04:00,4,4,Weekend,Spring,No,58.52,70.76,22.58
2023-04-23 05:00,4,5,Weekend,Spring,No,59.28,70.75,29.17
2023-04-23 06:00,4,6,Weekend,Spring,No,61.62,72.24,20.01
2023-04-23 07:00,4,7,Weekend,Spring,No,63.96,72.19,28.69
2023-04-23 08:00,4,8,Weekend,Spring,No,66.94,71.88,31.89
2023-04-23 09:00,4,9,Weekend,Spring,No,70.25,73.23,26.89
2023-04-23 10:00,4,10,Weekend,Spring,No,73.6,74.04,51.99
2023-04-23 11:00,4,11,Weekend,Spring,No,75.96,73.81,51.91
2023-04-23 12:00,4,12,Weekend,Spring,No,77.69,73.75,53.77
2023-04-23 13:00,4,13,Weekend,Spring,No,79.38,74.11,58.66
2023-04-23 14:00,4,14,Weekend,Spring,No,80.27,74.42,59.86
2023-04-23 15:00,4,15,Weekend,Spring,No,80.53,74.38,51.07
2023-04-23 16:00,4,16,Weekend,Spring,No,80.81,73.97,45.83
2023-04-23 17:00,4,17,Weekend,Spring,No,80.44,74.73,53.6
2023-04-23 18:00,4,18,Weekend,Spring,No,79.43,74.68,48.45
2023-04-23 19:00,4,19,Weekend,Spring,No,78.46,74.02,44.42
2023-04-23 20:00,4,20,Weekend,Spring,No,76.5,74.33,51.38
2023-04-23 21:00,4,21,Weekend,Spring,No,73.81,72.58,34.78
2023-04-23 22:00,4,22,Weekend,Spring,No,71.1,72.5,33.6
2023-04-23 23:00,4,23,Weekend,Spring,No,68.2,72.41,31.09
2023-04-24 00:00,4,0,Weekday,Spring,No,65.24,73.01,29.34
2023-04-24 01:00,4,1,Weekday,Spring,No,62.26,71.59,23.98
2023-04-24 02:00,4,2,Weekday,Spring,No,60.04,71.06,24.29
2023-04-24 03:00,4,3,Weekday,Spring,No,58.31,71.49,19.25
2023-04-24 04:00,4,4,Weekday,Spring,No,56.62,70.11,17.05
2023-04-24 05:00,4,5,Weekday,Spring,No,57.72,71.16,17.72
2023-04-24 06:00,4,6,Weekday,Spring,No,60.68,71.67,12.89
2023-04-24 07:00,4,7,Weekday,Spring,No,63.67,72.15,22.66
2023-04-24 08:00,4,8,Weekday,Spring,Yes,67.25,71.46,32.62
2023-04-24 09:00,4,9,Weekday,Spring,Yes,71.32,71.63,32.79
2023-04-24 10:00,4,10,Weekday,Spring,Yes,75.35,73.03,42.71
2023-04-24 11:00,4,11,Weekday,Spring,Yes,78.37,74.04,56.25
2023-04-24 12:00,4,12,Weekday,Spring,Yes,80.71,72.12,55.45
2023-04-24 13:00,4,13,Weekday,Spring,Yes,83.04,73.57,58.28
2023-04-24 14:00,4,14,Weekday,Spring,Yes,84.23,73.78,65.36
2023-04-24 15:00,4,15,Weekday,Spring,Yes,84.48,74.47,53.17
2023-04-24 16:00,4,16,Weekday,Spring,Yes,84.77,74.45,49.76
2023-04-24 17:00,4,17,Weekday,Spring,Yes,83.77,74.39,51.27
2023-04-24 18:00,4,18,Weekday,Spring,No,81.78,74.4,49.97
2023-04-24 19:00,4,19,Weekday,Spring,No,79.81,74.43,57.21
2023-04-24 20:00,4,20,Weekday,Spring,No,76.88,74.0,40.48
2023-04-24 21:00,4,21,Weekday,Spring,No,73.18,72.61,33.82
2023-04-24 22:00,4,22,Weekday,Spring,No,69.5,72.49,23.19
2023-04-24 23:00,4,23,Weekday,Spring,No,66.84,72.62,37.63
2023-04-25 00:00,4,0,Weekday,Spring,No,64.86,71.86,26.23
2023-04-25 01:00,4,1,Weekday,Spring,No,62.89,71.66,19.32
2023-04-25 02:00,4,2,Weekday,Spring,No,61.22,72.73,28.6
2023-04-25 03:00,4,3,Weekday,Spring,No,59.89,71.19,28.03
2023-04-25 04:00,4,4,Weekday,Spring,No,58.52,71.51,21.73
2023-04-25 05:00,4,5,Weekday,Spring,No,59.92,71.45,11.74
2023-04-25 06:00,4,6,Weekday,Spring,No,63.23,70.98,23.47
2023-04-25 07:00,4,7,Weekday,Spring,No,66.58,72.99,32.57
2023-04-25 08:00,4,8,Weekday,Spring,Yes,70.73,71.65,27.15
2023-04-25 09:00,4,9,Weekday,Spring,Yes,75.41,72.43,40.72
2023-04-25 10:00,4,10,Weekday,Spring,Yes,80.09,73.22,53.62
2023-04-25 11:00,4,11,Weekday,Spring,Yes,82.98,73.45,52.09
2023-04-25 12:00,4,12,Weekday,Spring,Yes,84.71,73.09,59.27
2023-04-25 13:00,4,13,Weekday,Spring,Yes,86.4,73.96,56.58
2023-04-25 14:00,4,14,Weekday,Spring,Yes,87.08,74.06,64.25
2023-04-25 15:00,4,15,Weekday,Spring,Yes,87.08,74.16,62.2
2023-04-25 16:00,4,16,Weekday,Spring,Yes,87.08,74.28,58.35
2023-04-25 17:00,4,17,Weekday,Spring,Yes,85.08,73.91,58.39
2023-04-25 18:00,4,18,Weekday,Spring,No,81.77,74.46,57.13
2023-04-25 19:00,4,19,Weekday,Spring,No,78.42,73.61,53.72
2023-04-25 20:00,4,20,Weekday,Spring,No,75.01,73.19,52.38
2023-04-25 21:00,4,21,Weekday,Spring,No,71.69,73.16,28.57
2023-04-25 22:00,4,22,Weekday,Spring,No,68.34,72.72,30.06
2023-04-25 23:00,4,23,Weekday,Spring,No,66.71,71.76,29.82
2023-04-26 00:00,4,0,Weekday,Spring,No,66.46,72.04,32.35
2023-04-26 01:00,4,1,Weekday,Spring,No,66.17,72.52,28.26
2023-04-26 02:00,4,2,Weekday,Spring,No,64.44,72.34,28.92
2023-04-26 03:00,4,3,Weekday,Spring,No,61.74,71.14,18.21
2023-04-26 04:00,4,4,Weekday,Spring,No,59.04,70.87,18.72
2023-04-26 05:00,4,5,Weekday,Spring,No,60.23,70.69,14.69
2023-04-26 06:00,4,6,Weekday,Spring,No,64.3,72.31,26.12
2023-04-26 07:00,4,7,Weekday,Spring,No,68.33,72.82,29.73
2023-04-26 08:00,4,8,Weekday,Spring,Yes,71.76,71.21,31.89
2023-04-26 09:00,4,9,Weekday,Spring,Yes,74.72,71.97,29.37
2023-04-26 10:00,4,10,Weekday,Spring,Yes,77.7,72.37,50.48
2023-04-26 11:00,4,11,Weekday,Spring,Yes,80.34,72.56,53.08
2023-04-26 12:00,4,12,Weekday,Spring,Yes,82.68,73.16,67.69
2023-04-26 13:00,4,13,Weekday,Spring,Yes,85.02,73.59,51.07
2023-04-26 14:00,4,14,Weekday,Spring,Yes,85.79,73.36,53.26
2023-04-26 15:00,4,15,Weekday,Spring,Yes,85.43,73.79,54.09
2023-04-26 16:00,4,16,Weekday,Spring,Yes,85.07,74.86,57.87
2023-04-26 17:00,4,17,Weekday,Spring,Yes,83.56,73.55,60.3
2023-04-26 18:00,4,18,Weekday,Spring,No,81.32,73.92,52.94
2023-04-26 19:00,4,19,Weekday,Spring,No,79.05,74.57,65.53
2023-04-26 20:00,4,20,Weekday,Spring,No,76.5,74.37,53.22
2023-04-26 21:00,4,21,Weekday,Spring,No,73.81,72.52,28.89
2023-04-26 22:00,4,22,Weekday,Spring,No,71.1,73.39,27.9
2023-04-26 23:00,4,23,Weekday,Spring,No,69.77,72.96,32.57
2023-04-27 00:00,4,0,Weekday,Spring,No,69.52,72.82,29.48
2023-04-27 01:00,4,1,Weekday,Spring,No,69.23,72.43,26.34
2023-04-27 02:00,4,2,Weekday,Spring,No,68.24,72.27,31.04
2023-04-27 03:00,4,3,Weekday,Spring,No,66.9,72.38,26.9
2023-04-27 04:00,4,4,Weekday,Spring,No,65.54,71.73,30.16
2023-04-27 05:00,4,5,Weekday,Spring,No,65.57,72.19,26.68
2023-04-27 06:00,4,6,Weekday,Spring,No,66.54,71.67,30.24
2023-04-27 07:00,4,7,Weekday,Spring,No,67.55,72.63,35.16
2023-04-27 08:00,4,8,Weekday,Spring,Yes,70.1,71.97,37.4
2023-04-27 09:00,4,9,Weekday,Spring,Yes,73.81,71.69,35.05
2023-04-27 10:00,4,10,Weekday,Spring,Yes,77.48,73.1,46.31
2023-04-27 11:00,4,11,Weekday,Spring,Yes,80.13,72.59,48.4
2023-04-27 12:00,4,12,Weekday,Spring,Yes,82.12,73.04,58.47
2023-04-27 13:00,4,13,Weekday,Spring,Yes,84.1,74.21,61.92
2023-04-27 14:00,4,14,Weekday,Spring,Yes,84.5,74.36,59.62
2023-04-27 15:00,4,15,Weekday,Spring,Yes,83.88,74.67,52.6
2023-04-27 16:00,4,16,Weekday,Spring,Yes,83.24,74.24,49.97
2023-04-27 17:00,4,17,Weekday,Spring,Yes,81.58,73.41,57.83
2023-04-27 18:00,4,18,Weekday,Spring,No,79.24,74.98,54.87
2023-04-27 19:00,4,19,Weekday,Spring,No,76.9,74.68,52.29
2023-04-27 20:00,4,20,Weekday,Spring,No,74.34,73.57,52.51
2023-04-27 21:00,4,21,Weekday,Spring,No,71.75,72.64,34.46
2023-04-27 22:00,4,22,Weekday,Spring,No,69.12,72.26,25.62
2023-04-27 23:00,4,23,Weekday,Spring,No,67.37,72.56,27.95
2023-04-28 00:00,4,0,Weekday,Spring,No,66.4,72.01,22.59
2023-04-28 01:00,4,1,Weekday,Spring,No,65.39,72.35,23.69
2023-04-28 02:00,4,2,Weekday,Spring,No,63.16,71.04,30.13
2023-04-28 03:00,4,3,Weekday,Spring,No,60.2,70.68,22.6
2023-04-28 04:00,4,4,Weekday,Spring,No,57.22,71.59,15.26
2023-04-28 05:00,4,5,Weekday,Spring,No,57.52,72.08,23.63
2023-04-28 06:00,4,6,Weekday,Spring,No,60.22,72.04,27.2
2023-04-28 07:00,4,7,Weekday,Spring,No,62.92,72.14,22.39
2023-04-28 08:00,4,8,Weekday,Spring,Yes,66.35,72.01,18.93
2023-04-28 09:00,4,9,Weekday,Spring,Yes,70.31,71.7,33.35
2023-04-28 10:00,4,10,Weekday,Spring,Yes,74.27,72.66,51.06
2023-04-28 11:00,4,11,Weekday,Spring,Yes,77.08,73.5,55.12
2023-04-28 12:00,4,12,Weekday,Spring,Yes,79.16,73.46,57.19
2023-04-28 13:00,4,13,Weekday,Spring,Yes,81.22,72.92,60.43
2023-04-28 14:00,4,14,Weekday,Spring,Yes,82.25,73.36,57.11
2023-04-28 15:00,4,15,Weekday,Spring,Yes,82.51,72.38,60.59
2023-04-28 16:00,4,16,Weekday,Spring,Yes,82.79,73.43,54.8
2023-04-28 17:00,4,17,Weekday,Spring,Yes,81.37,72.87,63.86
2023-04-28 18:00,4,18,Weekday,Spring,No,78.77,74.66,50.18
2023-04-28 19:00,4,19,Weekday,Spring,No,76.14,73.98,61.42
2023-04-28 20:00,4,20,Weekday,Spring,No,73.86,72.41,52.52
2023-04-28 21:00,4,21,Weekday,Spring,No,71.88,73.06,38.67
2023-04-28 22:00,4,22,Weekday,Spring,No,69.9,72.47,25.94
2023-04-28 23:00,4,23,Weekday,Spring,No,67.3,72.5,29.68
2023-04-29 00:00,4,0,Weekend,Spring,No,64.34,71.86,27.28
2023-04-29 01:00,4,1,Weekend,Spring,No,61.36,70.5,24.61
2023-04-29 02:00,4,2,Weekend,Spring,No,59.45,71.11,7.45
2023-04-29 03:00,4,3,Weekend,Spring,No,58.48,71.44,25.23
2023-04-29 04:00,4,4,Weekend,Spring,No,57.47,70.7,24.19
2023-04-29 05:00,4,5,Weekend,Spring,No,58.38,71.01,22.15
2023-04-29 06:00,4,6,Weekend,Spring,No,60.72,71.78,23.62
2023-04-29 07:00,4,7,Weekend,Spring,No,63.06,70.97,24.39
2023-04-29 08:00,4,8,Weekend,Spring,No,66.35,72.99,29.1
2023-04-29 09:00,4,9,Weekend,Spring,No,70.31,73.43,29.85
2023-04-29 10:00,4,10,Weekend,Spring,No,74.27,73.11,42.01
2023-04-29 11:00,4,11,Weekend,Spring,No,77.28,73.94,49.47
2023-04-29 12:00,4,12,Weekend,Spring,No,79.62,73.65,49.11
2023-04-29 13:00,4,13,Weekend,Spring,No,81.96,74.22,52.13
2023-04-29 14:00,4,14,Weekend,Spring,No,83.15,74.12,69.08
2023-04-29 15:00,4,15,Weekend,Spring,No,83.51,74.12,61.52
2023-04-29 16:00,4,16,Weekend,Spring,No,83.87,74.17,51.45
2023-04-29 17:00,4,17,Weekend,Spring,No,82.86,74.8,55.79
2023-04-29 18:00,4,18,Weekend,Spring,No,80.88,74.63,61.05
2023-04-29 19:00,4,19,Weekend,Spring,No,78.9,74.11,52.62
2023-04-29 20:00,4,20,Weekend,Spring,No,76.3,73.67,50.63
2023-04-29 21:00,4,21,Weekend,Spring,No,73.34,73.57,40.14
2023-04-29 22:00,4,22,Weekend,Spring,No,70.36,72.4,32.75
2023-04-29 23:00,4,23,Weekend,Spring,No,67.92,72.67,30.11
2023-04-30 00:00,4,0,Weekend,Spring,No,65.84,73.04,36.31
2023-04-30 01:00,4,1,Weekend,Spring,No,63.78,73.3,31.71
2023-04-30 02:00,4,2,Weekend,Spring,No,61.38,71.56,30.97
2023-04-30 03:00,4,3,Weekend,Spring,No,58.79,70.36,19.17
2023-04-30 04:00,4,4,Weekend,Spring,No,56.16,70.87,27.47
2023-04-30 05:00,4,5,Weekend,Spring,No,57.14,70.62,22.01
2023-04-30 06:00,4,6,Weekend,Spring,No,60.85,70.88,26.36
2023-04-30 07:00,4,7,Weekend,Spring,No,64.52,72.71,32.66
2023-04-30 08:00,4,8,Weekend,Spring,No,68.54,72.56,34.1
2023-04-30 09:00,4,9,Weekend,Spring,No,72.86,73.23,31.45
2023-04-30 10:00,4,10,Weekend,Spring,No,77.18,73.94,58.61
2023-04-30 11:00,4,11,Weekend,Spring,No,80.76,74.29,58.33
2023-04-30 12:00,4,12,Weekend,Spring,No,83.72,74.04,55.23
2023-04-30 13:00,4,13,Weekend,Spring,No,86.7,75.73,62.29
2023-04-30 14:00,4,14,Weekend,Spring,No,87.56,74.29,58.34
2023-04-30 15:00,4,15,Weekend,Spring,No,86.94,75.42,62.86
2023-04-30 16:00,4,16,Weekend,Spring,No,86.3,75.34,62.06
2023-04-30 17:00,4,17,Weekend,Spring,No,85.06,74.89,59.05
2023-04-30 18:00,4,18,Weekend,Spring,No,83.33,75.12,60.36
2023-04-30 19:00,4,19,Weekend,Spring,No,81.63,73.3,59.76
2023-04-30 20:00,4,20,Weekend,Spring,No,79.07,74.19,57.48
2023-04-30 21:00,4,21,Weekend,Spring,No,76.04,73.58,33.79
2023-04-30 22:00,4,22,Weekend,Spring,No,73.26,73.21,45.8
2023-04-30 23:00,4,23,Weekend,Spring,No,70.46,72.37,41.13
2023-05-01 00:00,5,0,Weekday,Spring,No,67.58,73.28,27.91
2023-05-01 01:00,5,1,Weekday,Spring,No,64.7,71.73,25.1
2023-05-01 02:00,5,2,Weekday,Spring,No,61.92,71.55,29.7
2023-05-01 03:00,5,3,Weekday,Spring,No,59.12,71.23,22.33
2023-05-01 04:00,5,4,Weekday,Spring,No,57.4,70.94,13.67
2023-05-01 05:00,5,5,Weekday,Spring,No,56.39,70.75,19.27
2023-05-01 06:00,5,6,Weekday,Spring,No,56.57,70.71,14.69
2023-05-01 07:00,5,7,Weekday,Spring,No,58.8,71.44,22.29
2023-05-01 08:00,5,8,Weekday,Spring,Yes,62.92,70.5,35.24
2023-05-01 09:00,5,9,Weekday,Spring,Yes,66.72,71.44,38.14
2023-05-01 10:00,5,10,Weekday,Spring,Yes,68.63,70.78,45.27
2023-05-01 11:00,5,11,Weekday,Spring,Yes,70.76,71.8,44.63
2023-05-01 12:00,5,12,Weekday,Spring,Yes,73.74,72.75,44.64
2023-05-01 13:00,5,13,Weekday,Spring,Yes,75.54,71.82,45.67
2023-05-01 14:00,5,14,Weekday,Spring,Yes,75.4,72.93,55.65
2023-05-01 15:00,5,15,Weekday,Spring,Yes,75.54,73.41,49.21
2023-05-01 16:00,5,16,Weekday,Spring,Yes,74.76,72.86,48.78
2023-05-01 17:00,5,17,Weekday,Spring,Yes,73.42,72.47,48.77
2023-05-01 18:00,5,18,Weekday,Spring,No,70.73,72.85,52.55
2023-05-01 19:00,5,19,Weekday,Spring,No,67.3,71.95,28.26
2023-05-01 20:00,5,20,Weekday,Spring,No,64.86,71.94,31.4
2023-05-01 21:00,5,21,Weekday,Spring,No,62.89,72.33,24.51
2023-05-01 22:00,5,22,Weekday,Spring,No,60.9,71.52,12.06
2023-05-01 23:00,5,23,Weekday,Spring,No,59.45,70.62,15.12
2023-05-02 00:00,5,0,Weekday,Spring,No,59.0,71.05,28.38
2023-05-02 01:00,5,1,Weekday,Spring,No,58.37,71.31,16.94
2023-05-02 02:00,5,2,Weekday,Spring,No,57.92,70.47,32.46
2023-05-02 03:00,5,3,Weekday,Spring,No,57.92,71.18,19.47
2023-05-02 04:00,5,4,Weekday,Spring,No,57.92,71.05,25.41
2023-05-02 05:00,5,5,Weekday,Spring,No,56.24,71.11,22.3
2023-05-02 06:00,5,6,Weekday,Spring,No,55.04,70.72,20.93
2023-05-02 07:00,5,7,Weekday,Spring,No,57.35,70.68,15.02
2023-05-02 08:00,5,8,Weekday,Spring,Yes,61.94,70.94,22.41
2023-05-02 09:00,5,9,Weekday,Spring,Yes,62.89,71.07,21.56
2023-05-02 10:00,5,10,Weekday,Spring,Yes,63.22,70.49,41.28
2023-05-02 11:00,5,11,Weekday,Spring,Yes,64.04,71.93,42.83
2023-05-02 12:00,5,12,Weekday,Spring,Yes,64.56,71.09,35.6
2023-05-02 13:00,5,13,Weekday,Spring,Yes,66.1,70.36,38.04
2023-05-02 14:00,5,14,Weekday,Spring,Yes,65.76,71.28,46.67
2023-05-02 15:00,5,15,Weekday,Spring,Yes,62.63,70.55,41.94
2023-05-02 16:00,5,16,Weekday,Spring,Yes,63.92,71.27,45.43
2023-05-02 17:00,5,17,Weekday,Spring,Yes,66.02,71.02,42.48
2023-05-02 18:00,5,18,Weekday,Spring,No,63.71,72.3,44.15
2023-05-02 19:00,5,19,Weekday,Spring,No,60.28,70.9,39.85
2023-05-02 20:00,5,20,Weekday,Spring,No,57.85,71.38,26.87
2023-05-02 21:00,5,21,Weekday,Spring,No,55.86,71.08,19.46
2023-05-02 22:00,5,22,Weekday,Spring,No,54.41,70.98,27.07
2023-05-02 23:00,5,23,Weekday,Spring,No,53.96,70.46,22.13
2023-05-03 00:00,5,0,Weekday,Spring,No,53.43,70.72,19.41
2023-05-03 01:00,5,1,Weekday,Spring,No,52.43,71.03,15.36
2023-05-03 02:00,5,2,Weekday,Spring,No,51.98,69.72,16.22
2023-05-03 03:00,5,3,Weekday,Spring,No,51.46,69.94,17.93
2023-05-03 04:00,5,4,Weekday,Spring,No,50.45,70.83,15.71
2023-05-03 05:00,5,5,Weekday,Spring,No,49.37,69.85,11.06
2023-05-03 06:00,5,6,Weekday,Spring,No,51.86,70.2,13.23
2023-05-03 07:00,5,7,Weekday,Spring,No,58.06,70.5,17.02
2023-05-03 08:00,5,8,Weekday,Spring,Yes,63.92,71.18,30.56
2023-05-03 09:00,5,9,Weekday,Spring,Yes,68.96,70.53,21.64
2023-05-03 10:00,5,10,Weekday,Spring,Yes,73.9,72.1,50.87
2023-05-03 11:00,5,11,Weekday,Spring,Yes,76.55,73.24,48.84
2023-05-03 12:00,5,12,Weekday,Spring,Yes,78.78,73.07,51.02
2023-05-03 13:00,5,13,Weekday,Spring,Yes,80.06,72.69,54.86
2023-05-03 14:00,5,14,Weekday,Spring,Yes,81.74,73.32,60.99
2023-05-03 15:00,5,15,Weekday,Spring,Yes,81.78,74.93,53.01
2023-05-03 16:00,5,16,Weekday,Spring,Yes,81.59,73.81,64.35
2023-05-03 17:00,5,17,Weekday,Spring,Yes,80.88,73.23,57.55
2023-05-03 18:00,5,18,Weekday,Spring,No,78.9,73.44,58.19
2023-05-03 19:00,5,19,Weekday,Spring,No,76.3,74.55,52.39
2023-05-03 20:00,5,20,Weekday,Spring,No,73.86,74.39,47.36
2023-05-03 21:00,5,21,Weekday,Spring,No,70.73,72.8,31.02
2023-05-03 22:00,5,22,Weekday,Spring,No,67.82,73.95,24.72
2023-05-03 23:00,5,23,Weekday,Spring,No,64.61,72.83,33.87
2023-05-04 00:00,5,0,Weekday,Spring,No,61.8,70.96,28.41
2023-05-04 01:00,5,1,Weekday,Spring,No,60.98,70.93,29.17
2023-05-04 02:00,5,2,Weekday,Spring,No,59.82,71.07,27.98
2023-05-04 03:00,5,3,Weekday,Spring,No,58.37,70.86,15.03
2023-05-04 04:00,5,4,Weekday,Spring,No,57.92,71.38,23.0
2023-05-04 05:00,5,5,Weekday,Spring,No,59.7,70.75,22.78
2023-05-04 06:00,5,6,Weekday,Spring,No,64.44,71.91,20.95
2023-05-04 07:00,5,7,Weekday,Spring,No,70.49,72.89,34.69
2023-05-04 08:00,5,8,Weekday,Spring,Yes,75.35,72.19,39.18
2023-05-04 09:00,5,9,Weekday,Spring,Yes,79.31,72.39,49.87
2023-05-04 10:00,5,10,Weekday,Spring,Yes,81.59,72.91,64.41
2023-05-04 11:00,5,11,Weekday,Spring,Yes,83.72,74.21,59.97
2023-05-04 12:00,5,12,Weekday,Spring,Yes,85.55,73.61,43.49
2023-05-04 13:00,5,13,Weekday,Spring,Yes,86.0,73.79,61.57
2023-05-04 14:00,5,14,Weekday,Spring,Yes,87.16,73.69,60.33
2023-05-04 15:00,5,15,Weekday,Spring,Yes,88.61,74.24,55.94
2023-05-04 16:00,5,16,Weekday,Spring,Yes,87.9,74.52,56.36
2023-05-04 17:00,5,17,Weekday,Spring,Yes,84.14,74.38,62.5
2023-05-04 18:00,5,18,Weekday,Spring,No,79.1,74.13,49.33
2023-05-04 19:00,5,19,Weekday,Spring,No,76.37,73.39,57.61
2023-05-04 20:00,5,20,Weekday,Spring,No,74.24,73.2,50.7
2023-05-04 21:00,5,21,Weekday,Spring,No,72.41,73.94,29.47
2023-05-04 22:00,5,22,Weekday,Spring,No,72.59,72.67,33.96
2023-05-04 23:00,5,23,Weekday,Spring,No,70.73,72.0,31.68
2023-05-05 00:00,5,0,Weekday,Spring,No,68.45,72.48,32.83
2023-05-05 01:00,5,1,Weekday,Spring,No,66.84,71.93,22.13
2023-05-05 02:00,5,2,Weekday,Spring,No,64.86,71.88,27.36
2023-05-05 03:00,5,3,Weekday,Spring,No,64.04,72.33,19.48
2023-05-05 04:00,5,4,Weekday,Spring,No,64.04,70.71,24.36
2023-05-05 05:00,5,5,Weekday,Spring,No,63.41,71.68,27.62
2023-05-05 06:00,5,6,Weekday,Spring,No,64.74,71.77,35.38
2023-05-05 07:00,5,7,Weekday,Spring,No,69.48,72.97,28.28
2023-05-05 08:00,5,8,Weekday,Spring,Yes,74.27,72.04,35.67
2023-05-05 09:00,5,9,Weekday,Spring,Yes,77.7,72.44,41.33
2023-05-05 10:00,5,10,Weekday,Spring,Yes,80.76,73.07,51.62
2023-05-05 11:00,5,11,Weekday,Spring,Yes,83.2,73.82,55.36
2023-05-05 12:00,5,12,Weekday,Spring,Yes,85.18,74.08,57.93
2023-05-05 13:00,5,13,Weekday,Spring,Yes,87.16,74.34,63.08
2023-05-05 14:00,5,14,Weekday,Spring,Yes,87.98,74.71,61.9
2023-05-05 15:00,5,15,Weekday,Spring,Yes,87.98,73.81,66.53
2023-05-05 16:00,5,16,Weekday,Spring,Yes,87.46,73.4,65.34
2023-05-05 17:00,5,17,Weekday,Spring,Yes,86.45,74.62,67.71
2023-05-05 18:00,5,18,Weekday,Spring,No,84.22,74.13,59.65
2023-05-05 19:00,5,19,Weekday,Spring,No,81.26,74.94,55.8
2023-05-05 20:00,5,20,Weekday,Spring,No,78.28,73.93,49.03
2023-05-05 21:00,5,21,Weekday,Spring,No,75.84,74.39,40.29
2023-05-05 22:00,5,22,Weekday,Spring,No,73.86,72.37,33.95
2023-05-05 23:00,5,23,Weekday,Spring,No,70.73,72.3,32.77
2023-05-06 00:00,5,0,Weekend,Spring,No,68.45,72.67,38.1
2023-05-06 01:00,5,1,Weekend,Spring,No,67.37,71.93,39.95
2023-05-06 02:00,5,2,Weekend,Spring,No,65.76,71.8,20.68
2023-05-06 03:00,5,3,Weekend,Spring,No,66.1,71.89,27.46
2023-05-06 04:00,5,4,Weekend,Spring,No,65.24,71.44,25.4
2023-05-06 05:00,5,5,Weekend,Spring,No,66.35,72.06,21.05
2023-05-06 06:00,5,6,Weekend,Spring,No,69.16,71.72,20.77
2023-05-06 07:00,5,7,Weekend,Spring,No,72.92,72.75,27.9
2023-05-06 08:00,5,8,Weekend,Spring,No,76.18,74.28,35.72
2023-05-06 09:00,5,9,Weekend,Spring,No,78.16,74.61,31.82
2023-05-06 10:00,5,10,Weekend,Spring,No,80.13,75.13,44.81
2023-05-06 11:00,5,11,Weekend,Spring,No,82.74,75.24,53.88
2023-05-06 12:00,5,12,Weekend,Spring,No,85.18,74.19,63.57
2023-05-06 13:00,5,13,Weekend,Spring,No,86.63,75.32,69.5
2023-05-06 14:00,5,14,Weekend,Spring,No,87.08,75.38,57.66
2023-05-06 15:00,5,15,Weekend,Spring,No,87.6,75.43,58.79
2023-05-06 16:00,5,16,Weekend,Spring,No,87.98,74.84,54.88
2023-05-06 17:00,5,17,Weekend,Spring,No,86.82,75.02,62.87
2023-05-06 18:00,5,18,Weekend,Spring,No,84.22,74.58,52.28
2023-05-06 19:00,5,19,Weekend,Spring,No,80.63,74.51,56.07
2023-05-06 20:00,5,20,Weekend,Spring,No,77.82,74.13,53.84
2023-05-06 21:00,5,21,Weekend,Spring,No,75.22,73.43,33.89
2023-05-06 22:00,5,22,Weekend,Spring,No,71.1,73.72,34.11
2023-05-06 23:00,5,23,Weekend,Spring,No,69.08,72.61,28.02
2023-05-07 00:00,5,0,Weekend,Spring,No,69.6,72.76,24.99
2023-05-07 01:00,5,1,Weekend,Spring,No,68.2,73.04,29.88
2023-05-07 02:00,5,2,Weekend,Spring,No,65.24,72.28,31.96
2023-05-07 03:00,5,3,Weekend,Spring,No,63.41,70.86,43.7
2023-05-07 04:00,5,4,Weekend,Spring,No,62.44,72.28,22.15
2023-05-07 05:00,5,5,Weekend,Spring,No,62.06,71.37,28.08
2023-05-07 06:00,5,6,Weekend,Spring,No,65.53,72.47,28.67
2023-05-07 07:00,5,7,Weekend,Spring,No,70.94,72.63,40.71
2023-05-07 08:00,5,8,Weekend,Spring,No,75.98,73.47,38.61
2023-05-07 09:00,5,9,Weekend,Spring,No,81.54,73.15,50.57
2023-05-07 10:00,5,10,Weekend,Spring,No,85.8,75.51,58.3
2023-05-07 11:00,5,11,Weekend,Spring,No,88.23,75.87,66.67
2023-05-07 12:00,5,12,Weekend,Spring,No,90.74,75.1,56.72
2023-05-07 13:00,5,13,Weekend,Spring,No,91.42,75.57,62.45
2023-05-07 14:00,5,14,Weekend,Spring,No,92.72,75.82,64.96
2023-05-07 15:00,5,15,Weekend,Spring,No,93.4,77.16,62.4
2023-05-07 16:00,5,16,Weekend,Spring,No,92.39,75.95,58.15
2023-05-07 17:00,5,17,Weekend,Spring,No,90.78,75.23,65.87
2023-05-07 18:00,5,18,Weekend,Spring,No,87.65,74.75,66.93
2023-05-07 19:00,5,19,Weekend,Spring,No,84.22,74.57,57.38
2023-05-07 20:00,5,20,Weekend,Spring,No,81.26,75.19,64.89
2023-05-07 21:00,5,21,Weekend,Spring,No,79.43,74.21,42.14
2023-05-07 22:00,5,22,Weekend,Spring,No,76.04,73.13,31.4
2023-05-07 23:00,5,23,Weekend,Spring,No,72.26,73.2,35.4
2023-05-08 00:00,5,0,Weekday,Spring,No,71.06,73.17,41.24
2023-05-08 01:00,5,1,Weekday,Spring,No,70.43,72.91,29.16
2023-05-08 02:00,5,2,Weekday,Spring,No,70.61,73.27,33.18
2023-05-08 03:00,5,3,Weekday,Spring,No,70.43,73.93,27.78
2023-05-08 04:00,5,4,Weekday,Spring,No,67.67,73.3,24.44
2023-05-08 05:00,5,5,Weekday,Spring,No,64.24,72.13,26.19
2023-05-08 06:00,5,6,Weekday,Spring,No,65.9,72.38,32.7
2023-05-08 07:00,5,7,Weekday,Spring,No,73.25,72.41,36.04
2023-05-08 08:00,5,8,Weekday,Spring,Yes,78.78,72.86,33.8
2023-05-08 09:00,5,9,Weekday,Spring,Yes,82.9,74.61,41.4
2023-05-08 10:00,5,10,Weekday,Spring,Yes,86.18,73.9,59.79
2023-05-08 11:00,5,11,Weekday,Spring,Yes,88.23,74.43,60.19
2023-05-08 12:00,5,12,Weekday,Spring,Yes,90.22,74.1,63.42
2023-05-08 13:00,5,13,Weekday,Spring,Yes,91.56,75.26,64.4
2023-05-08 14:00,5,14,Weekday,Spring,Yes,92.57,74.69,51.01
2023-05-08 15:00,5,15,Weekday,Spring,Yes,93.54,75.52,57.98
2023-05-08 16:00,5,16,Weekday,Spring,Yes,92.76,75.76,66.52
2023-05-08 17:00,5,17,Weekday,Spring,Yes,90.78,75.92,54.82
2023-05-08 18:00,5,18,Weekday,Spring,No,87.65,75.05,55.46
2023-05-08 19:00,5,19,Weekday,Spring,No,83.69,74.34,58.46
2023-05-08 20:00,5,20,Weekday,Spring,No,79.1,74.92,57.18
2023-05-08 21:00,5,21,Weekday,Spring,No,75.84,73.44,44.08
2023-05-08 22:00,5,22,Weekday,Spring,No,75.02,73.26,32.36
2023-05-08 23:00,5,23,Weekday,Spring,No,70.92,72.88,25.49
2023-05-09 00:00,5,0,Weekday,Spring,No,65.69,71.99,17.98
2023-05-09 01:00,5,1,Weekday,Spring,No,65.72,72.3,29.87
2023-05-09 02:00,5,2,Weekday,Spring,No,66.92,72.42,24.16
2023-05-09 03:00,5,3,Weekday,Spring,No,63.46,72.6,34.37
2023-05-09 04:00,5,4,Weekday,Spring,No,59.82,72.62,28.71
2023-05-09 05:00,5,5,Weekday,Spring,No,59.63,71.4,30.63
2023-05-09 06:00,5,6,Weekday,Spring,No,63.54,72.26,27.18
2023-05-09 07:00,5,7,Weekday,Spring,No,70.12,73.43,30.07
2023-05-09 08:00,5,8,Weekday,Spring,Yes,77.13,72.42,38.09
2023-05-09 09:00,5,9,Weekday,Spring,Yes,81.74,73.95,30.15
2023-05-09 10:00,5,10,Weekday,Spring,Yes,84.1,74.07,55.72
2023-05-09 11:00,5,11,Weekday,Spring,Yes,87.86,74.85,63.63
2023-05-09 12:00,5,12,Weekday,Spring,Yes,90.59,74.91,63.89
2023-05-09 13:00,5,13,Weekday,Spring,Yes,90.41,74.18,59.8
2023-05-09 14:00,5,14,Weekday,Spring,Yes,91.74,75.26,65.11
2023-05-09 15:00,5,15,Weekday,Spring,Yes,92.39,75.4,70.02
2023-05-09 16:00,5,16,Weekday,Spring,Yes,91.42,75.61,75.5
2023-05-09 17:00,5,17,Weekday,Spring,Yes,89.26,74.31,62.18
2023-05-09 18:00,5,18,Weekday,Spring,No,86.2,74.82,57.09
2023-05-09 19:00,5,19,Weekday,Spring,No,83.77,74.27,55.56
2023-05-09 20:00,5,20,Weekday,Spring,No,81.26,74.28,59.59
2023-05-09 21:00,5,21,Weekday,Spring,No,77.65,73.73,24.37
2023-05-09 22:00,5,22,Weekday,Spring,No,74.24,73.31,41.27
2023-05-09 23:00,5,23,Weekday,Spring,No,71.88,73.39,34.13
2023-05-10 00:00,5,0,Weekday,Spring,No,70.43,72.78,38.94
2023-05-10 01:00,5,1,Weekday,Spring,No,68.82,72.84,30.73
2023-05-10 02:00,5,2,Weekday,Spring,No,67.37,71.51,18.83
2023-05-10 03:00,5,3,Weekday,Spring,No,66.4,72.07,25.14
2023-05-10 04:00,5,4,Weekday,Spring,No,64.86,72.67,32.75
2023-05-10 05:00,5,5,Weekday,Spring,No,63.41,70.94,32.93
2023-05-10 06:00,5,6,Weekday,Spring,No,64.74,71.37,16.85
2023-05-10 07:00,5,7,Weekday,Spring,No,68.96,72.38,33.27
2023-05-10 08:00,5,8,Weekday,Spring,Yes,73.9,72.27,38.41
2023-05-10 09:00,5,9,Weekday,Spring,Yes,77.18,72.67,40.63
2023-05-10 10:00,5,10,Weekday,Spring,Yes,80.39,73.71,55.03
2023-05-10 11:00,5,11,Weekday,Spring,Yes,83.2,73.14,64.05
2023-05-10 12:00,5,12,Weekday,Spring,Yes,83.39,73.97,55.93
2023-05-10 13:00,5,13,Weekday,Spring,Yes,84.72,74.91,53.15
2023-05-10 14:00,5,14,Weekday,Spring,Yes,86.0,74.18,59.11
2023-05-10 15:00,5,15,Weekday,Spring,Yes,85.37,74.49,57.25
2023-05-10 16:00,5,16,Weekday,Spring,Yes,84.92,74.46,60.18
2023-05-10 17:00,5,17,Weekday,Spring,Yes,84.4,74.45,48.53
2023-05-10 18:00,5,18,Weekday,Spring,No,82.24,76.34,64.27
2023-05-10 19:00,5,19,Weekday,Spring,No,79.28,74.41,55.91
2023-05-10 20:00,5,20,Weekday,Spring,No,76.3,73.61,58.41
2023-05-10 21:00,5,21,Weekday,Spring,No,73.86,73.62,33.3
2023-05-10 22:00,5,22,Weekday,Spring,No,71.88,73.07,31.26
2023-05-10 23:00,5,23,Weekday,Spring,No,69.9,72.68,29.15
2023-05-11 00:00,5,0,Weekday,Spring,No,66.67,71.92,26.82
2023-05-11 01:00,5,1,Weekday,Spring,No,65.57,72.0,27.87
2023-05-11 02:00,5,2,Weekday,Spring,No,64.86,72.61,30.65
2023-05-11 03:00,5,3,Weekday,Spring,No,61.73,71.55,18.92
2023-05-11 04:00,5,4,Weekday,Spring,No,56.51,71.35,25.16
2023-05-11 05:00,5,5,Weekday,Spring,No,52.8,70.34,17.99
2023-05-11 06:00,5,6,Weekday,Spring,No,58.38,71.33,24.48
2023-05-11 07:00,5,7,Weekday,Spring,No,67.06,72.7,30.54
2023-05-11 08:00,5,8,Weekday,Spring,Yes,71.76,71.64,33.53
2023-05-11 09:00,5,9,Weekday,Spring,Yes,74.72,72.31,40.57
2023-05-11 10:00,5,10,Weekday,Spring,Yes,78.33,73.44,57.3
2023-05-11 11:00,5,11,Weekday,Spring,Yes,81.22,73.53,56.5
2023-05-11 12:00,5,12,Weekday,Spring,Yes,82.04,73.97,53.85
2023-05-11 13:00,5,13,Weekday,Spring,Yes,83.2,73.31,52.59
2023-05-11 14:00,5,14,Weekday,Spring,Yes,83.39,73.81,58.16
2023-05-11 15:00,5,15,Weekday,Spring,Yes,83.57,73.3,60.03
2023-05-11 16:00,5,16,Weekday,Spring,Yes,83.39,74.51,60.4
2023-05-11 17:00,5,17,Weekday,Spring,Yes,81.78,73.68,54.82
2023-05-11 18:00,5,18,Weekday,Spring,No,78.02,74.87,60.47
2023-05-11 19:00,5,19,Weekday,Spring,No,74.24,73.59,45.42
2023-05-11 20:00,5,20,Weekday,Spring,No,71.88,73.48,43.49
2023-05-11 21:00,5,21,Weekday,Spring,No,69.28,72.95,31.31
2023-05-11 22:00,5,22,Weekday,Spring,No,66.84,72.3,20.88
2023-05-11 23:00,5,23,Weekday,Spring,No,64.86,72.76,22.44
2023-05-12 00:00,5,0,Weekday,Spring,No,61.1,72.34,26.1
2023-05-12 01:00,5,1,Weekday,Spring,No,57.22,71.2,17.12
2023-05-12 02:00,5,2,Weekday,Spring,No,55.94,71.39,18.36
2023-05-12 03:00,5,3,Weekday,Spring,No,54.26,70.66,12.38
2023-05-12 04:00,5,4,Weekday,Spring,No,53.06,70.59,22.66
2023-05-12 05:00,5,5,Weekday,Spring,No,53.06,70.58,16.13
2023-05-12 06:00,5,6,Weekday,Spring,No,57.16,71.24,24.6
2023-05-12 07:00,5,7,Weekday,Spring,No,62.92,70.74,26.11
2023-05-12 08:00,5,8,Weekday,Spring,Yes,68.51,72.29,37.34
2023-05-12 09:00,5,9,Weekday,Spring,Yes,74.53,72.4,34.17
2023-05-12 10:00,5,10,Weekday,Spring,Yes,79.31,73.34,55.29
2023-05-12 11:00,5,11,Weekday,Spring,Yes,83.27,73.83,56.64
2023-05-12 12:00,5,12,Weekday,Spring,Yes,86.18,73.59,52.25
2023-05-12 13:00,5,13,Weekday,Spring,Yes,87.08,73.23,55.63
2023-05-12 14:00,5,14,Weekday,Spring,Yes,88.76,75.31,61.32
2023-05-12 15:00,5,15,Weekday,Spring,Yes,89.96,74.36,67.46
2023-05-12 16:00,5,16,Weekday,Spring,Yes,89.43,74.3,61.85
2023-05-12 17:00,5,17,Weekday,Spring,Yes,88.43,74.38,60.88
2023-05-12 18:00,5,18,Weekday,Spring,No,85.04,75.11,57.49
2023-05-12 19:00,5,19,Weekday,Spring,No,81.26,74.11,59.69
2023-05-12 20:00,5,20,Weekday,Spring,No,78.28,73.51,50.07
2023-05-12 21:00,5,21,Weekday,Spring,No,75.22,72.88,36.76
2023-05-12 22:00,5,22,Weekday,Spring,No,71.63,73.45,37.84
2023-05-12 23:00,5,23,Weekday,Spring,No,68.2,71.87,30.33
2023-05-13 00:00,5,0,Weekend,Spring,No,64.61,72.32,17.92
2023-05-13 01:00,5,1,Weekend,Spring,No,61.8,71.25,22.79
2023-05-13 02:00,5,2,Weekend,Spring,No,59.2,72.01,19.88
2023-05-13 03:00,5,3,Weekend,Spring,No,57.4,70.93,15.2
2023-05-13 04:00,5,4,Weekend,Spring,No,57.02,71.33,19.34
2023-05-13 05:00,5,5,Weekend,Spring,No,56.39,71.05,25.02
2023-05-13 06:00,5,6,Weekend,Spring,No,61.19,70.79,27.16
2023-05-13 07:00,5,7,Weekend,Spring,No,68.51,72.2,32.98
2023-05-13 08:00,5,8,Weekend,Spring,No,73.37,73.79,29.43
2023-05-13 09:00,5,9,Weekend,Spring,No,79.12,74.38,33.46
2023-05-13 10:00,5,10,Weekend,Spring,No,84.98,74.38,52.83
2023-05-13 11:00,5,11,Weekend,Spring,No,88.23,75.21,64.09
2023-05-13 12:00,5,12,Weekend,Spring,No,90.74,76.17,59.03
2023-05-13 13:00,5,13,Weekend,Spring,No,92.57,75.56,61.51
2023-05-13 14:00,5,14,Weekend,Spring,No,93.54,76.83,58.86
2023-05-13 15:00,5,15,Weekend,Spring,No,93.4,76.36,62.3
2023-05-13 16:00,5,16,Weekend,Spring,No,92.39,75.85,70.59
2023-05-13 17:00,5,17,Weekend,Spring,No,91.94,74.93,66.73
2023-05-13 18:00,5,18,Weekend,Spring,No,89.63,75.61,73.52
2023-05-13 19:00,5,19,Weekend,Spring,No,85.67,74.6,60.56
2023-05-13 20:00,5,20,Weekend,Spring,No,82.24,74.84,62.49
2023-05-13 21:00,5,21,Weekend,Spring,No,79.28,73.91,45.07
2023-05-13 22:00,5,22,Weekend,Spring,No,76.3,73.68,34.95
2023-05-13 23:00,5,23,Weekend,Spring,No,73.24,73.87,38.11
2023-05-14 00:00,5,0,Weekend,Spring,No,69.65,72.45,32.43
2023-05-14 01:00,5,1,Weekend,Spring,No,66.22,72.26,25.97
2023-05-14 02:00,5,2,Weekend,Spring,No,64.41,72.39,27.17
2023-05-14 03:00,5,3,Weekend,Spring,No,63.41,71.48,29.44
2023-05-14 04:00,5,4,Weekend,Spring,No,63.59,72.08,26.27
2023-05-14 05:00,5,5,Weekend,Spring,No,64.04,71.36,34.76
2023-05-14 06:00,5,6,Weekend,Spring,No,68.13,72.77,34.64
2023-05-14 07:00,5,7,Weekend,Spring,No,73.37,72.76,32.56
2023-05-14 08:00,5,8,Weekend,Spring,No,77.33,74.56,42.96
2023-05-14 09:00,5,9,Weekend,Spring,No,80.13,73.98,36.34
2023-05-14 10:00,5,10,Weekend,Spring,No,82.12,74.65,43.3
2023-05-14 11:00,5,11,Weekend,Spring,No,85.88,74.56,59.82
2023-05-14 12:00,5,12,Weekend,Spring,No,88.61,75.21,61.91
2023-05-14 13:00,5,13,Weekend,Spring,No,89.58,75.81,74.87
2023-05-14 14:00,5,14,Weekend,Spring,No,89.96,75.62,68.35
2023-05-14 15:00,5,15,Weekend,Spring,No,91.12,75.6,54.26
2023-05-14 16:00,5,16,Weekend,Spring,No,91.42,76.48,63.82
2023-05-14 17:00,5,17,Weekend,Spring,No,89.88,76.42,60.64
2023-05-14 18:00,5,18,Weekend,Spring,No,86.65,74.85,63.97
2023-05-14 19:00,5,19,Weekend,Spring,No,83.24,75.13,52.07
2023-05-14 20:00,5,20,Weekend,Spring,No,79.73,74.93,48.39
2023-05-14 21:00,5,21,Weekend,Spring,No,75.67,72.55,41.43
2023-05-14 22:00,5,22,Weekend,Spring,No,72.78,73.5,35.05
2023-05-14 23:00,5,23,Weekend,Spring,No,71.96,73.44,28.48
2023-05-15 00:00,5,0,Weekday,Spring,No,69.02,72.93,33.9
2023-05-15 01:00,5,1,Weekday,Spring,No,66.92,71.88,28.85
2023-05-15 02:00,5,2,Weekday,Spring,No,64.61,71.53,28.38
2023-05-15 03:00,5,3,Weekday,Spring,No,61.8,71.24,21.33
2023-05-15 04:00,5,4,Weekday,Spring,No,60.46,71.56,11.31
2023-05-15 05:00,5,5,Weekday,Spring,No,58.3,70.27,20.33
2023-05-15 06:00,5,6,Weekday,Spring,No,62.8,72.13,29.25
2023-05-15 07:00,5,7,Weekday,Spring,No,69.86,73.57,37.62
2023-05-15 08:00,5,8,Weekday,Spring,Yes,74.27,72.82,34.54
2023-05-15 09:00,5,9,Weekday,Spring,Yes,77.7,73.15,32.6
2023-05-15 10:00,5,10,Weekday,Spring,Yes,81.29,73.41,53.09
2023-05-15 11:00,5,11,Weekday,Spring,Yes,84.1,74.16,59.35
2023-05-15 12:00,5,12,Weekday,Spring,Yes,86.18,74.34,61.67
2023-05-15 13:00,5,13,Weekday,Spring,Yes,88.23,74.35,66.02
2023-05-15 14:00,5,14,Weekday,Spring,Yes,89.06,73.82,62.46
2023-05-15 15:00,5,15,Weekday,Spring,Yes,89.06,74.52,63.45
2023-05-15 16:00,5,16,Weekday,Spring,Yes,88.43,73.42,70.06
2023-05-15 17:00,5,17,Weekday,Spring,Yes,87.46,74.03,55.13
2023-05-15 18:00,5,18,Weekday,Spring,No,85.3,74.53,59.28
2023-05-15 19:00,5,19,Weekday,Spring,No,81.08,74.52,53.64
2023-05-15 20:00,5,20,Weekday,Spring,No,77.2,74.06,54.97
2023-05-15 21:00,5,21,Weekday,Spring,No,74.24,73.48,32.81
2023-05-15 22:00,5,22,Weekday,Spring,No,71.26,73.47,22.72
2023-05-15 23:00,5,23,Weekday,Spring,No,68.2,72.75,35.08
2023-05-16 00:00,5,0,Weekday,Spring,No,65.76,72.44,29.4
2023-05-16 01:00,5,1,Weekday,Spring,No,62.63,72.08,26.15
2023-05-16 02:00,5,2,Weekday,Spring,No,58.67,70.98,18.34
2023-05-16 03:00,5,3,Weekday,Spring,No,57.02,70.02,19.72
2023-05-16 04:00,5,4,Weekday,Spring,No,57.02,70.86,20.32
2023-05-16 05:00,5,5,Weekday,Spring,No,56.39,70.11,10.3
2023-05-16 06:00,5,6,Weekday,Spring,No,61.19,70.13,17.3
2023-05-16 07:00,5,7,Weekday,Spring,No,68.51,72.8,27.6
2023-05-16 08:00,5,8,Weekday,Spring,Yes,73.9,72.63,38.45
2023-05-16 09:00,5,9,Weekday,Spring,Yes,78.33,72.27,38.54
2023-05-16 10:00,5,10,Weekday,Spring,Yes,81.74,73.26,53.81
2023-05-16 11:00,5,11,Weekday,Spring,Yes,84.1,73.46,57.74
2023-05-16 12:00,5,12,Weekday,Spring,Yes,86.7,74.21,55.28
2023-05-16 13:00,5,13,Weekday,Spring,Yes,89.77,74.45,66.48
2023-05-16 14:00,5,14,Weekday,Spring,Yes,91.04,75.2,67.74
2023-05-16 15:00,5,15,Weekday,Spring,Yes,91.04,75.07,61.74
2023-05-16 16:00,5,16,Weekday,Spring,Yes,91.04,74.92,64.59
2023-05-16 17:00,5,17,Weekday,Spring,Yes,90.41,74.96,63.36
2023-05-16 18:00,5,18,Weekday,Spring,No,87.65,74.68,61.38
2023-05-16 19:00,5,19,Weekday,Spring,No,84.22,74.55,54.89
2023-05-16 20:00,5,20,Weekday,Spring,No,81.78,74.53,58.4
2023-05-16 21:00,5,21,Weekday,Spring,No,79.81,74.94,42.3
2023-05-16 22:00,5,22,Weekday,Spring,No,77.82,74.02,41.64
2023-05-16 23:00,5,23,Weekday,Spring,No,72.9,73.71,32.63
2023-05-17 00:00,5,0,Weekday,Spring,No,69.46,72.75,30.6
2023-05-17 01:00,5,1,Weekday,Spring,No,68.45,72.87,34.18
2023-05-17 02:00,5,2,Weekday,Spring,No,66.22,72.77,33.61
2023-05-17 03:00,5,3,Weekday,Spring,No,65.57,72.41,31.7
2023-05-17 04:00,5,4,Weekday,Spring,No,65.39,71.64,35.65
2023-05-17 05:00,5,5,Weekday,Spring,No,64.94,72.72,24.03
2023-05-17 06:00,5,6,Weekday,Spring,No,66.1,72.52,26.01
2023-05-17 07:00,5,7,Weekday,Spring,No,69.34,72.39,32.54
2023-05-17 08:00,5,8,Weekday,Spring,Yes,75.68,73.15,31.56
2023-05-17 09:00,5,9,Weekday,Spring,Yes,81.29,73.44,37.98
2023-05-17 10:00,5,10,Weekday,Spring,Yes,85.88,73.78,64.6
2023-05-17 11:00,5,11,Weekday,Spring,Yes,90.29,75.87,63.74
2023-05-17 12:00,5,12,Weekday,Spring,Yes,92.57,74.62,67.73
2023-05-17 13:00,5,13,Weekday,Spring,Yes,94.18,75.76,67.82
2023-05-17 14:00,5,14,Weekday,Spring,Yes,95.0,75.2,68.73
2023-05-17 15:00,5,15,Weekday,Spring,Yes,95.63,74.54,72.43
2023-05-17 16:00,5,16,Weekday,Spring,Yes,96.08,75.64,62.87
2023-05-17 17:00,5,17,Weekday,Spring,Yes,94.82,74.62,57.94
2023-05-17 18:00,5,18,Weekday,Spring,No,91.61,76.57,61.29
2023-05-17 19:00,5,19,Weekday,Spring,No,86.49,74.88,55.22
2023-05-17 20:00,5,20,Weekday,Spring,No,82.24,74.61,54.39
2023-05-17 21:00,5,21,Weekday,Spring,No,79.28,74.46,36.8
2023-05-17 22:00,5,22,Weekday,Spring,No,75.14,73.07,34.73
2023-05-17 23:00,5,23,Weekday,Spring,No,70.1,72.69,28.4
2023-05-18 00:00,5,0,Weekday,Spring,No,69.16,72.01,18.31
2023-05-18 01:00,5,1,Weekday,Spring,No,69.98,73.0,25.73
2023-05-18 02:00,5,2,Weekday,Spring,No,68.2,72.32,22.97
2023-05-18 03:00,5,3,Weekday,Spring,No,65.76,72.48,17.45
2023-05-18 04:00,5,4,Weekday,Spring,No,63.26,71.3,20.98
2023-05-18 05:00,5,5,Weekday,Spring,No,63.22,72.21,24.13
2023-05-18 06:00,5,6,Weekday,Spring,No,64.56,72.23,23.59
2023-05-18 07:00,5,7,Weekday,Spring,No,67.88,72.68,31.2
2023-05-18 08:00,5,8,Weekday,Spring,Yes,74.7,72.79,38.05
2023-05-18 09:00,5,9,Weekday,Spring,Yes,79.76,73.08,39.46
2023-05-18 10:00,5,10,Weekday,Spring,Yes,82.12,74.25,56.28
2023-05-18 11:00,5,11,Weekday,Spring,Yes,84.1,73.84,55.37
2023-05-18 12:00,5,12,Weekday,Spring,Yes,86.18,74.17,55.41
2023-05-18 13:00,5,13,Weekday,Spring,Yes,87.6,74.24,63.1
2023-05-18 14:00,5,14,Weekday,Spring,Yes,88.61,74.49,52.69
2023-05-18 15:00,5,15,Weekday,Spring,Yes,89.06,75.04,62.78
2023-05-18 16:00,5,16,Weekday,Spring,Yes,88.43,73.85,56.28
2023-05-18 17:00,5,17,Weekday,Spring,Yes,86.2,74.21,63.15
2023-05-18 18:00,5,18,Weekday,Spring,No,83.24,74.65,53.33
2023-05-18 19:00,5,19,Weekday,Spring,No,80.26,74.62,51.06
2023-05-18 20:00,5,20,Weekday,Spring,No,76.67,73.75,49.75
2023-05-18 21:00,5,21,Weekday,Spring,No,72.71,73.79,30.6
2023-05-18 22:00,5,22,Weekday,Spring,No,68.65,72.5,33.64
2023-05-18 23:00,5,23,Weekday,Spring,No,65.76,72.53,28.16
2023-05-19 00:00,5,0,Weekday,Spring,No,64.94,72.25,21.94
2023-05-19 01:00,5,1,Weekday,Spring,No,61.48,70.84,39.37
2023-05-19 02:00,5,2,Weekday,Spring,No,61.31,72.0,15.1
2023-05-19 03:00,5,3,Weekday,Spring,No,62.96,71.63,24.85
2023-05-19 04:00,5,4,Weekday,Spring,No,60.02,70.86,22.24
2023-05-19 05:00,5,5,Weekday,Spring,No,57.4,71.92,15.61
2023-05-19 06:00,5,6,Weekday,Spring,No,62.27,71.49,20.82
2023-05-19 07:00,5,7,Weekday,Spring,No,70.64,71.75,30.41
2023-05-19 08:00,5,8,Weekday,Spring,Yes,75.1,72.07,33.07
2023-05-19 09:00,5,9,Weekday,Spring,Yes,78.86,72.69,41.04
2023-05-19 10:00,5,10,Weekday,Spring,Yes,83.27,73.51,51.25
2023-05-19 11:00,5,11,Weekday,Spring,Yes,84.92,74.09,58.5
2023-05-19 12:00,5,12,Weekday,Spring,Yes,87.34,74.59,69.11
2023-05-19 13:00,5,13,Weekday,Spring,Yes,89.06,74.4,62.53
2023-05-19 14:00,5,14,Weekday,Spring,Yes,87.9,74.1,61.5
2023-05-19 15:00,5,15,Weekday,Spring,Yes,86.45,75.61,60.03
2023-05-19 16:00,5,16,Weekday,Spring,Yes,86.0,74.09,67.19
2023-05-19 17:00,5,17,Weekday,Spring,Yes,84.84,73.25,62.44
2023-05-19 18:00,5,18,Weekday,Spring,No,81.71,75.17,49.72
2023-05-19 19:00,5,19,Weekday,Spring,No,78.28,73.98,51.62
2023-05-19 20:00,5,20,Weekday,Spring,No,74.69,72.93,59.32
2023-05-19 21:00,5,21,Weekday,Spring,No,71.26,74.14,30.42
2023-05-19 22:00,5,22,Weekday,Spring,No,69.98,72.88,23.18
2023-05-19 23:00,5,23,Weekday,Spring,No,68.82,72.06,32.72
2023-05-20 00:00,5,0,Weekend,Spring,No,65.69,72.49,28.99
2023-05-20 01:00,5,1,Weekend,Spring,No,64.04,73.17,20.12
2023-05-20 02:00,5,2,Weekend,Spring,No,60.47,72.4,12.48
2023-05-20 03:00,5,3,Weekend,Spring,No,57.4,70.94,25.18
2023-05-20 04:00,5,4,Weekend,Spring,No,55.86,71.31,19.5
2023-05-20 05:00,5,5,Weekend,Spring,No,53.88,70.11,21.58
2023-05-20 06:00,5,6,Weekend,Spring,No,58.31,71.13,20.78
2023-05-20 07:00,5,7,Weekend,Spring,No,65.53,72.8,27.55
2023-05-20 08:00,5,8,Weekend,Spring,No,70.94,73.39,32.95
2023-05-20 09:00,5,9,Weekend,Spring,No,75.35,74.24,31.02
2023-05-20 10:00,5,10,Weekend,Spring,No,78.78,74.28,56.56
2023-05-20 11:00,5,11,Weekend,Spring,No,80.58,74.96,53.99
2023-05-20 12:00,5,12,Weekend,Spring,No,82.12,75.29,54.22
2023-05-20 13:00,5,13,Weekend,Spring,No,84.72,75.53,59.09
2023-05-20 14:00,5,14,Weekend,Spring,No,86.63,75.06,58.7
2023-05-20 15:00,5,15,Weekend,Spring,No,87.6,74.34,63.97
2023-05-20 16:00,5,16,Weekend,Spring,No,88.61,75.01,64.15
2023-05-20 17:00,5,17,Weekend,Spring,No,87.9,74.99,56.6
2023-05-20 18:00,5,18,Weekend,Spring,No,85.3,75.5,63.11
2023-05-20 19:00,5,19,Weekend,Spring,No,82.24,74.93,61.89
2023-05-20 20:00,5,20,Weekend,Spring,No,79.28,73.59,49.33
2023-05-20 21:00,5,21,Weekend,Spring,No,75.67,73.12,32.23
2023-05-20 22:00,5,22,Weekend,Spring,No,72.78,73.68,31.57
2023-05-20 23:00,5,23,Weekend,Spring,No,70.81,73.07,23.55
2023-05-21 00:00,5,0,Weekend,Spring,No,68.2,73.45,29.2
2023-05-21 01:00,5,1,Weekend,Spring,No,65.24,71.95,29.39
2023-05-21 02:00,5,2,Weekend,Spring,No,62.26,72.79,17.79
2023-05-21 03:00,5,3,Weekend,Spring,No,60.98,72.1,31.76
2023-05-21 04:00,5,4,Weekend,Spring,No,58.67,71.22,17.02
2023-05-21 05:00,5,5,Weekend,Spring,No,57.02,70.71,20.51
2023-05-21 06:00,5,6,Weekend,Spring,No,61.64,71.93,25.0
2023-05-21 07:00,5,7,Weekend,Spring,No,69.04,73.38,33.66
2023-05-21 08:00,5,8,Weekend,Spring,No,77.21,73.58,41.21
2023-05-21 09:00,5,9,Weekend,Spring,No,84.53,75.68,27.69
2023-05-21 10:00,5,10,Weekend,Spring,No,88.23,75.2,58.62
2023-05-21 11:00,5,11,Weekend,Spring,No,90.22,75.03,66.17
2023-05-21 12:00,5,12,Weekend,Spring,No,92.72,75.87,71.3
2023-05-21 13:00,5,13,Weekend,Spring,No,94.55,77.24,81.12
2023-05-21 14:00,5,14,Weekend,Spring,No,95.63,76.75,65.68
2023-05-21 15:00,5,15,Weekend,Spring,No,97.24,77.04,61.29
2023-05-21 16:00,5,16,Weekend,Spring,No,97.43,76.82,76.75
2023-05-21 17:00,5,17,Weekend,Spring,No,94.67,76.55,66.26
2023-05-21 18:00,5,18,Weekend,Spring,No,91.23,76.03,58.16
2023-05-21 19:00,5,19,Weekend,Spring,No,88.28,75.67,63.89
2023-05-21 20:00,5,20,Weekend,Spring,No,85.82,74.9,57.26
2023-05-21 21:00,5,21,Weekend,Spring,No,82.08,73.7,43.39
2023-05-21 22:00,5,22,Weekend,Spring,No,77.65,73.52,44.25
2023-05-21 23:00,5,23,Weekend,Spring,No,74.24,73.66,40.17
2023-05-22 00:00,5,0,Weekday,Spring,No,71.88,73.56,44.21
2023-05-22 01:00,5,1,Weekday,Spring,No,69.28,72.73,39.5
2023-05-22 02:00,5,2,Weekday,Spring,No,67.37,72.14,31.12
2023-05-22 03:00,5,3,Weekday,Spring,No,65.76,72.55,22.8
2023-05-22 04:00,5,4,Weekday,Spring,No,64.94,72.36,29.24
2023-05-22 05:00,5,5,Weekday,Spring,No,63.78,72.17,24.2
2023-05-22 06:00,5,6,Weekday,Spring,No,66.53,72.35,31.87
2023-05-22 07:00,5,7,Weekday,Spring,No,73.7,73.33,37.14
2023-05-22 08:00,5,8,Weekday,Spring,Yes,80.46,73.0,39.93
2023-05-22 09:00,5,9,Weekday,Spring,Yes,85.36,73.77,41.99
2023-05-22 10:00,5,10,Weekday,Spring,Yes,89.39,75.57,61.55
2023-05-22 11:00,5,11,Weekday,Spring,Yes,93.35,75.67,66.5
2023-05-22 12:00,5,12,Weekday,Spring,Yes,96.16,76.44,60.29
2023-05-22 13:00,5,13,Weekday,Spring,Yes,97.61,75.46,69.57
2023-05-22 14:00,5,14,Weekday,Spring,Yes,96.9,75.41,71.71
2023-05-22 15:00,5,15,Weekday,Spring,Yes,95.45,75.28,68.64
2023-05-22 16:00,5,16,Weekday,Spring,Yes,93.84,75.18,65.44
2023-05-22 17:00,5,17,Weekday,Spring,Yes,93.02,76.09,63.56
2023-05-22 18:00,5,18,Weekday,Spring,No,91.86,75.61,66.67
2023-05-22 19:00,5,19,Weekday,Spring,No,89.26,75.43,62.64
2023-05-22 20:00,5,20,Weekday,Spring,No,85.67,74.82,59.56
2023-05-22 21:00,5,21,Weekday,Spring,No,82.24,74.63,37.61
2023-05-22 22:00,5,22,Weekday,Spring,No,78.65,72.83,41.99
2023-05-22 23:00,5,23,Weekday,Spring,No,75.22,73.26,36.21
2023-05-23 00:00,5,0,Weekday,Spring,No,73.42,72.8,30.84
2023-05-23 01:00,5,1,Weekday,Spring,No,71.88,72.5,26.73
2023-05-23 02:00,5,2,Weekday,Spring,No,70.43,73.61,29.88
2023-05-23 03:00,5,3,Weekday,Spring,No,68.82,73.43,30.53
2023-05-23 04:00,5,4,Weekday,Spring,No,65.69,72.76,31.28
2023-05-23 05:00,5,5,Weekday,Spring,No,64.56,72.16,26.86
2023-05-23 06:00,5,6,Weekday,Spring,No,68.51,73.22,39.24
2023-05-23 07:00,5,7,Weekday,Spring,No,76.31,74.05,30.93
2023-05-23 08:00,5,8,Weekday,Spring,Yes,84.16,73.27,41.47
2023-05-23 09:00,5,9,Weekday,Spring,Yes,89.92,74.34,53.43
2023-05-23 10:00,5,10,Weekday,Spring,Yes,94.88,75.68,64.21
2023-05-23 11:00,5,11,Weekday,Spring,Yes,98.14,76.61,67.79
2023-05-23 12:00,5,12,Weekday,Spring,Yes,98.96,76.07,74.07
2023-05-23 13:00,5,13,Weekday,Spring,Yes,100.12,76.1,74.0
2023-05-23 14:00,5,14,Weekday,Spring,Yes,101.57,76.88,72.32
2023-05-23 15:00,5,15,Weekday,Spring,Yes,102.02,76.81,66.79
2023-05-23 16:00,5,16,Weekday,Spring,Yes,102.02,76.09,70.63
2023-05-23 17:00,5,17,Weekday,Spring,Yes,99.71,75.67,66.0
2023-05-23 18:00,5,18,Weekday,Spring,No,96.9,76.7,66.57
2023-05-23 19:00,5,19,Weekday,Spring,No,94.82,76.23,64.5
2023-05-23 20:00,5,20,Weekday,Spring,No,92.76,76.58,56.79
2023-05-23 21:00,5,21,Weekday,Spring,No,90.78,75.35,44.16
2023-05-23 22:00,5,22,Weekday,Spring,No,89.43,75.69,47.12
2023-05-23 23:00,5,23,Weekday,Spring,No,87.28,74.23,35.65
2023-05-24 00:00,5,0,Weekday,Spring,No,85.37,74.17,43.1
2023-05-24 01:00,5,1,Weekday,Spring,No,84.4,74.06,47.0
2023-05-24 02:00,5,2,Weekday,Spring,No,82.86,73.28,48.03
2023-05-24 03:00,5,3,Weekday,Spring,No,80.88,73.89,35.83
2023-05-24 04:00,5,4,Weekday,Spring,No,79.43,74.8,36.22
2023-05-24 05:00,5,5,Weekday,Spring,No,77.82,73.98,33.21
2023-05-24 06:00,5,6,Weekday,Spring,No,78.78,74.84,32.7
2023-05-24 07:00,5,7,Weekday,Spring,No,82.37,75.36,49.6
2023-05-24 08:00,5,8,Weekday,Spring,Yes,85.18,73.98,40.81
2023-05-24 09:00,5,9,Weekday,Spring,Yes,87.16,74.43,32.4
2023-05-24 10:00,5,10,Weekday,Spring,Yes,89.77,74.79,52.67
2023-05-24 11:00,5,11,Weekday,Spring,Yes,92.72,75.77,57.83
2023-05-24 12:00,5,12,Weekday,Spring,Yes,95.7,75.02,66.32
2023-05-24 13:00,5,13,Weekday,Spring,Yes,96.98,76.46,61.71
2023-05-24 14:00,5,14,Weekday,Spring,Yes,98.14,75.69,70.68
2023-05-24 15:00,5,15,Weekday,Spring,Yes,97.8,76.17,64.51
2023-05-24 16:00,5,16,Weekday,Spring,Yes,96.46,75.9,66.64
2023-05-24 17:00,5,17,Weekday,Spring,Yes,95.45,75.18,74.43
2023-05-24 18:00,5,18,Weekday,Spring,No,92.69,76.14,75.47
2023-05-24 19:00,5,19,Weekday,Spring,No,88.73,75.81,65.24
2023-05-24 20:00,5,20,Weekday,Spring,No,85.3,75.26,62.4
2023-05-24 21:00,5,21,Weekday,Spring,No,82.24,74.9,35.37
2023-05-24 22:00,5,22,Weekday,Spring,No,80.44,74.29,47.45
2023-05-24 23:00,5,23,Weekday,Spring,No,75.96,72.94,29.89
2023-05-25 00:00,5,0,Weekday,Spring,No,73.04,73.47,35.57
2023-05-25 01:00,5,1,Weekday,Spring,No,71.88,73.05,39.56
2023-05-25 02:00,5,2,Weekday,Spring,No,68.12,73.4,24.62
2023-05-25 03:00,5,3,Weekday,Spring,No,64.24,70.54,29.39
2023-05-25 04:00,5,4,Weekday,Spring,No,61.8,72.04,27.15
2023-05-25 05:00,5,5,Weekday,Spring,No,60.98,72.09,21.69
2023-05-25 06:00,5,6,Weekday,Spring,No,66.23,72.69,26.81
2023-05-25 07:00,5,7,Weekday,Spring,No,73.44,73.51,28.71
2023-05-25 08:00,5,8,Weekday,Spring,Yes,79.49,73.6,35.81
2023-05-25 09:00,5,9,Weekday,Spring,Yes,84.35,73.95,39.39
2023-05-25 10:00,5,10,Weekday,Spring,Yes,87.78,74.73,55.31
2023-05-25 11:00,5,11,Weekday,Spring,Yes,90.22,74.73,61.96
2023-05-25 12:00,5,12,Weekday,Spring,Yes,93.35,74.22,59.27
2023-05-25 13:00,5,13,Weekday,Spring,Yes,95.0,75.58,68.11
2023-05-25 14:00,5,14,Weekday,Spring,Yes,95.63,74.83,70.67
2023-05-25 15:00,5,15,Weekday,Spring,Yes,95.45,75.44,59.63
2023-05-25 16:00,5,16,Weekday,Spring,Yes,95.63,76.15,56.37
2023-05-25 17:00,5,17,Weekday,Spring,Yes,94.82,74.27,66.36
2023-05-25 18:00,5,18,Weekday,Spring,No,92.24,75.41,63.61
2023-05-25 19:00,5,19,Weekday,Spring,No,88.1,74.73,56.33
2023-05-25 20:00,5,20,Weekday,Spring,No,84.22,75.03,56.56
2023-05-25 21:00,5,21,Weekday,Spring,No,80.63,74.51,32.74
2023-05-25 22:00,5,22,Weekday,Spring,No,77.82,74.1,44.63
2023-05-25 23:00,5,23,Weekday,Spring,No,75.84,73.67,30.01
2023-05-26 00:00,5,0,Weekday,Spring,No,73.24,73.79,35.72
2023-05-26 01:00,5,1,Weekday,Spring,No,69.65,72.95,29.36
2023-05-26 02:00,5,2,Weekday,Spring,No,70.94,72.1,34.29
2023-05-26 03:00,5,3,Weekday,Spring,No,67.79,73.41,29.34
2023-05-26 04:00,5,4,Weekday,Spring,No,64.04,71.83,22.76
2023-05-26 05:00,5,5,Weekday,Spring,No,62.89,71.32,27.01
2023-05-26 06:00,5,6,Weekday,Spring,No,66.16,71.95,29.97
2023-05-26 07:00,5,7,Weekday,Spring,No,73.07,73.35,30.22
2023-05-26 08:00,5,8,Weekday,Spring,Yes,79.49,73.96,35.04
2023-05-26 09:00,5,9,Weekday,Spring,Yes,83.2,73.87,45.86
2023-05-26 10:00,5,10,Weekday,Spring,Yes,85.18,74.24,51.16
2023-05-26 11:00,5,11,Weekday,Spring,Yes,87.78,75.34,62.21
2023-05-26 12:00,5,12,Weekday,Spring,Yes,90.74,74.37,66.97
2023-05-26 13:00,5,13,Weekday,Spring,Yes,91.42,73.73,67.83
2023-05-26 14:00,5,14,Weekday,Spring,Yes,93.35,75.9,61.84
2023-05-26 15:00,5,15,Weekday,Spring,Yes,95.0,74.8,66.8
2023-05-26 16:00,5,16,Weekday,Spring,Yes,93.84,75.85,60.68
2023-05-26 17:00,5,17,Weekday,Spring,Yes,93.02,74.92,62.7
2023-05-26 18:00,5,18,Weekday,Spring,No,90.71,76.15,62.22
2023-05-26 19:00,5,19,Weekday,Spring,No,86.65,74.31,64.33
2023-05-26 20:00,5,20,Weekday,Spring,No,82.61,74.49,59.54
2023-05-26 21:00,5,21,Weekday,Spring,No,79.28,75.24,41.49
2023-05-26 22:00,5,22,Weekday,Spring,No,74.51,72.92,36.07
2023-05-26 23:00,5,23,Weekday,Spring,No,70.28,72.8,34.36
2023-05-27 00:00,5,0,Weekend,Spring,No,69.08,72.79,34.0
2023-05-27 01:00,5,1,Weekend,Spring,No,67.82,72.53,22.29
2023-05-27 02:00,5,2,Weekend,Spring,No,64.08,71.29,29.39
2023-05-27 03:00,5,3,Weekend,Spring,No,62.58,71.58,27.45
2023-05-27 04:00,5,4,Weekend,Spring,No,61.8,71.24,27.77
2023-05-27 05:00,5,5,Weekend,Spring,No,60.46,71.83,23.05
2023-05-27 06:00,5,6,Weekend,Spring,No,64.7,71.67,29.34
2023-05-27 07:00,5,7,Weekend,Spring,No,71.46,71.98,40.38
2023-05-27 08:00,5,8,Weekend,Spring,No,77.51,74.15,32.36
2023-05-27 09:00,5,9,Weekend,Spring,No,82.37,74.81,50.26
2023-05-27 10:00,5,10,Weekend,Spring,No,85.18,75.39,60.36
2023-05-27 11:00,5,11,Weekend,Spring,No,88.31,75.14,69.11
2023-05-27 12:00,5,12,Weekend,Spring,No,90.59,75.29,72.27
2023-05-27 13:00,5,13,Weekend,Spring,No,92.2,75.64,64.82
2023-05-27 14:00,5,14,Weekend,Spring,No,94.18,76.48,68.33
2023-05-27 15:00,5,15,Weekend,Spring,No,94.37,75.65,66.61
2023-05-27 16:00,5,16,Weekend,Spring,No,93.92,76.57,53.58
2023-05-27 17:00,5,17,Weekend,Spring,No,93.4,76.18,56.4
2023-05-27 18:00,5,18,Weekend,Spring,No,91.86,75.9,62.25
2023-05-27 19:00,5,19,Weekend,Spring,No,88.73,74.69,61.12
2023-05-27 20:00,5,20,Weekend,Spring,No,85.3,74.5,60.5
2023-05-27 21:00,5,21,Weekend,Spring,No,81.71,74.46,42.15
2023-05-27 22:00,5,22,Weekend,Spring,No,78.9,74.17,37.78
2023-05-27 23:00,5,23,Weekend,Spring,No,72.83,72.6,36.26
2023-05-28 00:00,5,0,Weekend,Spring,No,70.76,73.84,30.56
2023-05-28 01:00,5,1,Weekend,Spring,No,70.81,72.71,30.02
2023-05-28 02:00,5,2,Weekend,Spring,No,71.14,72.4,34.64
2023-05-28 03:00,5,3,Weekend,Spring,No,69.65,71.91,33.01
2023-05-28 04:00,5,4,Weekend,Spring,No,65.06,71.49,33.09
2023-05-28 05:00,5,5,Weekend,Spring,No,65.27,72.05,21.19
2023-05-28 06:00,5,6,Weekend,Spring,No,70.49,73.35,35.9
2023-05-28 07:00,5,7,Weekend,Spring,No,75.35,73.89,40.62
2023-05-28 08:00,5,8,Weekend,Spring,No,79.31,74.22,36.05
2023-05-28 09:00,5,9,Weekend,Spring,No,83.27,74.51,41.96
2023-05-28 10:00,5,10,Weekend,Spring,No,87.34,74.74,58.92
2023-05-28 11:00,5,11,Weekend,Spring,No,88.43,75.55,58.04
2023-05-28 12:00,5,12,Weekend,Spring,No,88.61,74.64,59.88
2023-05-28 13:00,5,13,Weekend,Spring,No,89.58,74.66,49.71
2023-05-28 14:00,5,14,Weekend,Spring,No,89.43,75.7,65.81
2023-05-28 15:00,5,15,Weekend,Spring,No,88.43,75.31,63.79
2023-05-28 16:00,5,16,Weekend,Spring,No,87.46,76.12,63.0
2023-05-28 17:00,5,17,Weekend,Spring,No,85.3,74.15,57.89
2023-05-28 18:00,5,18,Weekend,Spring,No,81.71,74.64,61.72
2023-05-28 19:00,5,19,Weekend,Spring,No,77.65,73.47,50.38
2023-05-28 20:00,5,20,Weekend,Spring,No,73.61,73.79,53.18
2023-05-28 21:00,5,21,Weekend,Spring,No,70.28,73.69,32.95
2023-05-28 22:00,5,22,Weekend,Spring,No,67.82,72.15,43.86
2023-05-28 23:00,5,23,Weekend,Spring,No,66.4,72.34,34.57
2023-05-29 00:00,5,0,Weekday,Spring,No,65.39,72.2,31.72
2023-05-29 01:00,5,1,Weekday,Spring,No,64.41,71.67,30.64
2023-05-29 02:00,5,2,Weekday,Spring,No,62.89,71.75,21.49
2023-05-29 03:00,5,3,Weekday,Spring,No,62.06,71.27,16.11
2023-05-29 04:00,5,4,Weekday,Spring,No,60.28,71.37,6.29
2023-05-29 05:00,5,5,Weekday,Spring,No,59.0,71.15,14.42
2023-05-29 06:00,5,6,Weekday,Spring,No,61.31,70.76,22.55
2023-05-29 07:00,5,7,Weekday,Spring,No,64.74,71.44,28.08
2023-05-29 08:00,5,8,Weekday,Spring,Yes,66.54,71.54,29.33
2023-05-29 09:00,5,9,Weekday,Spring,Yes,68.18,71.3,24.78
2023-05-29 10:00,5,10,Weekday,Spring,Yes,70.76,71.88,42.44
2023-05-29 11:00,5,11,Weekday,Spring,Yes,74.27,72.45,55.28
2023-05-29 12:00,5,12,Weekday,Spring,Yes,77.18,74.27,48.91
2023-05-29 13:00,5,13,Weekday,Spring,Yes,79.24,73.74,48.93
2023-05-29 14:00,5,14,Weekday,Spring,Yes,81.74,74.93,56.22
2023-05-29 15:00,5,15,Weekday,Spring,Yes,82.42,74.46,54.42
2023-05-29 16:00,5,16,Weekday,Spring,Yes,82.04,73.57,54.47
2023-05-29 17:00,5,17,Weekday,Spring,Yes,81.41,72.94,60.72
2023-05-29 18:00,5,18,Weekday,Spring,No,78.65,74.07,53.95
2023-05-29 19:00,5,19,Weekday,Spring,No,75.22,74.25,51.26
2023-05-29 20:00,5,20,Weekday,Spring,No,73.42,74.11,44.75
2023-05-29 21:00,5,21,Weekday,Spring,No,72.41,73.18,42.12
2023-05-29 22:00,5,22,Weekday,Spring,No,70.28,72.6,21.18
2023-05-29 23:00,5,23,Weekday,Spring,No,66.67,71.99,30.65
2023-05-30 00:00,5,0,Weekday,Spring,No,65.57,72.01,33.5
2023-05-30 01:00,5,1,Weekday,Spring,No,63.08,71.86,30.19
2023-05-30 02:00,5,2,Weekday,Spring,No,60.46,71.22,32.61
2023-05-30 03:00,5,3,Weekday,Spring,No,59.45,69.91,20.0
2023-05-30 04:00,5,4,Weekday,Spring,No,57.85,70.6,19.96
2023-05-30 05:00,5,5,Weekday,Spring,No,56.39,71.48,31.74
2023-05-30 06:00,5,6,Weekday,Spring,No,61.82,71.03,20.22
2023-05-30 07:00,5,7,Weekday,Spring,No,69.48,71.8,25.41
2023-05-30 08:00,5,8,Weekday,Spring,Yes,73.74,72.76,36.11
2023-05-30 09:00,5,9,Weekday,Spring,Yes,76.8,72.89,37.15
2023-05-30 10:00,5,10,Weekday,Spring,Yes,80.39,74.3,45.68
2023-05-30 11:00,5,11,Weekday,Spring,Yes,84.35,75.2,57.0
2023-05-30 12:00,5,12,Weekday,Spring,Yes,87.16,74.84,56.89
2023-05-30 13:00,5,13,Weekday,Spring,Yes,87.98,74.35,67.33
2023-05-30 14:00,5,14,Weekday,Spring,Yes,89.77,74.59,67.23
2023-05-30 15:00,5,15,Weekday,Spring,Yes,91.04,75.43,67.39
2023-05-30 16:00,5,16,Weekday,Spring,Yes,91.56,75.3,58.44
2023-05-30 17:00,5,17,Weekday,Spring,Yes,90.78,74.62,64.68
2023-05-30 18:00,5,18,Weekday,Spring,No,87.65,75.39,59.51
2023-05-30 19:00,5,19,Weekday,Spring,No,83.69,74.24,67.9
2023-05-30 20:00,5,20,Weekday,Spring,No,80.26,74.17,59.76
2023-05-30 21:00,5,21,Weekday,Spring,No,77.2,73.22,39.16
2023-05-30 22:00,5,22,Weekday,Spring,No,74.76,73.45,33.82
2023-05-30 23:00,5,23,Weekday,Spring,No,71.63,72.09,30.94
2023-05-31 00:00,5,0,Weekday,Spring,No,69.98,72.66,35.65
2023-05-31 01:00,5,1,Weekday,Spring,No,67.67,71.63,19.47
2023-05-31 02:00,5,2,Weekday,Spring,No,64.86,72.0,28.95
2023-05-31 03:00,5,3,Weekday,Spring,No,64.04,72.34,26.62
2023-05-31 04:00,5,4,Weekday,Spring,No,64.56,71.54,21.68
2023-05-31 05:00,5,5,Weekday,Spring,No,62.1,71.79,19.87
2023-05-31 06:00,5,6,Weekday,Spring,No,64.7,72.85,33.32
2023-05-31 07:00,5,7,Weekday,Spring,No,70.94,71.98,27.78
2023-05-31 08:00,5,8,Weekday,Spring,Yes,75.35,73.16,38.2
2023-05-31 09:00,5,9,Weekday,Spring,Yes,80.46,73.69,37.15
2023-05-31 10:00,5,10,Weekday,Spring,Yes,84.1,73.89,54.65
2023-05-31 11:00,5,11,Weekday,Spring,Yes,85.55,74.45,58.71
2023-05-31 12:00,5,12,Weekday,Spring,Yes,89.46,75.0,57.27
2023-05-31 13:00,5,13,Weekday,Spring,Yes,92.57,76.42,58.29
2023-05-31 14:00,5,14,Weekday,Spring,Yes,93.54,75.13,70.05
2023-05-31 15:00,5,15,Weekday,Spring,Yes,93.4,76.19,67.87
2023-05-31 16:00,5,16,Weekday,Spring,Yes,93.02,75.08,63.12
2023-05-31 17:00,5,17,Weekday,Spring,Yes,91.23,73.95,66.28
2023-05-31 18:00,5,18,Weekday,Spring,No,88.28,75.56,64.79
2023-05-31 19:00,5,19,Weekday,Spring,No,84.14,74.89,61.26
2023-05-31 20:00,5,20,Weekday,Spring,No,80.26,74.17,56.67
2023-05-31 21:00,5,21,Weekday,Spring,No,78.35,73.69,38.28
2023-05-31 22:00,5,22,Weekday,Spring,No,77.17,74.44,42.03
2023-05-31 23:00,5,23,Weekday,Spring,No,76.01,73.74,39.39
2023-06-01 00:00,6,0,Weekday,Summer,No,74.93,74.56,33.41
2023-06-01 01:00,6,1,Weekday,Summer,No,73.85,73.58,27.35
2023-06-01 02:00,6,2,Weekday,Summer,No,72.67,72.23,31.28
2023-06-01 03:00,6,3,Weekday,Summer,No,71.51,72.56,34.13
2023-06-01 04:00,6,4,Weekday,Summer,No,71.06,71.93,16.66
2023-06-01 05:00,6,5,Weekday,Summer,No,69.28,72.62,41.63
2023-06-01 06:00,6,6,Weekday,Summer,No,72.1,72.84,24.46
2023-06-01 07:00,6,7,Weekday,Summer,No,77.33,74.09,36.7
2023-06-01 08:00,6,8,Weekday,Summer,Yes,82.44,72.64,35.75
2023-06-01 09:00,6,9,Weekday,Summer,Yes,87.86,74.01,48.02
2023-06-01 10:00,6,10,Weekday,Summer,Yes,92.9,74.54,69.62
2023-06-01 11:00,6,11,Weekday,Summer,Yes,96.78,75.09,65.24
2023-06-01 12:00,6,12,Weekday,Summer,Yes,99.22,76.8,63.91
2023-06-01 13:00,6,13,Weekday,Summer,Yes,100.57,75.49,70.17
2023-06-01 14:00,6,14,Weekday,Summer,Yes,101.68,76.45,66.06
2023-06-01 15:00,6,15,Weekday,Summer,Yes,102.1,76.26,84.52
2023-06-01 16:00,6,16,Weekday,Summer,Yes,102.02,75.93,71.24
2023-06-01 17:00,6,17,Weekday,Summer,Yes,100.86,76.47,77.97
2023-06-01 18:00,6,18,Weekday,Summer,No,98.88,76.73,65.22
2023-06-01 19:00,6,19,Weekday,Summer,No,95.65,76.74,66.06
2023-06-01 20:00,6,20,Weekday,Summer,No,92.03,75.47,55.06
2023-06-01 21:00,6,21,Weekday,Summer,No,89.1,75.04,59.08
2023-06-01 22:00,6,22,Weekday,Summer,No,86.82,75.84,44.77
2023-06-01 23:00,6,23,Weekday,Summer,No,83.06,74.49,44.77
2023-06-02 00:00,6,0,Weekday,Summer,No,79.81,75.18,41.6
2023-06-02 01:00,6,1,Weekday,Summer,No,78.46,73.56,43.85
2023-06-02 02:00,6,2,Weekday,Summer,No,76.82,73.64,33.78
2023-06-02 03:00,6,3,Weekday,Summer,No,75.4,74.1,27.92
2023-06-02 04:00,6,4,Weekday,Summer,No,75.02,73.73,35.15
2023-06-02 05:00,6,5,Weekday,Summer,No,75.02,73.37,23.36
2023-06-02 06:00,6,6,Weekday,Summer,No,76.8,72.19,36.95
2023-06-02 07:00,6,7,Weekday,Summer,No,81.54,73.38,37.49
2023-06-02 08:00,6,8,Weekday,Summer,Yes,86.96,74.32,41.16
2023-06-02 09:00,6,9,Weekday,Summer,Yes,90.22,74.68,55.23
2023-06-02 10:00,6,10,Weekday,Summer,Yes,92.2,75.53,58.25
2023-06-02 11:00,6,11,Weekday,Summer,Yes,95.33,75.65,67.85
2023-06-02 12:00,6,12,Weekday,Summer,Yes,96.98,76.45,65.03
2023-06-02 13:00,6,13,Weekday,Summer,Yes,97.61,75.47,72.03
2023-06-02 14:00,6,14,Weekday,Summer,Yes,99.22,75.7,65.58
2023-06-02 15:00,6,15,Weekday,Summer,Yes,98.88,76.44,77.93
2023-06-02 16:00,6,16,Weekday,Summer,Yes,98.58,76.6,67.43
2023-06-02 17:00,6,17,Weekday,Summer,Yes,97.8,76.54,67.59
2023-06-02 18:00,6,18,Weekday,Summer,No,94.67,76.61,55.39
2023-06-02 19:00,6,19,Weekday,Summer,No,90.08,75.55,55.7
2023-06-02 20:00,6,20,Weekday,Summer,No,86.2,75.32,50.2
2023-06-02 21:00,6,21,Weekday,Summer,No,84.4,74.85,41.55
2023-06-02 22:00,6,22,Weekday,Summer,No,81.71,74.42,43.95
2023-06-02 23:00,6,23,Weekday,Summer,No,79.43,73.62,34.29
2023-06-03 00:00,6,0,Weekend,Summer,No,78.46,74.52,34.78
2023-06-03 01:00,6,1,Weekend,Summer,No,78.6,73.53,36.88
2023-06-03 02:00,6,2,Weekend,Summer,No,77.2,73.95,37.87
2023-06-03 03:00,6,3,Weekend,Summer,No,74.76,73.56,31.38
2023-06-03 04:00,6,4,Weekend,Summer,No,73.42,72.73,42.96
2023-06-03 05:00,6,5,Weekend,Summer,No,73.04,72.84,30.35
2023-06-03 06:00,6,6,Weekend,Summer,No,76.5,73.28,42.5
2023-06-03 07:00,6,7,Weekend,Summer,No,81.92,74.59,36.68
2023-06-03 08:00,6,8,Weekend,Summer,No,85.8,75.61,32.47
2023-06-03 09:00,6,9,Weekend,Summer,No,89.39,75.3,44.64
2023-06-03 10:00,6,10,Weekend,Summer,No,92.2,75.72,62.22
2023-06-03 11:00,6,11,Weekend,Summer,No,94.8,76.26,63.38
2023-06-03 12:00,6,12,Weekend,Summer,No,96.08,76.1,65.6
2023-06-03 13:00,6,13,Weekend,Summer,No,96.6,76.83,62.46
2023-06-03 14:00,6,14,Weekend,Summer,No,97.61,76.95,66.64
2023-06-03 15:00,6,15,Weekend,Summer,No,96.9,76.45,76.86
2023-06-03 16:00,6,16,Weekend,Summer,No,95.45,74.98,61.27
2023-06-03 17:00,6,17,Weekend,Summer,No,93.84,75.85,59.28
2023-06-03 18:00,6,18,Weekend,Summer,No,91.23,75.6,56.54
2023-06-03 19:00,6,19,Weekend,Summer,No,87.65,74.7,66.96
2023-06-03 20:00,6,20,Weekend,Summer,No,84.84,74.64,61.91
2023-06-03 21:00,6,21,Weekend,Summer,No,82.24,74.54,34.36
2023-06-03 22:00,6,22,Weekend,Summer,No,80.44,73.5,40.57
2023-06-03 23:00,6,23,Weekend,Summer,No,77.65,74.14,36.71
2023-06-04 00:00,6,0,Weekend,Summer,No,76.55,73.29,39.48
2023-06-04 01:00,6,1,Weekend,Summer,No,74.69,74.27,34.81
2023-06-04 02:00,6,2,Weekend,Summer,No,71.88,74.3,35.58
2023-06-04 03:00,6,3,Weekend,Summer,No,66.96,72.05,22.36
2023-06-04 04:00,6,4,Weekend,Summer,No,64.04,72.09,25.31
2023-06-04 05:00,6,5,Weekend,Summer,No,65.19,71.53,28.94
2023-06-04 06:00,6,6,Weekend,Summer,No,70.64,72.52,28.18
2023-06-04 07:00,6,7,Weekend,Summer,No,76.88,73.7,43.0
2023-06-04 08:00,6,8,Weekend,Summer,No,80.76,74.17,38.13
2023-06-04 09:00,6,9,Weekend,Summer,No,84.35,74.71,47.34
2023-06-04 10:00,6,10,Weekend,Summer,No,87.78,75.43,59.85
2023-06-04 11:00,6,11,Weekend,Summer,No,89.58,75.28,60.48
2023-06-04 12:00,6,12,Weekend,Summer,No,91.12,75.08,60.29
2023-06-04 13:00,6,13,Weekend,Summer,No,92.57,76.29,61.41
2023-06-04 14:00,6,14,Weekend,Summer,No,93.02,76.05,66.13
2023-06-04 15:00,6,15,Weekend,Summer,No,93.54,77.06,68.25
2023-06-04 16:00,6,16,Weekend,Summer,No,93.4,76.29,58.17
2023-06-04 17:00,6,17,Weekend,Summer,No,92.39,75.03,69.4
2023-06-04 18:00,6,18,Weekend,Summer,No,90.26,76.12,60.22
2023-06-04 19:00,6,19,Weekend,Summer,No,86.65,74.09,67.17
2023-06-04 20:00,6,20,Weekend,Summer,No,83.24,73.58,52.11
2023-06-04 21:00,6,21,Weekend,Summer,No,79.1,74.3,40.79
2023-06-04 22:00,6,22,Weekend,Summer,No,77.0,74.53,35.14
2023-06-04 23:00,6,23,Weekend,Summer,No,74.06,72.71,37.38
2023-06-05 00:00,6,0,Weekday,Summer,No,69.65,72.98,26.24
2023-06-05 01:00,6,1,Weekday,Summer,No,67.37,72.38,32.87
2023-06-05 02:00,6,2,Weekday,Summer,No,65.66,73.16,27.26
2023-06-05 03:00,6,3,Weekday,Summer,No,63.71,71.92,30.09
2023-06-05 04:00,6,4,Weekday,Summer,No,62.96,71.77,22.55
2023-06-05 05:00,6,5,Weekday,Summer,No,63.59,71.74,18.16
2023-06-05 06:00,6,6,Weekday,Summer,No,66.98,72.47,31.93
2023-06-05 07:00,6,7,Weekday,Summer,No,73.07,72.55,44.73
2023-06-05 08:00,6,8,Weekday,Summer,Yes,79.49,72.87,46.34
2023-06-05 09:00,6,9,Weekday,Summer,Yes,84.35,73.75,35.18
2023-06-05 10:00,6,10,Weekday,Summer,Yes,86.0,73.27,50.76
2023-06-05 11:00,6,11,Weekday,Summer,Yes,88.31,73.68,53.32
2023-06-05 12:00,6,12,Weekday,Summer,Yes,91.12,74.42,65.3
2023-06-05 13:00,6,13,Weekday,Summer,Yes,92.57,74.58,75.97
2023-06-05 14:00,6,14,Weekday,Summer,Yes,93.54,74.88,62.44
2023-06-05 15:00,6,15,Weekday,Summer,Yes,95.18,75.7,73.01
2023-06-05 16:00,6,16,Weekday,Summer,Yes,95.45,75.18,72.09
2023-06-05 17:00,6,17,Weekday,Summer,Yes,95.0,75.74,62.06
2023-06-05 18:00,6,18,Weekday,Summer,No,93.84,74.76,67.89
2023-06-05 19:00,6,19,Weekday,Summer,No,90.71,76.3,60.37
2023-06-05 20:00,6,20,Weekday,Summer,No,85.49,74.96,51.3
2023-06-05 21:00,6,21,Weekday,Summer,No,83.57,74.98,44.2
2023-06-05 22:00,6,22,Weekday,Summer,No,79.3,74.51,32.2
2023-06-05 23:00,6,23,Weekday,Summer,No,75.4,72.88,39.29
2023-06-06 00:00,6,0,Weekday,Summer,No,73.24,74.07,31.21
2023-06-06 01:00,6,1,Weekday,Summer,No,71.44,73.55,37.63
2023-06-06 02:00,6,2,Weekday,Summer,No,69.28,72.96,34.99
2023-06-06 03:00,6,3,Weekday,Summer,No,67.37,72.6,38.13
2023-06-06 04:00,6,4,Weekday,Summer,No,66.4,72.39,23.57
2023-06-06 05:00,6,5,Weekday,Summer,No,65.39,72.09,25.43
2023-06-06 06:00,6,6,Weekday,Summer,No,67.88,73.01,30.57
2023-06-06 07:00,6,7,Weekday,Summer,No,74.08,73.64,22.4
2023-06-06 08:00,6,8,Weekday,Summer,Yes,80.46,73.32,37.28
2023-06-06 09:00,6,9,Weekday,Summer,Yes,85.36,74.64,47.27
2023-06-06 10:00,6,10,Weekday,Summer,Yes,88.76,74.18,66.58
2023-06-06 11:00,6,11,Weekday,Summer,Yes,92.27,75.31,64.75
2023-06-06 12:00,6,12,Weekday,Summer,Yes,95.18,74.89,63.17
2023-06-06 13:00,6,13,Weekday,Summer,Yes,96.6,75.17,61.19
2023-06-06 14:00,6,14,Weekday,Summer,Yes,97.61,74.74,56.3
2023-06-06 15:00,6,15,Weekday,Summer,Yes,98.58,76.0,81.69
2023-06-06 16:00,6,16,Weekday,Summer,Yes,98.96,74.56,78.61
2023-06-06 17:00,6,17,Weekday,Summer,Yes,99.59,76.91,71.02
2023-06-06 18:00,6,18,Weekday,Summer,No,98.26,77.76,75.26
2023-06-06 19:00,6,19,Weekday,Summer,No,93.52,76.27,68.18
2023-06-06 20:00,6,20,Weekday,Summer,No,89.88,75.7,60.57
2023-06-06 21:00,6,21,Weekday,Summer,No,86.12,74.98,40.06
2023-06-06 22:00,6,22,Weekday,Summer,No,81.08,74.01,50.69
2023-06-06 23:00,6,23,Weekday,Summer,No,78.46,74.81,39.45
2023-06-07 00:00,6,0,Weekday,Summer,No,77.45,73.23,44.26
2023-06-07 01:00,6,1,Weekday,Summer,No,74.06,72.82,40.99
2023-06-07 02:00,6,2,Weekday,Summer,No,70.28,72.68,41.06
2023-06-07 03:00,6,3,Weekday,Summer,No,68.45,73.07,33.31
2023-06-07 04:00,6,4,Weekday,Summer,No,68.0,72.17,28.12
2023-06-07 05:00,6,5,Weekday,Summer,No,67.37,71.46,27.36
2023-06-07 06:00,6,6,Weekday,Summer,No,69.86,73.0,36.35
2023-06-07 07:00,6,7,Weekday,Summer,No,76.06,73.86,41.31
2023-06-07 08:00,6,8,Weekday,Summer,Yes,82.44,73.4,39.08
2023-06-07 09:00,6,9,Weekday,Summer,Yes,87.86,74.85,46.61
2023-06-07 10:00,6,10,Weekday,Summer,Yes,91.74,74.68,69.68
2023-06-07 11:00,6,11,Weekday,Summer,Yes,95.33,75.81,57.88
2023-06-07 12:00,6,12,Weekday,Summer,Yes,98.14,76.24,70.66
2023-06-07 13:00,6,13,Weekday,Summer,Yes,100.12,75.84,67.27
2023-06-07 14:00,6,14,Weekday,Summer,Yes,101.57,74.96,76.39
2023-06-07 15:00,6,15,Weekday,Summer,Yes,102.54,76.01,73.1
2023-06-07 16:00,6,16,Weekday,Summer,Yes,102.92,76.89,65.73
2023-06-07 17:00,6,17,Weekday,Summer,Yes,102.92,76.73,73.0
2023-06-07 18:00,6,18,Weekday,Summer,No,101.24,77.19,76.57
2023-06-07 19:00,6,19,Weekday,Summer,No,96.47,77.35,56.22
2023-06-07 20:00,6,20,Weekday,Summer,No,92.24,75.59,60.08
2023-06-07 21:00,6,21,Weekday,Summer,No,89.26,74.12,47.77
2023-06-07 22:00,6,22,Weekday,Summer,No,87.46,75.2,51.76
2023-06-07 23:00,6,23,Weekday,Summer,No,84.14,74.4,43.04
2023-06-08 00:00,6,0,Weekday,Summer,No,79.73,74.16,43.39
2023-06-08 01:00,6,1,Weekday,Summer,No,75.14,73.7,38.92
2023-06-08 02:00,6,2,Weekday,Summer,No,71.88,73.44,36.71
2023-06-08 03:00,6,3,Weekday,Summer,No,70.43,73.92,37.63
2023-06-08 04:00,6,4,Weekday,Summer,No,69.46,72.76,34.37
2023-06-08 05:00,6,5,Weekday,Summer,No,69.6,72.76,36.82
2023-06-08 06:00,6,6,Weekday,Summer,No,72.29,73.27,31.26
2023-06-08 07:00,6,7,Weekday,Summer,No,77.51,74.92,38.93
2023-06-08 08:00,6,8,Weekday,Summer,Yes,84.16,75.41,43.72
2023-06-08 09:00,6,9,Weekday,Summer,Yes,91.7,75.15,43.48
2023-06-08 10:00,6,10,Weekday,Summer,Yes,97.31,75.36,69.46
2023-06-08 11:00,6,11,Weekday,Summer,Yes,100.74,76.63,70.47
2023-06-08 12:00,6,12,Weekday,Summer,Yes,103.8,75.86,73.32
2023-06-08 13:00,6,13,Weekday,Summer,Yes,105.08,77.48,76.01
2023-06-08 14:00,6,14,Weekday,Summer,Yes,105.6,76.14,68.38
2023-06-08 15:00,6,15,Weekday,Summer,Yes,105.98,77.32,84.22
2023-06-08 16:00,6,16,Weekday,Summer,Yes,105.98,76.97,77.3
2023-06-08 17:00,6,17,Weekday,Summer,Yes,104.82,77.36,78.59
2023-06-08 18:00,6,18,Weekday,Summer,No,102.22,76.8,75.61
2023-06-08 19:00,6,19,Weekday,Summer,No,99.26,77.29,69.73
2023-06-08 20:00,6,20,Weekday,Summer,No,94.49,76.09,68.24
2023-06-08 21:00,6,21,Weekday,Summer,No,88.48,74.76,53.83
2023-06-08 22:00,6,22,Weekday,Summer,No,86.0,75.21,44.35
2023-06-08 23:00,6,23,Weekday,Summer,No,85.37,74.8,40.61
2023-06-09 00:00,6,0,Weekday,Summer,No,82.08,74.68,38.2
2023-06-09 01:00,6,1,Weekday,Summer,No,78.28,73.77,37.44
2023-06-09 02:00,6,2,Weekday,Summer,No,75.84,73.87,31.06
2023-06-09 03:00,6,3,Weekday,Summer,No,74.39,73.69,33.12
2023-06-09 04:00,6,4,Weekday,Summer,No,73.42,73.47,27.52
2023-06-09 05:00,6,5,Weekday,Summer,No,71.88,72.54,34.39
2023-06-09 06:00,6,6,Weekday,Summer,No,71.58,72.87,35.24
2023-06-09 07:00,6,7,Weekday,Summer,No,79.0,74.58,46.52
2023-06-09 08:00,6,8,Weekday,Summer,Yes,87.48,74.83,43.42
2023-06-09 09:00,6,9,Weekday,Summer,Yes,91.74,75.6,50.95
2023-06-09 10:00,6,10,Weekday,Summer,Yes,94.8,75.49,66.14
2023-06-09 11:00,6,11,Weekday,Summer,Yes,97.76,75.78,73.55
2023-06-09 12:00,6,12,Weekday,Summer,Yes,99.59,76.36,73.31
2023-06-09 13:00,6,13,Weekday,Summer,Yes,100.57,76.5,76.58
2023-06-09 14:00,6,14,Weekday,Summer,Yes,102.72,76.11,72.27
2023-06-09 15:00,6,15,Weekday,Summer,Yes,104.0,76.16,71.67
2023-06-09 16:00,6,16,Weekday,Summer,Yes,103.37,77.25,67.98
2023-06-09 17:00,6,17,Weekday,Summer,Yes,102.4,76.79,76.5
2023-06-09 18:00,6,18,Weekday,Summer,No,100.23,76.86,75.59
2023-06-09 19:00,6,19,Weekday,Summer,No,97.28,77.02,69.64
2023-06-09 20:00,6,20,Weekday,Summer,No,91.98,75.35,61.63
2023-06-09 21:00,6,21,Weekday,Summer,No,89.06,75.6,47.54
2023-06-09 22:00,6,22,Weekday,Summer,No,87.28,75.35,47.59
2023-06-09 23:00,6,23,Weekday,Summer,No,83.69,73.89,42.69
2023-06-10 00:00,6,0,Weekend,Summer,No,79.73,73.55,36.85
2023-06-10 01:00,6,1,Weekend,Summer,No,77.45,74.53,35.17
2023-06-10 02:00,6,2,Weekend,Summer,No,76.37,73.12,31.01
2023-06-10 03:00,6,3,Weekend,Summer,No,74.76,73.74,33.42
2023-06-10 04:00,6,4,Weekend,Summer,No,72.78,72.39,35.44
2023-06-10 05:00,6,5,Weekend,Summer,No,72.59,73.85,27.0
2023-06-10 06:00,6,6,Weekend,Summer,No,76.5,73.63,35.79
2023-06-10 07:00,6,7,Weekend,Summer,No,82.44,74.18,40.7
2023-06-10 08:00,6,8,Weekend,Summer,No,87.34,75.14,55.46
2023-06-10 09:00,6,9,Weekend,Summer,No,90.22,75.43,47.57
2023-06-10 10:00,6,10,Weekend,Summer,No,92.72,76.51,72.41
2023-06-10 11:00,6,11,Weekend,Summer,No,95.7,76.29,69.59
2023-06-10 12:00,6,12,Weekend,Summer,No,97.61,76.49,61.64
2023-06-10 13:00,6,13,Weekend,Summer,No,100.37,76.8,71.63
2023-06-10 14:00,6,14,Weekend,Summer,No,103.18,77.73,58.7
2023-06-10 15:00,6,15,Weekend,Summer,No,103.37,77.71,79.53
2023-06-10 16:00,6,16,Weekend,Summer,No,102.92,77.37,75.2
2023-06-10 17:00,6,17,Weekend,Summer,No,101.76,77.61,77.41
2023-06-10 18:00,6,18,Weekend,Summer,No,99.78,76.44,70.74
2023-06-10 19:00,6,19,Weekend,Summer,No,96.65,76.75,71.64
2023-06-10 20:00,6,20,Weekend,Summer,No,92.69,76.44,66.98
2023-06-10 21:00,6,21,Weekend,Summer,No,89.26,74.97,54.37
2023-06-10 22:00,6,22,Weekend,Summer,No,86.2,75.57,41.01
2023-06-10 23:00,6,23,Weekend,Summer,No,84.92,74.32,42.66
2023-06-11 00:00,6,0,Weekend,Summer,No,83.77,73.78,38.59
2023-06-11 01:00,6,1,Weekend,Summer,No,81.26,74.34,35.6
2023-06-11 02:00,6,2,Weekend,Summer,No,76.49,73.79,33.28
2023-06-11 03:00,6,3,Weekend,Summer,No,73.42,73.11,35.4
2023-06-11 04:00,6,4,Weekend,Summer,No,72.41,73.56,23.41
2023-06-11 05:00,6,5,Weekend,Summer,No,72.59,72.81,27.92
2023-06-11 06:00,6,6,Weekend,Summer,No,75.35,73.14,32.36
2023-06-11 07:00,6,7,Weekend,Summer,No,81.1,73.84,41.85
2023-06-11 08:00,6,8,Weekend,Summer,No,86.33,75.56,42.51
2023-06-11 09:00,6,9,Weekend,Summer,No,89.77,75.46,37.99
2023-06-11 10:00,6,10,Weekend,Summer,No,92.2,75.21,74.12
2023-06-11 11:00,6,11,Weekend,Summer,No,95.96,76.88,64.3
2023-06-11 12:00,6,12,Weekend,Summer,No,98.06,76.7,75.25
2023-06-11 13:00,6,13,Weekend,Summer,No,99.22,76.95,69.9
2023-06-11 14:00,6,14,Weekend,Summer,No,100.57,76.96,61.5
2023-06-11 15:00,6,15,Weekend,Summer,No,100.94,77.38,67.85
2023-06-11 16:00,6,16,Weekend,Summer,No,100.94,77.48,70.19
2023-06-11 17:00,6,17,Weekend,Summer,No,100.42,76.84,66.72
2023-06-11 18:00,6,18,Weekend,Summer,No,98.88,76.53,69.95
2023-06-11 19:00,6,19,Weekend,Summer,No,95.65,76.03,64.4
2023-06-11 20:00,6,20,Weekend,Summer,No,92.24,74.84,62.89
2023-06-11 21:00,6,21,Weekend,Summer,No,89.26,75.59,45.95
2023-06-11 22:00,6,22,Weekend,Summer,No,87.46,75.28,51.03
2023-06-11 23:00,6,23,Weekend,Summer,No,85.3,74.14,47.01
2023-06-12 00:00,6,0,Weekday,Summer,No,83.39,75.13,40.04
2023-06-12 01:00,6,1,Weekday,Summer,No,80.63,74.85,40.03
2023-06-12 02:00,6,2,Weekday,Summer,No,79.61,73.72,37.16
2023-06-12 03:00,6,3,Weekday,Summer,No,79.43,74.85,43.61
2023-06-12 04:00,6,4,Weekday,Summer,No,75.52,73.71,43.06
2023-06-12 05:00,6,5,Weekday,Summer,No,73.56,73.78,33.36
2023-06-12 06:00,6,6,Weekday,Summer,No,76.35,73.65,34.61
2023-06-12 07:00,6,7,Weekday,Summer,No,81.54,74.0,47.97
2023-06-12 08:00,6,8,Weekday,Summer,Yes,85.8,74.52,39.09
2023-06-12 09:00,6,9,Weekday,Summer,Yes,89.39,74.75,45.94
2023-06-12 10:00,6,10,Weekday,Summer,Yes,92.2,74.79,72.17
2023-06-12 11:00,6,11,Weekday,Summer,Yes,94.8,75.0,65.22
2023-06-12 12:00,6,12,Weekday,Summer,Yes,96.6,75.6,73.73
2023-06-12 13:00,6,13,Weekday,Summer,Yes,97.61,75.99,75.18
2023-06-12 14:00,6,14,Weekday,Summer,Yes,99.22,77.43,64.59
2023-06-12 15:00,6,15,Weekday,Summer,Yes,99.41,76.28,66.9
2023-06-12 16:00,6,16,Weekday,Summer,Yes,98.44,76.47,73.18
2023-06-12 17:00,6,17,Weekday,Summer,Yes,96.9,75.9,67.4
2023-06-12 18:00,6,18,Weekday,Summer,No,94.3,76.4,74.12
2023-06-12 19:00,6,19,Weekday,Summer,No,90.71,75.6,70.34
2023-06-12 20:00,6,20,Weekday,Summer,No,87.9,75.42,67.64
2023-06-12 21:00,6,21,Weekday,Summer,No,85.3,75.46,33.62
2023-06-12 22:00,6,22,Weekday,Summer,No,82.86,75.51,36.47
2023-06-12 23:00,6,23,Weekday,Summer,No,80.26,74.43,41.21
2023-06-13 00:00,6,0,Weekday,Summer,No,77.2,73.2,41.36
2023-06-13 01:00,6,1,Weekday,Summer,No,74.76,72.82,30.61
2023-06-13 02:00,6,2,Weekday,Summer,No,73.94,73.16,22.5
2023-06-13 03:00,6,3,Weekday,Summer,No,74.57,73.45,33.66
2023-06-13 04:00,6,4,Weekday,Summer,No,72.71,73.8,35.03
2023-06-13 05:00,6,5,Weekday,Summer,No,70.43,72.18,29.15
2023-06-13 06:00,6,6,Weekday,Summer,No,72.92,73.05,31.17
2023-06-13 07:00,6,7,Weekday,Summer,No,77.33,74.34,42.86
2023-06-13 08:00,6,8,Weekday,Summer,Yes,80.76,74.1,36.64
2023-06-13 09:00,6,9,Weekday,Summer,Yes,83.72,74.26,40.18
2023-06-13 10:00,6,10,Weekday,Summer,Yes,87.34,73.84,60.31
2023-06-13 11:00,6,11,Weekday,Summer,Yes,90.22,74.8,60.74
2023-06-13 12:00,6,12,Weekday,Summer,Yes,91.56,74.82,58.03
2023-06-13 13:00,6,13,Weekday,Summer,Yes,92.57,75.05,63.74
2023-06-13 14:00,6,14,Weekday,Summer,Yes,93.54,74.8,74.56
2023-06-13 15:00,6,15,Weekday,Summer,Yes,93.92,76.09,66.12
2023-06-13 16:00,6,16,Weekday,Summer,Yes,92.76,75.57,68.41
2023-06-13 17:00,6,17,Weekday,Summer,Yes,91.42,75.59,67.37
2023-06-13 18:00,6,18,Weekday,Summer,No,89.88,75.71,72.87
2023-06-13 19:00,6,19,Weekday,Summer,No,86.65,75.29,61.49
2023-06-13 20:00,6,20,Weekday,Summer,No,83.24,74.11,69.49
2023-06-13 21:00,6,21,Weekday,Summer,No,81.41,73.99,31.75
2023-06-13 22:00,6,22,Weekday,Summer,No,79.28,74.4,37.41
2023-06-13 23:00,6,23,Weekday,Summer,No,77.45,74.3,38.63
2023-06-14 00:00,6,0,Weekday,Summer,No,75.84,74.4,36.72
2023-06-14 01:00,6,1,Weekday,Summer,No,73.86,73.0,24.09
2023-06-14 02:00,6,2,Weekday,Summer,No,72.41,72.78,31.08
2023-06-14 03:00,6,3,Weekday,Summer,No,71.44,72.48,32.11
2023-06-14 04:00,6,4,Weekday,Summer,No,70.43,73.0,32.17
2023-06-14 05:00,6,5,Weekday,Summer,No,67.67,73.18,28.03
2023-06-14 06:00,6,6,Weekday,Summer,No,69.48,72.75,28.4
2023-06-14 07:00,6,7,Weekday,Summer,No,74.27,73.79,22.4
2023-06-14 08:00,6,8,Weekday,Summer,Yes,77.7,72.69,38.74
2023-06-14 09:00,6,9,Weekday,Summer,Yes,79.61,74.02,32.4
2023-06-14 10:00,6,10,Weekday,Summer,Yes,81.74,73.27,59.59
2023-06-14 11:00,6,11,Weekday,Summer,Yes,84.72,74.19,59.26
2023-06-14 12:00,6,12,Weekday,Summer,Yes,86.63,74.73,48.06
2023-06-14 13:00,6,13,Weekday,Summer,Yes,88.23,74.3,53.59
2023-06-14 14:00,6,14,Weekday,Summer,Yes,89.06,73.95,61.73
2023-06-14 15:00,6,15,Weekday,Summer,Yes,90.22,73.54,61.95
2023-06-14 16:00,6,16,Weekday,Summer,Yes,91.56,74.79,67.87
2023-06-14 17:00,6,17,Weekday,Summer,Yes,91.42,75.15,68.24
2023-06-14 18:00,6,18,Weekday,Summer,No,89.26,75.91,53.8
2023-06-14 19:00,6,19,Weekday,Summer,No,86.2,75.11,59.93
2023-06-14 20:00,6,20,Weekday,Summer,No,83.24,74.75,58.18
2023-06-14 21:00,6,21,Weekday,Summer,No,81.41,74.32,33.49
2023-06-14 22:00,6,22,Weekday,Summer,No,77.5,74.26,40.91
2023-06-14 23:00,6,23,Weekday,Summer,No,73.24,72.69,33.15
2023-06-15 00:00,6,0,Weekday,Summer,No,72.59,73.33,36.13
2023-06-15 01:00,6,1,Weekday,Summer,No,71.88,73.44,33.51
2023-06-15 02:00,6,2,Weekday,Summer,No,69.28,73.19,36.59
2023-06-15 03:00,6,3,Weekday,Summer,No,65.06,72.02,21.93
2023-06-15 04:00,6,4,Weekday,Summer,No,62.96,71.89,28.15
2023-06-15 05:00,6,5,Weekday,Summer,No,64.74,73.12,22.43
2023-06-15 06:00,6,6,Weekday,Summer,No,69.48,72.99,30.61
2023-06-15 07:00,6,7,Weekday,Summer,No,74.27,73.33,40.55
2023-06-15 08:00,6,8,Weekday,Summer,Yes,78.86,74.02,41.99
2023-06-15 09:00,6,9,Weekday,Summer,Yes,83.27,74.26,50.14
2023-06-15 10:00,6,10,Weekday,Summer,Yes,89.64,75.14,64.66
2023-06-15 11:00,6,11,Weekday,Summer,Yes,93.54,75.49,67.57
2023-06-15 12:00,6,12,Weekday,Summer,Yes,94.55,75.52,68.07
2023-06-15 13:00,6,13,Weekday,Summer,Yes,96.16,76.27,69.95
2023-06-15 14:00,6,14,Weekday,Summer,Yes,97.61,75.11,76.96
2023-06-15 15:00,6,15,Weekday,Summer,Yes,98.58,76.62,64.33
2023-06-15 16:00,6,16,Weekday,Summer,Yes,98.44,75.33,64.72
2023-06-15 17:00,6,17,Weekday,Summer,Yes,98.06,76.1,67.84
2023-06-15 18:00,6,18,Weekday,Summer,No,97.43,76.96,70.13
2023-06-15 19:00,6,19,Weekday,Summer,No,94.04,76.39,61.77
2023-06-15 20:00,6,20,Weekday,Summer,No,90.26,75.95,59.91
2023-06-15 21:00,6,21,Weekday,Summer,No,87.28,74.7,48.39
2023-06-15 22:00,6,22,Weekday,Summer,No,83.69,74.68,46.5
2023-06-15 23:00,6,23,Weekday,Summer,No,80.26,73.8,44.12
2023-06-16 00:00,6,0,Weekday,Summer,No,77.2,73.63,31.47
2023-06-16 01:00,6,1,Weekday,Summer,No,73.61,73.19,20.76
2023-06-16 02:00,6,2,Weekday,Summer,No,70.81,72.79,33.79
2023-06-16 03:00,6,3,Weekday,Summer,No,68.82,72.39,35.43
2023-06-16 04:00,6,4,Weekday,Summer,No,68.0,72.05,32.3
2023-06-16 05:00,6,5,Weekday,Summer,No,67.37,72.42,27.4
2023-06-16 06:00,6,6,Weekday,Summer,No,71.02,72.74,27.21
2023-06-16 07:00,6,7,Weekday,Summer,No,76.88,73.53,46.39
2023-06-16 08:00,6,8,Weekday,Summer,Yes,82.44,73.97,47.29
2023-06-16 09:00,6,9,Weekday,Summer,Yes,87.86,73.78,46.89
2023-06-16 10:00,6,10,Weekday,Summer,Yes,93.53,74.4,57.79
2023-06-16 11:00,6,11,Weekday,Summer,Yes,97.76,75.27,72.03
2023-06-16 12:00,6,12,Weekday,Summer,Yes,99.59,75.88,65.73
2023-06-16 13:00,6,13,Weekday,Summer,Yes,101.72,76.02,57.73
2023-06-16 14:00,6,14,Weekday,Summer,Yes,103.55,77.08,76.14
2023-06-16 15:00,6,15,Weekday,Summer,Yes,104.0,76.64,78.17
2023-06-16 16:00,6,16,Weekday,Summer,Yes,104.0,76.6,75.28
2023-06-16 17:00,6,17,Weekday,Summer,Yes,102.84,77.45,71.5
2023-06-16 18:00,6,18,Weekday,Summer,No,100.23,77.6,75.17
2023-06-16 19:00,6,19,Weekday,Summer,No,97.28,75.88,69.63
2023-06-16 20:00,6,20,Weekday,Summer,No,94.3,76.11,67.09
2023-06-16 21:00,6,21,Weekday,Summer,No,91.86,75.81,54.81
2023-06-16 22:00,6,22,Weekday,Summer,No,90.41,76.01,48.5
2023-06-16 23:00,6,23,Weekday,Summer,No,85.86,75.12,40.34
2023-06-17 00:00,6,0,Weekend,Summer,No,81.26,73.95,35.11
2023-06-17 01:00,6,1,Weekend,Summer,No,78.28,74.43,33.29
2023-06-17 02:00,6,2,Weekend,Summer,No,77.0,73.41,41.77
2023-06-17 03:00,6,3,Weekend,Summer,No,75.84,73.47,36.61
2023-06-17 04:00,6,4,Weekend,Summer,No,73.86,73.01,43.21
2023-06-17 05:00,6,5,Weekend,Summer,No,71.88,71.86,25.6
2023-06-17 06:00,6,6,Weekend,Summer,No,73.37,73.09,31.72
2023-06-17 07:00,6,7,Weekend,Summer,No,79.64,74.48,40.55
2023-06-17 08:00,6,8,Weekend,Summer,No,86.51,74.96,42.47
2023-06-17 09:00,6,9,Weekend,Summer,No,91.9,75.55,53.95
2023-06-17 10:00,6,10,Weekend,Summer,No,95.18,76.74,77.19
2023-06-17 11:00,6,11,Weekend,Summer,No,97.24,76.24,59.3
2023-06-17 12:00,6,12,Weekend,Summer,No,100.9,78.27,67.41
2023-06-17 13:00,6,13,Weekend,Summer,No,103.55,77.19,69.84
2023-06-17 14:00,6,14,Weekend,Summer,No,103.37,77.57,79.83
2023-06-17 15:00,6,15,Weekend,Summer,No,102.92,77.39,82.19
2023-06-17 16:00,6,16,Weekend,Summer,No,102.92,77.48,74.89
2023-06-17 17:00,6,17,Weekend,Summer,No,103.55,77.71,68.81
2023-06-17 18:00,6,18,Weekend,Summer,No,102.84,76.71,78.53
2023-06-17 19:00,6,19,Weekend,Summer,No,99.71,77.53,76.09
2023-06-17 20:00,6,20,Weekend,Summer,No,96.28,75.76,75.04
2023-06-17 21:00,6,21,Weekend,Summer,No,93.22,75.51,47.77
2023-06-17 22:00,6,22,Weekend,Summer,No,90.26,76.12,54.03
2023-06-17 23:00,6,23,Weekend,Summer,No,87.9,75.14,46.32
2023-06-18 00:00,6,0,Weekend,Summer,No,85.82,75.1,35.44
2023-06-18 01:00,6,1,Weekend,Summer,No,82.08,74.91,41.17
2023-06-18 02:00,6,2,Weekend,Summer,No,78.9,73.74,38.83
2023-06-18 03:00,6,3,Weekend,Summer,No,79.76,74.73,44.5
2023-06-18 04:00,6,4,Weekend,Summer,No,79.28,73.56,31.85
2023-06-18 05:00,6,5,Weekend,Summer,No,78.08,74.4,42.21
2023-06-18 06:00,6,6,Weekend,Summer,No,79.76,73.82,26.89
2023-06-18 07:00,6,7,Weekend,Summer,No,83.27,74.97,37.29
2023-06-18 08:00,6,8,Weekend,Summer,No,87.34,75.58,47.81
2023-06-18 09:00,6,9,Weekend,Summer,No,90.22,74.7,58.63
2023-06-18 10:00,6,10,Weekend,Summer,No,93.35,75.61,67.79
2023-06-18 11:00,6,11,Weekend,Summer,No,96.78,76.76,63.2
2023-06-18 12:00,6,12,Weekend,Summer,No,98.58,77.19,66.23
2023-06-18 13:00,6,13,Weekend,Summer,No,100.12,77.27,76.49
2023-06-18 14:00,6,14,Weekend,Summer,No,100.94,77.81,63.88
2023-06-18 15:00,6,15,Weekend,Summer,No,101.99,77.65,70.37
2023-06-18 16:00,6,16,Weekend,Summer,No,103.48,77.88,73.15
2023-06-18 17:00,6,17,Weekend,Summer,No,102.84,78.11,66.69
2023-06-18 18:00,6,18,Weekend,Summer,No,100.23,77.42,74.15
2023-06-18 19:00,6,19,Weekend,Summer,No,97.28,77.91,70.63
2023-06-18 20:00,6,20,Weekend,Summer,No,94.3,76.23,66.13
2023-06-18 21:00,6,21,Weekend,Summer,No,91.86,75.88,50.96
2023-06-18 22:00,6,22,Weekend,Summer,No,86.94,75.4,38.13
2023-06-18 23:00,6,23,Weekend,Summer,No,84.54,75.15,36.77
2023-06-19 00:00,6,0,Weekday,Summer,No,84.4,75.19,42.1
2023-06-19 01:00,6,1,Weekday,Summer,No,84.02,74.5,36.69
2023-06-19 02:00,6,2,Weekday,Summer,No,83.39,74.55,36.9
2023-06-19 03:00,6,3,Weekday,Summer,No,81.78,74.35,37.61
2023-06-19 04:00,6,4,Weekday,Summer,No,79.28,75.03,28.73
2023-06-19 05:00,6,5,Weekday,Summer,No,78.08,73.78,37.66
2023-06-19 06:00,6,6,Weekday,Summer,No,79.76,75.25,32.37
2023-06-19 07:00,6,7,Weekday,Summer,No,82.74,74.59,36.69
2023-06-19 08:00,6,8,Weekday,Summer,Yes,86.33,74.37,42.48
2023-06-19 09:00,6,9,Weekday,Summer,Yes,89.77,74.16,40.79
2023-06-19 10:00,6,10,Weekday,Summer,Yes,92.72,74.7,64.99
2023-06-19 11:00,6,11,Weekday,Summer,Yes,94.55,75.13,58.66
2023-06-19 12:00,6,12,Weekday,Summer,Yes,96.78,75.87,57.85
2023-06-19 13:00,6,13,Weekday,Summer,Yes,98.58,75.55,67.98
2023-06-19 14:00,6,14,Weekday,Summer,Yes,100.12,76.06,65.75
2023-06-19 15:00,6,15,Weekday,Summer,Yes,100.94,76.01,72.65
2023-06-19 16:00,6,16,Weekday,Summer,Yes,100.94,75.64,72.03
2023-06-19 17:00,6,17,Weekday,Summer,Yes,99.78,75.32,62.16
2023-06-19 18:00,6,18,Weekday,Summer,No,98.44,77.05,70.42
2023-06-19 19:00,6,19,Weekday,Summer,No,96.9,76.05,70.61
2023-06-19 20:00,6,20,Weekday,Summer,No,93.14,75.98,52.76
2023-06-19 21:00,6,21,Weekday,Summer,No,89.26,75.7,51.25
2023-06-19 22:00,6,22,Weekday,Summer,No,87.98,75.6,50.18
2023-06-19 23:00,6,23,Weekday,Summer,No,86.2,75.26,45.76
2023-06-20 00:00,6,0,Weekday,Summer,No,83.77,74.26,43.89
2023-06-20 01:00,6,1,Weekday,Summer,No,83.57,74.81,49.72
2023-06-20 02:00,6,2,Weekday,Summer,No,84.02,74.67,51.19
2023-06-20 03:00,6,3,Weekday,Summer,No,84.02,75.13,36.39
2023-06-20 04:00,6,4,Weekday,Summer,No,82.86,74.18,47.6
2023-06-20 05:00,6,5,Weekday,Summer,No,81.41,73.83,40.57
2023-06-20 06:00,6,6,Weekday,Summer,No,83.27,74.57,39.23
2023-06-20 07:00,6,7,Weekday,Summer,No,86.7,74.43,43.01
2023-06-20 08:00,6,8,Weekday,Summer,Yes,89.77,75.3,40.22
2023-06-20 09:00,6,9,Weekday,Summer,Yes,91.56,74.76,49.36
2023-06-20 10:00,6,10,Weekday,Summer,Yes,93.1,75.46,67.29
2023-06-20 11:00,6,11,Weekday,Summer,Yes,93.92,75.03,65.59
2023-06-20 12:00,6,12,Weekday,Summer,Yes,95.7,75.63,61.51
2023-06-20 13:00,6,13,Weekday,Summer,Yes,98.14,76.36,63.2
2023-06-20 14:00,6,14,Weekday,Summer,Yes,98.96,75.99,64.21
2023-06-20 15:00,6,15,Weekday,Summer,Yes,98.96,76.35,68.19
2023-06-20 16:00,6,16,Weekday,Summer,Yes,98.96,75.64,70.8
2023-06-20 17:00,6,17,Weekday,Summer,Yes,90.77,73.92,63.36
2023-06-20 18:00,6,18,Weekday,Summer,No,78.52,73.91,55.46
2023-06-20 19:00,6,19,Weekday,Summer,No,75.1,73.28,49.96
2023-06-20 20:00,6,20,Weekday,Summer,No,77.18,73.27,43.76
2023-06-20 21:00,6,21,Weekday,Summer,No,78.08,73.54,35.0
2023-06-20 22:00,6,22,Weekday,Summer,No,76.3,72.74,34.85
2023-06-20 23:00,6,23,Weekday,Summer,No,75.02,73.2,43.36
2023-06-21 00:00,6,0,Weekday,Summer,No,75.02,74.17,30.86
2023-06-21 01:00,6,1,Weekday,Summer,No,75.02,74.44,36.79
2023-06-21 02:00,6,2,Weekday,Summer,No,74.39,74.28,32.73
2023-06-21 03:00,6,3,Weekday,Summer,No,73.42,73.53,37.73
2023-06-21 04:00,6,4,Weekday,Summer,No,71.88,71.89,33.01
2023-06-21 05:00,6,5,Weekday,Summer,No,71.06,72.91,39.82
2023-06-21 06:00,6,6,Weekday,Summer,No,73.9,73.24,34.07
2023-06-21 07:00,6,7,Weekday,Summer,No,77.18,73.02,49.46
2023-06-21 08:00,6,8,Weekday,Summer,Yes,80.39,73.11,47.31
2023-06-21 09:00,6,9,Weekday,Summer,Yes,83.72,73.94,41.97
2023-06-21 10:00,6,10,Weekday,Summer,Yes,86.7,75.09,66.25
2023-06-21 11:00,6,11,Weekday,Summer,Yes,90.29,74.44,59.14
2023-06-21 12:00,6,12,Weekday,Summer,Yes,93.1,75.32,68.38
2023-06-21 13:00,6,13,Weekday,Summer,Yes,94.55,76.24,61.52
2023-06-21 14:00,6,14,Weekday,Summer,Yes,96.16,74.99,65.71
2023-06-21 15:00,6,15,Weekday,Summer,Yes,97.61,75.12,69.53
2023-06-21 16:00,6,16,Weekday,Summer,Yes,98.58,75.57,63.65
2023-06-21 17:00,6,17,Weekday,Summer,Yes,97.8,75.58,63.98
2023-06-21 18:00,6,18,Weekday,Summer,No,96.98,76.77,67.92
2023-06-21 19:00,6,19,Weekday,Summer,No,88.79,75.9,68.11
2023-06-21 20:00,6,20,Weekday,Summer,No,81.78,74.67,62.01
2023-06-21 21:00,6,21,Weekday,Summer,No,77.5,74.01,29.56
2023-06-21 22:00,6,22,Weekday,Summer,No,73.86,73.33,37.93
2023-06-21 23:00,6,23,Weekday,Summer,No,73.56,73.21,31.51
2023-06-22 00:00,6,0,Weekday,Summer,No,73.94,72.98,37.97
2023-06-22 01:00,6,1,Weekday,Summer,No,72.78,72.38,31.61
2023-06-22 02:00,6,2,Weekday,Summer,No,73.12,73.73,27.53
2023-06-22 03:00,6,3,Weekday,Summer,No,73.42,73.76,36.91
2023-06-22 04:00,6,4,Weekday,Summer,No,73.56,73.35,31.81
2023-06-22 05:00,6,5,Weekday,Summer,No,74.57,73.67,20.5
2023-06-22 06:00,6,6,Weekday,Summer,No,74.39,72.85,38.31
2023-06-22 07:00,6,7,Weekday,Summer,No,76.35,74.14,33.76
2023-06-22 08:00,6,8,Weekday,Summer,Yes,79.76,72.9,43.12
2023-06-22 09:00,6,9,Weekday,Summer,Yes,83.9,73.36,39.26
2023-06-22 10:00,6,10,Weekday,Summer,Yes,87.78,74.65,62.17
2023-06-22 11:00,6,11,Weekday,Summer,Yes,91.37,75.13,66.38
2023-06-22 12:00,6,12,Weekday,Summer,Yes,94.8,74.54,65.34
2023-06-22 13:00,6,13,Weekday,Summer,Yes,97.76,75.98,66.09
2023-06-22 14:00,6,14,Weekday,Summer,Yes,98.96,75.6,70.93
2023-06-22 15:00,6,15,Weekday,Summer,Yes,99.59,76.86,71.38
2023-06-22 16:00,6,16,Weekday,Summer,Yes,100.57,76.21,77.23
2023-06-22 17:00,6,17,Weekday,Summer,Yes,98.63,75.88,69.02
2023-06-22 18:00,6,18,Weekday,Summer,No,93.52,75.54,63.55
2023-06-22 19:00,6,19,Weekday,Summer,No,84.64,75.19,62.43
2023-06-22 20:00,6,20,Weekday,Summer,No,80.58,73.85,55.27
2023-06-22 21:00,6,21,Weekday,Summer,No,82.12,74.35,34.03
2023-06-22 22:00,6,22,Weekday,Summer,No,82.42,75.05,33.97
2023-06-22 23:00,6,23,Weekday,Summer,No,80.26,74.33,36.68
2023-06-23 00:00,6,0,Weekday,Summer,No,77.2,74.0,29.45
2023-06-23 01:00,6,1,Weekday,Summer,No,75.92,73.07,30.16
2023-06-23 02:00,6,2,Weekday,Summer,No,76.55,73.26,41.25
2023-06-23 03:00,6,3,Weekday,Summer,No,76.37,73.77,32.43
2023-06-23 04:00,6,4,Weekday,Summer,No,75.4,73.61,31.38
2023-06-23 05:00,6,5,Weekday,Summer,No,75.54,73.75,43.87
2023-06-23 06:00,6,6,Weekday,Summer,No,78.86,73.39,42.51
2023-06-23 07:00,6,7,Weekday,Summer,No,83.27,74.22,41.67
2023-06-23 08:00,6,8,Weekday,Summer,Yes,86.7,74.7,47.96
2023-06-23 09:00,6,9,Weekday,Summer,Yes,89.77,74.48,47.32
2023-06-23 10:00,6,10,Weekday,Summer,Yes,92.2,74.92,60.95
2023-06-23 11:00,6,11,Weekday,Summer,Yes,94.18,75.49,64.16
2023-06-23 12:00,6,12,Weekday,Summer,Yes,96.16,75.64,64.93
2023-06-23 13:00,6,13,Weekday,Summer,Yes,96.98,74.47,70.96
2023-06-23 14:00,6,14,Weekday,Summer,Yes,97.61,75.4,69.85
2023-06-23 15:00,6,15,Weekday,Summer,Yes,98.06,75.89,70.44
2023-06-23 16:00,6,16,Weekday,Summer,Yes,98.06,75.46,66.39
2023-06-23 17:00,6,17,Weekday,Summer,Yes,96.9,74.95,69.64
2023-06-23 18:00,6,18,Weekday,Summer,No,96.08,76.08,64.43
2023-06-23 19:00,6,19,Weekday,Summer,No,94.82,76.77,62.17
2023-06-23 20:00,6,20,Weekday,Summer,No,92.76,77.11,74.96
2023-06-23 21:00,6,21,Weekday,Summer,No,89.1,75.58,48.09
2023-06-23 22:00,6,22,Weekday,Summer,No,85.82,75.37,41.02
2023-06-23 23:00,6,23,Weekday,Summer,No,84.92,74.22,39.36
2023-06-24 00:00,6,0,Weekend,Summer,No,83.24,75.39,40.41
2023-06-24 01:00,6,1,Weekend,Summer,No,80.26,74.61,41.11
2023-06-24 02:00,6,2,Weekend,Summer,No,78.98,75.06,46.5
2023-06-24 03:00,6,3,Weekend,Summer,No,77.82,74.2,32.05
2023-06-24 04:00,6,4,Weekend,Summer,No,74.69,72.82,31.09
2023-06-24 05:00,6,5,Weekend,Summer,No,74.19,73.54,33.32
2023-06-24 06:00,6,6,Weekend,Summer,No,76.8,73.36,30.94
2023-06-24 07:00,6,7,Weekend,Summer,No,82.07,74.54,57.85
2023-06-24 08:00,6,8,Weekend,Summer,No,87.34,75.56,46.56
2023-06-24 09:00,6,9,Weekend,Summer,No,90.74,74.12,54.82
2023-06-24 10:00,6,10,Weekend,Summer,No,93.72,76.8,60.89
2023-06-24 11:00,6,11,Weekend,Summer,No,96.16,75.97,75.34
2023-06-24 12:00,6,12,Weekend,Summer,No,97.61,76.37,63.52
2023-06-24 13:00,6,13,Weekend,Summer,No,97.43,76.75,78.12
2023-06-24 14:00,6,14,Weekend,Summer,No,98.14,76.5,71.55
2023-06-24 15:00,6,15,Weekend,Summer,No,100.12,76.67,76.16
2023-06-24 16:00,6,16,Weekend,Summer,No,99.78,77.9,72.5
2023-06-24 17:00,6,17,Weekend,Summer,No,97.8,77.34,68.13
2023-06-24 18:00,6,18,Weekend,Summer,No,96.46,76.36,71.44
2023-06-24 19:00,6,19,Weekend,Summer,No,93.66,75.76,65.13
2023-06-24 20:00,6,20,Weekend,Summer,No,90.26,75.3,54.17
2023-06-24 21:00,6,21,Weekend,Summer,No,89.06,75.86,55.77
2023-06-24 22:00,6,22,Weekend,Summer,No,87.9,75.95,45.87
2023-06-24 23:00,6,23,Weekend,Summer,No,85.3,74.85,50.0
2023-06-25 00:00,6,0,Weekend,Summer,No,84.54,74.02,46.51
2023-06-25 01:00,6,1,Weekend,Summer,No,84.4,75.13,38.46
2023-06-25 02:00,6,2,Weekend,Summer,No,82.86,73.81,45.43
2023-06-25 03:00,6,3,Weekend,Summer,No,79.1,73.96,40.55
2023-06-25 04:00,6,4,Weekend,Summer,No,78.16,74.08,46.52
2023-06-25 05:00,6,5,Weekend,Summer,No,77.2,73.02,44.94
2023-06-25 06:00,6,6,Weekend,Summer,No,76.55,73.94,29.54
2023-06-25 07:00,6,7,Weekend,Summer,No,79.31,74.4,42.22
2023-06-25 08:00,6,8,Weekend,Summer,No,81.59,74.45,47.53
2023-06-25 09:00,6,9,Weekend,Summer,No,85.51,74.66,42.62
2023-06-25 10:00,6,10,Weekend,Summer,No,89.14,74.09,60.26
2023-06-25 11:00,6,11,Weekend,Summer,No,89.43,75.75,55.68
2023-06-25 12:00,6,12,Weekend,Summer,No,86.12,74.75,50.6
2023-06-25 13:00,6,13,Weekend,Summer,No,76.46,73.4,61.66
2023-06-25 14:00,6,14,Weekend,Summer,No,71.06,73.48,45.34
2023-06-25 15:00,6,15,Weekend,Summer,No,71.58,73.28,42.84
2023-06-25 16:00,6,16,Weekend,Summer,No,70.81,72.18,38.59
2023-06-25 17:00,6,17,Weekend,Summer,No,70.61,73.67,41.22
2023-06-25 18:00,6,18,Weekend,Summer,No,70.43,73.34,51.05
2023-06-25 19:00,6,19,Weekend,Summer,No,69.98,71.48,38.54
2023-06-25 20:00,6,20,Weekend,Summer,No,70.61,72.58,44.3
2023-06-25 21:00,6,21,Weekend,Summer,No,70.43,73.0,31.1
2023-06-25 22:00,6,22,Weekend,Summer,No,69.98,73.57,23.55
2023-06-25 23:00,6,23,Weekend,Summer,No,69.46,73.81,27.82
2023-06-26 00:00,6,0,Weekday,Summer,No,69.6,73.41,32.36
2023-06-26 01:00,6,1,Weekday,Summer,No,69.98,72.14,29.8
2023-06-26 02:00,6,2,Weekday,Summer,No,68.82,72.03,19.03
2023-06-26 03:00,6,3,Weekday,Summer,No,68.0,72.38,24.97
2023-06-26 04:00,6,4,Weekday,Summer,No,67.37,72.27,23.19
2023-06-26 05:00,6,5,Weekday,Summer,No,68.18,73.3,33.57
2023-06-26 06:00,6,6,Weekday,Summer,No,68.45,73.03,25.17
2023-06-26 07:00,6,7,Weekday,Summer,No,73.25,73.25,38.91
2023-06-26 08:00,6,8,Weekday,Summer,Yes,78.78,73.12,39.5
2023-06-26 09:00,6,9,Weekday,Summer,Yes,82.37,74.63,38.24
2023-06-26 10:00,6,10,Weekday,Summer,Yes,86.96,74.73,66.4
2023-06-26 11:00,6,11,Weekday,Summer,Yes,90.22,75.62,66.64
2023-06-26 12:00,6,12,Weekday,Summer,Yes,92.72,75.22,70.98
2023-06-26 13:00,6,13,Weekday,Summer,Yes,94.55,75.41,70.51
2023-06-26 14:00,6,14,Weekday,Summer,Yes,95.63,74.92,60.87
2023-06-26 15:00,6,15,Weekday,Summer,Yes,96.08,75.76,75.22
2023-06-26 16:00,6,16,Weekday,Summer,Yes,96.08,75.74,72.25
2023-06-26 17:00,6,17,Weekday,Summer,Yes,96.08,75.33,65.9
2023-06-26 18:00,6,18,Weekday,Summer,No,94.3,76.64,53.42
2023-06-26 19:00,6,19,Weekday,Summer,No,90.71,75.09,58.59
2023-06-26 20:00,6,20,Weekday,Summer,No,87.28,75.16,68.1
2023-06-26 21:00,6,21,Weekday,Summer,No,84.84,75.6,42.06
2023-06-26 22:00,6,22,Weekday,Summer,No,82.86,74.94,40.65
2023-06-26 23:00,6,23,Weekday,Summer,No,80.26,73.81,44.42
2023-06-27 00:00,6,0,Weekday,Summer,No,78.46,74.04,35.0
2023-06-27 01:00,6,1,Weekday,Summer,No,75.67,73.31,33.92
2023-06-27 02:00,6,2,Weekday,Summer,No,73.42,73.36,34.49
2023-06-27 03:00,6,3,Weekday,Summer,No,72.41,72.65,33.08
2023-06-27 04:00,6,4,Weekday,Summer,No,71.44,72.23,25.49
2023-06-27 05:00,6,5,Weekday,Summer,No,72.22,73.34,35.11
2023-06-27 06:00,6,6,Weekday,Summer,No,73.04,73.49,42.41
2023-06-27 07:00,6,7,Weekday,Summer,No,75.35,73.57,34.49
2023-06-27 08:00,6,8,Weekday,Summer,Yes,81.1,72.62,44.37
2023-06-27 09:00,6,9,Weekday,Summer,Yes,86.96,73.95,44.09
2023-06-27 10:00,6,10,Weekday,Summer,Yes,89.58,75.1,66.36
2023-06-27 11:00,6,11,Weekday,Summer,Yes,91.74,74.06,63.57
2023-06-27 12:00,6,12,Weekday,Summer,Yes,94.18,75.48,60.13
2023-06-27 13:00,6,13,Weekday,Summer,Yes,95.0,75.4,68.95
2023-06-27 14:00,6,14,Weekday,Summer,Yes,96.16,75.68,61.35
2023-06-27 15:00,6,15,Weekday,Summer,Yes,96.98,76.25,70.65
2023-06-27 16:00,6,16,Weekday,Summer,Yes,97.61,76.01,63.36
2023-06-27 17:00,6,17,Weekday,Summer,Yes,97.43,75.83,80.94
2023-06-27 18:00,6,18,Weekday,Summer,No,96.46,75.9,72.75
2023-06-27 19:00,6,19,Weekday,Summer,No,93.66,75.87,70.01
2023-06-27 20:00,6,20,Weekday,Summer,No,90.26,75.28,66.2
2023-06-27 21:00,6,21,Weekday,Summer,No,87.9,75.51,52.2
2023-06-27 22:00,6,22,Weekday,Summer,No,84.66,75.52,42.11
2023-06-27 23:00,6,23,Weekday,Summer,No,81.26,73.74,36.79
2023-06-28 00:00,6,0,Weekday,Summer,No,79.43,73.89,36.51
2023-06-28 01:00,6,1,Weekday,Summer,No,78.98,73.25,44.66
2023-06-28 02:00,6,2,Weekday,Summer,No,77.82,74.1,45.86
2023-06-28 03:00,6,3,Weekday,Summer,No,75.22,73.82,28.34
2023-06-28 04:00,6,4,Weekday,Summer,No,72.78,73.71,40.13
2023-06-28 05:00,6,5,Weekday,Summer,No,71.96,72.42,43.52
2023-06-28 06:00,6,6,Weekday,Summer,No,73.74,74.51,37.1
2023-06-28 07:00,6,7,Weekday,Summer,No,79.01,73.74,40.49
2023-06-28 08:00,6,8,Weekday,Summer,Yes,85.32,74.39,51.3
2023-06-28 09:00,6,9,Weekday,Summer,Yes,90.22,74.74,48.83
2023-06-28 10:00,6,10,Weekday,Summer,Yes,94.35,74.39,65.72
2023-06-28 11:00,6,11,Weekday,Summer,Yes,97.76,75.67,63.83
2023-06-28 12:00,6,12,Weekday,Summer,Yes,100.12,75.5,69.02
2023-06-28 13:00,6,13,Weekday,Summer,Yes,101.57,76.18,72.24
2023-06-28 14:00,6,14,Weekday,Summer,Yes,102.54,76.75,66.3
2023-06-28 15:00,6,15,Weekday,Summer,Yes,103.55,76.54,74.68
2023-06-28 16:00,6,16,Weekday,Summer,Yes,104.0,76.65,84.1
2023-06-28 17:00,6,17,Weekday,Summer,Yes,102.84,76.01,74.87
2023-06-28 18:00,6,18,Weekday,Summer,No,100.86,76.65,65.79
2023-06-28 19:00,6,19,Weekday,Summer,No,97.73,77.12,76.7
2023-06-28 20:00,6,20,Weekday,Summer,No,94.3,75.84,72.25
2023-06-28 21:00,6,21,Weekday,Summer,No,91.23,75.21,44.5
2023-06-28 22:00,6,22,Weekday,Summer,No,89.96,75.47,44.06
2023-06-28 23:00,6,23,Weekday,Summer,No,86.49,74.66,43.66
2023-06-29 00:00,6,0,Weekday,Summer,No,83.39,73.57,44.42
2023-06-29 01:00,6,1,Weekday,Summer,No,80.63,73.75,45.31
2023-06-29 02:00,6,2,Weekday,Summer,No,77.2,72.77,37.82
2023-06-29 03:00,6,3,Weekday,Summer,No,75.92,74.39,35.15
2023-06-29 04:00,6,4,Weekday,Summer,No,74.76,74.09,30.11
2023-06-29 05:00,6,5,Weekday,Summer,No,74.57,73.18,31.08
2023-06-29 06:00,6,6,Weekday,Summer,No,76.8,74.03,29.17
2023-06-29 07:00,6,7,Weekday,Summer,No,81.54,74.59,37.16
2023-06-29 08:00,6,8,Weekday,Summer,Yes,86.33,74.32,52.32
2023-06-29 09:00,6,9,Weekday,Summer,Yes,91.44,75.13,46.46
2023-06-29 10:00,6,10,Weekday,Summer,Yes,96.86,76.05,64.63
2023-06-29 11:00,6,11,Weekday,Summer,Yes,100.12,76.04,70.77
2023-06-29 12:00,6,12,Weekday,Summer,Yes,102.1,76.33,69.86
2023-06-29 13:00,6,13,Weekday,Summer,Yes,103.55,76.71,67.03
2023-06-29 14:00,6,14,Weekday,Summer,Yes,104.63,76.93,74.23
2023-06-29 15:00,6,15,Weekday,Summer,Yes,105.08,77.9,78.35
2023-06-29 16:00,6,16,Weekday,Summer,Yes,105.08,76.49,68.95
2023-06-29 17:00,6,17,Weekday,Summer,Yes,103.82,76.57,74.19
2023-06-29 18:00,6,18,Weekday,Summer,No,102.71,77.6,75.0
2023-06-29 19:00,6,19,Weekday,Summer,No,101.09,77.7,72.41
2023-06-29 20:00,6,20,Weekday,Summer,No,97.1,76.82,59.71
2023-06-29 21:00,6,21,Weekday,Summer,No,94.37,76.08,57.4
2023-06-29 22:00,6,22,Weekday,Summer,No,91.61,76.28,48.91
2023-06-29 23:00,6,23,Weekday,Summer,No,88.28,74.99,41.98
2023-06-30 00:00,6,0,Weekday,Summer,No,86.45,74.95,38.24
2023-06-30 01:00,6,1,Weekday,Summer,No,86.0,74.89,47.73
2023-06-30 02:00,6,2,Weekday,Summer,No,84.84,74.65,44.79
2023-06-30 03:00,6,3,Weekday,Summer,No,84.02,74.42,48.26
2023-06-30 04:00,6,4,Weekday,Summer,No,82.24,73.58,35.8
2023-06-30 05:00,6,5,Weekday,Summer,No,79.81,73.21,43.36
2023-06-30 06:00,6,6,Weekday,Summer,No,80.76,74.21,35.69
2023-06-30 07:00,6,7,Weekday,Summer,No,83.2,74.94,44.71
2023-06-30 08:00,6,8,Weekday,Summer,Yes,86.96,74.14,37.03
2023-06-30 09:00,6,9,Weekday,Summer,Yes,91.9,74.96,48.79
2023-06-30 10:00,6,10,Weekday,Summer,Yes,95.7,76.07,68.16
2023-06-30 11:00,6,11,Weekday,Summer,Yes,96.98,75.38,78.51
2023-06-30 12:00,6,12,Weekday,Summer,Yes,99.92,76.02,65.76
2023-06-30 13:00,6,13,Weekday,Summer,Yes,103.18,77.02,74.55
2023-06-30 14:00,6,14,Weekday,Summer,Yes,104.0,76.82,69.51
2023-06-30 15:00,6,15,Weekday,Summer,Yes,105.16,76.96,84.18
2023-06-30 16:00,6,16,Weekday,Summer,Yes,104.2,77.44,78.21
2023-06-30 17:00,6,17,Weekday,Summer,Yes,102.92,75.79,72.77
2023-06-30 18:00,6,18,Weekday,Summer,No,102.4,77.73,76.45
2023-06-30 19:00,6,19,Weekday,Summer,No,99.71,77.16,70.35
2023-06-30 20:00,6,20,Weekday,Summer,No,95.65,75.76,63.31
2023-06-30 21:00,6,21,Weekday,Summer,No,92.56,75.82,49.94
2023-06-30 22:00,6,22,Weekday,Summer,No,90.32,74.81,39.12
2023-06-30 23:00,6,23,Weekday,Summer,No,88.06,74.74,42.36
2023-07-01 00:00,7,0,Weekend,Summer,No,85.82,74.52,45.84
2023-07-01 01:00,7,1,Weekend,Summer,No,83.56,75.04,51.78
2023-07-01 02:00,7,2,Weekend,Summer,No,81.32,74.02,38.48
2023-07-01 03:00,7,3,Weekend,Summer,No,79.05,74.46,38.67
2023-07-01 04:00,7,4,Weekend,Summer,No,76.82,74.37,36.42
2023-07-01 05:00,7,5,Weekend,Summer,No,74.76,73.57,39.82
2023-07-01 06:00,7,6,Weekend,Summer,No,76.88,73.84,35.27
2023-07-01 07:00,7,7,Weekend,Summer,No,82.44,74.51,35.89
2023-07-01 08:00,7,8,Weekend,Summer,No,88.49,74.53,44.39
2023-07-01 09:00,7,9,Weekend,Summer,No,91.04,76.54,40.59
2023-07-01 10:00,7,10,Weekend,Summer,No,93.35,75.24,70.67
2023-07-01 11:00,7,11,Weekend,Summer,No,96.16,76.92,61.03
2023-07-01 12:00,7,12,Weekend,Summer,No,98.77,76.58,68.82
2023-07-01 13:00,7,13,Weekend,Summer,No,101.72,77.57,73.2
2023-07-01 14:00,7,14,Weekend,Summer,No,102.92,77.9,66.75
2023-07-01 15:00,7,15,Weekend,Summer,No,102.4,76.77,68.93
2023-07-01 16:00,7,16,Weekend,Summer,No,102.54,76.67,78.92
2023-07-01 17:00,7,17,Weekend,Summer,No,101.76,77.61,73.37
2023-07-01 18:00,7,18,Weekend,Summer,No,99.78,77.06,78.69
2023-07-01 19:00,7,19,Weekend,Summer,No,97.28,75.95,66.59
2023-07-01 20:00,7,20,Weekend,Summer,No,94.82,76.49,74.97
2023-07-01 21:00,7,21,Weekend,Summer,No,93.4,75.87,52.67
2023-07-01 22:00,7,22,Weekend,Summer,No,90.71,75.85,50.48
2023-07-01 23:00,7,23,Weekend,Summer,No,87.9,74.92,46.69
2023-07-02 00:00,7,0,Weekend,Summer,No,85.82,75.33,41.19
2023-07-02 01:00,7,1,Weekend,Summer,No,82.61,75.37,42.23
2023-07-02 02:00,7,2,Weekend,Summer,No,79.81,74.21,36.31
2023-07-02 03:00,7,3,Weekend,Summer,No,78.46,73.95,36.1
2023-07-02 04:00,7,4,Weekend,Summer,No,77.45,74.08,36.88
2023-07-02 05:00,7,5,Weekend,Summer,No,77.0,73.44,37.44
2023-07-02 06:00,7,6,Weekend,Summer,No,79.94,74.47,40.48
2023-07-02 07:00,7,7,Weekend,Summer,No,84.98,74.45,51.52
2023-07-02 08:00,7,8,Weekend,Summer,No,89.92,75.13,37.93
2023-07-02 09:00,7,9,Weekend,Summer,No,94.35,77.14,48.17
2023-07-02 10:00,7,10,Weekend,Summer,No,96.6,76.96,65.71
2023-07-02 11:00,7,11,Weekend,Summer,No,98.77,77.46,65.62
2023-07-02 12:00,7,12,Weekend,Summer,No,101.72,77.52,77.8
2023-07-02 13:00,7,13,Weekend,Summer,No,102.92,76.86,75.09
2023-07-02 14:00,7,14,Weekend,Summer,No,103.55,77.66,76.65
2023-07-02 15:00,7,15,Weekend,Summer,No,103.37,78.19,73.49
2023-07-02 16:00,7,16,Weekend,Summer,No,102.4,77.65,73.65
2023-07-02 17:00,7,17,Weekend,Summer,No,102.02,77.53,80.7
2023-07-02 18:00,7,18,Weekend,Summer,No,99.08,76.34,71.46
2023-07-02 19:00,7,19,Weekend,Summer,No,95.2,76.49,60.37
2023-07-02 20:00,7,20,Weekend,Summer,No,92.24,74.85,57.2
2023-07-02 21:00,7,21,Weekend,Summer,No,89.88,75.26,41.53
2023-07-02 22:00,7,22,Weekend,Summer,No,88.43,74.7,48.39
2023-07-02 23:00,7,23,Weekend,Summer,No,87.46,74.92,49.26
2023-07-03 00:00,7,0,Weekday,Summer,No,85.82,74.97,49.19
2023-07-03 01:00,7,1,Weekday,Summer,No,82.61,74.66,41.31
2023-07-03 02:00,7,2,Weekday,Summer,No,79.28,74.37,38.84
2023-07-03 03:00,7,3,Weekday,Summer,No,79.24,74.72,39.46
2023-07-03 04:00,7,4,Weekday,Summer,No,78.9,73.87,45.1
2023-07-03 05:00,7,5,Weekday,Summer,No,77.45,74.36,29.47
2023-07-03 06:00,7,6,Weekday,Summer,No,80.46,74.33,39.67
2023-07-03 07:00,7,7,Weekday,Summer,No,85.36,74.88,47.0
2023-07-03 08:00,7,8,Weekday,Summer,Yes,89.39,74.64,49.8
2023-07-03 09:00,7,9,Weekday,Summer,Yes,92.72,74.79,45.85
2023-07-03 10:00,7,10,Weekday,Summer,Yes,95.18,75.84,64.68
2023-07-03 11:00,7,11,Weekday,Summer,Yes,97.24,75.93,67.48
2023-07-03 12:00,7,12,Weekday,Summer,Yes,100.37,77.32,73.97
2023-07-03 13:00,7,13,Weekday,Summer,Yes,102.54,75.96,70.43
2023-07-03 14:00,7,14,Weekday,Summer,Yes,103.55,76.24,64.13
2023-07-03 15:00,7,15,Weekday,Summer,Yes,102.84,77.07,68.6
2023-07-03 16:00,7,16,Weekday,Summer,Yes,102.54,76.11,65.77
2023-07-03 17:00,7,17,Weekday,Summer,Yes,101.24,76.24,74.15
2023-07-03 18:00,7,18,Weekday,Summer,No,99.41,77.44,78.94
2023-07-03 19:00,7,19,Weekday,Summer,No,97.28,77.06,65.81
2023-07-03 20:00,7,20,Weekday,Summer,No,94.82,76.92,65.05
2023-07-03 21:00,7,21,Weekday,Summer,No,92.76,76.05,52.18
2023-07-03 22:00,7,22,Weekday,Summer,No,91.94,76.05,57.0
2023-07-03 23:00,7,23,Weekday,Summer,No,90.26,75.12,50.66
2023-07-04 00:00,7,0,Weekday,Summer,No,88.43,75.55,45.35
2023-07-04 01:00,7,1,Weekday,Summer,No,86.82,74.84,54.68
2023-07-04 02:00,7,2,Weekday,Summer,No,84.84,75.7,39.5
2023-07-04 03:00,7,3,Weekday,Summer,No,82.86,74.29,39.19
2023-07-04 04:00,7,4,Weekday,Summer,No,81.41,74.42,37.01
2023-07-04 05:00,7,5,Weekday,Summer,No,82.12,73.99,42.36
2023-07-04 06:00,7,6,Weekday,Summer,No,81.78,74.56,42.45
2023-07-04 07:00,7,7,Weekday,Summer,No,84.53,74.03,37.66
2023-07-04 08:00,7,8,Weekday,Summer,Yes,86.45,73.91,43.78
2023-07-04 09:00,7,9,Weekday,Summer,Yes,87.78,73.55,51.51
2023-07-04 10:00,7,10,Weekday,Summer,Yes,90.74,74.05,66.36
2023-07-04 11:00,7,11,Weekday,Summer,Yes,93.72,75.81,64.9
2023-07-04 12:00,7,12,Weekday,Summer,Yes,94.37,75.15,73.12
2023-07-04 13:00,7,13,Weekday,Summer,Yes,93.92,75.78,66.25
2023-07-04 14:00,7,14,Weekday,Summer,Yes,94.55,74.44,68.89
2023-07-04 15:00,7,15,Weekday,Summer,Yes,94.37,74.92,62.04
2023-07-04 16:00,7,16,Weekday,Summer,Yes,94.55,75.44,67.27
2023-07-04 17:00,7,17,Weekday,Summer,Yes,95.63,74.37,69.05
2023-07-04 18:00,7,18,Weekday,Summer,No,96.08,75.81,68.52
2023-07-04 19:00,7,19,Weekday,Summer,No,94.3,76.35,65.25
2023-07-04 20:00,7,20,Weekday,Summer,No,91.86,75.46,62.23
2023-07-04 21:00,7,21,Weekday,Summer,No,89.88,76.75,54.77
2023-07-04 22:00,7,22,Weekday,Summer,No,88.43,75.38,39.36
2023-07-04 23:00,7,23,Weekday,Summer,No,87.98,75.53,45.09
2023-07-05 00:00,7,0,Weekday,Summer,No,87.46,76.22,50.9
2023-07-05 01:00,7,1,Weekday,Summer,No,86.45,74.46,45.49
2023-07-05 02:00,7,2,Weekday,Summer,No,84.22,75.15,46.02
2023-07-05 03:00,7,3,Weekday,Summer,No,82.42,74.66,47.6
2023-07-05 04:00,7,4,Weekday,Summer,No,82.04,74.29,37.83
2023-07-05 05:00,7,5,Weekday,Summer,No,82.04,73.8,48.87
2023-07-05 06:00,7,6,Weekday,Summer,No,83.72,74.04,39.46
2023-07-05 07:00,7,7,Weekday,Summer,No,84.92,75.06,45.96
2023-07-05 08:00,7,8,Weekday,Summer,Yes,89.02,74.95,48.01
2023-07-05 09:00,7,9,Weekday,Summer,Yes,91.42,75.07,55.95
2023-07-05 10:00,7,10,Weekday,Summer,Yes,92.2,74.69,56.79
2023-07-05 11:00,7,11,Weekday,Summer,Yes,94.8,76.2,74.74
2023-07-05 12:00,7,12,Weekday,Summer,Yes,97.24,76.01,68.69
2023-07-05 13:00,7,13,Weekday,Summer,Yes,99.74,76.26,73.75
2023-07-05 14:00,7,14,Weekday,Summer,Yes,100.42,75.54,73.97
2023-07-05 15:00,7,15,Weekday,Summer,Yes,101.72,76.36,76.72
2023-07-05 16:00,7,16,Weekday,Summer,Yes,101.24,75.31,77.41
2023-07-05 17:00,7,17,Weekday,Summer,Yes,100.04,77.09,67.55
2023-07-05 18:00,7,18,Weekday,Summer,No,99.41,77.11,64.32
2023-07-05 19:00,7,19,Weekday,Summer,No,97.8,76.56,70.55
2023-07-05 20:00,7,20,Weekday,Summer,No,96.46,76.7,75.98
2023-07-05 21:00,7,21,Weekday,Summer,No,94.3,76.41,52.77
2023-07-05 22:00,7,22,Weekday,Summer,No,91.86,76.56,51.6
2023-07-05 23:00,7,23,Weekday,Summer,No,89.88,75.78,54.28
2023-07-06 00:00,7,0,Weekday,Summer,No,89.06,75.6,48.53
2023-07-06 01:00,7,1,Weekday,Summer,No,87.9,75.93,47.6
2023-07-06 02:00,7,2,Weekday,Summer,No,86.45,74.85,42.51
2023-07-06 03:00,7,3,Weekday,Summer,No,84.84,75.34,53.01
2023-07-06 04:00,7,4,Weekday,Summer,No,82.24,75.39,36.99
2023-07-06 05:00,7,5,Weekday,Summer,No,80.44,73.8,44.69
2023-07-06 06:00,7,6,Weekday,Summer,No,81.74,73.59,40.28
2023-07-06 07:00,7,7,Weekday,Summer,No,86.51,75.41,43.77
2023-07-06 08:00,7,8,Weekday,Summer,Yes,90.22,74.49,49.87
2023-07-06 09:00,7,9,Weekday,Summer,Yes,92.72,75.79,51.13
2023-07-06 10:00,7,10,Weekday,Summer,Yes,95.7,76.55,66.35
2023-07-06 11:00,7,11,Weekday,Summer,Yes,98.14,75.05,73.05
2023-07-06 12:00,7,12,Weekday,Summer,Yes,100.74,76.45,72.6
2023-07-06 13:00,7,13,Weekday,Summer,Yes,102.02,76.08,65.49
2023-07-06 14:00,7,14,Weekday,Summer,Yes,104.33,76.34,71.89
2023-07-06 15:00,7,15,Weekday,Summer,Yes,105.46,76.46,65.75
2023-07-06 16:00,7,16,Weekday,Summer,Yes,104.45,76.23,61.17
2023-07-06 17:00,7,17,Weekday,Summer,Yes,102.84,76.25,78.69
2023-07-06 18:00,7,18,Weekday,Summer,No,100.86,77.47,76.0
2023-07-06 19:00,7,19,Weekday,Summer,No,98.88,77.09,61.69
2023-07-06 20:00,7,20,Weekday,Summer,No,96.9,76.93,66.9
2023-07-06 21:00,7,21,Weekday,Summer,No,95.45,75.69,58.65
2023-07-06 22:00,7,22,Weekday,Summer,No,90.9,75.79,43.79
2023-07-06 23:00,7,23,Weekday,Summer,No,86.2,75.65,48.4
2023-07-07 00:00,7,0,Weekday,Summer,No,84.4,75.52,43.53
2023-07-07 01:00,7,1,Weekday,Summer,No,83.39,74.17,46.15
2023-07-07 02:00,7,2,Weekday,Summer,No,82.42,75.51,48.59
2023-07-07 03:00,7,3,Weekday,Summer,No,80.88,74.83,41.6
2023-07-07 04:00,7,4,Weekday,Summer,No,80.06,74.61,42.46
2023-07-07 05:00,7,5,Weekday,Summer,No,78.9,73.62,32.73
2023-07-07 06:00,7,6,Weekday,Summer,No,79.24,72.95,31.85
2023-07-07 07:00,7,7,Weekday,Summer,No,82.9,74.93,30.85
2023-07-07 08:00,7,8,Weekday,Summer,Yes,86.7,73.49,47.12
2023-07-07 09:00,7,9,Weekday,Summer,Yes,90.29,74.37,44.07
2023-07-07 10:00,7,10,Weekday,Summer,Yes,93.1,75.52,69.91
2023-07-07 11:00,7,11,Weekday,Summer,Yes,96.34,75.83,63.95
2023-07-07 12:00,7,12,Weekday,Summer,Yes,98.58,75.9,70.79
2023-07-07 13:00,7,13,Weekday,Summer,Yes,100.74,76.04,71.6
2023-07-07 14:00,7,14,Weekday,Summer,Yes,102.02,76.58,73.43
2023-07-07 15:00,7,15,Weekday,Summer,Yes,102.54,75.31,72.23
2023-07-07 16:00,7,16,Weekday,Summer,Yes,102.4,77.22,84.23
2023-07-07 17:00,7,17,Weekday,Summer,Yes,101.39,76.06,73.61
2023-07-07 18:00,7,18,Weekday,Summer,No,99.26,77.37,76.88
2023-07-07 19:00,7,19,Weekday,Summer,No,90.4,76.23,66.84
2023-07-07 20:00,7,20,Weekday,Summer,No,84.4,75.05,65.48
2023-07-07 21:00,7,21,Weekday,Summer,No,83.39,73.2,38.11
2023-07-07 22:00,7,22,Weekday,Summer,No,82.94,74.48,44.18
2023-07-07 23:00,7,23,Weekday,Summer,No,82.94,74.35,48.23
2023-07-08 00:00,7,0,Weekend,Summer,No,81.26,73.93,45.29
2023-07-08 01:00,7,1,Weekend,Summer,No,79.43,74.54,33.56
2023-07-08 02:00,7,2,Weekend,Summer,No,79.61,73.69,43.55
2023-07-08 03:00,7,3,Weekend,Summer,No,79.43,74.59,24.22
2023-07-08 04:00,7,4,Weekend,Summer,No,78.98,74.59,38.62
2023-07-08 05:00,7,5,Weekend,Summer,No,78.46,74.51,35.13
2023-07-08 06:00,7,6,Weekend,Summer,No,78.6,74.5,48.6
2023-07-08 07:00,7,7,Weekend,Summer,No,81.29,74.79,50.77
2023-07-08 08:00,7,8,Weekend,Summer,No,84.1,75.25,42.63
2023-07-08 09:00,7,9,Weekend,Summer,No,89.02,75.45,46.25
2023-07-08 10:00,7,10,Weekend,Summer,No,94.35,75.98,68.36
2023-07-08 11:00,7,11,Weekend,Summer,No,97.24,77.22,55.45
2023-07-08 12:00,7,12,Weekend,Summer,No,99.22,76.79,76.73
2023-07-08 13:00,7,13,Weekend,Summer,No,101.2,77.3,69.9
2023-07-08 14:00,7,14,Weekend,Summer,No,103.18,76.64,69.31
2023-07-08 15:00,7,15,Weekend,Summer,No,104.0,76.66,68.59
2023-07-08 16:00,7,16,Weekend,Summer,No,103.37,78.21,67.18
2023-07-08 17:00,7,17,Weekend,Summer,No,102.4,77.4,75.94
2023-07-08 18:00,7,18,Weekend,Summer,No,100.86,77.08,61.6
2023-07-08 19:00,7,19,Weekend,Summer,No,95.94,77.48,69.17
2023-07-08 20:00,7,20,Weekend,Summer,No,87.77,75.59,62.04
2023-07-08 21:00,7,21,Weekend,Summer,No,82.24,74.7,42.59
2023-07-08 22:00,7,22,Weekend,Summer,No,80.96,74.35,38.14
2023-07-08 23:00,7,23,Weekend,Summer,No,80.44,74.67,44.27
2023-07-09 00:00,7,0,Weekend,Summer,No,80.06,74.92,44.84
2023-07-09 01:00,7,1,Weekend,Summer,No,79.43,74.8,45.6
2023-07-09 02:00,7,2,Weekend,Summer,No,78.98,73.59,35.61
2023-07-09 03:00,7,3,Weekend,Summer,No,78.46,73.87,35.35
2023-07-09 04:00,7,4,Weekend,Summer,No,77.45,74.64,44.52
2023-07-09 05:00,7,5,Weekend,Summer,No,77.0,73.33,34.3
2023-07-09 06:00,7,6,Weekend,Summer,No,77.63,73.97,31.92
2023-07-09 07:00,7,7,Weekend,Summer,No,82.07,74.36,43.44
2023-07-09 08:00,7,8,Weekend,Summer,No,87.34,74.89,49.69
2023-07-09 09:00,7,9,Weekend,Summer,No,90.22,75.81,39.51
2023-07-09 10:00,7,10,Weekend,Summer,No,92.72,75.79,64.32
2023-07-09 11:00,7,11,Weekend,Summer,No,96.34,77.24,61.78
2023-07-09 12:00,7,12,Weekend,Summer,No,99.22,76.87,73.91
2023-07-09 13:00,7,13,Weekend,Summer,No,101.2,78.21,72.8
2023-07-09 14:00,7,14,Weekend,Summer,No,102.54,77.77,82.42
2023-07-09 15:00,7,15,Weekend,Summer,No,103.55,77.75,76.27
2023-07-09 16:00,7,16,Weekend,Summer,No,100.54,77.29,63.85
2023-07-09 17:00,7,17,Weekend,Summer,No,88.72,75.75,57.7
2023-07-09 18:00,7,18,Weekend,Summer,No,79.73,74.46,59.48
2023-07-09 19:00,7,19,Weekend,Summer,No,76.3,73.54,52.25
2023-07-09 20:00,7,20,Weekend,Summer,No,75.02,74.19,58.04
2023-07-09 21:00,7,21,Weekend,Summer,No,75.02,73.97,37.14
2023-07-09 22:00,7,22,Weekend,Summer,No,74.39,73.65,38.78
2023-07-09 23:00,7,23,Weekend,Summer,No,74.57,73.82,33.54
2023-07-10 00:00,7,0,Weekday,Summer,No,73.86,74.36,34.67
2023-07-10 01:00,7,1,Weekday,Summer,No,73.04,73.06,38.76
2023-07-10 02:00,7,2,Weekday,Summer,No,73.04,74.33,25.38
2023-07-10 03:00,7,3,Weekday,Summer,No,72.41,73.21,45.53
2023-07-10 04:00,7,4,Weekday,Summer,No,72.59,73.11,36.15
2023-07-10 05:00,7,5,Weekday,Summer,No,72.41,73.82,34.64
2023-07-10 06:00,7,6,Weekday,Summer,No,74.9,73.55,28.66
2023-07-10 07:00,7,7,Weekday,Summer,No,79.31,73.65,41.52
2023-07-10 08:00,7,8,Weekday,Summer,Yes,83.9,73.47,41.21
2023-07-10 09:00,7,9,Weekday,Summer,Yes,87.78,73.18,44.13
2023-07-10 10:00,7,10,Weekday,Summer,Yes,90.22,74.09,70.46
2023-07-10 11:00,7,11,Weekday,Summer,Yes,91.56,74.97,60.77
2023-07-10 12:00,7,12,Weekday,Summer,Yes,93.72,75.07,69.42
2023-07-10 13:00,7,13,Weekday,Summer,Yes,97.31,74.92,72.02
2023-07-10 14:00,7,14,Weekday,Summer,Yes,99.59,75.7,79.09
2023-07-10 15:00,7,15,Weekday,Summer,Yes,100.04,76.59,62.41
2023-07-10 16:00,7,16,Weekday,Summer,Yes,100.04,76.89,69.31
2023-07-10 17:00,7,17,Weekday,Summer,Yes,94.79,74.59,62.03
2023-07-10 18:00,7,18,Weekday,Summer,No,88.1,76.01,61.23
2023-07-10 19:00,7,19,Weekday,Summer,No,83.06,74.85,55.91
2023-07-10 20:00,7,20,Weekday,Summer,No,75.18,73.16,47.23
2023-07-10 21:00,7,21,Weekday,Summer,No,71.58,73.69,32.31
2023-07-10 22:00,7,22,Weekday,Summer,No,71.96,73.89,33.36
2023-07-10 23:00,7,23,Weekday,Summer,No,71.96,73.67,32.83
2023-07-11 00:00,7,0,Weekday,Summer,No,71.44,72.44,40.31
2023-07-11 01:00,7,1,Weekday,Summer,No,71.06,71.83,31.29
2023-07-11 02:00,7,2,Weekday,Summer,No,71.58,73.35,24.77
2023-07-11 03:00,7,3,Weekday,Summer,No,71.96,72.7,38.37
2023-07-11 04:00,7,4,Weekday,Summer,No,71.44,72.42,37.29
2023-07-11 05:00,7,5,Weekday,Summer,No,71.06,73.51,24.02
2023-07-11 06:00,7,6,Weekday,Summer,No,72.74,73.78,45.2
2023-07-11 07:00,7,7,Weekday,Summer,No,75.72,74.18,42.78
2023-07-11 08:00,7,8,Weekday,Summer,Yes,78.78,73.01,34.35
2023-07-11 09:00,7,9,Weekday,Summer,Yes,82.9,72.92,40.14
2023-07-11 10:00,7,10,Weekday,Summer,Yes,86.18,72.98,51.22
2023-07-11 11:00,7,11,Weekday,Summer,Yes,88.23,74.02,62.72
2023-07-11 12:00,7,12,Weekday,Summer,Yes,91.37,74.71,64.36
2023-07-11 13:00,7,13,Weekday,Summer,Yes,94.18,74.77,58.67
2023-07-11 14:00,7,14,Weekday,Summer,Yes,95.0,75.04,59.6
2023-07-11 15:00,7,15,Weekday,Summer,Yes,96.16,76.54,70.52
2023-07-11 16:00,7,16,Weekday,Summer,Yes,96.46,76.29,66.43
2023-07-11 17:00,7,17,Weekday,Summer,Yes,96.08,75.34,74.56
2023-07-11 18:00,7,18,Weekday,Summer,No,93.66,76.0,72.91
2023-07-11 19:00,7,19,Weekday,Summer,No,90.78,75.44,58.53
2023-07-11 20:00,7,20,Weekday,Summer,No,88.8,74.57,59.71
2023-07-11 21:00,7,21,Weekday,Summer,No,86.82,74.77,43.37
2023-07-11 22:00,7,22,Weekday,Summer,No,84.22,74.86,34.56
2023-07-11 23:00,7,23,Weekday,Summer,No,81.78,73.98,43.0
2023-07-12 00:00,7,0,Weekday,Summer,No,80.44,74.27,38.71
2023-07-12 01:00,7,1,Weekday,Summer,No,79.43,74.48,45.66
2023-07-12 02:00,7,2,Weekday,Summer,No,77.82,74.44,42.29
2023-07-12 03:00,7,3,Weekday,Summer,No,77.0,73.23,39.8
2023-07-12 04:00,7,4,Weekday,Summer,No,75.84,73.87,37.22
2023-07-12 05:00,7,5,Weekday,Summer,No,74.39,73.31,30.84
2023-07-12 06:00,7,6,Weekday,Summer,No,75.1,72.97,40.41
2023-07-12 07:00,7,7,Weekday,Summer,No,79.49,74.52,30.17
2023-07-12 08:00,7,8,Weekday,Summer,Yes,84.35,73.76,32.72
2023-07-12 09:00,7,9,Weekday,Summer,Yes,87.78,74.31,40.49
2023-07-12 10:00,7,10,Weekday,Summer,Yes,91.37,75.19,67.5
2023-07-12 11:00,7,11,Weekday,Summer,Yes,94.18,75.48,72.81
2023-07-12 12:00,7,12,Weekday,Summer,Yes,96.16,75.11,72.89
2023-07-12 13:00,7,13,Weekday,Summer,Yes,98.14,76.55,68.4
2023-07-12 14:00,7,14,Weekday,Summer,Yes,100.12,75.96,72.8
2023-07-12 15:00,7,15,Weekday,Summer,Yes,100.94,77.06,77.51
2023-07-12 16:00,7,16,Weekday,Summer,Yes,100.94,76.54,71.24
2023-07-12 17:00,7,17,Weekday,Summer,Yes,99.78,76.16,68.41
2023-07-12 18:00,7,18,Weekday,Summer,No,97.8,75.76,79.6
2023-07-12 19:00,7,19,Weekday,Summer,No,95.2,76.14,76.09
2023-07-12 20:00,7,20,Weekday,Summer,No,92.76,76.06,65.03
2023-07-12 21:00,7,21,Weekday,Summer,No,90.78,76.12,48.79
2023-07-12 22:00,7,22,Weekday,Summer,No,89.43,75.97,43.9
2023-07-12 23:00,7,23,Weekday,Summer,No,84.96,74.72,47.93
2023-07-13 00:00,7,0,Weekday,Summer,No,80.88,74.4,37.22
2023-07-13 01:00,7,1,Weekday,Summer,No,79.43,74.92,39.87
2023-07-13 02:00,7,2,Weekday,Summer,No,78.46,73.38,36.01
2023-07-13 03:00,7,3,Weekday,Summer,No,76.82,74.44,36.05
2023-07-13 04:00,7,4,Weekday,Summer,No,75.92,74.68,41.26
2023-07-13 05:00,7,5,Weekday,Summer,No,76.55,73.89,43.21
2023-07-13 06:00,7,6,Weekday,Summer,No,77.63,74.15,32.72
2023-07-13 07:00,7,7,Weekday,Summer,No,78.6,74.28,53.33
2023-07-13 08:00,7,8,Weekday,Summer,Yes,80.76,72.88,50.8
2023-07-13 09:00,7,9,Weekday,Summer,Yes,83.72,73.87,45.01
2023-07-13 10:00,7,10,Weekday,Summer,Yes,87.86,74.23,65.14
2023-07-13 11:00,7,11,Weekday,Summer,Yes,92.9,75.02,63.28
2023-07-13 12:00,7,12,Weekday,Summer,Yes,98.46,75.5,70.46
2023-07-13 13:00,7,13,Weekday,Summer,Yes,100.42,76.77,74.39
2023-07-13 14:00,7,14,Weekday,Summer,Yes,102.35,76.89,71.79
2023-07-13 15:00,7,15,Weekday,Summer,Yes,101.06,76.4,72.88
2023-07-13 16:00,7,16,Weekday,Summer,Yes,98.96,75.32,74.68
2023-07-13 17:00,7,17,Weekday,Summer,Yes,98.44,76.05,75.38
2023-07-13 18:00,7,18,Weekday,Summer,No,97.43,76.42,69.28
2023-07-13 19:00,7,19,Weekday,Summer,No,94.67,76.99,72.87
2023-07-13 20:00,7,20,Weekday,Summer,No,90.71,74.9,66.43
2023-07-13 21:00,7,21,Weekday,Summer,No,87.28,75.61,46.22
2023-07-13 22:00,7,22,Weekday,Summer,No,84.84,74.87,41.51
2023-07-13 23:00,7,23,Weekday,Summer,No,82.24,74.81,40.52
2023-07-14 00:00,7,0,Weekday,Summer,No,79.81,73.99,35.53
2023-07-14 01:00,7,1,Weekday,Summer,No,78.98,74.16,42.43
2023-07-14 02:00,7,2,Weekday,Summer,No,78.98,73.75,37.36
2023-07-14 03:00,7,3,Weekday,Summer,No,77.82,73.5,42.33
2023-07-14 04:00,7,4,Weekday,Summer,No,76.37,74.02,40.96
2023-07-14 05:00,7,5,Weekday,Summer,No,75.4,72.96,41.12
2023-07-14 06:00,7,6,Weekday,Summer,No,76.8,72.8,28.17
2023-07-14 07:00,7,7,Weekday,Summer,No,80.39,73.56,27.33
2023-07-14 08:00,7,8,Weekday,Summer,Yes,86.66,73.86,34.79
2023-07-14 09:00,7,9,Weekday,Summer,Yes,92.9,74.7,60.63
2023-07-14 10:00,7,10,Weekday,Summer,Yes,96.78,75.46,69.01
2023-07-14 11:00,7,11,Weekday,Summer,Yes,99.22,75.86,67.65
2023-07-14 12:00,7,12,Weekday,Summer,Yes,101.2,76.45,79.36
2023-07-14 13:00,7,13,Weekday,Summer,Yes,103.8,76.97,78.71
2023-07-14 14:00,7,14,Weekday,Summer,Yes,105.6,76.7,69.22
2023-07-14 15:00,7,15,Weekday,Summer,Yes,105.46,76.21,75.7
2023-07-14 16:00,7,16,Weekday,Summer,Yes,103.82,75.79,71.71
2023-07-14 17:00,7,17,Weekday,Summer,Yes,102.4,77.24,70.37
2023-07-14 18:00,7,18,Weekday,Summer,No,102.02,76.37,74.0
2023-07-14 19:00,7,19,Weekday,Summer,No,100.23,77.18,71.9
2023-07-14 20:00,7,20,Weekday,Summer,No,96.65,75.99,63.67
2023-07-14 21:00,7,21,Weekday,Summer,No,93.22,77.0,51.65
2023-07-14 22:00,7,22,Weekday,Summer,No,90.26,75.54,43.85
2023-07-14 23:00,7,23,Weekday,Summer,No,86.65,74.85,43.39
2023-07-15 00:00,7,0,Weekend,Summer,No,83.77,75.51,40.55
2023-07-15 01:00,7,1,Weekend,Summer,No,81.26,75.0,46.71
2023-07-15 02:00,7,2,Weekend,Summer,No,78.9,73.55,34.89
2023-07-15 03:00,7,3,Weekend,Summer,No,76.82,74.21,41.5
2023-07-15 04:00,7,4,Weekend,Summer,No,74.24,74.36,44.1
2023-07-15 05:00,7,5,Weekend,Summer,No,73.56,73.91,38.82
2023-07-15 06:00,7,6,Weekend,Summer,No,77.51,74.42,31.92
2023-07-15 07:00,7,7,Weekend,Summer,No,83.52,74.41,54.99
2023-07-15 08:00,7,8,Weekend,Summer,No,88.94,75.89,44.8
2023-07-15 09:00,7,9,Weekend,Summer,No,93.98,76.6,45.19
2023-07-15 10:00,7,10,Weekend,Summer,No,97.76,77.09,66.49
2023-07-15 11:00,7,11,Weekend,Summer,No,100.74,76.94,84.22
2023-07-15 12:00,7,12,Weekend,Summer,No,102.54,76.7,77.63
2023-07-15 13:00,7,13,Weekend,Summer,No,104.18,77.01,70.26
2023-07-15 14:00,7,14,Weekend,Summer,No,106.24,78.56,75.78
2023-07-15 15:00,7,15,Weekend,Summer,No,106.43,78.31,72.61
2023-07-15 16:00,7,16,Weekend,Summer,No,105.98,78.36,74.44
2023-07-15 17:00,7,17,Weekend,Summer,No,105.98,78.58,77.88
2023-07-15 18:00,7,18,Weekend,Summer,No,103.67,77.11,73.24
2023-07-15 19:00,7,19,Weekend,Summer,No,100.23,76.64,67.11
2023-07-15 20:00,7,20,Weekend,Summer,No,97.8,76.54,72.84
2023-07-15 21:00,7,21,Weekend,Summer,No,94.67,75.83,49.34
2023-07-15 22:00,7,22,Weekend,Summer,No,91.23,75.91,37.04
2023-07-15 23:00,7,23,Weekend,Summer,No,88.28,75.58,47.85
2023-07-16 00:00,7,0,Weekend,Summer,No,85.82,74.22,54.65
2023-07-16 01:00,7,1,Weekend,Summer,No,83.24,75.62,46.25
2023-07-16 02:00,7,2,Weekend,Summer,No,80.88,74.33,37.96
2023-07-16 03:00,7,3,Weekend,Summer,No,78.9,74.59,41.68
2023-07-16 04:00,7,4,Weekend,Summer,No,76.82,73.63,36.28
2023-07-16 05:00,7,5,Weekend,Summer,No,74.24,73.35,37.34
2023-07-16 06:00,7,6,Weekend,Summer,No,75.98,72.97,42.9
2023-07-16 07:00,7,7,Weekend,Summer,No,82.07,74.8,45.75
2023-07-16 08:00,7,8,Weekend,Summer,No,89.02,75.56,56.27
2023-07-16 09:00,7,9,Weekend,Summer,No,94.35,76.13,60.79
2023-07-16 10:00,7,10,Weekend,Summer,No,97.24,76.54,67.6
2023-07-16 11:00,7,11,Weekend,Summer,No,99.74,77.0,63.89
2023-07-16 12:00,7,12,Weekend,Summer,No,102.72,77.54,83.09
2023-07-16 13:00,7,13,Weekend,Summer,No,104.63,77.31,80.72
2023-07-16 14:00,7,14,Weekend,Summer,No,105.6,78.66,75.84
2023-07-16 15:00,7,15,Weekend,Summer,No,105.98,77.82,80.47
2023-07-16 16:00,7,16,Weekend,Summer,No,105.98,77.47,72.91
2023-07-16 17:00,7,17,Weekend,Summer,No,104.82,77.41,79.71
2023-07-16 18:00,7,18,Weekend,Summer,No,102.84,78.31,66.19
2023-07-16 19:00,7,19,Weekend,Summer,No,100.23,77.61,73.51
2023-07-16 20:00,7,20,Weekend,Summer,No,97.8,76.67,73.3
2023-07-16 21:00,7,21,Weekend,Summer,No,94.67,76.41,40.69
2023-07-16 22:00,7,22,Weekend,Summer,No,91.86,76.22,61.44
2023-07-16 23:00,7,23,Weekend,Summer,No,90.41,76.3,52.98
2023-07-17 00:00,7,0,Weekday,Summer,No,88.28,75.77,47.58
2023-07-17 01:00,7,1,Weekday,Summer,No,86.45,74.68,48.24
2023-07-17 02:00,7,2,Weekday,Summer,No,84.22,74.58,38.87
2023-07-17 03:00,7,3,Weekday,Summer,No,81.78,75.42,47.57
2023-07-17 04:00,7,4,Weekday,Summer,No,82.12,74.76,32.72
2023-07-17 05:00,7,5,Weekday,Summer,No,81.78,74.87,34.43
2023-07-17 06:00,7,6,Weekday,Summer,No,81.59,74.04,42.77
2023-07-17 07:00,7,7,Weekday,Summer,No,84.35,74.65,46.7
2023-07-17 08:00,7,8,Weekday,Summer,Yes,88.31,75.1,44.29
2023-07-17 09:00,7,9,Weekday,Summer,Yes,92.27,75.52,49.52
2023-07-17 10:00,7,10,Weekday,Summer,Yes,95.18,74.38,68.86
2023-07-17 11:00,7,11,Weekday,Summer,Yes,96.6,76.0,62.44
2023-07-17 12:00,7,12,Weekday,Summer,Yes,98.14,75.42,68.0
2023-07-17 13:00,7,13,Weekday,Summer,Yes,99.59,75.04,66.86
2023-07-17 14:00,7,14,Weekday,Summer,Yes,99.41,75.17,75.19
2023-07-17 15:00,7,15,Weekday,Summer,Yes,100.74,76.97,69.85
2023-07-17 16:00,7,16,Weekday,Summer,Yes,100.86,76.01,70.23
2023-07-17 17:00,7,17,Weekday,Summer,Yes,98.88,75.98,67.02
2023-07-17 18:00,7,18,Weekday,Summer,No,97.43,76.92,73.41
2023-07-17 19:00,7,19,Weekday,Summer,No,96.46,77.68,68.26
2023-07-17 20:00,7,20,Weekday,Summer,No,93.66,76.76,61.24
2023-07-17 21:00,7,21,Weekday,Summer,No,84.38,74.71,42.25
2023-07-17 22:00,7,22,Weekday,Summer,No,76.04,74.01,28.66
2023-07-17 23:00,7,23,Weekday,Summer,No,73.94,73.75,35.47
2023-07-18 00:00,7,0,Weekday,Summer,No,74.57,73.75,30.93
2023-07-18 01:00,7,1,Weekday,Summer,No,75.02,74.79,43.65
2023-07-18 02:00,7,2,Weekday,Summer,No,75.02,73.23,42.36
2023-07-18 03:00,7,3,Weekday,Summer,No,74.39,72.97,31.09
2023-07-18 04:00,7,4,Weekday,Summer,No,74.57,73.68,37.07
2023-07-18 05:00,7,5,Weekday,Summer,No,75.54,73.17,34.3
2023-07-18 06:00,7,6,Weekday,Summer,No,76.55,73.18,30.87
2023-07-18 07:00,7,7,Weekday,Summer,No,77.0,73.7,36.17
2023-07-18 08:00,7,8,Weekday,Summer,Yes,80.46,73.83,38.84
2023-07-18 09:00,7,9,Weekday,Summer,Yes,84.72,74.32,50.74
2023-07-18 10:00,7,10,Weekday,Summer,Yes,88.94,74.17,70.5
2023-07-18 11:00,7,11,Weekday,Summer,Yes,92.2,75.16,60.26
2023-07-18 12:00,7,12,Weekday,Summer,Yes,93.02,75.15,75.44
2023-07-18 13:00,7,13,Weekday,Summer,Yes,93.02,75.61,73.0
2023-07-18 14:00,7,14,Weekday,Summer,Yes,95.33,75.86,69.31
2023-07-18 15:00,7,15,Weekday,Summer,Yes,96.46,75.69,74.46
2023-07-18 16:00,7,16,Weekday,Summer,Yes,96.6,76.26,70.24
2023-07-18 17:00,7,17,Weekday,Summer,Yes,95.2,75.9,51.32
2023-07-18 18:00,7,18,Weekday,Summer,No,92.76,75.84,61.89
2023-07-18 19:00,7,19,Weekday,Summer,No,79.76,74.41,52.95
2023-07-18 20:00,7,20,Weekday,Summer,No,69.9,72.56,42.49
2023-07-18 21:00,7,21,Weekday,Summer,No,69.6,73.1,32.33
2023-07-18 22:00,7,22,Weekday,Summer,No,70.61,73.43,35.66
2023-07-18 23:00,7,23,Weekday,Summer,No,71.58,72.78,29.28
2023-07-19 00:00,7,0,Weekday,Summer,No,71.44,73.32,35.22
2023-07-19 01:00,7,1,Weekday,Summer,No,70.43,73.67,22.7
2023-07-19 02:00,7,2,Weekday,Summer,No,70.61,73.17,31.2
2023-07-19 03:00,7,3,Weekday,Summer,No,71.06,73.2,25.19
2023-07-19 04:00,7,4,Weekday,Summer,No,70.43,72.48,39.93
2023-07-19 05:00,7,5,Weekday,Summer,No,71.14,72.55,24.63
2023-07-19 06:00,7,6,Weekday,Summer,No,71.96,72.75,33.8
2023-07-19 07:00,7,7,Weekday,Summer,No,73.74,74.18,34.23
2023-07-19 08:00,7,8,Weekday,Summer,Yes,77.33,73.15,29.83
2023-07-19 09:00,7,9,Weekday,Summer,Yes,80.76,73.78,40.4
2023-07-19 10:00,7,10,Weekday,Summer,Yes,82.56,74.17,65.95
2023-07-19 11:00,7,11,Weekday,Summer,Yes,83.57,73.28,67.91
2023-07-19 12:00,7,12,Weekday,Summer,Yes,87.48,74.12,46.45
2023-07-19 13:00,7,13,Weekday,Summer,Yes,91.74,74.98,64.82
2023-07-19 14:00,7,14,Weekday,Summer,Yes,94.8,75.72,65.3
2023-07-19 15:00,7,15,Weekday,Summer,Yes,95.45,75.39,57.45
2023-07-19 16:00,7,16,Weekday,Summer,Yes,95.63,74.69,68.47
2023-07-19 17:00,7,17,Weekday,Summer,Yes,96.08,75.63,67.59
2023-07-19 18:00,7,18,Weekday,Summer,No,94.82,76.53,58.78
2023-07-19 19:00,7,19,Weekday,Summer,No,92.24,75.91,58.59
2023-07-19 20:00,7,20,Weekday,Summer,No,89.88,74.41,65.65
2023-07-19 21:00,7,21,Weekday,Summer,No,84.96,74.51,40.43
2023-07-19 22:00,7,22,Weekday,Summer,No,76.16,73.56,42.29
2023-07-19 23:00,7,23,Weekday,Summer,No,71.44,72.49,38.51
2023-07-20 00:00,7,0,Weekday,Summer,No,71.06,72.61,41.58
2023-07-20 01:00,7,1,Weekday,Summer,No,71.58,72.71,21.5
2023-07-20 02:00,7,2,Weekday,Summer,No,72.59,72.87,34.46
2023-07-20 03:00,7,3,Weekday,Summer,No,73.04,73.06,34.28
2023-07-20 04:00,7,4,Weekday,Summer,No,73.04,73.64,30.07
2023-07-20 05:00,7,5,Weekday,Summer,No,73.04,73.36,39.95
2023-07-20 06:00,7,6,Weekday,Summer,No,73.56,73.55,36.11
2023-07-20 07:00,7,7,Weekday,Summer,No,76.35,73.82,39.77
2023-07-20 08:00,7,8,Weekday,Summer,Yes,80.92,73.95,40.77
2023-07-20 09:00,7,9,Weekday,Summer,Yes,84.72,74.41,38.59
2023-07-20 10:00,7,10,Weekday,Summer,Yes,86.63,73.4,66.62
2023-07-20 11:00,7,11,Weekday,Summer,Yes,90.54,73.6,56.3
2023-07-20 12:00,7,12,Weekday,Summer,Yes,93.54,76.12,59.15
2023-07-20 13:00,7,13,Weekday,Summer,Yes,95.18,75.64,69.72
2023-07-20 14:00,7,14,Weekday,Summer,Yes,97.24,74.72,72.99
2023-07-20 15:00,7,15,Weekday,Summer,Yes,96.9,76.28,70.71
2023-07-20 16:00,7,16,Weekday,Summer,Yes,94.3,75.77,63.54
2023-07-20 17:00,7,17,Weekday,Summer,Yes,93.02,75.61,66.71
2023-07-20 18:00,7,18,Weekday,Summer,No,91.86,75.68,68.15
2023-07-20 19:00,7,19,Weekday,Summer,No,89.88,75.49,62.3
2023-07-20 20:00,7,20,Weekday,Summer,No,87.9,76.17,58.65
2023-07-20 21:00,7,21,Weekday,Summer,No,85.82,74.93,52.43
2023-07-20 22:00,7,22,Weekday,Summer,No,83.24,74.83,38.2
2023-07-20 23:00,7,23,Weekday,Summer,No,82.56,74.39,43.61
2023-07-21 00:00,7,0,Weekday,Summer,No,82.42,73.93,45.73
2023-07-21 01:00,7,1,Weekday,Summer,No,80.88,74.24,48.93
2023-07-21 02:00,7,2,Weekday,Summer,No,78.9,73.64,33.74
2023-07-21 03:00,7,3,Weekday,Summer,No,78.08,73.85,40.46
2023-07-21 04:00,7,4,Weekday,Summer,No,77.45,73.7,36.62
2023-07-21 05:00,7,5,Weekday,Summer,No,77.0,73.75,38.63
2023-07-21 06:00,7,6,Weekday,Summer,No,77.0,73.95,33.95
2023-07-21 07:00,7,7,Weekday,Summer,No,78.78,74.86,28.02
2023-07-21 08:00,7,8,Weekday,Summer,Yes,82.9,73.85,36.81
2023-07-21 09:00,7,9,Weekday,Summer,Yes,87.34,75.39,39.56
2023-07-21 10:00,7,10,Weekday,Summer,Yes,91.37,75.21,60.96
2023-07-21 11:00,7,11,Weekday,Summer,Yes,94.8,75.02,67.87
2023-07-21 12:00,7,12,Weekday,Summer,Yes,96.6,75.32,68.09
2023-07-21 13:00,7,13,Weekday,Summer,Yes,96.98,75.32,62.07
2023-07-21 14:00,7,14,Weekday,Summer,Yes,89.94,74.68,59.9
2023-07-21 15:00,7,15,Weekday,Summer,Yes,87.34,73.95,59.64
2023-07-21 16:00,7,16,Weekday,Summer,Yes,91.9,74.7,52.82
2023-07-21 17:00,7,17,Weekday,Summer,Yes,91.61,74.5,57.24
2023-07-21 18:00,7,18,Weekday,Summer,No,88.8,75.7,64.39
2023-07-21 19:00,7,19,Weekday,Summer,No,86.2,75.04,65.48
2023-07-21 20:00,7,20,Weekday,Summer,No,83.77,73.89,56.16
2023-07-21 21:00,7,21,Weekday,Summer,No,81.26,74.02,47.63
2023-07-21 22:00,7,22,Weekday,Summer,No,79.43,74.1,33.79
2023-07-21 23:00,7,23,Weekday,Summer,No,79.61,74.63,41.85
2023-07-22 00:00,7,0,Weekend,Summer,No,77.65,74.55,33.87
2023-07-22 01:00,7,1,Weekend,Summer,No,75.92,73.89,31.39
2023-07-22 02:00,7,2,Weekend,Summer,No,75.92,73.3,38.6
2023-07-22 03:00,7,3,Weekend,Summer,No,75.4,72.94,45.81
2023-07-22 04:00,7,4,Weekend,Summer,No,73.86,73.6,37.22
2023-07-22 05:00,7,5,Weekend,Summer,No,72.41,73.68,26.49
2023-07-22 06:00,7,6,Weekend,Summer,No,76.68,73.33,33.85
2023-07-22 07:00,7,7,Weekend,Summer,No,83.52,74.36,49.33
2023-07-22 08:00,7,8,Weekend,Summer,No,88.31,74.96,42.32
2023-07-22 09:00,7,9,Weekend,Summer,No,91.74,75.31,42.48
2023-07-22 10:00,7,10,Weekend,Summer,No,94.8,76.59,56.56
2023-07-22 11:00,7,11,Weekend,Summer,No,96.08,76.64,57.58
2023-07-22 12:00,7,12,Weekend,Summer,No,98.39,76.33,76.32
2023-07-22 13:00,7,13,Weekend,Summer,No,101.2,76.75,73.83
2023-07-22 14:00,7,14,Weekend,Summer,No,102.02,77.59,68.23
2023-07-22 15:00,7,15,Weekend,Summer,No,102.02,76.87,66.7
2023-07-22 16:00,7,16,Weekend,Summer,No,103.18,78.22,73.93
2023-07-22 17:00,7,17,Weekend,Summer,No,102.84,77.96,74.45
2023-07-22 18:00,7,18,Weekend,Summer,No,100.86,77.65,64.51
2023-07-22 19:00,7,19,Weekend,Summer,No,96.47,76.2,64.32
2023-07-22 20:00,7,20,Weekend,Summer,No,92.76,76.61,67.94
2023-07-22 21:00,7,21,Weekend,Summer,No,90.26,75.26,54.01
2023-07-22 22:00,7,22,Weekend,Summer,No,86.65,75.58,52.53
2023-07-22 23:00,7,23,Weekend,Summer,No,83.24,74.49,36.12
2023-07-23 00:00,7,0,Weekend,Summer,No,80.88,74.9,42.67
2023-07-23 01:00,7,1,Weekend,Summer,No,78.9,74.71,40.56
2023-07-23 02:00,7,2,Weekend,Summer,No,78.08,73.62,43.33
2023-07-23 03:00,7,3,Weekend,Summer,No,77.45,73.84,42.37
2023-07-23 04:00,7,4,Weekend,Summer,No,76.37,74.11,33.47
2023-07-23 05:00,7,5,Weekend,Summer,No,75.4,74.15,37.23
2023-07-23 06:00,7,6,Weekend,Summer,No,77.33,74.56,30.89
2023-07-23 07:00,7,7,Weekend,Summer,No,81.92,74.07,46.41
2023-07-23 08:00,7,8,Weekend,Summer,No,85.8,75.07,45.04
2023-07-23 09:00,7,9,Weekend,Summer,No,89.92,76.01,42.66
2023-07-23 10:00,7,10,Weekend,Summer,No,94.35,75.98,65.46
2023-07-23 11:00,7,11,Weekend,Summer,No,96.6,76.9,68.14
2023-07-23 12:00,7,12,Weekend,Summer,No,98.77,76.3,70.51
2023-07-23 13:00,7,13,Weekend,Summer,No,100.57,77.71,64.63
2023-07-23 14:00,7,14,Weekend,Summer,No,101.57,77.18,71.81
2023-07-23 15:00,7,15,Weekend,Summer,No,101.39,77.19,71.33
2023-07-23 16:00,7,16,Weekend,Summer,No,97.48,76.08,63.89
2023-07-23 17:00,7,17,Weekend,Summer,No,96.78,76.14,63.54
2023-07-23 18:00,7,18,Weekend,Summer,No,98.06,76.87,73.0
2023-07-23 19:00,7,19,Weekend,Summer,No,94.49,76.06,64.02
2023-07-23 20:00,7,20,Weekend,Summer,No,91.42,75.31,66.27
2023-07-23 21:00,7,21,Weekend,Summer,No,89.88,75.56,40.56
2023-07-23 22:00,7,22,Weekend,Summer,No,87.9,75.66,46.3
2023-07-23 23:00,7,23,Weekend,Summer,No,85.82,74.73,41.58
2023-07-24 00:00,7,0,Weekday,Summer,No,83.77,75.33,39.7
2023-07-24 01:00,7,1,Weekday,Summer,No,81.78,75.34,42.71
2023-07-24 02:00,7,2,Weekday,Summer,No,80.44,74.69,41.1
2023-07-24 03:00,7,3,Weekday,Summer,No,79.43,74.07,40.21
2023-07-24 04:00,7,4,Weekday,Summer,No,78.46,74.34,31.96
2023-07-24 05:00,7,5,Weekday,Summer,No,77.45,73.56,28.31
2023-07-24 06:00,7,6,Weekday,Summer,No,78.78,74.33,29.57
2023-07-24 07:00,7,7,Weekday,Summer,No,83.52,75.1,38.07
2023-07-24 08:00,7,8,Weekday,Summer,Yes,87.78,74.06,51.98
2023-07-24 09:00,7,9,Weekday,Summer,Yes,90.22,74.3,52.44
2023-07-24 10:00,7,10,Weekday,Summer,Yes,92.2,74.97,63.47
2023-07-24 11:00,7,11,Weekday,Summer,Yes,94.8,75.63,66.42
2023-07-24 12:00,7,12,Weekday,Summer,Yes,98.92,75.15,61.97
2023-07-24 13:00,7,13,Weekday,Summer,Yes,102.1,76.72,73.69
2023-07-24 14:00,7,14,Weekday,Summer,Yes,102.92,77.09,75.76
2023-07-24 15:00,7,15,Weekday,Summer,Yes,104.18,76.52,76.35
2023-07-24 16:00,7,16,Weekday,Summer,Yes,105.08,76.92,73.86
2023-07-24 17:00,7,17,Weekday,Summer,Yes,101.51,76.23,76.13
2023-07-24 18:00,7,18,Weekday,Summer,No,88.46,74.41,55.15
2023-07-24 19:00,7,19,Weekday,Summer,No,76.87,73.75,47.43
2023-07-24 20:00,7,20,Weekday,Summer,No,74.57,72.83,51.3
2023-07-24 21:00,7,21,Weekday,Summer,No,75.02,72.61,30.18
2023-07-24 22:00,7,22,Weekday,Summer,No,76.8,74.54,47.11
2023-07-24 23:00,7,23,Weekday,Summer,No,79.76,74.65,41.75
2023-07-25 00:00,7,0,Weekday,Summer,No,80.44,73.77,33.34
2023-07-25 01:00,7,1,Weekday,Summer,No,78.9,74.35,33.01
2023-07-25 02:00,7,2,Weekday,Summer,No,76.82,74.03,47.47
2023-07-25 03:00,7,3,Weekday,Summer,No,75.4,74.18,32.69
2023-07-25 04:00,7,4,Weekday,Summer,No,75.02,73.25,31.23
2023-07-25 05:00,7,5,Weekday,Summer,No,75.02,73.46,37.46
2023-07-25 06:00,7,6,Weekday,Summer,No,76.8,73.72,40.06
2023-07-25 07:00,7,7,Weekday,Summer,No,79.24,74.18,40.26
2023-07-25 08:00,7,8,Weekday,Summer,Yes,83.52,73.95,39.11
2023-07-25 09:00,7,9,Weekday,Summer,Yes,87.78,73.91,45.72
2023-07-25 10:00,7,10,Weekday,Summer,Yes,91.37,74.6,60.81
2023-07-25 11:00,7,11,Weekday,Summer,Yes,95.33,75.68,64.6
2023-07-25 12:00,7,12,Weekday,Summer,Yes,98.14,75.73,68.02
2023-07-25 13:00,7,13,Weekday,Summer,Yes,100.12,76.87,58.42
2023-07-25 14:00,7,14,Weekday,Summer,Yes,102.1,76.46,69.23
2023-07-25 15:00,7,15,Weekday,Summer,Yes,102.4,76.38,72.6
2023-07-25 16:00,7,16,Weekday,Summer,Yes,101.39,76.12,72.01
2023-07-25 17:00,7,17,Weekday,Summer,Yes,99.78,75.95,59.56
2023-07-25 18:00,7,18,Weekday,Summer,No,97.28,76.65,78.81
2023-07-25 19:00,7,19,Weekday,Summer,No,94.82,76.54,70.29
2023-07-25 20:00,7,20,Weekday,Summer,No,88.67,76.04,63.63
2023-07-25 21:00,7,21,Weekday,Summer,No,84.4,75.71,50.09
2023-07-25 22:00,7,22,Weekday,Summer,No,84.02,74.56,37.58
2023-07-25 23:00,7,23,Weekday,Summer,No,81.71,75.03,46.08
2023-07-26 00:00,7,0,Weekday,Summer,No,78.9,74.75,36.95
2023-07-26 01:00,7,1,Weekday,Summer,No,76.82,73.95,38.25
2023-07-26 02:00,7,2,Weekday,Summer,No,74.24,73.56,31.58
2023-07-26 03:00,7,3,Weekday,Summer,No,73.56,73.98,31.33
2023-07-26 04:00,7,4,Weekday,Summer,No,75.1,73.04,37.87
2023-07-26 05:00,7,5,Weekday,Summer,No,75.4,73.39,35.3
2023-07-26 06:00,7,6,Weekday,Summer,No,75.54,73.46,29.2
2023-07-26 07:00,7,7,Weekday,Summer,No,77.18,74.37,41.4
2023-07-26 08:00,7,8,Weekday,Summer,Yes,81.54,74.57,35.93
2023-07-26 09:00,7,9,Weekday,Summer,Yes,86.33,74.85,48.05
2023-07-26 10:00,7,10,Weekday,Summer,Yes,87.98,74.95,63.97
2023-07-26 11:00,7,11,Weekday,Summer,Yes,90.29,75.74,62.1
2023-07-26 12:00,7,12,Weekday,Summer,Yes,94.35,75.72,70.16
2023-07-26 13:00,7,13,Weekday,Summer,Yes,97.24,75.36,79.8
2023-07-26 14:00,7,14,Weekday,Summer,Yes,98.06,76.12,65.86
2023-07-26 15:00,7,15,Weekday,Summer,Yes,98.58,75.55,61.07
2023-07-26 16:00,7,16,Weekday,Summer,Yes,99.59,76.04,79.31
2023-07-26 17:00,7,17,Weekday,Summer,Yes,98.88,75.63,68.29
2023-07-26 18:00,7,18,Weekday,Summer,No,96.28,76.49,70.3
2023-07-26 19:00,7,19,Weekday,Summer,No,93.22,76.46,59.72
2023-07-26 20:00,7,20,Weekday,Summer,No,90.78,75.58,66.24
2023-07-26 21:00,7,21,Weekday,Summer,No,88.8,75.72,48.27
2023-07-26 22:00,7,22,Weekday,Summer,No,85.67,74.52,43.9
2023-07-26 23:00,7,23,Weekday,Summer,No,82.86,74.51,39.84
2023-07-27 00:00,7,0,Weekday,Summer,No,81.41,74.27,55.81
2023-07-27 01:00,7,1,Weekday,Summer,No,80.44,75.1,46.82
2023-07-27 02:00,7,2,Weekday,Summer,No,78.9,74.25,34.34
2023-07-27 03:00,7,3,Weekday,Summer,No,78.08,72.65,39.55
2023-07-27 04:00,7,4,Weekday,Summer,No,77.45,73.34,40.6
2023-07-27 05:00,7,5,Weekday,Summer,No,76.37,75.0,35.22
2023-07-27 06:00,7,6,Weekday,Summer,No,77.18,73.36,39.01
2023-07-27 07:00,7,7,Weekday,Summer,No,80.92,73.77,49.88
2023-07-27 08:00,7,8,Weekday,Summer,Yes,85.36,74.36,49.58
2023-07-27 09:00,7,9,Weekday,Summer,Yes,89.39,75.28,52.26
2023-07-27 10:00,7,10,Weekday,Summer,Yes,92.2,75.12,63.09
2023-07-27 11:00,7,11,Weekday,Summer,Yes,94.18,74.7,70.22
2023-07-27 12:00,7,12,Weekday,Summer,Yes,96.78,75.31,76.06
2023-07-27 13:00,7,13,Weekday,Summer,Yes,99.22,76.38,67.45
2023-07-27 14:00,7,14,Weekday,Summer,Yes,99.41,75.78,67.16
2023-07-27 15:00,7,15,Weekday,Summer,Yes,89.09,74.55,53.05
2023-07-27 16:00,7,16,Weekday,Summer,Yes,79.73,72.71,44.66
2023-07-27 17:00,7,17,Weekday,Summer,Yes,79.76,73.25,62.56
2023-07-27 18:00,7,18,Weekday,Summer,No,80.44,74.08,59.36
2023-07-27 19:00,7,19,Weekday,Summer,No,77.65,73.98,51.62
2023-07-27 20:00,7,20,Weekday,Summer,No,75.4,73.76,50.86
2023-07-27 21:00,7,21,Weekday,Summer,No,75.02,73.01,34.04
2023-07-27 22:00,7,22,Weekday,Summer,No,73.86,73.43,33.35
2023-07-27 23:00,7,23,Weekday,Summer,No,73.56,72.38,34.96
2023-07-28 00:00,7,0,Weekday,Summer,No,73.42,72.38,38.64
2023-07-28 01:00,7,1,Weekday,Summer,No,73.04,73.6,25.43
2023-07-28 02:00,7,2,Weekday,Summer,No,73.04,73.77,42.79
2023-07-28 03:00,7,3,Weekday,Summer,No,73.56,72.52,28.8
2023-07-28 04:00,7,4,Weekday,Summer,No,72.78,72.99,35.04
2023-07-28 05:00,7,5,Weekday,Summer,No,71.96,72.74,38.18
2023-07-28 06:00,7,6,Weekday,Summer,No,73.74,73.15,23.92
2023-07-28 07:00,7,7,Weekday,Summer,No,76.8,73.52,34.57
2023-07-28 08:00,7,8,Weekday,Summer,Yes,79.24,73.44,49.76
2023-07-28 09:00,7,9,Weekday,Summer,Yes,81.22,73.65,48.43
2023-07-28 10:00,7,10,Weekday,Summer,Yes,83.72,73.82,55.69
2023-07-28 11:00,7,11,Weekday,Summer,Yes,86.18,73.38,67.45
2023-07-28 12:00,7,12,Weekday,Summer,Yes,88.76,75.91,62.13
2023-07-28 13:00,7,13,Weekday,Summer,Yes,92.27,75.53,54.42
2023-07-28 14:00,7,14,Weekday,Summer,Yes,93.92,76.04,59.88
2023-07-28 15:00,7,15,Weekday,Summer,Yes,94.55,76.01,66.21
2023-07-28 16:00,7,16,Weekday,Summer,Yes,95.63,75.94,68.27
2023-07-28 17:00,7,17,Weekday,Summer,Yes,95.45,74.83,67.29
2023-07-28 18:00,7,18,Weekday,Summer,No,93.84,75.37,70.69
2023-07-28 19:00,7,19,Weekday,Summer,No,91.86,76.03,66.27
2023-07-28 20:00,7,20,Weekday,Summer,No,89.88,75.52,66.67
2023-07-28 21:00,7,21,Weekday,Summer,No,86.65,75.43,38.17
2023-07-28 22:00,7,22,Weekday,Summer,No,84.4,74.41,56.15
2023-07-28 23:00,7,23,Weekday,Summer,No,82.24,74.43,38.96
2023-07-29 00:00,7,0,Weekend,Summer,No,77.5,74.04,45.17
2023-07-29 01:00,7,1,Weekend,Summer,No,75.02,73.67,46.89
2023-07-29 02:00,7,2,Weekend,Summer,No,75.54,73.55,36.13
2023-07-29 03:00,7,3,Weekend,Summer,No,75.4,72.37,37.18
2023-07-29 04:00,7,4,Weekend,Summer,No,74.39,73.18,30.44
2023-07-29 05:00,7,5,Weekend,Summer,No,73.94,74.1,35.47
2023-07-29 06:00,7,6,Weekend,Summer,No,74.57,74.09,32.9
2023-07-29 07:00,7,7,Weekend,Summer,No,76.18,72.92,37.64
2023-07-29 08:00,7,8,Weekend,Summer,No,78.78,74.77,40.51
2023-07-29 09:00,7,9,Weekend,Summer,No,81.22,74.52,47.21
2023-07-29 10:00,7,10,Weekend,Summer,No,84.98,74.85,59.01
2023-07-29 11:00,7,11,Weekend,Summer,No,89.39,75.77,58.79
2023-07-29 12:00,7,12,Weekend,Summer,No,92.72,75.67,59.7
2023-07-29 13:00,7,13,Weekend,Summer,No,93.92,75.68,77.56
2023-07-29 14:00,7,14,Weekend,Summer,No,86.99,74.47,57.7
2023-07-29 15:00,7,15,Weekend,Summer,No,83.2,74.7,55.86
2023-07-29 16:00,7,16,Weekend,Summer,No,84.54,74.45,52.32
2023-07-29 17:00,7,17,Weekend,Summer,No,85.55,73.84,58.86
2023-07-29 18:00,7,18,Weekend,Summer,No,84.84,74.89,66.9
2023-07-29 19:00,7,19,Weekend,Summer,No,82.24,74.5,47.55
2023-07-29 20:00,7,20,Weekend,Summer,No,80.96,74.75,56.59
2023-07-29 21:00,7,21,Weekend,Summer,No,80.44,74.74,47.35
2023-07-29 22:00,7,22,Weekend,Summer,No,75.96,74.0,26.8
2023-07-29 23:00,7,23,Weekend,Summer,No,71.88,71.8,28.2
2023-07-30 00:00,7,0,Weekend,Summer,No,71.06,72.25,25.93
2023-07-30 01:00,7,1,Weekend,Summer,No,71.06,73.4,32.49
2023-07-30 02:00,7,2,Weekend,Summer,No,71.06,72.28,28.66
2023-07-30 03:00,7,3,Weekend,Summer,No,71.06,72.95,29.34
2023-07-30 04:00,7,4,Weekend,Summer,No,70.43,73.45,25.12
2023-07-30 05:00,7,5,Weekend,Summer,No,69.98,72.84,25.73
2023-07-30 06:00,7,6,Weekend,Summer,No,72.29,73.28,31.24
2023-07-30 07:00,7,7,Weekend,Summer,No,73.94,73.26,40.12
2023-07-30 08:00,7,8,Weekend,Summer,No,76.35,74.45,32.59
2023-07-30 09:00,7,9,Weekend,Summer,No,77.45,73.23,47.35
2023-07-30 10:00,7,10,Weekend,Summer,No,77.63,73.4,47.96
2023-07-30 11:00,7,11,Weekend,Summer,No,80.39,73.99,47.21
2023-07-30 12:00,7,12,Weekend,Summer,No,81.41,74.05,57.36
2023-07-30 13:00,7,13,Weekend,Summer,No,82.74,73.73,58.77
2023-07-30 14:00,7,14,Weekend,Summer,No,86.33,75.11,62.68
2023-07-30 15:00,7,15,Weekend,Summer,No,89.14,75.65,65.84
2023-07-30 16:00,7,16,Weekend,Summer,No,88.8,75.01,67.96
2023-07-30 17:00,7,17,Weekend,Summer,No,85.67,75.11,52.81
2023-07-30 18:00,7,18,Weekend,Summer,No,82.24,74.48,49.8
2023-07-30 19:00,7,19,Weekend,Summer,No,80.44,74.46,51.08
2023-07-30 20:00,7,20,Weekend,Summer,No,78.9,73.12,59.4
2023-07-30 21:00,7,21,Weekend,Summer,No,78.08,73.46,40.18
2023-07-30 22:00,7,22,Weekend,Summer,No,77.45,74.1,50.72
2023-07-30 23:00,7,23,Weekend,Summer,No,76.37,73.82,26.93
2023-07-31 00:00,7,0,Weekday,Summer,No,75.4,73.35,41.21
2023-07-31 01:00,7,1,Weekday,Summer,No,75.02,73.74,31.69
2023-07-31 02:00,7,2,Weekday,Summer,No,74.39,72.89,35.14
2023-07-31 03:00,7,3,Weekday,Summer,No,73.42,73.91,40.68
2023-07-31 04:00,7,4,Weekday,Summer,No,72.41,73.22,31.94
2023-07-31 05:00,7,5,Weekday,Summer,No,71.96,72.5,39.0
2023-07-31 06:00,7,6,Weekday,Summer,No,72.59,72.13,39.66
2023-07-31 07:00,7,7,Weekday,Summer,No,74.72,72.76,35.87
2023-07-31 08:00,7,8,Weekday,Summer,Yes,78.86,73.45,36.76
2023-07-31 09:00,7,9,Weekday,Summer,Yes,82.74,73.69,45.0
2023-07-31 10:00,7,10,Weekday,Summer,Yes,85.8,74.29,64.22
2023-07-31 11:00,7,11,Weekday,Summer,Yes,87.6,73.93,56.31
2023-07-31 12:00,7,12,Weekday,Summer,Yes,89.14,74.17,55.35
2023-07-31 13:00,7,13,Weekday,Summer,Yes,91.12,74.91,59.74
2023-07-31 14:00,7,14,Weekday,Summer,Yes,90.78,75.09,64.79
2023-07-31 15:00,7,15,Weekday,Summer,Yes,87.02,74.07,59.27
2023-07-31 16:00,7,16,Weekday,Summer,Yes,84.4,73.22,58.29
2023-07-31 17:00,7,17,Weekday,Summer,Yes,84.02,74.2,59.21
2023-07-31 18:00,7,18,Weekday,Summer,No,84.02,74.7,54.64
2023-07-31 19:00,7,19,Weekday,Summer,No,81.71,74.01,54.04
2023-07-31 20:00,7,20,Weekday,Summer,No,79.43,74.65,53.98
2023-07-31 21:00,7,21,Weekday,Summer,No,78.98,74.44,33.13
2023-07-31 22:00,7,22,Weekday,Summer,No,78.98,73.49,27.77
2023-07-31 23:00,7,23,Weekday,Summer,No,78.98,74.46,36.22
2023-08-01 00:00,8,0,Weekday,Summer,No,78.98,74.36,38.55
2023-08-01 01:00,8,1,Weekday,Summer,No,78.98,74.78,32.42
2023-08-01 02:00,8,2,Weekday,Summer,No,78.98,73.92,29.23
2023-08-01 03:00,8,3,Weekday,Summer,No,78.98,74.19,49.41
2023-08-01 04:00,8,4,Weekday,Summer,No,79.61,73.67,38.2
2023-08-01 05:00,8,5,Weekday,Summer,No,79.43,73.05,46.07
2023-08-01 06:00,8,6,Weekday,Summer,No,77.82,73.56,36.6
2023-08-01 07:00,8,7,Weekday,Summer,No,77.63,74.28,34.87
2023-08-01 08:00,8,8,Weekday,Summer,Yes,79.76,74.22,39.87
2023-08-01 09:00,8,9,Weekday,Summer,Yes,84.53,73.7,47.46
2023-08-01 10:00,8,10,Weekday,Summer,Yes,87.08,73.4,60.41
2023-08-01 11:00,8,11,Weekday,Summer,Yes,89.92,74.94,56.35
2023-08-01 12:00,8,12,Weekday,Summer,Yes,92.57,75.22,68.29
2023-08-01 13:00,8,13,Weekday,Summer,Yes,94.18,75.33,65.9
2023-08-01 14:00,8,14,Weekday,Summer,Yes,94.37,74.86,63.98
2023-08-01 15:00,8,15,Weekday,Summer,Yes,95.7,75.14,62.72
2023-08-01 16:00,8,16,Weekday,Summer,Yes,96.46,75.86,68.46
2023-08-01 17:00,8,17,Weekday,Summer,Yes,94.3,74.29,60.9
2023-08-01 18:00,8,18,Weekday,Summer,No,90.71,75.72,61.0
2023-08-01 19:00,8,19,Weekday,Summer,No,88.43,75.75,69.38
2023-08-01 20:00,8,20,Weekday,Summer,No,87.46,75.39,63.89
2023-08-01 21:00,8,21,Weekday,Summer,No,86.45,75.31,48.26
2023-08-01 22:00,8,22,Weekday,Summer,No,85.37,75.32,40.14
2023-08-01 23:00,8,23,Weekday,Summer,No,84.4,74.89,45.08
2023-08-02 00:00,8,0,Weekday,Summer,No,82.86,74.93,50.3
2023-08-02 01:00,8,1,Weekday,Summer,No,81.41,74.75,34.15
2023-08-02 02:00,8,2,Weekday,Summer,No,80.44,74.29,39.42
2023-08-02 03:00,8,3,Weekday,Summer,No,78.9,73.91,31.51
2023-08-02 04:00,8,4,Weekday,Summer,No,76.82,73.64,38.52
2023-08-02 05:00,8,5,Weekday,Summer,No,75.92,73.5,35.44
2023-08-02 06:00,8,6,Weekday,Summer,No,77.18,73.93,28.35
2023-08-02 07:00,8,7,Weekday,Summer,No,80.92,74.77,44.17
2023-08-02 08:00,8,8,Weekday,Summer,Yes,85.88,74.01,38.68
2023-08-02 09:00,8,9,Weekday,Summer,Yes,90.29,73.76,53.84
2023-08-02 10:00,8,10,Weekday,Summer,Yes,93.1,75.28,61.08
2023-08-02 11:00,8,11,Weekday,Summer,Yes,95.18,74.82,68.28
2023-08-02 12:00,8,12,Weekday,Summer,Yes,98.39,76.32,66.56
2023-08-02 13:00,8,13,Weekday,Summer,Yes,100.57,76.54,74.94
2023-08-02 14:00,8,14,Weekday,Summer,Yes,101.57,76.38,62.5
2023-08-02 15:00,8,15,Weekday,Summer,Yes,100.23,76.52,79.0
2023-08-02 16:00,8,16,Weekday,Summer,Yes,82.06,72.83,61.24
2023-08-02 17:00,8,17,Weekday,Summer,Yes,72.92,72.09,40.67
2023-08-02 18:00,8,18,Weekday,Summer,No,75.02,72.96,57.52
2023-08-02 19:00,8,19,Weekday,Summer,No,75.54,74.87,50.75
2023-08-02 20:00,8,20,Weekday,Summer,No,75.92,72.7,55.84
2023-08-02 21:00,8,21,Weekday,Summer,No,75.92,73.83,29.25
2023-08-02 22:00,8,22,Weekday,Summer,No,75.92,73.04,39.93
2023-08-02 23:00,8,23,Weekday,Summer,No,75.92,73.15,30.42
2023-08-03 00:00,8,0,Weekday,Summer,No,75.92,73.82,35.56
2023-08-03 01:00,8,1,Weekday,Summer,No,76.55,73.49,35.28
2023-08-03 02:00,8,2,Weekday,Summer,No,76.37,73.11,40.89
2023-08-03 03:00,8,3,Weekday,Summer,No,75.92,73.44,33.35
2023-08-03 04:00,8,4,Weekday,Summer,No,75.4,74.8,34.8
2023-08-03 05:00,8,5,Weekday,Summer,No,73.86,73.22,38.89
2023-08-03 06:00,8,6,Weekday,Summer,No,73.56,73.91,38.75
2023-08-03 07:00,8,7,Weekday,Summer,No,77.51,74.53,37.6
2023-08-03 08:00,8,8,Weekday,Summer,Yes,81.74,72.87,40.37
2023-08-03 09:00,8,9,Weekday,Summer,Yes,85.88,74.38,38.89
2023-08-03 10:00,8,10,Weekday,Summer,Yes,89.77,74.45,68.14
2023-08-03 11:00,8,11,Weekday,Summer,Yes,92.2,75.24,65.19
2023-08-03 12:00,8,12,Weekday,Summer,Yes,93.02,74.97,64.65
2023-08-03 13:00,8,13,Weekday,Summer,Yes,95.33,75.43,69.58
2023-08-03 14:00,8,14,Weekday,Summer,Yes,98.14,75.59,70.12
2023-08-03 15:00,8,15,Weekday,Summer,Yes,98.96,75.86,80.23
2023-08-03 16:00,8,16,Weekday,Summer,Yes,98.44,76.05,69.03
2023-08-03 17:00,8,17,Weekday,Summer,Yes,98.06,75.3,60.19
2023-08-03 18:00,8,18,Weekday,Summer,No,96.28,76.83,67.75
2023-08-03 19:00,8,19,Weekday,Summer,No,93.84,76.66,63.04
2023-08-03 20:00,8,20,Weekday,Summer,No,91.23,75.79,61.81
2023-08-03 21:00,8,21,Weekday,Summer,No,89.43,75.37,41.8
2023-08-03 22:00,8,22,Weekday,Summer,No,87.28,75.39,41.31
2023-08-03 23:00,8,23,Weekday,Summer,No,84.84,75.34,46.37
2023-08-04 00:00,8,0,Weekday,Summer,No,82.86,75.07,38.82
2023-08-04 01:00,8,1,Weekday,Summer,No,82.56,74.93,41.96
2023-08-04 02:00,8,2,Weekday,Summer,No,80.1,74.07,41.64
2023-08-04 03:00,8,3,Weekday,Summer,No,76.3,72.36,33.85
2023-08-04 04:00,8,4,Weekday,Summer,No,75.54,72.91,24.31
2023-08-04 05:00,8,5,Weekday,Summer,No,75.92,74.6,39.89
2023-08-04 06:00,8,6,Weekday,Summer,No,71.93,72.66,28.98
2023-08-04 07:00,8,7,Weekday,Summer,No,70.24,71.98,42.18
2023-08-04 08:00,8,8,Weekday,Summer,Yes,73.37,73.26,36.16
2023-08-04 09:00,8,9,Weekday,Summer,Yes,79.64,72.91,43.65
2023-08-04 10:00,8,10,Weekday,Summer,Yes,85.88,74.12,58.29
2023-08-04 11:00,8,11,Weekday,Summer,Yes,90.92,74.54,61.47
2023-08-04 12:00,8,12,Weekday,Summer,Yes,94.18,75.65,66.85
2023-08-04 13:00,8,13,Weekday,Summer,Yes,96.16,75.07,67.82
2023-08-04 14:00,8,14,Weekday,Summer,Yes,96.46,75.51,67.27
2023-08-04 15:00,8,15,Weekday,Summer,Yes,91.98,74.3,57.11
2023-08-04 16:00,8,16,Weekday,Summer,Yes,94.31,74.52,65.68
2023-08-04 17:00,8,17,Weekday,Summer,Yes,92.81,74.57,78.19
2023-08-04 18:00,8,18,Weekday,Summer,No,81.4,74.48,49.37
2023-08-04 19:00,8,19,Weekday,Summer,No,75.92,73.7,53.08
2023-08-04 20:00,8,20,Weekday,Summer,No,75.92,73.26,44.34
2023-08-04 21:00,8,21,Weekday,Summer,No,75.92,73.44,37.58
2023-08-04 22:00,8,22,Weekday,Summer,No,75.4,73.85,35.67
2023-08-04 23:00,8,23,Weekday,Summer,No,75.02,73.84,28.8
2023-08-05 00:00,8,0,Weekend,Summer,No,75.02,73.3,34.74
2023-08-05 01:00,8,1,Weekend,Summer,No,75.02,73.09,29.42
2023-08-05 02:00,8,2,Weekend,Summer,No,74.39,73.92,32.53
2023-08-05 03:00,8,3,Weekend,Summer,No,72.26,72.63,37.35
2023-08-05 04:00,8,4,Weekend,Summer,No,71.58,72.37,33.62
2023-08-05 05:00,8,5,Weekend,Summer,No,72.59,73.72,33.6
2023-08-05 06:00,8,6,Weekend,Summer,No,74.19,72.73,37.23
2023-08-05 07:00,8,7,Weekend,Summer,No,76.8,74.42,46.29
2023-08-05 08:00,8,8,Weekend,Summer,No,80.92,75.33,31.96
2023-08-05 09:00,8,9,Weekend,Summer,No,82.94,74.82,42.77
2023-08-05 10:00,8,10,Weekend,Summer,No,85.88,74.89,61.0
2023-08-05 11:00,8,11,Weekend,Summer,No,89.77,74.78,63.64
2023-08-05 12:00,8,12,Weekend,Summer,No,92.2,75.38,62.02
2023-08-05 13:00,8,13,Weekend,Summer,No,95.33,76.72,60.68
2023-08-05 14:00,8,14,Weekend,Summer,No,96.46,77.48,75.33
2023-08-05 15:00,8,15,Weekend,Summer,No,94.82,75.99,67.75
2023-08-05 16:00,8,16,Weekend,Summer,No,93.92,75.87,59.62
2023-08-05 17:00,8,17,Weekend,Summer,No,93.4,75.73,72.54
2023-08-05 18:00,8,18,Weekend,Summer,No,90.71,75.71,68.77
2023-08-05 19:00,8,19,Weekend,Summer,No,87.28,74.79,56.28
2023-08-05 20:00,8,20,Weekend,Summer,No,85.37,75.1,58.45
2023-08-05 21:00,8,21,Weekend,Summer,No,84.4,74.95,41.22
2023-08-05 22:00,8,22,Weekend,Summer,No,83.39,73.98,45.17
2023-08-05 23:00,8,23,Weekend,Summer,No,82.94,73.77,43.57
2023-08-06 00:00,8,0,Weekend,Summer,No,81.78,74.54,49.84
2023-08-06 01:00,8,1,Weekend,Summer,No,79.81,73.93,32.2
2023-08-06 02:00,8,2,Weekend,Summer,No,78.46,73.97,31.81
2023-08-06 03:00,8,3,Weekend,Summer,No,77.45,74.12,40.01
2023-08-06 04:00,8,4,Weekend,Summer,No,76.37,73.82,28.15
2023-08-06 05:00,8,5,Weekend,Summer,No,75.4,73.01,32.29
2023-08-06 06:00,8,6,Weekend,Summer,No,76.8,73.15,32.38
2023-08-06 07:00,8,7,Weekend,Summer,No,80.39,73.91,41.8
2023-08-06 08:00,8,8,Weekend,Summer,No,84.98,75.58,46.29
2023-08-06 09:00,8,9,Weekend,Summer,No,88.23,75.63,45.17
2023-08-06 10:00,8,10,Weekend,Summer,No,90.74,76.21,64.95
2023-08-06 11:00,8,11,Weekend,Summer,No,94.35,76.25,69.65
2023-08-06 12:00,8,12,Weekend,Summer,No,96.08,76.62,66.2
2023-08-06 13:00,8,13,Weekend,Summer,No,98.39,76.49,74.49
2023-08-06 14:00,8,14,Weekend,Summer,No,100.04,76.95,68.85
2023-08-06 15:00,8,15,Weekend,Summer,No,99.41,77.1,71.72
2023-08-06 16:00,8,16,Weekend,Summer,No,98.96,77.16,70.51
2023-08-06 17:00,8,17,Weekend,Summer,No,98.44,75.92,63.38
2023-08-06 18:00,8,18,Weekend,Summer,No,97.43,76.12,63.59
2023-08-06 19:00,8,19,Weekend,Summer,No,90.58,74.79,72.5
2023-08-06 20:00,8,20,Weekend,Summer,No,87.16,74.46,67.28
2023-08-06 21:00,8,21,Weekend,Summer,No,87.98,75.06,53.23
2023-08-06 22:00,8,22,Weekend,Summer,No,87.46,75.22,44.6
2023-08-06 23:00,8,23,Weekend,Summer,No,85.3,75.37,46.07
2023-08-07 00:00,8,0,Weekday,Summer,No,83.39,75.6,33.31
2023-08-07 01:00,8,1,Weekday,Summer,No,82.42,74.52,35.46
2023-08-07 02:00,8,2,Weekday,Summer,No,81.41,73.39,42.89
2023-08-07 03:00,8,3,Weekday,Summer,No,79.81,74.09,35.59
2023-08-07 04:00,8,4,Weekday,Summer,No,78.46,74.16,30.93
2023-08-07 05:00,8,5,Weekday,Summer,No,77.45,73.56,29.35
2023-08-07 06:00,8,6,Weekday,Summer,No,78.16,74.35,32.47
2023-08-07 07:00,8,7,Weekday,Summer,No,81.92,74.09,41.15
2023-08-07 08:00,8,8,Weekday,Summer,Yes,86.96,73.52,44.38
2023-08-07 09:00,8,9,Weekday,Summer,Yes,90.22,74.68,50.94
2023-08-07 10:00,8,10,Weekday,Summer,Yes,92.2,75.04,67.44
2023-08-07 11:00,8,11,Weekday,Summer,Yes,91.23,75.3,67.16
2023-08-07 12:00,8,12,Weekday,Summer,Yes,93.53,75.25,71.46
2023-08-07 13:00,8,13,Weekday,Summer,Yes,95.45,74.76,71.24
2023-08-07 14:00,8,14,Weekday,Summer,Yes,95.0,75.49,66.69
2023-08-07 15:00,8,15,Weekday,Summer,Yes,93.84,75.51,60.21
2023-08-07 16:00,8,16,Weekday,Summer,Yes,93.54,75.63,67.07
2023-08-07 17:00,8,17,Weekday,Summer,Yes,95.18,75.86,68.31
2023-08-07 18:00,8,18,Weekday,Summer,No,94.3,76.35,69.01
2023-08-07 19:00,8,19,Weekday,Summer,No,92.39,76.23,64.42
2023-08-07 20:00,8,20,Weekday,Summer,No,90.26,75.94,57.22
2023-08-07 21:00,8,21,Weekday,Summer,No,87.9,74.62,51.24
2023-08-07 22:00,8,22,Weekday,Summer,No,86.45,75.28,44.46
2023-08-07 23:00,8,23,Weekday,Summer,No,84.22,74.89,48.69
2023-08-08 00:00,8,0,Weekday,Summer,No,81.78,74.8,37.55
2023-08-08 01:00,8,1,Weekday,Summer,No,80.44,73.71,35.06
2023-08-08 02:00,8,2,Weekday,Summer,No,80.06,74.04,34.39
2023-08-08 03:00,8,3,Weekday,Summer,No,79.43,74.34,31.36
2023-08-08 04:00,8,4,Weekday,Summer,No,78.46,73.9,34.06
2023-08-08 05:00,8,5,Weekday,Summer,No,77.45,74.47,32.61
2023-08-08 06:00,8,6,Weekday,Summer,No,78.16,73.65,43.62
2023-08-08 07:00,8,7,Weekday,Summer,No,82.44,74.48,52.25
2023-08-08 08:00,8,8,Weekday,Summer,Yes,87.86,74.56,38.86
2023-08-08 09:00,8,9,Weekday,Summer,Yes,91.74,74.95,53.17
2023-08-08 10:00,8,10,Weekday,Summer,Yes,94.18,74.65,67.11
2023-08-08 11:00,8,11,Weekday,Summer,Yes,96.78,76.39,80.14
2023-08-08 12:00,8,12,Weekday,Summer,Yes,99.22,75.93,74.21
2023-08-08 13:00,8,13,Weekday,Summer,Yes,100.57,76.38,78.23
2023-08-08 14:00,8,14,Weekday,Summer,Yes,100.94,75.96,69.67
2023-08-08 15:00,8,15,Weekday,Summer,Yes,102.1,75.97,84.09
2023-08-08 16:00,8,16,Weekday,Summer,Yes,102.4,76.9,72.33
2023-08-08 17:00,8,17,Weekday,Summer,Yes,100.23,75.23,79.68
2023-08-08 18:00,8,18,Weekday,Summer,No,92.03,75.28,66.26
2023-08-08 19:00,8,19,Weekday,Summer,No,85.82,75.28,50.96
2023-08-08 20:00,8,20,Weekday,Summer,No,84.4,73.79,59.42
2023-08-08 21:00,8,21,Weekday,Summer,No,83.39,75.61,41.95
2023-08-08 22:00,8,22,Weekday,Summer,No,81.78,74.08,46.01
2023-08-08 23:00,8,23,Weekday,Summer,No,80.96,74.3,39.73
2023-08-09 00:00,8,0,Weekday,Summer,No,80.44,74.42,36.89
2023-08-09 01:00,8,1,Weekday,Summer,No,80.06,74.33,45.81
2023-08-09 02:00,8,2,Weekday,Summer,No,79.43,73.19,39.66
2023-08-09 03:00,8,3,Weekday,Summer,No,79.61,73.8,35.02
2023-08-09 04:00,8,4,Weekday,Summer,No,79.43,73.09,29.86
2023-08-09 05:00,8,5,Weekday,Summer,No,79.61,72.93,23.37
2023-08-09 06:00,8,6,Weekday,Summer,No,79.43,73.6,37.85
2023-08-09 07:00,8,7,Weekday,Summer,No,79.61,73.94,47.31
2023-08-09 08:00,8,8,Weekday,Summer,Yes,81.22,73.79,44.03
2023-08-09 09:00,8,9,Weekday,Summer,Yes,83.72,74.63,45.91
2023-08-09 10:00,8,10,Weekday,Summer,Yes,87.86,74.99,59.94
2023-08-09 11:00,8,11,Weekday,Summer,Yes,89.43,74.2,65.57
2023-08-09 12:00,8,12,Weekday,Summer,Yes,91.37,75.32,67.56
2023-08-09 13:00,8,13,Weekday,Summer,Yes,95.96,75.76,73.47
2023-08-09 14:00,8,14,Weekday,Summer,Yes,98.58,75.97,77.08
2023-08-09 15:00,8,15,Weekday,Summer,Yes,98.44,76.15,74.95
2023-08-09 16:00,8,16,Weekday,Summer,Yes,98.58,76.77,71.21
2023-08-09 17:00,8,17,Weekday,Summer,Yes,96.65,75.41,67.5
2023-08-09 18:00,8,18,Weekday,Summer,No,94.37,75.25,67.71
2023-08-09 19:00,8,19,Weekday,Summer,No,91.61,76.17,66.42
2023-08-09 20:00,8,20,Weekday,Summer,No,85.34,75.07,66.45
2023-08-09 21:00,8,21,Weekday,Summer,No,82.56,74.1,46.54
2023-08-09 22:00,8,22,Weekday,Summer,No,80.63,74.47,49.93
2023-08-09 23:00,8,23,Weekday,Summer,No,78.98,73.85,35.0
2023-08-10 00:00,8,0,Weekday,Summer,No,78.46,74.23,38.51
2023-08-10 01:00,8,1,Weekday,Summer,No,76.82,73.89,38.41
2023-08-10 02:00,8,2,Weekday,Summer,No,75.4,73.75,37.94
2023-08-10 03:00,8,3,Weekday,Summer,No,75.02,73.84,41.68
2023-08-10 04:00,8,4,Weekday,Summer,No,75.02,72.88,22.07
2023-08-10 05:00,8,5,Weekday,Summer,No,74.39,73.02,36.18
2023-08-10 06:00,8,6,Weekday,Summer,No,75.1,74.06,32.11
2023-08-10 07:00,8,7,Weekday,Summer,No,77.18,74.37,43.81
2023-08-10 08:00,8,8,Weekday,Summer,Yes,78.08,73.15,45.15
2023-08-10 09:00,8,9,Weekday,Summer,Yes,79.24,73.27,43.72
2023-08-10 10:00,8,10,Weekday,Summer,Yes,80.06,73.1,51.22
2023-08-10 11:00,8,11,Weekday,Summer,Yes,83.52,71.84,55.1
2023-08-10 12:00,8,12,Weekday,Summer,Yes,87.78,74.42,62.38
2023-08-10 13:00,8,13,Weekday,Summer,Yes,91.9,74.87,64.97
2023-08-10 14:00,8,14,Weekday,Summer,Yes,91.61,75.16,58.68
2023-08-10 15:00,8,15,Weekday,Summer,Yes,89.43,74.74,67.41
2023-08-10 16:00,8,16,Weekday,Summer,Yes,86.65,74.7,70.12
2023-08-10 17:00,8,17,Weekday,Summer,Yes,84.92,73.84,59.7
2023-08-10 18:00,8,18,Weekday,Summer,No,84.4,74.75,56.12
2023-08-10 19:00,8,19,Weekday,Summer,No,83.39,74.98,61.12
2023-08-10 20:00,8,20,Weekday,Summer,No,81.78,73.8,59.51
2023-08-10 21:00,8,21,Weekday,Summer,No,80.96,73.5,33.13
2023-08-10 22:00,8,22,Weekday,Summer,No,78.65,73.28,36.3
2023-08-10 23:00,8,23,Weekday,Summer,No,73.54,73.71,22.23
2023-08-11 00:00,8,0,Weekday,Summer,No,71.06,72.37,31.13
2023-08-11 01:00,8,1,Weekday,Summer,No,70.43,72.17,40.32
2023-08-11 02:00,8,2,Weekday,Summer,No,69.98,72.4,23.17
2023-08-11 03:00,8,3,Weekday,Summer,No,70.61,73.04,35.33
2023-08-11 04:00,8,4,Weekday,Summer,No,71.06,73.11,33.85
2023-08-11 05:00,8,5,Weekday,Summer,No,71.06,72.58,32.1
2023-08-11 06:00,8,6,Weekday,Summer,No,71.06,72.36,32.45
2023-08-11 07:00,8,7,Weekday,Summer,No,72.74,72.15,29.33
2023-08-11 08:00,8,8,Weekday,Summer,Yes,75.1,72.22,36.43
2023-08-11 09:00,8,9,Weekday,Summer,Yes,77.18,73.12,43.95
2023-08-11 10:00,8,10,Weekday,Summer,Yes,80.39,72.32,50.86
2023-08-11 11:00,8,11,Weekday,Summer,Yes,83.72,74.73,62.15
2023-08-11 12:00,8,12,Weekday,Summer,Yes,87.34,74.82,58.68
2023-08-11 13:00,8,13,Weekday,Summer,Yes,80.87,73.87,58.64
2023-08-11 14:00,8,14,Weekday,Summer,Yes,80.79,74.07,55.03
2023-08-11 15:00,8,15,Weekday,Summer,Yes,86.7,73.99,57.99
2023-08-11 16:00,8,16,Weekday,Summer,Yes,87.46,74.72,61.78
2023-08-11 17:00,8,17,Weekday,Summer,Yes,87.08,74.52,65.03
2023-08-11 18:00,8,18,Weekday,Summer,No,84.14,75.52,54.34
2023-08-11 19:00,8,19,Weekday,Summer,No,80.88,74.82,52.24
2023-08-11 20:00,8,20,Weekday,Summer,No,79.43,74.65,57.11
2023-08-11 21:00,8,21,Weekday,Summer,No,78.46,74.21,34.21
2023-08-11 22:00,8,22,Weekday,Summer,No,78.08,72.78,31.17
2023-08-11 23:00,8,23,Weekday,Summer,No,76.82,73.47,40.14
2023-08-12 00:00,8,0,Weekend,Summer,No,75.92,73.86,40.91
2023-08-12 01:00,8,1,Weekend,Summer,No,75.4,73.66,30.09
2023-08-12 02:00,8,2,Weekend,Summer,No,75.02,73.2,28.71
2023-08-12 03:00,8,3,Weekend,Summer,No,75.02,73.03,39.56
2023-08-12 04:00,8,4,Weekend,Summer,No,74.39,73.21,30.8
2023-08-12 05:00,8,5,Weekend,Summer,No,73.94,73.65,36.01
2023-08-12 06:00,8,6,Weekend,Summer,No,73.94,73.55,24.01
2023-08-12 07:00,8,7,Weekend,Summer,No,76.88,74.49,39.9
2023-08-12 08:00,8,8,Weekend,Summer,No,80.13,74.29,41.13
2023-08-12 09:00,8,9,Weekend,Summer,No,83.9,74.26,44.69
2023-08-12 10:00,8,10,Weekend,Summer,No,87.16,75.42,61.69
2023-08-12 11:00,8,11,Weekend,Summer,No,89.14,76.06,51.54
2023-08-12 12:00,8,12,Weekend,Summer,No,92.27,76.2,59.8
2023-08-12 13:00,8,13,Weekend,Summer,No,95.18,77.0,64.77
2023-08-12 14:00,8,14,Weekend,Summer,No,94.82,76.67,74.04
2023-08-12 15:00,8,15,Weekend,Summer,No,95.18,76.5,54.46
2023-08-12 16:00,8,16,Weekend,Summer,No,96.6,77.15,73.43
2023-08-12 17:00,8,17,Weekend,Summer,No,94.67,76.16,65.3
2023-08-12 18:00,8,18,Weekend,Summer,No,93.02,75.7,67.72
2023-08-12 19:00,8,19,Weekend,Summer,No,91.23,76.04,63.94
2023-08-12 20:00,8,20,Weekend,Summer,No,87.02,74.84,52.2
2023-08-12 21:00,8,21,Weekend,Summer,No,84.92,75.47,42.5
2023-08-12 22:00,8,22,Weekend,Summer,No,83.24,74.4,46.71
2023-08-12 23:00,8,23,Weekend,Summer,No,80.26,74.32,37.04
2023-08-13 00:00,8,0,Weekend,Summer,No,78.46,73.67,42.48
2023-08-13 01:00,8,1,Weekend,Summer,No,78.08,73.18,43.4
2023-08-13 02:00,8,2,Weekend,Summer,No,76.3,72.7,18.89
2023-08-13 03:00,8,3,Weekend,Summer,No,75.02,73.57,35.1
2023-08-13 04:00,8,4,Weekend,Summer,No,74.39,74.07,26.85
2023-08-13 05:00,8,5,Weekend,Summer,No,73.42,72.72,35.7
2023-08-13 06:00,8,6,Weekend,Summer,No,74.72,73.31,37.06
2023-08-13 07:00,8,7,Weekend,Summer,No,78.33,73.85,21.45
2023-08-13 08:00,8,8,Weekend,Summer,No,82.37,75.17,38.18
2023-08-13 09:00,8,9,Weekend,Summer,No,87.48,74.43,52.73
2023-08-13 10:00,8,10,Weekend,Summer,No,91.12,75.38,65.71
2023-08-13 11:00,8,11,Weekend,Summer,No,93.1,76.21,58.05
2023-08-13 12:00,8,12,Weekend,Summer,No,96.86,76.42,73.98
2023-08-13 13:00,8,13,Weekend,Summer,No,98.96,76.32,73.64
2023-08-13 14:00,8,14,Weekend,Summer,No,100.74,77.15,74.67
2023-08-13 15:00,8,15,Weekend,Summer,No,101.39,77.56,72.33
2023-08-13 16:00,8,16,Weekend,Summer,No,99.78,76.65,80.41
2023-08-13 17:00,8,17,Weekend,Summer,No,98.96,77.0,78.79
2023-08-13 18:00,8,18,Weekend,Summer,No,97.28,77.39,61.48
2023-08-13 19:00,8,19,Weekend,Summer,No,93.66,75.73,71.08
2023-08-13 20:00,8,20,Weekend,Summer,No,89.1,75.82,57.55
2023-08-13 21:00,8,21,Weekend,Summer,No,84.66,74.49,40.01
2023-08-13 22:00,8,22,Weekend,Summer,No,81.26,74.48,35.22
2023-08-13 23:00,8,23,Weekend,Summer,No,80.06,74.16,41.66
2023-08-14 00:00,8,0,Weekday,Summer,No,79.43,74.72,44.27
2023-08-14 01:00,8,1,Weekday,Summer,No,78.46,74.3,36.99
2023-08-14 02:00,8,2,Weekday,Summer,No,77.45,74.29,37.11
2023-08-14 03:00,8,3,Weekday,Summer,No,76.37,73.85,36.13
2023-08-14 04:00,8,4,Weekday,Summer,No,75.4,73.59,32.23
2023-08-14 05:00,8,5,Weekday,Summer,No,75.02,72.97,32.84
2023-08-14 06:00,8,6,Weekday,Summer,No,75.54,73.4,36.91
2023-08-14 07:00,8,7,Weekday,Summer,No,79.49,75.1,42.33
2023-08-14 08:00,8,8,Weekday,Summer,Yes,84.35,74.31,32.21
2023-08-14 09:00,8,9,Weekday,Summer,Yes,87.16,73.93,44.44
2023-08-14 10:00,8,10,Weekday,Summer,Yes,89.77,74.45,65.51
2023-08-14 11:00,8,11,Weekday,Summer,Yes,92.72,75.85,72.95
2023-08-14 12:00,8,12,Weekday,Summer,Yes,93.92,75.57,63.71
2023-08-14 13:00,8,13,Weekday,Summer,Yes,94.55,76.13,63.2
2023-08-14 14:00,8,14,Weekday,Summer,Yes,95.63,75.73,75.31
2023-08-14 15:00,8,15,Weekday,Summer,Yes,96.08,75.59,62.89
2023-08-14 16:00,8,16,Weekday,Summer,Yes,96.08,75.87,70.58
2023-08-14 17:00,8,17,Weekday,Summer,Yes,94.82,74.65,65.2
2023-08-14 18:00,8,18,Weekday,Summer,No,92.24,76.28,66.9
2023-08-14 19:00,8,19,Weekday,Summer,No,89.88,76.01,57.02
2023-08-14 20:00,8,20,Weekday,Summer,No,86.65,75.56,62.85
2023-08-14 21:00,8,21,Weekday,Summer,No,84.4,74.75,36.34
2023-08-14 22:00,8,22,Weekday,Summer,No,81.71,73.97,42.49
2023-08-14 23:00,8,23,Weekday,Summer,No,78.9,74.02,32.6
2023-08-15 00:00,8,0,Weekday,Summer,No,77.45,74.35,38.67
2023-08-15 01:00,8,1,Weekday,Summer,No,75.84,73.85,39.4
2023-08-15 02:00,8,2,Weekday,Summer,No,72.08,73.63,35.38
2023-08-15 03:00,8,3,Weekday,Summer,No,69.46,73.41,27.39
2023-08-15 04:00,8,4,Weekday,Summer,No,67.82,72.19,27.17
2023-08-15 05:00,8,5,Weekday,Summer,No,66.92,72.58,27.72
2023-08-15 06:00,8,6,Weekday,Summer,No,69.86,72.03,31.17
2023-08-15 07:00,8,7,Weekday,Summer,No,76.06,73.72,36.72
2023-08-15 08:00,8,8,Weekday,Summer,Yes,81.92,73.61,38.6
2023-08-15 09:00,8,9,Weekday,Summer,Yes,86.33,74.54,38.52
2023-08-15 10:00,8,10,Weekday,Summer,Yes,89.14,75.75,74.96
2023-08-15 11:00,8,11,Weekday,Summer,Yes,91.12,74.51,70.21
2023-08-15 12:00,8,12,Weekday,Summer,Yes,92.57,74.1,69.23
2023-08-15 13:00,8,13,Weekday,Summer,Yes,94.18,75.43,64.11
2023-08-15 14:00,8,14,Weekday,Summer,Yes,95.63,74.63,58.2
2023-08-15 15:00,8,15,Weekday,Summer,Yes,96.08,75.48,66.89
2023-08-15 16:00,8,16,Weekday,Summer,Yes,96.6,75.83,69.3
2023-08-15 17:00,8,17,Weekday,Summer,Yes,95.2,76.21,62.58
2023-08-15 18:00,8,18,Weekday,Summer,No,93.4,76.81,66.25
2023-08-15 19:00,8,19,Weekday,Summer,No,90.08,75.86,63.1
2023-08-15 20:00,8,20,Weekday,Summer,No,85.67,75.82,58.44
2023-08-15 21:00,8,21,Weekday,Summer,No,83.39,74.16,46.97
2023-08-15 22:00,8,22,Weekday,Summer,No,81.78,73.58,46.25
2023-08-15 23:00,8,23,Weekday,Summer,No,79.81,74.29,38.75
2023-08-16 00:00,8,0,Weekday,Summer,No,77.2,73.68,42.82
2023-08-16 01:00,8,1,Weekday,Summer,No,73.61,73.93,32.12
2023-08-16 02:00,8,2,Weekday,Summer,No,70.81,73.18,34.57
2023-08-16 03:00,8,3,Weekday,Summer,No,69.46,73.74,28.7
2023-08-16 04:00,8,4,Weekday,Summer,No,69.08,72.81,33.65
2023-08-16 05:00,8,5,Weekday,Summer,No,67.3,72.63,35.24
2023-08-16 06:00,8,6,Weekday,Summer,No,68.96,71.95,37.6
2023-08-16 07:00,8,7,Weekday,Summer,No,75.16,74.08,29.63
2023-08-16 08:00,8,8,Weekday,Summer,Yes,81.54,73.27,42.58
2023-08-16 09:00,8,9,Weekday,Summer,Yes,87.48,74.9,45.98
2023-08-16 10:00,8,10,Weekday,Summer,Yes,91.12,74.84,62.02
2023-08-16 11:00,8,11,Weekday,Summer,Yes,92.57,75.42,62.83
2023-08-16 12:00,8,12,Weekday,Summer,Yes,94.8,75.09,58.24
2023-08-16 13:00,8,13,Weekday,Summer,Yes,96.6,75.08,75.17
2023-08-16 14:00,8,14,Weekday,Summer,Yes,98.14,76.55,67.63
2023-08-16 15:00,8,15,Weekday,Summer,Yes,98.96,76.55,68.1
2023-08-16 16:00,8,16,Weekday,Summer,Yes,98.96,75.5,65.8
2023-08-16 17:00,8,17,Weekday,Summer,Yes,97.28,75.05,70.4
2023-08-16 18:00,8,18,Weekday,Summer,No,95.45,75.76,62.54
2023-08-16 19:00,8,19,Weekday,Summer,No,93.22,76.03,59.21
2023-08-16 20:00,8,20,Weekday,Summer,No,89.63,76.24,58.16
2023-08-16 21:00,8,21,Weekday,Summer,No,86.82,75.3,48.47
2023-08-16 22:00,8,22,Weekday,Summer,No,84.84,75.04,44.31
2023-08-16 23:00,8,23,Weekday,Summer,No,82.86,74.67,34.97
2023-08-17 00:00,8,0,Weekday,Summer,No,79.1,74.31,44.08
2023-08-17 01:00,8,1,Weekday,Summer,No,75.84,73.12,41.46
2023-08-17 02:00,8,2,Weekday,Summer,No,72.71,72.93,36.01
2023-08-17 03:00,8,3,Weekday,Summer,No,71.06,72.67,29.43
2023-08-17 04:00,8,4,Weekday,Summer,No,70.43,72.97,37.0
2023-08-17 05:00,8,5,Weekday,Summer,No,69.98,71.82,31.8
2023-08-17 06:00,8,6,Weekday,Summer,No,71.76,73.01,37.32
2023-08-17 07:00,8,7,Weekday,Summer,No,76.5,72.93,42.67
2023-08-17 08:00,8,8,Weekday,Summer,Yes,83.08,73.4,40.71
2023-08-17 09:00,8,9,Weekday,Summer,Yes,89.46,73.94,42.03
2023-08-17 10:00,8,10,Weekday,Summer,Yes,93.1,75.29,68.24
2023-08-17 11:00,8,11,Weekday,Summer,Yes,95.7,75.55,74.35
2023-08-17 12:00,8,12,Weekday,Summer,Yes,97.61,76.24,60.63
2023-08-17 13:00,8,13,Weekday,Summer,Yes,100.37,76.33,76.69
2023-08-17 14:00,8,14,Weekday,Summer,Yes,101.39,75.09,74.36
2023-08-17 15:00,8,15,Weekday,Summer,Yes,102.1,76.47,71.82
2023-08-17 16:00,8,16,Weekday,Summer,Yes,102.4,76.83,65.84
2023-08-17 17:00,8,17,Weekday,Summer,Yes,100.86,76.62,77.06
2023-08-17 18:00,8,18,Weekday,Summer,No,97.73,76.99,78.62
2023-08-17 19:00,8,19,Weekday,Summer,No,94.82,76.99,69.31
2023-08-17 20:00,8,20,Weekday,Summer,No,92.76,76.15,70.15
2023-08-17 21:00,8,21,Weekday,Summer,No,90.26,75.91,59.65
2023-08-17 22:00,8,22,Weekday,Summer,No,87.28,75.68,43.42
2023-08-17 23:00,8,23,Weekday,Summer,No,82.54,74.42,51.74
2023-08-18 00:00,8,0,Weekday,Summer,No,79.43,74.13,36.52
2023-08-18 01:00,8,1,Weekday,Summer,No,77.2,73.91,40.39
2023-08-18 02:00,8,2,Weekday,Summer,No,74.76,73.03,40.56
2023-08-18 03:00,8,3,Weekday,Summer,No,73.42,73.35,25.88
2023-08-18 04:00,8,4,Weekday,Summer,No,73.04,73.09,29.75
2023-08-18 05:00,8,5,Weekday,Summer,No,72.41,73.53,37.67
2023-08-18 06:00,8,6,Weekday,Summer,No,73.12,73.53,34.4
2023-08-18 07:00,8,7,Weekday,Summer,No,76.88,72.33,38.97
2023-08-18 08:00,8,8,Weekday,Summer,Yes,83.08,73.39,38.66
2023-08-18 09:00,8,9,Weekday,Summer,Yes,88.94,73.81,44.12
2023-08-18 10:00,8,10,Weekday,Summer,Yes,93.35,74.58,59.96
2023-08-18 11:00,8,11,Weekday,Summer,Yes,97.31,76.17,70.8
2023-08-18 12:00,8,12,Weekday,Summer,Yes,101.27,75.06,72.77
2023-08-18 13:00,8,13,Weekday,Summer,Yes,102.92,75.71,74.65
2023-08-18 14:00,8,14,Weekday,Summer,Yes,102.92,77.1,64.58
2023-08-18 15:00,8,15,Weekday,Summer,Yes,102.92,76.19,72.73
2023-08-18 16:00,8,16,Weekday,Summer,Yes,102.92,76.49,79.76
2023-08-18 17:00,8,17,Weekday,Summer,Yes,102.4,76.26,78.75
2023-08-18 18:00,8,18,Weekday,Summer,No,100.23,76.88,67.08
2023-08-18 19:00,8,19,Weekday,Summer,No,96.65,76.84,71.08
2023-08-18 20:00,8,20,Weekday,Summer,No,93.84,76.24,67.33
2023-08-18 21:00,8,21,Weekday,Summer,No,90.71,75.54,57.22
2023-08-18 22:00,8,22,Weekday,Summer,No,87.28,75.5,49.93
2023-08-18 23:00,8,23,Weekday,Summer,No,83.69,74.57,50.59
2023-08-19 00:00,8,0,Weekend,Summer,No,80.88,74.33,35.4
2023-08-19 01:00,8,1,Weekend,Summer,No,82.37,74.21,39.28
2023-08-19 02:00,8,2,Weekend,Summer,No,83.39,74.7,40.03
2023-08-19 03:00,8,3,Weekend,Summer,No,82.42,74.7,36.65
2023-08-19 04:00,8,4,Weekend,Summer,No,80.88,74.43,40.74
2023-08-19 05:00,8,5,Weekend,Summer,No,78.9,74.7,39.93
2023-08-19 06:00,8,6,Weekend,Summer,No,77.45,73.55,35.83
2023-08-19 07:00,8,7,Weekend,Summer,No,79.94,74.35,40.81
2023-08-19 08:00,8,8,Weekend,Summer,No,84.98,74.57,41.21
2023-08-19 09:00,8,9,Weekend,Summer,No,88.76,76.42,48.64
2023-08-19 10:00,8,10,Weekend,Summer,No,92.9,75.66,68.87
2023-08-19 11:00,8,11,Weekend,Summer,No,96.16,76.24,67.95
2023-08-19 12:00,8,12,Weekend,Summer,No,98.77,77.39,68.51
2023-08-19 13:00,8,13,Weekend,Summer,No,101.2,77.38,71.24
2023-08-19 14:00,8,14,Weekend,Summer,No,102.54,77.14,77.05
2023-08-19 15:00,8,15,Weekend,Summer,No,102.4,77.68,64.74
2023-08-19 16:00,8,16,Weekend,Summer,No,102.54,76.71,77.78
2023-08-19 17:00,8,17,Weekend,Summer,No,101.76,77.67,65.24
2023-08-19 18:00,8,18,Weekend,Summer,No,96.84,76.7,66.66
2023-08-19 19:00,8,19,Weekend,Summer,No,93.4,76.06,65.35
2023-08-19 20:00,8,20,Weekend,Summer,No,90.71,75.35,58.08
2023-08-19 21:00,8,21,Weekend,Summer,No,87.28,75.44,49.3
2023-08-19 22:00,8,22,Weekend,Summer,No,84.22,74.62,51.79
2023-08-19 23:00,8,23,Weekend,Summer,No,82.42,74.53,42.23
2023-08-20 00:00,8,0,Weekend,Summer,No,82.04,75.22,41.19
2023-08-20 01:00,8,1,Weekend,Summer,No,82.04,75.02,46.79
2023-08-20 02:00,8,2,Weekend,Summer,No,80.88,75.12,37.73
2023-08-20 03:00,8,3,Weekend,Summer,No,79.43,74.87,45.82
2023-08-20 04:00,8,4,Weekend,Summer,No,77.82,73.2,33.59
2023-08-20 05:00,8,5,Weekend,Summer,No,78.16,74.42,45.86
2023-08-20 06:00,8,6,Weekend,Summer,No,78.46,74.65,38.06
2023-08-20 07:00,8,7,Weekend,Summer,No,80.39,74.31,31.92
2023-08-20 08:00,8,8,Weekend,Summer,No,84.98,75.37,42.76
2023-08-20 09:00,8,9,Weekend,Summer,No,89.39,75.58,58.79
2023-08-20 10:00,8,10,Weekend,Summer,No,92.72,75.55,75.67
2023-08-20 11:00,8,11,Weekend,Summer,No,95.7,76.27,71.96
2023-08-20 12:00,8,12,Weekend,Summer,No,98.14,76.98,71.59
2023-08-20 13:00,8,13,Weekend,Summer,No,99.59,76.81,74.9
2023-08-20 14:00,8,14,Weekend,Summer,No,99.41,76.37,63.97
2023-08-20 15:00,8,15,Weekend,Summer,No,90.24,76.02,64.5
2023-08-20 16:00,8,16,Weekend,Summer,No,84.54,74.77,53.43
2023-08-20 17:00,8,17,Weekend,Summer,No,83.77,75.04,64.15
2023-08-20 18:00,8,18,Weekend,Summer,No,82.94,74.89,59.17
2023-08-20 19:00,8,19,Weekend,Summer,No,82.42,75.0,63.96
2023-08-20 20:00,8,20,Weekend,Summer,No,80.88,74.29,50.85
2023-08-20 21:00,8,21,Weekend,Summer,No,79.43,73.46,38.92
2023-08-20 22:00,8,22,Weekend,Summer,No,77.2,73.98,32.49
2023-08-20 23:00,8,23,Weekend,Summer,No,76.55,73.55,43.34
2023-08-21 00:00,8,0,Weekday,Summer,No,76.37,74.22,45.15
2023-08-21 01:00,8,1,Weekday,Summer,No,75.92,73.28,28.97
2023-08-21 02:00,8,2,Weekday,Summer,No,75.92,73.23,26.13
2023-08-21 03:00,8,3,Weekday,Summer,No,74.76,73.3,38.59
2023-08-21 04:00,8,4,Weekday,Summer,No,73.94,72.93,27.75
2023-08-21 05:00,8,5,Weekday,Summer,No,74.57,73.6,29.74
2023-08-21 06:00,8,6,Weekday,Summer,No,75.02,73.15,33.92
2023-08-21 07:00,8,7,Weekday,Summer,No,80.27,74.98,40.48
2023-08-21 08:00,8,8,Weekday,Summer,Yes,86.33,73.45,51.06
2023-08-21 09:00,8,9,Weekday,Summer,Yes,89.14,75.48,50.98
2023-08-21 10:00,8,10,Weekday,Summer,Yes,91.12,74.87,66.84
2023-08-21 11:00,8,11,Weekday,Summer,Yes,93.1,75.26,63.39
2023-08-21 12:00,8,12,Weekday,Summer,Yes,93.4,75.15,64.15
2023-08-21 13:00,8,13,Weekday,Summer,Yes,93.02,75.1,63.22
2023-08-21 14:00,8,14,Weekday,Summer,Yes,94.18,75.32,63.08
2023-08-21 15:00,8,15,Weekday,Summer,Yes,92.06,75.13,58.92
2023-08-21 16:00,8,16,Weekday,Summer,Yes,91.74,74.17,66.91
2023-08-21 17:00,8,17,Weekday,Summer,Yes,93.02,74.29,62.52
2023-08-21 18:00,8,18,Weekday,Summer,No,90.71,76.33,67.71
2023-08-21 19:00,8,19,Weekday,Summer,No,87.9,75.09,65.0
2023-08-21 20:00,8,20,Weekday,Summer,No,78.89,73.74,57.07
2023-08-21 21:00,8,21,Weekday,Summer,No,73.04,72.99,27.26
2023-08-21 22:00,8,22,Weekday,Summer,No,72.41,73.34,43.71
2023-08-21 23:00,8,23,Weekday,Summer,No,71.96,73.15,33.81
2023-08-22 00:00,8,0,Weekday,Summer,No,72.59,73.12,32.3
2023-08-22 01:00,8,1,Weekday,Summer,No,71.88,73.06,37.26
2023-08-22 02:00,8,2,Weekday,Summer,No,70.43,73.03,28.05
2023-08-22 03:00,8,3,Weekday,Summer,No,69.98,73.02,38.05
2023-08-22 04:00,8,4,Weekday,Summer,No,69.46,72.77,32.16
2023-08-22 05:00,8,5,Weekday,Summer,No,69.08,72.19,35.32
2023-08-22 06:00,8,6,Weekday,Summer,No,70.24,72.52,30.4
2023-08-22 07:00,8,7,Weekday,Summer,No,73.37,73.95,31.33
2023-08-22 08:00,8,8,Weekday,Summer,Yes,76.8,73.32,36.22
2023-08-22 09:00,8,9,Weekday,Summer,Yes,81.54,73.66,36.73
2023-08-22 10:00,8,10,Weekday,Summer,Yes,85.18,74.01,52.81
2023-08-22 11:00,8,11,Weekday,Summer,Yes,88.94,75.17,65.73
2023-08-22 12:00,8,12,Weekday,Summer,Yes,92.72,76.19,72.39
2023-08-22 13:00,8,13,Weekday,Summer,Yes,94.55,75.06,68.21
2023-08-22 14:00,8,14,Weekday,Summer,Yes,94.37,74.86,64.43
2023-08-22 15:00,8,15,Weekday,Summer,Yes,94.55,75.36,70.68
2023-08-22 16:00,8,16,Weekday,Summer,Yes,95.63,74.93,68.14
2023-08-22 17:00,8,17,Weekday,Summer,Yes,91.36,75.47,52.24
2023-08-22 18:00,8,18,Weekday,Summer,No,86.82,75.68,65.73
2023-08-22 19:00,8,19,Weekday,Summer,No,85.37,75.49,58.69
2023-08-22 20:00,8,20,Weekday,Summer,No,84.4,74.76,51.26
2023-08-22 21:00,8,21,Weekday,Summer,No,83.39,74.74,43.67
2023-08-22 22:00,8,22,Weekday,Summer,No,81.78,74.14,41.21
2023-08-22 23:00,8,23,Weekday,Summer,No,80.44,74.51,38.89
2023-08-23 00:00,8,0,Weekday,Summer,No,79.43,74.43,44.98
2023-08-23 01:00,8,1,Weekday,Summer,No,77.82,74.0,38.06
2023-08-23 02:00,8,2,Weekday,Summer,No,76.37,73.48,43.79
2023-08-23 03:00,8,3,Weekday,Summer,No,74.76,73.64,34.75
2023-08-23 04:00,8,4,Weekday,Summer,No,73.94,73.21,29.98
2023-08-23 05:00,8,5,Weekday,Summer,No,73.42,73.87,33.76
2023-08-23 06:00,8,6,Weekday,Summer,No,73.56,73.03,35.1
2023-08-23 07:00,8,7,Weekday,Summer,No,77.51,74.13,34.19
2023-08-23 08:00,8,8,Weekday,Summer,Yes,82.9,74.29,44.9
2023-08-23 09:00,8,9,Weekday,Summer,Yes,87.34,74.52,50.66
2023-08-23 10:00,8,10,Weekday,Summer,Yes,90.74,73.86,61.05
2023-08-23 11:00,8,11,Weekday,Summer,Yes,92.57,74.84,64.34
2023-08-23 12:00,8,12,Weekday,Summer,Yes,94.18,75.9,60.38
2023-08-23 13:00,8,13,Weekday,Summer,Yes,97.31,75.98,71.48
2023-08-23 14:00,8,14,Weekday,Summer,Yes,97.28,75.07,71.65
2023-08-23 15:00,8,15,Weekday,Summer,Yes,96.08,75.41,70.3
2023-08-23 16:00,8,16,Weekday,Summer,Yes,96.08,75.51,66.82
2023-08-23 17:00,8,17,Weekday,Summer,Yes,95.45,75.7,76.29
2023-08-23 18:00,8,18,Weekday,Summer,No,90.38,75.96,60.19
2023-08-23 19:00,8,19,Weekday,Summer,No,85.82,75.05,64.64
2023-08-23 20:00,8,20,Weekday,Summer,No,86.7,74.87,61.31
2023-08-23 21:00,8,21,Weekday,Summer,No,86.82,74.95,46.39
2023-08-23 22:00,8,22,Weekday,Summer,No,84.84,75.26,34.98
2023-08-23 23:00,8,23,Weekday,Summer,No,83.39,74.92,36.93
2023-08-24 00:00,8,0,Weekday,Summer,No,82.42,73.88,43.53
2023-08-24 01:00,8,1,Weekday,Summer,No,81.41,75.17,37.25
2023-08-24 02:00,8,2,Weekday,Summer,No,80.44,74.92,34.13
2023-08-24 03:00,8,3,Weekday,Summer,No,78.28,74.16,34.82
2023-08-24 04:00,8,4,Weekday,Summer,No,75.84,73.81,39.6
2023-08-24 05:00,8,5,Weekday,Summer,No,74.39,73.76,32.41
2023-08-24 06:00,8,6,Weekday,Summer,No,75.72,74.7,29.67
2023-08-24 07:00,8,7,Weekday,Summer,No,78.78,73.84,38.49
2023-08-24 08:00,8,8,Weekday,Summer,Yes,78.9,73.04,45.16
2023-08-24 09:00,8,9,Weekday,Summer,Yes,82.7,73.04,43.18
2023-08-24 10:00,8,10,Weekday,Summer,Yes,86.63,73.91,59.25
2023-08-24 11:00,8,11,Weekday,Summer,Yes,87.6,72.96,62.46
2023-08-24 12:00,8,12,Weekday,Summer,Yes,90.92,74.17,68.16
2023-08-24 13:00,8,13,Weekday,Summer,Yes,91.86,74.93,60.76
2023-08-24 14:00,8,14,Weekday,Summer,Yes,86.32,74.1,55.0
2023-08-24 15:00,8,15,Weekday,Summer,Yes,81.78,73.58,58.1
2023-08-24 16:00,8,16,Weekday,Summer,Yes,83.27,73.91,64.96
2023-08-24 17:00,8,17,Weekday,Summer,Yes,77.99,73.73,40.54
2023-08-24 18:00,8,18,Weekday,Summer,No,71.26,72.61,41.52
2023-08-24 19:00,8,19,Weekday,Summer,No,70.61,72.59,46.13
2023-08-24 20:00,8,20,Weekday,Summer,No,69.9,72.73,56.69
2023-08-24 21:00,8,21,Weekday,Summer,No,68.45,72.75,21.16
2023-08-24 22:00,8,22,Weekday,Summer,No,68.63,72.69,31.32
2023-08-24 23:00,8,23,Weekday,Summer,No,69.6,73.34,32.39
2023-08-25 00:00,8,0,Weekday,Summer,No,69.46,72.01,33.0
2023-08-25 01:00,8,1,Weekday,Summer,No,69.6,72.85,38.65
2023-08-25 02:00,8,2,Weekday,Summer,No,69.46,72.43,26.69
2023-08-25 03:00,8,3,Weekday,Summer,No,67.82,73.05,26.14
2023-08-25 04:00,8,4,Weekday,Summer,No,68.18,72.98,34.71
2023-08-25 05:00,8,5,Weekday,Summer,No,69.6,73.12,30.67
2023-08-25 06:00,8,6,Weekday,Summer,No,70.61,72.61,37.11
2023-08-25 07:00,8,7,Weekday,Summer,No,73.37,73.64,42.62
2023-08-25 08:00,8,8,Weekday,Summer,Yes,77.96,72.7,39.8
2023-08-25 09:00,8,9,Weekday,Summer,Yes,81.74,73.33,44.9
2023-08-25 10:00,8,10,Weekday,Summer,Yes,85.36,73.78,46.66
2023-08-25 11:00,8,11,Weekday,Summer,Yes,88.76,75.25,61.33
2023-08-25 12:00,8,12,Weekday,Summer,Yes,86.49,74.83,46.51
2023-08-25 13:00,8,13,Weekday,Summer,Yes,86.33,74.4,57.12
2023-08-25 14:00,8,14,Weekday,Summer,Yes,87.46,74.58,58.54
2023-08-25 15:00,8,15,Weekday,Summer,Yes,85.3,74.35,57.46
2023-08-25 16:00,8,16,Weekday,Summer,Yes,82.24,73.18,50.94
2023-08-25 17:00,8,17,Weekday,Summer,Yes,79.81,73.32,58.91
2023-08-25 18:00,8,18,Weekday,Summer,No,73.73,73.61,48.38
2023-08-25 19:00,8,19,Weekday,Summer,No,72.29,72.67,47.29
2023-08-25 20:00,8,20,Weekday,Summer,No,72.78,72.89,58.69
2023-08-25 21:00,8,21,Weekday,Summer,No,70.81,72.35,41.06
2023-08-25 22:00,8,22,Weekday,Summer,No,69.98,72.24,30.0
2023-08-25 23:00,8,23,Weekday,Summer,No,71.14,73.21,30.35
2023-08-26 00:00,8,0,Weekend,Summer,No,71.44,73.3,38.03
2023-08-26 01:00,8,1,Weekend,Summer,No,71.06,72.32,28.03
2023-08-26 02:00,8,2,Weekend,Summer,No,71.06,73.06,30.1
2023-08-26 03:00,8,3,Weekend,Summer,No,69.9,73.15,30.32
2023-08-26 04:00,8,4,Weekend,Summer,No,68.45,71.85,23.2
2023-08-26 05:00,8,5,Weekend,Summer,No,66.84,72.1,27.81
2023-08-26 06:00,8,6,Weekend,Summer,No,67.18,71.8,33.08
2023-08-26 07:00,8,7,Weekend,Summer,No,70.94,73.29,40.96
2023-08-26 08:00,8,8,Weekend,Summer,No,76.5,73.55,36.6
2023-08-26 09:00,8,9,Weekend,Summer,No,80.13,73.51,46.05
2023-08-26 10:00,8,10,Weekend,Summer,No,83.27,74.99,57.63
2023-08-26 11:00,8,11,Weekend,Summer,No,87.34,75.34,67.19
2023-08-26 12:00,8,12,Weekend,Summer,No,89.06,76.05,68.95
2023-08-26 13:00,8,13,Weekend,Summer,No,90.22,76.75,64.57
2023-08-26 14:00,8,14,Weekend,Summer,No,90.41,75.75,67.96
2023-08-26 15:00,8,15,Weekend,Summer,No,84.18,74.64,62.83
2023-08-26 16:00,8,16,Weekend,Summer,No,78.9,74.15,53.86
2023-08-26 17:00,8,17,Weekend,Summer,No,78.08,74.16,57.72
2023-08-26 18:00,8,18,Weekend,Summer,No,78.08,73.68,52.77
2023-08-26 19:00,8,19,Weekend,Summer,No,77.45,74.53,53.32
2023-08-26 20:00,8,20,Weekend,Summer,No,74.06,73.16,56.3
2023-08-26 21:00,8,21,Weekend,Summer,No,70.81,73.48,39.63
2023-08-26 22:00,8,22,Weekend,Summer,No,71.14,73.62,25.38
2023-08-26 23:00,8,23,Weekend,Summer,No,70.81,73.24,29.75
2023-08-27 00:00,8,0,Weekend,Summer,No,67.67,72.56,26.5
2023-08-27 01:00,8,1,Weekend,Summer,No,66.02,71.28,22.95
2023-08-27 02:00,8,2,Weekend,Summer,No,64.86,71.57,21.27
2023-08-27 03:00,8,3,Weekend,Summer,No,64.04,72.54,20.87
2023-08-27 04:00,8,4,Weekend,Summer,No,65.19,72.27,33.59
2023-08-27 05:00,8,5,Weekend,Summer,No,65.39,72.41,31.97
2023-08-27 06:00,8,6,Weekend,Summer,No,65.57,72.38,19.05
2023-08-27 07:00,8,7,Weekend,Summer,No,68.96,72.54,30.67
2023-08-27 08:00,8,8,Weekend,Summer,No,74.53,73.15,34.01
2023-08-27 09:00,8,9,Weekend,Summer,No,79.94,74.47,45.87
2023-08-27 10:00,8,10,Weekend,Summer,No,84.98,75.11,71.78
2023-08-27 11:00,8,11,Weekend,Summer,No,88.76,75.59,60.55
2023-08-27 12:00,8,12,Weekend,Summer,No,89.96,75.39,65.75
2023-08-27 13:00,8,13,Weekend,Summer,No,91.12,76.73,62.72
2023-08-27 14:00,8,14,Weekend,Summer,No,93.1,76.99,78.79
2023-08-27 15:00,8,15,Weekend,Summer,No,94.55,76.55,66.99
2023-08-27 16:00,8,16,Weekend,Summer,No,95.0,76.22,63.8
2023-08-27 17:00,8,17,Weekend,Summer,No,92.69,75.93,67.55
2023-08-27 18:00,8,18,Weekend,Summer,No,89.88,75.88,57.73
2023-08-27 19:00,8,19,Weekend,Summer,No,87.9,74.84,60.0
2023-08-27 20:00,8,20,Weekend,Summer,No,83.51,74.58,55.72
2023-08-27 21:00,8,21,Weekend,Summer,No,79.81,74.2,39.97
2023-08-27 22:00,8,22,Weekend,Summer,No,76.67,73.93,38.6
2023-08-27 23:00,8,23,Weekend,Summer,No,75.54,73.69,34.7
2023-08-28 00:00,8,0,Weekday,Summer,No,74.24,73.42,37.9
2023-08-28 01:00,8,1,Weekday,Summer,No,71.88,72.15,40.1
2023-08-28 02:00,8,2,Weekday,Summer,No,70.43,73.12,29.06
2023-08-28 03:00,8,3,Weekday,Summer,No,68.82,72.52,33.25
2023-08-28 04:00,8,4,Weekday,Summer,No,67.37,72.16,35.91
2023-08-28 05:00,8,5,Weekday,Summer,No,67.55,72.93,32.2
2023-08-28 06:00,8,6,Weekday,Summer,No,69.16,72.4,39.88
2023-08-28 07:00,8,7,Weekday,Summer,No,74.08,72.76,37.88
2023-08-28 08:00,8,8,Weekday,Summer,Yes,81.1,73.99,42.05
2023-08-28 09:00,8,9,Weekday,Summer,Yes,86.96,73.99,43.33
2023-08-28 10:00,8,10,Weekday,Summer,Yes,91.37,74.96,61.0
2023-08-28 11:00,8,11,Weekday,Summer,Yes,94.18,74.73,53.29
2023-08-28 12:00,8,12,Weekday,Summer,Yes,95.63,75.24,69.84
2023-08-28 13:00,8,13,Weekday,Summer,Yes,96.6,75.76,72.84
2023-08-28 14:00,8,14,Weekday,Summer,Yes,96.98,75.01,66.01
2023-08-28 15:00,8,15,Weekday,Summer,Yes,96.46,75.68,78.18
2023-08-28 16:00,8,16,Weekday,Summer,Yes,96.6,75.83,66.73
2023-08-28 17:00,8,17,Weekday,Summer,Yes,96.46,75.47,77.04
2023-08-28 18:00,8,18,Weekday,Summer,No,93.66,75.82,68.11
2023-08-28 19:00,8,19,Weekday,Summer,No,89.63,76.35,56.34
2023-08-28 20:00,8,20,Weekday,Summer,No,85.67,75.51,50.53
2023-08-28 21:00,8,21,Weekday,Summer,No,83.39,73.86,53.05
2023-08-28 22:00,8,22,Weekday,Summer,No,81.26,74.64,30.59
2023-08-28 23:00,8,23,Weekday,Summer,No,80.06,73.89,41.9
2023-08-29 00:00,8,0,Weekday,Summer,No,80.06,74.13,37.22
2023-08-29 01:00,8,1,Weekday,Summer,No,79.43,73.35,37.57
2023-08-29 02:00,8,2,Weekday,Summer,No,78.46,74.11,40.18
2023-08-29 03:00,8,3,Weekday,Summer,No,78.08,73.97,40.34
2023-08-29 04:00,8,4,Weekday,Summer,No,78.08,73.36,26.67
2023-08-29 05:00,8,5,Weekday,Summer,No,78.08,73.74,36.5
2023-08-29 06:00,8,6,Weekday,Summer,No,78.08,73.53,30.39
2023-08-29 07:00,8,7,Weekday,Summer,No,80.92,73.99,42.54
2023-08-29 08:00,8,8,Weekday,Summer,Yes,85.36,73.31,43.97
2023-08-29 09:00,8,9,Weekday,Summer,Yes,89.39,74.29,40.89
2023-08-29 10:00,8,10,Weekday,Summer,Yes,92.72,76.02,64.51
2023-08-29 11:00,8,11,Weekday,Summer,Yes,95.18,75.63,73.86
2023-08-29 12:00,8,12,Weekday,Summer,Yes,94.3,75.46,65.24
2023-08-29 13:00,8,13,Weekday,Summer,Yes,95.33,75.31,67.68
2023-08-29 14:00,8,14,Weekday,Summer,Yes,88.27,74.92,60.44
2023-08-29 15:00,8,15,Weekday,Summer,Yes,87.29,74.71,58.51
2023-08-29 16:00,8,16,Weekday,Summer,Yes,88.73,74.01,61.6
2023-08-29 17:00,8,17,Weekday,Summer,Yes,87.08,73.42,61.17
2023-08-29 18:00,8,18,Weekday,Summer,No,84.66,73.65,58.59
2023-08-29 19:00,8,19,Weekday,Summer,No,81.26,74.82,59.38
2023-08-29 20:00,8,20,Weekday,Summer,No,80.58,74.51,52.64
2023-08-29 21:00,8,21,Weekday,Summer,No,80.44,73.14,40.12
2023-08-29 22:00,8,22,Weekday,Summer,No,80.06,73.76,50.12
2023-08-29 23:00,8,23,Weekday,Summer,No,77.65,73.78,33.8
2023-08-30 00:00,8,0,Weekday,Summer,No,74.76,74.75,32.78
2023-08-30 01:00,8,1,Weekday,Summer,No,73.42,72.87,33.55
2023-08-30 02:00,8,2,Weekday,Summer,No,72.41,72.81,30.83
2023-08-30 03:00,8,3,Weekday,Summer,No,71.96,72.34,23.22
2023-08-30 04:00,8,4,Weekday,Summer,No,71.96,73.21,32.45
2023-08-30 05:00,8,5,Weekday,Summer,No,70.28,72.8,43.34
2023-08-30 06:00,8,6,Weekday,Summer,No,70.76,71.8,35.02
2023-08-30 07:00,8,7,Weekday,Summer,No,76.68,73.96,38.44
2023-08-30 08:00,8,8,Weekday,Summer,Yes,82.37,74.2,40.87
2023-08-30 09:00,8,9,Weekday,Summer,Yes,86.33,74.77,50.07
2023-08-30 10:00,8,10,Weekday,Summer,Yes,90.92,75.03,49.06
2023-08-30 11:00,8,11,Weekday,Summer,Yes,95.33,75.74,67.19
2023-08-30 12:00,8,12,Weekday,Summer,Yes,98.14,74.82,77.69
2023-08-30 13:00,8,13,Weekday,Summer,Yes,99.59,76.18,61.16
2023-08-30 14:00,8,14,Weekday,Summer,Yes,99.41,76.26,65.32
2023-08-30 15:00,8,15,Weekday,Summer,Yes,100.12,75.8,72.04
2023-08-30 16:00,8,16,Weekday,Summer,Yes,100.42,75.88,80.86
2023-08-30 17:00,8,17,Weekday,Summer,Yes,99.41,76.27,77.06
2023-08-30 18:00,8,18,Weekday,Summer,No,96.65,76.16,58.77
2023-08-30 19:00,8,19,Weekday,Summer,No,90.9,75.63,81.43
2023-08-30 20:00,8,20,Weekday,Summer,No,85.04,74.48,58.68
2023-08-30 21:00,8,21,Weekday,Summer,No,82.42,74.4,41.59
2023-08-30 22:00,8,22,Weekday,Summer,No,80.88,74.04,34.14
2023-08-30 23:00,8,23,Weekday,Summer,No,78.9,74.31,34.62
2023-08-31 00:00,8,0,Weekday,Summer,No,77.45,73.84,43.71
2023-08-31 01:00,8,1,Weekday,Summer,No,77.63,74.19,33.34
2023-08-31 02:00,8,2,Weekday,Summer,No,75.14,73.74,35.44
2023-08-31 03:00,8,3,Weekday,Summer,No,72.41,73.22,44.56
2023-08-31 04:00,8,4,Weekday,Summer,No,71.96,72.96,32.76
2023-08-31 05:00,8,5,Weekday,Summer,No,71.96,72.73,36.05
2023-08-31 06:00,8,6,Weekday,Summer,No,72.59,73.36,36.58
2023-08-31 07:00,8,7,Weekday,Summer,No,76.5,73.76,36.3
2023-08-31 08:00,8,8,Weekday,Summer,Yes,83.08,73.49,48.72
2023-08-31 09:00,8,9,Weekday,Summer,Yes,91.25,73.97,54.77
2023-08-31 10:00,8,10,Weekday,Summer,Yes,95.63,75.38,73.75
2023-08-31 11:00,8,11,Weekday,Summer,Yes,97.24,75.01,63.41
2023-08-31 12:00,8,12,Weekday,Summer,Yes,98.58,75.18,72.9
2023-08-31 13:00,8,13,Weekday,Summer,Yes,100.12,75.95,66.43
2023-08-31 14:00,8,14,Weekday,Summer,Yes,99.26,75.52,74.42
2023-08-31 15:00,8,15,Weekday,Summer,Yes,99.74,75.79,70.65
2023-08-31 16:00,8,16,Weekday,Summer,Yes,98.1,76.05,67.49
2023-08-31 17:00,8,17,Weekday,Summer,Yes,96.08,75.91,70.53
2023-08-31 18:00,8,18,Weekday,Summer,No,93.66,76.03,55.05
2023-08-31 19:00,8,19,Weekday,Summer,No,90.26,75.98,62.88
2023-08-31 20:00,8,20,Weekday,Summer,No,87.9,74.78,64.06
2023-08-31 21:00,8,21,Weekday,Summer,No,85.61,74.25,50.01
2023-08-31 22:00,8,22,Weekday,Summer,No,83.2,74.83,43.41
2023-08-31 23:00,8,23,Weekday,Summer,No,80.75,74.49,37.9
2023-09-01 00:00,9,0,Weekday,Fall,No,78.33,74.63,35.34
2023-09-01 01:00,9,1,Weekday,Fall,No,75.89,73.72,36.74
2023-09-01 02:00,9,2,Weekday,Fall,No,73.47,72.66,25.35
2023-09-01 03:00,9,3,Weekday,Fall,No,71.03,73.14,39.84
2023-09-01 04:00,9,4,Weekday,Fall,No,70.61,73.66,37.35
2023-09-01 05:00,9,5,Weekday,Fall,No,71.06,71.97,34.55
2023-09-01 06:00,9,6,Weekday,Fall,No,71.06,72.67,26.95
2023-09-01 07:00,9,7,Weekday,Fall,No,73.37,72.9,43.63
2023-09-01 08:00,9,8,Weekday,Fall,Yes,77.33,72.47,49.88
2023-09-01 09:00,9,9,Weekday,Fall,Yes,80.76,73.89,41.55
2023-09-01 10:00,9,10,Weekday,Fall,Yes,83.72,73.77,60.14
2023-09-01 11:00,9,11,Weekday,Fall,Yes,85.55,73.66,53.08
2023-09-01 12:00,9,12,Weekday,Fall,Yes,88.94,74.34,58.08
2023-09-01 13:00,9,13,Weekday,Fall,Yes,92.2,75.62,66.47
2023-09-01 14:00,9,14,Weekday,Fall,Yes,92.39,75.89,62.86
2023-09-01 15:00,9,15,Weekday,Fall,Yes,92.57,75.17,61.3
2023-09-01 16:00,9,16,Weekday,Fall,Yes,93.02,75.43,73.61
2023-09-01 17:00,9,17,Weekday,Fall,Yes,91.86,75.09,62.5
2023-09-01 18:00,9,18,Weekday,Fall,No,89.88,75.39,67.17
2023-09-01 19:00,9,19,Weekday,Fall,No,87.9,75.9,55.74
2023-09-01 20:00,9,20,Weekday,Fall,No,86.45,75.38,62.9
2023-09-01 21:00,9,21,Weekday,Fall,No,83.69,75.0,42.46
2023-09-01 22:00,9,22,Weekday,Fall,No,80.26,74.53,41.81
2023-09-01 23:00,9,23,Weekday,Fall,No,78.46,74.62,45.07
2023-09-02 00:00,9,0,Weekend,Fall,No,77.45,74.62,31.94
2023-09-02 01:00,9,1,Weekend,Fall,No,75.84,73.36,41.43
2023-09-02 02:00,9,2,Weekend,Fall,No,74.39,73.58,35.58
2023-09-02 03:00,9,3,Weekend,Fall,No,73.42,74.08,31.67
2023-09-02 04:00,9,4,Weekend,Fall,No,73.04,73.09,32.79
2023-09-02 05:00,9,5,Weekend,Fall,No,72.41,72.54,22.05
2023-09-02 06:00,9,6,Weekend,Fall,No,71.96,72.92,35.97
2023-09-02 07:00,9,7,Weekend,Fall,No,75.53,74.29,39.09
2023-09-02 08:00,9,8,Weekend,Fall,No,80.92,73.83,43.35
2023-09-02 09:00,9,9,Weekend,Fall,No,84.72,74.95,39.86
2023-09-02 10:00,9,10,Weekend,Fall,No,87.16,75.66,68.17
2023-09-02 11:00,9,11,Weekend,Fall,No,89.77,76.02,68.06
2023-09-02 12:00,9,12,Weekend,Fall,No,91.56,75.02,63.94
2023-09-02 13:00,9,13,Weekend,Fall,No,92.57,75.36,68.2
2023-09-02 14:00,9,14,Weekend,Fall,No,95.96,76.01,63.73
2023-09-02 15:00,9,15,Weekend,Fall,No,96.28,76.86,70.79
2023-09-02 16:00,9,16,Weekend,Fall,No,95.0,77.42,69.45
2023-09-02 17:00,9,17,Weekend,Fall,No,93.22,76.0,56.37
2023-09-02 18:00,9,18,Weekend,Fall,No,90.78,76.64,63.49
2023-09-02 19:00,9,19,Weekend,Fall,No,88.8,74.87,65.68
2023-09-02 20:00,9,20,Weekend,Fall,No,87.46,76.27,54.0
2023-09-02 21:00,9,21,Weekend,Fall,No,84.66,74.54,48.23
2023-09-02 22:00,9,22,Weekend,Fall,No,81.78,74.03,44.82
2023-09-02 23:00,9,23,Weekend,Fall,No,80.44,73.3,41.44
2023-09-03 00:00,9,0,Weekend,Fall,No,79.43,73.99,41.5
2023-09-03 01:00,9,1,Weekend,Fall,No,77.82,74.6,33.8
2023-09-03 02:00,9,2,Weekend,Fall,No,76.37,73.76,40.04
2023-09-03 03:00,9,3,Weekend,Fall,No,75.4,73.47,31.27
2023-09-03 04:00,9,4,Weekend,Fall,No,73.86,73.47,32.94
2023-09-03 05:00,9,5,Weekend,Fall,No,73.04,72.62,33.13
2023-09-03 06:00,9,6,Weekend,Fall,No,73.04,74.11,31.05
2023-09-03 07:00,9,7,Weekend,Fall,No,76.5,72.8,37.1
2023-09-03 08:00,9,8,Weekend,Fall,No,81.29,74.75,42.46
2023-09-03 09:00,9,9,Weekend,Fall,No,85.36,75.03,43.87
2023-09-03 10:00,9,10,Weekend,Fall,No,88.23,75.25,53.41
2023-09-03 11:00,9,11,Weekend,Fall,No,90.22,75.5,58.02
2023-09-03 12:00,9,12,Weekend,Fall,No,93.35,75.69,60.79
2023-09-03 13:00,9,13,Weekend,Fall,No,95.0,76.04,69.94
2023-09-03 14:00,9,14,Weekend,Fall,No,95.0,76.3,61.17
2023-09-03 15:00,9,15,Weekend,Fall,No,96.16,76.69,66.96
2023-09-03 16:00,9,16,Weekend,Fall,No,95.82,76.15,65.23
2023-09-03 17:00,9,17,Weekend,Fall,No,93.84,77.43,68.22
2023-09-03 18:00,9,18,Weekend,Fall,No,87.14,74.9,63.65
2023-09-03 19:00,9,19,Weekend,Fall,No,80.63,73.9,46.08
2023-09-03 20:00,9,20,Weekend,Fall,No,80.76,74.36,51.0
2023-09-03 21:00,9,21,Weekend,Fall,No,81.41,74.0,40.07
2023-09-03 22:00,9,22,Weekend,Fall,No,79.81,73.64,45.79
2023-09-03 23:00,9,23,Weekend,Fall,No,78.98,74.35,43.99
2023-09-04 00:00,9,0,Weekday,Fall,No,78.46,74.62,50.03
2023-09-04 01:00,9,1,Weekday,Fall,No,76.3,74.09,44.31
2023-09-04 02:00,9,2,Weekday,Fall,No,73.86,73.51,25.68
2023-09-04 03:00,9,3,Weekday,Fall,No,74.19,74.66,39.74
2023-09-04 04:00,9,4,Weekday,Fall,No,74.39,73.57,33.8
2023-09-04 05:00,9,5,Weekday,Fall,No,75.1,73.82,32.89
2023-09-04 06:00,9,6,Weekday,Fall,No,75.4,74.02,36.9
2023-09-04 07:00,9,7,Weekday,Fall,No,77.96,74.18,42.78
2023-09-04 08:00,9,8,Weekday,Fall,Yes,82.37,72.97,37.05
2023-09-04 09:00,9,9,Weekday,Fall,Yes,85.8,74.11,35.19
2023-09-04 10:00,9,10,Weekday,Fall,Yes,87.6,74.42,63.21
2023-09-04 11:00,9,11,Weekday,Fall,Yes,88.61,74.63,64.02
2023-09-04 12:00,9,12,Weekday,Fall,Yes,90.74,75.27,62.91
2023-09-04 13:00,9,13,Weekday,Fall,Yes,92.57,75.32,64.72
2023-09-04 14:00,9,14,Weekday,Fall,Yes,93.02,75.62,68.86
2023-09-04 15:00,9,15,Weekday,Fall,Yes,93.02,75.06,61.06
2023-09-04 16:00,9,16,Weekday,Fall,Yes,93.02,75.36,71.26
2023-09-04 17:00,9,17,Weekday,Fall,Yes,93.02,75.24,75.11
2023-09-04 18:00,9,18,Weekday,Fall,No,91.23,75.93,70.88
2023-09-04 19:00,9,19,Weekday,Fall,No,87.65,74.92,67.01
2023-09-04 20:00,9,20,Weekday,Fall,No,85.37,74.25,56.15
2023-09-04 21:00,9,21,Weekday,Fall,No,83.24,73.83,41.38
2023-09-04 22:00,9,22,Weekday,Fall,No,82.04,74.69,46.87
2023-09-04 23:00,9,23,Weekday,Fall,No,80.88,75.63,38.84
2023-09-05 00:00,9,0,Weekday,Fall,No,79.43,74.97,42.25
2023-09-05 01:00,9,1,Weekday,Fall,No,78.46,74.56,33.2
2023-09-05 02:00,9,2,Weekday,Fall,No,76.82,73.2,43.44
2023-09-05 03:00,9,3,Weekday,Fall,No,75.4,74.83,30.84
2023-09-05 04:00,9,4,Weekday,Fall,No,75.54,73.4,33.68
2023-09-05 05:00,9,5,Weekday,Fall,No,74.24,73.08,35.78
2023-09-05 06:00,9,6,Weekday,Fall,No,73.56,73.72,28.58
2023-09-05 07:00,9,7,Weekday,Fall,No,76.88,73.78,25.83
2023-09-05 08:00,9,8,Weekday,Fall,Yes,81.92,74.34,51.32
2023-09-05 09:00,9,9,Weekday,Fall,Yes,85.18,73.99,49.53
2023-09-05 10:00,9,10,Weekday,Fall,Yes,87.78,73.78,69.09
2023-09-05 11:00,9,11,Weekday,Fall,Yes,89.58,74.24,66.71
2023-09-05 12:00,9,12,Weekday,Fall,Yes,90.59,75.69,68.89
2023-09-05 13:00,9,13,Weekday,Fall,Yes,86.32,73.87,59.5
2023-09-05 14:00,9,14,Weekday,Fall,Yes,81.26,73.42,50.27
2023-09-05 15:00,9,15,Weekday,Fall,Yes,77.65,73.22,56.84
2023-09-05 16:00,9,16,Weekday,Fall,Yes,75.92,72.93,43.48
2023-09-05 17:00,9,17,Weekday,Fall,Yes,73.61,73.41,47.01
2023-09-05 18:00,9,18,Weekday,Fall,No,69.02,72.9,45.83
2023-09-05 19:00,9,19,Weekday,Fall,No,66.92,73.38,34.54
2023-09-05 20:00,9,20,Weekday,Fall,No,66.4,71.63,51.38
2023-09-05 21:00,9,21,Weekday,Fall,No,66.54,71.75,28.69
2023-09-05 22:00,9,22,Weekday,Fall,No,68.18,72.11,34.7
2023-09-05 23:00,9,23,Weekday,Fall,No,69.08,73.14,32.7
2023-09-06 00:00,9,0,Weekday,Fall,No,70.24,72.89,36.64
2023-09-06 01:00,9,1,Weekday,Fall,No,68.65,72.12,24.65
2023-09-06 02:00,9,2,Weekday,Fall,No,66.4,71.76,26.0
2023-09-06 03:00,9,3,Weekday,Fall,No,66.02,71.57,22.3
2023-09-06 04:00,9,4,Weekday,Fall,No,66.02,72.81,32.57
2023-09-06 05:00,9,5,Weekday,Fall,No,65.39,71.62,28.33
2023-09-06 06:00,9,6,Weekday,Fall,No,66.1,71.76,32.47
2023-09-06 07:00,9,7,Weekday,Fall,No,70.49,73.32,28.66
2023-09-06 08:00,9,8,Weekday,Fall,Yes,74.72,71.59,46.63
2023-09-06 09:00,9,9,Weekday,Fall,Yes,77.7,72.49,38.55
2023-09-06 10:00,9,10,Weekday,Fall,Yes,81.29,73.13,50.3
2023-09-06 11:00,9,11,Weekday,Fall,Yes,84.1,75.46,66.4
2023-09-06 12:00,9,12,Weekday,Fall,Yes,86.18,74.13,53.09
2023-09-06 13:00,9,13,Weekday,Fall,Yes,87.6,74.23,58.5
2023-09-06 14:00,9,14,Weekday,Fall,Yes,87.98,73.95,66.04
2023-09-06 15:00,9,15,Weekday,Fall,Yes,88.61,75.36,71.82
2023-09-06 16:00,9,16,Weekday,Fall,Yes,89.06,74.5,56.04
2023-09-06 17:00,9,17,Weekday,Fall,Yes,87.9,75.26,62.8
2023-09-06 18:00,9,18,Weekday,Fall,No,85.82,75.61,58.26
2023-09-06 19:00,9,19,Weekday,Fall,No,83.24,75.04,55.04
2023-09-06 20:00,9,20,Weekday,Fall,No,80.88,74.37,58.23
2023-09-06 21:00,9,21,Weekday,Fall,No,77.65,73.8,42.99
2023-09-06 22:00,9,22,Weekday,Fall,No,74.76,73.52,44.34
2023-09-06 23:00,9,23,Weekday,Fall,No,73.42,72.85,37.25
2023-09-07 00:00,9,0,Weekday,Fall,No,73.04,72.73,24.79
2023-09-07 01:00,9,1,Weekday,Fall,No,70.73,72.62,29.3
2023-09-07 02:00,9,2,Weekday,Fall,No,68.45,72.88,32.92
2023-09-07 03:00,9,3,Weekday,Fall,No,67.37,72.97,29.8
2023-09-07 04:00,9,4,Weekday,Fall,No,66.92,72.11,29.55
2023-09-07 05:00,9,5,Weekday,Fall,No,65.76,71.67,20.77
2023-09-07 06:00,9,6,Weekday,Fall,No,66.1,72.6,31.1
2023-09-07 07:00,9,7,Weekday,Fall,No,71.02,72.53,22.8
2023-09-07 08:00,9,8,Weekday,Fall,Yes,75.1,72.27,33.89
2023-09-07 09:00,9,9,Weekday,Fall,Yes,79.49,73.07,33.6
2023-09-07 10:00,9,10,Weekday,Fall,Yes,83.72,73.66,62.15
2023-09-07 11:00,9,11,Weekday,Fall,Yes,87.86,74.64,52.47
2023-09-07 12:00,9,12,Weekday,Fall,Yes,91.12,74.07,62.48
2023-09-07 13:00,9,13,Weekday,Fall,Yes,91.94,74.17,71.36
2023-09-07 14:00,9,14,Weekday,Fall,Yes,92.57,74.85,58.7
2023-09-07 15:00,9,15,Weekday,Fall,Yes,93.54,74.84,54.27
2023-09-07 16:00,9,16,Weekday,Fall,Yes,93.4,75.45,66.94
2023-09-07 17:00,9,17,Weekday,Fall,Yes,91.86,75.43,61.36
2023-09-07 18:00,9,18,Weekday,Fall,No,89.26,74.61,59.04
2023-09-07 19:00,9,19,Weekday,Fall,No,86.2,74.27,63.4
2023-09-07 20:00,9,20,Weekday,Fall,No,84.4,75.4,59.75
2023-09-07 21:00,9,21,Weekday,Fall,No,83.39,74.69,43.64
2023-09-07 22:00,9,22,Weekday,Fall,No,81.78,74.02,47.86
2023-09-07 23:00,9,23,Weekday,Fall,No,79.28,73.77,41.01
2023-09-08 00:00,9,0,Weekday,Fall,No,76.3,73.92,28.79
2023-09-08 01:00,9,1,Weekday,Fall,No,75.02,73.78,42.57
2023-09-08 02:00,9,2,Weekday,Fall,No,74.39,73.41,37.64
2023-09-08 03:00,9,3,Weekday,Fall,No,73.94,72.84,35.54
2023-09-08 04:00,9,4,Weekday,Fall,No,74.57,72.81,30.41
2023-09-08 05:00,9,5,Weekday,Fall,No,75.02,73.3,27.38
2023-09-08 06:00,9,6,Weekday,Fall,No,75.02,73.62,32.15
2023-09-08 07:00,9,7,Weekday,Fall,No,76.18,73.4,34.28
2023-09-08 08:00,9,8,Weekday,Fall,Yes,78.78,73.16,41.12
2023-09-08 09:00,9,9,Weekday,Fall,Yes,82.37,73.16,42.69
2023-09-08 10:00,9,10,Weekday,Fall,Yes,84.54,72.9,57.64
2023-09-08 11:00,9,11,Weekday,Fall,Yes,86.7,75.26,59.09
2023-09-08 12:00,9,12,Weekday,Fall,Yes,89.14,74.31,67.9
2023-09-08 13:00,9,13,Weekday,Fall,Yes,89.96,75.19,61.97
2023-09-08 14:00,9,14,Weekday,Fall,Yes,89.96,75.06,64.46
2023-09-08 15:00,9,15,Weekday,Fall,Yes,91.12,75.62,57.8
2023-09-08 16:00,9,16,Weekday,Fall,Yes,90.78,75.35,54.75
2023-09-08 17:00,9,17,Weekday,Fall,Yes,80.09,73.77,49.57
2023-09-08 18:00,9,18,Weekday,Fall,No,74.19,73.25,44.34
2023-09-08 19:00,9,19,Weekday,Fall,No,75.54,73.61,58.29
2023-09-08 20:00,9,20,Weekday,Fall,No,76.55,73.83,55.14
2023-09-08 21:00,9,21,Weekday,Fall,No,76.37,72.88,40.27
2023-09-08 22:00,9,22,Weekday,Fall,No,75.92,74.88,40.08
2023-09-08 23:00,9,23,Weekday,Fall,No,75.4,73.17,33.36
2023-09-09 00:00,9,0,Weekend,Fall,No,74.39,73.46,39.59
2023-09-09 01:00,9,1,Weekend,Fall,No,72.78,73.3,36.53
2023-09-09 02:00,9,2,Weekend,Fall,No,71.44,73.35,34.6
2023-09-09 03:00,9,3,Weekend,Fall,No,71.06,72.83,29.44
2023-09-09 04:00,9,4,Weekend,Fall,No,70.43,73.29,28.59
2023-09-09 05:00,9,5,Weekend,Fall,No,69.46,73.51,24.43
2023-09-09 06:00,9,6,Weekend,Fall,No,69.6,73.36,35.3
2023-09-09 07:00,9,7,Weekend,Fall,No,72.29,73.27,37.21
2023-09-09 08:00,9,8,Weekend,Fall,No,76.35,72.86,31.7
2023-09-09 09:00,9,9,Weekend,Fall,No,80.39,74.94,36.46
2023-09-09 10:00,9,10,Weekend,Fall,No,83.72,74.06,59.28
2023-09-09 11:00,9,11,Weekend,Fall,No,87.34,75.49,62.09
2023-09-09 12:00,9,12,Weekend,Fall,No,89.06,74.84,60.49
2023-09-09 13:00,9,13,Weekend,Fall,No,89.58,76.21,60.26
2023-09-09 14:00,9,14,Weekend,Fall,No,91.74,75.57,72.07
2023-09-09 15:00,9,15,Weekend,Fall,No,93.02,75.34,70.06
2023-09-09 16:00,9,16,Weekend,Fall,No,91.86,75.52,72.13
2023-09-09 17:00,9,17,Weekend,Fall,No,90.41,76.44,70.35
2023-09-09 18:00,9,18,Weekend,Fall,No,87.65,74.96,53.01
2023-09-09 19:00,9,19,Weekend,Fall,No,85.37,75.54,54.59
2023-09-09 20:00,9,20,Weekend,Fall,No,82.61,73.97,55.63
2023-09-09 21:00,9,21,Weekend,Fall,No,78.02,73.57,41.12
2023-09-09 22:00,9,22,Weekend,Fall,No,75.92,73.77,32.08
2023-09-09 23:00,9,23,Weekend,Fall,No,74.76,72.82,38.8
2023-09-10 00:00,9,0,Weekend,Fall,No,73.42,73.39,35.29
2023-09-10 01:00,9,1,Weekend,Fall,No,71.88,72.29,42.84
2023-09-10 02:00,9,2,Weekend,Fall,No,69.9,73.37,30.09
2023-09-10 03:00,9,3,Weekend,Fall,No,68.45,73.59,29.34
2023-09-10 04:00,9,4,Weekend,Fall,No,68.0,72.79,31.66
2023-09-10 05:00,9,5,Weekend,Fall,No,69.16,72.47,25.52
2023-09-10 06:00,9,6,Weekend,Fall,No,70.61,72.62,29.39
2023-09-10 07:00,9,7,Weekend,Fall,No,73.37,73.59,42.27
2023-09-10 08:00,9,8,Weekend,Fall,No,77.96,74.55,35.44
2023-09-10 09:00,9,9,Weekend,Fall,No,81.74,74.98,46.25
2023-09-10 10:00,9,10,Weekend,Fall,No,84.72,74.24,67.85
2023-09-10 11:00,9,11,Weekend,Fall,No,87.78,75.38,60.37
2023-09-10 12:00,9,12,Weekend,Fall,No,90.22,74.94,59.45
2023-09-10 13:00,9,13,Weekend,Fall,No,91.04,75.62,68.1
2023-09-10 14:00,9,14,Weekend,Fall,No,92.2,76.27,71.45
2023-09-10 15:00,9,15,Weekend,Fall,No,93.54,76.03,66.44
2023-09-10 16:00,9,16,Weekend,Fall,No,92.76,77.07,62.86
2023-09-10 17:00,9,17,Weekend,Fall,No,90.78,75.89,62.9
2023-09-10 18:00,9,18,Weekend,Fall,No,88.8,75.84,68.99
2023-09-10 19:00,9,19,Weekend,Fall,No,86.2,76.17,48.91
2023-09-10 20:00,9,20,Weekend,Fall,No,83.77,74.17,54.0
2023-09-10 21:00,9,21,Weekend,Fall,No,80.63,74.53,34.54
2023-09-10 22:00,9,22,Weekend,Fall,No,77.82,73.46,32.77
2023-09-10 23:00,9,23,Weekend,Fall,No,75.22,74.2,36.66
2023-09-11 00:00,9,0,Weekday,Fall,No,74.57,73.64,39.61
2023-09-11 01:00,9,1,Weekday,Fall,No,74.39,73.31,44.14
2023-09-11 02:00,9,2,Weekday,Fall,No,72.78,72.91,31.77
2023-09-11 03:00,9,3,Weekday,Fall,No,71.96,73.21,27.2
2023-09-11 04:00,9,4,Weekday,Fall,No,70.81,73.46,20.0
2023-09-11 05:00,9,5,Weekday,Fall,No,69.98,73.58,23.24
2023-09-11 06:00,9,6,Weekday,Fall,No,70.61,73.39,32.03
2023-09-11 07:00,9,7,Weekday,Fall,No,73.37,73.04,32.02
2023-09-11 08:00,9,8,Weekday,Fall,Yes,77.96,73.38,43.64
2023-09-11 09:00,9,9,Weekday,Fall,Yes,82.9,74.12,50.12
2023-09-11 10:00,9,10,Weekday,Fall,Yes,86.18,73.89,63.06
2023-09-11 11:00,9,11,Weekday,Fall,Yes,88.76,74.99,65.26
2023-09-11 12:00,9,12,Weekday,Fall,Yes,91.74,75.11,69.7
2023-09-11 13:00,9,13,Weekday,Fall,Yes,93.54,75.84,64.45
2023-09-11 14:00,9,14,Weekday,Fall,Yes,93.92,75.36,64.56
2023-09-11 15:00,9,15,Weekday,Fall,Yes,93.92,75.88,60.54
2023-09-11 16:00,9,16,Weekday,Fall,Yes,93.92,75.69,68.63
2023-09-11 17:00,9,17,Weekday,Fall,Yes,92.76,75.68,58.49
2023-09-11 18:00,9,18,Weekday,Fall,No,90.26,75.47,60.19
2023-09-11 19:00,9,19,Weekday,Fall,No,87.9,74.99,62.15
2023-09-11 20:00,9,20,Weekday,Fall,No,87.08,74.58,61.2
2023-09-11 21:00,9,21,Weekday,Fall,No,85.82,75.18,44.42
2023-09-11 22:00,9,22,Weekday,Fall,No,81.46,74.71,41.59
2023-09-11 23:00,9,23,Weekday,Fall,No,77.2,74.53,28.62
2023-09-12 00:00,9,0,Weekday,Fall,No,75.92,74.09,39.61
2023-09-12 01:00,9,1,Weekday,Fall,No,74.24,73.48,40.71
2023-09-12 02:00,9,2,Weekday,Fall,No,73.56,72.67,33.01
2023-09-12 03:00,9,3,Weekday,Fall,No,72.78,73.05,32.38
2023-09-12 04:00,9,4,Weekday,Fall,No,71.44,72.91,29.0
2023-09-12 05:00,9,5,Weekday,Fall,No,70.43,73.56,36.64
2023-09-12 06:00,9,6,Weekday,Fall,No,70.61,72.84,30.71
2023-09-12 07:00,9,7,Weekday,Fall,No,72.74,74.38,15.68
2023-09-12 08:00,9,8,Weekday,Fall,Yes,77.51,72.32,46.02
2023-09-12 09:00,9,9,Weekday,Fall,Yes,82.37,73.07,39.92
2023-09-12 10:00,9,10,Weekday,Fall,Yes,86.96,73.36,64.85
2023-09-12 11:00,9,11,Weekday,Fall,Yes,90.74,74.18,69.07
2023-09-12 12:00,9,12,Weekday,Fall,Yes,94.35,74.98,70.13
2023-09-12 13:00,9,13,Weekday,Fall,Yes,95.45,75.23,70.89
2023-09-12 14:00,9,14,Weekday,Fall,Yes,95.63,74.88,67.76
2023-09-12 15:00,9,15,Weekday,Fall,Yes,95.45,75.89,73.79
2023-09-12 16:00,9,16,Weekday,Fall,Yes,95.63,75.35,69.27
2023-09-12 17:00,9,17,Weekday,Fall,Yes,94.82,76.35,61.1
2023-09-12 18:00,9,18,Weekday,Fall,No,92.24,75.94,56.7
2023-09-12 19:00,9,19,Weekday,Fall,No,89.26,74.9,60.52
2023-09-12 20:00,9,20,Weekday,Fall,No,86.82,75.76,64.43
2023-09-12 21:00,9,21,Weekday,Fall,No,85.37,75.05,48.36
2023-09-12 22:00,9,22,Weekday,Fall,No,84.4,74.69,44.49
2023-09-12 23:00,9,23,Weekday,Fall,No,82.86,74.5,45.98
2023-09-13 00:00,9,0,Weekday,Fall,No,79.73,75.39,40.85
2023-09-13 01:00,9,1,Weekday,Fall,No,76.82,74.12,45.72
2023-09-13 02:00,9,2,Weekday,Fall,No,74.24,73.28,37.61
2023-09-13 03:00,9,3,Weekday,Fall,No,73.04,73.45,32.52
2023-09-13 04:00,9,4,Weekday,Fall,No,72.41,72.78,29.15
2023-09-13 05:00,9,5,Weekday,Fall,No,71.44,74.34,34.04
2023-09-13 06:00,9,6,Weekday,Fall,No,71.58,72.92,43.5
2023-09-13 07:00,9,7,Weekday,Fall,No,72.59,73.75,37.03
2023-09-13 08:00,9,8,Weekday,Fall,Yes,76.5,73.3,34.68
2023-09-13 09:00,9,9,Weekday,Fall,Yes,83.71,73.82,39.47
2023-09-13 10:00,9,10,Weekday,Fall,Yes,88.76,74.6,55.51
2023-09-13 11:00,9,11,Weekday,Fall,Yes,91.74,75.01,64.4
2023-09-13 12:00,9,12,Weekday,Fall,Yes,94.18,74.88,63.64
2023-09-13 13:00,9,13,Weekday,Fall,Yes,95.63,75.48,77.18
2023-09-13 14:00,9,14,Weekday,Fall,Yes,96.6,76.03,71.42
2023-09-13 15:00,9,15,Weekday,Fall,Yes,96.46,74.72,65.26
2023-09-13 16:00,9,16,Weekday,Fall,Yes,95.45,75.04,67.87
2023-09-13 17:00,9,17,Weekday,Fall,Yes,93.84,75.6,71.84
2023-09-13 18:00,9,18,Weekday,Fall,No,91.23,75.28,68.64
2023-09-13 19:00,9,19,Weekday,Fall,No,88.28,75.2,62.17
2023-09-13 20:00,9,20,Weekday,Fall,No,84.14,74.52,67.19
2023-09-13 21:00,9,21,Weekday,Fall,No,79.73,74.01,45.75
2023-09-13 22:00,9,22,Weekday,Fall,No,78.6,73.85,44.23
2023-09-13 23:00,9,23,Weekday,Fall,No,76.04,73.37,26.05
2023-09-14 00:00,9,0,Weekday,Fall,No,73.42,73.19,28.71
2023-09-14 01:00,9,1,Weekday,Fall,No,72.41,73.01,37.73
2023-09-14 02:00,9,2,Weekday,Fall,No,70.81,72.28,34.11
2023-09-14 03:00,9,3,Weekday,Fall,No,69.98,73.34,23.27
2023-09-14 04:00,9,4,Weekday,Fall,No,69.98,73.44,35.36
2023-09-14 05:00,9,5,Weekday,Fall,No,68.82,72.58,19.95
2023-09-14 06:00,9,6,Weekday,Fall,No,68.0,72.51,26.24
2023-09-14 07:00,9,7,Weekday,Fall,No,70.94,72.87,35.74
2023-09-14 08:00,9,8,Weekday,Fall,Yes,78.82,73.65,44.85
2023-09-14 09:00,9,9,Weekday,Fall,Yes,85.88,74.06,46.19
2023-09-14 10:00,9,10,Weekday,Fall,Yes,89.14,75.33,56.33
2023-09-14 11:00,9,11,Weekday,Fall,Yes,91.74,75.76,60.7
2023-09-14 12:00,9,12,Weekday,Fall,Yes,94.18,74.8,68.3
2023-09-14 13:00,9,13,Weekday,Fall,Yes,95.63,74.59,73.56
2023-09-14 14:00,9,14,Weekday,Fall,Yes,96.6,75.12,55.19
2023-09-14 15:00,9,15,Weekday,Fall,Yes,96.98,76.07,68.61
2023-09-14 16:00,9,16,Weekday,Fall,Yes,95.82,75.2,64.76
2023-09-14 17:00,9,17,Weekday,Fall,Yes,94.37,75.89,62.61
2023-09-14 18:00,9,18,Weekday,Fall,No,91.08,75.84,58.84
2023-09-14 19:00,9,19,Weekday,Fall,No,87.28,75.57,55.42
2023-09-14 20:00,9,20,Weekday,Fall,No,84.84,75.32,62.49
2023-09-14 21:00,9,21,Weekday,Fall,No,81.08,73.15,34.47
2023-09-14 22:00,9,22,Weekday,Fall,No,77.82,73.72,30.32
2023-09-14 23:00,9,23,Weekday,Fall,No,75.84,73.35,38.74
2023-09-15 00:00,9,0,Weekday,Fall,No,73.86,73.46,35.81
2023-09-15 01:00,9,1,Weekday,Fall,No,73.04,73.2,29.44
2023-09-15 02:00,9,2,Weekday,Fall,No,71.88,73.67,34.84
2023-09-15 03:00,9,3,Weekday,Fall,No,70.43,73.28,40.42
2023-09-15 04:00,9,4,Weekday,Fall,No,69.46,72.8,36.94
2023-09-15 05:00,9,5,Weekday,Fall,No,69.08,73.66,31.48
2023-09-15 06:00,9,6,Weekday,Fall,No,69.6,72.15,35.55
2023-09-15 07:00,9,7,Weekday,Fall,No,72.92,72.99,34.54
2023-09-15 08:00,9,8,Weekday,Fall,Yes,78.48,73.06,38.55
2023-09-15 09:00,9,9,Weekday,Fall,Yes,84.53,74.26,38.81
2023-09-15 10:00,9,10,Weekday,Fall,Yes,89.39,74.92,59.29
2023-09-15 11:00,9,11,Weekday,Fall,Yes,92.72,75.35,56.6
2023-09-15 12:00,9,12,Weekday,Fall,Yes,95.18,75.38,61.07
2023-09-15 13:00,9,13,Weekday,Fall,Yes,96.08,76.03,74.45
2023-09-15 14:00,9,14,Weekday,Fall,Yes,97.24,75.96,77.33
2023-09-15 15:00,9,15,Weekday,Fall,Yes,98.06,76.01,65.25
2023-09-15 16:00,9,16,Weekday,Fall,Yes,97.43,75.75,70.78
2023-09-15 17:00,9,17,Weekday,Fall,Yes,95.82,75.49,70.86
2023-09-15 18:00,9,18,Weekday,Fall,No,92.06,75.66,64.25
2023-09-15 19:00,9,19,Weekday,Fall,No,87.65,75.62,60.68
2023-09-15 20:00,9,20,Weekday,Fall,No,84.22,73.96,63.05
2023-09-15 21:00,9,21,Weekday,Fall,No,81.78,74.22,48.37
2023-09-15 22:00,9,22,Weekday,Fall,No,80.44,74.15,35.84
2023-09-15 23:00,9,23,Weekday,Fall,No,79.43,73.8,47.45
2023-09-16 00:00,9,0,Weekend,Fall,No,77.82,74.51,42.76
2023-09-16 01:00,9,1,Weekend,Fall,No,76.37,74.57,34.29
2023-09-16 02:00,9,2,Weekend,Fall,No,75.4,73.78,39.45
2023-09-16 03:00,9,3,Weekend,Fall,No,75.02,73.76,28.13
2023-09-16 04:00,9,4,Weekend,Fall,No,74.39,73.64,41.42
2023-09-16 05:00,9,5,Weekend,Fall,No,73.42,73.67,28.89
2023-09-16 06:00,9,6,Weekend,Fall,No,74.19,73.85,26.19
2023-09-16 07:00,9,7,Weekend,Fall,No,76.8,72.72,42.2
2023-09-16 08:00,9,8,Weekend,Fall,No,80.39,73.25,40.53
2023-09-16 09:00,9,9,Weekend,Fall,No,84.98,75.32,45.04
2023-09-16 10:00,9,10,Weekend,Fall,No,88.23,74.94,64.35
2023-09-16 11:00,9,11,Weekend,Fall,No,90.74,75.38,64.86
2023-09-16 12:00,9,12,Weekend,Fall,No,93.1,75.68,62.35
2023-09-16 13:00,9,13,Weekend,Fall,No,94.55,75.63,67.37
2023-09-16 14:00,9,14,Weekend,Fall,No,95.0,76.03,66.79
2023-09-16 15:00,9,15,Weekend,Fall,No,92.06,75.99,59.42
2023-09-16 16:00,9,16,Weekend,Fall,No,86.49,74.54,63.51
2023-09-16 17:00,9,17,Weekend,Fall,No,82.86,75.1,61.37
2023-09-16 18:00,9,18,Weekend,Fall,No,82.56,75.27,64.21
2023-09-16 19:00,9,19,Weekend,Fall,No,81.78,74.74,52.18
2023-09-16 20:00,9,20,Weekend,Fall,No,80.44,74.48,47.31
2023-09-16 21:00,9,21,Weekend,Fall,No,80.06,74.77,37.2
2023-09-16 22:00,9,22,Weekend,Fall,No,79.43,74.18,33.12
2023-09-16 23:00,9,23,Weekend,Fall,No,77.82,73.63,43.69
2023-09-17 00:00,9,0,Weekend,Fall,No,75.22,72.59,36.29
2023-09-17 01:00,9,1,Weekend,Fall,No,73.42,73.3,46.37
2023-09-17 02:00,9,2,Weekend,Fall,No,73.56,73.33,34.99
2023-09-17 03:00,9,3,Weekend,Fall,No,72.78,73.16,34.62
2023-09-17 04:00,9,4,Weekend,Fall,No,71.44,71.84,33.84
2023-09-17 05:00,9,5,Weekend,Fall,No,71.06,73.37,31.72
2023-09-17 06:00,9,6,Weekend,Fall,No,71.06,72.47,30.19
2023-09-17 07:00,9,7,Weekend,Fall,No,73.37,72.65,29.67
2023-09-17 08:00,9,8,Weekend,Fall,No,76.8,73.54,40.68
2023-09-17 09:00,9,9,Weekend,Fall,No,80.92,75.14,39.25
2023-09-17 10:00,9,10,Weekend,Fall,No,84.72,74.53,52.28
2023-09-17 11:00,9,11,Weekend,Fall,No,87.78,75.47,54.34
2023-09-17 12:00,9,12,Weekend,Fall,No,90.22,74.93,62.49
2023-09-17 13:00,9,13,Weekend,Fall,No,91.56,76.28,68.97
2023-09-17 14:00,9,14,Weekend,Fall,No,92.57,75.69,69.44
2023-09-17 15:00,9,15,Weekend,Fall,No,93.02,75.57,59.08
2023-09-17 16:00,9,16,Weekend,Fall,No,93.02,76.32,77.03
2023-09-17 17:00,9,17,Weekend,Fall,No,92.39,76.11,63.78
2023-09-17 18:00,9,18,Weekend,Fall,No,90.78,75.37,61.4
2023-09-17 19:00,9,19,Weekend,Fall,No,85.34,75.33,52.71
2023-09-17 20:00,9,20,Weekend,Fall,No,82.04,74.34,53.21
2023-09-17 21:00,9,21,Weekend,Fall,No,79.73,75.2,35.48
2023-09-17 22:00,9,22,Weekend,Fall,No,78.6,73.61,34.48
2023-09-17 23:00,9,23,Weekend,Fall,No,78.98,73.27,43.82
2023-09-18 00:00,9,0,Weekday,Fall,No,78.46,74.06,31.81
2023-09-18 01:00,9,1,Weekday,Fall,No,77.45,73.45,44.68
2023-09-18 02:00,9,2,Weekday,Fall,No,77.0,75.07,45.7
2023-09-18 03:00,9,3,Weekday,Fall,No,76.37,73.34,36.63
2023-09-18 04:00,9,4,Weekday,Fall,No,75.4,74.56,34.65
2023-09-18 05:00,9,5,Weekday,Fall,No,74.39,73.33,36.65
2023-09-18 06:00,9,6,Weekday,Fall,No,74.57,73.77,42.15
2023-09-18 07:00,9,7,Weekday,Fall,No,76.8,74.05,29.03
2023-09-18 08:00,9,8,Weekday,Fall,Yes,79.76,73.69,41.61
2023-09-18 09:00,9,9,Weekday,Fall,Yes,83.27,74.08,36.09
2023-09-18 10:00,9,10,Weekday,Fall,Yes,86.18,73.31,58.22
2023-09-18 11:00,9,11,Weekday,Fall,Yes,88.76,75.16,63.69
2023-09-18 12:00,9,12,Weekday,Fall,Yes,91.12,74.36,64.62
2023-09-18 13:00,9,13,Weekday,Fall,Yes,93.1,74.34,69.8
2023-09-18 14:00,9,14,Weekday,Fall,Yes,92.76,75.18,61.45
2023-09-18 15:00,9,15,Weekday,Fall,Yes,91.94,74.71,57.87
2023-09-18 16:00,9,16,Weekday,Fall,Yes,90.78,75.35,63.71
2023-09-18 17:00,9,17,Weekday,Fall,Yes,89.43,74.22,62.77
2023-09-18 18:00,9,18,Weekday,Fall,No,87.9,75.75,62.42
2023-09-18 19:00,9,19,Weekday,Fall,No,82.36,74.36,51.38
2023-09-18 20:00,9,20,Weekday,Fall,No,76.67,73.59,46.07
2023-09-18 21:00,9,21,Weekday,Fall,No,74.39,73.19,38.14
2023-09-18 22:00,9,22,Weekday,Fall,No,72.26,73.14,38.8
2023-09-18 23:00,9,23,Weekday,Fall,No,71.06,72.92,21.68
2023-09-19 00:00,9,0,Weekday,Fall,No,71.06,73.11,29.82
2023-09-19 01:00,9,1,Weekday,Fall,No,71.06,73.59,29.3
2023-09-19 02:00,9,2,Weekday,Fall,No,70.43,73.88,35.17
2023-09-19 03:00,9,3,Weekday,Fall,No,69.46,72.62,35.11
2023-09-19 04:00,9,4,Weekday,Fall,No,68.45,73.05,27.19
2023-09-19 05:00,9,5,Weekday,Fall,No,67.37,73.33,35.02
2023-09-19 06:00,9,6,Weekday,Fall,No,67.55,72.05,30.09
2023-09-19 07:00,9,7,Weekday,Fall,No,70.31,72.87,26.81
2023-09-19 08:00,9,8,Weekday,Fall,Yes,74.9,71.75,33.37
2023-09-19 09:00,9,9,Weekday,Fall,Yes,78.78,73.64,41.72
2023-09-19 10:00,9,10,Weekday,Fall,Yes,82.37,74.31,52.07
2023-09-19 11:00,9,11,Weekday,Fall,Yes,86.33,74.56,74.56
2023-09-19 12:00,9,12,Weekday,Fall,Yes,89.14,74.38,60.04
2023-09-19 13:00,9,13,Weekday,Fall,Yes,90.59,74.43,69.74
2023-09-19 14:00,9,14,Weekday,Fall,Yes,91.56,74.46,57.38
2023-09-19 15:00,9,15,Weekday,Fall,Yes,91.94,75.17,68.71
2023-09-19 16:00,9,16,Weekday,Fall,Yes,91.42,74.95,67.0
2023-09-19 17:00,9,17,Weekday,Fall,Yes,89.88,74.38,59.6
2023-09-19 18:00,9,18,Weekday,Fall,No,87.28,74.89,63.52
2023-09-19 19:00,9,19,Weekday,Fall,No,84.84,75.25,63.33
2023-09-19 20:00,9,20,Weekday,Fall,No,82.86,74.73,51.05
2023-09-19 21:00,9,21,Weekday,Fall,No,80.26,74.01,41.91
2023-09-19 22:00,9,22,Weekday,Fall,No,76.67,73.96,32.05
2023-09-19 23:00,9,23,Weekday,Fall,No,74.39,73.15,37.91
2023-09-20 00:00,9,0,Weekday,Fall,No,72.78,73.58,36.16
2023-09-20 01:00,9,1,Weekday,Fall,No,71.96,72.35,34.24
2023-09-20 02:00,9,2,Weekday,Fall,No,71.44,72.38,31.32
2023-09-20 03:00,9,3,Weekday,Fall,No,70.43,73.56,33.38
2023-09-20 04:00,9,4,Weekday,Fall,No,68.82,72.0,32.81
2023-09-20 05:00,9,5,Weekday,Fall,No,67.37,72.24,31.54
2023-09-20 06:00,9,6,Weekday,Fall,No,66.92,71.56,23.7
2023-09-20 07:00,9,7,Weekday,Fall,No,69.34,71.75,38.1
2023-09-20 08:00,9,8,Weekday,Fall,Yes,75.68,72.59,36.36
2023-09-20 09:00,9,9,Weekday,Fall,Yes,81.29,72.86,44.86
2023-09-20 10:00,9,10,Weekday,Fall,Yes,83.57,73.33,43.63
2023-09-20 11:00,9,11,Weekday,Fall,Yes,86.96,73.49,56.67
2023-09-20 12:00,9,12,Weekday,Fall,Yes,90.22,73.42,60.61
2023-09-20 13:00,9,13,Weekday,Fall,Yes,91.56,74.5,62.28
2023-09-20 14:00,9,14,Weekday,Fall,Yes,92.57,76.24,70.5
2023-09-20 15:00,9,15,Weekday,Fall,Yes,92.39,74.36,74.02
2023-09-20 16:00,9,16,Weekday,Fall,Yes,91.42,74.09,69.31
2023-09-20 17:00,9,17,Weekday,Fall,Yes,90.41,75.25,61.43
2023-09-20 18:00,9,18,Weekday,Fall,No,87.65,74.69,67.24
2023-09-20 19:00,9,19,Weekday,Fall,No,85.37,75.24,60.33
2023-09-20 20:00,9,20,Weekday,Fall,No,83.24,74.83,61.52
2023-09-20 21:00,9,21,Weekday,Fall,No,80.26,74.34,35.65
2023-09-20 22:00,9,22,Weekday,Fall,No,77.2,73.71,31.06
2023-09-20 23:00,9,23,Weekday,Fall,No,74.76,73.02,31.17
2023-09-21 00:00,9,0,Weekday,Fall,No,73.42,73.16,35.23
2023-09-21 01:00,9,1,Weekday,Fall,No,71.88,74.17,22.38
2023-09-21 02:00,9,2,Weekday,Fall,No,70.43,73.13,29.78
2023-09-21 03:00,9,3,Weekday,Fall,No,69.98,72.6,28.66
2023-09-21 04:00,9,4,Weekday,Fall,No,69.46,72.13,28.05
2023-09-21 05:00,9,5,Weekday,Fall,No,69.08,72.3,32.13
2023-09-21 06:00,9,6,Weekday,Fall,No,68.45,72.38,26.51
2023-09-21 07:00,9,7,Weekday,Fall,No,71.46,73.07,42.74
2023-09-21 08:00,9,8,Weekday,Fall,Yes,77.51,72.97,34.35
2023-09-21 09:00,9,9,Weekday,Fall,Yes,81.74,72.71,40.86
2023-09-21 10:00,9,10,Weekday,Fall,Yes,84.72,73.47,50.04
2023-09-21 11:00,9,11,Weekday,Fall,Yes,87.78,73.95,51.86
2023-09-21 12:00,9,12,Weekday,Fall,Yes,90.22,74.68,57.24
2023-09-21 13:00,9,13,Weekday,Fall,Yes,92.2,75.18,69.3
2023-09-21 14:00,9,14,Weekday,Fall,Yes,92.39,74.22,65.88
2023-09-21 15:00,9,15,Weekday,Fall,Yes,91.42,74.28,66.03
2023-09-21 16:00,9,16,Weekday,Fall,Yes,88.73,74.77,61.86
2023-09-21 17:00,9,17,Weekday,Fall,Yes,86.45,74.43,52.59
2023-09-21 18:00,9,18,Weekday,Fall,No,84.84,75.95,60.01
2023-09-21 19:00,9,19,Weekday,Fall,No,82.86,73.86,57.1
2023-09-21 20:00,9,20,Weekday,Fall,No,80.26,74.68,52.92
2023-09-21 21:00,9,21,Weekday,Fall,No,78.46,73.6,38.75
2023-09-21 22:00,9,22,Weekday,Fall,No,76.82,73.36,35.42
2023-09-21 23:00,9,23,Weekday,Fall,No,75.4,72.58,38.62
2023-09-22 00:00,9,0,Weekday,Fall,No,75.02,73.44,37.42
2023-09-22 01:00,9,1,Weekday,Fall,No,75.02,73.22,37.99
2023-09-22 02:00,9,2,Weekday,Fall,No,75.02,73.12,27.41
2023-09-22 03:00,9,3,Weekday,Fall,No,75.02,73.38,30.58
2023-09-22 04:00,9,4,Weekday,Fall,No,74.39,73.6,27.56
2023-09-22 05:00,9,5,Weekday,Fall,No,73.94,73.2,46.03
2023-09-22 06:00,9,6,Weekday,Fall,No,73.42,73.23,33.45
2023-09-22 07:00,9,7,Weekday,Fall,No,73.56,72.17,25.72
2023-09-22 08:00,9,8,Weekday,Fall,Yes,74.57,72.63,25.77
2023-09-22 09:00,9,9,Weekday,Fall,Yes,77.96,73.17,38.35
2023-09-22 10:00,9,10,Weekday,Fall,Yes,81.22,73.43,54.7
2023-09-22 11:00,9,11,Weekday,Fall,Yes,83.72,74.05,61.72
2023-09-22 12:00,9,12,Weekday,Fall,Yes,84.4,74.38,57.46
2023-09-22 13:00,9,13,Weekday,Fall,Yes,82.86,73.47,63.46
2023-09-22 14:00,9,14,Weekday,Fall,Yes,75.63,72.41,48.53
2023-09-22 15:00,9,15,Weekday,Fall,Yes,71.06,72.59,40.77
2023-09-22 16:00,9,16,Weekday,Fall,Yes,69.28,72.21,44.38
2023-09-22 17:00,9,17,Weekday,Fall,Yes,68.0,71.49,40.7
2023-09-22 18:00,9,18,Weekday,Fall,No,68.0,72.99,47.69
2023-09-22 19:00,9,19,Weekday,Fall,No,68.63,71.85,55.12
2023-09-22 20:00,9,20,Weekday,Fall,No,68.45,71.91,45.21
2023-09-22 21:00,9,21,Weekday,Fall,No,68.63,72.73,27.62
2023-09-22 22:00,9,22,Weekday,Fall,No,68.45,72.62,26.6
2023-09-22 23:00,9,23,Weekday,Fall,No,68.0,72.9,21.83
2023-09-23 00:00,9,0,Weekend,Fall,No,68.63,73.42,27.5
2023-09-23 01:00,9,1,Weekend,Fall,No,68.45,72.85,31.83
2023-09-23 02:00,9,2,Weekend,Fall,No,68.0,72.32,33.47
2023-09-23 03:00,9,3,Weekend,Fall,No,68.63,72.24,31.9
2023-09-23 04:00,9,4,Weekend,Fall,No,68.45,72.61,31.72
2023-09-23 05:00,9,5,Weekend,Fall,No,67.37,72.36,26.34
2023-09-23 06:00,9,6,Weekend,Fall,No,66.92,72.79,20.47
2023-09-23 07:00,9,7,Weekend,Fall,No,68.18,72.65,28.53
2023-09-23 08:00,9,8,Weekend,Fall,No,70.76,73.0,32.15
2023-09-23 09:00,9,9,Weekend,Fall,No,74.27,72.97,39.22
2023-09-23 10:00,9,10,Weekend,Fall,No,77.7,73.51,43.31
2023-09-23 11:00,9,11,Weekend,Fall,No,78.98,73.07,56.96
2023-09-23 12:00,9,12,Weekend,Fall,No,79.61,74.21,56.91
2023-09-23 13:00,9,13,Weekend,Fall,No,81.22,74.95,47.94
2023-09-23 14:00,9,14,Weekend,Fall,No,83.72,74.78,50.2
2023-09-23 15:00,9,15,Weekend,Fall,No,83.77,74.98,53.35
2023-09-23 16:00,9,16,Weekend,Fall,No,82.42,74.8,59.26
2023-09-23 17:00,9,17,Weekend,Fall,No,80.26,74.93,45.07
2023-09-23 18:00,9,18,Weekend,Fall,No,77.2,73.09,51.54
2023-09-23 19:00,9,19,Weekend,Fall,No,71.93,72.32,53.36
2023-09-23 20:00,9,20,Weekend,Fall,No,67.82,72.14,47.03
2023-09-23 21:00,9,21,Weekend,Fall,No,65.24,72.4,23.33
2023-09-23 22:00,9,22,Weekend,Fall,No,64.56,72.31,24.33
2023-09-23 23:00,9,23,Weekend,Fall,No,65.57,72.07,27.03
2023-09-24 00:00,9,0,Weekend,Fall,No,66.54,72.78,20.44
2023-09-24 01:00,9,1,Weekend,Fall,No,65.76,72.91,20.76
2023-09-24 02:00,9,2,Weekend,Fall,No,64.94,72.24,13.67
2023-09-24 03:00,9,3,Weekend,Fall,No,64.41,72.89,23.53
2023-09-24 04:00,9,4,Weekend,Fall,No,64.04,72.05,28.66
2023-09-24 05:00,9,5,Weekend,Fall,No,63.41,71.78,26.56
2023-09-24 06:00,9,6,Weekend,Fall,No,62.96,71.23,30.23
2023-09-24 07:00,9,7,Weekend,Fall,No,65.9,72.05,32.67
2023-09-24 08:00,9,8,Weekend,Fall,No,70.94,72.46,32.84
2023-09-24 09:00,9,9,Weekend,Fall,No,75.35,74.23,41.51
2023-09-24 10:00,9,10,Weekend,Fall,No,78.78,74.74,58.61
2023-09-24 11:00,9,11,Weekend,Fall,No,82.37,75.13,58.49
2023-09-24 12:00,9,12,Weekend,Fall,No,85.18,74.58,50.99
2023-09-24 13:00,9,13,Weekend,Fall,No,87.16,75.02,63.06
2023-09-24 14:00,9,14,Weekend,Fall,No,88.61,74.93,50.23
2023-09-24 15:00,9,15,Weekend,Fall,No,89.06,76.13,60.69
2023-09-24 16:00,9,16,Weekend,Fall,No,88.43,75.0,50.9
2023-09-24 17:00,9,17,Weekend,Fall,No,86.82,75.51,57.19
2023-09-24 18:00,9,18,Weekend,Fall,No,84.22,73.63,63.61
2023-09-24 19:00,9,19,Weekend,Fall,No,81.26,73.88,52.82
2023-09-24 20:00,9,20,Weekend,Fall,No,76.49,73.31,55.05
2023-09-24 21:00,9,21,Weekend,Fall,No,73.42,73.97,44.69
2023-09-24 22:00,9,22,Weekend,Fall,No,71.88,72.55,37.15
2023-09-24 23:00,9,23,Weekend,Fall,No,70.43,72.53,41.0
2023-09-25 00:00,9,0,Weekday,Fall,No,67.67,72.48,33.9
2023-09-25 01:00,9,1,Weekday,Fall,No,65.39,72.76,27.57
2023-09-25 02:00,9,2,Weekday,Fall,No,64.94,72.53,24.31
2023-09-25 03:00,9,3,Weekday,Fall,No,64.41,71.66,26.6
2023-09-25 04:00,9,4,Weekday,Fall,No,63.41,71.78,26.46
2023-09-25 05:00,9,5,Weekday,Fall,No,62.44,71.65,19.2
2023-09-25 06:00,9,6,Weekday,Fall,No,63.22,72.19,34.65
2023-09-25 07:00,9,7,Weekday,Fall,No,67.5,72.61,21.95
2023-09-25 08:00,9,8,Weekday,Fall,Yes,73.44,71.91,42.84
2023-09-25 09:00,9,9,Weekday,Fall,Yes,79.49,73.13,40.0
2023-09-25 10:00,9,10,Weekday,Fall,Yes,83.72,75.31,58.52
2023-09-25 11:00,9,11,Weekday,Fall,Yes,86.7,74.73,56.88
2023-09-25 12:00,9,12,Weekday,Fall,Yes,89.14,73.52,64.55
2023-09-25 13:00,9,13,Weekday,Fall,Yes,89.96,75.13,63.83
2023-09-25 14:00,9,14,Weekday,Fall,Yes,90.59,75.42,57.1
2023-09-25 15:00,9,15,Weekday,Fall,Yes,91.04,75.17,56.03
2023-09-25 16:00,9,16,Weekday,Fall,Yes,89.88,74.76,65.0
2023-09-25 17:00,9,17,Weekday,Fall,Yes,87.9,74.19,59.55
2023-09-25 18:00,9,18,Weekday,Fall,No,84.66,74.99,57.92
2023-09-25 19:00,9,19,Weekday,Fall,No,81.26,73.33,61.34
2023-09-25 20:00,9,20,Weekday,Fall,No,78.28,73.6,53.09
2023-09-25 21:00,9,21,Weekday,Fall,No,75.22,73.47,36.36
2023-09-25 22:00,9,22,Weekday,Fall,No,72.26,72.98,41.3
2023-09-25 23:00,9,23,Weekday,Fall,No,69.9,72.93,28.99
2023-09-26 00:00,9,0,Weekday,Fall,No,67.82,72.64,26.09
2023-09-26 01:00,9,1,Weekday,Fall,No,66.4,72.33,35.79
2023-09-26 02:00,9,2,Weekday,Fall,No,64.86,72.65,31.93
2023-09-26 03:00,9,3,Weekday,Fall,No,63.41,71.81,28.27
2023-09-26 04:00,9,4,Weekday,Fall,No,62.96,71.33,24.53
2023-09-26 05:00,9,5,Weekday,Fall,No,62.44,71.67,23.96
2023-09-26 06:00,9,6,Weekday,Fall,No,62.58,72.44,26.2
2023-09-26 07:00,9,7,Weekday,Fall,No,65.27,72.8,28.35
2023-09-26 08:00,9,8,Weekday,Fall,Yes,71.02,71.33,36.25
2023-09-26 09:00,9,9,Weekday,Fall,Yes,77.51,72.51,38.75
2023-09-26 10:00,9,10,Weekday,Fall,Yes,83.52,73.72,60.3
2023-09-26 11:00,9,11,Weekday,Fall,Yes,87.16,74.02,61.13
2023-09-26 12:00,9,12,Weekday,Fall,Yes,88.61,74.44,61.9
2023-09-26 13:00,9,13,Weekday,Fall,Yes,90.22,74.51,70.58
2023-09-26 14:00,9,14,Weekday,Fall,Yes,91.04,74.72,57.98
2023-09-26 15:00,9,15,Weekday,Fall,Yes,91.56,74.64,62.52
2023-09-26 16:00,9,16,Weekday,Fall,Yes,91.42,75.74,66.73
2023-09-26 17:00,9,17,Weekday,Fall,Yes,89.88,74.52,59.69
2023-09-26 18:00,9,18,Weekday,Fall,No,86.65,74.82,56.5
2023-09-26 19:00,9,19,Weekday,Fall,No,82.61,74.99,57.97
2023-09-26 20:00,9,20,Weekday,Fall,No,79.81,74.17,59.28
2023-09-26 21:00,9,21,Weekday,Fall,No,74.88,73.24,40.63
2023-09-26 22:00,9,22,Weekday,Fall,No,70.81,73.78,26.14
2023-09-26 23:00,9,23,Weekday,Fall,No,68.82,72.29,35.97
2023-09-27 00:00,9,0,Weekday,Fall,No,67.37,72.39,30.03
2023-09-27 01:00,9,1,Weekday,Fall,No,66.4,72.2,26.75
2023-09-27 02:00,9,2,Weekday,Fall,No,66.02,72.5,25.06
2023-09-27 03:00,9,3,Weekday,Fall,No,64.86,71.99,32.01
2023-09-27 04:00,9,4,Weekday,Fall,No,63.41,72.06,37.74
2023-09-27 05:00,9,5,Weekday,Fall,No,62.96,72.74,30.19
2023-09-27 06:00,9,6,Weekday,Fall,No,62.44,71.7,24.22
2023-09-27 07:00,9,7,Weekday,Fall,No,66.68,72.0,26.84
2023-09-27 08:00,9,8,Weekday,Fall,Yes,74.7,73.37,35.57
2023-09-27 09:00,9,9,Weekday,Fall,Yes,80.92,73.29,44.21
2023-09-27 10:00,9,10,Weekday,Fall,Yes,86.51,74.13,61.1
2023-09-27 11:00,9,11,Weekday,Fall,Yes,90.74,74.34,46.32
2023-09-27 12:00,9,12,Weekday,Fall,Yes,93.72,74.63,63.14
2023-09-27 13:00,9,13,Weekday,Fall,Yes,95.0,75.0,67.88
2023-09-27 14:00,9,14,Weekday,Fall,Yes,96.16,76.33,67.63
2023-09-27 15:00,9,15,Weekday,Fall,Yes,96.46,75.4,63.12
2023-09-27 16:00,9,16,Weekday,Fall,Yes,95.45,74.9,71.44
2023-09-27 17:00,9,17,Weekday,Fall,Yes,93.84,76.02,69.4
2023-09-27 18:00,9,18,Weekday,Fall,No,90.71,75.17,59.3
2023-09-27 19:00,9,19,Weekday,Fall,No,86.65,74.89,57.34
2023-09-27 20:00,9,20,Weekday,Fall,No,83.24,74.08,48.98
2023-09-27 21:00,9,21,Weekday,Fall,No,79.73,74.96,44.6
2023-09-27 22:00,9,22,Weekday,Fall,No,76.3,73.82,44.6
2023-09-27 23:00,9,23,Weekday,Fall,No,73.86,73.41,38.99
2023-09-28 00:00,9,0,Weekday,Fall,No,72.41,73.71,41.24
2023-09-28 01:00,9,1,Weekday,Fall,No,70.81,71.97,31.54
2023-09-28 02:00,9,2,Weekday,Fall,No,70.61,72.43,31.27
2023-09-28 03:00,9,3,Weekday,Fall,No,69.28,72.27,36.52
2023-09-28 04:00,9,4,Weekday,Fall,No,68.0,73.07,30.95
2023-09-28 05:00,9,5,Weekday,Fall,No,68.0,72.44,36.97
2023-09-28 06:00,9,6,Weekday,Fall,No,68.63,72.84,31.39
2023-09-28 07:00,9,7,Weekday,Fall,No,72.54,73.82,27.04
2023-09-28 08:00,9,8,Weekday,Fall,Yes,79.12,73.48,37.63
2023-09-28 09:00,9,9,Weekday,Fall,Yes,85.51,74.03,46.09
2023-09-28 10:00,9,10,Weekday,Fall,Yes,90.92,74.96,64.68
2023-09-28 11:00,9,11,Weekday,Fall,Yes,94.8,75.78,68.15
2023-09-28 12:00,9,12,Weekday,Fall,Yes,96.08,75.51,64.66
2023-09-28 13:00,9,13,Weekday,Fall,Yes,97.24,75.64,66.84
2023-09-28 14:00,9,14,Weekday,Fall,Yes,98.58,75.9,63.03
2023-09-28 15:00,9,15,Weekday,Fall,Yes,97.8,76.14,81.98
2023-09-28 16:00,9,16,Weekday,Fall,Yes,96.46,75.17,63.04
2023-09-28 17:00,9,17,Weekday,Fall,Yes,94.82,75.83,60.75
2023-09-28 18:00,9,18,Weekday,Fall,No,88.67,75.04,60.15
2023-09-28 19:00,9,19,Weekday,Fall,No,81.46,73.72,52.28
2023-09-28 20:00,9,20,Weekday,Fall,No,78.46,74.37,52.29
2023-09-28 21:00,9,21,Weekday,Fall,No,78.6,74.34,32.18
2023-09-28 22:00,9,22,Weekday,Fall,No,78.98,73.91,33.67
2023-09-28 23:00,9,23,Weekday,Fall,No,77.2,73.51,37.63
2023-09-29 00:00,9,0,Weekday,Fall,No,74.76,73.12,36.21
2023-09-29 01:00,9,1,Weekday,Fall,No,72.26,73.31,34.68
2023-09-29 02:00,9,2,Weekday,Fall,No,70.43,72.11,28.64
2023-09-29 03:00,9,3,Weekday,Fall,No,69.46,73.23,22.74
2023-09-29 04:00,9,4,Weekday,Fall,No,67.3,72.09,26.73
2023-09-29 05:00,9,5,Weekday,Fall,No,66.02,72.79,32.6
2023-09-29 06:00,9,6,Weekday,Fall,No,66.54,72.79,29.82
2023-09-29 07:00,9,7,Weekday,Fall,No,69.86,72.6,27.6
2023-09-29 08:00,9,8,Weekday,Fall,Yes,76.68,72.24,42.09
2023-09-29 09:00,9,9,Weekday,Fall,Yes,81.22,73.26,47.3
2023-09-29 10:00,9,10,Weekday,Fall,Yes,86.14,74.06,61.31
2023-09-29 11:00,9,11,Weekday,Fall,Yes,90.74,74.71,70.25
2023-09-29 12:00,9,12,Weekday,Fall,Yes,93.1,75.52,61.86
2023-09-29 13:00,9,13,Weekday,Fall,Yes,93.92,75.14,69.74
2023-09-29 14:00,9,14,Weekday,Fall,Yes,93.4,75.78,62.63
2023-09-29 15:00,9,15,Weekday,Fall,Yes,92.39,74.9,71.59
2023-09-29 16:00,9,16,Weekday,Fall,Yes,91.42,74.49,67.13
2023-09-29 17:00,9,17,Weekday,Fall,Yes,89.26,75.3,66.71
2023-09-29 18:00,9,18,Weekday,Fall,No,85.67,75.05,58.65
2023-09-29 19:00,9,19,Weekday,Fall,No,81.71,74.67,56.99
2023-09-29 20:00,9,20,Weekday,Fall,No,77.65,74.04,51.89
2023-09-29 21:00,9,21,Weekday,Fall,No,75.4,72.99,30.58
2023-09-29 22:00,9,22,Weekday,Fall,No,74.39,72.91,30.81
2023-09-29 23:00,9,23,Weekday,Fall,No,71.63,72.87,34.79
2023-09-30 00:00,9,0,Weekend,Fall,No,70.61,72.8,35.09
2023-09-30 01:00,9,1,Weekend,Fall,No,70.43,72.71,29.69
2023-09-30 02:00,9,2,Weekend,Fall,No,68.82,72.71,24.43
2023-09-30 03:00,9,3,Weekend,Fall,No,68.0,72.99,26.83
2023-09-30 04:00,9,4,Weekend,Fall,No,67.37,73.04,29.3
2023-09-30 05:00,9,5,Weekend,Fall,No,67.55,72.2,33.79
2023-09-30 06:00,9,6,Weekend,Fall,No,68.0,72.61,32.13
2023-09-30 07:00,9,7,Weekend,Fall,No,70.31,73.95,34.79
2023-09-30 08:00,9,8,Weekend,Fall,No,74.9,73.04,37.66
2023-09-30 09:00,9,9,Weekend,Fall,No,80.46,73.7,42.93
2023-09-30 10:00,9,10,Weekend,Fall,No,85.88,74.19,63.93
2023-09-30 11:00,9,11,Weekend,Fall,No,89.14,76.18,58.97
2023-09-30 12:00,9,12,Weekend,Fall,No,87.02,75.72,62.41
2023-09-30 13:00,9,13,Weekend,Fall,No,84.92,75.17,63.16
2023-09-30 14:00,9,14,Weekend,Fall,No,82.08,74.64,64.67
2023-09-30 15:00,9,15,Weekend,Fall,No,73.66,73.93,38.62
2023-09-30 16:00,9,16,Weekend,Fall,No,70.24,72.02,46.75
2023-09-30 17:00,9,17,Weekend,Fall,No,70.43,72.78,49.36
2023-09-30 18:00,9,18,Weekend,Fall,No,67.67,71.94,35.58
2023-09-30 19:00,9,19,Weekend,Fall,No,65.39,71.74,50.52
2023-09-30 20:00,9,20,Weekend,Fall,No,65.57,72.66,43.87
2023-09-30 21:00,9,21,Weekend,Fall,No,65.5,71.95,24.47
2023-09-30 22:00,9,22,Weekend,Fall,No,64.7,71.89,25.88
2023-09-30 23:00,9,23,Weekend,Fall,No,63.88,72.34,28.8
2023-10-01 00:00,10,0,Weekend,Fall,No,62.98,72.14,26.36
2023-10-01 01:00,10,1,Weekend,Fall,No,62.08,71.39,27.95
2023-10-01 02:00,10,2,Weekend,Fall,No,61.28,71.47,20.01
2023-10-01 03:00,10,3,Weekend,Fall,No,60.46,72.3,26.32
2023-10-01 04:00,10,4,Weekend,Fall,No,59.45,71.43,26.96
2023-10-01 05:00,10,5,Weekend,Fall,No,58.37,72.01,15.83
2023-10-01 06:00,10,6,Weekend,Fall,No,58.55,71.31,27.24
2023-10-01 07:00,10,7,Weekend,Fall,No,61.94,72.02,23.47
2023-10-01 08:00,10,8,Weekend,Fall,No,67.5,72.11,29.15
2023-10-01 09:00,10,9,Weekend,Fall,No,72.92,73.3,27.09
2023-10-01 10:00,10,10,Weekend,Fall,No,76.8,73.74,55.2
2023-10-01 11:00,10,11,Weekend,Fall,No,79.24,73.88,54.77
2023-10-01 12:00,10,12,Weekend,Fall,No,80.58,74.56,63.52
2023-10-01 13:00,10,13,Weekend,Fall,No,82.12,74.69,56.0
2023-10-01 14:00,10,14,Weekend,Fall,No,83.57,74.96,65.88
2023-10-01 15:00,10,15,Weekend,Fall,No,84.02,73.74,52.38
2023-10-01 16:00,10,16,Weekend,Fall,No,84.02,75.42,51.83
2023-10-01 17:00,10,17,Weekend,Fall,No,83.39,75.15,53.75
2023-10-01 18:00,10,18,Weekend,Fall,No,81.78,74.49,58.43
2023-10-01 19:00,10,19,Weekend,Fall,No,77.5,73.44,52.28
2023-10-01 20:00,10,20,Weekend,Fall,No,73.86,73.33,48.13
2023-10-01 21:00,10,21,Weekend,Fall,No,72.41,73.45,32.14
2023-10-01 22:00,10,22,Weekend,Fall,No,70.28,72.36,48.62
2023-10-01 23:00,10,23,Weekend,Fall,No,67.82,72.35,28.88
2023-10-02 00:00,10,0,Weekday,Fall,No,66.4,72.33,33.79
2023-10-02 01:00,10,1,Weekday,Fall,No,66.54,72.18,26.6
2023-10-02 02:00,10,2,Weekday,Fall,No,65.24,71.51,35.46
2023-10-02 03:00,10,3,Weekday,Fall,No,63.41,72.3,23.82
2023-10-02 04:00,10,4,Weekday,Fall,No,62.44,72.22,21.59
2023-10-02 05:00,10,5,Weekday,Fall,No,62.06,71.83,13.13
2023-10-02 06:00,10,6,Weekday,Fall,No,62.06,71.95,25.19
2023-10-02 07:00,10,7,Weekday,Fall,No,64.37,72.02,26.78
2023-10-02 08:00,10,8,Weekday,Fall,Yes,70.12,72.42,29.86
2023-10-02 09:00,10,9,Weekday,Fall,Yes,76.5,73.09,37.97
2023-10-02 10:00,10,10,Weekday,Fall,Yes,81.92,73.76,59.41
2023-10-02 11:00,10,11,Weekday,Fall,Yes,85.8,74.98,67.49
2023-10-02 12:00,10,12,Weekday,Fall,Yes,87.08,74.22,65.09
2023-10-02 13:00,10,13,Weekday,Fall,Yes,88.23,75.92,53.81
2023-10-02 14:00,10,14,Weekday,Fall,Yes,89.58,73.67,51.76
2023-10-02 15:00,10,15,Weekday,Fall,Yes,90.59,74.44,74.52
2023-10-02 16:00,10,16,Weekday,Fall,Yes,89.88,74.96,61.7
2023-10-02 17:00,10,17,Weekday,Fall,Yes,88.43,74.08,56.4
2023-10-02 18:00,10,18,Weekday,Fall,No,85.67,74.14,66.63
2023-10-02 19:00,10,19,Weekday,Fall,No,82.24,74.8,53.79
2023-10-02 20:00,10,20,Weekday,Fall,No,78.65,74.37,54.34
2023-10-02 21:00,10,21,Weekday,Fall,No,75.84,73.77,25.43
2023-10-02 22:00,10,22,Weekday,Fall,No,73.86,73.04,33.93
2023-10-02 23:00,10,23,Weekday,Fall,No,71.26,72.99,32.33
2023-10-03 00:00,10,0,Weekday,Fall,No,69.46,72.07,32.91
2023-10-03 01:00,10,1,Weekday,Fall,No,67.82,72.6,24.48
2023-10-03 02:00,10,2,Weekday,Fall,No,65.76,72.63,29.11
2023-10-03 03:00,10,3,Weekday,Fall,No,63.78,72.08,35.05
2023-10-03 04:00,10,4,Weekday,Fall,No,62.44,72.93,22.07
2023-10-03 05:00,10,5,Weekday,Fall,No,62.06,71.95,24.05
2023-10-03 06:00,10,6,Weekday,Fall,No,62.06,71.63,17.55
2023-10-03 07:00,10,7,Weekday,Fall,No,66.68,71.62,22.75
2023-10-03 08:00,10,8,Weekday,Fall,Yes,72.29,73.0,34.2
2023-10-03 09:00,10,9,Weekday,Fall,Yes,76.88,72.73,42.18
2023-10-03 10:00,10,10,Weekday,Fall,Yes,81.92,72.19,58.39
2023-10-03 11:00,10,11,Weekday,Fall,Yes,85.18,75.18,62.73
2023-10-03 12:00,10,12,Weekday,Fall,Yes,87.78,74.28,55.54
2023-10-03 13:00,10,13,Weekday,Fall,Yes,89.06,75.26,63.22
2023-10-03 14:00,10,14,Weekday,Fall,Yes,90.22,75.02,60.85
2023-10-03 15:00,10,15,Weekday,Fall,Yes,91.04,74.89,73.11
2023-10-03 16:00,10,16,Weekday,Fall,Yes,90.41,74.98,60.15
2023-10-03 17:00,10,17,Weekday,Fall,Yes,88.8,73.36,64.47
2023-10-03 18:00,10,18,Weekday,Fall,No,85.04,75.01,48.02
2023-10-03 19:00,10,19,Weekday,Fall,No,81.78,74.0,56.02
2023-10-03 20:00,10,20,Weekday,Fall,No,79.81,73.47,56.58
2023-10-03 21:00,10,21,Weekday,Fall,No,76.67,73.98,40.48
2023-10-03 22:00,10,22,Weekday,Fall,No,72.08,72.29,37.44
2023-10-03 23:00,10,23,Weekday,Fall,No,68.82,72.67,31.81
2023-10-04 00:00,10,0,Weekday,Fall,No,68.0,73.29,31.37
2023-10-04 01:00,10,1,Weekday,Fall,No,66.84,71.52,29.67
2023-10-04 02:00,10,2,Weekday,Fall,No,64.86,72.11,22.29
2023-10-04 03:00,10,3,Weekday,Fall,No,64.04,72.04,37.99
2023-10-04 04:00,10,4,Weekday,Fall,No,63.41,71.9,17.15
2023-10-04 05:00,10,5,Weekday,Fall,No,62.96,73.08,31.66
2023-10-04 06:00,10,6,Weekday,Fall,No,63.59,71.75,26.58
2023-10-04 07:00,10,7,Weekday,Fall,No,65.19,72.04,29.68
2023-10-04 08:00,10,8,Weekday,Fall,Yes,70.64,71.67,30.51
2023-10-04 09:00,10,9,Weekday,Fall,Yes,76.88,72.98,38.41
2023-10-04 10:00,10,10,Weekday,Fall,Yes,81.92,73.05,58.88
2023-10-04 11:00,10,11,Weekday,Fall,Yes,86.96,74.66,62.59
2023-10-04 12:00,10,12,Weekday,Fall,Yes,90.22,74.54,64.68
2023-10-04 13:00,10,13,Weekday,Fall,Yes,91.04,75.45,62.45
2023-10-04 14:00,10,14,Weekday,Fall,Yes,92.2,75.0,67.18
2023-10-04 15:00,10,15,Weekday,Fall,Yes,92.39,75.16,62.15
2023-10-04 16:00,10,16,Weekday,Fall,Yes,91.94,75.03,70.57
2023-10-04 17:00,10,17,Weekday,Fall,Yes,90.26,75.93,58.58
2023-10-04 18:00,10,18,Weekday,Fall,No,86.12,75.45,64.97
2023-10-04 19:00,10,19,Weekday,Fall,No,81.08,73.68,51.28
2023-10-04 20:00,10,20,Weekday,Fall,No,77.82,74.36,48.13
2023-10-04 21:00,10,21,Weekday,Fall,No,74.69,73.18,33.47
2023-10-04 22:00,10,22,Weekday,Fall,No,71.88,72.89,36.42
2023-10-04 23:00,10,23,Weekday,Fall,No,68.65,72.86,33.5
2023-10-05 00:00,10,0,Weekday,Fall,No,66.92,73.35,23.25
2023-10-05 01:00,10,1,Weekday,Fall,No,65.76,72.94,26.01
2023-10-05 02:00,10,2,Weekday,Fall,No,63.26,71.24,20.55
2023-10-05 03:00,10,3,Weekday,Fall,No,61.43,71.91,19.31
2023-10-05 04:00,10,4,Weekday,Fall,No,59.82,71.22,24.34
2023-10-05 05:00,10,5,Weekday,Fall,No,59.0,71.72,21.03
2023-10-05 06:00,10,6,Weekday,Fall,No,59.63,71.29,11.61
2023-10-05 07:00,10,7,Weekday,Fall,No,61.76,71.45,18.21
2023-10-05 08:00,10,8,Weekday,Fall,Yes,67.06,71.99,23.34
2023-10-05 09:00,10,9,Weekday,Fall,Yes,74.08,72.27,26.42
2023-10-05 10:00,10,10,Weekday,Fall,Yes,79.94,73.49,55.45
2023-10-05 11:00,10,11,Weekday,Fall,Yes,83.72,74.83,57.47
2023-10-05 12:00,10,12,Weekday,Fall,Yes,85.55,73.32,56.08
2023-10-05 13:00,10,13,Weekday,Fall,Yes,87.78,74.38,58.62
2023-10-05 14:00,10,14,Weekday,Fall,Yes,87.9,74.22,62.8
2023-10-05 15:00,10,15,Weekday,Fall,Yes,88.23,73.72,55.91
2023-10-05 16:00,10,16,Weekday,Fall,Yes,87.9,74.15,60.24
2023-10-05 17:00,10,17,Weekday,Fall,Yes,84.66,73.45,63.15
2023-10-05 18:00,10,18,Weekday,Fall,No,81.78,74.44,54.99
2023-10-05 19:00,10,19,Weekday,Fall,No,79.28,74.55,64.32
2023-10-05 20:00,10,20,Weekday,Fall,No,75.67,74.14,50.21
2023-10-05 21:00,10,21,Weekday,Fall,No,72.26,72.28,37.61
2023-10-05 22:00,10,22,Weekday,Fall,No,69.9,72.67,31.97
2023-10-05 23:00,10,23,Weekday,Fall,No,68.45,72.93,29.55
2023-10-06 00:00,10,0,Weekday,Fall,No,66.84,72.13,17.81
2023-10-06 01:00,10,1,Weekday,Fall,No,65.39,71.59,28.2
2023-10-06 02:00,10,2,Weekday,Fall,No,63.26,72.49,20.79
2023-10-06 03:00,10,3,Weekday,Fall,No,60.28,71.99,26.98
2023-10-06 04:00,10,4,Weekday,Fall,No,59.63,70.96,19.07
2023-10-06 05:00,10,5,Weekday,Fall,No,59.45,71.58,27.34
2023-10-06 06:00,10,6,Weekday,Fall,No,59.63,71.93,27.78
2023-10-06 07:00,10,7,Weekday,Fall,No,62.39,72.72,30.01
2023-10-06 08:00,10,8,Weekday,Fall,Yes,68.13,72.52,30.88
2023-10-06 09:00,10,9,Weekday,Fall,Yes,74.53,73.57,27.78
2023-10-06 10:00,10,10,Weekday,Fall,Yes,79.31,73.05,58.77
2023-10-06 11:00,10,11,Weekday,Fall,Yes,83.27,73.18,57.73
2023-10-06 12:00,10,12,Weekday,Fall,Yes,85.55,74.13,56.18
2023-10-06 13:00,10,13,Weekday,Fall,Yes,86.63,74.36,58.36
2023-10-06 14:00,10,14,Weekday,Fall,Yes,88.23,74.81,64.49
2023-10-06 15:00,10,15,Weekday,Fall,Yes,88.43,75.41,65.61
2023-10-06 16:00,10,16,Weekday,Fall,Yes,87.46,74.56,63.34
2023-10-06 17:00,10,17,Weekday,Fall,Yes,85.82,73.59,68.1
2023-10-06 18:00,10,18,Weekday,Fall,No,82.61,75.58,54.02
2023-10-06 19:00,10,19,Weekday,Fall,No,79.81,73.47,52.75
2023-10-06 20:00,10,20,Weekday,Fall,No,77.2,72.91,49.93
2023-10-06 21:00,10,21,Weekday,Fall,No,75.4,75.17,35.28
2023-10-06 22:00,10,22,Weekday,Fall,No,70.92,72.12,33.88
2023-10-06 23:00,10,23,Weekday,Fall,No,67.37,72.81,31.94
2023-10-07 00:00,10,0,Weekend,Fall,No,65.76,71.65,25.21
2023-10-07 01:00,10,1,Weekend,Fall,No,63.78,72.11,31.4
2023-10-07 02:00,10,2,Weekend,Fall,No,61.8,71.67,25.17
2023-10-07 03:00,10,3,Weekend,Fall,No,61.61,70.71,22.92
2023-10-07 04:00,10,4,Weekend,Fall,No,60.9,71.77,30.97
2023-10-07 05:00,10,5,Weekend,Fall,No,60.08,71.53,20.4
2023-10-07 06:00,10,6,Weekend,Fall,No,60.6,71.78,28.87
2023-10-07 07:00,10,7,Weekend,Fall,No,64.44,71.63,16.82
2023-10-07 08:00,10,8,Weekend,Fall,No,70.49,73.94,29.73
2023-10-07 09:00,10,9,Weekend,Fall,No,75.98,73.68,35.88
2023-10-07 10:00,10,10,Weekend,Fall,No,81.54,74.4,57.3
2023-10-07 11:00,10,11,Weekend,Fall,No,84.54,74.49,61.76
2023-10-07 12:00,10,12,Weekend,Fall,No,86.7,75.61,55.38
2023-10-07 13:00,10,13,Weekend,Fall,No,87.98,75.51,56.99
2023-10-07 14:00,10,14,Weekend,Fall,No,89.14,75.95,58.8
2023-10-07 15:00,10,15,Weekend,Fall,No,89.96,75.54,54.36
2023-10-07 16:00,10,16,Weekend,Fall,No,88.8,76.17,63.38
2023-10-07 17:00,10,17,Weekend,Fall,No,86.82,74.78,65.5
2023-10-07 18:00,10,18,Weekend,Fall,No,83.69,74.96,59.41
2023-10-07 19:00,10,19,Weekend,Fall,No,80.88,74.66,45.13
2023-10-07 20:00,10,20,Weekend,Fall,No,77.65,73.93,48.91
2023-10-07 21:00,10,21,Weekend,Fall,No,75.92,73.48,39.66
2023-10-07 22:00,10,22,Weekend,Fall,No,71.93,72.74,33.19
2023-10-07 23:00,10,23,Weekend,Fall,No,67.3,72.54,39.78
2023-10-08 00:00,10,0,Weekend,Fall,No,65.39,71.98,24.44
2023-10-08 01:00,10,1,Weekend,Fall,No,63.26,72.02,26.19
2023-10-08 02:00,10,2,Weekend,Fall,No,61.43,71.69,25.86
2023-10-08 03:00,10,3,Weekend,Fall,No,60.98,71.83,17.6
2023-10-08 04:00,10,4,Weekend,Fall,No,60.98,71.86,22.06
2023-10-08 05:00,10,5,Weekend,Fall,No,60.98,72.01,22.18
2023-10-08 06:00,10,6,Weekend,Fall,No,60.46,70.95,20.95
2023-10-08 07:00,10,7,Weekend,Fall,No,62.92,71.94,26.17
2023-10-08 08:00,10,8,Weekend,Fall,No,69.04,73.0,35.99
2023-10-08 09:00,10,9,Weekend,Fall,No,76.68,73.85,38.71
2023-10-08 10:00,10,10,Weekend,Fall,No,83.52,74.75,51.74
2023-10-08 11:00,10,11,Weekend,Fall,No,88.31,74.85,62.37
2023-10-08 12:00,10,12,Weekend,Fall,No,90.59,75.35,55.56
2023-10-08 13:00,10,13,Weekend,Fall,No,91.04,75.42,69.79
2023-10-08 14:00,10,14,Weekend,Fall,No,91.04,75.72,57.96
2023-10-08 15:00,10,15,Weekend,Fall,No,91.04,74.66,59.24
2023-10-08 16:00,10,16,Weekend,Fall,No,91.56,75.14,63.49
2023-10-08 17:00,10,17,Weekend,Fall,No,90.26,75.81,61.44
2023-10-08 18:00,10,18,Weekend,Fall,No,86.12,75.23,58.03
2023-10-08 19:00,10,19,Weekend,Fall,No,84.02,74.94,51.58
2023-10-08 20:00,10,20,Weekend,Fall,No,79.92,72.97,58.87
2023-10-08 21:00,10,21,Weekend,Fall,No,78.16,74.28,45.64
2023-10-08 22:00,10,22,Weekend,Fall,No,76.67,74.55,35.68
2023-10-08 23:00,10,23,Weekend,Fall,No,73.86,73.09,36.16
2023-10-09 00:00,10,0,Weekday,Fall,No,73.56,73.6,28.77
2023-10-09 01:00,10,1,Weekday,Fall,No,71.1,73.09,40.43
2023-10-09 02:00,10,2,Weekday,Fall,No,69.08,72.51,30.56
2023-10-09 03:00,10,3,Weekday,Fall,No,69.08,72.1,37.32
2023-10-09 04:00,10,4,Weekday,Fall,No,70.76,73.25,27.18
2023-10-09 05:00,10,5,Weekday,Fall,No,72.59,73.21,36.65
2023-10-09 06:00,10,6,Weekday,Fall,No,71.26,73.49,36.3
2023-10-09 07:00,10,7,Weekday,Fall,No,72.92,73.03,37.79
2023-10-09 08:00,10,8,Weekday,Fall,Yes,77.96,72.32,39.37
2023-10-09 09:00,10,9,Weekday,Fall,Yes,81.22,74.11,44.23
2023-10-09 10:00,10,10,Weekday,Fall,Yes,83.72,73.48,55.98
2023-10-09 11:00,10,11,Weekday,Fall,Yes,86.18,73.65,60.76
2023-10-09 12:00,10,12,Weekday,Fall,Yes,88.23,73.65,62.23
2023-10-09 13:00,10,13,Weekday,Fall,Yes,89.58,73.96,64.71
2023-10-09 14:00,10,14,Weekday,Fall,Yes,88.8,74.27,67.5
2023-10-09 15:00,10,15,Weekday,Fall,Yes,89.14,74.09,61.24
2023-10-09 16:00,10,16,Weekday,Fall,Yes,89.43,74.25,60.63
2023-10-09 17:00,10,17,Weekday,Fall,Yes,87.9,74.09,55.2
2023-10-09 18:00,10,18,Weekday,Fall,No,84.66,75.0,50.24
2023-10-09 19:00,10,19,Weekday,Fall,No,81.78,74.54,48.49
2023-10-09 20:00,10,20,Weekday,Fall,No,79.38,73.91,47.26
2023-10-09 21:00,10,21,Weekday,Fall,No,76.9,73.72,39.26
2023-10-09 22:00,10,22,Weekday,Fall,No,74.76,74.16,37.47
2023-10-09 23:00,10,23,Weekday,Fall,No,73.0,72.02,42.47
2023-10-10 00:00,10,0,Weekday,Fall,No,71.79,73.14,34.78
2023-10-10 01:00,10,1,Weekday,Fall,No,70.68,72.79,36.18
2023-10-10 02:00,10,2,Weekday,Fall,No,69.42,72.81,27.28
2023-10-10 03:00,10,3,Weekday,Fall,No,68.38,72.92,13.69
2023-10-10 04:00,10,4,Weekday,Fall,No,67.68,72.56,24.26
2023-10-10 05:00,10,5,Weekday,Fall,No,67.14,72.59,31.01
2023-10-10 06:00,10,6,Weekday,Fall,No,66.08,72.15,23.28
2023-10-10 07:00,10,7,Weekday,Fall,No,66.95,72.31,35.08
2023-10-10 08:00,10,8,Weekday,Fall,Yes,72.62,72.64,44.27
2023-10-10 09:00,10,9,Weekday,Fall,Yes,79.49,73.61,39.97
2023-10-10 10:00,10,10,Weekday,Fall,Yes,83.72,73.41,64.7
2023-10-10 11:00,10,11,Weekday,Fall,Yes,86.7,74.42,63.69
2023-10-10 12:00,10,12,Weekday,Fall,Yes,87.98,73.45,61.67
2023-10-10 13:00,10,13,Weekday,Fall,Yes,88.61,74.92,61.22
2023-10-10 14:00,10,14,Weekday,Fall,Yes,89.06,74.64,45.15
2023-10-10 15:00,10,15,Weekday,Fall,Yes,87.9,74.38,63.61
2023-10-10 16:00,10,16,Weekday,Fall,Yes,86.45,74.43,54.31
2023-10-10 17:00,10,17,Weekday,Fall,Yes,84.22,74.07,58.31
2023-10-10 18:00,10,18,Weekday,Fall,No,81.26,73.85,46.71
2023-10-10 19:00,10,19,Weekday,Fall,No,78.28,74.05,48.34
2023-10-10 20:00,10,20,Weekday,Fall,No,74.69,73.81,52.11
2023-10-10 21:00,10,21,Weekday,Fall,No,71.26,72.12,30.87
2023-10-10 22:00,10,22,Weekday,Fall,No,69.46,73.71,27.79
2023-10-10 23:00,10,23,Weekday,Fall,No,67.3,72.07,27.47
2023-10-11 00:00,10,0,Weekday,Fall,No,64.86,72.39,24.24
2023-10-11 01:00,10,1,Weekday,Fall,No,63.41,71.21,25.16
2023-10-11 02:00,10,2,Weekday,Fall,No,62.44,71.84,25.61
2023-10-11 03:00,10,3,Weekday,Fall,No,60.9,71.84,24.14
2023-10-11 04:00,10,4,Weekday,Fall,No,60.6,71.7,19.33
2023-10-11 05:00,10,5,Weekday,Fall,No,59.82,71.4,26.35
2023-10-11 06:00,10,6,Weekday,Fall,No,58.37,72.12,23.03
2023-10-11 07:00,10,7,Weekday,Fall,No,62.64,71.58,29.43
2023-10-11 08:00,10,8,Weekday,Fall,Yes,71.27,72.17,33.71
2023-10-11 09:00,10,9,Weekday,Fall,Yes,76.8,72.8,48.7
2023-10-11 10:00,10,10,Weekday,Fall,Yes,79.24,73.17,53.06
2023-10-11 11:00,10,11,Weekday,Fall,Yes,81.22,73.67,51.93
2023-10-11 12:00,10,12,Weekday,Fall,Yes,82.56,74.11,54.67
2023-10-11 13:00,10,13,Weekday,Fall,Yes,82.94,73.36,58.15
2023-10-11 14:00,10,14,Weekday,Fall,Yes,83.57,74.15,51.18
2023-10-11 15:00,10,15,Weekday,Fall,Yes,83.39,73.51,65.12
2023-10-11 16:00,10,16,Weekday,Fall,Yes,82.94,72.79,46.73
2023-10-11 17:00,10,17,Weekday,Fall,Yes,81.26,74.19,54.86
2023-10-11 18:00,10,18,Weekday,Fall,No,78.28,74.34,53.46
2023-10-11 19:00,10,19,Weekday,Fall,No,75.22,74.08,42.29
2023-10-11 20:00,10,20,Weekday,Fall,No,72.78,73.12,44.43
2023-10-11 21:00,10,21,Weekday,Fall,No,70.28,73.78,29.48
2023-10-11 22:00,10,22,Weekday,Fall,No,68.45,72.14,30.97
2023-10-11 23:00,10,23,Weekday,Fall,No,65.69,72.05,20.75
2023-10-12 00:00,10,0,Weekday,Fall,No,62.26,72.41,22.76
2023-10-12 01:00,10,1,Weekday,Fall,No,61.61,71.24,23.86
2023-10-12 02:00,10,2,Weekday,Fall,No,62.06,71.44,23.56
2023-10-12 03:00,10,3,Weekday,Fall,No,62.06,71.31,28.16
2023-10-12 04:00,10,4,Weekday,Fall,No,60.9,71.35,29.85
2023-10-12 05:00,10,5,Weekday,Fall,No,60.6,72.14,19.17
2023-10-12 06:00,10,6,Weekday,Fall,No,60.98,71.48,26.73
2023-10-12 07:00,10,7,Weekday,Fall,No,63.92,72.14,29.89
2023-10-12 08:00,10,8,Weekday,Fall,Yes,71.27,72.11,30.64
2023-10-12 09:00,10,9,Weekday,Fall,Yes,76.8,73.22,41.11
2023-10-12 10:00,10,10,Weekday,Fall,Yes,80.39,73.18,52.15
2023-10-12 11:00,10,11,Weekday,Fall,Yes,83.2,73.97,55.56
2023-10-12 12:00,10,12,Weekday,Fall,Yes,85.18,73.03,47.83
2023-10-12 13:00,10,13,Weekday,Fall,Yes,85.37,74.07,56.39
2023-10-12 14:00,10,14,Weekday,Fall,Yes,86.7,73.99,56.5
2023-10-12 15:00,10,15,Weekday,Fall,Yes,87.46,74.03,61.31
2023-10-12 16:00,10,16,Weekday,Fall,Yes,87.08,74.31,67.56
2023-10-12 17:00,10,17,Weekday,Fall,Yes,85.82,73.67,61.14
2023-10-12 18:00,10,18,Weekday,Fall,No,82.61,74.13,55.96
2023-10-12 19:00,10,19,Weekday,Fall,No,79.28,74.23,58.6
2023-10-12 20:00,10,20,Weekday,Fall,No,76.3,74.62,58.62
2023-10-12 21:00,10,21,Weekday,Fall,No,74.39,74.68,30.01
2023-10-12 22:00,10,22,Weekday,Fall,No,72.78,73.0,35.41
2023-10-12 23:00,10,23,Weekday,Fall,No,70.28,73.61,24.55
2023-10-13 00:00,10,0,Weekday,Fall,No,67.3,71.82,23.6
2023-10-13 01:00,10,1,Weekday,Fall,No,64.86,71.75,26.09
2023-10-13 02:00,10,2,Weekday,Fall,No,63.41,71.99,30.84
2023-10-13 03:00,10,3,Weekday,Fall,No,62.44,71.74,21.34
2023-10-13 04:00,10,4,Weekday,Fall,No,60.9,72.89,30.45
2023-10-13 05:00,10,5,Weekday,Fall,No,60.08,71.01,20.32
2023-10-13 06:00,10,6,Weekday,Fall,No,59.45,71.8,21.19
2023-10-13 07:00,10,7,Weekday,Fall,No,61.31,72.31,21.62
2023-10-13 08:00,10,8,Weekday,Fall,Yes,66.53,71.16,31.15
2023-10-13 09:00,10,9,Weekday,Fall,Yes,71.92,72.65,31.11
2023-10-13 10:00,10,10,Weekday,Fall,Yes,75.72,72.24,44.25
2023-10-13 11:00,10,11,Weekday,Fall,Yes,78.78,73.67,45.26
2023-10-13 12:00,10,12,Weekday,Fall,Yes,81.74,73.07,55.94
2023-10-13 13:00,10,13,Weekday,Fall,Yes,84.1,73.63,50.0
2023-10-13 14:00,10,14,Weekday,Fall,Yes,84.92,74.23,57.88
2023-10-13 15:00,10,15,Weekday,Fall,Yes,85.55,74.27,54.29
2023-10-13 16:00,10,16,Weekday,Fall,Yes,84.84,74.21,58.76
2023-10-13 17:00,10,17,Weekday,Fall,Yes,82.24,73.79,50.13
2023-10-13 18:00,10,18,Weekday,Fall,No,79.81,74.59,60.57
2023-10-13 19:00,10,19,Weekday,Fall,No,77.82,73.07,43.59
2023-10-13 20:00,10,20,Weekday,Fall,No,76.37,74.32,52.49
2023-10-13 21:00,10,21,Weekday,Fall,No,73.61,72.68,41.8
2023-10-13 22:00,10,22,Weekday,Fall,No,73.12,73.56,40.11
2023-10-13 23:00,10,23,Weekday,Fall,No,71.1,72.82,34.84
2023-10-14 00:00,10,0,Weekend,Fall,No,68.45,71.12,36.14
2023-10-14 01:00,10,1,Weekend,Fall,No,68.63,72.51,32.4
2023-10-14 02:00,10,2,Weekend,Fall,No,68.45,73.37,37.91
2023-10-14 03:00,10,3,Weekend,Fall,No,67.37,71.76,27.74
2023-10-14 04:00,10,4,Weekend,Fall,No,66.4,72.24,26.13
2023-10-14 05:00,10,5,Weekend,Fall,No,65.39,71.93,24.12
2023-10-14 06:00,10,6,Weekend,Fall,No,64.94,72.84,28.06
2023-10-14 07:00,10,7,Weekend,Fall,No,66.1,71.65,28.07
2023-10-14 08:00,10,8,Weekend,Fall,No,69.34,72.73,34.7
2023-10-14 09:00,10,9,Weekend,Fall,No,72.74,73.42,25.13
2023-10-14 10:00,10,10,Weekend,Fall,No,75.1,73.05,44.37
2023-10-14 11:00,10,11,Weekend,Fall,No,78.33,73.63,45.45
2023-10-14 12:00,10,12,Weekend,Fall,No,81.22,74.99,46.17
2023-10-14 13:00,10,13,Weekend,Fall,No,82.56,74.48,55.51
2023-10-14 14:00,10,14,Weekend,Fall,No,83.57,74.63,60.05
2023-10-14 15:00,10,15,Weekend,Fall,No,84.02,74.19,56.34
2023-10-14 16:00,10,16,Weekend,Fall,No,84.02,74.68,57.15
2023-10-14 17:00,10,17,Weekend,Fall,No,82.86,74.63,59.69
2023-10-14 18:00,10,18,Weekend,Fall,No,79.73,75.12,50.7
2023-10-14 19:00,10,19,Weekend,Fall,No,76.3,74.08,61.69
2023-10-14 20:00,10,20,Weekend,Fall,No,73.24,72.73,40.44
2023-10-14 21:00,10,21,Weekend,Fall,No,71.44,73.11,36.54
2023-10-14 22:00,10,22,Weekend,Fall,No,69.9,72.8,29.61
2023-10-14 23:00,10,23,Weekend,Fall,No,67.82,72.36,21.06
2023-10-15 00:00,10,0,Weekend,Fall,No,66.4,73.24,28.19
2023-10-15 01:00,10,1,Weekend,Fall,No,64.86,71.92,26.55
2023-10-15 02:00,10,2,Weekend,Fall,No,62.26,70.9,29.15
2023-10-15 03:00,10,3,Weekend,Fall,No,60.46,71.37,30.08
2023-10-15 04:00,10,4,Weekend,Fall,No,58.82,70.14,21.19
2023-10-15 05:00,10,5,Weekend,Fall,No,58.55,70.75,14.24
2023-10-15 06:00,10,6,Weekend,Fall,No,60.16,71.54,27.22
2023-10-15 07:00,10,7,Weekend,Fall,No,62.76,71.76,20.88
2023-10-15 08:00,10,8,Weekend,Fall,No,68.13,72.51,19.87
2023-10-15 09:00,10,9,Weekend,Fall,No,74.53,73.33,38.57
2023-10-15 10:00,10,10,Weekend,Fall,No,79.31,73.65,51.76
2023-10-15 11:00,10,11,Weekend,Fall,No,82.74,73.93,59.94
2023-10-15 12:00,10,12,Weekend,Fall,No,84.02,74.51,60.17
2023-10-15 13:00,10,13,Weekend,Fall,No,85.8,73.93,54.53
2023-10-15 14:00,10,14,Weekend,Fall,No,88.23,75.38,63.17
2023-10-15 15:00,10,15,Weekend,Fall,No,88.43,74.67,55.4
2023-10-15 16:00,10,16,Weekend,Fall,No,86.82,74.52,59.24
2023-10-15 17:00,10,17,Weekend,Fall,No,84.22,75.23,65.42
2023-10-15 18:00,10,18,Weekend,Fall,No,80.63,74.53,62.55
2023-10-15 19:00,10,19,Weekend,Fall,No,77.2,74.22,48.22
2023-10-15 20:00,10,20,Weekend,Fall,No,73.08,72.94,45.89
2023-10-15 21:00,10,21,Weekend,Fall,No,69.9,73.41,20.63
2023-10-15 22:00,10,22,Weekend,Fall,No,69.6,72.72,32.61
2023-10-15 23:00,10,23,Weekend,Fall,No,68.82,73.88,28.65
2023-10-16 00:00,10,0,Weekday,Fall,No,66.84,71.47,23.95
2023-10-16 01:00,10,1,Weekday,Fall,No,66.02,71.73,42.2
2023-10-16 02:00,10,2,Weekday,Fall,No,63.08,71.33,27.04
2023-10-16 03:00,10,3,Weekday,Fall,No,62.14,71.83,18.29
2023-10-16 04:00,10,4,Weekday,Fall,No,63.59,71.27,20.84
2023-10-16 05:00,10,5,Weekday,Fall,No,62.89,71.93,18.91
2023-10-16 06:00,10,6,Weekday,Fall,No,62.58,71.68,30.78
2023-10-16 07:00,10,7,Weekday,Fall,No,67.06,72.32,35.15
2023-10-16 08:00,10,8,Weekday,Fall,Yes,72.29,71.99,41.35
2023-10-16 09:00,10,9,Weekday,Fall,Yes,76.35,71.9,42.66
2023-10-16 10:00,10,10,Weekday,Fall,Yes,79.76,73.22,51.43
2023-10-16 11:00,10,11,Weekday,Fall,Yes,82.74,73.48,59.4
2023-10-16 12:00,10,12,Weekday,Fall,Yes,84.54,74.55,48.52
2023-10-16 13:00,10,13,Weekday,Fall,Yes,85.55,74.71,57.53
2023-10-16 14:00,10,14,Weekday,Fall,Yes,87.78,74.67,65.41
2023-10-16 15:00,10,15,Weekday,Fall,Yes,87.9,74.12,63.13
2023-10-16 16:00,10,16,Weekday,Fall,Yes,85.82,73.24,58.58
2023-10-16 17:00,10,17,Weekday,Fall,Yes,83.24,73.13,61.74
2023-10-16 18:00,10,18,Weekday,Fall,No,80.88,74.18,47.27
2023-10-16 19:00,10,19,Weekday,Fall,No,79.43,73.91,46.22
2023-10-16 20:00,10,20,Weekday,Fall,No,77.82,73.54,48.45
2023-10-16 21:00,10,21,Weekday,Fall,No,75.84,72.87,37.13
2023-10-16 22:00,10,22,Weekday,Fall,No,72.71,73.48,33.45
2023-10-16 23:00,10,23,Weekday,Fall,No,73.37,73.31,33.03
2023-10-17 00:00,10,0,Weekday,Fall,No,73.24,73.19,28.89
2023-10-17 01:00,10,1,Weekday,Fall,No,71.96,72.81,48.25
2023-10-17 02:00,10,2,Weekday,Fall,No,73.12,73.44,33.13
2023-10-17 03:00,10,3,Weekday,Fall,No,73.42,73.39,31.83
2023-10-17 04:00,10,4,Weekday,Fall,No,73.04,73.48,40.23
2023-10-17 05:00,10,5,Weekday,Fall,No,72.41,73.68,35.74
2023-10-17 06:00,10,6,Weekday,Fall,No,71.44,72.86,32.62
2023-10-17 07:00,10,7,Weekday,Fall,No,71.06,72.31,38.15
2023-10-17 08:00,10,8,Weekday,Fall,Yes,71.58,72.16,25.63
2023-10-17 09:00,10,9,Weekday,Fall,Yes,73.12,72.01,35.93
2023-10-17 10:00,10,10,Weekday,Fall,Yes,76.35,73.72,51.9
2023-10-17 11:00,10,11,Weekday,Fall,Yes,78.6,72.88,59.27
2023-10-17 12:00,10,12,Weekday,Fall,Yes,78.98,72.7,51.23
2023-10-17 13:00,10,13,Weekday,Fall,Yes,78.46,72.79,61.41
2023-10-17 14:00,10,14,Weekday,Fall,Yes,78.08,73.41,48.19
2023-10-17 15:00,10,15,Weekday,Fall,Yes,77.45,73.43,55.86
2023-10-17 16:00,10,16,Weekday,Fall,Yes,76.37,72.61,60.05
2023-10-17 17:00,10,17,Weekday,Fall,Yes,74.24,72.25,50.98
2023-10-17 18:00,10,18,Weekday,Fall,No,71.88,73.69,48.31
2023-10-17 19:00,10,19,Weekday,Fall,No,69.9,72.57,44.74
2023-10-17 20:00,10,20,Weekday,Fall,No,68.45,72.93,33.75
2023-10-17 21:00,10,21,Weekday,Fall,No,66.84,71.96,15.06
2023-10-17 22:00,10,22,Weekday,Fall,No,65.39,72.81,30.74
2023-10-17 23:00,10,23,Weekday,Fall,No,64.41,72.26,22.38
2023-10-18 00:00,10,0,Weekday,Fall,No,64.04,71.93,29.5
2023-10-18 01:00,10,1,Weekday,Fall,No,62.89,72.46,24.44
2023-10-18 02:00,10,2,Weekday,Fall,No,60.9,71.4,22.08
2023-10-18 03:00,10,3,Weekday,Fall,No,59.45,71.88,31.9
2023-10-18 04:00,10,4,Weekday,Fall,No,57.22,70.57,19.41
2023-10-18 05:00,10,5,Weekday,Fall,No,55.94,70.37,20.6
2023-10-18 06:00,10,6,Weekday,Fall,No,56.57,71.0,18.08
2023-10-18 07:00,10,7,Weekday,Fall,No,58.18,71.3,24.57
2023-10-18 08:00,10,8,Weekday,Fall,Yes,61.31,71.15,24.61
2023-10-18 09:00,10,9,Weekday,Fall,Yes,64.11,70.87,25.0
2023-10-18 10:00,10,10,Weekday,Fall,Yes,66.1,71.85,38.25
2023-10-18 11:00,10,11,Weekday,Fall,Yes,67.55,70.5,44.03
2023-10-18 12:00,10,12,Weekday,Fall,Yes,68.63,71.33,40.39
2023-10-18 13:00,10,13,Weekday,Fall,Yes,69.6,71.8,46.82
2023-10-18 14:00,10,14,Weekday,Fall,Yes,70.61,72.27,50.86
2023-10-18 15:00,10,15,Weekday,Fall,Yes,71.58,71.95,51.18
2023-10-18 16:00,10,16,Weekday,Fall,Yes,71.44,72.55,47.91
2023-10-18 17:00,10,17,Weekday,Fall,Yes,71.06,72.93,47.99
2023-10-18 18:00,10,18,Weekday,Fall,No,69.9,72.7,45.78
2023-10-18 19:00,10,19,Weekday,Fall,No,67.3,73.1,47.19
2023-10-18 20:00,10,20,Weekday,Fall,No,65.39,71.71,40.96
2023-10-18 21:00,10,21,Weekday,Fall,No,62.63,71.35,23.57
2023-10-18 22:00,10,22,Weekday,Fall,No,60.98,72.43,20.73
2023-10-18 23:00,10,23,Weekday,Fall,No,61.61,72.24,28.24
2023-10-19 00:00,10,0,Weekday,Fall,No,62.06,71.92,22.3
2023-10-19 01:00,10,1,Weekday,Fall,No,60.9,71.43,22.07
2023-10-19 02:00,10,2,Weekday,Fall,No,58.3,71.12,18.9
2023-10-19 03:00,10,3,Weekday,Fall,No,56.39,70.38,14.4
2023-10-19 04:00,10,4,Weekday,Fall,No,55.42,70.36,20.21
2023-10-19 05:00,10,5,Weekday,Fall,No,54.41,69.72,18.18
2023-10-19 06:00,10,6,Weekday,Fall,No,53.96,69.94,19.97
2023-10-19 07:00,10,7,Weekday,Fall,No,55.74,70.53,21.54
2023-10-19 08:00,10,8,Weekday,Fall,Yes,60.48,70.03,22.83
2023-10-19 09:00,10,9,Weekday,Fall,Yes,65.27,71.15,28.77
2023-10-19 10:00,10,10,Weekday,Fall,Yes,68.7,70.78,44.7
2023-10-19 11:00,10,11,Weekday,Fall,Yes,71.14,71.96,45.09
2023-10-19 12:00,10,12,Weekday,Fall,Yes,73.12,72.54,43.06
2023-10-19 13:00,10,13,Weekday,Fall,Yes,75.72,73.01,45.44
2023-10-19 14:00,10,14,Weekday,Fall,Yes,79.31,73.95,57.55
2023-10-19 15:00,10,15,Weekday,Fall,Yes,80.44,74.87,51.54
2023-10-19 16:00,10,16,Weekday,Fall,Yes,79.43,72.37,58.44
2023-10-19 17:00,10,17,Weekday,Fall,Yes,77.2,73.21,48.97
2023-10-19 18:00,10,18,Weekday,Fall,No,74.24,73.38,55.38
2023-10-19 19:00,10,19,Weekday,Fall,No,71.88,73.56,43.57
2023-10-19 20:00,10,20,Weekday,Fall,No,68.65,72.69,58.06
2023-10-19 21:00,10,21,Weekday,Fall,No,67.55,73.01,28.99
2023-10-19 22:00,10,22,Weekday,Fall,No,66.84,71.63,27.08
2023-10-19 23:00,10,23,Weekday,Fall,No,66.54,72.62,27.0
2023-10-20 00:00,10,0,Weekday,Fall,No,65.24,71.51,20.9
2023-10-20 01:00,10,1,Weekday,Fall,No,62.89,72.18,20.89
2023-10-20 02:00,10,2,Weekday,Fall,No,61.43,71.35,25.67
2023-10-20 03:00,10,3,Weekday,Fall,No,59.82,71.53,23.81
2023-10-20 04:00,10,4,Weekday,Fall,No,59.0,71.65,20.75
2023-10-20 05:00,10,5,Weekday,Fall,No,59.63,71.94,27.86
2023-10-20 06:00,10,6,Weekday,Fall,No,61.24,71.92,19.65
2023-10-20 07:00,10,7,Weekday,Fall,No,63.74,71.75,28.85
2023-10-20 08:00,10,8,Weekday,Fall,Yes,67.36,71.84,20.74
2023-10-20 09:00,10,9,Weekday,Fall,Yes,70.76,71.02,31.64
2023-10-20 10:00,10,10,Weekday,Fall,Yes,74.9,72.13,50.71
2023-10-20 11:00,10,11,Weekday,Fall,Yes,78.78,74.32,47.99
2023-10-20 12:00,10,12,Weekday,Fall,Yes,80.58,73.51,54.7
2023-10-20 13:00,10,13,Weekday,Fall,Yes,81.59,73.6,58.17
2023-10-20 14:00,10,14,Weekday,Fall,Yes,82.04,73.48,57.42
2023-10-20 15:00,10,15,Weekday,Fall,Yes,81.41,74.32,49.78
2023-10-20 16:00,10,16,Weekday,Fall,Yes,80.44,74.09,53.51
2023-10-20 17:00,10,17,Weekday,Fall,Yes,79.43,74.02,58.42
2023-10-20 18:00,10,18,Weekday,Fall,No,77.82,74.54,49.08
2023-10-20 19:00,10,19,Weekday,Fall,No,76.37,72.82,56.03
2023-10-20 20:00,10,20,Weekday,Fall,No,75.4,73.92,62.15
2023-10-20 21:00,10,21,Weekday,Fall,No,74.39,73.54,25.05
2023-10-20 22:00,10,22,Weekday,Fall,No,73.42,72.62,44.74
2023-10-20 23:00,10,23,Weekday,Fall,No,72.41,72.95,34.42
2023-10-21 00:00,10,0,Weekend,Fall,No,71.44,73.19,30.27
2023-10-21 01:00,10,1,Weekend,Fall,No,70.43,72.78,28.72
2023-10-21 02:00,10,2,Weekend,Fall,No,69.98,72.85,30.38
2023-10-21 03:00,10,3,Weekend,Fall,No,68.82,72.96,30.63
2023-10-21 04:00,10,4,Weekend,Fall,No,66.84,73.57,30.61
2023-10-21 05:00,10,5,Weekend,Fall,No,67.18,71.77,26.82
2023-10-21 06:00,10,6,Weekend,Fall,No,67.37,72.12,25.65
2023-10-21 07:00,10,7,Weekend,Fall,No,68.18,72.51,29.21
2023-10-21 08:00,10,8,Weekend,Fall,No,70.76,72.66,31.77
2023-10-21 09:00,10,9,Weekend,Fall,No,72.59,72.96,32.38
2023-10-21 10:00,10,10,Weekend,Fall,No,74.72,73.9,46.86
2023-10-21 11:00,10,11,Weekend,Fall,No,78.33,73.74,61.25
2023-10-21 12:00,10,12,Weekend,Fall,No,80.06,74.89,54.76
2023-10-21 13:00,10,13,Weekend,Fall,No,78.9,74.02,46.44
2023-10-21 14:00,10,14,Weekend,Fall,No,76.82,73.4,58.66
2023-10-21 15:00,10,15,Weekend,Fall,No,72.46,73.74,46.09
2023-10-21 16:00,10,16,Weekend,Fall,No,67.67,72.04,42.15
2023-10-21 17:00,10,17,Weekend,Fall,No,58.98,71.51,36.95
2023-10-21 18:00,10,18,Weekend,Fall,No,53.43,70.34,37.02
2023-10-21 19:00,10,19,Weekend,Fall,No,53.06,71.27,31.39
2023-10-21 20:00,10,20,Weekend,Fall,No,53.58,69.76,33.79
2023-10-21 21:00,10,21,Weekend,Fall,No,53.96,70.48,19.98
2023-10-21 22:00,10,22,Weekend,Fall,No,52.8,69.79,5.22
2023-10-21 23:00,10,23,Weekend,Fall,No,51.46,69.53,16.55
2023-10-22 00:00,10,0,Weekend,Fall,No,51.6,70.44,16.2
2023-10-22 01:00,10,1,Weekend,Fall,No,51.98,70.71,17.4
2023-10-22 02:00,10,2,Weekend,Fall,No,52.61,70.27,13.78
2023-10-22 03:00,10,3,Weekend,Fall,No,52.43,69.88,15.16
2023-10-22 04:00,10,4,Weekend,Fall,No,51.46,69.8,20.98
2023-10-22 05:00,10,5,Weekend,Fall,No,51.08,69.93,18.33
2023-10-22 06:00,10,6,Weekend,Fall,No,51.08,70.7,10.17
2023-10-22 07:00,10,7,Weekend,Fall,No,52.24,70.19,20.97
2023-10-22 08:00,10,8,Weekend,Fall,No,55.37,69.79,20.49
2023-10-22 09:00,10,9,Weekend,Fall,No,58.8,71.92,23.21
2023-10-22 10:00,10,10,Weekend,Fall,No,61.24,71.18,36.16
2023-10-22 11:00,10,11,Weekend,Fall,No,63.22,71.13,39.61
2023-10-22 12:00,10,12,Weekend,Fall,No,64.56,72.03,41.42
2023-10-22 13:00,10,13,Weekend,Fall,No,65.57,72.07,33.5
2023-10-22 14:00,10,14,Weekend,Fall,No,66.54,71.81,36.47
2023-10-22 15:00,10,15,Weekend,Fall,No,67.55,72.31,36.83
2023-10-22 16:00,10,16,Weekend,Fall,No,66.84,71.89,44.97
2023-10-22 17:00,10,17,Weekend,Fall,No,64.24,72.23,43.02
2023-10-22 18:00,10,18,Weekend,Fall,No,61.8,71.98,42.34
2023-10-22 19:00,10,19,Weekend,Fall,No,60.46,70.9,39.26
2023-10-22 20:00,10,20,Weekend,Fall,No,58.3,71.06,39.84
2023-10-22 21:00,10,21,Weekend,Fall,No,55.86,70.64,11.81
2023-10-22 22:00,10,22,Weekend,Fall,No,54.41,70.37,23.88
2023-10-22 23:00,10,23,Weekend,Fall,No,53.43,69.95,14.98
2023-10-23 00:00,10,0,Weekday,Fall,No,52.43,70.89,15.8
2023-10-23 01:00,10,1,Weekday,Fall,No,50.82,70.38,13.58
2023-10-23 02:00,10,2,Weekday,Fall,No,49.37,70.7,9.94
2023-10-23 03:00,10,3,Weekday,Fall,No,49.55,70.14,0.0
2023-10-23 04:00,10,4,Weekday,Fall,No,48.84,69.97,13.69
2023-10-23 05:00,10,5,Weekday,Fall,No,49.8,69.7,17.77
2023-10-23 06:00,10,6,Weekday,Fall,No,50.45,69.32,15.29
2023-10-23 07:00,10,7,Weekday,Fall,No,52.31,70.29,17.46
2023-10-23 08:00,10,8,Weekday,Fall,Yes,55.74,69.71,23.35
2023-10-23 09:00,10,9,Weekday,Fall,Yes,61.12,70.38,26.15
2023-10-23 10:00,10,10,Weekday,Fall,Yes,66.98,71.76,45.7
2023-10-23 11:00,10,11,Weekday,Fall,Yes,70.24,72.02,53.42
2023-10-23 12:00,10,12,Weekday,Fall,Yes,72.22,72.19,56.39
2023-10-23 13:00,10,13,Weekday,Fall,Yes,74.19,72.4,54.91
2023-10-23 14:00,10,14,Weekday,Fall,Yes,75.02,72.69,62.2
2023-10-23 15:00,10,15,Weekday,Fall,Yes,75.54,73.52,50.41
2023-10-23 16:00,10,16,Weekday,Fall,Yes,75.4,72.97,52.61
2023-10-23 17:00,10,17,Weekday,Fall,Yes,73.24,72.7,44.99
2023-10-23 18:00,10,18,Weekday,Fall,No,70.28,72.18,50.82
2023-10-23 19:00,10,19,Weekday,Fall,No,67.82,72.46,51.99
2023-10-23 20:00,10,20,Weekday,Fall,No,64.61,71.61,45.34
2023-10-23 21:00,10,21,Weekday,Fall,No,62.96,71.6,26.46
2023-10-23 22:00,10,22,Weekday,Fall,No,61.28,71.96,26.46
2023-10-23 23:00,10,23,Weekday,Fall,No,58.82,70.73,24.7
2023-10-24 00:00,10,0,Weekday,Fall,No,57.4,70.82,24.33
2023-10-24 01:00,10,1,Weekday,Fall,No,55.86,71.54,21.97
2023-10-24 02:00,10,2,Weekday,Fall,No,54.41,70.35,17.86
2023-10-24 03:00,10,3,Weekday,Fall,No,53.96,71.97,15.85
2023-10-24 04:00,10,4,Weekday,Fall,No,54.59,70.68,22.33
2023-10-24 05:00,10,5,Weekday,Fall,No,54.41,70.6,18.55
2023-10-24 06:00,10,6,Weekday,Fall,No,53.96,69.59,31.01
2023-10-24 07:00,10,7,Weekday,Fall,No,56.9,71.35,16.51
2023-10-24 08:00,10,8,Weekday,Fall,Yes,61.31,70.27,24.35
2023-10-24 09:00,10,9,Weekday,Fall,Yes,65.27,71.48,21.56
2023-10-24 10:00,10,10,Weekday,Fall,Yes,68.7,72.18,49.17
2023-10-24 11:00,10,11,Weekday,Fall,Yes,71.76,71.69,47.44
2023-10-24 12:00,10,12,Weekday,Fall,Yes,74.19,72.52,46.63
2023-10-24 13:00,10,13,Weekday,Fall,Yes,75.02,72.12,52.76
2023-10-24 14:00,10,14,Weekday,Fall,Yes,76.18,72.3,45.05
2023-10-24 15:00,10,15,Weekday,Fall,Yes,76.37,73.05,47.85
2023-10-24 16:00,10,16,Weekday,Fall,Yes,75.92,72.7,47.4
2023-10-24 17:00,10,17,Weekday,Fall,Yes,74.24,72.57,56.53
2023-10-24 18:00,10,18,Weekday,Fall,No,71.88,73.1,46.11
2023-10-24 19:00,10,19,Weekday,Fall,No,69.9,72.85,44.11
2023-10-24 20:00,10,20,Weekday,Fall,No,68.45,72.28,50.13
2023-10-24 21:00,10,21,Weekday,Fall,No,66.84,72.62,32.37
2023-10-24 22:00,10,22,Weekday,Fall,No,67.18,71.76,31.38
2023-10-24 23:00,10,23,Weekday,Fall,No,66.84,72.23,28.62
2023-10-25 00:00,10,0,Weekday,Fall,No,64.86,70.8,28.68
2023-10-25 01:00,10,1,Weekday,Fall,No,63.41,71.68,28.11
2023-10-25 02:00,10,2,Weekday,Fall,No,61.8,72.16,21.14
2023-10-25 03:00,10,3,Weekday,Fall,No,59.82,71.31,22.42
2023-10-25 04:00,10,4,Weekday,Fall,No,59.0,71.17,24.05
2023-10-25 05:00,10,5,Weekday,Fall,No,59.63,71.23,17.72
2023-10-25 06:00,10,6,Weekday,Fall,No,59.45,70.71,18.82
2023-10-25 07:00,10,7,Weekday,Fall,No,60.78,71.58,16.2
2023-10-25 08:00,10,8,Weekday,Fall,Yes,65.53,71.11,24.51
2023-10-25 09:00,10,9,Weekday,Fall,Yes,70.31,72.41,33.81
2023-10-25 10:00,10,10,Weekday,Fall,Yes,73.12,71.92,42.81
2023-10-25 11:00,10,11,Weekday,Fall,Yes,75.1,72.17,47.31
2023-10-25 12:00,10,12,Weekday,Fall,Yes,78.33,73.4,57.61
2023-10-25 13:00,10,13,Weekday,Fall,Yes,78.28,72.29,57.28
2023-10-25 14:00,10,14,Weekday,Fall,Yes,77.0,73.46,48.87
2023-10-25 15:00,10,15,Weekday,Fall,Yes,77.0,73.3,56.56
2023-10-25 16:00,10,16,Weekday,Fall,Yes,75.84,72.7,43.74
2023-10-25 17:00,10,17,Weekday,Fall,Yes,73.86,71.96,42.69
2023-10-25 18:00,10,18,Weekday,Fall,No,71.88,72.85,50.48
2023-10-25 19:00,10,19,Weekday,Fall,No,71.06,73.22,50.1
2023-10-25 20:00,10,20,Weekday,Fall,No,69.9,72.53,46.82
2023-10-25 21:00,10,21,Weekday,Fall,No,68.45,72.76,37.08
2023-10-25 22:00,10,22,Weekday,Fall,No,68.0,72.27,37.61
2023-10-25 23:00,10,23,Weekday,Fall,No,66.84,72.42,31.14
2023-10-26 00:00,10,0,Weekday,Fall,No,66.02,72.28,30.83
2023-10-26 01:00,10,1,Weekday,Fall,No,66.02,71.54,31.86
2023-10-26 02:00,10,2,Weekday,Fall,No,66.02,72.43,28.0
2023-10-26 03:00,10,3,Weekday,Fall,No,65.39,72.06,26.02
2023-10-26 04:00,10,4,Weekday,Fall,No,63.78,71.53,24.61
2023-10-26 05:00,10,5,Weekday,Fall,No,62.96,72.72,27.2
2023-10-26 06:00,10,6,Weekday,Fall,No,61.8,71.91,22.51
2023-10-26 07:00,10,7,Weekday,Fall,No,62.14,72.29,29.29
2023-10-26 08:00,10,8,Weekday,Fall,Yes,65.9,70.84,30.49
2023-10-26 09:00,10,9,Weekday,Fall,Yes,68.63,71.61,30.02
2023-10-26 10:00,10,10,Weekday,Fall,Yes,71.39,71.86,38.27
2023-10-26 11:00,10,11,Weekday,Fall,Yes,72.41,71.46,54.09
2023-10-26 12:00,10,12,Weekday,Fall,Yes,71.96,72.01,47.57
2023-10-26 13:00,10,13,Weekday,Fall,Yes,71.44,72.24,46.52
2023-10-26 14:00,10,14,Weekday,Fall,Yes,71.58,71.75,38.13
2023-10-26 15:00,10,15,Weekday,Fall,Yes,73.12,71.99,54.09
2023-10-26 16:00,10,16,Weekday,Fall,Yes,73.42,71.69,43.58
2023-10-26 17:00,10,17,Weekday,Fall,Yes,71.88,71.81,50.55
2023-10-26 18:00,10,18,Weekday,Fall,No,70.43,73.42,49.11
2023-10-26 19:00,10,19,Weekday,Fall,No,70.61,72.4,52.04
2023-10-26 20:00,10,20,Weekday,Fall,No,69.9,73.2,45.48
2023-10-26 21:00,10,21,Weekday,Fall,No,69.08,73.26,31.22
2023-10-26 22:00,10,22,Weekday,Fall,No,68.45,72.69,34.01
2023-10-26 23:00,10,23,Weekday,Fall,No,67.37,72.01,25.56
2023-10-27 00:00,10,0,Weekday,Fall,No,65.76,72.26,27.73
2023-10-27 01:00,10,1,Weekday,Fall,No,66.1,72.33,26.81
2023-10-27 02:00,10,2,Weekday,Fall,No,65.76,72.66,24.2
2023-10-27 03:00,10,3,Weekday,Fall,No,64.94,71.39,21.75
2023-10-27 04:00,10,4,Weekday,Fall,No,64.41,71.78,25.44
2023-10-27 05:00,10,5,Weekday,Fall,No,64.04,71.52,25.98
2023-10-27 06:00,10,6,Weekday,Fall,No,64.04,72.48,26.01
2023-10-27 07:00,10,7,Weekday,Fall,No,64.04,72.33,31.06
2023-10-27 08:00,10,8,Weekday,Fall,Yes,67.5,71.07,36.54
2023-10-27 09:00,10,9,Weekday,Fall,Yes,71.14,72.66,32.15
2023-10-27 10:00,10,10,Weekday,Fall,Yes,74.27,72.23,46.64
2023-10-27 11:00,10,11,Weekday,Fall,Yes,75.4,72.35,51.17
2023-10-27 12:00,10,12,Weekday,Fall,Yes,75.54,72.22,49.14
2023-10-27 13:00,10,13,Weekday,Fall,Yes,77.18,73.1,57.41
2023-10-27 14:00,10,14,Weekday,Fall,Yes,77.45,72.34,65.39
2023-10-27 15:00,10,15,Weekday,Fall,Yes,75.84,72.57,53.52
2023-10-27 16:00,10,16,Weekday,Fall,Yes,74.39,72.64,47.04
2023-10-27 17:00,10,17,Weekday,Fall,Yes,72.78,72.41,46.49
2023-10-27 18:00,10,18,Weekday,Fall,No,70.81,72.8,49.22
2023-10-27 19:00,10,19,Weekday,Fall,No,69.46,72.94,47.13
2023-10-27 20:00,10,20,Weekday,Fall,No,68.45,73.7,39.27
2023-10-27 21:00,10,21,Weekday,Fall,No,67.37,72.35,29.46
2023-10-27 22:00,10,22,Weekday,Fall,No,66.92,72.45,23.43
2023-10-27 23:00,10,23,Weekday,Fall,No,66.4,71.96,28.54
2023-10-28 00:00,10,0,Weekend,Fall,No,65.39,71.93,21.76
2023-10-28 01:00,10,1,Weekend,Fall,No,64.41,72.26,27.97
2023-10-28 02:00,10,2,Weekend,Fall,No,63.41,72.04,29.03
2023-10-28 03:00,10,3,Weekend,Fall,No,61.8,71.02,26.84
2023-10-28 04:00,10,4,Weekend,Fall,No,60.98,70.58,15.09
2023-10-28 05:00,10,5,Weekend,Fall,No,60.46,70.87,25.96
2023-10-28 06:00,10,6,Weekend,Fall,No,60.08,71.8,30.65
2023-10-28 07:00,10,7,Weekend,Fall,No,61.24,71.16,32.8
2023-10-28 08:00,10,8,Weekend,Fall,No,63.74,71.63,27.7
2023-10-28 09:00,10,9,Weekend,Fall,No,66.72,72.21,30.25
2023-10-28 10:00,10,10,Weekend,Fall,No,69.16,73.45,41.58
2023-10-28 11:00,10,11,Weekend,Fall,No,71.14,72.44,36.79
2023-10-28 12:00,10,12,Weekend,Fall,No,72.59,73.26,51.43
2023-10-28 13:00,10,13,Weekend,Fall,No,73.04,73.34,41.29
2023-10-28 14:00,10,14,Weekend,Fall,No,73.04,73.49,43.31
2023-10-28 15:00,10,15,Weekend,Fall,No,64.85,71.4,43.68
2023-10-28 16:00,10,16,Weekend,Fall,No,55.54,70.66,39.15
2023-10-28 17:00,10,17,Weekend,Fall,No,51.9,69.18,30.28
2023-10-28 18:00,10,18,Weekend,Fall,No,51.08,70.26,23.87
2023-10-28 19:00,10,19,Weekend,Fall,No,50.45,70.28,26.63
2023-10-28 20:00,10,20,Weekend,Fall,No,50.63,69.74,31.74
2023-10-28 21:00,10,21,Weekend,Fall,No,51.08,70.13,18.13
2023-10-28 22:00,10,22,Weekend,Fall,No,51.08,69.65,17.49
2023-10-28 23:00,10,23,Weekend,Fall,No,51.08,70.25,26.15
2023-10-29 00:00,10,0,Weekend,Fall,No,51.08,70.29,11.65
2023-10-29 01:00,10,1,Weekend,Fall,No,51.08,68.9,17.15
2023-10-29 02:00,10,2,Weekend,Fall,No,49.82,69.68,13.77
2023-10-29 03:00,10,3,Weekend,Fall,No,49.55,69.67,16.4
2023-10-29 04:00,10,4,Weekend,Fall,No,48.84,69.26,6.79
2023-10-29 05:00,10,5,Weekend,Fall,No,48.02,69.52,18.19
2023-10-29 06:00,10,6,Weekend,Fall,No,46.86,69.92,22.81
2023-10-29 07:00,10,7,Weekend,Fall,No,46.56,70.18,15.5
2023-10-29 08:00,10,8,Weekend,Fall,No,49.36,70.19,10.35
2023-10-29 09:00,10,9,Weekend,Fall,No,53.92,70.37,15.59
2023-10-29 10:00,10,10,Weekend,Fall,No,57.1,70.03,38.54
2023-10-29 11:00,10,11,Weekend,Fall,No,59.18,71.02,46.35
2023-10-29 12:00,10,12,Weekend,Fall,No,61.24,72.24,36.03
2023-10-29 13:00,10,13,Weekend,Fall,No,63.22,71.42,43.31
2023-10-29 14:00,10,14,Weekend,Fall,No,64.56,71.48,32.58
2023-10-29 15:00,10,15,Weekend,Fall,No,64.94,72.79,47.58
2023-10-29 16:00,10,16,Weekend,Fall,No,63.26,71.26,37.62
2023-10-29 17:00,10,17,Weekend,Fall,No,60.28,70.85,37.27
2023-10-29 18:00,10,18,Weekend,Fall,No,57.85,70.92,33.97
2023-10-29 19:00,10,19,Weekend,Fall,No,55.86,70.82,30.49
2023-10-29 20:00,10,20,Weekend,Fall,No,53.88,70.09,28.84
2023-10-29 21:00,10,21,Weekend,Fall,No,52.43,70.94,16.51
2023-10-29 22:00,10,22,Weekend,Fall,No,51.46,69.98,24.7
2023-10-29 23:00,10,23,Weekend,Fall,No,51.08,69.26,19.52
2023-10-30 00:00,10,0,Weekday,Fall,No,49.82,70.56,11.44
2023-10-30 01:00,10,1,Weekday,Fall,No,48.92,70.19,14.02
2023-10-30 02:00,10,2,Weekday,Fall,No,48.4,69.55,14.96
2023-10-30 03:00,10,3,Weekday,Fall,No,47.39,69.68,6.49
2023-10-30 04:00,10,4,Weekday,Fall,No,46.42,70.42,13.49
2023-10-30 05:00,10,5,Weekday,Fall,No,45.41,69.52,18.45
2023-10-30 06:00,10,6,Weekday,Fall,No,44.96,69.69,11.66
2023-10-30 07:00,10,7,Weekday,Fall,No,46.11,69.63,3.87
2023-10-30 08:00,10,8,Weekday,Fall,Yes,49.88,69.22,10.06
2023-10-30 09:00,10,9,Weekday,Fall,Yes,54.29,70.06,17.61
2023-10-30 10:00,10,10,Weekday,Fall,Yes,58.88,70.35,41.25
2023-10-30 11:00,10,11,Weekday,Fall,Yes,63.29,71.05,48.79
2023-10-30 12:00,10,12,Weekday,Fall,Yes,66.1,72.5,43.52
2023-10-30 13:00,10,13,Weekday,Fall,Yes,68.7,71.68,48.11
2023-10-30 14:00,10,14,Weekday,Fall,Yes,69.46,71.64,46.2
2023-10-30 15:00,10,15,Weekday,Fall,Yes,68.45,71.2,44.94
2023-10-30 16:00,10,16,Weekday,Fall,Yes,66.84,71.38,25.57
2023-10-30 17:00,10,17,Weekday,Fall,Yes,64.97,71.31,45.35
2023-10-30 18:00,10,18,Weekday,Fall,No,62.96,71.67,38.11
2023-10-30 19:00,10,19,Weekday,Fall,No,60.9,71.04,38.2
2023-10-30 20:00,10,20,Weekday,Fall,No,58.82,70.83,32.74
2023-10-30 21:00,10,21,Weekday,Fall,No,56.24,70.8,19.28
2023-10-30 22:00,10,22,Weekday,Fall,No,54.41,70.1,14.69
2023-10-30 23:00,10,23,Weekday,Fall,No,53.43,69.48,20.5
2023-10-31 00:00,10,0,Weekday,Fall,No,51.28,70.22,21.62
2023-10-31 01:00,10,1,Weekday,Fall,No,50.0,69.98,18.85
2023-10-31 02:00,10,2,Weekday,Fall,No,49.37,69.67,12.12
2023-10-31 03:00,10,3,Weekday,Fall,No,47.76,69.47,14.33
2023-10-31 04:00,10,4,Weekday,Fall,No,46.94,70.27,15.27
2023-10-31 05:00,10,5,Weekday,Fall,No,46.42,69.09,10.72
2023-10-31 06:00,10,6,Weekday,Fall,No,46.04,70.0,18.27
2023-10-31 07:00,10,7,Weekday,Fall,No,47.72,70.17,10.66
2023-10-31 08:00,10,8,Weekday,Fall,Yes,51.86,69.49,24.82
2023-10-31 09:00,10,9,Weekday,Fall,Yes,55.74,69.15,24.69
2023-10-31 10:00,10,10,Weekday,Fall,Yes,59.96,70.85,34.31
2023-10-31 11:00,10,11,Weekday,Fall,Yes,63.22,71.07,47.83
2023-10-31 12:00,10,12,Weekday,Fall,Yes,65.19,71.15,49.66
2023-10-31 13:00,10,13,Weekday,Fall,Yes,66.54,71.95,41.71
2023-10-31 14:00,10,14,Weekday,Fall,Yes,66.92,71.3,45.96
2023-10-31 15:00,10,15,Weekday,Fall,Yes,66.92,70.44,43.44
2023-10-31 16:00,10,16,Weekday,Fall,Yes,65.76,70.92,50.28
2023-10-31 17:00,10,17,Weekday,Fall,Yes,63.26,70.69,37.43
2023-10-31 18:00,10,18,Weekday,Fall,No,60.9,70.67,31.13
2023-10-31 19:00,10,19,Weekday,Fall,No,58.3,71.04,39.18
2023-10-31 20:00,10,20,Weekday,Fall,No,57.54,71.95,32.59
2023-10-31 21:00,10,21,Weekday,Fall,No,58.65,70.21,13.44
2023-10-31 22:00,10,22,Weekday,Fall,No,59.92,70.59,21.82
2023-10-31 23:00,10,23,Weekday,Fall,No,61.18,71.13,17.97
2023-11-01 00:00,11,0,Weekday,Fall,No,62.54,71.83,19.61
2023-11-01 01:00,11,1,Weekday,Fall,No,63.88,71.53,27.32
2023-11-01 02:00,11,2,Weekday,Fall,No,65.14,72.78,34.24
2023-11-01 03:00,11,3,Weekday,Fall,No,66.4,72.01,31.26
2023-11-01 04:00,11,4,Weekday,Fall,No,68.7,71.59,31.65
2023-11-01 05:00,11,5,Weekday,Fall,No,67.04,72.38,23.4
2023-11-01 06:00,11,6,Weekday,Fall,No,64.41,71.5,38.5
2023-11-01 07:00,11,7,Weekday,Fall,No,61.1,71.83,23.53
2023-11-01 08:00,11,8,Weekday,Fall,Yes,59.63,71.43,26.7
2023-11-01 09:00,11,9,Weekday,Fall,Yes,60.08,71.0,16.84
2023-11-01 10:00,11,10,Weekday,Fall,Yes,60.6,70.37,34.76
2023-11-01 11:00,11,11,Weekday,Fall,Yes,62.76,70.51,42.91
2023-11-01 12:00,11,12,Weekday,Fall,Yes,68.13,71.69,35.87
2023-11-01 13:00,11,13,Weekday,Fall,Yes,72.22,71.79,38.94
2023-11-01 14:00,11,14,Weekday,Fall,Yes,72.41,72.43,52.25
2023-11-01 15:00,11,15,Weekday,Fall,Yes,69.65,72.15,44.64
2023-11-01 16:00,11,16,Weekday,Fall,Yes,68.63,71.38,40.09
2023-11-01 17:00,11,17,Weekday,Fall,Yes,67.3,72.51,44.0
2023-11-01 18:00,11,18,Weekday,Fall,No,64.24,71.57,45.88
2023-11-01 19:00,11,19,Weekday,Fall,No,61.8,71.84,31.53
2023-11-01 20:00,11,20,Weekday,Fall,No,60.46,72.12,40.64
2023-11-01 21:00,11,21,Weekday,Fall,No,60.6,71.26,24.52
2023-11-01 22:00,11,22,Weekday,Fall,No,60.98,71.16,21.65
2023-11-01 23:00,11,23,Weekday,Fall,No,59.82,70.58,17.6
2023-11-02 00:00,11,0,Weekday,Fall,No,57.85,71.57,21.84
2023-11-02 01:00,11,1,Weekday,Fall,No,55.86,70.73,21.51
2023-11-02 02:00,11,2,Weekday,Fall,No,55.04,71.24,24.24
2023-11-02 03:00,11,3,Weekday,Fall,No,54.41,71.71,17.27
2023-11-02 04:00,11,4,Weekday,Fall,No,53.43,70.81,11.98
2023-11-02 05:00,11,5,Weekday,Fall,No,52.43,69.52,9.3
2023-11-02 06:00,11,6,Weekday,Fall,No,51.98,70.28,11.48
2023-11-02 07:00,11,7,Weekday,Fall,No,52.61,70.62,9.7
2023-11-02 08:00,11,8,Weekday,Fall,Yes,57.68,70.84,24.04
2023-11-02 09:00,11,9,Weekday,Fall,Yes,63.92,70.85,29.12
2023-11-02 10:00,11,10,Weekday,Fall,Yes,67.8,71.44,47.92
2023-11-02 11:00,11,11,Weekday,Fall,Yes,70.24,71.28,43.31
2023-11-02 12:00,11,12,Weekday,Fall,Yes,72.22,72.7,43.66
2023-11-02 13:00,11,13,Weekday,Fall,Yes,75.35,72.64,55.42
2023-11-02 14:00,11,14,Weekday,Fall,Yes,77.0,72.68,47.53
2023-11-02 15:00,11,15,Weekday,Fall,Yes,76.37,72.64,55.95
2023-11-02 16:00,11,16,Weekday,Fall,Yes,74.24,71.95,51.4
2023-11-02 17:00,11,17,Weekday,Fall,Yes,70.1,71.63,50.48
2023-11-02 18:00,11,18,Weekday,Fall,No,66.84,71.99,42.81
2023-11-02 19:00,11,19,Weekday,Fall,No,64.86,71.84,31.21
2023-11-02 20:00,11,20,Weekday,Fall,No,61.73,71.92,42.53
2023-11-02 21:00,11,21,Weekday,Fall,No,59.45,70.7,22.04
2023-11-02 22:00,11,22,Weekday,Fall,No,57.85,70.48,19.2
2023-11-02 23:00,11,23,Weekday,Fall,No,57.02,71.12,30.35
2023-11-03 00:00,11,0,Weekday,Fall,No,56.39,71.47,26.46
2023-11-03 01:00,11,1,Weekday,Fall,No,54.78,71.34,19.84
2023-11-03 02:00,11,2,Weekday,Fall,No,53.43,71.02,8.18
2023-11-03 03:00,11,3,Weekday,Fall,No,53.58,69.77,18.56
2023-11-03 04:00,11,4,Weekday,Fall,No,52.8,70.5,14.68
2023-11-03 05:00,11,5,Weekday,Fall,No,51.46,69.79,18.99
2023-11-03 06:00,11,6,Weekday,Fall,No,51.08,69.7,9.6
2023-11-03 07:00,11,7,Weekday,Fall,No,52.76,70.03,17.01
2023-11-03 08:00,11,8,Weekday,Fall,Yes,59.21,70.17,23.63
2023-11-03 09:00,11,9,Weekday,Fall,Yes,65.9,71.57,34.71
2023-11-03 10:00,11,10,Weekday,Fall,Yes,70.31,71.79,48.11
2023-11-03 11:00,11,11,Weekday,Fall,Yes,72.59,71.92,54.88
2023-11-03 12:00,11,12,Weekday,Fall,Yes,74.19,72.62,53.15
2023-11-03 13:00,11,13,Weekday,Fall,Yes,75.02,72.69,48.36
2023-11-03 14:00,11,14,Weekday,Fall,Yes,76.18,73.05,46.68
2023-11-03 15:00,11,15,Weekday,Fall,Yes,75.84,71.91,50.5
2023-11-03 16:00,11,16,Weekday,Fall,Yes,74.39,71.94,54.22
2023-11-03 17:00,11,17,Weekday,Fall,Yes,71.63,72.6,39.09
2023-11-03 18:00,11,18,Weekday,Fall,No,68.2,72.56,43.52
2023-11-03 19:00,11,19,Weekday,Fall,No,65.24,72.04,43.2
2023-11-03 20:00,11,20,Weekday,Fall,No,61.73,71.54,38.09
2023-11-03 21:00,11,21,Weekday,Fall,No,58.82,71.23,32.82
2023-11-03 22:00,11,22,Weekday,Fall,No,56.76,70.14,11.74
2023-11-03 23:00,11,23,Weekday,Fall,No,54.26,70.25,24.75
2023-11-04 00:00,11,0,Weekend,Fall,No,53.06,70.43,20.38
2023-11-04 01:00,11,1,Weekend,Fall,No,53.06,69.97,20.9
2023-11-04 02:00,11,2,Weekend,Fall,No,52.43,70.67,17.39
2023-11-04 03:00,11,3,Weekend,Fall,No,53.14,70.9,21.4
2023-11-04 04:00,11,4,Weekend,Fall,No,53.43,69.15,20.73
2023-11-04 05:00,11,5,Weekend,Fall,No,52.43,70.86,20.15
2023-11-04 06:00,11,6,Weekend,Fall,No,52.61,70.23,17.93
2023-11-04 07:00,11,7,Weekend,Fall,No,54.22,70.19,20.17
2023-11-04 08:00,11,8,Weekend,Fall,No,57.35,71.21,24.05
2023-11-04 09:00,11,9,Weekend,Fall,No,61.31,71.89,16.46
2023-11-04 10:00,11,10,Weekend,Fall,No,68.84,73.4,40.82
2023-11-04 11:00,11,11,Weekend,Fall,No,76.5,73.0,56.65
2023-11-04 12:00,11,12,Weekend,Fall,No,80.76,73.73,59.42
2023-11-04 13:00,11,13,Weekend,Fall,No,83.2,74.17,55.06
2023-11-04 14:00,11,14,Weekend,Fall,No,84.02,74.86,58.38
2023-11-04 15:00,11,15,Weekend,Fall,No,82.86,75.38,58.28
2023-11-04 16:00,11,16,Weekend,Fall,No,80.88,73.95,62.68
2023-11-04 17:00,11,17,Weekend,Fall,No,78.28,73.54,47.07
2023-11-04 18:00,11,18,Weekend,Fall,No,75.84,73.45,52.17
2023-11-04 19:00,11,19,Weekend,Fall,No,74.39,72.09,54.23
2023-11-04 20:00,11,20,Weekend,Fall,No,71.63,72.69,37.89
2023-11-04 21:00,11,21,Weekend,Fall,No,70.61,72.28,38.35
2023-11-04 22:00,11,22,Weekend,Fall,No,69.28,72.43,25.66
2023-11-04 23:00,11,23,Weekend,Fall,No,66.22,72.02,31.23
2023-11-05 00:00,11,0,Weekend,Fall,No,65.57,71.03,23.5
2023-11-05 01:00,11,1,Weekend,Fall,No,64.24,72.09,20.53
2023-11-05 02:00,11,2,Weekend,Fall,No,63.59,72.45,35.8
2023-11-05 03:00,11,3,Weekend,Fall,No,62.26,71.09,20.24
2023-11-05 04:00,11,4,Weekend,Fall,No,59.82,71.22,34.61
2023-11-05 05:00,11,5,Weekend,Fall,No,59.0,71.8,23.6
2023-11-05 06:00,11,6,Weekend,Fall,No,59.0,70.82,24.62
2023-11-05 07:00,11,7,Weekend,Fall,No,59.63,71.15,22.88
2023-11-05 08:00,11,8,Weekend,Fall,No,62.39,72.44,28.52
2023-11-05 09:00,11,9,Weekend,Fall,No,65.19,71.62,28.65
2023-11-05 10:00,11,10,Weekend,Fall,No,68.33,71.97,51.96
2023-11-05 11:00,11,11,Weekend,Fall,No,71.76,73.73,45.66
2023-11-05 12:00,11,12,Weekend,Fall,No,75.35,73.38,39.58
2023-11-05 13:00,11,13,Weekend,Fall,No,78.16,73.63,46.12
2023-11-05 14:00,11,14,Weekend,Fall,No,78.98,73.88,47.6
2023-11-05 15:00,11,15,Weekend,Fall,No,78.98,74.39,55.66
2023-11-05 16:00,11,16,Weekend,Fall,No,77.82,74.51,46.73
2023-11-05 17:00,11,17,Weekend,Fall,No,72.9,73.27,40.1
2023-11-05 18:00,11,18,Weekend,Fall,No,68.2,72.31,41.48
2023-11-05 19:00,11,19,Weekend,Fall,No,65.76,73.11,34.2
2023-11-05 20:00,11,20,Weekend,Fall,No,64.41,70.94,40.24
2023-11-05 21:00,11,21,Weekend,Fall,No,63.41,72.45,30.54
2023-11-05 22:00,11,22,Weekend,Fall,No,62.44,71.62,23.21
2023-11-05 23:00,11,23,Weekend,Fall,No,61.43,72.19,36.0
2023-11-06 00:00,11,0,Weekday,Fall,No,60.46,70.99,17.38
2023-11-06 01:00,11,1,Weekday,Fall,No,60.08,72.04,24.04
2023-11-06 02:00,11,2,Weekday,Fall,No,59.45,71.3,24.66
2023-11-06 03:00,11,3,Weekday,Fall,No,57.85,70.84,24.81
2023-11-06 04:00,11,4,Weekday,Fall,No,57.02,70.87,24.3
2023-11-06 05:00,11,5,Weekday,Fall,No,56.39,70.52,23.4
2023-11-06 06:00,11,6,Weekday,Fall,No,55.42,70.63,14.28
2023-11-06 07:00,11,7,Weekday,Fall,No,55.04,70.71,18.02
2023-11-06 08:00,11,8,Weekday,Fall,Yes,58.5,69.89,22.58
2023-11-06 09:00,11,9,Weekday,Fall,Yes,63.29,70.51,26.23
2023-11-06 10:00,11,10,Weekday,Fall,Yes,64.94,70.25,37.03
2023-11-06 11:00,11,11,Weekday,Fall,Yes,66.1,71.15,35.87
2023-11-06 12:00,11,12,Weekday,Fall,Yes,68.7,71.78,42.04
2023-11-06 13:00,11,13,Weekday,Fall,Yes,69.46,72.02,47.06
2023-11-06 14:00,11,14,Weekday,Fall,Yes,69.6,71.53,39.08
2023-11-06 15:00,11,15,Weekday,Fall,Yes,70.61,72.24,44.05
2023-11-06 16:00,11,16,Weekday,Fall,Yes,70.43,70.8,35.47
2023-11-06 17:00,11,17,Weekday,Fall,Yes,67.67,71.58,41.1
2023-11-06 18:00,11,18,Weekday,Fall,No,64.86,71.9,45.03
2023-11-06 19:00,11,19,Weekday,Fall,No,62.26,72.01,41.18
2023-11-06 20:00,11,20,Weekday,Fall,No,59.82,71.72,36.43
2023-11-06 21:00,11,21,Weekday,Fall,No,58.37,71.57,24.16
2023-11-06 22:00,11,22,Weekday,Fall,No,56.24,70.42,14.73
2023-11-06 23:00,11,23,Weekday,Fall,No,54.41,70.3,11.05
2023-11-07 00:00,11,0,Weekday,Fall,No,53.43,70.63,12.43
2023-11-07 01:00,11,1,Weekday,Fall,No,52.43,69.81,16.12
2023-11-07 02:00,11,2,Weekday,Fall,No,51.46,71.03,15.73
2023-11-07 03:00,11,3,Weekday,Fall,No,50.45,69.98,15.02
2023-11-07 04:00,11,4,Weekday,Fall,No,48.22,70.15,8.28
2023-11-07 05:00,11,5,Weekday,Fall,No,46.94,69.9,8.09
2023-11-07 06:00,11,6,Weekday,Fall,No,46.42,68.37,10.73
2023-11-07 07:00,11,7,Weekday,Fall,No,47.2,69.39,16.19
2023-11-07 08:00,11,8,Weekday,Fall,Yes,50.96,69.43,20.37
2023-11-07 09:00,11,9,Weekday,Fall,Yes,55.9,70.05,24.46
2023-11-07 10:00,11,10,Weekday,Fall,Yes,60.86,69.91,34.59
2023-11-07 11:00,11,11,Weekday,Fall,Yes,64.74,70.18,40.75
2023-11-07 12:00,11,12,Weekday,Fall,Yes,68.33,71.53,38.57
2023-11-07 13:00,11,13,Weekday,Fall,Yes,70.61,72.18,54.92
2023-11-07 14:00,11,14,Weekday,Fall,Yes,71.58,71.85,39.86
2023-11-07 15:00,11,15,Weekday,Fall,Yes,70.28,72.99,51.38
2023-11-07 16:00,11,16,Weekday,Fall,Yes,67.82,72.15,50.61
2023-11-07 17:00,11,17,Weekday,Fall,Yes,65.24,71.28,40.91
2023-11-07 18:00,11,18,Weekday,Fall,No,62.89,72.0,43.36
2023-11-07 19:00,11,19,Weekday,Fall,No,60.9,70.64,36.03
2023-11-07 20:00,11,20,Weekday,Fall,No,58.3,71.65,30.25
2023-11-07 21:00,11,21,Weekday,Fall,No,56.39,70.78,22.39
2023-11-07 22:00,11,22,Weekday,Fall,No,54.78,70.52,15.8
2023-11-07 23:00,11,23,Weekday,Fall,No,52.8,70.05,16.98
2023-11-08 00:00,11,0,Weekday,Fall,No,51.98,70.72,16.83
2023-11-08 01:00,11,1,Weekday,Fall,No,50.2,70.3,11.6
2023-11-08 02:00,11,2,Weekday,Fall,No,47.76,70.65,16.78
2023-11-08 03:00,11,3,Weekday,Fall,No,46.94,70.14,3.22
2023-11-08 04:00,11,4,Weekday,Fall,No,45.78,68.79,10.54
2023-11-08 05:00,11,5,Weekday,Fall,No,44.44,68.87,8.1
2023-11-08 06:00,11,6,Weekday,Fall,No,44.58,69.14,7.64
2023-11-08 07:00,11,7,Weekday,Fall,No,46.11,68.82,20.82
2023-11-08 08:00,11,8,Weekday,Fall,Yes,51.04,69.73,11.06
2023-11-08 09:00,11,9,Weekday,Fall,Yes,57.53,70.06,16.5
2023-11-08 10:00,11,10,Weekday,Fall,Yes,61.76,70.51,35.56
2023-11-08 11:00,11,11,Weekday,Fall,Yes,65.27,71.05,46.78
2023-11-08 12:00,11,12,Weekday,Fall,Yes,68.18,71.92,34.15
2023-11-08 13:00,11,13,Weekday,Fall,Yes,70.76,72.4,49.25
2023-11-08 14:00,11,14,Weekday,Fall,Yes,72.59,72.06,47.16
2023-11-08 15:00,11,15,Weekday,Fall,Yes,73.04,72.49,50.11
2023-11-08 16:00,11,16,Weekday,Fall,Yes,71.88,71.8,41.84
2023-11-08 17:00,11,17,Weekday,Fall,Yes,68.65,71.66,45.91
2023-11-08 18:00,11,18,Weekday,Fall,No,65.24,71.59,36.7
2023-11-08 19:00,11,19,Weekday,Fall,No,63.41,72.02,42.09
2023-11-08 20:00,11,20,Weekday,Fall,No,61.28,71.32,37.31
2023-11-08 21:00,11,21,Weekday,Fall,No,57.14,70.89,15.64
2023-11-08 22:00,11,22,Weekday,Fall,No,55.04,71.03,25.5
2023-11-08 23:00,11,23,Weekday,Fall,No,53.88,70.66,10.8
2023-11-09 00:00,11,0,Weekday,Fall,No,54.22,69.97,19.56
2023-11-09 01:00,11,1,Weekday,Fall,No,53.26,70.6,21.45
2023-11-09 02:00,11,2,Weekday,Fall,No,53.14,69.63,15.84
2023-11-09 03:00,11,3,Weekday,Fall,No,53.43,70.61,11.02
2023-11-09 04:00,11,4,Weekday,Fall,No,55.37,71.03,21.51
2023-11-09 05:00,11,5,Weekday,Fall,No,55.86,70.77,15.39
2023-11-09 06:00,11,6,Weekday,Fall,No,55.04,70.86,18.19
2023-11-09 07:00,11,7,Weekday,Fall,No,56.72,70.69,26.68
2023-11-09 08:00,11,8,Weekday,Fall,Yes,61.49,71.18,28.77
2023-11-09 09:00,11,9,Weekday,Fall,Yes,65.19,71.58,32.41
2023-11-09 10:00,11,10,Weekday,Fall,Yes,67.18,72.11,43.1
2023-11-09 11:00,11,11,Weekday,Fall,Yes,69.78,71.9,52.11
2023-11-09 12:00,11,12,Weekday,Fall,Yes,72.22,73.46,57.4
2023-11-09 13:00,11,13,Weekday,Fall,Yes,73.56,71.46,55.8
2023-11-09 14:00,11,14,Weekday,Fall,Yes,73.94,73.27,34.13
2023-11-09 15:00,11,15,Weekday,Fall,Yes,73.94,72.49,49.24
2023-11-09 16:00,11,16,Weekday,Fall,Yes,73.42,72.3,46.48
2023-11-09 17:00,11,17,Weekday,Fall,Yes,70.1,72.96,42.82
2023-11-09 18:00,11,18,Weekday,Fall,No,65.69,72.35,45.24
2023-11-09 19:00,11,19,Weekday,Fall,No,62.26,72.63,41.24
2023-11-09 20:00,11,20,Weekday,Fall,No,59.2,71.15,35.08
2023-11-09 21:00,11,21,Weekday,Fall,No,59.7,71.41,24.72
2023-11-09 22:00,11,22,Weekday,Fall,No,60.98,72.23,14.83
2023-11-09 23:00,11,23,Weekday,Fall,No,60.98,72.11,27.25
2023-11-10 00:00,11,0,Weekday,Fall,No,60.46,71.77,26.56
2023-11-10 01:00,11,1,Weekday,Fall,No,59.45,71.41,19.09
2023-11-10 02:00,11,2,Weekday,Fall,No,59.0,71.24,29.2
2023-11-10 03:00,11,3,Weekday,Fall,No,58.37,70.49,5.47
2023-11-10 04:00,11,4,Weekday,Fall,No,57.92,72.01,21.59
2023-11-10 05:00,11,5,Weekday,Fall,No,57.4,71.69,19.15
2023-11-10 06:00,11,6,Weekday,Fall,No,57.02,70.94,24.66
2023-11-10 07:00,11,7,Weekday,Fall,No,58.18,71.92,22.21
2023-11-10 08:00,11,8,Weekday,Fall,Yes,61.31,71.12,31.63
2023-11-10 09:00,11,9,Weekday,Fall,Yes,64.11,71.02,23.65
2023-11-10 10:00,11,10,Weekday,Fall,Yes,66.1,71.42,44.19
2023-11-10 11:00,11,11,Weekday,Fall,Yes,68.7,70.72,45.02
2023-11-10 12:00,11,12,Weekday,Fall,Yes,71.14,71.72,52.06
2023-11-10 13:00,11,13,Weekday,Fall,Yes,73.12,71.57,45.21
2023-11-10 14:00,11,14,Weekday,Fall,Yes,75.1,72.46,45.36
2023-11-10 15:00,11,15,Weekday,Fall,Yes,75.4,72.65,42.61
2023-11-10 16:00,11,16,Weekday,Fall,Yes,73.86,72.78,51.34
2023-11-10 17:00,11,17,Weekday,Fall,Yes,70.73,71.84,46.25
2023-11-10 18:00,11,18,Weekday,Fall,No,66.67,72.41,35.87
2023-11-10 19:00,11,19,Weekday,Fall,No,62.63,71.9,40.72
2023-11-10 20:00,11,20,Weekday,Fall,No,59.82,72.15,40.0
2023-11-10 21:00,11,21,Weekday,Fall,No,57.22,70.87,14.59
2023-11-10 22:00,11,22,Weekday,Fall,No,56.57,70.15,21.4
2023-11-10 23:00,11,23,Weekday,Fall,No,57.54,70.78,11.95
2023-11-11 00:00,11,0,Weekend,Fall,No,57.4,71.32,19.82
2023-11-11 01:00,11,1,Weekend,Fall,No,56.39,70.06,14.81
2023-11-11 02:00,11,2,Weekend,Fall,No,54.26,71.98,22.3
2023-11-11 03:00,11,3,Weekend,Fall,No,54.22,70.64,15.7
2023-11-11 04:00,11,4,Weekend,Fall,No,52.1,70.24,15.07
2023-11-11 05:00,11,5,Weekend,Fall,No,48.84,69.67,11.52
2023-11-11 06:00,11,6,Weekend,Fall,No,48.02,70.75,5.06
2023-11-11 07:00,11,7,Weekend,Fall,No,48.54,69.84,17.72
2023-11-11 08:00,11,8,Weekend,Fall,No,54.17,69.58,17.14
2023-11-11 09:00,11,9,Weekend,Fall,No,62.64,71.27,17.47
2023-11-11 10:00,11,10,Weekend,Fall,No,68.33,72.13,36.56
2023-11-11 11:00,11,11,Weekend,Fall,No,71.14,73.13,48.89
2023-11-11 12:00,11,12,Weekend,Fall,No,73.12,73.41,47.47
2023-11-11 13:00,11,13,Weekend,Fall,No,74.57,73.13,51.12
2023-11-11 14:00,11,14,Weekend,Fall,No,75.02,73.49,52.56
2023-11-11 15:00,11,15,Weekend,Fall,No,75.02,73.3,50.38
2023-11-11 16:00,11,16,Weekend,Fall,No,73.86,73.36,47.65
2023-11-11 17:00,11,17,Weekend,Fall,No,70.1,72.75,49.13
2023-11-11 18:00,11,18,Weekend,Fall,No,65.69,71.07,46.28
2023-11-11 19:00,11,19,Weekend,Fall,No,62.26,71.72,37.52
2023-11-11 20:00,11,20,Weekend,Fall,No,59.2,71.17,32.34
2023-11-11 21:00,11,21,Weekend,Fall,No,56.76,70.89,16.72
2023-11-11 22:00,11,22,Weekend,Fall,No,54.26,70.47,11.73
2023-11-11 23:00,11,23,Weekend,Fall,No,50.64,69.79,9.82
2023-11-12 00:00,11,0,Weekend,Fall,No,47.76,69.78,4.26
2023-11-12 01:00,11,1,Weekend,Fall,No,46.42,69.39,18.62
2023-11-12 02:00,11,2,Weekend,Fall,No,46.56,69.11,6.84
2023-11-12 03:00,11,3,Weekend,Fall,No,45.78,69.34,17.26
2023-11-12 04:00,11,4,Weekend,Fall,No,45.59,69.33,20.55
2023-11-12 05:00,11,5,Weekend,Fall,No,46.04,69.73,11.89
2023-11-12 06:00,11,6,Weekend,Fall,No,44.89,68.87,20.38
2023-11-12 07:00,11,7,Weekend,Fall,No,45.74,69.67,19.57
2023-11-12 08:00,11,8,Weekend,Fall,No,51.66,70.19,18.18
2023-11-12 09:00,11,9,Weekend,Fall,No,61.45,71.15,29.13
2023-11-12 10:00,11,10,Weekend,Fall,No,69.48,72.82,50.83
2023-11-12 11:00,11,11,Weekend,Fall,No,73.12,73.48,57.01
2023-11-12 12:00,11,12,Weekend,Fall,No,75.72,73.46,58.67
2023-11-12 13:00,11,13,Weekend,Fall,No,77.63,73.23,56.29
2023-11-12 14:00,11,14,Weekend,Fall,No,78.6,74.62,58.31
2023-11-12 15:00,11,15,Weekend,Fall,No,77.82,73.33,51.64
2023-11-12 16:00,11,16,Weekend,Fall,No,74.69,73.22,53.8
2023-11-12 17:00,11,17,Weekend,Fall,No,70.73,72.71,44.38
2023-11-12 18:00,11,18,Weekend,Fall,No,66.14,72.57,45.77
2023-11-12 19:00,11,19,Weekend,Fall,No,61.73,70.99,45.84
2023-11-12 20:00,11,20,Weekend,Fall,No,56.51,70.35,42.52
2023-11-12 21:00,11,21,Weekend,Fall,No,53.43,69.6,17.78
2023-11-12 22:00,11,22,Weekend,Fall,No,51.28,69.87,9.67
2023-11-12 23:00,11,23,Weekend,Fall,No,50.0,70.11,24.91
2023-11-13 00:00,11,0,Weekday,Fall,No,49.37,69.69,14.69
2023-11-13 01:00,11,1,Weekday,Fall,No,48.4,69.77,14.02
2023-11-13 02:00,11,2,Weekday,Fall,No,48.02,69.12,8.68
2023-11-13 03:00,11,3,Weekday,Fall,No,48.02,69.69,13.15
2023-11-13 04:00,11,4,Weekday,Fall,No,47.39,69.32,9.86
2023-11-13 05:00,11,5,Weekday,Fall,No,46.42,68.96,14.16
2023-11-13 06:00,11,6,Weekday,Fall,No,46.56,70.47,6.66
2023-11-13 07:00,11,7,Weekday,Fall,No,48.72,69.35,19.42
2023-11-13 08:00,11,8,Weekday,Fall,Yes,54.1,69.54,16.95
2023-11-13 09:00,11,9,Weekday,Fall,Yes,61.64,70.86,24.83
2023-11-13 10:00,11,10,Weekday,Fall,Yes,67.36,72.26,40.47
2023-11-13 11:00,11,11,Weekday,Fall,Yes,71.92,71.4,51.1
2023-11-13 12:00,11,12,Weekday,Fall,Yes,75.72,72.84,56.38
2023-11-13 13:00,11,13,Weekday,Fall,Yes,77.0,72.7,45.85
2023-11-13 14:00,11,14,Weekday,Fall,Yes,77.0,73.44,44.09
2023-11-13 15:00,11,15,Weekday,Fall,Yes,76.37,72.82,45.36
2023-11-13 16:00,11,16,Weekday,Fall,Yes,74.76,72.07,57.67
2023-11-13 17:00,11,17,Weekday,Fall,Yes,71.1,72.05,49.23
2023-11-13 18:00,11,18,Weekday,Fall,No,64.98,71.95,44.91
2023-11-13 19:00,11,19,Weekday,Fall,No,60.9,71.19,34.04
2023-11-13 20:00,11,20,Weekday,Fall,No,58.82,70.84,35.75
2023-11-13 21:00,11,21,Weekday,Fall,No,57.92,70.83,23.93
2023-11-13 22:00,11,22,Weekday,Fall,No,58.55,70.91,15.94
2023-11-13 23:00,11,23,Weekday,Fall,No,58.37,70.92,35.18
2023-11-14 00:00,11,0,Weekday,Fall,No,57.4,71.11,21.76
2023-11-14 01:00,11,1,Weekday,Fall,No,57.02,70.9,19.16
2023-11-14 02:00,11,2,Weekday,Fall,No,59.33,70.33,23.28
2023-11-14 03:00,11,3,Weekday,Fall,No,58.67,71.07,22.47
2023-11-14 04:00,11,4,Weekday,Fall,No,57.54,70.47,23.92
2023-11-14 05:00,11,5,Weekday,Fall,No,56.76,71.58,29.7
2023-11-14 06:00,11,6,Weekday,Fall,No,56.57,71.73,18.79
2023-11-14 07:00,11,7,Weekday,Fall,No,59.33,71.79,24.73
2023-11-14 08:00,11,8,Weekday,Fall,Yes,63.29,72.18,28.32
2023-11-14 09:00,11,9,Weekday,Fall,Yes,66.72,71.45,29.62
2023-11-14 10:00,11,10,Weekday,Fall,Yes,67.37,71.49,33.22
2023-11-14 11:00,11,11,Weekday,Fall,Yes,66.4,71.32,37.34
2023-11-14 12:00,11,12,Weekday,Fall,Yes,67.18,72.28,41.9
2023-11-14 13:00,11,13,Weekday,Fall,Yes,68.63,72.11,42.28
2023-11-14 14:00,11,14,Weekday,Fall,Yes,69.08,71.4,32.23
2023-11-14 15:00,11,15,Weekday,Fall,Yes,68.45,72.74,29.99
2023-11-14 16:00,11,16,Weekday,Fall,Yes,67.37,71.04,46.19
2023-11-14 17:00,11,17,Weekday,Fall,Yes,64.61,71.66,37.34
2023-11-14 18:00,11,18,Weekday,Fall,No,61.8,71.91,36.56
2023-11-14 19:00,11,19,Weekday,Fall,No,58.67,72.16,44.84
2023-11-14 20:00,11,20,Weekday,Fall,No,56.39,70.56,35.29
2023-11-14 21:00,11,21,Weekday,Fall,No,54.78,70.47,15.27
2023-11-14 22:00,11,22,Weekday,Fall,No,53.96,71.11,13.47
2023-11-14 23:00,11,23,Weekday,Fall,No,53.43,70.33,15.4
2023-11-15 00:00,11,0,Weekday,Fall,No,52.43,70.16,24.13
2023-11-15 01:00,11,1,Weekday,Fall,No,51.98,69.75,17.09
2023-11-15 02:00,11,2,Weekday,Fall,No,51.98,69.98,15.19
2023-11-15 03:00,11,3,Weekday,Fall,No,50.82,70.61,6.89
2023-11-15 04:00,11,4,Weekday,Fall,No,49.37,70.05,4.83
2023-11-15 05:00,11,5,Weekday,Fall,No,49.55,69.97,22.43
2023-11-15 06:00,11,6,Weekday,Fall,No,48.84,70.09,29.17
2023-11-15 07:00,11,7,Weekday,Fall,No,48.54,70.29,14.86
2023-11-15 08:00,11,8,Weekday,Fall,Yes,50.18,69.42,20.5
2023-11-15 09:00,11,9,Weekday,Fall,Yes,51.6,68.54,14.57
2023-11-15 10:00,11,10,Weekday,Fall,Yes,52.61,68.54,33.32
2023-11-15 11:00,11,11,Weekday,Fall,Yes,53.58,69.52,33.81
2023-11-15 12:00,11,12,Weekday,Fall,Yes,53.96,70.3,36.58
2023-11-15 13:00,11,13,Weekday,Fall,Yes,54.59,69.3,40.79
2023-11-15 14:00,11,14,Weekday,Fall,Yes,55.57,69.69,26.94
2023-11-15 15:00,11,15,Weekday,Fall,Yes,55.94,69.77,32.09
2023-11-15 16:00,11,16,Weekday,Fall,Yes,54.78,69.62,28.15
2023-11-15 17:00,11,17,Weekday,Fall,Yes,52.8,69.14,38.93
2023-11-15 18:00,11,18,Weekday,Fall,No,50.82,69.61,21.11
2023-11-15 19:00,11,19,Weekday,Fall,No,49.37,70.41,32.52
2023-11-15 20:00,11,20,Weekday,Fall,No,48.4,70.24,22.09
2023-11-15 21:00,11,21,Weekday,Fall,No,44.56,68.48,15.97
2023-11-15 22:00,11,22,Weekday,Fall,No,40.82,69.01,2.66
2023-11-15 23:00,11,23,Weekday,Fall,No,39.4,68.15,0.0
2023-11-16 00:00,11,0,Weekday,Fall,No,38.39,68.82,2.18
2023-11-16 01:00,11,1,Weekday,Fall,No,37.42,67.81,7.81
2023-11-16 02:00,11,2,Weekday,Fall,No,35.26,67.65,2.45
2023-11-16 03:00,11,3,Weekday,Fall,No,33.46,67.2,2.12
2023-11-16 04:00,11,4,Weekday,Fall,No,33.6,67.57,0.0
2023-11-16 05:00,11,5,Weekday,Fall,No,34.61,67.56,0.0
2023-11-16 06:00,11,6,Weekday,Fall,No,33.9,67.76,0.0
2023-11-16 07:00,11,7,Weekday,Fall,No,34.76,67.68,0.0
2023-11-16 08:00,11,8,Weekday,Fall,Yes,41.21,68.23,6.6
2023-11-16 09:00,11,9,Weekday,Fall,Yes,48.53,68.28,3.01
2023-11-16 10:00,11,10,Weekday,Fall,Yes,53.39,69.64,39.7
2023-11-16 11:00,11,11,Weekday,Fall,Yes,56.72,69.49,40.76
2023-11-16 12:00,11,12,Weekday,Fall,Yes,60.34,70.23,34.5
2023-11-16 13:00,11,13,Weekday,Fall,Yes,62.58,70.37,36.62
2023-11-16 14:00,11,14,Weekday,Fall,Yes,63.59,71.3,47.38
2023-11-16 15:00,11,15,Weekday,Fall,Yes,63.41,71.98,39.99
2023-11-16 16:00,11,16,Weekday,Fall,Yes,62.44,70.03,41.71
2023-11-16 17:00,11,17,Weekday,Fall,Yes,58.49,70.75,33.81
2023-11-16 18:00,11,18,Weekday,Fall,No,54.78,70.76,29.82
2023-11-16 19:00,11,19,Weekday,Fall,No,51.65,70.24,26.76
2023-11-16 20:00,11,20,Weekday,Fall,No,48.22,69.17,33.04
2023-11-16 21:00,11,21,Weekday,Fall,No,45.26,69.35,2.83
2023-11-16 22:00,11,22,Weekday,Fall,No,42.9,68.73,9.67
2023-11-16 23:00,11,23,Weekday,Fall,No,40.82,68.32,8.73
2023-11-17 00:00,11,0,Weekday,Fall,No,39.4,68.71,8.88
2023-11-17 01:00,11,1,Weekday,Fall,No,39.54,68.97,10.55
2023-11-17 02:00,11,2,Weekday,Fall,No,40.55,68.25,9.29
2023-11-17 03:00,11,3,Weekday,Fall,No,38.69,68.23,11.41
2023-11-17 04:00,11,4,Weekday,Fall,No,37.56,68.65,2.3
2023-11-17 05:00,11,5,Weekday,Fall,No,38.57,68.96,7.21
2023-11-17 06:00,11,6,Weekday,Fall,No,38.39,67.74,4.17
2023-11-17 07:00,11,7,Weekday,Fall,No,40.36,68.21,6.53
2023-11-17 08:00,11,8,Weekday,Fall,Yes,46.7,69.03,5.09
2023-11-17 09:00,11,9,Weekday,Fall,Yes,52.94,69.42,13.94
2023-11-17 10:00,11,10,Weekday,Fall,Yes,58.5,70.51,38.54
2023-11-17 11:00,11,11,Weekday,Fall,Yes,63.29,70.78,38.23
2023-11-17 12:00,11,12,Weekday,Fall,Yes,66.1,71.53,48.25
2023-11-17 13:00,11,13,Weekday,Fall,Yes,67.55,72.12,34.22
2023-11-17 14:00,11,14,Weekday,Fall,Yes,68.0,71.51,47.08
2023-11-17 15:00,11,15,Weekday,Fall,Yes,66.84,71.06,40.65
2023-11-17 16:00,11,16,Weekday,Fall,Yes,64.86,71.55,40.26
2023-11-17 17:00,11,17,Weekday,Fall,Yes,62.89,70.33,42.02
2023-11-17 18:00,11,18,Weekday,Fall,No,60.28,70.75,37.7
2023-11-17 19:00,11,19,Weekday,Fall,No,58.37,71.11,40.97
2023-11-17 20:00,11,20,Weekday,Fall,No,56.24,69.96,36.48
2023-11-17 21:00,11,21,Weekday,Fall,No,55.04,71.24,18.47
2023-11-17 22:00,11,22,Weekday,Fall,No,54.41,70.34,14.69
2023-11-17 23:00,11,23,Weekday,Fall,No,53.96,69.3,16.11
2023-11-18 00:00,11,0,Weekend,Fall,No,53.96,71.44,15.6
2023-11-18 01:00,11,1,Weekend,Fall,No,52.8,69.96,17.21
2023-11-18 02:00,11,2,Weekend,Fall,No,50.2,70.77,14.45
2023-11-18 03:00,11,3,Weekend,Fall,No,48.4,69.59,16.02
2023-11-18 04:00,11,4,Weekend,Fall,No,47.39,69.77,9.08
2023-11-18 05:00,11,5,Weekend,Fall,No,46.94,69.46,15.6
2023-11-18 06:00,11,6,Weekend,Fall,No,45.78,69.8,13.54
2023-11-18 07:00,11,7,Weekend,Fall,No,46.11,69.49,11.09
2023-11-18 08:00,11,8,Weekend,Fall,No,48.1,69.84,20.58
2023-11-18 09:00,11,9,Weekend,Fall,No,51.86,69.79,14.89
2023-11-18 10:00,11,10,Weekend,Fall,No,57.53,70.41,38.16
2023-11-18 11:00,11,11,Weekend,Fall,No,64.07,71.54,40.4
2023-11-18 12:00,11,12,Weekend,Fall,No,69.34,72.56,41.48
2023-11-18 13:00,11,13,Weekend,Fall,No,72.22,73.58,52.7
2023-11-18 14:00,11,14,Weekend,Fall,No,73.56,72.5,52.43
2023-11-18 15:00,11,15,Weekend,Fall,No,73.42,73.0,42.25
2023-11-18 16:00,11,16,Weekend,Fall,No,72.41,72.67,52.11
2023-11-18 17:00,11,17,Weekend,Fall,No,68.5,72.96,46.32
2023-11-18 18:00,11,18,Weekend,Fall,No,63.08,72.38,36.49
2023-11-18 19:00,11,19,Weekend,Fall,No,59.82,72.16,32.81
2023-11-18 20:00,11,20,Weekend,Fall,No,59.63,71.39,33.27
2023-11-18 21:00,11,21,Weekend,Fall,No,60.08,71.07,30.64
2023-11-18 22:00,11,22,Weekend,Fall,No,58.82,71.09,20.74
2023-11-18 23:00,11,23,Weekend,Fall,No,56.76,70.96,22.98
2023-11-19 00:00,11,0,Weekend,Fall,No,55.94,70.57,20.51
2023-11-19 01:00,11,1,Weekend,Fall,No,54.26,71.39,20.25
2023-11-19 02:00,11,2,Weekend,Fall,No,53.06,71.31,21.49
2023-11-19 03:00,11,3,Weekend,Fall,No,52.43,70.34,9.23
2023-11-19 04:00,11,4,Weekend,Fall,No,51.46,70.33,12.75
2023-11-19 05:00,11,5,Weekend,Fall,No,50.45,69.27,19.97
2023-11-19 06:00,11,6,Weekend,Fall,No,51.16,70.7,19.6
2023-11-19 07:00,11,7,Weekend,Fall,No,52.61,69.99,16.56
2023-11-19 08:00,11,8,Weekend,Fall,No,55.9,70.86,30.69
2023-11-19 09:00,11,9,Weekend,Fall,No,60.86,72.16,19.48
2023-11-19 10:00,11,10,Weekend,Fall,No,65.9,72.46,45.7
2023-11-19 11:00,11,11,Weekend,Fall,No,69.16,71.94,40.62
2023-11-19 12:00,11,12,Weekend,Fall,No,71.76,72.53,48.71
2023-11-19 13:00,11,13,Weekend,Fall,No,74.19,72.56,50.25
2023-11-19 14:00,11,14,Weekend,Fall,No,75.54,73.27,55.2
2023-11-19 15:00,11,15,Weekend,Fall,No,75.4,73.03,44.36
2023-11-19 16:00,11,16,Weekend,Fall,No,73.86,73.85,47.64
2023-11-19 17:00,11,17,Weekend,Fall,No,68.94,73.35,45.92
2023-11-19 18:00,11,18,Weekend,Fall,No,62.55,71.6,41.67
2023-11-19 19:00,11,19,Weekend,Fall,No,58.82,70.83,37.37
2023-11-19 20:00,11,20,Weekend,Fall,No,56.24,71.3,33.2
2023-11-19 21:00,11,21,Weekend,Fall,No,56.2,71.13,15.84
2023-11-19 22:00,11,22,Weekend,Fall,No,54.71,70.1,14.75
2023-11-19 23:00,11,23,Weekend,Fall,No,54.22,70.69,18.98
2023-11-20 00:00,11,0,Weekday,Fall,No,54.41,70.39,18.46
2023-11-20 01:00,11,1,Weekday,Fall,No,53.96,70.37,11.9
2023-11-20 02:00,11,2,Weekday,Fall,No,55.12,69.9,14.63
2023-11-20 03:00,11,3,Weekday,Fall,No,56.57,70.92,17.53
2023-11-20 04:00,11,4,Weekday,Fall,No,56.39,70.84,28.38
2023-11-20 05:00,11,5,Weekday,Fall,No,56.57,70.75,14.02
2023-11-20 06:00,11,6,Weekday,Fall,No,55.86,70.37,25.05
2023-11-20 07:00,11,7,Weekday,Fall,No,56.72,72.15,19.25
2023-11-20 08:00,11,8,Weekday,Fall,Yes,60.86,70.65,23.55
2023-11-20 09:00,11,9,Weekday,Fall,Yes,65.27,71.79,31.01
2023-11-20 10:00,11,10,Weekday,Fall,Yes,69.34,71.96,44.54
2023-11-20 11:00,11,11,Weekday,Fall,Yes,72.74,71.47,50.83
2023-11-20 12:00,11,12,Weekday,Fall,Yes,75.1,72.48,37.53
2023-11-20 13:00,11,13,Weekday,Fall,Yes,77.18,73.79,50.47
2023-11-20 14:00,11,14,Weekday,Fall,Yes,79.24,73.3,45.9
2023-11-20 15:00,11,15,Weekday,Fall,Yes,79.43,73.1,61.37
2023-11-20 16:00,11,16,Weekday,Fall,Yes,77.82,73.65,57.32
2023-11-20 17:00,11,17,Weekday,Fall,Yes,72.9,72.82,51.17
2023-11-20 18:00,11,18,Weekday,Fall,No,67.04,72.28,46.36
2023-11-20 19:00,11,19,Weekday,Fall,No,63.78,71.57,41.15
2023-11-20 20:00,11,20,Weekday,Fall,No,60.65,71.64,38.32
2023-11-20 21:00,11,21,Weekday,Fall,No,57.22,71.12,10.58
2023-11-20 22:00,11,22,Weekday,Fall,No,56.57,70.71,23.89
2023-11-20 23:00,11,23,Weekday,Fall,No,57.02,70.97,25.51
2023-11-21 00:00,11,0,Weekday,Fall,No,55.86,70.92,27.42
2023-11-21 01:00,11,1,Weekday,Fall,No,53.88,70.9,19.9
2023-11-21 02:00,11,2,Weekday,Fall,No,53.58,70.5,28.98
2023-11-21 03:00,11,3,Weekday,Fall,No,52.8,71.0,22.09
2023-11-21 04:00,11,4,Weekday,Fall,No,50.82,70.13,17.59
2023-11-21 05:00,11,5,Weekday,Fall,No,49.37,70.12,4.13
2023-11-21 06:00,11,6,Weekday,Fall,No,49.55,70.4,6.65
2023-11-21 07:00,11,7,Weekday,Fall,No,51.78,70.31,15.21
2023-11-21 08:00,11,8,Weekday,Fall,Yes,54.74,69.42,13.37
2023-11-21 09:00,11,9,Weekday,Fall,Yes,61.19,70.97,28.04
2023-11-21 10:00,11,10,Weekday,Fall,Yes,68.51,72.14,48.0
2023-11-21 11:00,11,11,Weekday,Fall,Yes,72.74,72.49,52.87
2023-11-21 12:00,11,12,Weekday,Fall,Yes,75.1,72.45,40.22
2023-11-21 13:00,11,13,Weekday,Fall,Yes,77.18,72.25,49.62
2023-11-21 14:00,11,14,Weekday,Fall,Yes,78.08,73.79,56.1
2023-11-21 15:00,11,15,Weekday,Fall,Yes,75.67,72.02,43.42
2023-11-21 16:00,11,16,Weekday,Fall,Yes,72.26,71.65,44.75
2023-11-21 17:00,11,17,Weekday,Fall,Yes,68.12,72.28,45.06
2023-11-21 18:00,11,18,Weekday,Fall,No,64.24,72.02,37.22
2023-11-21 19:00,11,19,Weekday,Fall,No,59.5,71.1,40.11
2023-11-21 20:00,11,20,Weekday,Fall,No,55.24,71.26,33.24
2023-11-21 21:00,11,21,Weekday,Fall,No,52.8,71.36,21.7
2023-11-21 22:00,11,22,Weekday,Fall,No,50.82,70.83,8.09
2023-11-21 23:00,11,23,Weekday,Fall,No,49.37,69.7,18.23
2023-11-22 00:00,11,0,Weekday,Fall,No,47.24,68.89,12.99
2023-11-22 01:00,11,1,Weekday,Fall,No,44.89,68.39,18.27
2023-11-22 02:00,11,2,Weekday,Fall,No,44.58,69.23,9.73
2023-11-22 03:00,11,3,Weekday,Fall,No,43.28,69.52,9.87
2023-11-22 04:00,11,4,Weekday,Fall,No,42.6,68.85,4.41
2023-11-22 05:00,11,5,Weekday,Fall,No,42.98,69.04,14.2
2023-11-22 06:00,11,6,Weekday,Fall,No,42.98,68.0,7.91
2023-11-22 07:00,11,7,Weekday,Fall,No,45.29,69.19,7.98
2023-11-22 08:00,11,8,Weekday,Fall,Yes,50.51,68.82,16.2
2023-11-22 09:00,11,9,Weekday,Fall,Yes,58.31,70.82,16.29
2023-11-22 10:00,11,10,Weekday,Fall,Yes,63.22,70.17,40.07
2023-11-22 11:00,11,11,Weekday,Fall,Yes,68.13,71.01,36.3
2023-11-22 12:00,11,12,Weekday,Fall,Yes,71.58,72.4,41.23
2023-11-22 13:00,11,13,Weekday,Fall,Yes,71.96,71.84,53.95
2023-11-22 14:00,11,14,Weekday,Fall,Yes,72.59,72.22,41.2
2023-11-22 15:00,11,15,Weekday,Fall,Yes,73.04,71.9,49.85
2023-11-22 16:00,11,16,Weekday,Fall,Yes,72.41,72.39,43.65
2023-11-22 17:00,11,17,Weekday,Fall,Yes,68.5,71.64,42.28
2023-11-22 18:00,11,18,Weekday,Fall,No,63.08,71.6,39.38
2023-11-22 19:00,11,19,Weekday,Fall,No,59.2,70.82,39.54
2023-11-22 20:00,11,20,Weekday,Fall,No,53.93,71.2,27.03
2023-11-22 21:00,11,21,Weekday,Fall,No,50.45,70.46,26.23
2023-11-22 22:00,11,22,Weekday,Fall,No,49.37,69.14,19.75
2023-11-22 23:00,11,23,Weekday,Fall,No,48.92,69.71,14.28
2023-11-23 00:00,11,0,Weekday,Fall,No,49.55,69.97,12.85
2023-11-23 01:00,11,1,Weekday,Fall,No,47.69,69.56,18.29
2023-11-23 02:00,11,2,Weekday,Fall,No,45.41,69.45,3.59
2023-11-23 03:00,11,3,Weekday,Fall,No,45.59,68.73,7.35
2023-11-23 04:00,11,4,Weekday,Fall,No,45.41,69.59,10.37
2023-11-23 05:00,11,5,Weekday,Fall,No,46.11,69.23,9.09
2023-11-23 06:00,11,6,Weekday,Fall,No,48.1,69.33,9.65
2023-11-23 07:00,11,7,Weekday,Fall,No,48.92,69.94,2.89
2023-11-23 08:00,11,8,Weekday,Fall,Yes,50.7,69.44,8.88
2023-11-23 09:00,11,9,Weekday,Fall,Yes,56.7,69.84,13.97
2023-11-23 10:00,11,10,Weekday,Fall,Yes,61.24,71.46,38.46
2023-11-23 11:00,11,11,Weekday,Fall,Yes,64.37,70.99,37.09
2023-11-23 12:00,11,12,Weekday,Fall,Yes,67.8,71.62,44.98
2023-11-23 13:00,11,13,Weekday,Fall,Yes,69.6,71.52,43.14
2023-11-23 14:00,11,14,Weekday,Fall,Yes,71.14,72.2,47.44
2023-11-23 15:00,11,15,Weekday,Fall,Yes,70.28,71.95,39.24
2023-11-23 16:00,11,16,Weekday,Fall,Yes,67.3,71.35,41.1
2023-11-23 17:00,11,17,Weekday,Fall,Yes,64.24,71.18,45.46
2023-11-23 18:00,11,18,Weekday,Fall,No,61.8,71.37,38.58
2023-11-23 19:00,11,19,Weekday,Fall,No,59.82,71.37,34.41
2023-11-23 20:00,11,20,Weekday,Fall,No,57.22,71.15,23.34
2023-11-23 21:00,11,21,Weekday,Fall,No,53.1,70.79,3.16
2023-11-23 22:00,11,22,Weekday,Fall,No,51.6,69.87,15.58
2023-11-23 23:00,11,23,Weekday,Fall,No,50.2,70.12,11.22
2023-11-24 00:00,11,0,Weekday,Fall,No,47.76,69.87,13.52
2023-11-24 01:00,11,1,Weekday,Fall,No,45.78,69.69,14.37
2023-11-24 02:00,11,2,Weekday,Fall,No,43.8,70.05,6.1
2023-11-24 03:00,11,3,Weekday,Fall,No,41.82,69.01,3.88
2023-11-24 04:00,11,4,Weekday,Fall,No,41.0,69.29,0.0
2023-11-24 05:00,11,5,Weekday,Fall,No,40.37,68.87,10.73
2023-11-24 06:00,11,6,Weekday,Fall,No,38.76,68.44,10.33
2023-11-24 07:00,11,7,Weekday,Fall,No,39.1,67.27,5.5
2023-11-24 08:00,11,8,Weekday,Fall,Yes,45.17,67.84,14.7
2023-11-24 09:00,11,9,Weekday,Fall,Yes,51.86,69.29,20.0
2023-11-24 10:00,11,10,Weekday,Fall,Yes,57.53,69.41,28.04
2023-11-24 11:00,11,11,Weekday,Fall,Yes,62.92,70.8,37.52
2023-11-24 12:00,11,12,Weekday,Fall,Yes,66.72,71.55,46.6
2023-11-24 13:00,11,13,Weekday,Fall,Yes,68.63,71.57,34.05
2023-11-24 14:00,11,14,Weekday,Fall,Yes,69.6,71.9,46.17
2023-11-24 15:00,11,15,Weekday,Fall,Yes,69.98,72.83,47.6
2023-11-24 16:00,11,16,Weekday,Fall,Yes,68.82,71.26,47.68
2023-11-24 17:00,11,17,Weekday,Fall,Yes,64.54,71.4,37.41
2023-11-24 18:00,11,18,Weekday,Fall,No,60.28,70.82,44.65
2023-11-24 19:00,11,19,Weekday,Fall,No,56.06,71.86,34.78
2023-11-24 20:00,11,20,Weekday,Fall,No,52.28,70.69,33.31
2023-11-24 21:00,11,21,Weekday,Fall,No,49.82,70.49,15.96
2023-11-24 22:00,11,22,Weekday,Fall,No,47.76,69.89,3.49
2023-11-24 23:00,11,23,Weekday,Fall,No,45.78,68.48,9.31
2023-11-25 00:00,11,0,Weekend,Fall,No,43.28,68.87,3.1
2023-11-25 01:00,11,1,Weekend,Fall,No,42.08,69.05,1.51
2023-11-25 02:00,11,2,Weekend,Fall,No,43.24,69.62,13.97
2023-11-25 03:00,11,3,Weekend,Fall,No,44.58,69.03,7.33
2023-11-25 04:00,11,4,Weekend,Fall,No,43.8,69.45,6.25
2023-11-25 05:00,11,5,Weekend,Fall,No,42.98,69.45,1.19
2023-11-25 06:00,11,6,Weekend,Fall,No,43.61,69.32,10.8
2023-11-25 07:00,11,7,Weekend,Fall,No,45.22,68.85,13.78
2023-11-25 08:00,11,8,Weekend,Fall,No,48.35,69.9,13.97
2023-11-25 09:00,11,9,Weekend,Fall,No,54.62,70.87,19.42
2023-11-25 10:00,11,10,Weekend,Fall,No,63.17,71.69,31.37
2023-11-25 11:00,11,11,Weekend,Fall,No,68.7,72.84,46.12
2023-11-25 12:00,11,12,Weekend,Fall,No,71.14,73.53,50.33
2023-11-25 13:00,11,13,Weekend,Fall,No,73.12,73.91,35.91
2023-11-25 14:00,11,14,Weekend,Fall,No,73.42,73.37,45.07
2023-11-25 15:00,11,15,Weekend,Fall,No,70.1,72.34,44.0
2023-11-25 16:00,11,16,Weekend,Fall,No,66.84,72.59,42.33
2023-11-25 17:00,11,17,Weekend,Fall,No,61.3,71.63,31.41
2023-11-25 18:00,11,18,Weekend,Fall,No,56.76,71.5,35.36
2023-11-25 19:00,11,19,Weekend,Fall,No,54.78,70.49,35.19
2023-11-25 20:00,11,20,Weekend,Fall,No,52.28,70.23,31.41
2023-11-25 21:00,11,21,Weekend,Fall,No,50.45,70.53,15.06
2023-11-25 22:00,11,22,Weekend,Fall,No,49.37,70.03,6.45
2023-11-25 23:00,11,23,Weekend,Fall,No,46.08,69.59,18.23
2023-11-26 00:00,11,0,Weekend,Fall,No,43.43,69.51,11.0
2023-11-26 01:00,11,1,Weekend,Fall,No,41.82,68.66,15.93
2023-11-26 02:00,11,2,Weekend,Fall,No,39.22,68.91,7.11
2023-11-26 03:00,11,3,Weekend,Fall,No,36.26,67.47,6.6
2023-11-26 04:00,11,4,Weekend,Fall,No,35.06,67.94,4.3
2023-11-26 05:00,11,5,Weekend,Fall,No,34.43,68.48,5.6
2023-11-26 06:00,11,6,Weekend,Fall,No,33.46,67.62,3.92
2023-11-26 07:00,11,7,Weekend,Fall,No,33.6,66.98,5.83
2023-11-26 08:00,11,8,Weekend,Fall,No,38.08,67.7,14.9
2023-11-26 09:00,11,9,Weekend,Fall,No,45.1,69.12,14.38
2023-11-26 10:00,11,10,Weekend,Fall,No,50.33,69.51,34.17
2023-11-26 11:00,11,11,Weekend,Fall,No,53.14,71.25,36.26
2023-11-26 12:00,11,12,Weekend,Fall,No,55.74,71.33,42.78
2023-11-26 13:00,11,13,Weekend,Fall,No,58.18,70.39,43.4
2023-11-26 14:00,11,14,Weekend,Fall,No,59.0,72.15,27.52
2023-11-26 15:00,11,15,Weekend,Fall,No,59.0,71.94,35.45
2023-11-26 16:00,11,16,Weekend,Fall,No,57.85,70.43,30.73
2023-11-26 17:00,11,17,Weekend,Fall,No,54.71,70.7,33.17
2023-11-26 18:00,11,18,Weekend,Fall,No,51.28,69.44,36.14
2023-11-26 19:00,11,19,Weekend,Fall,No,49.37,69.64,22.4
2023-11-26 20:00,11,20,Weekend,Fall,No,46.08,69.5,25.6
2023-11-26 21:00,11,21,Weekend,Fall,No,42.9,69.47,8.6
2023-11-26 22:00,11,22,Weekend,Fall,No,41.45,68.71,18.15
2023-11-26 23:00,11,23,Weekend,Fall,No,38.69,68.75,0.0
2023-11-27 00:00,11,0,Weekday,Fall,No,35.88,67.46,4.73
2023-11-27 01:00,11,1,Weekday,Fall,No,33.9,67.95,0.0
2023-11-27 02:00,11,2,Weekday,Fall,No,33.08,68.22,2.08
2023-11-27 03:00,11,3,Weekday,Fall,No,32.45,67.91,0.0
2023-11-27 04:00,11,4,Weekday,Fall,No,32.0,66.27,5.16
2023-11-27 05:00,11,5,Weekday,Fall,No,33.78,68.57,0.0
2023-11-27 06:00,11,6,Weekday,Fall,No,34.43,66.93,4.18
2023-11-27 07:00,11,7,Weekday,Fall,No,33.98,67.35,0.0
2023-11-27 08:00,11,8,Weekday,Fall,Yes,38.7,67.9,10.19
2023-11-27 09:00,11,9,Weekday,Fall,Yes,45.54,69.0,6.69
2023-11-27 10:00,11,10,Weekday,Fall,Yes,53.27,70.14,16.56
2023-11-27 11:00,11,11,Weekday,Fall,Yes,59.33,70.24,41.86
2023-11-27 12:00,11,12,Weekday,Fall,Yes,62.76,70.91,45.79
2023-11-27 13:00,11,13,Weekday,Fall,Yes,65.19,72.04,35.9
2023-11-27 14:00,11,14,Weekday,Fall,Yes,66.02,71.49,48.24
2023-11-27 15:00,11,15,Weekday,Fall,Yes,66.02,71.66,45.4
2023-11-27 16:00,11,16,Weekday,Fall,Yes,65.39,71.52,40.45
2023-11-27 17:00,11,17,Weekday,Fall,Yes,59.69,70.33,34.17
2023-11-27 18:00,11,18,Weekday,Fall,No,54.26,69.89,25.31
2023-11-27 19:00,11,19,Weekday,Fall,No,50.12,69.62,21.74
2023-11-27 20:00,11,20,Weekday,Fall,No,48.02,70.54,29.7
2023-11-27 21:00,11,21,Weekday,Fall,No,48.54,69.97,14.17
2023-11-27 22:00,11,22,Weekday,Fall,No,47.24,69.6,9.85
2023-11-27 23:00,11,23,Weekday,Fall,No,44.26,70.12,3.19
2023-11-28 00:00,11,0,Weekday,Fall,No,42.46,67.83,8.58
2023-11-28 01:00,11,1,Weekday,Fall,No,40.82,68.58,7.76
2023-11-28 02:00,11,2,Weekday,Fall,No,40.55,69.06,6.41
2023-11-28 03:00,11,3,Weekday,Fall,No,41.0,68.62,10.68
2023-11-28 04:00,11,4,Weekday,Fall,No,41.0,69.37,8.57
2023-11-28 05:00,11,5,Weekday,Fall,No,42.78,69.11,10.77
2023-11-28 06:00,11,6,Weekday,Fall,No,43.43,68.79,13.04
2023-11-28 07:00,11,7,Weekday,Fall,No,43.61,69.19,8.78
2023-11-28 08:00,11,8,Weekday,Fall,Yes,46.9,68.67,8.56
2023-11-28 09:00,11,9,Weekday,Fall,Yes,53.02,69.17,24.02
2023-11-28 10:00,11,10,Weekday,Fall,Yes,58.36,69.02,30.31
2023-11-28 11:00,11,11,Weekday,Fall,Yes,63.54,70.61,42.71
2023-11-28 12:00,11,12,Weekday,Fall,Yes,68.33,71.59,44.16
2023-11-28 13:00,11,13,Weekday,Fall,Yes,69.98,71.08,40.19
2023-11-28 14:00,11,14,Weekday,Fall,Yes,70.61,72.25,35.47
2023-11-28 15:00,11,15,Weekday,Fall,Yes,71.06,72.11,40.79
2023-11-28 16:00,11,16,Weekday,Fall,Yes,69.9,71.56,51.83
2023-11-28 17:00,11,17,Weekday,Fall,Yes,64.98,70.99,37.96
2023-11-28 18:00,11,18,Weekday,Fall,No,61.43,71.9,41.72
2023-11-28 19:00,11,19,Weekday,Fall,No,58.04,71.98,49.95
2023-11-28 20:00,11,20,Weekday,Fall,No,54.26,70.44,26.73
2023-11-28 21:00,11,21,Weekday,Fall,No,50.64,70.22,14.43
2023-11-28 22:00,11,22,Weekday,Fall,No,47.24,70.12,14.5
2023-11-28 23:00,11,23,Weekday,Fall,No,43.1,68.9,3.32
2023-11-29 00:00,11,0,Weekday,Fall,No,41.63,69.11,0.36
2023-11-29 01:00,11,1,Weekday,Fall,No,41.45,68.52,11.59
2023-11-29 02:00,11,2,Weekday,Fall,No,39.84,68.22,3.9
2023-11-29 03:00,11,3,Weekday,Fall,No,41.33,69.01,11.58
2023-11-29 04:00,11,4,Weekday,Fall,No,41.2,68.9,4.99
2023-11-29 05:00,11,5,Weekday,Fall,No,38.76,68.79,6.81
2023-11-29 06:00,11,6,Weekday,Fall,No,36.78,68.09,2.92
2023-11-29 07:00,11,7,Weekday,Fall,No,36.59,68.98,0.0
2023-11-29 08:00,11,8,Weekday,Fall,Yes,42.82,68.69,0.5
2023-11-29 09:00,11,9,Weekday,Fall,Yes,50.51,69.36,12.68
2023-11-29 10:00,11,10,Weekday,Fall,Yes,55.37,69.73,36.66
2023-11-29 11:00,11,11,Weekday,Fall,Yes,58.8,70.3,41.24
2023-11-29 12:00,11,12,Weekday,Fall,Yes,59.45,71.19,28.63
2023-11-29 13:00,11,13,Weekday,Fall,Yes,60.78,70.0,36.95
2023-11-29 14:00,11,14,Weekday,Fall,Yes,60.9,71.16,36.45
2023-11-29 15:00,11,15,Weekday,Fall,Yes,58.82,70.34,36.08
2023-11-29 16:00,11,16,Weekday,Fall,Yes,57.4,69.95,35.26
2023-11-29 17:00,11,17,Weekday,Fall,Yes,55.24,69.85,28.45
2023-11-29 18:00,11,18,Weekday,Fall,No,52.8,70.09,30.36
2023-11-29 19:00,11,19,Weekday,Fall,No,51.98,70.4,35.59
2023-11-29 20:00,11,20,Weekday,Fall,No,49.04,69.87,36.17
2023-11-29 21:00,11,21,Weekday,Fall,No,46.42,69.54,9.56
2023-11-29 22:00,11,22,Weekday,Fall,No,45.41,69.04,11.54
2023-11-29 23:00,11,23,Weekday,Fall,No,43.8,68.65,12.57
2023-11-30 00:00,11,0,Weekday,Fall,No,42.46,68.92,15.88
2023-11-30 01:00,11,1,Weekday,Fall,No,40.3,68.6,8.72
2023-11-30 02:00,11,2,Weekday,Fall,No,38.39,67.93,3.78
2023-11-30 03:00,11,3,Weekday,Fall,No,36.26,68.44,6.34
2023-11-30 04:00,11,4,Weekday,Fall,No,35.06,69.09,8.68
2023-11-30 05:00,11,5,Weekday,Fall,No,33.9,68.47,0.0
2023-11-30 06:00,11,6,Weekday,Fall,No,33.6,67.82,1.13
2023-11-30 07:00,11,7,Weekday,Fall,No,34.61,67.29,0.0
2023-11-30 08:00,11,8,Weekday,Fall,Yes,39.16,67.22,2.49
2023-11-30 09:00,11,9,Weekday,Fall,Yes,46.07,68.16,9.21
2023-11-30 10:00,11,10,Weekday,Fall,Yes,52.49,69.57,35.18
2023-11-30 11:00,11,11,Weekday,Fall,Yes,57.35,69.52,35.77
2023-11-30 12:00,11,12,Weekday,Fall,Yes,60.16,70.45,31.03
2023-11-30 13:00,11,13,Weekday,Fall,Yes,61.61,70.63,49.99
2023-11-30 14:00,11,14,Weekday,Fall,Yes,62.58,71.04,35.66
2023-11-30 15:00,11,15,Weekday,Fall,Yes,62.44,70.44,39.83
2023-11-30 16:00,11,16,Weekday,Fall,Yes,60.9,70.57,41.6
2023-11-30 17:00,11,17,Weekday,Fall,Yes,57.14,69.87,34.15
2023-11-30 18:00,11,18,Weekday,Fall,No,53.88,71.36,35.26
2023-11-30 19:00,11,19,Weekday,Fall,No,53.06,69.35,34.48
2023-11-30 20:00,11,20,Weekday,Fall,No,49.49,69.75,31.0
2023-11-30 21:00,11,21,Weekday,Fall,No,46.0,68.93,9.46
2023-11-30 22:00,11,22,Weekday,Fall,No,44.27,69.29,3.55
2023-11-30 23:00,11,23,Weekday,Fall,No,42.58,68.67,7.09
2023-12-01 00:00,12,0,Weekday,Winter,No,40.85,67.83,5.32
2023-12-01 01:00,12,1,Weekday,Winter,No,39.16,68.51,3.39
2023-12-01 02:00,12,2,Weekday,Winter,No,37.43,67.85,0.0
2023-12-01 03:00,12,3,Weekday,Winter,No,35.74,67.69,0.0
2023-12-01 04:00,12,4,Weekday,Winter,No,35.06,68.2,8.67
2023-12-01 05:00,12,5,Weekday,Winter,No,35.06,67.53,0.0
2023-12-01 06:00,12,6,Weekday,Winter,No,33.9,67.88,0.44
2023-12-01 07:00,12,7,Weekday,Winter,No,34.76,67.27,0.0
2023-12-01 08:00,12,8,Weekday,Winter,Yes,38.27,67.1,0.0
2023-12-01 09:00,12,9,Weekday,Winter,Yes,42.86,68.01,2.6
2023-12-01 10:00,12,10,Weekday,Winter,Yes,49.06,69.12,22.44
2023-12-01 11:00,12,11,Weekday,Winter,Yes,54.29,70.56,38.47
2023-12-01 12:00,12,12,Weekday,Winter,Yes,58.88,71.35,34.68
2023-12-01 13:00,12,13,Weekday,Winter,Yes,62.14,70.87,42.89
2023-12-01 14:00,12,14,Weekday,Winter,Yes,62.96,71.01,42.99
2023-12-01 15:00,12,15,Weekday,Winter,Yes,62.96,71.42,46.35
2023-12-01 16:00,12,16,Weekday,Winter,Yes,60.65,69.7,36.14
2023-12-01 17:00,12,17,Weekday,Winter,Yes,56.06,69.17,39.47
2023-12-01 18:00,12,18,Weekday,Winter,No,51.65,70.28,31.24
2023-12-01 19:00,12,19,Weekday,Winter,No,48.22,69.46,14.39
2023-12-01 20:00,12,20,Weekday,Winter,No,44.1,69.67,27.8
2023-12-01 21:00,12,21,Weekday,Winter,No,39.66,69.38,16.56
2023-12-01 22:00,12,22,Weekday,Winter,No,37.94,68.14,8.53
2023-12-01 23:00,12,23,Weekday,Winter,No,36.26,68.42,0.15
2023-12-02 00:00,12,0,Weekend,Winter,No,35.06,67.77,3.88
2023-12-02 01:00,12,1,Weekend,Winter,No,34.43,68.29,3.49
2023-12-02 02:00,12,2,Weekend,Winter,No,32.83,67.66,2.55
2023-12-02 03:00,12,3,Weekend,Winter,No,32.0,67.64,4.68
2023-12-02 04:00,12,4,Weekend,Winter,No,31.37,67.51,0.71
2023-12-02 05:00,12,5,Weekend,Winter,No,31.55,67.28,0.0
2023-12-02 06:00,12,6,Weekend,Winter,No,30.84,67.32,0.0
2023-12-02 07:00,12,7,Weekend,Winter,No,31.8,67.3,4.7
2023-12-02 08:00,12,8,Weekend,Winter,No,37.7,68.02,4.99
2023-12-02 09:00,12,9,Weekend,Winter,No,45.1,69.74,8.56
2023-12-02 10:00,12,10,Weekend,Winter,No,50.96,70.8,31.49
2023-12-02 11:00,12,11,Weekend,Winter,No,55.9,70.03,36.06
2023-12-02 12:00,12,12,Weekend,Winter,No,60.34,71.29,34.9
2023-12-02 13:00,12,13,Weekend,Winter,No,63.22,72.39,41.19
2023-12-02 14:00,12,14,Weekend,Winter,No,65.19,71.99,29.2
2023-12-02 15:00,12,15,Weekend,Winter,No,65.39,72.3,43.0
2023-12-02 16:00,12,16,Weekend,Winter,No,62.63,71.64,31.64
2023-12-02 17:00,12,17,Weekend,Winter,No,58.04,71.78,31.13
2023-12-02 18:00,12,18,Weekend,Winter,No,54.26,70.64,29.39
2023-12-02 19:00,12,19,Weekend,Winter,No,53.06,71.71,20.34
2023-12-02 20:00,12,20,Weekend,Winter,No,49.49,70.49,33.11
2023-12-02 21:00,12,21,Weekend,Winter,No,45.26,69.94,10.8
2023-12-02 22:00,12,22,Weekend,Winter,No,42.28,69.08,2.4
2023-12-02 23:00,12,23,Weekend,Winter,No,39.84,68.25,3.91
2023-12-03 00:00,12,0,Weekend,Winter,No,38.39,68.28,4.94
2023-12-03 01:00,12,1,Weekend,Winter,No,36.26,68.02,3.96
2023-12-03 02:00,12,2,Weekend,Winter,No,35.06,68.17,1.56
2023-12-03 03:00,12,3,Weekend,Winter,No,35.06,67.42,10.91
2023-12-03 04:00,12,4,Weekend,Winter,No,36.22,67.4,6.6
2023-12-03 05:00,12,5,Weekend,Winter,No,37.56,68.09,2.61
2023-12-03 06:00,12,6,Weekend,Winter,No,35.63,68.43,0.0
2023-12-03 07:00,12,7,Weekend,Winter,No,36.29,68.72,12.14
2023-12-03 08:00,12,8,Weekend,Winter,No,42.04,68.77,7.55
2023-12-03 09:00,12,9,Weekend,Winter,No,48.53,69.6,11.74
2023-12-03 10:00,12,10,Weekend,Winter,No,55.7,70.18,38.39
2023-12-03 11:00,12,11,Weekend,Winter,No,61.31,72.38,43.39
2023-12-03 12:00,12,12,Weekend,Winter,No,65.27,70.99,38.66
2023-12-03 13:00,12,13,Weekend,Winter,No,67.55,72.37,45.29
2023-12-03 14:00,12,14,Weekend,Winter,No,67.37,73.34,39.05
2023-12-03 15:00,12,15,Weekend,Winter,No,66.92,72.28,45.95
2023-12-03 16:00,12,16,Weekend,Winter,No,65.24,72.08,47.57
2023-12-03 17:00,12,17,Weekend,Winter,No,60.47,70.91,38.01
2023-12-03 18:00,12,18,Weekend,Winter,No,57.4,71.14,41.73
2023-12-03 19:00,12,19,Weekend,Winter,No,55.24,70.14,26.17
2023-12-03 20:00,12,20,Weekend,Winter,No,53.96,70.54,28.7
2023-12-03 21:00,12,21,Weekend,Winter,No,51.65,69.06,9.0
2023-12-03 22:00,12,22,Weekend,Winter,No,49.37,69.19,22.22
2023-12-03 23:00,12,23,Weekend,Winter,No,48.4,70.13,13.03
2023-12-04 00:00,12,0,Weekday,Winter,No,47.39,68.68,8.37
2023-12-04 01:00,12,1,Weekday,Winter,No,46.94,69.44,13.45
2023-12-04 02:00,12,2,Weekday,Winter,No,45.78,68.05,12.72
2023-12-04 03:00,12,3,Weekday,Winter,No,43.8,69.47,7.44
2023-12-04 04:00,12,4,Weekday,Winter,No,44.76,69.39,8.83
2023-12-04 05:00,12,5,Weekday,Winter,No,47.2,69.53,19.08
2023-12-04 06:00,12,6,Weekday,Winter,No,49.18,69.66,11.81
2023-12-04 07:00,12,7,Weekday,Winter,No,49.37,69.39,20.55
2023-12-04 08:00,12,8,Weekday,Winter,Yes,50.18,68.93,12.75
2023-12-04 09:00,12,9,Weekday,Winter,Yes,48.66,68.86,10.31
2023-12-04 10:00,12,10,Weekday,Winter,Yes,46.42,68.63,29.02
2023-12-04 11:00,12,11,Weekday,Winter,Yes,46.04,69.36,31.99
2023-12-04 12:00,12,12,Weekday,Winter,Yes,46.04,69.04,33.5
2023-12-04 13:00,12,13,Weekday,Winter,Yes,47.72,68.75,15.73
2023-12-04 14:00,12,14,Weekday,Winter,Yes,48.92,69.22,25.82
2023-12-04 15:00,12,15,Weekday,Winter,Yes,47.24,69.17,27.16
2023-12-04 16:00,12,16,Weekday,Winter,Yes,45.41,68.31,23.21
2023-12-04 17:00,12,17,Weekday,Winter,Yes,44.44,68.27,19.07
2023-12-04 18:00,12,18,Weekday,Winter,No,44.58,69.13,29.46
2023-12-04 19:00,12,19,Weekday,Winter,No,45.59,69.42,27.93
2023-12-04 20:00,12,20,Weekday,Winter,No,46.04,69.86,31.12
2023-12-04 21:00,12,21,Weekday,Winter,No,46.56,69.82,11.12
2023-12-04 22:00,12,22,Weekday,Winter,No,45.78,68.88,12.94
2023-12-04 23:00,12,23,Weekday,Winter,No,44.44,68.6,6.77
2023-12-05 00:00,12,0,Weekday,Winter,No,42.9,68.65,15.87
2023-12-05 01:00,12,1,Weekday,Winter,No,42.08,69.53,13.89
2023-12-05 02:00,12,2,Weekday,Winter,No,41.45,68.65,14.1
2023-12-05 03:00,12,3,Weekday,Winter,No,41.0,69.48,7.24
2023-12-05 04:00,12,4,Weekday,Winter,No,40.37,67.71,4.07
2023-12-05 05:00,12,5,Weekday,Winter,No,39.92,68.52,9.28
2023-12-05 06:00,12,6,Weekday,Winter,No,40.55,67.67,5.94
2023-12-05 07:00,12,7,Weekday,Winter,No,42.78,68.61,2.41
2023-12-05 08:00,12,8,Weekday,Winter,Yes,44.58,68.75,7.08
2023-12-05 09:00,12,9,Weekday,Winter,Yes,47.27,68.63,7.82
2023-12-05 10:00,12,10,Weekday,Winter,Yes,50.18,69.73,23.22
2023-12-05 11:00,12,11,Weekday,Winter,Yes,52.24,69.19,31.73
2023-12-05 12:00,12,12,Weekday,Winter,Yes,53.58,69.65,37.98
2023-12-05 13:00,12,13,Weekday,Winter,Yes,54.59,69.82,32.23
2023-12-05 14:00,12,14,Weekday,Winter,Yes,55.57,70.72,31.05
2023-12-05 15:00,12,15,Weekday,Winter,Yes,55.94,70.65,40.43
2023-12-05 16:00,12,16,Weekday,Winter,Yes,55.42,70.71,30.32
2023-12-05 17:00,12,17,Weekday,Winter,Yes,53.88,69.34,30.51
2023-12-05 18:00,12,18,Weekday,Winter,No,53.58,70.41,43.79
2023-12-05 19:00,12,19,Weekday,Winter,No,53.43,70.49,31.68
2023-12-05 20:00,12,20,Weekday,Winter,No,53.06,70.38,26.83
2023-12-05 21:00,12,21,Weekday,Winter,No,53.58,70.3,9.0
2023-12-05 22:00,12,22,Weekday,Winter,No,52.8,70.66,17.09
2023-12-05 23:00,12,23,Weekday,Winter,No,49.04,69.09,13.37
2023-12-06 00:00,12,0,Weekday,Winter,No,44.1,68.31,11.37
2023-12-06 01:00,12,1,Weekday,Winter,No,41.45,69.0,0.0
2023-12-06 02:00,12,2,Weekday,Winter,No,41.63,69.06,0.0
2023-12-06 03:00,12,3,Weekday,Winter,No,42.08,69.17,3.46
2023-12-06 04:00,12,4,Weekday,Winter,No,40.82,68.65,7.7
2023-12-06 05:00,12,5,Weekday,Winter,No,40.55,69.04,2.02
2023-12-06 06:00,12,6,Weekday,Winter,No,41.63,69.07,2.07
2023-12-06 07:00,12,7,Weekday,Winter,No,42.6,69.27,7.65
2023-12-06 08:00,12,8,Weekday,Winter,Yes,42.98,67.72,0.0
2023-12-06 09:00,12,9,Weekday,Winter,Yes,44.76,68.27,5.88
2023-12-06 10:00,12,10,Weekday,Winter,Yes,46.04,68.13,27.18
2023-12-06 11:00,12,11,Weekday,Winter,Yes,46.56,69.32,20.51
2023-12-06 12:00,12,12,Weekday,Winter,Yes,47.57,68.73,32.01
2023-12-06 13:00,12,13,Weekday,Winter,Yes,48.54,69.21,38.7
2023-12-06 14:00,12,14,Weekday,Winter,Yes,49.55,68.86,25.47
2023-12-06 15:00,12,15,Weekday,Winter,Yes,50.0,68.76,26.21
2023-12-06 16:00,12,16,Weekday,Winter,Yes,50.0,69.22,21.7
2023-12-06 17:00,12,17,Weekday,Winter,Yes,49.37,67.94,25.08
2023-12-06 18:00,12,18,Weekday,Winter,No,47.76,69.27,29.94
2023-12-06 19:00,12,19,Weekday,Winter,No,45.78,69.57,25.84
2023-12-06 20:00,12,20,Weekday,Winter,No,44.44,69.49,27.03
2023-12-06 21:00,12,21,Weekday,Winter,No,43.43,68.34,8.5
2023-12-06 22:00,12,22,Weekday,Winter,No,42.46,68.91,5.24
2023-12-06 23:00,12,23,Weekday,Winter,No,41.45,69.1,8.98
2023-12-07 00:00,12,0,Weekday,Winter,No,41.0,68.87,7.68
2023-12-07 01:00,12,1,Weekday,Winter,No,39.84,68.36,4.68
2023-12-07 02:00,12,2,Weekday,Winter,No,37.86,67.96,2.06
2023-12-07 03:00,12,3,Weekday,Winter,No,37.04,67.74,9.1
2023-12-07 04:00,12,4,Weekday,Winter,No,37.04,68.85,12.78
2023-12-07 05:00,12,5,Weekday,Winter,No,36.41,68.51,4.34
2023-12-07 06:00,12,6,Weekday,Winter,No,35.96,66.93,0.0
2023-12-07 07:00,12,7,Weekday,Winter,No,37.12,67.88,6.44
2023-12-07 08:00,12,8,Weekday,Winter,Yes,39.72,67.61,4.66
2023-12-07 09:00,12,9,Weekday,Winter,Yes,43.31,68.78,9.66
2023-12-07 10:00,12,10,Weekday,Winter,Yes,49.68,69.67,35.71
2023-12-07 11:00,12,11,Weekday,Winter,Yes,54.22,69.19,30.54
2023-12-07 12:00,12,12,Weekday,Winter,Yes,55.57,70.07,36.1
2023-12-07 13:00,12,13,Weekday,Winter,Yes,56.57,70.96,33.44
2023-12-07 14:00,12,14,Weekday,Winter,Yes,57.02,70.21,25.94
2023-12-07 15:00,12,15,Weekday,Winter,Yes,57.02,70.83,33.1
2023-12-07 16:00,12,16,Weekday,Winter,Yes,55.86,70.09,29.93
2023-12-07 17:00,12,17,Weekday,Winter,Yes,53.88,69.37,38.48
2023-12-07 18:00,12,18,Weekday,Winter,No,51.9,70.52,36.34
2023-12-07 19:00,12,19,Weekday,Winter,No,49.82,70.26,23.92
2023-12-07 20:00,12,20,Weekday,Winter,No,47.24,69.99,22.9
2023-12-07 21:00,12,21,Weekday,Winter,No,44.89,68.41,11.73
2023-12-07 22:00,12,22,Weekday,Winter,No,43.43,69.13,7.47
2023-12-07 23:00,12,23,Weekday,Winter,No,41.82,68.89,1.21
2023-12-08 00:00,12,0,Weekday,Winter,No,41.0,69.14,6.9
2023-12-08 01:00,12,1,Weekday,Winter,No,40.37,68.04,5.63
2023-12-08 02:00,12,2,Weekday,Winter,No,39.4,68.53,3.46
2023-12-08 03:00,12,3,Weekday,Winter,No,38.39,68.53,1.28
2023-12-08 04:00,12,4,Weekday,Winter,No,37.94,68.26,7.56
2023-12-08 05:00,12,5,Weekday,Winter,No,37.94,67.92,1.89
2023-12-08 06:00,12,6,Weekday,Winter,No,37.94,67.26,9.49
2023-12-08 07:00,12,7,Weekday,Winter,No,39.1,67.71,6.21
2023-12-08 08:00,12,8,Weekday,Winter,Yes,42.86,68.32,5.47
2023-12-08 09:00,12,9,Weekday,Winter,Yes,47.27,68.81,14.06
2023-12-08 10:00,12,10,Weekday,Winter,Yes,50.7,69.28,23.44
2023-12-08 11:00,12,11,Weekday,Winter,Yes,53.76,69.18,35.98
2023-12-08 12:00,12,12,Weekday,Winter,Yes,56.72,69.95,29.28
2023-12-08 13:00,12,13,Weekday,Winter,Yes,58.55,70.6,36.84
2023-12-08 14:00,12,14,Weekday,Winter,Yes,59.0,70.2,31.05
2023-12-08 15:00,12,15,Weekday,Winter,Yes,59.63,71.41,41.34
2023-12-08 16:00,12,16,Weekday,Winter,Yes,58.82,69.93,36.89
2023-12-08 17:00,12,17,Weekday,Winter,Yes,56.76,69.74,40.54
2023-12-08 18:00,12,18,Weekday,Winter,No,54.26,70.26,35.85
2023-12-08 19:00,12,19,Weekday,Winter,No,52.43,69.89,36.74
2023-12-08 20:00,12,20,Weekday,Winter,No,49.67,69.94,29.41
2023-12-08 21:00,12,21,Weekday,Winter,No,46.86,68.96,6.89
2023-12-08 22:00,12,22,Weekday,Winter,No,46.04,68.34,8.19
2023-12-08 23:00,12,23,Weekday,Winter,No,44.89,69.57,11.12
2023-12-09 00:00,12,0,Weekend,Winter,No,43.43,68.73,10.22
2023-12-09 01:00,12,1,Weekend,Winter,No,42.46,69.14,3.47
2023-12-09 02:00,12,2,Weekend,Winter,No,41.45,69.07,4.18
2023-12-09 03:00,12,3,Weekend,Winter,No,41.0,69.8,9.8
2023-12-09 04:00,12,4,Weekend,Winter,No,39.84,68.53,4.96
2023-12-09 05:00,12,5,Weekend,Winter,No,39.02,68.53,2.64
2023-12-09 06:00,12,6,Weekend,Winter,No,39.02,68.56,10.91
2023-12-09 07:00,12,7,Weekend,Winter,No,39.54,68.09,0.43
2023-12-09 08:00,12,8,Weekend,Winter,No,41.7,67.85,8.35
2023-12-09 09:00,12,9,Weekend,Winter,No,45.92,69.57,8.18
2023-12-09 10:00,12,10,Weekend,Winter,No,50.96,70.15,23.14
2023-12-09 11:00,12,11,Weekend,Winter,No,55.37,70.41,38.06
2023-12-09 12:00,12,12,Weekend,Winter,No,58.18,71.62,29.84
2023-12-09 13:00,12,13,Weekend,Winter,No,60.16,71.88,32.18
2023-12-09 14:00,12,14,Weekend,Winter,No,61.61,71.61,32.92
2023-12-09 15:00,12,15,Weekend,Winter,No,62.58,72.09,32.78
2023-12-09 16:00,12,16,Weekend,Winter,No,61.28,71.2,38.32
2023-12-09 17:00,12,17,Weekend,Winter,No,57.66,70.35,45.19
2023-12-09 18:00,12,18,Weekend,Winter,No,54.26,70.62,33.64
2023-12-09 19:00,12,19,Weekend,Winter,No,51.9,70.18,20.45
2023-12-09 20:00,12,20,Weekend,Winter,No,51.08,69.66,28.44
2023-12-09 21:00,12,21,Weekend,Winter,No,49.82,69.36,12.59
2023-12-09 22:00,12,22,Weekend,Winter,No,47.24,69.27,18.94
2023-12-09 23:00,12,23,Weekend,Winter,No,46.04,69.96,7.63
2023-12-10 00:00,12,0,Weekend,Winter,No,44.26,69.53,0.0
2023-12-10 01:00,12,1,Weekend,Winter,No,42.46,69.34,14.93
2023-12-10 02:00,12,2,Weekend,Winter,No,42.6,69.08,11.19
2023-12-10 03:00,12,3,Weekend,Winter,No,42.46,69.07,18.04
2023-12-10 04:00,12,4,Weekend,Winter,No,42.08,69.22,11.17
2023-12-10 05:00,12,5,Weekend,Winter,No,42.08,69.22,9.43
2023-12-10 06:00,12,6,Weekend,Winter,No,42.6,69.5,10.45
2023-12-10 07:00,12,7,Weekend,Winter,No,42.98,69.56,2.98
2023-12-10 08:00,12,8,Weekend,Winter,No,44.14,69.95,9.62
2023-12-10 09:00,12,9,Weekend,Winter,No,49.06,70.1,15.61
2023-12-10 10:00,12,10,Weekend,Winter,No,55.44,71.22,40.82
2023-12-10 11:00,12,11,Weekend,Winter,No,63.17,72.09,39.93
2023-12-10 12:00,12,12,Weekend,Winter,No,68.18,72.27,47.24
2023-12-10 13:00,12,13,Weekend,Winter,No,72.54,72.26,56.78
2023-12-10 14:00,12,14,Weekend,Winter,No,75.54,73.94,51.34
2023-12-10 15:00,12,15,Weekend,Winter,No,74.24,73.69,45.28
2023-12-10 16:00,12,16,Weekend,Winter,No,71.88,73.99,46.39
2023-12-10 17:00,12,17,Weekend,Winter,No,68.12,72.36,55.95
2023-12-10 18:00,12,18,Weekend,Winter,No,63.71,72.43,47.37
2023-12-10 19:00,12,19,Weekend,Winter,No,60.9,71.48,38.54
2023-12-10 20:00,12,20,Weekend,Winter,No,60.08,70.92,32.83
2023-12-10 21:00,12,21,Weekend,Winter,No,60.6,71.71,18.82
2023-12-10 22:00,12,22,Weekend,Winter,No,61.61,71.63,23.72
2023-12-10 23:00,12,23,Weekend,Winter,No,60.28,70.59,22.94
2023-12-11 00:00,12,0,Weekday,Winter,No,60.78,71.34,28.43
2023-12-11 01:00,12,1,Weekday,Winter,No,61.43,72.19,16.74
2023-12-11 02:00,12,2,Weekday,Winter,No,59.82,72.2,27.92
2023-12-11 03:00,12,3,Weekday,Winter,No,58.37,70.94,30.06
2023-12-11 04:00,12,4,Weekday,Winter,No,56.76,71.63,19.94
2023-12-11 05:00,12,5,Weekday,Winter,No,53.63,70.87,21.57
2023-12-11 06:00,12,6,Weekday,Winter,No,50.82,70.73,14.61
2023-12-11 07:00,12,7,Weekday,Winter,No,50.0,70.26,4.59
2023-12-11 08:00,12,8,Weekday,Winter,Yes,53.46,69.35,13.54
2023-12-11 09:00,12,9,Weekday,Winter,Yes,59.51,70.11,21.69
2023-12-11 10:00,12,10,Weekday,Winter,Yes,64.9,71.59,37.41
2023-12-11 11:00,12,11,Weekday,Winter,Yes,69.34,72.13,42.63
2023-12-11 12:00,12,12,Weekday,Winter,Yes,72.74,72.63,46.32
2023-12-11 13:00,12,13,Weekday,Winter,Yes,75.72,72.86,52.95
2023-12-11 14:00,12,14,Weekday,Winter,Yes,77.63,72.64,54.47
2023-12-11 15:00,12,15,Weekday,Winter,Yes,78.6,73.41,50.31
2023-12-11 16:00,12,16,Weekday,Winter,Yes,77.82,73.07,55.97
2023-12-11 17:00,12,17,Weekday,Winter,Yes,71.75,72.25,43.65
2023-12-11 18:00,12,18,Weekday,Winter,No,65.69,71.49,33.94
2023-12-11 19:00,12,19,Weekday,Winter,No,61.1,71.56,43.24
2023-12-11 20:00,12,20,Weekday,Winter,No,57.22,70.53,35.09
2023-12-11 21:00,12,21,Weekday,Winter,No,54.26,70.11,20.11
2023-12-11 22:00,12,22,Weekday,Winter,No,51.9,71.3,10.86
2023-12-11 23:00,12,23,Weekday,Winter,No,51.08,70.56,16.74
2023-12-12 00:00,12,0,Weekday,Winter,No,50.45,69.83,14.07
2023-12-12 01:00,12,1,Weekday,Winter,No,50.0,70.25,19.04
2023-12-12 02:00,12,2,Weekday,Winter,No,50.0,69.9,13.18
2023-12-12 03:00,12,3,Weekday,Winter,No,49.37,70.09,12.07
2023-12-12 04:00,12,4,Weekday,Winter,No,48.4,70.06,10.01
2023-12-12 05:00,12,5,Weekday,Winter,No,48.02,69.88,6.56
2023-12-12 06:00,12,6,Weekday,Winter,No,47.39,69.95,15.64
2023-12-12 07:00,12,7,Weekday,Winter,No,48.1,69.93,13.66
2023-12-12 08:00,12,8,Weekday,Winter,Yes,52.49,68.98,15.27
2023-12-12 09:00,12,9,Weekday,Winter,Yes,59.66,69.38,23.47
2023-12-12 10:00,12,10,Weekday,Winter,Yes,66.53,71.11,42.17
2023-12-12 11:00,12,11,Weekday,Winter,Yes,70.76,71.37,47.18
2023-12-12 12:00,12,12,Weekday,Winter,Yes,74.27,72.12,46.1
2023-12-12 13:00,12,13,Weekday,Winter,Yes,76.55,73.07,49.3
2023-12-12 14:00,12,14,Weekday,Winter,Yes,78.16,72.74,46.79
2023-12-12 15:00,12,15,Weekday,Winter,Yes,78.46,73.27,55.71
2023-12-12 16:00,12,16,Weekday,Winter,Yes,76.82,72.8,60.78
2023-12-12 17:00,12,17,Weekday,Winter,Yes,73.08,72.57,61.4
2023-12-12 18:00,12,18,Weekday,Winter,No,68.12,72.58,53.97
2023-12-12 19:00,12,19,Weekday,Winter,No,62.55,72.53,38.63
2023-12-12 20:00,12,20,Weekday,Winter,No,56.51,69.68,42.55
2023-12-12 21:00,12,21,Weekday,Winter,No,52.8,69.55,18.97
2023-12-12 22:00,12,22,Weekday,Winter,No,52.61,70.57,16.29
2023-12-12 23:00,12,23,Weekday,Winter,No,53.58,70.75,21.84
2023-12-13 00:00,12,0,Weekday,Winter,No,52.28,69.84,11.78
2023-12-13 01:00,12,1,Weekday,Winter,No,51.6,70.59,15.44
2023-12-13 02:00,12,2,Weekday,Winter,No,52.61,70.62,10.52
2023-12-13 03:00,12,3,Weekday,Winter,No,50.64,68.89,11.57
2023-12-13 04:00,12,4,Weekday,Winter,No,49.55,69.43,12.04
2023-12-13 05:00,12,5,Weekday,Winter,No,49.37,70.25,12.12
2023-12-13 06:00,12,6,Weekday,Winter,No,47.76,70.68,14.13
2023-12-13 07:00,12,7,Weekday,Winter,No,47.57,70.07,19.54
2023-12-13 08:00,12,8,Weekday,Winter,Yes,51.48,70.19,21.79
2023-12-13 09:00,12,9,Weekday,Winter,Yes,57.53,69.22,15.94
2023-12-13 10:00,12,10,Weekday,Winter,Yes,62.92,71.39,39.23
2023-12-13 11:00,12,11,Weekday,Winter,Yes,67.88,71.21,44.4
2023-12-13 12:00,12,12,Weekday,Winter,Yes,71.76,71.42,54.6
2023-12-13 13:00,12,13,Weekday,Winter,Yes,74.72,73.18,51.17
2023-12-13 14:00,12,14,Weekday,Winter,Yes,76.55,72.09,40.36
2023-12-13 15:00,12,15,Weekday,Winter,Yes,76.37,72.05,52.81
2023-12-13 16:00,12,16,Weekday,Winter,Yes,74.24,72.7,53.43
2023-12-13 17:00,12,17,Weekday,Winter,Yes,70.73,71.75,45.49
2023-12-13 18:00,12,18,Weekday,Winter,No,66.14,72.1,44.0
2023-12-13 19:00,12,19,Weekday,Winter,No,61.73,71.6,39.88
2023-12-13 20:00,12,20,Weekday,Winter,No,58.82,71.16,41.28
2023-12-13 21:00,12,21,Weekday,Winter,No,57.4,71.1,22.14
2023-12-13 22:00,12,22,Weekday,Winter,No,59.33,71.24,20.09
2023-12-13 23:00,12,23,Weekday,Winter,No,60.46,70.28,22.45
2023-12-14 00:00,12,0,Weekday,Winter,No,60.08,71.93,22.23
2023-12-14 01:00,12,1,Weekday,Winter,No,58.3,70.9,15.87
2023-12-14 02:00,12,2,Weekday,Winter,No,57.02,70.55,18.37
2023-12-14 03:00,12,3,Weekday,Winter,No,55.86,70.55,15.05
2023-12-14 04:00,12,4,Weekday,Winter,No,55.04,71.83,14.04
2023-12-14 05:00,12,5,Weekday,Winter,No,54.41,70.72,19.29
2023-12-14 06:00,12,6,Weekday,Winter,No,52.28,70.35,11.46
2023-12-14 07:00,12,7,Weekday,Winter,No,51.6,69.91,9.51
2023-12-14 08:00,12,8,Weekday,Winter,Yes,54.92,69.83,11.2
2023-12-14 09:00,12,9,Weekday,Winter,Yes,58.18,70.65,22.81
2023-12-14 10:00,12,10,Weekday,Winter,Yes,59.63,69.16,40.95
2023-12-14 11:00,12,11,Weekday,Winter,Yes,61.76,70.87,29.3
2023-12-14 12:00,12,12,Weekday,Winter,Yes,63.59,71.01,34.38
2023-12-14 13:00,12,13,Weekday,Winter,Yes,65.19,71.86,39.79
2023-12-14 14:00,12,14,Weekday,Winter,Yes,66.02,70.4,46.9
2023-12-14 15:00,12,15,Weekday,Winter,Yes,65.39,71.53,41.18
2023-12-14 16:00,12,16,Weekday,Winter,Yes,64.41,70.85,35.81
2023-12-14 17:00,12,17,Weekday,Winter,Yes,62.26,70.63,36.29
2023-12-14 18:00,12,18,Weekday,Winter,No,59.2,71.21,41.2
2023-12-14 19:00,12,19,Weekday,Winter,No,57.4,71.2,34.65
2023-12-14 20:00,12,20,Weekday,Winter,No,55.86,71.2,31.91
2023-12-14 21:00,12,21,Weekday,Winter,No,55.04,70.35,27.01
2023-12-14 22:00,12,22,Weekday,Winter,No,53.88,70.66,19.14
2023-12-14 23:00,12,23,Weekday,Winter,No,53.58,70.72,22.49
2023-12-15 00:00,12,0,Weekday,Winter,No,53.96,70.67,11.71
2023-12-15 01:00,12,1,Weekday,Winter,No,52.8,70.16,12.92
2023-12-15 02:00,12,2,Weekday,Winter,No,51.98,70.54,14.27
2023-12-15 03:00,12,3,Weekday,Winter,No,50.82,69.55,22.14
2023-12-15 04:00,12,4,Weekday,Winter,No,50.0,69.3,10.88
2023-12-15 05:00,12,5,Weekday,Winter,No,48.84,70.39,9.29
2023-12-15 06:00,12,6,Weekday,Winter,No,47.39,69.97,13.26
2023-12-15 07:00,12,7,Weekday,Winter,No,46.94,69.16,11.89
2023-12-15 08:00,12,8,Weekday,Winter,Yes,49.88,68.75,13.52
2023-12-15 09:00,12,9,Weekday,Winter,Yes,54.92,69.34,20.38
2023-12-15 10:00,12,10,Weekday,Winter,Yes,57.02,70.62,35.01
2023-12-15 11:00,12,11,Weekday,Winter,Yes,59.96,70.24,43.92
2023-12-15 12:00,12,12,Weekday,Winter,Yes,63.74,71.65,45.43
2023-12-15 13:00,12,13,Weekday,Winter,Yes,65.57,71.37,42.46
2023-12-15 14:00,12,14,Weekday,Winter,Yes,66.54,71.79,46.69
2023-12-15 15:00,12,15,Weekday,Winter,Yes,66.92,71.54,39.98
2023-12-15 16:00,12,16,Weekday,Winter,Yes,65.24,71.65,46.85
2023-12-15 17:00,12,17,Weekday,Winter,Yes,61.73,70.17,34.06
2023-12-15 18:00,12,18,Weekday,Winter,No,58.3,71.32,50.39
2023-12-15 19:00,12,19,Weekday,Winter,No,54.08,71.55,24.34
2023-12-15 20:00,12,20,Weekday,Winter,No,50.82,70.21,31.67
2023-12-15 21:00,12,21,Weekday,Winter,No,48.84,68.91,10.38
2023-12-15 22:00,12,22,Weekday,Winter,No,48.02,69.58,8.45
2023-12-15 23:00,12,23,Weekday,Winter,No,45.71,70.31,7.69
2023-12-16 00:00,12,0,Weekend,Winter,No,42.9,69.12,15.35
2023-12-16 01:00,12,1,Weekend,Winter,No,42.08,69.5,4.7
2023-12-16 02:00,12,2,Weekend,Winter,No,40.82,68.66,10.94
2023-12-16 03:00,12,3,Weekend,Winter,No,38.24,67.85,0.0
2023-12-16 04:00,12,4,Weekend,Winter,No,37.04,67.28,2.21
2023-12-16 05:00,12,5,Weekend,Winter,No,37.56,68.98,0.51
2023-12-16 06:00,12,6,Weekend,Winter,No,37.42,68.41,2.06
2023-12-16 07:00,12,7,Weekend,Winter,No,37.04,67.48,0.0
2023-12-16 08:00,12,8,Weekend,Winter,No,42.29,69.06,13.52
2023-12-16 09:00,12,9,Weekend,Winter,No,48.98,70.06,14.4
2023-12-16 10:00,12,10,Weekend,Winter,No,52.76,71.27,32.67
2023-12-16 11:00,12,11,Weekend,Winter,No,58.06,70.72,32.85
2023-12-16 12:00,12,12,Weekend,Winter,No,60.98,71.69,44.78
2023-12-16 13:00,12,13,Weekend,Winter,No,62.14,71.29,51.46
2023-12-16 14:00,12,14,Weekend,Winter,No,64.11,72.11,46.13
2023-12-16 15:00,12,15,Weekend,Winter,No,64.41,70.69,39.72
2023-12-16 16:00,12,16,Weekend,Winter,No,62.26,72.72,43.14
2023-12-16 17:00,12,17,Weekend,Winter,No,59.82,70.89,42.98
2023-12-16 18:00,12,18,Weekend,Winter,No,57.85,71.31,37.65
2023-12-16 19:00,12,19,Weekend,Winter,No,55.86,71.31,27.43
2023-12-16 20:00,12,20,Weekend,Winter,No,54.41,70.57,31.13
2023-12-16 21:00,12,21,Weekend,Winter,No,54.59,70.75,20.92
2023-12-16 22:00,12,22,Weekend,Winter,No,55.04,71.02,16.96
2023-12-16 23:00,12,23,Weekend,Winter,No,54.41,70.57,10.65
2023-12-17 00:00,12,0,Weekend,Winter,No,53.96,69.48,10.99
2023-12-17 01:00,12,1,Weekend,Winter,No,53.43,70.75,18.75
2023-12-17 02:00,12,2,Weekend,Winter,No,52.43,70.09,7.45
2023-12-17 03:00,12,3,Weekend,Winter,No,51.46,69.85,13.99
2023-12-17 04:00,12,4,Weekend,Winter,No,51.6,69.38,16.47
2023-12-17 05:00,12,5,Weekend,Winter,No,51.46,69.95,12.02
2023-12-17 06:00,12,6,Weekend,Winter,No,50.45,70.45,17.69
2023-12-17 07:00,12,7,Weekend,Winter,No,50.63,69.9,25.8
2023-12-17 08:00,12,8,Weekend,Winter,No,52.76,69.72,15.25
2023-12-17 09:00,12,9,Weekend,Winter,No,55.12,70.73,19.09
2023-12-17 10:00,12,10,Weekend,Winter,No,56.57,70.96,26.77
2023-12-17 11:00,12,11,Weekend,Winter,No,58.18,70.97,36.92
2023-12-17 12:00,12,12,Weekend,Winter,No,60.16,71.08,42.48
2023-12-17 13:00,12,13,Weekend,Winter,No,61.61,71.18,31.27
2023-12-17 14:00,12,14,Weekend,Winter,No,62.06,71.28,39.34
2023-12-17 15:00,12,15,Weekend,Winter,No,62.58,71.64,42.3
2023-12-17 16:00,12,16,Weekend,Winter,No,61.8,70.97,33.24
2023-12-17 17:00,12,17,Weekend,Winter,No,59.2,71.18,44.94
2023-12-17 18:00,12,18,Weekend,Winter,No,56.24,71.16,32.79
2023-12-17 19:00,12,19,Weekend,Winter,No,55.04,70.8,33.64
2023-12-17 20:00,12,20,Weekend,Winter,No,52.1,69.79,30.11
2023-12-17 21:00,12,21,Weekend,Winter,No,49.37,69.7,14.14
2023-12-17 22:00,12,22,Weekend,Winter,No,48.92,68.38,8.7
2023-12-17 23:00,12,23,Weekend,Winter,No,48.4,69.99,14.69
2023-12-18 00:00,12,0,Weekday,Winter,No,48.02,69.48,4.72
2023-12-18 01:00,12,1,Weekday,Winter,No,44.56,69.57,18.08
2023-12-18 02:00,12,2,Weekday,Winter,No,43.24,69.44,6.16
2023-12-18 03:00,12,3,Weekday,Winter,No,42.28,68.84,11.74
2023-12-18 04:00,12,4,Weekday,Winter,No,40.37,68.39,7.32
2023-12-18 05:00,12,5,Weekday,Winter,No,40.55,68.99,9.96
2023-12-18 06:00,12,6,Weekday,Winter,No,42.16,69.24,7.12
2023-12-18 07:00,12,7,Weekday,Winter,No,45.29,69.83,4.74
2023-12-18 08:00,12,8,Weekday,Winter,Yes,50.51,69.27,8.64
2023-12-18 09:00,12,9,Weekday,Winter,Yes,54.74,70.2,27.37
2023-12-18 10:00,12,10,Weekday,Winter,Yes,57.1,70.47,41.51
2023-12-18 11:00,12,11,Weekday,Winter,Yes,60.34,70.14,47.53
2023-12-18 12:00,12,12,Weekday,Winter,Yes,63.22,70.63,35.56
2023-12-18 13:00,12,13,Weekday,Winter,Yes,64.56,70.65,37.56
2023-12-18 14:00,12,14,Weekday,Winter,Yes,66.1,71.28,43.63
2023-12-18 15:00,12,15,Weekday,Winter,Yes,66.92,71.02,32.84
2023-12-18 16:00,12,16,Weekday,Winter,Yes,65.76,71.07,46.2
2023-12-18 17:00,12,17,Weekday,Winter,Yes,62.1,70.44,36.6
2023-12-18 18:00,12,18,Weekday,Winter,No,57.66,71.37,35.51
2023-12-18 19:00,12,19,Weekday,Winter,No,57.72,71.14,35.49
2023-12-18 20:00,12,20,Weekday,Winter,No,57.85,71.3,30.03
2023-12-18 21:00,12,21,Weekday,Winter,No,56.39,70.77,23.26
2023-12-18 22:00,12,22,Weekday,Winter,No,55.42,70.02,22.6
2023-12-18 23:00,12,23,Weekday,Winter,No,55.57,70.97,15.48
2023-12-19 00:00,12,0,Weekday,Winter,No,55.42,70.52,18.56
2023-12-19 01:00,12,1,Weekday,Winter,No,53.26,70.25,9.61
2023-12-19 02:00,12,2,Weekday,Winter,No,48.52,70.22,10.77
2023-12-19 03:00,12,3,Weekday,Winter,No,45.41,68.43,11.76
2023-12-19 04:00,12,4,Weekday,Winter,No,45.59,70.73,19.61
2023-12-19 05:00,12,5,Weekday,Winter,No,47.2,69.77,14.44
2023-12-19 06:00,12,6,Weekday,Winter,No,47.39,68.52,8.97
2023-12-19 07:00,12,7,Weekday,Winter,No,48.1,69.41,17.96
2023-12-19 08:00,12,8,Weekday,Winter,Yes,50.7,70.34,10.03
2023-12-19 09:00,12,9,Weekday,Winter,Yes,55.44,68.37,12.61
2023-12-19 10:00,12,10,Weekday,Winter,Yes,60.86,71.99,47.1
2023-12-19 11:00,12,11,Weekday,Winter,Yes,64.11,72.25,37.75
2023-12-19 12:00,12,12,Weekday,Winter,Yes,66.72,71.24,43.22
2023-12-19 13:00,12,13,Weekday,Winter,Yes,69.16,72.68,42.5
2023-12-19 14:00,12,14,Weekday,Winter,Yes,70.61,72.04,41.93
2023-12-19 15:00,12,15,Weekday,Winter,Yes,70.43,72.09,46.03
2023-12-19 16:00,12,16,Weekday,Winter,Yes,68.82,71.1,48.48
2023-12-19 17:00,12,17,Weekday,Winter,Yes,65.69,71.33,41.37
2023-12-19 18:00,12,18,Weekday,Winter,No,62.26,72.37,41.75
2023-12-19 19:00,12,19,Weekday,Winter,No,59.2,70.8,28.55
2023-12-19 20:00,12,20,Weekday,Winter,No,56.76,71.09,34.97
2023-12-19 21:00,12,21,Weekday,Winter,No,56.57,70.76,21.73
2023-12-19 22:00,12,22,Weekday,Winter,No,57.02,70.99,14.02
2023-12-19 23:00,12,23,Weekday,Winter,No,52.92,70.11,11.45
2023-12-20 00:00,12,0,Weekday,Winter,No,50.63,70.05,13.3
2023-12-20 01:00,12,1,Weekday,Winter,No,50.45,69.69,13.8
2023-12-20 02:00,12,2,Weekday,Winter,No,50.0,70.4,8.6
2023-12-20 03:00,12,3,Weekday,Winter,No,48.22,70.27,18.16
2023-12-20 04:00,12,4,Weekday,Winter,No,45.78,68.42,10.84
2023-12-20 05:00,12,5,Weekday,Winter,No,46.11,69.04,14.3
2023-12-20 06:00,12,6,Weekday,Winter,No,45.78,69.76,11.49
2023-12-20 07:00,12,7,Weekday,Winter,No,45.59,69.3,9.21
2023-12-20 08:00,12,8,Weekday,Winter,Yes,47.72,68.86,13.93
2023-12-20 09:00,12,9,Weekday,Winter,Yes,53.02,70.35,12.22
2023-12-20 10:00,12,10,Weekday,Winter,Yes,58.36,70.24,38.05
2023-12-20 11:00,12,11,Weekday,Winter,Yes,62.92,69.86,41.2
2023-12-20 12:00,12,12,Weekday,Winter,Yes,66.72,72.26,43.82
2023-12-20 13:00,12,13,Weekday,Winter,Yes,69.16,71.88,52.41
2023-12-20 14:00,12,14,Weekday,Winter,Yes,71.14,72.58,45.68
2023-12-20 15:00,12,15,Weekday,Winter,Yes,71.44,72.1,47.28
2023-12-20 16:00,12,16,Weekday,Winter,Yes,69.9,72.24,37.9
2023-12-20 17:00,12,17,Weekday,Winter,Yes,65.51,70.16,45.01
2023-12-20 18:00,12,18,Weekday,Winter,No,61.8,70.77,42.57
2023-12-20 19:00,12,19,Weekday,Winter,No,57.52,70.58,31.34
2023-12-20 20:00,12,20,Weekday,Winter,No,53.26,70.32,24.3
2023-12-20 21:00,12,21,Weekday,Winter,No,51.46,69.12,8.89
2023-12-20 22:00,12,22,Weekday,Winter,No,50.45,70.43,8.8
2023-12-20 23:00,12,23,Weekday,Winter,No,49.37,69.57,15.58
2023-12-21 00:00,12,0,Weekday,Winter,No,47.76,70.04,13.99
2023-12-21 01:00,12,1,Weekday,Winter,No,46.42,68.93,3.88
2023-12-21 02:00,12,2,Weekday,Winter,No,45.41,69.72,3.22
2023-12-21 03:00,12,3,Weekday,Winter,No,46.11,68.99,11.89
2023-12-21 04:00,12,4,Weekday,Winter,No,46.42,68.68,6.39
2023-12-21 05:00,12,5,Weekday,Winter,No,45.41,69.6,10.01
2023-12-21 06:00,12,6,Weekday,Winter,No,45.59,69.26,8.58
2023-12-21 07:00,12,7,Weekday,Winter,No,47.72,69.81,16.97
2023-12-21 08:00,12,8,Weekday,Winter,Yes,51.34,68.64,15.44
2023-12-21 09:00,12,9,Weekday,Winter,Yes,55.37,69.59,20.52
2023-12-21 10:00,12,10,Weekday,Winter,Yes,58.18,70.38,30.66
2023-12-21 11:00,12,11,Weekday,Winter,Yes,60.78,71.07,41.33
2023-12-21 12:00,12,12,Weekday,Winter,Yes,63.74,70.3,31.25
2023-12-21 13:00,12,13,Weekday,Winter,Yes,64.94,71.27,36.27
2023-12-21 14:00,12,14,Weekday,Winter,Yes,64.94,71.14,33.59
2023-12-21 15:00,12,15,Weekday,Winter,Yes,63.78,71.45,44.56
2023-12-21 16:00,12,16,Weekday,Winter,Yes,62.44,70.96,52.35
2023-12-21 17:00,12,17,Weekday,Winter,Yes,59.12,70.77,29.76
2023-12-21 18:00,12,18,Weekday,Winter,No,55.24,70.27,36.86
2023-12-21 19:00,12,19,Weekday,Winter,No,52.28,69.07,34.75
2023-12-21 20:00,12,20,Weekday,Winter,No,50.45,69.91,26.93
2023-12-21 21:00,12,21,Weekday,Winter,No,48.84,69.59,17.68
2023-12-21 22:00,12,22,Weekday,Winter,No,46.86,69.53,14.05
2023-12-21 23:00,12,23,Weekday,Winter,No,46.04,68.87,12.48
2023-12-22 00:00,12,0,Weekday,Winter,No,44.26,69.22,4.89
2023-12-22 01:00,12,1,Weekday,Winter,No,42.46,69.0,3.32
2023-12-22 02:00,12,2,Weekday,Winter,No,41.45,68.54,9.63
2023-12-22 03:00,12,3,Weekday,Winter,No,41.63,68.53,0.0
2023-12-22 04:00,12,4,Weekday,Winter,No,40.3,68.45,11.55
2023-12-22 05:00,12,5,Weekday,Winter,No,39.02,67.84,2.99
2023-12-22 06:00,12,6,Weekday,Winter,No,38.39,69.41,0.0
2023-12-22 07:00,12,7,Weekday,Winter,No,38.57,68.24,0.0
2023-12-22 08:00,12,8,Weekday,Winter,Yes,41.96,67.74,0.0
2023-12-22 09:00,12,9,Weekday,Winter,Yes,46.37,68.14,16.41
2023-12-22 10:00,12,10,Weekday,Winter,Yes,49.8,69.17,32.23
2023-12-22 11:00,12,11,Weekday,Winter,Yes,51.6,69.74,34.03
2023-12-22 12:00,12,12,Weekday,Winter,Yes,53.14,69.19,32.21
2023-12-22 13:00,12,13,Weekday,Winter,Yes,53.96,70.72,32.59
2023-12-22 14:00,12,14,Weekday,Winter,Yes,54.59,69.7,34.77
2023-12-22 15:00,12,15,Weekday,Winter,Yes,55.57,68.88,33.85
2023-12-22 16:00,12,16,Weekday,Winter,Yes,55.42,69.72,19.0
2023-12-22 17:00,12,17,Weekday,Winter,Yes,53.88,69.15,28.77
2023-12-22 18:00,12,18,Weekday,Winter,No,51.28,70.55,32.96
2023-12-22 19:00,12,19,Weekday,Winter,No,49.37,69.54,33.0
2023-12-22 20:00,12,20,Weekday,Winter,No,47.24,69.47,17.76
2023-12-22 21:00,12,21,Weekday,Winter,No,45.41,69.8,14.82
2023-12-22 22:00,12,22,Weekday,Winter,No,44.96,68.9,6.65
2023-12-22 23:00,12,23,Weekday,Winter,No,44.44,69.01,5.2
2023-12-23 00:00,12,0,Weekend,Winter,No,44.06,69.06,8.84
2023-12-23 01:00,12,1,Weekend,Winter,No,42.28,69.3,0.0
2023-12-23 02:00,12,2,Weekend,Winter,No,40.37,67.9,3.82
2023-12-23 03:00,12,3,Weekend,Winter,No,39.4,68.28,1.52
2023-12-23 04:00,12,4,Weekend,Winter,No,38.39,68.51,0.0
2023-12-23 05:00,12,5,Weekend,Winter,No,36.78,68.36,11.97
2023-12-23 06:00,12,6,Weekend,Winter,No,34.28,68.17,0.0
2023-12-23 07:00,12,7,Weekend,Winter,No,33.08,67.19,6.6
2023-12-23 08:00,12,8,Weekend,Winter,No,35.39,67.97,1.33
2023-12-23 09:00,12,9,Weekend,Winter,No,39.98,68.5,0.0
2023-12-23 10:00,12,10,Weekend,Winter,No,43.76,69.14,15.02
2023-12-23 11:00,12,11,Weekend,Winter,No,47.27,69.75,21.67
2023-12-23 12:00,12,12,Weekend,Winter,No,50.7,71.05,30.84
2023-12-23 13:00,12,13,Weekend,Winter,No,51.98,70.85,35.8
2023-12-23 14:00,12,14,Weekend,Winter,No,52.61,70.53,25.09
2023-12-23 15:00,12,15,Weekend,Winter,No,52.43,69.93,32.61
2023-12-23 16:00,12,16,Weekend,Winter,No,50.82,70.03,26.94
2023-12-23 17:00,12,17,Weekend,Winter,No,48.84,71.25,28.44
2023-12-23 18:00,12,18,Weekend,Winter,No,47.39,70.11,29.07
2023-12-23 19:00,12,19,Weekend,Winter,No,46.42,69.66,35.83
2023-12-23 20:00,12,20,Weekend,Winter,No,44.89,68.82,32.85
2023-12-23 21:00,12,21,Weekend,Winter,No,43.43,69.18,15.14
2023-12-23 22:00,12,22,Weekend,Winter,No,43.61,69.93,5.45
2023-12-23 23:00,12,23,Weekend,Winter,No,43.43,69.1,9.58
2023-12-24 00:00,12,0,Weekend,Winter,No,42.46,68.57,7.14
2023-12-24 01:00,12,1,Weekend,Winter,No,42.08,68.49,3.32
2023-12-24 02:00,12,2,Weekend,Winter,No,41.45,68.92,4.3
2023-12-24 03:00,12,3,Weekend,Winter,No,40.37,69.03,2.69
2023-12-24 04:00,12,4,Weekend,Winter,No,39.4,68.55,8.84
2023-12-24 05:00,12,5,Weekend,Winter,No,39.02,69.09,0.0
2023-12-24 06:00,12,6,Weekend,Winter,No,36.71,68.89,2.59
2023-12-24 07:00,12,7,Weekend,Winter,No,35.58,68.2,1.89
2023-12-24 08:00,12,8,Weekend,Winter,No,38.27,68.15,3.14
2023-12-24 09:00,12,9,Weekend,Winter,No,41.7,68.66,6.7
2023-12-24 10:00,12,10,Weekend,Winter,No,44.76,69.77,22.9
2023-12-24 11:00,12,11,Weekend,Winter,No,47.2,69.65,31.84
2023-12-24 12:00,12,12,Weekend,Winter,No,48.02,68.91,25.78
2023-12-24 13:00,12,13,Weekend,Winter,No,49.18,69.97,32.38
2023-12-24 14:00,12,14,Weekend,Winter,No,50.0,68.87,24.47
2023-12-24 15:00,12,15,Weekend,Winter,No,50.0,70.24,25.43
2023-12-24 16:00,12,16,Weekend,Winter,No,50.0,70.2,28.53
2023-12-24 17:00,12,17,Weekend,Winter,No,48.22,69.68,34.29
2023-12-24 18:00,12,18,Weekend,Winter,No,45.26,68.44,11.1
2023-12-24 19:00,12,19,Weekend,Winter,No,41.64,68.76,20.21
2023-12-24 20:00,12,20,Weekend,Winter,No,40.55,69.44,20.53
2023-12-24 21:00,12,21,Weekend,Winter,No,38.69,67.89,5.48
2023-12-24 22:00,12,22,Weekend,Winter,No,37.04,68.76,4.4
2023-12-24 23:00,12,23,Weekend,Winter,No,35.26,68.79,1.69
2023-12-25 00:00,12,0,Weekday,Winter,No,35.76,67.58,3.51
2023-12-25 01:00,12,1,Weekday,Winter,No,35.88,68.68,6.85
2023-12-25 02:00,12,2,Weekday,Winter,No,35.58,68.08,0.0
2023-12-25 03:00,12,3,Weekday,Winter,No,33.02,66.97,0.0
2023-12-25 04:00,12,4,Weekday,Winter,No,31.55,67.45,0.0
2023-12-25 05:00,12,5,Weekday,Winter,No,32.63,67.63,3.72
2023-12-25 06:00,12,6,Weekday,Winter,No,30.14,68.75,4.33
2023-12-25 07:00,12,7,Weekday,Winter,No,28.04,67.21,3.29
2023-12-25 08:00,12,8,Weekday,Winter,Yes,33.29,67.0,0.0
2023-12-25 09:00,12,9,Weekday,Winter,Yes,41.66,68.22,6.65
2023-12-25 10:00,12,10,Weekday,Winter,Yes,47.9,69.84,28.67
2023-12-25 11:00,12,11,Weekday,Winter,Yes,52.31,69.57,17.24
2023-12-25 12:00,12,12,Weekday,Winter,Yes,55.74,69.56,39.92
2023-12-25 13:00,12,13,Weekday,Winter,Yes,58.8,69.68,33.02
2023-12-25 14:00,12,14,Weekday,Winter,Yes,60.6,70.31,38.82
2023-12-25 15:00,12,15,Weekday,Winter,Yes,61.61,71.73,30.82
2023-12-25 16:00,12,16,Weekday,Winter,Yes,62.06,71.05,40.02
2023-12-25 17:00,12,17,Weekday,Winter,Yes,58.49,69.78,35.37
2023-12-25 18:00,12,18,Weekday,Winter,No,53.63,70.99,39.83
2023-12-25 19:00,12,19,Weekday,Winter,No,50.2,69.63,22.93
2023-12-25 20:00,12,20,Weekday,Winter,No,48.4,69.02,23.08
2023-12-25 21:00,12,21,Weekday,Winter,No,47.39,70.14,8.14
2023-12-25 22:00,12,22,Weekday,Winter,No,44.1,69.32,17.12
2023-12-25 23:00,12,23,Weekday,Winter,No,42.6,68.56,9.84
2023-12-26 00:00,12,0,Weekday,Winter,No,38.88,68.94,10.71
2023-12-26 01:00,12,1,Weekday,Winter,No,35.96,68.41,2.39
2023-12-26 02:00,12,2,Weekday,Winter,No,35.44,67.47,0.0
2023-12-26 03:00,12,3,Weekday,Winter,No,35.06,67.84,6.72
2023-12-26 04:00,12,4,Weekday,Winter,No,34.43,67.72,1.84
2023-12-26 05:00,12,5,Weekday,Winter,No,35.14,68.19,12.45
2023-12-26 06:00,12,6,Weekday,Winter,No,36.59,67.4,5.18
2023-12-26 07:00,12,7,Weekday,Winter,No,39.98,68.76,13.3
2023-12-26 08:00,12,8,Weekday,Winter,Yes,45.54,68.38,4.62
2023-12-26 09:00,12,9,Weekday,Winter,Yes,52.64,69.29,13.6
2023-12-26 10:00,12,10,Weekday,Winter,Yes,58.88,70.98,38.46
2023-12-26 11:00,12,11,Weekday,Winter,Yes,61.61,70.41,29.59
2023-12-26 12:00,12,12,Weekday,Winter,Yes,63.74,70.75,43.13
2023-12-26 13:00,12,13,Weekday,Winter,Yes,65.57,71.04,38.6
2023-12-26 14:00,12,14,Weekday,Winter,Yes,66.54,70.57,53.5
2023-12-26 15:00,12,15,Weekday,Winter,Yes,66.4,71.37,35.64
2023-12-26 16:00,12,16,Weekday,Winter,Yes,64.24,70.79,41.99
2023-12-26 17:00,12,17,Weekday,Winter,Yes,61.28,69.99,44.13
2023-12-26 18:00,12,18,Weekday,Winter,No,57.14,70.99,33.96
2023-12-26 19:00,12,19,Weekday,Winter,No,52.73,71.61,37.72
2023-12-26 20:00,12,20,Weekday,Winter,No,50.45,70.42,32.35
2023-12-26 21:00,12,21,Weekday,Winter,No,49.37,69.61,8.75
2023-12-26 22:00,12,22,Weekday,Winter,No,47.76,69.54,2.93
2023-12-26 23:00,12,23,Weekday,Winter,No,48.1,70.16,10.64
2023-12-27 00:00,12,0,Weekday,Winter,No,48.4,68.93,13.01
2023-12-27 01:00,12,1,Weekday,Winter,No,48.02,70.48,18.12
2023-12-27 02:00,12,2,Weekday,Winter,No,46.86,70.12,15.78
2023-12-27 03:00,12,3,Weekday,Winter,No,46.56,69.71,13.59
2023-12-27 04:00,12,4,Weekday,Winter,No,45.78,69.68,9.0
2023-12-27 05:00,12,5,Weekday,Winter,No,46.74,70.19,21.46
2023-12-27 06:00,12,6,Weekday,Winter,No,48.54,69.71,13.31
2023-12-27 07:00,12,7,Weekday,Winter,No,48.92,69.39,27.49
2023-12-27 08:00,12,8,Weekday,Winter,Yes,50.7,69.48,24.16
2023-12-27 09:00,12,9,Weekday,Winter,Yes,54.92,70.06,20.85
2023-12-27 10:00,12,10,Weekday,Winter,Yes,57.54,70.27,30.84
2023-12-27 11:00,12,11,Weekday,Winter,Yes,60.34,70.77,43.38
2023-12-27 12:00,12,12,Weekday,Winter,Yes,63.74,71.53,37.27
2023-12-27 13:00,12,13,Weekday,Winter,Yes,64.94,71.23,33.58
2023-12-27 14:00,12,14,Weekday,Winter,Yes,64.94,70.87,46.37
2023-12-27 15:00,12,15,Weekday,Winter,Yes,64.94,71.27,39.73
2023-12-27 16:00,12,16,Weekday,Winter,Yes,64.41,70.95,40.01
2023-12-27 17:00,12,17,Weekday,Winter,Yes,63.41,71.36,42.0
2023-12-27 18:00,12,18,Weekday,Winter,No,59.5,71.67,32.85
2023-12-27 19:00,12,19,Weekday,Winter,No,56.39,71.39,29.02
2023-12-27 20:00,12,20,Weekday,Winter,No,54.26,69.9,40.42
2023-12-27 21:00,12,21,Weekday,Winter,No,52.43,69.44,15.3
2023-12-27 22:00,12,22,Weekday,Winter,No,49.04,69.6,13.61
2023-12-27 23:00,12,23,Weekday,Winter,No,47.57,70.07,9.16
2023-12-28 00:00,12,0,Weekday,Winter,No,48.54,70.21,19.83
2023-12-28 01:00,12,1,Weekday,Winter,No,47.76,70.05,10.22
2023-12-28 02:00,12,2,Weekday,Winter,No,46.94,70.39,10.83
2023-12-28 03:00,12,3,Weekday,Winter,No,46.42,69.96,13.2
2023-12-28 04:00,12,4,Weekday,Winter,No,45.41,68.81,0.15
2023-12-28 05:00,12,5,Weekday,Winter,No,44.96,68.47,9.63
2023-12-28 06:00,12,6,Weekday,Winter,No,44.96,69.53,19.48
2023-12-28 07:00,12,7,Weekday,Winter,No,47.27,69.22,6.93
2023-12-28 08:00,12,8,Weekday,Winter,Yes,51.34,68.59,18.98
2023-12-28 09:00,12,9,Weekday,Winter,Yes,55.37,69.28,21.44
2023-12-28 10:00,12,10,Weekday,Winter,Yes,59.33,70.66,35.82
2023-12-28 11:00,12,11,Weekday,Winter,Yes,61.61,70.09,37.32
2023-12-28 12:00,12,12,Weekday,Winter,Yes,63.22,69.47,43.74
2023-12-28 13:00,12,13,Weekday,Winter,Yes,65.19,70.76,39.82
2023-12-28 14:00,12,14,Weekday,Winter,Yes,66.54,70.7,38.93
2023-12-28 15:00,12,15,Weekday,Winter,Yes,66.92,70.4,49.52
2023-12-28 16:00,12,16,Weekday,Winter,Yes,66.4,71.66,39.17
2023-12-28 17:00,12,17,Weekday,Winter,Yes,65.39,71.11,44.31
2023-12-28 18:00,12,18,Weekday,Winter,No,63.78,71.15,47.0
2023-12-28 19:00,12,19,Weekday,Winter,No,60.65,71.25,30.38
2023-12-28 20:00,12,20,Weekday,Winter,No,60.78,70.53,34.53
2023-12-28 21:00,12,21,Weekday,Winter,No,62.06,71.33,28.13
2023-12-28 22:00,12,22,Weekday,Winter,No,60.28,71.55,17.79
2023-12-28 23:00,12,23,Weekday,Winter,No,59.0,71.3,29.31
2023-12-29 00:00,12,0,Weekday,Winter,No,59.0,69.73,28.34
2023-12-29 01:00,12,1,Weekday,Winter,No,58.37,70.56,19.18
2023-12-29 02:00,12,2,Weekday,Winter,No,60.34,72.12,30.14
2023-12-29 03:00,12,3,Weekday,Winter,No,61.43,71.77,21.59
2023-12-29 04:00,12,4,Weekday,Winter,No,62.76,71.68,30.27
2023-12-29 05:00,12,5,Weekday,Winter,No,64.56,71.86,21.84
2023-12-29 06:00,12,6,Weekday,Winter,No,64.41,71.86,31.75
2023-12-29 07:00,12,7,Weekday,Winter,No,64.04,71.56,23.41
2023-12-29 08:00,12,8,Weekday,Winter,Yes,61.73,70.21,26.59
2023-12-29 09:00,12,9,Weekday,Winter,Yes,61.24,70.17,20.04
2023-12-29 10:00,12,10,Weekday,Winter,Yes,64.37,70.08,47.8
2023-12-29 11:00,12,11,Weekday,Winter,Yes,66.54,72.06,36.22
2023-12-29 12:00,12,12,Weekday,Winter,Yes,65.24,71.59,42.21
2023-12-29 13:00,12,13,Weekday,Winter,Yes,65.19,69.84,41.58
2023-12-29 14:00,12,14,Weekday,Winter,Yes,66.02,72.14,35.44
2023-12-29 15:00,12,15,Weekday,Winter,Yes,65.39,71.6,37.79
2023-12-29 16:00,12,16,Weekday,Winter,Yes,63.78,71.32,36.95
2023-12-29 17:00,12,17,Weekday,Winter,Yes,62.44,70.84,38.74
2023-12-29 18:00,12,18,Weekday,Winter,No,62.06,71.62,44.31
2023-12-29 19:00,12,19,Weekday,Winter,No,62.06,71.34,39.17
2023-12-29 20:00,12,20,Weekday,Winter,No,61.43,71.61,26.76
2023-12-29 21:00,12,21,Weekday,Winter,No,61.61,71.35,28.38
2023-12-29 22:00,12,22,Weekday,Winter,No,61.43,71.59,23.46
2023-12-29 23:00,12,23,Weekday,Winter,No,59.2,71.16,24.59
2023-12-30 00:00,12,0,Weekend,Winter,No,57.92,71.77,21.23
2023-12-30 01:00,12,1,Weekend,Winter,No,57.4,71.23,19.8
2023-12-30 02:00,12,2,Weekend,Winter,No,56.39,71.23,23.45
2023-12-30 03:00,12,3,Weekend,Winter,No,54.26,70.98,23.18
2023-12-30 04:00,12,4,Weekend,Winter,No,52.43,70.71,28.81
2023-12-30 05:00,12,5,Weekend,Winter,No,51.46,69.61,18.95
2023-12-30 06:00,12,6,Weekend,Winter,No,49.82,70.29,2.15
2023-12-30 07:00,12,7,Weekend,Winter,No,47.76,69.97,10.4
2023-12-30 08:00,12,8,Weekend,Winter,No,49.88,70.75,5.24
2023-12-30 09:00,12,9,Weekend,Winter,No,54.29,70.56,16.23
2023-12-30 10:00,12,10,Weekend,Winter,No,57.1,70.46,32.99
2023-12-30 11:00,12,11,Weekend,Winter,No,58.55,70.56,34.11
2023-12-30 12:00,12,12,Weekend,Winter,No,60.16,70.88,32.32
2023-12-30 13:00,12,13,Weekend,Winter,No,62.14,71.69,46.25
2023-12-30 14:00,12,14,Weekend,Winter,No,63.59,71.92,39.57
2023-12-30 15:00,12,15,Weekend,Winter,No,64.04,73.16,44.54
2023-12-30 16:00,12,16,Weekend,Winter,No,63.41,72.59,39.28
2023-12-30 17:00,12,17,Weekend,Winter,No,60.65,71.15,30.64
2023-12-30 18:00,12,18,Weekend,Winter,No,57.85,70.14,28.51
2023-12-30 19:00,12,19,Weekend,Winter,No,55.86,70.66,26.42
2023-12-30 20:00,12,20,Weekend,Winter,No,52.73,70.33,26.55
2023-12-30 21:00,12,21,Weekend,Winter,No,51.6,70.52,19.26
2023-12-30 22:00,12,22,Weekend,Winter,No,49.67,69.73,7.59
2023-12-30 23:00,12,23,Weekend,Winter,No,46.86,70.09,9.33
2023-12-31 00:00,12,0,Weekend,Winter,No,46.56,69.81,10.37
2023-12-31 01:00,12,1,Weekend,Winter,No,46.42,69.53,6.44
2023-12-31 02:00,12,2,Weekend,Winter,No,45.41,69.73,23.3
2023-12-31 03:00,12,3,Weekend,Winter,No,44.96,69.21,4.21
2023-12-31 04:00,12,4,Weekend,Winter,No,44.96,69.49,4.44
2023-12-31 05:00,12,5,Weekend,Winter,No,44.44,69.86,10.5
2023-12-31 06:00,12,6,Weekend,Winter,No,43.43,68.54,6.54
2023-12-31 07:00,12,7,Weekend,Winter,No,42.98,69.01,8.5
2023-12-31 08:00,12,8,Weekend,Winter,No,45.92,69.93,12.38
2023-12-31 09:00,12,9,Weekend,Winter,No,52.12,70.36,18.45
2023-12-31 10:00,12,10,Weekend,Winter,No,57.98,71.4,36.45
2023-12-31 11:00,12,11,Weekend,Winter,No,62.39,72.47,44.59
2023-12-31 12:00,12,12,Weekend,Winter,No,65.72,71.45,48.04
2023-12-31 13:00,12,13,Weekend,Winter,No,67.55,73.34,39.02
2023-12-31 14:00,12,14,Weekend,Winter,No,68.0,73.23,37.29
2023-12-31 15:00,12,15,Weekend,Winter,No,67.37,72.68,48.28
2023-12-31 16:00,12,16,Weekend,Winter,No,65.76,72.32,46.27
2023-12-31 17:00,12,17,Weekend,Winter,No,63.58,71.46,45.75
2023-12-31 18:00,12,18,Weekend,Winter,No,60.5,71.8,33.46
2023-12-31 19:00,12,19,Weekend,Winter,No,57.95,71.23,30.81
2023-12-31 20:00,12,20,Weekend,Winter,No,55.1,71.57,33.44
2023-12-31 21:00,12,21,Weekend,Winter,No,53.6,70.64,22.51
2023-12-31 22:00,12,22,Weekend,Winter,No,51.5,69.82,12.49
2023-12-31 23:00,12,23,Weekend,Winter,No,48.95,69.98,23.59
