Date,Month,Hour,DayType,Season,BusinessHours,Outdoor_Temp_F,Zone_Temp_F,Cooling_kWh
2023-01-01 00:00,1,0,Weekend,Winter,No,43.76,70.4,9.65
2023-01-01 01:00,1,1,Weekend,Winter,No,44.96,70.37,9.02
2023-01-01 02:00,1,2,Weekend,Winter,No,44.44,70.73,8.2
2023-01-01 03:00,1,3,Weekend,Winter,No,44.06,69.67,11.08
2023-01-01 04:00,1,4,Weekend,Winter,No,42.28,69.58,13.62
2023-01-01 05:00,1,5,Weekend,Winter,No,40.37,70.13,7.75
2023-01-01 06:00,1,6,Weekend,Winter,No,38.76,69.13,1.0
2023-01-01 07:00,1,7,Weekend,Winter,No,38.57,69.58,8.88
2023-01-01 08:00,1,8,Weekend,Winter,No,41.96,70.0,7.15
2023-01-01 09:00,1,9,Weekend,Winter,No,46.9,72.26,12.01
2023-01-01 10:00,1,10,Weekend,Winter,No,51.34,71.27,22.76
2023-01-01 11:00,1,11,Weekend,Winter,No,54.74,72.02,28.61
2023-01-01 12:00,1,12,Weekend,Winter,No,57.72,70.81,22.63
2023-01-01 13:00,1,13,Weekend,Winter,No,59.0,72.08,25.1
2023-01-01 14:00,1,14,Weekend,Winter,No,60.78,72.49,16.92
2023-01-01 15:00,1,15,Weekend,Winter,No,62.06,72.5,29.12
2023-01-01 16:00,1,16,Weekend,Winter,No,61.43,72.7,17.85
2023-01-01 17:00,1,17,Weekend,Winter,No,58.67,72.12,31.64
2023-01-01 18:00,1,18,Weekend,Winter,No,55.86,72.57,31.86
2023-01-01 19:00,1,19,Weekend,Winter,No,52.73,72.21,25.7
2023-01-01 20:00,1,20,Weekend,Winter,No,49.82,70.69,18.57
2023-01-01 21:00,1,21,Weekend,Winter,No,48.92,70.08,25.42
2023-01-01 22:00,1,22,Weekend,Winter,No,46.61,70.26,26.21
2023-01-01 23:00,1,23,Weekend,Winter,No,43.28,68.88,13.37
2023-01-02 00:00,1,0,Weekday,Winter,No,40.3,69.23,7.84
2023-01-02 01:00,1,1,Weekday,Winter,No,40.17,69.59,13.9
2023-01-02 02:00,1,2,Weekday,Winter,No,40.37,69.92,15.6
2023-01-02 03:00,1,3,Weekday,Winter,No,38.76,71.39,13.34
2023-01-02 04:00,1,4,Weekday,Winter,No,39.1,68.42,9.84
2023-01-02 05:00,1,5,Weekday,Winter,No,38.76,69.35,9.78
2023-01-02 06:00,1,6,Weekday,Winter,No,37.94,69.84,7.12
2023-01-02 07:00,1,7,Weekday,Winter,No,37.94,69.62,14.92
2023-01-02 08:00,1,8,Weekday,Winter,Yes,40.88,69.39,3.47
2023-01-02 09:00,1,9,Weekday,Winter,Yes,50.02,70.73,15.59
2023-01-02 10:00,1,10,Weekday,Winter,Yes,56.72,70.99,22.23
2023-01-02 11:00,1,11,Weekday,Winter,Yes,59.7,71.04,22.88
2023-01-02 12:00,1,12,Weekday,Winter,Yes,62.14,72.54,18.15
2023-01-02 13:00,1,13,Weekday,Winter,Yes,62.96,70.96,24.67
2023-01-02 14:00,1,14,Weekday,Winter,Yes,64.74,71.84,25.91
2023-01-02 15:00,1,15,Weekday,Winter,Yes,65.39,72.04,22.37
2023-01-02 16:00,1,16,Weekday,Winter,Yes,63.78,70.8,23.25
2023-01-02 17:00,1,17,Weekday,Winter,Yes,60.65,71.86,33.77
2023-01-02 18:00,1,18,Weekday,Winter,No,57.22,71.77,27.34
2023-01-02 19:00,1,19,Weekday,Winter,No,55.42,72.23,29.85
2023-01-02 20:00,1,20,Weekday,Winter,No,53.88,72.19,35.49
2023-01-02 21:00,1,21,Weekday,Winter,No,52.43,71.07,22.38
2023-01-02 22:00,1,22,Weekday,Winter,No,51.98,71.57,25.77
2023-01-02 23:00,1,23,Weekday,Winter,No,51.98,71.27,32.6
2023-01-03 00:00,1,0,Weekday,Winter,No,51.46,71.45,12.21
2023-01-03 01:00,1,1,Weekday,Winter,No,49.82,70.43,11.53
2023-01-03 02:00,1,2,Weekday,Winter,No,50.18,70.58,16.07
2023-01-03 03:00,1,3,Weekday,Winter,No,48.66,69.98,12.56
2023-01-03 04:00,1,4,Weekday,Winter,No,46.94,70.74,18.52
2023-01-03 05:00,1,5,Weekday,Winter,No,46.94,71.47,13.33
2023-01-03 06:00,1,6,Weekday,Winter,No,46.42,70.21,16.23
2023-01-03 07:00,1,7,Weekday,Winter,No,45.41,70.22,5.73
2023-01-03 08:00,1,8,Weekday,Winter,Yes,47.27,69.35,3.6
2023-01-03 09:00,1,9,Weekday,Winter,Yes,51.86,70.13,21.07
2023-01-03 10:00,1,10,Weekday,Winter,Yes,55.74,70.3,16.53
2023-01-03 11:00,1,11,Weekday,Winter,Yes,58.8,70.71,15.93
2023-01-03 12:00,1,12,Weekday,Winter,Yes,60.6,71.79,23.45
2023-01-03 13:00,1,13,Weekday,Winter,Yes,61.61,70.91,19.8
2023-01-03 14:00,1,14,Weekday,Winter,Yes,64.9,71.74,17.09
2023-01-03 15:00,1,15,Weekday,Winter,Yes,66.4,72.41,19.52
2023-01-03 16:00,1,16,Weekday,Winter,Yes,65.39,72.36,24.29
2023-01-03 17:00,1,17,Weekday,Winter,Yes,63.26,71.62,26.5
2023-01-03 18:00,1,18,Weekday,Winter,No,59.12,71.83,25.64
2023-01-03 19:00,1,19,Weekday,Winter,No,55.86,71.23,39.47
2023-01-03 20:00,1,20,Weekday,Winter,No,53.26,71.97,27.16
2023-01-03 21:00,1,21,Weekday,Winter,No,51.46,71.32,28.49
2023-01-03 22:00,1,22,Weekday,Winter,No,50.45,71.09,28.73
2023-01-03 23:00,1,23,Weekday,Winter,No,48.84,70.44,18.14
2023-01-04 00:00,1,0,Weekday,Winter,No,46.86,70.33,4.89
2023-01-04 01:00,1,1,Weekday,Winter,No,44.26,70.41,11.65
2023-01-04 02:00,1,2,Weekday,Winter,No,41.2,70.87,1.84
2023-01-04 03:00,1,3,Weekday,Winter,No,38.76,68.62,16.47
2023-01-04 04:00,1,4,Weekday,Winter,No,37.94,69.73,14.95
2023-01-04 05:00,1,5,Weekday,Winter,No,37.42,68.15,4.98
2023-01-04 06:00,1,6,Weekday,Winter,No,36.41,69.89,0.21
2023-01-04 07:00,1,7,Weekday,Winter,No,35.96,69.08,4.76
2023-01-04 08:00,1,8,Weekday,Winter,Yes,38.9,69.15,13.84
2023-01-04 09:00,1,9,Weekday,Winter,Yes,44.46,69.73,17.21
2023-01-04 10:00,1,10,Weekday,Winter,Yes,50.51,70.3,21.09
2023-01-04 11:00,1,11,Weekday,Winter,Yes,55.37,70.04,20.99
2023-01-04 12:00,1,12,Weekday,Winter,Yes,58.18,71.5,19.54
2023-01-04 13:00,1,13,Weekday,Winter,Yes,59.63,71.43,20.84
2023-01-04 14:00,1,14,Weekday,Winter,Yes,60.08,71.93,18.09
2023-01-04 15:00,1,15,Weekday,Winter,Yes,59.45,72.3,21.78
2023-01-04 16:00,1,16,Weekday,Winter,Yes,57.22,71.62,13.65
2023-01-04 17:00,1,17,Weekday,Winter,Yes,54.78,70.22,23.68
2023-01-04 18:00,1,18,Weekday,Winter,No,52.28,71.37,23.58
2023-01-04 19:00,1,19,Weekday,Winter,No,50.45,70.88,28.69
2023-01-04 20:00,1,20,Weekday,Winter,No,48.84,70.68,24.74
2023-01-04 21:00,1,21,Weekday,Winter,No,46.24,71.53,22.05
2023-01-04 22:00,1,22,Weekday,Winter,No,43.28,70.24,15.73
2023-01-04 23:00,1,23,Weekday,Winter,No,42.08,69.62,17.75
2023-01-05 00:00,1,0,Weekday,Winter,No,39.66,69.65,4.73
2023-01-05 01:00,1,1,Weekday,Winter,No,37.94,70.22,2.81
2023-01-05 02:00,1,2,Weekday,Winter,No,37.42,69.52,3.46
2023-01-05 03:00,1,3,Weekday,Winter,No,35.88,69.61,11.44
2023-01-05 04:00,1,4,Weekday,Winter,No,34.43,69.8,5.35
2023-01-05 05:00,1,5,Weekday,Winter,No,33.46,69.53,7.29
2023-01-05 06:00,1,6,Weekday,Winter,No,33.08,68.51,0.0
2023-01-05 07:00,1,7,Weekday,Winter,No,33.08,69.65,4.57
2023-01-05 08:00,1,8,Weekday,Winter,Yes,36.54,68.71,3.12
2023-01-05 09:00,1,9,Weekday,Winter,Yes,41.96,69.0,5.25
2023-01-05 10:00,1,10,Weekday,Winter,Yes,49.31,70.6,12.57
2023-01-05 11:00,1,11,Weekday,Winter,Yes,54.74,70.36,16.35
2023-01-05 12:00,1,12,Weekday,Winter,Yes,57.1,70.31,20.84
2023-01-05 13:00,1,13,Weekday,Winter,Yes,59.18,70.68,24.93
2023-01-05 14:00,1,14,Weekday,Winter,Yes,60.08,71.53,20.0
2023-01-05 15:00,1,15,Weekday,Winter,Yes,61.24,72.21,28.22
2023-01-05 16:00,1,16,Weekday,Winter,Yes,60.28,71.82,24.63
2023-01-05 17:00,1,17,Weekday,Winter,Yes,56.69,71.45,29.7
2023-01-05 18:00,1,18,Weekday,Winter,No,52.1,72.18,32.82
2023-01-05 19:00,1,19,Weekday,Winter,No,48.84,72.18,26.94
2023-01-05 20:00,1,20,Weekday,Winter,No,45.08,70.09,25.9
2023-01-05 21:00,1,21,Weekday,Winter,No,42.98,70.0,17.61
2023-01-05 22:00,1,22,Weekday,Winter,No,41.2,69.7,21.69
2023-01-05 23:00,1,23,Weekday,Winter,No,38.24,69.52,23.83
2023-01-06 00:00,1,0,Weekday,Winter,No,35.88,69.75,4.3
2023-01-06 01:00,1,1,Weekday,Winter,No,35.58,68.67,3.88
2023-01-06 02:00,1,2,Weekday,Winter,No,35.96,69.35,0.0
2023-01-06 03:00,1,3,Weekday,Winter,No,35.96,69.01,6.66
2023-01-06 04:00,1,4,Weekday,Winter,No,35.44,69.56,11.34
2023-01-06 05:00,1,5,Weekday,Winter,No,33.9,69.19,3.57
2023-01-06 06:00,1,6,Weekday,Winter,No,32.45,68.92,0.0
2023-01-06 07:00,1,7,Weekday,Winter,No,33.16,68.25,0.15
2023-01-06 08:00,1,8,Weekday,Winter,Yes,37.44,68.31,4.15
2023-01-06 09:00,1,9,Weekday,Winter,Yes,44.02,70.02,18.81
2023-01-06 10:00,1,10,Weekday,Winter,Yes,50.51,69.58,16.92
2023-01-06 11:00,1,11,Weekday,Winter,Yes,55.37,71.29,22.24
2023-01-06 12:00,1,12,Weekday,Winter,Yes,59.96,71.31,12.97
2023-01-06 13:00,1,13,Weekday,Winter,Yes,63.74,71.81,25.15
2023-01-06 14:00,1,14,Weekday,Winter,Yes,65.57,72.17,27.6
2023-01-06 15:00,1,15,Weekday,Winter,Yes,66.54,73.03,27.16
2023-01-06 16:00,1,16,Weekday,Winter,Yes,64.61,72.67,25.36
2023-01-06 17:00,1,17,Weekday,Winter,Yes,60.65,70.49,38.44
2023-01-06 18:00,1,18,Weekday,Winter,No,56.06,72.22,29.04
2023-01-06 19:00,1,19,Weekday,Winter,No,52.8,72.06,22.24
2023-01-06 20:00,1,20,Weekday,Winter,No,47.89,70.32,28.57
2023-01-06 21:00,1,21,Weekday,Winter,No,44.96,69.67,20.16
2023-01-06 22:00,1,22,Weekday,Winter,No,43.8,69.67,22.6
2023-01-06 23:00,1,23,Weekday,Winter,No,40.67,69.49,23.52
2023-01-07 00:00,1,0,Weekend,Winter,No,40.8,69.67,6.58
2023-01-07 01:00,1,1,Weekend,Winter,No,40.3,70.28,9.44
2023-01-07 02:00,1,2,Weekend,Winter,No,39.54,69.76,1.49
2023-01-07 03:00,1,3,Weekend,Winter,No,39.4,69.55,7.1
2023-01-07 04:00,1,4,Weekend,Winter,No,37.86,69.83,2.23
2023-01-07 05:00,1,5,Weekend,Winter,No,38.2,70.35,10.64
2023-01-07 06:00,1,6,Weekend,Winter,No,39.54,69.29,12.1
2023-01-07 07:00,1,7,Weekend,Winter,No,38.76,69.51,3.47
2023-01-07 08:00,1,8,Weekend,Winter,No,42.04,70.24,1.9
2023-01-07 09:00,1,9,Weekend,Winter,No,48.53,71.56,7.07
2023-01-07 10:00,1,10,Weekend,Winter,No,55.07,71.83,17.36
2023-01-07 11:00,1,11,Weekend,Winter,No,61.49,72.67,26.81
2023-01-07 12:00,1,12,Weekend,Winter,No,66.35,72.4,30.93
2023-01-07 13:00,1,13,Weekend,Winter,No,69.78,73.69,31.27
2023-01-07 14:00,1,14,Weekend,Winter,No,71.06,74.22,31.85
2023-01-07 15:00,1,15,Weekend,Winter,No,71.58,73.56,29.36
2023-01-07 16:00,1,16,Weekend,Winter,No,70.81,73.76,34.77
2023-01-07 17:00,1,17,Weekend,Winter,No,67.04,72.69,38.7
2023-01-07 18:00,1,18,Weekend,Winter,No,62.63,72.2,40.76
2023-01-07 19:00,1,19,Weekend,Winter,No,56.88,71.95,30.28
2023-01-07 20:00,1,20,Weekend,Winter,No,52.8,71.86,22.92
2023-01-07 21:00,1,21,Weekend,Winter,No,50.82,70.79,26.11
2023-01-07 22:00,1,22,Weekend,Winter,No,49.37,70.42,30.15
2023-01-07 23:00,1,23,Weekend,Winter,No,46.08,70.92,26.44
2023-01-08 00:00,1,0,Weekend,Winter,No,44.06,70.61,14.75
2023-01-08 01:00,1,1,Weekend,Winter,No,45.74,70.28,17.28
2023-01-08 02:00,1,2,Weekend,Winter,No,44.63,70.7,14.73
2023-01-08 03:00,1,3,Weekend,Winter,No,42.46,68.88,7.21
2023-01-08 04:00,1,4,Weekend,Winter,No,40.82,69.69,6.69
2023-01-08 05:00,1,5,Weekend,Winter,No,42.86,69.22,7.87
2023-01-08 06:00,1,6,Weekend,Winter,No,44.96,70.29,9.95
2023-01-08 07:00,1,7,Weekend,Winter,No,44.44,70.11,4.47
2023-01-08 08:00,1,8,Weekend,Winter,No,48.68,70.93,13.49
2023-01-08 09:00,1,9,Weekend,Winter,No,56.7,72.38,22.03
2023-01-08 10:00,1,10,Weekend,Winter,No,67.01,73.59,25.99
2023-01-08 11:00,1,11,Weekend,Winter,No,73.74,74.78,35.63
2023-01-08 12:00,1,12,Weekend,Winter,No,76.18,74.64,40.21
2023-01-08 13:00,1,13,Weekend,Winter,No,78.16,74.76,26.9
2023-01-08 14:00,1,14,Weekend,Winter,No,80.13,74.59,35.26
2023-01-08 15:00,1,15,Weekend,Winter,No,80.96,74.66,44.75
2023-01-08 16:00,1,16,Weekend,Winter,No,80.44,74.99,39.05
2023-01-08 17:00,1,17,Weekend,Winter,No,75.33,75.26,45.34
2023-01-08 18:00,1,18,Weekend,Winter,No,69.65,73.71,42.56
2023-01-08 19:00,1,19,Weekend,Winter,No,63.91,72.18,39.5
2023-01-08 20:00,1,20,Weekend,Winter,No,58.04,72.13,29.28
2023-01-08 21:00,1,21,Weekend,Winter,No,54.26,71.46,31.54
2023-01-08 22:00,1,22,Weekend,Winter,No,51.9,71.43,29.16
2023-01-08 23:00,1,23,Weekend,Winter,No,51.08,70.96,28.47
2023-01-09 00:00,1,0,Weekday,Winter,No,51.08,70.93,15.64
2023-01-09 01:00,1,1,Weekday,Winter,No,50.45,71.48,15.78
2023-01-09 02:00,1,2,Weekday,Winter,No,50.63,70.78,11.03
2023-01-09 03:00,1,3,Weekday,Winter,No,50.45,70.88,11.6
2023-01-09 04:00,1,4,Weekday,Winter,No,49.37,71.39,21.08
2023-01-09 05:00,1,5,Weekday,Winter,No,47.76,70.99,17.69
2023-01-09 06:00,1,6,Weekday,Winter,No,48.1,70.41,9.6
2023-01-09 07:00,1,7,Weekday,Winter,No,48.4,69.52,7.73
2023-01-09 08:00,1,8,Weekday,Winter,Yes,51.48,70.85,21.29
2023-01-09 09:00,1,9,Weekday,Winter,Yes,59.21,70.92,24.62
2023-01-09 10:00,1,10,Weekday,Winter,Yes,65.9,72.06,26.91
2023-01-09 11:00,1,11,Weekday,Winter,Yes,70.31,72.64,33.89
2023-01-09 12:00,1,12,Weekday,Winter,Yes,73.12,72.95,27.24
2023-01-09 13:00,1,13,Weekday,Winter,Yes,74.57,72.95,31.4
2023-01-09 14:00,1,14,Weekday,Winter,Yes,75.02,74.34,30.88
2023-01-09 15:00,1,15,Weekday,Winter,Yes,74.39,73.11,30.87
2023-01-09 16:00,1,16,Weekday,Winter,Yes,73.42,72.75,26.8
2023-01-09 17:00,1,17,Weekday,Winter,Yes,70.1,72.43,40.79
2023-01-09 18:00,1,18,Weekday,Winter,No,66.84,73.84,32.93
2023-01-09 19:00,1,19,Weekday,Winter,No,64.24,73.43,32.09
2023-01-09 20:00,1,20,Weekday,Winter,No,62.96,73.26,39.44
2023-01-09 21:00,1,21,Weekday,Winter,No,60.02,70.99,27.7
2023-01-09 22:00,1,22,Weekday,Winter,No,59.7,72.54,34.22
2023-01-09 23:00,1,23,Weekday,Winter,No,59.82,72.43,33.53
2023-01-10 00:00,1,0,Weekday,Winter,No,57.22,72.18,30.2
2023-01-10 01:00,1,1,Weekday,Winter,No,55.42,71.74,17.76
2023-01-10 02:00,1,2,Weekday,Winter,No,55.04,71.75,16.38
2023-01-10 03:00,1,3,Weekday,Winter,No,53.88,72.12,12.87
2023-01-10 04:00,1,4,Weekday,Winter,No,51.9,70.87,18.03
2023-01-10 05:00,1,5,Weekday,Winter,No,50.45,71.35,18.7
2023-01-10 06:00,1,6,Weekday,Winter,No,49.37,70.83,13.75
2023-01-10 07:00,1,7,Weekday,Winter,No,48.4,70.41,15.45
2023-01-10 08:00,1,8,Weekday,Winter,Yes,50.96,70.15,17.76
2023-01-10 09:00,1,9,Weekday,Winter,Yes,55.9,70.74,24.66
2023-01-10 10:00,1,10,Weekday,Winter,Yes,60.34,70.51,25.39
2023-01-10 11:00,1,11,Weekday,Winter,Yes,63.22,72.24,20.93
2023-01-10 12:00,1,12,Weekday,Winter,Yes,64.56,73.04,21.83
2023-01-10 13:00,1,13,Weekday,Winter,Yes,65.57,71.28,27.28
2023-01-10 14:00,1,14,Weekday,Winter,Yes,67.18,72.28,29.15
2023-01-10 15:00,1,15,Weekday,Winter,Yes,68.0,72.36,29.11
2023-01-10 16:00,1,16,Weekday,Winter,Yes,67.37,72.53,28.04
2023-01-10 17:00,1,17,Weekday,Winter,Yes,64.08,72.16,38.07
2023-01-10 18:00,1,18,Weekday,Winter,No,62.06,71.99,31.94
2023-01-10 19:00,1,19,Weekday,Winter,No,60.9,72.17,27.49
2023-01-10 20:00,1,20,Weekday,Winter,No,57.66,71.93,36.7
2023-01-10 21:00,1,21,Weekday,Winter,No,55.42,72.31,29.28
2023-01-10 22:00,1,22,Weekday,Winter,No,53.88,71.22,24.12
2023-01-10 23:00,1,23,Weekday,Winter,No,53.06,71.24,23.09
2023-01-11 00:00,1,0,Weekday,Winter,No,49.49,71.54,16.69
2023-01-11 01:00,1,1,Weekday,Winter,No,46.42,69.98,16.52
2023-01-11 02:00,1,2,Weekday,Winter,No,46.04,70.18,8.21
2023-01-11 03:00,1,3,Weekday,Winter,No,46.04,70.0,10.37
2023-01-11 04:00,1,4,Weekday,Winter,No,47.72,71.2,12.87
2023-01-11 05:00,1,5,Weekday,Winter,No,46.61,70.63,11.19
2023-01-11 06:00,1,6,Weekday,Winter,No,44.96,71.79,10.79
2023-01-11 07:00,1,7,Weekday,Winter,No,47.9,71.53,18.99
2023-01-11 08:00,1,8,Weekday,Winter,Yes,51.78,69.55,17.79
2023-01-11 09:00,1,9,Weekday,Winter,Yes,56.52,70.11,21.26
2023-01-11 10:00,1,10,Weekday,Winter,Yes,60.78,71.53,25.56
2023-01-11 11:00,1,11,Weekday,Winter,Yes,63.22,71.48,20.54
2023-01-11 12:00,1,12,Weekday,Winter,Yes,65.19,72.03,25.33
2023-01-11 13:00,1,13,Weekday,Winter,Yes,66.54,72.55,29.05
2023-01-11 14:00,1,14,Weekday,Winter,Yes,66.92,72.28,28.65
2023-01-11 15:00,1,15,Weekday,Winter,Yes,66.92,73.25,26.21
2023-01-11 16:00,1,16,Weekday,Winter,Yes,65.76,71.93,24.93
2023-01-11 17:00,1,17,Weekday,Winter,Yes,63.78,72.17,40.45
2023-01-11 18:00,1,18,Weekday,Winter,No,60.02,71.97,28.59
2023-01-11 19:00,1,19,Weekday,Winter,No,56.76,72.63,27.85
2023-01-11 20:00,1,20,Weekday,Winter,No,53.63,72.09,25.81
2023-01-11 21:00,1,21,Weekday,Winter,No,51.98,71.29,29.03
2023-01-11 22:00,1,22,Weekday,Winter,No,50.2,70.75,28.83
2023-01-11 23:00,1,23,Weekday,Winter,No,47.76,70.42,16.37
2023-01-12 00:00,1,0,Weekday,Winter,No,46.42,70.57,14.79
2023-01-12 01:00,1,1,Weekday,Winter,No,46.56,71.23,12.42
2023-01-12 02:00,1,2,Weekday,Winter,No,45.78,70.52,7.19
2023-01-12 03:00,1,3,Weekday,Winter,No,43.28,69.65,6.02
2023-01-12 04:00,1,4,Weekday,Winter,No,43.76,70.2,21.44
2023-01-12 05:00,1,5,Weekday,Winter,No,42.65,69.9,2.6
2023-01-12 06:00,1,6,Weekday,Winter,No,38.69,69.31,7.7
2023-01-12 07:00,1,7,Weekday,Winter,No,38.72,69.19,7.7
2023-01-12 08:00,1,8,Weekday,Winter,Yes,44.64,70.05,12.49
2023-01-12 09:00,1,9,Weekday,Winter,Yes,52.64,70.21,18.27
2023-01-12 10:00,1,10,Weekday,Winter,Yes,60.67,71.55,23.03
2023-01-12 11:00,1,11,Weekday,Winter,Yes,66.35,73.16,20.18
2023-01-12 12:00,1,12,Weekday,Winter,Yes,69.78,73.24,32.51
2023-01-12 13:00,1,13,Weekday,Winter,Yes,71.58,72.91,23.77
2023-01-12 14:00,1,14,Weekday,Winter,Yes,71.96,73.6,29.55
2023-01-12 15:00,1,15,Weekday,Winter,Yes,72.59,73.28,36.59
2023-01-12 16:00,1,16,Weekday,Winter,Yes,73.04,72.99,32.8
2023-01-12 17:00,1,17,Weekday,Winter,Yes,69.47,73.23,33.57
2023-01-12 18:00,1,18,Weekday,Winter,No,65.24,72.93,35.55
2023-01-12 19:00,1,19,Weekday,Winter,No,58.79,71.59,30.17
2023-01-12 20:00,1,20,Weekday,Winter,No,54.41,71.8,20.65
2023-01-12 21:00,1,21,Weekday,Winter,No,53.43,70.75,28.68
2023-01-12 22:00,1,22,Weekday,Winter,No,50.64,70.97,29.52
2023-01-12 23:00,1,23,Weekday,Winter,No,47.76,70.73,24.05
2023-01-13 00:00,1,0,Weekday,Winter,No,45.78,70.0,18.07
2023-01-13 01:00,1,1,Weekday,Winter,No,44.96,69.7,8.56
2023-01-13 02:00,1,2,Weekday,Winter,No,44.96,71.13,13.2
2023-01-13 03:00,1,3,Weekday,Winter,No,44.44,70.66,15.42
2023-01-13 04:00,1,4,Weekday,Winter,No,42.9,71.3,4.14
2023-01-13 05:00,1,5,Weekday,Winter,No,42.08,70.13,11.17
2023-01-13 06:00,1,6,Weekday,Winter,No,40.82,69.43,0.0
2023-01-13 07:00,1,7,Weekday,Winter,No,39.92,69.69,13.66
2023-01-13 08:00,1,8,Weekday,Winter,Yes,44.02,69.52,11.05
2023-01-13 09:00,1,9,Weekday,Winter,Yes,50.51,69.16,16.52
2023-01-13 10:00,1,10,Weekday,Winter,Yes,56.52,71.0,10.96
2023-01-13 11:00,1,11,Weekday,Winter,Yes,61.94,71.64,30.84
2023-01-13 12:00,1,12,Weekday,Winter,Yes,66.35,72.94,27.7
2023-01-13 13:00,1,13,Weekday,Winter,Yes,69.16,73.31,27.8
2023-01-13 14:00,1,14,Weekday,Winter,Yes,71.14,73.92,32.32
2023-01-13 15:00,1,15,Weekday,Winter,Yes,71.44,73.1,34.19
2023-01-13 16:00,1,16,Weekday,Winter,Yes,69.9,72.82,33.55
2023-01-13 17:00,1,17,Weekday,Winter,Yes,66.14,72.11,41.47
2023-01-13 18:00,1,18,Weekday,Winter,No,61.1,72.22,36.38
2023-01-13 19:00,1,19,Weekday,Winter,No,57.85,71.92,37.71
2023-01-13 20:00,1,20,Weekday,Winter,No,52.92,71.29,35.19
2023-01-13 21:00,1,21,Weekday,Winter,No,48.22,71.68,21.77
2023-01-13 22:00,1,22,Weekday,Winter,No,45.78,70.5,23.59
2023-01-13 23:00,1,23,Weekday,Winter,No,43.28,69.84,24.65
2023-01-14 00:00,1,0,Weekend,Winter,No,42.08,69.89,9.25
2023-01-14 01:00,1,1,Weekend,Winter,No,40.82,69.58,9.76
2023-01-14 02:00,1,2,Weekend,Winter,No,40.55,69.17,9.49
2023-01-14 03:00,1,3,Weekend,Winter,No,41.0,70.12,12.01
2023-01-14 04:00,1,4,Weekend,Winter,No,41.0,70.36,7.47
2023-01-14 05:00,1,5,Weekend,Winter,No,41.0,71.0,15.23
2023-01-14 06:00,1,6,Weekend,Winter,No,41.0,70.14,1.12
2023-01-14 07:00,1,7,Weekend,Winter,No,41.63,70.61,11.46
2023-01-14 08:00,1,8,Weekend,Winter,No,44.92,70.78,14.57
2023-01-14 09:00,1,9,Weekend,Winter,No,51.66,71.17,11.66
2023-01-14 10:00,1,10,Weekend,Winter,No,59.14,72.05,23.03
2023-01-14 11:00,1,11,Weekend,Winter,No,64.9,72.48,23.62
2023-01-14 12:00,1,12,Weekend,Winter,No,69.34,73.3,24.67
2023-01-14 13:00,1,13,Weekend,Winter,No,73.37,73.11,27.97
2023-01-14 14:00,1,14,Weekend,Winter,No,75.02,74.33,30.49
2023-01-14 15:00,1,15,Weekend,Winter,No,75.02,74.56,33.82
2023-01-14 16:00,1,16,Weekend,Winter,No,74.39,74.32,35.14
2023-01-14 17:00,1,17,Weekend,Winter,No,71.1,72.76,44.34
2023-01-14 18:00,1,18,Weekend,Winter,No,66.14,73.02,34.28
2023-01-14 19:00,1,19,Weekend,Winter,No,60.47,72.39,29.54
2023-01-14 20:00,1,20,Weekend,Winter,No,55.61,71.25,36.22
2023-01-14 21:00,1,21,Weekend,Winter,No,51.65,71.49,31.43
2023-01-14 22:00,1,22,Weekend,Winter,No,49.37,71.29,17.53
2023-01-14 23:00,1,23,Weekend,Winter,No,47.76,70.49,29.13
2023-01-15 00:00,1,0,Weekend,Winter,No,48.72,70.87,8.29
2023-01-15 01:00,1,1,Weekend,Winter,No,48.22,70.75,15.37
2023-01-15 02:00,1,2,Weekend,Winter,No,45.26,70.3,9.65
2023-01-15 03:00,1,3,Weekend,Winter,No,45.74,70.8,12.82
2023-01-15 04:00,1,4,Weekend,Winter,No,46.94,70.64,12.08
2023-01-15 05:00,1,5,Weekend,Winter,No,49.36,71.22,12.63
2023-01-15 06:00,1,6,Weekend,Winter,No,51.08,71.23,22.12
2023-01-15 07:00,1,7,Weekend,Winter,No,48.14,70.18,14.3
2023-01-15 08:00,1,8,Weekend,Winter,No,50.14,71.72,17.85
2023-01-15 09:00,1,9,Weekend,Winter,No,54.74,72.06,24.83
2023-01-15 10:00,1,10,Weekend,Winter,No,58.36,71.8,22.07
2023-01-15 11:00,1,11,Weekend,Winter,No,62.39,72.45,19.36
2023-01-15 12:00,1,12,Weekend,Winter,No,65.72,73.33,23.7
2023-01-15 13:00,1,13,Weekend,Winter,No,67.55,73.26,24.69
2023-01-15 14:00,1,14,Weekend,Winter,No,68.0,73.47,28.82
2023-01-15 15:00,1,15,Weekend,Winter,No,67.37,73.08,25.46
2023-01-15 16:00,1,16,Weekend,Winter,No,66.4,72.61,23.38
2023-01-15 17:00,1,17,Weekend,Winter,No,64.86,72.36,34.59
2023-01-15 18:00,1,18,Weekend,Winter,No,64.04,72.65,28.61
2023-01-15 19:00,1,19,Weekend,Winter,No,64.04,72.9,29.54
2023-01-15 20:00,1,20,Weekend,Winter,No,62.89,72.34,32.31
2023-01-15 21:00,1,21,Weekend,Winter,No,62.58,71.66,39.96
2023-01-15 22:00,1,22,Weekend,Winter,No,62.44,73.38,32.86
2023-01-15 23:00,1,23,Weekend,Winter,No,61.43,71.93,31.82
2023-01-16 00:00,1,0,Weekday,Winter,No,61.61,73.4,26.84
2023-01-16 01:00,1,1,Weekday,Winter,No,61.43,72.86,25.78
2023-01-16 02:00,1,2,Weekday,Winter,No,60.98,71.98,21.59
2023-01-16 03:00,1,3,Weekday,Winter,No,59.2,72.61,18.35
2023-01-16 04:00,1,4,Weekday,Winter,No,58.55,72.43,16.66
2023-01-16 05:00,1,5,Weekday,Winter,No,59.0,71.38,23.34
2023-01-16 06:00,1,6,Weekday,Winter,No,57.85,72.91,22.73
2023-01-16 07:00,1,7,Weekday,Winter,No,57.02,71.86,18.65
2023-01-16 08:00,1,8,Weekday,Winter,Yes,57.54,71.29,21.01
2023-01-16 09:00,1,9,Weekday,Winter,Yes,59.7,71.54,10.98
2023-01-16 10:00,1,10,Weekday,Winter,Yes,61.61,71.17,23.83
2023-01-16 11:00,1,11,Weekday,Winter,Yes,63.22,72.49,26.2
2023-01-16 12:00,1,12,Weekday,Winter,Yes,64.04,72.23,26.53
2023-01-16 13:00,1,13,Weekday,Winter,Yes,64.04,72.37,29.0
2023-01-16 14:00,1,14,Weekday,Winter,Yes,64.04,71.75,21.92
2023-01-16 15:00,1,15,Weekday,Winter,Yes,64.56,72.28,22.74
2023-01-16 16:00,1,16,Weekday,Winter,Yes,65.57,71.53,25.03
2023-01-16 17:00,1,17,Weekday,Winter,Yes,64.24,71.84,42.15
2023-01-16 18:00,1,18,Weekday,Winter,No,61.28,73.32,29.98
2023-01-16 19:00,1,19,Weekday,Winter,No,59.45,72.83,26.95
2023-01-16 20:00,1,20,Weekday,Winter,No,57.22,70.89,29.16
2023-01-16 21:00,1,21,Weekday,Winter,No,55.42,71.99,27.0
2023-01-16 22:00,1,22,Weekday,Winter,No,54.41,71.59,26.9
2023-01-16 23:00,1,23,Weekday,Winter,No,52.8,71.59,31.23
2023-01-17 00:00,1,0,Weekday,Winter,No,51.98,71.25,15.68
2023-01-17 01:00,1,1,Weekday,Winter,No,51.98,71.22,17.44
2023-01-17 02:00,1,2,Weekday,Winter,No,51.98,70.96,12.99
2023-01-17 03:00,1,3,Weekday,Winter,No,50.82,71.06,15.46
2023-01-17 04:00,1,4,Weekday,Winter,No,50.0,71.04,16.08
2023-01-17 05:00,1,5,Weekday,Winter,No,49.37,70.08,16.61
2023-01-17 06:00,1,6,Weekday,Winter,No,48.92,70.6,20.35
2023-01-17 07:00,1,7,Weekday,Winter,No,48.92,71.17,18.48
2023-01-17 08:00,1,8,Weekday,Winter,Yes,49.55,70.1,21.49
2023-01-17 09:00,1,9,Weekday,Winter,Yes,51.16,70.56,12.5
2023-01-17 10:00,1,10,Weekday,Winter,Yes,53.76,71.2,18.85
2023-01-17 11:00,1,11,Weekday,Winter,Yes,56.2,71.39,19.01
2023-01-17 12:00,1,12,Weekday,Winter,Yes,58.18,70.63,21.92
2023-01-17 13:00,1,13,Weekday,Winter,Yes,60.16,71.58,25.02
2023-01-17 14:00,1,14,Weekday,Winter,Yes,61.61,70.98,24.22
2023-01-17 15:00,1,15,Weekday,Winter,Yes,62.58,71.93,27.87
2023-01-17 16:00,1,16,Weekday,Winter,Yes,61.28,70.91,23.05
2023-01-17 17:00,1,17,Weekday,Winter,Yes,57.66,71.57,32.12
2023-01-17 18:00,1,18,Weekday,Winter,No,54.78,72.36,26.65
2023-01-17 19:00,1,19,Weekday,Winter,No,51.65,71.18,25.46
2023-01-17 20:00,1,20,Weekday,Winter,No,49.37,71.1,29.22
2023-01-17 21:00,1,21,Weekday,Winter,No,47.76,70.87,18.56
2023-01-17 22:00,1,22,Weekday,Winter,No,47.57,70.5,24.81
2023-01-17 23:00,1,23,Weekday,Winter,No,45.08,70.41,17.37
2023-01-18 00:00,1,0,Weekday,Winter,No,41.2,68.94,9.76
2023-01-18 01:00,1,1,Weekday,Winter,No,39.92,69.34,13.98
2023-01-18 02:00,1,2,Weekday,Winter,No,40.55,69.84,6.37
2023-01-18 03:00,1,3,Weekday,Winter,No,40.37,68.97,14.26
2023-01-18 04:00,1,4,Weekday,Winter,No,39.4,69.32,6.68
2023-01-18 05:00,1,5,Weekday,Winter,No,38.39,69.19,10.19
2023-01-18 06:00,1,6,Weekday,Winter,No,38.57,69.51,10.23
2023-01-18 07:00,1,7,Weekday,Winter,No,39.54,69.77,9.04
2023-01-18 08:00,1,8,Weekday,Winter,Yes,41.7,68.69,10.46
2023-01-18 09:00,1,9,Weekday,Winter,Yes,46.44,70.03,18.55
2023-01-18 10:00,1,10,Weekday,Winter,Yes,51.34,70.33,7.71
2023-01-18 11:00,1,11,Weekday,Winter,Yes,54.74,71.06,20.96
2023-01-18 12:00,1,12,Weekday,Winter,Yes,56.57,71.58,17.65
2023-01-18 13:00,1,13,Weekday,Winter,Yes,57.54,71.12,22.47
2023-01-18 14:00,1,14,Weekday,Winter,Yes,57.4,71.8,17.92
2023-01-18 15:00,1,15,Weekday,Winter,Yes,57.54,71.6,17.58
2023-01-18 16:00,1,16,Weekday,Winter,Yes,57.4,70.55,8.94
2023-01-18 17:00,1,17,Weekday,Winter,Yes,54.08,71.29,26.36
2023-01-18 18:00,1,18,Weekday,Winter,No,50.82,71.7,22.05
2023-01-18 19:00,1,19,Weekday,Winter,No,49.37,70.98,24.28
2023-01-18 20:00,1,20,Weekday,Winter,No,46.61,69.79,19.64
2023-01-18 21:00,1,21,Weekday,Winter,No,42.65,70.2,24.92
2023-01-18 22:00,1,22,Weekday,Winter,No,39.22,70.2,11.54
2023-01-18 23:00,1,23,Weekday,Winter,No,36.78,69.57,20.24
2023-01-19 00:00,1,0,Weekday,Winter,No,35.96,68.88,2.48
2023-01-19 01:00,1,1,Weekday,Winter,No,34.8,68.44,0.0
2023-01-19 02:00,1,2,Weekday,Winter,No,32.83,68.91,6.9
2023-01-19 03:00,1,3,Weekday,Winter,No,30.84,68.42,0.72
2023-01-19 04:00,1,4,Weekday,Winter,No,30.54,68.35,0.0
2023-01-19 05:00,1,5,Weekday,Winter,No,29.76,68.81,2.61
2023-01-19 06:00,1,6,Weekday,Winter,No,30.1,68.19,0.0
2023-01-19 07:00,1,7,Weekday,Winter,No,31.55,69.55,4.52
2023-01-19 08:00,1,8,Weekday,Winter,Yes,36.62,68.8,9.55
2023-01-19 09:00,1,9,Weekday,Winter,Yes,42.86,69.92,14.48
2023-01-19 10:00,1,10,Weekday,Winter,Yes,46.74,68.9,8.03
2023-01-19 11:00,1,11,Weekday,Winter,Yes,51.48,70.67,20.35
2023-01-19 12:00,1,12,Weekday,Winter,Yes,55.74,70.44,23.68
2023-01-19 13:00,1,13,Weekday,Winter,Yes,58.18,71.19,19.8
2023-01-19 14:00,1,14,Weekday,Winter,Yes,60.78,71.47,23.52
2023-01-19 15:00,1,15,Weekday,Winter,Yes,62.06,71.65,25.61
2023-01-19 16:00,1,16,Weekday,Winter,Yes,61.43,72.18,24.57
2023-01-19 17:00,1,17,Weekday,Winter,Yes,59.82,71.02,31.45
2023-01-19 18:00,1,18,Weekday,Winter,No,57.22,70.99,28.53
2023-01-19 19:00,1,19,Weekday,Winter,No,53.63,71.61,26.05
2023-01-19 20:00,1,20,Weekday,Winter,No,49.67,70.5,25.02
2023-01-19 21:00,1,21,Weekday,Winter,No,46.24,69.53,22.68
2023-01-19 22:00,1,22,Weekday,Winter,No,44.44,69.84,20.77
2023-01-19 23:00,1,23,Weekday,Winter,No,42.28,70.18,20.31
2023-01-20 00:00,1,0,Weekday,Winter,No,38.69,69.77,5.35
2023-01-20 01:00,1,1,Weekday,Winter,No,37.56,69.02,8.75
2023-01-20 02:00,1,2,Weekday,Winter,No,36.26,69.35,7.41
2023-01-20 03:00,1,3,Weekday,Winter,No,35.06,68.71,3.18
2023-01-20 04:00,1,4,Weekday,Winter,No,33.9,68.57,10.28
2023-01-20 05:00,1,5,Weekday,Winter,No,32.45,68.69,6.71
2023-01-20 06:00,1,6,Weekday,Winter,No,32.63,68.84,6.42
2023-01-20 07:00,1,7,Weekday,Winter,No,31.82,69.49,0.56
2023-01-20 08:00,1,8,Weekday,Winter,Yes,35.02,68.2,4.54
2023-01-20 09:00,1,9,Weekday,Winter,Yes,43.19,69.58,4.58
2023-01-20 10:00,1,10,Weekday,Winter,Yes,49.36,70.34,14.45
2023-01-20 11:00,1,11,Weekday,Winter,Yes,52.24,70.53,11.35
2023-01-20 12:00,1,12,Weekday,Winter,Yes,54.22,70.53,13.96
2023-01-20 13:00,1,13,Weekday,Winter,Yes,56.2,71.38,22.12
2023-01-20 14:00,1,14,Weekday,Winter,Yes,57.54,71.14,16.76
2023-01-20 15:00,1,15,Weekday,Winter,Yes,58.55,70.63,27.15
2023-01-20 16:00,1,16,Weekday,Winter,Yes,57.85,71.85,23.89
2023-01-20 17:00,1,17,Weekday,Winter,Yes,54.71,70.9,30.41
2023-01-20 18:00,1,18,Weekday,Winter,No,51.28,71.51,26.42
2023-01-20 19:00,1,19,Weekday,Winter,No,48.22,70.51,23.96
2023-01-20 20:00,1,20,Weekday,Winter,No,44.63,70.85,29.63
2023-01-20 21:00,1,21,Weekday,Winter,No,41.82,69.66,15.39
2023-01-20 22:00,1,22,Weekday,Winter,No,38.06,70.47,14.68
2023-01-20 23:00,1,23,Weekday,Winter,No,34.8,68.94,14.04
2023-01-21 00:00,1,0,Weekend,Winter,No,33.98,68.3,9.26
2023-01-21 01:00,1,1,Weekend,Winter,No,32.83,68.7,0.0
2023-01-21 02:00,1,2,Weekend,Winter,No,32.0,69.31,0.0
2023-01-21 03:00,1,3,Weekend,Winter,No,32.0,68.62,0.0
2023-01-21 04:00,1,4,Weekend,Winter,No,32.0,69.36,6.48
2023-01-21 05:00,1,5,Weekend,Winter,No,32.0,68.6,4.61
2023-01-21 06:00,1,6,Weekend,Winter,No,32.0,68.24,3.93
2023-01-21 07:00,1,7,Weekend,Winter,No,32.0,69.02,0.0
2023-01-21 08:00,1,8,Weekend,Winter,No,36.1,69.23,5.79
2023-01-21 09:00,1,9,Weekend,Winter,No,43.64,71.31,9.44
2023-01-21 10:00,1,10,Weekend,Winter,No,49.88,71.36,14.4
2023-01-21 11:00,1,11,Weekend,Winter,No,55.44,71.9,20.95
2023-01-21 12:00,1,12,Weekend,Winter,No,59.7,72.36,25.65
2023-01-21 13:00,1,13,Weekend,Winter,No,62.14,72.39,18.39
2023-01-21 14:00,1,14,Weekend,Winter,No,64.74,71.94,17.46
2023-01-21 15:00,1,15,Weekend,Winter,No,66.54,73.22,19.75
2023-01-21 16:00,1,16,Weekend,Winter,No,65.76,72.65,28.29
2023-01-21 17:00,1,17,Weekend,Winter,No,62.1,72.88,37.2
2023-01-21 18:00,1,18,Weekend,Winter,No,56.51,70.93,26.64
2023-01-21 19:00,1,19,Weekend,Winter,No,52.8,71.81,28.16
2023-01-21 20:00,1,20,Weekend,Winter,No,48.52,70.06,19.79
2023-01-21 21:00,1,21,Weekend,Winter,No,43.73,70.57,25.21
2023-01-21 22:00,1,22,Weekend,Winter,No,41.45,69.57,22.59
2023-01-21 23:00,1,23,Weekend,Winter,No,39.84,69.25,16.27
2023-01-22 00:00,1,0,Weekend,Winter,No,38.39,70.08,4.83
2023-01-22 01:00,1,1,Weekend,Winter,No,37.42,69.44,4.73
2023-01-22 02:00,1,2,Weekend,Winter,No,37.56,69.28,0.02
2023-01-22 03:00,1,3,Weekend,Winter,No,37.94,70.13,14.17
2023-01-22 04:00,1,4,Weekend,Winter,No,37.94,69.24,6.78
2023-01-22 05:00,1,5,Weekend,Winter,No,37.42,68.97,6.05
2023-01-22 06:00,1,6,Weekend,Winter,No,37.04,68.83,17.09
2023-01-22 07:00,1,7,Weekend,Winter,No,38.2,69.48,9.84
2023-01-22 08:00,1,8,Weekend,Winter,No,44.27,70.3,6.21
2023-01-22 09:00,1,9,Weekend,Winter,No,51.48,71.53,12.86
2023-01-22 10:00,1,10,Weekend,Winter,No,58.06,71.53,28.36
2023-01-22 11:00,1,11,Weekend,Winter,No,63.29,72.84,27.42
2023-01-22 12:00,1,12,Weekend,Winter,No,66.72,72.63,31.44
2023-01-22 13:00,1,13,Weekend,Winter,No,68.63,72.85,27.84
2023-01-22 14:00,1,14,Weekend,Winter,No,69.08,73.56,20.05
2023-01-22 15:00,1,15,Weekend,Winter,No,69.08,73.42,29.29
2023-01-22 16:00,1,16,Weekend,Winter,No,67.82,72.91,14.92
2023-01-22 17:00,1,17,Weekend,Winter,No,64.61,72.52,27.94
2023-01-22 18:00,1,18,Weekend,Winter,No,60.02,72.05,30.28
2023-01-22 19:00,1,19,Weekend,Winter,No,57.4,71.81,30.93
2023-01-22 20:00,1,20,Weekend,Winter,No,57.02,71.26,34.8
2023-01-22 21:00,1,21,Weekend,Winter,No,54.71,70.71,27.99
2023-01-22 22:00,1,22,Weekend,Winter,No,50.12,71.28,19.42
2023-01-22 23:00,1,23,Weekend,Winter,No,46.24,71.07,26.45
2023-01-23 00:00,1,0,Weekday,Winter,No,45.59,69.7,5.31
2023-01-23 01:00,1,1,Weekday,Winter,No,44.89,69.92,9.08
2023-01-23 02:00,1,2,Weekday,Winter,No,43.43,70.34,8.31
2023-01-23 03:00,1,3,Weekday,Winter,No,41.82,69.7,9.01
2023-01-23 04:00,1,4,Weekday,Winter,No,41.0,69.61,2.41
2023-01-23 05:00,1,5,Weekday,Winter,No,39.84,69.54,15.3
2023-01-23 06:00,1,6,Weekday,Winter,No,39.02,70.07,8.98
2023-01-23 07:00,1,7,Weekday,Winter,No,39.54,70.21,5.47
2023-01-23 08:00,1,8,Weekday,Winter,Yes,42.34,68.58,16.28
2023-01-23 09:00,1,9,Weekday,Winter,Yes,45.74,70.56,13.45
2023-01-23 10:00,1,10,Weekday,Winter,Yes,48.1,69.45,19.5
2023-01-23 11:00,1,11,Weekday,Winter,Yes,50.7,70.19,13.76
2023-01-23 12:00,1,12,Weekday,Winter,Yes,53.14,70.47,17.43
2023-01-23 13:00,1,13,Weekday,Winter,Yes,50.5,69.9,17.58
2023-01-23 14:00,1,14,Weekday,Winter,Yes,47.39,69.8,8.19
2023-01-23 15:00,1,15,Weekday,Winter,Yes,46.94,69.95,13.06
2023-01-23 16:00,1,16,Weekday,Winter,Yes,46.42,70.1,13.54
2023-01-23 17:00,1,17,Weekday,Winter,Yes,44.89,70.24,24.84
2023-01-23 18:00,1,18,Weekday,Winter,No,44.58,69.94,16.92
2023-01-23 19:00,1,19,Weekday,Winter,No,43.8,70.32,21.52
2023-01-23 20:00,1,20,Weekday,Winter,No,40.67,69.92,24.41
2023-01-23 21:00,1,21,Weekday,Winter,No,39.54,69.65,21.5
2023-01-23 22:00,1,22,Weekday,Winter,No,36.46,69.41,16.72
2023-01-23 23:00,1,23,Weekday,Winter,No,33.98,68.59,10.14
2023-01-24 00:00,1,0,Weekday,Winter,No,32.83,68.18,6.29
2023-01-24 01:00,1,1,Weekday,Winter,No,31.37,68.53,1.57
2023-01-24 02:00,1,2,Weekday,Winter,No,30.92,68.32,2.2
2023-01-24 03:00,1,3,Weekday,Winter,No,30.92,68.09,2.96
2023-01-24 04:00,1,4,Weekday,Winter,No,30.4,68.25,3.74
2023-01-24 05:00,1,5,Weekday,Winter,No,29.39,67.9,2.03
2023-01-24 06:00,1,6,Weekday,Winter,No,27.26,67.99,0.0
2023-01-24 07:00,1,7,Weekday,Winter,No,26.58,67.99,4.37
2023-01-24 08:00,1,8,Weekday,Winter,Yes,31.06,67.23,2.65
2023-01-24 09:00,1,9,Weekday,Winter,Yes,36.29,68.43,3.22
2023-01-24 10:00,1,10,Weekday,Winter,Yes,40.36,68.81,10.55
2023-01-24 11:00,1,11,Weekday,Winter,Yes,43.76,69.69,12.83
2023-01-24 12:00,1,12,Weekday,Winter,Yes,47.27,69.56,14.0
2023-01-24 13:00,1,13,Weekday,Winter,Yes,50.18,70.13,16.56
2023-01-24 14:00,1,14,Weekday,Winter,Yes,52.76,70.72,18.52
2023-01-24 15:00,1,15,Weekday,Winter,Yes,54.59,70.6,18.57
2023-01-24 16:00,1,16,Weekday,Winter,Yes,55.04,71.48,16.22
2023-01-24 17:00,1,17,Weekday,Winter,Yes,52.73,69.36,29.59
2023-01-24 18:00,1,18,Weekday,Winter,No,49.82,71.05,30.22
2023-01-24 19:00,1,19,Weekday,Winter,No,46.61,69.93,18.04
2023-01-24 20:00,1,20,Weekday,Winter,No,44.96,70.4,16.95
2023-01-24 21:00,1,21,Weekday,Winter,No,40.34,68.98,18.61
2023-01-24 22:00,1,22,Weekday,Winter,No,35.26,68.65,11.05
2023-01-24 23:00,1,23,Weekday,Winter,No,33.98,68.61,2.89
2023-01-25 00:00,1,0,Weekday,Winter,No,39.23,69.74,7.33
2023-01-25 01:00,1,1,Weekday,Winter,No,44.14,70.44,11.57
2023-01-25 02:00,1,2,Weekday,Winter,No,42.65,69.97,15.68
2023-01-25 03:00,1,3,Weekday,Winter,No,43.31,69.59,6.6
2023-01-25 04:00,1,4,Weekday,Winter,No,44.96,69.67,15.9
2023-01-25 05:00,1,5,Weekday,Winter,No,44.44,69.85,13.53
2023-01-25 06:00,1,6,Weekday,Winter,No,42.9,70.72,11.4
2023-01-25 07:00,1,7,Weekday,Winter,No,43.76,70.69,12.58
2023-01-25 08:00,1,8,Weekday,Winter,Yes,47.27,70.63,12.45
2023-01-25 09:00,1,9,Weekday,Winter,Yes,51.86,70.98,12.51
2023-01-25 10:00,1,10,Weekday,Winter,Yes,55.74,71.11,19.89
2023-01-25 11:00,1,11,Weekday,Winter,Yes,58.8,70.17,22.23
2023-01-25 12:00,1,12,Weekday,Winter,Yes,61.24,72.13,15.82
2023-01-25 13:00,1,13,Weekday,Winter,Yes,63.22,72.14,14.14
2023-01-25 14:00,1,14,Weekday,Winter,Yes,65.19,72.14,25.16
2023-01-25 15:00,1,15,Weekday,Winter,Yes,66.02,72.31,25.01
2023-01-25 16:00,1,16,Weekday,Winter,Yes,65.39,71.0,25.0
2023-01-25 17:00,1,17,Weekday,Winter,Yes,63.78,71.92,26.52
2023-01-25 18:00,1,18,Weekday,Winter,No,60.65,71.99,34.53
2023-01-25 19:00,1,19,Weekday,Winter,No,55.54,71.39,16.96
2023-01-25 20:00,1,20,Weekday,Winter,No,52.43,71.29,27.68
2023-01-25 21:00,1,21,Weekday,Winter,No,53.14,71.18,24.71
2023-01-25 22:00,1,22,Weekday,Winter,No,53.96,70.55,20.05
2023-01-25 23:00,1,23,Weekday,Winter,No,53.43,72.18,30.97
2023-01-26 00:00,1,0,Weekday,Winter,No,52.43,71.0,17.86
2023-01-26 01:00,1,1,Weekday,Winter,No,50.82,71.29,15.26
2023-01-26 02:00,1,2,Weekday,Winter,No,50.0,71.11,16.24
2023-01-26 03:00,1,3,Weekday,Winter,No,42.96,70.72,11.66
2023-01-26 04:00,1,4,Weekday,Winter,No,38.57,70.77,8.02
2023-01-26 05:00,1,5,Weekday,Winter,No,40.17,69.93,0.0
2023-01-26 06:00,1,6,Weekday,Winter,No,40.37,69.95,11.52
2023-01-26 07:00,1,7,Weekday,Winter,No,40.55,69.49,11.7
2023-01-26 08:00,1,8,Weekday,Winter,Yes,46.25,69.91,5.59
2023-01-26 09:00,1,9,Weekday,Winter,Yes,52.94,70.91,17.24
2023-01-26 10:00,1,10,Weekday,Winter,Yes,57.98,71.41,21.82
2023-01-26 11:00,1,11,Weekday,Winter,Yes,62.39,72.16,31.58
2023-01-26 12:00,1,12,Weekday,Winter,Yes,67.5,72.18,33.17
2023-01-26 13:00,1,13,Weekday,Winter,Yes,71.14,71.6,25.99
2023-01-26 14:00,1,14,Weekday,Winter,Yes,73.12,72.67,34.59
2023-01-26 15:00,1,15,Weekday,Winter,Yes,73.94,74.19,28.86
2023-01-26 16:00,1,16,Weekday,Winter,Yes,73.42,73.32,25.61
2023-01-26 17:00,1,17,Weekday,Winter,Yes,70.73,73.5,37.58
2023-01-26 18:00,1,18,Weekday,Winter,No,66.14,72.73,38.66
2023-01-26 19:00,1,19,Weekday,Winter,No,61.1,72.11,34.44
2023-01-26 20:00,1,20,Weekday,Winter,No,55.54,70.92,24.27
2023-01-26 21:00,1,21,Weekday,Winter,No,52.43,71.48,22.25
2023-01-26 22:00,1,22,Weekday,Winter,No,51.46,71.44,25.43
2023-01-26 23:00,1,23,Weekday,Winter,No,49.3,71.24,21.59
2023-01-27 00:00,1,0,Weekday,Winter,No,49.18,71.59,17.51
2023-01-27 01:00,1,1,Weekday,Winter,No,50.0,71.69,18.73
2023-01-27 02:00,1,2,Weekday,Winter,No,49.37,71.19,16.95
2023-01-27 03:00,1,3,Weekday,Winter,No,50.7,70.21,16.36
2023-01-27 04:00,1,4,Weekday,Winter,No,48.52,70.03,20.42
2023-01-27 05:00,1,5,Weekday,Winter,No,47.72,70.05,15.55
2023-01-27 06:00,1,6,Weekday,Winter,No,48.4,70.18,4.85
2023-01-27 07:00,1,7,Weekday,Winter,No,45.71,71.04,14.97
2023-01-27 08:00,1,8,Weekday,Winter,Yes,49.31,69.44,13.02
2023-01-27 09:00,1,9,Weekday,Winter,Yes,55.9,70.45,23.8
2023-01-27 10:00,1,10,Weekday,Winter,Yes,61.49,71.42,27.91
2023-01-27 11:00,1,11,Weekday,Winter,Yes,66.35,71.89,31.22
2023-01-27 12:00,1,12,Weekday,Winter,Yes,69.16,72.66,24.11
2023-01-27 13:00,1,13,Weekday,Winter,Yes,69.46,72.44,32.69
2023-01-27 14:00,1,14,Weekday,Winter,Yes,70.24,72.38,20.37
2023-01-27 15:00,1,15,Weekday,Winter,Yes,70.43,72.34,29.7
2023-01-27 16:00,1,16,Weekday,Winter,Yes,68.82,72.35,26.39
2023-01-27 17:00,1,17,Weekday,Winter,Yes,66.84,73.02,37.62
2023-01-27 18:00,1,18,Weekday,Winter,No,64.24,72.86,38.46
2023-01-27 19:00,1,19,Weekday,Winter,No,61.8,72.08,28.25
2023-01-27 20:00,1,20,Weekday,Winter,No,60.98,72.34,34.54
2023-01-27 21:00,1,21,Weekday,Winter,No,60.98,72.02,35.44
2023-01-27 22:00,1,22,Weekday,Winter,No,59.82,72.68,25.63
2023-01-27 23:00,1,23,Weekday,Winter,No,58.37,72.0,32.73
2023-01-28 00:00,1,0,Weekend,Winter,No,56.76,71.92,15.59
2023-01-28 01:00,1,1,Weekend,Winter,No,55.42,72.05,24.38
2023-01-28 02:00,1,2,Weekend,Winter,No,54.41,72.01,12.91
2023-01-28 03:00,1,3,Weekend,Winter,No,53.96,70.53,18.49
2023-01-28 04:00,1,4,Weekend,Winter,No,52.8,71.19,8.86
2023-01-28 05:00,1,5,Weekend,Winter,No,52.61,71.53,7.64
2023-01-28 06:00,1,6,Weekend,Winter,No,53.06,71.19,15.34
2023-01-28 07:00,1,7,Weekend,Winter,No,51.28,70.31,15.67
2023-01-28 08:00,1,8,Weekend,Winter,No,51.16,71.47,17.7
2023-01-28 09:00,1,9,Weekend,Winter,No,53.76,71.82,22.95
2023-01-28 10:00,1,10,Weekend,Winter,No,56.72,71.84,12.6
2023-01-28 11:00,1,11,Weekend,Winter,No,60.34,73.06,24.27
2023-01-28 12:00,1,12,Weekend,Winter,No,60.9,72.07,18.82
2023-01-28 13:00,1,13,Weekend,Winter,No,58.82,71.87,14.87
2023-01-28 14:00,1,14,Weekend,Winter,No,57.92,71.18,18.7
2023-01-28 15:00,1,15,Weekend,Winter,No,57.92,71.61,16.18
2023-01-28 16:00,1,16,Weekend,Winter,No,57.4,71.84,23.49
2023-01-28 17:00,1,17,Weekend,Winter,No,56.39,70.83,30.97
2023-01-28 18:00,1,18,Weekend,Winter,No,55.42,71.07,25.16
2023-01-28 19:00,1,19,Weekend,Winter,No,54.41,71.34,29.28
2023-01-28 20:00,1,20,Weekend,Winter,No,52.8,70.96,25.71
2023-01-28 21:00,1,21,Weekend,Winter,No,52.61,70.75,25.89
2023-01-28 22:00,1,22,Weekend,Winter,No,52.43,71.15,24.72
2023-01-28 23:00,1,23,Weekend,Winter,No,50.82,70.46,13.8
2023-01-29 00:00,1,0,Weekend,Winter,No,48.22,70.69,5.51
2023-01-29 01:00,1,1,Weekend,Winter,No,48.1,70.83,3.75
2023-01-29 02:00,1,2,Weekend,Winter,No,48.4,69.78,7.81
2023-01-29 03:00,1,3,Weekend,Winter,No,48.54,70.15,9.69
2023-01-29 04:00,1,4,Weekend,Winter,No,48.92,70.87,11.07
2023-01-29 05:00,1,5,Weekend,Winter,No,48.4,71.1,13.17
2023-01-29 06:00,1,6,Weekend,Winter,No,48.02,70.34,19.53
2023-01-29 07:00,1,7,Weekend,Winter,No,48.02,70.8,16.25
2023-01-29 08:00,1,8,Weekend,Winter,No,48.54,70.29,15.94
2023-01-29 09:00,1,9,Weekend,Winter,No,49.55,71.0,15.11
2023-01-29 10:00,1,10,Weekend,Winter,No,50.63,71.14,20.87
2023-01-29 11:00,1,11,Weekend,Winter,No,52.24,71.49,16.55
2023-01-29 12:00,1,12,Weekend,Winter,No,53.58,71.7,19.51
2023-01-29 13:00,1,13,Weekend,Winter,No,54.59,72.06,20.05
2023-01-29 14:00,1,14,Weekend,Winter,No,55.57,71.62,18.02
2023-01-29 15:00,1,15,Weekend,Winter,No,56.57,71.54,19.86
2023-01-29 16:00,1,16,Weekend,Winter,No,56.39,71.4,16.9
2023-01-29 17:00,1,17,Weekend,Winter,No,54.26,71.54,30.54
2023-01-29 18:00,1,18,Weekend,Winter,No,53.06,71.73,19.78
2023-01-29 19:00,1,19,Weekend,Winter,No,51.9,71.74,21.91
2023-01-29 20:00,1,20,Weekend,Winter,No,50.45,71.51,23.47
2023-01-29 21:00,1,21,Weekend,Winter,No,48.22,71.2,23.31
2023-01-29 22:00,1,22,Weekend,Winter,No,45.78,70.57,20.26
2023-01-29 23:00,1,23,Weekend,Winter,No,44.96,69.63,25.55
2023-01-30 00:00,1,0,Weekday,Winter,No,42.65,69.78,0.32
2023-01-30 01:00,1,1,Weekday,Winter,No,41.63,69.2,8.23
2023-01-30 02:00,1,2,Weekday,Winter,No,42.6,69.73,11.7
2023-01-30 03:00,1,3,Weekday,Winter,No,42.98,69.52,13.85
2023-01-30 04:00,1,4,Weekday,Winter,No,42.98,69.95,12.33
2023-01-30 05:00,1,5,Weekday,Winter,No,42.98,70.79,3.88
2023-01-30 06:00,1,6,Weekday,Winter,No,40.67,69.61,10.81
2023-01-30 07:00,1,7,Weekday,Winter,No,37.24,69.51,11.57
2023-01-30 08:00,1,8,Weekday,Winter,Yes,35.96,68.15,4.89
2023-01-30 09:00,1,9,Weekday,Winter,Yes,37.12,68.46,12.26
2023-01-30 10:00,1,10,Weekday,Winter,Yes,36.26,67.89,7.2
2023-01-30 11:00,1,11,Weekday,Winter,Yes,34.43,68.29,3.05
2023-01-30 12:00,1,12,Weekday,Winter,Yes,35.76,67.96,5.68
2023-01-30 13:00,1,13,Weekday,Winter,Yes,37.56,67.9,7.41
2023-01-30 14:00,1,14,Weekday,Winter,Yes,36.26,68.75,10.18
2023-01-30 15:00,1,15,Weekday,Winter,Yes,36.74,68.06,6.98
2023-01-30 16:00,1,16,Weekday,Winter,Yes,37.94,68.14,9.49
2023-01-30 17:00,1,17,Weekday,Winter,Yes,37.94,69.53,15.34
2023-01-30 18:00,1,18,Weekday,Winter,No,37.94,69.24,13.89
2023-01-30 19:00,1,19,Weekday,Winter,No,37.42,69.35,21.75
2023-01-30 20:00,1,20,Weekday,Winter,No,35.88,69.02,16.93
2023-01-30 21:00,1,21,Weekday,Winter,No,34.43,68.92,13.67
2023-01-30 22:00,1,22,Weekday,Winter,No,33.46,69.33,11.18
2023-01-30 23:00,1,23,Weekday,Winter,No,32.45,68.08,9.35
2023-01-31 00:00,1,0,Weekday,Winter,No,31.37,69.68,3.64
2023-01-31 01:00,1,1,Weekday,Winter,No,30.4,68.74,0.0
2023-01-31 02:00,1,2,Weekday,Winter,No,29.39,68.95,6.42
2023-01-31 03:00,1,3,Weekday,Winter,No,28.42,68.96,3.41
2023-01-31 04:00,1,4,Weekday,Winter,No,28.04,67.9,0.85
2023-01-31 05:00,1,5,Weekday,Winter,No,28.04,68.31,0.0
2023-01-31 06:00,1,6,Weekday,Winter,No,28.04,67.86,1.56
2023-01-31 07:00,1,7,Weekday,Winter,No,28.04,67.65,3.3
2023-01-31 08:00,1,8,Weekday,Winter,Yes,29.72,67.92,8.13
2023-01-31 09:00,1,9,Weekday,Winter,Yes,33.34,67.69,2.7
2023-01-31 10:00,1,10,Weekday,Winter,Yes,36.74,67.56,3.89
2023-01-31 11:00,1,11,Weekday,Winter,Yes,40.36,69.58,4.93
2023-01-31 12:00,1,12,Weekday,Winter,Yes,43.24,68.92,16.05
2023-01-31 13:00,1,13,Weekday,Winter,Yes,45.22,68.42,9.97
2023-01-31 14:00,1,14,Weekday,Winter,Yes,46.56,69.63,11.13
2023-01-31 15:00,1,15,Weekday,Winter,Yes,48.1,70.63,11.38
2023-01-31 16:00,1,16,Weekday,Winter,Yes,48.4,70.66,12.06
2023-01-31 17:00,1,17,Weekday,Winter,Yes,47.39,70.62,27.12
2023-01-31 18:00,1,18,Weekday,Winter,No,45.78,69.77,15.19
2023-01-31 19:00,1,19,Weekday,Winter,No,43.28,70.1,12.93
2023-01-31 20:00,1,20,Weekday,Winter,No,41.45,70.13,18.47
2023-01-31 21:00,1,21,Weekday,Winter,No,42.05,70.93,19.33
2023-01-31 22:00,1,22,Weekday,Winter,No,43.74,70.04,27.14
2023-01-31 23:00,1,23,Weekday,Winter,No,45.47,70.41,19.09
2023-02-01 00:00,2,0,Weekday,Winter,No,47.16,70.35,14.82
2023-02-01 01:00,2,1,Weekday,Winter,No,48.89,69.91,22.17
2023-02-01 02:00,2,2,Weekday,Winter,No,50.58,71.59,17.82
2023-02-01 03:00,2,3,Weekday,Winter,No,52.31,71.5,11.13
2023-02-01 04:00,2,4,Weekday,Winter,No,52.43,71.08,12.48
2023-02-01 05:00,2,5,Weekday,Winter,No,51.98,71.36,15.46
2023-02-01 06:00,2,6,Weekday,Winter,No,51.98,71.6,17.37
2023-02-01 07:00,2,7,Weekday,Winter,No,52.61,72.45,23.19
2023-02-01 08:00,2,8,Weekday,Winter,Yes,53.58,69.74,18.06
2023-02-01 09:00,2,9,Weekday,Winter,Yes,55.12,70.57,21.86
2023-02-01 10:00,2,10,Weekday,Winter,Yes,56.57,71.04,22.69
2023-02-01 11:00,2,11,Weekday,Winter,Yes,59.33,71.91,9.45
2023-02-01 12:00,2,12,Weekday,Winter,Yes,61.61,71.18,26.86
2023-02-01 13:00,2,13,Weekday,Winter,Yes,62.58,72.68,19.42
2023-02-01 14:00,2,14,Weekday,Winter,Yes,62.44,71.55,30.14
2023-02-01 15:00,2,15,Weekday,Winter,Yes,62.06,71.75,17.64
2023-02-01 16:00,2,16,Weekday,Winter,Yes,62.58,72.35,28.2
2023-02-01 17:00,2,17,Weekday,Winter,Yes,60.65,71.15,36.05
2023-02-01 18:00,2,18,Weekday,Winter,No,57.85,71.85,38.16
2023-02-01 19:00,2,19,Weekday,Winter,No,56.39,72.17,31.68
2023-02-01 20:00,2,20,Weekday,Winter,No,54.26,72.65,25.49
2023-02-01 21:00,2,21,Weekday,Winter,No,53.58,71.73,27.98
2023-02-01 22:00,2,22,Weekday,Winter,No,53.43,71.72,21.25
2023-02-01 23:00,2,23,Weekday,Winter,No,53.06,70.35,21.08
2023-02-02 00:00,2,0,Weekday,Winter,No,52.43,71.25,7.34
2023-02-02 01:00,2,1,Weekday,Winter,No,51.46,71.32,13.38
2023-02-02 02:00,2,2,Weekday,Winter,No,51.08,71.31,18.49
2023-02-02 03:00,2,3,Weekday,Winter,No,51.08,71.77,16.62
2023-02-02 04:00,2,4,Weekday,Winter,No,49.82,70.42,13.45
2023-02-02 05:00,2,5,Weekday,Winter,No,48.4,70.66,17.77
2023-02-02 06:00,2,6,Weekday,Winter,No,48.02,70.94,9.41
2023-02-02 07:00,2,7,Weekday,Winter,No,46.86,69.7,5.49
2023-02-02 08:00,2,8,Weekday,Winter,Yes,48.98,70.16,18.73
2023-02-02 09:00,2,9,Weekday,Winter,Yes,53.92,70.54,13.37
2023-02-02 10:00,2,10,Weekday,Winter,Yes,58.36,71.14,22.59
2023-02-02 11:00,2,11,Weekday,Winter,Yes,61.76,71.39,20.95
2023-02-02 12:00,2,12,Weekday,Winter,Yes,64.11,72.08,32.39
2023-02-02 13:00,2,13,Weekday,Winter,Yes,66.72,73.14,28.96
2023-02-02 14:00,2,14,Weekday,Winter,Yes,68.0,72.25,27.05
2023-02-02 15:00,2,15,Weekday,Winter,Yes,66.84,72.05,26.53
2023-02-02 16:00,2,16,Weekday,Winter,Yes,65.39,72.18,30.98
2023-02-02 17:00,2,17,Weekday,Winter,Yes,63.26,72.35,34.2
2023-02-02 18:00,2,18,Weekday,Winter,No,60.28,72.38,27.65
2023-02-02 19:00,2,19,Weekday,Winter,No,57.85,72.2,30.21
2023-02-02 20:00,2,20,Weekday,Winter,No,56.39,71.67,23.05
2023-02-02 21:00,2,21,Weekday,Winter,No,54.26,71.59,30.81
2023-02-02 22:00,2,22,Weekday,Winter,No,51.9,71.49,28.6
2023-02-02 23:00,2,23,Weekday,Winter,No,50.45,71.65,22.77
2023-02-03 00:00,2,0,Weekday,Winter,No,49.37,70.75,11.82
2023-02-03 01:00,2,1,Weekday,Winter,No,48.4,70.88,9.61
2023-02-03 02:00,2,2,Weekday,Winter,No,46.86,70.6,10.46
2023-02-03 03:00,2,3,Weekday,Winter,No,46.04,69.74,10.74
2023-02-03 04:00,2,4,Weekday,Winter,No,45.41,69.94,19.11
2023-02-03 05:00,2,5,Weekday,Winter,No,44.44,69.6,8.8
2023-02-03 06:00,2,6,Weekday,Winter,No,44.06,70.9,7.99
2023-02-03 07:00,2,7,Weekday,Winter,No,44.06,69.94,13.53
2023-02-03 08:00,2,8,Weekday,Winter,Yes,46.9,69.7,6.49
2023-02-03 09:00,2,9,Weekday,Winter,Yes,52.49,70.92,16.1
2023-02-03 10:00,2,10,Weekday,Winter,Yes,57.35,71.41,23.96
2023-02-03 11:00,2,11,Weekday,Winter,Yes,61.31,70.63,21.16
2023-02-03 12:00,2,12,Weekday,Winter,Yes,64.11,72.68,22.25
2023-02-03 13:00,2,13,Weekday,Winter,Yes,65.57,71.89,25.99
2023-02-03 14:00,2,14,Weekday,Winter,Yes,66.54,72.45,24.24
2023-02-03 15:00,2,15,Weekday,Winter,Yes,66.92,71.97,17.17
2023-02-03 16:00,2,16,Weekday,Winter,Yes,66.92,72.47,26.38
2023-02-03 17:00,2,17,Weekday,Winter,Yes,65.24,72.35,41.82
2023-02-03 18:00,2,18,Weekday,Winter,No,61.73,73.03,32.82
2023-02-03 19:00,2,19,Weekday,Winter,No,58.3,71.93,25.76
2023-02-03 20:00,2,20,Weekday,Winter,No,55.86,71.81,27.94
2023-02-03 21:00,2,21,Weekday,Winter,No,53.88,71.8,31.78
2023-02-03 22:00,2,22,Weekday,Winter,No,50.12,71.7,34.93
2023-02-03 23:00,2,23,Weekday,Winter,No,48.54,70.72,31.73
2023-02-04 00:00,2,0,Weekend,Winter,No,49.55,70.58,11.05
2023-02-04 01:00,2,1,Weekend,Winter,No,49.37,70.44,10.67
2023-02-04 02:00,2,2,Weekend,Winter,No,49.55,70.73,24.65
2023-02-04 03:00,2,3,Weekend,Winter,No,48.84,71.95,12.8
2023-02-04 04:00,2,4,Weekend,Winter,No,48.02,71.26,7.63
2023-02-04 05:00,2,5,Weekend,Winter,No,47.39,70.74,13.07
2023-02-04 06:00,2,6,Weekend,Winter,No,48.1,70.66,9.67
2023-02-04 07:00,2,7,Weekend,Winter,No,47.76,70.47,7.04
2023-02-04 08:00,2,8,Weekend,Winter,No,48.72,71.8,6.5
2023-02-04 09:00,2,9,Weekend,Winter,No,50.63,70.32,21.53
2023-02-04 10:00,2,10,Weekend,Winter,No,50.45,70.8,18.22
2023-02-04 11:00,2,11,Weekend,Winter,No,50.0,70.96,17.11
2023-02-04 12:00,2,12,Weekend,Winter,No,47.69,71.14,14.95
2023-02-04 13:00,2,13,Weekend,Winter,No,46.04,70.75,14.67
2023-02-04 14:00,2,14,Weekend,Winter,No,46.04,70.52,8.61
2023-02-04 15:00,2,15,Weekend,Winter,No,47.72,70.92,16.26
2023-02-04 16:00,2,16,Weekend,Winter,No,47.76,71.01,17.73
2023-02-04 17:00,2,17,Weekend,Winter,No,45.78,71.0,21.71
2023-02-04 18:00,2,18,Weekend,Winter,No,44.96,71.32,23.64
2023-02-04 19:00,2,19,Weekend,Winter,No,44.96,71.27,15.55
2023-02-04 20:00,2,20,Weekend,Winter,No,43.8,70.43,10.65
2023-02-04 21:00,2,21,Weekend,Winter,No,42.46,69.65,19.93
2023-02-04 22:00,2,22,Weekend,Winter,No,41.45,70.45,18.52
2023-02-04 23:00,2,23,Weekend,Winter,No,40.37,70.05,13.5
2023-02-05 00:00,2,0,Weekend,Winter,No,39.92,68.82,11.02
2023-02-05 01:00,2,1,Weekend,Winter,No,39.4,68.91,6.98
2023-02-05 02:00,2,2,Weekend,Winter,No,39.02,68.88,9.24
2023-02-05 03:00,2,3,Weekend,Winter,No,37.86,69.7,0.0
2023-02-05 04:00,2,4,Weekend,Winter,No,37.04,68.61,11.3
2023-02-05 05:00,2,5,Weekend,Winter,No,37.04,70.06,5.05
2023-02-05 06:00,2,6,Weekend,Winter,No,36.41,69.39,0.0
2023-02-05 07:00,2,7,Weekend,Winter,No,36.59,68.93,5.73
2023-02-05 08:00,2,8,Weekend,Winter,No,39.98,70.46,5.71
2023-02-05 09:00,2,9,Weekend,Winter,No,45.54,69.87,9.93
2023-02-05 10:00,2,10,Weekend,Winter,No,50.33,70.43,13.87
2023-02-05 11:00,2,11,Weekend,Winter,No,54.29,71.64,16.65
2023-02-05 12:00,2,12,Weekend,Winter,No,57.1,71.38,19.32
2023-02-05 13:00,2,13,Weekend,Winter,No,59.18,71.74,22.83
2023-02-05 14:00,2,14,Weekend,Winter,No,61.24,72.59,26.02
2023-02-05 15:00,2,15,Weekend,Winter,No,62.06,72.79,19.61
2023-02-05 16:00,2,16,Weekend,Winter,No,61.43,72.45,29.53
2023-02-05 17:00,2,17,Weekend,Winter,No,59.2,72.24,26.29
2023-02-05 18:00,2,18,Weekend,Winter,No,55.61,71.95,25.69
2023-02-05 19:00,2,19,Weekend,Winter,No,52.28,70.85,24.43
2023-02-05 20:00,2,20,Weekend,Winter,No,48.14,69.83,20.76
2023-02-05 21:00,2,21,Weekend,Winter,No,44.89,70.54,20.61
2023-02-05 22:00,2,22,Weekend,Winter,No,44.06,69.82,20.53
2023-02-05 23:00,2,23,Weekend,Winter,No,44.06,70.3,16.27
2023-02-06 00:00,2,0,Weekday,Winter,No,44.58,70.39,16.47
2023-02-06 01:00,2,1,Weekday,Winter,No,43.8,70.49,12.12
2023-02-06 02:00,2,2,Weekday,Winter,No,44.14,69.87,9.39
2023-02-06 03:00,2,3,Weekday,Winter,No,46.74,70.47,8.74
2023-02-06 04:00,2,4,Weekday,Winter,No,48.54,71.69,17.17
2023-02-06 05:00,2,5,Weekday,Winter,No,48.92,70.04,18.09
2023-02-06 06:00,2,6,Weekday,Winter,No,48.92,70.78,14.51
2023-02-06 07:00,2,7,Weekday,Winter,No,48.92,70.17,17.32
2023-02-06 08:00,2,8,Weekday,Winter,Yes,49.55,69.73,15.33
2023-02-06 09:00,2,9,Weekday,Winter,Yes,51.78,70.83,12.5
2023-02-06 10:00,2,10,Weekday,Winter,Yes,53.58,71.06,11.05
2023-02-06 11:00,2,11,Weekday,Winter,Yes,55.12,70.98,24.0
2023-02-06 12:00,2,12,Weekday,Winter,Yes,57.72,71.26,24.09
2023-02-06 13:00,2,13,Weekday,Winter,Yes,60.16,71.43,23.82
2023-02-06 14:00,2,14,Weekday,Winter,Yes,61.61,71.82,26.45
2023-02-06 15:00,2,15,Weekday,Winter,Yes,61.43,71.79,31.82
2023-02-06 16:00,2,16,Weekday,Winter,Yes,59.82,71.18,24.39
2023-02-06 17:00,2,17,Weekday,Winter,Yes,58.37,71.69,33.01
2023-02-06 18:00,2,18,Weekday,Winter,No,50.99,70.94,24.28
2023-02-06 19:00,2,19,Weekday,Winter,No,44.89,70.39,22.85
2023-02-06 20:00,2,20,Weekday,Winter,No,42.9,70.78,27.65
2023-02-06 21:00,2,21,Weekday,Winter,No,40.3,69.9,21.49
2023-02-06 22:00,2,22,Weekday,Winter,No,37.86,69.31,15.2
2023-02-06 23:00,2,23,Weekday,Winter,No,35.88,69.95,17.1
2023-02-07 00:00,2,0,Weekday,Winter,No,33.9,68.74,2.99
2023-02-07 01:00,2,1,Weekday,Winter,No,34.24,68.85,11.49
2023-02-07 02:00,2,2,Weekday,Winter,No,35.06,68.32,1.46
2023-02-07 03:00,2,3,Weekday,Winter,No,34.43,68.75,11.2
2023-02-07 04:00,2,4,Weekday,Winter,No,33.46,68.46,5.64
2023-02-07 05:00,2,5,Weekday,Winter,No,32.45,68.32,3.37
2023-02-07 06:00,2,6,Weekday,Winter,No,31.37,68.83,0.0
2023-02-07 07:00,2,7,Weekday,Winter,No,30.92,69.14,0.64
2023-02-07 08:00,2,8,Weekday,Winter,Yes,33.86,68.45,0.0
2023-02-07 09:00,2,9,Weekday,Winter,Yes,38.9,69.3,7.3
2023-02-07 10:00,2,10,Weekday,Winter,Yes,43.31,69.66,5.02
2023-02-07 11:00,2,11,Weekday,Winter,Yes,46.11,69.78,18.75
2023-02-07 12:00,2,12,Weekday,Winter,Yes,48.72,69.15,19.42
2023-02-07 13:00,2,13,Weekday,Winter,Yes,50.63,69.78,16.63
2023-02-07 14:00,2,14,Weekday,Winter,Yes,51.6,70.24,19.7
2023-02-07 15:00,2,15,Weekday,Winter,Yes,53.14,70.13,16.39
2023-02-07 16:00,2,16,Weekday,Winter,Yes,54.59,70.46,16.82
2023-02-07 17:00,2,17,Weekday,Winter,Yes,52.73,70.31,23.94
2023-02-07 18:00,2,18,Weekday,Winter,No,49.82,71.27,27.36
2023-02-07 19:00,2,19,Weekday,Winter,No,47.24,70.72,28.17
2023-02-07 20:00,2,20,Weekday,Winter,No,45.41,70.4,25.05
2023-02-07 21:00,2,21,Weekday,Winter,No,43.8,69.69,16.18
2023-02-07 22:00,2,22,Weekday,Winter,No,41.2,70.47,17.75
2023-02-07 23:00,2,23,Weekday,Winter,No,41.18,70.56,23.88
2023-02-08 00:00,2,0,Weekday,Winter,No,41.45,69.98,8.72
2023-02-08 01:00,2,1,Weekday,Winter,No,41.0,69.5,6.82
2023-02-08 02:00,2,2,Weekday,Winter,No,41.0,69.92,8.02
2023-02-08 03:00,2,3,Weekday,Winter,No,41.0,69.45,4.35
2023-02-08 04:00,2,4,Weekday,Winter,No,40.37,70.26,10.19
2023-02-08 05:00,2,5,Weekday,Winter,No,40.55,70.09,2.67
2023-02-08 06:00,2,6,Weekday,Winter,No,41.0,69.38,8.74
2023-02-08 07:00,2,7,Weekday,Winter,No,41.0,69.54,11.84
2023-02-08 08:00,2,8,Weekday,Winter,Yes,43.94,69.55,0.42
2023-02-08 09:00,2,9,Weekday,Winter,Yes,47.72,69.57,12.29
2023-02-08 10:00,2,10,Weekday,Winter,Yes,50.18,69.9,18.78
2023-02-08 11:00,2,11,Weekday,Winter,Yes,52.24,70.27,19.11
2023-02-08 12:00,2,12,Weekday,Winter,Yes,53.58,69.97,16.75
2023-02-08 13:00,2,13,Weekday,Winter,Yes,53.43,70.87,9.21
2023-02-08 14:00,2,14,Weekday,Winter,Yes,48.34,70.79,15.0
2023-02-08 15:00,2,15,Weekday,Winter,Yes,43.28,69.07,9.2
2023-02-08 16:00,2,16,Weekday,Winter,Yes,42.6,68.77,17.04
2023-02-08 17:00,2,17,Weekday,Winter,Yes,42.98,68.86,21.75
2023-02-08 18:00,2,18,Weekday,Winter,No,42.98,69.55,17.99
2023-02-08 19:00,2,19,Weekday,Winter,No,43.61,71.03,22.8
2023-02-08 20:00,2,20,Weekday,Winter,No,44.06,70.13,21.48
2023-02-08 21:00,2,21,Weekday,Winter,No,44.06,69.98,17.3
2023-02-08 22:00,2,22,Weekday,Winter,No,44.06,70.82,25.89
2023-02-08 23:00,2,23,Weekday,Winter,No,43.43,70.43,17.85
2023-02-09 00:00,2,0,Weekday,Winter,No,43.61,70.58,11.42
2023-02-09 01:00,2,1,Weekday,Winter,No,43.43,69.99,12.76
2023-02-09 02:00,2,2,Weekday,Winter,No,43.61,70.45,10.78
2023-02-09 03:00,2,3,Weekday,Winter,No,43.43,71.4,13.31
2023-02-09 04:00,2,4,Weekday,Winter,No,42.98,71.0,8.76
2023-02-09 05:00,2,5,Weekday,Winter,No,42.46,70.19,7.28
2023-02-09 06:00,2,6,Weekday,Winter,No,41.45,69.79,14.27
2023-02-09 07:00,2,7,Weekday,Winter,No,40.37,69.7,10.08
2023-02-09 08:00,2,8,Weekday,Winter,Yes,42.34,68.85,9.55
2023-02-09 09:00,2,9,Weekday,Winter,Yes,45.22,69.5,10.66
2023-02-09 10:00,2,10,Weekday,Winter,Yes,47.72,69.61,13.85
2023-02-09 11:00,2,11,Weekday,Winter,Yes,48.4,69.58,16.31
2023-02-09 12:00,2,12,Weekday,Winter,Yes,48.02,69.97,15.61
2023-02-09 13:00,2,13,Weekday,Winter,Yes,46.86,68.57,12.38
2023-02-09 14:00,2,14,Weekday,Winter,Yes,45.41,69.84,10.4
2023-02-09 15:00,2,15,Weekday,Winter,Yes,44.96,69.57,10.99
2023-02-09 16:00,2,16,Weekday,Winter,Yes,43.8,69.79,7.33
2023-02-09 17:00,2,17,Weekday,Winter,Yes,41.2,68.67,17.89
2023-02-09 18:00,2,18,Weekday,Winter,No,39.92,69.23,15.27
2023-02-09 19:00,2,19,Weekday,Winter,No,39.92,69.66,20.59
2023-02-09 20:00,2,20,Weekday,Winter,No,39.4,69.66,18.94
2023-02-09 21:00,2,21,Weekday,Winter,No,38.39,69.55,13.8
2023-02-09 22:00,2,22,Weekday,Winter,No,37.42,69.27,14.24
2023-02-09 23:00,2,23,Weekday,Winter,No,36.41,69.37,11.93
2023-02-10 00:00,2,0,Weekday,Winter,No,35.96,68.29,8.26
2023-02-10 01:00,2,1,Weekday,Winter,No,35.44,68.08,3.4
2023-02-10 02:00,2,2,Weekday,Winter,No,33.9,68.91,4.97
2023-02-10 03:00,2,3,Weekday,Winter,No,33.08,68.95,7.56
2023-02-10 04:00,2,4,Weekday,Winter,No,32.45,68.66,0.0
2023-02-10 05:00,2,5,Weekday,Winter,No,32.0,68.96,0.0
2023-02-10 06:00,2,6,Weekday,Winter,No,32.0,69.34,5.79
2023-02-10 07:00,2,7,Weekday,Winter,No,32.0,68.34,1.03
2023-02-10 08:00,2,8,Weekday,Winter,Yes,33.78,68.24,0.81
2023-02-10 09:00,2,9,Weekday,Winter,Yes,38.52,69.97,7.67
2023-02-10 10:00,2,10,Weekday,Winter,Yes,43.31,68.92,8.32
2023-02-10 11:00,2,11,Weekday,Winter,Yes,46.11,69.5,14.0
2023-02-10 12:00,2,12,Weekday,Winter,Yes,48.72,69.98,10.93
2023-02-10 13:00,2,13,Weekday,Winter,Yes,50.63,69.69,17.16
2023-02-10 14:00,2,14,Weekday,Winter,Yes,52.24,70.05,16.43
2023-02-10 15:00,2,15,Weekday,Winter,Yes,52.43,70.54,14.64
2023-02-10 16:00,2,16,Weekday,Winter,Yes,51.98,70.69,14.78
2023-02-10 17:00,2,17,Weekday,Winter,Yes,50.82,70.59,28.76
2023-02-10 18:00,2,18,Weekday,Winter,No,48.84,70.37,27.14
2023-02-10 19:00,2,19,Weekday,Winter,No,45.71,70.28,21.07
2023-02-10 20:00,2,20,Weekday,Winter,No,43.43,70.71,27.99
2023-02-10 21:00,2,21,Weekday,Winter,No,41.2,70.74,18.87
2023-02-10 22:00,2,22,Weekday,Winter,No,38.76,69.59,12.35
2023-02-10 23:00,2,23,Weekday,Winter,No,36.26,68.8,21.36
2023-02-11 00:00,2,0,Weekend,Winter,No,34.43,69.19,4.31
2023-02-11 01:00,2,1,Weekend,Winter,No,33.46,69.11,6.86
2023-02-11 02:00,2,2,Weekend,Winter,No,33.08,68.48,1.07
2023-02-11 03:00,2,3,Weekend,Winter,No,32.45,69.3,6.72
2023-02-11 04:00,2,4,Weekend,Winter,No,32.0,69.32,5.69
2023-02-11 05:00,2,5,Weekend,Winter,No,31.37,68.17,0.0
2023-02-11 06:00,2,6,Weekend,Winter,No,30.92,68.75,0.0
2023-02-11 07:00,2,7,Weekend,Winter,No,32.18,68.28,4.29
2023-02-11 08:00,2,8,Weekend,Winter,No,36.54,69.13,10.9
2023-02-11 09:00,2,9,Weekend,Winter,No,41.96,70.21,9.84
2023-02-11 10:00,2,10,Weekend,Winter,No,47.52,70.14,13.57
2023-02-11 11:00,2,11,Weekend,Winter,No,52.31,71.41,20.28
2023-02-11 12:00,2,12,Weekend,Winter,No,54.59,71.29,16.54
2023-02-11 13:00,2,13,Weekend,Winter,No,56.2,72.56,15.69
2023-02-11 14:00,2,14,Weekend,Winter,No,58.18,72.41,16.27
2023-02-11 15:00,2,15,Weekend,Winter,No,59.63,72.39,22.98
2023-02-11 16:00,2,16,Weekend,Winter,No,60.08,72.38,22.81
2023-02-11 17:00,2,17,Weekend,Winter,No,57.14,71.92,34.18
2023-02-11 18:00,2,18,Weekend,Winter,No,53.26,72.11,27.23
2023-02-11 19:00,2,19,Weekend,Winter,No,50.82,70.6,29.86
2023-02-11 20:00,2,20,Weekend,Winter,No,47.69,70.79,24.44
2023-02-11 21:00,2,21,Weekend,Winter,No,45.41,70.9,26.7
2023-02-11 22:00,2,22,Weekend,Winter,No,43.8,70.69,13.3
2023-02-11 23:00,2,23,Weekend,Winter,No,41.2,70.31,14.2
2023-02-12 00:00,2,0,Weekend,Winter,No,40.55,70.48,5.44
2023-02-12 01:00,2,1,Weekend,Winter,No,39.84,70.4,0.0
2023-02-12 02:00,2,2,Weekend,Winter,No,40.17,70.22,16.43
2023-02-12 03:00,2,3,Weekend,Winter,No,41.63,70.76,12.89
2023-02-12 04:00,2,4,Weekend,Winter,No,41.45,69.79,10.63
2023-02-12 05:00,2,5,Weekend,Winter,No,40.37,68.72,7.12
2023-02-12 06:00,2,6,Weekend,Winter,No,39.92,70.09,6.35
2023-02-12 07:00,2,7,Weekend,Winter,No,39.92,70.08,0.41
2023-02-12 08:00,2,8,Weekend,Winter,No,45.17,70.13,8.86
2023-02-12 09:00,2,9,Weekend,Winter,No,51.86,70.99,17.77
2023-02-12 10:00,2,10,Weekend,Winter,No,55.74,71.82,23.13
2023-02-12 11:00,2,11,Weekend,Winter,No,60.48,72.57,21.53
2023-02-12 12:00,2,12,Weekend,Winter,No,64.11,72.96,26.17
2023-02-12 13:00,2,13,Weekend,Winter,No,66.72,73.01,23.81
2023-02-12 14:00,2,14,Weekend,Winter,No,68.63,72.47,26.26
2023-02-12 15:00,2,15,Weekend,Winter,No,68.45,73.22,33.56
2023-02-12 16:00,2,16,Weekend,Winter,No,67.37,72.92,28.67
2023-02-12 17:00,2,17,Weekend,Winter,No,64.61,72.73,38.48
2023-02-12 18:00,2,18,Weekend,Winter,No,60.65,72.99,33.24
2023-02-12 19:00,2,19,Weekend,Winter,No,57.22,71.69,29.46
2023-02-12 20:00,2,20,Weekend,Winter,No,53.1,71.27,21.92
2023-02-12 21:00,2,21,Weekend,Winter,No,49.3,70.25,26.65
2023-02-12 22:00,2,22,Weekend,Winter,No,46.24,70.98,25.02
2023-02-12 23:00,2,23,Weekend,Winter,No,44.44,69.96,27.44
2023-02-13 00:00,2,0,Weekday,Winter,No,44.06,70.12,10.4
2023-02-13 01:00,2,1,Weekday,Winter,No,44.06,70.6,18.86
2023-02-13 02:00,2,2,Weekday,Winter,No,44.06,69.76,10.28
2023-02-13 03:00,2,3,Weekday,Winter,No,44.06,69.97,10.01
2023-02-13 04:00,2,4,Weekday,Winter,No,43.43,70.51,8.25
2023-02-13 05:00,2,5,Weekday,Winter,No,43.61,70.11,7.29
2023-02-13 06:00,2,6,Weekday,Winter,No,43.43,71.26,12.71
2023-02-13 07:00,2,7,Weekday,Winter,No,44.14,70.24,12.08
2023-02-13 08:00,2,8,Weekday,Winter,Yes,48.53,70.68,12.53
2023-02-13 09:00,2,9,Weekday,Winter,Yes,54.54,71.25,17.43
2023-02-13 10:00,2,10,Weekday,Winter,Yes,59.96,71.74,19.56
2023-02-13 11:00,2,11,Weekday,Winter,Yes,64.9,72.07,27.86
2023-02-13 12:00,2,12,Weekday,Winter,Yes,68.7,72.08,25.02
2023-02-13 13:00,2,13,Weekday,Winter,Yes,69.46,72.52,24.21
2023-02-13 14:00,2,14,Weekday,Winter,Yes,70.24,73.13,32.44
2023-02-13 15:00,2,15,Weekday,Winter,Yes,71.06,72.96,28.02
2023-02-13 16:00,2,16,Weekday,Winter,Yes,69.28,72.82,26.61
2023-02-13 17:00,2,17,Weekday,Winter,Yes,65.69,71.52,34.88
2023-02-13 18:00,2,18,Weekday,Winter,No,62.26,71.5,36.35
2023-02-13 19:00,2,19,Weekday,Winter,No,59.2,72.23,33.64
2023-02-13 20:00,2,20,Weekday,Winter,No,54.46,71.49,32.79
2023-02-13 21:00,2,21,Weekday,Winter,No,51.98,71.14,27.07
2023-02-13 22:00,2,22,Weekday,Winter,No,50.2,70.83,27.66
2023-02-13 23:00,2,23,Weekday,Winter,No,47.76,71.17,27.55
2023-02-14 00:00,2,0,Weekday,Winter,No,49.36,71.44,18.75
2023-02-14 01:00,2,1,Weekday,Winter,No,49.82,71.4,15.97
2023-02-14 02:00,2,2,Weekday,Winter,No,46.61,70.76,11.81
2023-02-14 03:00,2,3,Weekday,Winter,No,44.96,69.65,16.12
2023-02-14 04:00,2,4,Weekday,Winter,No,45.59,70.37,11.34
2023-02-14 05:00,2,5,Weekday,Winter,No,46.04,70.9,9.88
2023-02-14 06:00,2,6,Weekday,Winter,No,46.56,70.16,18.13
2023-02-14 07:00,2,7,Weekday,Winter,No,47.57,70.64,13.72
2023-02-14 08:00,2,8,Weekday,Winter,Yes,52.12,70.12,10.14
2023-02-14 09:00,2,9,Weekday,Winter,Yes,56.72,71.57,20.13
2023-02-14 10:00,2,10,Weekday,Winter,Yes,59.7,71.09,22.93
2023-02-14 11:00,2,11,Weekday,Winter,Yes,65.7,71.48,29.4
2023-02-14 12:00,2,12,Weekday,Winter,Yes,71.39,73.33,29.09
2023-02-14 13:00,2,13,Weekday,Winter,Yes,74.72,74.55,27.62
2023-02-14 14:00,2,14,Weekday,Winter,Yes,75.92,73.37,35.22
2023-02-14 15:00,2,15,Weekday,Winter,Yes,75.4,73.3,30.5
2023-02-14 16:00,2,16,Weekday,Winter,Yes,74.39,73.11,30.35
2023-02-14 17:00,2,17,Weekday,Winter,Yes,71.63,72.64,41.13
2023-02-14 18:00,2,18,Weekday,Winter,No,67.67,73.83,40.44
2023-02-14 19:00,2,19,Weekday,Winter,No,64.24,71.98,30.69
2023-02-14 20:00,2,20,Weekday,Winter,No,61.8,73.78,34.19
2023-02-14 21:00,2,21,Weekday,Winter,No,58.04,71.94,39.07
2023-02-14 22:00,2,22,Weekday,Winter,No,55.94,72.57,28.68
2023-02-14 23:00,2,23,Weekday,Winter,No,55.94,72.21,29.05
2023-02-15 00:00,2,0,Weekday,Winter,No,58.36,72.1,23.48
2023-02-15 01:00,2,1,Weekday,Winter,No,60.08,72.04,21.86
2023-02-15 02:00,2,2,Weekday,Winter,No,59.45,72.47,18.1
2023-02-15 03:00,2,3,Weekday,Winter,No,57.85,71.99,14.43
2023-02-15 04:00,2,4,Weekday,Winter,No,56.39,71.15,19.19
2023-02-15 05:00,2,5,Weekday,Winter,No,55.42,71.04,17.09
2023-02-15 06:00,2,6,Weekday,Winter,No,55.04,72.32,21.89
2023-02-15 07:00,2,7,Weekday,Winter,No,56.2,72.75,22.29
2023-02-15 08:00,2,8,Weekday,Winter,Yes,57.02,72.01,23.37
2023-02-15 09:00,2,9,Weekday,Winter,Yes,59.33,71.83,14.62
2023-02-15 10:00,2,10,Weekday,Winter,Yes,63.29,72.1,20.9
2023-02-15 11:00,2,11,Weekday,Winter,Yes,67.36,72.92,26.49
2023-02-15 12:00,2,12,Weekday,Winter,Yes,68.45,72.6,31.14
2023-02-15 13:00,2,13,Weekday,Winter,Yes,67.37,72.75,31.18
2023-02-15 14:00,2,14,Weekday,Winter,Yes,66.92,71.23,29.87
2023-02-15 15:00,2,15,Weekday,Winter,Yes,66.4,72.84,26.18
2023-02-15 16:00,2,16,Weekday,Winter,Yes,66.02,72.33,23.25
2023-02-15 17:00,2,17,Weekday,Winter,Yes,66.54,72.78,35.53
2023-02-15 18:00,2,18,Weekday,Winter,No,65.76,73.43,37.73
2023-02-15 19:00,2,19,Weekday,Winter,No,63.78,73.19,32.75
2023-02-15 20:00,2,20,Weekday,Winter,No,61.8,72.72,32.32
2023-02-15 21:00,2,21,Weekday,Winter,No,61.61,72.09,27.99
2023-02-15 22:00,2,22,Weekday,Winter,No,61.43,72.72,33.7
2023-02-15 23:00,2,23,Weekday,Winter,No,60.98,72.28,32.75
2023-02-16 00:00,2,0,Weekday,Winter,No,60.46,72.62,27.61
2023-02-16 01:00,2,1,Weekday,Winter,No,59.45,73.1,16.8
2023-02-16 02:00,2,2,Weekday,Winter,No,59.0,72.28,18.32
2023-02-16 03:00,2,3,Weekday,Winter,No,59.0,72.62,24.3
2023-02-16 04:00,2,4,Weekday,Winter,No,58.37,72.58,15.92
2023-02-16 05:00,2,5,Weekday,Winter,No,57.4,71.17,16.74
2023-02-16 06:00,2,6,Weekday,Winter,No,57.02,72.57,22.84
2023-02-16 07:00,2,7,Weekday,Winter,No,56.39,71.43,21.84
2023-02-16 08:00,2,8,Weekday,Winter,Yes,57.72,71.5,24.74
2023-02-16 09:00,2,9,Weekday,Winter,Yes,61.31,71.41,22.81
2023-02-16 10:00,2,10,Weekday,Winter,Yes,64.11,72.05,25.39
2023-02-16 11:00,2,11,Weekday,Winter,Yes,65.57,73.15,24.92
2023-02-16 12:00,2,12,Weekday,Winter,Yes,66.54,73.22,22.0
2023-02-16 13:00,2,13,Weekday,Winter,Yes,65.76,73.12,29.31
2023-02-16 14:00,2,14,Weekday,Winter,Yes,64.41,72.65,16.55
2023-02-16 15:00,2,15,Weekday,Winter,Yes,65.19,72.08,21.53
2023-02-16 16:00,2,16,Weekday,Winter,Yes,64.86,72.27,24.53
2023-02-16 17:00,2,17,Weekday,Winter,Yes,63.41,71.52,35.06
2023-02-16 18:00,2,18,Weekday,Winter,No,61.28,71.68,33.18
2023-02-16 19:00,2,19,Weekday,Winter,No,58.82,72.83,22.64
2023-02-16 20:00,2,20,Weekday,Winter,No,56.76,71.76,26.48
2023-02-16 21:00,2,21,Weekday,Winter,No,54.26,71.67,28.38
2023-02-16 22:00,2,22,Weekday,Winter,No,53.06,70.73,34.48
2023-02-16 23:00,2,23,Weekday,Winter,No,51.9,71.44,28.0
2023-02-17 00:00,2,0,Weekday,Winter,No,49.82,71.39,11.94
2023-02-17 01:00,2,1,Weekday,Winter,No,47.24,70.39,15.61
2023-02-17 02:00,2,2,Weekday,Winter,No,46.04,71.06,13.29
2023-02-17 03:00,2,3,Weekday,Winter,No,46.04,69.71,6.53
2023-02-17 04:00,2,4,Weekday,Winter,No,46.04,70.04,10.53
2023-02-17 05:00,2,5,Weekday,Winter,No,44.89,70.54,11.92
2023-02-17 06:00,2,6,Weekday,Winter,No,45.74,70.52,20.66
2023-02-17 07:00,2,7,Weekday,Winter,No,47.57,70.45,17.84
2023-02-17 08:00,2,8,Weekday,Winter,Yes,50.96,69.78,13.61
2023-02-17 09:00,2,9,Weekday,Winter,Yes,55.9,70.91,18.17
2023-02-17 10:00,2,10,Weekday,Winter,Yes,60.86,71.27,27.85
2023-02-17 11:00,2,11,Weekday,Winter,Yes,64.11,71.38,21.46
2023-02-17 12:00,2,12,Weekday,Winter,Yes,67.36,72.71,28.4
2023-02-17 13:00,2,13,Weekday,Winter,Yes,70.24,73.36,30.87
2023-02-17 14:00,2,14,Weekday,Winter,Yes,71.06,72.76,21.32
2023-02-17 15:00,2,15,Weekday,Winter,Yes,71.06,73.4,30.45
2023-02-17 16:00,2,16,Weekday,Winter,Yes,71.58,72.58,31.02
2023-02-17 17:00,2,17,Weekday,Winter,Yes,70.28,73.59,45.29
2023-02-17 18:00,2,18,Weekday,Winter,No,66.67,72.51,34.9
2023-02-17 19:00,2,19,Weekday,Winter,No,63.26,72.96,31.89
2023-02-17 20:00,2,20,Weekday,Winter,No,59.12,72.25,27.5
2023-02-17 21:00,2,21,Weekday,Winter,No,55.86,72.37,29.16
2023-02-17 22:00,2,22,Weekday,Winter,No,54.41,71.85,30.0
2023-02-17 23:00,2,23,Weekday,Winter,No,53.43,71.61,31.21
2023-02-18 00:00,2,0,Weekend,Winter,No,51.9,71.13,10.67
2023-02-18 01:00,2,1,Weekend,Winter,No,50.45,71.68,20.2
2023-02-18 02:00,2,2,Weekend,Winter,No,48.84,71.39,13.72
2023-02-18 03:00,2,3,Weekend,Winter,No,49.18,70.47,13.95
2023-02-18 04:00,2,4,Weekend,Winter,No,49.37,71.13,18.7
2023-02-18 05:00,2,5,Weekend,Winter,No,48.92,71.07,12.8
2023-02-18 06:00,2,6,Weekend,Winter,No,49.55,71.19,13.6
2023-02-18 07:00,2,7,Weekend,Winter,No,50.63,70.65,20.93
2023-02-18 08:00,2,8,Weekend,Winter,No,54.54,72.52,22.47
2023-02-18 09:00,2,9,Weekend,Winter,No,60.48,73.09,23.29
2023-02-18 10:00,2,10,Weekend,Winter,No,65.9,73.42,31.37
2023-02-18 11:00,2,11,Weekend,Winter,No,70.31,72.84,28.73
2023-02-18 12:00,2,12,Weekend,Winter,No,73.12,74.27,32.7
2023-02-18 13:00,2,13,Weekend,Winter,No,75.1,73.86,39.52
2023-02-18 14:00,2,14,Weekend,Winter,No,75.92,73.82,31.18
2023-02-18 15:00,2,15,Weekend,Winter,No,76.55,74.05,34.13
2023-02-18 16:00,2,16,Weekend,Winter,No,77.0,74.01,26.94
2023-02-18 17:00,2,17,Weekend,Winter,No,75.22,74.03,44.91
2023-02-18 18:00,2,18,Weekend,Winter,No,69.84,74.15,33.96
2023-02-18 19:00,2,19,Weekend,Winter,No,65.76,73.19,39.33
2023-02-18 20:00,2,20,Weekend,Winter,No,62.1,73.59,31.4
2023-02-18 21:00,2,21,Weekend,Winter,No,58.3,72.57,37.9
2023-02-18 22:00,2,22,Weekend,Winter,No,54.71,71.12,25.72
2023-02-18 23:00,2,23,Weekend,Winter,No,53.06,71.7,22.39
2023-02-19 00:00,2,0,Weekend,Winter,No,53.06,71.36,16.78
2023-02-19 01:00,2,1,Weekend,Winter,No,51.9,70.24,10.73
2023-02-19 02:00,2,2,Weekend,Winter,No,51.6,71.38,14.87
2023-02-19 03:00,2,3,Weekend,Winter,No,51.98,71.83,15.21
2023-02-19 04:00,2,4,Weekend,Winter,No,50.82,71.13,6.54
2023-02-19 05:00,2,5,Weekend,Winter,No,51.16,70.9,15.44
2023-02-19 06:00,2,6,Weekend,Winter,No,51.46,71.82,15.13
2023-02-19 07:00,2,7,Weekend,Winter,No,51.6,70.96,18.94
2023-02-19 08:00,2,8,Weekend,Winter,No,55.44,71.11,17.26
2023-02-19 09:00,2,9,Weekend,Winter,No,62.02,72.07,19.71
2023-02-19 10:00,2,10,Weekend,Winter,No,69.67,73.44,22.43
2023-02-19 11:00,2,11,Weekend,Winter,No,75.35,74.27,34.1
2023-02-19 12:00,2,12,Weekend,Winter,No,77.63,74.3,25.04
2023-02-19 13:00,2,13,Weekend,Winter,No,79.24,75.14,37.34
2023-02-19 14:00,2,14,Weekend,Winter,No,81.22,74.8,33.72
2023-02-19 15:00,2,15,Weekend,Winter,No,82.04,75.6,44.58
2023-02-19 16:00,2,16,Weekend,Winter,No,79.73,75.4,25.9
2023-02-19 17:00,2,17,Weekend,Winter,No,75.67,74.2,44.24
2023-02-19 18:00,2,18,Weekend,Winter,No,71.63,73.84,35.4
2023-02-19 19:00,2,19,Weekend,Winter,No,68.2,73.59,36.75
2023-02-19 20:00,2,20,Weekend,Winter,No,65.24,72.91,35.47
2023-02-19 21:00,2,21,Weekend,Winter,No,61.73,72.76,29.04
2023-02-19 22:00,2,22,Weekend,Winter,No,59.45,72.32,24.49
2023-02-19 23:00,2,23,Weekend,Winter,No,57.85,70.98,22.85
2023-02-20 00:00,2,0,Weekday,Winter,No,55.86,72.23,16.98
2023-02-20 01:00,2,1,Weekday,Winter,No,53.88,72.35,20.26
2023-02-20 02:00,2,2,Weekday,Winter,No,53.58,71.7,17.09
2023-02-20 03:00,2,3,Weekday,Winter,No,52.8,71.84,13.57
2023-02-20 04:00,2,4,Weekday,Winter,No,51.98,71.16,20.07
2023-02-20 05:00,2,5,Weekday,Winter,No,52.61,70.15,25.35
2023-02-20 06:00,2,6,Weekday,Winter,No,51.9,71.38,14.51
2023-02-20 07:00,2,7,Weekday,Winter,No,52.24,72.17,22.63
2023-02-20 08:00,2,8,Weekday,Winter,Yes,57.16,71.0,21.68
2023-02-20 09:00,2,9,Weekday,Winter,Yes,62.92,72.23,31.0
2023-02-20 10:00,2,10,Weekday,Winter,Yes,66.1,73.0,25.17
2023-02-20 11:00,2,11,Weekday,Winter,Yes,68.7,72.27,27.59
2023-02-20 12:00,2,12,Weekday,Winter,Yes,71.14,73.54,32.35
2023-02-20 13:00,2,13,Weekday,Winter,Yes,71.96,72.83,32.68
2023-02-20 14:00,2,14,Weekday,Winter,Yes,72.59,73.93,29.28
2023-02-20 15:00,2,15,Weekday,Winter,Yes,72.41,73.1,30.44
2023-02-20 16:00,2,16,Weekday,Winter,Yes,71.44,73.61,35.39
2023-02-20 17:00,2,17,Weekday,Winter,Yes,69.9,72.55,41.63
2023-02-20 18:00,2,18,Weekday,Winter,No,66.67,72.15,42.45
2023-02-20 19:00,2,19,Weekday,Winter,No,62.63,72.64,31.81
2023-02-20 20:00,2,20,Weekday,Winter,No,58.67,71.99,27.0
2023-02-20 21:00,2,21,Weekday,Winter,No,55.86,71.67,29.02
2023-02-20 22:00,2,22,Weekday,Winter,No,55.04,72.23,25.16
2023-02-20 23:00,2,23,Weekday,Winter,No,55.04,71.64,20.24
2023-02-21 00:00,2,0,Weekday,Winter,No,53.26,71.3,22.02
2023-02-21 01:00,2,1,Weekday,Winter,No,50.2,71.53,12.33
2023-02-21 02:00,2,2,Weekday,Winter,No,47.24,71.29,22.31
2023-02-21 03:00,2,3,Weekday,Winter,No,47.2,70.06,17.64
2023-02-21 04:00,2,4,Weekday,Winter,No,45.71,70.41,15.32
2023-02-21 05:00,2,5,Weekday,Winter,No,44.06,70.0,4.49
2023-02-21 06:00,2,6,Weekday,Winter,No,44.06,70.74,8.71
2023-02-21 07:00,2,7,Weekday,Winter,No,43.43,70.04,16.86
2023-02-21 08:00,2,8,Weekday,Winter,Yes,46.44,69.49,13.14
2023-02-21 09:00,2,9,Weekday,Winter,Yes,54.17,71.4,19.49
2023-02-21 10:00,2,10,Weekday,Winter,Yes,59.18,72.2,20.07
2023-02-21 11:00,2,11,Weekday,Winter,Yes,62.92,71.8,30.01
2023-02-21 12:00,2,12,Weekday,Winter,Yes,65.57,71.52,28.07
2023-02-21 13:00,2,13,Weekday,Winter,Yes,66.02,71.81,27.63
2023-02-21 14:00,2,14,Weekday,Winter,Yes,66.54,72.13,30.85
2023-02-21 15:00,2,15,Weekday,Winter,Yes,66.4,72.31,31.21
2023-02-21 16:00,2,16,Weekday,Winter,Yes,65.39,71.86,26.65
2023-02-21 17:00,2,17,Weekday,Winter,Yes,63.78,71.73,30.03
2023-02-21 18:00,2,18,Weekday,Winter,No,61.28,72.25,34.25
2023-02-21 19:00,2,19,Weekday,Winter,No,57.66,71.97,27.47
2023-02-21 20:00,2,20,Weekday,Winter,No,55.94,71.98,29.05
2023-02-21 21:00,2,21,Weekday,Winter,No,55.42,71.01,30.57
2023-02-21 22:00,2,22,Weekday,Winter,No,51.47,72.22,29.22
2023-02-21 23:00,2,23,Weekday,Winter,No,47.76,71.59,14.91
2023-02-22 00:00,2,0,Weekday,Winter,No,45.26,70.28,16.62
2023-02-22 01:00,2,1,Weekday,Winter,No,44.06,70.04,5.96
2023-02-22 02:00,2,2,Weekday,Winter,No,42.9,70.98,6.42
2023-02-22 03:00,2,3,Weekday,Winter,No,40.82,69.38,12.46
2023-02-22 04:00,2,4,Weekday,Winter,No,39.92,69.75,5.21
2023-02-22 05:00,2,5,Weekday,Winter,No,39.4,70.1,6.05
2023-02-22 06:00,2,6,Weekday,Winter,No,39.54,70.06,8.9
2023-02-22 07:00,2,7,Weekday,Winter,No,41.7,70.57,8.75
2023-02-22 08:00,2,8,Weekday,Winter,Yes,50.54,69.54,14.24
2023-02-22 09:00,2,9,Weekday,Winter,Yes,59.51,70.06,19.63
2023-02-22 10:00,2,10,Weekday,Winter,Yes,63.74,71.87,32.69
2023-02-22 11:00,2,11,Weekday,Winter,Yes,66.72,72.4,26.59
2023-02-22 12:00,2,12,Weekday,Winter,Yes,69.78,72.55,31.67
2023-02-22 13:00,2,13,Weekday,Winter,Yes,72.22,72.49,29.73
2023-02-22 14:00,2,14,Weekday,Winter,Yes,73.56,73.15,34.74
2023-02-22 15:00,2,15,Weekday,Winter,Yes,72.78,73.36,29.05
2023-02-22 16:00,2,16,Weekday,Winter,Yes,72.59,73.3,30.2
2023-02-22 17:00,2,17,Weekday,Winter,Yes,71.26,73.01,34.88
2023-02-22 18:00,2,18,Weekday,Winter,No,67.04,73.41,30.61
2023-02-22 19:00,2,19,Weekday,Winter,No,61.48,71.53,35.5
2023-02-22 20:00,2,20,Weekday,Winter,No,57.85,72.07,28.57
2023-02-22 21:00,2,21,Weekday,Winter,No,53.56,71.0,28.52
2023-02-22 22:00,2,22,Weekday,Winter,No,49.3,70.6,22.53
2023-02-22 23:00,2,23,Weekday,Winter,No,46.86,70.02,27.49
2023-02-23 00:00,2,0,Weekday,Winter,No,44.89,70.41,11.87
2023-02-23 01:00,2,1,Weekday,Winter,No,43.43,69.39,12.38
2023-02-23 02:00,2,2,Weekday,Winter,No,42.98,69.51,8.33
2023-02-23 03:00,2,3,Weekday,Winter,No,42.46,70.67,9.43
2023-02-23 04:00,2,4,Weekday,Winter,No,42.08,70.78,7.32
2023-02-23 05:00,2,5,Weekday,Winter,No,40.82,70.35,6.54
2023-02-23 06:00,2,6,Weekday,Winter,No,41.18,69.68,7.28
2023-02-23 07:00,2,7,Weekday,Winter,No,43.76,69.53,17.89
2023-02-23 08:00,2,8,Weekday,Winter,Yes,50.21,71.21,13.81
2023-02-23 09:00,2,9,Weekday,Winter,Yes,56.9,70.69,18.66
2023-02-23 10:00,2,10,Weekday,Winter,Yes,63.1,71.95,24.63
2023-02-23 11:00,2,11,Weekday,Winter,Yes,68.96,71.69,27.65
2023-02-23 12:00,2,12,Weekday,Winter,Yes,73.37,73.54,24.68
2023-02-23 13:00,2,13,Weekday,Winter,Yes,76.8,72.85,32.12
2023-02-23 14:00,2,14,Weekday,Winter,Yes,78.6,73.7,36.56
2023-02-23 15:00,2,15,Weekday,Winter,Yes,79.61,74.65,34.95
2023-02-23 16:00,2,16,Weekday,Winter,Yes,79.43,74.04,31.16
2023-02-23 17:00,2,17,Weekday,Winter,Yes,76.67,73.43,45.7
2023-02-23 18:00,2,18,Weekday,Winter,No,72.08,73.52,28.53
2023-02-23 19:00,2,19,Weekday,Winter,No,67.04,72.79,38.31
2023-02-23 20:00,2,20,Weekday,Winter,No,62.1,72.32,39.1
2023-02-23 21:00,2,21,Weekday,Winter,No,58.3,71.84,35.22
2023-02-23 22:00,2,22,Weekday,Winter,No,54.71,71.59,30.5
2023-02-23 23:00,2,23,Weekday,Winter,No,51.28,71.15,24.73
2023-02-24 00:00,2,0,Weekday,Winter,No,49.37,70.76,13.14
2023-02-24 01:00,2,1,Weekday,Winter,No,47.76,70.47,18.23
2023-02-24 02:00,2,2,Weekday,Winter,No,47.57,70.66,8.78
2023-02-24 03:00,2,3,Weekday,Winter,No,48.02,71.26,18.5
2023-02-24 04:00,2,4,Weekday,Winter,No,48.02,71.16,13.88
2023-02-24 05:00,2,5,Weekday,Winter,No,47.39,69.77,17.35
2023-02-24 06:00,2,6,Weekday,Winter,No,47.57,71.41,12.57
2023-02-24 07:00,2,7,Weekday,Winter,No,49.18,70.79,11.64
2023-02-24 08:00,2,8,Weekday,Winter,Yes,55.25,71.72,18.05
2023-02-24 09:00,2,9,Weekday,Winter,Yes,63.1,71.63,22.74
2023-02-24 10:00,2,10,Weekday,Winter,Yes,70.64,73.32,30.0
2023-02-24 11:00,2,11,Weekday,Winter,Yes,76.35,73.72,29.51
2023-02-24 12:00,2,12,Weekday,Winter,Yes,80.39,74.29,36.99
2023-02-24 13:00,2,13,Weekday,Winter,Yes,83.72,73.94,37.02
2023-02-24 14:00,2,14,Weekday,Winter,Yes,86.18,74.21,30.49
2023-02-24 15:00,2,15,Weekday,Winter,Yes,86.45,75.16,44.29
2023-02-24 16:00,2,16,Weekday,Winter,Yes,85.37,74.05,39.24
2023-02-24 17:00,2,17,Weekday,Winter,Yes,83.24,74.56,46.08
2023-02-24 18:00,2,18,Weekday,Winter,No,77.94,74.9,44.32
2023-02-24 19:00,2,19,Weekday,Winter,No,71.56,73.09,42.73
2023-02-24 20:00,2,20,Weekday,Winter,No,64.98,72.45,41.63
2023-02-24 21:00,2,21,Weekday,Winter,No,60.9,73.65,41.11
2023-02-24 22:00,2,22,Weekday,Winter,No,58.3,71.86,29.85
2023-02-24 23:00,2,23,Weekday,Winter,No,55.86,72.54,30.7
2023-02-25 00:00,2,0,Weekend,Winter,No,54.41,71.42,23.07
2023-02-25 01:00,2,1,Weekend,Winter,No,53.43,70.79,17.7
2023-02-25 02:00,2,2,Weekend,Winter,No,53.58,70.79,16.22
2023-02-25 03:00,2,3,Weekend,Winter,No,52.28,71.84,12.55
2023-02-25 04:00,2,4,Weekend,Winter,No,52.76,71.32,25.69
2023-02-25 05:00,2,5,Weekend,Winter,No,52.28,71.55,20.22
2023-02-25 06:00,2,6,Weekend,Winter,No,51.6,71.41,17.88
2023-02-25 07:00,2,7,Weekend,Winter,No,53.76,72.08,21.47
2023-02-25 08:00,2,8,Weekend,Winter,No,60.29,73.52,20.01
2023-02-25 09:00,2,9,Weekend,Winter,No,68.13,72.93,32.53
2023-02-25 10:00,2,10,Weekend,Winter,No,73.9,74.4,34.34
2023-02-25 11:00,2,11,Weekend,Winter,No,78.86,74.89,31.1
2023-02-25 12:00,2,12,Weekend,Winter,No,82.74,75.64,35.67
2023-02-25 13:00,2,13,Weekend,Winter,No,85.8,74.62,42.82
2023-02-25 14:00,2,14,Weekend,Winter,No,87.6,76.09,38.29
2023-02-25 15:00,2,15,Weekend,Winter,No,87.98,75.65,39.16
2023-02-25 16:00,2,16,Weekend,Winter,No,87.46,75.42,43.05
2023-02-25 17:00,2,17,Weekend,Winter,No,84.66,75.73,42.59
2023-02-25 18:00,2,18,Weekend,Winter,No,78.84,74.41,50.42
2023-02-25 19:00,2,19,Weekend,Winter,No,74.24,74.4,41.04
2023-02-25 20:00,2,20,Weekend,Winter,No,69.47,72.84,32.3
2023-02-25 21:00,2,21,Weekend,Winter,No,64.61,72.81,46.65
2023-02-25 22:00,2,22,Weekend,Winter,No,61.28,72.08,31.94
2023-02-25 23:00,2,23,Weekend,Winter,No,57.66,72.32,27.09
2023-02-26 00:00,2,0,Weekend,Winter,No,54.78,71.4,27.59
2023-02-26 01:00,2,1,Weekend,Winter,No,55.12,71.55,21.39
2023-02-26 02:00,2,2,Weekend,Winter,No,55.42,71.56,14.98
2023-02-26 03:00,2,3,Weekend,Winter,No,54.41,71.44,24.17
2023-02-26 04:00,2,4,Weekend,Winter,No,53.96,71.9,15.67
2023-02-26 05:00,2,5,Weekend,Winter,No,51.65,70.8,11.5
2023-02-26 06:00,2,6,Weekend,Winter,No,50.0,70.36,16.52
2023-02-26 07:00,2,7,Weekend,Winter,No,51.16,71.28,21.55
2023-02-26 08:00,2,8,Weekend,Winter,No,57.23,71.5,12.8
2023-02-26 09:00,2,9,Weekend,Winter,No,65.7,71.97,29.84
2023-02-26 10:00,2,10,Weekend,Winter,No,73.07,74.14,36.95
2023-02-26 11:00,2,11,Weekend,Winter,No,78.86,75.03,38.3
2023-02-26 12:00,2,12,Weekend,Winter,No,82.74,74.96,39.95
2023-02-26 13:00,2,13,Weekend,Winter,No,84.54,75.1,37.27
2023-02-26 14:00,2,14,Weekend,Winter,No,86.18,75.52,41.14
2023-02-26 15:00,2,15,Weekend,Winter,No,87.08,76.08,41.29
2023-02-26 16:00,2,16,Weekend,Winter,No,87.08,75.51,50.0
2023-02-26 17:00,2,17,Weekend,Winter,No,84.66,75.04,49.19
2023-02-26 18:00,2,18,Weekend,Winter,No,79.47,76.39,45.99
2023-02-26 19:00,2,19,Weekend,Winter,No,74.69,73.56,49.18
2023-02-26 20:00,2,20,Weekend,Winter,No,71.26,74.01,45.8
2023-02-26 21:00,2,21,Weekend,Winter,No,66.52,73.48,37.01
2023-02-26 22:00,2,22,Weekend,Winter,No,62.89,72.97,31.84
2023-02-26 23:00,2,23,Weekend,Winter,No,60.28,72.73,38.58
2023-02-27 00:00,2,0,Weekday,Winter,No,57.85,71.51,20.14
2023-02-27 01:00,2,1,Weekday,Winter,No,57.02,71.79,15.03
2023-02-27 02:00,2,2,Weekday,Winter,No,55.24,71.42,20.19
2023-02-27 03:00,2,3,Weekday,Winter,No,53.96,71.64,25.52
2023-02-27 04:00,2,4,Weekday,Winter,No,52.8,71.92,9.56
2023-02-27 05:00,2,5,Weekday,Winter,No,53.14,71.56,25.17
2023-02-27 06:00,2,6,Weekday,Winter,No,52.8,71.97,14.74
2023-02-27 07:00,2,7,Weekday,Winter,No,54.92,70.28,16.51
2023-02-27 08:00,2,8,Weekday,Winter,Yes,61.64,71.8,19.79
2023-02-27 09:00,2,9,Weekday,Winter,Yes,67.88,71.85,27.09
2023-02-27 10:00,2,10,Weekday,Winter,Yes,74.7,73.39,32.59
2023-02-27 11:00,2,11,Weekday,Winter,Yes,80.39,74.51,36.66
2023-02-27 12:00,2,12,Weekday,Winter,Yes,83.2,73.88,39.55
2023-02-27 13:00,2,13,Weekday,Winter,Yes,85.18,74.56,36.22
2023-02-27 14:00,2,14,Weekday,Winter,Yes,86.63,74.56,34.9
2023-02-27 15:00,2,15,Weekday,Winter,Yes,87.6,75.37,36.99
2023-02-27 16:00,2,16,Weekday,Winter,Yes,87.98,74.84,39.31
2023-02-27 17:00,2,17,Weekday,Winter,Yes,85.67,74.59,46.91
2023-02-27 18:00,2,18,Weekday,Winter,No,81.08,74.47,44.26
2023-02-27 19:00,2,19,Weekday,Winter,No,76.67,73.96,47.24
2023-02-27 20:00,2,20,Weekday,Winter,No,73.86,75.02,44.63
2023-02-27 21:00,2,21,Weekday,Winter,No,68.94,72.87,35.06
2023-02-27 22:00,2,22,Weekday,Winter,No,65.39,72.43,38.6
2023-02-27 23:00,2,23,Weekday,Winter,No,64.94,72.67,26.78
2023-02-28 00:00,2,0,Weekday,Winter,No,62.63,72.71,25.74
2023-02-28 01:00,2,1,Weekday,Winter,No,59.82,71.75,21.7
2023-02-28 02:00,2,2,Weekday,Winter,No,61.31,72.57,24.65
2023-02-28 03:00,2,3,Weekday,Winter,No,60.65,72.66,26.95
2023-02-28 04:00,2,4,Weekday,Winter,No,59.0,72.9,14.91
2023-02-28 05:00,2,5,Weekday,Winter,No,60.16,73.53,20.59
2023-02-28 06:00,2,6,Weekday,Winter,No,60.98,72.68,24.77
2023-02-28 07:00,2,7,Weekday,Winter,No,59.82,72.67,13.38
2023-02-28 08:00,2,8,Weekday,Winter,Yes,66.04,72.68,19.25
2023-02-28 09:00,2,9,Weekday,Winter,Yes,73.37,73.63,32.31
2023-02-28 10:00,2,10,Weekday,Winter,Yes,76.18,74.6,34.93
2023-02-28 11:00,2,11,Weekday,Winter,Yes,78.78,74.38,29.17
2023-02-28 12:00,2,12,Weekday,Winter,Yes,80.58,74.47,44.38
2023-02-28 13:00,2,13,Weekday,Winter,Yes,82.12,74.54,35.15
2023-02-28 14:00,2,14,Weekday,Winter,Yes,84.1,74.72,40.17
2023-02-28 15:00,2,15,Weekday,Winter,Yes,84.92,74.5,44.04
2023-02-28 16:00,2,16,Weekday,Winter,Yes,84.4,75.07,34.38
2023-02-28 17:00,2,17,Weekday,Winter,Yes,82.24,74.37,49.62
2023-02-28 18:00,2,18,Weekday,Winter,No,77.5,74.88,50.41
2023-02-28 19:00,2,19,Weekday,Winter,No,73.24,73.53,38.1
2023-02-28 20:00,2,20,Weekday,Winter,No,70.28,73.85,36.36
2023-02-28 21:00,2,21,Weekday,Winter,No,67.3,72.74,31.62
2023-02-28 22:00,2,22,Weekday,Winter,No,64.34,73.54,35.48
2023-02-28 23:00,2,23,Weekday,Winter,No,61.36,72.76,33.36
2023-03-01 00:00,3,0,Weekday,Spring,No,58.3,72.22,18.0
2023-03-01 01:00,3,1,Weekday,Spring,No,55.24,71.62,22.26
2023-03-01 02:00,3,2,Weekday,Spring,No,52.28,71.37,18.82
2023-03-01 03:00,3,3,Weekday,Spring,No,49.3,70.84,15.19
2023-03-01 04:00,3,4,Weekday,Spring,No,47.39,70.43,13.61
2023-03-01 05:00,3,5,Weekday,Spring,No,47.78,71.51,15.54
2023-03-01 06:00,3,6,Weekday,Spring,No,49.11,70.14,24.08
2023-03-01 07:00,3,7,Weekday,Spring,No,50.48,72.11,9.06
2023-03-01 08:00,3,8,Weekday,Spring,Yes,54.33,70.05,18.05
2023-03-01 09:00,3,9,Weekday,Spring,Yes,60.02,71.36,18.61
2023-03-01 10:00,3,10,Weekday,Spring,Yes,65.68,71.89,22.38
2023-03-01 11:00,3,11,Weekday,Spring,Yes,69.16,72.5,25.71
2023-03-01 12:00,3,12,Weekday,Spring,Yes,71.14,72.65,29.34
2023-03-01 13:00,3,13,Weekday,Spring,Yes,73.12,72.88,26.8
2023-03-01 14:00,3,14,Weekday,Spring,Yes,73.94,73.41,21.74
2023-03-01 15:00,3,15,Weekday,Spring,Yes,73.94,73.77,35.93
2023-03-01 16:00,3,16,Weekday,Spring,Yes,73.94,73.74,27.74
2023-03-01 17:00,3,17,Weekday,Spring,Yes,72.78,72.63,43.49
2023-03-01 18:00,3,18,Weekday,Spring,No,70.81,74.42,40.59
2023-03-01 19:00,3,19,Weekday,Spring,No,68.82,73.91,30.46
2023-03-01 20:00,3,20,Weekday,Spring,No,67.37,74.08,35.16
2023-03-01 21:00,3,21,Weekday,Spring,No,66.4,73.01,40.49
2023-03-01 22:00,3,22,Weekday,Spring,No,65.39,72.92,28.06
2023-03-01 23:00,3,23,Weekday,Spring,No,64.41,73.28,37.77
2023-03-02 00:00,3,0,Weekday,Spring,No,63.41,72.36,21.8
2023-03-02 01:00,3,1,Weekday,Spring,No,62.44,72.55,24.64
2023-03-02 02:00,3,2,Weekday,Spring,No,61.22,72.2,19.78
2023-03-02 03:00,3,3,Weekday,Spring,No,59.89,71.97,27.04
2023-03-02 04:00,3,4,Weekday,Spring,No,58.52,71.96,24.33
2023-03-02 05:00,3,5,Weekday,Spring,No,57.71,72.0,23.24
2023-03-02 06:00,3,6,Weekday,Spring,No,57.46,71.5,18.72
2023-03-02 07:00,3,7,Weekday,Spring,No,57.17,71.11,16.23
2023-03-02 08:00,3,8,Weekday,Spring,Yes,58.6,71.72,16.14
2023-03-02 09:00,3,9,Weekday,Spring,Yes,61.19,71.71,20.89
2023-03-02 10:00,3,10,Weekday,Spring,Yes,63.82,72.23,27.6
2023-03-02 11:00,3,11,Weekday,Spring,Yes,66.1,73.41,34.51
2023-03-02 12:00,3,12,Weekday,Spring,Yes,68.18,72.74,21.68
2023-03-02 13:00,3,13,Weekday,Spring,Yes,70.24,72.69,29.98
2023-03-02 14:00,3,14,Weekday,Spring,Yes,71.58,72.46,29.38
2023-03-02 15:00,3,15,Weekday,Spring,Yes,72.59,73.52,31.21
2023-03-02 16:00,3,16,Weekday,Spring,Yes,73.56,72.8,25.91
2023-03-02 17:00,3,17,Weekday,Spring,Yes,73.0,72.78,38.61
2023-03-02 18:00,3,18,Weekday,Spring,No,71.38,74.14,40.43
2023-03-02 19:00,3,19,Weekday,Spring,No,69.76,73.75,28.61
2023-03-02 20:00,3,20,Weekday,Spring,No,67.92,73.66,40.68
2023-03-02 21:00,3,21,Weekday,Spring,No,65.84,73.33,38.5
2023-03-02 22:00,3,22,Weekday,Spring,No,63.78,73.28,37.32
2023-03-02 23:00,3,23,Weekday,Spring,No,62.75,72.66,34.48
2023-03-03 00:00,3,0,Weekday,Spring,No,62.5,73.2,21.0
2023-03-03 01:00,3,1,Weekday,Spring,No,62.21,72.49,25.72
2023-03-03 02:00,3,2,Weekday,Spring,No,62.06,73.14,19.48
2023-03-03 03:00,3,3,Weekday,Spring,No,62.06,72.18,19.95
2023-03-03 04:00,3,4,Weekday,Spring,No,62.06,72.2,19.47
2023-03-03 05:00,3,5,Weekday,Spring,No,61.85,72.53,22.54
2023-03-03 06:00,3,6,Weekday,Spring,No,61.49,71.99,28.14
2023-03-03 07:00,3,7,Weekday,Spring,No,61.13,72.42,23.46
2023-03-03 08:00,3,8,Weekday,Spring,Yes,61.72,71.4,17.92
2023-03-03 09:00,3,9,Weekday,Spring,Yes,63.08,72.38,22.21
2023-03-03 10:00,3,10,Weekday,Spring,Yes,64.42,72.79,22.71
2023-03-03 11:00,3,11,Weekday,Spring,Yes,65.15,71.31,24.93
2023-03-03 12:00,3,12,Weekday,Spring,Yes,65.51,71.37,26.07
2023-03-03 13:00,3,13,Weekday,Spring,Yes,65.87,71.75,33.47
2023-03-03 14:00,3,14,Weekday,Spring,Yes,66.23,72.31,21.23
2023-03-03 15:00,3,15,Weekday,Spring,Yes,66.48,72.78,31.87
2023-03-03 16:00,3,16,Weekday,Spring,Yes,66.77,72.15,21.06
2023-03-03 17:00,3,17,Weekday,Spring,Yes,65.55,72.59,40.39
2023-03-03 18:00,3,18,Weekday,Spring,No,63.32,72.47,29.84
2023-03-03 19:00,3,19,Weekday,Spring,No,61.05,72.52,25.77
2023-03-03 20:00,3,20,Weekday,Spring,No,59.24,71.94,29.64
2023-03-03 21:00,3,21,Weekday,Spring,No,57.9,71.96,27.3
2023-03-03 22:00,3,22,Weekday,Spring,No,56.54,71.72,27.76
2023-03-03 23:00,3,23,Weekday,Spring,No,55.52,71.57,32.92
2023-03-04 00:00,3,0,Weekend,Spring,No,54.9,72.06,16.45
2023-03-04 01:00,3,1,Weekend,Spring,No,54.26,72.1,11.63
2023-03-04 02:00,3,2,Weekend,Spring,No,53.02,71.61,17.81
2023-03-04 03:00,3,3,Weekend,Spring,No,51.29,71.94,21.09
2023-03-04 04:00,3,4,Weekend,Spring,No,49.6,70.65,12.26
2023-03-04 05:00,3,5,Weekend,Spring,No,49.55,71.07,11.9
2023-03-04 06:00,3,6,Weekend,Spring,No,50.52,71.38,20.54
2023-03-04 07:00,3,7,Weekend,Spring,No,51.53,71.55,6.07
2023-03-04 08:00,3,8,Weekend,Spring,No,53.56,70.75,18.94
2023-03-04 09:00,3,9,Weekend,Spring,No,56.26,71.86,25.01
2023-03-04 10:00,3,10,Weekend,Spring,No,58.96,73.14,30.38
2023-03-04 11:00,3,11,Weekend,Spring,No,61.24,72.04,20.54
2023-03-04 12:00,3,12,Weekend,Spring,No,63.22,72.12,32.9
2023-03-04 13:00,3,13,Weekend,Spring,No,65.19,73.06,26.52
2023-03-04 14:00,3,14,Weekend,Spring,No,66.23,72.91,24.36
2023-03-04 15:00,3,15,Weekend,Spring,No,66.48,72.91,29.99
2023-03-04 16:00,3,16,Weekend,Spring,No,66.77,73.16,26.03
2023-03-04 17:00,3,17,Weekend,Spring,No,65.34,72.95,41.38
2023-03-04 18:00,3,18,Weekend,Spring,No,62.75,72.16,36.61
2023-03-04 19:00,3,19,Weekend,Spring,No,60.12,71.63,33.59
2023-03-04 20:00,3,20,Weekend,Spring,No,57.42,71.09,32.2
2023-03-04 21:00,3,21,Weekend,Spring,No,54.83,71.65,27.72
2023-03-04 22:00,3,22,Weekend,Spring,No,52.2,71.26,29.33
2023-03-04 23:00,3,23,Weekend,Spring,No,50.45,70.66,31.12
2023-03-05 00:00,3,0,Weekend,Spring,No,49.48,70.69,14.01
2023-03-05 01:00,3,1,Weekend,Spring,No,48.47,70.37,12.62
2023-03-05 02:00,3,2,Weekend,Spring,No,47.39,71.11,16.25
2023-03-05 03:00,3,3,Weekend,Spring,No,46.42,70.58,4.58
2023-03-05 04:00,3,4,Weekend,Spring,No,45.41,71.19,11.12
2023-03-05 05:00,3,5,Weekend,Spring,No,45.59,70.45,10.79
2023-03-05 06:00,3,6,Weekend,Spring,No,46.56,71.02,10.84
2023-03-05 07:00,3,7,Weekend,Spring,No,47.57,71.31,15.22
2023-03-05 08:00,3,8,Weekend,Spring,No,51.17,71.87,14.73
2023-03-05 09:00,3,9,Weekend,Spring,No,56.46,71.62,18.51
2023-03-05 10:00,3,10,Weekend,Spring,No,61.79,72.29,19.59
2023-03-05 11:00,3,11,Weekend,Spring,No,65.4,73.11,28.96
2023-03-05 12:00,3,12,Weekend,Spring,No,67.74,72.22,28.48
2023-03-05 13:00,3,13,Weekend,Spring,No,70.09,73.47,31.88
2023-03-05 14:00,3,14,Weekend,Spring,No,71.58,73.88,29.3
2023-03-05 15:00,3,15,Weekend,Spring,No,72.59,74.03,23.76
2023-03-05 16:00,3,16,Weekend,Spring,No,73.56,74.39,35.9
2023-03-05 17:00,3,17,Weekend,Spring,No,72.16,73.76,36.5
2023-03-05 18:00,3,18,Weekend,Spring,No,69.2,73.49,37.78
2023-03-05 19:00,3,19,Weekend,Spring,No,66.22,73.39,39.46
2023-03-05 20:00,3,20,Weekend,Spring,No,63.16,72.8,30.89
2023-03-05 21:00,3,21,Weekend,Spring,No,60.2,72.39,38.96
2023-03-05 22:00,3,22,Weekend,Spring,No,57.22,72.68,26.82
2023-03-05 23:00,3,23,Weekend,Spring,No,55.52,72.49,37.45
2023-03-06 00:00,3,0,Weekday,Spring,No,54.9,71.07,19.36
2023-03-06 01:00,3,1,Weekday,Spring,No,54.26,72.31,14.99
2023-03-06 02:00,3,2,Weekday,Spring,No,52.38,70.71,24.47
2023-03-06 03:00,3,3,Weekday,Spring,No,49.79,71.31,19.13
2023-03-06 04:00,3,4,Weekday,Spring,No,47.16,70.3,21.86
2023-03-06 05:00,3,5,Weekday,Spring,No,46.98,71.04,5.65
2023-03-06 06:00,3,6,Weekday,Spring,No,48.71,70.97,13.3
2023-03-06 07:00,3,7,Weekday,Spring,No,50.4,71.57,14.59
2023-03-06 08:00,3,8,Weekday,Spring,Yes,54.12,69.83,19.46
2023-03-06 09:00,3,9,Weekday,Spring,Yes,59.45,71.69,27.37
2023-03-06 10:00,3,10,Weekday,Spring,Yes,64.74,70.78,27.49
2023-03-06 11:00,3,11,Weekday,Spring,Yes,67.76,72.72,23.6
2023-03-06 12:00,3,12,Weekday,Spring,Yes,69.1,72.13,27.72
2023-03-06 13:00,3,13,Weekday,Spring,Yes,70.46,72.2,26.29
2023-03-06 14:00,3,14,Weekday,Spring,Yes,70.64,72.82,26.74
2023-03-06 15:00,3,15,Weekday,Spring,Yes,70.03,72.62,35.06
2023-03-06 16:00,3,16,Weekday,Spring,Yes,69.38,74.08,33.97
2023-03-06 17:00,3,17,Weekday,Spring,Yes,67.72,71.71,37.35
2023-03-06 18:00,3,18,Weekday,Spring,No,65.38,72.56,32.43
2023-03-06 19:00,3,19,Weekday,Spring,No,63.04,72.12,35.63
2023-03-06 20:00,3,20,Weekday,Spring,No,61.12,73.41,30.69
2023-03-06 21:00,3,21,Weekday,Spring,No,59.39,72.47,35.1
2023-03-06 22:00,3,22,Weekday,Spring,No,57.7,72.5,22.6
2023-03-06 23:00,3,23,Weekday,Spring,No,56.81,72.24,22.21
2023-03-07 00:00,3,0,Weekday,Spring,No,56.45,72.19,25.0
2023-03-07 01:00,3,1,Weekday,Spring,No,56.09,71.6,18.7
2023-03-07 02:00,3,2,Weekday,Spring,No,55.42,71.53,20.29
2023-03-07 03:00,3,3,Weekday,Spring,No,54.41,72.02,21.07
2023-03-07 04:00,3,4,Weekday,Spring,No,53.43,71.27,15.75
2023-03-07 05:00,3,5,Weekday,Spring,No,52.85,72.6,18.55
2023-03-07 06:00,3,6,Weekday,Spring,No,52.49,70.83,20.55
2023-03-07 07:00,3,7,Weekday,Spring,No,52.13,71.03,19.9
2023-03-07 08:00,3,8,Weekday,Spring,Yes,52.72,70.65,16.94
2023-03-07 09:00,3,9,Weekday,Spring,Yes,54.08,71.22,14.2
2023-03-07 10:00,3,10,Weekday,Spring,Yes,55.42,70.97,20.59
2023-03-07 11:00,3,11,Weekday,Spring,Yes,57.3,70.24,23.57
2023-03-07 12:00,3,12,Weekday,Spring,Yes,59.64,71.34,22.27
2023-03-07 13:00,3,13,Weekday,Spring,Yes,61.98,71.72,22.32
2023-03-07 14:00,3,14,Weekday,Spring,Yes,63.17,71.63,26.91
2023-03-07 15:00,3,15,Weekday,Spring,Yes,63.53,71.65,28.32
2023-03-07 16:00,3,16,Weekday,Spring,Yes,63.89,72.06,28.35
2023-03-07 17:00,3,17,Weekday,Spring,Yes,62.89,71.4,31.01
2023-03-07 18:00,3,18,Weekday,Spring,No,60.8,72.44,33.46
2023-03-07 19:00,3,19,Weekday,Spring,No,58.74,72.02,31.36
2023-03-07 20:00,3,20,Weekday,Spring,No,56.76,70.69,27.24
2023-03-07 21:00,3,21,Weekday,Spring,No,54.78,71.93,24.67
2023-03-07 22:00,3,22,Weekday,Spring,No,52.8,71.83,32.64
2023-03-07 23:00,3,23,Weekday,Spring,No,51.24,70.73,30.8
2023-03-08 00:00,3,0,Weekday,Spring,No,49.88,71.17,14.87
2023-03-08 01:00,3,1,Weekday,Spring,No,48.54,70.93,13.54
2023-03-08 02:00,3,2,Weekday,Spring,No,47.28,70.31,15.28
2023-03-08 03:00,3,3,Weekday,Spring,No,45.92,70.22,15.81
2023-03-08 04:00,3,4,Weekday,Spring,No,44.58,70.41,14.2
2023-03-08 05:00,3,5,Weekday,Spring,No,44.48,70.33,10.14
2023-03-08 06:00,3,6,Weekday,Spring,No,45.1,69.74,16.65
2023-03-08 07:00,3,7,Weekday,Spring,No,45.74,69.95,10.67
2023-03-08 08:00,3,8,Weekday,Spring,Yes,48.98,70.32,9.07
2023-03-08 09:00,3,9,Weekday,Spring,Yes,53.92,71.03,10.93
2023-03-08 10:00,3,10,Weekday,Spring,Yes,58.88,71.07,14.69
2023-03-08 11:00,3,11,Weekday,Spring,Yes,62.35,71.34,25.91
2023-03-08 12:00,3,12,Weekday,Spring,Yes,64.68,72.94,22.48
2023-03-08 13:00,3,13,Weekday,Spring,Yes,67.03,72.12,23.69
2023-03-08 14:00,3,14,Weekday,Spring,Yes,68.21,72.17,22.46
2023-03-08 15:00,3,15,Weekday,Spring,Yes,68.57,71.89,24.23
2023-03-08 16:00,3,16,Weekday,Spring,Yes,68.93,73.18,28.59
2023-03-08 17:00,3,17,Weekday,Spring,Yes,67.72,72.07,37.38
2023-03-08 18:00,3,18,Weekday,Spring,No,65.38,72.95,34.99
2023-03-08 19:00,3,19,Weekday,Spring,No,63.04,72.68,32.92
2023-03-08 20:00,3,20,Weekday,Spring,No,60.28,72.28,28.28
2023-03-08 21:00,3,21,Weekday,Spring,No,57.32,71.72,21.42
2023-03-08 22:00,3,22,Weekday,Spring,No,54.33,71.14,27.77
2023-03-08 23:00,3,23,Weekday,Spring,No,52.43,71.43,28.51
2023-03-09 00:00,3,0,Weekday,Spring,No,51.46,71.86,8.09
2023-03-09 01:00,3,1,Weekday,Spring,No,50.45,70.45,5.19
2023-03-09 02:00,3,2,Weekday,Spring,No,49.06,69.96,14.24
2023-03-09 03:00,3,3,Weekday,Spring,No,47.33,70.33,13.65
2023-03-09 04:00,3,4,Weekday,Spring,No,45.64,69.83,12.11
2023-03-09 05:00,3,5,Weekday,Spring,No,45.59,70.45,10.06
2023-03-09 06:00,3,6,Weekday,Spring,No,46.56,69.98,11.11
2023-03-09 07:00,3,7,Weekday,Spring,No,47.57,71.59,15.58
2023-03-09 08:00,3,8,Weekday,Spring,Yes,50.54,70.74,21.94
2023-03-09 09:00,3,9,Weekday,Spring,Yes,54.86,70.57,19.04
2023-03-09 10:00,3,10,Weekday,Spring,Yes,59.18,70.93,17.67
2023-03-09 11:00,3,11,Weekday,Spring,Yes,62.35,72.37,25.83
2023-03-09 12:00,3,12,Weekday,Spring,Yes,64.68,72.68,21.77
2023-03-09 13:00,3,13,Weekday,Spring,Yes,67.03,71.84,31.13
2023-03-09 14:00,3,14,Weekday,Spring,Yes,68.0,72.41,22.9
2023-03-09 15:00,3,15,Weekday,Spring,Yes,68.0,72.25,25.41
2023-03-09 16:00,3,16,Weekday,Spring,Yes,68.0,72.94,17.06
2023-03-09 17:00,3,17,Weekday,Spring,Yes,67.06,71.38,39.95
2023-03-09 18:00,3,18,Weekday,Spring,No,65.33,73.01,37.29
2023-03-09 19:00,3,19,Weekday,Spring,No,63.64,72.74,38.28
2023-03-09 20:00,3,20,Weekday,Spring,No,61.8,73.23,35.57
2023-03-09 21:00,3,21,Weekday,Spring,No,59.82,72.97,32.3
2023-03-09 22:00,3,22,Weekday,Spring,No,57.85,72.08,36.12
2023-03-09 23:00,3,23,Weekday,Spring,No,56.6,71.46,23.87
2023-03-10 00:00,3,0,Weekday,Spring,No,55.98,71.73,18.21
2023-03-10 01:00,3,1,Weekday,Spring,No,55.34,71.0,22.91
2023-03-10 02:00,3,2,Weekday,Spring,No,54.83,71.22,11.6
2023-03-10 03:00,3,3,Weekday,Spring,No,54.47,72.88,18.39
2023-03-10 04:00,3,4,Weekday,Spring,No,54.11,72.12,21.41
2023-03-10 05:00,3,5,Weekday,Spring,No,54.38,71.23,19.65
2023-03-10 06:00,3,6,Weekday,Spring,No,55.0,71.44,24.79
2023-03-10 07:00,3,7,Weekday,Spring,No,55.64,70.58,12.12
2023-03-10 08:00,3,8,Weekday,Spring,Yes,57.52,71.16,17.94
2023-03-10 09:00,3,9,Weekday,Spring,Yes,60.22,71.49,26.95
2023-03-10 10:00,3,10,Weekday,Spring,Yes,62.92,71.97,18.35
2023-03-10 11:00,3,11,Weekday,Spring,Yes,64.25,71.48,29.98
2023-03-10 12:00,3,12,Weekday,Spring,Yes,64.51,72.61,22.68
2023-03-10 13:00,3,13,Weekday,Spring,Yes,64.79,71.32,21.87
2023-03-10 14:00,3,14,Weekday,Spring,Yes,63.16,71.52,19.8
2023-03-10 15:00,3,15,Weekday,Spring,Yes,60.2,71.46,22.73
2023-03-10 16:00,3,16,Weekday,Spring,Yes,57.22,72.12,19.23
2023-03-10 17:00,3,17,Weekday,Spring,Yes,55.52,71.23,34.63
2023-03-10 18:00,3,18,Weekday,Spring,No,54.9,71.99,30.72
2023-03-10 19:00,3,19,Weekday,Spring,No,54.26,71.57,22.77
2023-03-10 20:00,3,20,Weekday,Spring,No,53.96,71.13,24.48
2023-03-10 21:00,3,21,Weekday,Spring,No,53.96,71.87,24.75
2023-03-10 22:00,3,22,Weekday,Spring,No,53.96,71.53,30.14
2023-03-10 23:00,3,23,Weekday,Spring,No,53.96,71.51,31.94
2023-03-11 00:00,3,0,Weekend,Spring,No,53.96,70.81,23.09
2023-03-11 01:00,3,1,Weekend,Spring,No,53.96,71.38,16.85
2023-03-11 02:00,3,2,Weekend,Spring,No,53.54,72.44,15.83
2023-03-11 03:00,3,3,Weekend,Spring,No,52.92,70.42,19.98
2023-03-11 04:00,3,4,Weekend,Spring,No,52.28,71.15,17.28
2023-03-11 05:00,3,5,Weekend,Spring,No,51.98,71.63,19.0
2023-03-11 06:00,3,6,Weekend,Spring,No,51.98,71.34,14.22
2023-03-11 07:00,3,7,Weekend,Spring,No,51.98,71.45,15.34
2023-03-11 08:00,3,8,Weekend,Spring,No,53.56,72.82,15.22
2023-03-11 09:00,3,9,Weekend,Spring,No,56.26,70.92,17.09
2023-03-11 10:00,3,10,Weekend,Spring,No,58.96,72.05,19.87
2023-03-11 11:00,3,11,Weekend,Spring,No,60.29,71.8,24.07
2023-03-11 12:00,3,12,Weekend,Spring,No,60.54,72.67,24.92
2023-03-11 13:00,3,13,Weekend,Spring,No,60.83,72.52,17.8
2023-03-11 14:00,3,14,Weekend,Spring,No,61.19,73.09,21.83
2023-03-11 15:00,3,15,Weekend,Spring,No,61.55,72.35,19.1
2023-03-11 16:00,3,16,Weekend,Spring,No,61.91,72.53,22.33
2023-03-11 17:00,3,17,Weekend,Spring,No,61.12,72.99,25.46
2023-03-11 18:00,3,18,Weekend,Spring,No,59.39,72.46,29.5
2023-03-11 19:00,3,19,Weekend,Spring,No,57.7,72.2,33.66
2023-03-11 20:00,3,20,Weekend,Spring,No,56.6,71.7,34.17
2023-03-11 21:00,3,21,Weekend,Spring,No,55.98,72.07,25.93
2023-03-11 22:00,3,22,Weekend,Spring,No,55.34,72.0,34.6
2023-03-11 23:00,3,23,Weekend,Spring,No,54.41,72.24,22.9
2023-03-12 00:00,3,0,Weekend,Spring,No,53.43,70.98,22.46
2023-03-12 01:00,3,1,Weekend,Spring,No,52.43,71.07,14.97
2023-03-12 02:00,3,2,Weekend,Spring,No,51.35,71.53,16.95
2023-03-12 03:00,3,3,Weekend,Spring,No,50.38,71.02,14.7
2023-03-12 04:00,3,4,Weekend,Spring,No,49.37,71.64,15.09
2023-03-12 05:00,3,5,Weekend,Spring,No,49.34,71.04,11.96
2023-03-12 06:00,3,6,Weekend,Spring,No,50.06,71.65,14.84
2023-03-12 07:00,3,7,Weekend,Spring,No,50.78,70.28,13.79
2023-03-12 08:00,3,8,Weekend,Spring,No,52.86,71.41,8.18
2023-03-12 09:00,3,9,Weekend,Spring,No,55.82,71.79,21.0
2023-03-12 10:00,3,10,Weekend,Spring,No,58.8,71.52,15.35
2023-03-12 11:00,3,11,Weekend,Spring,No,60.6,72.82,25.28
2023-03-12 12:00,3,12,Weekend,Spring,No,61.61,72.51,24.09
2023-03-12 13:00,3,13,Weekend,Spring,No,62.58,72.39,21.93
2023-03-12 14:00,3,14,Weekend,Spring,No,63.59,72.51,26.14
2023-03-12 15:00,3,15,Weekend,Spring,No,64.56,72.67,24.48
2023-03-12 16:00,3,16,Weekend,Spring,No,65.57,73.05,19.24
2023-03-12 17:00,3,17,Weekend,Spring,No,64.86,73.36,38.77
2023-03-12 18:00,3,18,Weekend,Spring,No,62.89,72.72,33.88
2023-03-12 19:00,3,19,Weekend,Spring,No,60.9,72.89,32.93
2023-03-12 20:00,3,20,Weekend,Spring,No,59.14,72.8,35.13
2023-03-12 21:00,3,21,Weekend,Spring,No,57.41,71.93,31.4
2023-03-12 22:00,3,22,Weekend,Spring,No,55.72,72.08,32.35
2023-03-12 23:00,3,23,Weekend,Spring,No,53.68,70.8,22.68
2023-03-13 00:00,3,0,Weekday,Spring,No,51.34,70.79,20.0
2023-03-13 01:00,3,1,Weekday,Spring,No,49.0,71.36,14.1
2023-03-13 02:00,3,2,Weekday,Spring,No,47.28,70.46,16.54
2023-03-13 03:00,3,3,Weekday,Spring,No,45.92,70.29,15.09
2023-03-13 04:00,3,4,Weekday,Spring,No,44.58,70.8,9.01
2023-03-13 05:00,3,5,Weekday,Spring,No,44.58,70.3,9.18
2023-03-13 06:00,3,6,Weekday,Spring,No,45.59,70.53,4.72
2023-03-13 07:00,3,7,Weekday,Spring,No,46.56,70.51,13.87
2023-03-13 08:00,3,8,Weekday,Spring,Yes,50.4,70.24,25.73
2023-03-13 09:00,3,9,Weekday,Spring,Yes,56.45,72.3,20.52
2023-03-13 10:00,3,10,Weekday,Spring,Yes,62.46,71.42,26.19
2023-03-13 11:00,3,11,Weekday,Spring,Yes,66.52,73.58,25.38
2023-03-13 12:00,3,12,Weekday,Spring,Yes,69.22,72.45,28.19
2023-03-13 13:00,3,13,Weekday,Spring,Yes,71.92,73.87,26.15
2023-03-13 14:00,3,14,Weekday,Spring,Yes,73.25,72.79,31.96
2023-03-13 15:00,3,15,Weekday,Spring,Yes,73.51,72.68,29.04
2023-03-13 16:00,3,16,Weekday,Spring,Yes,73.79,72.58,28.93
2023-03-13 17:00,3,17,Weekday,Spring,Yes,72.37,73.19,41.89
2023-03-13 18:00,3,18,Weekday,Spring,No,69.77,73.85,34.85
2023-03-13 19:00,3,19,Weekday,Spring,No,67.14,73.9,39.18
2023-03-13 20:00,3,20,Weekday,Spring,No,64.24,72.96,34.31
2023-03-13 21:00,3,21,Weekday,Spring,No,61.28,72.47,26.99
2023-03-13 22:00,3,22,Weekday,Spring,No,58.3,72.29,25.7
2023-03-13 23:00,3,23,Weekday,Spring,No,56.08,70.79,23.9
2023-03-14 00:00,3,0,Weekday,Spring,No,54.35,72.02,24.1
2023-03-14 01:00,3,1,Weekday,Spring,No,52.66,71.57,17.51
2023-03-14 02:00,3,2,Weekday,Spring,No,51.35,70.81,16.39
2023-03-14 03:00,3,3,Weekday,Spring,No,50.38,71.07,12.06
2023-03-14 04:00,3,4,Weekday,Spring,No,49.37,70.62,9.1
2023-03-14 05:00,3,5,Weekday,Spring,No,49.76,71.23,13.14
2023-03-14 06:00,3,6,Weekday,Spring,No,51.1,72.18,14.15
2023-03-14 07:00,3,7,Weekday,Spring,No,52.46,71.11,9.27
2023-03-14 08:00,3,8,Weekday,Spring,Yes,56.21,71.09,16.89
2023-03-14 09:00,3,9,Weekday,Spring,Yes,61.5,71.02,21.8
2023-03-14 10:00,3,10,Weekday,Spring,Yes,66.83,71.66,32.17
2023-03-14 11:00,3,11,Weekday,Spring,Yes,70.45,72.77,22.08
2023-03-14 12:00,3,12,Weekday,Spring,Yes,72.68,72.99,31.74
2023-03-14 13:00,3,13,Weekday,Spring,Yes,74.95,74.21,30.42
2023-03-14 14:00,3,14,Weekday,Spring,Yes,75.5,73.52,32.15
2023-03-14 15:00,3,15,Weekday,Spring,Yes,74.88,74.09,24.23
2023-03-14 16:00,3,16,Weekday,Spring,Yes,74.24,73.17,28.03
2023-03-14 17:00,3,17,Weekday,Spring,Yes,72.58,73.18,40.06
2023-03-14 18:00,3,18,Weekday,Spring,No,70.24,73.82,43.85
2023-03-14 19:00,3,19,Weekday,Spring,No,67.9,73.16,43.17
2023-03-14 20:00,3,20,Weekday,Spring,No,65.03,74.05,32.95
2023-03-14 21:00,3,21,Weekday,Spring,No,61.68,72.48,36.09
2023-03-14 22:00,3,22,Weekday,Spring,No,58.37,72.78,31.71
2023-03-14 23:00,3,23,Weekday,Spring,No,56.08,71.38,28.43
2023-03-15 00:00,3,0,Weekday,Spring,No,54.35,71.17,22.65
2023-03-15 01:00,3,1,Weekday,Spring,No,52.66,71.74,18.14
2023-03-15 02:00,3,2,Weekday,Spring,No,51.77,70.99,13.55
2023-03-15 03:00,3,3,Weekday,Spring,No,51.52,70.72,16.97
2023-03-15 04:00,3,4,Weekday,Spring,No,51.23,71.64,17.32
2023-03-15 05:00,3,5,Weekday,Spring,No,51.5,70.8,17.32
2023-03-15 06:00,3,6,Weekday,Spring,No,52.12,71.85,20.43
2023-03-15 07:00,3,7,Weekday,Spring,No,52.76,72.31,19.91
2023-03-15 08:00,3,8,Weekday,Spring,Yes,55.37,71.24,20.81
2023-03-15 09:00,3,9,Weekday,Spring,Yes,59.33,71.59,16.29
2023-03-15 10:00,3,10,Weekday,Spring,Yes,63.29,72.16,28.19
2023-03-15 11:00,3,11,Weekday,Spring,Yes,66.31,71.4,23.15
2023-03-15 12:00,3,12,Weekday,Spring,Yes,68.65,72.23,26.41
2023-03-15 13:00,3,13,Weekday,Spring,Yes,70.98,72.75,27.33
2023-03-15 14:00,3,14,Weekday,Spring,Yes,72.17,72.6,37.38
2023-03-15 15:00,3,15,Weekday,Spring,Yes,72.53,73.29,37.05
2023-03-15 16:00,3,16,Weekday,Spring,Yes,72.89,73.04,29.93
2023-03-15 17:00,3,17,Weekday,Spring,Yes,72.1,73.23,38.12
2023-03-15 18:00,3,18,Weekday,Spring,No,70.37,73.62,38.34
2023-03-15 19:00,3,19,Weekday,Spring,No,68.68,72.56,32.0
2023-03-15 20:00,3,20,Weekday,Spring,No,66.84,73.18,39.6
2023-03-15 21:00,3,21,Weekday,Spring,No,64.86,72.51,37.4
2023-03-15 22:00,3,22,Weekday,Spring,No,62.89,73.06,34.53
2023-03-15 23:00,3,23,Weekday,Spring,No,61.12,72.04,36.05
2023-03-16 00:00,3,0,Weekday,Spring,No,59.39,72.21,19.12
2023-03-16 01:00,3,1,Weekday,Spring,No,57.7,71.27,25.93
2023-03-16 02:00,3,2,Weekday,Spring,No,56.08,71.66,14.21
2023-03-16 03:00,3,3,Weekday,Spring,No,54.35,71.14,21.87
2023-03-16 04:00,3,4,Weekday,Spring,No,52.66,71.93,14.16
2023-03-16 05:00,3,5,Weekday,Spring,No,52.19,71.73,18.89
2023-03-16 06:00,3,6,Weekday,Spring,No,52.55,71.34,15.59
2023-03-16 07:00,3,7,Weekday,Spring,No,52.91,71.4,13.7
2023-03-16 08:00,3,8,Weekday,Spring,Yes,55.37,71.75,16.16
2023-03-16 09:00,3,9,Weekday,Spring,Yes,59.33,71.47,22.22
2023-03-16 10:00,3,10,Weekday,Spring,Yes,63.29,72.19,26.61
2023-03-16 11:00,3,11,Weekday,Spring,Yes,65.88,71.61,33.17
2023-03-16 12:00,3,12,Weekday,Spring,Yes,67.61,73.47,27.05
2023-03-16 13:00,3,13,Weekday,Spring,Yes,69.31,73.01,29.93
2023-03-16 14:00,3,14,Weekday,Spring,Yes,69.77,72.57,31.6
2023-03-16 15:00,3,15,Weekday,Spring,Yes,69.52,72.45,27.96
2023-03-16 16:00,3,16,Weekday,Spring,Yes,69.23,72.65,25.42
2023-03-16 17:00,3,17,Weekday,Spring,Yes,67.72,72.21,35.56
2023-03-16 18:00,3,18,Weekday,Spring,No,65.38,71.55,36.93
2023-03-16 19:00,3,19,Weekday,Spring,No,63.04,72.2,32.44
2023-03-16 20:00,3,20,Weekday,Spring,No,60.7,72.0,29.12
2023-03-16 21:00,3,21,Weekday,Spring,No,58.36,71.88,27.74
2023-03-16 22:00,3,22,Weekday,Spring,No,56.02,71.72,33.56
2023-03-16 23:00,3,23,Weekday,Spring,No,53.88,71.46,29.99
2023-03-17 00:00,3,0,Weekday,Spring,No,51.8,71.47,16.84
2023-03-17 01:00,3,1,Weekday,Spring,No,49.74,71.38,9.05
2023-03-17 02:00,3,2,Weekday,Spring,No,48.4,69.58,15.02
2023-03-17 03:00,3,3,Weekday,Spring,No,47.39,70.61,19.67
2023-03-17 04:00,3,4,Weekday,Spring,No,46.42,70.4,11.51
2023-03-17 05:00,3,5,Weekday,Spring,No,46.98,70.71,13.05
2023-03-17 06:00,3,6,Weekday,Spring,No,48.71,70.75,20.77
2023-03-17 07:00,3,7,Weekday,Spring,No,50.4,69.61,9.15
2023-03-17 08:00,3,8,Weekday,Spring,Yes,53.18,70.67,15.55
2023-03-17 09:00,3,9,Weekday,Spring,Yes,56.88,70.27,20.03
2023-03-17 10:00,3,10,Weekday,Spring,Yes,60.56,72.12,17.1
2023-03-17 11:00,3,11,Weekday,Spring,Yes,63.64,72.53,22.94
2023-03-17 12:00,3,12,Weekday,Spring,Yes,66.23,72.77,23.54
2023-03-17 13:00,3,13,Weekday,Spring,Yes,68.86,72.39,29.2
2023-03-17 14:00,3,14,Weekday,Spring,Yes,70.61,72.84,26.96
2023-03-17 15:00,3,15,Weekday,Spring,Yes,71.58,72.84,23.37
2023-03-17 16:00,3,16,Weekday,Spring,Yes,72.59,74.0,31.28
2023-03-17 17:00,3,17,Weekday,Spring,Yes,71.26,72.6,42.5
2023-03-17 18:00,3,18,Weekday,Spring,No,68.3,73.75,35.06
2023-03-17 19:00,3,19,Weekday,Spring,No,65.32,73.11,41.66
2023-03-17 20:00,3,20,Weekday,Spring,No,63.41,72.66,29.94
2023-03-17 21:00,3,21,Weekday,Spring,No,62.44,72.19,30.11
2023-03-17 22:00,3,22,Weekday,Spring,No,61.43,72.7,36.85
2023-03-17 23:00,3,23,Weekday,Spring,No,60.24,71.76,33.39
2023-03-18 00:00,3,0,Weekend,Spring,No,58.88,71.64,26.54
2023-03-18 01:00,3,1,Weekend,Spring,No,57.54,71.1,23.47
2023-03-18 02:00,3,2,Weekend,Spring,No,56.39,70.64,16.78
2023-03-18 03:00,3,3,Weekend,Spring,No,55.42,72.58,14.79
2023-03-18 04:00,3,4,Weekend,Spring,No,54.41,71.75,22.14
2023-03-18 05:00,3,5,Weekend,Spring,No,54.38,70.47,19.24
2023-03-18 06:00,3,6,Weekend,Spring,No,55.0,71.18,18.67
2023-03-18 07:00,3,7,Weekend,Spring,No,55.64,71.07,19.43
2023-03-18 08:00,3,8,Weekend,Spring,No,58.46,73.06,13.65
2023-03-18 09:00,3,9,Weekend,Spring,No,62.89,71.8,25.29
2023-03-18 10:00,3,10,Weekend,Spring,No,67.28,73.11,26.73
2023-03-18 11:00,3,11,Weekend,Spring,No,70.66,72.74,27.21
2023-03-18 12:00,3,12,Weekend,Spring,No,73.25,74.45,32.81
2023-03-18 13:00,3,13,Weekend,Spring,No,75.88,73.77,31.64
2023-03-18 14:00,3,14,Weekend,Spring,No,76.37,74.57,29.7
2023-03-18 15:00,3,15,Weekend,Spring,No,75.4,73.87,31.57
2023-03-18 16:00,3,16,Weekend,Spring,No,74.39,75.04,28.1
2023-03-18 17:00,3,17,Weekend,Spring,No,72.37,74.33,46.08
2023-03-18 18:00,3,18,Weekend,Spring,No,69.77,74.95,37.87
2023-03-18 19:00,3,19,Weekend,Spring,No,67.14,73.72,33.58
2023-03-18 20:00,3,20,Weekend,Spring,No,64.24,72.73,31.67
2023-03-18 21:00,3,21,Weekend,Spring,No,61.28,72.85,26.64
2023-03-18 22:00,3,22,Weekend,Spring,No,58.3,71.84,38.95
2023-03-18 23:00,3,23,Weekend,Spring,No,56.81,72.19,29.49
2023-03-19 00:00,3,0,Weekend,Spring,No,56.45,72.22,27.27
2023-03-19 01:00,3,1,Weekend,Spring,No,56.09,71.57,15.65
2023-03-19 02:00,3,2,Weekend,Spring,No,55.0,72.09,23.47
2023-03-19 03:00,3,3,Weekend,Spring,No,53.38,71.62,16.1
2023-03-19 04:00,3,4,Weekend,Spring,No,51.76,72.04,13.12
2023-03-19 05:00,3,5,Weekend,Spring,No,49.5,70.54,13.38
2023-03-19 06:00,3,6,Weekend,Spring,No,46.8,70.24,13.75
2023-03-19 07:00,3,7,Weekend,Spring,No,44.1,69.45,10.49
2023-03-19 08:00,3,8,Weekend,Spring,No,43.61,70.11,6.26
2023-03-19 09:00,3,9,Weekend,Spring,No,44.58,70.72,17.18
2023-03-19 10:00,3,10,Weekend,Spring,No,45.59,70.71,13.12
2023-03-19 11:00,3,11,Weekend,Spring,No,47.4,70.46,23.53
2023-03-19 12:00,3,12,Weekend,Spring,No,49.74,71.29,11.63
2023-03-19 13:00,3,13,Weekend,Spring,No,52.08,71.57,15.67
2023-03-19 14:00,3,14,Weekend,Spring,No,53.58,71.46,18.61
2023-03-19 15:00,3,15,Weekend,Spring,No,54.59,70.26,11.68
2023-03-19 16:00,3,16,Weekend,Spring,No,55.57,71.98,16.17
2023-03-19 17:00,3,17,Weekend,Spring,No,55.2,72.03,28.05
2023-03-19 18:00,3,18,Weekend,Spring,No,53.84,71.28,30.24
2023-03-19 19:00,3,19,Weekend,Spring,No,52.5,71.07,30.56
2023-03-19 20:00,3,20,Weekend,Spring,No,50.62,70.04,28.79
2023-03-19 21:00,3,21,Weekend,Spring,No,48.28,70.51,17.53
2023-03-19 22:00,3,22,Weekend,Spring,No,45.94,71.03,22.32
2023-03-19 23:00,3,23,Weekend,Spring,No,44.54,70.32,27.21
2023-03-20 00:00,3,0,Weekday,Spring,No,43.92,69.96,9.62
2023-03-20 01:00,3,1,Weekday,Spring,No,43.28,70.22,3.09
2023-03-20 02:00,3,2,Weekday,Spring,No,42.56,70.07,10.11
2023-03-20 03:00,3,3,Weekday,Spring,No,41.94,70.11,3.28
2023-03-20 04:00,3,4,Weekday,Spring,No,41.3,71.2,9.62
2023-03-20 05:00,3,5,Weekday,Spring,No,41.42,70.41,11.3
2023-03-20 06:00,3,6,Weekday,Spring,No,42.04,69.29,3.04
2023-03-20 07:00,3,7,Weekday,Spring,No,42.68,70.56,4.06
2023-03-20 08:00,3,8,Weekday,Spring,Yes,45.71,69.3,9.03
2023-03-20 09:00,3,9,Weekday,Spring,Yes,50.39,69.22,14.44
2023-03-20 10:00,3,10,Weekday,Spring,Yes,55.07,71.06,20.43
2023-03-20 11:00,3,11,Weekday,Spring,Yes,58.38,70.53,18.07
2023-03-20 12:00,3,12,Weekday,Spring,Yes,60.72,70.66,31.1
2023-03-20 13:00,3,13,Weekday,Spring,Yes,63.06,72.52,18.46
2023-03-20 14:00,3,14,Weekday,Spring,Yes,64.78,71.76,23.75
2023-03-20 15:00,3,15,Weekday,Spring,Yes,66.14,72.88,24.17
2023-03-20 16:00,3,16,Weekday,Spring,Yes,67.47,72.6,24.35
2023-03-20 17:00,3,17,Weekday,Spring,Yes,67.06,73.41,39.41
2023-03-20 18:00,3,18,Weekday,Spring,No,65.33,72.51,38.01
2023-03-20 19:00,3,19,Weekday,Spring,No,63.64,72.92,35.53
2023-03-20 20:00,3,20,Weekday,Spring,No,61.07,71.67,34.45
2023-03-20 21:00,3,21,Weekday,Spring,No,57.72,72.29,28.77
2023-03-20 22:00,3,22,Weekday,Spring,No,54.41,71.41,30.84
2023-03-20 23:00,3,23,Weekday,Spring,No,52.12,72.18,30.03
2023-03-21 00:00,3,0,Weekday,Spring,No,50.39,71.37,19.83
2023-03-21 01:00,3,1,Weekday,Spring,No,48.7,71.12,10.13
2023-03-21 02:00,3,2,Weekday,Spring,No,47.6,70.98,11.17
2023-03-21 03:00,3,3,Weekday,Spring,No,46.98,69.94,8.86
2023-03-21 04:00,3,4,Weekday,Spring,No,46.34,70.48,5.92
2023-03-21 05:00,3,5,Weekday,Spring,No,46.98,71.22,12.25
2023-03-21 06:00,3,6,Weekday,Spring,No,48.71,69.75,15.64
2023-03-21 07:00,3,7,Weekday,Spring,No,50.4,70.48,18.78
2023-03-21 08:00,3,8,Weekday,Spring,Yes,54.33,70.21,21.91
2023-03-21 09:00,3,9,Weekday,Spring,Yes,60.02,71.88,21.07
2023-03-21 10:00,3,10,Weekday,Spring,Yes,65.68,72.28,22.18
2023-03-21 11:00,3,11,Weekday,Spring,Yes,69.58,71.75,23.36
2023-03-21 12:00,3,12,Weekday,Spring,Yes,72.17,72.95,26.01
2023-03-21 13:00,3,13,Weekday,Spring,Yes,74.8,73.19,34.67
2023-03-21 14:00,3,14,Weekday,Spring,Yes,75.92,74.2,31.27
2023-03-21 15:00,3,15,Weekday,Spring,Yes,75.92,73.78,33.68
2023-03-21 16:00,3,16,Weekday,Spring,Yes,75.92,72.87,34.74
2023-03-21 17:00,3,17,Weekday,Spring,Yes,74.13,73.38,43.27
2023-03-21 18:00,3,18,Weekday,Spring,No,71.18,74.02,39.89
2023-03-21 19:00,3,19,Weekday,Spring,No,68.2,73.14,40.54
2023-03-21 20:00,3,20,Weekday,Spring,No,66.18,72.53,33.62
2023-03-21 21:00,3,21,Weekday,Spring,No,64.82,72.74,32.64
2023-03-21 22:00,3,22,Weekday,Spring,No,63.48,72.54,36.28
2023-03-21 23:00,3,23,Weekday,Spring,No,62.02,72.1,29.17
2023-03-22 00:00,3,0,Weekday,Spring,No,60.29,71.96,19.76
2023-03-22 01:00,3,1,Weekday,Spring,No,58.6,71.56,15.06
2023-03-22 02:00,3,2,Weekday,Spring,No,57.5,72.2,25.27
2023-03-22 03:00,3,3,Weekday,Spring,No,56.88,72.52,20.55
2023-03-22 04:00,3,4,Weekday,Spring,No,56.24,71.75,11.58
2023-03-22 05:00,3,5,Weekday,Spring,No,55.0,72.19,17.89
2023-03-22 06:00,3,6,Weekday,Spring,No,53.38,71.26,18.34
2023-03-22 07:00,3,7,Weekday,Spring,No,51.76,71.26,14.19
2023-03-22 08:00,3,8,Weekday,Spring,Yes,52.24,70.66,16.26
2023-03-22 09:00,3,9,Weekday,Spring,Yes,54.22,70.73,19.93
2023-03-22 10:00,3,10,Weekday,Spring,Yes,56.2,70.65,21.97
2023-03-22 11:00,3,11,Weekday,Spring,Yes,57.76,70.95,22.2
2023-03-22 12:00,3,12,Weekday,Spring,Yes,59.12,70.62,18.24
2023-03-22 13:00,3,13,Weekday,Spring,Yes,60.46,71.42,17.53
2023-03-22 14:00,3,14,Weekday,Spring,Yes,60.35,71.9,22.79
2023-03-22 15:00,3,15,Weekday,Spring,Yes,59.38,71.31,18.07
2023-03-22 16:00,3,16,Weekday,Spring,Yes,58.37,70.87,22.23
2023-03-22 17:00,3,17,Weekday,Spring,Yes,57.18,71.23,35.07
2023-03-22 18:00,3,18,Weekday,Spring,No,55.82,71.53,30.99
2023-03-22 19:00,3,19,Weekday,Spring,No,54.48,70.93,32.41
2023-03-22 20:00,3,20,Weekday,Spring,No,53.02,71.12,24.76
2023-03-22 21:00,3,21,Weekday,Spring,No,51.29,69.96,30.43
2023-03-22 22:00,3,22,Weekday,Spring,No,49.6,70.8,24.77
2023-03-22 23:00,3,23,Weekday,Spring,No,47.56,70.02,25.94
2023-03-23 00:00,3,0,Weekday,Spring,No,45.32,70.07,7.9
2023-03-23 01:00,3,1,Weekday,Spring,No,43.06,70.01,9.97
2023-03-23 02:00,3,2,Weekday,Spring,No,42.29,69.81,12.35
2023-03-23 03:00,3,3,Weekday,Spring,No,42.54,69.35,5.84
2023-03-23 04:00,3,4,Weekday,Spring,No,42.83,70.16,14.31
2023-03-23 05:00,3,5,Weekday,Spring,No,43.72,70.84,7.23
2023-03-23 06:00,3,6,Weekday,Spring,No,45.08,70.16,18.41
2023-03-23 07:00,3,7,Weekday,Spring,No,46.42,70.62,15.67
2023-03-23 08:00,3,8,Weekday,Spring,Yes,48.93,70.13,6.55
2023-03-23 09:00,3,9,Weekday,Spring,Yes,52.25,71.1,17.52
2023-03-23 10:00,3,10,Weekday,Spring,Yes,55.6,71.12,18.92
2023-03-23 11:00,3,11,Weekday,Spring,Yes,58.18,71.79,14.44
2023-03-23 12:00,3,12,Weekday,Spring,Yes,60.16,72.08,31.69
2023-03-23 13:00,3,13,Weekday,Spring,Yes,62.14,71.3,22.79
2023-03-23 14:00,3,14,Weekday,Spring,Yes,63.38,72.44,24.3
2023-03-23 15:00,3,15,Weekday,Spring,Yes,64.0,72.63,20.69
2023-03-23 16:00,3,16,Weekday,Spring,Yes,64.64,73.11,22.83
2023-03-23 17:00,3,17,Weekday,Spring,Yes,64.0,71.9,38.21
2023-03-23 18:00,3,18,Weekday,Spring,No,62.38,72.12,30.87
2023-03-23 19:00,3,19,Weekday,Spring,No,60.76,71.64,31.02
2023-03-23 20:00,3,20,Weekday,Spring,No,59.24,72.56,25.67
2023-03-23 21:00,3,21,Weekday,Spring,No,57.9,71.46,28.85
2023-03-23 22:00,3,22,Weekday,Spring,No,56.54,71.1,32.52
2023-03-23 23:00,3,23,Weekday,Spring,No,54.36,71.87,28.32
2023-03-24 00:00,3,0,Weekday,Spring,No,51.77,70.89,14.83
2023-03-24 01:00,3,1,Weekday,Spring,No,49.14,71.09,14.18
2023-03-24 02:00,3,2,Weekday,Spring,No,47.28,71.11,8.46
2023-03-24 03:00,3,3,Weekday,Spring,No,45.92,70.48,3.84
2023-03-24 04:00,3,4,Weekday,Spring,No,44.58,70.37,9.81
2023-03-24 05:00,3,5,Weekday,Spring,No,44.8,70.36,11.63
2023-03-24 06:00,3,6,Weekday,Spring,No,46.16,70.51,13.12
2023-03-24 07:00,3,7,Weekday,Spring,No,47.5,70.57,15.87
2023-03-24 08:00,3,8,Weekday,Spring,Yes,49.6,69.41,16.55
2023-03-24 09:00,3,9,Weekday,Spring,Yes,52.19,70.9,17.42
2023-03-24 10:00,3,10,Weekday,Spring,Yes,54.82,70.35,16.97
2023-03-24 11:00,3,11,Weekday,Spring,Yes,57.93,70.99,23.67
2023-03-24 12:00,3,12,Weekday,Spring,Yes,61.25,71.5,24.14
2023-03-24 13:00,3,13,Weekday,Spring,Yes,64.6,71.87,24.05
2023-03-24 14:00,3,14,Weekday,Spring,Yes,66.76,71.51,25.24
2023-03-24 15:00,3,15,Weekday,Spring,Yes,68.12,73.59,30.87
2023-03-24 16:00,3,16,Weekday,Spring,Yes,69.46,73.37,29.66
2023-03-24 17:00,3,17,Weekday,Spring,Yes,67.88,73.05,39.95
2023-03-24 18:00,3,18,Weekday,Spring,No,64.18,72.61,34.09
2023-03-24 19:00,3,19,Weekday,Spring,No,60.5,72.54,34.65
2023-03-24 20:00,3,20,Weekday,Spring,No,58.06,72.57,30.78
2023-03-24 21:00,3,21,Weekday,Spring,No,56.33,71.8,31.73
2023-03-24 22:00,3,22,Weekday,Spring,No,54.64,70.92,25.99
2023-03-24 23:00,3,23,Weekday,Spring,No,53.02,70.49,25.63
2023-03-25 00:00,3,0,Weekend,Spring,No,51.29,71.57,12.63
2023-03-25 01:00,3,1,Weekend,Spring,No,49.6,70.4,16.14
2023-03-25 02:00,3,2,Weekend,Spring,No,48.71,70.13,17.15
2023-03-25 03:00,3,3,Weekend,Spring,No,48.46,71.75,12.38
2023-03-25 04:00,3,4,Weekend,Spring,No,48.17,69.71,8.53
2023-03-25 05:00,3,5,Weekend,Spring,No,48.65,71.17,15.53
2023-03-25 06:00,3,6,Weekend,Spring,No,49.62,71.02,11.23
2023-03-25 07:00,3,7,Weekend,Spring,No,50.63,71.09,9.69
2023-03-25 08:00,3,8,Weekend,Spring,No,53.39,71.01,23.81
2023-03-25 09:00,3,9,Weekend,Spring,No,57.35,72.39,16.51
2023-03-25 10:00,3,10,Weekend,Spring,No,61.31,73.33,16.27
2023-03-25 11:00,3,11,Weekend,Spring,No,63.7,72.14,19.94
2023-03-25 12:00,3,12,Weekend,Spring,No,65.06,72.86,20.77
2023-03-25 13:00,3,13,Weekend,Spring,No,66.4,73.02,20.79
2023-03-25 14:00,3,14,Weekend,Spring,No,67.13,72.72,29.41
2023-03-25 15:00,3,15,Weekend,Spring,No,67.49,73.33,19.06
2023-03-25 16:00,3,16,Weekend,Spring,No,67.85,73.34,23.57
2023-03-25 17:00,3,17,Weekend,Spring,No,66.42,73.07,35.14
2023-03-25 18:00,3,18,Weekend,Spring,No,63.83,72.67,29.37
2023-03-25 19:00,3,19,Weekend,Spring,No,61.2,73.52,38.12
2023-03-25 20:00,3,20,Weekend,Spring,No,58.92,72.44,26.15
2023-03-25 21:00,3,21,Weekend,Spring,No,56.84,71.29,25.22
2023-03-25 22:00,3,22,Weekend,Spring,No,54.78,72.22,27.06
2023-03-25 23:00,3,23,Weekend,Spring,No,53.43,71.81,33.19
2023-03-26 00:00,3,0,Weekend,Spring,No,52.43,71.15,12.56
2023-03-26 01:00,3,1,Weekend,Spring,No,51.46,71.99,16.92
2023-03-26 02:00,3,2,Weekend,Spring,No,50.66,71.49,18.56
2023-03-26 03:00,3,3,Weekend,Spring,No,49.94,70.85,8.8
2023-03-26 04:00,3,4,Weekend,Spring,No,49.22,71.12,13.18
2023-03-26 05:00,3,5,Weekend,Spring,No,49.55,70.02,10.95
2023-03-26 06:00,3,6,Weekend,Spring,No,50.52,71.45,12.0
2023-03-26 07:00,3,7,Weekend,Spring,No,51.53,71.13,16.26
2023-03-26 08:00,3,8,Weekend,Spring,No,53.34,71.07,17.53
2023-03-26 09:00,3,9,Weekend,Spring,No,55.68,72.39,19.8
2023-03-26 10:00,3,10,Weekend,Spring,No,58.02,71.36,19.14
2023-03-26 11:00,3,11,Weekend,Spring,No,59.0,72.11,18.03
2023-03-26 12:00,3,12,Weekend,Spring,No,59.0,71.69,20.72
2023-03-26 13:00,3,13,Weekend,Spring,No,59.0,72.87,25.25
2023-03-26 14:00,3,14,Weekend,Spring,No,58.26,71.55,20.36
2023-03-26 15:00,3,15,Weekend,Spring,No,56.9,71.86,21.13
2023-03-26 16:00,3,16,Weekend,Spring,No,55.57,71.71,13.6
2023-03-26 17:00,3,17,Weekend,Spring,No,52.94,71.52,22.46
2023-03-26 18:00,3,18,Weekend,Spring,No,49.24,71.38,22.2
2023-03-26 19:00,3,19,Weekend,Spring,No,45.56,70.48,23.33
2023-03-26 20:00,3,20,Weekend,Spring,No,43.22,69.9,21.25
2023-03-26 21:00,3,21,Weekend,Spring,No,41.89,70.7,18.86
2023-03-26 22:00,3,22,Weekend,Spring,No,40.52,69.56,21.39
2023-03-26 23:00,3,23,Weekend,Spring,No,40.13,69.46,15.77
2023-03-27 00:00,3,0,Weekday,Spring,No,40.49,70.4,4.27
2023-03-27 01:00,3,1,Weekday,Spring,No,40.85,69.55,14.76
2023-03-27 02:00,3,2,Weekday,Spring,No,41.42,69.36,8.85
2023-03-27 03:00,3,3,Weekday,Spring,No,42.04,69.29,6.4
2023-03-27 04:00,3,4,Weekday,Spring,No,42.68,69.81,7.19
2023-03-27 05:00,3,5,Weekday,Spring,No,43.4,70.16,4.39
2023-03-27 06:00,3,6,Weekday,Spring,No,44.02,70.61,2.71
2023-03-27 07:00,3,7,Weekday,Spring,No,44.66,70.43,14.34
2023-03-27 08:00,3,8,Weekday,Spring,Yes,45.9,68.96,8.99
2023-03-27 09:00,3,9,Weekday,Spring,Yes,47.63,69.77,11.32
2023-03-27 10:00,3,10,Weekday,Spring,Yes,49.32,71.36,14.1
2023-03-27 11:00,3,11,Weekday,Spring,Yes,51.36,70.38,13.23
2023-03-27 12:00,3,12,Weekday,Spring,Yes,53.7,71.27,17.67
2023-03-27 13:00,3,13,Weekday,Spring,Yes,56.04,70.0,15.1
2023-03-27 14:00,3,14,Weekday,Spring,Yes,57.65,70.27,20.75
2023-03-27 15:00,3,15,Weekday,Spring,Yes,58.62,71.3,17.69
2023-03-27 16:00,3,16,Weekday,Spring,Yes,59.63,71.12,27.96
2023-03-27 17:00,3,17,Weekday,Spring,Yes,59.66,71.24,28.4
2023-03-27 18:00,3,18,Weekday,Spring,No,58.94,71.15,34.49
2023-03-27 19:00,3,19,Weekday,Spring,No,58.22,71.74,35.58
2023-03-27 20:00,3,20,Weekday,Spring,No,56.34,71.33,31.37
2023-03-27 21:00,3,21,Weekday,Spring,No,53.75,71.39,26.94
2023-03-27 22:00,3,22,Weekday,Spring,No,51.12,71.41,25.13
2023-03-27 23:00,3,23,Weekday,Spring,No,49.37,70.77,23.88
2023-03-28 00:00,3,0,Weekday,Spring,No,48.4,71.82,21.66
2023-03-28 01:00,3,1,Weekday,Spring,No,47.39,70.25,12.14
2023-03-28 02:00,3,2,Weekday,Spring,No,46.52,70.37,13.24
2023-03-28 03:00,3,3,Weekday,Spring,No,45.9,69.99,8.62
2023-03-28 04:00,3,4,Weekday,Spring,No,45.26,71.05,16.68
2023-03-28 05:00,3,5,Weekday,Spring,No,45.38,70.26,0.83
2023-03-28 06:00,3,6,Weekday,Spring,No,46.0,70.23,4.67
2023-03-28 07:00,3,7,Weekday,Spring,No,46.64,69.89,10.4
2023-03-28 08:00,3,8,Weekday,Spring,Yes,48.93,71.13,13.83
2023-03-28 09:00,3,9,Weekday,Spring,Yes,52.25,70.74,12.01
2023-03-28 10:00,3,10,Weekday,Spring,Yes,55.6,71.87,19.57
2023-03-28 11:00,3,11,Weekday,Spring,Yes,58.18,71.64,22.06
2023-03-28 12:00,3,12,Weekday,Spring,Yes,60.16,70.81,23.79
2023-03-28 13:00,3,13,Weekday,Spring,Yes,62.14,72.12,25.96
2023-03-28 14:00,3,14,Weekday,Spring,Yes,62.75,70.93,26.73
2023-03-28 15:00,3,15,Weekday,Spring,Yes,62.5,72.7,28.82
2023-03-28 16:00,3,16,Weekday,Spring,Yes,62.21,71.68,19.6
2023-03-28 17:00,3,17,Weekday,Spring,Yes,60.9,71.77,32.08
2023-03-28 18:00,3,18,Weekday,Spring,No,58.82,71.83,34.2
2023-03-28 19:00,3,19,Weekday,Spring,No,56.76,71.49,28.69
2023-03-28 20:00,3,20,Weekday,Spring,No,55.42,71.45,21.61
2023-03-28 21:00,3,21,Weekday,Spring,No,54.41,70.49,31.17
2023-03-28 22:00,3,22,Weekday,Spring,No,53.43,72.23,31.85
2023-03-28 23:00,3,23,Weekday,Spring,No,51.07,71.38,26.46
2023-03-29 00:00,3,0,Weekday,Spring,No,47.75,70.87,16.98
2023-03-29 01:00,3,1,Weekday,Spring,No,44.4,70.18,10.46
2023-03-29 02:00,3,2,Weekday,Spring,No,42.35,70.01,6.88
2023-03-29 03:00,3,3,Weekday,Spring,No,41.38,69.78,8.47
2023-03-29 04:00,3,4,Weekday,Spring,No,40.37,68.78,9.36
2023-03-29 05:00,3,5,Weekday,Spring,No,40.86,69.83,9.62
2023-03-29 06:00,3,6,Weekday,Spring,No,42.59,70.28,8.04
2023-03-29 07:00,3,7,Weekday,Spring,No,44.28,69.53,10.59
2023-03-29 08:00,3,8,Weekday,Spring,Yes,47.48,69.81,15.85
2023-03-29 09:00,3,9,Weekday,Spring,Yes,51.8,70.44,12.61
2023-03-29 10:00,3,10,Weekday,Spring,Yes,56.12,70.57,19.35
2023-03-29 11:00,3,11,Weekday,Spring,Yes,59.28,71.65,16.05
2023-03-29 12:00,3,12,Weekday,Spring,Yes,61.62,72.3,21.31
2023-03-29 13:00,3,13,Weekday,Spring,Yes,63.96,72.36,17.58
2023-03-29 14:00,3,14,Weekday,Spring,Yes,65.15,72.6,32.8
2023-03-29 15:00,3,15,Weekday,Spring,Yes,65.51,72.28,18.71
2023-03-29 16:00,3,16,Weekday,Spring,Yes,65.87,72.81,29.02
2023-03-29 17:00,3,17,Weekday,Spring,Yes,64.66,72.95,31.03
2023-03-29 18:00,3,18,Weekday,Spring,No,62.32,72.35,31.58
2023-03-29 19:00,3,19,Weekday,Spring,No,59.98,72.0,24.72
2023-03-29 20:00,3,20,Weekday,Spring,No,57.64,72.51,38.83
2023-03-29 21:00,3,21,Weekday,Spring,No,55.3,71.32,27.34
2023-03-29 22:00,3,22,Weekday,Spring,No,52.96,71.6,29.74
2023-03-29 23:00,3,23,Weekday,Spring,No,50.62,71.15,24.31
2023-03-30 00:00,3,0,Weekday,Spring,No,48.28,70.79,17.18
2023-03-30 01:00,3,1,Weekday,Spring,No,45.94,70.31,13.95
2023-03-30 02:00,3,2,Weekday,Spring,No,44.44,69.84,16.18
2023-03-30 03:00,3,3,Weekday,Spring,No,43.43,70.6,12.96
2023-03-30 04:00,3,4,Weekday,Spring,No,42.46,69.64,10.83
2023-03-30 05:00,3,5,Weekday,Spring,No,43.24,70.05,10.69
2023-03-30 06:00,3,6,Weekday,Spring,No,45.22,70.41,7.74
2023-03-30 07:00,3,7,Weekday,Spring,No,47.2,71.03,22.17
2023-03-30 08:00,3,8,Weekday,Spring,Yes,50.96,70.52,15.8
2023-03-30 09:00,3,9,Weekday,Spring,Yes,55.9,70.96,20.12
2023-03-30 10:00,3,10,Weekday,Spring,Yes,60.86,71.01,20.56
2023-03-30 11:00,3,11,Weekday,Spring,Yes,64.32,71.06,28.03
2023-03-30 12:00,3,12,Weekday,Spring,Yes,66.66,73.55,26.77
2023-03-30 13:00,3,13,Weekday,Spring,Yes,69.01,73.45,26.05
2023-03-30 14:00,3,14,Weekday,Spring,Yes,70.61,71.92,25.22
2023-03-30 15:00,3,15,Weekday,Spring,Yes,71.58,72.51,35.76
2023-03-30 16:00,3,16,Weekday,Spring,Yes,72.59,73.23,29.94
2023-03-30 17:00,3,17,Weekday,Spring,Yes,71.26,72.84,39.55
2023-03-30 18:00,3,18,Weekday,Spring,No,68.3,73.87,34.02
2023-03-30 19:00,3,19,Weekday,Spring,No,65.32,73.55,26.28
2023-03-30 20:00,3,20,Weekday,Spring,No,62.89,72.27,34.02
2023-03-30 21:00,3,21,Weekday,Spring,No,60.8,72.33,31.11
2023-03-30 22:00,3,22,Weekday,Spring,No,58.74,72.08,31.54
2023-03-30 23:00,3,23,Weekday,Spring,No,57.5,71.79,36.11
2023-03-31 00:00,3,0,Weekday,Spring,No,56.88,72.46,13.5
2023-03-31 01:00,3,1,Weekday,Spring,No,56.24,70.9,25.09
2023-03-31 02:00,3,2,Weekday,Spring,No,55.2,71.91,25.88
2023-03-31 03:00,3,3,Weekday,Spring,No,53.84,71.38,16.36
2023-03-31 04:00,3,4,Weekday,Spring,No,52.5,71.58,10.17
2023-03-31 05:00,3,5,Weekday,Spring,No,51.98,71.93,14.95
2023-03-31 06:00,3,6,Weekday,Spring,No,51.98,71.58,16.36
2023-03-31 07:00,3,7,Weekday,Spring,No,51.98,71.62,15.57
2023-03-31 08:00,3,8,Weekday,Spring,Yes,52.92,70.98,17.43
2023-03-31 09:00,3,9,Weekday,Spring,Yes,54.65,70.67,14.69
2023-03-31 10:00,3,10,Weekday,Spring,Yes,56.34,70.38,19.57
2023-03-31 11:00,3,11,Weekday,Spring,Yes,57.76,71.31,19.68
2023-03-31 12:00,3,12,Weekday,Spring,Yes,59.12,71.17,23.76
2023-03-31 13:00,3,13,Weekday,Spring,Yes,60.46,71.66,18.15
2023-03-31 14:00,3,14,Weekday,Spring,Yes,61.19,71.24,21.5
2023-03-31 15:00,3,15,Weekday,Spring,Yes,61.55,71.68,26.8
2023-03-31 16:00,3,16,Weekday,Spring,Yes,61.91,71.55,24.27
2023-03-31 17:00,3,17,Weekday,Spring,Yes,61.22,71.26,34.54
2023-03-31 18:00,3,18,Weekday,Spring,No,59.89,72.53,25.29
2023-03-31 19:00,3,19,Weekday,Spring,No,58.52,71.73,32.41
2023-03-31 20:00,3,20,Weekday,Spring,No,56.03,71.85,36.81
2023-03-31 21:00,3,21,Weekday,Spring,No,54.36,71.2,24.85
2023-03-31 22:00,3,22,Weekday,Spring,No,53.93,71.75,23.96
2023-03-31 23:00,3,23,Weekday,Spring,No,53.46,71.28,27.75
2023-04-01 00:00,4,0,Weekend,Spring,No,53.03,70.59,13.28
2023-04-01 01:00,4,1,Weekend,Spring,No,52.56,71.39,18.07
2023-04-01 02:00,4,2,Weekend,Spring,No,52.13,71.02,19.65
2023-04-01 03:00,4,3,Weekend,Spring,No,51.66,71.27,16.24
2023-04-01 04:00,4,4,Weekend,Spring,No,51.23,70.69,12.98
2023-04-01 05:00,4,5,Weekend,Spring,No,52.97,71.57,17.15
2023-04-01 06:00,4,6,Weekend,Spring,No,56.32,71.32,15.01
2023-04-01 07:00,4,7,Weekend,Spring,No,59.63,72.1,21.74
2023-04-01 08:00,4,8,Weekend,Spring,No,64.44,73.31,25.96
2023-04-01 09:00,4,9,Weekend,Spring,No,70.49,73.4,25.85
2023-04-01 10:00,4,10,Weekend,Spring,No,76.5,74.24,39.72
2023-04-01 11:00,4,11,Weekend,Spring,No,80.13,75.18,40.21
2023-04-01 12:00,4,12,Weekend,Spring,No,82.12,75.42,44.53
2023-04-01 13:00,4,13,Weekend,Spring,No,84.1,75.33,43.73
2023-04-01 14:00,4,14,Weekend,Spring,No,84.92,75.56,30.9
2023-04-01 15:00,4,15,Weekend,Spring,No,84.92,75.27,41.54
2023-04-01 16:00,4,16,Weekend,Spring,No,84.92,75.53,41.77
2023-04-01 17:00,4,17,Weekend,Spring,No,83.14,75.7,45.46
2023-04-01 18:00,4,18,Weekend,Spring,No,80.18,75.63,51.96
2023-04-01 19:00,4,19,Weekend,Spring,No,77.2,75.53,47.35
2023-04-01 20:00,4,20,Weekend,Spring,No,73.61,73.44,39.71
2023-04-01 21:00,4,21,Weekend,Spring,No,69.65,74.36,43.04
2023-04-01 22:00,4,22,Weekend,Spring,No,65.69,73.3,34.81
2023-04-01 23:00,4,23,Weekend,Spring,No,63.3,71.84,30.56
2023-04-02 00:00,4,0,Weekend,Spring,No,61.94,72.16,19.96
2023-04-02 01:00,4,1,Weekend,Spring,No,60.6,71.44,19.15
2023-04-02 02:00,4,2,Weekend,Spring,No,59.24,71.76,11.51
2023-04-02 03:00,4,3,Weekend,Spring,No,57.9,71.39,19.23
2023-04-02 04:00,4,4,Weekend,Spring,No,56.54,72.51,21.76
2023-04-02 05:00,4,5,Weekend,Spring,No,57.1,71.71,22.46
2023-04-02 06:00,4,6,Weekend,Spring,No,59.18,72.28,24.18
2023-04-02 07:00,4,7,Weekend,Spring,No,61.24,72.28,21.36
2023-04-02 08:00,4,8,Weekend,Spring,No,65.0,72.38,24.45
2023-04-02 09:00,4,9,Weekend,Spring,No,69.94,73.66,25.8
2023-04-02 10:00,4,10,Weekend,Spring,No,74.9,73.47,31.53
2023-04-02 11:00,4,11,Weekend,Spring,No,77.63,75.02,31.31
2023-04-02 12:00,4,12,Weekend,Spring,No,78.6,74.79,38.88
2023-04-02 13:00,4,13,Weekend,Spring,No,79.61,74.78,38.83
2023-04-02 14:00,4,14,Weekend,Spring,No,80.48,75.38,40.76
2023-04-02 15:00,4,15,Weekend,Spring,No,81.1,75.61,37.17
2023-04-02 16:00,4,16,Weekend,Spring,No,81.74,75.83,38.55
2023-04-02 17:00,4,17,Weekend,Spring,No,80.68,74.1,46.02
2023-04-02 18:00,4,18,Weekend,Spring,No,78.33,74.52,49.16
2023-04-02 19:00,4,19,Weekend,Spring,No,75.99,75.51,45.01
2023-04-02 20:00,4,20,Weekend,Spring,No,73.03,74.24,41.92
2023-04-02 21:00,4,21,Weekend,Spring,No,69.71,73.57,39.67
2023-04-02 22:00,4,22,Weekend,Spring,No,66.36,71.93,31.56
2023-04-02 23:00,4,23,Weekend,Spring,No,63.36,73.07,38.66
2023-04-03 00:00,4,0,Weekday,Spring,No,60.77,73.0,24.03
2023-04-03 01:00,4,1,Weekday,Spring,No,58.14,72.69,19.88
2023-04-03 02:00,4,2,Weekday,Spring,No,56.39,73.0,19.3
2023-04-03 03:00,4,3,Weekday,Spring,No,55.42,71.14,17.78
2023-04-03 04:00,4,4,Weekday,Spring,No,54.41,71.81,19.94
2023-04-03 05:00,4,5,Weekday,Spring,No,55.12,71.58,14.43
2023-04-03 06:00,4,6,Weekday,Spring,No,57.2,73.11,20.6
2023-04-03 07:00,4,7,Weekday,Spring,No,59.26,72.52,26.06
2023-04-03 08:00,4,8,Weekday,Spring,Yes,62.81,72.13,21.57
2023-04-03 09:00,4,9,Weekday,Spring,Yes,67.39,72.01,22.74
2023-04-03 10:00,4,10,Weekday,Spring,Yes,71.99,73.6,33.97
2023-04-03 11:00,4,11,Weekday,Spring,Yes,74.89,73.76,37.1
2023-04-03 12:00,4,12,Weekday,Spring,Yes,76.61,73.24,29.1
2023-04-03 13:00,4,13,Weekday,Spring,Yes,78.31,73.62,37.38
2023-04-03 14:00,4,14,Weekday,Spring,Yes,79.4,73.6,30.85
2023-04-03 15:00,4,15,Weekday,Spring,Yes,80.02,73.89,35.73
2023-04-03 16:00,4,16,Weekday,Spring,Yes,80.66,74.39,36.17
2023-04-03 17:00,4,17,Weekday,Spring,Yes,79.18,73.77,46.86
2023-04-03 18:00,4,18,Weekday,Spring,No,76.22,74.22,47.63
2023-04-03 19:00,4,19,Weekday,Spring,No,73.24,74.24,45.09
2023-04-03 20:00,4,20,Weekday,Spring,No,70.07,73.34,33.48
2023-04-03 21:00,4,21,Weekday,Spring,No,66.72,73.47,40.76
2023-04-03 22:00,4,22,Weekday,Spring,No,63.41,72.99,26.25
2023-04-03 23:00,4,23,Weekday,Spring,No,61.43,72.2,37.58
2023-04-04 00:00,4,0,Weekday,Spring,No,60.46,72.37,19.54
2023-04-04 01:00,4,1,Weekday,Spring,No,59.45,73.0,17.2
2023-04-04 02:00,4,2,Weekday,Spring,No,58.06,72.6,25.94
2023-04-04 03:00,4,3,Weekday,Spring,No,56.33,72.7,15.93
2023-04-04 04:00,4,4,Weekday,Spring,No,54.64,71.51,24.27
2023-04-04 05:00,4,5,Weekday,Spring,No,55.32,72.04,22.69
2023-04-04 06:00,4,6,Weekday,Spring,No,57.66,71.14,22.46
2023-04-04 07:00,4,7,Weekday,Spring,No,60.0,72.03,27.76
2023-04-04 08:00,4,8,Weekday,Spring,Yes,63.5,72.2,21.56
2023-04-04 09:00,4,9,Weekday,Spring,Yes,67.82,72.87,27.12
2023-04-04 10:00,4,10,Weekday,Spring,Yes,72.14,73.78,30.0
2023-04-04 11:00,4,11,Weekday,Spring,Yes,75.31,73.09,38.78
2023-04-04 12:00,4,12,Weekday,Spring,Yes,77.65,74.4,34.74
2023-04-04 13:00,4,13,Weekday,Spring,Yes,79.98,74.05,30.02
2023-04-04 14:00,4,14,Weekday,Spring,Yes,81.17,75.01,34.2
2023-04-04 15:00,4,15,Weekday,Spring,Yes,81.53,73.7,39.82
2023-04-04 16:00,4,16,Weekday,Spring,Yes,81.89,74.46,33.94
2023-04-04 17:00,4,17,Weekday,Spring,Yes,80.04,73.11,40.44
2023-04-04 18:00,4,18,Weekday,Spring,No,76.73,74.99,42.2
2023-04-04 19:00,4,19,Weekday,Spring,No,73.39,74.08,45.19
2023-04-04 20:00,4,20,Weekday,Spring,No,70.18,73.04,38.59
2023-04-04 21:00,4,21,Weekday,Spring,No,67.22,73.79,31.1
2023-04-04 22:00,4,22,Weekday,Spring,No,64.24,73.61,33.95
2023-04-04 23:00,4,23,Weekday,Spring,No,62.02,72.76,28.93
2023-04-05 00:00,4,0,Weekday,Spring,No,60.29,72.37,25.57
2023-04-05 01:00,4,1,Weekday,Spring,No,58.6,72.68,21.14
2023-04-05 02:00,4,2,Weekday,Spring,No,56.76,72.18,26.99
2023-04-05 03:00,4,3,Weekday,Spring,No,54.78,71.13,24.46
2023-04-05 04:00,4,4,Weekday,Spring,No,52.8,71.23,14.53
2023-04-05 05:00,4,5,Weekday,Spring,No,52.19,71.79,22.27
2023-04-05 06:00,4,6,Weekday,Spring,No,52.55,71.68,20.62
2023-04-05 07:00,4,7,Weekday,Spring,No,52.91,70.55,14.58
2023-04-05 08:00,4,8,Weekday,Spring,Yes,54.64,71.38,16.42
2023-04-05 09:00,4,9,Weekday,Spring,Yes,57.23,71.36,13.91
2023-04-05 10:00,4,10,Weekday,Spring,Yes,59.86,71.47,19.84
2023-04-05 11:00,4,11,Weekday,Spring,Yes,62.35,72.8,30.97
2023-04-05 12:00,4,12,Weekday,Spring,Yes,64.68,72.44,17.16
2023-04-05 13:00,4,13,Weekday,Spring,Yes,67.03,72.1,25.02
2023-04-05 14:00,4,14,Weekday,Spring,Yes,68.42,72.73,25.28
2023-04-05 15:00,4,15,Weekday,Spring,Yes,69.04,72.7,30.88
2023-04-05 16:00,4,16,Weekday,Spring,Yes,69.68,73.26,29.05
2023-04-05 17:00,4,17,Weekday,Spring,Yes,68.82,72.21,36.81
2023-04-05 18:00,4,18,Weekday,Spring,No,66.84,73.41,38.08
2023-04-05 19:00,4,19,Weekday,Spring,No,64.86,73.38,31.65
2023-04-05 20:00,4,20,Weekday,Spring,No,62.46,72.82,31.35
2023-04-05 21:00,4,21,Weekday,Spring,No,59.76,73.0,30.57
2023-04-05 22:00,4,22,Weekday,Spring,No,57.06,72.0,25.81
2023-04-05 23:00,4,23,Weekday,Spring,No,55.2,72.37,27.38
2023-04-06 00:00,4,0,Weekday,Spring,No,53.84,70.92,16.57
2023-04-06 01:00,4,1,Weekday,Spring,No,52.5,71.55,12.09
2023-04-06 02:00,4,2,Weekday,Spring,No,50.82,71.51,16.11
2023-04-06 03:00,4,3,Weekday,Spring,No,48.84,69.98,13.89
2023-04-06 04:00,4,4,Weekday,Spring,No,46.86,71.23,9.15
2023-04-06 05:00,4,5,Weekday,Spring,No,46.56,70.54,10.07
2023-04-06 06:00,4,6,Weekday,Spring,No,47.57,70.34,14.61
2023-04-06 07:00,4,7,Weekday,Spring,No,48.54,70.32,16.15
2023-04-06 08:00,4,8,Weekday,Spring,Yes,51.65,69.76,20.02
2023-04-06 09:00,4,9,Weekday,Spring,Yes,56.33,70.96,14.37
2023-04-06 10:00,4,10,Weekday,Spring,Yes,61.01,72.33,16.7
2023-04-06 11:00,4,11,Weekday,Spring,Yes,64.32,71.91,24.76
2023-04-06 12:00,4,12,Weekday,Spring,Yes,66.66,71.75,25.47
2023-04-06 13:00,4,13,Weekday,Spring,Yes,69.01,72.53,26.25
2023-04-06 14:00,4,14,Weekday,Spring,Yes,70.72,73.25,19.09
2023-04-06 15:00,4,15,Weekday,Spring,Yes,72.08,73.63,32.69
2023-04-06 16:00,4,16,Weekday,Spring,Yes,73.42,73.54,33.4
2023-04-06 17:00,4,17,Weekday,Spring,Yes,72.58,72.88,39.41
2023-04-06 18:00,4,18,Weekday,Spring,No,70.24,73.1,37.58
2023-04-06 19:00,4,19,Weekday,Spring,No,67.9,74.42,32.72
2023-04-06 20:00,4,20,Weekday,Spring,No,65.03,73.47,40.53
2023-04-06 21:00,4,21,Weekday,Spring,No,61.68,72.32,30.28
2023-04-06 22:00,4,22,Weekday,Spring,No,58.37,72.19,29.91
2023-04-06 23:00,4,23,Weekday,Spring,No,56.81,72.08,28.23
2023-04-07 00:00,4,0,Weekday,Spring,No,56.45,72.16,12.28
2023-04-07 01:00,4,1,Weekday,Spring,No,56.09,71.4,19.96
2023-04-07 02:00,4,2,Weekday,Spring,No,54.36,71.61,9.32
2023-04-07 03:00,4,3,Weekday,Spring,No,51.77,70.97,13.42
2023-04-07 04:00,4,4,Weekday,Spring,No,49.14,70.54,20.62
2023-04-07 05:00,4,5,Weekday,Spring,No,48.76,71.05,16.44
2023-04-07 06:00,4,6,Weekday,Spring,No,50.12,71.17,13.49
2023-04-07 07:00,4,7,Weekday,Spring,No,51.46,71.25,18.97
2023-04-07 08:00,4,8,Weekday,Spring,Yes,54.92,70.18,23.44
2023-04-07 09:00,4,9,Weekday,Spring,Yes,59.86,70.67,22.71
2023-04-07 10:00,4,10,Weekday,Spring,Yes,64.82,71.16,16.91
2023-04-07 11:00,4,11,Weekday,Spring,Yes,68.28,72.66,17.47
2023-04-07 12:00,4,12,Weekday,Spring,Yes,70.62,72.18,27.6
2023-04-07 13:00,4,13,Weekday,Spring,Yes,72.96,73.57,28.51
2023-04-07 14:00,4,14,Weekday,Spring,Yes,74.57,73.36,35.03
2023-04-07 15:00,4,15,Weekday,Spring,Yes,75.54,73.88,33.15
2023-04-07 16:00,4,16,Weekday,Spring,Yes,76.55,73.1,31.77
2023-04-07 17:00,4,17,Weekday,Spring,Yes,76.06,73.61,33.01
2023-04-07 18:00,4,18,Weekday,Spring,No,74.33,73.55,38.1
2023-04-07 19:00,4,19,Weekday,Spring,No,72.63,74.61,45.19
2023-04-07 20:00,4,20,Weekday,Spring,No,69.86,73.25,34.24
2023-04-07 21:00,4,21,Weekday,Spring,No,66.16,72.67,32.85
2023-04-07 22:00,4,22,Weekday,Spring,No,62.48,73.2,34.84
2023-04-07 23:00,4,23,Weekday,Spring,No,59.62,72.74,27.95
2023-04-08 00:00,4,0,Weekend,Spring,No,57.28,72.61,22.27
2023-04-08 01:00,4,1,Weekend,Spring,No,54.94,70.67,14.66
2023-04-08 02:00,4,2,Weekend,Spring,No,54.38,72.14,23.3
2023-04-08 03:00,4,3,Weekend,Spring,No,55.0,71.68,20.17
2023-04-08 04:00,4,4,Weekend,Spring,No,55.64,72.43,12.21
2023-04-08 05:00,4,5,Weekend,Spring,No,56.78,71.79,23.38
2023-04-08 06:00,4,6,Weekend,Spring,No,58.11,71.54,22.5
2023-04-08 07:00,4,7,Weekend,Spring,No,59.48,71.81,21.43
2023-04-08 08:00,4,8,Weekend,Spring,No,63.76,72.92,20.21
2023-04-08 09:00,4,9,Weekend,Spring,No,70.05,73.72,28.13
2023-04-08 10:00,4,10,Weekend,Spring,No,76.36,74.6,32.08
2023-04-08 11:00,4,11,Weekend,Spring,No,79.92,75.22,40.62
2023-04-08 12:00,4,12,Weekend,Spring,No,81.65,76.26,39.08
2023-04-08 13:00,4,13,Weekend,Spring,No,83.34,76.47,37.71
2023-04-08 14:00,4,14,Weekend,Spring,No,84.23,74.77,36.72
2023-04-08 15:00,4,15,Weekend,Spring,No,84.48,74.8,41.67
2023-04-08 16:00,4,16,Weekend,Spring,No,84.77,75.16,32.47
2023-04-08 17:00,4,17,Weekend,Spring,No,82.82,75.57,49.23
2023-04-08 18:00,4,18,Weekend,Spring,No,79.12,75.59,38.34
2023-04-08 19:00,4,19,Weekend,Spring,No,75.44,74.93,38.77
2023-04-08 20:00,4,20,Weekend,Spring,No,72.58,73.52,40.45
2023-04-08 21:00,4,21,Weekend,Spring,No,70.24,73.2,43.82
2023-04-08 22:00,4,22,Weekend,Spring,No,67.9,73.55,47.95
2023-04-08 23:00,4,23,Weekend,Spring,No,65.14,73.61,40.72
2023-04-09 00:00,4,0,Weekend,Spring,No,62.18,74.38,24.44
2023-04-09 01:00,4,1,Weekend,Spring,No,59.2,71.84,23.36
2023-04-09 02:00,4,2,Weekend,Spring,No,57.4,71.37,25.31
2023-04-09 03:00,4,3,Weekend,Spring,No,56.39,72.15,19.85
2023-04-09 04:00,4,4,Weekend,Spring,No,55.42,71.53,20.27
2023-04-09 05:00,4,5,Weekend,Spring,No,55.04,71.58,14.67
2023-04-09 06:00,4,6,Weekend,Spring,No,55.04,71.58,22.0
2023-04-09 07:00,4,7,Weekend,Spring,No,55.04,70.89,25.36
2023-04-09 08:00,4,8,Weekend,Spring,No,57.56,72.01,27.59
2023-04-09 09:00,4,9,Weekend,Spring,No,61.88,72.63,21.41
2023-04-09 10:00,4,10,Weekend,Spring,No,66.2,73.35,24.13
2023-04-09 11:00,4,11,Weekend,Spring,No,70.0,74.14,32.25
2023-04-09 12:00,4,12,Weekend,Spring,No,73.31,73.88,28.35
2023-04-09 13:00,4,13,Weekend,Spring,No,76.66,74.34,31.59
2023-04-09 14:00,4,14,Weekend,Spring,No,78.29,75.19,37.27
2023-04-09 15:00,4,15,Weekend,Spring,No,78.54,74.23,41.21
2023-04-09 16:00,4,16,Weekend,Spring,No,78.83,74.88,39.33
2023-04-09 17:00,4,17,Weekend,Spring,No,77.82,74.45,39.34
2023-04-09 18:00,4,18,Weekend,Spring,No,75.84,74.61,38.26
2023-04-09 19:00,4,19,Weekend,Spring,No,73.86,74.74,46.63
2023-04-09 20:00,4,20,Weekend,Spring,No,71.26,74.37,37.44
2023-04-09 21:00,4,21,Weekend,Spring,No,68.3,72.98,40.0
2023-04-09 22:00,4,22,Weekend,Spring,No,65.32,73.45,33.67
2023-04-09 23:00,4,23,Weekend,Spring,No,63.1,72.85,31.04
2023-04-10 00:00,4,0,Weekday,Spring,No,61.37,72.7,25.05
2023-04-10 01:00,4,1,Weekday,Spring,No,59.68,71.74,19.26
2023-04-10 02:00,4,2,Weekday,Spring,No,57.64,71.16,16.2
2023-04-10 03:00,4,3,Weekday,Spring,No,55.3,72.12,17.28
2023-04-10 04:00,4,4,Weekday,Spring,No,52.96,71.79,15.23
2023-04-10 05:00,4,5,Weekday,Spring,No,53.56,71.52,12.16
2023-04-10 06:00,4,6,Weekday,Spring,No,56.26,71.74,19.53
2023-04-10 07:00,4,7,Weekday,Spring,No,58.96,72.88,21.91
2023-04-10 08:00,4,8,Weekday,Spring,Yes,63.34,72.65,27.79
2023-04-10 09:00,4,9,Weekday,Spring,Yes,69.02,73.05,22.36
2023-04-10 10:00,4,10,Weekday,Spring,Yes,74.68,73.31,30.3
2023-04-10 11:00,4,11,Weekday,Spring,Yes,77.94,72.95,36.26
2023-04-10 12:00,4,12,Weekday,Spring,Yes,79.67,73.87,28.05
2023-04-10 13:00,4,13,Weekday,Spring,Yes,81.37,73.71,36.25
2023-04-10 14:00,4,14,Weekday,Spring,Yes,82.04,74.12,34.2
2023-04-10 15:00,4,15,Weekday,Spring,Yes,82.04,74.1,37.71
2023-04-10 16:00,4,16,Weekday,Spring,Yes,82.04,74.9,36.78
2023-04-10 17:00,4,17,Weekday,Spring,Yes,80.46,74.57,42.53
2023-04-10 18:00,4,18,Weekday,Spring,No,77.76,74.25,48.3
2023-04-10 19:00,4,19,Weekday,Spring,No,75.06,75.21,43.94
2023-04-10 20:00,4,20,Weekday,Spring,No,72.37,74.19,47.42
2023-04-10 21:00,4,21,Weekday,Spring,No,69.77,72.82,38.25
2023-04-10 22:00,4,22,Weekday,Spring,No,67.14,72.86,34.12
2023-04-10 23:00,4,23,Weekday,Spring,No,64.24,73.19,34.95
2023-04-11 00:00,4,0,Weekday,Spring,No,61.28,73.37,23.68
2023-04-11 01:00,4,1,Weekday,Spring,No,58.3,71.95,26.92
2023-04-11 02:00,4,2,Weekday,Spring,No,56.39,72.08,19.64
2023-04-11 03:00,4,3,Weekday,Spring,No,55.42,72.51,16.45
2023-04-11 04:00,4,4,Weekday,Spring,No,54.41,71.21,11.71
2023-04-11 05:00,4,5,Weekday,Spring,No,55.54,72.87,21.61
2023-04-11 06:00,4,6,Weekday,Spring,No,58.24,72.34,17.51
2023-04-11 07:00,4,7,Weekday,Spring,No,60.93,72.82,20.97
2023-04-11 08:00,4,8,Weekday,Spring,Yes,65.21,72.38,22.82
2023-04-11 09:00,4,9,Weekday,Spring,Yes,70.5,73.53,32.78
2023-04-11 10:00,4,10,Weekday,Spring,Yes,75.83,73.26,27.38
2023-04-11 11:00,4,11,Weekday,Spring,Yes,79.45,74.2,40.56
2023-04-11 12:00,4,12,Weekday,Spring,Yes,81.68,73.93,36.46
2023-04-11 13:00,4,13,Weekday,Spring,Yes,83.94,73.97,41.25
2023-04-11 14:00,4,14,Weekday,Spring,Yes,84.92,74.59,39.71
2023-04-11 15:00,4,15,Weekday,Spring,Yes,84.92,75.25,43.44
2023-04-11 16:00,4,16,Weekday,Spring,Yes,84.92,74.33,41.01
2023-04-11 17:00,4,17,Weekday,Spring,Yes,83.03,74.53,46.44
2023-04-11 18:00,4,18,Weekday,Spring,No,79.68,75.04,52.53
2023-04-11 19:00,4,19,Weekday,Spring,No,76.37,74.1,48.71
2023-04-11 20:00,4,20,Weekday,Spring,No,74.08,72.84,39.07
2023-04-11 21:00,4,21,Weekday,Spring,No,72.35,74.25,42.14
2023-04-11 22:00,4,22,Weekday,Spring,No,70.66,73.65,37.08
2023-04-11 23:00,4,23,Weekday,Spring,No,69.24,73.1,38.22
2023-04-12 00:00,4,0,Weekday,Spring,No,67.88,73.21,23.47
2023-04-12 01:00,4,1,Weekday,Spring,No,66.54,72.76,22.44
2023-04-12 02:00,4,2,Weekday,Spring,No,65.08,72.67,26.37
2023-04-12 03:00,4,3,Weekday,Spring,No,63.35,73.61,24.73
2023-04-12 04:00,4,4,Weekday,Spring,No,61.66,73.56,20.91
2023-04-12 05:00,4,5,Weekday,Spring,No,61.92,72.81,26.25
2023-04-12 06:00,4,6,Weekday,Spring,No,63.65,72.53,27.0
2023-04-12 07:00,4,7,Weekday,Spring,No,65.34,72.13,29.25
2023-04-12 08:00,4,8,Weekday,Spring,Yes,68.12,72.5,26.22
2023-04-12 09:00,4,9,Weekday,Spring,Yes,71.82,73.66,27.75
2023-04-12 10:00,4,10,Weekday,Spring,Yes,75.5,73.71,35.27
2023-04-12 11:00,4,11,Weekday,Spring,Yes,77.63,73.08,38.95
2023-04-12 12:00,4,12,Weekday,Spring,Yes,78.6,73.75,33.43
2023-04-12 13:00,4,13,Weekday,Spring,Yes,79.61,74.59,38.75
2023-04-12 14:00,4,14,Weekday,Spring,Yes,79.64,74.02,39.31
2023-04-12 15:00,4,15,Weekday,Spring,Yes,79.03,73.72,40.96
2023-04-12 16:00,4,16,Weekday,Spring,Yes,78.38,73.87,36.79
2023-04-12 17:00,4,17,Weekday,Spring,Yes,76.3,73.83,44.73
2023-04-12 18:00,4,18,Weekday,Spring,No,73.34,74.12,43.31
2023-04-12 19:00,4,19,Weekday,Spring,No,70.36,73.28,37.01
2023-04-12 20:00,4,20,Weekday,Spring,No,68.13,72.49,35.86
2023-04-12 21:00,4,21,Weekday,Spring,No,66.41,73.27,39.52
2023-04-12 22:00,4,22,Weekday,Spring,No,64.72,72.97,34.7
2023-04-12 23:00,4,23,Weekday,Spring,No,63.41,73.44,32.29
2023-04-13 00:00,4,0,Weekday,Spring,No,62.44,71.54,26.45
2023-04-13 01:00,4,1,Weekday,Spring,No,61.43,71.73,28.7
2023-04-13 02:00,4,2,Weekday,Spring,No,60.77,72.08,20.7
2023-04-13 03:00,4,3,Weekday,Spring,No,60.52,71.96,22.32
2023-04-13 04:00,4,4,Weekday,Spring,No,60.23,72.52,22.48
2023-04-13 05:00,4,5,Weekday,Spring,No,59.87,72.83,18.05
2023-04-13 06:00,4,6,Weekday,Spring,No,59.51,72.72,19.03
2023-04-13 07:00,4,7,Weekday,Spring,No,59.15,71.86,24.78
2023-04-13 08:00,4,8,Weekday,Spring,Yes,60.36,71.92,19.65
2023-04-13 09:00,4,9,Weekday,Spring,Yes,62.7,71.27,26.86
2023-04-13 10:00,4,10,Weekday,Spring,Yes,65.04,71.55,22.37
2023-04-13 11:00,4,11,Weekday,Spring,Yes,66.96,72.62,36.54
2023-04-13 12:00,4,12,Weekday,Spring,Yes,68.69,73.08,21.94
2023-04-13 13:00,4,13,Weekday,Spring,Yes,70.38,72.71,39.44
2023-04-13 14:00,4,14,Weekday,Spring,Yes,71.27,72.77,26.24
2023-04-13 15:00,4,15,Weekday,Spring,Yes,71.53,72.82,28.26
2023-04-13 16:00,4,16,Weekday,Spring,Yes,71.81,72.48,30.49
2023-04-13 17:00,4,17,Weekday,Spring,Yes,70.6,73.07,39.75
2023-04-13 18:00,4,18,Weekday,Spring,No,68.26,73.44,35.96
2023-04-13 19:00,4,19,Weekday,Spring,No,65.92,72.85,30.02
2023-04-13 20:00,4,20,Weekday,Spring,No,64.21,73.18,33.18
2023-04-13 21:00,4,21,Weekday,Spring,No,62.84,72.83,30.88
2023-04-13 22:00,4,22,Weekday,Spring,No,61.51,73.35,38.64
2023-04-13 23:00,4,23,Weekday,Spring,No,60.56,72.28,35.53
2023-04-14 00:00,4,0,Weekday,Spring,No,59.94,71.99,22.61
2023-04-14 01:00,4,1,Weekday,Spring,No,59.3,72.78,20.45
2023-04-14 02:00,4,2,Weekday,Spring,No,59.0,71.55,21.4
2023-04-14 03:00,4,3,Weekday,Spring,No,59.0,72.8,22.03
2023-04-14 04:00,4,4,Weekday,Spring,No,59.0,71.16,18.71
2023-04-14 05:00,4,5,Weekday,Spring,No,58.37,72.29,18.98
2023-04-14 06:00,4,6,Weekday,Spring,No,57.4,71.92,20.32
2023-04-14 07:00,4,7,Weekday,Spring,No,56.39,71.37,17.19
2023-04-14 08:00,4,8,Weekday,Spring,Yes,58.04,71.81,22.53
2023-04-14 09:00,4,9,Weekday,Spring,Yes,61.74,72.55,30.5
2023-04-14 10:00,4,10,Weekday,Spring,Yes,65.42,72.99,25.14
2023-04-14 11:00,4,11,Weekday,Spring,Yes,65.34,71.88,31.82
2023-04-14 12:00,4,12,Weekday,Spring,Yes,62.75,70.99,23.4
2023-04-14 13:00,4,13,Weekday,Spring,Yes,60.12,72.0,20.98
2023-04-14 14:00,4,14,Weekday,Spring,Yes,58.37,71.19,22.43
2023-04-14 15:00,4,15,Weekday,Spring,Yes,57.4,70.51,24.16
2023-04-14 16:00,4,16,Weekday,Spring,Yes,56.39,70.82,19.22
2023-04-14 17:00,4,17,Weekday,Spring,Yes,54.58,70.41,29.98
2023-04-14 18:00,4,18,Weekday,Spring,No,52.24,71.54,28.49
2023-04-14 19:00,4,19,Weekday,Spring,No,49.9,71.15,24.4
2023-04-14 20:00,4,20,Weekday,Spring,No,49.13,71.29,25.13
2023-04-14 21:00,4,21,Weekday,Spring,No,49.49,70.26,23.03
2023-04-14 22:00,4,22,Weekday,Spring,No,49.85,70.78,23.24
2023-04-14 23:00,4,23,Weekday,Spring,No,49.26,70.86,22.86
2023-04-15 00:00,4,0,Weekend,Spring,No,47.9,70.91,9.1
2023-04-15 01:00,4,1,Weekend,Spring,No,46.56,70.52,16.21
2023-04-15 02:00,4,2,Weekend,Spring,No,46.04,70.69,12.32
2023-04-15 03:00,4,3,Weekend,Spring,No,46.04,70.53,8.5
2023-04-15 04:00,4,4,Weekend,Spring,No,46.04,70.44,7.36
2023-04-15 05:00,4,5,Weekend,Spring,No,46.25,70.22,9.68
2023-04-15 06:00,4,6,Weekend,Spring,No,46.5,70.61,7.96
2023-04-15 07:00,4,7,Weekend,Spring,No,46.79,70.88,8.84
2023-04-15 08:00,4,8,Weekend,Spring,No,47.89,70.7,11.64
2023-04-15 09:00,4,9,Weekend,Spring,No,49.61,71.16,15.24
2023-04-15 10:00,4,10,Weekend,Spring,No,51.3,70.59,10.64
2023-04-15 11:00,4,11,Weekend,Spring,No,52.72,71.39,19.88
2023-04-15 12:00,4,12,Weekend,Spring,No,54.08,71.47,15.44
2023-04-15 13:00,4,13,Weekend,Spring,No,55.42,71.07,20.97
2023-04-15 14:00,4,14,Weekend,Spring,No,56.36,71.39,21.49
2023-04-15 15:00,4,15,Weekend,Spring,No,56.98,71.48,19.16
2023-04-15 16:00,4,16,Weekend,Spring,No,57.62,71.95,17.86
2023-04-15 17:00,4,17,Weekend,Spring,No,57.4,71.96,38.42
2023-04-15 18:00,4,18,Weekend,Spring,No,56.39,72.77,34.56
2023-04-15 19:00,4,19,Weekend,Spring,No,55.42,72.0,29.37
2023-04-15 20:00,4,20,Weekend,Spring,No,54.62,71.58,31.34
2023-04-15 21:00,4,21,Weekend,Spring,No,54.0,71.21,29.07
2023-04-15 22:00,4,22,Weekend,Spring,No,53.36,71.69,28.85
2023-04-15 23:00,4,23,Weekend,Spring,No,52.12,70.86,22.01
2023-04-16 00:00,4,0,Weekend,Spring,No,50.39,71.98,18.58
2023-04-16 01:00,4,1,Weekend,Spring,No,48.7,70.75,20.86
2023-04-16 02:00,4,2,Weekend,Spring,No,48.02,70.43,16.5
2023-04-16 03:00,4,3,Weekend,Spring,No,48.02,70.56,17.37
2023-04-16 04:00,4,4,Weekend,Spring,No,48.02,70.48,17.33
2023-04-16 05:00,4,5,Weekend,Spring,No,45.92,71.44,18.66
2023-04-16 06:00,4,6,Weekend,Spring,No,42.22,69.79,2.18
2023-04-16 07:00,4,7,Weekend,Spring,No,38.54,69.64,8.45
2023-04-16 08:00,4,8,Weekend,Spring,No,38.4,69.34,4.37
2023-04-16 09:00,4,9,Weekend,Spring,No,40.75,69.13,9.41
2023-04-16 10:00,4,10,Weekend,Spring,No,43.08,69.98,11.73
2023-04-16 11:00,4,11,Weekend,Spring,No,43.43,70.3,10.1
2023-04-16 12:00,4,12,Weekend,Spring,No,42.46,69.71,11.36
2023-04-16 13:00,4,13,Weekend,Spring,No,41.45,69.88,10.07
2023-04-16 14:00,4,14,Weekend,Spring,No,40.79,69.36,7.62
2023-04-16 15:00,4,15,Weekend,Spring,No,40.43,70.05,8.03
2023-04-16 16:00,4,16,Weekend,Spring,No,40.07,69.15,6.62
2023-04-16 17:00,4,17,Weekend,Spring,No,39.5,69.78,19.19
2023-04-16 18:00,4,18,Weekend,Spring,No,38.88,69.14,21.38
2023-04-16 19:00,4,19,Weekend,Spring,No,38.24,69.01,14.18
2023-04-16 20:00,4,20,Weekend,Spring,No,37.52,69.63,17.17
2023-04-16 21:00,4,21,Weekend,Spring,No,36.9,69.31,17.08
2023-04-16 22:00,4,22,Weekend,Spring,No,36.26,68.55,14.94
2023-04-16 23:00,4,23,Weekend,Spring,No,35.54,68.15,10.08
2023-04-17 00:00,4,0,Weekday,Spring,No,34.92,68.62,6.4
2023-04-17 01:00,4,1,Weekday,Spring,No,34.28,67.99,7.65
2023-04-17 02:00,4,2,Weekday,Spring,No,33.98,69.17,8.38
2023-04-17 03:00,4,3,Weekday,Spring,No,33.98,68.25,7.88
2023-04-17 04:00,4,4,Weekday,Spring,No,33.98,68.94,10.09
2023-04-17 05:00,4,5,Weekday,Spring,No,34.92,68.7,3.16
2023-04-17 06:00,4,6,Weekday,Spring,No,36.65,68.99,2.75
2023-04-17 07:00,4,7,Weekday,Spring,No,38.34,70.19,7.5
2023-04-17 08:00,4,8,Weekday,Spring,Yes,41.12,69.25,15.38
2023-04-17 09:00,4,9,Weekday,Spring,Yes,44.82,69.49,15.82
2023-04-17 10:00,4,10,Weekday,Spring,Yes,48.5,70.18,9.42
2023-04-17 11:00,4,11,Weekday,Spring,Yes,50.94,69.41,9.37
2023-04-17 12:00,4,12,Weekday,Spring,Yes,52.67,70.18,17.76
2023-04-17 13:00,4,13,Weekday,Spring,Yes,54.36,71.66,17.61
2023-04-17 14:00,4,14,Weekday,Spring,Yes,55.78,71.17,17.98
2023-04-17 15:00,4,15,Weekday,Spring,Yes,57.14,70.93,25.86
2023-04-17 16:00,4,16,Weekday,Spring,Yes,58.48,70.15,19.4
2023-04-17 17:00,4,17,Weekday,Spring,Yes,58.37,71.45,35.53
2023-04-17 18:00,4,18,Weekday,Spring,No,57.4,72.12,38.3
2023-04-17 19:00,4,19,Weekday,Spring,No,56.39,72.47,29.67
2023-04-17 20:00,4,20,Weekday,Spring,No,54.78,71.4,31.2
2023-04-17 21:00,4,21,Weekday,Spring,No,52.8,70.72,22.81
2023-04-17 22:00,4,22,Weekday,Spring,No,50.82,71.06,26.48
2023-04-17 23:00,4,23,Weekday,Spring,No,49.06,70.58,17.44
2023-04-18 00:00,4,0,Weekday,Spring,No,47.33,71.48,16.36
2023-04-18 01:00,4,1,Weekday,Spring,No,45.64,70.4,11.27
2023-04-18 02:00,4,2,Weekday,Spring,No,44.96,70.47,10.36
2023-04-18 03:00,4,3,Weekday,Spring,No,44.96,69.22,9.37
2023-04-18 04:00,4,4,Weekday,Spring,No,44.96,70.09,9.12
2023-04-18 05:00,4,5,Weekday,Spring,No,45.7,70.77,14.71
2023-04-18 06:00,4,6,Weekday,Spring,No,47.06,70.75,14.47
2023-04-18 07:00,4,7,Weekday,Spring,No,48.4,70.82,12.84
2023-04-18 08:00,4,8,Weekday,Spring,Yes,51.23,70.64,18.37
2023-04-18 09:00,4,9,Weekday,Spring,Yes,55.3,71.11,21.35
2023-04-18 10:00,4,10,Weekday,Spring,Yes,59.33,71.53,12.56
2023-04-18 11:00,4,11,Weekday,Spring,Yes,62.35,72.55,28.21
2023-04-18 12:00,4,12,Weekday,Spring,Yes,64.68,72.21,19.25
2023-04-18 13:00,4,13,Weekday,Spring,Yes,67.03,71.75,22.1
2023-04-18 14:00,4,14,Weekday,Spring,Yes,68.21,72.63,26.42
2023-04-18 15:00,4,15,Weekday,Spring,Yes,68.57,72.84,24.18
2023-04-18 16:00,4,16,Weekday,Spring,Yes,68.93,72.84,36.48
2023-04-18 17:00,4,17,Weekday,Spring,Yes,67.92,72.5,37.39
2023-04-18 18:00,4,18,Weekday,Spring,No,65.84,73.39,33.86
2023-04-18 19:00,4,19,Weekday,Spring,No,63.78,74.17,31.24
2023-04-18 20:00,4,20,Weekday,Spring,No,61.6,72.54,36.12
2023-04-18 21:00,4,21,Weekday,Spring,No,59.26,71.53,31.28
2023-04-18 22:00,4,22,Weekday,Spring,No,56.92,71.62,34.42
2023-04-18 23:00,4,23,Weekday,Spring,No,55.0,72.02,29.14
2023-04-19 00:00,4,0,Weekday,Spring,No,53.38,71.53,12.87
2023-04-19 01:00,4,1,Weekday,Spring,No,51.76,71.56,17.67
2023-04-19 02:00,4,2,Weekday,Spring,No,50.66,71.17,11.17
2023-04-19 03:00,4,3,Weekday,Spring,No,49.94,71.27,10.06
2023-04-19 04:00,4,4,Weekday,Spring,No,49.22,70.74,13.77
2023-04-19 05:00,4,5,Weekday,Spring,No,49.86,70.97,22.63
2023-04-19 06:00,4,6,Weekday,Spring,No,51.59,71.75,18.5
2023-04-19 07:00,4,7,Weekday,Spring,No,53.28,71.36,19.05
2023-04-19 08:00,4,8,Weekday,Spring,Yes,55.74,70.47,24.82
2023-04-19 09:00,4,9,Weekday,Spring,Yes,58.7,71.34,23.06
2023-04-19 10:00,4,10,Weekday,Spring,Yes,61.69,71.3,24.59
2023-04-19 11:00,4,11,Weekday,Spring,Yes,64.54,71.95,23.87
2023-04-19 12:00,4,12,Weekday,Spring,Yes,67.24,73.03,25.3
2023-04-19 13:00,4,13,Weekday,Spring,Yes,69.94,72.54,27.46
2023-04-19 14:00,4,14,Weekday,Spring,Yes,71.06,73.0,29.53
2023-04-19 15:00,4,15,Weekday,Spring,Yes,71.06,73.63,29.46
2023-04-19 16:00,4,16,Weekday,Spring,Yes,71.06,72.41,28.65
2023-04-19 17:00,4,17,Weekday,Spring,Yes,70.12,72.77,42.61
2023-04-19 18:00,4,18,Weekday,Spring,No,68.39,73.54,42.23
2023-04-19 19:00,4,19,Weekday,Spring,No,66.69,72.78,40.51
2023-04-19 20:00,4,20,Weekday,Spring,No,64.24,73.53,38.88
2023-04-19 21:00,4,21,Weekday,Spring,No,61.28,73.24,33.72
2023-04-19 22:00,4,22,Weekday,Spring,No,58.3,71.75,29.15
2023-04-19 23:00,4,23,Weekday,Spring,No,56.08,71.23,29.88
2023-04-20 00:00,4,0,Weekday,Spring,No,54.35,72.13,15.48
2023-04-20 01:00,4,1,Weekday,Spring,No,52.66,71.58,12.32
2023-04-20 02:00,4,2,Weekday,Spring,No,51.56,70.96,14.22
2023-04-20 03:00,4,3,Weekday,Spring,No,50.94,71.67,10.23
2023-04-20 04:00,4,4,Weekday,Spring,No,50.3,70.99,19.41
2023-04-20 05:00,4,5,Weekday,Spring,No,51.36,71.19,14.16
2023-04-20 06:00,4,6,Weekday,Spring,No,53.7,70.85,13.95
2023-04-20 07:00,4,7,Weekday,Spring,No,56.04,71.79,16.39
2023-04-20 08:00,4,8,Weekday,Spring,Yes,60.17,71.68,19.34
2023-04-20 09:00,4,9,Weekday,Spring,Yes,65.46,71.85,29.34
2023-04-20 10:00,4,10,Weekday,Spring,Yes,70.79,73.47,32.15
2023-04-20 11:00,4,11,Weekday,Spring,Yes,74.19,72.89,24.25
2023-04-20 12:00,4,12,Weekday,Spring,Yes,76.18,74.0,35.53
2023-04-20 13:00,4,13,Weekday,Spring,Yes,78.16,73.87,37.79
2023-04-20 14:00,4,14,Weekday,Spring,Yes,79.4,74.6,35.32
2023-04-20 15:00,4,15,Weekday,Spring,Yes,80.02,73.3,31.35
2023-04-20 16:00,4,16,Weekday,Spring,Yes,80.66,74.78,36.78
2023-04-20 17:00,4,17,Weekday,Spring,Yes,79.81,73.64,45.55
2023-04-20 18:00,4,18,Weekday,Spring,No,77.82,74.73,43.67
2023-04-20 19:00,4,19,Weekday,Spring,No,75.84,73.75,35.4
2023-04-20 20:00,4,20,Weekday,Spring,No,72.71,74.77,40.47
2023-04-20 21:00,4,21,Weekday,Spring,No,68.65,73.27,34.99
2023-04-20 22:00,4,22,Weekday,Spring,No,64.61,71.95,35.38
2023-04-20 23:00,4,23,Weekday,Spring,No,62.22,73.5,38.08
2023-04-21 00:00,4,0,Weekday,Spring,No,60.86,71.83,23.55
2023-04-21 01:00,4,1,Weekday,Spring,No,59.52,72.23,20.99
2023-04-21 02:00,4,2,Weekday,Spring,No,58.06,71.94,16.3
2023-04-21 03:00,4,3,Weekday,Spring,No,56.33,72.43,27.75
2023-04-21 04:00,4,4,Weekday,Spring,No,54.64,71.9,19.16
2023-04-21 05:00,4,5,Weekday,Spring,No,55.74,71.51,17.45
2023-04-21 06:00,4,6,Weekday,Spring,No,58.7,71.81,23.72
2023-04-21 07:00,4,7,Weekday,Spring,No,61.69,72.73,18.66
2023-04-21 08:00,4,8,Weekday,Spring,Yes,66.11,71.93,29.64
2023-04-21 09:00,4,9,Weekday,Spring,Yes,71.4,73.15,32.16
2023-04-21 10:00,4,10,Weekday,Spring,Yes,76.73,73.97,36.23
2023-04-21 11:00,4,11,Weekday,Spring,Yes,80.13,74.46,39.16
2023-04-21 12:00,4,12,Weekday,Spring,Yes,82.12,74.4,36.37
2023-04-21 13:00,4,13,Weekday,Spring,Yes,84.1,74.36,41.52
2023-04-21 14:00,4,14,Weekday,Spring,Yes,85.34,74.72,40.59
2023-04-21 15:00,4,15,Weekday,Spring,Yes,86.06,75.29,41.03
2023-04-21 16:00,4,16,Weekday,Spring,Yes,86.78,74.38,40.4
2023-04-21 17:00,4,17,Weekday,Spring,Yes,85.08,76.06,55.07
2023-04-21 18:00,4,18,Weekday,Spring,No,81.77,74.92,44.31
2023-04-21 19:00,4,19,Weekday,Spring,No,78.42,74.8,45.83
2023-04-21 20:00,4,20,Weekday,Spring,No,75.42,73.62,37.63
2023-04-21 21:00,4,21,Weekday,Spring,No,72.83,74.68,45.53
2023-04-21 22:00,4,22,Weekday,Spring,No,70.2,73.88,44.2
2023-04-21 23:00,4,23,Weekday,Spring,No,69.08,74.0,34.27
2023-04-22 00:00,4,0,Weekend,Spring,No,69.08,73.28,31.48
2023-04-22 01:00,4,1,Weekend,Spring,No,69.08,73.9,29.74
2023-04-22 02:00,4,2,Weekend,Spring,No,67.72,73.32,27.42
2023-04-22 03:00,4,3,Weekend,Spring,No,65.38,72.71,27.72
2023-04-22 04:00,4,4,Weekend,Spring,No,63.04,73.59,29.6
2023-04-22 05:00,4,5,Weekend,Spring,No,63.42,72.76,28.57
2023-04-22 06:00,4,6,Weekend,Spring,No,65.76,73.08,27.99
2023-04-22 07:00,4,7,Weekend,Spring,No,68.1,73.08,22.81
2023-04-22 08:00,4,8,Weekend,Spring,No,70.97,74.11,25.43
2023-04-22 09:00,4,9,Weekend,Spring,No,74.32,74.97,25.64
2023-04-22 10:00,4,10,Weekend,Spring,No,77.63,74.4,32.59
2023-04-22 11:00,4,11,Weekend,Spring,No,79.92,74.92,30.49
2023-04-22 12:00,4,12,Weekend,Spring,No,81.65,75.42,32.72
2023-04-22 13:00,4,13,Weekend,Spring,No,83.34,75.92,35.78
2023-04-22 14:00,4,14,Weekend,Spring,No,83.81,76.13,39.78
2023-04-22 15:00,4,15,Weekend,Spring,No,83.45,74.65,38.08
2023-04-22 16:00,4,16,Weekend,Spring,No,83.09,75.32,36.6
2023-04-22 17:00,4,17,Weekend,Spring,No,81.78,75.19,49.18
2023-04-22 18:00,4,18,Weekend,Spring,No,79.81,75.1,44.55
2023-04-22 19:00,4,19,Weekend,Spring,No,77.82,75.01,42.72
2023-04-22 20:00,4,20,Weekend,Spring,No,74.69,74.02,40.31
2023-04-22 21:00,4,21,Weekend,Spring,No,70.62,73.23,40.08
2023-04-22 22:00,4,22,Weekend,Spring,No,66.59,73.71,30.78
2023-04-22 23:00,4,23,Weekend,Spring,No,64.41,72.78,36.17
2023-04-23 00:00,4,0,Weekend,Spring,No,63.41,73.16,24.8
2023-04-23 01:00,4,1,Weekend,Spring,No,62.44,72.3,18.06
2023-04-23 02:00,4,2,Weekend,Spring,No,61.22,72.6,25.9
2023-04-23 03:00,4,3,Weekend,Spring,No,59.89,72.29,22.4
2023-04-23 04:00,4,4,Weekend,Spring,No,58.52,71.79,15.99
2023-04-23 05:00,4,5,Weekend,Spring,No,59.28,72.68,26.5
2023-04-23 06:00,4,6,Weekend,Spring,No,61.62,71.98,32.84
2023-04-23 07:00,4,7,Weekend,Spring,No,63.96,73.45,26.85
2023-04-23 08:00,4,8,Weekend,Spring,No,66.94,73.87,26.78
2023-04-23 09:00,4,9,Weekend,Spring,No,70.25,72.75,32.33
2023-04-23 10:00,4,10,Weekend,Spring,No,73.6,73.81,37.66
2023-04-23 11:00,4,11,Weekend,Spring,No,75.96,74.62,33.34
2023-04-23 12:00,4,12,Weekend,Spring,No,77.69,74.22,37.22
2023-04-23 13:00,4,13,Weekend,Spring,No,79.38,75.33,42.9
2023-04-23 14:00,4,14,Weekend,Spring,No,80.27,75.54,43.24
2023-04-23 15:00,4,15,Weekend,Spring,No,80.53,75.62,41.95
2023-04-23 16:00,4,16,Weekend,Spring,No,80.81,74.61,33.71
2023-04-23 17:00,4,17,Weekend,Spring,No,80.44,75.15,50.9
2023-04-23 18:00,4,18,Weekend,Spring,No,79.43,74.95,50.04
2023-04-23 19:00,4,19,Weekend,Spring,No,78.46,74.51,48.56
2023-04-23 20:00,4,20,Weekend,Spring,No,76.5,75.0,46.08
2023-04-23 21:00,4,21,Weekend,Spring,No,73.81,73.95,48.58
2023-04-23 22:00,4,22,Weekend,Spring,No,71.1,73.6,42.7
2023-04-23 23:00,4,23,Weekend,Spring,No,68.2,73.53,37.12
2023-04-24 00:00,4,0,Weekday,Spring,No,65.24,72.21,33.78
2023-04-24 01:00,4,1,Weekday,Spring,No,62.26,72.32,30.23
2023-04-24 02:00,4,2,Weekday,Spring,No,60.04,72.64,23.77
2023-04-24 03:00,4,3,Weekday,Spring,No,58.31,71.95,24.9
2023-04-24 04:00,4,4,Weekday,Spring,No,56.62,71.99,14.6
2023-04-24 05:00,4,5,Weekday,Spring,No,57.72,72.17,24.72
2023-04-24 06:00,4,6,Weekday,Spring,No,60.68,72.83,21.96
2023-04-24 07:00,4,7,Weekday,Spring,No,63.67,71.62,26.96
2023-04-24 08:00,4,8,Weekday,Spring,Yes,67.25,72.46,27.22
2023-04-24 09:00,4,9,Weekday,Spring,Yes,71.32,72.45,27.64
2023-04-24 10:00,4,10,Weekday,Spring,Yes,75.35,73.98,27.43
2023-04-24 11:00,4,11,Weekday,Spring,Yes,78.37,74.14,35.7
2023-04-24 12:00,4,12,Weekday,Spring,Yes,80.71,74.68,40.74
2023-04-24 13:00,4,13,Weekday,Spring,Yes,83.04,73.78,37.65
2023-04-24 14:00,4,14,Weekday,Spring,Yes,84.23,75.28,38.99
2023-04-24 15:00,4,15,Weekday,Spring,Yes,84.48,75.18,40.62
2023-04-24 16:00,4,16,Weekday,Spring,Yes,84.77,75.36,38.76
2023-04-24 17:00,4,17,Weekday,Spring,Yes,83.77,74.37,45.55
2023-04-24 18:00,4,18,Weekday,Spring,No,81.78,75.58,47.9
2023-04-24 19:00,4,19,Weekday,Spring,No,79.81,74.42,40.39
2023-04-24 20:00,4,20,Weekday,Spring,No,76.88,75.01,36.59
2023-04-24 21:00,4,21,Weekday,Spring,No,73.18,74.49,35.44
2023-04-24 22:00,4,22,Weekday,Spring,No,69.5,73.64,38.33
2023-04-24 23:00,4,23,Weekday,Spring,No,66.84,73.5,40.19
2023-04-25 00:00,4,0,Weekday,Spring,No,64.86,72.98,24.11
2023-04-25 01:00,4,1,Weekday,Spring,No,62.89,73.45,16.57
2023-04-25 02:00,4,2,Weekday,Spring,No,61.22,72.16,26.33
2023-04-25 03:00,4,3,Weekday,Spring,No,59.89,72.6,23.44
2023-04-25 04:00,4,4,Weekday,Spring,No,58.52,72.01,21.07
2023-04-25 05:00,4,5,Weekday,Spring,No,59.92,71.45,19.34
2023-04-25 06:00,4,6,Weekday,Spring,No,63.23,72.44,24.97
2023-04-25 07:00,4,7,Weekday,Spring,No,66.58,73.51,26.95
2023-04-25 08:00,4,8,Weekday,Spring,Yes,70.73,72.2,31.16
2023-04-25 09:00,4,9,Weekday,Spring,Yes,75.41,73.11,40.84
2023-04-25 10:00,4,10,Weekday,Spring,Yes,80.09,74.74,35.61
2023-04-25 11:00,4,11,Weekday,Spring,Yes,82.98,75.4,34.51
2023-04-25 12:00,4,12,Weekday,Spring,Yes,84.71,73.91,44.07
2023-04-25 13:00,4,13,Weekday,Spring,Yes,86.4,75.07,46.93
2023-04-25 14:00,4,14,Weekday,Spring,Yes,87.08,74.62,36.39
2023-04-25 15:00,4,15,Weekday,Spring,Yes,87.08,74.86,39.44
2023-04-25 16:00,4,16,Weekday,Spring,Yes,87.08,75.65,42.35
2023-04-25 17:00,4,17,Weekday,Spring,Yes,85.08,74.48,43.81
2023-04-25 18:00,4,18,Weekday,Spring,No,81.77,74.41,44.2
2023-04-25 19:00,4,19,Weekday,Spring,No,78.42,74.39,43.04
2023-04-25 20:00,4,20,Weekday,Spring,No,75.01,73.07,38.77
2023-04-25 21:00,4,21,Weekday,Spring,No,71.69,74.3,38.05
2023-04-25 22:00,4,22,Weekday,Spring,No,68.34,73.39,45.15
2023-04-25 23:00,4,23,Weekday,Spring,No,66.71,72.32,36.94
2023-04-26 00:00,4,0,Weekday,Spring,No,66.46,73.3,27.95
2023-04-26 01:00,4,1,Weekday,Spring,No,66.17,72.86,29.48
2023-04-26 02:00,4,2,Weekday,Spring,No,64.44,72.07,31.17
2023-04-26 03:00,4,3,Weekday,Spring,No,61.74,72.76,20.1
2023-04-26 04:00,4,4,Weekday,Spring,No,59.04,72.56,20.65
2023-04-26 05:00,4,5,Weekday,Spring,No,60.23,72.62,15.13
2023-04-26 06:00,4,6,Weekday,Spring,No,64.3,73.54,19.51
2023-04-26 07:00,4,7,Weekday,Spring,No,68.33,72.91,29.51
2023-04-26 08:00,4,8,Weekday,Spring,Yes,71.76,73.8,26.01
2023-04-26 09:00,4,9,Weekday,Spring,Yes,74.72,74.07,35.55
2023-04-26 10:00,4,10,Weekday,Spring,Yes,77.7,73.93,38.46
2023-04-26 11:00,4,11,Weekday,Spring,Yes,80.34,74.68,32.83
2023-04-26 12:00,4,12,Weekday,Spring,Yes,82.68,74.13,36.34
2023-04-26 13:00,4,13,Weekday,Spring,Yes,85.02,75.12,42.41
2023-04-26 14:00,4,14,Weekday,Spring,Yes,85.79,74.94,40.21
2023-04-26 15:00,4,15,Weekday,Spring,Yes,85.43,74.08,33.18
2023-04-26 16:00,4,16,Weekday,Spring,Yes,85.07,74.28,39.28
2023-04-26 17:00,4,17,Weekday,Spring,Yes,83.56,74.56,46.54
2023-04-26 18:00,4,18,Weekday,Spring,No,81.32,75.83,44.86
2023-04-26 19:00,4,19,Weekday,Spring,No,79.05,74.99,39.14
2023-04-26 20:00,4,20,Weekday,Spring,No,76.5,74.54,44.65
2023-04-26 21:00,4,21,Weekday,Spring,No,73.81,74.75,39.59
2023-04-26 22:00,4,22,Weekday,Spring,No,71.1,73.4,37.45
2023-04-26 23:00,4,23,Weekday,Spring,No,69.77,73.51,42.92
2023-04-27 00:00,4,0,Weekday,Spring,No,69.52,74.29,33.16
2023-04-27 01:00,4,1,Weekday,Spring,No,69.23,73.78,21.11
2023-04-27 02:00,4,2,Weekday,Spring,No,68.24,72.46,26.93
2023-04-27 03:00,4,3,Weekday,Spring,No,66.9,73.33,26.8
2023-04-27 04:00,4,4,Weekday,Spring,No,65.54,72.98,27.9
2023-04-27 05:00,4,5,Weekday,Spring,No,65.57,73.22,37.56
2023-04-27 06:00,4,6,Weekday,Spring,No,66.54,73.66,35.33
2023-04-27 07:00,4,7,Weekday,Spring,No,67.55,73.28,33.13
2023-04-27 08:00,4,8,Weekday,Spring,Yes,70.1,72.51,22.47
2023-04-27 09:00,4,9,Weekday,Spring,Yes,73.81,73.54,30.17
2023-04-27 10:00,4,10,Weekday,Spring,Yes,77.48,73.61,26.26
2023-04-27 11:00,4,11,Weekday,Spring,Yes,80.13,73.72,29.98
2023-04-27 12:00,4,12,Weekday,Spring,Yes,82.12,73.41,32.49
2023-04-27 13:00,4,13,Weekday,Spring,Yes,84.1,73.58,33.9
2023-04-27 14:00,4,14,Weekday,Spring,Yes,84.5,73.78,40.58
2023-04-27 15:00,4,15,Weekday,Spring,Yes,83.88,74.77,37.31
2023-04-27 16:00,4,16,Weekday,Spring,Yes,83.24,73.38,33.09
2023-04-27 17:00,4,17,Weekday,Spring,Yes,81.58,75.06,46.88
2023-04-27 18:00,4,18,Weekday,Spring,No,79.24,75.05,43.99
2023-04-27 19:00,4,19,Weekday,Spring,No,76.9,74.3,44.66
2023-04-27 20:00,4,20,Weekday,Spring,No,74.34,73.95,43.24
2023-04-27 21:00,4,21,Weekday,Spring,No,71.75,73.4,42.01
2023-04-27 22:00,4,22,Weekday,Spring,No,69.12,73.54,41.57
2023-04-27 23:00,4,23,Weekday,Spring,No,67.37,73.68,41.33
2023-04-28 00:00,4,0,Weekday,Spring,No,66.4,73.48,27.81
2023-04-28 01:00,4,1,Weekday,Spring,No,65.39,72.39,20.22
2023-04-28 02:00,4,2,Weekday,Spring,No,63.16,73.05,25.56
2023-04-28 03:00,4,3,Weekday,Spring,No,60.2,71.95,20.54
2023-04-28 04:00,4,4,Weekday,Spring,No,57.22,72.03,23.91
2023-04-28 05:00,4,5,Weekday,Spring,No,57.52,72.17,22.0
2023-04-28 06:00,4,6,Weekday,Spring,No,60.22,72.61,16.3
2023-04-28 07:00,4,7,Weekday,Spring,No,62.92,72.81,26.2
2023-04-28 08:00,4,8,Weekday,Spring,Yes,66.35,72.21,25.44
2023-04-28 09:00,4,9,Weekday,Spring,Yes,70.31,73.32,28.8
2023-04-28 10:00,4,10,Weekday,Spring,Yes,74.27,73.5,32.95
2023-04-28 11:00,4,11,Weekday,Spring,Yes,77.08,73.61,32.69
2023-04-28 12:00,4,12,Weekday,Spring,Yes,79.16,74.02,38.14
2023-04-28 13:00,4,13,Weekday,Spring,Yes,81.22,73.97,35.58
2023-04-28 14:00,4,14,Weekday,Spring,Yes,82.25,74.12,35.85
2023-04-28 15:00,4,15,Weekday,Spring,Yes,82.51,74.5,39.97
2023-04-28 16:00,4,16,Weekday,Spring,Yes,82.79,75.49,38.42
2023-04-28 17:00,4,17,Weekday,Spring,Yes,81.37,74.09,39.66
2023-04-28 18:00,4,18,Weekday,Spring,No,78.77,74.51,45.06
2023-04-28 19:00,4,19,Weekday,Spring,No,76.14,74.59,42.05
2023-04-28 20:00,4,20,Weekday,Spring,No,73.86,73.68,44.21
2023-04-28 21:00,4,21,Weekday,Spring,No,71.88,73.34,44.35
2023-04-28 22:00,4,22,Weekday,Spring,No,69.9,73.31,42.36
2023-04-28 23:00,4,23,Weekday,Spring,No,67.3,73.89,35.92
2023-04-29 00:00,4,0,Weekend,Spring,No,64.34,73.83,28.57
2023-04-29 01:00,4,1,Weekend,Spring,No,61.36,72.36,30.89
2023-04-29 02:00,4,2,Weekend,Spring,No,59.45,72.39,19.77
2023-04-29 03:00,4,3,Weekend,Spring,No,58.48,71.82,15.94
2023-04-29 04:00,4,4,Weekend,Spring,No,57.47,72.36,13.58
2023-04-29 05:00,4,5,Weekend,Spring,No,58.38,71.7,21.18
2023-04-29 06:00,4,6,Weekend,Spring,No,60.72,73.01,22.14
2023-04-29 07:00,4,7,Weekend,Spring,No,63.06,71.88,27.94
2023-04-29 08:00,4,8,Weekend,Spring,No,66.35,73.64,19.07
2023-04-29 09:00,4,9,Weekend,Spring,No,70.31,74.18,33.68
2023-04-29 10:00,4,10,Weekend,Spring,No,74.27,73.84,25.58
2023-04-29 11:00,4,11,Weekend,Spring,No,77.28,75.42,35.9
2023-04-29 12:00,4,12,Weekend,Spring,No,79.62,74.68,29.29
2023-04-29 13:00,4,13,Weekend,Spring,No,81.96,74.36,34.04
2023-04-29 14:00,4,14,Weekend,Spring,No,83.15,75.77,40.9
2023-04-29 15:00,4,15,Weekend,Spring,No,83.51,75.34,34.56
2023-04-29 16:00,4,16,Weekend,Spring,No,83.87,75.17,39.81
2023-04-29 17:00,4,17,Weekend,Spring,No,82.86,74.7,51.01
2023-04-29 18:00,4,18,Weekend,Spring,No,80.88,75.41,40.18
2023-04-29 19:00,4,19,Weekend,Spring,No,78.9,75.62,46.8
2023-04-29 20:00,4,20,Weekend,Spring,No,76.3,74.8,44.8
2023-04-29 21:00,4,21,Weekend,Spring,No,73.34,74.18,37.09
2023-04-29 22:00,4,22,Weekend,Spring,No,70.36,73.71,30.67
2023-04-29 23:00,4,23,Weekend,Spring,No,67.92,73.33,36.3
2023-04-30 00:00,4,0,Weekend,Spring,No,65.84,72.45,35.27
2023-04-30 01:00,4,1,Weekend,Spring,No,63.78,72.42,28.93
2023-04-30 02:00,4,2,Weekend,Spring,No,61.38,72.71,18.01
2023-04-30 03:00,4,3,Weekend,Spring,No,58.79,72.74,24.67
2023-04-30 04:00,4,4,Weekend,Spring,No,56.16,72.76,24.41
2023-04-30 05:00,4,5,Weekend,Spring,No,57.14,72.38,16.61
2023-04-30 06:00,4,6,Weekend,Spring,No,60.85,72.81,23.0
2023-04-30 07:00,4,7,Weekend,Spring,No,64.52,73.54,23.21
2023-04-30 08:00,4,8,Weekend,Spring,No,68.54,73.43,29.06
2023-04-30 09:00,4,9,Weekend,Spring,No,72.86,74.02,35.88
2023-04-30 10:00,4,10,Weekend,Spring,No,77.18,74.2,32.66
2023-04-30 11:00,4,11,Weekend,Spring,No,80.76,74.91,37.08
2023-04-30 12:00,4,12,Weekend,Spring,No,83.72,74.97,40.83
2023-04-30 13:00,4,13,Weekend,Spring,No,86.7,75.98,44.72
2023-04-30 14:00,4,14,Weekend,Spring,No,87.56,76.04,42.59
2023-04-30 15:00,4,15,Weekend,Spring,No,86.94,76.8,43.66
2023-04-30 16:00,4,16,Weekend,Spring,No,86.3,75.91,43.61
2023-04-30 17:00,4,17,Weekend,Spring,No,85.06,75.58,40.94
2023-04-30 18:00,4,18,Weekend,Spring,No,83.33,75.33,46.64
2023-04-30 19:00,4,19,Weekend,Spring,No,81.63,74.97,44.57
2023-04-30 20:00,4,20,Weekend,Spring,No,79.07,74.8,44.61
2023-04-30 21:00,4,21,Weekend,Spring,No,76.04,75.5,48.39
2023-04-30 22:00,4,22,Weekend,Spring,No,73.26,73.87,40.32
2023-04-30 23:00,4,23,Weekend,Spring,No,70.46,73.11,37.32
2023-05-01 00:00,5,0,Weekday,Spring,No,67.58,72.94,28.46
2023-05-01 01:00,5,1,Weekday,Spring,No,64.7,72.03,20.73
2023-05-01 02:00,5,2,Weekday,Spring,No,61.92,72.63,24.93
2023-05-01 03:00,5,3,Weekday,Spring,No,59.12,72.49,18.02
2023-05-01 04:00,5,4,Weekday,Spring,No,57.4,72.17,29.36
2023-05-01 05:00,5,5,Weekday,Spring,No,56.39,71.81,16.65
2023-05-01 06:00,5,6,Weekday,Spring,No,56.57,70.67,20.52
2023-05-01 07:00,5,7,Weekday,Spring,No,58.8,72.42,19.49
2023-05-01 08:00,5,8,Weekday,Spring,Yes,62.92,72.9,23.24
2023-05-01 09:00,5,9,Weekday,Spring,Yes,66.72,72.8,24.02
2023-05-01 10:00,5,10,Weekday,Spring,Yes,68.63,72.74,21.81
2023-05-01 11:00,5,11,Weekday,Spring,Yes,70.76,72.22,36.12
2023-05-01 12:00,5,12,Weekday,Spring,Yes,73.74,73.88,26.79
2023-05-01 13:00,5,13,Weekday,Spring,Yes,75.54,74.26,34.94
2023-05-01 14:00,5,14,Weekday,Spring,Yes,75.4,73.58,30.98
2023-05-01 15:00,5,15,Weekday,Spring,Yes,75.54,73.32,39.52
2023-05-01 16:00,5,16,Weekday,Spring,Yes,74.76,73.29,28.93
2023-05-01 17:00,5,17,Weekday,Spring,Yes,73.42,73.9,37.59
2023-05-01 18:00,5,18,Weekday,Spring,No,70.73,73.85,34.02
2023-05-01 19:00,5,19,Weekday,Spring,No,67.3,72.88,28.5
2023-05-01 20:00,5,20,Weekday,Spring,No,64.86,72.63,34.02
2023-05-01 21:00,5,21,Weekday,Spring,No,62.89,73.88,31.18
2023-05-01 22:00,5,22,Weekday,Spring,No,60.9,72.18,31.2
2023-05-01 23:00,5,23,Weekday,Spring,No,59.45,72.37,39.66
2023-05-02 00:00,5,0,Weekday,Spring,No,59.0,71.46,14.34
2023-05-02 01:00,5,1,Weekday,Spring,No,58.37,72.89,20.07
2023-05-02 02:00,5,2,Weekday,Spring,No,57.92,71.62,18.0
2023-05-02 03:00,5,3,Weekday,Spring,No,57.92,72.74,22.73
2023-05-02 04:00,5,4,Weekday,Spring,No,57.92,72.25,20.77
2023-05-02 05:00,5,5,Weekday,Spring,No,56.24,71.86,22.5
2023-05-02 06:00,5,6,Weekday,Spring,No,55.04,73.14,22.62
2023-05-02 07:00,5,7,Weekday,Spring,No,57.35,71.67,19.13
2023-05-02 08:00,5,8,Weekday,Spring,Yes,61.94,72.08,21.9
2023-05-02 09:00,5,9,Weekday,Spring,Yes,62.89,71.89,17.96
2023-05-02 10:00,5,10,Weekday,Spring,Yes,63.22,71.97,17.61
2023-05-02 11:00,5,11,Weekday,Spring,Yes,64.04,70.63,22.92
2023-05-02 12:00,5,12,Weekday,Spring,Yes,64.56,72.79,18.78
2023-05-02 13:00,5,13,Weekday,Spring,Yes,66.1,71.99,29.98
2023-05-02 14:00,5,14,Weekday,Spring,Yes,65.76,72.12,24.62
2023-05-02 15:00,5,15,Weekday,Spring,Yes,62.63,73.2,21.62
2023-05-02 16:00,5,16,Weekday,Spring,Yes,63.92,71.99,30.02
2023-05-02 17:00,5,17,Weekday,Spring,Yes,66.02,71.82,32.15
2023-05-02 18:00,5,18,Weekday,Spring,No,63.71,73.13,37.84
2023-05-02 19:00,5,19,Weekday,Spring,No,60.28,71.85,24.48
2023-05-02 20:00,5,20,Weekday,Spring,No,57.85,71.71,30.52
2023-05-02 21:00,5,21,Weekday,Spring,No,55.86,71.61,33.37
2023-05-02 22:00,5,22,Weekday,Spring,No,54.41,71.67,27.15
2023-05-02 23:00,5,23,Weekday,Spring,No,53.96,70.91,28.68
2023-05-03 00:00,5,0,Weekday,Spring,No,53.43,70.4,9.67
2023-05-03 01:00,5,1,Weekday,Spring,No,52.43,70.49,18.48
2023-05-03 02:00,5,2,Weekday,Spring,No,51.98,71.94,19.34
2023-05-03 03:00,5,3,Weekday,Spring,No,51.46,70.84,12.53
2023-05-03 04:00,5,4,Weekday,Spring,No,50.45,71.25,16.24
2023-05-03 05:00,5,5,Weekday,Spring,No,49.37,70.2,14.42
2023-05-03 06:00,5,6,Weekday,Spring,No,51.86,71.07,19.01
2023-05-03 07:00,5,7,Weekday,Spring,No,58.06,71.89,16.21
2023-05-03 08:00,5,8,Weekday,Spring,Yes,63.92,72.4,19.69
2023-05-03 09:00,5,9,Weekday,Spring,Yes,68.96,72.88,19.9
2023-05-03 10:00,5,10,Weekday,Spring,Yes,73.9,72.58,33.05
2023-05-03 11:00,5,11,Weekday,Spring,Yes,76.55,73.57,31.51
2023-05-03 12:00,5,12,Weekday,Spring,Yes,78.78,73.63,34.24
2023-05-03 13:00,5,13,Weekday,Spring,Yes,80.06,74.93,41.39
2023-05-03 14:00,5,14,Weekday,Spring,Yes,81.74,73.98,42.08
2023-05-03 15:00,5,15,Weekday,Spring,Yes,81.78,74.83,35.01
2023-05-03 16:00,5,16,Weekday,Spring,Yes,81.59,74.16,40.82
2023-05-03 17:00,5,17,Weekday,Spring,Yes,80.88,75.59,46.57
2023-05-03 18:00,5,18,Weekday,Spring,No,78.9,75.02,49.35
2023-05-03 19:00,5,19,Weekday,Spring,No,76.3,74.28,49.52
2023-05-03 20:00,5,20,Weekday,Spring,No,73.86,75.52,38.33
2023-05-03 21:00,5,21,Weekday,Spring,No,70.73,73.57,44.09
2023-05-03 22:00,5,22,Weekday,Spring,No,67.82,73.12,34.32
2023-05-03 23:00,5,23,Weekday,Spring,No,64.61,72.5,42.3
2023-05-04 00:00,5,0,Weekday,Spring,No,61.8,72.69,17.96
2023-05-04 01:00,5,1,Weekday,Spring,No,60.98,72.57,32.77
2023-05-04 02:00,5,2,Weekday,Spring,No,59.82,72.22,21.62
2023-05-04 03:00,5,3,Weekday,Spring,No,58.37,72.59,15.41
2023-05-04 04:00,5,4,Weekday,Spring,No,57.92,71.9,25.92
2023-05-04 05:00,5,5,Weekday,Spring,No,59.7,71.88,12.83
2023-05-04 06:00,5,6,Weekday,Spring,No,64.44,72.71,22.25
2023-05-04 07:00,5,7,Weekday,Spring,No,70.49,74.37,28.78
2023-05-04 08:00,5,8,Weekday,Spring,Yes,75.35,72.98,31.13
2023-05-04 09:00,5,9,Weekday,Spring,Yes,79.31,72.71,38.33
2023-05-04 10:00,5,10,Weekday,Spring,Yes,81.59,74.49,34.87
2023-05-04 11:00,5,11,Weekday,Spring,Yes,83.72,73.84,42.03
2023-05-04 12:00,5,12,Weekday,Spring,Yes,85.55,74.67,39.17
2023-05-04 13:00,5,13,Weekday,Spring,Yes,86.0,74.43,42.29
2023-05-04 14:00,5,14,Weekday,Spring,Yes,87.16,75.04,35.05
2023-05-04 15:00,5,15,Weekday,Spring,Yes,88.61,75.4,37.13
2023-05-04 16:00,5,16,Weekday,Spring,Yes,87.9,75.26,41.29
2023-05-04 17:00,5,17,Weekday,Spring,Yes,84.14,75.17,45.3
2023-05-04 18:00,5,18,Weekday,Spring,No,79.1,74.14,47.4
2023-05-04 19:00,5,19,Weekday,Spring,No,76.37,74.92,47.4
2023-05-04 20:00,5,20,Weekday,Spring,No,74.24,73.42,51.69
2023-05-04 21:00,5,21,Weekday,Spring,No,72.41,73.18,42.85
2023-05-04 22:00,5,22,Weekday,Spring,No,72.59,74.95,43.48
2023-05-04 23:00,5,23,Weekday,Spring,No,70.73,73.68,43.59
2023-05-05 00:00,5,0,Weekday,Spring,No,68.45,74.27,29.01
2023-05-05 01:00,5,1,Weekday,Spring,No,66.84,73.58,20.21
2023-05-05 02:00,5,2,Weekday,Spring,No,64.86,73.29,22.69
2023-05-05 03:00,5,3,Weekday,Spring,No,64.04,71.94,17.59
2023-05-05 04:00,5,4,Weekday,Spring,No,64.04,73.33,20.55
2023-05-05 05:00,5,5,Weekday,Spring,No,63.41,72.38,27.64
2023-05-05 06:00,5,6,Weekday,Spring,No,64.74,72.86,23.91
2023-05-05 07:00,5,7,Weekday,Spring,No,69.48,73.23,24.65
2023-05-05 08:00,5,8,Weekday,Spring,Yes,74.27,73.79,30.93
2023-05-05 09:00,5,9,Weekday,Spring,Yes,77.7,73.75,32.93
2023-05-05 10:00,5,10,Weekday,Spring,Yes,80.76,74.29,32.94
2023-05-05 11:00,5,11,Weekday,Spring,Yes,83.2,74.62,42.83
2023-05-05 12:00,5,12,Weekday,Spring,Yes,85.18,74.78,40.77
2023-05-05 13:00,5,13,Weekday,Spring,Yes,87.16,75.61,45.47
2023-05-05 14:00,5,14,Weekday,Spring,Yes,87.98,75.58,42.35
2023-05-05 15:00,5,15,Weekday,Spring,Yes,87.98,75.11,47.69
2023-05-05 16:00,5,16,Weekday,Spring,Yes,87.46,75.3,37.88
2023-05-05 17:00,5,17,Weekday,Spring,Yes,86.45,74.78,50.52
2023-05-05 18:00,5,18,Weekday,Spring,No,84.22,75.71,46.76
2023-05-05 19:00,5,19,Weekday,Spring,No,81.26,75.36,51.32
2023-05-05 20:00,5,20,Weekday,Spring,No,78.28,75.6,41.4
2023-05-05 21:00,5,21,Weekday,Spring,No,75.84,75.23,46.11
2023-05-05 22:00,5,22,Weekday,Spring,No,73.86,73.71,46.26
2023-05-05 23:00,5,23,Weekday,Spring,No,70.73,74.15,38.22
2023-05-06 00:00,5,0,Weekend,Spring,No,68.45,73.43,29.12
2023-05-06 01:00,5,1,Weekend,Spring,No,67.37,73.23,22.84
2023-05-06 02:00,5,2,Weekend,Spring,No,65.76,73.12,23.6
2023-05-06 03:00,5,3,Weekend,Spring,No,66.1,73.27,27.62
2023-05-06 04:00,5,4,Weekend,Spring,No,65.24,73.55,27.13
2023-05-06 05:00,5,5,Weekend,Spring,No,66.35,73.16,26.23
2023-05-06 06:00,5,6,Weekend,Spring,No,69.16,73.27,30.69
2023-05-06 07:00,5,7,Weekend,Spring,No,72.92,74.27,33.91
2023-05-06 08:00,5,8,Weekend,Spring,No,76.18,74.53,36.22
2023-05-06 09:00,5,9,Weekend,Spring,No,78.16,75.43,33.31
2023-05-06 10:00,5,10,Weekend,Spring,No,80.13,75.11,34.88
2023-05-06 11:00,5,11,Weekend,Spring,No,82.74,74.99,38.04
2023-05-06 12:00,5,12,Weekend,Spring,No,85.18,76.36,39.09
2023-05-06 13:00,5,13,Weekend,Spring,No,86.63,75.64,43.38
2023-05-06 14:00,5,14,Weekend,Spring,No,87.08,76.5,43.78
2023-05-06 15:00,5,15,Weekend,Spring,No,87.6,76.1,41.82
2023-05-06 16:00,5,16,Weekend,Spring,No,87.98,75.88,48.13
2023-05-06 17:00,5,17,Weekend,Spring,No,86.82,75.7,51.54
2023-05-06 18:00,5,18,Weekend,Spring,No,84.22,75.63,43.49
2023-05-06 19:00,5,19,Weekend,Spring,No,80.63,74.65,47.95
2023-05-06 20:00,5,20,Weekend,Spring,No,77.82,74.59,45.26
2023-05-06 21:00,5,21,Weekend,Spring,No,75.22,74.65,41.73
2023-05-06 22:00,5,22,Weekend,Spring,No,71.1,73.77,42.45
2023-05-06 23:00,5,23,Weekend,Spring,No,69.08,73.5,36.1
2023-05-07 00:00,5,0,Weekend,Spring,No,69.6,73.56,27.73
2023-05-07 01:00,5,1,Weekend,Spring,No,68.2,73.16,23.16
2023-05-07 02:00,5,2,Weekend,Spring,No,65.24,72.38,22.36
2023-05-07 03:00,5,3,Weekend,Spring,No,63.41,72.41,20.08
2023-05-07 04:00,5,4,Weekend,Spring,No,62.44,72.52,20.54
2023-05-07 05:00,5,5,Weekend,Spring,No,62.06,72.34,19.3
2023-05-07 06:00,5,6,Weekend,Spring,No,65.53,73.07,24.49
2023-05-07 07:00,5,7,Weekend,Spring,No,70.94,74.26,27.17
2023-05-07 08:00,5,8,Weekend,Spring,No,75.98,74.35,28.57
2023-05-07 09:00,5,9,Weekend,Spring,No,81.54,74.86,36.78
2023-05-07 10:00,5,10,Weekend,Spring,No,85.8,76.03,24.57
2023-05-07 11:00,5,11,Weekend,Spring,No,88.23,76.61,42.38
2023-05-07 12:00,5,12,Weekend,Spring,No,90.74,76.17,37.58
2023-05-07 13:00,5,13,Weekend,Spring,No,91.42,75.93,42.16
2023-05-07 14:00,5,14,Weekend,Spring,No,92.72,76.76,43.41
2023-05-07 15:00,5,15,Weekend,Spring,No,93.4,77.36,49.66
2023-05-07 16:00,5,16,Weekend,Spring,No,92.39,76.38,43.29
2023-05-07 17:00,5,17,Weekend,Spring,No,90.78,76.42,58.79
2023-05-07 18:00,5,18,Weekend,Spring,No,87.65,76.22,52.14
2023-05-07 19:00,5,19,Weekend,Spring,No,84.22,75.44,50.66
2023-05-07 20:00,5,20,Weekend,Spring,No,81.26,75.16,53.41
2023-05-07 21:00,5,21,Weekend,Spring,No,79.43,75.54,47.39
2023-05-07 22:00,5,22,Weekend,Spring,No,76.04,74.4,51.54
2023-05-07 23:00,5,23,Weekend,Spring,No,72.26,73.17,37.88
2023-05-08 00:00,5,0,Weekday,Spring,No,71.06,73.48,28.34
2023-05-08 01:00,5,1,Weekday,Spring,No,70.43,73.0,31.83
2023-05-08 02:00,5,2,Weekday,Spring,No,70.61,74.14,25.5
2023-05-08 03:00,5,3,Weekday,Spring,No,70.43,75.37,31.04
2023-05-08 04:00,5,4,Weekday,Spring,No,67.67,73.5,28.66
2023-05-08 05:00,5,5,Weekday,Spring,No,64.24,72.56,23.32
2023-05-08 06:00,5,6,Weekday,Spring,No,65.9,72.09,25.4
2023-05-08 07:00,5,7,Weekday,Spring,No,73.25,74.21,34.75
2023-05-08 08:00,5,8,Weekday,Spring,Yes,78.78,73.66,32.34
2023-05-08 09:00,5,9,Weekday,Spring,Yes,82.9,74.16,40.44
2023-05-08 10:00,5,10,Weekday,Spring,Yes,86.18,75.05,35.97
2023-05-08 11:00,5,11,Weekday,Spring,Yes,88.23,75.55,40.69
2023-05-08 12:00,5,12,Weekday,Spring,Yes,90.22,76.15,32.75
2023-05-08 13:00,5,13,Weekday,Spring,Yes,91.56,75.97,40.65
2023-05-08 14:00,5,14,Weekday,Spring,Yes,92.57,76.26,36.16
2023-05-08 15:00,5,15,Weekday,Spring,Yes,93.54,75.48,51.28
2023-05-08 16:00,5,16,Weekday,Spring,Yes,92.76,75.44,45.84
2023-05-08 17:00,5,17,Weekday,Spring,Yes,90.78,75.76,52.39
2023-05-08 18:00,5,18,Weekday,Spring,No,87.65,76.2,49.63
2023-05-08 19:00,5,19,Weekday,Spring,No,83.69,75.06,47.46
2023-05-08 20:00,5,20,Weekday,Spring,No,79.1,75.71,37.95
2023-05-08 21:00,5,21,Weekday,Spring,No,75.84,73.84,46.88
2023-05-08 22:00,5,22,Weekday,Spring,No,75.02,75.0,38.27
2023-05-08 23:00,5,23,Weekday,Spring,No,70.92,73.35,39.48
2023-05-09 00:00,5,0,Weekday,Spring,No,65.69,73.17,28.95
2023-05-09 01:00,5,1,Weekday,Spring,No,65.72,73.01,34.25
2023-05-09 02:00,5,2,Weekday,Spring,No,66.92,72.59,28.56
2023-05-09 03:00,5,3,Weekday,Spring,No,63.46,72.74,26.12
2023-05-09 04:00,5,4,Weekday,Spring,No,59.82,72.27,21.92
2023-05-09 05:00,5,5,Weekday,Spring,No,59.63,72.23,20.13
2023-05-09 06:00,5,6,Weekday,Spring,No,63.54,73.43,23.11
2023-05-09 07:00,5,7,Weekday,Spring,No,70.12,74.22,33.29
2023-05-09 08:00,5,8,Weekday,Spring,Yes,77.13,74.54,34.8
2023-05-09 09:00,5,9,Weekday,Spring,Yes,81.74,73.81,33.02
2023-05-09 10:00,5,10,Weekday,Spring,Yes,84.1,74.69,52.41
2023-05-09 11:00,5,11,Weekday,Spring,Yes,87.86,75.14,39.66
2023-05-09 12:00,5,12,Weekday,Spring,Yes,90.59,76.48,41.79
2023-05-09 13:00,5,13,Weekday,Spring,Yes,90.41,75.2,38.17
2023-05-09 14:00,5,14,Weekday,Spring,Yes,91.74,75.47,41.98
2023-05-09 15:00,5,15,Weekday,Spring,Yes,92.39,75.51,48.56
2023-05-09 16:00,5,16,Weekday,Spring,Yes,91.42,74.9,39.21
2023-05-09 17:00,5,17,Weekday,Spring,Yes,89.26,75.52,53.09
2023-05-09 18:00,5,18,Weekday,Spring,No,86.2,74.87,50.02
2023-05-09 19:00,5,19,Weekday,Spring,No,83.77,75.37,51.93
2023-05-09 20:00,5,20,Weekday,Spring,No,81.26,74.92,48.52
2023-05-09 21:00,5,21,Weekday,Spring,No,77.65,74.51,34.37
2023-05-09 22:00,5,22,Weekday,Spring,No,74.24,74.73,38.76
2023-05-09 23:00,5,23,Weekday,Spring,No,71.88,74.03,42.69
2023-05-10 00:00,5,0,Weekday,Spring,No,70.43,74.23,27.91
2023-05-10 01:00,5,1,Weekday,Spring,No,68.82,73.29,29.56
2023-05-10 02:00,5,2,Weekday,Spring,No,67.37,72.55,26.51
2023-05-10 03:00,5,3,Weekday,Spring,No,66.4,73.28,34.1
2023-05-10 04:00,5,4,Weekday,Spring,No,64.86,71.99,24.42
2023-05-10 05:00,5,5,Weekday,Spring,No,63.41,73.23,31.91
2023-05-10 06:00,5,6,Weekday,Spring,No,64.74,73.38,20.17
2023-05-10 07:00,5,7,Weekday,Spring,No,68.96,73.31,27.5
2023-05-10 08:00,5,8,Weekday,Spring,Yes,73.9,74.3,23.83
2023-05-10 09:00,5,9,Weekday,Spring,Yes,77.18,73.36,37.13
2023-05-10 10:00,5,10,Weekday,Spring,Yes,80.39,74.4,30.67
2023-05-10 11:00,5,11,Weekday,Spring,Yes,83.2,73.95,41.24
2023-05-10 12:00,5,12,Weekday,Spring,Yes,83.39,74.72,40.91
2023-05-10 13:00,5,13,Weekday,Spring,Yes,84.72,75.05,38.06
2023-05-10 14:00,5,14,Weekday,Spring,Yes,86.0,74.92,39.56
2023-05-10 15:00,5,15,Weekday,Spring,Yes,85.37,75.13,41.56
2023-05-10 16:00,5,16,Weekday,Spring,Yes,84.92,75.1,41.18
2023-05-10 17:00,5,17,Weekday,Spring,Yes,84.4,74.15,55.63
2023-05-10 18:00,5,18,Weekday,Spring,No,82.24,75.02,46.47
2023-05-10 19:00,5,19,Weekday,Spring,No,79.28,75.23,38.29
2023-05-10 20:00,5,20,Weekday,Spring,No,76.3,73.73,42.52
2023-05-10 21:00,5,21,Weekday,Spring,No,73.86,75.27,37.39
2023-05-10 22:00,5,22,Weekday,Spring,No,71.88,74.37,36.98
2023-05-10 23:00,5,23,Weekday,Spring,No,69.9,74.38,33.73
2023-05-11 00:00,5,0,Weekday,Spring,No,66.67,73.08,26.6
2023-05-11 01:00,5,1,Weekday,Spring,No,65.57,72.78,29.98
2023-05-11 02:00,5,2,Weekday,Spring,No,64.86,72.89,26.89
2023-05-11 03:00,5,3,Weekday,Spring,No,61.73,71.9,19.39
2023-05-11 04:00,5,4,Weekday,Spring,No,56.51,72.97,18.19
2023-05-11 05:00,5,5,Weekday,Spring,No,52.8,71.24,19.86
2023-05-11 06:00,5,6,Weekday,Spring,No,58.38,72.16,13.4
2023-05-11 07:00,5,7,Weekday,Spring,No,67.06,72.86,26.34
2023-05-11 08:00,5,8,Weekday,Spring,Yes,71.76,72.76,25.9
2023-05-11 09:00,5,9,Weekday,Spring,Yes,74.72,74.73,31.36
2023-05-11 10:00,5,10,Weekday,Spring,Yes,78.33,72.9,32.99
2023-05-11 11:00,5,11,Weekday,Spring,Yes,81.22,75.09,27.41
2023-05-11 12:00,5,12,Weekday,Spring,Yes,82.04,74.22,33.59
2023-05-11 13:00,5,13,Weekday,Spring,Yes,83.2,73.82,34.54
2023-05-11 14:00,5,14,Weekday,Spring,Yes,83.39,74.45,37.57
2023-05-11 15:00,5,15,Weekday,Spring,Yes,83.57,74.32,41.6
2023-05-11 16:00,5,16,Weekday,Spring,Yes,83.39,74.43,34.75
2023-05-11 17:00,5,17,Weekday,Spring,Yes,81.78,74.07,45.07
2023-05-11 18:00,5,18,Weekday,Spring,No,78.02,74.63,33.82
2023-05-11 19:00,5,19,Weekday,Spring,No,74.24,74.02,44.47
2023-05-11 20:00,5,20,Weekday,Spring,No,71.88,73.96,38.89
2023-05-11 21:00,5,21,Weekday,Spring,No,69.28,73.55,35.33
2023-05-11 22:00,5,22,Weekday,Spring,No,66.84,72.97,36.38
2023-05-11 23:00,5,23,Weekday,Spring,No,64.86,72.41,38.18
2023-05-12 00:00,5,0,Weekday,Spring,No,61.1,72.21,15.1
2023-05-12 01:00,5,1,Weekday,Spring,No,57.22,72.39,17.74
2023-05-12 02:00,5,2,Weekday,Spring,No,55.94,71.9,21.0
2023-05-12 03:00,5,3,Weekday,Spring,No,54.26,71.06,17.35
2023-05-12 04:00,5,4,Weekday,Spring,No,53.06,71.37,16.32
2023-05-12 05:00,5,5,Weekday,Spring,No,53.06,71.02,13.98
2023-05-12 06:00,5,6,Weekday,Spring,No,57.16,72.16,17.63
2023-05-12 07:00,5,7,Weekday,Spring,No,62.92,72.63,25.02
2023-05-12 08:00,5,8,Weekday,Spring,Yes,68.51,72.39,20.96
2023-05-12 09:00,5,9,Weekday,Spring,Yes,74.53,73.61,35.14
2023-05-12 10:00,5,10,Weekday,Spring,Yes,79.31,74.0,32.56
2023-05-12 11:00,5,11,Weekday,Spring,Yes,83.27,74.38,29.5
2023-05-12 12:00,5,12,Weekday,Spring,Yes,86.18,75.11,45.97
2023-05-12 13:00,5,13,Weekday,Spring,Yes,87.08,74.58,48.7
2023-05-12 14:00,5,14,Weekday,Spring,Yes,88.76,75.07,42.25
2023-05-12 15:00,5,15,Weekday,Spring,Yes,89.96,75.74,45.36
2023-05-12 16:00,5,16,Weekday,Spring,Yes,89.43,75.74,44.79
2023-05-12 17:00,5,17,Weekday,Spring,Yes,88.43,74.97,47.66
2023-05-12 18:00,5,18,Weekday,Spring,No,85.04,75.54,53.58
2023-05-12 19:00,5,19,Weekday,Spring,No,81.26,75.01,43.17
2023-05-12 20:00,5,20,Weekday,Spring,No,78.28,73.8,47.65
2023-05-12 21:00,5,21,Weekday,Spring,No,75.22,74.32,46.0
2023-05-12 22:00,5,22,Weekday,Spring,No,71.63,74.97,40.41
2023-05-12 23:00,5,23,Weekday,Spring,No,68.2,73.37,35.07
2023-05-13 00:00,5,0,Weekend,Spring,No,64.61,72.2,30.15
2023-05-13 01:00,5,1,Weekend,Spring,No,61.8,71.96,24.83
2023-05-13 02:00,5,2,Weekend,Spring,No,59.2,71.85,23.43
2023-05-13 03:00,5,3,Weekend,Spring,No,57.4,72.16,27.13
2023-05-13 04:00,5,4,Weekend,Spring,No,57.02,71.76,12.95
2023-05-13 05:00,5,5,Weekend,Spring,No,56.39,71.63,17.99
2023-05-13 06:00,5,6,Weekend,Spring,No,61.19,72.45,22.06
2023-05-13 07:00,5,7,Weekend,Spring,No,68.51,73.19,31.01
2023-05-13 08:00,5,8,Weekend,Spring,No,73.37,73.82,25.9
2023-05-13 09:00,5,9,Weekend,Spring,No,79.12,75.54,31.72
2023-05-13 10:00,5,10,Weekend,Spring,No,84.98,76.32,43.71
2023-05-13 11:00,5,11,Weekend,Spring,No,88.23,75.77,40.12
2023-05-13 12:00,5,12,Weekend,Spring,No,90.74,76.13,49.53
2023-05-13 13:00,5,13,Weekend,Spring,No,92.57,76.68,42.88
2023-05-13 14:00,5,14,Weekend,Spring,No,93.54,76.78,47.7
2023-05-13 15:00,5,15,Weekend,Spring,No,93.4,76.91,45.56
2023-05-13 16:00,5,16,Weekend,Spring,No,92.39,76.52,44.85
2023-05-13 17:00,5,17,Weekend,Spring,No,91.94,76.62,54.31
2023-05-13 18:00,5,18,Weekend,Spring,No,89.63,76.67,50.42
2023-05-13 19:00,5,19,Weekend,Spring,No,85.67,75.79,50.11
2023-05-13 20:00,5,20,Weekend,Spring,No,82.24,75.51,57.08
2023-05-13 21:00,5,21,Weekend,Spring,No,79.28,74.81,42.43
2023-05-13 22:00,5,22,Weekend,Spring,No,76.3,74.43,39.13
2023-05-13 23:00,5,23,Weekend,Spring,No,73.24,74.31,45.29
2023-05-14 00:00,5,0,Weekend,Spring,No,69.65,73.19,25.26
2023-05-14 01:00,5,1,Weekend,Spring,No,66.22,73.46,35.02
2023-05-14 02:00,5,2,Weekend,Spring,No,64.41,73.63,28.05
2023-05-14 03:00,5,3,Weekend,Spring,No,63.41,73.51,27.5
2023-05-14 04:00,5,4,Weekend,Spring,No,63.59,73.26,22.14
2023-05-14 05:00,5,5,Weekend,Spring,No,64.04,73.28,26.22
2023-05-14 06:00,5,6,Weekend,Spring,No,68.13,73.19,25.44
2023-05-14 07:00,5,7,Weekend,Spring,No,73.37,74.26,31.47
2023-05-14 08:00,5,8,Weekend,Spring,No,77.33,75.4,32.93
2023-05-14 09:00,5,9,Weekend,Spring,No,80.13,74.39,26.93
2023-05-14 10:00,5,10,Weekend,Spring,No,82.12,75.63,36.52
2023-05-14 11:00,5,11,Weekend,Spring,No,85.88,75.8,32.01
2023-05-14 12:00,5,12,Weekend,Spring,No,88.61,75.9,35.95
2023-05-14 13:00,5,13,Weekend,Spring,No,89.58,76.49,41.05
2023-05-14 14:00,5,14,Weekend,Spring,No,89.96,76.36,37.83
2023-05-14 15:00,5,15,Weekend,Spring,No,91.12,76.72,37.08
2023-05-14 16:00,5,16,Weekend,Spring,No,91.42,76.18,51.16
2023-05-14 17:00,5,17,Weekend,Spring,No,89.88,76.37,54.47
2023-05-14 18:00,5,18,Weekend,Spring,No,86.65,75.16,52.66
2023-05-14 19:00,5,19,Weekend,Spring,No,83.24,76.06,47.13
2023-05-14 20:00,5,20,Weekend,Spring,No,79.73,74.28,41.37
2023-05-14 21:00,5,21,Weekend,Spring,No,75.67,73.95,35.2
2023-05-14 22:00,5,22,Weekend,Spring,No,72.78,73.78,38.39
2023-05-14 23:00,5,23,Weekend,Spring,No,71.96,73.87,44.72
2023-05-15 00:00,5,0,Weekday,Spring,No,69.02,73.16,28.14
2023-05-15 01:00,5,1,Weekday,Spring,No,66.92,73.53,31.12
2023-05-15 02:00,5,2,Weekday,Spring,No,64.61,73.11,26.5
2023-05-15 03:00,5,3,Weekday,Spring,No,61.8,72.68,24.07
2023-05-15 04:00,5,4,Weekday,Spring,No,60.46,72.12,24.06
2023-05-15 05:00,5,5,Weekday,Spring,No,58.3,71.55,21.54
2023-05-15 06:00,5,6,Weekday,Spring,No,62.8,72.34,27.9
2023-05-15 07:00,5,7,Weekday,Spring,No,69.86,74.12,21.91
2023-05-15 08:00,5,8,Weekday,Spring,Yes,74.27,73.87,28.58
2023-05-15 09:00,5,9,Weekday,Spring,Yes,77.7,73.7,33.53
2023-05-15 10:00,5,10,Weekday,Spring,Yes,81.29,74.4,40.92
2023-05-15 11:00,5,11,Weekday,Spring,Yes,84.1,75.22,42.5
2023-05-15 12:00,5,12,Weekday,Spring,Yes,86.18,74.87,41.2
2023-05-15 13:00,5,13,Weekday,Spring,Yes,88.23,75.56,37.6
2023-05-15 14:00,5,14,Weekday,Spring,Yes,89.06,76.18,41.64
2023-05-15 15:00,5,15,Weekday,Spring,Yes,89.06,75.57,40.44
2023-05-15 16:00,5,16,Weekday,Spring,Yes,88.43,75.2,38.07
2023-05-15 17:00,5,17,Weekday,Spring,Yes,87.46,74.96,55.27
2023-05-15 18:00,5,18,Weekday,Spring,No,85.3,76.75,46.45
2023-05-15 19:00,5,19,Weekday,Spring,No,81.08,74.8,46.27
2023-05-15 20:00,5,20,Weekday,Spring,No,77.2,74.39,42.64
2023-05-15 21:00,5,21,Weekday,Spring,No,74.24,73.69,44.69
2023-05-15 22:00,5,22,Weekday,Spring,No,71.26,73.3,40.58
2023-05-15 23:00,5,23,Weekday,Spring,No,68.2,73.61,38.81
2023-05-16 00:00,5,0,Weekday,Spring,No,65.76,74.0,26.9
2023-05-16 01:00,5,1,Weekday,Spring,No,62.63,72.49,24.25
2023-05-16 02:00,5,2,Weekday,Spring,No,58.67,72.82,24.89
2023-05-16 03:00,5,3,Weekday,Spring,No,57.02,71.71,19.01
2023-05-16 04:00,5,4,Weekday,Spring,No,57.02,71.52,18.81
2023-05-16 05:00,5,5,Weekday,Spring,No,56.39,71.8,19.28
2023-05-16 06:00,5,6,Weekday,Spring,No,61.19,71.76,26.51
2023-05-16 07:00,5,7,Weekday,Spring,No,68.51,73.21,30.7
2023-05-16 08:00,5,8,Weekday,Spring,Yes,73.9,73.95,27.9
2023-05-16 09:00,5,9,Weekday,Spring,Yes,78.33,73.88,39.77
2023-05-16 10:00,5,10,Weekday,Spring,Yes,81.74,73.99,44.01
2023-05-16 11:00,5,11,Weekday,Spring,Yes,84.1,74.21,34.43
2023-05-16 12:00,5,12,Weekday,Spring,Yes,86.7,74.09,36.32
2023-05-16 13:00,5,13,Weekday,Spring,Yes,89.77,76.21,37.82
2023-05-16 14:00,5,14,Weekday,Spring,Yes,91.04,75.35,44.0
2023-05-16 15:00,5,15,Weekday,Spring,Yes,91.04,74.46,34.52
2023-05-16 16:00,5,16,Weekday,Spring,Yes,91.04,75.3,41.93
2023-05-16 17:00,5,17,Weekday,Spring,Yes,90.41,76.32,56.3
2023-05-16 18:00,5,18,Weekday,Spring,No,87.65,76.36,53.09
2023-05-16 19:00,5,19,Weekday,Spring,No,84.22,75.49,53.22
2023-05-16 20:00,5,20,Weekday,Spring,No,81.78,75.57,37.92
2023-05-16 21:00,5,21,Weekday,Spring,No,79.81,73.83,42.26
2023-05-16 22:00,5,22,Weekday,Spring,No,77.82,73.83,38.86
2023-05-16 23:00,5,23,Weekday,Spring,No,72.9,73.54,45.49
2023-05-17 00:00,5,0,Weekday,Spring,No,69.46,73.86,33.37
2023-05-17 01:00,5,1,Weekday,Spring,No,68.45,73.81,30.04
2023-05-17 02:00,5,2,Weekday,Spring,No,66.22,73.25,29.13
2023-05-17 03:00,5,3,Weekday,Spring,No,65.57,73.42,18.05
2023-05-17 04:00,5,4,Weekday,Spring,No,65.39,73.03,28.82
2023-05-17 05:00,5,5,Weekday,Spring,No,64.94,72.94,28.71
2023-05-17 06:00,5,6,Weekday,Spring,No,66.1,72.65,21.4
2023-05-17 07:00,5,7,Weekday,Spring,No,69.34,73.36,24.81
2023-05-17 08:00,5,8,Weekday,Spring,Yes,75.68,73.57,32.11
2023-05-17 09:00,5,9,Weekday,Spring,Yes,81.29,74.52,38.54
2023-05-17 10:00,5,10,Weekday,Spring,Yes,85.88,75.22,47.01
2023-05-17 11:00,5,11,Weekday,Spring,Yes,90.29,75.02,46.4
2023-05-17 12:00,5,12,Weekday,Spring,Yes,92.57,75.99,41.85
2023-05-17 13:00,5,13,Weekday,Spring,Yes,94.18,76.03,49.24
2023-05-17 14:00,5,14,Weekday,Spring,Yes,95.0,75.95,49.08
2023-05-17 15:00,5,15,Weekday,Spring,Yes,95.63,76.56,45.73
2023-05-17 16:00,5,16,Weekday,Spring,Yes,96.08,76.55,55.32
2023-05-17 17:00,5,17,Weekday,Spring,Yes,94.82,75.9,51.75
2023-05-17 18:00,5,18,Weekday,Spring,No,91.61,76.18,57.3
2023-05-17 19:00,5,19,Weekday,Spring,No,86.49,75.66,51.51
2023-05-17 20:00,5,20,Weekday,Spring,No,82.24,74.89,50.36
2023-05-17 21:00,5,21,Weekday,Spring,No,79.28,75.2,45.9
2023-05-17 22:00,5,22,Weekday,Spring,No,75.14,75.18,41.71
2023-05-17 23:00,5,23,Weekday,Spring,No,70.1,74.18,44.9
2023-05-18 00:00,5,0,Weekday,Spring,No,69.16,73.47,23.9
2023-05-18 01:00,5,1,Weekday,Spring,No,69.98,74.0,37.65
2023-05-18 02:00,5,2,Weekday,Spring,No,68.2,73.14,26.64
2023-05-18 03:00,5,3,Weekday,Spring,No,65.76,72.67,22.23
2023-05-18 04:00,5,4,Weekday,Spring,No,63.26,72.05,21.81
2023-05-18 05:00,5,5,Weekday,Spring,No,63.22,73.31,22.08
2023-05-18 06:00,5,6,Weekday,Spring,No,64.56,72.97,25.08
2023-05-18 07:00,5,7,Weekday,Spring,No,67.88,73.78,25.72
2023-05-18 08:00,5,8,Weekday,Spring,Yes,74.7,73.45,32.28
2023-05-18 09:00,5,9,Weekday,Spring,Yes,79.76,74.34,39.79
2023-05-18 10:00,5,10,Weekday,Spring,Yes,82.12,73.7,41.88
2023-05-18 11:00,5,11,Weekday,Spring,Yes,84.1,74.29,39.25
2023-05-18 12:00,5,12,Weekday,Spring,Yes,86.18,75.05,47.36
2023-05-18 13:00,5,13,Weekday,Spring,Yes,87.6,74.47,41.78
2023-05-18 14:00,5,14,Weekday,Spring,Yes,88.61,74.69,41.26
2023-05-18 15:00,5,15,Weekday,Spring,Yes,89.06,75.37,50.63
2023-05-18 16:00,5,16,Weekday,Spring,Yes,88.43,75.27,42.95
2023-05-18 17:00,5,17,Weekday,Spring,Yes,86.2,74.99,52.15
2023-05-18 18:00,5,18,Weekday,Spring,No,83.24,75.25,45.84
2023-05-18 19:00,5,19,Weekday,Spring,No,80.26,74.87,46.0
2023-05-18 20:00,5,20,Weekday,Spring,No,76.67,74.5,42.44
2023-05-18 21:00,5,21,Weekday,Spring,No,72.71,73.74,43.38
2023-05-18 22:00,5,22,Weekday,Spring,No,68.65,74.12,33.9
2023-05-18 23:00,5,23,Weekday,Spring,No,65.76,72.83,38.27
2023-05-19 00:00,5,0,Weekday,Spring,No,64.94,72.44,33.84
2023-05-19 01:00,5,1,Weekday,Spring,No,61.48,73.4,14.42
2023-05-19 02:00,5,2,Weekday,Spring,No,61.31,72.57,23.5
2023-05-19 03:00,5,3,Weekday,Spring,No,62.96,72.55,20.61
2023-05-19 04:00,5,4,Weekday,Spring,No,60.02,71.88,22.94
2023-05-19 05:00,5,5,Weekday,Spring,No,57.4,70.98,14.45
2023-05-19 06:00,5,6,Weekday,Spring,No,62.27,72.02,15.32
2023-05-19 07:00,5,7,Weekday,Spring,No,70.64,73.79,29.09
2023-05-19 08:00,5,8,Weekday,Spring,Yes,75.1,73.46,33.72
2023-05-19 09:00,5,9,Weekday,Spring,Yes,78.86,74.14,41.14
2023-05-19 10:00,5,10,Weekday,Spring,Yes,83.27,74.3,35.12
2023-05-19 11:00,5,11,Weekday,Spring,Yes,84.92,74.05,42.08
2023-05-19 12:00,5,12,Weekday,Spring,Yes,87.34,74.89,41.2
2023-05-19 13:00,5,13,Weekday,Spring,Yes,89.06,75.51,39.4
2023-05-19 14:00,5,14,Weekday,Spring,Yes,87.9,74.39,41.57
2023-05-19 15:00,5,15,Weekday,Spring,Yes,86.45,76.26,45.83
2023-05-19 16:00,5,16,Weekday,Spring,Yes,86.0,75.25,37.88
2023-05-19 17:00,5,17,Weekday,Spring,Yes,84.84,75.15,52.67
2023-05-19 18:00,5,18,Weekday,Spring,No,81.71,75.56,52.7
2023-05-19 19:00,5,19,Weekday,Spring,No,78.28,74.68,46.8
2023-05-19 20:00,5,20,Weekday,Spring,No,74.69,73.85,48.87
2023-05-19 21:00,5,21,Weekday,Spring,No,71.26,73.27,35.93
2023-05-19 22:00,5,22,Weekday,Spring,No,69.98,73.47,38.82
2023-05-19 23:00,5,23,Weekday,Spring,No,68.82,72.84,36.04
2023-05-20 00:00,5,0,Weekend,Spring,No,65.69,73.26,32.27
2023-05-20 01:00,5,1,Weekend,Spring,No,64.04,72.54,29.89
2023-05-20 02:00,5,2,Weekend,Spring,No,60.47,72.81,16.93
2023-05-20 03:00,5,3,Weekend,Spring,No,57.4,71.76,18.12
2023-05-20 04:00,5,4,Weekend,Spring,No,55.86,71.51,19.34
2023-05-20 05:00,5,5,Weekend,Spring,No,53.88,70.61,14.15
2023-05-20 06:00,5,6,Weekend,Spring,No,58.31,72.28,24.96
2023-05-20 07:00,5,7,Weekend,Spring,No,65.53,73.05,21.24
2023-05-20 08:00,5,8,Weekend,Spring,No,70.94,73.84,32.72
2023-05-20 09:00,5,9,Weekend,Spring,No,75.35,74.1,27.94
2023-05-20 10:00,5,10,Weekend,Spring,No,78.78,74.4,33.28
2023-05-20 11:00,5,11,Weekend,Spring,No,80.58,74.55,38.65
2023-05-20 12:00,5,12,Weekend,Spring,No,82.12,74.85,34.66
2023-05-20 13:00,5,13,Weekend,Spring,No,84.72,75.08,39.14
2023-05-20 14:00,5,14,Weekend,Spring,No,86.63,76.14,45.43
2023-05-20 15:00,5,15,Weekend,Spring,No,87.6,76.62,32.29
2023-05-20 16:00,5,16,Weekend,Spring,No,88.61,75.93,46.88
2023-05-20 17:00,5,17,Weekend,Spring,No,87.9,75.11,49.71
2023-05-20 18:00,5,18,Weekend,Spring,No,85.3,75.09,50.14
2023-05-20 19:00,5,19,Weekend,Spring,No,82.24,75.17,42.62
2023-05-20 20:00,5,20,Weekend,Spring,No,79.28,74.77,45.01
2023-05-20 21:00,5,21,Weekend,Spring,No,75.67,74.93,45.2
2023-05-20 22:00,5,22,Weekend,Spring,No,72.78,72.98,42.8
2023-05-20 23:00,5,23,Weekend,Spring,No,70.81,73.54,28.1
2023-05-21 00:00,5,0,Weekend,Spring,No,68.2,73.22,39.44
2023-05-21 01:00,5,1,Weekend,Spring,No,65.24,72.48,22.38
2023-05-21 02:00,5,2,Weekend,Spring,No,62.26,73.21,22.3
2023-05-21 03:00,5,3,Weekend,Spring,No,60.98,72.93,19.81
2023-05-21 04:00,5,4,Weekend,Spring,No,58.67,72.57,26.14
2023-05-21 05:00,5,5,Weekend,Spring,No,57.02,72.08,22.87
2023-05-21 06:00,5,6,Weekend,Spring,No,61.64,72.48,20.37
2023-05-21 07:00,5,7,Weekend,Spring,No,69.04,73.27,29.88
2023-05-21 08:00,5,8,Weekend,Spring,No,77.21,75.4,26.68
2023-05-21 09:00,5,9,Weekend,Spring,No,84.53,75.64,38.77
2023-05-21 10:00,5,10,Weekend,Spring,No,88.23,75.75,39.05
2023-05-21 11:00,5,11,Weekend,Spring,No,90.22,77.69,48.71
2023-05-21 12:00,5,12,Weekend,Spring,No,92.72,76.76,45.8
2023-05-21 13:00,5,13,Weekend,Spring,No,94.55,76.94,49.04
2023-05-21 14:00,5,14,Weekend,Spring,No,95.63,76.66,54.5
2023-05-21 15:00,5,15,Weekend,Spring,No,97.24,77.12,51.95
2023-05-21 16:00,5,16,Weekend,Spring,No,97.43,76.66,43.3
2023-05-21 17:00,5,17,Weekend,Spring,No,94.67,77.79,62.65
2023-05-21 18:00,5,18,Weekend,Spring,No,91.23,76.25,55.93
2023-05-21 19:00,5,19,Weekend,Spring,No,88.28,76.28,51.54
2023-05-21 20:00,5,20,Weekend,Spring,No,85.82,75.61,44.67
2023-05-21 21:00,5,21,Weekend,Spring,No,82.08,74.92,50.3
2023-05-21 22:00,5,22,Weekend,Spring,No,77.65,74.57,46.33
2023-05-21 23:00,5,23,Weekend,Spring,No,74.24,74.46,43.49
2023-05-22 00:00,5,0,Weekday,Spring,No,71.88,73.71,43.88
2023-05-22 01:00,5,1,Weekday,Spring,No,69.28,73.71,32.65
2023-05-22 02:00,5,2,Weekday,Spring,No,67.37,73.66,28.58
2023-05-22 03:00,5,3,Weekday,Spring,No,65.76,72.4,31.76
2023-05-22 04:00,5,4,Weekday,Spring,No,64.94,73.1,28.31
2023-05-22 05:00,5,5,Weekday,Spring,No,63.78,72.46,24.47
2023-05-22 06:00,5,6,Weekday,Spring,No,66.53,73.24,31.7
2023-05-22 07:00,5,7,Weekday,Spring,No,73.7,74.73,29.01
2023-05-22 08:00,5,8,Weekday,Spring,Yes,80.46,74.63,33.96
2023-05-22 09:00,5,9,Weekday,Spring,Yes,85.36,74.64,35.56
2023-05-22 10:00,5,10,Weekday,Spring,Yes,89.39,75.52,41.26
2023-05-22 11:00,5,11,Weekday,Spring,Yes,93.35,75.89,49.39
2023-05-22 12:00,5,12,Weekday,Spring,Yes,96.16,77.06,46.05
2023-05-22 13:00,5,13,Weekday,Spring,Yes,97.61,76.34,41.98
2023-05-22 14:00,5,14,Weekday,Spring,Yes,96.9,76.2,43.47
2023-05-22 15:00,5,15,Weekday,Spring,Yes,95.45,75.79,47.18
2023-05-22 16:00,5,16,Weekday,Spring,Yes,93.84,75.86,45.01
2023-05-22 17:00,5,17,Weekday,Spring,Yes,93.02,75.23,56.11
2023-05-22 18:00,5,18,Weekday,Spring,No,91.86,76.46,54.72
2023-05-22 19:00,5,19,Weekday,Spring,No,89.26,75.53,59.29
2023-05-22 20:00,5,20,Weekday,Spring,No,85.67,75.34,44.53
2023-05-22 21:00,5,21,Weekday,Spring,No,82.24,74.93,45.19
2023-05-22 22:00,5,22,Weekday,Spring,No,78.65,75.12,44.06
2023-05-22 23:00,5,23,Weekday,Spring,No,75.22,74.03,39.7
2023-05-23 00:00,5,0,Weekday,Spring,No,73.42,73.93,27.48
2023-05-23 01:00,5,1,Weekday,Spring,No,71.88,73.83,30.0
2023-05-23 02:00,5,2,Weekday,Spring,No,70.43,73.5,26.49
2023-05-23 03:00,5,3,Weekday,Spring,No,68.82,72.98,27.89
2023-05-23 04:00,5,4,Weekday,Spring,No,65.69,72.69,21.73
2023-05-23 05:00,5,5,Weekday,Spring,No,64.56,72.54,27.39
2023-05-23 06:00,5,6,Weekday,Spring,No,68.51,73.56,28.2
2023-05-23 07:00,5,7,Weekday,Spring,No,76.31,74.23,31.07
2023-05-23 08:00,5,8,Weekday,Spring,Yes,84.16,73.9,41.17
2023-05-23 09:00,5,9,Weekday,Spring,Yes,89.92,75.83,47.2
2023-05-23 10:00,5,10,Weekday,Spring,Yes,94.88,76.78,47.09
2023-05-23 11:00,5,11,Weekday,Spring,Yes,98.14,77.56,45.82
2023-05-23 12:00,5,12,Weekday,Spring,Yes,98.96,77.1,44.56
2023-05-23 13:00,5,13,Weekday,Spring,Yes,100.12,76.97,51.51
2023-05-23 14:00,5,14,Weekday,Spring,Yes,101.57,76.49,49.85
2023-05-23 15:00,5,15,Weekday,Spring,Yes,102.02,76.92,50.95
2023-05-23 16:00,5,16,Weekday,Spring,Yes,102.02,77.29,48.58
2023-05-23 17:00,5,17,Weekday,Spring,Yes,99.71,75.68,58.21
2023-05-23 18:00,5,18,Weekday,Spring,No,96.9,76.05,58.73
2023-05-23 19:00,5,19,Weekday,Spring,No,94.82,77.07,55.2
2023-05-23 20:00,5,20,Weekday,Spring,No,92.76,76.62,54.91
2023-05-23 21:00,5,21,Weekday,Spring,No,90.78,75.06,54.29
2023-05-23 22:00,5,22,Weekday,Spring,No,89.43,76.0,49.07
2023-05-23 23:00,5,23,Weekday,Spring,No,87.28,75.42,48.11
2023-05-24 00:00,5,0,Weekday,Spring,No,85.37,76.26,38.45
2023-05-24 01:00,5,1,Weekday,Spring,No,84.4,75.67,40.06
2023-05-24 02:00,5,2,Weekday,Spring,No,82.86,75.62,38.53
2023-05-24 03:00,5,3,Weekday,Spring,No,80.88,76.17,34.38
2023-05-24 04:00,5,4,Weekday,Spring,No,79.43,74.52,37.91
2023-05-24 05:00,5,5,Weekday,Spring,No,77.82,74.75,32.78
2023-05-24 06:00,5,6,Weekday,Spring,No,78.78,75.4,35.57
2023-05-24 07:00,5,7,Weekday,Spring,No,82.37,75.68,33.49
2023-05-24 08:00,5,8,Weekday,Spring,Yes,85.18,74.34,47.06
2023-05-24 09:00,5,9,Weekday,Spring,Yes,87.16,74.98,43.33
2023-05-24 10:00,5,10,Weekday,Spring,Yes,89.77,75.67,40.13
2023-05-24 11:00,5,11,Weekday,Spring,Yes,92.72,75.68,41.48
2023-05-24 12:00,5,12,Weekday,Spring,Yes,95.7,76.94,51.43
2023-05-24 13:00,5,13,Weekday,Spring,Yes,96.98,75.4,46.72
2023-05-24 14:00,5,14,Weekday,Spring,Yes,98.14,76.11,49.98
2023-05-24 15:00,5,15,Weekday,Spring,Yes,97.8,76.37,48.03
2023-05-24 16:00,5,16,Weekday,Spring,Yes,96.46,75.82,50.27
2023-05-24 17:00,5,17,Weekday,Spring,Yes,95.45,76.64,54.28
2023-05-24 18:00,5,18,Weekday,Spring,No,92.69,77.01,62.09
2023-05-24 19:00,5,19,Weekday,Spring,No,88.73,76.73,52.6
2023-05-24 20:00,5,20,Weekday,Spring,No,85.3,76.04,55.9
2023-05-24 21:00,5,21,Weekday,Spring,No,82.24,74.78,48.28
2023-05-24 22:00,5,22,Weekday,Spring,No,80.44,74.43,42.18
2023-05-24 23:00,5,23,Weekday,Spring,No,75.96,74.27,43.74
2023-05-25 00:00,5,0,Weekday,Spring,No,73.04,73.55,30.26
2023-05-25 01:00,5,1,Weekday,Spring,No,71.88,74.24,31.93
2023-05-25 02:00,5,2,Weekday,Spring,No,68.12,74.03,27.84
2023-05-25 03:00,5,3,Weekday,Spring,No,64.24,73.05,26.3
2023-05-25 04:00,5,4,Weekday,Spring,No,61.8,72.69,22.97
2023-05-25 05:00,5,5,Weekday,Spring,No,60.98,73.48,19.39
2023-05-25 06:00,5,6,Weekday,Spring,No,66.23,73.69,30.08
2023-05-25 07:00,5,7,Weekday,Spring,No,73.44,74.41,36.19
2023-05-25 08:00,5,8,Weekday,Spring,Yes,79.49,74.73,32.55
2023-05-25 09:00,5,9,Weekday,Spring,Yes,84.35,75.0,41.02
2023-05-25 10:00,5,10,Weekday,Spring,Yes,87.78,75.74,49.01
2023-05-25 11:00,5,11,Weekday,Spring,Yes,90.22,75.26,47.99
2023-05-25 12:00,5,12,Weekday,Spring,Yes,93.35,75.75,49.38
2023-05-25 13:00,5,13,Weekday,Spring,Yes,95.0,75.89,37.8
2023-05-25 14:00,5,14,Weekday,Spring,Yes,95.63,75.75,46.5
2023-05-25 15:00,5,15,Weekday,Spring,Yes,95.45,76.24,54.82
2023-05-25 16:00,5,16,Weekday,Spring,Yes,95.63,76.84,42.37
2023-05-25 17:00,5,17,Weekday,Spring,Yes,94.82,76.65,51.51
2023-05-25 18:00,5,18,Weekday,Spring,No,92.24,77.62,52.21
2023-05-25 19:00,5,19,Weekday,Spring,No,88.1,75.17,51.41
2023-05-25 20:00,5,20,Weekday,Spring,No,84.22,75.87,46.08
2023-05-25 21:00,5,21,Weekday,Spring,No,80.63,74.85,46.2
2023-05-25 22:00,5,22,Weekday,Spring,No,77.82,74.97,42.38
2023-05-25 23:00,5,23,Weekday,Spring,No,75.84,74.09,45.96
2023-05-26 00:00,5,0,Weekday,Spring,No,73.24,74.23,30.33
2023-05-26 01:00,5,1,Weekday,Spring,No,69.65,73.59,26.1
2023-05-26 02:00,5,2,Weekday,Spring,No,70.94,73.41,34.65
2023-05-26 03:00,5,3,Weekday,Spring,No,67.79,73.06,21.48
2023-05-26 04:00,5,4,Weekday,Spring,No,64.04,72.91,22.91
2023-05-26 05:00,5,5,Weekday,Spring,No,62.89,73.06,23.61
2023-05-26 06:00,5,6,Weekday,Spring,No,66.16,72.69,29.77
2023-05-26 07:00,5,7,Weekday,Spring,No,73.07,73.6,30.65
2023-05-26 08:00,5,8,Weekday,Spring,Yes,79.49,74.7,38.95
2023-05-26 09:00,5,9,Weekday,Spring,Yes,83.2,74.39,34.6
2023-05-26 10:00,5,10,Weekday,Spring,Yes,85.18,74.86,44.84
2023-05-26 11:00,5,11,Weekday,Spring,Yes,87.78,74.84,45.57
2023-05-26 12:00,5,12,Weekday,Spring,Yes,90.74,75.42,43.95
2023-05-26 13:00,5,13,Weekday,Spring,Yes,91.42,75.75,43.9
2023-05-26 14:00,5,14,Weekday,Spring,Yes,93.35,74.98,50.41
2023-05-26 15:00,5,15,Weekday,Spring,Yes,95.0,76.28,51.12
2023-05-26 16:00,5,16,Weekday,Spring,Yes,93.84,75.61,44.44
2023-05-26 17:00,5,17,Weekday,Spring,Yes,93.02,75.91,53.51
2023-05-26 18:00,5,18,Weekday,Spring,No,90.71,75.94,56.05
2023-05-26 19:00,5,19,Weekday,Spring,No,86.65,75.77,60.26
2023-05-26 20:00,5,20,Weekday,Spring,No,82.61,75.18,49.47
2023-05-26 21:00,5,21,Weekday,Spring,No,79.28,74.03,51.33
2023-05-26 22:00,5,22,Weekday,Spring,No,74.51,74.02,49.37
2023-05-26 23:00,5,23,Weekday,Spring,No,70.28,74.09,43.28
2023-05-27 00:00,5,0,Weekend,Spring,No,69.08,73.54,19.88
2023-05-27 01:00,5,1,Weekend,Spring,No,67.82,73.77,30.5
2023-05-27 02:00,5,2,Weekend,Spring,No,64.08,72.7,24.17
2023-05-27 03:00,5,3,Weekend,Spring,No,62.58,72.24,24.02
2023-05-27 04:00,5,4,Weekend,Spring,No,61.8,73.1,20.48
2023-05-27 05:00,5,5,Weekend,Spring,No,60.46,72.13,24.39
2023-05-27 06:00,5,6,Weekend,Spring,No,64.7,72.85,22.47
2023-05-27 07:00,5,7,Weekend,Spring,No,71.46,74.61,27.4
2023-05-27 08:00,5,8,Weekend,Spring,No,77.51,75.02,31.25
2023-05-27 09:00,5,9,Weekend,Spring,No,82.37,74.68,30.59
2023-05-27 10:00,5,10,Weekend,Spring,No,85.18,76.17,37.04
2023-05-27 11:00,5,11,Weekend,Spring,No,88.31,75.6,38.21
2023-05-27 12:00,5,12,Weekend,Spring,No,90.59,76.42,39.58
2023-05-27 13:00,5,13,Weekend,Spring,No,92.2,76.1,47.1
2023-05-27 14:00,5,14,Weekend,Spring,No,94.18,77.11,46.6
2023-05-27 15:00,5,15,Weekend,Spring,No,94.37,76.66,43.26
2023-05-27 16:00,5,16,Weekend,Spring,No,93.92,77.01,46.42
2023-05-27 17:00,5,17,Weekend,Spring,No,93.4,76.42,61.87
2023-05-27 18:00,5,18,Weekend,Spring,No,91.86,77.18,56.36
2023-05-27 19:00,5,19,Weekend,Spring,No,88.73,75.48,53.69
2023-05-27 20:00,5,20,Weekend,Spring,No,85.3,76.31,48.7
2023-05-27 21:00,5,21,Weekend,Spring,No,81.71,76.05,40.64
2023-05-27 22:00,5,22,Weekend,Spring,No,78.9,74.68,52.94
2023-05-27 23:00,5,23,Weekend,Spring,No,72.83,74.14,42.31
2023-05-28 00:00,5,0,Weekend,Spring,No,70.76,73.91,22.32
2023-05-28 01:00,5,1,Weekend,Spring,No,70.81,74.26,23.56
2023-05-28 02:00,5,2,Weekend,Spring,No,71.14,73.86,31.74
2023-05-28 03:00,5,3,Weekend,Spring,No,69.65,72.59,29.1
2023-05-28 04:00,5,4,Weekend,Spring,No,65.06,72.89,28.97
2023-05-28 05:00,5,5,Weekend,Spring,No,65.27,72.86,22.64
2023-05-28 06:00,5,6,Weekend,Spring,No,70.49,74.53,32.07
2023-05-28 07:00,5,7,Weekend,Spring,No,75.35,73.79,41.46
2023-05-28 08:00,5,8,Weekend,Spring,No,79.31,74.58,43.93
2023-05-28 09:00,5,9,Weekend,Spring,No,83.27,75.55,36.92
2023-05-28 10:00,5,10,Weekend,Spring,No,87.34,76.02,41.28
2023-05-28 11:00,5,11,Weekend,Spring,No,88.43,75.99,50.51
2023-05-28 12:00,5,12,Weekend,Spring,No,88.61,76.25,55.54
2023-05-28 13:00,5,13,Weekend,Spring,No,89.58,75.54,46.33
2023-05-28 14:00,5,14,Weekend,Spring,No,89.43,75.89,43.48
2023-05-28 15:00,5,15,Weekend,Spring,No,88.43,77.35,40.44
2023-05-28 16:00,5,16,Weekend,Spring,No,87.46,75.71,44.88
2023-05-28 17:00,5,17,Weekend,Spring,No,85.3,75.73,44.1
2023-05-28 18:00,5,18,Weekend,Spring,No,81.71,75.4,45.71
2023-05-28 19:00,5,19,Weekend,Spring,No,77.65,74.48,52.94
2023-05-28 20:00,5,20,Weekend,Spring,No,73.61,74.11,47.34
2023-05-28 21:00,5,21,Weekend,Spring,No,70.28,73.99,36.8
2023-05-28 22:00,5,22,Weekend,Spring,No,67.82,74.15,33.74
2023-05-28 23:00,5,23,Weekend,Spring,No,66.4,73.46,37.62
2023-05-29 00:00,5,0,Weekday,Spring,No,65.39,72.67,24.93
2023-05-29 01:00,5,1,Weekday,Spring,No,64.41,72.53,28.31
2023-05-29 02:00,5,2,Weekday,Spring,No,62.89,72.24,19.61
2023-05-29 03:00,5,3,Weekday,Spring,No,62.06,73.48,28.99
2023-05-29 04:00,5,4,Weekday,Spring,No,60.28,71.97,21.57
2023-05-29 05:00,5,5,Weekday,Spring,No,59.0,72.34,32.55
2023-05-29 06:00,5,6,Weekday,Spring,No,61.31,72.38,29.88
2023-05-29 07:00,5,7,Weekday,Spring,No,64.74,72.64,23.71
2023-05-29 08:00,5,8,Weekday,Spring,Yes,66.54,72.26,26.39
2023-05-29 09:00,5,9,Weekday,Spring,Yes,68.18,71.38,22.88
2023-05-29 10:00,5,10,Weekday,Spring,Yes,70.76,72.57,23.28
2023-05-29 11:00,5,11,Weekday,Spring,Yes,74.27,72.82,35.02
2023-05-29 12:00,5,12,Weekday,Spring,Yes,77.18,74.03,27.37
2023-05-29 13:00,5,13,Weekday,Spring,Yes,79.24,73.23,40.32
2023-05-29 14:00,5,14,Weekday,Spring,Yes,81.74,74.84,40.38
2023-05-29 15:00,5,15,Weekday,Spring,Yes,82.42,74.66,38.66
2023-05-29 16:00,5,16,Weekday,Spring,Yes,82.04,72.5,41.8
2023-05-29 17:00,5,17,Weekday,Spring,Yes,81.41,73.86,44.03
2023-05-29 18:00,5,18,Weekday,Spring,No,78.65,74.22,49.35
2023-05-29 19:00,5,19,Weekday,Spring,No,75.22,74.46,44.4
2023-05-29 20:00,5,20,Weekday,Spring,No,73.42,74.8,45.1
2023-05-29 21:00,5,21,Weekday,Spring,No,72.41,74.21,48.51
2023-05-29 22:00,5,22,Weekday,Spring,No,70.28,75.42,42.7
2023-05-29 23:00,5,23,Weekday,Spring,No,66.67,74.13,39.04
2023-05-30 00:00,5,0,Weekday,Spring,No,65.57,72.92,24.7
2023-05-30 01:00,5,1,Weekday,Spring,No,63.08,72.43,23.65
2023-05-30 02:00,5,2,Weekday,Spring,No,60.46,71.23,26.11
2023-05-30 03:00,5,3,Weekday,Spring,No,59.45,71.54,22.59
2023-05-30 04:00,5,4,Weekday,Spring,No,57.85,71.69,22.53
2023-05-30 05:00,5,5,Weekday,Spring,No,56.39,72.33,16.83
2023-05-30 06:00,5,6,Weekday,Spring,No,61.82,72.64,25.94
2023-05-30 07:00,5,7,Weekday,Spring,No,69.48,73.5,23.6
2023-05-30 08:00,5,8,Weekday,Spring,Yes,73.74,73.68,31.87
2023-05-30 09:00,5,9,Weekday,Spring,Yes,76.8,73.66,36.23
2023-05-30 10:00,5,10,Weekday,Spring,Yes,80.39,75.51,34.81
2023-05-30 11:00,5,11,Weekday,Spring,Yes,84.35,74.48,39.99
2023-05-30 12:00,5,12,Weekday,Spring,Yes,87.16,75.05,34.22
2023-05-30 13:00,5,13,Weekday,Spring,Yes,87.98,75.12,36.23
2023-05-30 14:00,5,14,Weekday,Spring,Yes,89.77,74.63,43.51
2023-05-30 15:00,5,15,Weekday,Spring,Yes,91.04,75.61,38.97
2023-05-30 16:00,5,16,Weekday,Spring,Yes,91.56,75.75,48.06
2023-05-30 17:00,5,17,Weekday,Spring,Yes,90.78,76.11,56.95
2023-05-30 18:00,5,18,Weekday,Spring,No,87.65,75.75,57.8
2023-05-30 19:00,5,19,Weekday,Spring,No,83.69,75.49,53.66
2023-05-30 20:00,5,20,Weekday,Spring,No,80.26,75.77,43.51
2023-05-30 21:00,5,21,Weekday,Spring,No,77.2,73.5,50.02
2023-05-30 22:00,5,22,Weekday,Spring,No,74.76,73.64,40.88
2023-05-30 23:00,5,23,Weekday,Spring,No,71.63,73.59,37.69
2023-05-31 00:00,5,0,Weekday,Spring,No,69.98,73.96,34.96
2023-05-31 01:00,5,1,Weekday,Spring,No,67.67,72.96,18.06
2023-05-31 02:00,5,2,Weekday,Spring,No,64.86,73.37,25.86
2023-05-31 03:00,5,3,Weekday,Spring,No,64.04,73.05,30.08
2023-05-31 04:00,5,4,Weekday,Spring,No,64.56,73.26,14.21
2023-05-31 05:00,5,5,Weekday,Spring,No,62.1,72.64,26.92
2023-05-31 06:00,5,6,Weekday,Spring,No,64.7,73.26,23.96
2023-05-31 07:00,5,7,Weekday,Spring,No,70.94,74.21,27.44
2023-05-31 08:00,5,8,Weekday,Spring,Yes,75.35,73.83,33.49
2023-05-31 09:00,5,9,Weekday,Spring,Yes,80.46,74.37,47.41
2023-05-31 10:00,5,10,Weekday,Spring,Yes,84.1,74.44,30.96
2023-05-31 11:00,5,11,Weekday,Spring,Yes,85.55,75.1,38.83
2023-05-31 12:00,5,12,Weekday,Spring,Yes,89.46,75.5,45.68
2023-05-31 13:00,5,13,Weekday,Spring,Yes,92.57,75.12,47.88
2023-05-31 14:00,5,14,Weekday,Spring,Yes,93.54,75.4,47.49
2023-05-31 15:00,5,15,Weekday,Spring,Yes,93.4,74.97,42.82
2023-05-31 16:00,5,16,Weekday,Spring,Yes,93.02,75.59,50.02
2023-05-31 17:00,5,17,Weekday,Spring,Yes,91.23,75.22,53.38
2023-05-31 18:00,5,18,Weekday,Spring,No,88.28,75.97,51.39
2023-05-31 19:00,5,19,Weekday,Spring,No,84.14,75.99,48.54
2023-05-31 20:00,5,20,Weekday,Spring,No,80.26,75.38,54.33
2023-05-31 21:00,5,21,Weekday,Spring,No,78.35,74.48,42.31
2023-05-31 22:00,5,22,Weekday,Spring,No,77.17,75.07,48.65
2023-05-31 23:00,5,23,Weekday,Spring,No,76.01,74.96,45.34
2023-06-01 00:00,6,0,Weekday,Summer,No,74.93,73.86,36.26
2023-06-01 01:00,6,1,Weekday,Summer,No,73.85,74.44,41.4
2023-06-01 02:00,6,2,Weekday,Summer,No,72.67,73.57,26.18
2023-06-01 03:00,6,3,Weekday,Summer,No,71.51,74.01,39.03
2023-06-01 04:00,6,4,Weekday,Summer,No,71.06,73.8,23.31
2023-06-01 05:00,6,5,Weekday,Summer,No,69.28,73.0,29.44
2023-06-01 06:00,6,6,Weekday,Summer,No,72.1,74.12,29.32
2023-06-01 07:00,6,7,Weekday,Summer,No,77.33,74.51,36.48
2023-06-01 08:00,6,8,Weekday,Summer,Yes,82.44,74.42,43.1
2023-06-01 09:00,6,9,Weekday,Summer,Yes,87.86,75.63,47.71
2023-06-01 10:00,6,10,Weekday,Summer,Yes,92.9,75.05,49.15
2023-06-01 11:00,6,11,Weekday,Summer,Yes,96.78,75.78,52.43
2023-06-01 12:00,6,12,Weekday,Summer,Yes,99.22,77.53,54.7
2023-06-01 13:00,6,13,Weekday,Summer,Yes,100.57,76.24,49.81
2023-06-01 14:00,6,14,Weekday,Summer,Yes,101.68,76.79,55.45
2023-06-01 15:00,6,15,Weekday,Summer,Yes,102.1,76.59,50.9
2023-06-01 16:00,6,16,Weekday,Summer,Yes,102.02,77.21,53.98
2023-06-01 17:00,6,17,Weekday,Summer,Yes,100.86,76.33,58.13
2023-06-01 18:00,6,18,Weekday,Summer,No,98.88,76.8,62.87
2023-06-01 19:00,6,19,Weekday,Summer,No,95.65,77.2,61.53
2023-06-01 20:00,6,20,Weekday,Summer,No,92.03,76.03,54.45
2023-06-01 21:00,6,21,Weekday,Summer,No,89.1,75.09,51.46
2023-06-01 22:00,6,22,Weekday,Summer,No,86.82,76.22,47.83
2023-06-01 23:00,6,23,Weekday,Summer,No,83.06,75.27,44.62
2023-06-02 00:00,6,0,Weekday,Summer,No,79.81,76.87,33.32
2023-06-02 01:00,6,1,Weekday,Summer,No,78.46,74.59,34.47
2023-06-02 02:00,6,2,Weekday,Summer,No,76.82,74.5,33.16
2023-06-02 03:00,6,3,Weekday,Summer,No,75.4,75.09,31.11
2023-06-02 04:00,6,4,Weekday,Summer,No,75.02,74.37,34.67
2023-06-02 05:00,6,5,Weekday,Summer,No,75.02,73.68,40.01
2023-06-02 06:00,6,6,Weekday,Summer,No,76.8,74.46,36.13
2023-06-02 07:00,6,7,Weekday,Summer,No,81.54,75.5,42.9
2023-06-02 08:00,6,8,Weekday,Summer,Yes,86.96,75.08,40.17
2023-06-02 09:00,6,9,Weekday,Summer,Yes,90.22,75.55,44.14
2023-06-02 10:00,6,10,Weekday,Summer,Yes,92.2,75.73,46.05
2023-06-02 11:00,6,11,Weekday,Summer,Yes,95.33,75.98,49.0
2023-06-02 12:00,6,12,Weekday,Summer,Yes,96.98,75.5,53.29
2023-06-02 13:00,6,13,Weekday,Summer,Yes,97.61,76.57,46.38
2023-06-02 14:00,6,14,Weekday,Summer,Yes,99.22,76.12,48.62
2023-06-02 15:00,6,15,Weekday,Summer,Yes,98.88,76.22,48.45
2023-06-02 16:00,6,16,Weekday,Summer,Yes,98.58,76.83,46.95
2023-06-02 17:00,6,17,Weekday,Summer,Yes,97.8,75.6,58.09
2023-06-02 18:00,6,18,Weekday,Summer,No,94.67,77.15,55.38
2023-06-02 19:00,6,19,Weekday,Summer,No,90.08,75.58,55.13
2023-06-02 20:00,6,20,Weekday,Summer,No,86.2,76.74,52.39
2023-06-02 21:00,6,21,Weekday,Summer,No,84.4,75.56,42.13
2023-06-02 22:00,6,22,Weekday,Summer,No,81.71,74.63,46.85
2023-06-02 23:00,6,23,Weekday,Summer,No,79.43,75.0,43.46
2023-06-03 00:00,6,0,Weekend,Summer,No,78.46,74.96,35.92
2023-06-03 01:00,6,1,Weekend,Summer,No,78.6,74.43,34.22
2023-06-03 02:00,6,2,Weekend,Summer,No,77.2,74.49,37.51
2023-06-03 03:00,6,3,Weekend,Summer,No,74.76,74.66,37.88
2023-06-03 04:00,6,4,Weekend,Summer,No,73.42,73.51,35.46
2023-06-03 05:00,6,5,Weekend,Summer,No,73.04,74.69,34.58
2023-06-03 06:00,6,6,Weekend,Summer,No,76.5,74.02,27.71
2023-06-03 07:00,6,7,Weekend,Summer,No,81.92,75.46,51.7
2023-06-03 08:00,6,8,Weekend,Summer,No,85.8,75.3,38.43
2023-06-03 09:00,6,9,Weekend,Summer,No,89.39,75.71,41.52
2023-06-03 10:00,6,10,Weekend,Summer,No,92.2,77.04,41.17
2023-06-03 11:00,6,11,Weekend,Summer,No,94.8,76.46,44.75
2023-06-03 12:00,6,12,Weekend,Summer,No,96.08,76.85,45.17
2023-06-03 13:00,6,13,Weekend,Summer,No,96.6,76.72,48.95
2023-06-03 14:00,6,14,Weekend,Summer,No,97.61,76.51,45.74
2023-06-03 15:00,6,15,Weekend,Summer,No,96.9,76.97,46.57
2023-06-03 16:00,6,16,Weekend,Summer,No,95.45,76.51,47.47
2023-06-03 17:00,6,17,Weekend,Summer,No,93.84,76.59,50.54
2023-06-03 18:00,6,18,Weekend,Summer,No,91.23,76.21,58.92
2023-06-03 19:00,6,19,Weekend,Summer,No,87.65,76.15,46.68
2023-06-03 20:00,6,20,Weekend,Summer,No,84.84,75.25,49.33
2023-06-03 21:00,6,21,Weekend,Summer,No,82.24,75.42,45.43
2023-06-03 22:00,6,22,Weekend,Summer,No,80.44,74.94,47.97
2023-06-03 23:00,6,23,Weekend,Summer,No,77.65,74.03,40.36
2023-06-04 00:00,6,0,Weekend,Summer,No,76.55,74.52,31.3
2023-06-04 01:00,6,1,Weekend,Summer,No,74.69,74.43,34.16
2023-06-04 02:00,6,2,Weekend,Summer,No,71.88,74.04,28.13
2023-06-04 03:00,6,3,Weekend,Summer,No,66.96,73.88,26.75
2023-06-04 04:00,6,4,Weekend,Summer,No,64.04,72.96,21.32
2023-06-04 05:00,6,5,Weekend,Summer,No,65.19,72.38,22.96
2023-06-04 06:00,6,6,Weekend,Summer,No,70.64,73.61,36.94
2023-06-04 07:00,6,7,Weekend,Summer,No,76.88,74.51,32.36
2023-06-04 08:00,6,8,Weekend,Summer,No,80.76,74.47,34.84
2023-06-04 09:00,6,9,Weekend,Summer,No,84.35,75.09,44.59
2023-06-04 10:00,6,10,Weekend,Summer,No,87.78,76.18,42.45
2023-06-04 11:00,6,11,Weekend,Summer,No,89.58,76.01,42.27
2023-06-04 12:00,6,12,Weekend,Summer,No,91.12,76.89,47.51
2023-06-04 13:00,6,13,Weekend,Summer,No,92.57,76.08,48.32
2023-06-04 14:00,6,14,Weekend,Summer,No,93.02,76.3,40.87
2023-06-04 15:00,6,15,Weekend,Summer,No,93.54,76.89,47.5
2023-06-04 16:00,6,16,Weekend,Summer,No,93.4,76.0,40.57
2023-06-04 17:00,6,17,Weekend,Summer,No,92.39,77.11,44.7
2023-06-04 18:00,6,18,Weekend,Summer,No,90.26,76.44,49.79
2023-06-04 19:00,6,19,Weekend,Summer,No,86.65,75.21,47.16
2023-06-04 20:00,6,20,Weekend,Summer,No,83.24,75.94,47.08
2023-06-04 21:00,6,21,Weekend,Summer,No,79.1,74.6,47.85
2023-06-04 22:00,6,22,Weekend,Summer,No,77.0,74.39,39.77
2023-06-04 23:00,6,23,Weekend,Summer,No,74.06,73.82,44.11
2023-06-05 00:00,6,0,Weekday,Summer,No,69.65,72.46,27.74
2023-06-05 01:00,6,1,Weekday,Summer,No,67.37,72.65,28.09
2023-06-05 02:00,6,2,Weekday,Summer,No,65.66,73.09,25.66
2023-06-05 03:00,6,3,Weekday,Summer,No,63.71,71.84,29.32
2023-06-05 04:00,6,4,Weekday,Summer,No,62.96,72.95,23.37
2023-06-05 05:00,6,5,Weekday,Summer,No,63.59,71.44,20.67
2023-06-05 06:00,6,6,Weekday,Summer,No,66.98,72.9,25.76
2023-06-05 07:00,6,7,Weekday,Summer,No,73.07,73.49,28.57
2023-06-05 08:00,6,8,Weekday,Summer,Yes,79.49,74.43,30.64
2023-06-05 09:00,6,9,Weekday,Summer,Yes,84.35,74.85,41.11
2023-06-05 10:00,6,10,Weekday,Summer,Yes,86.0,73.97,38.11
2023-06-05 11:00,6,11,Weekday,Summer,Yes,88.31,74.92,45.17
2023-06-05 12:00,6,12,Weekday,Summer,Yes,91.12,75.0,40.58
2023-06-05 13:00,6,13,Weekday,Summer,Yes,92.57,75.66,50.6
2023-06-05 14:00,6,14,Weekday,Summer,Yes,93.54,76.44,48.23
2023-06-05 15:00,6,15,Weekday,Summer,Yes,95.18,76.14,46.38
2023-06-05 16:00,6,16,Weekday,Summer,Yes,95.45,75.66,48.1
2023-06-05 17:00,6,17,Weekday,Summer,Yes,95.0,75.5,60.45
2023-06-05 18:00,6,18,Weekday,Summer,No,93.84,76.74,51.92
2023-06-05 19:00,6,19,Weekday,Summer,No,90.71,76.64,53.87
2023-06-05 20:00,6,20,Weekday,Summer,No,85.49,75.15,52.18
2023-06-05 21:00,6,21,Weekday,Summer,No,83.57,74.99,53.93
2023-06-05 22:00,6,22,Weekday,Summer,No,79.3,74.72,44.29
2023-06-05 23:00,6,23,Weekday,Summer,No,75.4,74.27,42.87
2023-06-06 00:00,6,0,Weekday,Summer,No,73.24,74.28,27.48
2023-06-06 01:00,6,1,Weekday,Summer,No,71.44,73.71,29.55
2023-06-06 02:00,6,2,Weekday,Summer,No,69.28,73.88,32.54
2023-06-06 03:00,6,3,Weekday,Summer,No,67.37,72.97,25.17
2023-06-06 04:00,6,4,Weekday,Summer,No,66.4,73.33,20.19
2023-06-06 05:00,6,5,Weekday,Summer,No,65.39,73.61,24.35
2023-06-06 06:00,6,6,Weekday,Summer,No,67.88,72.49,29.72
2023-06-06 07:00,6,7,Weekday,Summer,No,74.08,74.38,34.93
2023-06-06 08:00,6,8,Weekday,Summer,Yes,80.46,74.44,36.44
2023-06-06 09:00,6,9,Weekday,Summer,Yes,85.36,73.37,41.66
2023-06-06 10:00,6,10,Weekday,Summer,Yes,88.76,75.49,38.92
2023-06-06 11:00,6,11,Weekday,Summer,Yes,92.27,76.96,43.61
2023-06-06 12:00,6,12,Weekday,Summer,Yes,95.18,75.85,45.35
2023-06-06 13:00,6,13,Weekday,Summer,Yes,96.6,76.13,49.66
2023-06-06 14:00,6,14,Weekday,Summer,Yes,97.61,76.76,53.29
2023-06-06 15:00,6,15,Weekday,Summer,Yes,98.58,76.91,55.26
2023-06-06 16:00,6,16,Weekday,Summer,Yes,98.96,76.27,50.61
2023-06-06 17:00,6,17,Weekday,Summer,Yes,99.59,76.96,57.84
2023-06-06 18:00,6,18,Weekday,Summer,No,98.26,77.25,57.39
2023-06-06 19:00,6,19,Weekday,Summer,No,93.52,76.3,58.58
2023-06-06 20:00,6,20,Weekday,Summer,No,89.88,76.12,47.32
2023-06-06 21:00,6,21,Weekday,Summer,No,86.12,75.72,50.77
2023-06-06 22:00,6,22,Weekday,Summer,No,81.08,74.82,48.25
2023-06-06 23:00,6,23,Weekday,Summer,No,78.46,74.43,50.74
2023-06-07 00:00,6,0,Weekday,Summer,No,77.45,74.14,31.82
2023-06-07 01:00,6,1,Weekday,Summer,No,74.06,74.31,26.52
2023-06-07 02:00,6,2,Weekday,Summer,No,70.28,72.9,27.48
2023-06-07 03:00,6,3,Weekday,Summer,No,68.45,73.72,22.38
2023-06-07 04:00,6,4,Weekday,Summer,No,68.0,73.62,29.06
2023-06-07 05:00,6,5,Weekday,Summer,No,67.37,72.47,32.64
2023-06-07 06:00,6,6,Weekday,Summer,No,69.86,73.42,27.03
2023-06-07 07:00,6,7,Weekday,Summer,No,76.06,74.03,26.59
2023-06-07 08:00,6,8,Weekday,Summer,Yes,82.44,73.92,29.85
2023-06-07 09:00,6,9,Weekday,Summer,Yes,87.86,75.92,41.4
2023-06-07 10:00,6,10,Weekday,Summer,Yes,91.74,75.39,43.37
2023-06-07 11:00,6,11,Weekday,Summer,Yes,95.33,75.6,46.89
2023-06-07 12:00,6,12,Weekday,Summer,Yes,98.14,75.72,41.22
2023-06-07 13:00,6,13,Weekday,Summer,Yes,100.12,76.94,58.67
2023-06-07 14:00,6,14,Weekday,Summer,Yes,101.57,77.05,49.37
2023-06-07 15:00,6,15,Weekday,Summer,Yes,102.54,76.5,54.56
2023-06-07 16:00,6,16,Weekday,Summer,Yes,102.92,77.8,48.06
2023-06-07 17:00,6,17,Weekday,Summer,Yes,102.92,76.37,62.06
2023-06-07 18:00,6,18,Weekday,Summer,No,101.24,78.08,61.55
2023-06-07 19:00,6,19,Weekday,Summer,No,96.47,76.87,56.41
2023-06-07 20:00,6,20,Weekday,Summer,No,92.24,75.65,55.25
2023-06-07 21:00,6,21,Weekday,Summer,No,89.26,75.22,45.58
2023-06-07 22:00,6,22,Weekday,Summer,No,87.46,76.2,50.97
2023-06-07 23:00,6,23,Weekday,Summer,No,84.14,75.13,43.14
2023-06-08 00:00,6,0,Weekday,Summer,No,79.73,74.89,30.24
2023-06-08 01:00,6,1,Weekday,Summer,No,75.14,74.21,29.2
2023-06-08 02:00,6,2,Weekday,Summer,No,71.88,73.82,33.64
2023-06-08 03:00,6,3,Weekday,Summer,No,70.43,73.96,26.26
2023-06-08 04:00,6,4,Weekday,Summer,No,69.46,73.65,27.88
2023-06-08 05:00,6,5,Weekday,Summer,No,69.6,73.55,29.23
2023-06-08 06:00,6,6,Weekday,Summer,No,72.29,73.46,34.08
2023-06-08 07:00,6,7,Weekday,Summer,No,77.51,74.66,40.2
2023-06-08 08:00,6,8,Weekday,Summer,Yes,84.16,74.61,27.34
2023-06-08 09:00,6,9,Weekday,Summer,Yes,91.7,75.52,43.33
2023-06-08 10:00,6,10,Weekday,Summer,Yes,97.31,76.03,51.04
2023-06-08 11:00,6,11,Weekday,Summer,Yes,100.74,77.0,49.43
2023-06-08 12:00,6,12,Weekday,Summer,Yes,103.8,76.98,52.45
2023-06-08 13:00,6,13,Weekday,Summer,Yes,105.08,77.7,50.35
2023-06-08 14:00,6,14,Weekday,Summer,Yes,105.6,77.39,50.59
2023-06-08 15:00,6,15,Weekday,Summer,Yes,105.98,78.16,52.4
2023-06-08 16:00,6,16,Weekday,Summer,Yes,105.98,77.36,43.67
2023-06-08 17:00,6,17,Weekday,Summer,Yes,104.82,77.5,59.93
2023-06-08 18:00,6,18,Weekday,Summer,No,102.22,76.7,56.28
2023-06-08 19:00,6,19,Weekday,Summer,No,99.26,77.29,59.18
2023-06-08 20:00,6,20,Weekday,Summer,No,94.49,76.5,57.69
2023-06-08 21:00,6,21,Weekday,Summer,No,88.48,76.86,53.8
2023-06-08 22:00,6,22,Weekday,Summer,No,86.0,75.54,48.16
2023-06-08 23:00,6,23,Weekday,Summer,No,85.37,75.71,54.22
2023-06-09 00:00,6,0,Weekday,Summer,No,82.08,74.74,40.72
2023-06-09 01:00,6,1,Weekday,Summer,No,78.28,75.5,34.96
2023-06-09 02:00,6,2,Weekday,Summer,No,75.84,74.56,36.35
2023-06-09 03:00,6,3,Weekday,Summer,No,74.39,74.32,36.85
2023-06-09 04:00,6,4,Weekday,Summer,No,73.42,73.67,26.46
2023-06-09 05:00,6,5,Weekday,Summer,No,71.88,73.29,26.38
2023-06-09 06:00,6,6,Weekday,Summer,No,71.58,74.49,24.86
2023-06-09 07:00,6,7,Weekday,Summer,No,79.0,74.23,37.83
2023-06-09 08:00,6,8,Weekday,Summer,Yes,87.48,74.32,33.2
2023-06-09 09:00,6,9,Weekday,Summer,Yes,91.74,75.86,45.75
2023-06-09 10:00,6,10,Weekday,Summer,Yes,94.8,75.57,48.54
2023-06-09 11:00,6,11,Weekday,Summer,Yes,97.76,76.41,48.63
2023-06-09 12:00,6,12,Weekday,Summer,Yes,99.59,77.21,51.75
2023-06-09 13:00,6,13,Weekday,Summer,Yes,100.57,77.14,45.97
2023-06-09 14:00,6,14,Weekday,Summer,Yes,102.72,77.29,59.39
2023-06-09 15:00,6,15,Weekday,Summer,Yes,104.0,77.65,48.43
2023-06-09 16:00,6,16,Weekday,Summer,Yes,103.37,76.63,53.82
2023-06-09 17:00,6,17,Weekday,Summer,Yes,102.4,77.16,64.89
2023-06-09 18:00,6,18,Weekday,Summer,No,100.23,77.29,61.01
2023-06-09 19:00,6,19,Weekday,Summer,No,97.28,77.17,63.58
2023-06-09 20:00,6,20,Weekday,Summer,No,91.98,77.18,55.78
2023-06-09 21:00,6,21,Weekday,Summer,No,89.06,76.33,52.46
2023-06-09 22:00,6,22,Weekday,Summer,No,87.28,75.61,50.44
2023-06-09 23:00,6,23,Weekday,Summer,No,83.69,75.65,49.94
2023-06-10 00:00,6,0,Weekend,Summer,No,79.73,74.94,31.24
2023-06-10 01:00,6,1,Weekend,Summer,No,77.45,74.53,39.36
2023-06-10 02:00,6,2,Weekend,Summer,No,76.37,73.71,31.63
2023-06-10 03:00,6,3,Weekend,Summer,No,74.76,74.02,31.37
2023-06-10 04:00,6,4,Weekend,Summer,No,72.78,73.96,29.82
2023-06-10 05:00,6,5,Weekend,Summer,No,72.59,73.82,29.66
2023-06-10 06:00,6,6,Weekend,Summer,No,76.5,73.42,38.59
2023-06-10 07:00,6,7,Weekend,Summer,No,82.44,75.05,34.32
2023-06-10 08:00,6,8,Weekend,Summer,No,87.34,75.62,41.27
2023-06-10 09:00,6,9,Weekend,Summer,No,90.22,76.17,44.49
2023-06-10 10:00,6,10,Weekend,Summer,No,92.72,76.84,41.06
2023-06-10 11:00,6,11,Weekend,Summer,No,95.7,77.31,41.82
2023-06-10 12:00,6,12,Weekend,Summer,No,97.61,77.73,52.95
2023-06-10 13:00,6,13,Weekend,Summer,No,100.37,77.88,50.58
2023-06-10 14:00,6,14,Weekend,Summer,No,103.18,78.36,60.8
2023-06-10 15:00,6,15,Weekend,Summer,No,103.37,77.86,55.49
2023-06-10 16:00,6,16,Weekend,Summer,No,102.92,77.59,46.36
2023-06-10 17:00,6,17,Weekend,Summer,No,101.76,77.13,63.73
2023-06-10 18:00,6,18,Weekend,Summer,No,99.78,77.1,56.43
2023-06-10 19:00,6,19,Weekend,Summer,No,96.65,77.13,55.24
2023-06-10 20:00,6,20,Weekend,Summer,No,92.69,76.85,64.87
2023-06-10 21:00,6,21,Weekend,Summer,No,89.26,76.12,49.35
2023-06-10 22:00,6,22,Weekend,Summer,No,86.2,75.82,52.0
2023-06-10 23:00,6,23,Weekend,Summer,No,84.92,75.62,52.03
2023-06-11 00:00,6,0,Weekend,Summer,No,83.77,75.27,41.47
2023-06-11 01:00,6,1,Weekend,Summer,No,81.26,74.82,39.93
2023-06-11 02:00,6,2,Weekend,Summer,No,76.49,74.35,33.41
2023-06-11 03:00,6,3,Weekend,Summer,No,73.42,73.81,33.72
2023-06-11 04:00,6,4,Weekend,Summer,No,72.41,74.04,26.9
2023-06-11 05:00,6,5,Weekend,Summer,No,72.59,73.71,28.79
2023-06-11 06:00,6,6,Weekend,Summer,No,75.35,72.96,30.32
2023-06-11 07:00,6,7,Weekend,Summer,No,81.1,75.17,29.88
2023-06-11 08:00,6,8,Weekend,Summer,No,86.33,75.99,42.74
2023-06-11 09:00,6,9,Weekend,Summer,No,89.77,76.61,46.32
2023-06-11 10:00,6,10,Weekend,Summer,No,92.2,76.33,47.14
2023-06-11 11:00,6,11,Weekend,Summer,No,95.96,76.54,43.07
2023-06-11 12:00,6,12,Weekend,Summer,No,98.06,76.99,57.65
2023-06-11 13:00,6,13,Weekend,Summer,No,99.22,77.34,47.55
2023-06-11 14:00,6,14,Weekend,Summer,No,100.57,77.36,49.77
2023-06-11 15:00,6,15,Weekend,Summer,No,100.94,78.44,47.66
2023-06-11 16:00,6,16,Weekend,Summer,No,100.94,77.38,36.79
2023-06-11 17:00,6,17,Weekend,Summer,No,100.42,76.96,62.49
2023-06-11 18:00,6,18,Weekend,Summer,No,98.88,77.72,56.97
2023-06-11 19:00,6,19,Weekend,Summer,No,95.65,76.52,58.45
2023-06-11 20:00,6,20,Weekend,Summer,No,92.24,76.37,58.13
2023-06-11 21:00,6,21,Weekend,Summer,No,89.26,76.36,43.58
2023-06-11 22:00,6,22,Weekend,Summer,No,87.46,76.39,50.29
2023-06-11 23:00,6,23,Weekend,Summer,No,85.3,75.31,48.93
2023-06-12 00:00,6,0,Weekday,Summer,No,83.39,76.05,38.26
2023-06-12 01:00,6,1,Weekday,Summer,No,80.63,75.25,39.59
2023-06-12 02:00,6,2,Weekday,Summer,No,79.61,75.76,33.89
2023-06-12 03:00,6,3,Weekday,Summer,No,79.43,75.42,39.77
2023-06-12 04:00,6,4,Weekday,Summer,No,75.52,73.85,39.17
2023-06-12 05:00,6,5,Weekday,Summer,No,73.56,74.09,33.58
2023-06-12 06:00,6,6,Weekday,Summer,No,76.35,75.37,35.16
2023-06-12 07:00,6,7,Weekday,Summer,No,81.54,75.5,36.44
2023-06-12 08:00,6,8,Weekday,Summer,Yes,85.8,74.63,37.8
2023-06-12 09:00,6,9,Weekday,Summer,Yes,89.39,75.07,45.48
2023-06-12 10:00,6,10,Weekday,Summer,Yes,92.2,75.5,46.38
2023-06-12 11:00,6,11,Weekday,Summer,Yes,94.8,75.78,36.7
2023-06-12 12:00,6,12,Weekday,Summer,Yes,96.6,76.18,49.32
2023-06-12 13:00,6,13,Weekday,Summer,Yes,97.61,76.12,43.69
2023-06-12 14:00,6,14,Weekday,Summer,Yes,99.22,76.22,55.49
2023-06-12 15:00,6,15,Weekday,Summer,Yes,99.41,76.95,51.56
2023-06-12 16:00,6,16,Weekday,Summer,Yes,98.44,75.95,50.16
2023-06-12 17:00,6,17,Weekday,Summer,Yes,96.9,75.89,54.05
2023-06-12 18:00,6,18,Weekday,Summer,No,94.3,75.81,59.5
2023-06-12 19:00,6,19,Weekday,Summer,No,90.71,75.97,50.32
2023-06-12 20:00,6,20,Weekday,Summer,No,87.9,76.79,56.32
2023-06-12 21:00,6,21,Weekday,Summer,No,85.3,75.42,45.65
2023-06-12 22:00,6,22,Weekday,Summer,No,82.86,75.58,41.02
2023-06-12 23:00,6,23,Weekday,Summer,No,80.26,75.02,54.4
2023-06-13 00:00,6,0,Weekday,Summer,No,77.2,74.64,34.35
2023-06-13 01:00,6,1,Weekday,Summer,No,74.76,74.19,31.24
2023-06-13 02:00,6,2,Weekday,Summer,No,73.94,73.02,35.67
2023-06-13 03:00,6,3,Weekday,Summer,No,74.57,73.98,37.46
2023-06-13 04:00,6,4,Weekday,Summer,No,72.71,74.4,26.55
2023-06-13 05:00,6,5,Weekday,Summer,No,70.43,72.39,32.39
2023-06-13 06:00,6,6,Weekday,Summer,No,72.92,74.41,33.63
2023-06-13 07:00,6,7,Weekday,Summer,No,77.33,74.95,29.2
2023-06-13 08:00,6,8,Weekday,Summer,Yes,80.76,74.34,41.25
2023-06-13 09:00,6,9,Weekday,Summer,Yes,83.72,74.79,39.61
2023-06-13 10:00,6,10,Weekday,Summer,Yes,87.34,75.65,45.9
2023-06-13 11:00,6,11,Weekday,Summer,Yes,90.22,76.16,52.36
2023-06-13 12:00,6,12,Weekday,Summer,Yes,91.56,74.95,43.27
2023-06-13 13:00,6,13,Weekday,Summer,Yes,92.57,74.74,41.81
2023-06-13 14:00,6,14,Weekday,Summer,Yes,93.54,75.2,48.83
2023-06-13 15:00,6,15,Weekday,Summer,Yes,93.92,75.73,43.19
2023-06-13 16:00,6,16,Weekday,Summer,Yes,92.76,76.08,46.29
2023-06-13 17:00,6,17,Weekday,Summer,Yes,91.42,76.21,55.08
2023-06-13 18:00,6,18,Weekday,Summer,No,89.88,76.24,55.97
2023-06-13 19:00,6,19,Weekday,Summer,No,86.65,75.78,49.37
2023-06-13 20:00,6,20,Weekday,Summer,No,83.24,76.29,53.4
2023-06-13 21:00,6,21,Weekday,Summer,No,81.41,74.82,47.52
2023-06-13 22:00,6,22,Weekday,Summer,No,79.28,74.9,50.33
2023-06-13 23:00,6,23,Weekday,Summer,No,77.45,74.39,40.03
2023-06-14 00:00,6,0,Weekday,Summer,No,75.84,73.64,31.74
2023-06-14 01:00,6,1,Weekday,Summer,No,73.86,73.84,32.5
2023-06-14 02:00,6,2,Weekday,Summer,No,72.41,74.03,27.28
2023-06-14 03:00,6,3,Weekday,Summer,No,71.44,73.9,29.63
2023-06-14 04:00,6,4,Weekday,Summer,No,70.43,74.36,25.68
2023-06-14 05:00,6,5,Weekday,Summer,No,67.67,73.36,25.01
2023-06-14 06:00,6,6,Weekday,Summer,No,69.48,73.26,31.39
2023-06-14 07:00,6,7,Weekday,Summer,No,74.27,74.01,29.27
2023-06-14 08:00,6,8,Weekday,Summer,Yes,77.7,73.62,36.46
2023-06-14 09:00,6,9,Weekday,Summer,Yes,79.61,74.17,36.05
2023-06-14 10:00,6,10,Weekday,Summer,Yes,81.74,73.98,45.67
2023-06-14 11:00,6,11,Weekday,Summer,Yes,84.72,75.08,42.53
2023-06-14 12:00,6,12,Weekday,Summer,Yes,86.63,74.95,41.3
2023-06-14 13:00,6,13,Weekday,Summer,Yes,88.23,75.27,42.83
2023-06-14 14:00,6,14,Weekday,Summer,Yes,89.06,75.75,43.93
2023-06-14 15:00,6,15,Weekday,Summer,Yes,90.22,75.3,48.54
2023-06-14 16:00,6,16,Weekday,Summer,Yes,91.56,75.35,39.72
2023-06-14 17:00,6,17,Weekday,Summer,Yes,91.42,75.47,53.71
2023-06-14 18:00,6,18,Weekday,Summer,No,89.26,77.09,58.51
2023-06-14 19:00,6,19,Weekday,Summer,No,86.2,75.71,52.21
2023-06-14 20:00,6,20,Weekday,Summer,No,83.24,75.79,47.5
2023-06-14 21:00,6,21,Weekday,Summer,No,81.41,74.75,50.21
2023-06-14 22:00,6,22,Weekday,Summer,No,77.5,73.57,41.05
2023-06-14 23:00,6,23,Weekday,Summer,No,73.24,74.33,48.27
2023-06-15 00:00,6,0,Weekday,Summer,No,72.59,74.27,31.22
2023-06-15 01:00,6,1,Weekday,Summer,No,71.88,74.02,32.54
2023-06-15 02:00,6,2,Weekday,Summer,No,69.28,73.3,22.7
2023-06-15 03:00,6,3,Weekday,Summer,No,65.06,72.73,30.12
2023-06-15 04:00,6,4,Weekday,Summer,No,62.96,72.86,21.05
2023-06-15 05:00,6,5,Weekday,Summer,No,64.74,72.48,23.4
2023-06-15 06:00,6,6,Weekday,Summer,No,69.48,73.79,28.7
2023-06-15 07:00,6,7,Weekday,Summer,No,74.27,74.03,32.23
2023-06-15 08:00,6,8,Weekday,Summer,Yes,78.86,74.4,34.51
2023-06-15 09:00,6,9,Weekday,Summer,Yes,83.27,74.99,41.3
2023-06-15 10:00,6,10,Weekday,Summer,Yes,89.64,76.29,42.96
2023-06-15 11:00,6,11,Weekday,Summer,Yes,93.54,76.27,40.16
2023-06-15 12:00,6,12,Weekday,Summer,Yes,94.55,75.59,46.36
2023-06-15 13:00,6,13,Weekday,Summer,Yes,96.16,76.25,46.64
2023-06-15 14:00,6,14,Weekday,Summer,Yes,97.61,76.29,49.96
2023-06-15 15:00,6,15,Weekday,Summer,Yes,98.58,77.04,50.69
2023-06-15 16:00,6,16,Weekday,Summer,Yes,98.44,76.81,49.72
2023-06-15 17:00,6,17,Weekday,Summer,Yes,98.06,76.83,55.64
2023-06-15 18:00,6,18,Weekday,Summer,No,97.43,77.06,56.99
2023-06-15 19:00,6,19,Weekday,Summer,No,94.04,76.74,58.05
2023-06-15 20:00,6,20,Weekday,Summer,No,90.26,76.09,53.55
2023-06-15 21:00,6,21,Weekday,Summer,No,87.28,75.94,47.3
2023-06-15 22:00,6,22,Weekday,Summer,No,83.69,75.44,47.98
2023-06-15 23:00,6,23,Weekday,Summer,No,80.26,75.06,49.48
2023-06-16 00:00,6,0,Weekday,Summer,No,77.2,74.26,33.33
2023-06-16 01:00,6,1,Weekday,Summer,No,73.61,73.34,32.47
2023-06-16 02:00,6,2,Weekday,Summer,No,70.81,73.82,31.6
2023-06-16 03:00,6,3,Weekday,Summer,No,68.82,74.03,26.46
2023-06-16 04:00,6,4,Weekday,Summer,No,68.0,72.66,21.84
2023-06-16 05:00,6,5,Weekday,Summer,No,67.37,74.15,21.55
2023-06-16 06:00,6,6,Weekday,Summer,No,71.02,74.46,36.32
2023-06-16 07:00,6,7,Weekday,Summer,No,76.88,73.7,37.16
2023-06-16 08:00,6,8,Weekday,Summer,Yes,82.44,74.46,39.43
2023-06-16 09:00,6,9,Weekday,Summer,Yes,87.86,75.89,40.18
2023-06-16 10:00,6,10,Weekday,Summer,Yes,93.53,75.29,49.04
2023-06-16 11:00,6,11,Weekday,Summer,Yes,97.76,75.95,40.71
2023-06-16 12:00,6,12,Weekday,Summer,Yes,99.59,75.9,45.88
2023-06-16 13:00,6,13,Weekday,Summer,Yes,101.72,76.39,51.22
2023-06-16 14:00,6,14,Weekday,Summer,Yes,103.55,77.71,47.37
2023-06-16 15:00,6,15,Weekday,Summer,Yes,104.0,77.78,53.32
2023-06-16 16:00,6,16,Weekday,Summer,Yes,104.0,77.94,43.85
2023-06-16 17:00,6,17,Weekday,Summer,Yes,102.84,77.31,64.75
2023-06-16 18:00,6,18,Weekday,Summer,No,100.23,77.32,54.91
2023-06-16 19:00,6,19,Weekday,Summer,No,97.28,76.8,61.68
2023-06-16 20:00,6,20,Weekday,Summer,No,94.3,76.79,55.01
2023-06-16 21:00,6,21,Weekday,Summer,No,91.86,75.99,54.99
2023-06-16 22:00,6,22,Weekday,Summer,No,90.41,75.26,59.07
2023-06-16 23:00,6,23,Weekday,Summer,No,85.86,76.35,51.11
2023-06-17 00:00,6,0,Weekend,Summer,No,81.26,75.37,36.56
2023-06-17 01:00,6,1,Weekend,Summer,No,78.28,75.28,38.64
2023-06-17 02:00,6,2,Weekend,Summer,No,77.0,73.63,36.36
2023-06-17 03:00,6,3,Weekend,Summer,No,75.84,74.85,31.5
2023-06-17 04:00,6,4,Weekend,Summer,No,73.86,73.97,31.53
2023-06-17 05:00,6,5,Weekend,Summer,No,71.88,73.44,29.96
2023-06-17 06:00,6,6,Weekend,Summer,No,73.37,74.46,32.73
2023-06-17 07:00,6,7,Weekend,Summer,No,79.64,74.12,36.17
2023-06-17 08:00,6,8,Weekend,Summer,No,86.51,75.17,40.57
2023-06-17 09:00,6,9,Weekend,Summer,No,91.9,77.43,44.39
2023-06-17 10:00,6,10,Weekend,Summer,No,95.18,77.93,48.98
2023-06-17 11:00,6,11,Weekend,Summer,No,97.24,77.46,48.06
2023-06-17 12:00,6,12,Weekend,Summer,No,100.9,77.52,48.74
2023-06-17 13:00,6,13,Weekend,Summer,No,103.55,78.52,49.34
2023-06-17 14:00,6,14,Weekend,Summer,No,103.37,77.68,60.51
2023-06-17 15:00,6,15,Weekend,Summer,No,102.92,78.0,59.97
2023-06-17 16:00,6,16,Weekend,Summer,No,102.92,78.0,55.43
2023-06-17 17:00,6,17,Weekend,Summer,No,103.55,78.48,64.32
2023-06-17 18:00,6,18,Weekend,Summer,No,102.84,76.82,62.91
2023-06-17 19:00,6,19,Weekend,Summer,No,99.71,77.58,53.87
2023-06-17 20:00,6,20,Weekend,Summer,No,96.28,76.86,56.46
2023-06-17 21:00,6,21,Weekend,Summer,No,93.22,76.58,60.91
2023-06-17 22:00,6,22,Weekend,Summer,No,90.26,76.2,50.41
2023-06-17 23:00,6,23,Weekend,Summer,No,87.9,75.31,51.72
2023-06-18 00:00,6,0,Weekend,Summer,No,85.82,76.07,40.89
2023-06-18 01:00,6,1,Weekend,Summer,No,82.08,76.15,40.5
2023-06-18 02:00,6,2,Weekend,Summer,No,78.9,75.02,29.17
2023-06-18 03:00,6,3,Weekend,Summer,No,79.76,73.76,44.81
2023-06-18 04:00,6,4,Weekend,Summer,No,79.28,75.92,35.38
2023-06-18 05:00,6,5,Weekend,Summer,No,78.08,74.53,26.31
2023-06-18 06:00,6,6,Weekend,Summer,No,79.76,74.43,33.05
2023-06-18 07:00,6,7,Weekend,Summer,No,83.27,75.53,37.47
2023-06-18 08:00,6,8,Weekend,Summer,No,87.34,75.44,34.85
2023-06-18 09:00,6,9,Weekend,Summer,No,90.22,76.57,45.85
2023-06-18 10:00,6,10,Weekend,Summer,No,93.35,77.11,41.49
2023-06-18 11:00,6,11,Weekend,Summer,No,96.78,77.08,52.2
2023-06-18 12:00,6,12,Weekend,Summer,No,98.58,77.16,51.92
2023-06-18 13:00,6,13,Weekend,Summer,No,100.12,77.74,43.81
2023-06-18 14:00,6,14,Weekend,Summer,No,100.94,77.39,54.82
2023-06-18 15:00,6,15,Weekend,Summer,No,101.99,77.67,60.12
2023-06-18 16:00,6,16,Weekend,Summer,No,103.48,78.23,52.66
2023-06-18 17:00,6,17,Weekend,Summer,No,102.84,77.55,59.66
2023-06-18 18:00,6,18,Weekend,Summer,No,100.23,77.34,56.53
2023-06-18 19:00,6,19,Weekend,Summer,No,97.28,77.03,65.07
2023-06-18 20:00,6,20,Weekend,Summer,No,94.3,76.13,52.99
2023-06-18 21:00,6,21,Weekend,Summer,No,91.86,76.39,54.36
2023-06-18 22:00,6,22,Weekend,Summer,No,86.94,75.93,52.46
2023-06-18 23:00,6,23,Weekend,Summer,No,84.54,75.56,54.03
2023-06-19 00:00,6,0,Weekday,Summer,No,84.4,76.53,39.11
2023-06-19 01:00,6,1,Weekday,Summer,No,84.02,76.32,36.27
2023-06-19 02:00,6,2,Weekday,Summer,No,83.39,75.74,34.19
2023-06-19 03:00,6,3,Weekday,Summer,No,81.78,74.96,32.51
2023-06-19 04:00,6,4,Weekday,Summer,No,79.28,75.02,37.85
2023-06-19 05:00,6,5,Weekday,Summer,No,78.08,74.45,40.89
2023-06-19 06:00,6,6,Weekday,Summer,No,79.76,74.4,26.34
2023-06-19 07:00,6,7,Weekday,Summer,No,82.74,74.45,38.66
2023-06-19 08:00,6,8,Weekday,Summer,Yes,86.33,75.64,42.38
2023-06-19 09:00,6,9,Weekday,Summer,Yes,89.77,75.77,40.49
2023-06-19 10:00,6,10,Weekday,Summer,Yes,92.72,75.89,35.54
2023-06-19 11:00,6,11,Weekday,Summer,Yes,94.55,76.45,50.6
2023-06-19 12:00,6,12,Weekday,Summer,Yes,96.78,76.45,56.95
2023-06-19 13:00,6,13,Weekday,Summer,Yes,98.58,76.5,51.44
2023-06-19 14:00,6,14,Weekday,Summer,Yes,100.12,77.2,51.04
2023-06-19 15:00,6,15,Weekday,Summer,Yes,100.94,75.89,53.15
2023-06-19 16:00,6,16,Weekday,Summer,Yes,100.94,76.43,49.01
2023-06-19 17:00,6,17,Weekday,Summer,Yes,99.78,76.33,58.72
2023-06-19 18:00,6,18,Weekday,Summer,No,98.44,76.72,60.12
2023-06-19 19:00,6,19,Weekday,Summer,No,96.9,77.41,52.96
2023-06-19 20:00,6,20,Weekday,Summer,No,93.14,76.71,53.47
2023-06-19 21:00,6,21,Weekday,Summer,No,89.26,76.54,51.24
2023-06-19 22:00,6,22,Weekday,Summer,No,87.98,75.3,53.99
2023-06-19 23:00,6,23,Weekday,Summer,No,86.2,75.9,51.19
2023-06-20 00:00,6,0,Weekday,Summer,No,83.77,75.06,34.96
2023-06-20 01:00,6,1,Weekday,Summer,No,83.57,74.59,43.64
2023-06-20 02:00,6,2,Weekday,Summer,No,84.02,75.37,41.38
2023-06-20 03:00,6,3,Weekday,Summer,No,84.02,75.3,39.4
2023-06-20 04:00,6,4,Weekday,Summer,No,82.86,75.21,37.42
2023-06-20 05:00,6,5,Weekday,Summer,No,81.41,75.31,37.21
2023-06-20 06:00,6,6,Weekday,Summer,No,83.27,76.06,43.11
2023-06-20 07:00,6,7,Weekday,Summer,No,86.7,74.58,40.32
2023-06-20 08:00,6,8,Weekday,Summer,Yes,89.77,74.5,42.45
2023-06-20 09:00,6,9,Weekday,Summer,Yes,91.56,76.02,41.19
2023-06-20 10:00,6,10,Weekday,Summer,Yes,93.1,75.9,43.17
2023-06-20 11:00,6,11,Weekday,Summer,Yes,93.92,76.46,46.04
2023-06-20 12:00,6,12,Weekday,Summer,Yes,95.7,76.03,43.72
2023-06-20 13:00,6,13,Weekday,Summer,Yes,98.14,76.05,49.33
2023-06-20 14:00,6,14,Weekday,Summer,Yes,98.96,76.66,46.68
2023-06-20 15:00,6,15,Weekday,Summer,Yes,98.96,77.04,43.87
2023-06-20 16:00,6,16,Weekday,Summer,Yes,98.96,76.57,43.39
2023-06-20 17:00,6,17,Weekday,Summer,Yes,90.77,76.5,53.37
2023-06-20 18:00,6,18,Weekday,Summer,No,78.52,74.84,45.17
2023-06-20 19:00,6,19,Weekday,Summer,No,75.1,73.6,40.62
2023-06-20 20:00,6,20,Weekday,Summer,No,77.18,74.57,39.07
2023-06-20 21:00,6,21,Weekday,Summer,No,78.08,74.82,49.09
2023-06-20 22:00,6,22,Weekday,Summer,No,76.3,75.09,48.98
2023-06-20 23:00,6,23,Weekday,Summer,No,75.02,74.31,46.82
2023-06-21 00:00,6,0,Weekday,Summer,No,75.02,74.57,25.13
2023-06-21 01:00,6,1,Weekday,Summer,No,75.02,74.23,31.84
2023-06-21 02:00,6,2,Weekday,Summer,No,74.39,74.47,35.43
2023-06-21 03:00,6,3,Weekday,Summer,No,73.42,73.6,34.03
2023-06-21 04:00,6,4,Weekday,Summer,No,71.88,74.08,31.58
2023-06-21 05:00,6,5,Weekday,Summer,No,71.06,73.24,26.83
2023-06-21 06:00,6,6,Weekday,Summer,No,73.9,74.17,30.77
2023-06-21 07:00,6,7,Weekday,Summer,No,77.18,75.33,36.01
2023-06-21 08:00,6,8,Weekday,Summer,Yes,80.39,74.53,33.58
2023-06-21 09:00,6,9,Weekday,Summer,Yes,83.72,74.26,36.25
2023-06-21 10:00,6,10,Weekday,Summer,Yes,86.7,74.1,49.03
2023-06-21 11:00,6,11,Weekday,Summer,Yes,90.29,76.43,47.29
2023-06-21 12:00,6,12,Weekday,Summer,Yes,93.1,76.48,53.37
2023-06-21 13:00,6,13,Weekday,Summer,Yes,94.55,75.89,52.86
2023-06-21 14:00,6,14,Weekday,Summer,Yes,96.16,76.57,48.11
2023-06-21 15:00,6,15,Weekday,Summer,Yes,97.61,76.33,45.33
2023-06-21 16:00,6,16,Weekday,Summer,Yes,98.58,76.75,55.07
2023-06-21 17:00,6,17,Weekday,Summer,Yes,97.8,75.36,61.66
2023-06-21 18:00,6,18,Weekday,Summer,No,96.98,77.13,56.68
2023-06-21 19:00,6,19,Weekday,Summer,No,88.79,76.29,49.25
2023-06-21 20:00,6,20,Weekday,Summer,No,81.78,76.06,48.24
2023-06-21 21:00,6,21,Weekday,Summer,No,77.5,74.82,44.37
2023-06-21 22:00,6,22,Weekday,Summer,No,73.86,74.05,39.29
2023-06-21 23:00,6,23,Weekday,Summer,No,73.56,73.18,38.63
2023-06-22 00:00,6,0,Weekday,Summer,No,73.94,74.47,31.17
2023-06-22 01:00,6,1,Weekday,Summer,No,72.78,73.18,31.75
2023-06-22 02:00,6,2,Weekday,Summer,No,73.12,74.22,22.72
2023-06-22 03:00,6,3,Weekday,Summer,No,73.42,74.54,34.29
2023-06-22 04:00,6,4,Weekday,Summer,No,73.56,74.87,21.68
2023-06-22 05:00,6,5,Weekday,Summer,No,74.57,73.98,30.69
2023-06-22 06:00,6,6,Weekday,Summer,No,74.39,74.41,33.52
2023-06-22 07:00,6,7,Weekday,Summer,No,76.35,74.58,28.23
2023-06-22 08:00,6,8,Weekday,Summer,Yes,79.76,74.3,41.24
2023-06-22 09:00,6,9,Weekday,Summer,Yes,83.9,73.99,41.62
2023-06-22 10:00,6,10,Weekday,Summer,Yes,87.78,75.13,50.2
2023-06-22 11:00,6,11,Weekday,Summer,Yes,91.37,76.2,44.74
2023-06-22 12:00,6,12,Weekday,Summer,Yes,94.8,75.92,50.13
2023-06-22 13:00,6,13,Weekday,Summer,Yes,97.76,75.94,48.67
2023-06-22 14:00,6,14,Weekday,Summer,Yes,98.96,76.83,52.99
2023-06-22 15:00,6,15,Weekday,Summer,Yes,99.59,76.8,50.9
2023-06-22 16:00,6,16,Weekday,Summer,Yes,100.57,77.08,51.88
2023-06-22 17:00,6,17,Weekday,Summer,Yes,98.63,76.39,63.56
2023-06-22 18:00,6,18,Weekday,Summer,No,93.52,76.72,42.87
2023-06-22 19:00,6,19,Weekday,Summer,No,84.64,74.9,53.0
2023-06-22 20:00,6,20,Weekday,Summer,No,80.58,76.01,42.2
2023-06-22 21:00,6,21,Weekday,Summer,No,82.12,74.56,52.45
2023-06-22 22:00,6,22,Weekday,Summer,No,82.42,75.35,50.75
2023-06-22 23:00,6,23,Weekday,Summer,No,80.26,74.89,44.69
2023-06-23 00:00,6,0,Weekday,Summer,No,77.2,74.93,29.22
2023-06-23 01:00,6,1,Weekday,Summer,No,75.92,74.66,34.66
2023-06-23 02:00,6,2,Weekday,Summer,No,76.55,74.25,30.77
2023-06-23 03:00,6,3,Weekday,Summer,No,76.37,74.85,34.69
2023-06-23 04:00,6,4,Weekday,Summer,No,75.4,74.26,36.31
2023-06-23 05:00,6,5,Weekday,Summer,No,75.54,74.53,31.83
2023-06-23 06:00,6,6,Weekday,Summer,No,78.86,73.93,39.11
2023-06-23 07:00,6,7,Weekday,Summer,No,83.27,76.15,41.54
2023-06-23 08:00,6,8,Weekday,Summer,Yes,86.7,74.55,44.97
2023-06-23 09:00,6,9,Weekday,Summer,Yes,89.77,75.07,42.56
2023-06-23 10:00,6,10,Weekday,Summer,Yes,92.2,75.31,40.7
2023-06-23 11:00,6,11,Weekday,Summer,Yes,94.18,75.23,42.57
2023-06-23 12:00,6,12,Weekday,Summer,Yes,96.16,75.94,50.89
2023-06-23 13:00,6,13,Weekday,Summer,Yes,96.98,75.5,38.41
2023-06-23 14:00,6,14,Weekday,Summer,Yes,97.61,76.01,47.74
2023-06-23 15:00,6,15,Weekday,Summer,Yes,98.06,76.4,50.65
2023-06-23 16:00,6,16,Weekday,Summer,Yes,98.06,76.75,40.45
2023-06-23 17:00,6,17,Weekday,Summer,Yes,96.9,76.59,61.64
2023-06-23 18:00,6,18,Weekday,Summer,No,96.08,76.6,57.03
2023-06-23 19:00,6,19,Weekday,Summer,No,94.82,76.84,60.72
2023-06-23 20:00,6,20,Weekday,Summer,No,92.76,77.24,58.48
2023-06-23 21:00,6,21,Weekday,Summer,No,89.1,75.25,50.96
2023-06-23 22:00,6,22,Weekday,Summer,No,85.82,75.91,53.59
2023-06-23 23:00,6,23,Weekday,Summer,No,84.92,75.0,48.31
2023-06-24 00:00,6,0,Weekend,Summer,No,83.24,73.82,41.06
2023-06-24 01:00,6,1,Weekend,Summer,No,80.26,75.25,36.54
2023-06-24 02:00,6,2,Weekend,Summer,No,78.98,74.6,37.62
2023-06-24 03:00,6,3,Weekend,Summer,No,77.82,74.81,38.88
2023-06-24 04:00,6,4,Weekend,Summer,No,74.69,73.85,32.08
2023-06-24 05:00,6,5,Weekend,Summer,No,74.19,74.98,40.75
2023-06-24 06:00,6,6,Weekend,Summer,No,76.8,74.52,32.93
2023-06-24 07:00,6,7,Weekend,Summer,No,82.07,75.28,43.31
2023-06-24 08:00,6,8,Weekend,Summer,No,87.34,74.98,36.7
2023-06-24 09:00,6,9,Weekend,Summer,No,90.74,76.16,43.06
2023-06-24 10:00,6,10,Weekend,Summer,No,93.72,76.21,46.06
2023-06-24 11:00,6,11,Weekend,Summer,No,96.16,77.67,50.84
2023-06-24 12:00,6,12,Weekend,Summer,No,97.61,77.96,46.12
2023-06-24 13:00,6,13,Weekend,Summer,No,97.43,77.16,44.9
2023-06-24 14:00,6,14,Weekend,Summer,No,98.14,77.35,53.86
2023-06-24 15:00,6,15,Weekend,Summer,No,100.12,77.8,58.22
2023-06-24 16:00,6,16,Weekend,Summer,No,99.78,78.15,50.61
2023-06-24 17:00,6,17,Weekend,Summer,No,97.8,77.15,64.23
2023-06-24 18:00,6,18,Weekend,Summer,No,96.46,77.32,68.11
2023-06-24 19:00,6,19,Weekend,Summer,No,93.66,76.86,61.31
2023-06-24 20:00,6,20,Weekend,Summer,No,90.26,76.31,53.35
2023-06-24 21:00,6,21,Weekend,Summer,No,89.06,76.09,52.26
2023-06-24 22:00,6,22,Weekend,Summer,No,87.9,76.29,54.37
2023-06-24 23:00,6,23,Weekend,Summer,No,85.3,75.89,52.08
2023-06-25 00:00,6,0,Weekend,Summer,No,84.54,75.4,40.12
2023-06-25 01:00,6,1,Weekend,Summer,No,84.4,75.46,39.11
2023-06-25 02:00,6,2,Weekend,Summer,No,82.86,75.11,41.85
2023-06-25 03:00,6,3,Weekend,Summer,No,79.1,74.65,35.56
2023-06-25 04:00,6,4,Weekend,Summer,No,78.16,74.81,37.2
2023-06-25 05:00,6,5,Weekend,Summer,No,77.2,75.22,32.84
2023-06-25 06:00,6,6,Weekend,Summer,No,76.55,74.73,33.85
2023-06-25 07:00,6,7,Weekend,Summer,No,79.31,75.29,38.2
2023-06-25 08:00,6,8,Weekend,Summer,No,81.59,74.79,37.97
2023-06-25 09:00,6,9,Weekend,Summer,No,85.51,75.16,31.92
2023-06-25 10:00,6,10,Weekend,Summer,No,89.14,76.61,44.04
2023-06-25 11:00,6,11,Weekend,Summer,No,89.43,76.38,43.0
2023-06-25 12:00,6,12,Weekend,Summer,No,86.12,76.24,47.57
2023-06-25 13:00,6,13,Weekend,Summer,No,76.46,74.45,31.18
2023-06-25 14:00,6,14,Weekend,Summer,No,71.06,74.38,30.35
2023-06-25 15:00,6,15,Weekend,Summer,No,71.58,73.49,28.8
2023-06-25 16:00,6,16,Weekend,Summer,No,70.81,73.13,28.13
2023-06-25 17:00,6,17,Weekend,Summer,No,70.61,73.88,42.49
2023-06-25 18:00,6,18,Weekend,Summer,No,70.43,74.73,37.77
2023-06-25 19:00,6,19,Weekend,Summer,No,69.98,73.59,38.0
2023-06-25 20:00,6,20,Weekend,Summer,No,70.61,73.05,42.69
2023-06-25 21:00,6,21,Weekend,Summer,No,70.43,73.7,38.76
2023-06-25 22:00,6,22,Weekend,Summer,No,69.98,73.85,32.41
2023-06-25 23:00,6,23,Weekend,Summer,No,69.46,73.46,41.66
2023-06-26 00:00,6,0,Weekday,Summer,No,69.6,74.16,28.83
2023-06-26 01:00,6,1,Weekday,Summer,No,69.98,73.07,23.42
2023-06-26 02:00,6,2,Weekday,Summer,No,68.82,73.87,28.3
2023-06-26 03:00,6,3,Weekday,Summer,No,68.0,73.49,28.03
2023-06-26 04:00,6,4,Weekday,Summer,No,67.37,73.24,33.08
2023-06-26 05:00,6,5,Weekday,Summer,No,68.18,73.51,25.7
2023-06-26 06:00,6,6,Weekday,Summer,No,68.45,73.17,27.03
2023-06-26 07:00,6,7,Weekday,Summer,No,73.25,74.17,33.94
2023-06-26 08:00,6,8,Weekday,Summer,Yes,78.78,74.32,30.55
2023-06-26 09:00,6,9,Weekday,Summer,Yes,82.37,74.12,39.33
2023-06-26 10:00,6,10,Weekday,Summer,Yes,86.96,74.49,39.5
2023-06-26 11:00,6,11,Weekday,Summer,Yes,90.22,75.99,46.8
2023-06-26 12:00,6,12,Weekday,Summer,Yes,92.72,75.39,53.3
2023-06-26 13:00,6,13,Weekday,Summer,Yes,94.55,75.96,39.23
2023-06-26 14:00,6,14,Weekday,Summer,Yes,95.63,75.76,53.29
2023-06-26 15:00,6,15,Weekday,Summer,Yes,96.08,76.67,48.21
2023-06-26 16:00,6,16,Weekday,Summer,Yes,96.08,75.48,50.34
2023-06-26 17:00,6,17,Weekday,Summer,Yes,96.08,76.17,54.11
2023-06-26 18:00,6,18,Weekday,Summer,No,94.3,76.7,56.97
2023-06-26 19:00,6,19,Weekday,Summer,No,90.71,75.94,52.24
2023-06-26 20:00,6,20,Weekday,Summer,No,87.28,76.35,46.55
2023-06-26 21:00,6,21,Weekday,Summer,No,84.84,75.91,47.43
2023-06-26 22:00,6,22,Weekday,Summer,No,82.86,74.66,43.31
2023-06-26 23:00,6,23,Weekday,Summer,No,80.26,75.25,48.0
2023-06-27 00:00,6,0,Weekday,Summer,No,78.46,74.03,41.41
2023-06-27 01:00,6,1,Weekday,Summer,No,75.67,74.72,25.96
2023-06-27 02:00,6,2,Weekday,Summer,No,73.42,74.08,35.95
2023-06-27 03:00,6,3,Weekday,Summer,No,72.41,72.88,32.16
2023-06-27 04:00,6,4,Weekday,Summer,No,71.44,73.28,28.03
2023-06-27 05:00,6,5,Weekday,Summer,No,72.22,73.75,27.82
2023-06-27 06:00,6,6,Weekday,Summer,No,73.04,74.01,26.84
2023-06-27 07:00,6,7,Weekday,Summer,No,75.35,74.67,37.02
2023-06-27 08:00,6,8,Weekday,Summer,Yes,81.1,74.27,35.73
2023-06-27 09:00,6,9,Weekday,Summer,Yes,86.96,75.12,42.3
2023-06-27 10:00,6,10,Weekday,Summer,Yes,89.58,74.64,39.35
2023-06-27 11:00,6,11,Weekday,Summer,Yes,91.74,75.51,45.63
2023-06-27 12:00,6,12,Weekday,Summer,Yes,94.18,75.61,52.65
2023-06-27 13:00,6,13,Weekday,Summer,Yes,95.0,75.77,46.04
2023-06-27 14:00,6,14,Weekday,Summer,Yes,96.16,75.95,48.43
2023-06-27 15:00,6,15,Weekday,Summer,Yes,96.98,75.8,43.72
2023-06-27 16:00,6,16,Weekday,Summer,Yes,97.61,75.99,44.99
2023-06-27 17:00,6,17,Weekday,Summer,Yes,97.43,75.62,60.54
2023-06-27 18:00,6,18,Weekday,Summer,No,96.46,77.01,63.04
2023-06-27 19:00,6,19,Weekday,Summer,No,93.66,76.4,50.95
2023-06-27 20:00,6,20,Weekday,Summer,No,90.26,75.92,64.04
2023-06-27 21:00,6,21,Weekday,Summer,No,87.9,75.75,54.73
2023-06-27 22:00,6,22,Weekday,Summer,No,84.66,74.16,49.51
2023-06-27 23:00,6,23,Weekday,Summer,No,81.26,75.61,45.3
2023-06-28 00:00,6,0,Weekday,Summer,No,79.43,74.4,38.18
2023-06-28 01:00,6,1,Weekday,Summer,No,78.98,73.91,39.18
2023-06-28 02:00,6,2,Weekday,Summer,No,77.82,73.98,27.89
2023-06-28 03:00,6,3,Weekday,Summer,No,75.22,74.17,39.33
2023-06-28 04:00,6,4,Weekday,Summer,No,72.78,73.94,27.58
2023-06-28 05:00,6,5,Weekday,Summer,No,71.96,73.34,33.19
2023-06-28 06:00,6,6,Weekday,Summer,No,73.74,74.16,38.78
2023-06-28 07:00,6,7,Weekday,Summer,No,79.01,74.93,35.93
2023-06-28 08:00,6,8,Weekday,Summer,Yes,85.32,75.26,41.25
2023-06-28 09:00,6,9,Weekday,Summer,Yes,90.22,75.07,47.94
2023-06-28 10:00,6,10,Weekday,Summer,Yes,94.35,76.69,45.77
2023-06-28 11:00,6,11,Weekday,Summer,Yes,97.76,76.83,50.09
2023-06-28 12:00,6,12,Weekday,Summer,Yes,100.12,76.88,50.87
2023-06-28 13:00,6,13,Weekday,Summer,Yes,101.57,76.8,55.57
2023-06-28 14:00,6,14,Weekday,Summer,Yes,102.54,76.31,56.52
2023-06-28 15:00,6,15,Weekday,Summer,Yes,103.55,78.03,56.81
2023-06-28 16:00,6,16,Weekday,Summer,Yes,104.0,77.44,57.02
2023-06-28 17:00,6,17,Weekday,Summer,Yes,102.84,77.36,58.75
2023-06-28 18:00,6,18,Weekday,Summer,No,100.86,78.25,63.53
2023-06-28 19:00,6,19,Weekday,Summer,No,97.73,76.92,57.11
2023-06-28 20:00,6,20,Weekday,Summer,No,94.3,76.42,59.52
2023-06-28 21:00,6,21,Weekday,Summer,No,91.23,75.61,53.25
2023-06-28 22:00,6,22,Weekday,Summer,No,89.96,76.6,51.34
2023-06-28 23:00,6,23,Weekday,Summer,No,86.49,75.76,46.0
2023-06-29 00:00,6,0,Weekday,Summer,No,83.39,75.28,35.17
2023-06-29 01:00,6,1,Weekday,Summer,No,80.63,75.44,37.14
2023-06-29 02:00,6,2,Weekday,Summer,No,77.2,75.0,38.05
2023-06-29 03:00,6,3,Weekday,Summer,No,75.92,74.09,35.13
2023-06-29 04:00,6,4,Weekday,Summer,No,74.76,75.0,33.01
2023-06-29 05:00,6,5,Weekday,Summer,No,74.57,73.57,32.76
2023-06-29 06:00,6,6,Weekday,Summer,No,76.8,75.62,38.97
2023-06-29 07:00,6,7,Weekday,Summer,No,81.54,74.4,31.33
2023-06-29 08:00,6,8,Weekday,Summer,Yes,86.33,74.83,39.12
2023-06-29 09:00,6,9,Weekday,Summer,Yes,91.44,75.21,51.91
2023-06-29 10:00,6,10,Weekday,Summer,Yes,96.86,75.73,44.04
2023-06-29 11:00,6,11,Weekday,Summer,Yes,100.12,76.13,53.13
2023-06-29 12:00,6,12,Weekday,Summer,Yes,102.1,77.27,46.17
2023-06-29 13:00,6,13,Weekday,Summer,Yes,103.55,75.79,47.32
2023-06-29 14:00,6,14,Weekday,Summer,Yes,104.63,77.44,54.42
2023-06-29 15:00,6,15,Weekday,Summer,Yes,105.08,77.71,58.83
2023-06-29 16:00,6,16,Weekday,Summer,Yes,105.08,77.73,54.01
2023-06-29 17:00,6,17,Weekday,Summer,Yes,103.82,76.21,56.35
2023-06-29 18:00,6,18,Weekday,Summer,No,102.71,78.46,68.71
2023-06-29 19:00,6,19,Weekday,Summer,No,101.09,77.12,58.71
2023-06-29 20:00,6,20,Weekday,Summer,No,97.1,76.83,60.47
2023-06-29 21:00,6,21,Weekday,Summer,No,94.37,76.41,57.66
2023-06-29 22:00,6,22,Weekday,Summer,No,91.61,76.36,60.55
2023-06-29 23:00,6,23,Weekday,Summer,No,88.28,75.79,49.06
2023-06-30 00:00,6,0,Weekday,Summer,No,86.45,75.54,42.97
2023-06-30 01:00,6,1,Weekday,Summer,No,86.0,75.7,43.26
2023-06-30 02:00,6,2,Weekday,Summer,No,84.84,74.63,37.75
2023-06-30 03:00,6,3,Weekday,Summer,No,84.02,74.95,33.74
2023-06-30 04:00,6,4,Weekday,Summer,No,82.24,74.84,37.25
2023-06-30 05:00,6,5,Weekday,Summer,No,79.81,75.22,39.1
2023-06-30 06:00,6,6,Weekday,Summer,No,80.76,75.03,30.08
2023-06-30 07:00,6,7,Weekday,Summer,No,83.2,75.67,42.12
2023-06-30 08:00,6,8,Weekday,Summer,Yes,86.96,75.5,48.3
2023-06-30 09:00,6,9,Weekday,Summer,Yes,91.9,76.06,43.28
2023-06-30 10:00,6,10,Weekday,Summer,Yes,95.7,75.51,51.49
2023-06-30 11:00,6,11,Weekday,Summer,Yes,96.98,75.78,50.13
2023-06-30 12:00,6,12,Weekday,Summer,Yes,99.92,76.15,48.89
2023-06-30 13:00,6,13,Weekday,Summer,Yes,103.18,77.45,54.23
2023-06-30 14:00,6,14,Weekday,Summer,Yes,104.0,76.16,53.87
2023-06-30 15:00,6,15,Weekday,Summer,Yes,105.16,78.85,57.57
2023-06-30 16:00,6,16,Weekday,Summer,Yes,104.2,77.63,49.04
2023-06-30 17:00,6,17,Weekday,Summer,Yes,102.92,76.91,63.88
2023-06-30 18:00,6,18,Weekday,Summer,No,102.4,79.01,64.69
2023-06-30 19:00,6,19,Weekday,Summer,No,99.71,77.75,66.21
2023-06-30 20:00,6,20,Weekday,Summer,No,95.65,76.96,62.05
2023-06-30 21:00,6,21,Weekday,Summer,No,92.56,76.46,56.77
2023-06-30 22:00,6,22,Weekday,Summer,No,90.32,76.12,61.44
2023-06-30 23:00,6,23,Weekday,Summer,No,88.06,75.49,43.26
2023-07-01 00:00,7,0,Weekend,Summer,No,85.82,75.48,38.06
2023-07-01 01:00,7,1,Weekend,Summer,No,83.56,75.13,37.41
2023-07-01 02:00,7,2,Weekend,Summer,No,81.32,74.64,39.55
2023-07-01 03:00,7,3,Weekend,Summer,No,79.05,74.73,37.51
2023-07-01 04:00,7,4,Weekend,Summer,No,76.82,74.05,35.8
2023-07-01 05:00,7,5,Weekend,Summer,No,74.76,74.22,27.06
2023-07-01 06:00,7,6,Weekend,Summer,No,76.88,74.04,40.12
2023-07-01 07:00,7,7,Weekend,Summer,No,82.44,75.14,39.88
2023-07-01 08:00,7,8,Weekend,Summer,No,88.49,76.38,41.75
2023-07-01 09:00,7,9,Weekend,Summer,No,91.04,76.45,38.23
2023-07-01 10:00,7,10,Weekend,Summer,No,93.35,76.97,44.51
2023-07-01 11:00,7,11,Weekend,Summer,No,96.16,77.13,43.89
2023-07-01 12:00,7,12,Weekend,Summer,No,98.77,77.06,50.69
2023-07-01 13:00,7,13,Weekend,Summer,No,101.72,78.35,45.09
2023-07-01 14:00,7,14,Weekend,Summer,No,102.92,79.03,47.98
2023-07-01 15:00,7,15,Weekend,Summer,No,102.4,77.47,49.41
2023-07-01 16:00,7,16,Weekend,Summer,No,102.54,77.62,48.65
2023-07-01 17:00,7,17,Weekend,Summer,No,101.76,77.68,66.28
2023-07-01 18:00,7,18,Weekend,Summer,No,99.78,77.48,63.89
2023-07-01 19:00,7,19,Weekend,Summer,No,97.28,77.08,55.91
2023-07-01 20:00,7,20,Weekend,Summer,No,94.82,76.84,61.14
2023-07-01 21:00,7,21,Weekend,Summer,No,93.4,77.0,54.69
2023-07-01 22:00,7,22,Weekend,Summer,No,90.71,75.67,44.19
2023-07-01 23:00,7,23,Weekend,Summer,No,87.9,75.86,51.71
2023-07-02 00:00,7,0,Weekend,Summer,No,85.82,76.51,39.87
2023-07-02 01:00,7,1,Weekend,Summer,No,82.61,74.78,33.66
2023-07-02 02:00,7,2,Weekend,Summer,No,79.81,74.64,42.26
2023-07-02 03:00,7,3,Weekend,Summer,No,78.46,74.81,37.89
2023-07-02 04:00,7,4,Weekend,Summer,No,77.45,74.4,37.22
2023-07-02 05:00,7,5,Weekend,Summer,No,77.0,74.58,33.73
2023-07-02 06:00,7,6,Weekend,Summer,No,79.94,74.08,40.05
2023-07-02 07:00,7,7,Weekend,Summer,No,84.98,75.34,38.68
2023-07-02 08:00,7,8,Weekend,Summer,No,89.92,75.73,33.6
2023-07-02 09:00,7,9,Weekend,Summer,No,94.35,76.06,53.32
2023-07-02 10:00,7,10,Weekend,Summer,No,96.6,77.34,55.59
2023-07-02 11:00,7,11,Weekend,Summer,No,98.77,76.63,46.9
2023-07-02 12:00,7,12,Weekend,Summer,No,101.72,77.91,46.76
2023-07-02 13:00,7,13,Weekend,Summer,No,102.92,77.37,52.11
2023-07-02 14:00,7,14,Weekend,Summer,No,103.55,77.45,48.19
2023-07-02 15:00,7,15,Weekend,Summer,No,103.37,78.04,54.34
2023-07-02 16:00,7,16,Weekend,Summer,No,102.4,78.33,52.43
2023-07-02 17:00,7,17,Weekend,Summer,No,102.02,76.8,63.46
2023-07-02 18:00,7,18,Weekend,Summer,No,99.08,77.66,59.99
2023-07-02 19:00,7,19,Weekend,Summer,No,95.2,77.34,59.73
2023-07-02 20:00,7,20,Weekend,Summer,No,92.24,76.26,53.1
2023-07-02 21:00,7,21,Weekend,Summer,No,89.88,76.36,48.61
2023-07-02 22:00,7,22,Weekend,Summer,No,88.43,75.87,53.46
2023-07-02 23:00,7,23,Weekend,Summer,No,87.46,76.13,55.17
2023-07-03 00:00,7,0,Weekday,Summer,No,85.82,75.59,34.94
2023-07-03 01:00,7,1,Weekday,Summer,No,82.61,74.94,34.33
2023-07-03 02:00,7,2,Weekday,Summer,No,79.28,74.18,42.15
2023-07-03 03:00,7,3,Weekday,Summer,No,79.24,75.0,32.5
2023-07-03 04:00,7,4,Weekday,Summer,No,78.9,75.32,28.22
2023-07-03 05:00,7,5,Weekday,Summer,No,77.45,75.03,34.25
2023-07-03 06:00,7,6,Weekday,Summer,No,80.46,75.43,34.72
2023-07-03 07:00,7,7,Weekday,Summer,No,85.36,76.11,44.38
2023-07-03 08:00,7,8,Weekday,Summer,Yes,89.39,75.7,38.24
2023-07-03 09:00,7,9,Weekday,Summer,Yes,92.72,76.02,41.02
2023-07-03 10:00,7,10,Weekday,Summer,Yes,95.18,75.73,48.45
2023-07-03 11:00,7,11,Weekday,Summer,Yes,97.24,75.86,51.12
2023-07-03 12:00,7,12,Weekday,Summer,Yes,100.37,76.97,47.09
2023-07-03 13:00,7,13,Weekday,Summer,Yes,102.54,75.84,55.51
2023-07-03 14:00,7,14,Weekday,Summer,Yes,103.55,77.61,59.31
2023-07-03 15:00,7,15,Weekday,Summer,Yes,102.84,77.78,50.16
2023-07-03 16:00,7,16,Weekday,Summer,Yes,102.54,76.63,49.06
2023-07-03 17:00,7,17,Weekday,Summer,Yes,101.24,76.71,62.34
2023-07-03 18:00,7,18,Weekday,Summer,No,99.41,77.47,57.83
2023-07-03 19:00,7,19,Weekday,Summer,No,97.28,77.16,57.29
2023-07-03 20:00,7,20,Weekday,Summer,No,94.82,77.83,51.14
2023-07-03 21:00,7,21,Weekday,Summer,No,92.76,76.7,53.21
2023-07-03 22:00,7,22,Weekday,Summer,No,91.94,76.41,58.29
2023-07-03 23:00,7,23,Weekday,Summer,No,90.26,75.36,45.7
2023-07-04 00:00,7,0,Weekday,Summer,No,88.43,76.74,43.09
2023-07-04 01:00,7,1,Weekday,Summer,No,86.82,75.67,48.78
2023-07-04 02:00,7,2,Weekday,Summer,No,84.84,74.49,44.64
2023-07-04 03:00,7,3,Weekday,Summer,No,82.86,75.13,38.31
2023-07-04 04:00,7,4,Weekday,Summer,No,81.41,75.23,34.1
2023-07-04 05:00,7,5,Weekday,Summer,No,82.12,75.12,43.85
2023-07-04 06:00,7,6,Weekday,Summer,No,81.78,74.17,39.64
2023-07-04 07:00,7,7,Weekday,Summer,No,84.53,76.56,36.45
2023-07-04 08:00,7,8,Weekday,Summer,Yes,86.45,74.73,35.88
2023-07-04 09:00,7,9,Weekday,Summer,Yes,87.78,74.76,35.18
2023-07-04 10:00,7,10,Weekday,Summer,Yes,90.74,75.76,37.18
2023-07-04 11:00,7,11,Weekday,Summer,Yes,93.72,75.85,40.92
2023-07-04 12:00,7,12,Weekday,Summer,Yes,94.37,75.4,46.7
2023-07-04 13:00,7,13,Weekday,Summer,Yes,93.92,76.19,43.89
2023-07-04 14:00,7,14,Weekday,Summer,Yes,94.55,75.83,43.9
2023-07-04 15:00,7,15,Weekday,Summer,Yes,94.37,75.73,45.38
2023-07-04 16:00,7,16,Weekday,Summer,Yes,94.55,76.65,43.92
2023-07-04 17:00,7,17,Weekday,Summer,Yes,95.63,75.54,55.55
2023-07-04 18:00,7,18,Weekday,Summer,No,96.08,76.91,62.87
2023-07-04 19:00,7,19,Weekday,Summer,No,94.3,76.54,52.27
2023-07-04 20:00,7,20,Weekday,Summer,No,91.86,77.08,48.55
2023-07-04 21:00,7,21,Weekday,Summer,No,89.88,76.76,50.83
2023-07-04 22:00,7,22,Weekday,Summer,No,88.43,76.05,47.81
2023-07-04 23:00,7,23,Weekday,Summer,No,87.98,75.59,52.77
2023-07-05 00:00,7,0,Weekday,Summer,No,87.46,75.65,46.47
2023-07-05 01:00,7,1,Weekday,Summer,No,86.45,76.04,37.25
2023-07-05 02:00,7,2,Weekday,Summer,No,84.22,75.37,40.13
2023-07-05 03:00,7,3,Weekday,Summer,No,82.42,75.63,36.27
2023-07-05 04:00,7,4,Weekday,Summer,No,82.04,75.01,33.91
2023-07-05 05:00,7,5,Weekday,Summer,No,82.04,75.21,38.36
2023-07-05 06:00,7,6,Weekday,Summer,No,83.72,75.33,36.43
2023-07-05 07:00,7,7,Weekday,Summer,No,84.92,76.13,42.44
2023-07-05 08:00,7,8,Weekday,Summer,Yes,89.02,74.9,41.24
2023-07-05 09:00,7,9,Weekday,Summer,Yes,91.42,75.41,44.81
2023-07-05 10:00,7,10,Weekday,Summer,Yes,92.2,75.32,48.69
2023-07-05 11:00,7,11,Weekday,Summer,Yes,94.8,76.51,36.67
2023-07-05 12:00,7,12,Weekday,Summer,Yes,97.24,76.55,52.31
2023-07-05 13:00,7,13,Weekday,Summer,Yes,99.74,77.39,42.47
2023-07-05 14:00,7,14,Weekday,Summer,Yes,100.42,77.42,50.19
2023-07-05 15:00,7,15,Weekday,Summer,Yes,101.72,76.51,53.99
2023-07-05 16:00,7,16,Weekday,Summer,Yes,101.24,77.15,50.17
2023-07-05 17:00,7,17,Weekday,Summer,Yes,100.04,77.43,70.56
2023-07-05 18:00,7,18,Weekday,Summer,No,99.41,78.09,59.85
2023-07-05 19:00,7,19,Weekday,Summer,No,97.8,77.03,57.42
2023-07-05 20:00,7,20,Weekday,Summer,No,96.46,76.41,55.06
2023-07-05 21:00,7,21,Weekday,Summer,No,94.3,77.36,50.56
2023-07-05 22:00,7,22,Weekday,Summer,No,91.86,77.15,58.47
2023-07-05 23:00,7,23,Weekday,Summer,No,89.88,76.11,49.86
2023-07-06 00:00,7,0,Weekday,Summer,No,89.06,76.49,43.04
2023-07-06 01:00,7,1,Weekday,Summer,No,87.9,74.9,40.86
2023-07-06 02:00,7,2,Weekday,Summer,No,86.45,75.51,37.61
2023-07-06 03:00,7,3,Weekday,Summer,No,84.84,75.55,39.43
2023-07-06 04:00,7,4,Weekday,Summer,No,82.24,75.83,32.04
2023-07-06 05:00,7,5,Weekday,Summer,No,80.44,75.11,45.8
2023-07-06 06:00,7,6,Weekday,Summer,No,81.74,75.09,38.76
2023-07-06 07:00,7,7,Weekday,Summer,No,86.51,75.3,41.07
2023-07-06 08:00,7,8,Weekday,Summer,Yes,90.22,74.88,51.41
2023-07-06 09:00,7,9,Weekday,Summer,Yes,92.72,75.18,45.38
2023-07-06 10:00,7,10,Weekday,Summer,Yes,95.7,76.44,39.2
2023-07-06 11:00,7,11,Weekday,Summer,Yes,98.14,75.81,51.82
2023-07-06 12:00,7,12,Weekday,Summer,Yes,100.74,76.5,43.5
2023-07-06 13:00,7,13,Weekday,Summer,Yes,102.02,77.28,55.59
2023-07-06 14:00,7,14,Weekday,Summer,Yes,104.33,77.42,53.33
2023-07-06 15:00,7,15,Weekday,Summer,Yes,105.46,77.11,53.26
2023-07-06 16:00,7,16,Weekday,Summer,Yes,104.45,77.3,50.3
2023-07-06 17:00,7,17,Weekday,Summer,Yes,102.84,77.19,61.72
2023-07-06 18:00,7,18,Weekday,Summer,No,100.86,77.96,62.51
2023-07-06 19:00,7,19,Weekday,Summer,No,98.88,76.95,62.19
2023-07-06 20:00,7,20,Weekday,Summer,No,96.9,77.07,51.56
2023-07-06 21:00,7,21,Weekday,Summer,No,95.45,76.14,54.27
2023-07-06 22:00,7,22,Weekday,Summer,No,90.9,76.07,54.88
2023-07-06 23:00,7,23,Weekday,Summer,No,86.2,75.36,47.98
2023-07-07 00:00,7,0,Weekday,Summer,No,84.4,76.39,43.91
2023-07-07 01:00,7,1,Weekday,Summer,No,83.39,76.34,39.94
2023-07-07 02:00,7,2,Weekday,Summer,No,82.42,75.47,39.27
2023-07-07 03:00,7,3,Weekday,Summer,No,80.88,75.79,40.89
2023-07-07 04:00,7,4,Weekday,Summer,No,80.06,74.84,33.47
2023-07-07 05:00,7,5,Weekday,Summer,No,78.9,75.39,34.28
2023-07-07 06:00,7,6,Weekday,Summer,No,79.24,75.28,42.56
2023-07-07 07:00,7,7,Weekday,Summer,No,82.9,75.54,34.86
2023-07-07 08:00,7,8,Weekday,Summer,Yes,86.7,74.73,35.84
2023-07-07 09:00,7,9,Weekday,Summer,Yes,90.29,76.06,42.97
2023-07-07 10:00,7,10,Weekday,Summer,Yes,93.1,75.52,40.61
2023-07-07 11:00,7,11,Weekday,Summer,Yes,96.34,76.64,40.38
2023-07-07 12:00,7,12,Weekday,Summer,Yes,98.58,76.37,54.62
2023-07-07 13:00,7,13,Weekday,Summer,Yes,100.74,76.63,59.69
2023-07-07 14:00,7,14,Weekday,Summer,Yes,102.02,77.12,53.27
2023-07-07 15:00,7,15,Weekday,Summer,Yes,102.54,75.57,49.65
2023-07-07 16:00,7,16,Weekday,Summer,Yes,102.4,77.37,53.66
2023-07-07 17:00,7,17,Weekday,Summer,Yes,101.39,76.18,68.79
2023-07-07 18:00,7,18,Weekday,Summer,No,99.26,78.02,64.41
2023-07-07 19:00,7,19,Weekday,Summer,No,90.4,75.97,53.94
2023-07-07 20:00,7,20,Weekday,Summer,No,84.4,75.43,47.2
2023-07-07 21:00,7,21,Weekday,Summer,No,83.39,75.25,62.53
2023-07-07 22:00,7,22,Weekday,Summer,No,82.94,75.38,49.62
2023-07-07 23:00,7,23,Weekday,Summer,No,82.94,75.5,48.57
2023-07-08 00:00,7,0,Weekend,Summer,No,81.26,75.13,31.25
2023-07-08 01:00,7,1,Weekend,Summer,No,79.43,75.69,37.8
2023-07-08 02:00,7,2,Weekend,Summer,No,79.61,74.8,36.78
2023-07-08 03:00,7,3,Weekend,Summer,No,79.43,74.19,37.33
2023-07-08 04:00,7,4,Weekend,Summer,No,78.98,74.69,38.15
2023-07-08 05:00,7,5,Weekend,Summer,No,78.46,74.7,38.29
2023-07-08 06:00,7,6,Weekend,Summer,No,78.6,74.43,30.38
2023-07-08 07:00,7,7,Weekend,Summer,No,81.29,75.49,35.56
2023-07-08 08:00,7,8,Weekend,Summer,No,84.1,75.27,41.24
2023-07-08 09:00,7,9,Weekend,Summer,No,89.02,75.92,49.42
2023-07-08 10:00,7,10,Weekend,Summer,No,94.35,76.12,42.87
2023-07-08 11:00,7,11,Weekend,Summer,No,97.24,78.15,54.39
2023-07-08 12:00,7,12,Weekend,Summer,No,99.22,77.21,57.8
2023-07-08 13:00,7,13,Weekend,Summer,No,101.2,77.51,49.23
2023-07-08 14:00,7,14,Weekend,Summer,No,103.18,78.24,57.97
2023-07-08 15:00,7,15,Weekend,Summer,No,104.0,77.84,55.01
2023-07-08 16:00,7,16,Weekend,Summer,No,103.37,77.76,52.38
2023-07-08 17:00,7,17,Weekend,Summer,No,102.4,78.16,65.58
2023-07-08 18:00,7,18,Weekend,Summer,No,100.86,77.09,57.62
2023-07-08 19:00,7,19,Weekend,Summer,No,95.94,76.69,52.71
2023-07-08 20:00,7,20,Weekend,Summer,No,87.77,75.72,51.45
2023-07-08 21:00,7,21,Weekend,Summer,No,82.24,75.27,54.98
2023-07-08 22:00,7,22,Weekend,Summer,No,80.96,74.79,46.19
2023-07-08 23:00,7,23,Weekend,Summer,No,80.44,75.15,50.33
2023-07-09 00:00,7,0,Weekend,Summer,No,80.06,74.4,33.08
2023-07-09 01:00,7,1,Weekend,Summer,No,79.43,74.4,34.46
2023-07-09 02:00,7,2,Weekend,Summer,No,78.98,74.88,39.41
2023-07-09 03:00,7,3,Weekend,Summer,No,78.46,74.42,28.43
2023-07-09 04:00,7,4,Weekend,Summer,No,77.45,74.56,34.31
2023-07-09 05:00,7,5,Weekend,Summer,No,77.0,74.6,31.05
2023-07-09 06:00,7,6,Weekend,Summer,No,77.63,74.89,34.99
2023-07-09 07:00,7,7,Weekend,Summer,No,82.07,76.19,35.52
2023-07-09 08:00,7,8,Weekend,Summer,No,87.34,75.34,37.7
2023-07-09 09:00,7,9,Weekend,Summer,No,90.22,76.29,38.06
2023-07-09 10:00,7,10,Weekend,Summer,No,92.72,76.48,45.63
2023-07-09 11:00,7,11,Weekend,Summer,No,96.34,76.82,53.06
2023-07-09 12:00,7,12,Weekend,Summer,No,99.22,77.65,52.51
2023-07-09 13:00,7,13,Weekend,Summer,No,101.2,77.85,50.81
2023-07-09 14:00,7,14,Weekend,Summer,No,102.54,77.65,59.64
2023-07-09 15:00,7,15,Weekend,Summer,No,103.55,76.88,52.22
2023-07-09 16:00,7,16,Weekend,Summer,No,100.54,77.38,47.17
2023-07-09 17:00,7,17,Weekend,Summer,No,88.72,75.88,53.34
2023-07-09 18:00,7,18,Weekend,Summer,No,79.73,75.57,49.62
2023-07-09 19:00,7,19,Weekend,Summer,No,76.3,74.23,39.79
2023-07-09 20:00,7,20,Weekend,Summer,No,75.02,74.37,44.36
2023-07-09 21:00,7,21,Weekend,Summer,No,75.02,74.39,46.67
2023-07-09 22:00,7,22,Weekend,Summer,No,74.39,73.59,42.02
2023-07-09 23:00,7,23,Weekend,Summer,No,74.57,74.03,49.19
2023-07-10 00:00,7,0,Weekday,Summer,No,73.86,73.6,35.51
2023-07-10 01:00,7,1,Weekday,Summer,No,73.04,73.32,26.48
2023-07-10 02:00,7,2,Weekday,Summer,No,73.04,73.81,27.49
2023-07-10 03:00,7,3,Weekday,Summer,No,72.41,73.1,31.39
2023-07-10 04:00,7,4,Weekday,Summer,No,72.59,74.15,35.8
2023-07-10 05:00,7,5,Weekday,Summer,No,72.41,74.9,29.44
2023-07-10 06:00,7,6,Weekday,Summer,No,74.9,74.68,28.66
2023-07-10 07:00,7,7,Weekday,Summer,No,79.31,75.1,38.22
2023-07-10 08:00,7,8,Weekday,Summer,Yes,83.9,75.31,42.39
2023-07-10 09:00,7,9,Weekday,Summer,Yes,87.78,74.96,42.56
2023-07-10 10:00,7,10,Weekday,Summer,Yes,90.22,75.87,36.91
2023-07-10 11:00,7,11,Weekday,Summer,Yes,91.56,76.24,46.34
2023-07-10 12:00,7,12,Weekday,Summer,Yes,93.72,76.05,49.97
2023-07-10 13:00,7,13,Weekday,Summer,Yes,97.31,75.86,37.99
2023-07-10 14:00,7,14,Weekday,Summer,Yes,99.59,76.4,45.34
2023-07-10 15:00,7,15,Weekday,Summer,Yes,100.04,76.54,54.45
2023-07-10 16:00,7,16,Weekday,Summer,Yes,100.04,77.02,49.46
2023-07-10 17:00,7,17,Weekday,Summer,Yes,94.79,75.49,55.8
2023-07-10 18:00,7,18,Weekday,Summer,No,88.1,75.86,57.99
2023-07-10 19:00,7,19,Weekday,Summer,No,83.06,75.87,42.05
2023-07-10 20:00,7,20,Weekday,Summer,No,75.18,73.9,41.61
2023-07-10 21:00,7,21,Weekday,Summer,No,71.58,72.92,38.98
2023-07-10 22:00,7,22,Weekday,Summer,No,71.96,74.23,34.38
2023-07-10 23:00,7,23,Weekday,Summer,No,71.96,74.08,35.42
2023-07-11 00:00,7,0,Weekday,Summer,No,71.44,72.69,25.17
2023-07-11 01:00,7,1,Weekday,Summer,No,71.06,73.75,29.18
2023-07-11 02:00,7,2,Weekday,Summer,No,71.58,73.75,25.62
2023-07-11 03:00,7,3,Weekday,Summer,No,71.96,74.03,30.65
2023-07-11 04:00,7,4,Weekday,Summer,No,71.44,73.83,35.2
2023-07-11 05:00,7,5,Weekday,Summer,No,71.06,73.73,29.2
2023-07-11 06:00,7,6,Weekday,Summer,No,72.74,74.14,27.66
2023-07-11 07:00,7,7,Weekday,Summer,No,75.72,74.81,34.59
2023-07-11 08:00,7,8,Weekday,Summer,Yes,78.78,73.95,34.21
2023-07-11 09:00,7,9,Weekday,Summer,Yes,82.9,75.1,47.71
2023-07-11 10:00,7,10,Weekday,Summer,Yes,86.18,76.2,40.7
2023-07-11 11:00,7,11,Weekday,Summer,Yes,88.23,74.82,41.61
2023-07-11 12:00,7,12,Weekday,Summer,Yes,91.37,76.09,48.93
2023-07-11 13:00,7,13,Weekday,Summer,Yes,94.18,75.8,45.73
2023-07-11 14:00,7,14,Weekday,Summer,Yes,95.0,75.04,48.05
2023-07-11 15:00,7,15,Weekday,Summer,Yes,96.16,75.99,44.67
2023-07-11 16:00,7,16,Weekday,Summer,Yes,96.46,76.04,40.76
2023-07-11 17:00,7,17,Weekday,Summer,Yes,96.08,76.28,59.81
2023-07-11 18:00,7,18,Weekday,Summer,No,93.66,76.59,57.55
2023-07-11 19:00,7,19,Weekday,Summer,No,90.78,76.74,53.19
2023-07-11 20:00,7,20,Weekday,Summer,No,88.8,75.61,50.04
2023-07-11 21:00,7,21,Weekday,Summer,No,86.82,74.92,46.6
2023-07-11 22:00,7,22,Weekday,Summer,No,84.22,76.15,47.12
2023-07-11 23:00,7,23,Weekday,Summer,No,81.78,74.78,51.66
2023-07-12 00:00,7,0,Weekday,Summer,No,80.44,74.53,41.84
2023-07-12 01:00,7,1,Weekday,Summer,No,79.43,75.4,34.2
2023-07-12 02:00,7,2,Weekday,Summer,No,77.82,74.48,35.39
2023-07-12 03:00,7,3,Weekday,Summer,No,77.0,74.24,33.62
2023-07-12 04:00,7,4,Weekday,Summer,No,75.84,74.74,28.58
2023-07-12 05:00,7,5,Weekday,Summer,No,74.39,74.05,28.96
2023-07-12 06:00,7,6,Weekday,Summer,No,75.1,74.39,34.45
2023-07-12 07:00,7,7,Weekday,Summer,No,79.49,74.21,30.23
2023-07-12 08:00,7,8,Weekday,Summer,Yes,84.35,74.98,39.13
2023-07-12 09:00,7,9,Weekday,Summer,Yes,87.78,74.89,42.44
2023-07-12 10:00,7,10,Weekday,Summer,Yes,91.37,75.14,50.01
2023-07-12 11:00,7,11,Weekday,Summer,Yes,94.18,75.56,52.27
2023-07-12 12:00,7,12,Weekday,Summer,Yes,96.16,75.95,47.26
2023-07-12 13:00,7,13,Weekday,Summer,Yes,98.14,76.86,52.74
2023-07-12 14:00,7,14,Weekday,Summer,Yes,100.12,76.46,51.24
2023-07-12 15:00,7,15,Weekday,Summer,Yes,100.94,76.36,50.05
2023-07-12 16:00,7,16,Weekday,Summer,Yes,100.94,77.12,48.2
2023-07-12 17:00,7,17,Weekday,Summer,Yes,99.78,76.68,59.8
2023-07-12 18:00,7,18,Weekday,Summer,No,97.8,76.63,62.21
2023-07-12 19:00,7,19,Weekday,Summer,No,95.2,76.51,56.71
2023-07-12 20:00,7,20,Weekday,Summer,No,92.76,76.21,53.98
2023-07-12 21:00,7,21,Weekday,Summer,No,90.78,75.7,55.67
2023-07-12 22:00,7,22,Weekday,Summer,No,89.43,75.1,54.4
2023-07-12 23:00,7,23,Weekday,Summer,No,84.96,76.19,49.66
2023-07-13 00:00,7,0,Weekday,Summer,No,80.88,75.88,37.54
2023-07-13 01:00,7,1,Weekday,Summer,No,79.43,75.48,41.33
2023-07-13 02:00,7,2,Weekday,Summer,No,78.46,74.07,30.95
2023-07-13 03:00,7,3,Weekday,Summer,No,76.82,74.77,27.4
2023-07-13 04:00,7,4,Weekday,Summer,No,75.92,75.18,38.9
2023-07-13 05:00,7,5,Weekday,Summer,No,76.55,75.12,35.02
2023-07-13 06:00,7,6,Weekday,Summer,No,77.63,73.63,34.07
2023-07-13 07:00,7,7,Weekday,Summer,No,78.6,74.8,31.95
2023-07-13 08:00,7,8,Weekday,Summer,Yes,80.76,74.51,38.83
2023-07-13 09:00,7,9,Weekday,Summer,Yes,83.72,75.28,33.52
2023-07-13 10:00,7,10,Weekday,Summer,Yes,87.86,75.18,47.46
2023-07-13 11:00,7,11,Weekday,Summer,Yes,92.9,75.86,44.06
2023-07-13 12:00,7,12,Weekday,Summer,Yes,98.46,77.52,63.34
2023-07-13 13:00,7,13,Weekday,Summer,Yes,100.42,76.21,49.77
2023-07-13 14:00,7,14,Weekday,Summer,Yes,102.35,76.3,49.06
2023-07-13 15:00,7,15,Weekday,Summer,Yes,101.06,76.66,49.18
2023-07-13 16:00,7,16,Weekday,Summer,Yes,98.96,76.65,46.73
2023-07-13 17:00,7,17,Weekday,Summer,Yes,98.44,77.38,53.8
2023-07-13 18:00,7,18,Weekday,Summer,No,97.43,77.77,58.17
2023-07-13 19:00,7,19,Weekday,Summer,No,94.67,76.52,49.99
2023-07-13 20:00,7,20,Weekday,Summer,No,90.71,76.52,51.94
2023-07-13 21:00,7,21,Weekday,Summer,No,87.28,75.2,47.17
2023-07-13 22:00,7,22,Weekday,Summer,No,84.84,75.87,47.17
2023-07-13 23:00,7,23,Weekday,Summer,No,82.24,75.68,49.12
2023-07-14 00:00,7,0,Weekday,Summer,No,79.81,74.52,37.21
2023-07-14 01:00,7,1,Weekday,Summer,No,78.98,74.71,37.4
2023-07-14 02:00,7,2,Weekday,Summer,No,78.98,75.71,41.53
2023-07-14 03:00,7,3,Weekday,Summer,No,77.82,75.3,30.98
2023-07-14 04:00,7,4,Weekday,Summer,No,76.37,74.05,31.62
2023-07-14 05:00,7,5,Weekday,Summer,No,75.4,74.6,27.95
2023-07-14 06:00,7,6,Weekday,Summer,No,76.8,74.97,31.0
2023-07-14 07:00,7,7,Weekday,Summer,No,80.39,75.01,40.25
2023-07-14 08:00,7,8,Weekday,Summer,Yes,86.66,74.67,43.72
2023-07-14 09:00,7,9,Weekday,Summer,Yes,92.9,75.73,49.68
2023-07-14 10:00,7,10,Weekday,Summer,Yes,96.78,76.73,47.37
2023-07-14 11:00,7,11,Weekday,Summer,Yes,99.22,77.08,53.81
2023-07-14 12:00,7,12,Weekday,Summer,Yes,101.2,77.25,55.24
2023-07-14 13:00,7,13,Weekday,Summer,Yes,103.8,77.36,45.01
2023-07-14 14:00,7,14,Weekday,Summer,Yes,105.6,77.79,50.72
2023-07-14 15:00,7,15,Weekday,Summer,Yes,105.46,77.51,55.22
2023-07-14 16:00,7,16,Weekday,Summer,Yes,103.82,77.31,52.6
2023-07-14 17:00,7,17,Weekday,Summer,Yes,102.4,76.59,59.64
2023-07-14 18:00,7,18,Weekday,Summer,No,102.02,78.51,66.34
2023-07-14 19:00,7,19,Weekday,Summer,No,100.23,77.5,57.61
2023-07-14 20:00,7,20,Weekday,Summer,No,96.65,76.24,55.31
2023-07-14 21:00,7,21,Weekday,Summer,No,93.22,76.2,51.21
2023-07-14 22:00,7,22,Weekday,Summer,No,90.26,76.14,60.74
2023-07-14 23:00,7,23,Weekday,Summer,No,86.65,75.0,59.6
2023-07-15 00:00,7,0,Weekend,Summer,No,83.77,74.81,44.81
2023-07-15 01:00,7,1,Weekend,Summer,No,81.26,75.16,36.57
2023-07-15 02:00,7,2,Weekend,Summer,No,78.9,75.65,34.96
2023-07-15 03:00,7,3,Weekend,Summer,No,76.82,74.72,30.3
2023-07-15 04:00,7,4,Weekend,Summer,No,74.24,74.58,27.52
2023-07-15 05:00,7,5,Weekend,Summer,No,73.56,73.25,35.38
2023-07-15 06:00,7,6,Weekend,Summer,No,77.51,73.6,27.49
2023-07-15 07:00,7,7,Weekend,Summer,No,83.52,75.93,35.59
2023-07-15 08:00,7,8,Weekend,Summer,No,88.94,76.77,41.22
2023-07-15 09:00,7,9,Weekend,Summer,No,93.98,77.01,43.38
2023-07-15 10:00,7,10,Weekend,Summer,No,97.76,77.19,44.28
2023-07-15 11:00,7,11,Weekend,Summer,No,100.74,77.04,48.31
2023-07-15 12:00,7,12,Weekend,Summer,No,102.54,77.47,52.05
2023-07-15 13:00,7,13,Weekend,Summer,No,104.18,78.8,56.07
2023-07-15 14:00,7,14,Weekend,Summer,No,106.24,77.99,48.59
2023-07-15 15:00,7,15,Weekend,Summer,No,106.43,79.0,51.62
2023-07-15 16:00,7,16,Weekend,Summer,No,105.98,78.12,55.99
2023-07-15 17:00,7,17,Weekend,Summer,No,105.98,78.39,67.03
2023-07-15 18:00,7,18,Weekend,Summer,No,103.67,78.85,62.69
2023-07-15 19:00,7,19,Weekend,Summer,No,100.23,78.55,61.42
2023-07-15 20:00,7,20,Weekend,Summer,No,97.8,76.73,58.03
2023-07-15 21:00,7,21,Weekend,Summer,No,94.67,76.64,53.37
2023-07-15 22:00,7,22,Weekend,Summer,No,91.23,76.81,47.53
2023-07-15 23:00,7,23,Weekend,Summer,No,88.28,76.35,54.53
2023-07-16 00:00,7,0,Weekend,Summer,No,85.82,75.12,50.61
2023-07-16 01:00,7,1,Weekend,Summer,No,83.24,74.32,37.97
2023-07-16 02:00,7,2,Weekend,Summer,No,80.88,74.96,30.42
2023-07-16 03:00,7,3,Weekend,Summer,No,78.9,74.67,34.68
2023-07-16 04:00,7,4,Weekend,Summer,No,76.82,73.81,42.65
2023-07-16 05:00,7,5,Weekend,Summer,No,74.24,73.08,27.85
2023-07-16 06:00,7,6,Weekend,Summer,No,75.98,74.39,38.0
2023-07-16 07:00,7,7,Weekend,Summer,No,82.07,75.71,46.81
2023-07-16 08:00,7,8,Weekend,Summer,No,89.02,76.08,40.11
2023-07-16 09:00,7,9,Weekend,Summer,No,94.35,77.0,47.44
2023-07-16 10:00,7,10,Weekend,Summer,No,97.24,77.74,49.33
2023-07-16 11:00,7,11,Weekend,Summer,No,99.74,78.14,48.31
2023-07-16 12:00,7,12,Weekend,Summer,No,102.72,77.73,46.53
2023-07-16 13:00,7,13,Weekend,Summer,No,104.63,77.64,44.19
2023-07-16 14:00,7,14,Weekend,Summer,No,105.6,78.2,45.33
2023-07-16 15:00,7,15,Weekend,Summer,No,105.98,79.4,55.16
2023-07-16 16:00,7,16,Weekend,Summer,No,105.98,77.57,53.16
2023-07-16 17:00,7,17,Weekend,Summer,No,104.82,77.58,58.6
2023-07-16 18:00,7,18,Weekend,Summer,No,102.84,78.37,59.67
2023-07-16 19:00,7,19,Weekend,Summer,No,100.23,78.06,58.74
2023-07-16 20:00,7,20,Weekend,Summer,No,97.8,76.94,56.2
2023-07-16 21:00,7,21,Weekend,Summer,No,94.67,77.2,54.58
2023-07-16 22:00,7,22,Weekend,Summer,No,91.86,77.04,53.27
2023-07-16 23:00,7,23,Weekend,Summer,No,90.41,75.35,57.03
2023-07-17 00:00,7,0,Weekday,Summer,No,88.28,76.37,38.88
2023-07-17 01:00,7,1,Weekday,Summer,No,86.45,75.78,42.72
2023-07-17 02:00,7,2,Weekday,Summer,No,84.22,75.45,43.22
2023-07-17 03:00,7,3,Weekday,Summer,No,81.78,75.76,37.29
2023-07-17 04:00,7,4,Weekday,Summer,No,82.12,74.94,39.73
2023-07-17 05:00,7,5,Weekday,Summer,No,81.78,75.51,42.53
2023-07-17 06:00,7,6,Weekday,Summer,No,81.59,74.67,38.02
2023-07-17 07:00,7,7,Weekday,Summer,No,84.35,75.25,35.78
2023-07-17 08:00,7,8,Weekday,Summer,Yes,88.31,75.41,44.49
2023-07-17 09:00,7,9,Weekday,Summer,Yes,92.27,75.11,39.26
2023-07-17 10:00,7,10,Weekday,Summer,Yes,95.18,75.64,45.95
2023-07-17 11:00,7,11,Weekday,Summer,Yes,96.6,76.23,48.92
2023-07-17 12:00,7,12,Weekday,Summer,Yes,98.14,76.66,52.24
2023-07-17 13:00,7,13,Weekday,Summer,Yes,99.59,76.96,53.12
2023-07-17 14:00,7,14,Weekday,Summer,Yes,99.41,76.94,49.46
2023-07-17 15:00,7,15,Weekday,Summer,Yes,100.74,76.4,51.29
2023-07-17 16:00,7,16,Weekday,Summer,Yes,100.86,76.29,45.57
2023-07-17 17:00,7,17,Weekday,Summer,Yes,98.88,76.45,61.07
2023-07-17 18:00,7,18,Weekday,Summer,No,97.43,77.54,60.57
2023-07-17 19:00,7,19,Weekday,Summer,No,96.46,75.77,56.93
2023-07-17 20:00,7,20,Weekday,Summer,No,93.66,77.07,54.65
2023-07-17 21:00,7,21,Weekday,Summer,No,84.38,76.12,50.01
2023-07-17 22:00,7,22,Weekday,Summer,No,76.04,74.42,39.58
2023-07-17 23:00,7,23,Weekday,Summer,No,73.94,73.89,47.07
2023-07-18 00:00,7,0,Weekday,Summer,No,74.57,75.23,35.33
2023-07-18 01:00,7,1,Weekday,Summer,No,75.02,73.73,32.38
2023-07-18 02:00,7,2,Weekday,Summer,No,75.02,74.83,26.14
2023-07-18 03:00,7,3,Weekday,Summer,No,74.39,74.87,31.16
2023-07-18 04:00,7,4,Weekday,Summer,No,74.57,74.33,40.07
2023-07-18 05:00,7,5,Weekday,Summer,No,75.54,73.47,33.26
2023-07-18 06:00,7,6,Weekday,Summer,No,76.55,74.47,32.55
2023-07-18 07:00,7,7,Weekday,Summer,No,77.0,74.75,36.4
2023-07-18 08:00,7,8,Weekday,Summer,Yes,80.46,73.77,36.84
2023-07-18 09:00,7,9,Weekday,Summer,Yes,84.72,74.03,37.15
2023-07-18 10:00,7,10,Weekday,Summer,Yes,88.94,75.35,37.95
2023-07-18 11:00,7,11,Weekday,Summer,Yes,92.2,76.23,50.87
2023-07-18 12:00,7,12,Weekday,Summer,Yes,93.02,76.63,49.45
2023-07-18 13:00,7,13,Weekday,Summer,Yes,93.02,76.37,44.42
2023-07-18 14:00,7,14,Weekday,Summer,Yes,95.33,76.27,46.84
2023-07-18 15:00,7,15,Weekday,Summer,Yes,96.46,75.66,51.05
2023-07-18 16:00,7,16,Weekday,Summer,Yes,96.6,75.35,47.02
2023-07-18 17:00,7,17,Weekday,Summer,Yes,95.2,75.62,52.14
2023-07-18 18:00,7,18,Weekday,Summer,No,92.76,76.52,58.66
2023-07-18 19:00,7,19,Weekday,Summer,No,79.76,75.4,44.65
2023-07-18 20:00,7,20,Weekday,Summer,No,69.9,73.47,36.36
2023-07-18 21:00,7,21,Weekday,Summer,No,69.6,72.98,39.18
2023-07-18 22:00,7,22,Weekday,Summer,No,70.61,73.54,44.2
2023-07-18 23:00,7,23,Weekday,Summer,No,71.58,74.37,42.26
2023-07-19 00:00,7,0,Weekday,Summer,No,71.44,73.69,26.84
2023-07-19 01:00,7,1,Weekday,Summer,No,70.43,73.4,24.54
2023-07-19 02:00,7,2,Weekday,Summer,No,70.61,73.96,28.82
2023-07-19 03:00,7,3,Weekday,Summer,No,71.06,73.79,30.91
2023-07-19 04:00,7,4,Weekday,Summer,No,70.43,74.33,25.07
2023-07-19 05:00,7,5,Weekday,Summer,No,71.14,73.0,25.87
2023-07-19 06:00,7,6,Weekday,Summer,No,71.96,73.77,34.77
2023-07-19 07:00,7,7,Weekday,Summer,No,73.74,73.96,31.0
2023-07-19 08:00,7,8,Weekday,Summer,Yes,77.33,73.72,30.51
2023-07-19 09:00,7,9,Weekday,Summer,Yes,80.76,74.62,34.95
2023-07-19 10:00,7,10,Weekday,Summer,Yes,82.56,74.8,40.03
2023-07-19 11:00,7,11,Weekday,Summer,Yes,83.57,74.88,38.43
2023-07-19 12:00,7,12,Weekday,Summer,Yes,87.48,74.37,42.14
2023-07-19 13:00,7,13,Weekday,Summer,Yes,91.74,75.89,46.48
2023-07-19 14:00,7,14,Weekday,Summer,Yes,94.8,76.22,47.2
2023-07-19 15:00,7,15,Weekday,Summer,Yes,95.45,75.83,49.61
2023-07-19 16:00,7,16,Weekday,Summer,Yes,95.63,75.46,49.89
2023-07-19 17:00,7,17,Weekday,Summer,Yes,96.08,75.17,57.08
2023-07-19 18:00,7,18,Weekday,Summer,No,94.82,76.55,51.32
2023-07-19 19:00,7,19,Weekday,Summer,No,92.24,76.29,52.43
2023-07-19 20:00,7,20,Weekday,Summer,No,89.88,76.1,48.27
2023-07-19 21:00,7,21,Weekday,Summer,No,84.96,74.8,57.67
2023-07-19 22:00,7,22,Weekday,Summer,No,76.16,74.13,40.89
2023-07-19 23:00,7,23,Weekday,Summer,No,71.44,74.26,37.02
2023-07-20 00:00,7,0,Weekday,Summer,No,71.06,73.53,36.62
2023-07-20 01:00,7,1,Weekday,Summer,No,71.58,73.72,32.39
2023-07-20 02:00,7,2,Weekday,Summer,No,72.59,74.11,25.99
2023-07-20 03:00,7,3,Weekday,Summer,No,73.04,73.97,29.47
2023-07-20 04:00,7,4,Weekday,Summer,No,73.04,73.83,27.96
2023-07-20 05:00,7,5,Weekday,Summer,No,73.04,75.04,30.59
2023-07-20 06:00,7,6,Weekday,Summer,No,73.56,74.53,38.23
2023-07-20 07:00,7,7,Weekday,Summer,No,76.35,74.13,31.37
2023-07-20 08:00,7,8,Weekday,Summer,Yes,80.92,74.77,41.89
2023-07-20 09:00,7,9,Weekday,Summer,Yes,84.72,74.42,32.66
2023-07-20 10:00,7,10,Weekday,Summer,Yes,86.63,74.8,39.14
2023-07-20 11:00,7,11,Weekday,Summer,Yes,90.54,74.96,45.92
2023-07-20 12:00,7,12,Weekday,Summer,Yes,93.54,76.44,42.0
2023-07-20 13:00,7,13,Weekday,Summer,Yes,95.18,76.01,39.78
2023-07-20 14:00,7,14,Weekday,Summer,Yes,97.24,76.72,49.81
2023-07-20 15:00,7,15,Weekday,Summer,Yes,96.9,76.26,49.56
2023-07-20 16:00,7,16,Weekday,Summer,Yes,94.3,76.24,46.49
2023-07-20 17:00,7,17,Weekday,Summer,Yes,93.02,75.82,50.85
2023-07-20 18:00,7,18,Weekday,Summer,No,91.86,76.76,50.89
2023-07-20 19:00,7,19,Weekday,Summer,No,89.88,76.32,57.09
2023-07-20 20:00,7,20,Weekday,Summer,No,87.9,75.91,45.61
2023-07-20 21:00,7,21,Weekday,Summer,No,85.82,76.31,49.79
2023-07-20 22:00,7,22,Weekday,Summer,No,83.24,75.84,48.01
2023-07-20 23:00,7,23,Weekday,Summer,No,82.56,74.4,51.64
2023-07-21 00:00,7,0,Weekday,Summer,No,82.42,75.23,38.91
2023-07-21 01:00,7,1,Weekday,Summer,No,80.88,75.28,36.65
2023-07-21 02:00,7,2,Weekday,Summer,No,78.9,75.07,39.88
2023-07-21 03:00,7,3,Weekday,Summer,No,78.08,74.16,37.1
2023-07-21 04:00,7,4,Weekday,Summer,No,77.45,74.38,35.76
2023-07-21 05:00,7,5,Weekday,Summer,No,77.0,74.6,28.14
2023-07-21 06:00,7,6,Weekday,Summer,No,77.0,74.12,29.96
2023-07-21 07:00,7,7,Weekday,Summer,No,78.78,75.28,23.3
2023-07-21 08:00,7,8,Weekday,Summer,Yes,82.9,75.88,39.15
2023-07-21 09:00,7,9,Weekday,Summer,Yes,87.34,74.97,37.01
2023-07-21 10:00,7,10,Weekday,Summer,Yes,91.37,74.95,44.1
2023-07-21 11:00,7,11,Weekday,Summer,Yes,94.8,75.02,50.67
2023-07-21 12:00,7,12,Weekday,Summer,Yes,96.6,76.13,48.55
2023-07-21 13:00,7,13,Weekday,Summer,Yes,96.98,75.86,48.55
2023-07-21 14:00,7,14,Weekday,Summer,Yes,89.94,75.13,41.04
2023-07-21 15:00,7,15,Weekday,Summer,Yes,87.34,74.89,45.27
2023-07-21 16:00,7,16,Weekday,Summer,Yes,91.9,75.55,47.41
2023-07-21 17:00,7,17,Weekday,Summer,Yes,91.61,74.94,55.41
2023-07-21 18:00,7,18,Weekday,Summer,No,88.8,75.36,53.47
2023-07-21 19:00,7,19,Weekday,Summer,No,86.2,75.95,45.95
2023-07-21 20:00,7,20,Weekday,Summer,No,83.77,75.52,49.93
2023-07-21 21:00,7,21,Weekday,Summer,No,81.26,76.66,47.36
2023-07-21 22:00,7,22,Weekday,Summer,No,79.43,75.24,44.87
2023-07-21 23:00,7,23,Weekday,Summer,No,79.61,75.09,48.81
2023-07-22 00:00,7,0,Weekend,Summer,No,77.65,74.38,29.26
2023-07-22 01:00,7,1,Weekend,Summer,No,75.92,73.56,30.94
2023-07-22 02:00,7,2,Weekend,Summer,No,75.92,73.55,25.7
2023-07-22 03:00,7,3,Weekend,Summer,No,75.4,74.67,28.51
2023-07-22 04:00,7,4,Weekend,Summer,No,73.86,75.12,29.22
2023-07-22 05:00,7,5,Weekend,Summer,No,72.41,74.22,34.78
2023-07-22 06:00,7,6,Weekend,Summer,No,76.68,74.91,33.17
2023-07-22 07:00,7,7,Weekend,Summer,No,83.52,75.89,43.89
2023-07-22 08:00,7,8,Weekend,Summer,No,88.31,75.61,41.64
2023-07-22 09:00,7,9,Weekend,Summer,No,91.74,75.83,40.09
2023-07-22 10:00,7,10,Weekend,Summer,No,94.8,76.86,47.57
2023-07-22 11:00,7,11,Weekend,Summer,No,96.08,77.37,47.09
2023-07-22 12:00,7,12,Weekend,Summer,No,98.39,78.58,52.82
2023-07-22 13:00,7,13,Weekend,Summer,No,101.2,78.04,52.53
2023-07-22 14:00,7,14,Weekend,Summer,No,102.02,77.36,51.9
2023-07-22 15:00,7,15,Weekend,Summer,No,102.02,77.9,53.93
2023-07-22 16:00,7,16,Weekend,Summer,No,103.18,77.59,59.7
2023-07-22 17:00,7,17,Weekend,Summer,No,102.84,78.26,64.24
2023-07-22 18:00,7,18,Weekend,Summer,No,100.86,78.49,61.96
2023-07-22 19:00,7,19,Weekend,Summer,No,96.47,77.23,55.1
2023-07-22 20:00,7,20,Weekend,Summer,No,92.76,76.45,56.05
2023-07-22 21:00,7,21,Weekend,Summer,No,90.26,76.97,58.65
2023-07-22 22:00,7,22,Weekend,Summer,No,86.65,74.99,54.09
2023-07-22 23:00,7,23,Weekend,Summer,No,83.24,75.53,49.07
2023-07-23 00:00,7,0,Weekend,Summer,No,80.88,74.64,33.71
2023-07-23 01:00,7,1,Weekend,Summer,No,78.9,75.29,36.42
2023-07-23 02:00,7,2,Weekend,Summer,No,78.08,74.3,28.18
2023-07-23 03:00,7,3,Weekend,Summer,No,77.45,75.78,30.05
2023-07-23 04:00,7,4,Weekend,Summer,No,76.37,75.7,30.4
2023-07-23 05:00,7,5,Weekend,Summer,No,75.4,74.26,34.19
2023-07-23 06:00,7,6,Weekend,Summer,No,77.33,75.45,33.76
2023-07-23 07:00,7,7,Weekend,Summer,No,81.92,75.23,37.18
2023-07-23 08:00,7,8,Weekend,Summer,No,85.8,74.72,42.61
2023-07-23 09:00,7,9,Weekend,Summer,No,89.92,76.61,47.73
2023-07-23 10:00,7,10,Weekend,Summer,No,94.35,76.98,46.2
2023-07-23 11:00,7,11,Weekend,Summer,No,96.6,76.42,39.88
2023-07-23 12:00,7,12,Weekend,Summer,No,98.77,77.34,51.48
2023-07-23 13:00,7,13,Weekend,Summer,No,100.57,76.28,49.06
2023-07-23 14:00,7,14,Weekend,Summer,No,101.57,78.5,46.23
2023-07-23 15:00,7,15,Weekend,Summer,No,101.39,77.7,45.78
2023-07-23 16:00,7,16,Weekend,Summer,No,97.48,76.96,49.23
2023-07-23 17:00,7,17,Weekend,Summer,No,96.78,77.98,54.01
2023-07-23 18:00,7,18,Weekend,Summer,No,98.06,76.81,64.82
2023-07-23 19:00,7,19,Weekend,Summer,No,94.49,76.91,52.51
2023-07-23 20:00,7,20,Weekend,Summer,No,91.42,76.02,54.5
2023-07-23 21:00,7,21,Weekend,Summer,No,89.88,75.56,49.97
2023-07-23 22:00,7,22,Weekend,Summer,No,87.9,76.63,54.56
2023-07-23 23:00,7,23,Weekend,Summer,No,85.82,75.13,53.7
2023-07-24 00:00,7,0,Weekday,Summer,No,83.77,75.65,39.6
2023-07-24 01:00,7,1,Weekday,Summer,No,81.78,75.1,44.26
2023-07-24 02:00,7,2,Weekday,Summer,No,80.44,74.08,37.86
2023-07-24 03:00,7,3,Weekday,Summer,No,79.43,75.16,30.74
2023-07-24 04:00,7,4,Weekday,Summer,No,78.46,74.4,32.62
2023-07-24 05:00,7,5,Weekday,Summer,No,77.45,74.13,28.32
2023-07-24 06:00,7,6,Weekday,Summer,No,78.78,74.27,41.26
2023-07-24 07:00,7,7,Weekday,Summer,No,83.52,74.84,40.91
2023-07-24 08:00,7,8,Weekday,Summer,Yes,87.78,76.06,41.54
2023-07-24 09:00,7,9,Weekday,Summer,Yes,90.22,75.28,42.3
2023-07-24 10:00,7,10,Weekday,Summer,Yes,92.2,75.86,47.37
2023-07-24 11:00,7,11,Weekday,Summer,Yes,94.8,76.12,40.18
2023-07-24 12:00,7,12,Weekday,Summer,Yes,98.92,75.55,51.89
2023-07-24 13:00,7,13,Weekday,Summer,Yes,102.1,77.7,58.82
2023-07-24 14:00,7,14,Weekday,Summer,Yes,102.92,76.72,47.79
2023-07-24 15:00,7,15,Weekday,Summer,Yes,104.18,76.88,52.31
2023-07-24 16:00,7,16,Weekday,Summer,Yes,105.08,77.23,53.57
2023-07-24 17:00,7,17,Weekday,Summer,Yes,101.51,76.67,62.91
2023-07-24 18:00,7,18,Weekday,Summer,No,88.46,75.89,52.38
2023-07-24 19:00,7,19,Weekday,Summer,No,76.87,74.38,50.52
2023-07-24 20:00,7,20,Weekday,Summer,No,74.57,73.53,49.3
2023-07-24 21:00,7,21,Weekday,Summer,No,75.02,74.76,37.99
2023-07-24 22:00,7,22,Weekday,Summer,No,76.8,74.41,41.47
2023-07-24 23:00,7,23,Weekday,Summer,No,79.76,74.84,51.58
2023-07-25 00:00,7,0,Weekday,Summer,No,80.44,73.44,35.84
2023-07-25 01:00,7,1,Weekday,Summer,No,78.9,74.25,36.97
2023-07-25 02:00,7,2,Weekday,Summer,No,76.82,74.49,35.29
2023-07-25 03:00,7,3,Weekday,Summer,No,75.4,74.22,33.64
2023-07-25 04:00,7,4,Weekday,Summer,No,75.02,73.87,31.69
2023-07-25 05:00,7,5,Weekday,Summer,No,75.02,74.65,34.07
2023-07-25 06:00,7,6,Weekday,Summer,No,76.8,75.52,39.06
2023-07-25 07:00,7,7,Weekday,Summer,No,79.24,75.67,34.67
2023-07-25 08:00,7,8,Weekday,Summer,Yes,83.52,74.28,43.98
2023-07-25 09:00,7,9,Weekday,Summer,Yes,87.78,75.34,40.63
2023-07-25 10:00,7,10,Weekday,Summer,Yes,91.37,76.48,48.02
2023-07-25 11:00,7,11,Weekday,Summer,Yes,95.33,75.6,52.97
2023-07-25 12:00,7,12,Weekday,Summer,Yes,98.14,76.6,50.11
2023-07-25 13:00,7,13,Weekday,Summer,Yes,100.12,77.42,50.98
2023-07-25 14:00,7,14,Weekday,Summer,Yes,102.1,76.28,51.29
2023-07-25 15:00,7,15,Weekday,Summer,Yes,102.4,77.0,53.09
2023-07-25 16:00,7,16,Weekday,Summer,Yes,101.39,77.14,49.14
2023-07-25 17:00,7,17,Weekday,Summer,Yes,99.78,77.05,57.28
2023-07-25 18:00,7,18,Weekday,Summer,No,97.28,77.41,53.05
2023-07-25 19:00,7,19,Weekday,Summer,No,94.82,76.8,51.55
2023-07-25 20:00,7,20,Weekday,Summer,No,88.67,76.18,56.5
2023-07-25 21:00,7,21,Weekday,Summer,No,84.4,76.12,51.22
2023-07-25 22:00,7,22,Weekday,Summer,No,84.02,75.55,45.41
2023-07-25 23:00,7,23,Weekday,Summer,No,81.71,74.99,45.03
2023-07-26 00:00,7,0,Weekday,Summer,No,78.9,74.95,31.5
2023-07-26 01:00,7,1,Weekday,Summer,No,76.82,74.02,35.3
2023-07-26 02:00,7,2,Weekday,Summer,No,74.24,73.46,34.3
2023-07-26 03:00,7,3,Weekday,Summer,No,73.56,74.2,30.31
2023-07-26 04:00,7,4,Weekday,Summer,No,75.1,74.06,28.62
2023-07-26 05:00,7,5,Weekday,Summer,No,75.4,75.26,40.66
2023-07-26 06:00,7,6,Weekday,Summer,No,75.54,74.36,34.55
2023-07-26 07:00,7,7,Weekday,Summer,No,77.18,74.53,37.23
2023-07-26 08:00,7,8,Weekday,Summer,Yes,81.54,74.79,35.24
2023-07-26 09:00,7,9,Weekday,Summer,Yes,86.33,74.37,39.02
2023-07-26 10:00,7,10,Weekday,Summer,Yes,87.98,75.59,45.42
2023-07-26 11:00,7,11,Weekday,Summer,Yes,90.29,75.13,41.64
2023-07-26 12:00,7,12,Weekday,Summer,Yes,94.35,76.5,47.12
2023-07-26 13:00,7,13,Weekday,Summer,Yes,97.24,76.85,52.73
2023-07-26 14:00,7,14,Weekday,Summer,Yes,98.06,76.22,46.57
2023-07-26 15:00,7,15,Weekday,Summer,Yes,98.58,75.59,54.55
2023-07-26 16:00,7,16,Weekday,Summer,Yes,99.59,76.23,44.07
2023-07-26 17:00,7,17,Weekday,Summer,Yes,98.88,76.53,54.37
2023-07-26 18:00,7,18,Weekday,Summer,No,96.28,77.08,54.08
2023-07-26 19:00,7,19,Weekday,Summer,No,93.22,76.84,54.93
2023-07-26 20:00,7,20,Weekday,Summer,No,90.78,75.83,54.49
2023-07-26 21:00,7,21,Weekday,Summer,No,88.8,75.99,47.44
2023-07-26 22:00,7,22,Weekday,Summer,No,85.67,75.52,51.12
2023-07-26 23:00,7,23,Weekday,Summer,No,82.86,75.36,45.44
2023-07-27 00:00,7,0,Weekday,Summer,No,81.41,75.41,41.71
2023-07-27 01:00,7,1,Weekday,Summer,No,80.44,74.99,31.67
2023-07-27 02:00,7,2,Weekday,Summer,No,78.9,74.91,26.97
2023-07-27 03:00,7,3,Weekday,Summer,No,78.08,74.67,32.72
2023-07-27 04:00,7,4,Weekday,Summer,No,77.45,73.45,30.5
2023-07-27 05:00,7,5,Weekday,Summer,No,76.37,73.85,34.27
2023-07-27 06:00,7,6,Weekday,Summer,No,77.18,74.37,34.17
2023-07-27 07:00,7,7,Weekday,Summer,No,80.92,75.17,37.83
2023-07-27 08:00,7,8,Weekday,Summer,Yes,85.36,75.41,43.7
2023-07-27 09:00,7,9,Weekday,Summer,Yes,89.39,74.68,45.02
2023-07-27 10:00,7,10,Weekday,Summer,Yes,92.2,76.12,40.7
2023-07-27 11:00,7,11,Weekday,Summer,Yes,94.18,76.12,49.0
2023-07-27 12:00,7,12,Weekday,Summer,Yes,96.78,76.54,51.85
2023-07-27 13:00,7,13,Weekday,Summer,Yes,99.22,76.31,43.58
2023-07-27 14:00,7,14,Weekday,Summer,Yes,99.41,76.7,47.83
2023-07-27 15:00,7,15,Weekday,Summer,Yes,89.09,75.5,41.68
2023-07-27 16:00,7,16,Weekday,Summer,Yes,79.73,74.41,37.84
2023-07-27 17:00,7,17,Weekday,Summer,Yes,79.76,74.16,50.31
2023-07-27 18:00,7,18,Weekday,Summer,No,80.44,74.67,49.59
2023-07-27 19:00,7,19,Weekday,Summer,No,77.65,74.14,41.08
2023-07-27 20:00,7,20,Weekday,Summer,No,75.4,74.51,41.45
2023-07-27 21:00,7,21,Weekday,Summer,No,75.02,74.21,47.97
2023-07-27 22:00,7,22,Weekday,Summer,No,73.86,73.26,39.23
2023-07-27 23:00,7,23,Weekday,Summer,No,73.56,74.08,45.13
2023-07-28 00:00,7,0,Weekday,Summer,No,73.42,73.96,38.11
2023-07-28 01:00,7,1,Weekday,Summer,No,73.04,73.98,27.05
2023-07-28 02:00,7,2,Weekday,Summer,No,73.04,73.89,30.68
2023-07-28 03:00,7,3,Weekday,Summer,No,73.56,73.49,30.17
2023-07-28 04:00,7,4,Weekday,Summer,No,72.78,73.78,21.54
2023-07-28 05:00,7,5,Weekday,Summer,No,71.96,74.73,29.38
2023-07-28 06:00,7,6,Weekday,Summer,No,73.74,74.5,33.13
2023-07-28 07:00,7,7,Weekday,Summer,No,76.8,74.37,32.92
2023-07-28 08:00,7,8,Weekday,Summer,Yes,79.24,74.85,38.98
2023-07-28 09:00,7,9,Weekday,Summer,Yes,81.22,73.93,39.33
2023-07-28 10:00,7,10,Weekday,Summer,Yes,83.72,75.12,40.05
2023-07-28 11:00,7,11,Weekday,Summer,Yes,86.18,75.1,49.83
2023-07-28 12:00,7,12,Weekday,Summer,Yes,88.76,75.12,39.09
2023-07-28 13:00,7,13,Weekday,Summer,Yes,92.27,75.71,47.56
2023-07-28 14:00,7,14,Weekday,Summer,Yes,93.92,75.48,47.9
2023-07-28 15:00,7,15,Weekday,Summer,Yes,94.55,75.43,44.52
2023-07-28 16:00,7,16,Weekday,Summer,Yes,95.63,76.64,46.0
2023-07-28 17:00,7,17,Weekday,Summer,Yes,95.45,76.38,57.58
2023-07-28 18:00,7,18,Weekday,Summer,No,93.84,77.24,56.88
2023-07-28 19:00,7,19,Weekday,Summer,No,91.86,76.33,49.85
2023-07-28 20:00,7,20,Weekday,Summer,No,89.88,76.54,56.6
2023-07-28 21:00,7,21,Weekday,Summer,No,86.65,76.7,49.08
2023-07-28 22:00,7,22,Weekday,Summer,No,84.4,75.54,44.83
2023-07-28 23:00,7,23,Weekday,Summer,No,82.24,75.13,50.06
2023-07-29 00:00,7,0,Weekend,Summer,No,77.5,74.66,26.98
2023-07-29 01:00,7,1,Weekend,Summer,No,75.02,73.84,32.98
2023-07-29 02:00,7,2,Weekend,Summer,No,75.54,74.07,32.71
2023-07-29 03:00,7,3,Weekend,Summer,No,75.4,74.44,38.82
2023-07-29 04:00,7,4,Weekend,Summer,No,74.39,74.33,34.27
2023-07-29 05:00,7,5,Weekend,Summer,No,73.94,73.67,37.14
2023-07-29 06:00,7,6,Weekend,Summer,No,74.57,74.35,33.72
2023-07-29 07:00,7,7,Weekend,Summer,No,76.18,74.66,41.93
2023-07-29 08:00,7,8,Weekend,Summer,No,78.78,75.1,35.19
2023-07-29 09:00,7,9,Weekend,Summer,No,81.22,75.22,37.91
2023-07-29 10:00,7,10,Weekend,Summer,No,84.98,76.58,36.02
2023-07-29 11:00,7,11,Weekend,Summer,No,89.39,75.83,41.57
2023-07-29 12:00,7,12,Weekend,Summer,No,92.72,76.85,39.21
2023-07-29 13:00,7,13,Weekend,Summer,No,93.92,75.99,55.68
2023-07-29 14:00,7,14,Weekend,Summer,No,86.99,75.27,39.8
2023-07-29 15:00,7,15,Weekend,Summer,No,83.2,75.49,38.75
2023-07-29 16:00,7,16,Weekend,Summer,No,84.54,75.06,40.04
2023-07-29 17:00,7,17,Weekend,Summer,No,85.55,75.76,43.02
2023-07-29 18:00,7,18,Weekend,Summer,No,84.84,76.42,49.41
2023-07-29 19:00,7,19,Weekend,Summer,No,82.24,75.28,45.98
2023-07-29 20:00,7,20,Weekend,Summer,No,80.96,75.45,45.88
2023-07-29 21:00,7,21,Weekend,Summer,No,80.44,74.65,47.12
2023-07-29 22:00,7,22,Weekend,Summer,No,75.96,74.03,45.15
2023-07-29 23:00,7,23,Weekend,Summer,No,71.88,73.62,37.16
2023-07-30 00:00,7,0,Weekend,Summer,No,71.06,74.79,28.56
2023-07-30 01:00,7,1,Weekend,Summer,No,71.06,73.34,31.47
2023-07-30 02:00,7,2,Weekend,Summer,No,71.06,73.08,34.98
2023-07-30 03:00,7,3,Weekend,Summer,No,71.06,74.61,33.15
2023-07-30 04:00,7,4,Weekend,Summer,No,70.43,72.67,29.23
2023-07-30 05:00,7,5,Weekend,Summer,No,69.98,73.83,30.48
2023-07-30 06:00,7,6,Weekend,Summer,No,72.29,73.74,29.89
2023-07-30 07:00,7,7,Weekend,Summer,No,73.94,74.14,34.99
2023-07-30 08:00,7,8,Weekend,Summer,No,76.35,73.92,28.3
2023-07-30 09:00,7,9,Weekend,Summer,No,77.45,74.77,32.64
2023-07-30 10:00,7,10,Weekend,Summer,No,77.63,74.48,41.34
2023-07-30 11:00,7,11,Weekend,Summer,No,80.39,74.9,32.01
2023-07-30 12:00,7,12,Weekend,Summer,No,81.41,75.16,32.22
2023-07-30 13:00,7,13,Weekend,Summer,No,82.74,74.78,37.42
2023-07-30 14:00,7,14,Weekend,Summer,No,86.33,75.62,43.66
2023-07-30 15:00,7,15,Weekend,Summer,No,89.14,76.16,41.15
2023-07-30 16:00,7,16,Weekend,Summer,No,88.8,75.9,39.18
2023-07-30 17:00,7,17,Weekend,Summer,No,85.67,75.81,53.43
2023-07-30 18:00,7,18,Weekend,Summer,No,82.24,75.63,46.98
2023-07-30 19:00,7,19,Weekend,Summer,No,80.44,75.69,48.97
2023-07-30 20:00,7,20,Weekend,Summer,No,78.9,75.79,42.46
2023-07-30 21:00,7,21,Weekend,Summer,No,78.08,75.04,41.93
2023-07-30 22:00,7,22,Weekend,Summer,No,77.45,74.77,44.61
2023-07-30 23:00,7,23,Weekend,Summer,No,76.37,74.33,40.69
2023-07-31 00:00,7,0,Weekday,Summer,No,75.4,74.18,34.3
2023-07-31 01:00,7,1,Weekday,Summer,No,75.02,74.21,29.97
2023-07-31 02:00,7,2,Weekday,Summer,No,74.39,73.6,30.77
2023-07-31 03:00,7,3,Weekday,Summer,No,73.42,74.37,27.3
2023-07-31 04:00,7,4,Weekday,Summer,No,72.41,73.46,36.33
2023-07-31 05:00,7,5,Weekday,Summer,No,71.96,73.74,28.04
2023-07-31 06:00,7,6,Weekday,Summer,No,72.59,73.13,31.24
2023-07-31 07:00,7,7,Weekday,Summer,No,74.72,73.93,31.07
2023-07-31 08:00,7,8,Weekday,Summer,Yes,78.86,74.22,36.5
2023-07-31 09:00,7,9,Weekday,Summer,Yes,82.74,73.74,38.37
2023-07-31 10:00,7,10,Weekday,Summer,Yes,85.8,75.28,41.08
2023-07-31 11:00,7,11,Weekday,Summer,Yes,87.6,74.22,42.38
2023-07-31 12:00,7,12,Weekday,Summer,Yes,89.14,75.41,44.29
2023-07-31 13:00,7,13,Weekday,Summer,Yes,91.12,75.15,42.2
2023-07-31 14:00,7,14,Weekday,Summer,Yes,90.78,75.27,44.91
2023-07-31 15:00,7,15,Weekday,Summer,Yes,87.02,74.05,43.64
2023-07-31 16:00,7,16,Weekday,Summer,Yes,84.4,75.15,34.94
2023-07-31 17:00,7,17,Weekday,Summer,Yes,84.02,74.9,50.48
2023-07-31 18:00,7,18,Weekday,Summer,No,84.02,75.52,50.11
2023-07-31 19:00,7,19,Weekday,Summer,No,81.71,74.33,39.33
2023-07-31 20:00,7,20,Weekday,Summer,No,79.43,75.17,42.73
2023-07-31 21:00,7,21,Weekday,Summer,No,78.98,74.89,51.79
2023-07-31 22:00,7,22,Weekday,Summer,No,78.98,74.78,47.8
2023-07-31 23:00,7,23,Weekday,Summer,No,78.98,74.24,39.16
2023-08-01 00:00,8,0,Weekday,Summer,No,78.98,74.5,38.6
2023-08-01 01:00,8,1,Weekday,Summer,No,78.98,75.19,36.37
2023-08-01 02:00,8,2,Weekday,Summer,No,78.98,75.31,32.52
2023-08-01 03:00,8,3,Weekday,Summer,No,78.98,75.48,35.1
2023-08-01 04:00,8,4,Weekday,Summer,No,79.61,75.12,40.04
2023-08-01 05:00,8,5,Weekday,Summer,No,79.43,74.93,32.98
2023-08-01 06:00,8,6,Weekday,Summer,No,77.82,74.53,35.52
2023-08-01 07:00,8,7,Weekday,Summer,No,77.63,74.68,37.76
2023-08-01 08:00,8,8,Weekday,Summer,Yes,79.76,74.45,38.92
2023-08-01 09:00,8,9,Weekday,Summer,Yes,84.53,73.95,40.37
2023-08-01 10:00,8,10,Weekday,Summer,Yes,87.08,74.62,52.95
2023-08-01 11:00,8,11,Weekday,Summer,Yes,89.92,75.3,42.23
2023-08-01 12:00,8,12,Weekday,Summer,Yes,92.57,77.01,44.14
2023-08-01 13:00,8,13,Weekday,Summer,Yes,94.18,76.08,50.98
2023-08-01 14:00,8,14,Weekday,Summer,Yes,94.37,76.43,46.78
2023-08-01 15:00,8,15,Weekday,Summer,Yes,95.7,77.45,44.4
2023-08-01 16:00,8,16,Weekday,Summer,Yes,96.46,75.9,49.74
2023-08-01 17:00,8,17,Weekday,Summer,Yes,94.3,75.35,60.41
2023-08-01 18:00,8,18,Weekday,Summer,No,90.71,75.83,50.43
2023-08-01 19:00,8,19,Weekday,Summer,No,88.43,75.62,52.17
2023-08-01 20:00,8,20,Weekday,Summer,No,87.46,75.05,56.72
2023-08-01 21:00,8,21,Weekday,Summer,No,86.45,74.53,43.28
2023-08-01 22:00,8,22,Weekday,Summer,No,85.37,75.76,49.47
2023-08-01 23:00,8,23,Weekday,Summer,No,84.4,74.66,39.1
2023-08-02 00:00,8,0,Weekday,Summer,No,82.86,75.24,45.47
2023-08-02 01:00,8,1,Weekday,Summer,No,81.41,74.56,35.16
2023-08-02 02:00,8,2,Weekday,Summer,No,80.44,74.89,32.46
2023-08-02 03:00,8,3,Weekday,Summer,No,78.9,74.96,40.78
2023-08-02 04:00,8,4,Weekday,Summer,No,76.82,74.02,33.98
2023-08-02 05:00,8,5,Weekday,Summer,No,75.92,73.96,35.86
2023-08-02 06:00,8,6,Weekday,Summer,No,77.18,75.13,26.89
2023-08-02 07:00,8,7,Weekday,Summer,No,80.92,76.36,41.27
2023-08-02 08:00,8,8,Weekday,Summer,Yes,85.88,74.62,36.28
2023-08-02 09:00,8,9,Weekday,Summer,Yes,90.29,75.44,41.89
2023-08-02 10:00,8,10,Weekday,Summer,Yes,93.1,76.68,51.93
2023-08-02 11:00,8,11,Weekday,Summer,Yes,95.18,76.75,42.5
2023-08-02 12:00,8,12,Weekday,Summer,Yes,98.39,76.48,43.34
2023-08-02 13:00,8,13,Weekday,Summer,Yes,100.57,76.35,53.99
2023-08-02 14:00,8,14,Weekday,Summer,Yes,101.57,76.74,50.02
2023-08-02 15:00,8,15,Weekday,Summer,Yes,100.23,76.24,48.36
2023-08-02 16:00,8,16,Weekday,Summer,Yes,82.06,74.28,43.23
2023-08-02 17:00,8,17,Weekday,Summer,Yes,72.92,72.92,42.11
2023-08-02 18:00,8,18,Weekday,Summer,No,75.02,73.43,40.86
2023-08-02 19:00,8,19,Weekday,Summer,No,75.54,73.91,40.63
2023-08-02 20:00,8,20,Weekday,Summer,No,75.92,73.26,47.72
2023-08-02 21:00,8,21,Weekday,Summer,No,75.92,74.27,42.44
2023-08-02 22:00,8,22,Weekday,Summer,No,75.92,73.71,41.06
2023-08-02 23:00,8,23,Weekday,Summer,No,75.92,74.62,45.35
2023-08-03 00:00,8,0,Weekday,Summer,No,75.92,74.81,32.19
2023-08-03 01:00,8,1,Weekday,Summer,No,76.55,74.34,26.24
2023-08-03 02:00,8,2,Weekday,Summer,No,76.37,74.14,38.87
2023-08-03 03:00,8,3,Weekday,Summer,No,75.92,74.6,34.29
2023-08-03 04:00,8,4,Weekday,Summer,No,75.4,74.45,35.11
2023-08-03 05:00,8,5,Weekday,Summer,No,73.86,74.77,24.48
2023-08-03 06:00,8,6,Weekday,Summer,No,73.56,74.25,26.87
2023-08-03 07:00,8,7,Weekday,Summer,No,77.51,74.95,32.77
2023-08-03 08:00,8,8,Weekday,Summer,Yes,81.74,74.0,41.56
2023-08-03 09:00,8,9,Weekday,Summer,Yes,85.88,75.18,31.55
2023-08-03 10:00,8,10,Weekday,Summer,Yes,89.77,76.19,43.16
2023-08-03 11:00,8,11,Weekday,Summer,Yes,92.2,75.94,47.78
2023-08-03 12:00,8,12,Weekday,Summer,Yes,93.02,75.74,44.77
2023-08-03 13:00,8,13,Weekday,Summer,Yes,95.33,76.48,46.4
2023-08-03 14:00,8,14,Weekday,Summer,Yes,98.14,75.91,52.01
2023-08-03 15:00,8,15,Weekday,Summer,Yes,98.96,77.23,44.76
2023-08-03 16:00,8,16,Weekday,Summer,Yes,98.44,77.51,46.95
2023-08-03 17:00,8,17,Weekday,Summer,Yes,98.06,75.95,57.52
2023-08-03 18:00,8,18,Weekday,Summer,No,96.28,76.85,59.01
2023-08-03 19:00,8,19,Weekday,Summer,No,93.84,76.18,58.05
2023-08-03 20:00,8,20,Weekday,Summer,No,91.23,76.55,56.71
2023-08-03 21:00,8,21,Weekday,Summer,No,89.43,75.6,47.42
2023-08-03 22:00,8,22,Weekday,Summer,No,87.28,75.84,46.63
2023-08-03 23:00,8,23,Weekday,Summer,No,84.84,75.01,54.27
2023-08-04 00:00,8,0,Weekday,Summer,No,82.86,75.16,33.13
2023-08-04 01:00,8,1,Weekday,Summer,No,82.56,74.49,33.96
2023-08-04 02:00,8,2,Weekday,Summer,No,80.1,75.3,33.65
2023-08-04 03:00,8,3,Weekday,Summer,No,76.3,73.64,32.13
2023-08-04 04:00,8,4,Weekday,Summer,No,75.54,74.78,31.74
2023-08-04 05:00,8,5,Weekday,Summer,No,75.92,74.37,33.29
2023-08-04 06:00,8,6,Weekday,Summer,No,71.93,74.04,40.56
2023-08-04 07:00,8,7,Weekday,Summer,No,70.24,73.79,33.37
2023-08-04 08:00,8,8,Weekday,Summer,Yes,73.37,73.48,29.72
2023-08-04 09:00,8,9,Weekday,Summer,Yes,79.64,73.56,40.76
2023-08-04 10:00,8,10,Weekday,Summer,Yes,85.88,74.25,38.62
2023-08-04 11:00,8,11,Weekday,Summer,Yes,90.92,75.66,44.48
2023-08-04 12:00,8,12,Weekday,Summer,Yes,94.18,76.21,44.33
2023-08-04 13:00,8,13,Weekday,Summer,Yes,96.16,76.67,40.64
2023-08-04 14:00,8,14,Weekday,Summer,Yes,96.46,75.85,47.67
2023-08-04 15:00,8,15,Weekday,Summer,Yes,91.98,75.39,39.13
2023-08-04 16:00,8,16,Weekday,Summer,Yes,94.31,76.3,50.36
2023-08-04 17:00,8,17,Weekday,Summer,Yes,92.81,75.46,58.01
2023-08-04 18:00,8,18,Weekday,Summer,No,81.4,75.2,46.14
2023-08-04 19:00,8,19,Weekday,Summer,No,75.92,73.96,51.55
2023-08-04 20:00,8,20,Weekday,Summer,No,75.92,74.48,39.8
2023-08-04 21:00,8,21,Weekday,Summer,No,75.92,74.71,46.43
2023-08-04 22:00,8,22,Weekday,Summer,No,75.4,74.55,49.86
2023-08-04 23:00,8,23,Weekday,Summer,No,75.02,74.68,39.91
2023-08-05 00:00,8,0,Weekend,Summer,No,75.02,74.69,32.22
2023-08-05 01:00,8,1,Weekend,Summer,No,75.02,74.43,37.22
2023-08-05 02:00,8,2,Weekend,Summer,No,74.39,74.16,31.93
2023-08-05 03:00,8,3,Weekend,Summer,No,72.26,72.3,23.88
2023-08-05 04:00,8,4,Weekend,Summer,No,71.58,74.21,29.69
2023-08-05 05:00,8,5,Weekend,Summer,No,72.59,74.15,27.76
2023-08-05 06:00,8,6,Weekend,Summer,No,74.19,73.92,33.22
2023-08-05 07:00,8,7,Weekend,Summer,No,76.8,74.89,41.95
2023-08-05 08:00,8,8,Weekend,Summer,No,80.92,74.42,33.29
2023-08-05 09:00,8,9,Weekend,Summer,No,82.94,74.97,37.33
2023-08-05 10:00,8,10,Weekend,Summer,No,85.88,74.69,40.53
2023-08-05 11:00,8,11,Weekend,Summer,No,89.77,75.88,45.11
2023-08-05 12:00,8,12,Weekend,Summer,No,92.2,76.42,35.77
2023-08-05 13:00,8,13,Weekend,Summer,No,95.33,76.78,44.95
2023-08-05 14:00,8,14,Weekend,Summer,No,96.46,77.23,48.47
2023-08-05 15:00,8,15,Weekend,Summer,No,94.82,77.16,52.8
2023-08-05 16:00,8,16,Weekend,Summer,No,93.92,77.59,52.95
2023-08-05 17:00,8,17,Weekend,Summer,No,93.4,76.64,55.5
2023-08-05 18:00,8,18,Weekend,Summer,No,90.71,77.09,47.74
2023-08-05 19:00,8,19,Weekend,Summer,No,87.28,75.77,44.81
2023-08-05 20:00,8,20,Weekend,Summer,No,85.37,76.68,50.47
2023-08-05 21:00,8,21,Weekend,Summer,No,84.4,75.46,47.83
2023-08-05 22:00,8,22,Weekend,Summer,No,83.39,75.02,43.74
2023-08-05 23:00,8,23,Weekend,Summer,No,82.94,74.3,48.01
2023-08-06 00:00,8,0,Weekend,Summer,No,81.78,74.57,33.76
2023-08-06 01:00,8,1,Weekend,Summer,No,79.81,75.38,36.12
2023-08-06 02:00,8,2,Weekend,Summer,No,78.46,74.73,32.45
2023-08-06 03:00,8,3,Weekend,Summer,No,77.45,74.23,39.24
2023-08-06 04:00,8,4,Weekend,Summer,No,76.37,74.43,33.95
2023-08-06 05:00,8,5,Weekend,Summer,No,75.4,74.62,29.02
2023-08-06 06:00,8,6,Weekend,Summer,No,76.8,75.32,35.47
2023-08-06 07:00,8,7,Weekend,Summer,No,80.39,75.63,39.8
2023-08-06 08:00,8,8,Weekend,Summer,No,84.98,75.84,38.08
2023-08-06 09:00,8,9,Weekend,Summer,No,88.23,76.13,43.58
2023-08-06 10:00,8,10,Weekend,Summer,No,90.74,76.56,40.47
2023-08-06 11:00,8,11,Weekend,Summer,No,94.35,76.26,42.28
2023-08-06 12:00,8,12,Weekend,Summer,No,96.08,76.4,44.38
2023-08-06 13:00,8,13,Weekend,Summer,No,98.39,77.76,54.74
2023-08-06 14:00,8,14,Weekend,Summer,No,100.04,77.7,59.68
2023-08-06 15:00,8,15,Weekend,Summer,No,99.41,78.01,52.12
2023-08-06 16:00,8,16,Weekend,Summer,No,98.96,77.9,50.63
2023-08-06 17:00,8,17,Weekend,Summer,No,98.44,76.93,54.93
2023-08-06 18:00,8,18,Weekend,Summer,No,97.43,76.33,62.34
2023-08-06 19:00,8,19,Weekend,Summer,No,90.58,75.55,53.76
2023-08-06 20:00,8,20,Weekend,Summer,No,87.16,75.21,54.33
2023-08-06 21:00,8,21,Weekend,Summer,No,87.98,76.24,59.04
2023-08-06 22:00,8,22,Weekend,Summer,No,87.46,77.16,45.96
2023-08-06 23:00,8,23,Weekend,Summer,No,85.3,75.65,55.08
2023-08-07 00:00,8,0,Weekday,Summer,No,83.39,75.11,41.59
2023-08-07 01:00,8,1,Weekday,Summer,No,82.42,75.36,38.84
2023-08-07 02:00,8,2,Weekday,Summer,No,81.41,74.16,35.87
2023-08-07 03:00,8,3,Weekday,Summer,No,79.81,75.12,36.44
2023-08-07 04:00,8,4,Weekday,Summer,No,78.46,74.92,30.31
2023-08-07 05:00,8,5,Weekday,Summer,No,77.45,75.83,30.84
2023-08-07 06:00,8,6,Weekday,Summer,No,78.16,75.25,41.5
2023-08-07 07:00,8,7,Weekday,Summer,No,81.92,74.55,38.36
2023-08-07 08:00,8,8,Weekday,Summer,Yes,86.96,75.41,45.34
2023-08-07 09:00,8,9,Weekday,Summer,Yes,90.22,75.29,43.13
2023-08-07 10:00,8,10,Weekday,Summer,Yes,92.2,75.18,42.03
2023-08-07 11:00,8,11,Weekday,Summer,Yes,91.23,75.62,36.89
2023-08-07 12:00,8,12,Weekday,Summer,Yes,93.53,76.09,44.22
2023-08-07 13:00,8,13,Weekday,Summer,Yes,95.45,77.35,41.9
2023-08-07 14:00,8,14,Weekday,Summer,Yes,95.0,75.97,43.17
2023-08-07 15:00,8,15,Weekday,Summer,Yes,93.84,76.08,43.25
2023-08-07 16:00,8,16,Weekday,Summer,Yes,93.54,75.2,47.69
2023-08-07 17:00,8,17,Weekday,Summer,Yes,95.18,76.34,61.85
2023-08-07 18:00,8,18,Weekday,Summer,No,94.3,77.65,55.06
2023-08-07 19:00,8,19,Weekday,Summer,No,92.39,76.24,51.43
2023-08-07 20:00,8,20,Weekday,Summer,No,90.26,76.2,48.18
2023-08-07 21:00,8,21,Weekday,Summer,No,87.9,76.06,52.62
2023-08-07 22:00,8,22,Weekday,Summer,No,86.45,75.17,53.24
2023-08-07 23:00,8,23,Weekday,Summer,No,84.22,75.24,47.92
2023-08-08 00:00,8,0,Weekday,Summer,No,81.78,74.7,35.59
2023-08-08 01:00,8,1,Weekday,Summer,No,80.44,74.51,33.2
2023-08-08 02:00,8,2,Weekday,Summer,No,80.06,74.91,36.3
2023-08-08 03:00,8,3,Weekday,Summer,No,79.43,74.14,42.99
2023-08-08 04:00,8,4,Weekday,Summer,No,78.46,75.65,34.15
2023-08-08 05:00,8,5,Weekday,Summer,No,77.45,74.48,38.61
2023-08-08 06:00,8,6,Weekday,Summer,No,78.16,75.03,32.94
2023-08-08 07:00,8,7,Weekday,Summer,No,82.44,75.87,36.24
2023-08-08 08:00,8,8,Weekday,Summer,Yes,87.86,75.96,42.12
2023-08-08 09:00,8,9,Weekday,Summer,Yes,91.74,75.55,44.56
2023-08-08 10:00,8,10,Weekday,Summer,Yes,94.18,75.92,47.91
2023-08-08 11:00,8,11,Weekday,Summer,Yes,96.78,76.32,45.65
2023-08-08 12:00,8,12,Weekday,Summer,Yes,99.22,77.34,53.02
2023-08-08 13:00,8,13,Weekday,Summer,Yes,100.57,76.89,42.05
2023-08-08 14:00,8,14,Weekday,Summer,Yes,100.94,76.42,50.59
2023-08-08 15:00,8,15,Weekday,Summer,Yes,102.1,76.36,57.32
2023-08-08 16:00,8,16,Weekday,Summer,Yes,102.4,76.5,52.15
2023-08-08 17:00,8,17,Weekday,Summer,Yes,100.23,77.05,55.1
2023-08-08 18:00,8,18,Weekday,Summer,No,92.03,76.96,55.37
2023-08-08 19:00,8,19,Weekday,Summer,No,85.82,74.73,49.19
2023-08-08 20:00,8,20,Weekday,Summer,No,84.4,76.17,50.76
2023-08-08 21:00,8,21,Weekday,Summer,No,83.39,75.41,43.62
2023-08-08 22:00,8,22,Weekday,Summer,No,81.78,75.5,51.45
2023-08-08 23:00,8,23,Weekday,Summer,No,80.96,76.38,49.78
2023-08-09 00:00,8,0,Weekday,Summer,No,80.44,75.01,38.03
2023-08-09 01:00,8,1,Weekday,Summer,No,80.06,74.71,36.54
2023-08-09 02:00,8,2,Weekday,Summer,No,79.43,74.95,36.24
2023-08-09 03:00,8,3,Weekday,Summer,No,79.61,74.77,33.97
2023-08-09 04:00,8,4,Weekday,Summer,No,79.43,75.44,28.29
2023-08-09 05:00,8,5,Weekday,Summer,No,79.61,74.61,38.79
2023-08-09 06:00,8,6,Weekday,Summer,No,79.43,74.24,38.64
2023-08-09 07:00,8,7,Weekday,Summer,No,79.61,74.21,41.18
2023-08-09 08:00,8,8,Weekday,Summer,Yes,81.22,75.16,31.36
2023-08-09 09:00,8,9,Weekday,Summer,Yes,83.72,75.33,39.84
2023-08-09 10:00,8,10,Weekday,Summer,Yes,87.86,75.41,42.24
2023-08-09 11:00,8,11,Weekday,Summer,Yes,89.43,75.64,39.01
2023-08-09 12:00,8,12,Weekday,Summer,Yes,91.37,76.16,43.8
2023-08-09 13:00,8,13,Weekday,Summer,Yes,95.96,75.86,49.94
2023-08-09 14:00,8,14,Weekday,Summer,Yes,98.58,75.91,49.32
2023-08-09 15:00,8,15,Weekday,Summer,Yes,98.44,76.12,47.89
2023-08-09 16:00,8,16,Weekday,Summer,Yes,98.58,77.31,50.44
2023-08-09 17:00,8,17,Weekday,Summer,Yes,96.65,77.22,58.86
2023-08-09 18:00,8,18,Weekday,Summer,No,94.37,76.27,52.97
2023-08-09 19:00,8,19,Weekday,Summer,No,91.61,75.93,50.34
2023-08-09 20:00,8,20,Weekday,Summer,No,85.34,75.14,55.1
2023-08-09 21:00,8,21,Weekday,Summer,No,82.56,76.15,47.06
2023-08-09 22:00,8,22,Weekday,Summer,No,80.63,75.52,47.06
2023-08-09 23:00,8,23,Weekday,Summer,No,78.98,74.88,51.08
2023-08-10 00:00,8,0,Weekday,Summer,No,78.46,74.82,34.5
2023-08-10 01:00,8,1,Weekday,Summer,No,76.82,74.96,27.75
2023-08-10 02:00,8,2,Weekday,Summer,No,75.4,74.26,34.21
2023-08-10 03:00,8,3,Weekday,Summer,No,75.02,74.98,34.13
2023-08-10 04:00,8,4,Weekday,Summer,No,75.02,73.74,36.85
2023-08-10 05:00,8,5,Weekday,Summer,No,74.39,74.0,40.61
2023-08-10 06:00,8,6,Weekday,Summer,No,75.1,74.14,34.14
2023-08-10 07:00,8,7,Weekday,Summer,No,77.18,73.96,36.96
2023-08-10 08:00,8,8,Weekday,Summer,Yes,78.08,73.46,26.34
2023-08-10 09:00,8,9,Weekday,Summer,Yes,79.24,73.83,35.13
2023-08-10 10:00,8,10,Weekday,Summer,Yes,80.06,74.49,38.36
2023-08-10 11:00,8,11,Weekday,Summer,Yes,83.52,74.34,39.26
2023-08-10 12:00,8,12,Weekday,Summer,Yes,87.78,75.71,44.28
2023-08-10 13:00,8,13,Weekday,Summer,Yes,91.9,75.22,43.02
2023-08-10 14:00,8,14,Weekday,Summer,Yes,91.61,75.33,51.86
2023-08-10 15:00,8,15,Weekday,Summer,Yes,89.43,75.36,46.6
2023-08-10 16:00,8,16,Weekday,Summer,Yes,86.65,75.21,38.62
2023-08-10 17:00,8,17,Weekday,Summer,Yes,84.92,74.58,46.81
2023-08-10 18:00,8,18,Weekday,Summer,No,84.4,74.71,47.28
2023-08-10 19:00,8,19,Weekday,Summer,No,83.39,75.95,43.38
2023-08-10 20:00,8,20,Weekday,Summer,No,81.78,75.81,41.22
2023-08-10 21:00,8,21,Weekday,Summer,No,80.96,75.33,49.92
2023-08-10 22:00,8,22,Weekday,Summer,No,78.65,75.62,46.26
2023-08-10 23:00,8,23,Weekday,Summer,No,73.54,73.38,42.56
2023-08-11 00:00,8,0,Weekday,Summer,No,71.06,73.04,32.34
2023-08-11 01:00,8,1,Weekday,Summer,No,70.43,73.04,29.56
2023-08-11 02:00,8,2,Weekday,Summer,No,69.98,73.66,32.0
2023-08-11 03:00,8,3,Weekday,Summer,No,70.61,73.75,36.18
2023-08-11 04:00,8,4,Weekday,Summer,No,71.06,74.05,28.86
2023-08-11 05:00,8,5,Weekday,Summer,No,71.06,73.46,28.25
2023-08-11 06:00,8,6,Weekday,Summer,No,71.06,73.54,25.11
2023-08-11 07:00,8,7,Weekday,Summer,No,72.74,74.27,28.99
2023-08-11 08:00,8,8,Weekday,Summer,Yes,75.1,74.38,36.52
2023-08-11 09:00,8,9,Weekday,Summer,Yes,77.18,74.23,38.5
2023-08-11 10:00,8,10,Weekday,Summer,Yes,80.39,73.89,41.32
2023-08-11 11:00,8,11,Weekday,Summer,Yes,83.72,74.43,34.66
2023-08-11 12:00,8,12,Weekday,Summer,Yes,87.34,75.06,40.72
2023-08-11 13:00,8,13,Weekday,Summer,Yes,80.87,73.75,37.5
2023-08-11 14:00,8,14,Weekday,Summer,Yes,80.79,73.18,33.03
2023-08-11 15:00,8,15,Weekday,Summer,Yes,86.7,75.3,40.85
2023-08-11 16:00,8,16,Weekday,Summer,Yes,87.46,76.07,42.07
2023-08-11 17:00,8,17,Weekday,Summer,Yes,87.08,73.96,49.78
2023-08-11 18:00,8,18,Weekday,Summer,No,84.14,74.34,44.93
2023-08-11 19:00,8,19,Weekday,Summer,No,80.88,75.16,44.06
2023-08-11 20:00,8,20,Weekday,Summer,No,79.43,75.63,44.99
2023-08-11 21:00,8,21,Weekday,Summer,No,78.46,74.93,44.25
2023-08-11 22:00,8,22,Weekday,Summer,No,78.08,74.24,48.4
2023-08-11 23:00,8,23,Weekday,Summer,No,76.82,73.98,44.26
2023-08-12 00:00,8,0,Weekend,Summer,No,75.92,74.67,37.26
2023-08-12 01:00,8,1,Weekend,Summer,No,75.4,74.66,35.8
2023-08-12 02:00,8,2,Weekend,Summer,No,75.02,73.64,30.01
2023-08-12 03:00,8,3,Weekend,Summer,No,75.02,74.38,31.89
2023-08-12 04:00,8,4,Weekend,Summer,No,74.39,74.1,27.67
2023-08-12 05:00,8,5,Weekend,Summer,No,73.94,74.68,25.19
2023-08-12 06:00,8,6,Weekend,Summer,No,73.94,73.57,32.22
2023-08-12 07:00,8,7,Weekend,Summer,No,76.88,74.9,31.71
2023-08-12 08:00,8,8,Weekend,Summer,No,80.13,75.98,32.07
2023-08-12 09:00,8,9,Weekend,Summer,No,83.9,75.72,40.86
2023-08-12 10:00,8,10,Weekend,Summer,No,87.16,76.4,44.68
2023-08-12 11:00,8,11,Weekend,Summer,No,89.14,76.49,45.8
2023-08-12 12:00,8,12,Weekend,Summer,No,92.27,77.64,36.7
2023-08-12 13:00,8,13,Weekend,Summer,No,95.18,76.7,44.51
2023-08-12 14:00,8,14,Weekend,Summer,No,94.82,76.58,52.0
2023-08-12 15:00,8,15,Weekend,Summer,No,95.18,76.08,50.37
2023-08-12 16:00,8,16,Weekend,Summer,No,96.6,77.4,51.79
2023-08-12 17:00,8,17,Weekend,Summer,No,94.67,76.74,65.63
2023-08-12 18:00,8,18,Weekend,Summer,No,93.02,77.68,52.6
2023-08-12 19:00,8,19,Weekend,Summer,No,91.23,76.72,55.89
2023-08-12 20:00,8,20,Weekend,Summer,No,87.02,75.77,53.93
2023-08-12 21:00,8,21,Weekend,Summer,No,84.92,75.58,45.85
2023-08-12 22:00,8,22,Weekend,Summer,No,83.24,76.27,47.94
2023-08-12 23:00,8,23,Weekend,Summer,No,80.26,75.05,46.38
2023-08-13 00:00,8,0,Weekend,Summer,No,78.46,74.51,34.2
2023-08-13 01:00,8,1,Weekend,Summer,No,78.08,74.74,36.92
2023-08-13 02:00,8,2,Weekend,Summer,No,76.3,75.14,37.49
2023-08-13 03:00,8,3,Weekend,Summer,No,75.02,74.82,30.81
2023-08-13 04:00,8,4,Weekend,Summer,No,74.39,74.41,26.31
2023-08-13 05:00,8,5,Weekend,Summer,No,73.42,74.66,25.76
2023-08-13 06:00,8,6,Weekend,Summer,No,74.72,73.65,37.54
2023-08-13 07:00,8,7,Weekend,Summer,No,78.33,74.65,38.14
2023-08-13 08:00,8,8,Weekend,Summer,No,82.37,74.88,33.49
2023-08-13 09:00,8,9,Weekend,Summer,No,87.48,75.38,45.07
2023-08-13 10:00,8,10,Weekend,Summer,No,91.12,76.68,46.69
2023-08-13 11:00,8,11,Weekend,Summer,No,93.1,76.35,48.36
2023-08-13 12:00,8,12,Weekend,Summer,No,96.86,76.8,51.93
2023-08-13 13:00,8,13,Weekend,Summer,No,98.96,77.18,46.17
2023-08-13 14:00,8,14,Weekend,Summer,No,100.74,78.22,56.85
2023-08-13 15:00,8,15,Weekend,Summer,No,101.39,77.13,48.16
2023-08-13 16:00,8,16,Weekend,Summer,No,99.78,77.38,51.7
2023-08-13 17:00,8,17,Weekend,Summer,No,98.96,77.65,59.63
2023-08-13 18:00,8,18,Weekend,Summer,No,97.28,77.74,62.5
2023-08-13 19:00,8,19,Weekend,Summer,No,93.66,77.43,56.52
2023-08-13 20:00,8,20,Weekend,Summer,No,89.1,75.61,46.36
2023-08-13 21:00,8,21,Weekend,Summer,No,84.66,76.28,51.36
2023-08-13 22:00,8,22,Weekend,Summer,No,81.26,75.03,48.92
2023-08-13 23:00,8,23,Weekend,Summer,No,80.06,75.09,44.59
2023-08-14 00:00,8,0,Weekday,Summer,No,79.43,74.74,36.31
2023-08-14 01:00,8,1,Weekday,Summer,No,78.46,75.05,44.61
2023-08-14 02:00,8,2,Weekday,Summer,No,77.45,74.02,30.25
2023-08-14 03:00,8,3,Weekday,Summer,No,76.37,73.92,35.63
2023-08-14 04:00,8,4,Weekday,Summer,No,75.4,74.38,29.86
2023-08-14 05:00,8,5,Weekday,Summer,No,75.02,74.27,33.48
2023-08-14 06:00,8,6,Weekday,Summer,No,75.54,74.4,32.15
2023-08-14 07:00,8,7,Weekday,Summer,No,79.49,74.62,32.06
2023-08-14 08:00,8,8,Weekday,Summer,Yes,84.35,74.83,41.52
2023-08-14 09:00,8,9,Weekday,Summer,Yes,87.16,75.48,39.62
2023-08-14 10:00,8,10,Weekday,Summer,Yes,89.77,74.96,46.74
2023-08-14 11:00,8,11,Weekday,Summer,Yes,92.72,76.22,45.56
2023-08-14 12:00,8,12,Weekday,Summer,Yes,93.92,75.78,49.79
2023-08-14 13:00,8,13,Weekday,Summer,Yes,94.55,76.61,43.3
2023-08-14 14:00,8,14,Weekday,Summer,Yes,95.63,76.0,38.33
2023-08-14 15:00,8,15,Weekday,Summer,Yes,96.08,76.42,44.94
2023-08-14 16:00,8,16,Weekday,Summer,Yes,96.08,77.35,46.05
2023-08-14 17:00,8,17,Weekday,Summer,Yes,94.82,76.51,60.18
2023-08-14 18:00,8,18,Weekday,Summer,No,92.24,76.39,53.68
2023-08-14 19:00,8,19,Weekday,Summer,No,89.88,75.86,50.69
2023-08-14 20:00,8,20,Weekday,Summer,No,86.65,76.3,53.1
2023-08-14 21:00,8,21,Weekday,Summer,No,84.4,75.9,47.8
2023-08-14 22:00,8,22,Weekday,Summer,No,81.71,75.8,46.25
2023-08-14 23:00,8,23,Weekday,Summer,No,78.9,74.2,51.04
2023-08-15 00:00,8,0,Weekday,Summer,No,77.45,73.98,38.25
2023-08-15 01:00,8,1,Weekday,Summer,No,75.84,74.37,34.68
2023-08-15 02:00,8,2,Weekday,Summer,No,72.08,73.94,29.49
2023-08-15 03:00,8,3,Weekday,Summer,No,69.46,73.28,30.78
2023-08-15 04:00,8,4,Weekday,Summer,No,67.82,73.17,28.25
2023-08-15 05:00,8,5,Weekday,Summer,No,66.92,72.64,20.05
2023-08-15 06:00,8,6,Weekday,Summer,No,69.86,73.85,30.92
2023-08-15 07:00,8,7,Weekday,Summer,No,76.06,74.14,37.52
2023-08-15 08:00,8,8,Weekday,Summer,Yes,81.92,74.58,37.65
2023-08-15 09:00,8,9,Weekday,Summer,Yes,86.33,74.6,36.08
2023-08-15 10:00,8,10,Weekday,Summer,Yes,89.14,74.28,45.22
2023-08-15 11:00,8,11,Weekday,Summer,Yes,91.12,74.98,36.28
2023-08-15 12:00,8,12,Weekday,Summer,Yes,92.57,76.01,47.05
2023-08-15 13:00,8,13,Weekday,Summer,Yes,94.18,75.53,50.07
2023-08-15 14:00,8,14,Weekday,Summer,Yes,95.63,76.56,49.65
2023-08-15 15:00,8,15,Weekday,Summer,Yes,96.08,77.02,55.12
2023-08-15 16:00,8,16,Weekday,Summer,Yes,96.6,75.27,45.71
2023-08-15 17:00,8,17,Weekday,Summer,Yes,95.2,76.76,57.5
2023-08-15 18:00,8,18,Weekday,Summer,No,93.4,77.12,51.05
2023-08-15 19:00,8,19,Weekday,Summer,No,90.08,75.96,48.75
2023-08-15 20:00,8,20,Weekday,Summer,No,85.67,75.41,44.85
2023-08-15 21:00,8,21,Weekday,Summer,No,83.39,75.25,43.5
2023-08-15 22:00,8,22,Weekday,Summer,No,81.78,75.59,46.14
2023-08-15 23:00,8,23,Weekday,Summer,No,79.81,74.58,42.98
2023-08-16 00:00,8,0,Weekday,Summer,No,77.2,74.31,33.82
2023-08-16 01:00,8,1,Weekday,Summer,No,73.61,73.59,25.03
2023-08-16 02:00,8,2,Weekday,Summer,No,70.81,73.61,33.96
2023-08-16 03:00,8,3,Weekday,Summer,No,69.46,73.14,28.85
2023-08-16 04:00,8,4,Weekday,Summer,No,69.08,73.9,24.72
2023-08-16 05:00,8,5,Weekday,Summer,No,67.3,72.83,29.73
2023-08-16 06:00,8,6,Weekday,Summer,No,68.96,72.95,34.86
2023-08-16 07:00,8,7,Weekday,Summer,No,75.16,74.21,32.83
2023-08-16 08:00,8,8,Weekday,Summer,Yes,81.54,74.75,38.78
2023-08-16 09:00,8,9,Weekday,Summer,Yes,87.48,74.8,36.57
2023-08-16 10:00,8,10,Weekday,Summer,Yes,91.12,75.06,39.49
2023-08-16 11:00,8,11,Weekday,Summer,Yes,92.57,75.04,55.72
2023-08-16 12:00,8,12,Weekday,Summer,Yes,94.8,76.12,39.45
2023-08-16 13:00,8,13,Weekday,Summer,Yes,96.6,76.35,44.48
2023-08-16 14:00,8,14,Weekday,Summer,Yes,98.14,77.2,57.06
2023-08-16 15:00,8,15,Weekday,Summer,Yes,98.96,76.04,46.3
2023-08-16 16:00,8,16,Weekday,Summer,Yes,98.96,77.49,49.89
2023-08-16 17:00,8,17,Weekday,Summer,Yes,97.28,77.0,53.44
2023-08-16 18:00,8,18,Weekday,Summer,No,95.45,76.32,55.24
2023-08-16 19:00,8,19,Weekday,Summer,No,93.22,76.29,58.62
2023-08-16 20:00,8,20,Weekday,Summer,No,89.63,75.9,52.22
2023-08-16 21:00,8,21,Weekday,Summer,No,86.82,74.9,46.27
2023-08-16 22:00,8,22,Weekday,Summer,No,84.84,75.09,50.66
2023-08-16 23:00,8,23,Weekday,Summer,No,82.86,74.73,55.43
2023-08-17 00:00,8,0,Weekday,Summer,No,79.1,75.67,35.75
2023-08-17 01:00,8,1,Weekday,Summer,No,75.84,74.07,33.74
2023-08-17 02:00,8,2,Weekday,Summer,No,72.71,73.56,33.57
2023-08-17 03:00,8,3,Weekday,Summer,No,71.06,73.51,30.67
2023-08-17 04:00,8,4,Weekday,Summer,No,70.43,74.46,27.66
2023-08-17 05:00,8,5,Weekday,Summer,No,69.98,74.09,27.58
2023-08-17 06:00,8,6,Weekday,Summer,No,71.76,73.71,28.99
2023-08-17 07:00,8,7,Weekday,Summer,No,76.5,74.18,31.09
2023-08-17 08:00,8,8,Weekday,Summer,Yes,83.08,75.39,38.28
2023-08-17 09:00,8,9,Weekday,Summer,Yes,89.46,74.94,45.06
2023-08-17 10:00,8,10,Weekday,Summer,Yes,93.1,74.49,41.64
2023-08-17 11:00,8,11,Weekday,Summer,Yes,95.7,76.24,51.75
2023-08-17 12:00,8,12,Weekday,Summer,Yes,97.61,76.16,53.44
2023-08-17 13:00,8,13,Weekday,Summer,Yes,100.37,76.38,51.51
2023-08-17 14:00,8,14,Weekday,Summer,Yes,101.39,77.22,53.55
2023-08-17 15:00,8,15,Weekday,Summer,Yes,102.1,76.81,55.52
2023-08-17 16:00,8,16,Weekday,Summer,Yes,102.4,76.9,54.18
2023-08-17 17:00,8,17,Weekday,Summer,Yes,100.86,77.29,59.09
2023-08-17 18:00,8,18,Weekday,Summer,No,97.73,77.52,64.49
2023-08-17 19:00,8,19,Weekday,Summer,No,94.82,76.86,56.18
2023-08-17 20:00,8,20,Weekday,Summer,No,92.76,75.95,54.58
2023-08-17 21:00,8,21,Weekday,Summer,No,90.26,76.04,48.46
2023-08-17 22:00,8,22,Weekday,Summer,No,87.28,76.44,48.96
2023-08-17 23:00,8,23,Weekday,Summer,No,82.54,75.04,47.15
2023-08-18 00:00,8,0,Weekday,Summer,No,79.43,74.58,29.93
2023-08-18 01:00,8,1,Weekday,Summer,No,77.2,74.26,35.26
2023-08-18 02:00,8,2,Weekday,Summer,No,74.76,73.87,35.78
2023-08-18 03:00,8,3,Weekday,Summer,No,73.42,74.25,32.07
2023-08-18 04:00,8,4,Weekday,Summer,No,73.04,74.3,35.38
2023-08-18 05:00,8,5,Weekday,Summer,No,72.41,74.02,31.7
2023-08-18 06:00,8,6,Weekday,Summer,No,73.12,73.69,36.41
2023-08-18 07:00,8,7,Weekday,Summer,No,76.88,74.07,31.58
2023-08-18 08:00,8,8,Weekday,Summer,Yes,83.08,74.08,39.29
2023-08-18 09:00,8,9,Weekday,Summer,Yes,88.94,74.75,39.27
2023-08-18 10:00,8,10,Weekday,Summer,Yes,93.35,75.33,48.5
2023-08-18 11:00,8,11,Weekday,Summer,Yes,97.31,76.74,44.41
2023-08-18 12:00,8,12,Weekday,Summer,Yes,101.27,76.62,47.75
2023-08-18 13:00,8,13,Weekday,Summer,Yes,102.92,76.85,56.25
2023-08-18 14:00,8,14,Weekday,Summer,Yes,102.92,76.76,42.87
2023-08-18 15:00,8,15,Weekday,Summer,Yes,102.92,77.32,51.52
2023-08-18 16:00,8,16,Weekday,Summer,Yes,102.92,77.55,50.36
2023-08-18 17:00,8,17,Weekday,Summer,Yes,102.4,76.4,60.65
2023-08-18 18:00,8,18,Weekday,Summer,No,100.23,77.26,62.84
2023-08-18 19:00,8,19,Weekday,Summer,No,96.65,77.7,65.2
2023-08-18 20:00,8,20,Weekday,Summer,No,93.84,76.2,53.07
2023-08-18 21:00,8,21,Weekday,Summer,No,90.71,77.66,50.0
2023-08-18 22:00,8,22,Weekday,Summer,No,87.28,75.72,51.46
2023-08-18 23:00,8,23,Weekday,Summer,No,83.69,75.4,48.56
2023-08-19 00:00,8,0,Weekend,Summer,No,80.88,74.72,39.87
2023-08-19 01:00,8,1,Weekend,Summer,No,82.37,75.0,37.53
2023-08-19 02:00,8,2,Weekend,Summer,No,83.39,75.14,41.36
2023-08-19 03:00,8,3,Weekend,Summer,No,82.42,75.27,47.87
2023-08-19 04:00,8,4,Weekend,Summer,No,80.88,73.93,29.79
2023-08-19 05:00,8,5,Weekend,Summer,No,78.9,73.9,33.38
2023-08-19 06:00,8,6,Weekend,Summer,No,77.45,74.38,26.41
2023-08-19 07:00,8,7,Weekend,Summer,No,79.94,74.99,34.94
2023-08-19 08:00,8,8,Weekend,Summer,No,84.98,76.59,39.55
2023-08-19 09:00,8,9,Weekend,Summer,No,88.76,75.82,32.98
2023-08-19 10:00,8,10,Weekend,Summer,No,92.9,75.58,43.17
2023-08-19 11:00,8,11,Weekend,Summer,No,96.16,77.38,44.78
2023-08-19 12:00,8,12,Weekend,Summer,No,98.77,77.17,47.18
2023-08-19 13:00,8,13,Weekend,Summer,No,101.2,77.34,57.87
2023-08-19 14:00,8,14,Weekend,Summer,No,102.54,78.05,56.77
2023-08-19 15:00,8,15,Weekend,Summer,No,102.4,78.58,54.96
2023-08-19 16:00,8,16,Weekend,Summer,No,102.54,77.34,51.93
2023-08-19 17:00,8,17,Weekend,Summer,No,101.76,77.42,62.92
2023-08-19 18:00,8,18,Weekend,Summer,No,96.84,77.8,62.75
2023-08-19 19:00,8,19,Weekend,Summer,No,93.4,75.75,53.1
2023-08-19 20:00,8,20,Weekend,Summer,No,90.71,75.93,52.71
2023-08-19 21:00,8,21,Weekend,Summer,No,87.28,76.24,51.18
2023-08-19 22:00,8,22,Weekend,Summer,No,84.22,74.91,50.81
2023-08-19 23:00,8,23,Weekend,Summer,No,82.42,75.26,54.6
2023-08-20 00:00,8,0,Weekend,Summer,No,82.04,75.19,27.94
2023-08-20 01:00,8,1,Weekend,Summer,No,82.04,75.1,42.43
2023-08-20 02:00,8,2,Weekend,Summer,No,80.88,75.91,39.72
2023-08-20 03:00,8,3,Weekend,Summer,No,79.43,74.11,38.81
2023-08-20 04:00,8,4,Weekend,Summer,No,77.82,74.11,31.91
2023-08-20 05:00,8,5,Weekend,Summer,No,78.16,74.18,32.91
2023-08-20 06:00,8,6,Weekend,Summer,No,78.46,74.25,33.26
2023-08-20 07:00,8,7,Weekend,Summer,No,80.39,75.31,39.18
2023-08-20 08:00,8,8,Weekend,Summer,No,84.98,76.71,34.33
2023-08-20 09:00,8,9,Weekend,Summer,No,89.39,75.55,43.1
2023-08-20 10:00,8,10,Weekend,Summer,No,92.72,77.38,43.28
2023-08-20 11:00,8,11,Weekend,Summer,No,95.7,77.26,48.14
2023-08-20 12:00,8,12,Weekend,Summer,No,98.14,78.25,49.21
2023-08-20 13:00,8,13,Weekend,Summer,No,99.59,77.29,60.89
2023-08-20 14:00,8,14,Weekend,Summer,No,99.41,77.58,44.61
2023-08-20 15:00,8,15,Weekend,Summer,No,90.24,76.02,53.31
2023-08-20 16:00,8,16,Weekend,Summer,No,84.54,75.72,31.06
2023-08-20 17:00,8,17,Weekend,Summer,No,83.77,75.7,52.69
2023-08-20 18:00,8,18,Weekend,Summer,No,82.94,75.1,53.97
2023-08-20 19:00,8,19,Weekend,Summer,No,82.42,74.51,42.56
2023-08-20 20:00,8,20,Weekend,Summer,No,80.88,74.61,46.61
2023-08-20 21:00,8,21,Weekend,Summer,No,79.43,74.24,46.84
2023-08-20 22:00,8,22,Weekend,Summer,No,77.2,74.96,39.51
2023-08-20 23:00,8,23,Weekend,Summer,No,76.55,74.33,42.25
2023-08-21 00:00,8,0,Weekday,Summer,No,76.37,74.26,38.65
2023-08-21 01:00,8,1,Weekday,Summer,No,75.92,73.95,38.04
2023-08-21 02:00,8,2,Weekday,Summer,No,75.92,73.89,28.39
2023-08-21 03:00,8,3,Weekday,Summer,No,74.76,73.2,31.3
2023-08-21 04:00,8,4,Weekday,Summer,No,73.94,74.8,27.15
2023-08-21 05:00,8,5,Weekday,Summer,No,74.57,73.58,36.39
2023-08-21 06:00,8,6,Weekday,Summer,No,75.02,74.02,27.85
2023-08-21 07:00,8,7,Weekday,Summer,No,80.27,74.53,43.6
2023-08-21 08:00,8,8,Weekday,Summer,Yes,86.33,74.79,47.86
2023-08-21 09:00,8,9,Weekday,Summer,Yes,89.14,75.34,46.21
2023-08-21 10:00,8,10,Weekday,Summer,Yes,91.12,75.32,45.59
2023-08-21 11:00,8,11,Weekday,Summer,Yes,93.1,75.15,44.99
2023-08-21 12:00,8,12,Weekday,Summer,Yes,93.4,76.87,47.98
2023-08-21 13:00,8,13,Weekday,Summer,Yes,93.02,75.94,50.24
2023-08-21 14:00,8,14,Weekday,Summer,Yes,94.18,75.73,46.37
2023-08-21 15:00,8,15,Weekday,Summer,Yes,92.06,75.33,48.83
2023-08-21 16:00,8,16,Weekday,Summer,Yes,91.74,75.66,50.19
2023-08-21 17:00,8,17,Weekday,Summer,Yes,93.02,75.54,52.76
2023-08-21 18:00,8,18,Weekday,Summer,No,90.71,77.45,50.48
2023-08-21 19:00,8,19,Weekday,Summer,No,87.9,75.47,49.24
2023-08-21 20:00,8,20,Weekday,Summer,No,78.89,75.89,43.12
2023-08-21 21:00,8,21,Weekday,Summer,No,73.04,74.3,43.87
2023-08-21 22:00,8,22,Weekday,Summer,No,72.41,73.95,38.43
2023-08-21 23:00,8,23,Weekday,Summer,No,71.96,73.95,36.67
2023-08-22 00:00,8,0,Weekday,Summer,No,72.59,73.95,34.4
2023-08-22 01:00,8,1,Weekday,Summer,No,71.88,74.22,34.24
2023-08-22 02:00,8,2,Weekday,Summer,No,70.43,73.69,29.86
2023-08-22 03:00,8,3,Weekday,Summer,No,69.98,73.54,26.79
2023-08-22 04:00,8,4,Weekday,Summer,No,69.46,73.95,30.6
2023-08-22 05:00,8,5,Weekday,Summer,No,69.08,73.37,28.06
2023-08-22 06:00,8,6,Weekday,Summer,No,70.24,73.1,21.91
2023-08-22 07:00,8,7,Weekday,Summer,No,73.37,74.16,31.25
2023-08-22 08:00,8,8,Weekday,Summer,Yes,76.8,73.69,38.81
2023-08-22 09:00,8,9,Weekday,Summer,Yes,81.54,74.05,44.0
2023-08-22 10:00,8,10,Weekday,Summer,Yes,85.18,74.71,37.54
2023-08-22 11:00,8,11,Weekday,Summer,Yes,88.94,75.79,39.98
2023-08-22 12:00,8,12,Weekday,Summer,Yes,92.72,75.9,41.95
2023-08-22 13:00,8,13,Weekday,Summer,Yes,94.55,76.16,41.22
2023-08-22 14:00,8,14,Weekday,Summer,Yes,94.37,75.75,43.75
2023-08-22 15:00,8,15,Weekday,Summer,Yes,94.55,76.41,45.65
2023-08-22 16:00,8,16,Weekday,Summer,Yes,95.63,77.02,49.11
2023-08-22 17:00,8,17,Weekday,Summer,Yes,91.36,75.74,49.97
2023-08-22 18:00,8,18,Weekday,Summer,No,86.82,76.3,58.59
2023-08-22 19:00,8,19,Weekday,Summer,No,85.37,75.72,48.74
2023-08-22 20:00,8,20,Weekday,Summer,No,84.4,75.54,50.19
2023-08-22 21:00,8,21,Weekday,Summer,No,83.39,75.79,45.52
2023-08-22 22:00,8,22,Weekday,Summer,No,81.78,75.0,49.99
2023-08-22 23:00,8,23,Weekday,Summer,No,80.44,75.17,53.55
2023-08-23 00:00,8,0,Weekday,Summer,No,79.43,75.28,39.55
2023-08-23 01:00,8,1,Weekday,Summer,No,77.82,75.14,40.34
2023-08-23 02:00,8,2,Weekday,Summer,No,76.37,74.63,33.76
2023-08-23 03:00,8,3,Weekday,Summer,No,74.76,73.77,30.04
2023-08-23 04:00,8,4,Weekday,Summer,No,73.94,73.91,26.77
2023-08-23 05:00,8,5,Weekday,Summer,No,73.42,74.29,30.91
2023-08-23 06:00,8,6,Weekday,Summer,No,73.56,74.56,33.9
2023-08-23 07:00,8,7,Weekday,Summer,No,77.51,75.06,34.38
2023-08-23 08:00,8,8,Weekday,Summer,Yes,82.9,74.78,37.47
2023-08-23 09:00,8,9,Weekday,Summer,Yes,87.34,74.09,39.78
2023-08-23 10:00,8,10,Weekday,Summer,Yes,90.74,75.18,42.82
2023-08-23 11:00,8,11,Weekday,Summer,Yes,92.57,75.64,41.1
2023-08-23 12:00,8,12,Weekday,Summer,Yes,94.18,75.55,45.32
2023-08-23 13:00,8,13,Weekday,Summer,Yes,97.31,75.97,52.58
2023-08-23 14:00,8,14,Weekday,Summer,Yes,97.28,76.23,48.38
2023-08-23 15:00,8,15,Weekday,Summer,Yes,96.08,75.47,44.0
2023-08-23 16:00,8,16,Weekday,Summer,Yes,96.08,75.24,41.91
2023-08-23 17:00,8,17,Weekday,Summer,Yes,95.45,76.28,57.67
2023-08-23 18:00,8,18,Weekday,Summer,No,90.38,76.44,47.0
2023-08-23 19:00,8,19,Weekday,Summer,No,85.82,76.47,49.02
2023-08-23 20:00,8,20,Weekday,Summer,No,86.7,75.5,46.03
2023-08-23 21:00,8,21,Weekday,Summer,No,86.82,75.18,50.55
2023-08-23 22:00,8,22,Weekday,Summer,No,84.84,75.42,45.91
2023-08-23 23:00,8,23,Weekday,Summer,No,83.39,75.5,49.59
2023-08-24 00:00,8,0,Weekday,Summer,No,82.42,75.88,40.29
2023-08-24 01:00,8,1,Weekday,Summer,No,81.41,76.36,38.11
2023-08-24 02:00,8,2,Weekday,Summer,No,80.44,74.88,26.91
2023-08-24 03:00,8,3,Weekday,Summer,No,78.28,74.29,27.67
2023-08-24 04:00,8,4,Weekday,Summer,No,75.84,74.62,36.01
2023-08-24 05:00,8,5,Weekday,Summer,No,74.39,74.05,24.98
2023-08-24 06:00,8,6,Weekday,Summer,No,75.72,74.08,31.79
2023-08-24 07:00,8,7,Weekday,Summer,No,78.78,74.18,30.5
2023-08-24 08:00,8,8,Weekday,Summer,Yes,78.9,73.46,36.49
2023-08-24 09:00,8,9,Weekday,Summer,Yes,82.7,74.26,38.95
2023-08-24 10:00,8,10,Weekday,Summer,Yes,86.63,75.32,41.92
2023-08-24 11:00,8,11,Weekday,Summer,Yes,87.6,75.38,34.65
2023-08-24 12:00,8,12,Weekday,Summer,Yes,90.92,75.73,38.02
2023-08-24 13:00,8,13,Weekday,Summer,Yes,91.86,75.17,49.79
2023-08-24 14:00,8,14,Weekday,Summer,Yes,86.32,74.9,38.05
2023-08-24 15:00,8,15,Weekday,Summer,Yes,81.78,74.64,34.09
2023-08-24 16:00,8,16,Weekday,Summer,Yes,83.27,75.34,31.76
2023-08-24 17:00,8,17,Weekday,Summer,Yes,77.99,74.28,45.23
2023-08-24 18:00,8,18,Weekday,Summer,No,71.26,74.51,46.4
2023-08-24 19:00,8,19,Weekday,Summer,No,70.61,74.67,41.72
2023-08-24 20:00,8,20,Weekday,Summer,No,69.9,73.42,39.44
2023-08-24 21:00,8,21,Weekday,Summer,No,68.45,73.77,36.73
2023-08-24 22:00,8,22,Weekday,Summer,No,68.63,73.03,40.53
2023-08-24 23:00,8,23,Weekday,Summer,No,69.6,74.29,43.22
2023-08-25 00:00,8,0,Weekday,Summer,No,69.46,73.37,34.53
2023-08-25 01:00,8,1,Weekday,Summer,No,69.6,73.6,21.77
2023-08-25 02:00,8,2,Weekday,Summer,No,69.46,73.48,31.89
2023-08-25 03:00,8,3,Weekday,Summer,No,67.82,73.43,21.63
2023-08-25 04:00,8,4,Weekday,Summer,No,68.18,73.04,30.55
2023-08-25 05:00,8,5,Weekday,Summer,No,69.6,73.37,26.49
2023-08-25 06:00,8,6,Weekday,Summer,No,70.61,74.01,26.43
2023-08-25 07:00,8,7,Weekday,Summer,No,73.37,73.89,32.94
2023-08-25 08:00,8,8,Weekday,Summer,Yes,77.96,73.34,31.71
2023-08-25 09:00,8,9,Weekday,Summer,Yes,81.74,74.46,39.08
2023-08-25 10:00,8,10,Weekday,Summer,Yes,85.36,75.44,40.98
2023-08-25 11:00,8,11,Weekday,Summer,Yes,88.76,74.67,40.05
2023-08-25 12:00,8,12,Weekday,Summer,Yes,86.49,74.83,47.77
2023-08-25 13:00,8,13,Weekday,Summer,Yes,86.33,74.72,42.23
2023-08-25 14:00,8,14,Weekday,Summer,Yes,87.46,74.99,39.09
2023-08-25 15:00,8,15,Weekday,Summer,Yes,85.3,75.01,44.58
2023-08-25 16:00,8,16,Weekday,Summer,Yes,82.24,74.13,35.72
2023-08-25 17:00,8,17,Weekday,Summer,Yes,79.81,73.69,46.24
2023-08-25 18:00,8,18,Weekday,Summer,No,73.73,73.88,48.77
2023-08-25 19:00,8,19,Weekday,Summer,No,72.29,73.87,37.93
2023-08-25 20:00,8,20,Weekday,Summer,No,72.78,74.14,36.36
2023-08-25 21:00,8,21,Weekday,Summer,No,70.81,73.98,41.28
2023-08-25 22:00,8,22,Weekday,Summer,No,69.98,73.61,43.73
2023-08-25 23:00,8,23,Weekday,Summer,No,71.14,75.34,42.06
2023-08-26 00:00,8,0,Weekend,Summer,No,71.44,73.07,28.73
2023-08-26 01:00,8,1,Weekend,Summer,No,71.06,73.41,19.74
2023-08-26 02:00,8,2,Weekend,Summer,No,71.06,73.66,34.89
2023-08-26 03:00,8,3,Weekend,Summer,No,69.9,73.65,33.67
2023-08-26 04:00,8,4,Weekend,Summer,No,68.45,73.22,34.41
2023-08-26 05:00,8,5,Weekend,Summer,No,66.84,73.13,21.91
2023-08-26 06:00,8,6,Weekend,Summer,No,67.18,73.17,25.17
2023-08-26 07:00,8,7,Weekend,Summer,No,70.94,73.86,26.98
2023-08-26 08:00,8,8,Weekend,Summer,No,76.5,74.09,30.69
2023-08-26 09:00,8,9,Weekend,Summer,No,80.13,74.55,27.7
2023-08-26 10:00,8,10,Weekend,Summer,No,83.27,75.31,38.93
2023-08-26 11:00,8,11,Weekend,Summer,No,87.34,75.8,42.25
2023-08-26 12:00,8,12,Weekend,Summer,No,89.06,75.55,44.12
2023-08-26 13:00,8,13,Weekend,Summer,No,90.22,75.33,40.83
2023-08-26 14:00,8,14,Weekend,Summer,No,90.41,76.01,40.45
2023-08-26 15:00,8,15,Weekend,Summer,No,84.18,75.44,47.02
2023-08-26 16:00,8,16,Weekend,Summer,No,78.9,75.26,32.96
2023-08-26 17:00,8,17,Weekend,Summer,No,78.08,74.61,42.71
2023-08-26 18:00,8,18,Weekend,Summer,No,78.08,74.64,44.79
2023-08-26 19:00,8,19,Weekend,Summer,No,77.45,74.23,48.91
2023-08-26 20:00,8,20,Weekend,Summer,No,74.06,73.8,43.41
2023-08-26 21:00,8,21,Weekend,Summer,No,70.81,73.26,37.2
2023-08-26 22:00,8,22,Weekend,Summer,No,71.14,73.62,39.38
2023-08-26 23:00,8,23,Weekend,Summer,No,70.81,72.75,39.56
2023-08-27 00:00,8,0,Weekend,Summer,No,67.67,72.99,32.11
2023-08-27 01:00,8,1,Weekend,Summer,No,66.02,73.36,34.55
2023-08-27 02:00,8,2,Weekend,Summer,No,64.86,72.71,31.6
2023-08-27 03:00,8,3,Weekend,Summer,No,64.04,72.69,33.07
2023-08-27 04:00,8,4,Weekend,Summer,No,65.19,73.27,23.21
2023-08-27 05:00,8,5,Weekend,Summer,No,65.39,73.46,24.56
2023-08-27 06:00,8,6,Weekend,Summer,No,65.57,72.98,25.95
2023-08-27 07:00,8,7,Weekend,Summer,No,68.96,74.29,25.42
2023-08-27 08:00,8,8,Weekend,Summer,No,74.53,73.84,28.68
2023-08-27 09:00,8,9,Weekend,Summer,No,79.94,74.78,36.54
2023-08-27 10:00,8,10,Weekend,Summer,No,84.98,75.64,42.01
2023-08-27 11:00,8,11,Weekend,Summer,No,88.76,75.81,50.95
2023-08-27 12:00,8,12,Weekend,Summer,No,89.96,76.32,42.96
2023-08-27 13:00,8,13,Weekend,Summer,No,91.12,76.69,35.7
2023-08-27 14:00,8,14,Weekend,Summer,No,93.1,77.12,43.19
2023-08-27 15:00,8,15,Weekend,Summer,No,94.55,76.34,43.53
2023-08-27 16:00,8,16,Weekend,Summer,No,95.0,77.08,48.06
2023-08-27 17:00,8,17,Weekend,Summer,No,92.69,77.05,63.59
2023-08-27 18:00,8,18,Weekend,Summer,No,89.88,75.68,52.53
2023-08-27 19:00,8,19,Weekend,Summer,No,87.9,76.38,48.24
2023-08-27 20:00,8,20,Weekend,Summer,No,83.51,75.6,53.85
2023-08-27 21:00,8,21,Weekend,Summer,No,79.81,74.12,49.9
2023-08-27 22:00,8,22,Weekend,Summer,No,76.67,74.91,48.86
2023-08-27 23:00,8,23,Weekend,Summer,No,75.54,74.05,45.18
2023-08-28 00:00,8,0,Weekday,Summer,No,74.24,73.18,27.01
2023-08-28 01:00,8,1,Weekday,Summer,No,71.88,73.56,37.4
2023-08-28 02:00,8,2,Weekday,Summer,No,70.43,73.85,31.58
2023-08-28 03:00,8,3,Weekday,Summer,No,68.82,73.11,30.3
2023-08-28 04:00,8,4,Weekday,Summer,No,67.37,73.88,24.84
2023-08-28 05:00,8,5,Weekday,Summer,No,67.55,72.82,23.76
2023-08-28 06:00,8,6,Weekday,Summer,No,69.16,73.57,31.75
2023-08-28 07:00,8,7,Weekday,Summer,No,74.08,73.57,34.21
2023-08-28 08:00,8,8,Weekday,Summer,Yes,81.1,74.29,36.3
2023-08-28 09:00,8,9,Weekday,Summer,Yes,86.96,74.82,41.15
2023-08-28 10:00,8,10,Weekday,Summer,Yes,91.37,75.24,52.7
2023-08-28 11:00,8,11,Weekday,Summer,Yes,94.18,75.71,51.48
2023-08-28 12:00,8,12,Weekday,Summer,Yes,95.63,76.36,55.14
2023-08-28 13:00,8,13,Weekday,Summer,Yes,96.6,76.72,40.17
2023-08-28 14:00,8,14,Weekday,Summer,Yes,96.98,76.64,54.13
2023-08-28 15:00,8,15,Weekday,Summer,Yes,96.46,76.57,41.94
2023-08-28 16:00,8,16,Weekday,Summer,Yes,96.6,77.0,49.15
2023-08-28 17:00,8,17,Weekday,Summer,Yes,96.46,75.91,59.47
2023-08-28 18:00,8,18,Weekday,Summer,No,93.66,77.08,55.35
2023-08-28 19:00,8,19,Weekday,Summer,No,89.63,75.27,53.24
2023-08-28 20:00,8,20,Weekday,Summer,No,85.67,75.12,49.13
2023-08-28 21:00,8,21,Weekday,Summer,No,83.39,74.39,52.51
2023-08-28 22:00,8,22,Weekday,Summer,No,81.26,74.6,48.11
2023-08-28 23:00,8,23,Weekday,Summer,No,80.06,74.84,46.34
2023-08-29 00:00,8,0,Weekday,Summer,No,80.06,76.2,33.7
2023-08-29 01:00,8,1,Weekday,Summer,No,79.43,74.78,38.3
2023-08-29 02:00,8,2,Weekday,Summer,No,78.46,74.6,40.11
2023-08-29 03:00,8,3,Weekday,Summer,No,78.08,74.88,36.55
2023-08-29 04:00,8,4,Weekday,Summer,No,78.08,74.69,39.48
2023-08-29 05:00,8,5,Weekday,Summer,No,78.08,75.27,29.09
2023-08-29 06:00,8,6,Weekday,Summer,No,78.08,74.31,34.92
2023-08-29 07:00,8,7,Weekday,Summer,No,80.92,75.35,36.87
2023-08-29 08:00,8,8,Weekday,Summer,Yes,85.36,75.46,36.11
2023-08-29 09:00,8,9,Weekday,Summer,Yes,89.39,75.53,45.33
2023-08-29 10:00,8,10,Weekday,Summer,Yes,92.72,76.3,45.05
2023-08-29 11:00,8,11,Weekday,Summer,Yes,95.18,75.22,43.27
2023-08-29 12:00,8,12,Weekday,Summer,Yes,94.3,76.32,48.09
2023-08-29 13:00,8,13,Weekday,Summer,Yes,95.33,75.76,47.11
2023-08-29 14:00,8,14,Weekday,Summer,Yes,88.27,75.78,45.54
2023-08-29 15:00,8,15,Weekday,Summer,Yes,87.29,75.51,37.97
2023-08-29 16:00,8,16,Weekday,Summer,Yes,88.73,75.24,41.64
2023-08-29 17:00,8,17,Weekday,Summer,Yes,87.08,75.04,50.02
2023-08-29 18:00,8,18,Weekday,Summer,No,84.66,75.41,44.9
2023-08-29 19:00,8,19,Weekday,Summer,No,81.26,75.31,50.17
2023-08-29 20:00,8,20,Weekday,Summer,No,80.58,74.52,47.99
2023-08-29 21:00,8,21,Weekday,Summer,No,80.44,74.48,39.87
2023-08-29 22:00,8,22,Weekday,Summer,No,80.06,74.89,47.71
2023-08-29 23:00,8,23,Weekday,Summer,No,77.65,74.43,48.74
2023-08-30 00:00,8,0,Weekday,Summer,No,74.76,74.14,25.85
2023-08-30 01:00,8,1,Weekday,Summer,No,73.42,74.41,35.99
2023-08-30 02:00,8,2,Weekday,Summer,No,72.41,74.98,28.44
2023-08-30 03:00,8,3,Weekday,Summer,No,71.96,73.84,24.23
2023-08-30 04:00,8,4,Weekday,Summer,No,71.96,72.6,28.03
2023-08-30 05:00,8,5,Weekday,Summer,No,70.28,73.36,32.51
2023-08-30 06:00,8,6,Weekday,Summer,No,70.76,73.49,24.7
2023-08-30 07:00,8,7,Weekday,Summer,No,76.68,75.18,36.5
2023-08-30 08:00,8,8,Weekday,Summer,Yes,82.37,74.56,29.19
2023-08-30 09:00,8,9,Weekday,Summer,Yes,86.33,74.45,44.76
2023-08-30 10:00,8,10,Weekday,Summer,Yes,90.92,75.73,47.83
2023-08-30 11:00,8,11,Weekday,Summer,Yes,95.33,75.12,47.16
2023-08-30 12:00,8,12,Weekday,Summer,Yes,98.14,76.16,53.86
2023-08-30 13:00,8,13,Weekday,Summer,Yes,99.59,76.1,51.52
2023-08-30 14:00,8,14,Weekday,Summer,Yes,99.41,76.67,51.03
2023-08-30 15:00,8,15,Weekday,Summer,Yes,100.12,76.97,54.11
2023-08-30 16:00,8,16,Weekday,Summer,Yes,100.42,76.98,45.4
2023-08-30 17:00,8,17,Weekday,Summer,Yes,99.41,76.88,59.86
2023-08-30 18:00,8,18,Weekday,Summer,No,96.65,76.67,57.12
2023-08-30 19:00,8,19,Weekday,Summer,No,90.9,76.03,56.79
2023-08-30 20:00,8,20,Weekday,Summer,No,85.04,75.01,53.7
2023-08-30 21:00,8,21,Weekday,Summer,No,82.42,75.6,46.92
2023-08-30 22:00,8,22,Weekday,Summer,No,80.88,76.48,46.99
2023-08-30 23:00,8,23,Weekday,Summer,No,78.9,74.99,55.57
2023-08-31 00:00,8,0,Weekday,Summer,No,77.45,75.26,30.43
2023-08-31 01:00,8,1,Weekday,Summer,No,77.63,74.45,24.46
2023-08-31 02:00,8,2,Weekday,Summer,No,75.14,74.26,33.41
2023-08-31 03:00,8,3,Weekday,Summer,No,72.41,74.4,35.39
2023-08-31 04:00,8,4,Weekday,Summer,No,71.96,72.83,36.24
2023-08-31 05:00,8,5,Weekday,Summer,No,71.96,73.96,30.33
2023-08-31 06:00,8,6,Weekday,Summer,No,72.59,74.08,26.17
2023-08-31 07:00,8,7,Weekday,Summer,No,76.5,74.51,33.63
2023-08-31 08:00,8,8,Weekday,Summer,Yes,83.08,74.5,35.48
2023-08-31 09:00,8,9,Weekday,Summer,Yes,91.25,75.61,45.05
2023-08-31 10:00,8,10,Weekday,Summer,Yes,95.63,75.85,49.42
2023-08-31 11:00,8,11,Weekday,Summer,Yes,97.24,76.1,48.1
2023-08-31 12:00,8,12,Weekday,Summer,Yes,98.58,76.26,55.02
2023-08-31 13:00,8,13,Weekday,Summer,Yes,100.12,76.61,53.61
2023-08-31 14:00,8,14,Weekday,Summer,Yes,99.26,76.01,42.1
2023-08-31 15:00,8,15,Weekday,Summer,Yes,99.74,76.33,49.05
2023-08-31 16:00,8,16,Weekday,Summer,Yes,98.1,75.86,50.29
2023-08-31 17:00,8,17,Weekday,Summer,Yes,96.08,76.54,59.26
2023-08-31 18:00,8,18,Weekday,Summer,No,93.66,76.89,50.07
2023-08-31 19:00,8,19,Weekday,Summer,No,90.26,76.38,54.16
2023-08-31 20:00,8,20,Weekday,Summer,No,87.9,75.96,56.53
2023-08-31 21:00,8,21,Weekday,Summer,No,85.61,75.26,53.62
2023-08-31 22:00,8,22,Weekday,Summer,No,83.2,74.9,52.27
2023-08-31 23:00,8,23,Weekday,Summer,No,80.75,75.01,43.85
2023-09-01 00:00,9,0,Weekday,Fall,No,78.33,74.89,32.06
2023-09-01 01:00,9,1,Weekday,Fall,No,75.89,73.85,29.49
2023-09-01 02:00,9,2,Weekday,Fall,No,73.47,74.12,24.26
2023-09-01 03:00,9,3,Weekday,Fall,No,71.03,74.02,24.99
2023-09-01 04:00,9,4,Weekday,Fall,No,70.61,74.18,31.86
2023-09-01 05:00,9,5,Weekday,Fall,No,71.06,74.62,25.68
2023-09-01 06:00,9,6,Weekday,Fall,No,71.06,73.62,27.44
2023-09-01 07:00,9,7,Weekday,Fall,No,73.37,74.15,27.55
2023-09-01 08:00,9,8,Weekday,Fall,Yes,77.33,73.47,35.22
2023-09-01 09:00,9,9,Weekday,Fall,Yes,80.76,74.75,31.35
2023-09-01 10:00,9,10,Weekday,Fall,Yes,83.72,74.68,38.65
2023-09-01 11:00,9,11,Weekday,Fall,Yes,85.55,75.76,44.1
2023-09-01 12:00,9,12,Weekday,Fall,Yes,88.94,75.41,39.28
2023-09-01 13:00,9,13,Weekday,Fall,Yes,92.2,75.33,48.42
2023-09-01 14:00,9,14,Weekday,Fall,Yes,92.39,76.06,48.01
2023-09-01 15:00,9,15,Weekday,Fall,Yes,92.57,75.32,45.36
2023-09-01 16:00,9,16,Weekday,Fall,Yes,93.02,75.59,43.83
2023-09-01 17:00,9,17,Weekday,Fall,Yes,91.86,75.69,60.1
2023-09-01 18:00,9,18,Weekday,Fall,No,89.88,75.75,45.06
2023-09-01 19:00,9,19,Weekday,Fall,No,87.9,75.35,46.02
2023-09-01 20:00,9,20,Weekday,Fall,No,86.45,76.18,54.81
2023-09-01 21:00,9,21,Weekday,Fall,No,83.69,75.26,46.83
2023-09-01 22:00,9,22,Weekday,Fall,No,80.26,74.35,46.22
2023-09-01 23:00,9,23,Weekday,Fall,No,78.46,75.2,41.98
2023-09-02 00:00,9,0,Weekend,Fall,No,77.45,75.26,29.46
2023-09-02 01:00,9,1,Weekend,Fall,No,75.84,74.1,30.94
2023-09-02 02:00,9,2,Weekend,Fall,No,74.39,74.5,34.77
2023-09-02 03:00,9,3,Weekend,Fall,No,73.42,73.94,34.44
2023-09-02 04:00,9,4,Weekend,Fall,No,73.04,74.41,28.99
2023-09-02 05:00,9,5,Weekend,Fall,No,72.41,74.04,34.16
2023-09-02 06:00,9,6,Weekend,Fall,No,71.96,73.46,26.66
2023-09-02 07:00,9,7,Weekend,Fall,No,75.53,73.96,36.58
2023-09-02 08:00,9,8,Weekend,Fall,No,80.92,74.87,42.44
2023-09-02 09:00,9,9,Weekend,Fall,No,84.72,76.27,41.44
2023-09-02 10:00,9,10,Weekend,Fall,No,87.16,76.1,48.26
2023-09-02 11:00,9,11,Weekend,Fall,No,89.77,76.28,45.21
2023-09-02 12:00,9,12,Weekend,Fall,No,91.56,75.63,41.21
2023-09-02 13:00,9,13,Weekend,Fall,No,92.57,76.45,47.72
2023-09-02 14:00,9,14,Weekend,Fall,No,95.96,75.92,41.02
2023-09-02 15:00,9,15,Weekend,Fall,No,96.28,76.95,50.77
2023-09-02 16:00,9,16,Weekend,Fall,No,95.0,77.11,42.72
2023-09-02 17:00,9,17,Weekend,Fall,No,93.22,76.72,50.25
2023-09-02 18:00,9,18,Weekend,Fall,No,90.78,76.25,50.19
2023-09-02 19:00,9,19,Weekend,Fall,No,88.8,76.83,51.83
2023-09-02 20:00,9,20,Weekend,Fall,No,87.46,75.15,51.21
2023-09-02 21:00,9,21,Weekend,Fall,No,84.66,75.69,52.02
2023-09-02 22:00,9,22,Weekend,Fall,No,81.78,75.09,45.03
2023-09-02 23:00,9,23,Weekend,Fall,No,80.44,74.31,52.62
2023-09-03 00:00,9,0,Weekend,Fall,No,79.43,74.59,37.36
2023-09-03 01:00,9,1,Weekend,Fall,No,77.82,74.1,31.66
2023-09-03 02:00,9,2,Weekend,Fall,No,76.37,74.44,37.4
2023-09-03 03:00,9,3,Weekend,Fall,No,75.4,75.08,33.49
2023-09-03 04:00,9,4,Weekend,Fall,No,73.86,73.44,36.05
2023-09-03 05:00,9,5,Weekend,Fall,No,73.04,74.05,34.85
2023-09-03 06:00,9,6,Weekend,Fall,No,73.04,73.65,34.09
2023-09-03 07:00,9,7,Weekend,Fall,No,76.5,74.54,30.77
2023-09-03 08:00,9,8,Weekend,Fall,No,81.29,74.89,35.38
2023-09-03 09:00,9,9,Weekend,Fall,No,85.36,75.68,40.43
2023-09-03 10:00,9,10,Weekend,Fall,No,88.23,76.38,41.41
2023-09-03 11:00,9,11,Weekend,Fall,No,90.22,75.8,42.88
2023-09-03 12:00,9,12,Weekend,Fall,No,93.35,76.67,47.01
2023-09-03 13:00,9,13,Weekend,Fall,No,95.0,76.67,42.86
2023-09-03 14:00,9,14,Weekend,Fall,No,95.0,76.5,48.38
2023-09-03 15:00,9,15,Weekend,Fall,No,96.16,77.76,54.43
2023-09-03 16:00,9,16,Weekend,Fall,No,95.82,77.64,47.03
2023-09-03 17:00,9,17,Weekend,Fall,No,93.84,76.43,52.86
2023-09-03 18:00,9,18,Weekend,Fall,No,87.14,75.32,56.21
2023-09-03 19:00,9,19,Weekend,Fall,No,80.63,75.27,51.28
2023-09-03 20:00,9,20,Weekend,Fall,No,80.76,74.7,44.92
2023-09-03 21:00,9,21,Weekend,Fall,No,81.41,75.14,46.23
2023-09-03 22:00,9,22,Weekend,Fall,No,79.81,74.67,45.78
2023-09-03 23:00,9,23,Weekend,Fall,No,78.98,73.95,35.62
2023-09-04 00:00,9,0,Weekday,Fall,No,78.46,75.28,38.33
2023-09-04 01:00,9,1,Weekday,Fall,No,76.3,74.32,34.26
2023-09-04 02:00,9,2,Weekday,Fall,No,73.86,74.14,36.67
2023-09-04 03:00,9,3,Weekday,Fall,No,74.19,74.35,34.52
2023-09-04 04:00,9,4,Weekday,Fall,No,74.39,73.95,21.95
2023-09-04 05:00,9,5,Weekday,Fall,No,75.1,74.41,24.44
2023-09-04 06:00,9,6,Weekday,Fall,No,75.4,73.84,36.34
2023-09-04 07:00,9,7,Weekday,Fall,No,77.96,75.14,28.48
2023-09-04 08:00,9,8,Weekday,Fall,Yes,82.37,75.01,40.19
2023-09-04 09:00,9,9,Weekday,Fall,Yes,85.8,75.8,49.09
2023-09-04 10:00,9,10,Weekday,Fall,Yes,87.6,75.71,37.33
2023-09-04 11:00,9,11,Weekday,Fall,Yes,88.61,75.15,43.74
2023-09-04 12:00,9,12,Weekday,Fall,Yes,90.74,75.09,42.38
2023-09-04 13:00,9,13,Weekday,Fall,Yes,92.57,76.48,46.59
2023-09-04 14:00,9,14,Weekday,Fall,Yes,93.02,76.07,43.92
2023-09-04 15:00,9,15,Weekday,Fall,Yes,93.02,75.05,40.49
2023-09-04 16:00,9,16,Weekday,Fall,Yes,93.02,74.33,44.71
2023-09-04 17:00,9,17,Weekday,Fall,Yes,93.02,75.53,55.39
2023-09-04 18:00,9,18,Weekday,Fall,No,91.23,75.7,50.96
2023-09-04 19:00,9,19,Weekday,Fall,No,87.65,76.14,56.64
2023-09-04 20:00,9,20,Weekday,Fall,No,85.37,75.94,45.29
2023-09-04 21:00,9,21,Weekday,Fall,No,83.24,74.22,52.81
2023-09-04 22:00,9,22,Weekday,Fall,No,82.04,75.13,51.57
2023-09-04 23:00,9,23,Weekday,Fall,No,80.88,73.89,44.27
2023-09-05 00:00,9,0,Weekday,Fall,No,79.43,75.37,40.83
2023-09-05 01:00,9,1,Weekday,Fall,No,78.46,76.21,35.23
2023-09-05 02:00,9,2,Weekday,Fall,No,76.82,74.32,36.19
2023-09-05 03:00,9,3,Weekday,Fall,No,75.4,73.32,31.91
2023-09-05 04:00,9,4,Weekday,Fall,No,75.54,74.75,35.4
2023-09-05 05:00,9,5,Weekday,Fall,No,74.24,74.64,31.61
2023-09-05 06:00,9,6,Weekday,Fall,No,73.56,74.38,32.01
2023-09-05 07:00,9,7,Weekday,Fall,No,76.88,74.82,29.85
2023-09-05 08:00,9,8,Weekday,Fall,Yes,81.92,74.03,39.99
2023-09-05 09:00,9,9,Weekday,Fall,Yes,85.18,74.55,41.32
2023-09-05 10:00,9,10,Weekday,Fall,Yes,87.78,74.69,42.62
2023-09-05 11:00,9,11,Weekday,Fall,Yes,89.58,74.67,45.57
2023-09-05 12:00,9,12,Weekday,Fall,Yes,90.59,75.76,41.97
2023-09-05 13:00,9,13,Weekday,Fall,Yes,86.32,74.44,39.05
2023-09-05 14:00,9,14,Weekday,Fall,Yes,81.26,74.16,42.54
2023-09-05 15:00,9,15,Weekday,Fall,Yes,77.65,74.65,40.58
2023-09-05 16:00,9,16,Weekday,Fall,Yes,75.92,73.49,28.35
2023-09-05 17:00,9,17,Weekday,Fall,Yes,73.61,72.86,40.32
2023-09-05 18:00,9,18,Weekday,Fall,No,69.02,73.78,30.86
2023-09-05 19:00,9,19,Weekday,Fall,No,66.92,73.46,38.75
2023-09-05 20:00,9,20,Weekday,Fall,No,66.4,73.13,38.54
2023-09-05 21:00,9,21,Weekday,Fall,No,66.54,72.88,37.95
2023-09-05 22:00,9,22,Weekday,Fall,No,68.18,72.85,31.95
2023-09-05 23:00,9,23,Weekday,Fall,No,69.08,73.09,41.02
2023-09-06 00:00,9,0,Weekday,Fall,No,70.24,73.42,34.06
2023-09-06 01:00,9,1,Weekday,Fall,No,68.65,72.64,27.37
2023-09-06 02:00,9,2,Weekday,Fall,No,66.4,73.18,27.02
2023-09-06 03:00,9,3,Weekday,Fall,No,66.02,73.21,24.7
2023-09-06 04:00,9,4,Weekday,Fall,No,66.02,72.72,22.72
2023-09-06 05:00,9,5,Weekday,Fall,No,65.39,73.24,27.81
2023-09-06 06:00,9,6,Weekday,Fall,No,66.1,73.28,22.0
2023-09-06 07:00,9,7,Weekday,Fall,No,70.49,72.77,25.73
2023-09-06 08:00,9,8,Weekday,Fall,Yes,74.72,72.97,26.61
2023-09-06 09:00,9,9,Weekday,Fall,Yes,77.7,73.8,30.34
2023-09-06 10:00,9,10,Weekday,Fall,Yes,81.29,74.68,45.67
2023-09-06 11:00,9,11,Weekday,Fall,Yes,84.1,75.47,34.56
2023-09-06 12:00,9,12,Weekday,Fall,Yes,86.18,74.96,32.39
2023-09-06 13:00,9,13,Weekday,Fall,Yes,87.6,75.01,39.9
2023-09-06 14:00,9,14,Weekday,Fall,Yes,87.98,75.47,38.65
2023-09-06 15:00,9,15,Weekday,Fall,Yes,88.61,74.52,41.04
2023-09-06 16:00,9,16,Weekday,Fall,Yes,89.06,75.35,40.49
2023-09-06 17:00,9,17,Weekday,Fall,Yes,87.9,75.61,57.79
2023-09-06 18:00,9,18,Weekday,Fall,No,85.82,75.65,51.81
2023-09-06 19:00,9,19,Weekday,Fall,No,83.24,75.31,54.79
2023-09-06 20:00,9,20,Weekday,Fall,No,80.88,74.51,51.83
2023-09-06 21:00,9,21,Weekday,Fall,No,77.65,75.45,45.16
2023-09-06 22:00,9,22,Weekday,Fall,No,74.76,74.76,39.89
2023-09-06 23:00,9,23,Weekday,Fall,No,73.42,73.78,39.79
2023-09-07 00:00,9,0,Weekday,Fall,No,73.04,74.78,31.79
2023-09-07 01:00,9,1,Weekday,Fall,No,70.73,73.41,27.05
2023-09-07 02:00,9,2,Weekday,Fall,No,68.45,73.37,31.5
2023-09-07 03:00,9,3,Weekday,Fall,No,67.37,73.52,28.59
2023-09-07 04:00,9,4,Weekday,Fall,No,66.92,73.3,27.42
2023-09-07 05:00,9,5,Weekday,Fall,No,65.76,73.14,17.38
2023-09-07 06:00,9,6,Weekday,Fall,No,66.1,72.77,27.12
2023-09-07 07:00,9,7,Weekday,Fall,No,71.02,73.74,32.93
2023-09-07 08:00,9,8,Weekday,Fall,Yes,75.1,73.61,28.87
2023-09-07 09:00,9,9,Weekday,Fall,Yes,79.49,74.01,35.16
2023-09-07 10:00,9,10,Weekday,Fall,Yes,83.72,73.89,36.55
2023-09-07 11:00,9,11,Weekday,Fall,Yes,87.86,74.55,44.4
2023-09-07 12:00,9,12,Weekday,Fall,Yes,91.12,75.44,42.92
2023-09-07 13:00,9,13,Weekday,Fall,Yes,91.94,75.48,41.24
2023-09-07 14:00,9,14,Weekday,Fall,Yes,92.57,76.5,43.58
2023-09-07 15:00,9,15,Weekday,Fall,Yes,93.54,75.61,44.97
2023-09-07 16:00,9,16,Weekday,Fall,Yes,93.4,75.17,43.01
2023-09-07 17:00,9,17,Weekday,Fall,Yes,91.86,75.96,54.92
2023-09-07 18:00,9,18,Weekday,Fall,No,89.26,75.84,56.15
2023-09-07 19:00,9,19,Weekday,Fall,No,86.2,76.01,57.87
2023-09-07 20:00,9,20,Weekday,Fall,No,84.4,75.5,46.34
2023-09-07 21:00,9,21,Weekday,Fall,No,83.39,74.83,44.58
2023-09-07 22:00,9,22,Weekday,Fall,No,81.78,75.34,43.94
2023-09-07 23:00,9,23,Weekday,Fall,No,79.28,74.83,46.13
2023-09-08 00:00,9,0,Weekday,Fall,No,76.3,74.12,30.66
2023-09-08 01:00,9,1,Weekday,Fall,No,75.02,73.97,30.24
2023-09-08 02:00,9,2,Weekday,Fall,No,74.39,73.77,32.27
2023-09-08 03:00,9,3,Weekday,Fall,No,73.94,74.54,34.61
2023-09-08 04:00,9,4,Weekday,Fall,No,74.57,74.86,37.53
2023-09-08 05:00,9,5,Weekday,Fall,No,75.02,74.55,30.86
2023-09-08 06:00,9,6,Weekday,Fall,No,75.02,74.46,31.32
2023-09-08 07:00,9,7,Weekday,Fall,No,76.18,74.33,30.45
2023-09-08 08:00,9,8,Weekday,Fall,Yes,78.78,73.53,29.54
2023-09-08 09:00,9,9,Weekday,Fall,Yes,82.37,73.62,40.82
2023-09-08 10:00,9,10,Weekday,Fall,Yes,84.54,75.25,35.27
2023-09-08 11:00,9,11,Weekday,Fall,Yes,86.7,74.9,37.73
2023-09-08 12:00,9,12,Weekday,Fall,Yes,89.14,75.43,35.1
2023-09-08 13:00,9,13,Weekday,Fall,Yes,89.96,75.36,35.91
2023-09-08 14:00,9,14,Weekday,Fall,Yes,89.96,75.12,45.96
2023-09-08 15:00,9,15,Weekday,Fall,Yes,91.12,75.28,49.59
2023-09-08 16:00,9,16,Weekday,Fall,Yes,90.78,75.68,43.47
2023-09-08 17:00,9,17,Weekday,Fall,Yes,80.09,74.17,48.29
2023-09-08 18:00,9,18,Weekday,Fall,No,74.19,73.47,36.67
2023-09-08 19:00,9,19,Weekday,Fall,No,75.54,74.83,42.82
2023-09-08 20:00,9,20,Weekday,Fall,No,76.55,74.81,43.88
2023-09-08 21:00,9,21,Weekday,Fall,No,76.37,73.81,49.58
2023-09-08 22:00,9,22,Weekday,Fall,No,75.92,73.96,41.74
2023-09-08 23:00,9,23,Weekday,Fall,No,75.4,74.07,35.78
2023-09-09 00:00,9,0,Weekend,Fall,No,74.39,74.83,31.39
2023-09-09 01:00,9,1,Weekend,Fall,No,72.78,74.68,31.11
2023-09-09 02:00,9,2,Weekend,Fall,No,71.44,73.74,33.01
2023-09-09 03:00,9,3,Weekend,Fall,No,71.06,73.99,26.96
2023-09-09 04:00,9,4,Weekend,Fall,No,70.43,73.82,32.38
2023-09-09 05:00,9,5,Weekend,Fall,No,69.46,73.04,26.9
2023-09-09 06:00,9,6,Weekend,Fall,No,69.6,73.73,17.33
2023-09-09 07:00,9,7,Weekend,Fall,No,72.29,73.84,29.69
2023-09-09 08:00,9,8,Weekend,Fall,No,76.35,75.07,38.07
2023-09-09 09:00,9,9,Weekend,Fall,No,80.39,73.92,41.74
2023-09-09 10:00,9,10,Weekend,Fall,No,83.72,75.02,44.8
2023-09-09 11:00,9,11,Weekend,Fall,No,87.34,76.2,39.51
2023-09-09 12:00,9,12,Weekend,Fall,No,89.06,76.16,49.68
2023-09-09 13:00,9,13,Weekend,Fall,No,89.58,76.06,39.77
2023-09-09 14:00,9,14,Weekend,Fall,No,91.74,76.66,41.99
2023-09-09 15:00,9,15,Weekend,Fall,No,93.02,75.76,52.81
2023-09-09 16:00,9,16,Weekend,Fall,No,91.86,76.51,45.16
2023-09-09 17:00,9,17,Weekend,Fall,No,90.41,76.82,51.94
2023-09-09 18:00,9,18,Weekend,Fall,No,87.65,75.74,50.7
2023-09-09 19:00,9,19,Weekend,Fall,No,85.37,75.87,47.18
2023-09-09 20:00,9,20,Weekend,Fall,No,82.61,75.26,52.77
2023-09-09 21:00,9,21,Weekend,Fall,No,78.02,74.57,47.84
2023-09-09 22:00,9,22,Weekend,Fall,No,75.92,74.51,36.19
2023-09-09 23:00,9,23,Weekend,Fall,No,74.76,74.52,40.18
2023-09-10 00:00,9,0,Weekend,Fall,No,73.42,74.54,35.0
2023-09-10 01:00,9,1,Weekend,Fall,No,71.88,72.59,33.38
2023-09-10 02:00,9,2,Weekend,Fall,No,69.9,73.64,27.9
2023-09-10 03:00,9,3,Weekend,Fall,No,68.45,72.36,20.21
2023-09-10 04:00,9,4,Weekend,Fall,No,68.0,73.61,29.31
2023-09-10 05:00,9,5,Weekend,Fall,No,69.16,72.78,34.1
2023-09-10 06:00,9,6,Weekend,Fall,No,70.61,73.84,28.97
2023-09-10 07:00,9,7,Weekend,Fall,No,73.37,74.37,28.28
2023-09-10 08:00,9,8,Weekend,Fall,No,77.96,74.55,37.91
2023-09-10 09:00,9,9,Weekend,Fall,No,81.74,75.47,36.23
2023-09-10 10:00,9,10,Weekend,Fall,No,84.72,75.69,36.41
2023-09-10 11:00,9,11,Weekend,Fall,No,87.78,75.95,38.81
2023-09-10 12:00,9,12,Weekend,Fall,No,90.22,75.54,46.77
2023-09-10 13:00,9,13,Weekend,Fall,No,91.04,75.63,43.97
2023-09-10 14:00,9,14,Weekend,Fall,No,92.2,76.81,46.69
2023-09-10 15:00,9,15,Weekend,Fall,No,93.54,75.99,45.85
2023-09-10 16:00,9,16,Weekend,Fall,No,92.76,77.54,45.04
2023-09-10 17:00,9,17,Weekend,Fall,No,90.78,75.6,58.71
2023-09-10 18:00,9,18,Weekend,Fall,No,88.8,76.16,52.82
2023-09-10 19:00,9,19,Weekend,Fall,No,86.2,76.14,47.73
2023-09-10 20:00,9,20,Weekend,Fall,No,83.77,75.06,41.88
2023-09-10 21:00,9,21,Weekend,Fall,No,80.63,75.02,49.53
2023-09-10 22:00,9,22,Weekend,Fall,No,77.82,75.61,42.53
2023-09-10 23:00,9,23,Weekend,Fall,No,75.22,74.33,36.28
2023-09-11 00:00,9,0,Weekday,Fall,No,74.57,74.1,30.82
2023-09-11 01:00,9,1,Weekday,Fall,No,74.39,74.63,32.34
2023-09-11 02:00,9,2,Weekday,Fall,No,72.78,74.46,29.73
2023-09-11 03:00,9,3,Weekday,Fall,No,71.96,74.24,31.44
2023-09-11 04:00,9,4,Weekday,Fall,No,70.81,74.36,28.86
2023-09-11 05:00,9,5,Weekday,Fall,No,69.98,73.49,31.55
2023-09-11 06:00,9,6,Weekday,Fall,No,70.61,73.55,28.45
2023-09-11 07:00,9,7,Weekday,Fall,No,73.37,74.99,32.7
2023-09-11 08:00,9,8,Weekday,Fall,Yes,77.96,74.2,30.34
2023-09-11 09:00,9,9,Weekday,Fall,Yes,82.9,75.21,38.84
2023-09-11 10:00,9,10,Weekday,Fall,Yes,86.18,74.94,38.46
2023-09-11 11:00,9,11,Weekday,Fall,Yes,88.76,75.44,42.5
2023-09-11 12:00,9,12,Weekday,Fall,Yes,91.74,76.13,46.27
2023-09-11 13:00,9,13,Weekday,Fall,Yes,93.54,75.53,40.59
2023-09-11 14:00,9,14,Weekday,Fall,Yes,93.92,76.47,45.75
2023-09-11 15:00,9,15,Weekday,Fall,Yes,93.92,76.26,44.97
2023-09-11 16:00,9,16,Weekday,Fall,Yes,93.92,75.69,43.74
2023-09-11 17:00,9,17,Weekday,Fall,Yes,92.76,76.56,51.73
2023-09-11 18:00,9,18,Weekday,Fall,No,90.26,75.65,56.53
2023-09-11 19:00,9,19,Weekday,Fall,No,87.9,75.97,51.3
2023-09-11 20:00,9,20,Weekday,Fall,No,87.08,76.01,49.71
2023-09-11 21:00,9,21,Weekday,Fall,No,85.82,76.29,46.46
2023-09-11 22:00,9,22,Weekday,Fall,No,81.46,74.65,51.78
2023-09-11 23:00,9,23,Weekday,Fall,No,77.2,73.85,37.85
2023-09-12 00:00,9,0,Weekday,Fall,No,75.92,73.82,38.2
2023-09-12 01:00,9,1,Weekday,Fall,No,74.24,74.57,29.83
2023-09-12 02:00,9,2,Weekday,Fall,No,73.56,72.98,35.9
2023-09-12 03:00,9,3,Weekday,Fall,No,72.78,74.75,31.64
2023-09-12 04:00,9,4,Weekday,Fall,No,71.44,73.63,28.26
2023-09-12 05:00,9,5,Weekday,Fall,No,70.43,73.47,38.19
2023-09-12 06:00,9,6,Weekday,Fall,No,70.61,74.23,26.54
2023-09-12 07:00,9,7,Weekday,Fall,No,72.74,74.36,33.7
2023-09-12 08:00,9,8,Weekday,Fall,Yes,77.51,74.53,34.82
2023-09-12 09:00,9,9,Weekday,Fall,Yes,82.37,75.07,33.22
2023-09-12 10:00,9,10,Weekday,Fall,Yes,86.96,75.65,35.61
2023-09-12 11:00,9,11,Weekday,Fall,Yes,90.74,74.7,39.69
2023-09-12 12:00,9,12,Weekday,Fall,Yes,94.35,76.58,49.54
2023-09-12 13:00,9,13,Weekday,Fall,Yes,95.45,76.27,48.87
2023-09-12 14:00,9,14,Weekday,Fall,Yes,95.63,76.32,47.45
2023-09-12 15:00,9,15,Weekday,Fall,Yes,95.45,76.53,52.83
2023-09-12 16:00,9,16,Weekday,Fall,Yes,95.63,75.74,45.73
2023-09-12 17:00,9,17,Weekday,Fall,Yes,94.82,76.16,61.61
2023-09-12 18:00,9,18,Weekday,Fall,No,92.24,75.85,54.99
2023-09-12 19:00,9,19,Weekday,Fall,No,89.26,77.19,54.83
2023-09-12 20:00,9,20,Weekday,Fall,No,86.82,75.95,43.33
2023-09-12 21:00,9,21,Weekday,Fall,No,85.37,75.65,45.37
2023-09-12 22:00,9,22,Weekday,Fall,No,84.4,75.56,50.89
2023-09-12 23:00,9,23,Weekday,Fall,No,82.86,74.41,52.02
2023-09-13 00:00,9,0,Weekday,Fall,No,79.73,75.29,27.73
2023-09-13 01:00,9,1,Weekday,Fall,No,76.82,75.23,31.58
2023-09-13 02:00,9,2,Weekday,Fall,No,74.24,73.81,32.83
2023-09-13 03:00,9,3,Weekday,Fall,No,73.04,74.26,32.56
2023-09-13 04:00,9,4,Weekday,Fall,No,72.41,74.06,34.88
2023-09-13 05:00,9,5,Weekday,Fall,No,71.44,73.86,27.32
2023-09-13 06:00,9,6,Weekday,Fall,No,71.58,73.47,35.69
2023-09-13 07:00,9,7,Weekday,Fall,No,72.59,73.79,32.0
2023-09-13 08:00,9,8,Weekday,Fall,Yes,76.5,73.99,25.18
2023-09-13 09:00,9,9,Weekday,Fall,Yes,83.71,74.15,42.45
2023-09-13 10:00,9,10,Weekday,Fall,Yes,88.76,75.89,42.46
2023-09-13 11:00,9,11,Weekday,Fall,Yes,91.74,76.7,48.12
2023-09-13 12:00,9,12,Weekday,Fall,Yes,94.18,75.92,55.11
2023-09-13 13:00,9,13,Weekday,Fall,Yes,95.63,76.51,47.16
2023-09-13 14:00,9,14,Weekday,Fall,Yes,96.6,76.73,46.89
2023-09-13 15:00,9,15,Weekday,Fall,Yes,96.46,76.18,44.11
2023-09-13 16:00,9,16,Weekday,Fall,Yes,95.45,76.6,42.65
2023-09-13 17:00,9,17,Weekday,Fall,Yes,93.84,76.36,55.43
2023-09-13 18:00,9,18,Weekday,Fall,No,91.23,75.47,49.94
2023-09-13 19:00,9,19,Weekday,Fall,No,88.28,76.71,50.83
2023-09-13 20:00,9,20,Weekday,Fall,No,84.14,75.03,51.08
2023-09-13 21:00,9,21,Weekday,Fall,No,79.73,75.12,47.29
2023-09-13 22:00,9,22,Weekday,Fall,No,78.6,75.38,37.73
2023-09-13 23:00,9,23,Weekday,Fall,No,76.04,74.03,40.97
2023-09-14 00:00,9,0,Weekday,Fall,No,73.42,73.95,31.81
2023-09-14 01:00,9,1,Weekday,Fall,No,72.41,74.99,37.42
2023-09-14 02:00,9,2,Weekday,Fall,No,70.81,74.0,26.8
2023-09-14 03:00,9,3,Weekday,Fall,No,69.98,72.81,25.5
2023-09-14 04:00,9,4,Weekday,Fall,No,69.98,73.8,26.0
2023-09-14 05:00,9,5,Weekday,Fall,No,68.82,73.72,27.51
2023-09-14 06:00,9,6,Weekday,Fall,No,68.0,72.8,28.22
2023-09-14 07:00,9,7,Weekday,Fall,No,70.94,74.09,24.61
2023-09-14 08:00,9,8,Weekday,Fall,Yes,78.82,73.2,41.71
2023-09-14 09:00,9,9,Weekday,Fall,Yes,85.88,75.22,43.28
2023-09-14 10:00,9,10,Weekday,Fall,Yes,89.14,75.6,42.92
2023-09-14 11:00,9,11,Weekday,Fall,Yes,91.74,75.22,44.3
2023-09-14 12:00,9,12,Weekday,Fall,Yes,94.18,76.4,43.88
2023-09-14 13:00,9,13,Weekday,Fall,Yes,95.63,76.2,41.9
2023-09-14 14:00,9,14,Weekday,Fall,Yes,96.6,76.41,50.67
2023-09-14 15:00,9,15,Weekday,Fall,Yes,96.98,76.32,46.32
2023-09-14 16:00,9,16,Weekday,Fall,Yes,95.82,75.9,47.24
2023-09-14 17:00,9,17,Weekday,Fall,Yes,94.37,76.24,50.81
2023-09-14 18:00,9,18,Weekday,Fall,No,91.08,75.51,53.81
2023-09-14 19:00,9,19,Weekday,Fall,No,87.28,75.75,54.33
2023-09-14 20:00,9,20,Weekday,Fall,No,84.84,75.87,47.64
2023-09-14 21:00,9,21,Weekday,Fall,No,81.08,75.12,41.0
2023-09-14 22:00,9,22,Weekday,Fall,No,77.82,75.47,43.08
2023-09-14 23:00,9,23,Weekday,Fall,No,75.84,74.35,47.04
2023-09-15 00:00,9,0,Weekday,Fall,No,73.86,74.57,33.04
2023-09-15 01:00,9,1,Weekday,Fall,No,73.04,74.2,28.18
2023-09-15 02:00,9,2,Weekday,Fall,No,71.88,74.46,31.88
2023-09-15 03:00,9,3,Weekday,Fall,No,70.43,73.98,32.55
2023-09-15 04:00,9,4,Weekday,Fall,No,69.46,73.63,30.78
2023-09-15 05:00,9,5,Weekday,Fall,No,69.08,73.46,31.89
2023-09-15 06:00,9,6,Weekday,Fall,No,69.6,72.67,32.72
2023-09-15 07:00,9,7,Weekday,Fall,No,72.92,74.0,28.51
2023-09-15 08:00,9,8,Weekday,Fall,Yes,78.48,74.36,29.69
2023-09-15 09:00,9,9,Weekday,Fall,Yes,84.53,75.74,31.48
2023-09-15 10:00,9,10,Weekday,Fall,Yes,89.39,75.27,37.55
2023-09-15 11:00,9,11,Weekday,Fall,Yes,92.72,75.86,43.32
2023-09-15 12:00,9,12,Weekday,Fall,Yes,95.18,76.24,46.92
2023-09-15 13:00,9,13,Weekday,Fall,Yes,96.08,76.1,52.9
2023-09-15 14:00,9,14,Weekday,Fall,Yes,97.24,75.49,47.05
2023-09-15 15:00,9,15,Weekday,Fall,Yes,98.06,76.5,47.92
2023-09-15 16:00,9,16,Weekday,Fall,Yes,97.43,76.57,49.97
2023-09-15 17:00,9,17,Weekday,Fall,Yes,95.82,75.61,55.58
2023-09-15 18:00,9,18,Weekday,Fall,No,92.06,76.82,56.35
2023-09-15 19:00,9,19,Weekday,Fall,No,87.65,75.59,51.96
2023-09-15 20:00,9,20,Weekday,Fall,No,84.22,75.28,56.48
2023-09-15 21:00,9,21,Weekday,Fall,No,81.78,75.47,49.61
2023-09-15 22:00,9,22,Weekday,Fall,No,80.44,74.7,53.22
2023-09-15 23:00,9,23,Weekday,Fall,No,79.43,74.55,46.15
2023-09-16 00:00,9,0,Weekend,Fall,No,77.82,74.73,34.67
2023-09-16 01:00,9,1,Weekend,Fall,No,76.37,74.23,29.8
2023-09-16 02:00,9,2,Weekend,Fall,No,75.4,74.72,31.93
2023-09-16 03:00,9,3,Weekend,Fall,No,75.02,73.89,31.51
2023-09-16 04:00,9,4,Weekend,Fall,No,74.39,74.29,29.86
2023-09-16 05:00,9,5,Weekend,Fall,No,73.42,74.03,36.84
2023-09-16 06:00,9,6,Weekend,Fall,No,74.19,74.66,36.54
2023-09-16 07:00,9,7,Weekend,Fall,No,76.8,73.91,30.38
2023-09-16 08:00,9,8,Weekend,Fall,No,80.39,74.09,38.04
2023-09-16 09:00,9,9,Weekend,Fall,No,84.98,75.89,32.88
2023-09-16 10:00,9,10,Weekend,Fall,No,88.23,75.08,38.19
2023-09-16 11:00,9,11,Weekend,Fall,No,90.74,76.55,45.94
2023-09-16 12:00,9,12,Weekend,Fall,No,93.1,77.19,43.18
2023-09-16 13:00,9,13,Weekend,Fall,No,94.55,76.81,42.82
2023-09-16 14:00,9,14,Weekend,Fall,No,95.0,77.96,48.17
2023-09-16 15:00,9,15,Weekend,Fall,No,92.06,76.56,35.76
2023-09-16 16:00,9,16,Weekend,Fall,No,86.49,74.6,44.94
2023-09-16 17:00,9,17,Weekend,Fall,No,82.86,75.41,43.89
2023-09-16 18:00,9,18,Weekend,Fall,No,82.56,75.59,43.81
2023-09-16 19:00,9,19,Weekend,Fall,No,81.78,76.02,47.52
2023-09-16 20:00,9,20,Weekend,Fall,No,80.44,75.27,43.46
2023-09-16 21:00,9,21,Weekend,Fall,No,80.06,74.88,43.75
2023-09-16 22:00,9,22,Weekend,Fall,No,79.43,76.17,42.3
2023-09-16 23:00,9,23,Weekend,Fall,No,77.82,74.9,40.75
2023-09-17 00:00,9,0,Weekend,Fall,No,75.22,74.26,29.39
2023-09-17 01:00,9,1,Weekend,Fall,No,73.42,73.71,25.75
2023-09-17 02:00,9,2,Weekend,Fall,No,73.56,74.16,27.82
2023-09-17 03:00,9,3,Weekend,Fall,No,72.78,73.56,31.53
2023-09-17 04:00,9,4,Weekend,Fall,No,71.44,73.22,31.69
2023-09-17 05:00,9,5,Weekend,Fall,No,71.06,73.67,30.59
2023-09-17 06:00,9,6,Weekend,Fall,No,71.06,73.51,34.13
2023-09-17 07:00,9,7,Weekend,Fall,No,73.37,73.55,32.17
2023-09-17 08:00,9,8,Weekend,Fall,No,76.8,73.12,36.6
2023-09-17 09:00,9,9,Weekend,Fall,No,80.92,74.49,33.3
2023-09-17 10:00,9,10,Weekend,Fall,No,84.72,75.34,39.22
2023-09-17 11:00,9,11,Weekend,Fall,No,87.78,76.47,41.0
2023-09-17 12:00,9,12,Weekend,Fall,No,90.22,76.68,44.5
2023-09-17 13:00,9,13,Weekend,Fall,No,91.56,76.42,45.98
2023-09-17 14:00,9,14,Weekend,Fall,No,92.57,76.67,46.23
2023-09-17 15:00,9,15,Weekend,Fall,No,93.02,76.19,42.55
2023-09-17 16:00,9,16,Weekend,Fall,No,93.02,76.21,35.69
2023-09-17 17:00,9,17,Weekend,Fall,No,92.39,77.0,57.19
2023-09-17 18:00,9,18,Weekend,Fall,No,90.78,75.9,50.0
2023-09-17 19:00,9,19,Weekend,Fall,No,85.34,75.7,48.13
2023-09-17 20:00,9,20,Weekend,Fall,No,82.04,75.0,51.73
2023-09-17 21:00,9,21,Weekend,Fall,No,79.73,75.16,42.75
2023-09-17 22:00,9,22,Weekend,Fall,No,78.6,74.49,37.72
2023-09-17 23:00,9,23,Weekend,Fall,No,78.98,74.59,45.56
2023-09-18 00:00,9,0,Weekday,Fall,No,78.46,75.32,38.93
2023-09-18 01:00,9,1,Weekday,Fall,No,77.45,74.18,29.61
2023-09-18 02:00,9,2,Weekday,Fall,No,77.0,73.88,35.27
2023-09-18 03:00,9,3,Weekday,Fall,No,76.37,74.19,30.82
2023-09-18 04:00,9,4,Weekday,Fall,No,75.4,73.95,33.51
2023-09-18 05:00,9,5,Weekday,Fall,No,74.39,73.51,32.81
2023-09-18 06:00,9,6,Weekday,Fall,No,74.57,74.07,30.93
2023-09-18 07:00,9,7,Weekday,Fall,No,76.8,74.52,36.25
2023-09-18 08:00,9,8,Weekday,Fall,Yes,79.76,74.37,34.65
2023-09-18 09:00,9,9,Weekday,Fall,Yes,83.27,74.68,36.2
2023-09-18 10:00,9,10,Weekday,Fall,Yes,86.18,74.78,44.16
2023-09-18 11:00,9,11,Weekday,Fall,Yes,88.76,74.66,49.32
2023-09-18 12:00,9,12,Weekday,Fall,Yes,91.12,75.21,44.02
2023-09-18 13:00,9,13,Weekday,Fall,Yes,93.1,75.98,44.99
2023-09-18 14:00,9,14,Weekday,Fall,Yes,92.76,76.05,40.97
2023-09-18 15:00,9,15,Weekday,Fall,Yes,91.94,74.89,49.38
2023-09-18 16:00,9,16,Weekday,Fall,Yes,90.78,75.98,51.72
2023-09-18 17:00,9,17,Weekday,Fall,Yes,89.43,76.05,48.8
2023-09-18 18:00,9,18,Weekday,Fall,No,87.9,76.44,52.33
2023-09-18 19:00,9,19,Weekday,Fall,No,82.36,75.05,50.07
2023-09-18 20:00,9,20,Weekday,Fall,No,76.67,74.84,41.11
2023-09-18 21:00,9,21,Weekday,Fall,No,74.39,74.64,49.74
2023-09-18 22:00,9,22,Weekday,Fall,No,72.26,73.29,34.02
2023-09-18 23:00,9,23,Weekday,Fall,No,71.06,74.23,37.51
2023-09-19 00:00,9,0,Weekday,Fall,No,71.06,74.01,30.05
2023-09-19 01:00,9,1,Weekday,Fall,No,71.06,73.67,29.52
2023-09-19 02:00,9,2,Weekday,Fall,No,70.43,74.02,28.91
2023-09-19 03:00,9,3,Weekday,Fall,No,69.46,73.64,26.16
2023-09-19 04:00,9,4,Weekday,Fall,No,68.45,73.67,27.35
2023-09-19 05:00,9,5,Weekday,Fall,No,67.37,73.46,28.25
2023-09-19 06:00,9,6,Weekday,Fall,No,67.55,73.62,29.0
2023-09-19 07:00,9,7,Weekday,Fall,No,70.31,72.9,27.61
2023-09-19 08:00,9,8,Weekday,Fall,Yes,74.9,73.68,30.94
2023-09-19 09:00,9,9,Weekday,Fall,Yes,78.78,74.6,39.94
2023-09-19 10:00,9,10,Weekday,Fall,Yes,82.37,74.22,42.29
2023-09-19 11:00,9,11,Weekday,Fall,Yes,86.33,75.51,41.12
2023-09-19 12:00,9,12,Weekday,Fall,Yes,89.14,74.7,50.13
2023-09-19 13:00,9,13,Weekday,Fall,Yes,90.59,75.36,45.26
2023-09-19 14:00,9,14,Weekday,Fall,Yes,91.56,76.02,47.75
2023-09-19 15:00,9,15,Weekday,Fall,Yes,91.94,76.32,46.39
2023-09-19 16:00,9,16,Weekday,Fall,Yes,91.42,75.19,44.3
2023-09-19 17:00,9,17,Weekday,Fall,Yes,89.88,75.39,54.46
2023-09-19 18:00,9,18,Weekday,Fall,No,87.28,76.21,50.19
2023-09-19 19:00,9,19,Weekday,Fall,No,84.84,74.86,52.18
2023-09-19 20:00,9,20,Weekday,Fall,No,82.86,75.12,46.22
2023-09-19 21:00,9,21,Weekday,Fall,No,80.26,74.87,49.33
2023-09-19 22:00,9,22,Weekday,Fall,No,76.67,74.55,49.54
2023-09-19 23:00,9,23,Weekday,Fall,No,74.39,73.71,39.46
2023-09-20 00:00,9,0,Weekday,Fall,No,72.78,74.58,31.86
2023-09-20 01:00,9,1,Weekday,Fall,No,71.96,74.0,33.91
2023-09-20 02:00,9,2,Weekday,Fall,No,71.44,73.85,30.05
2023-09-20 03:00,9,3,Weekday,Fall,No,70.43,73.69,24.89
2023-09-20 04:00,9,4,Weekday,Fall,No,68.82,73.63,22.9
2023-09-20 05:00,9,5,Weekday,Fall,No,67.37,73.01,20.27
2023-09-20 06:00,9,6,Weekday,Fall,No,66.92,73.39,27.55
2023-09-20 07:00,9,7,Weekday,Fall,No,69.34,73.8,22.84
2023-09-20 08:00,9,8,Weekday,Fall,Yes,75.68,73.95,28.69
2023-09-20 09:00,9,9,Weekday,Fall,Yes,81.29,73.12,35.86
2023-09-20 10:00,9,10,Weekday,Fall,Yes,83.57,74.53,42.18
2023-09-20 11:00,9,11,Weekday,Fall,Yes,86.96,74.83,37.84
2023-09-20 12:00,9,12,Weekday,Fall,Yes,90.22,75.47,43.37
2023-09-20 13:00,9,13,Weekday,Fall,Yes,91.56,77.01,41.9
2023-09-20 14:00,9,14,Weekday,Fall,Yes,92.57,75.81,37.91
2023-09-20 15:00,9,15,Weekday,Fall,Yes,92.39,76.56,48.79
2023-09-20 16:00,9,16,Weekday,Fall,Yes,91.42,74.29,48.95
2023-09-20 17:00,9,17,Weekday,Fall,Yes,90.41,75.65,54.73
2023-09-20 18:00,9,18,Weekday,Fall,No,87.65,76.32,43.68
2023-09-20 19:00,9,19,Weekday,Fall,No,85.37,75.32,47.66
2023-09-20 20:00,9,20,Weekday,Fall,No,83.24,74.5,38.95
2023-09-20 21:00,9,21,Weekday,Fall,No,80.26,75.06,45.22
2023-09-20 22:00,9,22,Weekday,Fall,No,77.2,74.88,39.76
2023-09-20 23:00,9,23,Weekday,Fall,No,74.76,75.09,36.84
2023-09-21 00:00,9,0,Weekday,Fall,No,73.42,74.08,32.68
2023-09-21 01:00,9,1,Weekday,Fall,No,71.88,73.52,35.47
2023-09-21 02:00,9,2,Weekday,Fall,No,70.43,73.1,31.65
2023-09-21 03:00,9,3,Weekday,Fall,No,69.98,73.39,29.87
2023-09-21 04:00,9,4,Weekday,Fall,No,69.46,74.01,22.86
2023-09-21 05:00,9,5,Weekday,Fall,No,69.08,71.81,29.41
2023-09-21 06:00,9,6,Weekday,Fall,No,68.45,73.33,28.05
2023-09-21 07:00,9,7,Weekday,Fall,No,71.46,73.37,27.14
2023-09-21 08:00,9,8,Weekday,Fall,Yes,77.51,73.88,33.55
2023-09-21 09:00,9,9,Weekday,Fall,Yes,81.74,73.95,36.35
2023-09-21 10:00,9,10,Weekday,Fall,Yes,84.72,75.1,41.49
2023-09-21 11:00,9,11,Weekday,Fall,Yes,87.78,74.62,32.63
2023-09-21 12:00,9,12,Weekday,Fall,Yes,90.22,75.39,43.53
2023-09-21 13:00,9,13,Weekday,Fall,Yes,92.2,75.57,45.35
2023-09-21 14:00,9,14,Weekday,Fall,Yes,92.39,75.2,46.11
2023-09-21 15:00,9,15,Weekday,Fall,Yes,91.42,75.45,41.75
2023-09-21 16:00,9,16,Weekday,Fall,Yes,88.73,74.74,40.21
2023-09-21 17:00,9,17,Weekday,Fall,Yes,86.45,75.12,48.97
2023-09-21 18:00,9,18,Weekday,Fall,No,84.84,76.01,49.09
2023-09-21 19:00,9,19,Weekday,Fall,No,82.86,75.42,46.07
2023-09-21 20:00,9,20,Weekday,Fall,No,80.26,75.37,49.23
2023-09-21 21:00,9,21,Weekday,Fall,No,78.46,75.07,43.44
2023-09-21 22:00,9,22,Weekday,Fall,No,76.82,73.99,38.61
2023-09-21 23:00,9,23,Weekday,Fall,No,75.4,74.41,43.35
2023-09-22 00:00,9,0,Weekday,Fall,No,75.02,73.44,40.38
2023-09-22 01:00,9,1,Weekday,Fall,No,75.02,73.95,30.28
2023-09-22 02:00,9,2,Weekday,Fall,No,75.02,73.62,34.28
2023-09-22 03:00,9,3,Weekday,Fall,No,75.02,73.53,30.48
2023-09-22 04:00,9,4,Weekday,Fall,No,74.39,74.57,26.83
2023-09-22 05:00,9,5,Weekday,Fall,No,73.94,74.3,24.21
2023-09-22 06:00,9,6,Weekday,Fall,No,73.42,73.45,34.13
2023-09-22 07:00,9,7,Weekday,Fall,No,73.56,74.08,37.76
2023-09-22 08:00,9,8,Weekday,Fall,Yes,74.57,73.17,32.73
2023-09-22 09:00,9,9,Weekday,Fall,Yes,77.96,74.35,38.23
2023-09-22 10:00,9,10,Weekday,Fall,Yes,81.22,74.23,34.85
2023-09-22 11:00,9,11,Weekday,Fall,Yes,83.72,74.29,36.06
2023-09-22 12:00,9,12,Weekday,Fall,Yes,84.4,74.42,38.97
2023-09-22 13:00,9,13,Weekday,Fall,Yes,82.86,74.55,42.99
2023-09-22 14:00,9,14,Weekday,Fall,Yes,75.63,73.75,31.52
2023-09-22 15:00,9,15,Weekday,Fall,Yes,71.06,72.6,27.86
2023-09-22 16:00,9,16,Weekday,Fall,Yes,69.28,72.36,31.0
2023-09-22 17:00,9,17,Weekday,Fall,Yes,68.0,72.85,41.01
2023-09-22 18:00,9,18,Weekday,Fall,No,68.0,73.65,35.12
2023-09-22 19:00,9,19,Weekday,Fall,No,68.63,72.9,44.44
2023-09-22 20:00,9,20,Weekday,Fall,No,68.45,73.29,38.47
2023-09-22 21:00,9,21,Weekday,Fall,No,68.63,73.47,36.23
2023-09-22 22:00,9,22,Weekday,Fall,No,68.45,73.57,34.96
2023-09-22 23:00,9,23,Weekday,Fall,No,68.0,72.93,44.47
2023-09-23 00:00,9,0,Weekend,Fall,No,68.63,73.68,27.32
2023-09-23 01:00,9,1,Weekend,Fall,No,68.45,73.44,30.29
2023-09-23 02:00,9,2,Weekend,Fall,No,68.0,72.88,19.69
2023-09-23 03:00,9,3,Weekend,Fall,No,68.63,73.8,28.67
2023-09-23 04:00,9,4,Weekend,Fall,No,68.45,73.32,22.71
2023-09-23 05:00,9,5,Weekend,Fall,No,67.37,73.05,28.54
2023-09-23 06:00,9,6,Weekend,Fall,No,66.92,72.64,30.99
2023-09-23 07:00,9,7,Weekend,Fall,No,68.18,73.36,27.91
2023-09-23 08:00,9,8,Weekend,Fall,No,70.76,73.55,34.17
2023-09-23 09:00,9,9,Weekend,Fall,No,74.27,73.82,29.42
2023-09-23 10:00,9,10,Weekend,Fall,No,77.7,74.62,37.6
2023-09-23 11:00,9,11,Weekend,Fall,No,78.98,74.52,37.6
2023-09-23 12:00,9,12,Weekend,Fall,No,79.61,74.76,28.29
2023-09-23 13:00,9,13,Weekend,Fall,No,81.22,75.47,36.99
2023-09-23 14:00,9,14,Weekend,Fall,No,83.72,75.97,37.79
2023-09-23 15:00,9,15,Weekend,Fall,No,83.77,75.74,35.79
2023-09-23 16:00,9,16,Weekend,Fall,No,82.42,75.06,30.89
2023-09-23 17:00,9,17,Weekend,Fall,No,80.26,74.48,46.75
2023-09-23 18:00,9,18,Weekend,Fall,No,77.2,73.97,40.02
2023-09-23 19:00,9,19,Weekend,Fall,No,71.93,74.44,38.57
2023-09-23 20:00,9,20,Weekend,Fall,No,67.82,73.27,40.68
2023-09-23 21:00,9,21,Weekend,Fall,No,65.24,73.72,29.05
2023-09-23 22:00,9,22,Weekend,Fall,No,64.56,73.47,36.49
2023-09-23 23:00,9,23,Weekend,Fall,No,65.57,72.9,33.02
2023-09-24 00:00,9,0,Weekend,Fall,No,66.54,73.37,30.27
2023-09-24 01:00,9,1,Weekend,Fall,No,65.76,71.86,25.44
2023-09-24 02:00,9,2,Weekend,Fall,No,64.94,73.37,20.81
2023-09-24 03:00,9,3,Weekend,Fall,No,64.41,72.52,28.34
2023-09-24 04:00,9,4,Weekend,Fall,No,64.04,73.89,28.35
2023-09-24 05:00,9,5,Weekend,Fall,No,63.41,73.39,23.55
2023-09-24 06:00,9,6,Weekend,Fall,No,62.96,72.41,19.55
2023-09-24 07:00,9,7,Weekend,Fall,No,65.9,73.66,27.24
2023-09-24 08:00,9,8,Weekend,Fall,No,70.94,73.46,29.57
2023-09-24 09:00,9,9,Weekend,Fall,No,75.35,74.78,28.89
2023-09-24 10:00,9,10,Weekend,Fall,No,78.78,73.73,35.71
2023-09-24 11:00,9,11,Weekend,Fall,No,82.37,76.27,39.73
2023-09-24 12:00,9,12,Weekend,Fall,No,85.18,76.32,38.96
2023-09-24 13:00,9,13,Weekend,Fall,No,87.16,75.21,39.61
2023-09-24 14:00,9,14,Weekend,Fall,No,88.61,75.81,40.54
2023-09-24 15:00,9,15,Weekend,Fall,No,89.06,76.05,40.19
2023-09-24 16:00,9,16,Weekend,Fall,No,88.43,76.07,37.05
2023-09-24 17:00,9,17,Weekend,Fall,No,86.82,75.6,48.9
2023-09-24 18:00,9,18,Weekend,Fall,No,84.22,75.01,47.97
2023-09-24 19:00,9,19,Weekend,Fall,No,81.26,74.9,39.74
2023-09-24 20:00,9,20,Weekend,Fall,No,76.49,74.83,50.12
2023-09-24 21:00,9,21,Weekend,Fall,No,73.42,73.52,39.15
2023-09-24 22:00,9,22,Weekend,Fall,No,71.88,74.55,35.92
2023-09-24 23:00,9,23,Weekend,Fall,No,70.43,74.02,41.27
2023-09-25 00:00,9,0,Weekday,Fall,No,67.67,73.1,28.68
2023-09-25 01:00,9,1,Weekday,Fall,No,65.39,73.29,14.38
2023-09-25 02:00,9,2,Weekday,Fall,No,64.94,72.91,21.23
2023-09-25 03:00,9,3,Weekday,Fall,No,64.41,72.71,23.56
2023-09-25 04:00,9,4,Weekday,Fall,No,63.41,72.49,25.31
2023-09-25 05:00,9,5,Weekday,Fall,No,62.44,73.12,34.16
2023-09-25 06:00,9,6,Weekday,Fall,No,63.22,73.09,20.81
2023-09-25 07:00,9,7,Weekday,Fall,No,67.5,73.06,28.58
2023-09-25 08:00,9,8,Weekday,Fall,Yes,73.44,72.71,37.13
2023-09-25 09:00,9,9,Weekday,Fall,Yes,79.49,73.98,33.41
2023-09-25 10:00,9,10,Weekday,Fall,Yes,83.72,74.33,35.87
2023-09-25 11:00,9,11,Weekday,Fall,Yes,86.7,75.37,36.13
2023-09-25 12:00,9,12,Weekday,Fall,Yes,89.14,75.37,48.98
2023-09-25 13:00,9,13,Weekday,Fall,Yes,89.96,74.72,45.29
2023-09-25 14:00,9,14,Weekday,Fall,Yes,90.59,75.61,51.66
2023-09-25 15:00,9,15,Weekday,Fall,Yes,91.04,75.67,46.53
2023-09-25 16:00,9,16,Weekday,Fall,Yes,89.88,74.82,37.86
2023-09-25 17:00,9,17,Weekday,Fall,Yes,87.9,75.33,48.49
2023-09-25 18:00,9,18,Weekday,Fall,No,84.66,76.32,50.59
2023-09-25 19:00,9,19,Weekday,Fall,No,81.26,74.45,49.99
2023-09-25 20:00,9,20,Weekday,Fall,No,78.28,74.31,44.17
2023-09-25 21:00,9,21,Weekday,Fall,No,75.22,74.38,41.6
2023-09-25 22:00,9,22,Weekday,Fall,No,72.26,75.07,44.23
2023-09-25 23:00,9,23,Weekday,Fall,No,69.9,73.46,37.49
2023-09-26 00:00,9,0,Weekday,Fall,No,67.82,72.6,24.72
2023-09-26 01:00,9,1,Weekday,Fall,No,66.4,74.46,27.05
2023-09-26 02:00,9,2,Weekday,Fall,No,64.86,72.07,31.75
2023-09-26 03:00,9,3,Weekday,Fall,No,63.41,72.77,23.72
2023-09-26 04:00,9,4,Weekday,Fall,No,62.96,72.35,21.62
2023-09-26 05:00,9,5,Weekday,Fall,No,62.44,71.99,16.78
2023-09-26 06:00,9,6,Weekday,Fall,No,62.58,72.51,27.4
2023-09-26 07:00,9,7,Weekday,Fall,No,65.27,72.46,30.21
2023-09-26 08:00,9,8,Weekday,Fall,Yes,71.02,73.01,31.6
2023-09-26 09:00,9,9,Weekday,Fall,Yes,77.51,74.3,35.94
2023-09-26 10:00,9,10,Weekday,Fall,Yes,83.52,75.0,33.75
2023-09-26 11:00,9,11,Weekday,Fall,Yes,87.16,74.67,38.41
2023-09-26 12:00,9,12,Weekday,Fall,Yes,88.61,75.41,34.95
2023-09-26 13:00,9,13,Weekday,Fall,Yes,90.22,75.6,47.93
2023-09-26 14:00,9,14,Weekday,Fall,Yes,91.04,75.9,45.99
2023-09-26 15:00,9,15,Weekday,Fall,Yes,91.56,75.37,45.2
2023-09-26 16:00,9,16,Weekday,Fall,Yes,91.42,75.38,52.69
2023-09-26 17:00,9,17,Weekday,Fall,Yes,89.88,74.45,46.98
2023-09-26 18:00,9,18,Weekday,Fall,No,86.65,75.86,46.66
2023-09-26 19:00,9,19,Weekday,Fall,No,82.61,75.01,50.65
2023-09-26 20:00,9,20,Weekday,Fall,No,79.81,74.47,47.26
2023-09-26 21:00,9,21,Weekday,Fall,No,74.88,74.21,39.4
2023-09-26 22:00,9,22,Weekday,Fall,No,70.81,72.57,36.24
2023-09-26 23:00,9,23,Weekday,Fall,No,68.82,73.42,38.51
2023-09-27 00:00,9,0,Weekday,Fall,No,67.37,73.6,33.8
2023-09-27 01:00,9,1,Weekday,Fall,No,66.4,73.8,29.04
2023-09-27 02:00,9,2,Weekday,Fall,No,66.02,72.68,28.27
2023-09-27 03:00,9,3,Weekday,Fall,No,64.86,73.23,23.64
2023-09-27 04:00,9,4,Weekday,Fall,No,63.41,72.88,20.36
2023-09-27 05:00,9,5,Weekday,Fall,No,62.96,73.27,28.26
2023-09-27 06:00,9,6,Weekday,Fall,No,62.44,72.08,24.29
2023-09-27 07:00,9,7,Weekday,Fall,No,66.68,73.59,21.02
2023-09-27 08:00,9,8,Weekday,Fall,Yes,74.7,73.4,32.45
2023-09-27 09:00,9,9,Weekday,Fall,Yes,80.92,74.71,33.51
2023-09-27 10:00,9,10,Weekday,Fall,Yes,86.51,74.98,40.65
2023-09-27 11:00,9,11,Weekday,Fall,Yes,90.74,75.21,39.65
2023-09-27 12:00,9,12,Weekday,Fall,Yes,93.72,76.31,43.99
2023-09-27 13:00,9,13,Weekday,Fall,Yes,95.0,76.14,49.19
2023-09-27 14:00,9,14,Weekday,Fall,Yes,96.16,76.76,49.32
2023-09-27 15:00,9,15,Weekday,Fall,Yes,96.46,75.48,50.84
2023-09-27 16:00,9,16,Weekday,Fall,Yes,95.45,75.04,45.94
2023-09-27 17:00,9,17,Weekday,Fall,Yes,93.84,75.73,57.04
2023-09-27 18:00,9,18,Weekday,Fall,No,90.71,76.4,53.27
2023-09-27 19:00,9,19,Weekday,Fall,No,86.65,75.88,44.87
2023-09-27 20:00,9,20,Weekday,Fall,No,83.24,75.21,47.0
2023-09-27 21:00,9,21,Weekday,Fall,No,79.73,76.51,53.42
2023-09-27 22:00,9,22,Weekday,Fall,No,76.3,75.31,38.44
2023-09-27 23:00,9,23,Weekday,Fall,No,73.86,74.64,44.93
2023-09-28 00:00,9,0,Weekday,Fall,No,72.41,73.66,32.24
2023-09-28 01:00,9,1,Weekday,Fall,No,70.81,74.67,26.5
2023-09-28 02:00,9,2,Weekday,Fall,No,70.61,74.22,33.92
2023-09-28 03:00,9,3,Weekday,Fall,No,69.28,73.63,36.4
2023-09-28 04:00,9,4,Weekday,Fall,No,68.0,73.52,30.62
2023-09-28 05:00,9,5,Weekday,Fall,No,68.0,73.61,37.39
2023-09-28 06:00,9,6,Weekday,Fall,No,68.63,73.65,30.81
2023-09-28 07:00,9,7,Weekday,Fall,No,72.54,73.98,30.47
2023-09-28 08:00,9,8,Weekday,Fall,Yes,79.12,73.54,29.14
2023-09-28 09:00,9,9,Weekday,Fall,Yes,85.51,74.32,38.28
2023-09-28 10:00,9,10,Weekday,Fall,Yes,90.92,75.31,44.51
2023-09-28 11:00,9,11,Weekday,Fall,Yes,94.8,76.68,41.51
2023-09-28 12:00,9,12,Weekday,Fall,Yes,96.08,76.44,54.05
2023-09-28 13:00,9,13,Weekday,Fall,Yes,97.24,76.18,47.83
2023-09-28 14:00,9,14,Weekday,Fall,Yes,98.58,77.12,48.16
2023-09-28 15:00,9,15,Weekday,Fall,Yes,97.8,76.08,45.85
2023-09-28 16:00,9,16,Weekday,Fall,Yes,96.46,76.54,48.04
2023-09-28 17:00,9,17,Weekday,Fall,Yes,94.82,75.6,60.06
2023-09-28 18:00,9,18,Weekday,Fall,No,88.67,75.74,46.84
2023-09-28 19:00,9,19,Weekday,Fall,No,81.46,74.3,47.96
2023-09-28 20:00,9,20,Weekday,Fall,No,78.46,74.1,49.43
2023-09-28 21:00,9,21,Weekday,Fall,No,78.6,74.28,41.13
2023-09-28 22:00,9,22,Weekday,Fall,No,78.98,74.49,44.51
2023-09-28 23:00,9,23,Weekday,Fall,No,77.2,74.29,42.29
2023-09-29 00:00,9,0,Weekday,Fall,No,74.76,73.84,35.0
2023-09-29 01:00,9,1,Weekday,Fall,No,72.26,73.79,35.47
2023-09-29 02:00,9,2,Weekday,Fall,No,70.43,74.5,32.77
2023-09-29 03:00,9,3,Weekday,Fall,No,69.46,74.13,20.73
2023-09-29 04:00,9,4,Weekday,Fall,No,67.3,73.24,25.94
2023-09-29 05:00,9,5,Weekday,Fall,No,66.02,72.85,28.56
2023-09-29 06:00,9,6,Weekday,Fall,No,66.54,72.87,35.4
2023-09-29 07:00,9,7,Weekday,Fall,No,69.86,74.33,33.15
2023-09-29 08:00,9,8,Weekday,Fall,Yes,76.68,73.47,38.37
2023-09-29 09:00,9,9,Weekday,Fall,Yes,81.22,74.24,30.31
2023-09-29 10:00,9,10,Weekday,Fall,Yes,86.14,75.14,42.48
2023-09-29 11:00,9,11,Weekday,Fall,Yes,90.74,75.78,39.59
2023-09-29 12:00,9,12,Weekday,Fall,Yes,93.1,75.81,43.52
2023-09-29 13:00,9,13,Weekday,Fall,Yes,93.92,75.39,46.22
2023-09-29 14:00,9,14,Weekday,Fall,Yes,93.4,76.39,54.37
2023-09-29 15:00,9,15,Weekday,Fall,Yes,92.39,75.63,39.96
2023-09-29 16:00,9,16,Weekday,Fall,Yes,91.42,75.21,40.56
2023-09-29 17:00,9,17,Weekday,Fall,Yes,89.26,75.14,50.08
2023-09-29 18:00,9,18,Weekday,Fall,No,85.67,75.58,48.91
2023-09-29 19:00,9,19,Weekday,Fall,No,81.71,74.21,45.79
2023-09-29 20:00,9,20,Weekday,Fall,No,77.65,74.49,47.1
2023-09-29 21:00,9,21,Weekday,Fall,No,75.4,73.6,41.65
2023-09-29 22:00,9,22,Weekday,Fall,No,74.39,74.61,38.82
2023-09-29 23:00,9,23,Weekday,Fall,No,71.63,72.9,41.55
2023-09-30 00:00,9,0,Weekend,Fall,No,70.61,73.78,33.41
2023-09-30 01:00,9,1,Weekend,Fall,No,70.43,73.72,33.6
2023-09-30 02:00,9,2,Weekend,Fall,No,68.82,73.02,28.56
2023-09-30 03:00,9,3,Weekend,Fall,No,68.0,73.02,32.7
2023-09-30 04:00,9,4,Weekend,Fall,No,67.37,73.95,21.4
2023-09-30 05:00,9,5,Weekend,Fall,No,67.55,73.79,31.94
2023-09-30 06:00,9,6,Weekend,Fall,No,68.0,73.33,28.19
2023-09-30 07:00,9,7,Weekend,Fall,No,70.31,73.97,29.13
2023-09-30 08:00,9,8,Weekend,Fall,No,74.9,75.1,32.4
2023-09-30 09:00,9,9,Weekend,Fall,No,80.46,74.21,31.62
2023-09-30 10:00,9,10,Weekend,Fall,No,85.88,75.46,41.88
2023-09-30 11:00,9,11,Weekend,Fall,No,89.14,76.03,30.87
2023-09-30 12:00,9,12,Weekend,Fall,No,87.02,76.48,45.76
2023-09-30 13:00,9,13,Weekend,Fall,No,84.92,75.64,48.89
2023-09-30 14:00,9,14,Weekend,Fall,No,82.08,75.08,39.96
2023-09-30 15:00,9,15,Weekend,Fall,No,73.66,74.07,26.03
2023-09-30 16:00,9,16,Weekend,Fall,No,70.24,73.33,31.7
2023-09-30 17:00,9,17,Weekend,Fall,No,70.43,74.31,38.1
2023-09-30 18:00,9,18,Weekend,Fall,No,67.67,72.97,37.11
2023-09-30 19:00,9,19,Weekend,Fall,No,65.39,73.4,33.96
2023-09-30 20:00,9,20,Weekend,Fall,No,65.57,72.3,35.62
2023-09-30 21:00,9,21,Weekend,Fall,No,65.5,73.35,29.52
2023-09-30 22:00,9,22,Weekend,Fall,No,64.7,72.75,32.27
2023-09-30 23:00,9,23,Weekend,Fall,No,63.88,72.82,35.46
2023-10-01 00:00,10,0,Weekend,Fall,No,62.98,73.05,28.38
2023-10-01 01:00,10,1,Weekend,Fall,No,62.08,72.41,22.13
2023-10-01 02:00,10,2,Weekend,Fall,No,61.28,72.42,27.04
2023-10-01 03:00,10,3,Weekend,Fall,No,60.46,72.54,25.12
2023-10-01 04:00,10,4,Weekend,Fall,No,59.45,72.04,27.89
2023-10-01 05:00,10,5,Weekend,Fall,No,58.37,71.0,23.27
2023-10-01 06:00,10,6,Weekend,Fall,No,58.55,71.8,20.17
2023-10-01 07:00,10,7,Weekend,Fall,No,61.94,72.31,17.46
2023-10-01 08:00,10,8,Weekend,Fall,No,67.5,73.39,27.22
2023-10-01 09:00,10,9,Weekend,Fall,No,72.92,74.25,35.89
2023-10-01 10:00,10,10,Weekend,Fall,No,76.8,73.99,34.0
2023-10-01 11:00,10,11,Weekend,Fall,No,79.24,74.14,37.17
2023-10-01 12:00,10,12,Weekend,Fall,No,80.58,74.7,28.99
2023-10-01 13:00,10,13,Weekend,Fall,No,82.12,74.48,40.13
2023-10-01 14:00,10,14,Weekend,Fall,No,83.57,75.33,40.02
2023-10-01 15:00,10,15,Weekend,Fall,No,84.02,75.19,39.91
2023-10-01 16:00,10,16,Weekend,Fall,No,84.02,75.67,43.39
2023-10-01 17:00,10,17,Weekend,Fall,No,83.39,75.98,39.01
2023-10-01 18:00,10,18,Weekend,Fall,No,81.78,74.53,45.21
2023-10-01 19:00,10,19,Weekend,Fall,No,77.5,73.41,49.7
2023-10-01 20:00,10,20,Weekend,Fall,No,73.86,73.71,43.95
2023-10-01 21:00,10,21,Weekend,Fall,No,72.41,73.71,35.44
2023-10-01 22:00,10,22,Weekend,Fall,No,70.28,74.19,43.9
2023-10-01 23:00,10,23,Weekend,Fall,No,67.82,73.38,40.78
2023-10-02 00:00,10,0,Weekday,Fall,No,66.4,73.53,28.7
2023-10-02 01:00,10,1,Weekday,Fall,No,66.54,73.01,29.36
2023-10-02 02:00,10,2,Weekday,Fall,No,65.24,72.42,27.86
2023-10-02 03:00,10,3,Weekday,Fall,No,63.41,72.31,22.52
2023-10-02 04:00,10,4,Weekday,Fall,No,62.44,71.92,22.33
2023-10-02 05:00,10,5,Weekday,Fall,No,62.06,72.53,22.96
2023-10-02 06:00,10,6,Weekday,Fall,No,62.06,72.33,28.47
2023-10-02 07:00,10,7,Weekday,Fall,No,64.37,72.29,22.44
2023-10-02 08:00,10,8,Weekday,Fall,Yes,70.12,73.12,32.05
2023-10-02 09:00,10,9,Weekday,Fall,Yes,76.5,74.53,36.94
2023-10-02 10:00,10,10,Weekday,Fall,Yes,81.92,74.52,37.37
2023-10-02 11:00,10,11,Weekday,Fall,Yes,85.8,74.5,40.65
2023-10-02 12:00,10,12,Weekday,Fall,Yes,87.08,75.45,42.32
2023-10-02 13:00,10,13,Weekday,Fall,Yes,88.23,75.89,48.15
2023-10-02 14:00,10,14,Weekday,Fall,Yes,89.58,75.75,38.65
2023-10-02 15:00,10,15,Weekday,Fall,Yes,90.59,75.53,40.13
2023-10-02 16:00,10,16,Weekday,Fall,Yes,89.88,75.09,40.8
2023-10-02 17:00,10,17,Weekday,Fall,Yes,88.43,75.37,43.92
2023-10-02 18:00,10,18,Weekday,Fall,No,85.67,76.64,50.58
2023-10-02 19:00,10,19,Weekday,Fall,No,82.24,75.06,53.37
2023-10-02 20:00,10,20,Weekday,Fall,No,78.65,74.16,47.27
2023-10-02 21:00,10,21,Weekday,Fall,No,75.84,74.26,43.44
2023-10-02 22:00,10,22,Weekday,Fall,No,73.86,73.82,38.14
2023-10-02 23:00,10,23,Weekday,Fall,No,71.26,74.69,39.83
2023-10-03 00:00,10,0,Weekday,Fall,No,69.46,73.26,32.72
2023-10-03 01:00,10,1,Weekday,Fall,No,67.82,74.06,26.12
2023-10-03 02:00,10,2,Weekday,Fall,No,65.76,72.58,24.42
2023-10-03 03:00,10,3,Weekday,Fall,No,63.78,73.38,15.65
2023-10-03 04:00,10,4,Weekday,Fall,No,62.44,73.14,27.96
2023-10-03 05:00,10,5,Weekday,Fall,No,62.06,72.72,26.49
2023-10-03 06:00,10,6,Weekday,Fall,No,62.06,73.19,22.53
2023-10-03 07:00,10,7,Weekday,Fall,No,66.68,73.13,27.44
2023-10-03 08:00,10,8,Weekday,Fall,Yes,72.29,72.8,29.78
2023-10-03 09:00,10,9,Weekday,Fall,Yes,76.88,73.54,32.09
2023-10-03 10:00,10,10,Weekday,Fall,Yes,81.92,73.99,34.24
2023-10-03 11:00,10,11,Weekday,Fall,Yes,85.18,74.91,36.48
2023-10-03 12:00,10,12,Weekday,Fall,Yes,87.78,75.87,37.51
2023-10-03 13:00,10,13,Weekday,Fall,Yes,89.06,74.95,40.51
2023-10-03 14:00,10,14,Weekday,Fall,Yes,90.22,75.56,49.3
2023-10-03 15:00,10,15,Weekday,Fall,Yes,91.04,75.03,40.23
2023-10-03 16:00,10,16,Weekday,Fall,Yes,90.41,75.18,46.48
2023-10-03 17:00,10,17,Weekday,Fall,Yes,88.8,74.59,52.48
2023-10-03 18:00,10,18,Weekday,Fall,No,85.04,75.89,48.26
2023-10-03 19:00,10,19,Weekday,Fall,No,81.78,75.87,49.44
2023-10-03 20:00,10,20,Weekday,Fall,No,79.81,75.11,36.09
2023-10-03 21:00,10,21,Weekday,Fall,No,76.67,74.9,43.14
2023-10-03 22:00,10,22,Weekday,Fall,No,72.08,73.75,34.4
2023-10-03 23:00,10,23,Weekday,Fall,No,68.82,73.05,38.55
2023-10-04 00:00,10,0,Weekday,Fall,No,68.0,73.28,25.96
2023-10-04 01:00,10,1,Weekday,Fall,No,66.84,72.87,18.49
2023-10-04 02:00,10,2,Weekday,Fall,No,64.86,73.19,23.66
2023-10-04 03:00,10,3,Weekday,Fall,No,64.04,72.2,24.04
2023-10-04 04:00,10,4,Weekday,Fall,No,63.41,72.89,32.56
2023-10-04 05:00,10,5,Weekday,Fall,No,62.96,72.21,28.47
2023-10-04 06:00,10,6,Weekday,Fall,No,63.59,72.68,23.01
2023-10-04 07:00,10,7,Weekday,Fall,No,65.19,72.81,26.63
2023-10-04 08:00,10,8,Weekday,Fall,Yes,70.64,72.94,36.77
2023-10-04 09:00,10,9,Weekday,Fall,Yes,76.88,73.05,31.34
2023-10-04 10:00,10,10,Weekday,Fall,Yes,81.92,73.9,41.47
2023-10-04 11:00,10,11,Weekday,Fall,Yes,86.96,74.88,45.09
2023-10-04 12:00,10,12,Weekday,Fall,Yes,90.22,74.61,43.06
2023-10-04 13:00,10,13,Weekday,Fall,Yes,91.04,75.95,42.25
2023-10-04 14:00,10,14,Weekday,Fall,Yes,92.2,75.95,40.5
2023-10-04 15:00,10,15,Weekday,Fall,Yes,92.39,74.75,45.42
2023-10-04 16:00,10,16,Weekday,Fall,Yes,91.94,75.69,38.66
2023-10-04 17:00,10,17,Weekday,Fall,Yes,90.26,75.09,51.22
2023-10-04 18:00,10,18,Weekday,Fall,No,86.12,75.72,42.55
2023-10-04 19:00,10,19,Weekday,Fall,No,81.08,74.81,41.81
2023-10-04 20:00,10,20,Weekday,Fall,No,77.82,74.83,41.69
2023-10-04 21:00,10,21,Weekday,Fall,No,74.69,74.28,38.42
2023-10-04 22:00,10,22,Weekday,Fall,No,71.88,73.14,36.91
2023-10-04 23:00,10,23,Weekday,Fall,No,68.65,72.77,30.48
2023-10-05 00:00,10,0,Weekday,Fall,No,66.92,72.74,22.79
2023-10-05 01:00,10,1,Weekday,Fall,No,65.76,72.51,22.26
2023-10-05 02:00,10,2,Weekday,Fall,No,63.26,73.54,26.99
2023-10-05 03:00,10,3,Weekday,Fall,No,61.43,72.91,23.78
2023-10-05 04:00,10,4,Weekday,Fall,No,59.82,71.99,23.06
2023-10-05 05:00,10,5,Weekday,Fall,No,59.0,72.45,23.12
2023-10-05 06:00,10,6,Weekday,Fall,No,59.63,71.98,24.53
2023-10-05 07:00,10,7,Weekday,Fall,No,61.76,72.71,27.19
2023-10-05 08:00,10,8,Weekday,Fall,Yes,67.06,72.78,23.15
2023-10-05 09:00,10,9,Weekday,Fall,Yes,74.08,73.25,37.01
2023-10-05 10:00,10,10,Weekday,Fall,Yes,79.94,74.17,31.04
2023-10-05 11:00,10,11,Weekday,Fall,Yes,83.72,75.38,43.09
2023-10-05 12:00,10,12,Weekday,Fall,Yes,85.55,75.17,40.84
2023-10-05 13:00,10,13,Weekday,Fall,Yes,87.78,75.35,41.81
2023-10-05 14:00,10,14,Weekday,Fall,Yes,87.9,74.75,41.81
2023-10-05 15:00,10,15,Weekday,Fall,Yes,88.23,75.25,41.58
2023-10-05 16:00,10,16,Weekday,Fall,Yes,87.9,75.2,34.66
2023-10-05 17:00,10,17,Weekday,Fall,Yes,84.66,74.7,47.86
2023-10-05 18:00,10,18,Weekday,Fall,No,81.78,74.85,38.91
2023-10-05 19:00,10,19,Weekday,Fall,No,79.28,75.0,38.38
2023-10-05 20:00,10,20,Weekday,Fall,No,75.67,73.72,42.11
2023-10-05 21:00,10,21,Weekday,Fall,No,72.26,74.12,43.65
2023-10-05 22:00,10,22,Weekday,Fall,No,69.9,73.69,38.56
2023-10-05 23:00,10,23,Weekday,Fall,No,68.45,72.94,33.86
2023-10-06 00:00,10,0,Weekday,Fall,No,66.84,73.2,21.59
2023-10-06 01:00,10,1,Weekday,Fall,No,65.39,72.41,24.1
2023-10-06 02:00,10,2,Weekday,Fall,No,63.26,73.65,27.63
2023-10-06 03:00,10,3,Weekday,Fall,No,60.28,72.66,17.12
2023-10-06 04:00,10,4,Weekday,Fall,No,59.63,72.21,24.96
2023-10-06 05:00,10,5,Weekday,Fall,No,59.45,71.97,17.54
2023-10-06 06:00,10,6,Weekday,Fall,No,59.63,72.66,19.97
2023-10-06 07:00,10,7,Weekday,Fall,No,62.39,72.44,30.42
2023-10-06 08:00,10,8,Weekday,Fall,Yes,68.13,72.71,25.95
2023-10-06 09:00,10,9,Weekday,Fall,Yes,74.53,73.81,34.08
2023-10-06 10:00,10,10,Weekday,Fall,Yes,79.31,74.02,40.58
2023-10-06 11:00,10,11,Weekday,Fall,Yes,83.27,74.65,39.68
2023-10-06 12:00,10,12,Weekday,Fall,Yes,85.55,75.35,35.64
2023-10-06 13:00,10,13,Weekday,Fall,Yes,86.63,74.21,42.91
2023-10-06 14:00,10,14,Weekday,Fall,Yes,88.23,74.93,43.04
2023-10-06 15:00,10,15,Weekday,Fall,Yes,88.43,75.52,43.78
2023-10-06 16:00,10,16,Weekday,Fall,Yes,87.46,75.45,36.49
2023-10-06 17:00,10,17,Weekday,Fall,Yes,85.82,75.06,55.35
2023-10-06 18:00,10,18,Weekday,Fall,No,82.61,76.02,45.59
2023-10-06 19:00,10,19,Weekday,Fall,No,79.81,74.2,48.59
2023-10-06 20:00,10,20,Weekday,Fall,No,77.2,74.2,54.01
2023-10-06 21:00,10,21,Weekday,Fall,No,75.4,74.09,40.02
2023-10-06 22:00,10,22,Weekday,Fall,No,70.92,74.0,39.16
2023-10-06 23:00,10,23,Weekday,Fall,No,67.37,73.38,37.73
2023-10-07 00:00,10,0,Weekend,Fall,No,65.76,72.77,22.97
2023-10-07 01:00,10,1,Weekend,Fall,No,63.78,72.18,13.47
2023-10-07 02:00,10,2,Weekend,Fall,No,61.8,73.3,26.68
2023-10-07 03:00,10,3,Weekend,Fall,No,61.61,72.79,23.46
2023-10-07 04:00,10,4,Weekend,Fall,No,60.9,72.88,26.54
2023-10-07 05:00,10,5,Weekend,Fall,No,60.08,72.86,28.04
2023-10-07 06:00,10,6,Weekend,Fall,No,60.6,73.32,23.2
2023-10-07 07:00,10,7,Weekend,Fall,No,64.44,72.93,30.21
2023-10-07 08:00,10,8,Weekend,Fall,No,70.49,73.55,27.73
2023-10-07 09:00,10,9,Weekend,Fall,No,75.98,73.87,37.69
2023-10-07 10:00,10,10,Weekend,Fall,No,81.54,75.53,36.15
2023-10-07 11:00,10,11,Weekend,Fall,No,84.54,75.49,43.6
2023-10-07 12:00,10,12,Weekend,Fall,No,86.7,76.08,43.32
2023-10-07 13:00,10,13,Weekend,Fall,No,87.98,76.2,39.76
2023-10-07 14:00,10,14,Weekend,Fall,No,89.14,76.73,44.4
2023-10-07 15:00,10,15,Weekend,Fall,No,89.96,76.34,36.72
2023-10-07 16:00,10,16,Weekend,Fall,No,88.8,76.91,35.36
2023-10-07 17:00,10,17,Weekend,Fall,No,86.82,76.02,56.07
2023-10-07 18:00,10,18,Weekend,Fall,No,83.69,75.94,53.88
2023-10-07 19:00,10,19,Weekend,Fall,No,80.88,75.01,48.88
2023-10-07 20:00,10,20,Weekend,Fall,No,77.65,74.89,35.57
2023-10-07 21:00,10,21,Weekend,Fall,No,75.92,74.79,42.51
2023-10-07 22:00,10,22,Weekend,Fall,No,71.93,73.65,45.42
2023-10-07 23:00,10,23,Weekend,Fall,No,67.3,73.98,40.12
2023-10-08 00:00,10,0,Weekend,Fall,No,65.39,72.31,28.61
2023-10-08 01:00,10,1,Weekend,Fall,No,63.26,72.54,24.02
2023-10-08 02:00,10,2,Weekend,Fall,No,61.43,72.63,20.82
2023-10-08 03:00,10,3,Weekend,Fall,No,60.98,71.83,18.97
2023-10-08 04:00,10,4,Weekend,Fall,No,60.98,73.4,22.69
2023-10-08 05:00,10,5,Weekend,Fall,No,60.98,72.89,15.53
2023-10-08 06:00,10,6,Weekend,Fall,No,60.46,71.88,18.22
2023-10-08 07:00,10,7,Weekend,Fall,No,62.92,71.54,24.69
2023-10-08 08:00,10,8,Weekend,Fall,No,69.04,73.39,29.26
2023-10-08 09:00,10,9,Weekend,Fall,No,76.68,74.15,28.85
2023-10-08 10:00,10,10,Weekend,Fall,No,83.52,74.91,40.54
2023-10-08 11:00,10,11,Weekend,Fall,No,88.31,76.0,38.67
2023-10-08 12:00,10,12,Weekend,Fall,No,90.59,75.85,44.97
2023-10-08 13:00,10,13,Weekend,Fall,No,91.04,75.66,46.37
2023-10-08 14:00,10,14,Weekend,Fall,No,91.04,76.43,40.99
2023-10-08 15:00,10,15,Weekend,Fall,No,91.04,76.87,42.97
2023-10-08 16:00,10,16,Weekend,Fall,No,91.56,76.19,45.06
2023-10-08 17:00,10,17,Weekend,Fall,No,90.26,76.55,54.85
2023-10-08 18:00,10,18,Weekend,Fall,No,86.12,74.56,42.05
2023-10-08 19:00,10,19,Weekend,Fall,No,84.02,74.41,45.36
2023-10-08 20:00,10,20,Weekend,Fall,No,79.92,74.18,46.38
2023-10-08 21:00,10,21,Weekend,Fall,No,78.16,74.47,39.82
2023-10-08 22:00,10,22,Weekend,Fall,No,76.67,74.51,40.71
2023-10-08 23:00,10,23,Weekend,Fall,No,73.86,74.36,45.01
2023-10-09 00:00,10,0,Weekday,Fall,No,73.56,74.27,31.0
2023-10-09 01:00,10,1,Weekday,Fall,No,71.1,73.6,31.12
2023-10-09 02:00,10,2,Weekday,Fall,No,69.08,73.66,30.37
2023-10-09 03:00,10,3,Weekday,Fall,No,69.08,74.01,24.92
2023-10-09 04:00,10,4,Weekday,Fall,No,70.76,74.26,34.7
2023-10-09 05:00,10,5,Weekday,Fall,No,72.59,73.73,29.69
2023-10-09 06:00,10,6,Weekday,Fall,No,71.26,73.32,31.81
2023-10-09 07:00,10,7,Weekday,Fall,No,72.92,73.33,30.65
2023-10-09 08:00,10,8,Weekday,Fall,Yes,77.96,74.48,39.61
2023-10-09 09:00,10,9,Weekday,Fall,Yes,81.22,73.96,33.39
2023-10-09 10:00,10,10,Weekday,Fall,Yes,83.72,74.38,40.33
2023-10-09 11:00,10,11,Weekday,Fall,Yes,86.18,75.67,40.48
2023-10-09 12:00,10,12,Weekday,Fall,Yes,88.23,75.82,39.78
2023-10-09 13:00,10,13,Weekday,Fall,Yes,89.58,76.3,41.11
2023-10-09 14:00,10,14,Weekday,Fall,Yes,88.8,74.9,44.84
2023-10-09 15:00,10,15,Weekday,Fall,Yes,89.14,75.9,48.93
2023-10-09 16:00,10,16,Weekday,Fall,Yes,89.43,74.71,47.72
2023-10-09 17:00,10,17,Weekday,Fall,Yes,87.9,75.43,49.97
2023-10-09 18:00,10,18,Weekday,Fall,No,84.66,77.02,49.38
2023-10-09 19:00,10,19,Weekday,Fall,No,81.78,75.89,51.1
2023-10-09 20:00,10,20,Weekday,Fall,No,79.38,74.76,45.3
2023-10-09 21:00,10,21,Weekday,Fall,No,76.9,74.94,44.47
2023-10-09 22:00,10,22,Weekday,Fall,No,74.76,73.62,44.03
2023-10-09 23:00,10,23,Weekday,Fall,No,73.0,73.39,44.3
2023-10-10 00:00,10,0,Weekday,Fall,No,71.79,73.94,24.77
2023-10-10 01:00,10,1,Weekday,Fall,No,70.68,73.6,32.6
2023-10-10 02:00,10,2,Weekday,Fall,No,69.42,74.45,21.57
2023-10-10 03:00,10,3,Weekday,Fall,No,68.38,72.89,28.94
2023-10-10 04:00,10,4,Weekday,Fall,No,67.68,73.01,32.66
2023-10-10 05:00,10,5,Weekday,Fall,No,67.14,73.82,30.3
2023-10-10 06:00,10,6,Weekday,Fall,No,66.08,72.45,26.48
2023-10-10 07:00,10,7,Weekday,Fall,No,66.95,73.78,25.38
2023-10-10 08:00,10,8,Weekday,Fall,Yes,72.62,72.79,25.35
2023-10-10 09:00,10,9,Weekday,Fall,Yes,79.49,73.8,33.66
2023-10-10 10:00,10,10,Weekday,Fall,Yes,83.72,74.07,34.84
2023-10-10 11:00,10,11,Weekday,Fall,Yes,86.7,74.74,40.54
2023-10-10 12:00,10,12,Weekday,Fall,Yes,87.98,75.51,38.18
2023-10-10 13:00,10,13,Weekday,Fall,Yes,88.61,75.97,48.63
2023-10-10 14:00,10,14,Weekday,Fall,Yes,89.06,75.06,46.25
2023-10-10 15:00,10,15,Weekday,Fall,Yes,87.9,75.49,42.44
2023-10-10 16:00,10,16,Weekday,Fall,Yes,86.45,75.02,44.5
2023-10-10 17:00,10,17,Weekday,Fall,Yes,84.22,75.41,49.39
2023-10-10 18:00,10,18,Weekday,Fall,No,81.26,74.89,41.24
2023-10-10 19:00,10,19,Weekday,Fall,No,78.28,74.46,41.12
2023-10-10 20:00,10,20,Weekday,Fall,No,74.69,74.33,43.63
2023-10-10 21:00,10,21,Weekday,Fall,No,71.26,73.86,35.37
2023-10-10 22:00,10,22,Weekday,Fall,No,69.46,73.24,43.57
2023-10-10 23:00,10,23,Weekday,Fall,No,67.3,73.02,39.76
2023-10-11 00:00,10,0,Weekday,Fall,No,64.86,72.95,16.9
2023-10-11 01:00,10,1,Weekday,Fall,No,63.41,72.88,26.0
2023-10-11 02:00,10,2,Weekday,Fall,No,62.44,72.89,31.39
2023-10-11 03:00,10,3,Weekday,Fall,No,60.9,72.87,23.27
2023-10-11 04:00,10,4,Weekday,Fall,No,60.6,72.68,24.62
2023-10-11 05:00,10,5,Weekday,Fall,No,59.82,73.29,21.45
2023-10-11 06:00,10,6,Weekday,Fall,No,58.37,71.99,21.01
2023-10-11 07:00,10,7,Weekday,Fall,No,62.64,71.13,26.31
2023-10-11 08:00,10,8,Weekday,Fall,Yes,71.27,73.33,32.33
2023-10-11 09:00,10,9,Weekday,Fall,Yes,76.8,73.85,38.45
2023-10-11 10:00,10,10,Weekday,Fall,Yes,79.24,73.56,41.0
2023-10-11 11:00,10,11,Weekday,Fall,Yes,81.22,74.58,40.76
2023-10-11 12:00,10,12,Weekday,Fall,Yes,82.56,74.74,38.79
2023-10-11 13:00,10,13,Weekday,Fall,Yes,82.94,74.59,40.12
2023-10-11 14:00,10,14,Weekday,Fall,Yes,83.57,73.11,36.84
2023-10-11 15:00,10,15,Weekday,Fall,Yes,83.39,74.53,35.58
2023-10-11 16:00,10,16,Weekday,Fall,Yes,82.94,74.68,37.76
2023-10-11 17:00,10,17,Weekday,Fall,Yes,81.26,73.93,38.53
2023-10-11 18:00,10,18,Weekday,Fall,No,78.28,74.92,49.31
2023-10-11 19:00,10,19,Weekday,Fall,No,75.22,73.46,42.34
2023-10-11 20:00,10,20,Weekday,Fall,No,72.78,74.47,41.96
2023-10-11 21:00,10,21,Weekday,Fall,No,70.28,73.9,34.05
2023-10-11 22:00,10,22,Weekday,Fall,No,68.45,72.99,33.82
2023-10-11 23:00,10,23,Weekday,Fall,No,65.69,73.14,33.03
2023-10-12 00:00,10,0,Weekday,Fall,No,62.26,73.03,20.85
2023-10-12 01:00,10,1,Weekday,Fall,No,61.61,72.25,21.31
2023-10-12 02:00,10,2,Weekday,Fall,No,62.06,71.93,29.3
2023-10-12 03:00,10,3,Weekday,Fall,No,62.06,72.72,24.66
2023-10-12 04:00,10,4,Weekday,Fall,No,60.9,72.17,21.38
2023-10-12 05:00,10,5,Weekday,Fall,No,60.6,72.1,21.74
2023-10-12 06:00,10,6,Weekday,Fall,No,60.98,73.13,13.84
2023-10-12 07:00,10,7,Weekday,Fall,No,63.92,73.41,23.11
2023-10-12 08:00,10,8,Weekday,Fall,Yes,71.27,72.91,27.5
2023-10-12 09:00,10,9,Weekday,Fall,Yes,76.8,73.89,30.13
2023-10-12 10:00,10,10,Weekday,Fall,Yes,80.39,74.43,30.8
2023-10-12 11:00,10,11,Weekday,Fall,Yes,83.2,74.69,30.32
2023-10-12 12:00,10,12,Weekday,Fall,Yes,85.18,74.99,38.6
2023-10-12 13:00,10,13,Weekday,Fall,Yes,85.37,75.22,40.63
2023-10-12 14:00,10,14,Weekday,Fall,Yes,86.7,75.41,35.69
2023-10-12 15:00,10,15,Weekday,Fall,Yes,87.46,74.49,36.34
2023-10-12 16:00,10,16,Weekday,Fall,Yes,87.08,75.63,41.72
2023-10-12 17:00,10,17,Weekday,Fall,Yes,85.82,74.54,52.23
2023-10-12 18:00,10,18,Weekday,Fall,No,82.61,75.3,45.19
2023-10-12 19:00,10,19,Weekday,Fall,No,79.28,74.28,47.54
2023-10-12 20:00,10,20,Weekday,Fall,No,76.3,74.75,43.1
2023-10-12 21:00,10,21,Weekday,Fall,No,74.39,74.33,45.8
2023-10-12 22:00,10,22,Weekday,Fall,No,72.78,73.98,40.0
2023-10-12 23:00,10,23,Weekday,Fall,No,70.28,74.64,39.58
2023-10-13 00:00,10,0,Weekday,Fall,No,67.3,73.01,19.24
2023-10-13 01:00,10,1,Weekday,Fall,No,64.86,72.77,24.0
2023-10-13 02:00,10,2,Weekday,Fall,No,63.41,72.24,24.08
2023-10-13 03:00,10,3,Weekday,Fall,No,62.44,72.24,18.19
2023-10-13 04:00,10,4,Weekday,Fall,No,60.9,72.8,25.57
2023-10-13 05:00,10,5,Weekday,Fall,No,60.08,72.74,23.93
2023-10-13 06:00,10,6,Weekday,Fall,No,59.45,72.26,22.82
2023-10-13 07:00,10,7,Weekday,Fall,No,61.31,73.11,18.61
2023-10-13 08:00,10,8,Weekday,Fall,Yes,66.53,72.54,31.2
2023-10-13 09:00,10,9,Weekday,Fall,Yes,71.92,73.0,25.59
2023-10-13 10:00,10,10,Weekday,Fall,Yes,75.72,73.9,28.96
2023-10-13 11:00,10,11,Weekday,Fall,Yes,78.78,73.94,41.96
2023-10-13 12:00,10,12,Weekday,Fall,Yes,81.74,75.11,38.15
2023-10-13 13:00,10,13,Weekday,Fall,Yes,84.1,74.83,35.54
2023-10-13 14:00,10,14,Weekday,Fall,Yes,84.92,74.99,42.33
2023-10-13 15:00,10,15,Weekday,Fall,Yes,85.55,73.47,37.55
2023-10-13 16:00,10,16,Weekday,Fall,Yes,84.84,74.76,44.71
2023-10-13 17:00,10,17,Weekday,Fall,Yes,82.24,74.88,49.42
2023-10-13 18:00,10,18,Weekday,Fall,No,79.81,74.37,45.73
2023-10-13 19:00,10,19,Weekday,Fall,No,77.82,74.97,42.33
2023-10-13 20:00,10,20,Weekday,Fall,No,76.37,73.62,36.8
2023-10-13 21:00,10,21,Weekday,Fall,No,73.61,74.35,33.24
2023-10-13 22:00,10,22,Weekday,Fall,No,73.12,74.26,39.87
2023-10-13 23:00,10,23,Weekday,Fall,No,71.1,72.92,38.84
2023-10-14 00:00,10,0,Weekend,Fall,No,68.45,73.41,29.75
2023-10-14 01:00,10,1,Weekend,Fall,No,68.63,73.96,31.31
2023-10-14 02:00,10,2,Weekend,Fall,No,68.45,73.84,25.13
2023-10-14 03:00,10,3,Weekend,Fall,No,67.37,72.69,25.46
2023-10-14 04:00,10,4,Weekend,Fall,No,66.4,72.91,24.01
2023-10-14 05:00,10,5,Weekend,Fall,No,65.39,72.86,25.19
2023-10-14 06:00,10,6,Weekend,Fall,No,64.94,73.41,35.28
2023-10-14 07:00,10,7,Weekend,Fall,No,66.1,72.78,24.53
2023-10-14 08:00,10,8,Weekend,Fall,No,69.34,74.19,26.15
2023-10-14 09:00,10,9,Weekend,Fall,No,72.74,73.75,35.17
2023-10-14 10:00,10,10,Weekend,Fall,No,75.1,74.35,29.98
2023-10-14 11:00,10,11,Weekend,Fall,No,78.33,74.85,33.68
2023-10-14 12:00,10,12,Weekend,Fall,No,81.22,75.5,24.23
2023-10-14 13:00,10,13,Weekend,Fall,No,82.56,75.64,41.47
2023-10-14 14:00,10,14,Weekend,Fall,No,83.57,75.41,42.79
2023-10-14 15:00,10,15,Weekend,Fall,No,84.02,74.76,38.93
2023-10-14 16:00,10,16,Weekend,Fall,No,84.02,75.87,42.79
2023-10-14 17:00,10,17,Weekend,Fall,No,82.86,76.11,46.83
2023-10-14 18:00,10,18,Weekend,Fall,No,79.73,74.89,43.72
2023-10-14 19:00,10,19,Weekend,Fall,No,76.3,73.94,48.53
2023-10-14 20:00,10,20,Weekend,Fall,No,73.24,74.9,39.25
2023-10-14 21:00,10,21,Weekend,Fall,No,71.44,74.33,45.33
2023-10-14 22:00,10,22,Weekend,Fall,No,69.9,73.96,43.12
2023-10-14 23:00,10,23,Weekend,Fall,No,67.82,73.08,38.01
2023-10-15 00:00,10,0,Weekend,Fall,No,66.4,74.34,26.55
2023-10-15 01:00,10,1,Weekend,Fall,No,64.86,73.39,24.12
2023-10-15 02:00,10,2,Weekend,Fall,No,62.26,72.48,26.95
2023-10-15 03:00,10,3,Weekend,Fall,No,60.46,73.11,20.52
2023-10-15 04:00,10,4,Weekend,Fall,No,58.82,70.94,27.82
2023-10-15 05:00,10,5,Weekend,Fall,No,58.55,72.57,22.86
2023-10-15 06:00,10,6,Weekend,Fall,No,60.16,72.39,17.41
2023-10-15 07:00,10,7,Weekend,Fall,No,62.76,72.77,24.69
2023-10-15 08:00,10,8,Weekend,Fall,No,68.13,73.05,30.92
2023-10-15 09:00,10,9,Weekend,Fall,No,74.53,74.56,35.01
2023-10-15 10:00,10,10,Weekend,Fall,No,79.31,73.89,43.98
2023-10-15 11:00,10,11,Weekend,Fall,No,82.74,75.99,33.73
2023-10-15 12:00,10,12,Weekend,Fall,No,84.02,75.09,37.42
2023-10-15 13:00,10,13,Weekend,Fall,No,85.8,76.42,41.22
2023-10-15 14:00,10,14,Weekend,Fall,No,88.23,76.14,38.06
2023-10-15 15:00,10,15,Weekend,Fall,No,88.43,74.8,43.72
2023-10-15 16:00,10,16,Weekend,Fall,No,86.82,75.11,39.36
2023-10-15 17:00,10,17,Weekend,Fall,No,84.22,75.99,52.32
2023-10-15 18:00,10,18,Weekend,Fall,No,80.63,75.72,42.56
2023-10-15 19:00,10,19,Weekend,Fall,No,77.2,75.24,50.33
2023-10-15 20:00,10,20,Weekend,Fall,No,73.08,74.45,37.55
2023-10-15 21:00,10,21,Weekend,Fall,No,69.9,73.3,33.87
2023-10-15 22:00,10,22,Weekend,Fall,No,69.6,73.1,39.37
2023-10-15 23:00,10,23,Weekend,Fall,No,68.82,74.18,32.25
2023-10-16 00:00,10,0,Weekday,Fall,No,66.84,73.45,25.22
2023-10-16 01:00,10,1,Weekday,Fall,No,66.02,72.05,22.23
2023-10-16 02:00,10,2,Weekday,Fall,No,63.08,72.69,23.15
2023-10-16 03:00,10,3,Weekday,Fall,No,62.14,73.25,21.4
2023-10-16 04:00,10,4,Weekday,Fall,No,63.59,73.32,19.93
2023-10-16 05:00,10,5,Weekday,Fall,No,62.89,72.7,22.33
2023-10-16 06:00,10,6,Weekday,Fall,No,62.58,72.24,25.15
2023-10-16 07:00,10,7,Weekday,Fall,No,67.06,73.76,24.97
2023-10-16 08:00,10,8,Weekday,Fall,Yes,72.29,73.62,35.15
2023-10-16 09:00,10,9,Weekday,Fall,Yes,76.35,73.41,35.61
2023-10-16 10:00,10,10,Weekday,Fall,Yes,79.76,73.77,36.47
2023-10-16 11:00,10,11,Weekday,Fall,Yes,82.74,73.61,44.1
2023-10-16 12:00,10,12,Weekday,Fall,Yes,84.54,73.73,40.3
2023-10-16 13:00,10,13,Weekday,Fall,Yes,85.55,75.42,36.92
2023-10-16 14:00,10,14,Weekday,Fall,Yes,87.78,75.24,38.77
2023-10-16 15:00,10,15,Weekday,Fall,Yes,87.9,75.37,43.06
2023-10-16 16:00,10,16,Weekday,Fall,Yes,85.82,75.06,39.5
2023-10-16 17:00,10,17,Weekday,Fall,Yes,83.24,74.41,43.83
2023-10-16 18:00,10,18,Weekday,Fall,No,80.88,75.17,45.91
2023-10-16 19:00,10,19,Weekday,Fall,No,79.43,73.94,54.04
2023-10-16 20:00,10,20,Weekday,Fall,No,77.82,74.71,50.57
2023-10-16 21:00,10,21,Weekday,Fall,No,75.84,73.89,38.6
2023-10-16 22:00,10,22,Weekday,Fall,No,72.71,74.23,40.77
2023-10-16 23:00,10,23,Weekday,Fall,No,73.37,73.91,41.07
2023-10-17 00:00,10,0,Weekday,Fall,No,73.24,74.16,40.83
2023-10-17 01:00,10,1,Weekday,Fall,No,71.96,74.54,31.18
2023-10-17 02:00,10,2,Weekday,Fall,No,73.12,73.73,35.81
2023-10-17 03:00,10,3,Weekday,Fall,No,73.42,74.45,29.93
2023-10-17 04:00,10,4,Weekday,Fall,No,73.04,73.69,33.69
2023-10-17 05:00,10,5,Weekday,Fall,No,72.41,73.8,28.97
2023-10-17 06:00,10,6,Weekday,Fall,No,71.44,73.47,30.33
2023-10-17 07:00,10,7,Weekday,Fall,No,71.06,73.37,28.95
2023-10-17 08:00,10,8,Weekday,Fall,Yes,71.58,73.35,33.23
2023-10-17 09:00,10,9,Weekday,Fall,Yes,73.12,73.2,38.04
2023-10-17 10:00,10,10,Weekday,Fall,Yes,76.35,73.47,33.54
2023-10-17 11:00,10,11,Weekday,Fall,Yes,78.6,73.97,35.09
2023-10-17 12:00,10,12,Weekday,Fall,Yes,78.98,72.54,30.07
2023-10-17 13:00,10,13,Weekday,Fall,Yes,78.46,74.98,35.57
2023-10-17 14:00,10,14,Weekday,Fall,Yes,78.08,72.31,33.32
2023-10-17 15:00,10,15,Weekday,Fall,Yes,77.45,73.75,34.4
2023-10-17 16:00,10,16,Weekday,Fall,Yes,76.37,74.56,31.83
2023-10-17 17:00,10,17,Weekday,Fall,Yes,74.24,73.68,43.29
2023-10-17 18:00,10,18,Weekday,Fall,No,71.88,74.5,33.23
2023-10-17 19:00,10,19,Weekday,Fall,No,69.9,73.22,42.04
2023-10-17 20:00,10,20,Weekday,Fall,No,68.45,73.52,31.9
2023-10-17 21:00,10,21,Weekday,Fall,No,66.84,73.68,40.73
2023-10-17 22:00,10,22,Weekday,Fall,No,65.39,73.5,35.83
2023-10-17 23:00,10,23,Weekday,Fall,No,64.41,74.04,38.21
2023-10-18 00:00,10,0,Weekday,Fall,No,64.04,73.35,28.94
2023-10-18 01:00,10,1,Weekday,Fall,No,62.89,72.23,29.81
2023-10-18 02:00,10,2,Weekday,Fall,No,60.9,72.79,23.93
2023-10-18 03:00,10,3,Weekday,Fall,No,59.45,71.5,23.12
2023-10-18 04:00,10,4,Weekday,Fall,No,57.22,72.09,23.22
2023-10-18 05:00,10,5,Weekday,Fall,No,55.94,71.78,25.82
2023-10-18 06:00,10,6,Weekday,Fall,No,56.57,71.69,17.97
2023-10-18 07:00,10,7,Weekday,Fall,No,58.18,71.92,13.91
2023-10-18 08:00,10,8,Weekday,Fall,Yes,61.31,72.19,21.0
2023-10-18 09:00,10,9,Weekday,Fall,Yes,64.11,71.75,26.12
2023-10-18 10:00,10,10,Weekday,Fall,Yes,66.1,71.96,20.6
2023-10-18 11:00,10,11,Weekday,Fall,Yes,67.55,72.98,31.9
2023-10-18 12:00,10,12,Weekday,Fall,Yes,68.63,72.85,31.21
2023-10-18 13:00,10,13,Weekday,Fall,Yes,69.6,72.97,29.26
2023-10-18 14:00,10,14,Weekday,Fall,Yes,70.61,72.36,29.02
2023-10-18 15:00,10,15,Weekday,Fall,Yes,71.58,73.56,31.62
2023-10-18 16:00,10,16,Weekday,Fall,Yes,71.44,73.6,26.26
2023-10-18 17:00,10,17,Weekday,Fall,Yes,71.06,73.64,42.93
2023-10-18 18:00,10,18,Weekday,Fall,No,69.9,73.77,44.96
2023-10-18 19:00,10,19,Weekday,Fall,No,67.3,73.65,36.05
2023-10-18 20:00,10,20,Weekday,Fall,No,65.39,72.44,43.68
2023-10-18 21:00,10,21,Weekday,Fall,No,62.63,73.39,32.19
2023-10-18 22:00,10,22,Weekday,Fall,No,60.98,72.72,29.8
2023-10-18 23:00,10,23,Weekday,Fall,No,61.61,72.07,31.8
2023-10-19 00:00,10,0,Weekday,Fall,No,62.06,72.68,16.24
2023-10-19 01:00,10,1,Weekday,Fall,No,60.9,73.48,23.67
2023-10-19 02:00,10,2,Weekday,Fall,No,58.3,71.05,18.29
2023-10-19 03:00,10,3,Weekday,Fall,No,56.39,71.83,19.36
2023-10-19 04:00,10,4,Weekday,Fall,No,55.42,71.67,16.77
2023-10-19 05:00,10,5,Weekday,Fall,No,54.41,71.5,13.17
2023-10-19 06:00,10,6,Weekday,Fall,No,53.96,71.32,19.81
2023-10-19 07:00,10,7,Weekday,Fall,No,55.74,71.23,20.94
2023-10-19 08:00,10,8,Weekday,Fall,Yes,60.48,71.17,23.06
2023-10-19 09:00,10,9,Weekday,Fall,Yes,65.27,71.92,19.24
2023-10-19 10:00,10,10,Weekday,Fall,Yes,68.7,72.33,32.85
2023-10-19 11:00,10,11,Weekday,Fall,Yes,71.14,72.24,26.92
2023-10-19 12:00,10,12,Weekday,Fall,Yes,73.12,73.77,35.24
2023-10-19 13:00,10,13,Weekday,Fall,Yes,75.72,73.42,33.31
2023-10-19 14:00,10,14,Weekday,Fall,Yes,79.31,74.86,36.62
2023-10-19 15:00,10,15,Weekday,Fall,Yes,80.44,74.36,41.01
2023-10-19 16:00,10,16,Weekday,Fall,Yes,79.43,74.1,38.2
2023-10-19 17:00,10,17,Weekday,Fall,Yes,77.2,72.35,63.91
2023-10-19 18:00,10,18,Weekday,Fall,No,74.24,73.97,37.31
2023-10-19 19:00,10,19,Weekday,Fall,No,71.88,73.55,38.56
2023-10-19 20:00,10,20,Weekday,Fall,No,68.65,73.18,33.18
2023-10-19 21:00,10,21,Weekday,Fall,No,67.55,73.47,38.28
2023-10-19 22:00,10,22,Weekday,Fall,No,66.84,73.08,32.87
2023-10-19 23:00,10,23,Weekday,Fall,No,66.54,73.22,37.52
2023-10-20 00:00,10,0,Weekday,Fall,No,65.24,73.21,22.96
2023-10-20 01:00,10,1,Weekday,Fall,No,62.89,72.38,25.48
2023-10-20 02:00,10,2,Weekday,Fall,No,61.43,72.77,23.29
2023-10-20 03:00,10,3,Weekday,Fall,No,59.82,72.41,27.71
2023-10-20 04:00,10,4,Weekday,Fall,No,59.0,72.04,15.12
2023-10-20 05:00,10,5,Weekday,Fall,No,59.63,72.09,14.67
2023-10-20 06:00,10,6,Weekday,Fall,No,61.24,72.0,24.79
2023-10-20 07:00,10,7,Weekday,Fall,No,63.74,72.0,25.64
2023-10-20 08:00,10,8,Weekday,Fall,Yes,67.36,72.71,33.64
2023-10-20 09:00,10,9,Weekday,Fall,Yes,70.76,73.53,26.07
2023-10-20 10:00,10,10,Weekday,Fall,Yes,74.9,73.58,32.88
2023-10-20 11:00,10,11,Weekday,Fall,Yes,78.78,74.04,28.65
2023-10-20 12:00,10,12,Weekday,Fall,Yes,80.58,74.56,26.95
2023-10-20 13:00,10,13,Weekday,Fall,Yes,81.59,74.3,32.71
2023-10-20 14:00,10,14,Weekday,Fall,Yes,82.04,74.62,35.94
2023-10-20 15:00,10,15,Weekday,Fall,Yes,81.41,74.79,41.99
2023-10-20 16:00,10,16,Weekday,Fall,Yes,80.44,74.24,36.74
2023-10-20 17:00,10,17,Weekday,Fall,Yes,79.43,73.7,44.6
2023-10-20 18:00,10,18,Weekday,Fall,No,77.82,73.73,36.0
2023-10-20 19:00,10,19,Weekday,Fall,No,76.37,74.98,34.48
2023-10-20 20:00,10,20,Weekday,Fall,No,75.4,74.1,44.0
2023-10-20 21:00,10,21,Weekday,Fall,No,74.39,73.95,47.48
2023-10-20 22:00,10,22,Weekday,Fall,No,73.42,73.5,40.09
2023-10-20 23:00,10,23,Weekday,Fall,No,72.41,74.29,36.92
2023-10-21 00:00,10,0,Weekend,Fall,No,71.44,74.76,28.95
2023-10-21 01:00,10,1,Weekend,Fall,No,70.43,74.09,27.51
2023-10-21 02:00,10,2,Weekend,Fall,No,69.98,73.4,31.76
2023-10-21 03:00,10,3,Weekend,Fall,No,68.82,73.68,28.63
2023-10-21 04:00,10,4,Weekend,Fall,No,66.84,72.78,30.94
2023-10-21 05:00,10,5,Weekend,Fall,No,67.18,73.06,21.28
2023-10-21 06:00,10,6,Weekend,Fall,No,67.37,72.14,22.0
2023-10-21 07:00,10,7,Weekend,Fall,No,68.18,72.79,23.81
2023-10-21 08:00,10,8,Weekend,Fall,No,70.76,73.61,27.73
2023-10-21 09:00,10,9,Weekend,Fall,No,72.59,73.73,24.26
2023-10-21 10:00,10,10,Weekend,Fall,No,74.72,73.98,28.96
2023-10-21 11:00,10,11,Weekend,Fall,No,78.33,75.1,34.65
2023-10-21 12:00,10,12,Weekend,Fall,No,80.06,75.34,34.31
2023-10-21 13:00,10,13,Weekend,Fall,No,78.9,73.05,34.52
2023-10-21 14:00,10,14,Weekend,Fall,No,76.82,74.99,29.59
2023-10-21 15:00,10,15,Weekend,Fall,No,72.46,74.49,35.83
2023-10-21 16:00,10,16,Weekend,Fall,No,67.67,73.38,41.55
2023-10-21 17:00,10,17,Weekend,Fall,No,58.98,71.1,27.72
2023-10-21 18:00,10,18,Weekend,Fall,No,53.43,71.67,30.6
2023-10-21 19:00,10,19,Weekend,Fall,No,53.06,71.5,31.34
2023-10-21 20:00,10,20,Weekend,Fall,No,53.58,71.83,26.71
2023-10-21 21:00,10,21,Weekend,Fall,No,53.96,70.94,21.74
2023-10-21 22:00,10,22,Weekend,Fall,No,52.8,71.14,28.87
2023-10-21 23:00,10,23,Weekend,Fall,No,51.46,71.97,23.25
2023-10-22 00:00,10,0,Weekend,Fall,No,51.6,70.5,15.98
2023-10-22 01:00,10,1,Weekend,Fall,No,51.98,71.02,24.28
2023-10-22 02:00,10,2,Weekend,Fall,No,52.61,70.92,26.2
2023-10-22 03:00,10,3,Weekend,Fall,No,52.43,71.17,13.38
2023-10-22 04:00,10,4,Weekend,Fall,No,51.46,70.67,14.09
2023-10-22 05:00,10,5,Weekend,Fall,No,51.08,70.42,17.26
2023-10-22 06:00,10,6,Weekend,Fall,No,51.08,71.4,21.01
2023-10-22 07:00,10,7,Weekend,Fall,No,52.24,71.1,17.21
2023-10-22 08:00,10,8,Weekend,Fall,No,55.37,72.66,15.08
2023-10-22 09:00,10,9,Weekend,Fall,No,58.8,71.24,17.08
2023-10-22 10:00,10,10,Weekend,Fall,No,61.24,71.59,22.2
2023-10-22 11:00,10,11,Weekend,Fall,No,63.22,73.12,26.32
2023-10-22 12:00,10,12,Weekend,Fall,No,64.56,73.26,25.79
2023-10-22 13:00,10,13,Weekend,Fall,No,65.57,72.73,28.22
2023-10-22 14:00,10,14,Weekend,Fall,No,66.54,73.39,25.2
2023-10-22 15:00,10,15,Weekend,Fall,No,67.55,73.26,32.08
2023-10-22 16:00,10,16,Weekend,Fall,No,66.84,72.89,29.81
2023-10-22 17:00,10,17,Weekend,Fall,No,64.24,72.81,40.52
2023-10-22 18:00,10,18,Weekend,Fall,No,61.8,73.5,30.54
2023-10-22 19:00,10,19,Weekend,Fall,No,60.46,71.55,27.86
2023-10-22 20:00,10,20,Weekend,Fall,No,58.3,71.97,32.73
2023-10-22 21:00,10,21,Weekend,Fall,No,55.86,70.98,33.86
2023-10-22 22:00,10,22,Weekend,Fall,No,54.41,72.04,27.06
2023-10-22 23:00,10,23,Weekend,Fall,No,53.43,71.34,25.49
2023-10-23 00:00,10,0,Weekday,Fall,No,52.43,71.24,11.19
2023-10-23 01:00,10,1,Weekday,Fall,No,50.82,71.46,13.28
2023-10-23 02:00,10,2,Weekday,Fall,No,49.37,72.49,17.55
2023-10-23 03:00,10,3,Weekday,Fall,No,49.55,71.36,19.24
2023-10-23 04:00,10,4,Weekday,Fall,No,48.84,70.54,12.58
2023-10-23 05:00,10,5,Weekday,Fall,No,49.8,71.66,18.95
2023-10-23 06:00,10,6,Weekday,Fall,No,50.45,71.24,19.57
2023-10-23 07:00,10,7,Weekday,Fall,No,52.31,70.5,22.3
2023-10-23 08:00,10,8,Weekday,Fall,Yes,55.74,71.64,20.45
2023-10-23 09:00,10,9,Weekday,Fall,Yes,61.12,71.47,13.66
2023-10-23 10:00,10,10,Weekday,Fall,Yes,66.98,72.59,24.15
2023-10-23 11:00,10,11,Weekday,Fall,Yes,70.24,72.59,28.24
2023-10-23 12:00,10,12,Weekday,Fall,Yes,72.22,72.87,31.8
2023-10-23 13:00,10,13,Weekday,Fall,Yes,74.19,72.75,30.1
2023-10-23 14:00,10,14,Weekday,Fall,Yes,75.02,73.04,30.39
2023-10-23 15:00,10,15,Weekday,Fall,Yes,75.54,74.74,31.62
2023-10-23 16:00,10,16,Weekday,Fall,Yes,75.4,73.92,33.64
2023-10-23 17:00,10,17,Weekday,Fall,Yes,73.24,73.35,47.23
2023-10-23 18:00,10,18,Weekday,Fall,No,70.28,74.11,45.48
2023-10-23 19:00,10,19,Weekday,Fall,No,67.82,73.42,40.46
2023-10-23 20:00,10,20,Weekday,Fall,No,64.61,72.67,39.16
2023-10-23 21:00,10,21,Weekday,Fall,No,62.96,73.0,35.46
2023-10-23 22:00,10,22,Weekday,Fall,No,61.28,72.46,35.81
2023-10-23 23:00,10,23,Weekday,Fall,No,58.82,72.92,26.83
2023-10-24 00:00,10,0,Weekday,Fall,No,57.4,71.43,19.91
2023-10-24 01:00,10,1,Weekday,Fall,No,55.86,71.22,21.24
2023-10-24 02:00,10,2,Weekday,Fall,No,54.41,72.31,19.98
2023-10-24 03:00,10,3,Weekday,Fall,No,53.96,71.47,23.64
2023-10-24 04:00,10,4,Weekday,Fall,No,54.59,72.28,14.78
2023-10-24 05:00,10,5,Weekday,Fall,No,54.41,71.84,17.06
2023-10-24 06:00,10,6,Weekday,Fall,No,53.96,71.88,20.78
2023-10-24 07:00,10,7,Weekday,Fall,No,56.9,71.9,13.67
2023-10-24 08:00,10,8,Weekday,Fall,Yes,61.31,71.57,17.91
2023-10-24 09:00,10,9,Weekday,Fall,Yes,65.27,71.14,33.82
2023-10-24 10:00,10,10,Weekday,Fall,Yes,68.7,72.41,23.97
2023-10-24 11:00,10,11,Weekday,Fall,Yes,71.76,73.1,22.22
2023-10-24 12:00,10,12,Weekday,Fall,Yes,74.19,72.73,30.36
2023-10-24 13:00,10,13,Weekday,Fall,Yes,75.02,72.8,24.52
2023-10-24 14:00,10,14,Weekday,Fall,Yes,76.18,73.84,36.92
2023-10-24 15:00,10,15,Weekday,Fall,Yes,76.37,73.16,37.81
2023-10-24 16:00,10,16,Weekday,Fall,Yes,75.92,74.68,36.36
2023-10-24 17:00,10,17,Weekday,Fall,Yes,74.24,72.86,47.92
2023-10-24 18:00,10,18,Weekday,Fall,No,71.88,73.48,41.93
2023-10-24 19:00,10,19,Weekday,Fall,No,69.9,73.72,39.33
2023-10-24 20:00,10,20,Weekday,Fall,No,68.45,73.13,38.28
2023-10-24 21:00,10,21,Weekday,Fall,No,66.84,72.96,36.18
2023-10-24 22:00,10,22,Weekday,Fall,No,67.18,73.82,39.89
2023-10-24 23:00,10,23,Weekday,Fall,No,66.84,73.58,42.73
2023-10-25 00:00,10,0,Weekday,Fall,No,64.86,72.78,24.91
2023-10-25 01:00,10,1,Weekday,Fall,No,63.41,72.64,23.07
2023-10-25 02:00,10,2,Weekday,Fall,No,61.8,72.67,18.38
2023-10-25 03:00,10,3,Weekday,Fall,No,59.82,72.6,15.42
2023-10-25 04:00,10,4,Weekday,Fall,No,59.0,71.84,21.99
2023-10-25 05:00,10,5,Weekday,Fall,No,59.63,72.31,31.17
2023-10-25 06:00,10,6,Weekday,Fall,No,59.45,72.0,23.05
2023-10-25 07:00,10,7,Weekday,Fall,No,60.78,73.23,26.95
2023-10-25 08:00,10,8,Weekday,Fall,Yes,65.53,72.14,26.47
2023-10-25 09:00,10,9,Weekday,Fall,Yes,70.31,73.02,29.1
2023-10-25 10:00,10,10,Weekday,Fall,Yes,73.12,73.44,26.69
2023-10-25 11:00,10,11,Weekday,Fall,Yes,75.1,73.65,27.1
2023-10-25 12:00,10,12,Weekday,Fall,Yes,78.33,74.24,27.86
2023-10-25 13:00,10,13,Weekday,Fall,Yes,78.28,74.02,41.21
2023-10-25 14:00,10,14,Weekday,Fall,Yes,77.0,73.11,30.84
2023-10-25 15:00,10,15,Weekday,Fall,Yes,77.0,74.43,31.98
2023-10-25 16:00,10,16,Weekday,Fall,Yes,75.84,72.99,40.42
2023-10-25 17:00,10,17,Weekday,Fall,Yes,73.86,73.98,45.11
2023-10-25 18:00,10,18,Weekday,Fall,No,71.88,74.09,34.51
2023-10-25 19:00,10,19,Weekday,Fall,No,71.06,74.24,38.88
2023-10-25 20:00,10,20,Weekday,Fall,No,69.9,73.59,40.67
2023-10-25 21:00,10,21,Weekday,Fall,No,68.45,72.53,39.96
2023-10-25 22:00,10,22,Weekday,Fall,No,68.0,73.55,36.6
2023-10-25 23:00,10,23,Weekday,Fall,No,66.84,73.2,36.76
2023-10-26 00:00,10,0,Weekday,Fall,No,66.02,73.29,21.47
2023-10-26 01:00,10,1,Weekday,Fall,No,66.02,73.15,25.19
2023-10-26 02:00,10,2,Weekday,Fall,No,66.02,73.2,25.66
2023-10-26 03:00,10,3,Weekday,Fall,No,65.39,72.45,25.59
2023-10-26 04:00,10,4,Weekday,Fall,No,63.78,72.5,23.47
2023-10-26 05:00,10,5,Weekday,Fall,No,62.96,71.93,23.18
2023-10-26 06:00,10,6,Weekday,Fall,No,61.8,72.93,12.37
2023-10-26 07:00,10,7,Weekday,Fall,No,62.14,72.35,22.24
2023-10-26 08:00,10,8,Weekday,Fall,Yes,65.9,72.63,26.78
2023-10-26 09:00,10,9,Weekday,Fall,Yes,68.63,72.56,23.55
2023-10-26 10:00,10,10,Weekday,Fall,Yes,71.39,73.36,34.84
2023-10-26 11:00,10,11,Weekday,Fall,Yes,72.41,72.39,32.89
2023-10-26 12:00,10,12,Weekday,Fall,Yes,71.96,73.26,37.01
2023-10-26 13:00,10,13,Weekday,Fall,Yes,71.44,73.59,30.03
2023-10-26 14:00,10,14,Weekday,Fall,Yes,71.58,72.82,37.38
2023-10-26 15:00,10,15,Weekday,Fall,Yes,73.12,73.15,31.98
2023-10-26 16:00,10,16,Weekday,Fall,Yes,73.42,73.18,33.19
2023-10-26 17:00,10,17,Weekday,Fall,Yes,71.88,73.24,33.18
2023-10-26 18:00,10,18,Weekday,Fall,No,70.43,72.52,39.72
2023-10-26 19:00,10,19,Weekday,Fall,No,70.61,73.06,45.83
2023-10-26 20:00,10,20,Weekday,Fall,No,69.9,73.14,30.86
2023-10-26 21:00,10,21,Weekday,Fall,No,69.08,73.62,39.6
2023-10-26 22:00,10,22,Weekday,Fall,No,68.45,73.83,43.55
2023-10-26 23:00,10,23,Weekday,Fall,No,67.37,72.69,32.53
2023-10-27 00:00,10,0,Weekday,Fall,No,65.76,73.15,23.12
2023-10-27 01:00,10,1,Weekday,Fall,No,66.1,73.36,26.48
2023-10-27 02:00,10,2,Weekday,Fall,No,65.76,72.56,26.75
2023-10-27 03:00,10,3,Weekday,Fall,No,64.94,72.66,22.35
2023-10-27 04:00,10,4,Weekday,Fall,No,64.41,72.74,29.82
2023-10-27 05:00,10,5,Weekday,Fall,No,64.04,72.06,22.26
2023-10-27 06:00,10,6,Weekday,Fall,No,64.04,73.14,28.79
2023-10-27 07:00,10,7,Weekday,Fall,No,64.04,72.17,29.1
2023-10-27 08:00,10,8,Weekday,Fall,Yes,67.5,72.57,25.7
2023-10-27 09:00,10,9,Weekday,Fall,Yes,71.14,72.78,28.33
2023-10-27 10:00,10,10,Weekday,Fall,Yes,74.27,72.59,28.62
2023-10-27 11:00,10,11,Weekday,Fall,Yes,75.4,73.95,24.91
2023-10-27 12:00,10,12,Weekday,Fall,Yes,75.54,73.86,35.26
2023-10-27 13:00,10,13,Weekday,Fall,Yes,77.18,73.09,44.37
2023-10-27 14:00,10,14,Weekday,Fall,Yes,77.45,73.22,34.24
2023-10-27 15:00,10,15,Weekday,Fall,Yes,75.84,73.71,32.33
2023-10-27 16:00,10,16,Weekday,Fall,Yes,74.39,72.85,31.82
2023-10-27 17:00,10,17,Weekday,Fall,Yes,72.78,72.78,40.4
2023-10-27 18:00,10,18,Weekday,Fall,No,70.81,74.43,40.6
2023-10-27 19:00,10,19,Weekday,Fall,No,69.46,73.18,38.67
2023-10-27 20:00,10,20,Weekday,Fall,No,68.45,73.0,33.06
2023-10-27 21:00,10,21,Weekday,Fall,No,67.37,74.0,40.34
2023-10-27 22:00,10,22,Weekday,Fall,No,66.92,73.84,40.84
2023-10-27 23:00,10,23,Weekday,Fall,No,66.4,73.59,32.63
2023-10-28 00:00,10,0,Weekend,Fall,No,65.39,73.59,26.92
2023-10-28 01:00,10,1,Weekend,Fall,No,64.41,73.3,22.57
2023-10-28 02:00,10,2,Weekend,Fall,No,63.41,72.37,23.88
2023-10-28 03:00,10,3,Weekend,Fall,No,61.8,72.88,25.05
2023-10-28 04:00,10,4,Weekend,Fall,No,60.98,72.37,21.38
2023-10-28 05:00,10,5,Weekend,Fall,No,60.46,72.41,25.05
2023-10-28 06:00,10,6,Weekend,Fall,No,60.08,72.22,25.54
2023-10-28 07:00,10,7,Weekend,Fall,No,61.24,74.03,29.25
2023-10-28 08:00,10,8,Weekend,Fall,No,63.74,73.09,21.79
2023-10-28 09:00,10,9,Weekend,Fall,No,66.72,72.87,23.52
2023-10-28 10:00,10,10,Weekend,Fall,No,69.16,72.66,36.01
2023-10-28 11:00,10,11,Weekend,Fall,No,71.14,74.04,31.39
2023-10-28 12:00,10,12,Weekend,Fall,No,72.59,73.68,34.59
2023-10-28 13:00,10,13,Weekend,Fall,No,73.04,73.08,26.94
2023-10-28 14:00,10,14,Weekend,Fall,No,73.04,74.2,32.69
2023-10-28 15:00,10,15,Weekend,Fall,No,64.85,73.68,22.35
2023-10-28 16:00,10,16,Weekend,Fall,No,55.54,71.85,12.41
2023-10-28 17:00,10,17,Weekend,Fall,No,51.9,71.18,24.48
2023-10-28 18:00,10,18,Weekend,Fall,No,51.08,71.07,29.68
2023-10-28 19:00,10,19,Weekend,Fall,No,50.45,71.14,31.99
2023-10-28 20:00,10,20,Weekend,Fall,No,50.63,70.81,21.04
2023-10-28 21:00,10,21,Weekend,Fall,No,51.08,70.27,27.69
2023-10-28 22:00,10,22,Weekend,Fall,No,51.08,69.89,36.09
2023-10-28 23:00,10,23,Weekend,Fall,No,51.08,70.92,20.55
2023-10-29 00:00,10,0,Weekend,Fall,No,51.08,70.75,6.17
2023-10-29 01:00,10,1,Weekend,Fall,No,51.08,71.61,10.49
2023-10-29 02:00,10,2,Weekend,Fall,No,49.82,70.48,19.2
2023-10-29 03:00,10,3,Weekend,Fall,No,49.55,70.95,12.29
2023-10-29 04:00,10,4,Weekend,Fall,No,48.84,70.43,17.86
2023-10-29 05:00,10,5,Weekend,Fall,No,48.02,70.79,13.02
2023-10-29 06:00,10,6,Weekend,Fall,No,46.86,70.99,10.27
2023-10-29 07:00,10,7,Weekend,Fall,No,46.56,70.19,20.63
2023-10-29 08:00,10,8,Weekend,Fall,No,49.36,71.01,13.98
2023-10-29 09:00,10,9,Weekend,Fall,No,53.92,71.58,12.57
2023-10-29 10:00,10,10,Weekend,Fall,No,57.1,72.05,14.26
2023-10-29 11:00,10,11,Weekend,Fall,No,59.18,73.19,25.01
2023-10-29 12:00,10,12,Weekend,Fall,No,61.24,72.49,16.93
2023-10-29 13:00,10,13,Weekend,Fall,No,63.22,73.27,25.47
2023-10-29 14:00,10,14,Weekend,Fall,No,64.56,72.29,28.72
2023-10-29 15:00,10,15,Weekend,Fall,No,64.94,73.26,28.69
2023-10-29 16:00,10,16,Weekend,Fall,No,63.26,73.0,24.42
2023-10-29 17:00,10,17,Weekend,Fall,No,60.28,73.17,31.26
2023-10-29 18:00,10,18,Weekend,Fall,No,57.85,71.69,31.74
2023-10-29 19:00,10,19,Weekend,Fall,No,55.86,71.98,21.98
2023-10-29 20:00,10,20,Weekend,Fall,No,53.88,71.03,21.79
2023-10-29 21:00,10,21,Weekend,Fall,No,52.43,71.09,30.86
2023-10-29 22:00,10,22,Weekend,Fall,No,51.46,71.19,22.45
2023-10-29 23:00,10,23,Weekend,Fall,No,51.08,72.51,30.0
2023-10-30 00:00,10,0,Weekday,Fall,No,49.82,70.93,12.2
2023-10-30 01:00,10,1,Weekday,Fall,No,48.92,70.33,18.15
2023-10-30 02:00,10,2,Weekday,Fall,No,48.4,70.95,8.56
2023-10-30 03:00,10,3,Weekday,Fall,No,47.39,71.05,13.47
2023-10-30 04:00,10,4,Weekday,Fall,No,46.42,70.23,15.33
2023-10-30 05:00,10,5,Weekday,Fall,No,45.41,70.28,5.6
2023-10-30 06:00,10,6,Weekday,Fall,No,44.96,70.85,11.28
2023-10-30 07:00,10,7,Weekday,Fall,No,46.11,70.69,12.98
2023-10-30 08:00,10,8,Weekday,Fall,Yes,49.88,70.74,14.11
2023-10-30 09:00,10,9,Weekday,Fall,Yes,54.29,70.89,16.81
2023-10-30 10:00,10,10,Weekday,Fall,Yes,58.88,70.78,26.6
2023-10-30 11:00,10,11,Weekday,Fall,Yes,63.29,71.24,17.13
2023-10-30 12:00,10,12,Weekday,Fall,Yes,66.1,70.99,25.44
2023-10-30 13:00,10,13,Weekday,Fall,Yes,68.7,72.18,24.27
2023-10-30 14:00,10,14,Weekday,Fall,Yes,69.46,72.79,29.21
2023-10-30 15:00,10,15,Weekday,Fall,Yes,68.45,72.58,33.5
2023-10-30 16:00,10,16,Weekday,Fall,Yes,66.84,72.29,23.65
2023-10-30 17:00,10,17,Weekday,Fall,Yes,64.97,72.18,34.63
2023-10-30 18:00,10,18,Weekday,Fall,No,62.96,73.24,35.46
2023-10-30 19:00,10,19,Weekday,Fall,No,60.9,72.57,31.8
2023-10-30 20:00,10,20,Weekday,Fall,No,58.82,71.89,38.57
2023-10-30 21:00,10,21,Weekday,Fall,No,56.24,71.53,28.92
2023-10-30 22:00,10,22,Weekday,Fall,No,54.41,71.39,28.57
2023-10-30 23:00,10,23,Weekday,Fall,No,53.43,71.8,24.69
2023-10-31 00:00,10,0,Weekday,Fall,No,51.28,71.22,14.49
2023-10-31 01:00,10,1,Weekday,Fall,No,50.0,70.88,22.28
2023-10-31 02:00,10,2,Weekday,Fall,No,49.37,70.23,11.74
2023-10-31 03:00,10,3,Weekday,Fall,No,47.76,70.69,10.29
2023-10-31 04:00,10,4,Weekday,Fall,No,46.94,70.09,14.97
2023-10-31 05:00,10,5,Weekday,Fall,No,46.42,70.69,9.0
2023-10-31 06:00,10,6,Weekday,Fall,No,46.04,69.97,16.28
2023-10-31 07:00,10,7,Weekday,Fall,No,47.72,69.9,15.1
2023-10-31 08:00,10,8,Weekday,Fall,Yes,51.86,70.41,16.08
2023-10-31 09:00,10,9,Weekday,Fall,Yes,55.74,71.12,16.03
2023-10-31 10:00,10,10,Weekday,Fall,Yes,59.96,71.12,21.99
2023-10-31 11:00,10,11,Weekday,Fall,Yes,63.22,72.4,21.83
2023-10-31 12:00,10,12,Weekday,Fall,Yes,65.19,71.44,30.34
2023-10-31 13:00,10,13,Weekday,Fall,Yes,66.54,72.84,25.09
2023-10-31 14:00,10,14,Weekday,Fall,Yes,66.92,72.32,21.6
2023-10-31 15:00,10,15,Weekday,Fall,Yes,66.92,72.68,19.53
2023-10-31 16:00,10,16,Weekday,Fall,Yes,65.76,72.79,25.23
2023-10-31 17:00,10,17,Weekday,Fall,Yes,63.26,71.26,32.87
2023-10-31 18:00,10,18,Weekday,Fall,No,60.9,73.51,35.35
2023-10-31 19:00,10,19,Weekday,Fall,No,58.3,72.24,37.25
2023-10-31 20:00,10,20,Weekday,Fall,No,57.54,71.35,29.48
2023-10-31 21:00,10,21,Weekday,Fall,No,58.65,71.06,27.28
2023-10-31 22:00,10,22,Weekday,Fall,No,59.92,72.59,28.81
2023-10-31 23:00,10,23,Weekday,Fall,No,61.18,72.35,33.39
2023-11-01 00:00,11,0,Weekday,Fall,No,62.54,72.12,23.03
2023-11-01 01:00,11,1,Weekday,Fall,No,63.88,72.41,23.36
2023-11-01 02:00,11,2,Weekday,Fall,No,65.14,72.93,18.75
2023-11-01 03:00,11,3,Weekday,Fall,No,66.4,73.04,28.83
2023-11-01 04:00,11,4,Weekday,Fall,No,68.7,73.29,27.29
2023-11-01 05:00,11,5,Weekday,Fall,No,67.04,73.48,30.47
2023-11-01 06:00,11,6,Weekday,Fall,No,64.41,73.24,20.64
2023-11-01 07:00,11,7,Weekday,Fall,No,61.1,72.12,25.7
2023-11-01 08:00,11,8,Weekday,Fall,Yes,59.63,70.9,24.01
2023-11-01 09:00,11,9,Weekday,Fall,Yes,60.08,71.98,15.98
2023-11-01 10:00,11,10,Weekday,Fall,Yes,60.6,71.48,24.92
2023-11-01 11:00,11,11,Weekday,Fall,Yes,62.76,72.28,16.16
2023-11-01 12:00,11,12,Weekday,Fall,Yes,68.13,72.56,16.18
2023-11-01 13:00,11,13,Weekday,Fall,Yes,72.22,72.57,26.52
2023-11-01 14:00,11,14,Weekday,Fall,Yes,72.41,72.6,24.15
2023-11-01 15:00,11,15,Weekday,Fall,Yes,69.65,72.72,33.82
2023-11-01 16:00,11,16,Weekday,Fall,Yes,68.63,72.55,32.53
2023-11-01 17:00,11,17,Weekday,Fall,Yes,67.3,72.37,43.48
2023-11-01 18:00,11,18,Weekday,Fall,No,64.24,72.12,42.43
2023-11-01 19:00,11,19,Weekday,Fall,No,61.8,71.85,42.98
2023-11-01 20:00,11,20,Weekday,Fall,No,60.46,72.85,37.76
2023-11-01 21:00,11,21,Weekday,Fall,No,60.6,72.03,37.26
2023-11-01 22:00,11,22,Weekday,Fall,No,60.98,72.22,32.8
2023-11-01 23:00,11,23,Weekday,Fall,No,59.82,71.1,28.11
2023-11-02 00:00,11,0,Weekday,Fall,No,57.85,72.11,21.7
2023-11-02 01:00,11,1,Weekday,Fall,No,55.86,70.9,20.11
2023-11-02 02:00,11,2,Weekday,Fall,No,55.04,72.16,22.66
2023-11-02 03:00,11,3,Weekday,Fall,No,54.41,71.74,11.51
2023-11-02 04:00,11,4,Weekday,Fall,No,53.43,71.24,24.59
2023-11-02 05:00,11,5,Weekday,Fall,No,52.43,71.18,13.3
2023-11-02 06:00,11,6,Weekday,Fall,No,51.98,71.43,15.71
2023-11-02 07:00,11,7,Weekday,Fall,No,52.61,71.49,16.5
2023-11-02 08:00,11,8,Weekday,Fall,Yes,57.68,71.17,14.97
2023-11-02 09:00,11,9,Weekday,Fall,Yes,63.92,71.8,31.62
2023-11-02 10:00,11,10,Weekday,Fall,Yes,67.8,72.65,22.58
2023-11-02 11:00,11,11,Weekday,Fall,Yes,70.24,72.99,30.06
2023-11-02 12:00,11,12,Weekday,Fall,Yes,72.22,73.35,31.55
2023-11-02 13:00,11,13,Weekday,Fall,Yes,75.35,74.15,39.93
2023-11-02 14:00,11,14,Weekday,Fall,Yes,77.0,72.7,32.35
2023-11-02 15:00,11,15,Weekday,Fall,Yes,76.37,73.25,32.1
2023-11-02 16:00,11,16,Weekday,Fall,Yes,74.24,73.4,38.56
2023-11-02 17:00,11,17,Weekday,Fall,Yes,70.1,72.67,44.09
2023-11-02 18:00,11,18,Weekday,Fall,No,66.84,73.08,37.52
2023-11-02 19:00,11,19,Weekday,Fall,No,64.86,72.79,33.3
2023-11-02 20:00,11,20,Weekday,Fall,No,61.73,72.22,33.11
2023-11-02 21:00,11,21,Weekday,Fall,No,59.45,72.12,30.47
2023-11-02 22:00,11,22,Weekday,Fall,No,57.85,71.76,32.33
2023-11-02 23:00,11,23,Weekday,Fall,No,57.02,72.02,28.84
2023-11-03 00:00,11,0,Weekday,Fall,No,56.39,70.74,23.83
2023-11-03 01:00,11,1,Weekday,Fall,No,54.78,72.25,21.53
2023-11-03 02:00,11,2,Weekday,Fall,No,53.43,71.4,8.11
2023-11-03 03:00,11,3,Weekday,Fall,No,53.58,71.65,28.62
2023-11-03 04:00,11,4,Weekday,Fall,No,52.8,71.02,21.68
2023-11-03 05:00,11,5,Weekday,Fall,No,51.46,70.89,15.22
2023-11-03 06:00,11,6,Weekday,Fall,No,51.08,71.19,13.49
2023-11-03 07:00,11,7,Weekday,Fall,No,52.76,71.11,20.09
2023-11-03 08:00,11,8,Weekday,Fall,Yes,59.21,70.99,22.01
2023-11-03 09:00,11,9,Weekday,Fall,Yes,65.9,72.54,26.84
2023-11-03 10:00,11,10,Weekday,Fall,Yes,70.31,74.0,25.94
2023-11-03 11:00,11,11,Weekday,Fall,Yes,72.59,72.85,28.33
2023-11-03 12:00,11,12,Weekday,Fall,Yes,74.19,72.99,37.83
2023-11-03 13:00,11,13,Weekday,Fall,Yes,75.02,73.42,31.65
2023-11-03 14:00,11,14,Weekday,Fall,Yes,76.18,73.29,33.8
2023-11-03 15:00,11,15,Weekday,Fall,Yes,75.84,73.77,30.62
2023-11-03 16:00,11,16,Weekday,Fall,Yes,74.39,73.18,36.03
2023-11-03 17:00,11,17,Weekday,Fall,Yes,71.63,73.23,41.48
2023-11-03 18:00,11,18,Weekday,Fall,No,68.2,73.0,40.2
2023-11-03 19:00,11,19,Weekday,Fall,No,65.24,72.48,36.51
2023-11-03 20:00,11,20,Weekday,Fall,No,61.73,72.8,31.28
2023-11-03 21:00,11,21,Weekday,Fall,No,58.82,72.18,32.46
2023-11-03 22:00,11,22,Weekday,Fall,No,56.76,71.5,24.79
2023-11-03 23:00,11,23,Weekday,Fall,No,54.26,71.83,31.34
2023-11-04 00:00,11,0,Weekend,Fall,No,53.06,71.17,20.39
2023-11-04 01:00,11,1,Weekend,Fall,No,53.06,70.68,17.7
2023-11-04 02:00,11,2,Weekend,Fall,No,52.43,71.41,25.04
2023-11-04 03:00,11,3,Weekend,Fall,No,53.14,71.46,17.76
2023-11-04 04:00,11,4,Weekend,Fall,No,53.43,71.39,13.63
2023-11-04 05:00,11,5,Weekend,Fall,No,52.43,71.73,15.89
2023-11-04 06:00,11,6,Weekend,Fall,No,52.61,70.96,12.87
2023-11-04 07:00,11,7,Weekend,Fall,No,54.22,71.61,19.52
2023-11-04 08:00,11,8,Weekend,Fall,No,57.35,72.65,17.07
2023-11-04 09:00,11,9,Weekend,Fall,No,61.31,72.96,21.4
2023-11-04 10:00,11,10,Weekend,Fall,No,68.84,74.28,30.66
2023-11-04 11:00,11,11,Weekend,Fall,No,76.5,74.32,36.76
2023-11-04 12:00,11,12,Weekend,Fall,No,80.76,75.07,30.87
2023-11-04 13:00,11,13,Weekend,Fall,No,83.2,76.03,35.41
2023-11-04 14:00,11,14,Weekend,Fall,No,84.02,75.63,36.29
2023-11-04 15:00,11,15,Weekend,Fall,No,82.86,75.42,38.76
2023-11-04 16:00,11,16,Weekend,Fall,No,80.88,75.6,38.13
2023-11-04 17:00,11,17,Weekend,Fall,No,78.28,73.92,44.25
2023-11-04 18:00,11,18,Weekend,Fall,No,75.84,74.24,36.91
2023-11-04 19:00,11,19,Weekend,Fall,No,74.39,73.34,48.21
2023-11-04 20:00,11,20,Weekend,Fall,No,71.63,73.43,44.62
2023-11-04 21:00,11,21,Weekend,Fall,No,70.61,73.1,38.82
2023-11-04 22:00,11,22,Weekend,Fall,No,69.28,73.82,38.75
2023-11-04 23:00,11,23,Weekend,Fall,No,66.22,73.32,33.4
2023-11-05 00:00,11,0,Weekend,Fall,No,65.57,73.29,29.1
2023-11-05 01:00,11,1,Weekend,Fall,No,64.24,72.43,24.01
2023-11-05 02:00,11,2,Weekend,Fall,No,63.59,72.59,22.1
2023-11-05 03:00,11,3,Weekend,Fall,No,62.26,72.75,32.93
2023-11-05 04:00,11,4,Weekend,Fall,No,59.82,71.76,27.8
2023-11-05 05:00,11,5,Weekend,Fall,No,59.0,72.97,23.5
2023-11-05 06:00,11,6,Weekend,Fall,No,59.0,72.54,24.01
2023-11-05 07:00,11,7,Weekend,Fall,No,59.63,73.41,13.69
2023-11-05 08:00,11,8,Weekend,Fall,No,62.39,72.54,18.45
2023-11-05 09:00,11,9,Weekend,Fall,No,65.19,73.0,28.22
2023-11-05 10:00,11,10,Weekend,Fall,No,68.33,72.74,30.25
2023-11-05 11:00,11,11,Weekend,Fall,No,71.76,73.83,25.91
2023-11-05 12:00,11,12,Weekend,Fall,No,75.35,74.11,36.7
2023-11-05 13:00,11,13,Weekend,Fall,No,78.16,74.55,39.52
2023-11-05 14:00,11,14,Weekend,Fall,No,78.98,75.03,43.2
2023-11-05 15:00,11,15,Weekend,Fall,No,78.98,74.47,34.36
2023-11-05 16:00,11,16,Weekend,Fall,No,77.82,74.79,31.05
2023-11-05 17:00,11,17,Weekend,Fall,No,72.9,74.73,34.44
2023-11-05 18:00,11,18,Weekend,Fall,No,68.2,73.53,46.95
2023-11-05 19:00,11,19,Weekend,Fall,No,65.76,73.23,37.14
2023-11-05 20:00,11,20,Weekend,Fall,No,64.41,72.81,36.01
2023-11-05 21:00,11,21,Weekend,Fall,No,63.41,72.54,35.45
2023-11-05 22:00,11,22,Weekend,Fall,No,62.44,72.96,28.92
2023-11-05 23:00,11,23,Weekend,Fall,No,61.43,72.58,33.67
2023-11-06 00:00,11,0,Weekday,Fall,No,60.46,72.71,22.35
2023-11-06 01:00,11,1,Weekday,Fall,No,60.08,72.42,22.45
2023-11-06 02:00,11,2,Weekday,Fall,No,59.45,72.49,17.0
2023-11-06 03:00,11,3,Weekday,Fall,No,57.85,72.25,22.43
2023-11-06 04:00,11,4,Weekday,Fall,No,57.02,71.98,19.14
2023-11-06 05:00,11,5,Weekday,Fall,No,56.39,71.68,13.16
2023-11-06 06:00,11,6,Weekday,Fall,No,55.42,71.17,16.2
2023-11-06 07:00,11,7,Weekday,Fall,No,55.04,70.87,24.6
2023-11-06 08:00,11,8,Weekday,Fall,Yes,58.5,70.93,19.91
2023-11-06 09:00,11,9,Weekday,Fall,Yes,63.29,72.31,16.96
2023-11-06 10:00,11,10,Weekday,Fall,Yes,64.94,72.84,25.19
2023-11-06 11:00,11,11,Weekday,Fall,Yes,66.1,72.69,24.28
2023-11-06 12:00,11,12,Weekday,Fall,Yes,68.7,72.66,26.4
2023-11-06 13:00,11,13,Weekday,Fall,Yes,69.46,72.93,28.15
2023-11-06 14:00,11,14,Weekday,Fall,Yes,69.6,72.92,22.48
2023-11-06 15:00,11,15,Weekday,Fall,Yes,70.61,72.31,33.62
2023-11-06 16:00,11,16,Weekday,Fall,Yes,70.43,71.89,26.28
2023-11-06 17:00,11,17,Weekday,Fall,Yes,67.67,71.99,38.18
2023-11-06 18:00,11,18,Weekday,Fall,No,64.86,73.77,37.04
2023-11-06 19:00,11,19,Weekday,Fall,No,62.26,72.26,37.99
2023-11-06 20:00,11,20,Weekday,Fall,No,59.82,72.08,31.48
2023-11-06 21:00,11,21,Weekday,Fall,No,58.37,72.07,35.48
2023-11-06 22:00,11,22,Weekday,Fall,No,56.24,72.55,32.83
2023-11-06 23:00,11,23,Weekday,Fall,No,54.41,71.99,32.75
2023-11-07 00:00,11,0,Weekday,Fall,No,53.43,71.23,21.06
2023-11-07 01:00,11,1,Weekday,Fall,No,52.43,71.34,23.95
2023-11-07 02:00,11,2,Weekday,Fall,No,51.46,71.26,12.1
2023-11-07 03:00,11,3,Weekday,Fall,No,50.45,70.89,8.66
2023-11-07 04:00,11,4,Weekday,Fall,No,48.22,70.64,16.78
2023-11-07 05:00,11,5,Weekday,Fall,No,46.94,71.73,14.29
2023-11-07 06:00,11,6,Weekday,Fall,No,46.42,70.07,8.03
2023-11-07 07:00,11,7,Weekday,Fall,No,47.2,70.57,7.86
2023-11-07 08:00,11,8,Weekday,Fall,Yes,50.96,71.09,12.34
2023-11-07 09:00,11,9,Weekday,Fall,Yes,55.9,70.1,20.49
2023-11-07 10:00,11,10,Weekday,Fall,Yes,60.86,71.69,20.7
2023-11-07 11:00,11,11,Weekday,Fall,Yes,64.74,72.16,28.45
2023-11-07 12:00,11,12,Weekday,Fall,Yes,68.33,71.7,25.65
2023-11-07 13:00,11,13,Weekday,Fall,Yes,70.61,72.53,26.66
2023-11-07 14:00,11,14,Weekday,Fall,Yes,71.58,72.49,25.68
2023-11-07 15:00,11,15,Weekday,Fall,Yes,70.28,72.86,26.49
2023-11-07 16:00,11,16,Weekday,Fall,Yes,67.82,73.1,27.7
2023-11-07 17:00,11,17,Weekday,Fall,Yes,65.24,72.37,39.15
2023-11-07 18:00,11,18,Weekday,Fall,No,62.89,72.41,26.33
2023-11-07 19:00,11,19,Weekday,Fall,No,60.9,72.16,23.45
2023-11-07 20:00,11,20,Weekday,Fall,No,58.3,71.89,34.42
2023-11-07 21:00,11,21,Weekday,Fall,No,56.39,72.12,31.78
2023-11-07 22:00,11,22,Weekday,Fall,No,54.78,70.84,32.31
2023-11-07 23:00,11,23,Weekday,Fall,No,52.8,70.11,21.16
2023-11-08 00:00,11,0,Weekday,Fall,No,51.98,70.68,19.91
2023-11-08 01:00,11,1,Weekday,Fall,No,50.2,70.82,11.26
2023-11-08 02:00,11,2,Weekday,Fall,No,47.76,70.18,20.14
2023-11-08 03:00,11,3,Weekday,Fall,No,46.94,70.42,11.63
2023-11-08 04:00,11,4,Weekday,Fall,No,45.78,70.76,12.04
2023-11-08 05:00,11,5,Weekday,Fall,No,44.44,71.25,9.65
2023-11-08 06:00,11,6,Weekday,Fall,No,44.58,70.03,13.03
2023-11-08 07:00,11,7,Weekday,Fall,No,46.11,69.92,8.89
2023-11-08 08:00,11,8,Weekday,Fall,Yes,51.04,70.43,15.54
2023-11-08 09:00,11,9,Weekday,Fall,Yes,57.53,71.78,22.96
2023-11-08 10:00,11,10,Weekday,Fall,Yes,61.76,71.12,19.2
2023-11-08 11:00,11,11,Weekday,Fall,Yes,65.27,72.05,18.53
2023-11-08 12:00,11,12,Weekday,Fall,Yes,68.18,72.2,23.94
2023-11-08 13:00,11,13,Weekday,Fall,Yes,70.76,73.99,26.93
2023-11-08 14:00,11,14,Weekday,Fall,Yes,72.59,73.22,25.76
2023-11-08 15:00,11,15,Weekday,Fall,Yes,73.04,72.58,29.13
2023-11-08 16:00,11,16,Weekday,Fall,Yes,71.88,73.29,31.07
2023-11-08 17:00,11,17,Weekday,Fall,Yes,68.65,72.65,40.17
2023-11-08 18:00,11,18,Weekday,Fall,No,65.24,73.66,31.08
2023-11-08 19:00,11,19,Weekday,Fall,No,63.41,72.63,32.4
2023-11-08 20:00,11,20,Weekday,Fall,No,61.28,72.99,31.59
2023-11-08 21:00,11,21,Weekday,Fall,No,57.14,71.31,24.07
2023-11-08 22:00,11,22,Weekday,Fall,No,55.04,71.29,25.42
2023-11-08 23:00,11,23,Weekday,Fall,No,53.88,71.33,26.23
2023-11-09 00:00,11,0,Weekday,Fall,No,54.22,71.6,20.9
2023-11-09 01:00,11,1,Weekday,Fall,No,53.26,71.8,23.78
2023-11-09 02:00,11,2,Weekday,Fall,No,53.14,71.06,21.94
2023-11-09 03:00,11,3,Weekday,Fall,No,53.43,71.76,12.6
2023-11-09 04:00,11,4,Weekday,Fall,No,55.37,71.41,19.38
2023-11-09 05:00,11,5,Weekday,Fall,No,55.86,71.96,18.58
2023-11-09 06:00,11,6,Weekday,Fall,No,55.04,70.61,13.67
2023-11-09 07:00,11,7,Weekday,Fall,No,56.72,71.31,23.74
2023-11-09 08:00,11,8,Weekday,Fall,Yes,61.49,72.21,16.9
2023-11-09 09:00,11,9,Weekday,Fall,Yes,65.19,71.99,24.23
2023-11-09 10:00,11,10,Weekday,Fall,Yes,67.18,72.13,26.48
2023-11-09 11:00,11,11,Weekday,Fall,Yes,69.78,73.65,26.73
2023-11-09 12:00,11,12,Weekday,Fall,Yes,72.22,73.29,32.6
2023-11-09 13:00,11,13,Weekday,Fall,Yes,73.56,73.8,25.44
2023-11-09 14:00,11,14,Weekday,Fall,Yes,73.94,73.54,33.7
2023-11-09 15:00,11,15,Weekday,Fall,Yes,73.94,74.19,39.06
2023-11-09 16:00,11,16,Weekday,Fall,Yes,73.42,73.37,24.04
2023-11-09 17:00,11,17,Weekday,Fall,Yes,70.1,73.49,37.51
2023-11-09 18:00,11,18,Weekday,Fall,No,65.69,72.96,38.79
2023-11-09 19:00,11,19,Weekday,Fall,No,62.26,72.99,27.46
2023-11-09 20:00,11,20,Weekday,Fall,No,59.2,71.85,39.24
2023-11-09 21:00,11,21,Weekday,Fall,No,59.7,71.61,32.88
2023-11-09 22:00,11,22,Weekday,Fall,No,60.98,72.17,27.83
2023-11-09 23:00,11,23,Weekday,Fall,No,60.98,72.25,26.75
2023-11-10 00:00,11,0,Weekday,Fall,No,60.46,71.91,17.77
2023-11-10 01:00,11,1,Weekday,Fall,No,59.45,70.8,21.09
2023-11-10 02:00,11,2,Weekday,Fall,No,59.0,72.03,13.15
2023-11-10 03:00,11,3,Weekday,Fall,No,58.37,71.35,21.13
2023-11-10 04:00,11,4,Weekday,Fall,No,57.92,71.91,23.98
2023-11-10 05:00,11,5,Weekday,Fall,No,57.4,72.2,23.08
2023-11-10 06:00,11,6,Weekday,Fall,No,57.02,72.15,17.28
2023-11-10 07:00,11,7,Weekday,Fall,No,58.18,72.54,21.2
2023-11-10 08:00,11,8,Weekday,Fall,Yes,61.31,72.05,19.03
2023-11-10 09:00,11,9,Weekday,Fall,Yes,64.11,72.63,21.15
2023-11-10 10:00,11,10,Weekday,Fall,Yes,66.1,71.96,26.54
2023-11-10 11:00,11,11,Weekday,Fall,Yes,68.7,73.03,24.3
2023-11-10 12:00,11,12,Weekday,Fall,Yes,71.14,73.59,27.56
2023-11-10 13:00,11,13,Weekday,Fall,Yes,73.12,73.58,41.11
2023-11-10 14:00,11,14,Weekday,Fall,Yes,75.1,73.2,34.57
2023-11-10 15:00,11,15,Weekday,Fall,Yes,75.4,73.42,26.3
2023-11-10 16:00,11,16,Weekday,Fall,Yes,73.86,73.38,28.5
2023-11-10 17:00,11,17,Weekday,Fall,Yes,70.73,74.34,41.91
2023-11-10 18:00,11,18,Weekday,Fall,No,66.67,72.88,40.63
2023-11-10 19:00,11,19,Weekday,Fall,No,62.63,72.95,37.96
2023-11-10 20:00,11,20,Weekday,Fall,No,59.82,71.93,26.95
2023-11-10 21:00,11,21,Weekday,Fall,No,57.22,71.56,27.41
2023-11-10 22:00,11,22,Weekday,Fall,No,56.57,72.02,39.36
2023-11-10 23:00,11,23,Weekday,Fall,No,57.54,72.51,29.59
2023-11-11 00:00,11,0,Weekend,Fall,No,57.4,71.55,15.89
2023-11-11 01:00,11,1,Weekend,Fall,No,56.39,71.94,25.27
2023-11-11 02:00,11,2,Weekend,Fall,No,54.26,71.41,20.26
2023-11-11 03:00,11,3,Weekend,Fall,No,54.22,71.78,19.28
2023-11-11 04:00,11,4,Weekend,Fall,No,52.1,70.45,8.08
2023-11-11 05:00,11,5,Weekend,Fall,No,48.84,70.56,15.66
2023-11-11 06:00,11,6,Weekend,Fall,No,48.02,70.15,16.08
2023-11-11 07:00,11,7,Weekend,Fall,No,48.54,71.13,8.96
2023-11-11 08:00,11,8,Weekend,Fall,No,54.17,71.32,13.48
2023-11-11 09:00,11,9,Weekend,Fall,No,62.64,72.76,16.23
2023-11-11 10:00,11,10,Weekend,Fall,No,68.33,73.62,32.54
2023-11-11 11:00,11,11,Weekend,Fall,No,71.14,73.42,32.03
2023-11-11 12:00,11,12,Weekend,Fall,No,73.12,73.85,25.85
2023-11-11 13:00,11,13,Weekend,Fall,No,74.57,74.06,30.48
2023-11-11 14:00,11,14,Weekend,Fall,No,75.02,74.85,27.28
2023-11-11 15:00,11,15,Weekend,Fall,No,75.02,74.43,29.07
2023-11-11 16:00,11,16,Weekend,Fall,No,73.86,74.28,29.33
2023-11-11 17:00,11,17,Weekend,Fall,No,70.1,74.18,30.37
2023-11-11 18:00,11,18,Weekend,Fall,No,65.69,73.96,32.23
2023-11-11 19:00,11,19,Weekend,Fall,No,62.26,71.9,33.93
2023-11-11 20:00,11,20,Weekend,Fall,No,59.2,72.0,31.28
2023-11-11 21:00,11,21,Weekend,Fall,No,56.76,72.57,27.36
2023-11-11 22:00,11,22,Weekend,Fall,No,54.26,71.86,28.53
2023-11-11 23:00,11,23,Weekend,Fall,No,50.64,71.51,28.86
2023-11-12 00:00,11,0,Weekend,Fall,No,47.76,70.5,7.97
2023-11-12 01:00,11,1,Weekend,Fall,No,46.42,70.17,5.15
2023-11-12 02:00,11,2,Weekend,Fall,No,46.56,70.97,13.06
2023-11-12 03:00,11,3,Weekend,Fall,No,45.78,71.23,17.16
2023-11-12 04:00,11,4,Weekend,Fall,No,45.59,70.73,9.5
2023-11-12 05:00,11,5,Weekend,Fall,No,46.04,69.86,19.13
2023-11-12 06:00,11,6,Weekend,Fall,No,44.89,69.75,11.8
2023-11-12 07:00,11,7,Weekend,Fall,No,45.74,70.55,15.55
2023-11-12 08:00,11,8,Weekend,Fall,No,51.66,70.87,23.03
2023-11-12 09:00,11,9,Weekend,Fall,No,61.45,72.27,27.1
2023-11-12 10:00,11,10,Weekend,Fall,No,69.48,73.99,22.53
2023-11-12 11:00,11,11,Weekend,Fall,No,73.12,73.9,26.48
2023-11-12 12:00,11,12,Weekend,Fall,No,75.72,75.07,34.41
2023-11-12 13:00,11,13,Weekend,Fall,No,77.63,75.31,28.98
2023-11-12 14:00,11,14,Weekend,Fall,No,78.6,75.57,35.74
2023-11-12 15:00,11,15,Weekend,Fall,No,77.82,74.46,36.51
2023-11-12 16:00,11,16,Weekend,Fall,No,74.69,74.13,36.26
2023-11-12 17:00,11,17,Weekend,Fall,No,70.73,73.05,30.14
2023-11-12 18:00,11,18,Weekend,Fall,No,66.14,74.0,40.92
2023-11-12 19:00,11,19,Weekend,Fall,No,61.73,73.29,27.2
2023-11-12 20:00,11,20,Weekend,Fall,No,56.51,71.82,30.92
2023-11-12 21:00,11,21,Weekend,Fall,No,53.43,71.56,24.98
2023-11-12 22:00,11,22,Weekend,Fall,No,51.28,70.87,28.32
2023-11-12 23:00,11,23,Weekend,Fall,No,50.0,71.49,27.16
2023-11-13 00:00,11,0,Weekday,Fall,No,49.37,71.71,18.05
2023-11-13 01:00,11,1,Weekday,Fall,No,48.4,69.91,3.65
2023-11-13 02:00,11,2,Weekday,Fall,No,48.02,71.07,18.35
2023-11-13 03:00,11,3,Weekday,Fall,No,48.02,71.14,16.59
2023-11-13 04:00,11,4,Weekday,Fall,No,47.39,70.59,11.92
2023-11-13 05:00,11,5,Weekday,Fall,No,46.42,69.82,5.61
2023-11-13 06:00,11,6,Weekday,Fall,No,46.56,70.39,10.35
2023-11-13 07:00,11,7,Weekday,Fall,No,48.72,70.46,17.6
2023-11-13 08:00,11,8,Weekday,Fall,Yes,54.1,70.68,14.72
2023-11-13 09:00,11,9,Weekday,Fall,Yes,61.64,71.48,18.19
2023-11-13 10:00,11,10,Weekday,Fall,Yes,67.36,72.68,26.22
2023-11-13 11:00,11,11,Weekday,Fall,Yes,71.92,73.46,31.82
2023-11-13 12:00,11,12,Weekday,Fall,Yes,75.72,73.4,36.13
2023-11-13 13:00,11,13,Weekday,Fall,Yes,77.0,73.42,30.5
2023-11-13 14:00,11,14,Weekday,Fall,Yes,77.0,73.76,32.02
2023-11-13 15:00,11,15,Weekday,Fall,Yes,76.37,74.24,27.57
2023-11-13 16:00,11,16,Weekday,Fall,Yes,74.76,74.2,28.44
2023-11-13 17:00,11,17,Weekday,Fall,Yes,71.1,73.13,39.89
2023-11-13 18:00,11,18,Weekday,Fall,No,64.98,73.43,43.81
2023-11-13 19:00,11,19,Weekday,Fall,No,60.9,72.11,31.81
2023-11-13 20:00,11,20,Weekday,Fall,No,58.82,71.59,33.49
2023-11-13 21:00,11,21,Weekday,Fall,No,57.92,71.83,33.41
2023-11-13 22:00,11,22,Weekday,Fall,No,58.55,72.31,28.67
2023-11-13 23:00,11,23,Weekday,Fall,No,58.37,72.23,28.15
2023-11-14 00:00,11,0,Weekday,Fall,No,57.4,72.11,25.19
2023-11-14 01:00,11,1,Weekday,Fall,No,57.02,71.93,14.69
2023-11-14 02:00,11,2,Weekday,Fall,No,59.33,72.5,26.74
2023-11-14 03:00,11,3,Weekday,Fall,No,58.67,71.86,19.6
2023-11-14 04:00,11,4,Weekday,Fall,No,57.54,71.63,19.96
2023-11-14 05:00,11,5,Weekday,Fall,No,56.76,71.5,24.34
2023-11-14 06:00,11,6,Weekday,Fall,No,56.57,71.64,30.48
2023-11-14 07:00,11,7,Weekday,Fall,No,59.33,71.93,21.4
2023-11-14 08:00,11,8,Weekday,Fall,Yes,63.29,71.64,24.91
2023-11-14 09:00,11,9,Weekday,Fall,Yes,66.72,72.07,26.33
2023-11-14 10:00,11,10,Weekday,Fall,Yes,67.37,72.15,23.09
2023-11-14 11:00,11,11,Weekday,Fall,Yes,66.4,71.57,25.96
2023-11-14 12:00,11,12,Weekday,Fall,Yes,67.18,73.2,35.06
2023-11-14 13:00,11,13,Weekday,Fall,Yes,68.63,72.45,32.07
2023-11-14 14:00,11,14,Weekday,Fall,Yes,69.08,72.79,31.59
2023-11-14 15:00,11,15,Weekday,Fall,Yes,68.45,72.11,29.03
2023-11-14 16:00,11,16,Weekday,Fall,Yes,67.37,72.86,25.29
2023-11-14 17:00,11,17,Weekday,Fall,Yes,64.61,72.3,30.81
2023-11-14 18:00,11,18,Weekday,Fall,No,61.8,72.49,35.65
2023-11-14 19:00,11,19,Weekday,Fall,No,58.67,72.38,25.99
2023-11-14 20:00,11,20,Weekday,Fall,No,56.39,71.42,16.79
2023-11-14 21:00,11,21,Weekday,Fall,No,54.78,71.32,28.21
2023-11-14 22:00,11,22,Weekday,Fall,No,53.96,72.01,28.56
2023-11-14 23:00,11,23,Weekday,Fall,No,53.43,71.45,26.87
2023-11-15 00:00,11,0,Weekday,Fall,No,52.43,70.71,16.0
2023-11-15 01:00,11,1,Weekday,Fall,No,51.98,71.34,20.23
2023-11-15 02:00,11,2,Weekday,Fall,No,51.98,72.5,25.62
2023-11-15 03:00,11,3,Weekday,Fall,No,50.82,71.13,12.17
2023-11-15 04:00,11,4,Weekday,Fall,No,49.37,71.14,10.42
2023-11-15 05:00,11,5,Weekday,Fall,No,49.55,71.71,15.59
2023-11-15 06:00,11,6,Weekday,Fall,No,48.84,70.78,19.5
2023-11-15 07:00,11,7,Weekday,Fall,No,48.54,71.18,20.07
2023-11-15 08:00,11,8,Weekday,Fall,Yes,50.18,70.76,22.59
2023-11-15 09:00,11,9,Weekday,Fall,Yes,51.6,71.1,14.44
2023-11-15 10:00,11,10,Weekday,Fall,Yes,52.61,71.25,16.42
2023-11-15 11:00,11,11,Weekday,Fall,Yes,53.58,70.41,15.08
2023-11-15 12:00,11,12,Weekday,Fall,Yes,53.96,70.82,22.93
2023-11-15 13:00,11,13,Weekday,Fall,Yes,54.59,70.59,16.95
2023-11-15 14:00,11,14,Weekday,Fall,Yes,55.57,71.61,19.96
2023-11-15 15:00,11,15,Weekday,Fall,Yes,55.94,70.96,16.51
2023-11-15 16:00,11,16,Weekday,Fall,Yes,54.78,71.12,19.97
2023-11-15 17:00,11,17,Weekday,Fall,Yes,52.8,70.95,28.81
2023-11-15 18:00,11,18,Weekday,Fall,No,50.82,70.6,29.15
2023-11-15 19:00,11,19,Weekday,Fall,No,49.37,70.75,22.17
2023-11-15 20:00,11,20,Weekday,Fall,No,48.4,70.43,27.44
2023-11-15 21:00,11,21,Weekday,Fall,No,44.56,69.74,24.06
2023-11-15 22:00,11,22,Weekday,Fall,No,40.82,69.23,17.32
2023-11-15 23:00,11,23,Weekday,Fall,No,39.4,69.11,12.14
2023-11-16 00:00,11,0,Weekday,Fall,No,38.39,70.02,0.0
2023-11-16 01:00,11,1,Weekday,Fall,No,37.42,69.97,10.46
2023-11-16 02:00,11,2,Weekday,Fall,No,35.26,68.75,2.41
2023-11-16 03:00,11,3,Weekday,Fall,No,33.46,68.57,2.91
2023-11-16 04:00,11,4,Weekday,Fall,No,33.6,69.04,4.58
2023-11-16 05:00,11,5,Weekday,Fall,No,34.61,69.57,7.73
2023-11-16 06:00,11,6,Weekday,Fall,No,33.9,68.04,4.34
2023-11-16 07:00,11,7,Weekday,Fall,No,34.76,68.7,2.42
2023-11-16 08:00,11,8,Weekday,Fall,Yes,41.21,68.54,2.47
2023-11-16 09:00,11,9,Weekday,Fall,Yes,48.53,69.77,11.0
2023-11-16 10:00,11,10,Weekday,Fall,Yes,53.39,70.9,14.83
2023-11-16 11:00,11,11,Weekday,Fall,Yes,56.72,70.73,24.22
2023-11-16 12:00,11,12,Weekday,Fall,Yes,60.34,71.02,21.93
2023-11-16 13:00,11,13,Weekday,Fall,Yes,62.58,72.1,29.24
2023-11-16 14:00,11,14,Weekday,Fall,Yes,63.59,71.9,27.65
2023-11-16 15:00,11,15,Weekday,Fall,Yes,63.41,70.86,22.62
2023-11-16 16:00,11,16,Weekday,Fall,Yes,62.44,71.89,22.35
2023-11-16 17:00,11,17,Weekday,Fall,Yes,58.49,71.13,27.95
2023-11-16 18:00,11,18,Weekday,Fall,No,54.78,70.87,26.91
2023-11-16 19:00,11,19,Weekday,Fall,No,51.65,71.24,28.58
2023-11-16 20:00,11,20,Weekday,Fall,No,48.22,71.14,22.31
2023-11-16 21:00,11,21,Weekday,Fall,No,45.26,70.15,18.26
2023-11-16 22:00,11,22,Weekday,Fall,No,42.9,70.89,19.87
2023-11-16 23:00,11,23,Weekday,Fall,No,40.82,69.49,23.27
2023-11-17 00:00,11,0,Weekday,Fall,No,39.4,69.32,10.96
2023-11-17 01:00,11,1,Weekday,Fall,No,39.54,69.76,7.46
2023-11-17 02:00,11,2,Weekday,Fall,No,40.55,70.21,7.25
2023-11-17 03:00,11,3,Weekday,Fall,No,38.69,69.27,4.36
2023-11-17 04:00,11,4,Weekday,Fall,No,37.56,70.2,8.45
2023-11-17 05:00,11,5,Weekday,Fall,No,38.57,69.81,9.69
2023-11-17 06:00,11,6,Weekday,Fall,No,38.39,69.37,16.63
2023-11-17 07:00,11,7,Weekday,Fall,No,40.36,70.04,13.16
2023-11-17 08:00,11,8,Weekday,Fall,Yes,46.7,69.84,18.44
2023-11-17 09:00,11,9,Weekday,Fall,Yes,52.94,70.79,15.48
2023-11-17 10:00,11,10,Weekday,Fall,Yes,58.5,71.06,19.63
2023-11-17 11:00,11,11,Weekday,Fall,Yes,63.29,72.42,24.31
2023-11-17 12:00,11,12,Weekday,Fall,Yes,66.1,72.12,24.96
2023-11-17 13:00,11,13,Weekday,Fall,Yes,67.55,73.03,17.59
2023-11-17 14:00,11,14,Weekday,Fall,Yes,68.0,72.94,19.1
2023-11-17 15:00,11,15,Weekday,Fall,Yes,66.84,73.41,23.06
2023-11-17 16:00,11,16,Weekday,Fall,Yes,64.86,72.25,24.23
2023-11-17 17:00,11,17,Weekday,Fall,Yes,62.89,72.43,30.72
2023-11-17 18:00,11,18,Weekday,Fall,No,60.28,72.71,32.88
2023-11-17 19:00,11,19,Weekday,Fall,No,58.37,72.0,37.27
2023-11-17 20:00,11,20,Weekday,Fall,No,56.24,71.93,30.71
2023-11-17 21:00,11,21,Weekday,Fall,No,55.04,71.38,28.08
2023-11-17 22:00,11,22,Weekday,Fall,No,54.41,72.07,25.26
2023-11-17 23:00,11,23,Weekday,Fall,No,53.96,71.81,30.39
2023-11-18 00:00,11,0,Weekend,Fall,No,53.96,71.26,17.97
2023-11-18 01:00,11,1,Weekend,Fall,No,52.8,70.73,10.52
2023-11-18 02:00,11,2,Weekend,Fall,No,50.2,70.58,21.63
2023-11-18 03:00,11,3,Weekend,Fall,No,48.4,70.83,12.55
2023-11-18 04:00,11,4,Weekend,Fall,No,47.39,70.85,19.51
2023-11-18 05:00,11,5,Weekend,Fall,No,46.94,70.58,15.09
2023-11-18 06:00,11,6,Weekend,Fall,No,45.78,69.98,14.73
2023-11-18 07:00,11,7,Weekend,Fall,No,46.11,70.51,19.63
2023-11-18 08:00,11,8,Weekend,Fall,No,48.1,69.87,19.34
2023-11-18 09:00,11,9,Weekend,Fall,No,51.86,71.19,22.42
2023-11-18 10:00,11,10,Weekend,Fall,No,57.53,72.31,17.71
2023-11-18 11:00,11,11,Weekend,Fall,No,64.07,72.44,21.72
2023-11-18 12:00,11,12,Weekend,Fall,No,69.34,72.92,33.11
2023-11-18 13:00,11,13,Weekend,Fall,No,72.22,74.42,29.84
2023-11-18 14:00,11,14,Weekend,Fall,No,73.56,74.38,33.12
2023-11-18 15:00,11,15,Weekend,Fall,No,73.42,73.58,36.71
2023-11-18 16:00,11,16,Weekend,Fall,No,72.41,73.71,27.4
2023-11-18 17:00,11,17,Weekend,Fall,No,68.5,73.09,43.02
2023-11-18 18:00,11,18,Weekend,Fall,No,63.08,73.24,38.41
2023-11-18 19:00,11,19,Weekend,Fall,No,59.82,71.67,29.56
2023-11-18 20:00,11,20,Weekend,Fall,No,59.63,72.38,34.31
2023-11-18 21:00,11,21,Weekend,Fall,No,60.08,72.84,29.38
2023-11-18 22:00,11,22,Weekend,Fall,No,58.82,72.23,28.19
2023-11-18 23:00,11,23,Weekend,Fall,No,56.76,72.27,26.84
2023-11-19 00:00,11,0,Weekend,Fall,No,55.94,71.9,16.28
2023-11-19 01:00,11,1,Weekend,Fall,No,54.26,71.78,12.6
2023-11-19 02:00,11,2,Weekend,Fall,No,53.06,71.27,19.39
2023-11-19 03:00,11,3,Weekend,Fall,No,52.43,71.81,19.22
2023-11-19 04:00,11,4,Weekend,Fall,No,51.46,71.26,19.2
2023-11-19 05:00,11,5,Weekend,Fall,No,50.45,71.44,11.02
2023-11-19 06:00,11,6,Weekend,Fall,No,51.16,71.68,19.46
2023-11-19 07:00,11,7,Weekend,Fall,No,52.61,72.05,15.01
2023-11-19 08:00,11,8,Weekend,Fall,No,55.9,71.28,19.12
2023-11-19 09:00,11,9,Weekend,Fall,No,60.86,71.86,15.62
2023-11-19 10:00,11,10,Weekend,Fall,No,65.9,72.91,23.66
2023-11-19 11:00,11,11,Weekend,Fall,No,69.16,73.57,36.21
2023-11-19 12:00,11,12,Weekend,Fall,No,71.76,73.88,25.6
2023-11-19 13:00,11,13,Weekend,Fall,No,74.19,73.72,29.9
2023-11-19 14:00,11,14,Weekend,Fall,No,75.54,74.66,27.88
2023-11-19 15:00,11,15,Weekend,Fall,No,75.4,75.18,37.95
2023-11-19 16:00,11,16,Weekend,Fall,No,73.86,74.52,32.33
2023-11-19 17:00,11,17,Weekend,Fall,No,68.94,72.74,35.9
2023-11-19 18:00,11,18,Weekend,Fall,No,62.55,72.64,30.67
2023-11-19 19:00,11,19,Weekend,Fall,No,58.82,72.8,32.19
2023-11-19 20:00,11,20,Weekend,Fall,No,56.24,71.69,22.36
2023-11-19 21:00,11,21,Weekend,Fall,No,56.2,71.64,27.78
2023-11-19 22:00,11,22,Weekend,Fall,No,54.71,71.6,31.18
2023-11-19 23:00,11,23,Weekend,Fall,No,54.22,70.24,24.23
2023-11-20 00:00,11,0,Weekday,Fall,No,54.41,71.37,19.86
2023-11-20 01:00,11,1,Weekday,Fall,No,53.96,72.07,18.68
2023-11-20 02:00,11,2,Weekday,Fall,No,55.12,71.59,15.16
2023-11-20 03:00,11,3,Weekday,Fall,No,56.57,71.89,14.74
2023-11-20 04:00,11,4,Weekday,Fall,No,56.39,72.38,16.76
2023-11-20 05:00,11,5,Weekday,Fall,No,56.57,72.8,24.03
2023-11-20 06:00,11,6,Weekday,Fall,No,55.86,71.72,19.93
2023-11-20 07:00,11,7,Weekday,Fall,No,56.72,71.79,10.86
2023-11-20 08:00,11,8,Weekday,Fall,Yes,60.86,71.67,20.48
2023-11-20 09:00,11,9,Weekday,Fall,Yes,65.27,72.04,28.06
2023-11-20 10:00,11,10,Weekday,Fall,Yes,69.34,71.76,23.31
2023-11-20 11:00,11,11,Weekday,Fall,Yes,72.74,73.05,24.76
2023-11-20 12:00,11,12,Weekday,Fall,Yes,75.1,74.52,30.97
2023-11-20 13:00,11,13,Weekday,Fall,Yes,77.18,73.53,28.56
2023-11-20 14:00,11,14,Weekday,Fall,Yes,79.24,74.21,29.68
2023-11-20 15:00,11,15,Weekday,Fall,Yes,79.43,73.76,35.55
2023-11-20 16:00,11,16,Weekday,Fall,Yes,77.82,73.4,36.67
2023-11-20 17:00,11,17,Weekday,Fall,Yes,72.9,72.91,45.45
2023-11-20 18:00,11,18,Weekday,Fall,No,67.04,73.09,37.0
2023-11-20 19:00,11,19,Weekday,Fall,No,63.78,73.48,33.49
2023-11-20 20:00,11,20,Weekday,Fall,No,60.65,72.78,29.48
2023-11-20 21:00,11,21,Weekday,Fall,No,57.22,72.0,31.14
2023-11-20 22:00,11,22,Weekday,Fall,No,56.57,71.81,21.39
2023-11-20 23:00,11,23,Weekday,Fall,No,57.02,71.46,33.7
2023-11-21 00:00,11,0,Weekday,Fall,No,55.86,70.46,21.98
2023-11-21 01:00,11,1,Weekday,Fall,No,53.88,70.91,15.77
2023-11-21 02:00,11,2,Weekday,Fall,No,53.58,71.9,14.11
2023-11-21 03:00,11,3,Weekday,Fall,No,52.8,71.21,15.02
2023-11-21 04:00,11,4,Weekday,Fall,No,50.82,71.16,15.27
2023-11-21 05:00,11,5,Weekday,Fall,No,49.37,70.99,10.91
2023-11-21 06:00,11,6,Weekday,Fall,No,49.55,70.83,18.81
2023-11-21 07:00,11,7,Weekday,Fall,No,51.78,71.32,13.05
2023-11-21 08:00,11,8,Weekday,Fall,Yes,54.74,70.93,19.27
2023-11-21 09:00,11,9,Weekday,Fall,Yes,61.19,71.56,23.07
2023-11-21 10:00,11,10,Weekday,Fall,Yes,68.51,72.43,24.61
2023-11-21 11:00,11,11,Weekday,Fall,Yes,72.74,73.72,27.0
2023-11-21 12:00,11,12,Weekday,Fall,Yes,75.1,73.23,40.34
2023-11-21 13:00,11,13,Weekday,Fall,Yes,77.18,73.77,41.25
2023-11-21 14:00,11,14,Weekday,Fall,Yes,78.08,73.8,38.47
2023-11-21 15:00,11,15,Weekday,Fall,Yes,75.67,73.44,34.2
2023-11-21 16:00,11,16,Weekday,Fall,Yes,72.26,71.86,26.88
2023-11-21 17:00,11,17,Weekday,Fall,Yes,68.12,73.43,36.36
2023-11-21 18:00,11,18,Weekday,Fall,No,64.24,71.98,38.64
2023-11-21 19:00,11,19,Weekday,Fall,No,59.5,72.68,35.05
2023-11-21 20:00,11,20,Weekday,Fall,No,55.24,71.47,26.47
2023-11-21 21:00,11,21,Weekday,Fall,No,52.8,71.45,28.83
2023-11-21 22:00,11,22,Weekday,Fall,No,50.82,71.41,25.67
2023-11-21 23:00,11,23,Weekday,Fall,No,49.37,70.88,24.76
2023-11-22 00:00,11,0,Weekday,Fall,No,47.24,71.02,11.47
2023-11-22 01:00,11,1,Weekday,Fall,No,44.89,70.31,9.77
2023-11-22 02:00,11,2,Weekday,Fall,No,44.58,70.14,9.38
2023-11-22 03:00,11,3,Weekday,Fall,No,43.28,70.94,11.05
2023-11-22 04:00,11,4,Weekday,Fall,No,42.6,69.91,12.36
2023-11-22 05:00,11,5,Weekday,Fall,No,42.98,70.05,7.42
2023-11-22 06:00,11,6,Weekday,Fall,No,42.98,69.94,10.23
2023-11-22 07:00,11,7,Weekday,Fall,No,45.29,71.78,11.88
2023-11-22 08:00,11,8,Weekday,Fall,Yes,50.51,69.42,14.56
2023-11-22 09:00,11,9,Weekday,Fall,Yes,58.31,72.07,14.28
2023-11-22 10:00,11,10,Weekday,Fall,Yes,63.22,71.8,25.05
2023-11-22 11:00,11,11,Weekday,Fall,Yes,68.13,72.62,26.72
2023-11-22 12:00,11,12,Weekday,Fall,Yes,71.58,72.94,27.76
2023-11-22 13:00,11,13,Weekday,Fall,Yes,71.96,73.04,26.67
2023-11-22 14:00,11,14,Weekday,Fall,Yes,72.59,73.06,27.6
2023-11-22 15:00,11,15,Weekday,Fall,Yes,73.04,73.08,31.54
2023-11-22 16:00,11,16,Weekday,Fall,Yes,72.41,72.43,36.94
2023-11-22 17:00,11,17,Weekday,Fall,Yes,68.5,72.97,42.01
2023-11-22 18:00,11,18,Weekday,Fall,No,63.08,72.47,35.59
2023-11-22 19:00,11,19,Weekday,Fall,No,59.2,72.56,30.36
2023-11-22 20:00,11,20,Weekday,Fall,No,53.93,71.47,24.08
2023-11-22 21:00,11,21,Weekday,Fall,No,50.45,70.61,24.44
2023-11-22 22:00,11,22,Weekday,Fall,No,49.37,71.01,25.58
2023-11-22 23:00,11,23,Weekday,Fall,No,48.92,71.33,22.98
2023-11-23 00:00,11,0,Weekday,Fall,No,49.55,71.98,15.05
2023-11-23 01:00,11,1,Weekday,Fall,No,47.69,71.47,14.7
2023-11-23 02:00,11,2,Weekday,Fall,No,45.41,70.29,25.29
2023-11-23 03:00,11,3,Weekday,Fall,No,45.59,70.03,12.92
2023-11-23 04:00,11,4,Weekday,Fall,No,45.41,70.23,14.2
2023-11-23 05:00,11,5,Weekday,Fall,No,46.11,70.72,17.39
2023-11-23 06:00,11,6,Weekday,Fall,No,48.1,71.36,17.31
2023-11-23 07:00,11,7,Weekday,Fall,No,48.92,70.67,18.93
2023-11-23 08:00,11,8,Weekday,Fall,Yes,50.7,69.63,11.23
2023-11-23 09:00,11,9,Weekday,Fall,Yes,56.7,71.21,17.26
2023-11-23 10:00,11,10,Weekday,Fall,Yes,61.24,70.69,27.39
2023-11-23 11:00,11,11,Weekday,Fall,Yes,64.37,72.04,22.41
2023-11-23 12:00,11,12,Weekday,Fall,Yes,67.8,72.22,36.55
2023-11-23 13:00,11,13,Weekday,Fall,Yes,69.6,72.14,20.08
2023-11-23 14:00,11,14,Weekday,Fall,Yes,71.14,72.33,30.2
2023-11-23 15:00,11,15,Weekday,Fall,Yes,70.28,72.87,26.29
2023-11-23 16:00,11,16,Weekday,Fall,Yes,67.3,72.73,32.17
2023-11-23 17:00,11,17,Weekday,Fall,Yes,64.24,72.18,32.75
2023-11-23 18:00,11,18,Weekday,Fall,No,61.8,73.26,25.16
2023-11-23 19:00,11,19,Weekday,Fall,No,59.82,71.98,32.47
2023-11-23 20:00,11,20,Weekday,Fall,No,57.22,72.05,26.68
2023-11-23 21:00,11,21,Weekday,Fall,No,53.1,71.97,32.83
2023-11-23 22:00,11,22,Weekday,Fall,No,51.6,70.93,32.53
2023-11-23 23:00,11,23,Weekday,Fall,No,50.2,71.29,26.53
2023-11-24 00:00,11,0,Weekday,Fall,No,47.76,71.46,9.05
2023-11-24 01:00,11,1,Weekday,Fall,No,45.78,70.29,18.62
2023-11-24 02:00,11,2,Weekday,Fall,No,43.8,69.74,5.34
2023-11-24 03:00,11,3,Weekday,Fall,No,41.82,70.5,15.78
2023-11-24 04:00,11,4,Weekday,Fall,No,41.0,69.73,6.94
2023-11-24 05:00,11,5,Weekday,Fall,No,40.37,70.46,12.29
2023-11-24 06:00,11,6,Weekday,Fall,No,38.76,69.43,6.6
2023-11-24 07:00,11,7,Weekday,Fall,No,39.1,69.12,7.37
2023-11-24 08:00,11,8,Weekday,Fall,Yes,45.17,69.65,15.98
2023-11-24 09:00,11,9,Weekday,Fall,Yes,51.86,69.79,13.45
2023-11-24 10:00,11,10,Weekday,Fall,Yes,57.53,71.01,24.15
2023-11-24 11:00,11,11,Weekday,Fall,Yes,62.92,71.19,27.18
2023-11-24 12:00,11,12,Weekday,Fall,Yes,66.72,71.96,25.58
2023-11-24 13:00,11,13,Weekday,Fall,Yes,68.63,73.8,28.38
2023-11-24 14:00,11,14,Weekday,Fall,Yes,69.6,72.37,28.4
2023-11-24 15:00,11,15,Weekday,Fall,Yes,69.98,72.1,26.26
2023-11-24 16:00,11,16,Weekday,Fall,Yes,68.82,72.88,27.66
2023-11-24 17:00,11,17,Weekday,Fall,Yes,64.54,72.55,38.2
2023-11-24 18:00,11,18,Weekday,Fall,No,60.28,72.06,29.25
2023-11-24 19:00,11,19,Weekday,Fall,No,56.06,72.88,24.28
2023-11-24 20:00,11,20,Weekday,Fall,No,52.28,71.2,24.02
2023-11-24 21:00,11,21,Weekday,Fall,No,49.82,71.26,24.43
2023-11-24 22:00,11,22,Weekday,Fall,No,47.76,70.51,22.44
2023-11-24 23:00,11,23,Weekday,Fall,No,45.78,70.56,18.63
2023-11-25 00:00,11,0,Weekend,Fall,No,43.28,70.44,12.39
2023-11-25 01:00,11,1,Weekend,Fall,No,42.08,70.72,9.29
2023-11-25 02:00,11,2,Weekend,Fall,No,43.24,70.49,10.54
2023-11-25 03:00,11,3,Weekend,Fall,No,44.58,70.49,13.94
2023-11-25 04:00,11,4,Weekend,Fall,No,43.8,71.22,12.16
2023-11-25 05:00,11,5,Weekend,Fall,No,42.98,69.81,10.6
2023-11-25 06:00,11,6,Weekend,Fall,No,43.61,69.56,13.52
2023-11-25 07:00,11,7,Weekend,Fall,No,45.22,69.81,10.04
2023-11-25 08:00,11,8,Weekend,Fall,No,48.35,70.7,7.73
2023-11-25 09:00,11,9,Weekend,Fall,No,54.62,71.74,13.21
2023-11-25 10:00,11,10,Weekend,Fall,No,63.17,72.69,20.11
2023-11-25 11:00,11,11,Weekend,Fall,No,68.7,73.9,25.45
2023-11-25 12:00,11,12,Weekend,Fall,No,71.14,73.87,26.01
2023-11-25 13:00,11,13,Weekend,Fall,No,73.12,73.2,35.27
2023-11-25 14:00,11,14,Weekend,Fall,No,73.42,73.97,30.89
2023-11-25 15:00,11,15,Weekend,Fall,No,70.1,73.49,26.77
2023-11-25 16:00,11,16,Weekend,Fall,No,66.84,72.04,32.18
2023-11-25 17:00,11,17,Weekend,Fall,No,61.3,72.11,30.88
2023-11-25 18:00,11,18,Weekend,Fall,No,56.76,72.48,35.2
2023-11-25 19:00,11,19,Weekend,Fall,No,54.78,72.45,32.9
2023-11-25 20:00,11,20,Weekend,Fall,No,52.28,71.89,27.25
2023-11-25 21:00,11,21,Weekend,Fall,No,50.45,70.63,21.64
2023-11-25 22:00,11,22,Weekend,Fall,No,49.37,70.86,19.24
2023-11-25 23:00,11,23,Weekend,Fall,No,46.08,70.37,20.78
2023-11-26 00:00,11,0,Weekend,Fall,No,43.43,70.48,13.29
2023-11-26 01:00,11,1,Weekend,Fall,No,41.82,69.54,7.8
2023-11-26 02:00,11,2,Weekend,Fall,No,39.22,69.61,12.56
2023-11-26 03:00,11,3,Weekend,Fall,No,36.26,69.69,0.0
2023-11-26 04:00,11,4,Weekend,Fall,No,35.06,68.96,9.2
2023-11-26 05:00,11,5,Weekend,Fall,No,34.43,69.53,8.3
2023-11-26 06:00,11,6,Weekend,Fall,No,33.46,68.28,6.39
2023-11-26 07:00,11,7,Weekend,Fall,No,33.6,68.43,0.0
2023-11-26 08:00,11,8,Weekend,Fall,No,38.08,68.41,10.03
2023-11-26 09:00,11,9,Weekend,Fall,No,45.1,70.59,11.46
2023-11-26 10:00,11,10,Weekend,Fall,No,50.33,71.64,12.73
2023-11-26 11:00,11,11,Weekend,Fall,No,53.14,71.71,10.92
2023-11-26 12:00,11,12,Weekend,Fall,No,55.74,70.88,9.04
2023-11-26 13:00,11,13,Weekend,Fall,No,58.18,72.41,19.26
2023-11-26 14:00,11,14,Weekend,Fall,No,59.0,71.92,13.14
2023-11-26 15:00,11,15,Weekend,Fall,No,59.0,72.36,18.77
2023-11-26 16:00,11,16,Weekend,Fall,No,57.85,71.9,19.42
2023-11-26 17:00,11,17,Weekend,Fall,No,54.71,72.99,27.26
2023-11-26 18:00,11,18,Weekend,Fall,No,51.28,71.7,27.45
2023-11-26 19:00,11,19,Weekend,Fall,No,49.37,70.52,20.92
2023-11-26 20:00,11,20,Weekend,Fall,No,46.08,70.67,17.99
2023-11-26 21:00,11,21,Weekend,Fall,No,42.9,69.74,20.26
2023-11-26 22:00,11,22,Weekend,Fall,No,41.45,69.36,22.14
2023-11-26 23:00,11,23,Weekend,Fall,No,38.69,69.87,22.5
2023-11-27 00:00,11,0,Weekday,Fall,No,35.88,68.64,8.13
2023-11-27 01:00,11,1,Weekday,Fall,No,33.9,68.45,3.25
2023-11-27 02:00,11,2,Weekday,Fall,No,33.08,68.42,0.0
2023-11-27 03:00,11,3,Weekday,Fall,No,32.45,68.72,8.39
2023-11-27 04:00,11,4,Weekday,Fall,No,32.0,68.25,1.12
2023-11-27 05:00,11,5,Weekday,Fall,No,33.78,68.36,0.0
2023-11-27 06:00,11,6,Weekday,Fall,No,34.43,69.9,4.79
2023-11-27 07:00,11,7,Weekday,Fall,No,33.98,68.21,7.76
2023-11-27 08:00,11,8,Weekday,Fall,Yes,38.7,68.98,3.26
2023-11-27 09:00,11,9,Weekday,Fall,Yes,45.54,69.79,14.05
2023-11-27 10:00,11,10,Weekday,Fall,Yes,53.27,70.82,15.38
2023-11-27 11:00,11,11,Weekday,Fall,Yes,59.33,70.87,26.38
2023-11-27 12:00,11,12,Weekday,Fall,Yes,62.76,72.15,26.93
2023-11-27 13:00,11,13,Weekday,Fall,Yes,65.19,72.88,24.7
2023-11-27 14:00,11,14,Weekday,Fall,Yes,66.02,71.8,26.96
2023-11-27 15:00,11,15,Weekday,Fall,Yes,66.02,72.38,30.8
2023-11-27 16:00,11,16,Weekday,Fall,Yes,65.39,72.19,24.82
2023-11-27 17:00,11,17,Weekday,Fall,Yes,59.69,72.2,29.53
2023-11-27 18:00,11,18,Weekday,Fall,No,54.26,71.17,25.23
2023-11-27 19:00,11,19,Weekday,Fall,No,50.12,71.12,22.71
2023-11-27 20:00,11,20,Weekday,Fall,No,48.02,71.2,27.43
2023-11-27 21:00,11,21,Weekday,Fall,No,48.54,71.0,22.17
2023-11-27 22:00,11,22,Weekday,Fall,No,47.24,71.03,19.98
2023-11-27 23:00,11,23,Weekday,Fall,No,44.26,69.62,25.6
2023-11-28 00:00,11,0,Weekday,Fall,No,42.46,70.42,7.91
2023-11-28 01:00,11,1,Weekday,Fall,No,40.82,69.65,3.37
2023-11-28 02:00,11,2,Weekday,Fall,No,40.55,69.0,17.7
2023-11-28 03:00,11,3,Weekday,Fall,No,41.0,70.31,7.25
2023-11-28 04:00,11,4,Weekday,Fall,No,41.0,69.94,6.85
2023-11-28 05:00,11,5,Weekday,Fall,No,42.78,69.79,13.0
2023-11-28 06:00,11,6,Weekday,Fall,No,43.43,70.49,17.09
2023-11-28 07:00,11,7,Weekday,Fall,No,43.61,69.69,5.69
2023-11-28 08:00,11,8,Weekday,Fall,Yes,46.9,70.11,12.57
2023-11-28 09:00,11,9,Weekday,Fall,Yes,53.02,70.97,11.53
2023-11-28 10:00,11,10,Weekday,Fall,Yes,58.36,70.38,19.0
2023-11-28 11:00,11,11,Weekday,Fall,Yes,63.54,70.86,27.98
2023-11-28 12:00,11,12,Weekday,Fall,Yes,68.33,71.99,26.45
2023-11-28 13:00,11,13,Weekday,Fall,Yes,69.98,73.35,25.37
2023-11-28 14:00,11,14,Weekday,Fall,Yes,70.61,72.55,22.04
2023-11-28 15:00,11,15,Weekday,Fall,Yes,71.06,73.62,22.65
2023-11-28 16:00,11,16,Weekday,Fall,Yes,69.9,72.97,26.35
2023-11-28 17:00,11,17,Weekday,Fall,Yes,64.98,71.48,40.79
2023-11-28 18:00,11,18,Weekday,Fall,No,61.43,72.32,30.13
2023-11-28 19:00,11,19,Weekday,Fall,No,58.04,72.0,24.5
2023-11-28 20:00,11,20,Weekday,Fall,No,54.26,71.49,31.35
2023-11-28 21:00,11,21,Weekday,Fall,No,50.64,70.53,22.2
2023-11-28 22:00,11,22,Weekday,Fall,No,47.24,70.21,23.75
2023-11-28 23:00,11,23,Weekday,Fall,No,43.1,69.95,14.6
2023-11-29 00:00,11,0,Weekday,Fall,No,41.63,69.85,6.58
2023-11-29 01:00,11,1,Weekday,Fall,No,41.45,70.21,3.14
2023-11-29 02:00,11,2,Weekday,Fall,No,39.84,69.37,9.74
2023-11-29 03:00,11,3,Weekday,Fall,No,41.33,69.99,7.87
2023-11-29 04:00,11,4,Weekday,Fall,No,41.2,70.05,10.14
2023-11-29 05:00,11,5,Weekday,Fall,No,38.76,69.32,11.86
2023-11-29 06:00,11,6,Weekday,Fall,No,36.78,68.56,6.01
2023-11-29 07:00,11,7,Weekday,Fall,No,36.59,69.52,7.1
2023-11-29 08:00,11,8,Weekday,Fall,Yes,42.82,68.63,8.86
2023-11-29 09:00,11,9,Weekday,Fall,Yes,50.51,70.0,22.85
2023-11-29 10:00,11,10,Weekday,Fall,Yes,55.37,70.81,15.44
2023-11-29 11:00,11,11,Weekday,Fall,Yes,58.8,72.06,23.56
2023-11-29 12:00,11,12,Weekday,Fall,Yes,59.45,71.37,18.09
2023-11-29 13:00,11,13,Weekday,Fall,Yes,60.78,72.05,19.98
2023-11-29 14:00,11,14,Weekday,Fall,Yes,60.9,71.71,22.32
2023-11-29 15:00,11,15,Weekday,Fall,Yes,58.82,71.5,26.64
2023-11-29 16:00,11,16,Weekday,Fall,Yes,57.4,70.79,14.29
2023-11-29 17:00,11,17,Weekday,Fall,Yes,55.24,70.84,26.75
2023-11-29 18:00,11,18,Weekday,Fall,No,52.8,70.62,34.75
2023-11-29 19:00,11,19,Weekday,Fall,No,51.98,70.97,25.74
2023-11-29 20:00,11,20,Weekday,Fall,No,49.04,70.82,30.85
2023-11-29 21:00,11,21,Weekday,Fall,No,46.42,70.5,18.21
2023-11-29 22:00,11,22,Weekday,Fall,No,45.41,70.04,21.66
2023-11-29 23:00,11,23,Weekday,Fall,No,43.8,69.54,14.92
2023-11-30 00:00,11,0,Weekday,Fall,No,42.46,71.08,7.63
2023-11-30 01:00,11,1,Weekday,Fall,No,40.3,69.37,0.0
2023-11-30 02:00,11,2,Weekday,Fall,No,38.39,70.24,8.96
2023-11-30 03:00,11,3,Weekday,Fall,No,36.26,68.58,3.58
2023-11-30 04:00,11,4,Weekday,Fall,No,35.06,69.25,7.46
2023-11-30 05:00,11,5,Weekday,Fall,No,33.9,69.44,7.79
2023-11-30 06:00,11,6,Weekday,Fall,No,33.6,68.42,5.1
2023-11-30 07:00,11,7,Weekday,Fall,No,34.61,68.79,4.47
2023-11-30 08:00,11,8,Weekday,Fall,Yes,39.16,69.32,5.63
2023-11-30 09:00,11,9,Weekday,Fall,Yes,46.07,69.43,9.78
2023-11-30 10:00,11,10,Weekday,Fall,Yes,52.49,69.93,16.78
2023-11-30 11:00,11,11,Weekday,Fall,Yes,57.35,70.93,21.72
2023-11-30 12:00,11,12,Weekday,Fall,Yes,60.16,71.18,14.46
2023-11-30 13:00,11,13,Weekday,Fall,Yes,61.61,71.86,18.32
2023-11-30 14:00,11,14,Weekday,Fall,Yes,62.58,71.82,20.53
2023-11-30 15:00,11,15,Weekday,Fall,Yes,62.44,71.72,15.14
2023-11-30 16:00,11,16,Weekday,Fall,Yes,60.9,71.81,27.53
2023-11-30 17:00,11,17,Weekday,Fall,Yes,57.14,71.64,33.76
2023-11-30 18:00,11,18,Weekday,Fall,No,53.88,71.39,30.61
2023-11-30 19:00,11,19,Weekday,Fall,No,53.06,71.54,33.0
2023-11-30 20:00,11,20,Weekday,Fall,No,49.49,70.2,32.35
2023-11-30 21:00,11,21,Weekday,Fall,No,46.0,71.26,21.92
2023-11-30 22:00,11,22,Weekday,Fall,No,44.27,70.12,22.29
2023-11-30 23:00,11,23,Weekday,Fall,No,42.58,69.86,14.98
2023-12-01 00:00,12,0,Weekday,Winter,No,40.85,70.25,6.57
2023-12-01 01:00,12,1,Weekday,Winter,No,39.16,68.46,10.23
2023-12-01 02:00,12,2,Weekday,Winter,No,37.43,69.07,6.21
2023-12-01 03:00,12,3,Weekday,Winter,No,35.74,68.65,0.0
2023-12-01 04:00,12,4,Weekday,Winter,No,35.06,69.23,3.5
2023-12-01 05:00,12,5,Weekday,Winter,No,35.06,68.87,0.24
2023-12-01 06:00,12,6,Weekday,Winter,No,33.9,69.05,7.02
2023-12-01 07:00,12,7,Weekday,Winter,No,34.76,69.29,0.0
2023-12-01 08:00,12,8,Weekday,Winter,Yes,38.27,68.59,5.77
2023-12-01 09:00,12,9,Weekday,Winter,Yes,42.86,69.08,6.26
2023-12-01 10:00,12,10,Weekday,Winter,Yes,49.06,70.26,16.08
2023-12-01 11:00,12,11,Weekday,Winter,Yes,54.29,70.98,10.09
2023-12-01 12:00,12,12,Weekday,Winter,Yes,58.88,70.72,20.9
2023-12-01 13:00,12,13,Weekday,Winter,Yes,62.14,71.64,23.46
2023-12-01 14:00,12,14,Weekday,Winter,Yes,62.96,71.42,27.1
2023-12-01 15:00,12,15,Weekday,Winter,Yes,62.96,72.22,30.91
2023-12-01 16:00,12,16,Weekday,Winter,Yes,60.65,70.53,18.73
2023-12-01 17:00,12,17,Weekday,Winter,Yes,56.06,70.58,26.56
2023-12-01 18:00,12,18,Weekday,Winter,No,51.65,72.18,21.16
2023-12-01 19:00,12,19,Weekday,Winter,No,48.22,70.04,22.12
2023-12-01 20:00,12,20,Weekday,Winter,No,44.1,70.18,26.34
2023-12-01 21:00,12,21,Weekday,Winter,No,39.66,69.72,15.54
2023-12-01 22:00,12,22,Weekday,Winter,No,37.94,69.62,11.51
2023-12-01 23:00,12,23,Weekday,Winter,No,36.26,69.93,12.48
2023-12-02 00:00,12,0,Weekend,Winter,No,35.06,69.26,1.64
2023-12-02 01:00,12,1,Weekend,Winter,No,34.43,68.85,5.46
2023-12-02 02:00,12,2,Weekend,Winter,No,32.83,69.78,4.48
2023-12-02 03:00,12,3,Weekend,Winter,No,32.0,68.52,3.83
2023-12-02 04:00,12,4,Weekend,Winter,No,31.37,68.52,1.53
2023-12-02 05:00,12,5,Weekend,Winter,No,31.55,68.56,3.77
2023-12-02 06:00,12,6,Weekend,Winter,No,30.84,68.45,2.79
2023-12-02 07:00,12,7,Weekend,Winter,No,31.8,68.67,2.48
2023-12-02 08:00,12,8,Weekend,Winter,No,37.7,69.36,2.33
2023-12-02 09:00,12,9,Weekend,Winter,No,45.1,70.52,16.01
2023-12-02 10:00,12,10,Weekend,Winter,No,50.96,70.87,19.52
2023-12-02 11:00,12,11,Weekend,Winter,No,55.9,71.48,19.39
2023-12-02 12:00,12,12,Weekend,Winter,No,60.34,71.83,15.28
2023-12-02 13:00,12,13,Weekend,Winter,No,63.22,72.14,21.49
2023-12-02 14:00,12,14,Weekend,Winter,No,65.19,73.56,21.68
2023-12-02 15:00,12,15,Weekend,Winter,No,65.39,73.22,27.41
2023-12-02 16:00,12,16,Weekend,Winter,No,62.63,72.29,24.85
2023-12-02 17:00,12,17,Weekend,Winter,No,58.04,71.88,32.65
2023-12-02 18:00,12,18,Weekend,Winter,No,54.26,71.63,31.52
2023-12-02 19:00,12,19,Weekend,Winter,No,53.06,71.66,32.36
2023-12-02 20:00,12,20,Weekend,Winter,No,49.49,70.63,19.68
2023-12-02 21:00,12,21,Weekend,Winter,No,45.26,70.2,21.78
2023-12-02 22:00,12,22,Weekend,Winter,No,42.28,69.69,21.89
2023-12-02 23:00,12,23,Weekend,Winter,No,39.84,69.75,17.3
2023-12-03 00:00,12,0,Weekend,Winter,No,38.39,69.4,10.45
2023-12-03 01:00,12,1,Weekend,Winter,No,36.26,70.06,3.72
2023-12-03 02:00,12,2,Weekend,Winter,No,35.06,68.99,3.54
2023-12-03 03:00,12,3,Weekend,Winter,No,35.06,68.64,11.23
2023-12-03 04:00,12,4,Weekend,Winter,No,36.22,69.32,10.45
2023-12-03 05:00,12,5,Weekend,Winter,No,37.56,68.81,10.55
2023-12-03 06:00,12,6,Weekend,Winter,No,35.63,69.23,6.9
2023-12-03 07:00,12,7,Weekend,Winter,No,36.29,68.88,11.15
2023-12-03 08:00,12,8,Weekend,Winter,No,42.04,70.47,0.51
2023-12-03 09:00,12,9,Weekend,Winter,No,48.53,70.91,6.06
2023-12-03 10:00,12,10,Weekend,Winter,No,55.7,72.34,12.9
2023-12-03 11:00,12,11,Weekend,Winter,No,61.31,73.1,21.74
2023-12-03 12:00,12,12,Weekend,Winter,No,65.27,72.46,22.88
2023-12-03 13:00,12,13,Weekend,Winter,No,67.55,73.41,25.35
2023-12-03 14:00,12,14,Weekend,Winter,No,67.37,73.38,26.75
2023-12-03 15:00,12,15,Weekend,Winter,No,66.92,73.37,31.02
2023-12-03 16:00,12,16,Weekend,Winter,No,65.24,73.18,23.65
2023-12-03 17:00,12,17,Weekend,Winter,No,60.47,72.65,31.88
2023-12-03 18:00,12,18,Weekend,Winter,No,57.4,72.18,31.57
2023-12-03 19:00,12,19,Weekend,Winter,No,55.24,71.05,25.75
2023-12-03 20:00,12,20,Weekend,Winter,No,53.96,71.58,24.85
2023-12-03 21:00,12,21,Weekend,Winter,No,51.65,71.25,27.07
2023-12-03 22:00,12,22,Weekend,Winter,No,49.37,70.91,21.73
2023-12-03 23:00,12,23,Weekend,Winter,No,48.4,69.96,21.91
2023-12-04 00:00,12,0,Weekday,Winter,No,47.39,70.99,17.22
2023-12-04 01:00,12,1,Weekday,Winter,No,46.94,71.06,6.16
2023-12-04 02:00,12,2,Weekday,Winter,No,45.78,70.47,10.13
2023-12-04 03:00,12,3,Weekday,Winter,No,43.8,70.45,7.98
2023-12-04 04:00,12,4,Weekday,Winter,No,44.76,70.41,16.07
2023-12-04 05:00,12,5,Weekday,Winter,No,47.2,70.09,5.79
2023-12-04 06:00,12,6,Weekday,Winter,No,49.18,71.02,18.15
2023-12-04 07:00,12,7,Weekday,Winter,No,49.37,70.9,11.86
2023-12-04 08:00,12,8,Weekday,Winter,Yes,50.18,70.4,16.2
2023-12-04 09:00,12,9,Weekday,Winter,Yes,48.66,70.61,10.42
2023-12-04 10:00,12,10,Weekday,Winter,Yes,46.42,70.08,13.72
2023-12-04 11:00,12,11,Weekday,Winter,Yes,46.04,70.21,12.4
2023-12-04 12:00,12,12,Weekday,Winter,Yes,46.04,69.61,7.34
2023-12-04 13:00,12,13,Weekday,Winter,Yes,47.72,70.76,14.27
2023-12-04 14:00,12,14,Weekday,Winter,Yes,48.92,70.32,10.71
2023-12-04 15:00,12,15,Weekday,Winter,Yes,47.24,69.63,5.42
2023-12-04 16:00,12,16,Weekday,Winter,Yes,45.41,70.07,14.01
2023-12-04 17:00,12,17,Weekday,Winter,Yes,44.44,69.28,11.51
2023-12-04 18:00,12,18,Weekday,Winter,No,44.58,70.1,16.54
2023-12-04 19:00,12,19,Weekday,Winter,No,45.59,70.37,12.84
2023-12-04 20:00,12,20,Weekday,Winter,No,46.04,70.91,24.54
2023-12-04 21:00,12,21,Weekday,Winter,No,46.56,70.2,19.3
2023-12-04 22:00,12,22,Weekday,Winter,No,45.78,70.56,23.38
2023-12-04 23:00,12,23,Weekday,Winter,No,44.44,70.78,12.44
2023-12-05 00:00,12,0,Weekday,Winter,No,42.9,69.77,13.89
2023-12-05 01:00,12,1,Weekday,Winter,No,42.08,70.33,9.55
2023-12-05 02:00,12,2,Weekday,Winter,No,41.45,69.95,2.19
2023-12-05 03:00,12,3,Weekday,Winter,No,41.0,70.43,13.36
2023-12-05 04:00,12,4,Weekday,Winter,No,40.37,69.8,4.95
2023-12-05 05:00,12,5,Weekday,Winter,No,39.92,69.26,12.22
2023-12-05 06:00,12,6,Weekday,Winter,No,40.55,69.06,12.12
2023-12-05 07:00,12,7,Weekday,Winter,No,42.78,70.19,8.02
2023-12-05 08:00,12,8,Weekday,Winter,Yes,44.58,69.83,5.04
2023-12-05 09:00,12,9,Weekday,Winter,Yes,47.27,70.21,4.86
2023-12-05 10:00,12,10,Weekday,Winter,Yes,50.18,70.24,7.62
2023-12-05 11:00,12,11,Weekday,Winter,Yes,52.24,70.28,18.54
2023-12-05 12:00,12,12,Weekday,Winter,Yes,53.58,70.05,20.94
2023-12-05 13:00,12,13,Weekday,Winter,Yes,54.59,70.11,18.26
2023-12-05 14:00,12,14,Weekday,Winter,Yes,55.57,70.9,19.17
2023-12-05 15:00,12,15,Weekday,Winter,Yes,55.94,71.26,11.67
2023-12-05 16:00,12,16,Weekday,Winter,Yes,55.42,70.88,13.59
2023-12-05 17:00,12,17,Weekday,Winter,Yes,53.88,70.86,34.5
2023-12-05 18:00,12,18,Weekday,Winter,No,53.58,71.12,31.45
2023-12-05 19:00,12,19,Weekday,Winter,No,53.43,71.58,24.78
2023-12-05 20:00,12,20,Weekday,Winter,No,53.06,70.76,28.26
2023-12-05 21:00,12,21,Weekday,Winter,No,53.58,72.01,24.87
2023-12-05 22:00,12,22,Weekday,Winter,No,52.8,70.91,26.36
2023-12-05 23:00,12,23,Weekday,Winter,No,49.04,70.74,21.96
2023-12-06 00:00,12,0,Weekday,Winter,No,44.1,70.03,9.48
2023-12-06 01:00,12,1,Weekday,Winter,No,41.45,69.32,7.66
2023-12-06 02:00,12,2,Weekday,Winter,No,41.63,69.51,12.53
2023-12-06 03:00,12,3,Weekday,Winter,No,42.08,69.78,11.52
2023-12-06 04:00,12,4,Weekday,Winter,No,40.82,69.95,7.12
2023-12-06 05:00,12,5,Weekday,Winter,No,40.55,68.97,11.98
2023-12-06 06:00,12,6,Weekday,Winter,No,41.63,69.83,13.38
2023-12-06 07:00,12,7,Weekday,Winter,No,42.6,70.27,17.45
2023-12-06 08:00,12,8,Weekday,Winter,Yes,42.98,69.06,13.0
2023-12-06 09:00,12,9,Weekday,Winter,Yes,44.76,68.84,9.81
2023-12-06 10:00,12,10,Weekday,Winter,Yes,46.04,70.22,1.49
2023-12-06 11:00,12,11,Weekday,Winter,Yes,46.56,69.81,3.03
2023-12-06 12:00,12,12,Weekday,Winter,Yes,47.57,70.25,8.74
2023-12-06 13:00,12,13,Weekday,Winter,Yes,48.54,69.68,26.92
2023-12-06 14:00,12,14,Weekday,Winter,Yes,49.55,69.85,18.29
2023-12-06 15:00,12,15,Weekday,Winter,Yes,50.0,70.74,12.0
2023-12-06 16:00,12,16,Weekday,Winter,Yes,50.0,70.41,18.45
2023-12-06 17:00,12,17,Weekday,Winter,Yes,49.37,69.57,26.05
2023-12-06 18:00,12,18,Weekday,Winter,No,47.76,69.88,24.77
2023-12-06 19:00,12,19,Weekday,Winter,No,45.78,70.72,21.32
2023-12-06 20:00,12,20,Weekday,Winter,No,44.44,70.3,15.57
2023-12-06 21:00,12,21,Weekday,Winter,No,43.43,70.38,22.61
2023-12-06 22:00,12,22,Weekday,Winter,No,42.46,69.9,9.89
2023-12-06 23:00,12,23,Weekday,Winter,No,41.45,69.9,23.58
2023-12-07 00:00,12,0,Weekday,Winter,No,41.0,70.04,9.41
2023-12-07 01:00,12,1,Weekday,Winter,No,39.84,69.96,2.51
2023-12-07 02:00,12,2,Weekday,Winter,No,37.86,70.48,6.82
2023-12-07 03:00,12,3,Weekday,Winter,No,37.04,69.03,4.6
2023-12-07 04:00,12,4,Weekday,Winter,No,37.04,68.43,13.27
2023-12-07 05:00,12,5,Weekday,Winter,No,36.41,69.22,4.37
2023-12-07 06:00,12,6,Weekday,Winter,No,35.96,68.61,13.32
2023-12-07 07:00,12,7,Weekday,Winter,No,37.12,69.24,11.53
2023-12-07 08:00,12,8,Weekday,Winter,Yes,39.72,68.58,1.97
2023-12-07 09:00,12,9,Weekday,Winter,Yes,43.31,69.62,7.65
2023-12-07 10:00,12,10,Weekday,Winter,Yes,49.68,69.73,11.22
2023-12-07 11:00,12,11,Weekday,Winter,Yes,54.22,70.43,21.98
2023-12-07 12:00,12,12,Weekday,Winter,Yes,55.57,70.66,15.03
2023-12-07 13:00,12,13,Weekday,Winter,Yes,56.57,69.75,17.45
2023-12-07 14:00,12,14,Weekday,Winter,Yes,57.02,70.83,24.78
2023-12-07 15:00,12,15,Weekday,Winter,Yes,57.02,71.65,16.5
2023-12-07 16:00,12,16,Weekday,Winter,Yes,55.86,70.71,18.03
2023-12-07 17:00,12,17,Weekday,Winter,Yes,53.88,71.02,33.69
2023-12-07 18:00,12,18,Weekday,Winter,No,51.9,70.68,21.98
2023-12-07 19:00,12,19,Weekday,Winter,No,49.82,71.15,27.48
2023-12-07 20:00,12,20,Weekday,Winter,No,47.24,71.49,33.05
2023-12-07 21:00,12,21,Weekday,Winter,No,44.89,71.29,21.6
2023-12-07 22:00,12,22,Weekday,Winter,No,43.43,69.54,13.7
2023-12-07 23:00,12,23,Weekday,Winter,No,41.82,69.59,24.51
2023-12-08 00:00,12,0,Weekday,Winter,No,41.0,69.2,0.0
2023-12-08 01:00,12,1,Weekday,Winter,No,40.37,69.66,5.09
2023-12-08 02:00,12,2,Weekday,Winter,No,39.4,69.61,11.21
2023-12-08 03:00,12,3,Weekday,Winter,No,38.39,70.03,12.18
2023-12-08 04:00,12,4,Weekday,Winter,No,37.94,69.58,9.13
2023-12-08 05:00,12,5,Weekday,Winter,No,37.94,68.93,0.01
2023-12-08 06:00,12,6,Weekday,Winter,No,37.94,69.03,7.98
2023-12-08 07:00,12,7,Weekday,Winter,No,39.1,69.54,3.9
2023-12-08 08:00,12,8,Weekday,Winter,Yes,42.86,68.68,10.94
2023-12-08 09:00,12,9,Weekday,Winter,Yes,47.27,70.17,15.4
2023-12-08 10:00,12,10,Weekday,Winter,Yes,50.7,70.86,13.83
2023-12-08 11:00,12,11,Weekday,Winter,Yes,53.76,70.97,16.26
2023-12-08 12:00,12,12,Weekday,Winter,Yes,56.72,70.58,20.33
2023-12-08 13:00,12,13,Weekday,Winter,Yes,58.55,71.49,15.28
2023-12-08 14:00,12,14,Weekday,Winter,Yes,59.0,70.57,22.42
2023-12-08 15:00,12,15,Weekday,Winter,Yes,59.63,70.9,14.59
2023-12-08 16:00,12,16,Weekday,Winter,Yes,58.82,71.91,16.28
2023-12-08 17:00,12,17,Weekday,Winter,Yes,56.76,71.65,34.32
2023-12-08 18:00,12,18,Weekday,Winter,No,54.26,72.09,28.36
2023-12-08 19:00,12,19,Weekday,Winter,No,52.43,71.04,22.35
2023-12-08 20:00,12,20,Weekday,Winter,No,49.67,71.53,25.31
2023-12-08 21:00,12,21,Weekday,Winter,No,46.86,70.73,24.28
2023-12-08 22:00,12,22,Weekday,Winter,No,46.04,70.1,18.14
2023-12-08 23:00,12,23,Weekday,Winter,No,44.89,69.89,18.43
2023-12-09 00:00,12,0,Weekend,Winter,No,43.43,70.51,17.59
2023-12-09 01:00,12,1,Weekend,Winter,No,42.46,69.64,13.15
2023-12-09 02:00,12,2,Weekend,Winter,No,41.45,70.25,8.31
2023-12-09 03:00,12,3,Weekend,Winter,No,41.0,69.08,8.98
2023-12-09 04:00,12,4,Weekend,Winter,No,39.84,69.78,7.54
2023-12-09 05:00,12,5,Weekend,Winter,No,39.02,69.56,9.49
2023-12-09 06:00,12,6,Weekend,Winter,No,39.02,69.32,6.44
2023-12-09 07:00,12,7,Weekend,Winter,No,39.54,69.41,9.03
2023-12-09 08:00,12,8,Weekend,Winter,No,41.7,69.96,3.53
2023-12-09 09:00,12,9,Weekend,Winter,No,45.92,70.27,13.97
2023-12-09 10:00,12,10,Weekend,Winter,No,50.96,70.75,8.1
2023-12-09 11:00,12,11,Weekend,Winter,No,55.37,72.18,16.16
2023-12-09 12:00,12,12,Weekend,Winter,No,58.18,71.88,20.33
2023-12-09 13:00,12,13,Weekend,Winter,No,60.16,71.93,22.46
2023-12-09 14:00,12,14,Weekend,Winter,No,61.61,73.2,23.37
2023-12-09 15:00,12,15,Weekend,Winter,No,62.58,72.83,20.95
2023-12-09 16:00,12,16,Weekend,Winter,No,61.28,71.87,28.31
2023-12-09 17:00,12,17,Weekend,Winter,No,57.66,72.21,25.58
2023-12-09 18:00,12,18,Weekend,Winter,No,54.26,70.64,24.32
2023-12-09 19:00,12,19,Weekend,Winter,No,51.9,70.79,29.17
2023-12-09 20:00,12,20,Weekend,Winter,No,51.08,71.44,27.99
2023-12-09 21:00,12,21,Weekend,Winter,No,49.82,70.35,27.41
2023-12-09 22:00,12,22,Weekend,Winter,No,47.24,70.99,21.46
2023-12-09 23:00,12,23,Weekend,Winter,No,46.04,70.26,16.95
2023-12-10 00:00,12,0,Weekend,Winter,No,44.26,70.34,14.7
2023-12-10 01:00,12,1,Weekend,Winter,No,42.46,70.2,18.39
2023-12-10 02:00,12,2,Weekend,Winter,No,42.6,69.78,11.85
2023-12-10 03:00,12,3,Weekend,Winter,No,42.46,69.44,10.15
2023-12-10 04:00,12,4,Weekend,Winter,No,42.08,70.2,14.47
2023-12-10 05:00,12,5,Weekend,Winter,No,42.08,69.58,10.45
2023-12-10 06:00,12,6,Weekend,Winter,No,42.6,69.98,11.75
2023-12-10 07:00,12,7,Weekend,Winter,No,42.98,70.4,2.97
2023-12-10 08:00,12,8,Weekend,Winter,No,44.14,70.07,5.92
2023-12-10 09:00,12,9,Weekend,Winter,No,49.06,70.37,20.4
2023-12-10 10:00,12,10,Weekend,Winter,No,55.44,71.42,22.63
2023-12-10 11:00,12,11,Weekend,Winter,No,63.17,72.31,26.55
2023-12-10 12:00,12,12,Weekend,Winter,No,68.18,73.44,32.02
2023-12-10 13:00,12,13,Weekend,Winter,No,72.54,74.18,37.07
2023-12-10 14:00,12,14,Weekend,Winter,No,75.54,75.16,31.79
2023-12-10 15:00,12,15,Weekend,Winter,No,74.24,73.46,33.04
2023-12-10 16:00,12,16,Weekend,Winter,No,71.88,74.16,31.47
2023-12-10 17:00,12,17,Weekend,Winter,No,68.12,72.94,45.77
2023-12-10 18:00,12,18,Weekend,Winter,No,63.71,72.35,40.14
2023-12-10 19:00,12,19,Weekend,Winter,No,60.9,71.9,30.6
2023-12-10 20:00,12,20,Weekend,Winter,No,60.08,72.03,30.27
2023-12-10 21:00,12,21,Weekend,Winter,No,60.6,71.27,32.94
2023-12-10 22:00,12,22,Weekend,Winter,No,61.61,72.09,37.0
2023-12-10 23:00,12,23,Weekend,Winter,No,60.28,71.62,28.89
2023-12-11 00:00,12,0,Weekday,Winter,No,60.78,71.98,23.97
2023-12-11 01:00,12,1,Weekday,Winter,No,61.43,72.57,18.31
2023-12-11 02:00,12,2,Weekday,Winter,No,59.82,72.73,26.3
2023-12-11 03:00,12,3,Weekday,Winter,No,58.37,71.13,20.64
2023-12-11 04:00,12,4,Weekday,Winter,No,56.76,71.58,16.35
2023-12-11 05:00,12,5,Weekday,Winter,No,53.63,70.43,17.53
2023-12-11 06:00,12,6,Weekday,Winter,No,50.82,70.6,11.05
2023-12-11 07:00,12,7,Weekday,Winter,No,50.0,70.03,11.92
2023-12-11 08:00,12,8,Weekday,Winter,Yes,53.46,71.19,21.58
2023-12-11 09:00,12,9,Weekday,Winter,Yes,59.51,71.07,18.67
2023-12-11 10:00,12,10,Weekday,Winter,Yes,64.9,71.47,25.07
2023-12-11 11:00,12,11,Weekday,Winter,Yes,69.34,73.13,34.54
2023-12-11 12:00,12,12,Weekday,Winter,Yes,72.74,73.42,33.0
2023-12-11 13:00,12,13,Weekday,Winter,Yes,75.72,73.23,35.47
2023-12-11 14:00,12,14,Weekday,Winter,Yes,77.63,74.51,31.16
2023-12-11 15:00,12,15,Weekday,Winter,Yes,78.6,73.94,37.91
2023-12-11 16:00,12,16,Weekday,Winter,Yes,77.82,73.95,30.38
2023-12-11 17:00,12,17,Weekday,Winter,Yes,71.75,73.5,44.71
2023-12-11 18:00,12,18,Weekday,Winter,No,65.69,73.38,42.72
2023-12-11 19:00,12,19,Weekday,Winter,No,61.1,73.38,32.69
2023-12-11 20:00,12,20,Weekday,Winter,No,57.22,71.05,28.78
2023-12-11 21:00,12,21,Weekday,Winter,No,54.26,71.21,19.67
2023-12-11 22:00,12,22,Weekday,Winter,No,51.9,70.75,23.63
2023-12-11 23:00,12,23,Weekday,Winter,No,51.08,71.76,27.88
2023-12-12 00:00,12,0,Weekday,Winter,No,50.45,70.82,22.19
2023-12-12 01:00,12,1,Weekday,Winter,No,50.0,70.53,13.19
2023-12-12 02:00,12,2,Weekday,Winter,No,50.0,70.28,9.18
2023-12-12 03:00,12,3,Weekday,Winter,No,49.37,70.62,11.42
2023-12-12 04:00,12,4,Weekday,Winter,No,48.4,69.91,13.9
2023-12-12 05:00,12,5,Weekday,Winter,No,48.02,70.41,25.37
2023-12-12 06:00,12,6,Weekday,Winter,No,47.39,70.61,8.05
2023-12-12 07:00,12,7,Weekday,Winter,No,48.1,70.68,14.89
2023-12-12 08:00,12,8,Weekday,Winter,Yes,52.49,71.03,16.74
2023-12-12 09:00,12,9,Weekday,Winter,Yes,59.66,70.89,15.45
2023-12-12 10:00,12,10,Weekday,Winter,Yes,66.53,73.01,31.49
2023-12-12 11:00,12,11,Weekday,Winter,Yes,70.76,72.08,29.63
2023-12-12 12:00,12,12,Weekday,Winter,Yes,74.27,73.92,32.05
2023-12-12 13:00,12,13,Weekday,Winter,Yes,76.55,74.51,30.48
2023-12-12 14:00,12,14,Weekday,Winter,Yes,78.16,73.84,33.16
2023-12-12 15:00,12,15,Weekday,Winter,Yes,78.46,73.53,34.8
2023-12-12 16:00,12,16,Weekday,Winter,Yes,76.82,74.2,38.24
2023-12-12 17:00,12,17,Weekday,Winter,Yes,73.08,73.84,44.55
2023-12-12 18:00,12,18,Weekday,Winter,No,68.12,73.81,43.92
2023-12-12 19:00,12,19,Weekday,Winter,No,62.55,71.74,32.02
2023-12-12 20:00,12,20,Weekday,Winter,No,56.51,72.38,26.61
2023-12-12 21:00,12,21,Weekday,Winter,No,52.8,71.98,28.64
2023-12-12 22:00,12,22,Weekday,Winter,No,52.61,71.23,27.67
2023-12-12 23:00,12,23,Weekday,Winter,No,53.58,71.7,26.23
2023-12-13 00:00,12,0,Weekday,Winter,No,52.28,71.42,10.52
2023-12-13 01:00,12,1,Weekday,Winter,No,51.6,70.97,26.01
2023-12-13 02:00,12,2,Weekday,Winter,No,52.61,71.59,13.53
2023-12-13 03:00,12,3,Weekday,Winter,No,50.64,70.76,13.92
2023-12-13 04:00,12,4,Weekday,Winter,No,49.55,71.2,17.83
2023-12-13 05:00,12,5,Weekday,Winter,No,49.37,71.08,5.12
2023-12-13 06:00,12,6,Weekday,Winter,No,47.76,70.88,14.98
2023-12-13 07:00,12,7,Weekday,Winter,No,47.57,70.29,12.1
2023-12-13 08:00,12,8,Weekday,Winter,Yes,51.48,70.19,16.34
2023-12-13 09:00,12,9,Weekday,Winter,Yes,57.53,71.85,18.07
2023-12-13 10:00,12,10,Weekday,Winter,Yes,62.92,72.23,18.34
2023-12-13 11:00,12,11,Weekday,Winter,Yes,67.88,72.04,24.54
2023-12-13 12:00,12,12,Weekday,Winter,Yes,71.76,72.87,28.42
2023-12-13 13:00,12,13,Weekday,Winter,Yes,74.72,72.86,35.21
2023-12-13 14:00,12,14,Weekday,Winter,Yes,76.55,74.29,29.78
2023-12-13 15:00,12,15,Weekday,Winter,Yes,76.37,73.53,27.73
2023-12-13 16:00,12,16,Weekday,Winter,Yes,74.24,73.32,32.23
2023-12-13 17:00,12,17,Weekday,Winter,Yes,70.73,72.98,45.91
2023-12-13 18:00,12,18,Weekday,Winter,No,66.14,73.53,38.48
2023-12-13 19:00,12,19,Weekday,Winter,No,61.73,72.1,34.85
2023-12-13 20:00,12,20,Weekday,Winter,No,58.82,72.37,39.88
2023-12-13 21:00,12,21,Weekday,Winter,No,57.4,72.52,32.86
2023-12-13 22:00,12,22,Weekday,Winter,No,59.33,72.25,35.38
2023-12-13 23:00,12,23,Weekday,Winter,No,60.46,71.9,32.83
2023-12-14 00:00,12,0,Weekday,Winter,No,60.08,72.4,26.82
2023-12-14 01:00,12,1,Weekday,Winter,No,58.3,71.9,19.99
2023-12-14 02:00,12,2,Weekday,Winter,No,57.02,72.71,20.94
2023-12-14 03:00,12,3,Weekday,Winter,No,55.86,71.6,19.54
2023-12-14 04:00,12,4,Weekday,Winter,No,55.04,71.55,12.55
2023-12-14 05:00,12,5,Weekday,Winter,No,54.41,70.98,14.2
2023-12-14 06:00,12,6,Weekday,Winter,No,52.28,70.94,8.29
2023-12-14 07:00,12,7,Weekday,Winter,No,51.6,71.61,14.95
2023-12-14 08:00,12,8,Weekday,Winter,Yes,54.92,70.1,23.22
2023-12-14 09:00,12,9,Weekday,Winter,Yes,58.18,71.57,15.25
2023-12-14 10:00,12,10,Weekday,Winter,Yes,59.63,71.73,25.36
2023-12-14 11:00,12,11,Weekday,Winter,Yes,61.76,72.47,21.65
2023-12-14 12:00,12,12,Weekday,Winter,Yes,63.59,71.36,22.62
2023-12-14 13:00,12,13,Weekday,Winter,Yes,65.19,72.48,21.59
2023-12-14 14:00,12,14,Weekday,Winter,Yes,66.02,72.57,24.26
2023-12-14 15:00,12,15,Weekday,Winter,Yes,65.39,73.06,23.61
2023-12-14 16:00,12,16,Weekday,Winter,Yes,64.41,71.34,30.43
2023-12-14 17:00,12,17,Weekday,Winter,Yes,62.26,71.86,32.85
2023-12-14 18:00,12,18,Weekday,Winter,No,59.2,71.67,34.98
2023-12-14 19:00,12,19,Weekday,Winter,No,57.4,71.3,24.83
2023-12-14 20:00,12,20,Weekday,Winter,No,55.86,71.86,34.1
2023-12-14 21:00,12,21,Weekday,Winter,No,55.04,71.88,25.17
2023-12-14 22:00,12,22,Weekday,Winter,No,53.88,70.93,22.51
2023-12-14 23:00,12,23,Weekday,Winter,No,53.58,71.46,32.2
2023-12-15 00:00,12,0,Weekday,Winter,No,53.96,72.1,14.49
2023-12-15 01:00,12,1,Weekday,Winter,No,52.8,70.27,17.46
2023-12-15 02:00,12,2,Weekday,Winter,No,51.98,72.06,18.61
2023-12-15 03:00,12,3,Weekday,Winter,No,50.82,70.58,13.77
2023-12-15 04:00,12,4,Weekday,Winter,No,50.0,70.86,18.39
2023-12-15 05:00,12,5,Weekday,Winter,No,48.84,71.31,6.2
2023-12-15 06:00,12,6,Weekday,Winter,No,47.39,70.82,19.27
2023-12-15 07:00,12,7,Weekday,Winter,No,46.94,70.91,16.14
2023-12-15 08:00,12,8,Weekday,Winter,Yes,49.88,70.05,11.2
2023-12-15 09:00,12,9,Weekday,Winter,Yes,54.92,71.61,17.94
2023-12-15 10:00,12,10,Weekday,Winter,Yes,57.02,71.47,17.08
2023-12-15 11:00,12,11,Weekday,Winter,Yes,59.96,71.84,19.43
2023-12-15 12:00,12,12,Weekday,Winter,Yes,63.74,71.27,25.47
2023-12-15 13:00,12,13,Weekday,Winter,Yes,65.57,71.79,28.84
2023-12-15 14:00,12,14,Weekday,Winter,Yes,66.54,72.38,31.25
2023-12-15 15:00,12,15,Weekday,Winter,Yes,66.92,72.94,26.72
2023-12-15 16:00,12,16,Weekday,Winter,Yes,65.24,71.75,26.85
2023-12-15 17:00,12,17,Weekday,Winter,Yes,61.73,72.16,32.13
2023-12-15 18:00,12,18,Weekday,Winter,No,58.3,71.53,29.45
2023-12-15 19:00,12,19,Weekday,Winter,No,54.08,71.11,33.4
2023-12-15 20:00,12,20,Weekday,Winter,No,50.82,71.04,29.01
2023-12-15 21:00,12,21,Weekday,Winter,No,48.84,71.11,33.52
2023-12-15 22:00,12,22,Weekday,Winter,No,48.02,70.95,23.39
2023-12-15 23:00,12,23,Weekday,Winter,No,45.71,70.99,23.52
2023-12-16 00:00,12,0,Weekend,Winter,No,42.9,70.38,6.76
2023-12-16 01:00,12,1,Weekend,Winter,No,42.08,70.69,12.3
2023-12-16 02:00,12,2,Weekend,Winter,No,40.82,69.55,14.63
2023-12-16 03:00,12,3,Weekend,Winter,No,38.24,70.33,8.6
2023-12-16 04:00,12,4,Weekend,Winter,No,37.04,69.14,4.62
2023-12-16 05:00,12,5,Weekend,Winter,No,37.56,69.19,0.0
2023-12-16 06:00,12,6,Weekend,Winter,No,37.42,69.74,5.41
2023-12-16 07:00,12,7,Weekend,Winter,No,37.04,69.86,0.0
2023-12-16 08:00,12,8,Weekend,Winter,No,42.29,69.98,10.67
2023-12-16 09:00,12,9,Weekend,Winter,No,48.98,71.06,11.05
2023-12-16 10:00,12,10,Weekend,Winter,No,52.76,71.39,14.16
2023-12-16 11:00,12,11,Weekend,Winter,No,58.06,71.49,19.92
2023-12-16 12:00,12,12,Weekend,Winter,No,60.98,72.75,16.53
2023-12-16 13:00,12,13,Weekend,Winter,No,62.14,71.63,26.15
2023-12-16 14:00,12,14,Weekend,Winter,No,64.11,72.91,23.27
2023-12-16 15:00,12,15,Weekend,Winter,No,64.41,72.8,20.34
2023-12-16 16:00,12,16,Weekend,Winter,No,62.26,72.43,22.01
2023-12-16 17:00,12,17,Weekend,Winter,No,59.82,72.37,34.54
2023-12-16 18:00,12,18,Weekend,Winter,No,57.85,71.8,29.7
2023-12-16 19:00,12,19,Weekend,Winter,No,55.86,71.18,33.32
2023-12-16 20:00,12,20,Weekend,Winter,No,54.41,71.44,32.75
2023-12-16 21:00,12,21,Weekend,Winter,No,54.59,72.15,32.65
2023-12-16 22:00,12,22,Weekend,Winter,No,55.04,71.93,30.09
2023-12-16 23:00,12,23,Weekend,Winter,No,54.41,71.38,23.95
2023-12-17 00:00,12,0,Weekend,Winter,No,53.96,71.24,20.18
2023-12-17 01:00,12,1,Weekend,Winter,No,53.43,71.91,11.51
2023-12-17 02:00,12,2,Weekend,Winter,No,52.43,71.82,23.48
2023-12-17 03:00,12,3,Weekend,Winter,No,51.46,71.38,18.86
2023-12-17 04:00,12,4,Weekend,Winter,No,51.6,71.65,20.29
2023-12-17 05:00,12,5,Weekend,Winter,No,51.46,71.93,15.63
2023-12-17 06:00,12,6,Weekend,Winter,No,50.45,70.72,16.12
2023-12-17 07:00,12,7,Weekend,Winter,No,50.63,71.05,10.69
2023-12-17 08:00,12,8,Weekend,Winter,No,52.76,71.98,14.97
2023-12-17 09:00,12,9,Weekend,Winter,No,55.12,71.63,18.29
2023-12-17 10:00,12,10,Weekend,Winter,No,56.57,71.22,30.41
2023-12-17 11:00,12,11,Weekend,Winter,No,58.18,72.58,16.96
2023-12-17 12:00,12,12,Weekend,Winter,No,60.16,72.85,17.35
2023-12-17 13:00,12,13,Weekend,Winter,No,61.61,72.18,24.75
2023-12-17 14:00,12,14,Weekend,Winter,No,62.06,72.57,22.37
2023-12-17 15:00,12,15,Weekend,Winter,No,62.58,71.64,27.18
2023-12-17 16:00,12,16,Weekend,Winter,No,61.8,73.7,30.9
2023-12-17 17:00,12,17,Weekend,Winter,No,59.2,72.31,33.29
2023-12-17 18:00,12,18,Weekend,Winter,No,56.24,72.14,32.84
2023-12-17 19:00,12,19,Weekend,Winter,No,55.04,71.69,23.11
2023-12-17 20:00,12,20,Weekend,Winter,No,52.1,71.0,25.62
2023-12-17 21:00,12,21,Weekend,Winter,No,49.37,70.43,18.55
2023-12-17 22:00,12,22,Weekend,Winter,No,48.92,71.11,24.71
2023-12-17 23:00,12,23,Weekend,Winter,No,48.4,70.12,19.98
2023-12-18 00:00,12,0,Weekday,Winter,No,48.02,70.51,15.56
2023-12-18 01:00,12,1,Weekday,Winter,No,44.56,70.6,11.36
2023-12-18 02:00,12,2,Weekday,Winter,No,43.24,69.48,12.6
2023-12-18 03:00,12,3,Weekday,Winter,No,42.28,70.3,14.14
2023-12-18 04:00,12,4,Weekday,Winter,No,40.37,69.44,9.4
2023-12-18 05:00,12,5,Weekday,Winter,No,40.55,69.95,6.76
2023-12-18 06:00,12,6,Weekday,Winter,No,42.16,69.91,0.0
2023-12-18 07:00,12,7,Weekday,Winter,No,45.29,70.62,18.63
2023-12-18 08:00,12,8,Weekday,Winter,Yes,50.51,70.16,8.63
2023-12-18 09:00,12,9,Weekday,Winter,Yes,54.74,70.67,15.1
2023-12-18 10:00,12,10,Weekday,Winter,Yes,57.1,71.3,22.13
2023-12-18 11:00,12,11,Weekday,Winter,Yes,60.34,71.03,22.39
2023-12-18 12:00,12,12,Weekday,Winter,Yes,63.22,71.67,19.26
2023-12-18 13:00,12,13,Weekday,Winter,Yes,64.56,72.38,22.95
2023-12-18 14:00,12,14,Weekday,Winter,Yes,66.1,72.85,30.82
2023-12-18 15:00,12,15,Weekday,Winter,Yes,66.92,72.85,22.7
2023-12-18 16:00,12,16,Weekday,Winter,Yes,65.76,72.51,33.2
2023-12-18 17:00,12,17,Weekday,Winter,Yes,62.1,72.56,28.07
2023-12-18 18:00,12,18,Weekday,Winter,No,57.66,71.49,37.08
2023-12-18 19:00,12,19,Weekday,Winter,No,57.72,72.14,37.28
2023-12-18 20:00,12,20,Weekday,Winter,No,57.85,71.46,28.33
2023-12-18 21:00,12,21,Weekday,Winter,No,56.39,71.46,30.42
2023-12-18 22:00,12,22,Weekday,Winter,No,55.42,71.85,28.77
2023-12-18 23:00,12,23,Weekday,Winter,No,55.57,71.77,27.67
2023-12-19 00:00,12,0,Weekday,Winter,No,55.42,71.52,24.63
2023-12-19 01:00,12,1,Weekday,Winter,No,53.26,71.94,20.08
2023-12-19 02:00,12,2,Weekday,Winter,No,48.52,71.23,13.44
2023-12-19 03:00,12,3,Weekday,Winter,No,45.41,70.41,15.13
2023-12-19 04:00,12,4,Weekday,Winter,No,45.59,71.44,17.64
2023-12-19 05:00,12,5,Weekday,Winter,No,47.2,70.33,14.26
2023-12-19 06:00,12,6,Weekday,Winter,No,47.39,69.91,17.32
2023-12-19 07:00,12,7,Weekday,Winter,No,48.1,70.51,11.92
2023-12-19 08:00,12,8,Weekday,Winter,Yes,50.7,70.78,10.64
2023-12-19 09:00,12,9,Weekday,Winter,Yes,55.44,70.63,24.27
2023-12-19 10:00,12,10,Weekday,Winter,Yes,60.86,70.43,25.08
2023-12-19 11:00,12,11,Weekday,Winter,Yes,64.11,72.48,27.5
2023-12-19 12:00,12,12,Weekday,Winter,Yes,66.72,72.72,32.88
2023-12-19 13:00,12,13,Weekday,Winter,Yes,69.16,72.29,30.1
2023-12-19 14:00,12,14,Weekday,Winter,Yes,70.61,72.86,28.1
2023-12-19 15:00,12,15,Weekday,Winter,Yes,70.43,72.78,30.49
2023-12-19 16:00,12,16,Weekday,Winter,Yes,68.82,72.65,27.91
2023-12-19 17:00,12,17,Weekday,Winter,Yes,65.69,73.1,29.94
2023-12-19 18:00,12,18,Weekday,Winter,No,62.26,73.02,34.54
2023-12-19 19:00,12,19,Weekday,Winter,No,59.2,72.68,30.53
2023-12-19 20:00,12,20,Weekday,Winter,No,56.76,72.77,28.22
2023-12-19 21:00,12,21,Weekday,Winter,No,56.57,71.51,29.58
2023-12-19 22:00,12,22,Weekday,Winter,No,57.02,71.24,31.77
2023-12-19 23:00,12,23,Weekday,Winter,No,52.92,71.84,21.85
2023-12-20 00:00,12,0,Weekday,Winter,No,50.63,71.25,10.5
2023-12-20 01:00,12,1,Weekday,Winter,No,50.45,70.8,9.66
2023-12-20 02:00,12,2,Weekday,Winter,No,50.0,71.32,14.43
2023-12-20 03:00,12,3,Weekday,Winter,No,48.22,70.65,14.29
2023-12-20 04:00,12,4,Weekday,Winter,No,45.78,71.17,5.66
2023-12-20 05:00,12,5,Weekday,Winter,No,46.11,70.35,13.61
2023-12-20 06:00,12,6,Weekday,Winter,No,45.78,70.72,20.29
2023-12-20 07:00,12,7,Weekday,Winter,No,45.59,70.73,6.2
2023-12-20 08:00,12,8,Weekday,Winter,Yes,47.72,69.53,8.02
2023-12-20 09:00,12,9,Weekday,Winter,Yes,53.02,70.73,15.75
2023-12-20 10:00,12,10,Weekday,Winter,Yes,58.36,70.83,23.86
2023-12-20 11:00,12,11,Weekday,Winter,Yes,62.92,72.61,29.64
2023-12-20 12:00,12,12,Weekday,Winter,Yes,66.72,73.32,32.29
2023-12-20 13:00,12,13,Weekday,Winter,Yes,69.16,72.44,32.37
2023-12-20 14:00,12,14,Weekday,Winter,Yes,71.14,72.99,32.72
2023-12-20 15:00,12,15,Weekday,Winter,Yes,71.44,73.8,26.97
2023-12-20 16:00,12,16,Weekday,Winter,Yes,69.9,73.35,31.07
2023-12-20 17:00,12,17,Weekday,Winter,Yes,65.51,72.43,46.04
2023-12-20 18:00,12,18,Weekday,Winter,No,61.8,71.7,38.0
2023-12-20 19:00,12,19,Weekday,Winter,No,57.52,71.72,25.27
2023-12-20 20:00,12,20,Weekday,Winter,No,53.26,70.31,34.13
2023-12-20 21:00,12,21,Weekday,Winter,No,51.46,71.53,29.6
2023-12-20 22:00,12,22,Weekday,Winter,No,50.45,70.76,26.33
2023-12-20 23:00,12,23,Weekday,Winter,No,49.37,70.71,30.66
2023-12-21 00:00,12,0,Weekday,Winter,No,47.76,70.76,4.35
2023-12-21 01:00,12,1,Weekday,Winter,No,46.42,70.36,14.37
2023-12-21 02:00,12,2,Weekday,Winter,No,45.41,69.93,12.81
2023-12-21 03:00,12,3,Weekday,Winter,No,46.11,70.68,10.19
2023-12-21 04:00,12,4,Weekday,Winter,No,46.42,71.48,9.25
2023-12-21 05:00,12,5,Weekday,Winter,No,45.41,69.78,4.13
2023-12-21 06:00,12,6,Weekday,Winter,No,45.59,70.1,13.57
2023-12-21 07:00,12,7,Weekday,Winter,No,47.72,69.4,10.97
2023-12-21 08:00,12,8,Weekday,Winter,Yes,51.34,71.0,22.0
2023-12-21 09:00,12,9,Weekday,Winter,Yes,55.37,70.58,17.14
2023-12-21 10:00,12,10,Weekday,Winter,Yes,58.18,72.08,17.8
2023-12-21 11:00,12,11,Weekday,Winter,Yes,60.78,71.47,21.24
2023-12-21 12:00,12,12,Weekday,Winter,Yes,63.74,72.86,27.37
2023-12-21 13:00,12,13,Weekday,Winter,Yes,64.94,71.61,21.41
2023-12-21 14:00,12,14,Weekday,Winter,Yes,64.94,71.16,26.04
2023-12-21 15:00,12,15,Weekday,Winter,Yes,63.78,71.95,29.06
2023-12-21 16:00,12,16,Weekday,Winter,Yes,62.44,71.71,14.78
2023-12-21 17:00,12,17,Weekday,Winter,Yes,59.12,71.18,32.6
2023-12-21 18:00,12,18,Weekday,Winter,No,55.24,72.7,26.25
2023-12-21 19:00,12,19,Weekday,Winter,No,52.28,71.26,22.38
2023-12-21 20:00,12,20,Weekday,Winter,No,50.45,71.24,23.74
2023-12-21 21:00,12,21,Weekday,Winter,No,48.84,70.44,27.53
2023-12-21 22:00,12,22,Weekday,Winter,No,46.86,70.72,23.79
2023-12-21 23:00,12,23,Weekday,Winter,No,46.04,70.18,21.28
2023-12-22 00:00,12,0,Weekday,Winter,No,44.26,69.62,15.04
2023-12-22 01:00,12,1,Weekday,Winter,No,42.46,69.52,18.64
2023-12-22 02:00,12,2,Weekday,Winter,No,41.45,68.99,5.58
2023-12-22 03:00,12,3,Weekday,Winter,No,41.63,70.2,11.92
2023-12-22 04:00,12,4,Weekday,Winter,No,40.3,69.78,0.0
2023-12-22 05:00,12,5,Weekday,Winter,No,39.02,69.93,5.65
2023-12-22 06:00,12,6,Weekday,Winter,No,38.39,70.0,3.9
2023-12-22 07:00,12,7,Weekday,Winter,No,38.57,68.63,5.84
2023-12-22 08:00,12,8,Weekday,Winter,Yes,41.96,68.63,13.58
2023-12-22 09:00,12,9,Weekday,Winter,Yes,46.37,70.23,15.18
2023-12-22 10:00,12,10,Weekday,Winter,Yes,49.8,70.67,17.9
2023-12-22 11:00,12,11,Weekday,Winter,Yes,51.6,71.01,16.88
2023-12-22 12:00,12,12,Weekday,Winter,Yes,53.14,70.33,20.4
2023-12-22 13:00,12,13,Weekday,Winter,Yes,53.96,71.28,10.72
2023-12-22 14:00,12,14,Weekday,Winter,Yes,54.59,69.91,12.63
2023-12-22 15:00,12,15,Weekday,Winter,Yes,55.57,71.42,20.5
2023-12-22 16:00,12,16,Weekday,Winter,Yes,55.42,71.0,16.46
2023-12-22 17:00,12,17,Weekday,Winter,Yes,53.88,71.47,26.03
2023-12-22 18:00,12,18,Weekday,Winter,No,51.28,71.47,29.13
2023-12-22 19:00,12,19,Weekday,Winter,No,49.37,71.09,22.64
2023-12-22 20:00,12,20,Weekday,Winter,No,47.24,70.86,22.84
2023-12-22 21:00,12,21,Weekday,Winter,No,45.41,70.41,21.89
2023-12-22 22:00,12,22,Weekday,Winter,No,44.96,70.07,19.15
2023-12-22 23:00,12,23,Weekday,Winter,No,44.44,70.67,18.68
2023-12-23 00:00,12,0,Weekend,Winter,No,44.06,70.2,10.85
2023-12-23 01:00,12,1,Weekend,Winter,No,42.28,70.82,17.29
2023-12-23 02:00,12,2,Weekend,Winter,No,40.37,69.91,9.83
2023-12-23 03:00,12,3,Weekend,Winter,No,39.4,70.17,1.48
2023-12-23 04:00,12,4,Weekend,Winter,No,38.39,68.9,1.75
2023-12-23 05:00,12,5,Weekend,Winter,No,36.78,69.54,7.39
2023-12-23 06:00,12,6,Weekend,Winter,No,34.28,68.02,6.45
2023-12-23 07:00,12,7,Weekend,Winter,No,33.08,68.77,0.0
2023-12-23 08:00,12,8,Weekend,Winter,No,35.39,69.44,9.02
2023-12-23 09:00,12,9,Weekend,Winter,No,39.98,69.37,4.46
2023-12-23 10:00,12,10,Weekend,Winter,No,43.76,69.92,15.35
2023-12-23 11:00,12,11,Weekend,Winter,No,47.27,70.49,10.81
2023-12-23 12:00,12,12,Weekend,Winter,No,50.7,71.65,10.88
2023-12-23 13:00,12,13,Weekend,Winter,No,51.98,71.74,13.86
2023-12-23 14:00,12,14,Weekend,Winter,No,52.61,72.17,19.61
2023-12-23 15:00,12,15,Weekend,Winter,No,52.43,71.99,17.14
2023-12-23 16:00,12,16,Weekend,Winter,No,50.82,71.03,14.59
2023-12-23 17:00,12,17,Weekend,Winter,No,48.84,70.23,20.4
2023-12-23 18:00,12,18,Weekend,Winter,No,47.39,70.64,27.01
2023-12-23 19:00,12,19,Weekend,Winter,No,46.42,70.92,22.47
2023-12-23 20:00,12,20,Weekend,Winter,No,44.89,69.79,18.78
2023-12-23 21:00,12,21,Weekend,Winter,No,43.43,70.24,18.37
2023-12-23 22:00,12,22,Weekend,Winter,No,43.61,70.97,19.59
2023-12-23 23:00,12,23,Weekend,Winter,No,43.43,70.61,16.15
2023-12-24 00:00,12,0,Weekend,Winter,No,42.46,70.39,16.8
2023-12-24 01:00,12,1,Weekend,Winter,No,42.08,69.13,5.66
2023-12-24 02:00,12,2,Weekend,Winter,No,41.45,68.63,15.7
2023-12-24 03:00,12,3,Weekend,Winter,No,40.37,69.85,9.34
2023-12-24 04:00,12,4,Weekend,Winter,No,39.4,69.26,11.0
2023-12-24 05:00,12,5,Weekend,Winter,No,39.02,69.07,5.55
2023-12-24 06:00,12,6,Weekend,Winter,No,36.71,68.88,8.59
2023-12-24 07:00,12,7,Weekend,Winter,No,35.58,69.94,10.78
2023-12-24 08:00,12,8,Weekend,Winter,No,38.27,68.74,5.08
2023-12-24 09:00,12,9,Weekend,Winter,No,41.7,70.49,14.6
2023-12-24 10:00,12,10,Weekend,Winter,No,44.76,71.04,8.87
2023-12-24 11:00,12,11,Weekend,Winter,No,47.2,69.67,13.74
2023-12-24 12:00,12,12,Weekend,Winter,No,48.02,70.64,10.82
2023-12-24 13:00,12,13,Weekend,Winter,No,49.18,70.58,12.48
2023-12-24 14:00,12,14,Weekend,Winter,No,50.0,71.04,10.33
2023-12-24 15:00,12,15,Weekend,Winter,No,50.0,71.01,15.25
2023-12-24 16:00,12,16,Weekend,Winter,No,50.0,70.84,17.41
2023-12-24 17:00,12,17,Weekend,Winter,No,48.22,70.88,29.13
2023-12-24 18:00,12,18,Weekend,Winter,No,45.26,71.11,15.49
2023-12-24 19:00,12,19,Weekend,Winter,No,41.64,70.07,20.3
2023-12-24 20:00,12,20,Weekend,Winter,No,40.55,69.69,21.73
2023-12-24 21:00,12,21,Weekend,Winter,No,38.69,69.43,21.61
2023-12-24 22:00,12,22,Weekend,Winter,No,37.04,68.46,9.44
2023-12-24 23:00,12,23,Weekend,Winter,No,35.26,69.17,19.07
2023-12-25 00:00,12,0,Weekday,Winter,No,35.76,69.62,5.83
2023-12-25 01:00,12,1,Weekday,Winter,No,35.88,69.14,5.55
2023-12-25 02:00,12,2,Weekday,Winter,No,35.58,69.82,3.58
2023-12-25 03:00,12,3,Weekday,Winter,No,33.02,68.87,0.0
2023-12-25 04:00,12,4,Weekday,Winter,No,31.55,68.9,5.72
2023-12-25 05:00,12,5,Weekday,Winter,No,32.63,68.7,0.0
2023-12-25 06:00,12,6,Weekday,Winter,No,30.14,68.57,2.43
2023-12-25 07:00,12,7,Weekday,Winter,No,28.04,68.55,0.0
2023-12-25 08:00,12,8,Weekday,Winter,Yes,33.29,68.02,4.07
2023-12-25 09:00,12,9,Weekday,Winter,Yes,41.66,68.88,12.15
2023-12-25 10:00,12,10,Weekday,Winter,Yes,47.9,69.7,17.06
2023-12-25 11:00,12,11,Weekday,Winter,Yes,52.31,70.39,18.17
2023-12-25 12:00,12,12,Weekday,Winter,Yes,55.74,71.32,16.81
2023-12-25 13:00,12,13,Weekday,Winter,Yes,58.8,71.62,27.35
2023-12-25 14:00,12,14,Weekday,Winter,Yes,60.6,71.25,28.9
2023-12-25 15:00,12,15,Weekday,Winter,Yes,61.61,72.74,21.32
2023-12-25 16:00,12,16,Weekday,Winter,Yes,62.06,71.67,26.39
2023-12-25 17:00,12,17,Weekday,Winter,Yes,58.49,71.82,26.65
2023-12-25 18:00,12,18,Weekday,Winter,No,53.63,71.23,31.2
2023-12-25 19:00,12,19,Weekday,Winter,No,50.2,71.2,24.44
2023-12-25 20:00,12,20,Weekday,Winter,No,48.4,71.51,23.11
2023-12-25 21:00,12,21,Weekday,Winter,No,47.39,70.98,22.86
2023-12-25 22:00,12,22,Weekday,Winter,No,44.1,70.31,19.76
2023-12-25 23:00,12,23,Weekday,Winter,No,42.6,69.96,25.24
2023-12-26 00:00,12,0,Weekday,Winter,No,38.88,69.05,11.43
2023-12-26 01:00,12,1,Weekday,Winter,No,35.96,69.11,0.2
2023-12-26 02:00,12,2,Weekday,Winter,No,35.44,69.19,0.0
2023-12-26 03:00,12,3,Weekday,Winter,No,35.06,68.88,4.02
2023-12-26 04:00,12,4,Weekday,Winter,No,34.43,68.07,4.17
2023-12-26 05:00,12,5,Weekday,Winter,No,35.14,69.14,11.58
2023-12-26 06:00,12,6,Weekday,Winter,No,36.59,69.7,5.58
2023-12-26 07:00,12,7,Weekday,Winter,No,39.98,69.86,7.22
2023-12-26 08:00,12,8,Weekday,Winter,Yes,45.54,70.19,17.66
2023-12-26 09:00,12,9,Weekday,Winter,Yes,52.64,70.77,10.76
2023-12-26 10:00,12,10,Weekday,Winter,Yes,58.88,71.19,25.98
2023-12-26 11:00,12,11,Weekday,Winter,Yes,61.61,71.5,15.58
2023-12-26 12:00,12,12,Weekday,Winter,Yes,63.74,71.37,26.84
2023-12-26 13:00,12,13,Weekday,Winter,Yes,65.57,71.83,26.72
2023-12-26 14:00,12,14,Weekday,Winter,Yes,66.54,71.91,29.36
2023-12-26 15:00,12,15,Weekday,Winter,Yes,66.4,72.58,23.55
2023-12-26 16:00,12,16,Weekday,Winter,Yes,64.24,72.16,22.18
2023-12-26 17:00,12,17,Weekday,Winter,Yes,61.28,72.28,29.15
2023-12-26 18:00,12,18,Weekday,Winter,No,57.14,72.74,24.42
2023-12-26 19:00,12,19,Weekday,Winter,No,52.73,71.35,34.63
2023-12-26 20:00,12,20,Weekday,Winter,No,50.45,71.55,24.58
2023-12-26 21:00,12,21,Weekday,Winter,No,49.37,69.58,19.67
2023-12-26 22:00,12,22,Weekday,Winter,No,47.76,70.99,21.46
2023-12-26 23:00,12,23,Weekday,Winter,No,48.1,71.23,25.89
2023-12-27 00:00,12,0,Weekday,Winter,No,48.4,71.12,15.07
2023-12-27 01:00,12,1,Weekday,Winter,No,48.02,69.9,14.99
2023-12-27 02:00,12,2,Weekday,Winter,No,46.86,70.81,9.5
2023-12-27 03:00,12,3,Weekday,Winter,No,46.56,70.96,2.26
2023-12-27 04:00,12,4,Weekday,Winter,No,45.78,70.48,11.09
2023-12-27 05:00,12,5,Weekday,Winter,No,46.74,70.98,13.27
2023-12-27 06:00,12,6,Weekday,Winter,No,48.54,70.78,13.72
2023-12-27 07:00,12,7,Weekday,Winter,No,48.92,70.18,14.14
2023-12-27 08:00,12,8,Weekday,Winter,Yes,50.7,70.69,8.83
2023-12-27 09:00,12,9,Weekday,Winter,Yes,54.92,70.68,20.37
2023-12-27 10:00,12,10,Weekday,Winter,Yes,57.54,71.91,18.78
2023-12-27 11:00,12,11,Weekday,Winter,Yes,60.34,71.53,30.42
2023-12-27 12:00,12,12,Weekday,Winter,Yes,63.74,72.79,20.42
2023-12-27 13:00,12,13,Weekday,Winter,Yes,64.94,71.86,23.18
2023-12-27 14:00,12,14,Weekday,Winter,Yes,64.94,72.54,27.31
2023-12-27 15:00,12,15,Weekday,Winter,Yes,64.94,71.25,25.26
2023-12-27 16:00,12,16,Weekday,Winter,Yes,64.41,72.4,23.98
2023-12-27 17:00,12,17,Weekday,Winter,Yes,63.41,72.24,35.36
2023-12-27 18:00,12,18,Weekday,Winter,No,59.5,72.37,31.36
2023-12-27 19:00,12,19,Weekday,Winter,No,56.39,72.41,34.4
2023-12-27 20:00,12,20,Weekday,Winter,No,54.26,71.1,30.74
2023-12-27 21:00,12,21,Weekday,Winter,No,52.43,70.9,22.62
2023-12-27 22:00,12,22,Weekday,Winter,No,49.04,70.62,27.72
2023-12-27 23:00,12,23,Weekday,Winter,No,47.57,70.99,30.06
2023-12-28 00:00,12,0,Weekday,Winter,No,48.54,70.71,16.69
2023-12-28 01:00,12,1,Weekday,Winter,No,47.76,71.12,15.79
2023-12-28 02:00,12,2,Weekday,Winter,No,46.94,69.03,12.39
2023-12-28 03:00,12,3,Weekday,Winter,No,46.42,70.51,14.16
2023-12-28 04:00,12,4,Weekday,Winter,No,45.41,70.17,13.73
2023-12-28 05:00,12,5,Weekday,Winter,No,44.96,69.91,15.58
2023-12-28 06:00,12,6,Weekday,Winter,No,44.96,70.82,10.99
2023-12-28 07:00,12,7,Weekday,Winter,No,47.27,70.22,9.89
2023-12-28 08:00,12,8,Weekday,Winter,Yes,51.34,70.08,11.3
2023-12-28 09:00,12,9,Weekday,Winter,Yes,55.37,71.72,12.41
2023-12-28 10:00,12,10,Weekday,Winter,Yes,59.33,71.47,23.31
2023-12-28 11:00,12,11,Weekday,Winter,Yes,61.61,71.04,22.54
2023-12-28 12:00,12,12,Weekday,Winter,Yes,63.22,72.1,18.87
2023-12-28 13:00,12,13,Weekday,Winter,Yes,65.19,72.07,22.89
2023-12-28 14:00,12,14,Weekday,Winter,Yes,66.54,72.07,27.15
2023-12-28 15:00,12,15,Weekday,Winter,Yes,66.92,71.93,29.06
2023-12-28 16:00,12,16,Weekday,Winter,Yes,66.4,72.67,25.16
2023-12-28 17:00,12,17,Weekday,Winter,Yes,65.39,71.94,42.12
2023-12-28 18:00,12,18,Weekday,Winter,No,63.78,72.41,30.52
2023-12-28 19:00,12,19,Weekday,Winter,No,60.65,71.61,23.15
2023-12-28 20:00,12,20,Weekday,Winter,No,60.78,72.1,38.9
2023-12-28 21:00,12,21,Weekday,Winter,No,62.06,72.34,37.8
2023-12-28 22:00,12,22,Weekday,Winter,No,60.28,72.34,34.23
2023-12-28 23:00,12,23,Weekday,Winter,No,59.0,71.8,28.15
2023-12-29 00:00,12,0,Weekday,Winter,No,59.0,71.5,15.37
2023-12-29 01:00,12,1,Weekday,Winter,No,58.37,72.15,22.89
2023-12-29 02:00,12,2,Weekday,Winter,No,60.34,72.03,23.49
2023-12-29 03:00,12,3,Weekday,Winter,No,61.43,71.96,28.9
2023-12-29 04:00,12,4,Weekday,Winter,No,62.76,73.17,27.67
2023-12-29 05:00,12,5,Weekday,Winter,No,64.56,73.04,26.34
2023-12-29 06:00,12,6,Weekday,Winter,No,64.41,72.43,21.72
2023-12-29 07:00,12,7,Weekday,Winter,No,64.04,73.44,24.79
2023-12-29 08:00,12,8,Weekday,Winter,Yes,61.73,71.6,23.37
2023-12-29 09:00,12,9,Weekday,Winter,Yes,61.24,72.23,24.56
2023-12-29 10:00,12,10,Weekday,Winter,Yes,64.37,72.3,22.24
2023-12-29 11:00,12,11,Weekday,Winter,Yes,66.54,72.01,30.5
2023-12-29 12:00,12,12,Weekday,Winter,Yes,65.24,71.46,23.25
2023-12-29 13:00,12,13,Weekday,Winter,Yes,65.19,72.2,28.16
2023-12-29 14:00,12,14,Weekday,Winter,Yes,66.02,72.63,19.6
2023-12-29 15:00,12,15,Weekday,Winter,Yes,65.39,72.53,28.0
2023-12-29 16:00,12,16,Weekday,Winter,Yes,63.78,71.57,22.93
2023-12-29 17:00,12,17,Weekday,Winter,Yes,62.44,72.1,41.1
2023-12-29 18:00,12,18,Weekday,Winter,No,62.06,72.47,29.93
2023-12-29 19:00,12,19,Weekday,Winter,No,62.06,72.49,31.79
2023-12-29 20:00,12,20,Weekday,Winter,No,61.43,73.23,26.89
2023-12-29 21:00,12,21,Weekday,Winter,No,61.61,73.06,25.32
2023-12-29 22:00,12,22,Weekday,Winter,No,61.43,72.58,39.02
2023-12-29 23:00,12,23,Weekday,Winter,No,59.2,72.65,33.31
2023-12-30 00:00,12,0,Weekend,Winter,No,57.92,72.21,21.4
2023-12-30 01:00,12,1,Weekend,Winter,No,57.4,72.36,17.3
2023-12-30 02:00,12,2,Weekend,Winter,No,56.39,72.51,12.26
2023-12-30 03:00,12,3,Weekend,Winter,No,54.26,72.35,15.06
2023-12-30 04:00,12,4,Weekend,Winter,No,52.43,71.48,18.94
2023-12-30 05:00,12,5,Weekend,Winter,No,51.46,71.25,20.98
2023-12-30 06:00,12,6,Weekend,Winter,No,49.82,71.19,9.77
2023-12-30 07:00,12,7,Weekend,Winter,No,47.76,70.91,5.1
2023-12-30 08:00,12,8,Weekend,Winter,No,49.88,71.0,17.86
2023-12-30 09:00,12,9,Weekend,Winter,No,54.29,72.33,19.37
2023-12-30 10:00,12,10,Weekend,Winter,No,57.1,71.66,18.49
2023-12-30 11:00,12,11,Weekend,Winter,No,58.55,71.8,26.22
2023-12-30 12:00,12,12,Weekend,Winter,No,60.16,72.81,25.79
2023-12-30 13:00,12,13,Weekend,Winter,No,62.14,72.75,18.35
2023-12-30 14:00,12,14,Weekend,Winter,No,63.59,73.5,23.62
2023-12-30 15:00,12,15,Weekend,Winter,No,64.04,73.25,26.33
2023-12-30 16:00,12,16,Weekend,Winter,No,63.41,72.11,24.72
2023-12-30 17:00,12,17,Weekend,Winter,No,60.65,73.35,28.0
2023-12-30 18:00,12,18,Weekend,Winter,No,57.85,72.72,24.48
2023-12-30 19:00,12,19,Weekend,Winter,No,55.86,71.63,32.95
2023-12-30 20:00,12,20,Weekend,Winter,No,52.73,71.37,21.64
2023-12-30 21:00,12,21,Weekend,Winter,No,51.6,71.75,20.5
2023-12-30 22:00,12,22,Weekend,Winter,No,49.67,70.78,26.93
2023-12-30 23:00,12,23,Weekend,Winter,No,46.86,70.05,20.66
2023-12-31 00:00,12,0,Weekend,Winter,No,46.56,70.91,14.37
2023-12-31 01:00,12,1,Weekend,Winter,No,46.42,71.08,12.91
2023-12-31 02:00,12,2,Weekend,Winter,No,45.41,70.26,18.12
2023-12-31 03:00,12,3,Weekend,Winter,No,44.96,70.67,17.0
2023-12-31 04:00,12,4,Weekend,Winter,No,44.96,70.37,15.94
2023-12-31 05:00,12,5,Weekend,Winter,No,44.44,70.83,12.59
2023-12-31 06:00,12,6,Weekend,Winter,No,43.43,69.21,7.14
2023-12-31 07:00,12,7,Weekend,Winter,No,42.98,70.1,9.54
2023-12-31 08:00,12,8,Weekend,Winter,No,45.92,69.92,12.05
2023-12-31 09:00,12,9,Weekend,Winter,No,52.12,70.82,12.9
2023-12-31 10:00,12,10,Weekend,Winter,No,57.98,72.45,16.93
2023-12-31 11:00,12,11,Weekend,Winter,No,62.39,72.98,24.66
2023-12-31 12:00,12,12,Weekend,Winter,No,65.72,72.58,25.95
2023-12-31 13:00,12,13,Weekend,Winter,No,67.55,72.79,27.02
2023-12-31 14:00,12,14,Weekend,Winter,No,68.0,72.7,21.99
2023-12-31 15:00,12,15,Weekend,Winter,No,67.37,73.17,26.2
2023-12-31 16:00,12,16,Weekend,Winter,No,65.76,72.96,24.82
2023-12-31 17:00,12,17,Weekend,Winter,No,63.58,72.75,33.25
2023-12-31 18:00,12,18,Weekend,Winter,No,60.5,72.84,30.78
2023-12-31 19:00,12,19,Weekend,Winter,No,57.95,72.27,27.42
2023-12-31 20:00,12,20,Weekend,Winter,No,55.1,71.07,24.41
2023-12-31 21:00,12,21,Weekend,Winter,No,53.6,71.4,27.46
2023-12-31 22:00,12,22,Weekend,Winter,No,51.5,71.38,26.58
2023-12-31 23:00,12,23,Weekend,Winter,No,48.95,70.66,22.85
