DateTime,Temp_F,Wind_Speed_mph,Relative_Humidity_pct
2023-01-01 00:00,69.1,3.4,37.5
2023-01-01 01:00,63.0,0.0,48.0
2023-01-01 02:00,62.1,4.7,49.6
2023-01-01 03:00,59.0,4.7,53.4
2023-01-01 04:00,57.0,5.8,57.3
2023-01-01 05:00,55.9,5.8,57.2
2023-01-01 06:00,55.9,5.8,57.2
2023-01-01 07:00,59.0,8.1,49.1
2023-01-01 08:00,57.9,5.8,51.0
2023-01-01 09:00,57.9,4.7,51.0
2023-01-01 10:00,55.9,3.4,54.8
2023-01-01 11:00,55.9,0.0,54.8
2023-01-01 12:00,55.9,0.0,54.8
2023-01-01 13:00,61.0,9.2,42.4
2023-01-01 14:00,60.1,3.4,43.7
2023-01-01 15:00,64.0,18.3,36.7
2023-01-01 16:00,64.9,13.9,35.6
2023-01-01 17:00,61.0,19.7,55.5
2023-01-01 18:00,61.0,19.7,55.5
2023-01-01 19:00,55.9,19.7,71.7
2023-01-01 20:00,55.9,15.0,77.2
2023-01-01 21:00,55.0,13.9,77.2
2023-01-01 22:00,51.8,17.2,76.4
2023-01-01 23:00,51.1,12.8,79.5
2023-01-02 00:00,53.1,16.1,73.9
2023-01-02 01:00,48.0,6.9,73.4
2023-01-02 02:00,50.0,11.4,71.1
2023-01-02 03:00,52.0,16.1,61.2
2023-01-02 04:00,48.9,19.7,63.4
2023-01-02 05:00,46.0,13.9,70.7
2023-01-02 06:00,45.0,10.3,73.6
2023-01-02 07:00,44.1,8.1,82.3
2023-01-02 08:00,43.0,5.8,85.8
2023-01-02 09:00,43.0,0.0,85.8
2023-01-02 10:00,42.1,3.4,88.8
2023-01-02 11:00,43.0,0.0,85.8
2023-01-02 12:00,43.0,0.0,85.8
2023-01-02 13:00,46.0,8.1,73.2
2023-01-02 14:00,46.0,8.1,70.7
2023-01-02 15:00,46.9,4.7,68.3
2023-01-02 16:00,46.9,0.0,70.8
2023-01-02 17:00,50.0,5.8,63.1
2023-01-02 18:00,50.0,5.8,63.1
2023-01-02 19:00,48.0,4.7,73.4
2023-01-02 20:00,53.1,11.4,50.3
2023-01-02 21:00,55.0,10.3,46.8
2023-01-02 22:00,52.0,9.2,56.6
2023-01-02 23:00,48.0,15.0,67.9
2023-01-03 00:00,48.0,15.0,67.9
2023-01-03 01:00,46.9,6.9,73.8
2023-01-03 02:00,46.9,3.4,76.4
2023-01-03 03:00,46.9,5.8,76.4
2023-01-03 04:00,46.9,0.0,76.4
2023-01-03 05:00,46.0,3.4,82.5
2023-01-03 06:00,46.0,3.4,82.5
2023-01-03 07:00,45.0,8.1,82.4
2023-01-03 08:00,46.0,0.0,79.1
2023-01-03 09:00,45.0,3.4,82.4
2023-01-03 10:00,45.0,0.0,79.6
2023-01-03 11:00,44.1,0.0,85.3
2023-01-03 12:00,44.1,0.0,85.3
2023-01-03 13:00,44.1,6.9,82.3
2023-01-03 14:00,46.0,0.0,73.2
2023-01-03 15:00,46.9,5.8,65.4
2023-01-03 16:00,50.0,6.9,60.9
2023-01-03 17:00,52.0,6.9,54.2
2023-01-03 18:00,52.0,6.9,54.2
2023-01-03 19:00,57.0,0.0,41.7
2023-01-03 20:00,57.9,6.9,40.4
2023-01-03 21:00,61.0,6.9,37.8
2023-01-03 22:00,60.1,10.3,37.4
2023-01-03 23:00,59.0,6.9,40.6
2023-01-04 00:00,59.0,6.9,40.6
2023-01-04 01:00,53.1,3.4,58.8
2023-01-04 02:00,51.1,0.0,63.2
2023-01-04 03:00,48.0,6.9,70.9
2023-01-04 04:00,46.0,4.7,73.2
2023-01-04 05:00,46.0,5.8,73.2
2023-01-04 06:00,46.0,5.8,73.2
2023-01-04 07:00,45.0,9.2,76.3
2023-01-04 08:00,44.1,5.8,76.2
2023-01-04 09:00,44.1,4.7,76.2
2023-01-04 10:00,44.1,5.8,73.0
2023-01-04 11:00,43.0,5.8,73.4
2023-01-04 12:00,43.0,5.8,73.4
2023-01-04 13:00,41.0,8.1,79.2
2023-01-04 14:00,42.1,3.4,76.0
2023-01-04 15:00,45.0,8.1,68.1
2023-01-04 16:00,50.0,8.1,58.4
2023-01-04 17:00,55.9,3.4,49.0
2023-01-04 18:00,55.9,3.4,49.0
2023-01-04 19:00,62.1,0.0,33.6
2023-01-04 20:00,64.0,3.4,31.4
2023-01-04 21:00,64.0,0.0,32.5
2023-01-04 22:00,64.0,0.0,32.5
2023-01-04 23:00,64.9,3.4,32.9
2023-01-05 00:00,64.9,3.4,32.9
2023-01-05 01:00,57.9,0.0,47.2
2023-01-05 02:00,55.0,3.4,56.6
2023-01-05 03:00,55.0,0.0,56.6
2023-01-05 04:00,48.9,4.7,68.5
2023-01-05 05:00,50.0,5.8,60.9
2023-01-05 06:00,50.0,5.8,60.9
2023-01-05 07:00,46.9,6.9,68.3
2023-01-05 08:00,45.0,9.2,70.5
2023-01-05 09:00,44.1,10.3,73.0
2023-01-05 10:00,46.0,12.8,65.3
2023-01-05 11:00,43.0,6.9,73.4
2023-01-05 12:00,43.0,6.9,73.4
2023-01-05 13:00,44.1,10.3,65.1
2023-01-05 14:00,45.0,9.2,62.9
2023-01-05 15:00,50.0,9.2,56.3
2023-01-05 16:00,60.1,6.9,39.0
2023-01-05 17:00,64.0,9.2,33.9
2023-01-05 18:00,64.0,9.2,33.9
2023-01-05 19:00,64.0,9.2,38.0
2023-01-05 20:00,68.0,5.8,30.7
2023-01-05 21:00,72.0,3.4,21.1
2023-01-05 22:00,70.0,5.8,23.4
2023-01-05 23:00,68.0,9.2,23.1
2023-01-06 00:00,68.0,9.2,23.1
2023-01-06 01:00,63.0,3.4,36.5
2023-01-06 02:00,57.9,4.7,55.5
2023-01-06 03:00,55.9,0.0,61.7
2023-01-06 04:00,55.9,0.0,59.6
2023-01-06 05:00,55.0,3.4,59.1
2023-01-06 06:00,55.0,3.4,59.1
2023-01-06 07:00,52.0,6.9,66.1
2023-01-06 08:00,51.1,3.4,68.3
2023-01-06 09:00,50.0,3.4,74.1
2023-01-06 10:00,48.9,0.0,74.0
2023-01-06 11:00,46.9,5.8,79.7
2023-01-06 12:00,46.9,5.8,79.7
2023-01-06 13:00,46.0,3.4,79.1
2023-01-06 14:00,46.9,3.4,73.8
2023-01-06 15:00,48.9,4.7,71.0
2023-01-06 16:00,54.0,0.0,58.9
2023-01-06 17:00,57.0,0.0,52.7
2023-01-06 18:00,57.0,0.0,52.7
2023-01-06 19:00,64.0,5.8,39.7
2023-01-06 20:00,64.9,5.8,35.6
2023-01-06 21:00,66.0,12.8,37.0
2023-01-06 22:00,62.1,10.3,42.5
2023-01-06 23:00,60.1,9.2,43.7
2023-01-07 00:00,60.1,9.2,43.7
2023-01-07 01:00,55.9,3.4,54.8
2023-01-07 02:00,53.1,4.7,66.2
2023-01-07 03:00,51.1,3.4,68.3
2023-01-07 04:00,50.0,4.7,71.1
2023-01-07 05:00,50.0,3.4,71.1
2023-01-07 06:00,50.0,3.4,71.1
2023-01-07 07:00,48.9,3.4,74.0
2023-01-07 08:00,48.0,0.0,76.5
2023-01-07 09:00,46.0,0.0,79.1
2023-01-07 10:00,45.0,3.4,82.4
2023-01-07 11:00,44.1,0.0,78.9
2023-01-07 12:00,44.1,0.0,78.9
2023-01-07 13:00,41.0,0.0,82.1
2023-01-07 14:00,42.1,5.8,82.2
2023-01-07 15:00,45.0,5.8,73.6
2023-01-07 16:00,51.1,5.8,65.5
2023-01-07 17:00,57.0,5.8,52.7
2023-01-07 18:00,57.0,5.8,52.7
2023-01-07 19:00,68.0,6.9,33.2
2023-01-07 20:00,71.1,5.8,27.6
2023-01-07 21:00,71.1,9.2,24.6
2023-01-07 22:00,69.1,10.3,29.6
2023-01-07 23:00,64.9,11.4,35.6
2023-01-08 00:00,64.9,11.4,35.6
2023-01-08 01:00,57.9,0.0,49.3
2023-01-08 02:00,54.0,0.0,56.9
2023-01-08 03:00,53.1,6.9,58.8
2023-01-08 04:00,52.0,4.7,61.2
2023-01-08 05:00,48.0,6.9,70.9
2023-01-08 06:00,48.0,6.9,70.9
2023-01-08 07:00,48.0,6.9,65.6
2023-01-08 08:00,43.0,5.8,79.4
2023-01-08 09:00,44.1,8.1,76.2
2023-01-08 10:00,45.0,3.4,70.5
2023-01-08 11:00,42.1,6.9,72.8
2023-01-08 12:00,42.1,6.9,72.8
2023-01-08 13:00,43.0,9.2,70.3
2023-01-08 14:00,43.0,6.9,70.3
2023-01-08 15:00,46.9,5.8,60.5
2023-01-08 16:00,53.1,4.7,50.3
2023-01-08 17:00,59.0,3.4,38.9
2023-01-08 18:00,59.0,3.4,38.9
2023-01-08 19:00,69.1,0.0,23.3
2023-01-08 20:00,71.1,0.0,17.0
2023-01-08 21:00,72.0,0.0,14.5
2023-01-08 22:00,73.0,4.7,13.4
2023-01-08 23:00,72.0,4.7,15.1
2023-01-09 00:00,72.0,4.7,15.1
2023-01-09 01:00,60.1,6.9,39.0
2023-01-09 02:00,57.0,6.9,47.1
2023-01-09 03:00,53.1,8.1,56.4
2023-01-09 04:00,51.1,4.7,60.6
2023-01-09 05:00,48.9,5.8,63.4
2023-01-09 06:00,48.9,5.8,63.4
2023-01-09 07:00,45.0,9.2,68.1
2023-01-09 08:00,44.1,8.1,65.1
2023-01-09 09:00,43.0,5.8,65.0
2023-01-09 10:00,44.1,9.2,59.7
2023-01-09 11:00,44.1,9.2,57.5
2023-01-09 12:00,44.1,9.2,57.5
2023-01-09 13:00,41.0,11.4,61.9
2023-01-09 14:00,42.1,10.3,59.4
2023-01-09 15:00,46.9,10.3,49.4
2023-01-09 16:00,54.0,9.2,39.7
2023-01-09 17:00,60.1,5.8,31.9
2023-01-09 18:00,60.1,5.8,31.9
2023-01-09 19:00,70.0,5.8,19.2
2023-01-09 20:00,71.1,0.0,18.5
2023-01-09 21:00,73.0,0.0,15.9
2023-01-09 22:00,72.0,6.9,16.5
2023-01-09 23:00,70.0,8.1,19.2
2023-01-10 00:00,70.0,8.1,19.2
2023-01-10 01:00,63.0,3.4,31.2
2023-01-10 02:00,59.0,0.0,35.9
2023-01-10 03:00,55.9,0.0,41.9
2023-01-10 04:00,51.1,5.8,50.0
2023-01-10 05:00,48.9,10.3,51.9
2023-01-10 06:00,48.9,10.3,51.9
2023-01-10 07:00,48.0,5.8,47.4
2023-01-10 08:00,48.9,10.3,42.2
2023-01-10 09:00,46.9,10.3,47.6
2023-01-10 10:00,48.9,6.9,38.9
2023-01-10 11:00,45.0,0.0,47.2
2023-01-10 12:00,45.0,0.0,47.2
2023-01-10 13:00,46.9,10.3,41.9
2023-01-10 14:00,48.0,6.9,35.4
2023-01-10 15:00,48.0,3.4,38.8
2023-01-10 16:00,52.0,3.4,34.7
2023-01-10 17:00,60.1,5.8,25.9
2023-01-10 18:00,60.1,5.8,25.9
2023-01-10 19:00,70.0,6.9,13.1
2023-01-10 20:00,72.0,5.8,9.8
2023-01-10 21:00,73.9,8.1,12.5
2023-01-10 22:00,75.0,6.9,13.6
2023-01-10 23:00,73.9,8.1,15.5
2023-01-11 00:00,73.9,8.1,15.5
2023-01-11 01:00,66.0,6.9,21.0
2023-01-11 02:00,66.0,3.4,20.3
2023-01-11 03:00,61.0,3.4,25.1
2023-01-11 04:00,63.0,9.2,22.5
2023-01-11 05:00,59.0,5.8,26.9
2023-01-11 06:00,59.0,5.8,26.9
2023-01-11 07:00,57.9,4.7,27.0
2023-01-11 08:00,55.0,0.0,31.1
2023-01-11 09:00,52.0,0.0,39.4
2023-01-11 10:00,50.0,3.4,46.0
2023-01-11 11:00,46.9,4.7,53.5
2023-01-11 12:00,46.9,4.7,53.5
2023-01-11 13:00,46.0,4.7,57.8
2023-01-11 14:00,46.0,3.4,57.8
2023-01-11 15:00,48.0,4.7,56.0
2023-01-11 16:00,54.0,0.0,46.6
2023-01-11 17:00,57.9,5.8,40.4
2023-01-11 18:00,57.9,5.8,40.4
2023-01-11 19:00,62.1,3.4,32.2
2023-01-11 20:00,64.0,10.3,32.5
2023-01-11 21:00,63.0,9.2,31.2
2023-01-11 22:00,62.1,10.3,28.4
2023-01-11 23:00,60.1,8.1,29.4
2023-01-12 00:00,60.1,8.1,29.4
2023-01-12 01:00,55.9,3.4,37.0
2023-01-12 02:00,52.0,4.7,46.3
2023-01-12 03:00,51.1,4.7,45.8
2023-01-12 04:00,50.0,5.8,47.7
2023-01-12 05:00,50.0,0.0,47.7
2023-01-12 06:00,50.0,0.0,47.7
2023-01-12 07:00,44.1,5.8,65.1
2023-01-12 08:00,43.0,5.8,67.8
2023-01-12 09:00,42.1,3.4,67.2
2023-01-12 10:00,42.1,8.1,64.4
2023-01-12 11:00,41.0,3.4,67.1
2023-01-12 12:00,41.0,3.4,67.1
2023-01-12 13:00,41.0,10.3,64.7
2023-01-12 14:00,42.1,0.0,62.1
2023-01-12 15:00,46.9,8.1,53.5
2023-01-12 16:00,55.0,5.8,38.2
2023-01-12 17:00,64.0,19.7,20.7
2023-01-12 18:00,64.0,19.7,20.7
2023-01-12 19:00,71.1,11.4,16.3
2023-01-12 20:00,73.0,11.4,15.2
2023-01-12 21:00,75.0,11.4,14.3
2023-01-12 22:00,75.0,13.9,13.6
2023-01-12 23:00,73.9,5.8,14.1
2023-01-13 00:00,73.9,5.8,14.1
2023-01-13 01:00,66.9,10.3,15.9
2023-01-13 02:00,62.1,9.2,20.5
2023-01-13 03:00,62.1,11.4,18.8
2023-01-13 04:00,61.0,10.3,17.9
2023-01-13 05:00,59.0,8.1,19.2
2023-01-13 06:00,59.0,8.1,19.2
2023-01-13 07:00,57.0,9.2,20.7
2023-01-13 08:00,60.1,16.1,17.0
2023-01-13 09:00,61.0,21.9,15.7
2023-01-13 10:00,59.0,18.3,17.7
2023-01-13 11:00,57.0,13.9,19.0
2023-01-13 12:00,57.0,13.9,19.0
2023-01-13 13:00,57.0,13.9,19.0
2023-01-13 14:00,53.1,9.2,26.0
2023-01-13 15:00,61.0,18.3,16.5
2023-01-13 16:00,64.0,18.3,15.4
2023-01-13 17:00,66.9,12.8,15.1
2023-01-13 18:00,66.9,12.8,15.1
2023-01-13 19:00,73.9,8.1,13.0
2023-01-13 20:00,75.9,0.0,12.2
2023-01-13 21:00,80.1,6.9,11.1
2023-01-13 22:00,79.0,3.4,11.0
2023-01-13 23:00,75.0,10.3,13.6
2023-01-14 00:00,75.0,10.3,13.6
2023-01-14 01:00,68.0,0.0,18.9
2023-01-14 02:00,62.1,6.9,25.3
2023-01-14 03:00,57.0,4.7,32.8
2023-01-14 04:00,54.0,0.0,38.0
2023-01-14 05:00,54.0,6.9,35.1
2023-01-14 06:00,54.0,6.9,35.1
2023-01-14 07:00,50.0,3.4,42.4
2023-01-14 08:00,46.9,0.0,47.6
2023-01-14 09:00,48.9,9.2,44.2
2023-01-14 10:00,48.0,8.1,43.7
2023-01-14 11:00,50.0,6.9,40.6
2023-01-14 12:00,50.0,6.9,40.6
2023-01-14 13:00,48.9,12.8,40.7
2023-01-14 14:00,48.9,11.4,40.7
2023-01-14 15:00,54.0,8.1,35.1
2023-01-14 16:00,59.0,4.7,29.2
2023-01-14 17:00,64.0,5.8,24.5
2023-01-14 18:00,64.0,5.8,24.5
2023-01-14 19:00,70.0,0.0,19.2
2023-01-14 20:00,73.9,3.4,16.8
2023-01-14 21:00,73.9,5.8,17.4
2023-01-14 22:00,73.0,8.1,18.0
2023-01-14 23:00,68.0,3.4,22.3
2023-01-15 00:00,68.0,3.4,22.3
2023-01-15 01:00,63.0,3.4,29.9
2023-01-15 02:00,63.0,0.0,29.9
2023-01-15 03:00,62.1,5.8,32.2
2023-01-15 04:00,62.1,6.9,25.3
2023-01-15 05:00,62.1,6.9,22.2
2023-01-15 06:00,62.1,6.9,22.2
2023-01-15 07:00,60.1,3.4,21.0
2023-01-15 08:00,61.0,9.2,19.5
2023-01-15 09:00,61.0,11.4,21.3
2023-01-15 10:00,61.0,13.9,21.3
2023-01-15 11:00,60.1,11.4,21.9
2023-01-15 12:00,60.1,11.4,21.9
2023-01-15 13:00,60.1,24.2,34.5
2023-01-15 14:00,59.0,18.3,38.9
2023-01-15 15:00,57.9,5.8,43.7
2023-01-15 16:00,57.9,9.2,47.2
2023-01-15 17:00,,,
2023-01-15 18:00,59.0,18.3,41.4
2023-01-15 19:00,59.0,16.1,45.5
2023-01-15 20:00,57.9,13.9,55.5
2023-01-15 21:00,55.0,13.9,66.4
2023-01-15 22:00,55.0,18.3,68.8
2023-01-15 23:00,54.0,8.1,74.5
2023-01-16 00:00,54.0,8.1,74.5
2023-01-16 01:00,52.0,5.8,92.9
2023-01-16 02:00,51.1,0.0,92.3
2023-01-16 03:00,52.0,3.4,82.9
2023-01-16 04:00,51.1,3.4,89.2
2023-01-16 05:00,52.0,3.4,89.3
2023-01-16 06:00,52.0,3.4,89.3
2023-01-16 07:00,51.1,5.8,85.7
2023-01-16 08:00,52.0,0.0,86.3
2023-01-16 09:00,52.0,4.7,86.3
2023-01-16 10:00,52.0,4.7,86.3
2023-01-16 11:00,50.0,0.0,89.2
2023-01-16 12:00,50.0,0.0,89.2
2023-01-16 13:00,51.1,16.1,68.3
2023-01-16 14:00,50.0,0.0,80.0
2023-01-16 15:00,48.9,6.9,86.1
2023-01-16 16:00,48.9,5.8,86.1
2023-01-16 17:00,48.9,8.1,79.9
2023-01-16 18:00,48.9,8.1,79.9
2023-01-16 19:00,51.1,12.8,73.7
2023-01-16 20:00,53.1,9.2,71.4
2023-01-16 21:00,54.0,8.1,71.5
2023-01-16 22:00,54.0,8.1,71.5
2023-01-16 23:00,54.0,5.8,77.1
2023-01-17 00:00,57.0,9.2,74.3
2023-01-17 01:00,57.0,0.0,69.0
2023-01-17 02:00,55.0,11.4,77.2
2023-01-17 03:00,55.0,6.9,77.2
2023-01-17 04:00,55.9,9.2,71.7
2023-01-17 05:00,55.9,17.2,74.7
2023-01-17 06:00,55.9,17.2,74.7
2023-01-17 07:00,57.0,6.9,66.7
2023-01-17 08:00,57.0,11.4,64.0
2023-01-17 09:00,57.0,12.8,64.0
2023-01-17 10:00,54.0,9.2,74.5
2023-01-17 11:00,52.0,8.1,86.3
2023-01-17 12:00,51.1,5.8,89.2
2023-01-17 13:00,50.0,16.1,80.0
2023-01-17 14:00,48.0,12.8,73.4
2023-01-17 15:00,43.0,8.1,85.8
2023-01-17 16:00,45.0,4.7,79.6
2023-01-17 17:00,48.9,6.9,65.7
2023-01-17 18:00,48.9,6.9,65.7
2023-01-17 19:00,54.0,12.8,46.6
2023-01-17 20:00,54.0,16.1,45.0
2023-01-17 21:00,55.0,19.7,36.6
2023-01-17 22:00,54.0,12.8,38.0
2023-01-17 23:00,53.1,11.4,39.3
2023-01-18 00:00,53.1,11.4,39.3
2023-01-18 01:00,48.9,4.7,51.9
2023-01-18 02:00,46.9,4.7,60.5
2023-01-18 03:00,44.1,4.7,67.5
2023-01-18 04:00,43.0,3.4,67.8
2023-01-18 05:00,42.1,0.0,70.2
2023-01-18 06:00,42.1,0.0,70.2
2023-01-18 07:00,41.0,4.7,75.9
2023-01-18 08:00,39.0,4.7,75.7
2023-01-18 09:00,39.9,4.7,70.0
2023-01-18 10:00,39.9,4.7,73.1
2023-01-18 11:00,39.9,4.7,76.3
2023-01-18 12:00,39.9,4.7,76.3
2023-01-18 13:00,39.0,0.0,75.7
2023-01-18 14:00,39.0,4.7,75.7
2023-01-18 15:00,42.1,4.7,72.8
2023-01-18 16:00,48.0,3.4,58.1
2023-01-18 17:00,50.0,0.0,53.9
2023-01-18 18:00,50.0,0.0,53.9
2023-01-18 19:00,53.1,8.1,39.3
2023-01-18 20:00,55.0,6.9,38.2
2023-01-18 21:00,54.0,6.9,38.0
2023-01-18 22:00,55.0,0.0,32.5
2023-01-18 23:00,54.0,6.9,38.0
2023-01-19 00:00,54.0,6.9,38.0
2023-01-19 01:00,48.9,3.4,47.9
2023-01-19 02:00,48.0,3.4,47.4
2023-01-19 03:00,46.0,4.7,51.1
2023-01-19 04:00,44.1,0.0,55.0
2023-01-19 05:00,39.0,6.9,75.7
2023-01-19 06:00,39.0,6.9,75.7
2023-01-19 07:00,37.9,4.7,72.9
2023-01-19 08:00,36.0,4.7,75.4
2023-01-19 09:00,37.0,4.7,69.6
2023-01-19 10:00,36.0,4.7,75.4
2023-01-19 11:00,35.1,6.9,75.3
2023-01-19 12:00,35.1,6.9,75.3
2023-01-19 13:00,34.0,4.7,78.6
2023-01-19 14:00,35.1,5.8,72.0
2023-01-19 15:00,39.0,4.7,69.9
2023-01-19 16:00,44.1,6.9,57.5
2023-01-19 17:00,48.0,3.4,49.5
2023-01-19 18:00,48.0,3.4,49.5
2023-01-19 19:00,55.0,4.7,32.5
2023-01-19 20:00,57.9,0.0,24.6
2023-01-19 21:00,60.1,0.0,25.0
2023-01-19 22:00,60.1,4.7,28.1
2023-01-19 23:00,59.0,6.9,29.2
2023-01-20 00:00,59.0,6.9,29.2
2023-01-20 01:00,51.1,8.1,47.9
2023-01-20 02:00,48.9,5.8,51.9
2023-01-20 03:00,45.0,3.4,62.9
2023-01-20 04:00,43.0,5.8,70.3
2023-01-20 05:00,42.1,4.7,70.2
2023-01-20 06:00,42.1,4.7,70.2
2023-01-20 07:00,39.0,3.4,75.7
2023-01-20 08:00,35.1,0.0,81.7
2023-01-20 09:00,35.1,0.0,81.7
2023-01-20 10:00,36.0,3.4,78.8
2023-01-20 11:00,35.1,5.8,78.1
2023-01-20 12:00,35.1,5.8,78.1
2023-01-20 13:00,34.0,0.0,78.6
2023-01-20 14:00,36.0,8.1,72.7
2023-01-20 15:00,41.0,4.7,61.9
2023-01-20 16:00,46.9,6.9,49.4
2023-01-20 17:00,50.0,13.9,42.4
2023-01-20 18:00,50.0,13.9,42.4
2023-01-20 19:00,52.0,11.4,34.7
2023-01-20 20:00,53.1,12.8,32.2
2023-01-20 21:00,54.0,11.4,31.1
2023-01-20 22:00,54.0,13.9,28.4
2023-01-20 23:00,53.1,0.0,33.4
2023-01-21 00:00,53.1,0.0,33.4
2023-01-21 01:00,48.0,8.1,40.3
2023-01-21 02:00,46.0,9.2,43.4
2023-01-21 03:00,44.1,8.1,46.8
2023-01-21 04:00,39.9,9.2,57.3
2023-01-21 05:00,37.9,6.9,62.0
2023-01-21 06:00,37.9,6.9,62.0
2023-01-21 07:00,35.1,4.7,69.4
2023-01-21 08:00,36.0,3.4,67.0
2023-01-21 09:00,34.0,3.4,75.2
2023-01-21 10:00,33.1,3.4,75.1
2023-01-21 11:00,32.0,4.7,78.5
2023-01-21 12:00,32.0,4.7,78.5
2023-01-21 13:00,30.9,3.4,78.4
2023-01-21 14:00,30.0,0.0,81.3
2023-01-21 15:00,35.1,5.8,72.0
2023-01-21 16:00,39.0,3.4,66.9
2023-01-21 17:00,45.0,0.0,53.2
2023-01-21 18:00,45.0,0.0,53.2
2023-01-21 19:00,51.1,6.9,37.6
2023-01-21 20:00,54.0,3.4,33.8
2023-01-21 21:00,54.0,0.0,35.1
2023-01-21 22:00,55.0,6.9,33.7
2023-01-21 23:00,54.0,8.1,38.0
2023-01-22 00:00,54.0,8.1,38.0
2023-01-22 01:00,48.0,3.4,47.4
2023-01-22 02:00,45.0,4.7,53.2
2023-01-22 03:00,43.0,5.8,57.4
2023-01-22 04:00,41.0,4.7,61.9
2023-01-22 05:00,39.0,3.4,69.9
2023-01-22 06:00,39.0,3.4,69.9
2023-01-22 07:00,34.0,6.9,81.6
2023-01-22 08:00,35.1,4.7,75.3
2023-01-22 09:00,33.1,6.9,81.5
2023-01-22 10:00,32.0,5.8,78.5
2023-01-22 11:00,32.0,5.8,78.5
2023-01-22 12:00,32.0,5.8,78.5
2023-01-22 13:00,33.1,10.3,71.8
2023-01-22 14:00,35.1,9.2,66.4
2023-01-22 15:00,37.0,10.3,64.2
2023-01-22 16:00,45.0,10.3,51.3
2023-01-22 17:00,46.9,3.4,45.5
2023-01-22 18:00,46.9,3.4,45.5
2023-01-22 19:00,57.0,8.1,25.4
2023-01-22 20:00,60.1,4.7,21.0
2023-01-22 21:00,63.0,5.8,19.8
2023-01-22 22:00,64.9,,15.6
2023-01-22 23:00,62.1,13.9,20.5
2023-01-23 00:00,62.1,13.9,20.5
2023-01-23 01:00,59.0,5.8,20.0
2023-01-23 02:00,54.0,0.0,38.0
2023-01-23 03:00,54.0,9.2,31.1
2023-01-23 04:00,51.1,6.9,44.2
2023-01-23 05:00,48.9,8.1,47.9
2023-01-23 06:00,48.9,8.1,47.9
2023-01-23 07:00,45.0,3.4,49.0
2023-01-23 08:00,43.0,0.0,55.3
2023-01-23 09:00,42.1,0.0,57.2
2023-01-23 10:00,43.0,0.0,55.3
2023-01-23 11:00,42.1,6.9,50.4
2023-01-23 12:00,42.1,6.9,50.4
2023-01-23 13:00,42.1,9.2,37.5
2023-01-23 14:00,37.9,11.4,57.1
2023-01-23 15:00,37.9,3.4,52.1
2023-01-23 16:00,39.9,0.0,50.5
2023-01-23 17:00,41.0,5.8,40.9
2023-01-23 18:00,41.0,5.8,40.9
2023-01-23 19:00,44.1,0.0,33.4
2023-01-23 20:00,46.0,11.4,28.4
2023-01-23 21:00,45.0,8.1,28.3
2023-01-23 22:00,46.0,13.9,29.6
2023-01-23 23:00,45.0,12.8,30.8
2023-01-24 00:00,45.0,12.8,30.8
2023-01-24 01:00,41.0,5.8,35.9
2023-01-24 02:00,39.0,5.8,44.2
2023-01-24 03:00,39.9,4.7,44.3
2023-01-24 04:00,39.9,8.1,48.2
2023-01-24 05:00,37.0,9.2,69.6
2023-01-24 06:00,37.0,9.2,69.6
2023-01-24 07:00,33.1,3.4,84.6
2023-01-24 08:00,33.1,4.7,84.6
2023-01-24 09:00,32.0,4.7,85.1
2023-01-24 10:00,32.0,0.0,81.4
2023-01-24 11:00,30.0,4.7,85.0
2023-01-24 12:00,30.0,4.7,85.0
2023-01-24 13:00,28.9,5.8,78.2
2023-01-24 14:00,28.9,3.4,81.8
2023-01-24 15:00,34.0,9.2,69.3
2023-01-24 16:00,37.0,0.0,66.6
2023-01-24 17:00,41.0,0.0,59.7
2023-01-24 18:00,41.0,0.0,59.7
2023-01-24 19:00,46.9,4.7,41.9
2023-01-24 20:00,51.1,0.0,39.0
2023-01-24 21:00,51.1,5.8,39.0
2023-01-24 22:00,53.1,8.1,34.9
2023-01-24 23:00,53.1,11.4,34.9
2023-01-25 00:00,52.0,10.3,37.7
2023-01-25 01:00,46.9,5.8,49.4
2023-01-25 02:00,45.0,5.8,51.3
2023-01-25 03:00,43.0,3.4,55.3
2023-01-25 04:00,39.9,4.7,62.2
2023-01-25 05:00,37.9,4.7,64.3
2023-01-25 06:00,37.9,4.7,64.3
2023-01-25 07:00,36.0,4.7,72.7
2023-01-25 08:00,35.1,5.8,72.0
2023-01-25 09:00,34.0,5.8,72.5
2023-01-25 10:00,33.1,4.7,75.1
2023-01-25 11:00,32.0,5.8,75.0
2023-01-25 12:00,32.0,5.8,75.0
2023-01-25 13:00,32.0,3.4,75.0
2023-01-25 14:00,32.0,3.4,75.0
2023-01-25 15:00,34.0,3.4,72.5
2023-01-25 16:00,41.0,0.0,59.7
2023-01-25 17:00,46.0,0.0,51.1
2023-01-25 18:00,46.0,0.0,51.1
2023-01-25 19:00,54.0,0.0,36.7
2023-01-25 20:00,55.0,3.4,28.6
2023-01-25 21:00,57.0,8.1,27.8
2023-01-25 22:00,59.0,10.3,28.2
2023-01-25 23:00,55.0,10.3,38.2
2023-01-26 00:00,55.0,10.3,38.2
2023-01-26 01:00,50.0,8.1,47.7
2023-01-26 02:00,48.9,6.9,49.7
2023-01-26 03:00,44.1,5.8,59.7
2023-01-26 04:00,45.0,8.1,55.6
2023-01-26 05:00,43.0,4.7,48.7
2023-01-26 06:00,43.0,4.7,48.7
2023-01-26 07:00,37.0,3.4,69.6
2023-01-26 08:00,35.1,3.4,75.3
2023-01-26 09:00,36.0,6.9,67.0
2023-01-26 10:00,32.0,0.0,78.5
2023-01-26 11:00,33.1,0.0,75.1
2023-01-26 12:00,33.1,0.0,75.1
2023-01-26 13:00,28.9,0.0,78.2
2023-01-26 14:00,30.9,5.8,78.4
2023-01-26 15:00,37.0,3.4,64.2
2023-01-26 16:00,43.0,0.0,42.9
2023-01-26 17:00,50.0,5.8,30.2
2023-01-26 18:00,50.0,5.8,30.2
2023-01-26 19:00,57.0,11.4,19.7
2023-01-26 20:00,59.0,11.4,18.4
2023-01-26 21:00,59.0,12.8,17.7
2023-01-26 22:00,59.0,15.0,16.8
2023-01-26 23:00,57.9,11.4,17.5
2023-01-27 00:00,57.9,11.4,17.5
2023-01-27 01:00,53.1,6.9,21.9
2023-01-27 02:00,50.0,4.7,24.5
2023-01-27 03:00,48.0,4.7,27.5
2023-01-27 04:00,45.0,0.0,32.3
2023-01-27 05:00,41.0,0.0,39.1
2023-01-27 06:00,41.0,0.0,39.1
2023-01-27 07:00,37.9,0.0,44.0
2023-01-27 08:00,36.0,0.0,49.8
2023-01-27 09:00,35.1,3.4,51.7
2023-01-27 10:00,32.0,0.0,58.4
2023-01-27 11:00,37.0,4.7,45.6
2023-01-27 12:00,37.0,4.7,45.6
2023-01-27 13:00,43.0,13.9,34.8
2023-01-27 14:00,37.9,4.7,46.1
2023-01-27 15:00,44.1,4.7,37.8
2023-01-27 16:00,48.0,6.9,32.6
2023-01-27 17:00,51.1,5.8,25.7
2023-01-27 18:00,51.1,5.8,25.7
2023-01-27 19:00,59.0,9.2,18.4
2023-01-27 20:00,63.0,3.4,15.4
2023-01-27 21:00,64.0,6.9,14.1
2023-01-27 22:00,63.0,6.9,12.8
2023-01-27 23:00,63.0,5.8,13.4
2023-01-28 00:00,63.0,5.8,13.4
2023-01-28 01:00,54.0,3.4,24.0
2023-01-28 02:00,52.0,0.0,24.8
2023-01-28 03:00,46.9,0.0,33.9
2023-01-28 04:00,43.0,5.8,44.9
2023-01-28 05:00,41.0,6.9,46.3
2023-01-28 06:00,41.0,6.9,46.3
2023-01-28 07:00,39.9,6.9,44.3
2023-01-28 08:00,37.9,5.8,50.2
2023-01-28 09:00,39.0,5.8,44.2
2023-01-28 10:00,37.0,0.0,49.6
2023-01-28 11:00,37.9,3.4,47.9
2023-01-28 12:00,37.9,3.4,47.9
2023-01-28 13:00,37.0,4.7,49.6
2023-01-28 14:00,42.1,6.9,39.3
2023-01-28 15:00,44.1,8.1,37.8
2023-01-28 16:00,50.0,8.1,30.2
2023-01-28 17:00,57.0,5.8,23.4
2023-01-28 18:00,57.0,5.8,23.4
2023-01-28 19:00,63.0,0.0,18.2
2023-01-28 20:00,64.9,4.7,14.9
2023-01-28 21:00,66.0,4.7,14.3
2023-01-28 22:00,68.0,3.4,12.9
2023-01-28 23:00,66.9,4.7,12.2
2023-01-29 00:00,66.9,4.7,12.2
2023-01-29 01:00,57.9,4.7,21.8
2023-01-29 02:00,55.9,0.0,23.4
2023-01-29 03:00,48.9,4.7,34.2
2023-01-29 04:00,48.9,6.9,31.5
2023-01-29 05:00,45.0,4.7,36.5
2023-01-29 06:00,45.0,4.7,36.5
2023-01-29 07:00,43.0,6.9,39.4
2023-01-29 08:00,41.0,5.8,42.5
2023-01-29 09:00,36.0,4.7,54.2
2023-01-29 10:00,39.0,8.1,42.2
2023-01-29 11:00,42.1,6.9,33.1
2023-01-29 12:00,42.1,6.9,33.1
2023-01-29 13:00,36.0,0.0,45.8
2023-01-29 14:00,39.0,9.2,35.5
2023-01-29 15:00,46.0,4.7,29.6
2023-01-29 16:00,55.0,6.9,21.2
2023-01-29 17:00,60.1,16.1,18.5
2023-01-29 18:00,60.1,16.1,18.5
2023-01-29 19:00,66.0,11.4,14.3
2023-01-29 20:00,68.0,17.2,12.3
2023-01-29 21:00,68.0,25.3,11.7
2023-01-29 22:00,66.9,20.8,12.2
2023-01-29 23:00,66.0,17.2,12.5
2023-01-30 00:00,66.0,17.2,12.5
2023-01-30 01:00,60.1,6.9,18.5
2023-01-30 02:00,60.1,10.3,17.7
2023-01-30 03:00,57.0,8.1,20.7
2023-01-30 04:00,57.0,6.9,21.5
2023-01-30 05:00,55.9,0.0,23.4
2023-01-30 06:00,55.9,0.0,23.4
2023-01-30 07:00,46.9,6.9,63.2
2023-01-30 08:00,46.0,4.7,62.6
2023-01-30 09:00,42.1,4.7,67.2
2023-01-30 10:00,41.0,3.4,73.2
2023-01-30 11:00,43.0,3.4,48.7
2023-01-30 12:00,43.0,3.4,48.7
2023-01-30 13:00,37.0,3.4,64.2
2023-01-30 14:00,37.9,0.0,62.0
2023-01-30 15:00,45.0,0.0,57.7
2023-01-30 16:00,50.0,3.4,47.7
2023-01-30 17:00,54.0,4.7,38.0
2023-01-30 18:00,54.0,4.7,38.0
2023-01-30 19:00,60.1,4.7,29.4
2023-01-30 20:00,61.0,10.3,29.5
2023-01-30 21:00,62.1,6.9,32.2
2023-01-30 22:00,62.1,12.8,33.6
2023-01-30 23:00,61.0,10.3,34.9
2023-01-31 00:00,61.0,10.3,34.9
2023-01-31 01:00,54.0,5.8,50.4
2023-01-31 02:00,52.0,0.0,54.2
2023-01-31 03:00,50.0,0.0,58.4
2023-01-31 04:00,50.0,5.8,58.4
2023-01-31 05:00,45.0,4.7,68.1
2023-01-31 06:00,45.0,4.7,68.1
2023-01-31 07:00,41.0,5.8,73.2
2023-01-31 08:00,41.0,5.8,70.1
2023-01-31 09:00,39.0,6.9,75.7
2023-01-31 10:00,37.0,5.8,75.5
2023-01-31 11:00,37.0,4.7,75.5
2023-01-31 12:00,37.0,4.7,75.5
2023-01-31 13:00,37.0,5.8,75.5
2023-01-31 14:00,39.0,6.9,69.9
2023-01-31 15:00,45.0,8.1,60.2
2023-01-31 16:00,51.1,5.8,54.1
2023-01-31 17:00,54.0,4.7,48.7
2023-01-31 18:00,54.0,4.7,48.7
2023-01-31 19:00,59.0,4.7,31.7
2023-01-31 20:00,60.1,0.0,30.5
2023-01-31 21:00,61.0,6.9,30.9
2023-01-31 22:00,60.1,6.9,33.1
2023-01-31 23:00,59.0,6.9,34.4
2023-02-01 00:00,59.0,6.9,34.4
2023-02-01 01:00,54.0,8.1,54.5
2023-02-01 02:00,51.1,5.8,63.2
2023-02-01 03:00,48.9,5.8,68.5
2023-02-01 04:00,48.0,5.8,73.4
2023-02-01 05:00,46.0,3.4,79.1
2023-02-01 06:00,46.0,3.4,79.1
2023-02-01 07:00,43.0,4.7,82.2
2023-02-01 08:00,39.9,8.1,82.6
2023-02-01 09:00,39.0,4.7,82.0
2023-02-01 10:00,37.9,5.8,82.5
2023-02-01 11:00,37.0,0.0,81.8
2023-02-01 12:00,37.0,0.0,81.8
2023-02-01 13:00,36.0,4.7,85.4
2023-02-01 14:00,36.0,5.8,85.4
2023-02-01 15:00,39.9,0.0,79.1
2023-02-01 16:00,45.0,4.7,73.6
2023-02-01 17:00,52.0,0.0,63.4
2023-02-01 18:00,52.0,0.0,63.4
2023-02-01 19:00,57.9,6.9,49.3
2023-02-01 20:00,60.1,4.7,47.3
2023-02-01 21:00,61.0,11.4,40.9
2023-02-01 22:00,60.1,12.8,39.0
2023-02-01 23:00,60.1,11.4,37.4
2023-02-02 00:00,60.1,11.4,37.4
2023-02-02 01:00,55.0,11.4,46.8
2023-02-02 02:00,54.0,6.9,39.7
2023-02-02 03:00,48.9,5.8,49.7
2023-02-02 04:00,46.9,0.0,53.5
2023-02-02 05:00,46.0,3.4,53.4
2023-02-02 06:00,46.0,3.4,53.4
2023-02-02 07:00,41.0,4.7,64.7
2023-02-02 08:00,39.9,3.4,67.5
2023-02-02 09:00,39.9,3.4,67.5
2023-02-02 10:00,39.9,5.8,67.5
2023-02-02 11:00,37.9,5.8,72.9
2023-02-02 12:00,37.9,5.8,72.9
2023-02-02 13:00,36.0,6.9,75.4
2023-02-02 14:00,37.0,8.1,72.3
2023-02-02 15:00,44.1,4.7,59.7
2023-02-02 16:00,48.9,4.7,51.9
2023-02-02 17:00,54.0,0.0,43.1
2023-02-02 18:00,54.0,0.0,43.1
2023-02-02 19:00,61.0,0.0,28.5
2023-02-02 20:00,64.9,9.2,21.8
2023-02-02 21:00,66.0,,19.4
2023-02-02 22:00,66.0,5.8,21.0
2023-02-02 23:00,64.9,9.2,21.0
2023-02-03 00:00,64.9,9.2,21.0
2023-02-03 01:00,57.0,5.8,28.9
2023-02-03 02:00,54.0,3.4,31.1
2023-02-03 03:00,48.9,4.7,37.5
2023-02-03 04:00,48.0,3.4,40.3
2023-02-03 05:00,44.1,3.4,53.1
2023-02-03 06:00,44.1,3.4,53.1
2023-02-03 07:00,44.1,8.1,46.8
2023-02-03 08:00,41.0,3.4,50.6
2023-02-03 09:00,52.0,12.8,28.1
2023-02-03 10:00,52.0,12.8,27.0
2023-02-03 11:00,52.0,9.2,27.0
2023-02-03 12:00,52.0,9.2,27.0
2023-02-03 13:00,55.0,17.2,24.2
2023-02-03 14:00,55.9,16.1,23.4
2023-02-03 15:00,57.9,16.1,21.8
2023-02-03 16:00,63.0,23.0,16.0
2023-02-03 17:00,64.9,30.0,14.9
2023-02-03 18:00,64.9,30.0,14.9
2023-02-03 19:00,69.1,13.9,14.1
2023-02-03 20:00,72.0,16.1,12.3
2023-02-03 21:00,73.0,12.8,11.8
2023-02-03 22:00,73.9,11.4,11.5
2023-02-03 23:00,72.0,9.2,12.3
2023-02-04 00:00,72.0,9.2,12.3
2023-02-04 01:00,66.0,4.7,17.0
2023-02-04 02:00,64.0,0.0,19.1
2023-02-04 03:00,62.1,3.4,21.2
2023-02-04 04:00,59.0,6.9,23.7
2023-02-04 05:00,57.0,5.8,25.4
2023-02-04 06:00,57.0,5.8,25.4
2023-02-04 07:00,50.0,6.9,36.0
2023-02-04 08:00,50.0,6.9,34.4
2023-02-04 09:00,45.0,4.7,45.2
2023-02-04 10:00,50.0,5.8,34.4
2023-02-04 11:00,48.9,9.2,34.2
2023-02-04 12:00,48.9,9.2,34.2
2023-02-04 13:00,45.0,8.1,41.6
2023-02-04 14:00,45.0,9.2,43.5
2023-02-04 15:00,52.0,9.2,34.7
2023-02-04 16:00,59.0,8.1,26.9
2023-02-04 17:00,64.9,6.9,21.8
2023-02-04 18:00,64.9,6.9,21.8
2023-02-04 19:00,73.9,3.4,14.1
2023-02-04 20:00,77.0,0.0,12.3
2023-02-04 21:00,79.0,5.8,11.0
2023-02-04 22:00,77.0,3.4,9.1
2023-02-04 23:00,79.0,0.0,8.5
2023-02-05 00:00,79.0,0.0,8.5
2023-02-05 01:00,68.0,4.7,21.3
2023-02-05 02:00,62.1,5.8,29.7
2023-02-05 03:00,59.0,3.4,34.4
2023-02-05 04:00,55.9,6.9,38.4
2023-02-05 05:00,50.0,8.1,44.0
2023-02-05 06:00,50.0,8.1,44.0
2023-02-05 07:00,48.9,6.9,38.9
2023-02-05 08:00,46.9,5.8,40.4
2023-02-05 09:00,45.0,5.8,45.2
2023-02-05 10:00,44.1,4.7,46.8
2023-02-05 11:00,45.0,8.1,41.6
2023-02-05 12:00,45.0,8.1,41.6
2023-02-05 13:00,44.1,8.1,45.0
2023-02-05 14:00,46.9,9.2,36.9
2023-02-05 15:00,53.1,6.9,32.2
2023-02-05 16:00,61.0,3.4,24.2
2023-02-05 17:00,68.0,4.7,19.6
2023-02-05 18:00,68.0,4.7,19.6
2023-02-05 19:00,78.1,5.8,13.5
2023-02-05 20:00,79.0,6.9,13.1
2023-02-05 21:00,78.1,11.4,14.0
2023-02-05 22:00,77.0,11.4,12.3
2023-02-05 23:00,73.9,13.9,16.8
2023-02-06 00:00,73.9,13.9,16.8
2023-02-06 01:00,64.9,10.3,24.8
2023-02-06 02:00,62.1,8.1,28.4
2023-02-06 03:00,60.1,5.8,30.5
2023-02-06 04:00,55.9,4.7,35.4
2023-02-06 05:00,55.0,5.8,36.6
2023-02-06 06:00,55.0,5.8,36.6
2023-02-06 07:00,50.0,6.9,44.0
2023-02-06 08:00,48.0,0.0,47.4
2023-02-06 09:00,44.1,0.0,55.0
2023-02-06 10:00,44.1,6.9,55.0
2023-02-06 11:00,41.0,6.9,57.1
2023-02-06 12:00,41.0,6.9,57.1
2023-02-06 13:00,43.0,6.9,44.9
2023-02-06 14:00,42.1,3.4,46.4
2023-02-06 15:00,46.9,0.0,41.9
2023-02-06 16:00,55.0,6.9,39.6
2023-02-06 17:00,57.0,12.8,35.6
2023-02-06 18:00,57.0,12.8,35.6
2023-02-06 19:00,60.1,11.4,23.9
2023-02-06 20:00,63.0,9.2,17.4
2023-02-06 21:00,62.1,18.3,20.5
2023-02-06 22:00,60.1,15.0,20.2
2023-02-06 23:00,59.0,17.2,21.0
2023-02-07 00:00,59.0,17.2,21.0
2023-02-07 01:00,54.0,5.8,32.3
2023-02-07 02:00,52.0,4.7,34.7
2023-02-07 03:00,50.0,3.4,39.1
2023-02-07 04:00,46.0,6.9,43.4
2023-02-07 05:00,44.1,5.8,45.0
2023-02-07 06:00,44.1,5.8,45.0
2023-02-07 07:00,42.1,0.0,48.6
2023-02-07 08:00,39.9,4.7,52.8
2023-02-07 09:00,39.0,5.8,54.7
2023-02-07 10:00,37.0,6.9,59.1
2023-02-07 11:00,37.0,4.7,56.5
2023-02-07 12:00,37.0,4.7,56.5
2023-02-07 13:00,34.0,6.9,61.0
2023-02-07 14:00,35.1,4.7,61.1
2023-02-07 15:00,41.0,3.4,50.6
2023-02-07 16:00,46.9,0.0,40.4
2023-02-07 17:00,55.0,11.4,27.3
2023-02-07 18:00,55.0,11.4,27.3
2023-02-07 19:00,57.9,11.4,22.6
2023-02-07 20:00,57.9,9.2,22.6
2023-02-07 21:00,60.1,11.4,21.9
2023-02-07 22:00,60.1,11.4,22.8
2023-02-07 23:00,60.1,10.3,22.8
2023-02-08 00:00,60.1,10.3,22.8
2023-02-08 01:00,53.1,5.8,29.4
2023-02-08 02:00,52.0,5.8,30.6
2023-02-08 03:00,50.0,3.4,32.9
2023-02-08 04:00,46.9,3.4,36.9
2023-02-08 05:00,45.0,4.7,39.7
2023-02-08 06:00,45.0,4.7,39.7
2023-02-08 07:00,41.0,5.8,46.3
2023-02-08 08:00,39.0,5.8,50.0
2023-02-08 09:00,37.9,4.7,52.1
2023-02-08 10:00,36.0,4.7,56.3
2023-02-08 11:00,36.0,6.9,56.3
2023-02-08 12:00,36.0,6.9,56.3
2023-02-08 13:00,35.1,8.1,56.2
2023-02-08 14:00,37.0,5.8,52.0
2023-02-08 15:00,45.0,5.8,41.6
2023-02-08 16:00,48.9,3.4,35.8
2023-02-08 17:00,55.9,0.0,29.0
2023-02-08 18:00,55.9,0.0,29.0
2023-02-08 19:00,62.1,4.7,19.5
2023-02-08 20:00,63.0,6.9,19.8
2023-02-08 21:00,64.0,6.9,17.5
2023-02-08 22:00,64.9,10.3,17.0
2023-02-08 23:00,64.0,8.1,19.1
2023-02-09 00:00,64.0,8.1,19.1
2023-02-09 01:00,55.9,3.4,24.3
2023-02-09 02:00,53.1,3.4,29.4
2023-02-09 03:00,54.0,5.8,28.4
2023-02-09 04:00,48.9,6.9,34.2
2023-02-09 05:00,46.0,5.8,38.1
2023-02-09 06:00,46.0,5.8,38.1
2023-02-09 07:00,42.1,4.7,44.4
2023-02-09 08:00,39.0,6.9,52.3
2023-02-09 09:00,39.0,5.8,52.3
2023-02-09 10:00,39.0,5.8,50.0
2023-02-09 11:00,37.0,8.1,54.0
2023-02-09 12:00,37.0,8.1,54.0
2023-02-09 13:00,36.0,8.1,54.2
2023-02-09 14:00,37.0,5.8,49.6
2023-02-09 15:00,43.0,5.8,42.9
2023-02-09 16:00,48.0,0.0,35.4
2023-02-09 17:00,55.9,5.8,27.7
2023-02-09 18:00,55.9,5.8,27.7
2023-02-09 19:00,62.1,0.0,17.9
2023-02-09 20:00,66.9,12.8,12.2
2023-02-09 21:00,66.0,16.1,8.0
2023-02-09 22:00,64.9,16.1,7.6
2023-02-09 23:00,64.0,16.1,7.8
2023-02-10 00:00,64.0,16.1,7.8
2023-02-10 01:00,57.0,5.8,10.1
2023-02-10 02:00,53.1,8.1,14.0
2023-02-10 03:00,48.9,5.8,17.1
2023-02-10 04:00,46.9,6.9,18.4
2023-02-10 05:00,44.1,4.7,21.4
2023-02-10 06:00,44.1,4.7,21.4
2023-02-10 07:00,39.9,5.8,28.8
2023-02-10 08:00,48.0,9.2,16.0
2023-02-10 09:00,50.0,10.3,14.9
2023-02-10 10:00,48.0,13.9,18.4
2023-02-10 11:00,46.9,17.2,19.2
2023-02-10 12:00,46.9,17.2,19.2
2023-02-10 13:00,46.9,16.1,19.2
2023-02-10 14:00,46.9,23.0,20.1
2023-02-10 15:00,50.0,21.9,18.7
2023-02-10 16:00,53.1,19.7,16.0
2023-02-10 17:00,55.9,30.0,13.8
2023-02-10 18:00,55.9,30.0,13.8
2023-02-10 19:00,62.1,30.0,12.1
2023-02-10 20:00,66.0,17.2,10.5
2023-02-10 21:00,66.9,21.9,9.3
2023-02-10 22:00,66.9,23.0,9.8
2023-02-10 23:00,66.9,19.7,9.8
2023-02-11 00:00,66.9,19.7,9.8
2023-02-11 01:00,62.1,8.1,11.6
2023-02-11 02:00,61.0,20.8,12.1
2023-02-11 03:00,59.0,21.9,12.9
2023-02-11 04:00,55.0,24.2,15.5
2023-02-11 05:00,54.0,17.2,15.5
2023-02-11 06:00,54.0,17.2,15.5
2023-02-11 07:00,53.1,16.1,14.0
2023-02-11 08:00,52.0,24.2,14.5
2023-02-11 09:00,52.0,25.3,13.8
2023-02-11 10:00,53.1,23.0,12.7
2023-02-11 11:00,52.0,21.9,13.3
2023-02-11 12:00,52.0,21.9,13.3
2023-02-11 13:00,52.0,27.7,13.8
2023-02-11 14:00,52.0,21.9,13.8
2023-02-11 15:00,54.0,21.9,14.2
2023-02-11 16:00,57.0,18.3,12.7
2023-02-11 17:00,61.0,13.9,12.6
2023-02-11 18:00,61.0,13.9,12.6
2023-02-11 19:00,64.0,18.3,11.8
2023-02-11 20:00,68.0,8.1,12.3
2023-02-11 21:00,68.0,12.8,10.3
2023-02-11 22:00,69.1,8.1,11.3
2023-02-11 23:00,69.1,0.0,12.4
2023-02-12 00:00,69.1,0.0,12.4
2023-02-12 01:00,64.9,0.0,13.0
2023-02-12 02:00,57.9,4.7,18.4
2023-02-12 03:00,60.1,0.0,17.0
2023-02-12 04:00,53.1,4.7,27.0
2023-02-12 05:00,53.1,6.9,28.3
2023-02-12 06:00,53.1,6.9,28.3
2023-02-12 07:00,50.0,5.8,34.4
2023-02-12 08:00,48.0,3.4,37.1
2023-02-12 09:00,45.0,5.8,45.2
2023-02-12 10:00,48.0,8.1,38.8
2023-02-12 11:00,45.0,5.8,43.5
2023-02-12 12:00,45.0,5.8,43.5
2023-02-12 13:00,39.9,4.7,46.4
2023-02-12 14:00,41.0,0.0,46.3
2023-02-12 15:00,51.1,4.7,31.6
2023-02-12 16:00,57.9,4.7,24.6
2023-02-12 17:00,66.9,5.8,14.6
2023-02-12 18:00,66.9,5.8,14.6
2023-02-12 19:00,73.0,3.4,9.9
2023-02-12 20:00,77.0,17.2,7.3
2023-02-12 21:00,77.0,18.3,7.9
2023-02-12 22:00,75.9,20.8,7.9
2023-02-12 23:00,73.9,26.4,6.4
2023-02-13 00:00,73.9,26.4,6.4
2023-02-13 01:00,66.9,11.4,8.1
2023-02-13 02:00,64.9,11.4,9.6
2023-02-13 03:00,55.0,11.4,44.8
2023-02-13 04:00,51.1,4.7,54.1
2023-02-13 05:00,50.0,4.7,56.3
2023-02-13 06:00,50.0,4.7,56.3
2023-02-13 07:00,48.0,9.2,58.1
2023-02-13 08:00,46.9,4.7,60.5
2023-02-13 09:00,42.1,6.9,67.2
2023-02-13 10:00,41.0,5.8,70.1
2023-02-13 11:00,39.9,5.8,70.0
2023-02-13 12:00,39.9,5.8,70.0
2023-02-13 13:00,37.9,4.7,72.9
2023-02-13 14:00,42.1,9.2,70.2
2023-02-13 15:00,43.0,5.8,85.8
2023-02-13 16:00,48.0,6.9,70.9
2023-02-13 17:00,48.0,9.2,67.9
2023-02-13 18:00,48.0,9.2,67.9
2023-02-13 19:00,55.9,17.2,40.1
2023-02-13 20:00,46.0,17.2,67.7
2023-02-13 21:00,46.9,11.4,70.8
2023-02-13 22:00,48.2,13.9,61.5
2023-02-13 23:00,48.0,13.9,60.6
2023-02-14 00:00,46.0,8.1,65.3
2023-02-14 01:00,44.1,11.4,76.2
2023-02-14 02:00,42.1,11.4,78.8
2023-02-14 03:00,43.0,6.9,76.1
2023-02-14 04:00,43.0,5.8,76.1
2023-02-14 05:00,43.0,5.8,76.1
2023-02-14 06:00,43.0,5.8,76.1
2023-02-14 07:00,43.0,8.1,76.1
2023-02-14 08:00,42.1,9.2,78.8
2023-02-14 09:00,42.1,5.8,76.0
2023-02-14 10:00,42.1,9.2,72.8
2023-02-14 11:00,42.1,8.1,72.8
2023-02-14 12:00,42.1,8.1,72.8
2023-02-14 13:00,41.0,9.2,73.2
2023-02-14 14:00,41.0,5.8,70.1
2023-02-14 15:00,46.9,11.4,58.4
2023-02-14 16:00,48.9,19.7,49.7
2023-02-14 17:00,51.1,12.8,51.8
2023-02-14 18:00,51.1,12.8,51.8
2023-02-14 19:00,55.9,16.1,43.4
2023-02-14 20:00,59.0,24.2,40.6
2023-02-14 21:00,60.1,28.9,39.0
2023-02-14 22:00,60.1,27.7,39.0
2023-02-14 23:00,62.1,21.9,33.6
2023-02-15 00:00,62.1,21.9,33.6
2023-02-15 01:00,55.9,15.0,43.4
2023-02-15 02:00,55.0,11.4,46.8
2023-02-15 03:00,55.0,11.4,46.8
2023-02-15 04:00,54.0,15.0,46.6
2023-02-15 05:00,50.0,18.3,63.1
2023-02-15 06:00,50.0,18.3,63.1
2023-02-15 07:00,41.0,20.8,79.2
2023-02-15 08:00,37.9,19.7,82.5
2023-02-15 09:00,34.0,8.1,92.4
2023-02-15 10:00,34.0,5.8,92.4
2023-02-15 11:00,37.0,3.4,81.8
2023-02-15 12:00,37.0,3.4,81.8
2023-02-15 13:00,37.0,4.7,81.8
2023-02-15 14:00,37.0,3.4,81.8
2023-02-15 15:00,39.9,6.9,73.1
2023-02-15 16:00,42.1,9.2,59.4
2023-02-15 17:00,44.1,10.3,45.0
2023-02-15 18:00,44.1,10.3,45.0
2023-02-15 19:00,46.9,9.2,27.5
2023-02-15 20:00,48.9,15.0,25.5
2023-02-15 21:00,50.0,12.8,25.5
2023-02-15 22:00,50.0,12.8,24.5
2023-02-15 23:00,48.9,10.3,22.3
2023-02-16 00:00,48.9,10.3,22.3
2023-02-16 01:00,44.1,13.9,33.4
2023-02-16 02:00,42.1,8.1,39.3
2023-02-16 03:00,41.0,4.7,44.5
2023-02-16 04:00,39.0,0.0,50.0
2023-02-16 05:00,37.0,4.7,54.0
2023-02-16 06:00,37.0,4.7,54.0
2023-02-16 07:00,33.1,0.0,66.1
2023-02-16 08:00,32.0,4.7,72.3
2023-02-16 09:00,30.9,3.4,72.1
2023-02-16 10:00,28.9,3.4,78.2
2023-02-16 11:00,30.0,4.7,71.5
2023-02-16 12:00,30.0,4.7,71.5
2023-02-16 13:00,28.9,5.8,71.9
2023-02-16 14:00,28.0,3.4,74.6
2023-02-16 15:00,33.1,0.0,66.1
2023-02-16 16:00,39.0,0.0,52.3
2023-02-16 17:00,48.0,10.3,27.5
2023-02-16 18:00,48.0,10.3,27.5
2023-02-16 19:00,50.0,0.0,24.5
2023-02-16 20:00,54.0,6.9,18.5
2023-02-16 21:00,55.0,4.7,18.5
2023-02-16 22:00,55.0,8.1,19.4
2023-02-16 23:00,55.9,5.8,17.9
2023-02-17 00:00,55.9,5.8,17.9
2023-02-17 01:00,51.1,0.0,26.7
2023-02-17 02:00,48.0,0.0,32.6
2023-02-17 03:00,46.9,10.3,27.5
2023-02-17 04:00,45.0,8.1,30.8
2023-02-17 05:00,43.0,9.2,32.0
2023-02-17 06:00,43.0,9.2,32.0
2023-02-17 07:00,44.1,8.1,27.9
2023-02-17 08:00,39.9,8.1,37.4
2023-02-17 09:00,44.1,6.9,27.9
2023-02-17 10:00,44.1,12.8,25.6
2023-02-17 11:00,45.0,12.8,22.6
2023-02-17 12:00,45.0,12.8,22.6
2023-02-17 13:00,45.0,24.2,21.7
2023-02-17 14:00,46.0,32.2,20.8
2023-02-17 15:00,48.9,21.9,17.8
2023-02-17 16:00,52.0,30.0,15.3
2023-02-17 17:00,53.1,32.2,16.0
2023-02-17 18:00,53.1,32.2,16.0
2023-02-17 19:00,60.1,25.3,13.6
2023-02-17 20:00,64.0,24.2,11.8
2023-02-17 21:00,63.0,20.8,12.8
2023-02-17 22:00,63.0,19.7,13.4
2023-02-17 23:00,63.0,19.7,13.4
2023-02-18 00:00,63.0,19.7,13.4
2023-02-18 01:00,60.1,16.1,14.9
2023-02-18 02:00,59.0,20.8,15.4
2023-02-18 03:00,59.0,20.8,15.4
2023-02-18 04:00,57.9,16.1,16.7
2023-02-18 05:00,57.9,19.7,16.1
2023-02-18 06:00,57.9,19.7,16.1
2023-02-18 07:00,55.9,17.2,17.9
2023-02-18 08:00,55.9,18.3,17.9
2023-02-18 09:00,55.9,6.9,18.8
2023-02-18 10:00,55.9,15.0,17.9
2023-02-18 11:00,55.9,15.0,17.9
2023-02-18 12:00,55.9,15.0,17.9
2023-02-18 13:00,51.1,3.4,24.5
2023-02-18 14:00,54.0,13.9,22.0
2023-02-18 15:00,57.9,9.2,20.8
2023-02-18 16:00,62.1,6.9,20.5
2023-02-18 17:00,64.9,0.0,21.0
2023-02-18 18:00,64.9,0.0,21.0
2023-02-18 19:00,69.1,0.0,22.3
2023-02-18 20:00,71.1,0.0,22.6
2023-02-18 21:00,73.0,0.0,23.0
2023-02-18 22:00,73.9,0.0,22.3
2023-02-18 23:00,73.9,4.7,21.4
2023-02-19 00:00,73.9,4.7,21.4
2023-02-19 01:00,66.0,6.9,31.7
2023-02-19 02:00,64.0,3.4,35.2
2023-02-19 03:00,59.0,5.8,42.0
2023-02-19 04:00,57.9,0.0,43.7
2023-02-19 05:00,55.9,5.8,49.0
2023-02-19 06:00,55.9,5.8,49.0
2023-02-19 07:00,52.0,6.9,56.6
2023-02-19 08:00,51.1,4.7,58.5
2023-02-19 09:00,54.0,4.7,52.6
2023-02-19 10:00,53.1,6.9,58.8
2023-02-19 11:00,54.0,0.0,56.9
2023-02-19 12:00,54.0,0.0,56.9
2023-02-19 13:00,54.0,6.9,56.9
2023-02-19 14:00,55.9,5.8,50.7
2023-02-19 15:00,57.0,3.4,52.7
2023-02-19 16:00,60.1,6.9,45.6
2023-02-19 17:00,64.0,9.2,39.7
2023-02-19 18:00,64.0,9.2,39.7
2023-02-19 19:00,68.0,16.1,42.0
2023-02-19 20:00,66.9,13.9,48.6
2023-02-19 21:00,66.0,15.0,50.2
2023-02-19 22:00,66.0,8.1,50.2
2023-02-19 23:00,64.9,8.1,52.1
2023-02-20 00:00,64.9,8.1,52.1
2023-02-20 01:00,62.1,4.7,55.7
2023-02-20 02:00,61.0,5.8,57.9
2023-02-20 03:00,60.1,8.1,61.8
2023-02-20 04:00,59.0,6.9,64.2
2023-02-20 05:00,59.0,3.4,64.2
2023-02-20 06:00,59.0,3.4,64.2
2023-02-20 07:00,57.9,8.1,66.8
2023-02-20 08:00,57.0,10.3,69.0
2023-02-20 09:00,57.0,5.8,66.7
2023-02-20 10:00,57.0,3.4,69.0
2023-02-20 11:00,57.0,6.9,69.0
2023-02-20 12:00,57.0,6.9,69.0
2023-02-20 13:00,54.0,9.2,80.3
2023-02-20 14:00,55.9,5.8,71.7
2023-02-20 15:00,57.9,4.7,69.5
2023-02-20 16:00,61.0,10.3,59.9
2023-02-20 17:00,64.9,9.2,48.3
2023-02-20 18:00,64.9,9.2,48.3
2023-02-20 19:00,66.0,5.8,46.6
2023-02-20 20:00,66.9,0.0,45.1
2023-02-20 21:00,70.0,5.8,40.6
2023-02-20 22:00,70.0,0.0,39.3
2023-02-20 23:00,69.1,5.8,40.5
2023-02-21 00:00,69.1,5.8,40.5
2023-02-21 01:00,64.9,0.0,48.3
2023-02-21 02:00,64.0,3.4,49.9
2023-02-21 03:00,63.0,4.7,51.8
2023-02-21 04:00,61.0,5.8,55.5
2023-02-21 05:00,61.0,6.9,55.5
2023-02-21 06:00,61.0,6.9,55.5
2023-02-21 07:00,59.0,0.0,62.1
2023-02-21 08:00,57.9,4.7,64.5
2023-02-21 09:00,57.9,6.9,64.5
2023-02-21 10:00,54.0,0.0,74.5
2023-02-21 11:00,57.0,5.8,66.7
2023-02-21 12:00,57.0,5.8,66.7
2023-02-21 13:00,54.0,5.8,71.5
2023-02-21 14:00,54.0,0.0,74.5
2023-02-21 15:00,57.9,0.0,66.8
2023-02-21 16:00,60.1,4.7,61.8
2023-02-21 17:00,61.0,3.4,57.9
2023-02-21 18:00,61.0,3.4,57.9
2023-02-21 19:00,61.0,3.4,59.9
2023-02-21 20:00,59.0,11.4,72.0
2023-02-21 21:00,60.1,6.9,59.7
2023-02-21 22:00,61.0,11.4,49.8
2023-02-21 23:00,60.1,15.0,45.6
2023-02-22 00:00,60.1,13.9,45.6
2023-02-22 01:00,53.1,8.1,79.7
2023-02-22 02:00,53.1,9.2,73.9
2023-02-22 03:00,54.0,11.4,69.1
2023-02-22 04:00,53.1,11.4,71.4
2023-02-22 05:00,53.1,10.3,68.5
2023-02-22 06:00,53.1,10.3,68.5
2023-02-22 07:00,52.0,20.8,68.9
2023-02-22 08:00,52.0,25.3,66.1
2023-02-22 09:00,53.1,25.3,60.9
2023-02-22 10:00,53.1,19.7,58.8
2023-02-22 11:00,53.1,25.3,58.8
2023-02-22 12:00,53.1,25.3,58.8
2023-02-22 13:00,53.1,17.2,56.4
2023-02-22 14:00,53.1,15.0,54.4
2023-02-22 15:00,53.1,20.8,60.9
2023-02-22 16:00,53.1,20.8,63.5
2023-02-22 17:00,54.0,24.2,61.4
2023-02-22 18:00,54.0,24.2,61.4
2023-02-22 19:00,45.0,20.8,68.1
2023-02-22 20:00,46.9,19.7,58.4
2023-02-22 21:00,50.0,19.7,47.7
2023-02-22 22:00,51.1,15.0,45.8
2023-02-22 23:00,51.1,15.0,42.3
2023-02-23 00:00,51.1,15.0,42.3
2023-02-23 01:00,48.9,8.1,47.9
2023-02-23 02:00,48.0,8.1,56.0
2023-02-23 03:00,48.9,6.9,54.2
2023-02-23 04:00,48.0,3.4,60.6
2023-02-23 05:00,46.9,9.2,68.3
2023-02-23 06:00,46.9,9.2,68.3
2023-02-23 07:00,46.9,8.1,60.5
2023-02-23 08:00,46.9,6.9,60.5
2023-02-23 09:00,46.9,6.9,60.5
2023-02-23 10:00,46.9,0.0,65.4
2023-02-23 11:00,46.0,5.8,73.2
2023-02-23 12:00,46.0,5.8,73.2
2023-02-23 13:00,45.0,4.7,76.3
2023-02-23 14:00,45.0,9.2,70.5
2023-02-23 15:00,46.9,10.3,60.5
2023-02-23 16:00,50.0,12.8,52.0
2023-02-23 17:00,53.1,20.8,44.5
2023-02-23 18:00,53.1,20.8,44.5
2023-02-23 19:00,57.0,18.3,32.8
2023-02-23 20:00,57.9,16.1,30.4
2023-02-23 21:00,60.1,17.2,28.1
2023-02-23 22:00,59.0,11.4,30.6
2023-02-23 23:00,60.1,10.3,30.5
2023-02-24 00:00,60.1,10.3,30.5
2023-02-24 01:00,55.0,6.9,36.6
2023-02-24 02:00,53.1,3.4,41.1
2023-02-24 03:00,50.0,3.4,47.7
2023-02-24 04:00,50.0,4.7,46.0
2023-02-24 05:00,48.0,3.4,51.4
2023-02-24 06:00,48.0,3.4,51.4
2023-02-24 07:00,45.0,3.4,62.9
2023-02-24 08:00,43.0,0.0,70.3
2023-02-24 09:00,43.0,5.8,70.3
2023-02-24 10:00,39.9,0.0,76.3
2023-02-24 11:00,37.9,5.8,75.6
2023-02-24 12:00,37.9,5.8,75.6
2023-02-24 13:00,37.9,3.4,75.6
2023-02-24 14:00,39.0,5.8,75.7
2023-02-24 15:00,45.0,0.0,62.9
2023-02-24 16:00,48.9,0.0,56.2
2023-02-24 17:00,54.0,0.0,48.7
2023-02-24 18:00,54.0,0.0,48.7
2023-02-24 19:00,64.9,0.0,32.9
2023-02-24 20:00,69.1,3.4,21.5
2023-02-24 21:00,68.0,5.8,24.2
2023-02-24 22:00,70.0,9.2,22.6
2023-02-24 23:00,68.0,8.1,26.2
2023-02-25 00:00,68.0,8.1,26.2
2023-02-25 01:00,62.1,4.7,36.4
2023-02-25 02:00,59.0,5.8,42.0
2023-02-25 03:00,57.0,3.4,47.1
2023-02-25 04:00,55.0,4.7,48.5
2023-02-25 05:00,54.0,0.0,50.4
2023-02-25 06:00,54.0,0.0,50.4
2023-02-25 07:00,51.1,0.0,58.5
2023-02-25 08:00,50.0,6.9,56.3
2023-02-25 09:00,48.9,6.9,58.6
2023-02-25 10:00,50.0,8.1,52.0
2023-02-25 11:00,50.0,4.7,52.0
2023-02-25 12:00,50.0,4.7,52.0
2023-02-25 13:00,48.0,4.7,53.7
2023-02-25 14:00,48.0,4.7,56.0
2023-02-25 15:00,54.0,4.7,43.1
2023-02-25 16:00,60.1,9.2,33.1
2023-02-25 17:00,64.0,4.7,23.6
2023-02-25 18:00,64.0,4.7,23.6
2023-02-25 19:00,72.0,8.1,11.3
2023-02-25 20:00,75.0,15.0,7.4
2023-02-25 21:00,75.0,13.9,7.1
2023-02-25 22:00,75.9,20.8,7.5
2023-02-25 23:00,73.9,16.1,9.2
2023-02-26 00:00,73.9,16.1,9.2
2023-02-26 01:00,68.0,0.0,13.4
2023-02-26 02:00,66.0,0.0,15.6
2023-02-26 03:00,64.0,5.8,18.2
2023-02-26 04:00,64.0,4.7,19.1
2023-02-26 05:00,62.1,9.2,21.2
2023-02-26 06:00,62.1,9.2,21.2
2023-02-26 07:00,59.0,0.0,26.9
2023-02-26 08:00,55.0,4.7,35.2
2023-02-26 09:00,54.0,4.7,41.2
2023-02-26 10:00,53.1,11.4,48.2
2023-02-26 11:00,53.1,13.9,50.3
2023-02-26 12:00,53.1,13.9,50.3
2023-02-26 13:00,50.0,13.9,68.2
2023-02-26 14:00,46.0,16.1,82.5
2023-02-26 15:00,37.9,8.1,89.3
2023-02-26 16:00,39.9,0.0,85.6
2023-02-26 17:00,41.0,10.3,85.7
2023-02-26 18:00,44.1,15.0,76.2
2023-02-26 19:00,50.0,11.4,42.4
2023-02-26 20:00,53.1,17.2,36.2
2023-02-26 21:00,54.0,20.8,32.3
2023-02-26 22:00,54.0,15.0,32.3
2023-02-26 23:00,54.0,9.2,32.3
2023-02-27 00:00,54.0,9.2,32.3
2023-02-27 01:00,50.0,3.4,40.6
2023-02-27 02:00,48.0,0.0,47.4
2023-02-27 03:00,46.9,0.0,49.4
2023-02-27 04:00,43.0,4.7,67.8
2023-02-27 05:00,42.1,3.4,67.2
2023-02-27 06:00,42.1,3.4,67.2
2023-02-27 07:00,39.0,5.8,69.9
2023-02-27 08:00,37.9,6.9,72.9
2023-02-27 09:00,37.0,4.7,72.3
2023-02-27 10:00,35.1,4.7,78.1
2023-02-27 11:00,35.1,3.4,75.3
2023-02-27 12:00,35.1,3.4,75.3
2023-02-27 13:00,35.1,6.9,72.0
2023-02-27 14:00,36.0,8.1,75.4
2023-02-27 15:00,42.1,6.9,62.1
2023-02-27 16:00,48.0,5.8,49.5
2023-02-27 17:00,53.1,6.9,39.3
2023-02-27 18:00,53.1,6.9,39.3
2023-02-27 19:00,60.1,3.4,25.0
2023-02-27 20:00,62.1,0.0,23.3
2023-02-27 21:00,63.0,5.8,21.5
2023-02-27 22:00,64.9,5.8,21.0
2023-02-27 23:00,64.0,9.2,23.6
2023-02-28 00:00,64.0,9.2,23.6
2023-02-28 01:00,57.9,8.1,35.7
2023-02-28 02:00,55.0,5.8,41.4
2023-02-28 03:00,53.1,0.0,46.5
2023-02-28 04:00,48.9,4.7,54.2
2023-02-28 05:00,48.0,4.7,56.0
2023-02-28 06:00,48.0,4.7,56.0
2023-02-28 07:00,43.0,5.8,70.3
2023-02-28 08:00,42.1,3.4,72.8
2023-02-28 09:00,39.9,5.8,76.3
2023-02-28 10:00,39.9,4.7,70.0
2023-02-28 11:00,39.0,6.9,69.9
2023-02-28 12:00,39.0,6.9,69.9
2023-02-28 13:00,37.0,8.1,72.3
2023-02-28 14:00,39.9,8.1,64.6
2023-02-28 15:00,46.0,4.7,53.4
2023-02-28 16:00,53.1,3.4,41.1
2023-02-28 17:00,59.0,3.4,29.2
2023-02-28 18:00,59.0,3.4,29.2
2023-02-28 19:00,62.1,11.4,21.2
2023-02-28 20:00,63.0,11.4,25.4
2023-02-28 21:00,63.0,15.0,25.4
2023-02-28 22:00,61.0,15.0,32.0
2023-02-28 23:00,61.0,12.8,33.5
2023-03-01 00:00,61.0,12.8,33.5
2023-03-01 01:00,55.9,4.7,38.4
2023-03-01 02:00,55.9,3.4,38.4
2023-03-01 03:00,55.0,0.0,43.2
2023-03-01 04:00,51.1,0.0,50.0
2023-03-01 05:00,50.0,0.0,52.0
2023-03-01 06:00,50.0,0.0,52.0
2023-03-01 07:00,46.0,3.4,57.8
2023-03-01 08:00,43.0,4.7,67.8
2023-03-01 09:00,44.1,5.8,59.7
2023-03-01 10:00,42.1,0.0,64.4
2023-03-01 11:00,42.1,5.8,67.2
2023-03-01 12:00,42.1,5.8,67.2
2023-03-01 13:00,43.0,3.4,62.2
2023-03-01 14:00,46.0,0.0,57.8
2023-03-01 15:00,50.0,5.8,52.0
2023-03-01 16:00,53.1,5.8,48.2
2023-03-01 17:00,59.0,13.9,30.6
2023-03-01 18:00,59.0,13.9,30.6
2023-03-01 19:00,63.0,18.3,27.6
2023-03-01 20:00,63.0,17.2,27.6
2023-03-01 21:00,62.1,16.1,27.4
2023-03-01 22:00,63.0,24.2,27.6
2023-03-01 23:00,62.1,24.2,32.2
2023-03-02 00:00,62.1,24.2,32.2
2023-03-02 01:00,57.9,20.8,37.3
2023-03-02 02:00,57.0,23.0,38.5
2023-03-02 03:00,55.9,25.3,40.1
2023-03-02 04:00,45.0,19.7,62.9
2023-03-02 05:00,39.0,30.0,79.1
2023-03-02 06:00,33.1,9.2,91.7
2023-03-02 07:00,33.1,0.0,91.7
2023-03-02 08:00,35.1,0.0,81.7
2023-03-02 09:00,35.1,5.8,84.7
2023-03-02 10:00,34.0,0.0,88.4
2023-03-02 11:00,35.1,0.0,81.7
2023-03-02 12:00,35.1,0.0,81.7
2023-03-02 13:00,33.1,4.7,88.4
2023-03-02 14:00,35.1,3.4,81.7
2023-03-02 15:00,37.0,0.0,75.5
2023-03-02 16:00,39.0,4.7,72.5
2023-03-02 17:00,41.0,6.9,64.7
2023-03-02 18:00,41.0,6.9,64.7
2023-03-02 19:00,46.0,3.4,51.1
2023-03-02 20:00,45.0,5.8,53.2
2023-03-02 21:00,46.9,5.8,49.4
2023-03-02 22:00,48.9,4.7,45.8
2023-03-02 23:00,48.9,3.4,47.9
2023-03-03 00:00,48.9,3.4,47.9
2023-03-03 01:00,46.9,3.4,53.5
2023-03-03 02:00,46.0,5.8,57.8
2023-03-03 03:00,45.0,3.4,60.2
2023-03-03 04:00,43.0,3.4,67.8
2023-03-03 05:00,42.1,0.0,70.2
2023-03-03 06:00,41.0,3.4,75.9
2023-03-03 07:00,39.0,3.4,79.1
2023-03-03 08:00,37.0,4.7,85.4
2023-03-03 09:00,37.0,5.8,78.3
2023-03-03 10:00,36.0,5.8,81.7
2023-03-03 11:00,35.1,5.8,81.7
2023-03-03 12:00,35.1,5.8,81.7
2023-03-03 13:00,35.1,3.4,81.7
2023-03-03 14:00,36.0,3.4,81.7
2023-03-03 15:00,42.1,0.0,72.8
2023-03-03 16:00,45.0,3.4,62.9
2023-03-03 17:00,48.9,3.4,56.2
2023-03-03 18:00,48.9,3.4,56.2
2023-03-03 19:00,55.0,8.1,38.2
2023-03-03 20:00,55.9,0.0,40.1
2023-03-03 21:00,59.0,8.1,40.6
2023-03-03 22:00,59.0,6.9,33.1
2023-03-03 23:00,59.0,10.3,35.9
2023-03-04 00:00,59.0,10.3,35.9
2023-03-04 01:00,53.1,5.8,44.5
2023-03-04 02:00,51.1,4.7,51.8
2023-03-04 03:00,48.9,4.7,56.2
2023-03-04 04:00,46.0,4.7,62.6
2023-03-04 05:00,45.0,6.9,65.2
2023-03-04 06:00,45.0,6.9,65.2
2023-03-04 07:00,42.1,6.9,76.0
2023-03-04 08:00,39.9,6.9,79.1
2023-03-04 09:00,37.9,4.7,82.5
2023-03-04 10:00,39.9,5.8,73.1
2023-03-04 11:00,37.9,8.1,75.6
2023-03-04 12:00,37.9,8.1,75.6
2023-03-04 13:00,37.0,5.8,78.3
2023-03-04 14:00,42.1,9.2,70.2
2023-03-04 15:00,48.0,9.2,56.0
2023-03-04 16:00,54.0,8.1,45.0
2023-03-04 17:00,59.0,8.1,34.4
2023-03-04 18:00,59.0,8.1,34.4
2023-03-04 19:00,70.0,4.7,19.9
2023-03-04 20:00,72.0,12.8,18.6
2023-03-04 21:00,72.0,12.8,20.2
2023-03-04 22:00,72.0,5.8,21.9
2023-03-04 23:00,72.0,10.3,21.1
2023-03-05 00:00,72.0,10.3,21.1
2023-03-05 01:00,66.0,3.4,29.3
2023-03-05 02:00,64.0,4.7,28.8
2023-03-05 03:00,60.1,0.0,37.4
2023-03-05 04:00,59.0,0.0,33.1
2023-03-05 05:00,55.0,6.9,43.2
2023-03-05 06:00,55.0,6.9,43.2
2023-03-05 07:00,51.1,6.9,45.8
2023-03-05 08:00,52.0,10.3,42.7
2023-03-05 09:00,50.0,3.4,47.7
2023-03-05 10:00,46.0,4.7,60.4
2023-03-05 11:00,45.0,4.7,60.2
2023-03-05 12:00,45.0,4.7,60.2
2023-03-05 13:00,46.9,5.8,55.9
2023-03-05 14:00,48.9,8.1,56.2
2023-03-05 15:00,55.9,6.9,43.4
2023-03-05 16:00,62.1,3.4,32.2
2023-03-05 17:00,66.0,8.1,23.9
2023-03-05 18:00,66.0,8.1,23.9
2023-03-05 19:00,70.0,5.8,20.8
2023-03-05 20:00,71.1,3.4,20.1
2023-03-05 21:00,71.1,6.9,20.8
2023-03-05 22:00,73.0,4.7,21.1
2023-03-05 23:00,73.0,6.9,19.5
2023-03-06 00:00,73.0,6.9,19.5
2023-03-06 01:00,66.0,5.8,31.7
2023-03-06 02:00,64.0,9.2,33.9
2023-03-06 03:00,63.0,0.0,33.8
2023-03-06 04:00,60.1,4.7,43.7
2023-03-06 05:00,57.0,4.7,48.8
2023-03-06 06:00,57.0,4.7,48.8
2023-03-06 07:00,53.1,3.4,54.4
2023-03-06 08:00,50.0,4.7,60.9
2023-03-06 09:00,51.1,5.8,50.0
2023-03-06 10:00,50.0,4.7,53.9
2023-03-06 11:00,48.9,0.0,56.2
2023-03-06 12:00,48.9,0.0,56.2
2023-03-06 13:00,46.0,8.1,62.6
2023-03-06 14:00,48.9,6.9,51.9
2023-03-06 15:00,55.0,5.8,43.2
2023-03-06 16:00,64.0,4.7,28.8
2023-03-06 17:00,68.0,5.8,23.1
2023-03-06 18:00,68.0,5.8,23.1
2023-03-06 19:00,73.0,5.8,17.3
2023-03-06 20:00,73.0,5.8,18.0
2023-03-06 21:00,72.0,11.4,21.9
2023-03-06 22:00,71.1,8.1,22.6
2023-03-06 23:00,69.1,6.9,28.5
2023-03-07 00:00,69.1,6.9,28.5
2023-03-07 01:00,66.9,0.0,29.4
2023-03-07 02:00,64.9,0.0,31.5
2023-03-07 03:00,63.0,3.4,38.1
2023-03-07 04:00,61.0,4.7,44.2
2023-03-07 05:00,60.1,0.0,47.3
2023-03-07 06:00,60.1,0.0,47.3
2023-03-07 07:00,57.9,0.0,55.5
2023-03-07 08:00,55.9,4.7,61.7
2023-03-07 09:00,55.9,3.4,59.6
2023-03-07 10:00,55.9,4.7,52.9
2023-03-07 11:00,55.9,0.0,54.8
2023-03-07 12:00,55.9,0.0,54.8
2023-03-07 13:00,55.9,3.4,52.9
2023-03-07 14:00,57.0,0.0,52.7
2023-03-07 15:00,57.0,0.0,50.9
2023-03-07 16:00,60.1,4.7,43.7
2023-03-07 17:00,64.0,5.8,33.9
2023-03-07 18:00,64.0,5.8,33.9
2023-03-07 19:00,72.0,3.4,24.8
2023-03-07 20:00,73.9,6.9,23.2
2023-03-07 21:00,75.0,17.2,20.6
2023-03-07 22:00,71.1,12.8,25.5
2023-03-07 23:00,69.1,11.4,25.2
2023-03-08 00:00,69.1,11.4,25.2
2023-03-08 01:00,66.0,0.0,20.3
2023-03-08 02:00,63.0,3.4,23.4
2023-03-08 03:00,60.1,3.4,29.4
2023-03-08 04:00,57.0,3.4,40.2
2023-03-08 05:00,55.0,5.8,46.8
2023-03-08 06:00,55.0,5.8,46.8
2023-03-08 07:00,53.1,5.8,54.4
2023-03-08 08:00,52.0,6.9,54.2
2023-03-08 09:00,51.1,10.3,54.1
2023-03-08 10:00,53.1,9.2,50.3
2023-03-08 11:00,50.0,0.0,58.4
2023-03-08 12:00,50.0,0.0,58.4
2023-03-08 13:00,46.9,6.9,65.4
2023-03-08 14:00,50.0,4.7,60.9
2023-03-08 15:00,57.0,4.7,47.1
2023-03-08 16:00,63.0,0.0,36.5
2023-03-08 17:00,69.1,0.0,26.3
2023-03-08 18:00,69.1,0.0,26.3
2023-03-08 19:00,75.0,10.3,16.2
2023-03-08 20:00,75.9,5.8,17.0
2023-03-08 21:00,78.1,10.3,14.6
2023-03-08 22:00,77.0,9.2,15.7
2023-03-08 23:00,75.9,13.9,16.3
2023-03-09 00:00,75.9,13.9,16.3
2023-03-09 01:00,68.0,9.2,25.1
2023-03-09 02:00,64.9,3.4,29.1
2023-03-09 03:00,62.1,0.0,34.9
2023-03-09 04:00,59.0,3.4,35.9
2023-03-09 05:00,55.9,3.4,40.1
2023-03-09 06:00,55.9,3.4,40.1
2023-03-09 07:00,53.1,4.7,50.3
2023-03-09 08:00,51.1,5.8,54.1
2023-03-09 09:00,48.9,6.9,56.2
2023-03-09 10:00,48.0,6.9,58.1
2023-03-09 11:00,46.9,4.7,58.4
2023-03-09 12:00,46.9,4.7,58.4
2023-03-09 13:00,45.0,8.1,57.7
2023-03-09 14:00,48.9,8.1,51.9
2023-03-09 15:00,55.9,4.7,41.9
2023-03-09 16:00,61.0,0.0,33.5
2023-03-09 17:00,66.9,3.4,28.4
2023-03-09 18:00,66.9,3.4,28.4
2023-03-09 19:00,73.9,3.4,10.0
2023-03-09 20:00,77.0,8.1,7.3
2023-03-09 21:00,75.9,6.9,7.5
2023-03-09 22:00,75.9,6.9,9.0
2023-03-09 23:00,75.0,8.1,10.6
2023-03-10 00:00,75.0,8.1,10.6
2023-03-10 01:00,68.0,3.4,24.2
2023-03-10 02:00,64.9,0.0,27.9
2023-03-10 03:00,61.0,5.8,32.0
2023-03-10 04:00,57.9,3.4,37.3
2023-03-10 05:00,55.9,5.8,40.1
2023-03-10 06:00,55.9,5.8,40.1
2023-03-10 07:00,53.1,6.9,44.5
2023-03-10 08:00,51.1,6.9,44.2
2023-03-10 09:00,48.9,8.1,49.7
2023-03-10 10:00,48.9,6.9,44.2
2023-03-10 11:00,50.0,8.1,40.6
2023-03-10 12:00,50.0,8.1,40.6
2023-03-10 13:00,51.1,8.1,34.6
2023-03-10 14:00,52.0,9.2,34.7
2023-03-10 15:00,60.1,10.3,27.1
2023-03-10 16:00,66.0,5.8,20.3
2023-03-10 17:00,73.9,3.4,14.8
2023-03-10 18:00,73.9,3.4,14.8
2023-03-10 19:00,79.0,10.3,11.5
2023-03-10 20:00,80.1,8.1,12.1
2023-03-10 21:00,80.1,6.9,11.5
2023-03-10 22:00,80.1,8.1,12.6
2023-03-10 23:00,78.1,9.2,14.6
2023-03-11 00:00,78.1,9.2,14.6
2023-03-11 01:00,73.0,8.1,19.5
2023-03-11 02:00,70.0,6.9,23.4
2023-03-11 03:00,69.1,3.4,24.2
2023-03-11 04:00,66.0,3.4,28.0
2023-03-11 05:00,64.0,0.0,31.4
2023-03-11 06:00,64.0,0.0,31.4
2023-03-11 07:00,61.0,0.0,36.2
2023-03-11 08:00,59.0,3.4,38.9
2023-03-11 09:00,57.0,3.4,40.2
2023-03-11 10:00,55.9,4.7,43.4
2023-03-11 11:00,55.0,5.8,44.8
2023-03-11 12:00,55.0,5.8,44.8
2023-03-11 13:00,53.1,5.8,46.5
2023-03-11 14:00,57.0,5.8,43.6
2023-03-11 15:00,62.1,0.0,37.7
2023-03-11 16:00,68.0,3.4,34.6
2023-03-11 17:00,70.0,10.3,40.6
2023-03-11 18:00,70.0,10.3,40.6
2023-03-11 19:00,75.9,9.2,37.3
2023-03-11 20:00,77.0,10.3,32.1
2023-03-11 21:00,75.9,10.3,30.8
2023-03-11 22:00,75.9,13.9,32.1
2023-03-11 23:00,75.0,13.9,33.1
2023-03-12 00:00,75.0,13.9,33.1
2023-03-12 01:00,71.1,8.1,37.8
2023-03-12 02:00,69.1,3.4,41.9
2023-03-12 03:00,68.0,4.7,46.9
2023-03-12 04:00,64.9,4.7,52.1
2023-03-12 05:00,63.0,0.0,51.8
2023-03-12 06:00,63.0,0.0,51.8
2023-03-12 07:00,61.0,4.7,57.9
2023-03-12 08:00,61.0,3.4,55.5
2023-03-12 09:00,59.0,3.4,62.1
2023-03-12 10:00,59.0,3.4,62.1
2023-03-12 11:00,59.0,0.0,62.1
2023-03-12 12:00,59.0,0.0,62.1
2023-03-12 13:00,55.9,4.7,66.5
2023-03-12 14:00,57.0,3.4,66.7
2023-03-12 15:00,63.0,0.0,58.1
2023-03-12 16:00,66.9,5.8,50.6
2023-03-12 17:00,70.0,4.7,39.3
2023-03-12 18:00,70.0,4.7,39.3
2023-03-12 19:00,73.9,8.1,24.2
2023-03-12 20:00,75.0,11.4,19.8
2023-03-12 21:00,75.0,11.4,22.3
2023-03-12 22:00,75.0,5.8,20.6
2023-03-12 23:00,75.0,8.1,22.3
2023-03-13 00:00,75.0,8.1,22.3
2023-03-13 01:00,70.0,5.8,25.6
2023-03-13 02:00,69.1,0.0,27.3
2023-03-13 03:00,64.9,3.4,32.9
2023-03-13 04:00,61.0,0.0,37.8
2023-03-13 05:00,57.9,6.9,43.7
2023-03-13 06:00,57.9,6.9,43.7
2023-03-13 07:00,54.0,6.9,50.4
2023-03-13 08:00,54.0,5.8,48.7
2023-03-13 09:00,53.1,4.7,48.2
2023-03-13 10:00,51.1,6.9,51.8
2023-03-13 11:00,51.1,8.1,51.8
2023-03-13 12:00,50.0,3.4,53.9
2023-03-13 13:00,50.0,4.7,52.0
2023-03-13 14:00,53.1,8.1,48.2
2023-03-13 15:00,60.1,5.8,40.5
2023-03-13 16:00,66.9,6.9,31.8
2023-03-13 17:00,71.1,4.7,24.6
2023-03-13 18:00,71.1,4.7,24.6
2023-03-13 19:00,75.0,12.8,20.6
2023-03-13 20:00,75.0,15.0,21.6
2023-03-13 21:00,73.9,11.4,19.8
2023-03-13 22:00,73.9,9.2,22.3
2023-03-13 23:00,73.9,9.2,24.2
2023-03-14 00:00,73.9,9.2,24.2
2023-03-14 01:00,68.0,8.1,29.6
2023-03-14 02:00,66.9,8.1,30.7
2023-03-14 03:00,64.0,5.8,35.2
2023-03-14 04:00,63.0,4.7,36.5
2023-03-14 05:00,59.0,4.7,42.0
2023-03-14 06:00,59.0,4.7,42.0
2023-03-14 07:00,55.9,5.8,46.9
2023-03-14 08:00,54.0,6.9,50.4
2023-03-14 09:00,53.1,6.9,52.1
2023-03-14 10:00,51.1,4.7,56.1
2023-03-14 11:00,52.0,6.9,54.2
2023-03-14 12:00,52.0,6.9,54.2
2023-03-14 13:00,50.0,5.8,56.3
2023-03-14 14:00,54.0,9.2,50.4
2023-03-14 15:00,61.0,6.9,39.2
2023-03-14 16:00,66.0,3.4,32.8
2023-03-14 17:00,71.1,3.4,22.6
2023-03-14 18:00,71.1,3.4,22.6
2023-03-14 19:00,75.0,0.0,14.9
2023-03-14 20:00,77.0,0.0,14.0
2023-03-14 21:00,78.1,9.2,14.6
2023-03-14 22:00,78.1,6.9,15.2
2023-03-14 23:00,77.0,8.1,15.7
2023-03-15 00:00,77.0,8.1,15.7
2023-03-15 01:00,72.0,13.9,21.1
2023-03-15 02:00,70.0,9.2,25.6
2023-03-15 03:00,70.0,5.8,25.6
2023-03-15 04:00,68.0,5.8,28.3
2023-03-15 05:00,64.9,8.1,30.4
2023-03-15 06:00,64.9,8.1,30.4
2023-03-15 07:00,63.0,10.3,33.8
2023-03-15 08:00,61.0,5.8,37.8
2023-03-15 09:00,59.0,5.8,40.6
2023-03-15 10:00,57.9,4.7,43.7
2023-03-15 11:00,59.0,9.2,40.6
2023-03-15 12:00,59.0,9.2,40.6
2023-03-15 13:00,62.1,4.7,34.9
2023-03-15 14:00,62.1,5.8,37.7
2023-03-15 15:00,64.9,0.0,32.9
2023-03-15 16:00,68.0,0.0,32.0
2023-03-15 17:00,66.9,5.8,34.4
2023-03-15 18:00,64.0,11.4,46.2
2023-03-15 19:00,64.0,5.8,49.9
2023-03-15 20:00,66.0,5.8,45.0
2023-03-15 21:00,68.0,4.7,42.0
2023-03-15 22:00,69.1,3.4,38.8
2023-03-15 23:00,68.0,0.0,40.3
2023-03-16 00:00,68.0,0.0,40.3
2023-03-16 01:00,57.9,5.8,83.8
2023-03-16 02:00,59.0,6.9,80.7
2023-03-16 03:00,59.0,5.8,83.4
2023-03-16 04:00,61.0,3.4,67.1
2023-03-16 05:00,61.0,4.7,67.1
2023-03-16 06:00,61.0,4.7,67.1
2023-03-16 07:00,57.9,0.0,74.9
2023-03-16 08:00,57.0,0.0,77.3
2023-03-16 09:00,55.9,0.0,80.4
2023-03-16 10:00,55.9,3.4,77.2
2023-03-16 11:00,54.0,0.0,83.0
2023-03-16 12:00,54.0,0.0,83.0
2023-03-16 13:00,54.0,3.4,80.3
2023-03-16 14:00,55.0,0.0,79.8
2023-03-16 15:00,57.0,3.4,71.8
2023-03-16 16:00,60.1,0.0,61.8
2023-03-16 17:00,62.1,0.0,53.5
2023-03-16 18:00,62.1,0.0,53.5
2023-03-16 19:00,64.0,10.3,48.2
2023-03-16 20:00,59.0,13.9,64.2
2023-03-16 21:00,63.0,12.8,54.0
2023-03-16 22:00,57.9,8.1,66.8
2023-03-16 23:00,62.1,0.0,49.6
2023-03-17 00:00,62.1,0.0,49.6
2023-03-17 01:00,57.9,12.8,69.5
2023-03-17 02:00,57.9,9.2,66.8
2023-03-17 03:00,57.0,11.4,69.0
2023-03-17 04:00,55.9,10.3,69.3
2023-03-17 05:00,53.1,5.8,73.9
2023-03-17 06:00,53.1,5.8,73.9
2023-03-17 07:00,52.0,0.0,76.9
2023-03-17 08:00,51.1,4.7,79.5
2023-03-17 09:00,50.0,4.7,82.7
2023-03-17 10:00,50.0,4.7,82.7
2023-03-17 11:00,48.9,3.4,86.1
2023-03-17 12:00,48.9,3.4,86.1
2023-03-17 13:00,48.0,0.0,82.6
2023-03-17 14:00,50.0,0.0,76.7
2023-03-17 15:00,54.0,0.0,71.5
2023-03-17 16:00,59.0,0.0,57.6
2023-03-17 17:00,64.0,0.0,44.7
2023-03-17 18:00,64.0,0.0,44.7
2023-03-17 19:00,66.0,6.9,30.4
2023-03-17 20:00,68.0,6.9,28.3
2023-03-17 21:00,69.1,4.7,28.5
2023-03-17 22:00,69.1,8.1,24.2
2023-03-17 23:00,69.1,10.3,22.3
2023-03-18 00:00,69.1,10.3,22.3
2023-03-18 01:00,63.0,15.0,32.6
2023-03-18 02:00,61.0,10.3,32.0
2023-03-18 03:00,59.0,9.2,35.9
2023-03-18 04:00,57.9,9.2,40.4
2023-03-18 05:00,57.0,0.0,43.6
2023-03-18 06:00,57.0,0.0,43.6
2023-03-18 07:00,51.1,5.8,56.1
2023-03-18 08:00,51.1,0.0,54.1
2023-03-18 09:00,50.0,0.0,58.4
2023-03-18 10:00,46.9,0.0,65.4
2023-03-18 11:00,46.0,5.8,67.7
2023-03-18 12:00,46.0,5.8,67.7
2023-03-18 13:00,44.1,6.9,70.4
2023-03-18 14:00,48.0,0.0,62.8
2023-03-18 15:00,53.1,0.0,52.1
2023-03-18 16:00,61.0,5.8,39.2
2023-03-18 17:00,64.9,9.2,32.9
2023-03-18 18:00,64.9,9.2,32.9
2023-03-18 19:00,70.0,15.0,23.4
2023-03-18 20:00,70.0,11.4,19.9
2023-03-18 21:00,71.1,5.8,21.8
2023-03-18 22:00,71.1,8.1,21.8
2023-03-18 23:00,71.1,9.2,22.6
2023-03-19 00:00,71.1,9.2,22.6
2023-03-19 01:00,64.0,16.1,27.7
2023-03-19 02:00,62.1,11.4,28.4
2023-03-19 03:00,60.1,9.2,31.9
2023-03-19 04:00,59.0,23.0,33.1
2023-03-19 05:00,57.9,26.4,31.8
2023-03-19 06:00,57.9,26.4,31.8
2023-03-19 07:00,55.9,13.9,34.1
2023-03-19 08:00,55.9,21.9,34.1
2023-03-19 09:00,55.0,21.9,35.2
2023-03-19 10:00,54.0,25.3,36.7
2023-03-19 11:00,54.0,18.3,38.0
2023-03-19 12:00,54.0,18.3,38.0
2023-03-19 13:00,53.1,17.2,36.2
2023-03-19 14:00,55.0,25.3,33.7
2023-03-19 15:00,57.0,21.9,30.2
2023-03-19 16:00,60.1,23.0,28.1
2023-03-19 17:00,62.1,20.8,27.4
2023-03-19 18:00,62.1,20.8,27.4
2023-03-19 19:00,69.1,15.0,23.3
2023-03-19 20:00,71.1,13.9,22.6
2023-03-19 21:00,71.1,10.3,23.6
2023-03-19 22:00,72.0,11.4,23.9
2023-03-19 23:00,72.0,8.1,21.9
2023-03-20 00:00,72.0,8.1,21.9
2023-03-20 01:00,69.1,4.7,23.3
2023-03-20 02:00,66.9,3.4,26.0
2023-03-20 03:00,64.9,0.0,27.9
2023-03-20 04:00,64.0,4.7,27.7
2023-03-20 05:00,63.0,3.4,28.8
2023-03-20 06:00,63.0,3.4,28.8
2023-03-20 07:00,61.0,3.4,29.5
2023-03-20 08:00,59.0,0.0,31.7
2023-03-20 09:00,55.0,0.0,33.7
2023-03-20 10:00,57.0,10.3,30.2
2023-03-20 11:00,55.0,0.0,35.2
2023-03-20 12:00,55.0,0.0,35.2
2023-03-20 13:00,55.0,9.2,33.7
2023-03-20 14:00,57.9,11.4,31.8
2023-03-20 15:00,62.1,9.2,29.7
2023-03-20 16:00,66.9,13.9,28.4
2023-03-20 17:00,70.0,15.0,26.5
2023-03-20 18:00,70.0,15.0,26.5
2023-03-20 19:00,73.0,13.9,25.8
2023-03-20 20:00,75.9,16.1,24.5
2023-03-20 21:00,73.9,23.0,26.2
2023-03-20 22:00,75.0,18.3,26.1
2023-03-20 23:00,73.0,18.3,27.9
2023-03-21 00:00,73.0,18.3,27.9
2023-03-21 01:00,69.1,13.9,34.5
2023-03-21 02:00,66.9,15.0,40.4
2023-03-21 03:00,66.0,6.9,38.4
2023-03-21 04:00,64.9,11.4,46.7
2023-03-21 05:00,63.0,3.4,50.1
2023-03-21 06:00,63.0,3.4,50.1
2023-03-21 07:00,61.0,9.2,53.7
2023-03-21 08:00,61.0,10.3,51.5
2023-03-21 09:00,60.1,0.0,53.2
2023-03-21 10:00,60.1,4.7,53.2
2023-03-21 11:00,61.0,3.4,53.7
2023-03-21 12:00,61.0,3.4,53.7
2023-03-21 13:00,61.0,11.4,55.5
2023-03-21 14:00,61.0,15.0,53.7
2023-03-21 15:00,63.0,16.1,50.1
2023-03-21 16:00,64.0,17.2,42.9
2023-03-21 17:00,68.0,13.9,35.8
2023-03-21 18:00,68.0,13.9,35.8
2023-03-21 19:00,73.0,20.8,27.9
2023-03-21 20:00,72.0,15.0,31.3
2023-03-21 21:00,73.0,25.3,30.2
2023-03-21 22:00,72.0,20.8,31.3
2023-03-21 23:00,71.1,18.3,33.6
2023-03-22 00:00,71.1,18.3,33.6
2023-03-22 01:00,70.0,15.0,36.4
2023-03-22 02:00,69.1,17.2,38.8
2023-03-22 03:00,68.0,20.8,38.9
2023-03-22 04:00,68.0,23.0,35.8
2023-03-22 05:00,66.9,17.2,35.9
2023-03-22 06:00,66.9,17.2,35.9
2023-03-22 07:00,66.0,12.8,38.4
2023-03-22 08:00,64.9,11.4,38.5
2023-03-22 09:00,64.0,24.2,42.9
2023-03-22 10:00,63.0,23.0,48.0
2023-03-22 11:00,62.1,20.8,49.6
2023-03-22 12:00,62.1,20.8,49.6
2023-03-22 13:00,61.0,26.4,55.5
2023-03-22 14:00,62.1,20.8,55.7
2023-03-22 15:00,64.0,25.3,52.0
2023-03-22 16:00,64.9,18.3,50.4
2023-03-22 17:00,66.0,19.7,46.6
2023-03-22 18:00,66.0,19.7,46.6
2023-03-22 19:00,54.0,16.1,83.0
2023-03-22 20:00,51.1,11.4,89.2
2023-03-22 21:00,51.1,13.9,82.8
2023-03-22 22:00,55.0,6.9,66.4
2023-03-22 23:00,55.9,9.2,64.3
2023-03-23 00:00,55.9,9.2,64.3
2023-03-23 01:00,55.0,0.0,61.6
2023-03-23 02:00,53.1,3.4,71.4
2023-03-23 03:00,52.0,3.4,74.3
2023-03-23 04:00,52.0,3.4,74.3
2023-03-23 05:00,52.0,5.8,71.3
2023-03-23 06:00,52.0,5.8,68.9
2023-03-23 07:00,51.1,8.1,68.3
2023-03-23 08:00,51.1,3.4,68.3
2023-03-23 09:00,51.1,4.7,71.2
2023-03-23 10:00,51.1,4.7,71.2
2023-03-23 11:00,51.1,0.0,73.7
2023-03-23 12:00,51.1,0.0,73.7
2023-03-23 13:00,50.0,5.8,71.1
2023-03-23 14:00,52.0,8.1,66.1
2023-03-23 15:00,54.0,9.2,61.4
2023-03-23 16:00,57.0,5.8,52.7
2023-03-23 17:00,57.0,0.0,43.6
2023-03-23 18:00,57.0,0.0,43.6
2023-03-23 19:00,61.0,3.4,32.0
2023-03-23 20:00,62.1,8.1,28.4
2023-03-23 21:00,64.0,13.9,25.6
2023-03-23 22:00,64.0,11.4,24.5
2023-03-23 23:00,63.0,10.3,26.6
2023-03-24 00:00,63.0,10.3,26.6
2023-03-24 01:00,60.1,9.2,29.4
2023-03-24 02:00,57.9,3.4,34.4
2023-03-24 03:00,55.0,9.2,41.4
2023-03-24 04:00,55.0,10.3,39.6
2023-03-24 05:00,54.0,6.9,41.2
2023-03-24 06:00,54.0,6.9,41.2
2023-03-24 07:00,50.0,4.7,47.7
2023-03-24 08:00,50.0,6.9,46.0
2023-03-24 09:00,48.0,4.7,49.5
2023-03-24 10:00,46.9,5.8,53.5
2023-03-24 11:00,44.1,0.0,57.5
2023-03-24 12:00,44.1,0.0,57.5
2023-03-24 13:00,43.0,4.7,59.9
2023-03-24 14:00,48.0,5.8,53.7
2023-03-24 15:00,51.1,3.4,51.8
2023-03-24 16:00,55.0,9.2,43.2
2023-03-24 17:00,57.9,12.8,35.7
2023-03-24 18:00,57.9,12.8,35.7
2023-03-24 19:00,61.0,10.3,27.2
2023-03-24 20:00,62.1,11.4,26.2
2023-03-24 21:00,63.0,9.2,26.6
2023-03-24 22:00,63.0,16.1,25.4
2023-03-24 23:00,63.0,6.9,25.4
2023-03-25 00:00,63.0,6.9,25.4
2023-03-25 01:00,60.1,10.3,27.1
2023-03-25 02:00,57.9,10.3,30.4
2023-03-25 03:00,55.9,5.8,32.6
2023-03-25 04:00,54.0,3.4,36.7
2023-03-25 05:00,51.1,3.4,42.3
2023-03-25 06:00,51.1,3.4,42.3
2023-03-25 07:00,46.9,3.4,49.4
2023-03-25 08:00,45.0,4.7,53.2
2023-03-25 09:00,44.1,4.7,50.7
2023-03-25 10:00,43.0,6.9,52.9
2023-03-25 11:00,42.1,5.8,54.8
2023-03-25 12:00,42.1,6.9,54.8
2023-03-25 13:00,44.1,4.7,50.7
2023-03-25 14:00,46.9,6.9,47.6
2023-03-25 15:00,51.1,4.7,39.0
2023-03-25 16:00,57.0,3.4,32.8
2023-03-25 17:00,60.1,,25.9
2023-03-25 18:00,60.1,,25.9
2023-03-25 19:00,64.0,3.4,16.7
2023-03-25 20:00,66.0,8.1,17.0
2023-03-25 21:00,68.0,13.9,14.6
2023-03-25 22:00,68.0,11.4,14.6
2023-03-25 23:00,68.0,12.8,15.9
2023-03-26 00:00,68.0,12.8,15.9
2023-03-26 01:00,63.0,9.2,16.0
2023-03-26 02:00,61.0,8.1,18.6
2023-03-26 03:00,59.0,5.8,21.8
2023-03-26 04:00,54.0,9.2,29.7
2023-03-26 05:00,55.0,6.9,33.7
2023-03-26 06:00,55.0,6.9,33.7
2023-03-26 07:00,52.0,5.8,42.7
2023-03-26 08:00,50.0,5.8,44.0
2023-03-26 09:00,48.0,4.7,45.7
2023-03-26 10:00,48.9,0.0,42.2
2023-03-26 11:00,46.0,3.4,49.2
2023-03-26 12:00,43.0,5.8,57.4
2023-03-26 13:00,43.0,4.7,55.3
2023-03-26 14:00,48.0,5.8,45.7
2023-03-26 15:00,54.0,0.0,33.8
2023-03-26 16:00,57.9,0.0,25.8
2023-03-26 17:00,61.0,4.7,19.5
2023-03-26 18:00,61.0,4.7,19.5
2023-03-26 19:00,63.0,8.1,17.4
2023-03-26 20:00,66.0,10.3,14.3
2023-03-26 21:00,66.0,5.8,14.3
2023-03-26 22:00,68.0,6.9,13.4
2023-03-26 23:00,68.0,12.8,13.4
2023-03-27 00:00,68.0,12.8,13.4
2023-03-27 01:00,64.0,9.2,16.1
2023-03-27 02:00,61.0,4.7,18.6
2023-03-27 03:00,60.1,10.3,21.0
2023-03-27 04:00,57.9,10.3,22.6
2023-03-27 05:00,54.0,3.4,25.1
2023-03-27 06:00,54.0,3.4,25.1
2023-03-27 07:00,48.0,5.8,32.6
2023-03-27 08:00,46.0,5.8,35.1
2023-03-27 09:00,46.0,0.0,33.8
2023-03-27 10:00,45.0,0.0,36.5
2023-03-27 11:00,44.1,3.4,43.0
2023-03-27 12:00,44.1,3.4,43.0
2023-03-27 13:00,43.0,3.4,42.9
2023-03-27 14:00,48.0,4.7,32.6
2023-03-27 15:00,54.0,0.0,25.1
2023-03-27 16:00,57.0,3.4,23.4
2023-03-27 17:00,62.1,,20.5
2023-03-27 18:00,62.1,,20.5
2023-03-27 19:00,66.0,8.1,15.6
2023-03-27 20:00,69.1,6.9,12.4
2023-03-27 21:00,72.0,9.2,7.9
2023-03-27 22:00,71.1,6.9,9.3
2023-03-27 23:00,71.1,13.9,10.6
2023-03-28 00:00,71.1,13.9,10.6
2023-03-28 01:00,64.9,11.4,14.3
2023-03-28 02:00,63.0,9.2,15.4
2023-03-28 03:00,57.9,4.7,17.5
2023-03-28 04:00,55.0,3.4,19.4
2023-03-28 05:00,54.0,4.7,22.0
2023-03-28 06:00,54.0,4.7,22.0
2023-03-28 07:00,48.9,4.7,27.8
2023-03-28 08:00,46.9,6.9,33.9
2023-03-28 09:00,46.0,6.9,33.8
2023-03-28 10:00,45.0,6.9,33.6
2023-03-28 11:00,44.1,8.1,34.7
2023-03-28 12:00,44.1,8.1,34.7
2023-03-28 13:00,45.0,5.8,33.6
2023-03-28 14:00,51.1,5.8,26.7
2023-03-28 15:00,61.0,3.4,18.6
2023-03-28 16:00,66.9,4.7,14.6
2023-03-28 17:00,73.0,0.0,12.3
2023-03-28 18:00,73.0,0.0,12.3
2023-03-28 19:00,81.0,5.8,8.0
2023-03-28 20:00,80.1,6.9,8.2
2023-03-28 21:00,82.9,13.9,8.1
2023-03-28 22:00,81.0,10.3,8.7
2023-03-28 23:00,80.1,11.4,8.9
2023-03-29 00:00,80.1,11.4,8.9
2023-03-29 01:00,73.9,10.3,11.5
2023-03-29 02:00,70.0,5.8,13.6
2023-03-29 03:00,64.0,5.8,16.7
2023-03-29 04:00,62.1,4.7,16.5
2023-03-29 05:00,61.0,0.0,16.5
2023-03-29 06:00,61.0,0.0,16.5
2023-03-29 07:00,54.0,8.1,24.0
2023-03-29 08:00,53.1,8.1,23.9
2023-03-29 09:00,51.1,8.1,26.7
2023-03-29 10:00,48.9,5.8,30.3
2023-03-29 11:00,48.9,9.2,28.9
2023-03-29 12:00,48.9,9.2,28.9
2023-03-29 13:00,50.0,5.8,29.1
2023-03-29 14:00,54.0,10.3,25.1
2023-03-29 15:00,63.0,6.9,18.9
2023-03-29 16:00,69.1,4.7,14.1
2023-03-29 17:00,75.0,8.1,10.6
2023-03-29 18:00,75.0,8.1,10.6
2023-03-29 19:00,78.1,6.9,10.0
2023-03-29 20:00,81.0,9.2,8.3
2023-03-29 21:00,82.0,11.4,8.1
2023-03-29 22:00,82.0,13.9,8.8
2023-03-29 23:00,80.1,12.8,9.4
2023-03-30 00:00,80.1,12.8,9.4
2023-03-30 01:00,73.9,8.1,10.0
2023-03-30 02:00,71.1,12.8,11.1
2023-03-30 03:00,69.1,10.3,11.3
2023-03-30 04:00,66.9,11.4,13.9
2023-03-30 05:00,63.0,8.1,20.6
2023-03-30 06:00,63.0,8.1,20.6
2023-03-30 07:00,62.1,4.7,25.3
2023-03-30 08:00,62.1,0.0,25.3
2023-03-30 09:00,59.0,5.8,28.2
2023-03-30 10:00,59.0,9.2,26.9
2023-03-30 11:00,57.9,6.9,33.0
2023-03-30 12:00,57.9,6.9,33.0
2023-03-30 13:00,57.0,6.9,40.2
2023-03-30 14:00,57.0,10.3,47.1
2023-03-30 15:00,59.0,0.0,47.4
2023-03-30 16:00,57.9,9.2,49.3
2023-03-30 17:00,63.0,19.7,33.8
2023-03-30 18:00,63.0,19.7,33.8
2023-03-30 19:00,55.9,19.7,50.7
2023-03-30 20:00,61.0,12.8,42.4
2023-03-30 21:00,62.1,15.0,39.4
2023-03-30 22:00,64.0,13.9,30.0
2023-03-30 23:00,62.1,12.8,30.8
2023-03-31 00:00,62.1,12.8,30.8
2023-03-31 01:00,60.1,15.0,21.9
2023-03-31 02:00,57.9,4.7,25.8
2023-03-31 03:00,55.0,6.9,35.2
2023-03-31 04:00,55.9,8.1,34.1
2023-03-31 05:00,55.0,5.8,35.2
2023-03-31 06:00,55.0,5.8,35.2
2023-03-31 07:00,54.0,8.1,35.1
2023-03-31 08:00,53.1,10.3,36.2
2023-03-31 09:00,50.0,8.1,42.4
2023-03-31 10:00,46.9,4.7,45.5
2023-03-31 11:00,46.9,0.0,45.5
2023-03-31 12:00,46.9,0.0,45.5
2023-03-31 13:00,44.1,4.7,50.7
2023-03-31 14:00,48.0,0.0,45.7
2023-03-31 15:00,54.0,6.9,38.0
2023-03-31 16:00,57.0,0.0,30.2
2023-03-31 17:00,60.1,5.8,25.0
2023-03-31 18:00,60.1,5.8,25.0
2023-03-31 19:00,64.9,0.0,19.2
2023-03-31 20:00,68.0,4.7,15.3
2023-03-31 21:00,69.1,10.3,15.3
2023-03-31 22:00,70.0,5.8,16.9
2023-03-31 23:00,70.0,8.1,13.6
2023-04-01 00:00,70.0,8.1,13.6
2023-04-01 01:00,64.9,9.2,21.8
2023-04-01 02:00,63.0,9.2,23.4
2023-04-01 03:00,60.1,5.8,25.0
2023-04-01 04:00,55.0,4.7,29.9
2023-04-01 05:00,55.0,3.4,29.9
2023-04-01 06:00,55.0,3.4,29.9
2023-04-01 07:00,48.9,3.4,37.5
2023-04-01 08:00,46.9,4.7,41.9
2023-04-01 09:00,46.0,8.1,41.8
2023-04-01 10:00,46.9,8.1,40.4
2023-04-01 11:00,45.0,9.2,41.6
2023-04-01 12:00,45.0,9.2,41.6
2023-04-01 13:00,46.9,10.3,36.9
2023-04-01 14:00,54.0,9.2,28.4
2023-04-01 15:00,63.0,6.9,19.8
2023-04-01 16:00,66.9,3.4,16.5
2023-04-01 17:00,73.0,0.0,12.3
2023-04-01 18:00,73.0,0.0,12.3
2023-04-01 19:00,80.1,,6.6
2023-04-01 20:00,82.0,8.1,7.7
2023-04-01 21:00,82.9,8.1,7.1
2023-04-01 22:00,82.9,6.9,6.3
2023-04-01 23:00,81.0,10.3,6.1
2023-04-02 00:00,81.0,10.3,6.1
2023-04-02 01:00,73.9,8.1,13.6
2023-04-02 02:00,70.0,3.4,15.5
2023-04-02 03:00,68.0,10.3,14.0
2023-04-02 04:00,64.0,9.2,16.7
2023-04-02 05:00,62.1,4.7,18.8
2023-04-02 06:00,62.1,4.7,18.8
2023-04-02 07:00,59.0,3.4,23.7
2023-04-02 08:00,55.0,3.4,28.6
2023-04-02 09:00,51.1,4.7,35.9
2023-04-02 10:00,50.0,5.8,39.1
2023-04-02 11:00,50.0,6.9,39.1
2023-04-02 12:00,50.0,6.9,39.1
2023-04-02 13:00,48.0,8.1,40.3
2023-04-02 14:00,54.0,6.9,33.8
2023-04-02 15:00,60.1,6.9,28.1
2023-04-02 16:00,66.0,0.0,18.5
2023-04-02 17:00,70.0,5.8,16.1
2023-04-02 18:00,70.0,5.8,16.1
2023-04-02 19:00,75.0,0.0,10.6
2023-04-02 20:00,78.1,,8.8
2023-04-02 21:00,79.0,3.4,7.8
2023-04-02 22:00,80.1,3.4,7.8
2023-04-02 23:00,81.0,8.1,7.6
2023-04-03 00:00,81.0,8.1,7.6
2023-04-03 01:00,75.0,8.1,11.1
2023-04-03 02:00,71.1,3.4,12.6
2023-04-03 03:00,66.0,4.7,13.8
2023-04-03 04:00,64.9,3.4,12.5
2023-04-03 05:00,62.1,6.9,14.4
2023-04-03 06:00,62.1,6.9,14.4
2023-04-03 07:00,57.0,5.8,20.7
2023-04-03 08:00,54.0,9.2,23.1
2023-04-03 09:00,53.1,5.8,24.8
2023-04-03 10:00,48.0,0.0,29.9
2023-04-03 11:00,51.1,9.2,25.7
2023-04-03 12:00,51.1,9.2,25.7
2023-04-03 13:00,53.1,10.3,22.8
2023-04-03 14:00,59.0,8.1,19.2
2023-04-03 15:00,68.0,10.3,12.9
2023-04-03 16:00,73.9,8.1,8.0
2023-04-03 17:00,79.0,16.1,9.3
2023-04-03 18:00,79.0,16.1,9.3
2023-04-03 19:00,82.0,18.3,9.1
2023-04-03 20:00,81.0,21.9,9.5
2023-04-03 21:00,82.9,17.2,8.1
2023-04-03 22:00,82.9,20.8,7.8
2023-04-03 23:00,80.1,27.7,8.9
2023-04-04 00:00,80.1,27.7,8.9
2023-04-04 01:00,73.0,9.2,15.2
2023-04-04 02:00,70.0,15.0,21.6
2023-04-04 03:00,66.0,12.8,23.9
2023-04-04 04:00,64.0,20.8,26.5
2023-04-04 05:00,64.0,13.9,28.8
2023-04-04 06:00,64.0,13.9,28.8
2023-04-04 07:00,59.0,11.4,35.9
2023-04-04 08:00,55.0,16.1,28.6
2023-04-04 09:00,50.0,16.1,23.4
2023-04-04 10:00,50.0,12.8,21.4
2023-04-04 11:00,48.0,15.0,22.0
2023-04-04 12:00,48.0,15.0,22.0
2023-04-04 13:00,45.0,8.1,24.7
2023-04-04 14:00,45.0,8.1,25.9
2023-04-04 15:00,50.0,15.0,21.4
2023-04-04 16:00,51.1,10.3,20.6
2023-04-04 17:00,54.0,10.3,12.3
2023-04-04 18:00,54.0,10.3,12.3
2023-04-04 19:00,57.0,13.9,11.5
2023-04-04 20:00,55.9,9.2,9.1
2023-04-04 21:00,57.9,16.1,7.7
2023-04-04 22:00,57.0,9.2,7.5
2023-04-04 23:00,57.0,17.2,7.2
2023-04-05 00:00,57.0,17.2,7.2
2023-04-05 01:00,53.1,9.2,9.2
2023-04-05 02:00,51.1,9.2,11.9
2023-04-05 03:00,50.0,4.7,11.9
2023-04-05 04:00,48.0,3.4,13.3
2023-04-05 05:00,46.9,3.4,14.6
2023-04-05 06:00,46.9,3.4,14.6
2023-04-05 07:00,42.1,5.8,17.6
2023-04-05 08:00,39.9,6.9,18.2
2023-04-05 09:00,39.0,3.4,20.6
2023-04-05 10:00,36.0,3.4,24.5
2023-04-05 11:00,36.0,3.4,24.5
2023-04-05 12:00,36.0,3.4,24.5
2023-04-05 13:00,35.1,4.7,25.3
2023-04-05 14:00,42.1,0.0,20.1
2023-04-05 15:00,52.0,5.8,13.3
2023-04-05 16:00,55.9,4.7,11.5
2023-04-05 17:00,59.0,8.1,8.1
2023-04-05 18:00,59.0,8.1,8.1
2023-04-05 19:00,63.0,4.7,7.4
2023-04-05 20:00,64.9,3.4,6.6
2023-04-05 21:00,66.0,0.0,6.7
2023-04-05 22:00,68.0,10.3,7.1
2023-04-05 23:00,66.9,15.0,9.0
2023-04-06 00:00,66.9,15.0,9.0
2023-04-06 01:00,61.0,12.8,11.5
2023-04-06 02:00,59.0,8.1,11.8
2023-04-06 03:00,57.0,8.1,13.9
2023-04-06 04:00,55.0,6.9,15.5
2023-04-06 05:00,50.0,5.8,18.7
2023-04-06 06:00,50.0,5.8,18.7
2023-04-06 07:00,50.0,0.0,18.7
2023-04-06 08:00,46.9,3.4,21.0
2023-04-06 09:00,43.0,4.7,25.6
2023-04-06 10:00,41.0,5.8,30.2
2023-04-06 11:00,41.0,4.7,30.2
2023-04-06 12:00,41.0,4.7,30.2
2023-04-06 13:00,42.1,6.9,27.6
2023-04-06 14:00,48.0,6.9,22.0
2023-04-06 15:00,54.0,3.4,17.7
2023-04-06 16:00,62.1,3.4,13.9
2023-04-06 17:00,66.0,6.9,13.2
2023-04-06 18:00,66.0,6.9,13.2
2023-04-06 19:00,75.0,6.9,9.2
2023-04-06 20:00,78.1,4.7,9.2
2023-04-06 21:00,79.0,6.9,8.9
2023-04-06 22:00,79.0,12.8,9.3
2023-04-06 23:00,77.0,10.3,9.9
2023-04-07 00:00,77.0,10.3,9.9
2023-04-07 01:00,72.0,10.3,12.3
2023-04-07 02:00,69.1,6.9,14.1
2023-04-07 03:00,66.9,9.2,14.6
2023-04-07 04:00,63.0,5.8,16.7
2023-04-07 05:00,60.1,5.8,17.7
2023-04-07 06:00,60.1,5.8,17.7
2023-04-07 07:00,55.0,3.4,23.1
2023-04-07 08:00,51.1,5.8,28.0
2023-04-07 09:00,50.0,6.9,29.1
2023-04-07 10:00,50.0,5.8,27.8
2023-04-07 11:00,48.9,6.9,30.3
2023-04-07 12:00,48.9,6.9,30.3
2023-04-07 13:00,48.9,10.3,30.3
2023-04-07 14:00,55.0,9.2,25.1
2023-04-07 15:00,63.0,4.7,18.9
2023-04-07 16:00,70.0,4.7,15.5
2023-04-07 17:00,75.9,8.1,12.7
2023-04-07 18:00,75.9,8.1,12.7
2023-04-07 19:00,81.0,8.1,9.1
2023-04-07 20:00,82.9,5.8,7.8
2023-04-07 21:00,82.9,8.1,7.8
2023-04-07 22:00,82.9,16.1,8.1
2023-04-07 23:00,82.9,12.8,8.1
2023-04-08 00:00,82.9,12.8,8.1
2023-04-08 01:00,75.9,8.1,11.7
2023-04-08 02:00,72.0,5.8,13.9
2023-04-08 03:00,69.1,4.7,15.3
2023-04-08 04:00,64.0,6.9,19.1
2023-04-08 05:00,63.0,5.8,18.9
2023-04-08 06:00,63.0,5.8,18.9
2023-04-08 07:00,60.1,0.0,19.3
2023-04-08 08:00,55.9,8.1,22.3
2023-04-08 09:00,52.0,3.4,25.8
2023-04-08 10:00,53.1,5.8,26.0
2023-04-08 11:00,51.1,5.8,26.7
2023-04-08 12:00,51.1,5.8,26.7
2023-04-08 13:00,53.1,10.3,27.0
2023-04-08 14:00,57.0,5.8,24.5
2023-04-08 15:00,64.9,0.0,18.5
2023-04-08 16:00,70.0,0.0,15.5
2023-04-08 17:00,75.9,0.0,13.8
2023-04-08 18:00,75.9,0.0,13.8
2023-04-08 19:00,82.0,10.3,9.6
2023-04-08 20:00,82.0,9.2,9.1
2023-04-08 21:00,82.9,6.9,9.3
2023-04-08 22:00,84.0,12.8,8.6
2023-04-08 23:00,82.0,13.9,9.6
2023-04-09 00:00,82.0,13.9,9.6
2023-04-09 01:00,75.9,12.8,12.2
2023-04-09 02:00,73.0,12.8,13.4
2023-04-09 03:00,70.0,5.8,14.8
2023-04-09 04:00,64.9,6.9,18.5
2023-04-09 05:00,63.0,6.9,18.9
2023-04-09 06:00,63.0,6.9,18.9
2023-04-09 07:00,60.1,3.4,21.0
2023-04-09 08:00,57.9,4.7,22.6
2023-04-09 09:00,55.0,6.9,27.3
2023-04-09 10:00,52.0,5.8,32.0
2023-04-09 11:00,52.0,6.9,30.6
2023-04-09 12:00,52.0,6.9,30.6
2023-04-09 13:00,55.0,9.2,27.3
2023-04-09 14:00,59.0,4.7,23.7
2023-04-09 15:00,64.9,3.4,20.1
2023-04-09 16:00,72.0,0.0,15.1
2023-04-09 17:00,77.0,0.0,12.8
2023-04-09 18:00,77.0,0.0,12.8
2023-04-09 19:00,82.9,6.9,9.3
2023-04-09 20:00,86.0,5.8,8.0
2023-04-09 21:00,84.9,0.0,9.1
2023-04-09 22:00,88.0,3.4,8.9
2023-04-09 23:00,87.1,5.8,9.2
2023-04-10 00:00,87.1,5.8,9.2
2023-04-10 01:00,81.0,9.2,11.7
2023-04-10 02:00,77.0,5.8,13.3
2023-04-10 03:00,73.0,3.4,15.2
2023-04-10 04:00,69.1,4.7,18.2
2023-04-10 05:00,64.9,3.4,21.0
2023-04-10 06:00,64.9,3.4,21.0
2023-04-10 07:00,63.0,6.9,21.5
2023-04-10 08:00,61.0,5.8,25.1
2023-04-10 09:00,57.0,8.1,28.9
2023-04-10 10:00,57.9,5.8,29.3
2023-04-10 11:00,55.9,8.1,30.1
2023-04-10 12:00,55.9,8.1,30.1
2023-04-10 13:00,60.1,8.1,27.1
2023-04-10 14:00,64.9,6.9,22.8
2023-04-10 15:00,71.1,5.8,18.5
2023-04-10 16:00,79.0,0.0,15.4
2023-04-10 17:00,89.1,5.8,11.6
2023-04-10 18:00,89.1,5.8,11.6
2023-04-10 19:00,93.9,12.8,7.1
2023-04-10 20:00,95.0,12.8,6.9
2023-04-10 21:00,96.1,15.0,6.9
2023-04-10 22:00,93.9,0.0,6.6
2023-04-10 23:00,95.0,6.9,6.3
2023-04-11 00:00,95.0,6.9,6.3
2023-04-11 01:00,90.0,5.8,7.1
2023-04-11 02:00,84.9,5.8,9.1
2023-04-11 03:00,81.0,8.1,10.8
2023-04-11 04:00,78.1,9.2,12.3
2023-04-11 05:00,75.9,10.3,13.8
2023-04-11 06:00,75.9,10.3,13.8
2023-04-11 07:00,73.0,0.0,15.9
2023-04-11 08:00,66.0,4.7,19.4
2023-04-11 09:00,66.0,5.8,21.0
2023-04-11 10:00,64.0,10.3,22.5
2023-04-11 11:00,63.0,9.2,24.5
2023-04-11 12:00,63.0,9.2,24.5
2023-04-11 13:00,64.0,8.1,24.5
2023-04-11 14:00,72.0,10.3,21.1
2023-04-11 15:00,84.0,15.0,18.0
2023-04-11 16:00,89.1,10.3,16.0
2023-04-11 17:00,91.0,3.4,16.2
2023-04-11 18:00,93.9,4.7,14.2
2023-04-11 19:00,95.0,6.9,11.8
2023-04-11 20:00,97.0,,11.1
2023-04-11 21:00,93.9,12.8,12.2
2023-04-11 22:00,93.9,9.2,12.2
2023-04-11 23:00,91.9,13.9,13.5
2023-04-12 00:00,91.9,13.9,13.5
2023-04-12 01:00,88.0,0.0,14.7
2023-04-12 02:00,87.1,6.9,12.3
2023-04-12 03:00,82.9,5.8,12.5
2023-04-12 04:00,82.0,6.9,20.0
2023-04-12 05:00,78.1,0.0,24.6
2023-04-12 06:00,78.1,0.0,24.6
2023-04-12 07:00,70.0,5.8,28.7
2023-04-12 08:00,66.9,5.8,24.0
2023-04-12 09:00,66.0,6.9,24.8
2023-04-12 10:00,64.9,8.1,26.9
2023-04-12 11:00,63.0,4.7,28.8
2023-04-12 12:00,63.0,4.7,28.8
2023-04-12 13:00,64.0,6.9,31.4
2023-04-12 14:00,70.0,6.9,24.5
2023-04-12 15:00,78.1,6.9,17.2
2023-04-12 16:00,82.9,3.4,14.7
2023-04-12 17:00,87.1,10.3,11.3
2023-04-12 18:00,87.1,10.3,11.3
2023-04-12 19:00,90.0,,10.4
2023-04-12 20:00,91.9,0.0,9.4
2023-04-12 21:00,93.0,19.7,8.0
2023-04-12 22:00,91.9,16.1,7.0
2023-04-12 23:00,91.0,16.1,6.6
2023-04-13 00:00,91.0,16.1,6.6
2023-04-13 01:00,84.0,11.4,10.1
2023-04-13 02:00,80.1,5.8,12.6
2023-04-13 03:00,78.1,8.1,12.9
2023-04-13 04:00,75.9,3.4,9.9
2023-04-13 05:00,73.9,0.0,10.0
2023-04-13 06:00,73.9,0.0,10.0
2023-04-13 07:00,73.0,6.9,9.9
2023-04-13 08:00,71.1,0.0,10.6
2023-04-13 09:00,71.1,0.0,11.1
2023-04-13 10:00,68.0,0.0,15.3
2023-04-13 11:00,68.0,6.9,15.3
2023-04-13 12:00,68.0,6.9,15.3
2023-04-13 13:00,66.9,6.9,15.9
2023-04-13 14:00,69.1,5.8,16.0
2023-04-13 15:00,72.0,12.8,16.5
2023-04-13 16:00,75.0,17.2,15.5
2023-04-13 17:00,79.0,15.0,13.1
2023-04-13 18:00,79.0,15.0,13.1
2023-04-13 19:00,82.0,16.1,11.3
2023-04-13 20:00,84.0,24.2,9.3
2023-04-13 21:00,82.9,20.8,9.7
2023-04-13 22:00,82.9,19.7,11.0
2023-04-13 23:00,82.0,17.2,11.8
2023-04-14 00:00,82.0,17.2,11.8
2023-04-14 01:00,75.9,16.1,18.5
2023-04-14 02:00,71.1,12.8,22.6
2023-04-14 03:00,69.1,4.7,20.5
2023-04-14 04:00,66.0,10.3,21.0
2023-04-14 05:00,64.9,3.4,21.8
2023-04-14 06:00,64.9,3.4,21.8
2023-04-14 07:00,62.1,8.1,29.7
2023-04-14 08:00,60.1,5.8,36.1
2023-04-14 09:00,57.9,4.7,39.0
2023-04-14 10:00,59.0,4.7,35.9
2023-04-14 11:00,57.0,5.8,38.5
2023-04-14 12:00,57.0,5.8,38.5
2023-04-14 13:00,57.0,5.8,38.5
2023-04-14 14:00,62.1,0.0,34.9
2023-04-14 15:00,64.9,10.3,32.9
2023-04-14 16:00,70.0,15.0,22.6
2023-04-14 17:00,72.0,9.2,20.2
2023-04-14 18:00,72.0,9.2,20.2
2023-04-14 19:00,75.9,18.3,17.0
2023-04-14 20:00,77.0,11.4,17.1
2023-04-14 21:00,78.1,17.2,15.9
2023-04-14 22:00,78.1,13.9,15.2
2023-04-14 23:00,78.1,12.8,15.9
2023-04-15 00:00,78.1,12.8,15.9
2023-04-15 01:00,72.0,15.0,21.1
2023-04-15 02:00,70.0,10.3,21.6
2023-04-15 03:00,68.0,6.9,24.2
2023-04-15 04:00,64.0,3.4,30.0
2023-04-15 05:00,63.0,5.8,29.9
2023-04-15 06:00,63.0,5.8,29.9
2023-04-15 07:00,59.0,5.8,34.4
2023-04-15 08:00,55.0,5.8,39.6
2023-04-15 09:00,55.9,3.4,38.4
2023-04-15 10:00,53.1,5.8,41.1
2023-04-15 11:00,51.1,5.8,45.8
2023-04-15 12:00,51.1,5.8,45.8
2023-04-15 13:00,53.1,4.7,42.6
2023-04-15 14:00,57.0,4.7,38.5
2023-04-15 15:00,64.0,3.4,31.4
2023-04-15 16:00,71.1,0.0,24.6
2023-04-15 17:00,73.9,6.9,18.9
2023-04-15 18:00,73.9,6.9,18.9
2023-04-15 19:00,79.0,4.7,13.1
2023-04-15 20:00,81.0,5.8,11.7
2023-04-15 21:00,80.1,4.7,12.1
2023-04-15 22:00,82.9,9.2,9.7
2023-04-15 23:00,82.0,5.8,9.6
2023-04-16 00:00,82.0,5.8,9.6
2023-04-16 01:00,78.1,5.8,11.3
2023-04-16 02:00,75.0,5.8,14.9
2023-04-16 03:00,73.0,6.9,17.3
2023-04-16 04:00,69.1,5.8,18.9
2023-04-16 05:00,66.0,5.8,21.0
2023-04-16 06:00,66.0,5.8,21.0
2023-04-16 07:00,61.0,6.9,23.1
2023-04-16 08:00,57.9,4.7,27.0
2023-04-16 09:00,57.0,5.8,28.9
2023-04-16 10:00,55.9,6.9,30.1
2023-04-16 11:00,55.0,9.2,31.1
2023-04-16 12:00,55.0,9.2,31.1
2023-04-16 13:00,55.9,6.9,29.0
2023-04-16 14:00,61.0,5.8,25.1
2023-04-16 15:00,68.0,3.4,20.5
2023-04-16 16:00,75.9,0.0,15.7
2023-04-16 17:00,81.0,3.4,13.8
2023-04-16 18:00,81.0,3.4,13.8
2023-04-16 19:00,86.0,,9.5
2023-04-16 20:00,87.1,6.9,9.6
2023-04-16 21:00,90.0,8.1,8.8
2023-04-16 22:00,89.1,0.0,7.9
2023-04-16 23:00,90.0,8.1,8.1
2023-04-17 00:00,90.0,8.1,8.1
2023-04-17 01:00,82.9,11.4,10.5
2023-04-17 02:00,80.1,5.8,12.1
2023-04-17 03:00,77.0,4.7,14.0
2023-04-17 04:00,70.0,4.7,17.7
2023-04-17 05:00,68.0,5.8,18.1
2023-04-17 06:00,68.0,5.8,18.1
2023-04-17 07:00,64.0,6.9,19.1
2023-04-17 08:00,61.0,10.3,21.3
2023-04-17 09:00,61.0,8.1,23.1
2023-04-17 10:00,59.0,6.9,24.8
2023-04-17 11:00,57.0,6.9,26.6
2023-04-17 12:00,57.0,6.9,26.6
2023-04-17 13:00,57.9,6.9,27.0
2023-04-17 14:00,64.9,6.9,21.8
2023-04-17 15:00,71.1,0.0,18.5
2023-04-17 16:00,77.0,0.0,16.4
2023-04-17 17:00,81.0,3.4,12.7
2023-04-17 18:00,84.0,6.9,11.5
2023-04-17 19:00,86.0,6.9,10.8
2023-04-17 20:00,86.0,0.0,9.5
2023-04-17 21:00,89.1,9.2,6.7
2023-04-17 22:00,88.0,6.9,6.7
2023-04-17 23:00,88.0,12.8,6.1
2023-04-18 00:00,88.0,12.8,6.1
2023-04-18 01:00,82.0,9.2,9.1
2023-04-18 02:00,79.0,8.1,11.9
2023-04-18 03:00,75.9,8.1,11.7
2023-04-18 04:00,73.0,6.9,12.9
2023-04-18 05:00,69.1,5.8,15.3
2023-04-18 06:00,69.1,5.8,15.3
2023-04-18 07:00,66.9,8.1,12.8
2023-04-18 08:00,63.0,3.4,14.6
2023-04-18 09:00,59.0,4.7,17.7
2023-04-18 10:00,57.9,5.8,18.4
2023-04-18 11:00,57.9,4.7,19.1
2023-04-18 12:00,57.9,4.7,19.1
2023-04-18 13:00,61.0,6.9,18.6
2023-04-18 14:00,66.9,8.1,14.6
2023-04-18 15:00,72.0,8.1,13.4
2023-04-18 16:00,75.9,12.8,13.2
2023-04-18 17:00,79.0,15.0,12.5
2023-04-18 18:00,79.0,15.0,12.5
2023-04-18 19:00,81.0,13.9,11.2
2023-04-18 20:00,84.0,11.4,8.6
2023-04-18 21:00,84.9,12.8,9.5
2023-04-18 22:00,84.9,11.4,8.3
2023-04-18 23:00,84.9,13.9,8.0
2023-04-19 00:00,84.9,13.9,8.0
2023-04-19 01:00,79.0,11.4,10.1
2023-04-19 02:00,75.9,8.1,11.7
2023-04-19 03:00,72.0,6.9,13.9
2023-04-19 04:00,69.1,4.7,16.6
2023-04-19 05:00,66.9,4.7,17.9
2023-04-19 06:00,66.9,4.7,17.9
2023-04-19 07:00,64.9,12.8,22.8
2023-04-19 08:00,62.1,0.0,25.3
2023-04-19 09:00,62.1,3.4,24.2
2023-04-19 10:00,59.0,0.0,28.2
2023-04-19 11:00,57.0,3.4,30.2
2023-04-19 12:00,57.0,3.4,30.2
2023-04-19 13:00,55.9,3.4,31.4
2023-04-19 14:00,63.0,4.7,25.4
2023-04-19 15:00,70.0,3.4,18.4
2023-04-19 16:00,73.0,0.0,15.9
2023-04-19 17:00,78.1,10.3,11.3
2023-04-19 18:00,78.1,10.3,11.3
2023-04-19 19:00,82.0,18.3,8.8
2023-04-19 20:00,81.0,12.8,9.5
2023-04-19 21:00,82.0,19.7,9.1
2023-04-19 22:00,82.0,15.0,7.0
2023-04-19 23:00,81.0,16.1,5.1
2023-04-20 00:00,81.0,16.1,5.1
2023-04-20 01:00,73.0,15.0,12.9
2023-04-20 02:00,71.1,15.0,15.0
2023-04-20 03:00,70.0,12.8,16.1
2023-04-20 04:00,69.1,8.1,16.6
2023-04-20 05:00,66.9,4.7,16.5
2023-04-20 06:00,66.9,4.7,16.5
2023-04-20 07:00,59.0,4.7,22.8
2023-04-20 08:00,57.0,3.4,24.5
2023-04-20 09:00,55.9,3.4,25.5
2023-04-20 10:00,52.0,5.8,28.1
2023-04-20 11:00,52.0,6.9,28.1
2023-04-20 12:00,52.0,6.9,28.1
2023-04-20 13:00,52.0,8.1,28.1
2023-04-20 14:00,57.9,3.4,22.6
2023-04-20 15:00,64.9,0.0,17.0
2023-04-20 16:00,70.0,0.0,12.0
2023-04-20 17:00,73.0,6.9,10.9
2023-04-20 18:00,73.0,6.9,10.9
2023-04-20 19:00,78.1,6.9,9.5
2023-04-20 20:00,81.0,12.8,8.0
2023-04-20 21:00,82.0,11.4,5.9
2023-04-20 22:00,82.0,13.9,7.0
2023-04-20 23:00,80.1,16.1,7.5
2023-04-21 00:00,80.1,16.1,7.5
2023-04-21 01:00,75.0,10.3,9.7
2023-04-21 02:00,72.0,5.8,11.7
2023-04-21 03:00,70.0,5.8,13.1
2023-04-21 04:00,68.0,4.7,14.0
2023-04-21 05:00,62.1,4.7,18.8
2023-04-21 06:00,62.1,4.7,18.8
2023-04-21 07:00,59.0,6.9,18.4
2023-04-21 08:00,55.9,8.1,20.5
2023-04-21 09:00,55.9,5.8,21.5
2023-04-21 10:00,53.1,8.1,23.9
2023-04-21 11:00,54.0,9.2,23.1
2023-04-21 12:00,54.0,9.2,23.1
2023-04-21 13:00,57.0,8.1,20.7
2023-04-21 14:00,61.0,5.8,18.6
2023-04-21 15:00,69.1,3.4,14.7
2023-04-21 16:00,75.0,4.7,11.5
2023-04-21 17:00,78.1,0.0,10.0
2023-04-21 18:00,78.1,0.0,10.0
2023-04-21 19:00,82.9,4.7,7.1
2023-04-21 20:00,84.9,9.2,6.7
2023-04-21 21:00,87.1,,6.2
2023-04-21 22:00,88.0,8.1,5.6
2023-04-21 23:00,86.0,11.4,5.9
2023-04-22 00:00,86.0,11.4,5.9
2023-04-22 01:00,80.1,11.4,7.8
2023-04-22 02:00,77.0,10.3,9.5
2023-04-22 03:00,75.0,6.9,10.6
2023-04-22 04:00,71.1,3.4,12.1
2023-04-22 05:00,66.0,5.8,13.2
2023-04-22 06:00,66.0,5.8,13.2
2023-04-22 07:00,62.1,6.9,17.9
2023-04-22 08:00,61.0,3.4,17.9
2023-04-22 09:00,60.1,5.8,17.7
2023-04-22 10:00,57.9,6.9,20.0
2023-04-22 11:00,55.9,6.9,21.5
2023-04-22 12:00,55.9,6.9,21.5
2023-04-22 13:00,57.9,9.2,20.8
2023-04-22 14:00,64.9,6.9,17.0
2023-04-22 15:00,71.1,0.0,15.0
2023-04-22 16:00,77.0,3.4,12.3
2023-04-22 17:00,80.1,,12.1
2023-04-22 18:00,80.1,,12.1
2023-04-22 19:00,84.0,9.2,12.5
2023-04-22 20:00,87.1,6.9,11.3
2023-04-22 21:00,87.1,9.2,10.9
2023-04-22 22:00,88.0,13.9,10.6
2023-04-22 23:00,87.1,15.0,11.3
2023-04-23 00:00,87.1,15.0,11.3
2023-04-23 01:00,82.0,8.1,13.9
2023-04-23 02:00,79.0,8.1,16.0
2023-04-23 03:00,77.0,4.7,17.8
2023-04-23 04:00,73.0,4.7,19.5
2023-04-23 05:00,69.1,5.8,21.5
2023-04-23 06:00,69.1,5.8,21.5
2023-04-23 07:00,66.0,4.7,24.8
2023-04-23 08:00,64.9,6.9,25.7
2023-04-23 09:00,63.0,6.9,26.6
2023-04-23 10:00,62.1,6.9,28.4
2023-04-23 11:00,61.0,6.9,28.5
2023-04-23 12:00,61.0,6.9,28.5
2023-04-23 13:00,62.1,8.1,28.4
2023-04-23 14:00,68.0,8.1,24.2
2023-04-23 15:00,75.0,5.8,19.8
2023-04-23 16:00,81.0,4.7,16.2
2023-04-23 17:00,84.9,0.0,13.2
2023-04-23 18:00,84.9,0.0,13.2
2023-04-23 19:00,89.1,6.9,12.1
2023-04-23 20:00,90.0,,10.4
2023-04-23 21:00,91.0,12.8,10.5
2023-04-23 22:00,91.9,6.9,9.4
2023-04-23 23:00,91.9,10.3,9.0
2023-04-24 00:00,91.9,10.3,9.0
2023-04-24 01:00,86.0,11.4,10.8
2023-04-24 02:00,82.0,10.3,12.9
2023-04-24 03:00,80.1,10.3,13.1
2023-04-24 04:00,79.0,12.8,13.6
2023-04-24 05:00,75.9,10.3,15.7
2023-04-24 06:00,75.9,10.3,15.7
2023-04-24 07:00,70.0,9.2,19.2
2023-04-24 08:00,68.0,5.8,20.5
2023-04-24 09:00,66.9,3.4,20.4
2023-04-24 10:00,64.0,10.3,22.5
2023-04-24 11:00,60.1,4.7,25.9
2023-04-24 12:00,60.1,4.7,25.9
2023-04-24 13:00,64.0,8.1,22.5
2023-04-24 14:00,72.0,5.8,17.2
2023-04-24 15:00,75.0,8.1,14.3
2023-04-24 16:00,80.1,4.7,12.6
2023-04-24 17:00,82.0,0.0,11.3
2023-04-24 18:00,82.0,0.0,11.3
2023-04-24 19:00,84.9,10.3,10.3
2023-04-24 20:00,88.0,8.1,8.9
2023-04-24 21:00,89.1,13.9,8.3
2023-04-24 22:00,88.0,8.1,8.9
2023-04-24 23:00,89.1,13.9,8.6
2023-04-25 00:00,89.1,13.9,8.6
2023-04-25 01:00,84.0,12.8,10.1
2023-04-25 02:00,81.0,12.8,12.7
2023-04-25 03:00,78.1,9.2,17.8
2023-04-25 04:00,75.9,10.3,21.7
2023-04-25 05:00,72.0,8.1,24.8
2023-04-25 06:00,72.0,8.1,24.8
2023-04-25 07:00,70.0,0.0,26.5
2023-04-25 08:00,70.0,10.3,25.6
2023-04-25 09:00,64.0,8.1,31.4
2023-04-25 10:00,64.9,9.2,30.4
2023-04-25 11:00,64.9,8.1,29.1
2023-04-25 12:00,64.9,8.1,29.1
2023-04-25 13:00,66.0,10.3,29.3
2023-04-25 14:00,71.1,10.3,24.6
2023-04-25 15:00,75.0,12.8,22.3
2023-04-25 16:00,77.0,0.0,18.5
2023-04-25 17:00,82.0,12.8,15.7
2023-04-25 18:00,82.0,12.8,15.7
2023-04-25 19:00,86.0,6.9,11.3
2023-04-25 20:00,84.9,10.3,10.8
2023-04-25 21:00,88.0,8.1,9.4
2023-04-25 22:00,87.1,16.1,10.1
2023-04-25 23:00,88.0,17.2,8.6
2023-04-26 00:00,87.1,15.0,9.2
2023-04-26 01:00,82.9,12.8,11.0
2023-04-26 02:00,80.1,8.1,13.1
2023-04-26 03:00,77.0,12.8,22.6
2023-04-26 04:00,73.9,6.9,24.2
2023-04-26 05:00,71.1,4.7,24.6
2023-04-26 06:00,71.1,4.7,24.6
2023-04-26 07:00,69.1,4.7,28.5
2023-04-26 08:00,66.0,8.1,30.4
2023-04-26 09:00,63.0,5.8,35.3
2023-04-26 10:00,61.0,4.7,37.8
2023-04-26 11:00,61.0,4.7,37.8
2023-04-26 12:00,61.0,4.7,37.8
2023-04-26 13:00,61.0,4.7,36.2
2023-04-26 14:00,66.9,0.0,30.7
2023-04-26 15:00,72.0,5.8,25.9
2023-04-26 16:00,73.9,3.4,22.3
2023-04-26 17:00,79.0,6.9,16.7
2023-04-26 18:00,79.0,6.9,16.7
2023-04-26 19:00,82.9,8.1,13.0
2023-04-26 20:00,82.9,9.2,11.0
2023-04-26 21:00,84.9,9.2,9.9
2023-04-26 22:00,84.9,12.8,8.7
2023-04-26 23:00,84.9,15.0,8.3
2023-04-27 00:00,84.9,15.0,8.3
2023-04-27 01:00,79.0,12.8,11.0
2023-04-27 02:00,75.9,5.8,12.7
2023-04-27 03:00,73.9,3.4,13.6
2023-04-27 04:00,72.0,3.4,14.5
2023-04-27 05:00,68.0,4.7,15.9
2023-04-27 06:00,68.0,4.7,15.9
2023-04-27 07:00,61.0,6.9,20.3
2023-04-27 08:00,59.0,8.1,21.8
2023-04-27 09:00,57.9,6.9,23.7
2023-04-27 10:00,57.0,5.8,24.5
2023-04-27 11:00,55.0,5.8,26.3
2023-04-27 12:00,55.0,5.8,26.3
2023-04-27 13:00,59.0,8.1,22.8
2023-04-27 14:00,66.0,5.8,19.4
2023-04-27 15:00,73.0,5.8,15.2
2023-04-27 16:00,79.0,0.0,11.9
2023-04-27 17:00,84.0,5.8,10.1
2023-04-27 18:00,84.0,5.8,10.1
2023-04-27 19:00,87.1,10.3,7.8
2023-04-27 20:00,90.0,10.3,6.8
2023-04-27 21:00,89.1,6.9,7.0
2023-04-27 22:00,90.0,11.4,7.1
2023-04-27 23:00,88.0,8.1,7.5
2023-04-28 00:00,88.0,8.1,7.5
2023-04-28 01:00,84.0,10.3,9.3
2023-04-28 02:00,81.0,6.9,10.8
2023-04-28 03:00,78.1,3.4,12.3
2023-04-28 04:00,73.0,4.7,15.2
2023-04-28 05:00,69.1,3.4,15.3
2023-04-28 06:00,69.1,3.4,15.3
2023-04-28 07:00,64.0,5.8,19.1
2023-04-28 08:00,64.9,6.9,20.1
2023-04-28 09:00,63.0,8.1,23.4
2023-04-28 10:00,61.0,6.9,25.1
2023-04-28 11:00,60.1,8.1,25.9
2023-04-28 12:00,60.1,8.1,25.9
2023-04-28 13:00,62.1,8.1,25.3
2023-04-28 14:00,68.0,4.7,21.3
2023-04-28 15:00,75.9,0.0,16.3
2023-04-28 16:00,81.0,5.8,12.7
2023-04-28 17:00,84.0,0.0,11.1
2023-04-28 18:00,84.0,0.0,11.1
2023-04-28 19:00,90.0,5.8,9.5
2023-04-28 20:00,89.1,3.4,9.5
2023-04-28 21:00,93.0,3.4,8.0
2023-04-28 22:00,91.9,3.4,8.6
2023-04-28 23:00,91.9,12.8,7.9
2023-04-29 00:00,91.9,12.8,7.9
2023-04-29 01:00,88.0,11.4,8.9
2023-04-29 02:00,82.9,3.4,11.0
2023-04-29 03:00,79.0,3.4,13.1
2023-04-29 04:00,75.9,0.0,15.0
2023-04-29 05:00,75.0,8.1,15.5
2023-04-29 06:00,75.0,8.1,15.5
2023-04-29 07:00,66.9,9.2,17.9
2023-04-29 08:00,63.0,5.8,21.5
2023-04-29 09:00,63.0,4.7,22.5
2023-04-29 10:00,60.1,4.7,25.0
2023-04-29 11:00,61.0,9.2,22.1
2023-04-29 12:00,61.0,9.2,22.1
2023-04-29 13:00,68.0,8.1,15.3
2023-04-29 14:00,75.9,11.4,15.0
2023-04-29 15:00,82.0,18.3,11.3
2023-04-29 16:00,86.0,17.2,10.0
2023-04-29 17:00,88.0,13.9,7.9
2023-04-29 18:00,88.0,13.9,7.9
2023-04-29 19:00,93.0,9.2,6.2
2023-04-29 20:00,95.0,8.1,5.6
2023-04-29 21:00,96.1,6.9,5.4
2023-04-29 22:00,97.0,9.2,5.2
2023-04-29 23:00,97.0,6.9,5.2
2023-04-30 00:00,97.0,6.9,5.2
2023-04-30 01:00,91.9,5.8,6.1
2023-04-30 02:00,87.1,10.3,8.1
2023-04-30 03:00,84.9,9.2,9.9
2023-04-30 04:00,80.1,6.9,11.5
2023-04-30 05:00,75.0,5.8,13.6
2023-04-30 06:00,75.0,5.8,13.6
2023-04-30 07:00,71.1,4.7,17.0
2023-04-30 08:00,66.9,5.8,17.3
2023-04-30 09:00,64.0,5.8,19.1
2023-04-30 10:00,64.0,9.2,19.1
2023-04-30 11:00,63.0,5.8,20.6
2023-04-30 12:00,63.0,5.8,20.6
2023-04-30 13:00,66.9,9.2,18.8
2023-04-30 14:00,73.0,9.2,15.9
2023-04-30 15:00,79.0,5.8,13.6
2023-04-30 16:00,86.0,4.7,10.0
2023-04-30 17:00,91.0,0.0,8.9
2023-04-30 18:00,91.0,0.0,8.9
2023-04-30 19:00,97.0,8.1,6.0
2023-04-30 20:00,97.0,0.0,6.0
2023-04-30 21:00,99.0,8.1,5.6
2023-04-30 22:00,100.0,5.8,5.4
2023-04-30 23:00,97.0,20.8,6.2
2023-05-01 00:00,97.0,20.8,6.2
2023-05-01 01:00,91.9,12.8,7.6
2023-05-01 02:00,89.1,13.9,9.5
2023-05-01 03:00,84.9,8.1,11.7
2023-05-01 04:00,81.0,5.8,13.8
2023-05-01 05:00,80.1,0.0,13.7
2023-05-01 06:00,80.1,0.0,13.7
2023-05-01 07:00,75.9,4.7,16.3
2023-05-01 08:00,73.9,3.4,17.4
2023-05-01 09:00,69.1,5.8,19.8
2023-05-01 10:00,68.0,8.1,20.5
2023-05-01 11:00,66.0,6.9,21.0
2023-05-01 12:00,66.0,6.9,21.0
2023-05-01 13:00,70.0,6.9,19.9
2023-05-01 14:00,78.1,8.1,15.2
2023-05-01 15:00,80.1,10.3,16.1
2023-05-01 16:00,82.9,15.0,15.9
2023-05-01 17:00,84.0,17.2,16.0
2023-05-01 18:00,84.0,17.2,16.0
2023-05-01 19:00,84.9,19.7,14.9
2023-05-01 20:00,87.1,16.1,15.1
2023-05-01 21:00,87.1,20.8,12.9
2023-05-01 22:00,84.9,17.2,12.7
2023-05-01 23:00,84.0,13.9,14.7
2023-05-02 00:00,84.0,13.9,14.7
2023-05-02 01:00,82.0,12.8,17.1
2023-05-02 02:00,79.0,9.2,18.1
2023-05-02 03:00,75.0,4.7,20.6
2023-05-02 04:00,73.0,5.8,22.1
2023-05-02 05:00,71.1,4.7,24.6
2023-05-02 06:00,71.1,4.7,24.6
2023-05-02 07:00,68.0,3.4,27.3
2023-05-02 08:00,66.0,5.8,28.0
2023-05-02 09:00,66.9,4.7,27.2
2023-05-02 10:00,64.9,8.1,30.4
2023-05-02 11:00,63.0,3.4,32.6
2023-05-02 12:00,63.0,3.4,32.6
2023-05-02 13:00,64.9,0.0,35.6
2023-05-02 14:00,71.1,9.2,27.6
2023-05-02 15:00,75.0,8.1,22.3
2023-05-02 16:00,78.1,6.9,18.6
2023-05-02 17:00,82.0,9.2,17.7
2023-05-02 18:00,82.0,9.2,17.7
2023-05-02 19:00,84.9,5.8,14.9
2023-05-02 20:00,87.1,16.1,12.3
2023-05-02 21:00,88.0,10.3,13.0
2023-05-02 22:00,88.0,6.9,14.1
2023-05-02 23:00,87.1,13.9,14.6
2023-05-03 00:00,87.1,13.9,14.6
2023-05-03 01:00,82.9,9.2,18.0
2023-05-03 02:00,80.1,8.1,19.7
2023-05-03 03:00,75.9,5.8,30.8
2023-05-03 04:00,73.0,9.2,35.4
2023-05-03 05:00,72.0,4.7,36.7
2023-05-03 06:00,72.0,4.7,36.7
2023-05-03 07:00,66.0,0.0,43.2
2023-05-03 08:00,66.9,4.7,40.4
2023-05-03 09:00,63.0,3.4,44.5
2023-05-03 10:00,61.0,3.4,47.7
2023-05-03 11:00,62.1,3.4,44.1
2023-05-03 12:00,62.1,3.4,44.1
2023-05-03 13:00,63.0,8.1,48.0
2023-05-03 14:00,70.0,6.9,37.7
2023-05-03 15:00,78.1,10.3,25.5
2023-05-03 16:00,80.1,13.9,17.5
2023-05-03 17:00,81.0,3.4,16.2
2023-05-03 18:00,81.0,3.4,16.2
2023-05-03 19:00,86.0,21.9,9.5
2023-05-03 20:00,87.1,17.2,11.3
2023-05-03 21:00,87.1,18.3,11.9
2023-05-03 22:00,86.0,15.0,11.7
2023-05-03 23:00,84.9,16.1,13.8
2023-05-04 00:00,84.9,16.1,13.8
2023-05-04 01:00,79.0,12.8,13.6
2023-05-04 02:00,75.9,11.4,17.0
2023-05-04 03:00,73.9,10.3,18.9
2023-05-04 04:00,72.0,12.8,19.5
2023-05-04 05:00,71.1,11.4,23.6
2023-05-04 06:00,71.1,11.4,23.6
2023-05-04 07:00,66.0,4.7,46.6
2023-05-04 08:00,63.0,0.0,51.8
2023-05-04 09:00,64.0,0.0,48.2
2023-05-04 10:00,63.0,0.0,46.4
2023-05-04 11:00,61.0,5.8,49.8
2023-05-04 12:00,61.0,5.8,49.8
2023-05-04 13:00,64.0,5.8,44.7
2023-05-04 14:00,68.0,10.3,37.4
2023-05-04 15:00,72.0,11.4,23.9
2023-05-04 16:00,75.0,17.2,16.8
2023-05-04 17:00,77.0,8.1,15.7
2023-05-04 18:00,77.0,8.1,15.7
2023-05-04 19:00,81.0,15.0,11.7
2023-05-04 20:00,82.0,15.0,10.8
2023-05-04 21:00,82.9,13.9,10.5
2023-05-04 22:00,82.0,9.2,11.3
2023-05-04 23:00,82.0,12.8,13.9
2023-05-05 00:00,82.0,12.8,13.9
2023-05-05 01:00,77.0,10.3,14.5
2023-05-05 02:00,73.9,11.4,16.8
2023-05-05 03:00,70.0,6.9,19.2
2023-05-05 04:00,68.0,5.8,20.5
2023-05-05 05:00,66.0,3.4,23.9
2023-05-05 06:00,66.0,3.4,23.9
2023-05-05 07:00,60.1,4.7,37.4
2023-05-05 08:00,60.1,5.8,39.0
2023-05-05 09:00,57.9,3.4,39.0
2023-05-05 10:00,59.0,9.2,37.5
2023-05-05 11:00,55.0,4.7,39.6
2023-05-05 12:00,55.0,4.7,39.6
2023-05-05 13:00,55.0,3.4,43.2
2023-05-05 14:00,60.1,0.0,34.5
2023-05-05 15:00,66.0,0.0,24.8
2023-05-05 16:00,69.1,3.4,22.3
2023-05-05 17:00,73.0,5.8,20.4
2023-05-05 18:00,73.0,5.8,20.4
2023-05-05 19:00,77.0,6.9,16.4
2023-05-05 20:00,82.0,16.1,12.9
2023-05-05 21:00,82.0,16.1,12.9
2023-05-05 22:00,82.9,17.2,10.5
2023-05-05 23:00,82.0,16.1,10.8
2023-05-06 00:00,82.0,16.1,10.8
2023-05-06 01:00,77.0,12.8,14.5
2023-05-06 02:00,73.9,13.9,20.5
2023-05-06 03:00,72.0,10.3,23.9
2023-05-06 04:00,69.1,4.7,26.3
2023-05-06 05:00,66.9,0.0,29.4
2023-05-06 06:00,66.9,0.0,29.4
2023-05-06 07:00,62.1,0.0,34.9
2023-05-06 08:00,57.9,4.7,34.4
2023-05-06 09:00,57.9,5.8,33.0
2023-05-06 10:00,55.0,6.9,35.2
2023-05-06 11:00,55.0,5.8,36.6
2023-05-06 12:00,55.0,5.8,36.6
2023-05-06 13:00,55.9,3.4,35.4
2023-05-06 14:00,61.0,3.4,32.0
2023-05-06 15:00,66.9,0.0,27.2
2023-05-06 16:00,73.0,0.0,23.9
2023-05-06 17:00,77.0,4.7,19.3
2023-05-06 18:00,77.0,4.7,19.3
2023-05-06 19:00,82.0,4.7,15.1
2023-05-06 20:00,84.9,,10.3
2023-05-06 21:00,84.9,8.1,8.3
2023-05-06 22:00,86.0,13.9,8.0
2023-05-06 23:00,84.9,6.9,8.7
2023-05-07 00:00,84.9,6.9,8.7
2023-05-07 01:00,82.0,12.8,9.1
2023-05-07 02:00,78.1,8.1,11.8
2023-05-07 03:00,73.9,5.8,14.1
2023-05-07 04:00,71.1,5.8,16.3
2023-05-07 05:00,69.1,3.4,18.9
2023-05-07 06:00,69.1,3.4,18.9
2023-05-07 07:00,64.0,5.8,24.5
2023-05-07 08:00,62.1,5.8,22.2
2023-05-07 09:00,61.0,5.8,25.1
2023-05-07 10:00,57.9,6.9,30.4
2023-05-07 11:00,55.9,5.8,34.1
2023-05-07 12:00,55.9,5.8,34.1
2023-05-07 13:00,59.0,8.1,29.2
2023-05-07 14:00,64.9,5.8,24.8
2023-05-07 15:00,71.1,0.0,23.6
2023-05-07 16:00,75.0,0.0,20.6
2023-05-07 17:00,80.1,0.0,16.7
2023-05-07 18:00,80.1,0.0,16.7
2023-05-07 19:00,84.9,0.0,13.8
2023-05-07 20:00,86.0,3.4,11.7
2023-05-07 21:00,88.0,9.2,11.5
2023-05-07 22:00,89.1,5.8,10.7
2023-05-07 23:00,88.0,9.2,11.0
2023-05-08 00:00,88.0,9.2,11.0
2023-05-08 01:00,84.0,9.2,9.8
2023-05-08 02:00,80.1,4.7,13.7
2023-05-08 03:00,75.0,3.4,13.6
2023-05-08 04:00,72.0,6.9,15.8
2023-05-08 05:00,70.0,6.9,18.4
2023-05-08 06:00,70.0,6.9,18.4
2023-05-08 07:00,66.9,5.8,19.6
2023-05-08 08:00,64.0,3.4,20.7
2023-05-08 09:00,61.0,6.9,22.1
2023-05-08 10:00,59.0,3.4,25.9
2023-05-08 11:00,57.9,5.8,25.8
2023-05-08 12:00,57.9,5.8,25.8
2023-05-08 13:00,60.8,6.9,25.1
2023-05-08 14:00,66.9,3.4,21.3
2023-05-08 15:00,73.0,0.0,18.8
2023-05-08 16:00,79.0,0.0,16.7
2023-05-08 17:00,82.9,3.4,13.5
2023-05-08 18:00,82.9,3.4,13.5
2023-05-08 19:00,89.1,8.1,9.5
2023-05-08 20:00,90.0,9.2,10.0
2023-05-08 21:00,91.0,4.7,9.6
2023-05-08 22:00,91.9,10.3,8.3
2023-05-08 23:00,91.0,3.4,8.9
2023-05-09 00:00,91.0,3.4,8.9
2023-05-09 01:00,86.0,12.8,10.4
2023-05-09 02:00,82.9,4.7,11.0
2023-05-09 03:00,78.1,4.7,11.3
2023-05-09 04:00,73.9,8.1,14.1
2023-05-09 05:00,73.0,6.9,16.5
2023-05-09 06:00,73.0,6.9,16.5
2023-05-09 07:00,68.0,6.9,22.3
2023-05-09 08:00,66.0,3.4,20.3
2023-05-09 09:00,64.0,5.8,22.5
2023-05-09 10:00,62.1,8.1,24.2
2023-05-09 11:00,60.1,5.8,25.9
2023-05-09 12:00,60.1,5.8,25.9
2023-05-09 13:00,63.0,5.8,24.5
2023-05-09 14:00,69.1,3.4,22.3
2023-05-09 15:00,75.9,3.4,19.2
2023-05-09 16:00,80.1,4.7,16.7
2023-05-09 17:00,82.9,6.9,14.7
2023-05-09 18:00,82.9,6.9,14.7
2023-05-09 19:00,90.0,9.2,10.0
2023-05-09 20:00,91.9,6.9,9.7
2023-05-09 21:00,93.0,11.4,7.3
2023-05-09 22:00,91.9,9.2,5.9
2023-05-09 23:00,91.0,8.1,6.1
2023-05-10 00:00,91.0,8.1,6.1
2023-05-10 01:00,86.0,12.8,6.8
2023-05-10 02:00,81.0,9.2,9.1
2023-05-10 03:00,79.0,8.1,18.1
2023-05-10 04:00,75.9,3.4,19.2
2023-05-10 05:00,75.9,9.2,13.8
2023-05-10 06:00,75.9,9.2,13.8
2023-05-10 07:00,71.1,10.3,14.3
2023-05-10 08:00,70.0,11.4,14.3
2023-05-10 09:00,66.9,6.9,16.5
2023-05-10 10:00,64.9,6.9,17.7
2023-05-10 11:00,62.1,4.7,19.5
2023-05-10 12:00,62.1,4.7,19.5
2023-05-10 13:00,61.0,0.0,22.1
2023-05-10 14:00,69.1,15.0,22.3
2023-05-10 15:00,70.0,11.4,19.9
2023-05-10 16:00,73.9,11.4,19.8
2023-05-10 17:00,73.9,15.0,22.3
2023-05-10 18:00,73.9,15.0,22.3
2023-05-10 19:00,79.0,20.8,11.9
2023-05-10 20:00,78.1,16.1,9.2
2023-05-10 21:00,80.1,12.8,7.5
2023-05-10 22:00,80.1,17.2,6.3
2023-05-10 23:00,78.1,17.2,8.8
2023-05-11 00:00,78.1,17.2,8.8
2023-05-11 01:00,73.9,12.8,11.5
2023-05-11 02:00,72.0,6.9,11.7
2023-05-11 03:00,69.1,9.2,16.0
2023-05-11 04:00,66.9,5.8,17.9
2023-05-11 05:00,64.9,4.7,18.5
2023-05-11 06:00,64.9,4.7,18.5
2023-05-11 07:00,57.9,4.7,20.8
2023-05-11 08:00,55.9,4.7,23.4
2023-05-11 09:00,55.0,5.8,23.1
2023-05-11 10:00,54.0,5.8,25.1
2023-05-11 11:00,51.1,6.9,28.0
2023-05-11 12:00,51.1,6.9,28.0
2023-05-11 13:00,55.9,6.9,24.3
2023-05-11 14:00,62.1,3.4,21.2
2023-05-11 15:00,66.9,3.4,17.9
2023-05-11 16:00,72.0,0.0,14.5
2023-05-11 17:00,75.0,3.4,14.3
2023-05-11 18:00,75.0,3.4,14.3
2023-05-11 19:00,81.0,3.4,9.9
2023-05-11 20:00,82.0,0.0,9.6
2023-05-11 21:00,82.9,0.0,9.3
2023-05-11 22:00,84.0,8.1,9.3
2023-05-11 23:00,84.0,9.2,8.6
2023-05-12 00:00,84.0,9.2,8.6
2023-05-12 01:00,81.0,10.3,10.3
2023-05-12 02:00,78.1,8.1,13.5
2023-05-12 03:00,75.0,5.8,14.9
2023-05-12 04:00,73.0,4.7,15.9
2023-05-12 05:00,68.0,4.7,18.1
2023-05-12 06:00,68.0,4.7,18.1
2023-05-12 07:00,64.0,4.7,20.7
2023-05-12 08:00,61.0,4.7,21.3
2023-05-12 09:00,60.1,5.8,23.9
2023-05-12 10:00,57.9,8.1,25.8
2023-05-12 11:00,57.9,5.8,27.0
2023-05-12 12:00,57.9,5.8,27.0
2023-05-12 13:00,61.0,6.9,26.2
2023-05-12 14:00,66.0,6.9,22.8
2023-05-12 15:00,73.0,5.8,18.8
2023-05-12 16:00,77.0,0.0,15.7
2023-05-12 17:00,82.0,3.4,12.9
2023-05-12 18:00,82.0,3.4,12.9
2023-05-12 19:00,86.0,0.0,9.5
2023-05-12 20:00,89.1,6.9,8.3
2023-05-12 21:00,89.1,9.2,8.6
2023-05-12 22:00,90.0,10.3,8.8
2023-05-12 23:00,90.0,9.2,8.8
2023-05-13 00:00,90.0,9.2,8.8
2023-05-13 01:00,86.0,12.8,11.3
2023-05-13 02:00,82.9,8.1,11.9
2023-05-13 03:00,80.1,6.9,13.7
2023-05-13 04:00,78.1,4.7,14.6
2023-05-13 05:00,73.9,6.9,17.4
2023-05-13 06:00,73.9,6.9,17.4
2023-05-13 07:00,68.0,4.7,21.3
2023-05-13 08:00,66.9,5.8,22.1
2023-05-13 09:00,64.9,5.8,26.9
2023-05-13 10:00,64.0,5.8,28.8
2023-05-13 11:00,62.1,9.2,34.9
2023-05-13 12:00,62.1,9.2,34.9
2023-05-13 13:00,66.9,8.1,29.4
2023-05-13 14:00,73.0,4.7,24.9
2023-05-13 15:00,78.1,3.4,21.1
2023-05-13 16:00,82.0,4.7,17.7
2023-05-13 17:00,86.0,3.4,14.4
2023-05-13 18:00,86.0,3.4,14.4
2023-05-13 19:00,91.0,4.7,10.0
2023-05-13 20:00,93.0,6.9,10.7
2023-05-13 21:00,93.0,5.8,10.2
2023-05-13 22:00,93.0,8.1,10.2
2023-05-13 23:00,91.9,5.8,10.2
2023-05-14 00:00,91.9,5.8,10.2
2023-05-14 01:00,90.0,8.1,11.2
2023-05-14 02:00,84.9,4.7,13.8
2023-05-14 03:00,86.0,11.4,11.3
2023-05-14 04:00,80.1,6.9,14.2
2023-05-14 05:00,78.1,9.2,14.6
2023-05-14 06:00,78.1,9.2,14.6
2023-05-14 07:00,78.1,0.0,17.8
2023-05-14 08:00,75.0,5.8,16.8
2023-05-14 09:00,78.1,15.0,26.6
2023-05-14 10:00,75.0,19.7,31.8
2023-05-14 11:00,73.9,21.9,34.3
2023-05-14 12:00,73.9,21.9,34.3
2023-05-14 13:00,73.9,21.9,35.5
2023-05-14 14:00,77.0,19.7,32.1
2023-05-14 15:00,80.1,18.3,30.2
2023-05-14 16:00,84.0,16.1,25.5
2023-05-14 17:00,88.0,16.1,22.5
2023-05-14 18:00,88.0,16.1,22.5
2023-05-14 19:00,91.9,,18.4
2023-05-14 20:00,93.0,11.4,17.2
2023-05-14 21:00,90.0,34.4,18.1
2023-05-14 22:00,91.0,18.3,13.9
2023-05-14 23:00,87.1,20.8,18.4
2023-05-15 00:00,87.1,20.8,18.4
2023-05-15 01:00,84.0,10.3,21.9
2023-05-15 02:00,82.9,6.9,22.7
2023-05-15 03:00,82.9,12.8,22.7
2023-05-15 04:00,79.0,6.9,29.0
2023-05-15 05:00,79.0,16.1,30.1
2023-05-15 06:00,79.0,16.1,30.1
2023-05-15 07:00,75.9,10.3,33.3
2023-05-15 08:00,73.9,9.2,37.0
2023-05-15 09:00,72.0,5.8,40.9
2023-05-15 10:00,73.9,12.8,37.0
2023-05-15 11:00,72.0,12.8,40.9
2023-05-15 12:00,72.0,12.8,40.9
2023-05-15 13:00,75.9,13.9,33.3
2023-05-15 14:00,81.0,17.2,28.2
2023-05-15 15:00,84.0,21.9,25.5
2023-05-15 16:00,86.0,18.3,24.9
2023-05-15 17:00,90.0,20.8,21.1
2023-05-15 18:00,90.0,20.8,21.1
2023-05-15 19:00,91.9,15.0,18.4
2023-05-15 20:00,91.0,12.8,19.7
2023-05-15 21:00,93.9,13.9,18.0
2023-05-15 22:00,93.0,11.4,16.5
2023-05-15 23:00,93.0,15.0,17.2
2023-05-16 00:00,93.0,15.0,17.2
2023-05-16 01:00,89.1,4.7,19.5
2023-05-16 02:00,87.1,3.4,24.1
2023-05-16 03:00,84.9,5.8,24.8
2023-05-16 04:00,84.9,4.7,25.8
2023-05-16 05:00,84.0,6.9,27.5
2023-05-16 06:00,84.0,6.9,27.5
2023-05-16 07:00,78.1,0.0,34.8
2023-05-16 08:00,77.0,4.7,44.9
2023-05-16 09:00,73.9,5.8,48.1
2023-05-16 10:00,73.9,3.4,44.7
2023-05-16 11:00,75.9,8.1,35.8
2023-05-16 12:00,75.9,8.1,35.8
2023-05-16 13:00,73.9,4.7,39.9
2023-05-16 14:00,82.0,13.9,30.5
2023-05-16 15:00,86.0,12.8,25.8
2023-05-16 16:00,88.0,9.2,24.2
2023-05-16 17:00,90.0,3.4,22.0
2023-05-16 18:00,93.9,9.2,19.5
2023-05-16 19:00,91.9,6.9,19.9
2023-05-16 20:00,91.9,12.8,19.2
2023-05-16 21:00,93.9,10.3,16.7
2023-05-16 22:00,90.0,17.2,22.0
2023-05-16 23:00,91.0,15.0,20.4
2023-05-17 00:00,91.0,13.9,19.7
2023-05-17 01:00,87.1,6.9,24.9
2023-05-17 02:00,84.0,5.8,26.6
2023-05-17 03:00,82.0,11.4,32.9
2023-05-17 04:00,80.1,17.2,36.5
2023-05-17 05:00,80.1,8.1,35.1
2023-05-17 06:00,80.1,8.1,35.1
2023-05-17 07:00,77.0,6.9,38.8
2023-05-17 08:00,75.9,4.7,40.2
2023-05-17 09:00,75.9,10.3,38.6
2023-05-17 10:00,75.0,6.9,41.4
2023-05-17 11:00,73.0,3.4,44.3
2023-05-17 12:00,73.0,3.4,44.3
2023-05-17 13:00,75.0,8.1,43.1
2023-05-17 14:00,77.0,5.8,40.4
2023-05-17 15:00,80.1,5.8,36.5
2023-05-17 16:00,84.0,3.4,26.6
2023-05-17 17:00,88.0,4.7,24.2
2023-05-17 18:00,88.0,4.7,24.2
2023-05-17 19:00,93.0,8.1,18.6
2023-05-17 20:00,91.9,,17.8
2023-05-17 21:00,91.9,8.1,17.8
2023-05-17 22:00,91.0,3.4,19.7
2023-05-17 23:00,91.9,0.0,17.8
2023-05-18 00:00,91.9,0.0,17.8
2023-05-18 01:00,82.9,5.8,28.5
2023-05-18 02:00,81.0,6.9,34.0
2023-05-18 03:00,79.0,11.4,36.3
2023-05-18 04:00,78.1,5.8,37.4
2023-05-18 05:00,75.0,3.4,51.5
2023-05-18 06:00,75.0,3.4,51.5
2023-05-18 07:00,73.0,0.0,51.2
2023-05-18 08:00,73.9,4.7,48.1
2023-05-18 09:00,73.0,3.4,49.6
2023-05-18 10:00,70.0,9.2,52.8
2023-05-18 11:00,71.1,6.9,47.3
2023-05-18 12:00,71.1,6.9,47.3
2023-05-18 13:00,72.0,8.1,45.9
2023-05-18 14:00,77.0,5.8,38.8
2023-05-18 15:00,82.9,3.4,31.9
2023-05-18 16:00,82.9,0.0,27.5
2023-05-18 17:00,88.0,6.9,21.7
2023-05-18 18:00,91.9,9.2,19.9
2023-05-18 19:00,88.0,13.9,20.1
2023-05-18 20:00,87.1,12.8,21.5
2023-05-18 21:00,86.0,12.8,23.1
2023-05-18 22:00,88.0,12.8,20.8
2023-05-18 23:00,87.1,12.8,21.5
2023-05-19 00:00,87.1,12.8,21.5
2023-05-19 01:00,75.2,20.8,47.0
2023-05-19 02:00,68.0,16.1,70.2
2023-05-19 03:00,68.0,9.2,72.9
2023-05-19 04:00,64.9,4.7,87.0
2023-05-19 05:00,66.0,6.9,87.1
2023-05-19 06:00,66.0,6.9,87.1
2023-05-19 07:00,64.9,5.8,84.3
2023-05-19 08:00,64.9,5.8,81.1
2023-05-19 09:00,66.0,5.8,81.2
2023-05-19 10:00,64.9,4.7,81.1
2023-05-19 11:00,64.9,10.3,78.0
2023-05-19 12:00,64.9,10.3,78.0
2023-05-19 13:00,66.9,8.1,70.5
2023-05-19 14:00,70.0,5.8,61.1
2023-05-19 15:00,73.0,0.0,55.0
2023-05-19 16:00,77.0,3.4,44.9
2023-05-19 17:00,81.0,0.0,36.6
2023-05-19 18:00,81.0,0.0,36.6
2023-05-19 19:00,88.0,9.2,17.1
2023-05-19 20:00,88.0,5.8,17.9
2023-05-19 21:00,89.1,0.0,18.7
2023-05-19 22:00,87.1,5.8,20.7
2023-05-19 23:00,89.1,0.0,17.9
2023-05-20 00:00,89.1,0.0,17.9
2023-05-20 01:00,82.9,11.4,24.5
2023-05-20 02:00,80.1,8.1,29.0
2023-05-20 03:00,81.0,8.1,29.3
2023-05-20 04:00,75.0,11.4,47.9
2023-05-20 05:00,75.9,11.4,38.6
2023-05-20 06:00,75.9,11.4,38.6
2023-05-20 07:00,71.1,8.1,49.3
2023-05-20 08:00,70.0,3.4,51.1
2023-05-20 09:00,66.9,4.7,61.1
2023-05-20 10:00,66.9,3.4,61.1
2023-05-20 11:00,64.9,4.7,67.6
2023-05-20 12:00,64.9,4.7,67.6
2023-05-20 13:00,66.0,5.8,65.1
2023-05-20 14:00,72.0,4.7,49.4
2023-05-20 15:00,75.9,0.0,43.2
2023-05-20 16:00,81.0,0.0,34.0
2023-05-20 17:00,88.0,3.4,20.8
2023-05-20 18:00,88.0,3.4,20.8
2023-05-20 19:00,91.0,0.0,13.9
2023-05-20 20:00,93.0,9.2,10.2
2023-05-20 21:00,93.0,,9.1
2023-05-20 22:00,91.9,9.2,9.0
2023-05-20 23:00,91.9,4.7,11.0
2023-05-21 00:00,91.9,4.7,11.0
2023-05-21 01:00,90.0,10.3,14.4
2023-05-21 02:00,87.1,5.8,17.0
2023-05-21 03:00,84.0,5.8,20.3
2023-05-21 04:00,81.0,10.3,25.2
2023-05-21 05:00,79.0,9.2,31.3
2023-05-21 06:00,79.0,9.2,31.3
2023-05-21 07:00,75.9,5.8,33.3
2023-05-21 08:00,73.0,5.8,41.1
2023-05-21 09:00,70.0,4.7,42.3
2023-05-21 10:00,68.0,6.9,42.0
2023-05-21 11:00,66.9,4.7,40.4
2023-05-21 12:00,66.9,4.7,40.4
2023-05-21 13:00,70.0,10.3,37.7
2023-05-21 14:00,77.0,6.9,31.0
2023-05-21 15:00,80.1,5.8,28.0
2023-05-21 16:00,84.0,6.9,25.5
2023-05-21 17:00,88.0,9.2,19.3
2023-05-21 18:00,88.0,9.2,19.3
2023-05-21 19:00,91.9,8.1,12.0
2023-05-21 20:00,93.9,9.2,10.8
2023-05-21 21:00,93.0,10.3,13.5
2023-05-21 22:00,93.9,5.8,11.7
2023-05-21 23:00,93.9,0.0,10.4
2023-05-22 00:00,93.9,0.0,10.4
2023-05-22 01:00,90.0,6.9,11.7
2023-05-22 02:00,84.9,5.8,14.9
2023-05-22 03:00,82.9,4.7,15.9
2023-05-22 04:00,80.1,4.7,18.2
2023-05-22 05:00,79.0,4.7,18.9
2023-05-22 06:00,79.0,4.7,18.9
2023-05-22 07:00,73.9,5.8,18.2
2023-05-22 08:00,73.0,6.9,22.1
2023-05-22 09:00,70.0,8.1,23.4
2023-05-22 10:00,66.9,5.8,20.4
2023-05-22 11:00,64.9,8.1,29.1
2023-05-22 12:00,64.9,8.1,29.1
2023-05-22 13:00,69.1,8.1,25.2
2023-05-22 14:00,75.9,6.9,20.9
2023-05-22 15:00,81.0,3.4,17.7
2023-05-22 16:00,86.0,4.7,16.9
2023-05-22 17:00,90.0,8.1,12.2
2023-05-22 18:00,90.0,8.1,12.2
2023-05-22 19:00,93.9,10.3,9.2
2023-05-22 20:00,95.0,5.8,9.6
2023-05-22 21:00,95.0,11.4,10.4
2023-05-22 22:00,96.1,15.0,8.6
2023-05-22 23:00,95.0,8.1,8.5
2023-05-23 00:00,95.0,8.1,8.5
2023-05-23 01:00,91.9,6.9,9.0
2023-05-23 02:00,87.1,6.9,10.9
2023-05-23 03:00,84.9,4.7,10.8
2023-05-23 04:00,81.0,4.7,13.3
2023-05-23 05:00,79.0,4.7,14.2
2023-05-23 06:00,79.0,4.7,14.2
2023-05-23 07:00,73.9,5.8,18.2
2023-05-23 08:00,69.1,3.4,24.2
2023-05-23 09:00,69.1,8.1,23.3
2023-05-23 10:00,70.0,10.3,21.6
2023-05-23 11:00,66.0,10.3,25.9
2023-05-23 12:00,66.0,10.3,25.9
2023-05-23 13:00,72.0,8.1,20.2
2023-05-23 14:00,77.0,4.7,18.5
2023-05-23 15:00,82.0,0.0,14.5
2023-05-23 16:00,86.0,0.0,12.3
2023-05-23 17:00,91.0,6.9,10.5
2023-05-23 18:00,91.0,6.9,10.5
2023-05-23 19:00,93.0,0.0,7.0
2023-05-23 20:00,93.9,8.1,7.1
2023-05-23 21:00,96.1,10.3,6.9
2023-05-23 22:00,96.1,13.9,6.7
2023-05-23 23:00,95.0,9.2,6.6
2023-05-24 00:00,95.0,9.2,6.6
2023-05-24 01:00,91.0,11.4,9.2
2023-05-24 02:00,87.1,5.8,10.5
2023-05-24 03:00,82.9,5.8,11.9
2023-05-24 04:00,81.0,0.0,17.7
2023-05-24 05:00,80.1,0.0,18.9
2023-05-24 06:00,80.1,0.0,18.9
2023-05-24 07:00,73.9,5.8,24.2
2023-05-24 08:00,71.1,3.4,26.7
2023-05-24 09:00,69.1,0.0,28.5
2023-05-24 10:00,68.0,5.8,27.3
2023-05-24 11:00,66.0,9.2,30.4
2023-05-24 12:00,66.0,9.2,30.4
2023-05-24 13:00,72.0,11.4,25.9
2023-05-24 14:00,78.1,6.9,21.1
2023-05-24 15:00,82.0,6.9,16.4
2023-05-24 16:00,84.9,9.2,10.8
2023-05-24 17:00,87.1,13.9,10.5
2023-05-24 18:00,87.1,13.9,10.5
2023-05-24 19:00,89.1,9.2,12.1
2023-05-24 20:00,91.9,9.2,12.5
2023-05-24 21:00,93.0,6.9,11.6
2023-05-24 22:00,93.0,12.8,10.7
2023-05-24 23:00,93.0,6.9,9.1
2023-05-25 00:00,93.0,6.9,9.1
2023-05-25 01:00,91.0,8.1,9.6
2023-05-25 02:00,86.0,6.9,12.3
2023-05-25 03:00,84.9,9.2,11.7
2023-05-25 04:00,79.0,4.7,16.0
2023-05-25 05:00,78.1,3.4,20.2
2023-05-25 06:00,78.1,3.4,20.2
2023-05-25 07:00,75.0,5.8,19.0
2023-05-25 08:00,71.1,4.7,21.8
2023-05-25 09:00,66.9,6.9,25.1
2023-05-25 10:00,68.0,5.8,23.1
2023-05-25 11:00,66.9,6.9,25.1
2023-05-25 12:00,66.9,6.9,25.1
2023-05-25 13:00,69.1,8.1,23.3
2023-05-25 14:00,75.9,5.8,20.0
2023-05-25 15:00,79.0,4.7,19.6
2023-05-25 16:00,84.9,3.4,12.7
2023-05-25 17:00,88.0,9.2,10.2
2023-05-25 18:00,88.0,9.2,10.2
2023-05-25 19:00,93.0,9.2,8.4
2023-05-25 20:00,93.0,,7.0
2023-05-25 21:00,95.0,12.8,6.9
2023-05-25 22:00,96.1,17.2,6.7
2023-05-25 23:00,93.9,12.8,7.1
2023-05-26 00:00,93.9,12.8,7.1
2023-05-26 01:00,91.0,12.8,10.5
2023-05-26 02:00,87.1,10.3,12.3
2023-05-26 03:00,81.0,12.8,22.4
2023-05-26 04:00,80.1,0.0,23.9
2023-05-26 05:00,78.1,0.0,25.5
2023-05-26 06:00,78.1,0.0,25.5
2023-05-26 07:00,73.9,3.4,25.1
2023-05-26 08:00,73.9,5.8,24.2
2023-05-26 09:00,70.0,5.8,28.7
2023-05-26 10:00,66.0,5.8,31.7
2023-05-26 11:00,63.0,4.7,35.3
2023-05-26 12:00,63.0,4.7,35.3
2023-05-26 13:00,71.1,4.7,26.7
2023-05-26 14:00,73.0,4.7,25.8
2023-05-26 15:00,81.0,3.4,19.9
2023-05-26 16:00,84.0,4.7,12.5
2023-05-26 17:00,88.0,9.2,8.9
2023-05-26 18:00,88.0,9.2,8.9
2023-05-26 19:00,93.0,9.2,6.4
2023-05-26 20:00,93.9,11.4,6.8
2023-05-26 21:00,95.0,11.4,8.2
2023-05-26 22:00,95.0,13.9,7.5
2023-05-26 23:00,93.9,15.0,7.4
2023-05-27 00:00,93.9,15.0,7.4
2023-05-27 01:00,89.1,12.8,8.6
2023-05-27 02:00,86.0,12.8,12.3
2023-05-27 03:00,84.0,5.8,13.1
2023-05-27 04:00,81.0,8.1,14.4
2023-05-27 05:00,78.1,6.9,15.2
2023-05-27 06:00,78.1,6.9,15.2
2023-05-27 07:00,73.0,0.0,18.0
2023-05-27 08:00,73.0,4.7,15.2
2023-05-27 09:00,71.1,5.8,15.0
2023-05-27 10:00,69.1,0.0,19.8
2023-05-27 11:00,68.0,0.0,22.3
2023-05-27 12:00,68.0,0.0,22.3
2023-05-27 13:00,69.1,0.0,20.5
2023-05-27 14:00,73.0,0.0,19.5
2023-05-27 15:00,81.0,0.0,14.4
2023-05-27 16:00,82.9,3.4,13.5
2023-05-27 17:00,88.0,,10.2
2023-05-27 18:00,88.0,,10.2
2023-05-27 19:00,93.0,8.1,8.7
2023-05-27 20:00,95.0,19.7,6.1
2023-05-27 21:00,95.0,11.4,6.1
2023-05-27 22:00,96.1,17.2,5.9
2023-05-27 23:00,95.0,17.2,6.3
2023-05-28 00:00,95.0,17.2,6.3
2023-05-28 01:00,90.0,10.3,7.1
2023-05-28 02:00,86.0,12.8,8.0
2023-05-28 03:00,82.9,6.9,9.3
2023-05-28 04:00,78.1,5.8,11.3
2023-05-28 05:00,77.0,4.7,10.8
2023-05-28 06:00,77.0,4.7,10.8
2023-05-28 07:00,73.9,4.7,14.1
2023-05-28 08:00,71.1,4.7,14.3
2023-05-28 09:00,68.0,5.8,16.6
2023-05-28 10:00,66.0,6.9,16.4
2023-05-28 11:00,64.9,6.9,16.2
2023-05-28 12:00,64.9,6.9,16.2
2023-05-28 13:00,69.1,6.9,15.3
2023-05-28 14:00,75.9,8.1,13.2
2023-05-28 15:00,80.1,4.7,14.2
2023-05-28 16:00,84.9,4.7,13.2
2023-05-28 17:00,89.1,11.4,11.1
2023-05-28 18:00,89.1,11.4,11.1
2023-05-28 19:00,91.9,8.1,10.2
2023-05-28 20:00,93.9,5.8,7.8
2023-05-28 21:00,96.1,10.3,7.9
2023-05-28 22:00,95.0,11.4,8.2
2023-05-28 23:00,93.9,11.4,8.8
2023-05-29 00:00,93.9,11.4,8.8
2023-05-29 01:00,91.0,6.9,9.2
2023-05-29 02:00,87.1,8.1,11.9
2023-05-29 03:00,84.9,9.2,14.9
2023-05-29 04:00,82.0,6.9,21.6
2023-05-29 05:00,79.0,3.4,21.2
2023-05-29 06:00,79.0,3.4,21.2
2023-05-29 07:00,77.0,3.4,22.6
2023-05-29 08:00,73.9,5.8,23.2
2023-05-29 09:00,71.1,3.4,25.5
2023-05-29 10:00,69.1,5.8,28.5
2023-05-29 11:00,66.9,4.7,29.4
2023-05-29 12:00,66.9,4.7,29.4
2023-05-29 13:00,73.0,9.2,27.0
2023-05-29 14:00,79.0,6.9,26.9
2023-05-29 15:00,81.0,,28.2
2023-05-29 16:00,84.0,4.7,24.7
2023-05-29 17:00,88.0,4.7,19.3
2023-05-29 18:00,88.0,4.7,19.3
2023-05-29 19:00,91.9,3.4,11.4
2023-05-29 20:00,93.9,4.7,10.8
2023-05-29 21:00,95.0,16.1,9.6
2023-05-29 22:00,93.9,3.4,9.2
2023-05-29 23:00,95.0,15.0,7.9
2023-05-30 00:00,95.0,15.0,7.9
2023-05-30 01:00,91.0,11.4,11.4
2023-05-30 02:00,87.1,5.8,14.6
2023-05-30 03:00,86.0,5.8,18.3
2023-05-30 04:00,81.0,8.1,30.4
2023-05-30 05:00,79.0,6.9,32.4
2023-05-30 06:00,79.0,6.9,32.4
2023-05-30 07:00,73.9,6.9,37.0
2023-05-30 08:00,75.0,0.0,35.7
2023-05-30 09:00,72.0,6.9,38.0
2023-05-30 10:00,71.1,4.7,40.8
2023-05-30 11:00,69.1,4.7,43.6
2023-05-30 12:00,69.1,4.7,43.6
2023-05-30 13:00,72.0,9.2,36.7
2023-05-30 14:00,77.0,8.1,34.6
2023-05-30 15:00,82.0,10.3,27.2
2023-05-30 16:00,84.9,9.2,17.5
2023-05-30 17:00,88.0,8.1,10.6
2023-05-30 18:00,88.0,8.1,10.6
2023-05-30 19:00,91.9,13.9,10.6
2023-05-30 20:00,93.0,13.9,9.1
2023-05-30 21:00,95.0,17.2,7.5
2023-05-30 22:00,93.0,5.8,7.6
2023-05-30 23:00,93.0,11.4,7.3
2023-05-31 00:00,93.0,11.4,7.3
2023-05-31 01:00,89.1,10.3,10.3
2023-05-31 02:00,84.9,8.1,14.9
2023-05-31 03:00,82.0,8.1,22.4
2023-05-31 04:00,80.1,4.7,24.9
2023-05-31 05:00,77.0,5.8,26.4
2023-05-31 06:00,77.0,5.8,26.4
2023-05-31 07:00,73.9,0.0,27.1
2023-05-31 08:00,72.0,0.0,29.0
2023-05-31 09:00,70.0,4.7,28.7
2023-05-31 10:00,66.0,5.8,32.8
2023-05-31 11:00,62.1,5.8,37.7
2023-05-31 12:00,62.1,5.8,37.7
2023-05-31 13:00,68.0,5.8,29.6
2023-05-31 14:00,75.0,3.4,21.6
2023-05-31 15:00,78.1,4.7,15.2
2023-05-31 16:00,82.0,3.4,11.3
2023-05-31 17:00,86.0,15.0,9.5
2023-05-31 18:00,86.0,15.0,9.5
2023-05-31 19:00,89.1,24.2,7.6
2023-05-31 20:00,90.0,20.8,8.1
2023-05-31 21:00,89.1,17.2,7.9
2023-05-31 22:00,88.0,17.2,8.9
2023-05-31 23:00,87.1,20.8,10.1
2023-06-01 00:00,87.1,20.8,10.1
2023-06-01 01:00,82.9,16.1,11.9
2023-06-01 02:00,79.0,13.9,17.3
2023-06-01 03:00,75.9,12.8,16.3
2023-06-01 04:00,73.9,8.1,27.1
2023-06-01 05:00,72.0,4.7,29.0
2023-06-01 06:00,72.0,4.7,29.0
2023-06-01 07:00,68.0,6.9,23.1
2023-06-01 08:00,63.0,5.8,27.6
2023-06-01 09:00,61.0,4.7,29.5
2023-06-01 10:00,64.0,6.9,27.7
2023-06-01 11:00,61.0,5.8,30.9
2023-06-01 12:00,61.0,0.0,30.9
2023-06-01 13:00,64.0,0.0,27.7
2023-06-01 14:00,70.0,4.7,23.4
2023-06-01 15:00,75.0,5.8,19.8
2023-06-01 16:00,77.0,8.1,18.5
2023-06-01 17:00,81.0,0.0,16.2
2023-06-01 18:00,81.0,0.0,16.2
2023-06-01 19:00,84.9,8.1,14.3
2023-06-01 20:00,86.0,0.0,13.3
2023-06-01 21:00,87.1,5.8,11.3
2023-06-01 22:00,87.1,11.4,9.6
2023-06-01 23:00,86.0,19.7,10.8
2023-06-02 00:00,86.0,19.7,10.8
2023-06-02 01:00,84.0,8.1,13.1
2023-06-02 02:00,81.0,5.8,15.0
2023-06-02 03:00,80.1,9.2,16.7
2023-06-02 04:00,79.0,5.8,18.1
2023-06-02 05:00,77.0,6.9,24.5
2023-06-02 06:00,77.0,6.9,24.5
2023-06-02 07:00,73.0,3.4,29.1
2023-06-02 08:00,69.1,5.8,33.3
2023-06-02 09:00,69.1,0.0,34.5
2023-06-02 10:00,66.9,3.4,35.9
2023-06-02 11:00,66.0,3.4,35.5
2023-06-02 12:00,66.0,3.4,35.5
2023-06-02 13:00,68.0,5.8,34.6
2023-06-02 14:00,73.0,6.9,29.1
2023-06-02 15:00,75.9,5.8,26.5
2023-06-02 16:00,79.0,0.0,23.9
2023-06-02 17:00,82.0,9.2,20.0
2023-06-02 18:00,82.0,9.2,20.0
2023-06-02 19:00,84.9,0.0,14.9
2023-06-02 20:00,87.1,0.0,12.3
2023-06-02 21:00,88.0,0.0,10.6
2023-06-02 22:00,90.0,6.9,9.5
2023-06-02 23:00,89.1,,9.5
2023-06-03 00:00,89.1,,9.5
2023-06-03 01:00,87.1,12.8,12.9
2023-06-03 02:00,84.0,8.1,16.0
2023-06-03 03:00,82.0,5.8,17.1
2023-06-03 04:00,80.1,5.8,17.5
2023-06-03 05:00,78.1,4.7,19.5
2023-06-03 06:00,78.1,4.7,19.5
2023-06-03 07:00,73.0,5.8,27.9
2023-06-03 08:00,72.0,3.4,28.0
2023-06-03 09:00,68.0,5.8,26.2
2023-06-03 10:00,66.0,5.8,31.7
2023-06-03 11:00,63.0,5.8,33.8
2023-06-03 12:00,63.0,5.8,33.8
2023-06-03 13:00,68.0,6.9,29.6
2023-06-03 14:00,73.0,4.7,25.8
2023-06-03 15:00,78.1,0.0,23.6
2023-06-03 16:00,82.9,0.0,19.4
2023-06-03 17:00,87.1,4.7,15.1
2023-06-03 18:00,87.1,4.7,15.1
2023-06-03 19:00,91.0,5.8,10.9
2023-06-03 20:00,93.0,9.2,10.7
2023-06-03 21:00,93.9,8.1,10.4
2023-06-03 22:00,96.1,9.2,9.7
2023-06-03 23:00,95.0,,9.3
2023-06-04 00:00,95.0,,9.3
2023-06-04 01:00,91.9,6.9,11.0
2023-06-04 02:00,88.0,8.1,12.5
2023-06-04 03:00,84.9,6.9,14.3
2023-06-04 04:00,82.9,4.7,15.2
2023-06-04 05:00,81.0,10.3,19.9
2023-06-04 06:00,81.0,10.3,19.9
2023-06-04 07:00,77.0,3.4,22.6
2023-06-04 08:00,73.9,6.9,23.2
2023-06-04 09:00,71.1,6.9,25.5
2023-06-04 10:00,70.0,4.7,26.5
2023-06-04 11:00,69.1,6.9,27.3
2023-06-04 12:00,69.1,6.9,27.3
2023-06-04 13:00,70.0,5.8,27.7
2023-06-04 14:00,75.0,0.0,25.2
2023-06-04 15:00,81.0,0.0,19.9
2023-06-04 16:00,86.0,3.4,17.6
2023-06-04 17:00,91.9,6.9,14.6
2023-06-04 18:00,91.9,6.9,14.6
2023-06-04 19:00,95.0,4.7,10.4
2023-06-04 20:00,98.1,6.9,9.9
2023-06-04 21:00,98.1,4.7,9.5
2023-06-04 22:00,99.0,4.7,8.2
2023-06-04 23:00,99.0,6.9,8.2
2023-06-05 00:00,99.0,6.9,8.2
2023-06-05 01:00,95.0,9.2,10.0
2023-06-05 02:00,91.9,9.2,11.0
2023-06-05 03:00,88.0,13.9,13.0
2023-06-05 04:00,84.0,8.1,14.7
2023-06-05 05:00,82.9,0.0,15.2
2023-06-05 06:00,82.9,0.0,15.2
2023-06-05 07:00,81.0,5.8,17.0
2023-06-05 08:00,75.9,3.4,20.9
2023-06-05 09:00,73.0,4.7,22.1
2023-06-05 10:00,72.0,5.8,22.9
2023-06-05 11:00,70.0,5.8,24.5
2023-06-05 12:00,70.0,5.8,24.5
2023-06-05 13:00,75.0,8.1,22.3
2023-06-05 14:00,80.1,8.1,19.7
2023-06-05 15:00,86.0,8.1,15.1
2023-06-05 16:00,90.0,5.8,12.2
2023-06-05 17:00,93.0,4.7,10.7
2023-06-05 18:00,93.0,4.7,10.7
2023-06-05 19:00,99.0,13.9,7.2
2023-06-05 20:00,99.0,15.0,6.7
2023-06-05 21:00,100.0,11.4,6.4
2023-06-05 22:00,99.0,19.7,6.4
2023-06-05 23:00,99.0,17.2,6.1
2023-06-06 00:00,99.0,17.2,6.1
2023-06-06 01:00,93.9,9.2,6.0
2023-06-06 02:00,90.0,8.1,7.4
2023-06-06 03:00,87.1,6.9,8.9
2023-06-06 04:00,84.0,6.9,10.1
2023-06-06 05:00,81.0,4.7,10.8
2023-06-06 06:00,81.0,4.7,10.8
2023-06-06 07:00,78.1,3.4,12.3
2023-06-06 08:00,75.0,5.8,15.5
2023-06-06 09:00,72.0,5.8,17.2
2023-06-06 10:00,72.0,5.8,17.2
2023-06-06 11:00,70.0,5.8,18.4
2023-06-06 12:00,70.0,5.8,18.4
2023-06-06 13:00,72.0,9.2,18.6
2023-06-06 14:00,78.1,8.1,15.2
2023-06-06 15:00,87.1,8.1,10.9
2023-06-06 16:00,88.0,5.8,13.5
2023-06-06 17:00,95.0,15.0,8.2
2023-06-06 18:00,95.0,15.0,8.2
2023-06-06 19:00,99.0,19.7,5.8
2023-06-06 20:00,102.0,19.7,5.6
2023-06-06 21:00,99.0,19.7,6.1
2023-06-06 22:00,96.1,17.2,7.6
2023-06-06 23:00,95.0,18.3,8.5
2023-06-07 00:00,95.0,18.3,8.5
2023-06-07 01:00,90.0,17.2,10.8
2023-06-07 02:00,86.0,12.8,13.8
2023-06-07 03:00,82.0,11.4,20.7
2023-06-07 04:00,80.1,10.3,20.5
2023-06-07 05:00,77.0,3.4,20.2
2023-06-07 06:00,77.0,3.4,20.2
2023-06-07 07:00,75.9,4.7,20.9
2023-06-07 08:00,73.0,0.0,23.0
2023-06-07 09:00,68.0,3.4,26.2
2023-06-07 10:00,66.9,3.4,27.2
2023-06-07 11:00,66.9,5.8,29.4
2023-06-07 12:00,66.9,5.8,29.4
2023-06-07 13:00,72.0,3.4,26.8
2023-06-07 14:00,75.9,5.8,27.4
2023-06-07 15:00,79.0,0.0,23.9
2023-06-07 16:00,82.0,5.8,20.7
2023-06-07 17:00,86.0,6.9,12.7
2023-06-07 18:00,86.0,6.9,12.7
2023-06-07 19:00,91.0,,10.5
2023-06-07 20:00,91.9,0.0,10.2
2023-06-07 21:00,93.9,13.9,7.1
2023-06-07 22:00,93.0,12.8,7.6
2023-06-07 23:00,93.0,11.4,8.7
2023-06-08 00:00,93.0,11.4,8.7
2023-06-08 01:00,89.1,10.3,9.5
2023-06-08 02:00,84.9,11.4,15.6
2023-06-08 03:00,80.1,12.8,21.4
2023-06-08 04:00,79.0,4.7,20.5
2023-06-08 05:00,75.9,3.4,22.6
2023-06-08 06:00,75.9,3.4,22.6
2023-06-08 07:00,73.0,0.0,27.0
2023-06-08 08:00,71.1,5.8,27.6
2023-06-08 09:00,70.0,3.4,31.0
2023-06-08 10:00,69.1,0.0,33.3
2023-06-08 11:00,68.0,3.4,33.2
2023-06-08 12:00,68.0,8.1,34.6
2023-06-08 13:00,71.1,8.1,32.3
2023-06-08 14:00,75.0,5.8,29.4
2023-06-08 15:00,81.0,0.0,24.2
2023-06-08 16:00,82.9,9.2,25.5
2023-06-08 17:00,86.0,0.0,21.4
2023-06-08 18:00,86.0,0.0,21.4
2023-06-08 19:00,91.0,10.3,12.3
2023-06-08 20:00,91.9,5.8,13.5
2023-06-08 21:00,95.0,5.8,11.8
2023-06-08 22:00,93.9,16.1,9.9
2023-06-08 23:00,93.0,13.9,11.1
2023-06-09 00:00,93.0,12.8,10.7
2023-06-09 01:00,90.0,10.3,9.5
2023-06-09 02:00,87.1,8.1,9.2
2023-06-09 03:00,82.9,10.3,11.0
2023-06-09 04:00,80.1,6.9,18.9
2023-06-09 05:00,77.0,9.2,21.8
2023-06-09 06:00,77.0,9.2,21.8
2023-06-09 07:00,73.9,0.0,23.2
2023-06-09 08:00,72.0,6.9,25.9
2023-06-09 09:00,71.1,4.7,24.6
2023-06-09 10:00,69.1,6.9,25.2
2023-06-09 11:00,66.9,8.1,27.2
2023-06-09 12:00,66.9,8.1,27.2
2023-06-09 13:00,69.1,6.9,25.2
2023-06-09 14:00,75.0,5.8,20.6
2023-06-09 15:00,78.1,5.8,17.8
2023-06-09 16:00,82.9,3.4,14.1
2023-06-09 17:00,84.0,9.2,6.6
2023-06-09 18:00,84.0,9.2,6.6
2023-06-09 19:00,87.1,9.2,7.1
2023-06-09 20:00,90.0,6.9,6.8
2023-06-09 21:00,90.0,3.4,7.4
2023-06-09 22:00,90.0,4.7,7.4
2023-06-09 23:00,91.9,4.7,6.1
2023-06-10 00:00,91.9,4.7,6.1
2023-06-10 01:00,91.0,6.9,6.3
2023-06-10 02:00,86.0,0.0,7.4
2023-06-10 03:00,82.0,4.7,9.1
2023-06-10 04:00,80.1,0.0,10.2
2023-06-10 05:00,75.0,8.1,11.5
2023-06-10 06:00,75.0,8.1,11.5
2023-06-10 07:00,71.1,4.7,15.0
2023-06-10 08:00,68.0,8.1,15.9
2023-06-10 09:00,66.9,4.7,18.8
2023-06-10 10:00,66.0,4.7,18.5
2023-06-10 11:00,64.0,3.4,17.5
2023-06-10 12:00,64.0,3.4,17.5
2023-06-10 13:00,70.0,9.2,19.2
2023-06-10 14:00,75.0,5.8,18.2
2023-06-10 15:00,81.0,5.8,15.0
2023-06-10 16:00,84.9,3.4,12.2
2023-06-10 17:00,90.0,4.7,10.4
2023-06-10 18:00,90.0,4.7,10.4
2023-06-10 19:00,96.1,15.0,7.3
2023-06-10 20:00,96.1,10.3,6.1
2023-06-10 21:00,97.0,13.9,6.2
2023-06-10 22:00,97.0,13.9,6.0
2023-06-10 23:00,97.0,19.7,5.7
2023-06-11 00:00,97.0,19.7,5.7
2023-06-11 01:00,93.0,13.9,7.3
2023-06-11 02:00,89.1,10.3,9.0
2023-06-11 03:00,86.0,6.9,10.4
2023-06-11 04:00,82.9,4.7,13.0
2023-06-11 05:00,82.0,8.1,17.1
2023-06-11 06:00,82.0,8.1,17.1
2023-06-11 07:00,78.1,8.1,18.6
2023-06-11 08:00,75.9,8.1,15.7
2023-06-11 09:00,73.9,6.9,15.5
2023-06-11 10:00,73.9,6.9,14.8
2023-06-11 11:00,75.0,8.1,15.5
2023-06-11 12:00,75.0,8.1,15.5
2023-06-11 13:00,77.0,6.9,17.1
2023-06-11 14:00,81.0,13.9,17.0
2023-06-11 15:00,82.9,18.3,16.6
2023-06-11 16:00,84.9,18.3,14.3
2023-06-11 17:00,87.1,17.2,10.5
2023-06-11 18:00,87.1,17.2,10.5
2023-06-11 19:00,91.0,11.4,10.0
2023-06-11 20:00,93.0,20.8,8.4
2023-06-11 21:00,93.0,13.9,6.8
2023-06-11 22:00,93.0,20.8,6.8
2023-06-11 23:00,91.9,20.8,6.1
2023-06-12 00:00,91.9,20.8,6.1
2023-06-12 01:00,86.0,13.9,11.7
2023-06-12 02:00,82.0,12.8,15.1
2023-06-12 03:00,79.0,11.4,18.9
2023-06-12 04:00,75.9,6.9,22.6
2023-06-12 05:00,73.0,8.1,31.5
2023-06-12 06:00,73.0,8.1,31.5
2023-06-12 07:00,69.1,0.0,33.3
2023-06-12 08:00,68.0,0.0,34.6
2023-06-12 09:00,66.9,0.0,33.2
2023-06-12 10:00,64.0,4.7,35.2
2023-06-12 11:00,64.0,3.4,31.4
2023-06-12 12:00,64.0,3.4,31.4
2023-06-12 13:00,66.0,4.7,30.4
2023-06-12 14:00,72.0,5.8,25.9
2023-06-12 15:00,75.9,11.4,20.0
2023-06-12 16:00,79.0,6.9,18.1
2023-06-12 17:00,82.0,5.8,13.9
2023-06-12 18:00,82.0,5.8,13.9
2023-06-12 19:00,86.0,9.2,11.3
2023-06-12 20:00,89.1,23.0,10.3
2023-06-12 21:00,90.0,11.4,9.2
2023-06-12 22:00,90.0,15.0,8.4
2023-06-12 23:00,90.0,11.4,7.4
2023-06-13 00:00,90.0,11.4,7.4
2023-06-13 01:00,87.1,8.1,8.9
2023-06-13 02:00,86.0,9.2,9.5
2023-06-13 03:00,81.0,8.1,19.9
2023-06-13 04:00,78.1,6.9,25.5
2023-06-13 05:00,75.0,5.8,28.2
2023-06-13 06:00,75.0,5.8,28.2
2023-06-13 07:00,71.1,3.4,29.9
2023-06-13 08:00,72.0,4.7,26.8
2023-06-13 09:00,68.0,5.8,30.7
2023-06-13 10:00,66.0,6.9,34.3
2023-06-13 11:00,64.9,4.7,34.1
2023-06-13 12:00,64.9,4.7,34.1
2023-06-13 13:00,64.9,3.4,34.1
2023-06-13 14:00,70.0,0.0,29.9
2023-06-13 15:00,75.0,3.4,26.1
2023-06-13 16:00,79.0,5.8,22.9
2023-06-13 17:00,82.9,4.7,17.2
2023-06-13 18:00,82.9,4.7,17.2
2023-06-13 19:00,87.1,6.9,12.3
2023-06-13 20:00,89.1,4.7,9.8
2023-06-13 21:00,91.0,10.3,8.5
2023-06-13 22:00,89.1,6.9,9.5
2023-06-13 23:00,91.9,9.2,8.6
2023-06-14 00:00,91.9,9.2,8.6
2023-06-14 01:00,90.0,6.9,8.4
2023-06-14 02:00,86.0,8.1,13.3
2023-06-14 03:00,82.0,5.8,15.1
2023-06-14 04:00,78.1,4.7,18.6
2023-06-14 05:00,75.9,4.7,16.3
2023-06-14 06:00,75.9,4.7,16.3
2023-06-14 07:00,72.0,3.4,25.9
2023-06-14 08:00,70.0,6.9,18.4
2023-06-14 09:00,69.1,8.1,22.3
2023-06-14 10:00,66.0,6.9,29.3
2023-06-14 11:00,64.9,5.8,30.4
2023-06-14 12:00,64.9,5.8,30.4
2023-06-14 13:00,69.1,9.2,24.2
2023-06-14 14:00,75.0,5.8,21.6
2023-06-14 15:00,80.1,3.4,21.4
2023-06-14 16:00,84.0,0.0,19.5
2023-06-14 17:00,89.1,8.1,11.6
2023-06-14 18:00,89.1,8.1,11.6
2023-06-14 19:00,93.9,5.8,9.9
2023-06-14 20:00,96.1,10.3,9.3
2023-06-14 21:00,98.1,10.3,9.5
2023-06-14 22:00,97.0,9.2,8.7
2023-06-14 23:00,98.1,9.2,7.8
2023-06-15 00:00,98.1,9.2,7.8
2023-06-15 01:00,93.0,12.8,8.0
2023-06-15 02:00,89.1,5.8,9.8
2023-06-15 03:00,84.9,10.3,13.8
2023-06-15 04:00,82.9,9.2,15.9
2023-06-15 05:00,80.1,4.7,16.7
2023-06-15 06:00,79.0,4.7,18.1
2023-06-15 07:00,77.0,4.7,19.3
2023-06-15 08:00,75.0,0.0,22.3
2023-06-15 09:00,71.1,0.0,26.7
2023-06-15 10:00,68.0,6.9,28.3
2023-06-15 11:00,68.0,4.7,27.3
2023-06-15 12:00,68.0,3.4,27.3
2023-06-15 13:00,73.0,6.9,23.0
2023-06-15 14:00,77.0,8.1,20.2
2023-06-15 15:00,82.0,4.7,15.7
2023-06-15 16:00,86.0,3.4,12.3
2023-06-15 17:00,89.1,5.8,10.7
2023-06-15 18:00,89.1,5.8,10.7
2023-06-15 19:00,93.0,3.4,9.4
2023-06-15 20:00,96.1,10.3,5.9
2023-06-15 21:00,98.1,8.1,6.3
2023-06-15 22:00,97.0,10.3,5.7
2023-06-15 23:00,98.1,12.8,5.1
2023-06-16 00:00,98.1,12.8,5.1
2023-06-16 01:00,93.9,9.2,6.3
2023-06-16 02:00,90.0,9.2,7.4
2023-06-16 03:00,88.0,8.1,8.6
2023-06-16 04:00,84.9,9.2,10.3
2023-06-16 05:00,82.0,0.0,11.8
2023-06-16 06:00,82.0,0.0,11.8
2023-06-16 07:00,79.0,3.4,12.5
2023-06-16 08:00,77.0,3.4,11.7
2023-06-16 09:00,73.9,3.4,11.5
2023-06-16 10:00,71.1,0.0,12.6
2023-06-16 11:00,72.0,3.4,12.3
2023-06-16 12:00,72.0,3.4,12.3
2023-06-16 13:00,73.9,4.7,13.6
2023-06-16 14:00,80.1,4.7,12.6
2023-06-16 15:00,86.0,6.9,9.5
2023-06-16 16:00,91.0,17.2,10.0
2023-06-16 17:00,95.0,10.3,8.2
2023-06-16 18:00,95.0,10.3,8.2
2023-06-16 19:00,98.1,19.7,5.5
2023-06-16 20:00,99.0,18.3,4.7
2023-06-16 21:00,100.0,20.8,3.5
2023-06-16 22:00,99.0,18.3,3.8
2023-06-16 23:00,98.1,23.0,4.3
2023-06-17 00:00,98.1,23.0,4.3
2023-06-17 01:00,93.9,18.3,4.8
2023-06-17 02:00,91.0,10.3,5.0
2023-06-17 03:00,88.0,6.9,5.3
2023-06-17 04:00,82.9,4.7,10.1
2023-06-17 05:00,79.0,5.8,12.5
2023-06-17 06:00,79.0,5.8,12.5
2023-06-17 07:00,75.0,4.7,14.3
2023-06-17 08:00,72.0,6.9,15.8
2023-06-17 09:00,71.1,3.4,13.1
2023-06-17 10:00,66.9,3.4,14.6
2023-06-17 11:00,64.9,0.0,14.3
2023-06-17 12:00,64.9,0.0,14.3
2023-06-17 13:00,73.9,5.8,11.0
2023-06-17 14:00,79.0,3.4,10.6
2023-06-17 15:00,86.0,0.0,10.4
2023-06-17 16:00,88.0,3.4,12.0
2023-06-17 17:00,91.9,,10.2
2023-06-17 18:00,91.9,,10.2
2023-06-17 19:00,96.1,0.0,7.9
2023-06-17 20:00,99.0,11.4,7.2
2023-06-17 21:00,100.0,6.9,7.6
2023-06-17 22:00,102.0,18.3,6.3
2023-06-17 23:00,98.1,9.2,7.8
2023-06-18 00:00,98.1,9.2,7.8
2023-06-18 01:00,97.0,11.4,8.0
2023-06-18 02:00,93.0,6.9,9.1
2023-06-18 03:00,89.1,5.8,10.7
2023-06-18 04:00,87.1,6.9,11.3
2023-06-18 05:00,87.1,5.8,11.3
2023-06-18 06:00,87.1,5.8,11.3
2023-06-18 07:00,80.1,3.4,15.4
2023-06-18 08:00,77.0,4.7,16.4
2023-06-18 09:00,77.0,6.9,15.7
2023-06-18 10:00,73.9,5.8,16.8
2023-06-18 11:00,71.1,6.9,17.7
2023-06-18 12:00,70.0,6.9,19.2
2023-06-18 13:00,75.9,9.2,16.3
2023-06-18 14:00,84.0,5.8,13.6
2023-06-18 15:00,91.0,8.1,10.9
2023-06-18 16:00,93.9,9.2,9.6
2023-06-18 17:00,96.1,4.7,10.1
2023-06-18 18:00,96.1,4.7,10.1
2023-06-18 19:00,102.9,11.4,7.3
2023-06-18 20:00,100.9,15.0,7.4
2023-06-18 21:00,99.0,11.4,7.2
2023-06-18 22:00,98.1,15.0,7.4
2023-06-18 23:00,98.1,15.0,7.2
2023-06-19 00:00,98.1,15.0,7.2
2023-06-19 01:00,95.0,9.2,8.9
2023-06-19 02:00,93.0,9.2,9.8
2023-06-19 03:00,87.1,6.9,11.9
2023-06-19 04:00,86.0,4.7,11.3
2023-06-19 05:00,84.0,3.4,14.2
2023-06-19 06:00,84.0,3.4,14.2
2023-06-19 07:00,81.0,3.4,14.4
2023-06-19 08:00,82.9,3.4,14.1
2023-06-19 09:00,79.0,5.8,14.7
2023-06-19 10:00,80.1,8.1,14.9
2023-06-19 11:00,79.0,8.1,15.4
2023-06-19 12:00,79.0,8.1,15.4
2023-06-19 13:00,82.0,8.1,14.5
2023-06-19 14:00,88.0,9.2,11.0
2023-06-19 15:00,91.0,9.2,10.0
2023-06-19 16:00,93.9,4.7,9.6
2023-06-19 17:00,98.1,16.1,8.7
2023-06-19 18:00,98.1,16.1,8.7
2023-06-19 19:00,100.4,21.9,9.2
2023-06-19 20:00,100.0,15.0,10.1
2023-06-19 21:00,100.0,17.2,10.1
2023-06-19 22:00,100.0,16.1,10.9
2023-06-19 23:00,98.1,17.2,11.6
2023-06-20 00:00,98.1,17.2,11.6
2023-06-20 01:00,93.0,11.4,12.1
2023-06-20 02:00,91.0,9.2,11.8
2023-06-20 03:00,90.0,8.1,12.7
2023-06-20 04:00,88.0,6.9,12.0
2023-06-20 05:00,84.0,5.8,14.7
2023-06-20 06:00,84.0,5.8,14.7
2023-06-20 07:00,82.9,0.0,13.0
2023-06-20 08:00,82.0,6.9,14.5
2023-06-20 09:00,82.4,10.3,13.0
2023-06-20 10:00,82.0,3.4,13.9
2023-06-20 11:00,81.0,6.9,13.8
2023-06-20 12:00,81.0,6.9,13.8
2023-06-20 13:00,80.1,0.0,15.4
2023-06-20 14:00,86.0,4.7,13.8
2023-06-20 15:00,89.1,0.0,13.7
2023-06-20 16:00,91.9,,11.4
2023-06-20 17:00,96.1,6.9,8.6
2023-06-20 18:00,96.1,6.9,8.6
2023-06-20 19:00,100.0,10.3,7.3
2023-06-20 20:00,100.9,12.8,7.1
2023-06-20 21:00,100.9,13.9,7.1
2023-06-20 22:00,100.9,8.1,7.1
2023-06-20 23:00,100.9,10.3,6.8
2023-06-21 00:00,100.9,10.3,6.8
2023-06-21 01:00,97.0,12.8,8.7
2023-06-21 02:00,93.0,11.4,9.8
2023-06-21 03:00,90.0,8.1,11.7
2023-06-21 04:00,86.0,0.0,12.7
2023-06-21 05:00,84.9,3.4,13.2
2023-06-21 06:00,84.9,3.4,13.2
2023-06-21 07:00,80.1,4.7,14.9
2023-06-21 08:00,79.0,4.7,16.0
2023-06-21 09:00,73.0,3.4,19.5
2023-06-21 10:00,73.9,6.9,18.9
2023-06-21 11:00,71.1,9.2,20.1
2023-06-21 12:00,71.1,9.2,20.1
2023-06-21 13:00,78.1,10.3,17.2
2023-06-21 14:00,84.0,8.1,15.4
2023-06-21 15:00,89.1,0.0,12.5
2023-06-21 16:00,93.0,6.9,10.7
2023-06-21 17:00,96.1,9.2,10.5
2023-06-21 18:00,96.1,9.2,10.5
2023-06-21 19:00,100.9,10.3,7.7
2023-06-21 20:00,102.0,5.8,8.1
2023-06-21 21:00,100.9,10.3,8.4
2023-06-21 22:00,100.9,10.3,9.1
2023-06-21 23:00,99.0,10.3,9.2
2023-06-22 00:00,99.0,10.3,9.2
2023-06-22 01:00,96.1,6.9,11.0
2023-06-22 02:00,93.0,6.9,12.5
2023-06-22 03:00,91.9,9.2,14.0
2023-06-22 04:00,89.1,0.0,15.3
2023-06-22 05:00,84.9,0.0,18.2
2023-06-22 06:00,84.9,0.0,18.2
2023-06-22 07:00,80.1,3.4,22.1
2023-06-22 08:00,79.0,0.0,22.9
2023-06-22 09:00,78.1,5.8,26.6
2023-06-22 10:00,75.9,4.7,29.8
2023-06-22 11:00,75.0,6.9,30.7
2023-06-22 12:00,75.0,6.9,30.7
2023-06-22 13:00,73.9,0.0,31.8
2023-06-22 14:00,80.1,0.0,23.9
2023-06-22 15:00,87.1,0.0,19.1
2023-06-22 16:00,91.0,6.9,13.9
2023-06-22 17:00,93.0,0.0,11.1
2023-06-22 18:00,93.0,0.0,11.1
2023-06-22 19:00,99.0,0.0,9.2
2023-06-22 20:00,102.9,21.9,8.9
2023-06-22 21:00,100.9,23.0,8.7
2023-06-22 22:00,100.0,12.8,8.6
2023-06-22 23:00,100.0,16.1,7.0
2023-06-23 00:00,100.0,17.2,6.2
2023-06-23 01:00,97.0,11.4,6.2
2023-06-23 02:00,93.9,6.9,6.3
2023-06-23 03:00,91.0,9.2,7.5
2023-06-23 04:00,86.0,5.8,10.4
2023-06-23 05:00,84.0,3.4,13.1
2023-06-23 06:00,84.0,3.4,13.1
2023-06-23 07:00,81.0,0.0,17.0
2023-06-23 08:00,79.0,0.0,16.0
2023-06-23 09:00,75.9,0.0,17.7
2023-06-23 10:00,75.0,0.0,16.8
2023-06-23 11:00,72.0,5.8,17.2
2023-06-23 12:00,72.0,5.8,17.2
2023-06-23 13:00,75.9,9.2,15.7
2023-06-23 14:00,81.0,6.9,13.8
2023-06-23 15:00,84.9,8.1,11.7
2023-06-23 16:00,90.0,6.9,9.2
2023-06-23 17:00,93.0,5.8,9.1
2023-06-23 18:00,93.0,5.8,9.1
2023-06-23 19:00,96.1,3.4,6.9
2023-06-23 20:00,99.0,12.8,7.2
2023-06-23 21:00,99.0,5.8,7.6
2023-06-23 22:00,100.0,15.0,7.3
2023-06-23 23:00,100.9,11.4,5.3
2023-06-24 00:00,100.9,11.4,5.3
2023-06-24 01:00,97.0,11.4,6.2
2023-06-24 02:00,91.0,10.3,9.2
2023-06-24 03:00,89.1,6.9,9.8
2023-06-24 04:00,82.9,4.7,11.9
2023-06-24 05:00,81.0,8.1,9.9
2023-06-24 06:00,81.0,8.1,9.9
2023-06-24 07:00,78.1,3.4,9.2
2023-06-24 08:00,73.9,3.4,10.5
2023-06-24 09:00,72.0,3.4,12.3
2023-06-24 10:00,70.0,3.4,14.3
2023-06-24 11:00,68.0,5.8,16.6
2023-06-24 12:00,68.0,5.8,16.6
2023-06-24 13:00,71.1,5.8,15.0
2023-06-24 14:00,77.0,3.4,13.3
2023-06-24 15:00,84.0,0.0,9.0
2023-06-24 16:00,89.1,4.7,7.3
2023-06-24 17:00,91.9,4.7,7.6
2023-06-24 18:00,91.9,4.7,7.6
2023-06-24 19:00,97.0,8.1,5.5
2023-06-24 20:00,100.9,0.0,4.5
2023-06-24 21:00,104.0,8.1,3.9
2023-06-24 22:00,104.0,13.9,3.7
2023-06-24 23:00,104.0,12.8,3.6
2023-06-25 00:00,104.0,12.8,3.6
2023-06-25 01:00,99.0,10.3,4.0
2023-06-25 02:00,95.0,4.7,4.7
2023-06-25 03:00,90.0,5.8,6.0
2023-06-25 04:00,88.0,4.7,6.1
2023-06-25 05:00,86.0,3.4,6.2
2023-06-25 06:00,86.0,3.4,6.2
2023-06-25 07:00,81.0,8.1,8.3
2023-06-25 08:00,78.1,5.8,8.8
2023-06-25 09:00,78.1,5.8,9.5
2023-06-25 10:00,73.9,8.1,10.5
2023-06-25 11:00,73.9,4.7,11.5
2023-06-25 12:00,73.9,4.7,11.5
2023-06-25 13:00,75.9,6.9,12.7
2023-06-25 14:00,84.0,6.9,10.6
2023-06-25 15:00,90.0,0.0,8.8
2023-06-25 16:00,95.0,0.0,7.0
2023-06-25 17:00,99.0,0.0,5.8
2023-06-25 18:00,99.0,0.0,5.8
2023-06-25 19:00,106.0,5.8,7.5
2023-06-25 20:00,107.1,0.0,7.2
2023-06-25 21:00,109.9,5.8,7.0
2023-06-25 22:00,108.0,15.0,8.3
2023-06-25 23:00,108.0,15.0,8.3
2023-06-26 00:00,108.0,15.0,8.3
2023-06-26 01:00,104.0,12.8,9.7
2023-06-26 02:00,100.0,6.9,10.9
2023-06-26 03:00,97.0,6.9,12.0
2023-06-26 04:00,95.0,5.8,11.4
2023-06-26 05:00,91.9,0.0,11.0
2023-06-26 06:00,91.9,0.0,11.0
2023-06-26 07:00,87.1,5.8,15.1
2023-06-26 08:00,82.9,0.0,18.0
2023-06-26 09:00,81.0,6.9,19.2
2023-06-26 10:00,79.0,5.8,19.6
2023-06-26 11:00,77.0,8.1,21.8
2023-06-26 12:00,77.0,8.1,21.8
2023-06-26 13:00,79.0,6.9,21.2
2023-06-26 14:00,86.0,8.1,18.3
2023-06-26 15:00,91.0,4.7,15.0
2023-06-26 16:00,98.1,0.0,11.6
2023-06-26 17:00,100.9,4.7,10.3
2023-06-26 18:00,100.9,4.7,10.3
2023-06-26 19:00,108.0,9.2,8.6
2023-06-26 20:00,109.9,5.8,8.5
2023-06-26 21:00,109.0,9.2,8.7
2023-06-26 22:00,109.9,12.8,8.2
2023-06-26 23:00,108.0,17.2,8.3
2023-06-27 00:00,108.0,17.2,8.3
2023-06-27 01:00,102.9,6.9,8.6
2023-06-27 02:00,99.0,0.0,10.1
2023-06-27 03:00,97.0,8.1,10.2
2023-06-27 04:00,95.0,6.9,10.4
2023-06-27 05:00,93.0,4.7,12.1
2023-06-27 06:00,93.0,4.7,12.1
2023-06-27 07:00,86.0,5.8,15.1
2023-06-27 08:00,84.9,0.0,15.6
2023-06-27 09:00,82.0,3.4,18.5
2023-06-27 10:00,80.1,8.1,17.5
2023-06-27 11:00,80.1,5.8,18.2
2023-06-27 12:00,80.1,5.8,18.2
2023-06-27 13:00,86.0,0.0,15.6
2023-06-27 14:00,91.0,9.2,12.3
2023-06-27 15:00,96.1,0.0,10.5
2023-06-27 16:00,100.9,12.8,9.1
2023-06-27 17:00,102.9,8.1,8.2
2023-06-27 18:00,102.9,8.1,8.2
2023-06-27 19:00,106.0,16.1,8.5
2023-06-27 20:00,106.0,9.2,9.5
2023-06-27 21:00,107.1,17.2,9.6
2023-06-27 22:00,106.0,16.1,9.5
2023-06-27 23:00,105.1,13.9,10.2
2023-06-28 00:00,105.1,13.9,10.2
2023-06-28 01:00,102.0,12.8,10.7
2023-06-28 02:00,98.1,9.2,14.1
2023-06-28 03:00,95.0,6.9,17.5
2023-06-28 04:00,91.9,6.9,19.2
2023-06-28 05:00,90.0,6.9,21.1
2023-06-28 06:00,90.0,6.9,21.1
2023-06-28 07:00,86.0,8.1,26.9
2023-06-28 08:00,82.9,6.9,30.7
2023-06-28 09:00,87.1,9.2,29.1
2023-06-28 10:00,82.0,0.0,34.2
2023-06-28 11:00,80.1,0.0,31.3
2023-06-28 12:00,80.1,0.0,31.3
2023-06-28 13:00,84.0,3.4,32.1
2023-06-28 14:00,89.1,5.8,29.4
2023-06-28 15:00,93.0,12.8,27.9
2023-06-28 16:00,97.0,13.9,22.1
2023-06-28 17:00,100.0,4.7,18.0
2023-06-28 18:00,100.0,4.7,18.0
2023-06-28 19:00,104.0,18.3,14.3
2023-06-28 20:00,106.0,16.1,14.0
2023-06-28 21:00,105.1,10.3,13.3
2023-06-28 22:00,105.1,15.0,13.3
2023-06-28 23:00,105.1,16.1,12.9
2023-06-29 00:00,105.1,16.1,12.9
2023-06-29 01:00,100.0,11.4,12.3
2023-06-29 02:00,97.0,9.2,12.5
2023-06-29 03:00,93.0,8.1,14.1
2023-06-29 04:00,91.9,6.9,12.9
2023-06-29 05:00,89.1,4.7,15.3
2023-06-29 06:00,89.1,4.7,15.3
2023-06-29 07:00,86.0,8.1,16.9
2023-06-29 08:00,84.0,0.0,19.5
2023-06-29 09:00,84.9,3.4,31.2
2023-06-29 10:00,82.0,6.9,40.9
2023-06-29 11:00,81.0,6.9,42.3
2023-06-29 12:00,81.0,6.9,42.3
2023-06-29 13:00,81.0,0.0,42.3
2023-06-29 14:00,84.0,4.7,37.1
2023-06-29 15:00,89.1,6.9,31.6
2023-06-29 16:00,91.9,8.1,29.8
2023-06-29 17:00,96.1,8.1,25.4
2023-06-29 18:00,96.1,8.1,25.4
2023-06-29 19:00,104.0,11.4,12.8
2023-06-29 20:00,105.1,16.1,10.6
2023-06-29 21:00,104.0,11.4,10.9
2023-06-29 22:00,104.0,15.0,9.0
2023-06-29 23:00,104.0,11.4,8.7
2023-06-30 00:00,102.0,13.9,7.2
2023-06-30 01:00,99.0,11.4,6.7
2023-06-30 02:00,95.0,11.4,7.9
2023-06-30 03:00,91.9,6.9,8.3
2023-06-30 04:00,86.0,3.4,10.4
2023-06-30 05:00,84.9,0.0,12.2
2023-06-30 06:00,84.9,0.0,12.2
2023-06-30 07:00,79.0,4.7,16.0
2023-06-30 08:00,75.9,8.1,19.2
2023-06-30 09:00,75.9,8.1,17.7
2023-06-30 10:00,73.0,5.8,18.8
2023-06-30 11:00,73.9,9.2,18.2
2023-06-30 12:00,73.9,9.2,18.2
2023-06-30 13:00,73.0,3.4,20.4
2023-06-30 14:00,79.0,4.7,18.9
2023-06-30 15:00,88.0,4.7,12.0
2023-06-30 16:00,91.9,4.7,9.4
2023-06-30 17:00,95.0,0.0,7.5
2023-06-30 18:00,95.0,0.0,7.5
2023-06-30 19:00,99.0,8.1,6.1
2023-06-30 20:00,100.9,11.4,5.8
2023-06-30 21:00,102.9,11.4,5.2
2023-06-30 22:00,100.9,5.8,5.5
2023-06-30 23:00,102.0,9.2,5.6
2023-07-01 00:00,102.0,9.2,5.6
2023-07-01 01:00,99.0,8.1,6.1
2023-07-01 02:00,95.0,8.1,7.2
2023-07-01 03:00,91.9,6.9,9.0
2023-07-01 04:00,88.0,0.0,10.6
2023-07-01 05:00,86.0,9.2,10.0
2023-07-01 06:00,86.0,9.2,10.0
2023-07-01 07:00,78.1,5.8,14.0
2023-07-01 08:00,77.0,4.7,15.2
2023-07-01 09:00,75.9,4.7,17.7
2023-07-01 10:00,73.9,4.7,18.9
2023-07-01 11:00,73.0,5.8,18.0
2023-07-01 12:00,73.0,5.8,18.0
2023-07-01 13:00,75.9,8.1,17.7
2023-07-01 14:00,82.9,5.8,14.7
2023-07-01 15:00,89.1,0.0,13.1
2023-07-01 16:00,93.9,0.0,11.2
2023-07-01 17:00,99.0,5.8,9.6
2023-07-01 18:00,99.0,5.8,9.6
2023-07-01 19:00,104.0,3.4,7.6
2023-07-01 20:00,105.1,0.0,7.4
2023-07-01 21:00,106.0,6.9,6.9
2023-07-01 22:00,105.1,12.8,7.1
2023-07-01 23:00,106.0,5.8,6.9
2023-07-02 00:00,106.0,5.8,6.9
2023-07-02 01:00,102.9,6.9,7.3
2023-07-02 02:00,99.0,5.8,8.2
2023-07-02 03:00,96.1,4.7,9.7
2023-07-02 04:00,93.0,3.4,11.6
2023-07-02 05:00,91.0,8.1,10.9
2023-07-02 06:00,91.0,8.1,10.9
2023-07-02 07:00,82.9,8.1,16.6
2023-07-02 08:00,82.0,6.9,17.7
2023-07-02 09:00,79.0,6.9,18.9
2023-07-02 10:00,77.0,5.8,20.2
2023-07-02 11:00,75.9,6.9,20.0
2023-07-02 12:00,75.9,6.9,20.0
2023-07-02 13:00,77.0,4.7,21.8
2023-07-02 14:00,82.9,0.0,19.4
2023-07-02 15:00,93.0,3.4,13.5
2023-07-02 16:00,96.1,5.8,12.3
2023-07-02 17:00,100.9,5.8,10.3
2023-07-02 18:00,100.9,5.8,10.3
2023-07-02 19:00,104.0,3.4,9.0
2023-07-02 20:00,105.1,6.9,8.0
2023-07-02 21:00,108.0,11.4,7.7
2023-07-02 22:00,108.0,15.0,7.4
2023-07-02 23:00,107.1,16.1,7.2
2023-07-03 00:00,106.0,12.8,7.5
2023-07-03 01:00,104.0,13.9,8.3
2023-07-03 02:00,100.9,9.2,9.5
2023-07-03 03:00,98.1,8.1,10.7
2023-07-03 04:00,96.1,6.9,11.9
2023-07-03 05:00,91.9,4.7,13.5
2023-07-03 06:00,91.9,4.7,13.5
2023-07-03 07:00,88.0,0.0,19.3
2023-07-03 08:00,84.0,4.7,21.0
2023-07-03 09:00,82.9,9.2,21.8
2023-07-03 10:00,82.9,4.7,22.7
2023-07-03 11:00,81.0,3.4,26.1
2023-07-03 12:00,81.0,3.4,26.1
2023-07-03 13:00,84.0,4.7,25.5
2023-07-03 14:00,88.0,0.0,25.2
2023-07-03 15:00,93.9,3.4,20.1
2023-07-03 16:00,98.1,8.1,16.4
2023-07-03 17:00,100.9,9.2,14.6
2023-07-03 18:00,100.9,9.2,14.6
2023-07-03 19:00,106.0,6.9,9.5
2023-07-03 20:00,109.0,18.3,7.7
2023-07-03 21:00,109.0,16.1,7.1
2023-07-03 22:00,109.0,11.4,7.5
2023-07-03 23:00,108.0,13.9,7.7
2023-07-04 00:00,108.0,13.9,7.7
2023-07-04 01:00,104.0,16.1,9.4
2023-07-04 02:00,100.9,10.3,9.8
2023-07-04 03:00,99.0,10.3,11.3
2023-07-04 04:00,97.0,8.1,11.6
2023-07-04 05:00,90.0,5.8,14.9
2023-07-04 06:00,90.0,5.8,14.9
2023-07-04 07:00,88.0,5.8,15.9
2023-07-04 08:00,84.9,6.9,16.9
2023-07-04 09:00,82.9,0.0,21.0
2023-07-04 10:00,84.0,5.8,24.7
2023-07-04 11:00,78.1,3.4,26.6
2023-07-04 12:00,78.1,3.4,26.6
2023-07-04 13:00,82.9,4.7,29.7
2023-07-04 14:00,88.0,0.0,21.7
2023-07-04 15:00,93.0,4.7,15.8
2023-07-04 16:00,96.1,10.3,13.3
2023-07-04 17:00,97.0,6.9,14.0
2023-07-04 18:00,97.0,6.9,14.0
2023-07-04 19:00,104.0,11.4,10.9
2023-07-04 20:00,105.1,6.9,9.8
2023-07-04 21:00,106.0,13.9,9.2
2023-07-04 22:00,106.0,12.8,9.2
2023-07-04 23:00,105.1,11.4,9.4
2023-07-05 00:00,105.1,11.4,9.4
2023-07-05 01:00,102.0,11.4,10.3
2023-07-05 02:00,99.0,9.2,11.8
2023-07-05 03:00,97.0,8.1,13.0
2023-07-05 04:00,93.9,5.8,14.9
2023-07-05 05:00,89.1,5.8,17.3
2023-07-05 06:00,89.1,5.8,17.3
2023-07-05 07:00,86.0,4.7,19.0
2023-07-05 08:00,84.9,5.8,22.2
2023-07-05 09:00,82.9,0.0,24.5
2023-07-05 10:00,82.0,3.4,25.2
2023-07-05 11:00,78.1,5.8,26.6
2023-07-05 12:00,78.1,5.8,26.6
2023-07-05 13:00,81.0,5.8,28.2
2023-07-05 14:00,87.1,0.0,24.9
2023-07-05 15:00,93.0,3.4,20.7
2023-07-05 16:00,96.1,4.7,18.2
2023-07-05 17:00,98.1,9.2,15.9
2023-07-05 18:00,98.1,9.2,15.9
2023-07-05 19:00,102.0,5.8,12.5
2023-07-05 20:00,105.1,8.1,10.6
2023-07-05 21:00,106.0,15.0,10.3
2023-07-05 22:00,106.0,10.3,9.9
2023-07-05 23:00,105.1,5.8,9.8
2023-07-06 00:00,105.1,5.8,9.8
2023-07-06 01:00,102.9,11.4,10.5
2023-07-06 02:00,100.0,9.2,10.9
2023-07-06 03:00,96.1,5.8,12.9
2023-07-06 04:00,95.0,6.9,12.7
2023-07-06 05:00,91.9,4.7,14.6
2023-07-06 06:00,91.9,4.7,14.6
2023-07-06 07:00,86.0,0.0,19.0
2023-07-06 08:00,84.0,3.4,19.5
2023-07-06 09:00,81.0,0.0,21.5
2023-07-06 10:00,81.0,3.4,19.9
2023-07-06 11:00,79.0,5.8,21.2
2023-07-06 12:00,79.0,5.8,21.2
2023-07-06 13:00,82.9,0.0,20.1
2023-07-06 14:00,88.0,8.1,18.5
2023-07-06 15:00,93.9,0.0,14.9
2023-07-06 16:00,97.0,5.8,13.5
2023-07-06 17:00,102.0,4.7,11.6
2023-07-06 18:00,102.0,4.7,11.6
2023-07-06 19:00,106.0,6.9,10.7
2023-07-06 20:00,108.0,6.9,11.0
2023-07-06 21:00,108.0,5.8,11.3
2023-07-06 22:00,109.0,6.9,11.0
2023-07-06 23:00,108.0,9.2,11.3
2023-07-07 00:00,108.0,9.2,11.3
2023-07-07 01:00,105.1,16.1,11.9
2023-07-07 02:00,102.0,10.3,13.1
2023-07-07 03:00,99.0,8.1,14.8
2023-07-07 04:00,96.1,10.3,14.4
2023-07-07 05:00,93.9,5.8,14.2
2023-07-07 06:00,93.9,5.8,14.2
2023-07-07 07:00,90.0,4.7,15.5
2023-07-07 08:00,86.0,5.8,16.9
2023-07-07 09:00,88.0,4.7,16.6
2023-07-07 10:00,87.1,10.3,17.6
2023-07-07 11:00,84.0,0.0,18.8
2023-07-07 12:00,84.0,0.0,18.8
2023-07-07 13:00,88.0,6.9,20.8
2023-07-07 14:00,91.9,12.8,20.7
2023-07-07 15:00,95.0,6.9,16.7
2023-07-07 16:00,97.0,3.4,15.2
2023-07-07 17:00,100.0,4.7,13.9
2023-07-07 18:00,100.0,4.7,13.9
2023-07-07 19:00,105.1,8.1,11.4
2023-07-07 20:00,107.1,11.4,11.7
2023-07-07 21:00,108.0,4.7,11.0
2023-07-07 22:00,107.1,3.4,11.7
2023-07-07 23:00,108.0,5.8,11.3
2023-07-08 00:00,108.0,5.8,11.3
2023-07-08 01:00,105.1,12.8,12.9
2023-07-08 02:00,100.9,13.9,15.1
2023-07-08 03:00,98.1,10.3,17.7
2023-07-08 04:00,95.0,9.2,18.1
2023-07-08 05:00,93.0,5.8,16.5
2023-07-08 06:00,93.0,5.8,16.5
2023-07-08 07:00,90.0,3.4,17.4
2023-07-08 08:00,88.0,5.8,19.3
2023-07-08 09:00,87.1,6.9,26.9
2023-07-08 10:00,82.0,3.4,28.3
2023-07-08 11:00,82.9,6.9,28.5
2023-07-08 12:00,82.9,6.9,28.5
2023-07-08 13:00,89.1,6.9,20.1
2023-07-08 14:00,91.9,8.1,22.3
2023-07-08 15:00,95.0,9.2,21.0
2023-07-08 16:00,97.0,8.1,15.8
2023-07-08 17:00,99.0,5.8,17.2
2023-07-08 18:00,99.0,5.8,17.2
2023-07-08 19:00,102.0,8.1,18.4
2023-07-08 20:00,106.0,4.7,17.6
2023-07-08 21:00,107.1,8.1,17.0
2023-07-08 22:00,107.1,9.2,14.6
2023-07-08 23:00,106.0,0.0,14.6
2023-07-09 00:00,106.0,0.0,14.6
2023-07-09 01:00,105.1,11.4,15.5
2023-07-09 02:00,100.0,5.8,21.0
2023-07-09 03:00,97.0,3.4,23.8
2023-07-09 04:00,97.0,5.8,20.5
2023-07-09 05:00,93.0,0.0,22.3
2023-07-09 06:00,93.0,0.0,22.3
2023-07-09 07:00,90.0,5.8,26.6
2023-07-09 08:00,90.0,6.9,31.7
2023-07-09 09:00,88.0,5.8,33.8
2023-07-09 10:00,87.1,0.0,33.7
2023-07-09 11:00,87.1,6.9,33.7
2023-07-09 12:00,87.1,6.9,33.7
2023-07-09 13:00,87.1,8.1,32.4
2023-07-09 14:00,89.1,8.1,31.6
2023-07-09 15:00,93.0,5.8,26.8
2023-07-09 16:00,93.9,4.7,27.2
2023-07-09 17:00,98.1,0.0,23.9
2023-07-09 18:00,98.1,0.0,23.9
2023-07-09 19:00,99.0,,22.4
2023-07-09 20:00,100.0,3.4,21.0
2023-07-09 21:00,102.9,4.7,19.9
2023-07-09 22:00,104.0,0.0,19.2
2023-07-09 23:00,100.0,12.8,23.3
2023-07-10 00:00,100.0,12.8,23.3
2023-07-10 01:00,97.0,10.3,25.5
2023-07-10 02:00,96.1,6.9,26.3
2023-07-10 03:00,93.9,3.4,29.2
2023-07-10 04:00,91.9,3.4,32.0
2023-07-10 05:00,90.0,4.7,36.8
2023-07-10 06:00,90.0,4.7,36.8
2023-07-10 07:00,88.0,21.9,43.4
2023-07-10 08:00,86.0,12.8,46.2
2023-07-10 09:00,86.0,0.0,38.6
2023-07-10 10:00,84.9,4.7,44.6
2023-07-10 11:00,84.0,8.1,45.9
2023-07-10 12:00,84.0,8.1,45.9
2023-07-10 13:00,86.0,12.8,43.1
2023-07-10 14:00,88.0,4.7,40.5
2023-07-10 15:00,91.0,4.7,38.2
2023-07-10 16:00,91.9,3.4,35.7
2023-07-10 17:00,96.1,6.9,31.4
2023-07-10 18:00,96.1,6.9,31.4
2023-07-10 19:00,100.9,3.4,25.3
2023-07-10 20:00,102.9,6.9,22.2
2023-07-10 21:00,105.1,5.8,20.8
2023-07-10 22:00,106.0,10.3,19.5
2023-07-10 23:00,102.9,11.4,21.3
2023-07-11 00:00,102.9,11.4,21.3
2023-07-11 01:00,100.9,8.1,22.7
2023-07-11 02:00,99.0,10.3,24.0
2023-07-11 03:00,93.9,20.8,33.6
2023-07-11 04:00,93.0,18.3,34.6
2023-07-11 05:00,86.0,15.0,43.1
2023-07-11 06:00,86.0,15.0,43.1
2023-07-11 07:00,86.0,5.8,44.8
2023-07-11 08:00,84.9,4.7,46.4
2023-07-11 09:00,84.0,8.1,47.7
2023-07-11 10:00,84.0,8.1,45.9
2023-07-11 11:00,82.9,16.1,47.6
2023-07-11 12:00,82.9,16.1,47.6
2023-07-11 13:00,84.9,8.1,44.6
2023-07-11 14:00,87.1,0.0,41.6
2023-07-11 15:00,91.9,0.0,35.7
2023-07-11 16:00,93.9,5.8,33.6
2023-07-11 17:00,98.1,4.7,30.8
2023-07-11 18:00,98.1,4.7,30.8
2023-07-11 19:00,100.0,5.8,27.9
2023-07-11 20:00,102.0,8.1,25.4
2023-07-11 21:00,104.0,12.8,24.0
2023-07-11 22:00,105.1,13.9,23.2
2023-07-11 23:00,104.0,11.4,23.1
2023-07-12 00:00,104.0,11.4,23.1
2023-07-12 01:00,102.0,8.1,25.4
2023-07-12 02:00,100.0,10.3,26.0
2023-07-12 03:00,99.0,10.3,26.8
2023-07-12 04:00,91.4,15.0,38.5
2023-07-12 05:00,91.0,4.7,38.2
2023-07-12 06:00,91.0,4.7,38.2
2023-07-12 07:00,84.9,15.0,54.9
2023-07-12 08:00,88.0,5.8,45.1
2023-07-12 09:00,87.1,5.8,46.4
2023-07-12 10:00,87.1,6.9,46.4
2023-07-12 11:00,84.9,8.1,51.3
2023-07-12 12:00,84.9,8.1,51.3
2023-07-12 13:00,87.1,9.2,47.9
2023-07-12 14:00,89.1,8.1,45.0
2023-07-12 15:00,91.9,3.4,38.3
2023-07-12 16:00,95.0,9.2,31.5
2023-07-12 17:00,96.1,0.0,30.5
2023-07-12 18:00,96.1,0.0,30.5
2023-07-12 19:00,99.0,5.8,27.9
2023-07-12 20:00,100.0,9.2,26.0
2023-07-12 21:00,99.0,6.9,26.8
2023-07-12 22:00,100.0,9.2,25.0
2023-07-12 23:00,100.0,4.7,25.0
2023-07-13 00:00,100.0,4.7,25.0
2023-07-13 01:00,100.0,5.8,25.0
2023-07-13 02:00,99.0,4.7,25.0
2023-07-13 03:00,98.1,6.9,26.5
2023-07-13 04:00,96.1,5.8,29.3
2023-07-13 05:00,93.9,6.9,32.6
2023-07-13 06:00,93.9,6.9,32.6
2023-07-13 07:00,93.0,3.4,32.2
2023-07-13 08:00,91.9,5.8,34.6
2023-07-13 09:00,91.9,0.0,34.6
2023-07-13 10:00,90.0,4.7,38.0
2023-07-13 11:00,88.0,3.4,40.5
2023-07-13 12:00,88.0,4.7,40.5
2023-07-13 13:00,89.1,3.4,40.6
2023-07-13 14:00,93.9,5.8,33.6
2023-07-13 15:00,96.1,4.7,30.5
2023-07-13 16:00,98.1,,28.7
2023-07-13 17:00,100.0,6.9,25.0
2023-07-13 18:00,100.0,6.9,25.0
2023-07-13 19:00,105.1,9.2,20.8
2023-07-13 20:00,106.0,10.3,20.3
2023-07-13 21:00,102.9,,22.2
2023-07-13 22:00,104.0,5.8,21.5
2023-07-13 23:00,104.0,8.1,20.7
2023-07-14 00:00,104.0,8.1,20.7
2023-07-14 01:00,99.0,18.3,25.8
2023-07-14 02:00,99.0,6.9,25.8
2023-07-14 03:00,97.0,5.8,29.6
2023-07-14 04:00,93.9,9.2,33.6
2023-07-14 05:00,93.0,8.1,33.5
2023-07-14 06:00,93.0,8.1,33.5
2023-07-14 07:00,91.0,6.9,34.3
2023-07-14 08:00,91.0,11.4,36.8
2023-07-14 09:00,89.1,12.8,40.6
2023-07-14 10:00,88.0,9.2,42.1
2023-07-14 11:00,87.1,6.9,43.3
2023-07-14 12:00,87.1,6.9,43.3
2023-07-14 13:00,88.0,6.9,43.4
2023-07-14 14:00,90.0,5.8,39.5
2023-07-14 15:00,95.0,4.7,32.5
2023-07-14 16:00,95.0,3.4,32.5
2023-07-14 17:00,100.9,8.1,23.6
2023-07-14 18:00,100.0,8.1,25.0
2023-07-14 19:00,102.9,0.0,20.7
2023-07-14 20:00,105.1,0.0,19.4
2023-07-14 21:00,108.0,10.3,19.1
2023-07-14 22:00,106.0,5.8,19.5
2023-07-14 23:00,106.0,5.8,18.9
2023-07-15 00:00,106.0,5.8,18.9
2023-07-15 01:00,100.9,18.3,25.3
2023-07-15 02:00,98.1,15.0,28.7
2023-07-15 03:00,98.1,6.9,26.5
2023-07-15 04:00,95.0,5.8,31.5
2023-07-15 05:00,93.0,13.9,33.5
2023-07-15 06:00,93.0,13.9,33.5
2023-07-15 07:00,90.0,8.1,38.0
2023-07-15 08:00,89.1,8.1,39.1
2023-07-15 09:00,88.0,4.7,42.1
2023-07-15 10:00,88.0,5.8,40.5
2023-07-15 11:00,87.1,8.1,41.6
2023-07-15 12:00,87.1,8.1,41.6
2023-07-15 13:00,87.1,10.3,43.3
2023-07-15 14:00,89.1,5.8,41.9
2023-07-15 15:00,93.0,0.0,37.1
2023-07-15 16:00,98.1,3.4,30.8
2023-07-15 17:00,102.0,4.7,22.8
2023-07-15 18:00,102.0,4.7,22.8
2023-07-15 19:00,106.0,11.4,20.3
2023-07-15 20:00,108.0,8.1,15.9
2023-07-15 21:00,109.0,5.8,14.3
2023-07-15 22:00,109.0,11.4,13.8
2023-07-15 23:00,109.0,10.3,13.8
2023-07-16 00:00,109.0,10.3,13.8
2023-07-16 01:00,107.1,8.1,13.5
2023-07-16 02:00,105.1,9.2,14.4
2023-07-16 03:00,102.9,3.4,15.9
2023-07-16 04:00,98.1,30.0,29.6
2023-07-16 05:00,93.0,30.0,33.5
2023-07-16 06:00,91.9,17.2,34.6
2023-07-16 07:00,86.0,11.4,43.1
2023-07-16 08:00,84.9,9.2,44.6
2023-07-16 09:00,84.9,10.3,43.2
2023-07-16 10:00,84.0,8.1,44.5
2023-07-16 11:00,82.9,6.9,46.1
2023-07-16 12:00,82.9,6.9,46.1
2023-07-16 13:00,84.0,9.2,45.9
2023-07-16 14:00,87.1,8.1,40.3
2023-07-16 15:00,91.9,4.7,32.0
2023-07-16 16:00,95.0,4.7,28.2
2023-07-16 17:00,98.1,4.7,25.7
2023-07-16 18:00,98.1,4.7,25.7
2023-07-16 19:00,102.9,0.0,22.2
2023-07-16 20:00,106.0,4.7,19.5
2023-07-16 21:00,107.1,8.1,18.9
2023-07-16 22:00,108.0,,18.4
2023-07-16 23:00,108.0,8.1,17.8
2023-07-17 00:00,108.0,8.1,17.8
2023-07-17 01:00,104.0,12.8,20.7
2023-07-17 02:00,102.0,4.7,21.9
2023-07-17 03:00,99.0,5.8,24.0
2023-07-17 04:00,97.0,6.9,25.5
2023-07-17 05:00,93.9,3.4,30.1
2023-07-17 06:00,93.9,3.4,30.1
2023-07-17 07:00,91.9,16.1,35.7
2023-07-17 08:00,90.0,4.7,38.0
2023-07-17 09:00,89.1,6.9,39.1
2023-07-17 10:00,88.0,5.8,40.5
2023-07-17 11:00,87.1,8.1,41.6
2023-07-17 12:00,87.1,8.1,41.6
2023-07-17 13:00,88.0,8.1,37.7
2023-07-17 14:00,91.0,9.2,35.6
2023-07-17 15:00,95.0,4.7,32.5
2023-07-17 16:00,97.0,0.0,29.6
2023-07-17 17:00,99.0,10.3,28.8
2023-07-17 18:00,99.0,9.2,28.8
2023-07-17 19:00,106.0,6.9,20.9
2023-07-17 20:00,107.1,,20.3
2023-07-17 21:00,109.9,15.0,18.6
2023-07-17 22:00,109.9,8.1,18.1
2023-07-17 23:00,105.1,24.2,17.3
2023-07-18 00:00,89.1,10.3,31.6
2023-07-18 01:00,79.0,6.9,60.3
2023-07-18 02:00,88.0,8.1,40.5
2023-07-18 03:00,88.0,10.3,40.5
2023-07-18 04:00,88.0,5.8,40.5
2023-07-18 05:00,84.0,9.2,49.3
2023-07-18 06:00,84.0,9.2,49.3
2023-07-18 07:00,82.9,6.9,49.4
2023-07-18 08:00,82.9,6.9,49.4
2023-07-18 09:00,84.9,8.1,40.0
2023-07-18 10:00,82.9,9.2,44.3
2023-07-18 11:00,82.0,4.7,45.6
2023-07-18 12:00,82.0,4.7,45.6
2023-07-18 13:00,82.9,6.9,46.1
2023-07-18 14:00,84.9,3.4,43.2
2023-07-18 15:00,90.0,0.0,35.4
2023-07-18 16:00,95.0,3.4,27.1
2023-07-18 17:00,100.9,6.9,21.1
2023-07-18 18:00,100.9,6.9,21.1
2023-07-18 19:00,106.0,6.9,17.6
2023-07-18 20:00,109.0,8.1,15.4
2023-07-18 21:00,109.9,9.2,13.4
2023-07-18 22:00,111.9,10.3,11.8
2023-07-18 23:00,109.9,6.9,13.4
2023-07-19 00:00,109.9,6.9,13.4
2023-07-19 01:00,107.1,9.2,14.1
2023-07-19 02:00,104.0,5.8,17.3
2023-07-19 03:00,100.9,6.9,20.4
2023-07-19 04:00,100.0,9.2,22.5
2023-07-19 05:00,98.1,4.7,24.7
2023-07-19 06:00,98.1,4.7,24.7
2023-07-19 07:00,91.9,5.8,31.0
2023-07-19 08:00,91.9,0.0,32.0
2023-07-19 09:00,89.1,6.9,32.7
2023-07-19 10:00,87.1,9.2,34.8
2023-07-19 11:00,87.1,5.8,34.8
2023-07-19 12:00,87.1,5.8,34.8
2023-07-19 13:00,87.1,4.7,36.2
2023-07-19 14:00,91.0,3.4,33.0
2023-07-19 15:00,96.1,4.7,27.3
2023-07-19 16:00,100.0,4.7,24.2
2023-07-19 17:00,104.0,5.8,20.7
2023-07-19 18:00,104.0,5.8,20.7
2023-07-19 19:00,109.0,6.9,16.6
2023-07-19 20:00,111.0,10.3,14.6
2023-07-19 21:00,111.9,12.8,14.2
2023-07-19 22:00,109.0,9.2,14.9
2023-07-19 23:00,108.0,16.1,15.4
2023-07-20 00:00,86.0,26.4,44.8
2023-07-20 01:00,98.6,8.1,20.9
2023-07-20 02:00,96.1,,22.7
2023-07-20 03:00,91.9,6.9,27.8
2023-07-20 04:00,91.9,6.9,26.9
2023-07-20 05:00,84.0,5.8,44.5
2023-07-20 06:00,84.0,5.8,44.5
2023-07-20 07:00,84.0,3.4,42.8
2023-07-20 08:00,82.9,6.9,44.3
2023-07-20 09:00,81.0,6.9,47.3
2023-07-20 10:00,80.1,8.1,45.3
2023-07-20 11:00,78.1,10.3,51.9
2023-07-20 12:00,80.1,5.8,46.8
2023-07-20 13:00,84.0,5.8,39.9
2023-07-20 14:00,89.1,5.8,32.7
2023-07-20 15:00,91.9,0.0,34.6
2023-07-20 16:00,97.0,4.7,26.6
2023-07-20 17:00,100.9,6.9,21.9
2023-07-20 18:00,100.9,6.9,21.9
2023-07-20 19:00,109.0,10.3,12.8
2023-07-20 20:00,111.0,12.8,11.7
2023-07-20 21:00,111.0,12.8,11.2
2023-07-20 22:00,111.9,16.1,10.9
2023-07-20 23:00,109.9,18.3,11.6
2023-07-21 00:00,109.9,18.3,11.6
2023-07-21 01:00,107.1,13.9,13.1
2023-07-21 02:00,105.1,9.2,13.3
2023-07-21 03:00,102.0,12.8,15.7
2023-07-21 04:00,93.0,6.9,26.8
2023-07-21 05:00,93.0,0.0,26.8
2023-07-21 06:00,93.0,0.0,26.8
2023-07-21 07:00,91.9,0.0,28.9
2023-07-21 08:00,91.0,5.8,27.6
2023-07-21 09:00,90.0,4.7,31.7
2023-07-21 10:00,88.0,6.9,36.3
2023-07-21 11:00,86.0,9.2,40.2
2023-07-21 12:00,86.0,9.2,40.2
2023-07-21 13:00,86.0,9.2,41.8
2023-07-21 14:00,89.1,4.7,37.9
2023-07-21 15:00,93.9,0.0,31.3
2023-07-21 16:00,97.0,4.7,27.4
2023-07-21 17:00,98.1,5.8,26.5
2023-07-21 18:00,100.0,8.1,25.0
2023-07-21 19:00,107.1,15.0,15.8
2023-07-21 20:00,107.1,10.3,16.3
2023-07-21 21:00,109.0,10.3,15.4
2023-07-21 22:00,109.0,17.2,12.8
2023-07-21 23:00,109.0,20.8,12.4
2023-07-22 00:00,109.0,20.8,12.4
2023-07-22 01:00,105.8,13.9,13.8
2023-07-22 02:00,96.1,24.2,22.7
2023-07-22 03:00,89.6,17.2,35.8
2023-07-22 04:00,89.6,26.4,31.5
2023-07-22 05:00,86.0,8.1,40.2
2023-07-22 06:00,86.0,8.1,40.2
2023-07-22 07:00,87.1,10.3,40.3
2023-07-22 08:00,88.0,3.4,35.1
2023-07-22 09:00,86.0,10.3,38.6
2023-07-22 10:00,86.0,15.0,37.4
2023-07-22 11:00,84.9,6.9,41.6
2023-07-22 12:00,84.9,6.9,41.6
2023-07-22 13:00,86.0,3.4,38.6
2023-07-22 14:00,93.0,5.8,28.9
2023-07-22 15:00,98.1,3.4,23.0
2023-07-22 16:00,102.2,12.8,17.5
2023-07-22 17:00,104.0,5.8,16.0
2023-07-22 18:00,104.0,5.8,16.0
2023-07-22 19:00,107.1,10.3,15.8
2023-07-22 20:00,109.0,3.4,14.3
2023-07-22 21:00,108.0,9.2,14.8
2023-07-22 22:00,109.9,8.1,13.4
2023-07-22 23:00,111.0,8.1,13.0
2023-07-23 00:00,111.0,8.1,13.0
2023-07-23 01:00,109.9,6.9,13.4
2023-07-23 02:00,95.0,13.9,28.2
2023-07-23 03:00,91.9,16.1,32.0
2023-07-23 04:00,81.0,10.3,60.5
2023-07-23 05:00,81.0,17.2,56.5
2023-07-23 06:00,82.9,17.2,54.7
2023-07-23 07:00,81.0,8.1,56.5
2023-07-23 08:00,82.0,6.9,50.9
2023-07-23 09:00,84.0,5.8,45.9
2023-07-23 10:00,81.0,6.9,54.4
2023-07-23 11:00,82.0,10.3,52.5
2023-07-23 12:00,82.0,10.3,52.5
2023-07-23 13:00,81.0,8.1,56.5
2023-07-23 14:00,81.0,10.3,56.5
2023-07-23 15:00,89.1,6.9,36.5
2023-07-23 16:00,91.9,9.2,31.0
2023-07-23 17:00,93.0,6.9,33.5
2023-07-23 18:00,93.0,6.9,33.5
2023-07-23 19:00,102.9,12.8,20.7
2023-07-23 20:00,102.0,6.9,21.2
2023-07-23 21:00,104.0,6.9,19.2
2023-07-23 22:00,102.9,4.7,19.2
2023-07-23 23:00,104.0,5.8,18.6
2023-07-24 00:00,104.0,5.8,18.6
2023-07-24 01:00,100.0,4.7,24.2
2023-07-24 02:00,79.0,13.9,66.6
2023-07-24 03:00,79.0,11.4,66.6
2023-07-24 04:00,84.0,9.2,49.3
2023-07-24 05:00,82.9,8.1,53.0
2023-07-24 06:00,82.9,8.1,53.0
2023-07-24 07:00,82.0,8.1,50.9
2023-07-24 08:00,79.0,0.0,62.2
2023-07-24 09:00,79.0,4.7,60.3
2023-07-24 10:00,78.1,4.7,64.1
2023-07-24 11:00,78.1,4.7,64.1
2023-07-24 12:00,78.1,4.7,64.1
2023-07-24 13:00,80.1,5.8,60.0
2023-07-24 14:00,82.9,5.8,53.0
2023-07-24 15:00,89.1,5.8,41.9
2023-07-24 16:00,93.9,0.0,34.9
2023-07-24 17:00,96.1,4.7,33.7
2023-07-24 18:00,102.0,0.0,24.5
2023-07-24 19:00,107.1,5.8,18.9
2023-07-24 20:00,105.1,5.8,18.6
2023-07-24 21:00,99.0,16.1,24.0
2023-07-24 22:00,107.1,9.2,17.0
2023-07-24 23:00,100.0,16.1,24.2
2023-07-25 00:00,100.0,16.1,24.2
2023-07-25 01:00,98.1,5.8,25.7
2023-07-25 02:00,97.0,6.9,27.4
2023-07-25 03:00,88.0,6.9,46.5
2023-07-25 04:00,88.0,3.4,46.5
2023-07-25 05:00,88.0,4.7,43.4
2023-07-25 06:00,88.0,4.7,43.4
2023-07-25 07:00,86.0,8.1,46.2
2023-07-25 08:00,84.0,8.1,47.7
2023-07-25 09:00,82.0,6.9,50.9
2023-07-25 10:00,81.0,3.4,52.7
2023-07-25 11:00,79.0,6.9,56.2
2023-07-25 12:00,79.0,6.9,56.2
2023-07-25 13:00,81.0,4.7,54.4
2023-07-25 14:00,88.0,5.8,40.5
2023-07-25 15:00,93.0,0.0,32.2
2023-07-25 16:00,96.1,4.7,28.2
2023-07-25 17:00,100.9,6.9,22.7
2023-07-25 18:00,100.9,6.9,22.7
2023-07-25 19:00,106.0,6.9,18.1
2023-07-25 20:00,109.9,9.2,13.4
2023-07-25 21:00,109.9,0.0,12.5
2023-07-25 22:00,111.0,9.2,12.6
2023-07-25 23:00,109.0,5.8,13.3
2023-07-26 00:00,109.0,5.8,13.3
2023-07-26 01:00,102.9,10.3,19.2
2023-07-26 02:00,102.0,13.9,19.7
2023-07-26 03:00,99.0,5.8,22.4
2023-07-26 04:00,90.0,18.3,38.0
2023-07-26 05:00,87.1,9.2,56.9
2023-07-26 06:00,87.1,9.2,56.9
2023-07-26 07:00,86.0,3.4,49.5
2023-07-26 08:00,82.9,6.9,58.5
2023-07-26 09:00,81.0,4.7,58.3
2023-07-26 10:00,81.0,4.7,54.4
2023-07-26 11:00,79.0,8.1,60.3
2023-07-26 12:00,79.0,8.1,60.3
2023-07-26 13:00,82.9,4.7,51.0
2023-07-26 14:00,90.0,5.8,39.5
2023-07-26 15:00,93.9,4.7,33.6
2023-07-26 16:00,96.1,4.7,28.2
2023-07-26 17:00,100.0,6.9,25.0
2023-07-26 18:00,100.0,6.9,25.0
2023-07-26 19:00,105.1,9.2,20.8
2023-07-26 20:00,108.0,11.4,19.1
2023-07-26 21:00,109.0,16.1,17.3
2023-07-26 22:00,109.9,12.8,16.8
2023-07-26 23:00,109.0,10.3,16.0
2023-07-27 00:00,109.0,10.3,16.0
2023-07-27 01:00,109.0,8.1,16.0
2023-07-27 02:00,86.0,12.8,46.2
2023-07-27 03:00,81.0,12.8,58.3
2023-07-27 04:00,82.9,24.2,51.0
2023-07-27 05:00,82.9,0.0,54.7
2023-07-27 06:00,82.9,0.0,54.7
2023-07-27 07:00,84.0,8.1,52.8
2023-07-27 08:00,82.9,4.7,53.0
2023-07-27 09:00,81.0,3.4,60.5
2023-07-27 10:00,82.0,8.1,56.3
2023-07-27 11:00,80.1,0.0,56.0
2023-07-27 12:00,81.0,6.9,49.1
2023-07-27 13:00,79.0,4.7,56.2
2023-07-27 14:00,86.0,5.8,48.0
2023-07-27 15:00,91.0,6.9,39.4
2023-07-27 16:00,93.9,3.4,30.1
2023-07-27 17:00,98.1,3.4,25.7
2023-07-27 18:00,98.1,3.4,25.7
2023-07-27 19:00,102.0,9.2,23.6
2023-07-27 20:00,105.1,11.4,22.4
2023-07-27 21:00,106.0,13.9,20.9
2023-07-27 22:00,106.0,13.9,18.1
2023-07-27 23:00,107.1,10.3,17.0
2023-07-28 00:00,107.1,10.3,17.0
2023-07-28 01:00,105.1,8.1,20.0
2023-07-28 02:00,102.9,10.3,20.7
2023-07-28 03:00,98.6,11.4,20.9
2023-07-28 04:00,93.0,11.4,27.9
2023-07-28 05:00,91.0,11.4,33.0
2023-07-28 06:00,89.1,0.0,40.6
2023-07-28 07:00,90.0,0.0,31.7
2023-07-28 08:00,90.0,3.4,34.1
2023-07-28 09:00,88.0,0.0,37.7
2023-07-28 10:00,88.0,0.0,39.2
2023-07-28 11:00,84.9,8.1,44.6
2023-07-28 12:00,84.9,8.1,44.6
2023-07-28 13:00,84.9,4.7,43.2
2023-07-28 14:00,91.0,9.2,34.3
2023-07-28 15:00,95.0,8.1,28.2
2023-07-28 16:00,98.1,3.4,24.7
2023-07-28 17:00,99.0,0.0,25.8
2023-07-28 18:00,99.0,0.0,25.8
2023-07-28 19:00,105.1,9.2,20.0
2023-07-28 20:00,107.1,8.1,19.6
2023-07-28 21:00,107.1,11.4,18.9
2023-07-28 22:00,108.0,15.0,19.1
2023-07-28 23:00,107.1,15.0,19.6
2023-07-29 00:00,107.1,15.0,19.6
2023-07-29 01:00,108.0,8.1,18.4
2023-07-29 02:00,90.0,15.0,38.0
2023-07-29 03:00,89.1,20.8,37.9
2023-07-29 04:00,87.1,11.4,41.6
2023-07-29 05:00,87.1,3.4,46.4
2023-07-29 06:00,89.1,12.8,39.1
2023-07-29 07:00,84.9,6.9,47.9
2023-07-29 08:00,84.9,6.9,47.9
2023-07-29 09:00,84.0,4.7,51.2
2023-07-29 10:00,81.0,4.7,58.3
2023-07-29 11:00,81.0,6.9,56.5
2023-07-29 12:00,81.0,6.9,56.5
2023-07-29 13:00,84.0,12.8,49.3
2023-07-29 14:00,88.0,9.2,45.1
2023-07-29 15:00,91.9,3.4,39.8
2023-07-29 16:00,95.0,8.1,33.8
2023-07-29 17:00,99.0,5.8,25.8
2023-07-29 18:00,99.0,5.8,25.8
2023-07-29 19:00,102.0,11.4,21.9
2023-07-29 20:00,104.0,6.9,20.0
2023-07-29 21:00,106.0,10.3,19.5
2023-07-29 22:00,107.1,12.8,19.6
2023-07-29 23:00,107.1,13.9,18.3
2023-07-30 00:00,107.1,13.9,18.3
2023-07-30 01:00,106.0,11.4,18.1
2023-07-30 02:00,93.9,12.8,33.6
2023-07-30 03:00,93.9,10.3,32.6
2023-07-30 04:00,90.0,9.2,42.4
2023-07-30 05:00,82.9,12.8,56.7
2023-07-30 06:00,84.0,11.4,56.5
2023-07-30 07:00,84.0,8.1,52.8
2023-07-30 08:00,84.9,5.8,49.7
2023-07-30 09:00,82.0,6.9,60.3
2023-07-30 10:00,80.1,6.9,64.3
2023-07-30 11:00,79.0,4.7,69.1
2023-07-30 12:00,79.0,4.7,69.1
2023-07-30 13:00,81.0,10.3,60.5
2023-07-30 14:00,82.9,11.4,58.5
2023-07-30 15:00,84.9,4.7,54.9
2023-07-30 16:00,90.0,3.4,43.7
2023-07-30 17:00,93.0,6.9,37.1
2023-07-30 18:00,93.0,6.9,37.1
2023-07-30 19:00,100.0,5.8,24.2
2023-07-30 20:00,102.0,0.0,21.9
2023-07-30 21:00,106.0,6.9,18.9
2023-07-30 22:00,104.0,3.4,20.0
2023-07-30 23:00,105.1,9.2,19.4
2023-07-31 00:00,105.1,9.2,19.4
2023-07-31 01:00,102.0,4.7,19.7
2023-07-31 02:00,95.0,12.8,27.1
2023-07-31 03:00,93.0,9.2,32.2
2023-07-31 04:00,86.0,13.9,37.4
2023-07-31 05:00,84.0,6.9,49.3
2023-07-31 06:00,82.9,6.9,51.0
2023-07-31 07:00,82.0,4.7,50.9
2023-07-31 08:00,81.0,8.1,49.1
2023-07-31 09:00,81.0,4.7,50.7
2023-07-31 10:00,81.0,4.7,50.7
2023-07-31 11:00,78.1,5.8,62.1
2023-07-31 12:00,78.1,5.8,62.1
2023-07-31 13:00,80.1,6.9,54.3
2023-07-31 14:00,84.0,3.4,45.9
2023-07-31 15:00,87.1,3.4,40.3
2023-07-31 16:00,91.0,0.0,35.6
2023-07-31 17:00,93.0,5.8,33.5
2023-07-31 18:00,93.0,5.8,33.5
2023-07-31 19:00,98.1,6.9,26.5
2023-07-31 20:00,98.1,4.7,25.7
2023-07-31 21:00,99.0,4.7,24.0
2023-07-31 22:00,99.0,6.9,25.0
2023-07-31 23:00,100.0,8.1,22.5
2023-08-01 00:00,100.0,6.9,22.5
2023-08-01 01:00,80.1,9.2,56.0
2023-08-01 02:00,75.0,5.8,73.6
2023-08-01 03:00,77.0,3.4,71.1
2023-08-01 04:00,79.0,3.4,62.2
2023-08-01 05:00,77.0,4.7,68.9
2023-08-01 06:00,77.0,4.7,68.9
2023-08-01 07:00,77.0,5.8,68.9
2023-08-01 08:00,78.1,5.8,64.1
2023-08-01 09:00,78.1,3.4,64.1
2023-08-01 10:00,78.1,3.4,62.1
2023-08-01 11:00,75.9,5.8,68.8
2023-08-01 12:00,75.9,5.8,68.8
2023-08-01 13:00,77.0,4.7,64.3
2023-08-01 14:00,81.0,6.9,56.5
2023-08-01 15:00,84.9,3.4,47.9
2023-08-01 16:00,89.1,0.0,37.9
2023-08-01 17:00,91.0,0.0,35.6
2023-08-01 18:00,91.0,0.0,35.6
2023-08-01 19:00,98.1,6.9,25.7
2023-08-01 20:00,99.0,5.8,24.0
2023-08-01 21:00,100.9,11.4,23.6
2023-08-01 22:00,100.9,12.8,23.6
2023-08-01 23:00,99.0,8.1,24.0
2023-08-02 00:00,99.0,8.1,24.0
2023-08-02 01:00,98.1,6.9,25.7
2023-08-02 02:00,95.0,5.8,29.1
2023-08-02 03:00,93.0,3.4,32.2
2023-08-02 04:00,89.1,3.4,41.9
2023-08-02 05:00,89.1,8.1,39.1
2023-08-02 06:00,89.1,8.1,39.1
2023-08-02 07:00,88.0,6.9,37.7
2023-08-02 08:00,86.0,4.7,40.2
2023-08-02 09:00,84.0,3.4,45.9
2023-08-02 10:00,82.9,6.9,46.1
2023-08-02 11:00,82.9,4.7,44.3
2023-08-02 12:00,82.9,4.7,44.3
2023-08-02 13:00,82.0,8.1,45.6
2023-08-02 14:00,86.0,3.4,41.8
2023-08-02 15:00,89.1,0.0,36.5
2023-08-02 16:00,93.0,0.0,31.0
2023-08-02 17:00,95.0,3.4,30.3
2023-08-02 18:00,95.0,3.4,30.3
2023-08-02 19:00,99.0,5.8,25.8
2023-08-02 20:00,100.0,6.9,23.3
2023-08-02 21:00,100.9,0.0,21.1
2023-08-02 22:00,100.9,6.9,21.1
2023-08-02 23:00,102.9,12.8,19.9
2023-08-03 00:00,102.9,12.8,19.9
2023-08-03 01:00,100.0,9.2,21.7
2023-08-03 02:00,97.0,5.8,23.0
2023-08-03 03:00,95.0,4.7,25.3
2023-08-03 04:00,91.9,3.4,28.9
2023-08-03 05:00,91.0,5.8,31.9
2023-08-03 06:00,91.0,5.8,31.9
2023-08-03 07:00,88.0,0.0,32.7
2023-08-03 08:00,87.1,3.4,34.8
2023-08-03 09:00,84.9,5.8,37.2
2023-08-03 10:00,82.0,0.0,45.6
2023-08-03 11:00,82.0,3.4,43.9
2023-08-03 12:00,82.0,3.4,43.9
2023-08-03 13:00,82.9,4.7,42.6
2023-08-03 14:00,86.0,0.0,40.2
2023-08-03 15:00,91.0,5.8,31.9
2023-08-03 16:00,95.0,6.9,29.1
2023-08-03 17:00,96.1,4.7,27.3
2023-08-03 18:00,96.1,4.7,27.3
2023-08-03 19:00,100.0,0.0,23.3
2023-08-03 20:00,102.0,0.0,21.9
2023-08-03 21:00,102.0,4.7,20.4
2023-08-03 22:00,104.0,0.0,18.6
2023-08-03 23:00,104.0,10.3,17.9
2023-08-04 00:00,104.0,10.3,17.9
2023-08-04 01:00,102.0,10.3,16.4
2023-08-04 02:00,99.0,5.8,18.6
2023-08-04 03:00,95.0,3.4,23.5
2023-08-04 04:00,91.9,5.8,25.0
2023-08-04 05:00,90.0,9.2,24.5
2023-08-04 06:00,90.0,9.2,24.5
2023-08-04 07:00,87.1,6.9,26.0
2023-08-04 08:00,84.9,6.9,27.8
2023-08-04 09:00,82.0,5.8,31.6
2023-08-04 10:00,82.0,5.8,31.6
2023-08-04 11:00,80.1,4.7,35.1
2023-08-04 12:00,80.1,4.7,35.1
2023-08-04 13:00,80.1,4.7,37.7
2023-08-04 14:00,84.9,3.4,33.5
2023-08-04 15:00,90.0,3.4,27.5
2023-08-04 16:00,93.0,0.0,22.3
2023-08-04 17:00,97.0,0.0,19.7
2023-08-04 18:00,97.0,0.0,19.7
2023-08-04 19:00,104.0,3.4,14.8
2023-08-04 20:00,104.0,3.4,14.3
2023-08-04 21:00,107.1,4.7,13.5
2023-08-04 22:00,106.0,0.0,13.5
2023-08-04 23:00,108.0,9.2,12.2
2023-08-05 00:00,108.0,9.2,12.2
2023-08-05 01:00,104.0,8.1,12.8
2023-08-05 02:00,100.0,6.9,15.0
2023-08-05 03:00,98.1,3.4,15.9
2023-08-05 04:00,93.0,5.8,20.7
2023-08-05 05:00,93.0,5.8,19.2
2023-08-05 06:00,93.0,5.8,19.2
2023-08-05 07:00,89.1,3.4,22.6
2023-08-05 08:00,87.1,3.4,24.1
2023-08-05 09:00,84.9,4.7,25.8
2023-08-05 10:00,82.9,4.7,28.5
2023-08-05 11:00,82.0,9.2,28.3
2023-08-05 12:00,82.0,9.2,28.3
2023-08-05 13:00,81.0,8.1,31.6
2023-08-05 14:00,86.0,0.0,27.8
2023-08-05 15:00,91.9,0.0,22.3
2023-08-05 16:00,96.1,3.4,18.2
2023-08-05 17:00,100.0,3.4,15.5
2023-08-05 18:00,100.0,3.4,15.5
2023-08-05 19:00,107.1,3.4,13.1
2023-08-05 20:00,108.0,5.8,13.2
2023-08-05 21:00,108.0,8.1,12.8
2023-08-05 22:00,109.9,8.1,12.0
2023-08-05 23:00,109.0,15.0,11.0
2023-08-06 00:00,109.0,15.0,11.0
2023-08-06 01:00,106.0,13.9,11.6
2023-08-06 02:00,102.0,9.2,14.1
2023-08-06 03:00,100.9,12.8,11.1
2023-08-06 04:00,98.1,9.2,11.2
2023-08-06 05:00,96.1,5.8,11.9
2023-08-06 06:00,96.1,5.8,11.9
2023-08-06 07:00,88.0,6.9,17.1
2023-08-06 08:00,88.0,8.1,17.1
2023-08-06 09:00,86.0,8.1,22.2
2023-08-06 10:00,84.9,9.2,22.2
2023-08-06 11:00,87.1,4.7,30.1
2023-08-06 12:00,87.1,4.7,30.1
2023-08-06 13:00,87.1,6.9,40.3
2023-08-06 14:00,89.1,8.1,41.9
2023-08-06 15:00,91.9,0.0,37.1
2023-08-06 16:00,95.0,5.8,28.2
2023-08-06 17:00,99.0,0.0,25.0
2023-08-06 18:00,99.0,0.0,25.0
2023-08-06 19:00,102.9,4.7,21.3
2023-08-06 20:00,104.0,10.3,21.5
2023-08-06 21:00,106.0,10.3,18.1
2023-08-06 22:00,106.0,10.3,18.1
2023-08-06 23:00,106.0,10.3,19.5
2023-08-07 00:00,106.0,10.3,19.5
2023-08-07 01:00,102.9,10.3,22.2
2023-08-07 02:00,102.9,17.2,21.3
2023-08-07 03:00,95.0,8.1,36.2
2023-08-07 04:00,88.0,9.2,42.1
2023-08-07 05:00,87.1,9.2,46.4
2023-08-07 06:00,87.1,9.2,46.4
2023-08-07 07:00,86.0,6.9,46.2
2023-08-07 08:00,86.0,6.9,44.8
2023-08-07 09:00,86.0,5.8,46.2
2023-08-07 10:00,86.0,10.3,51.4
2023-08-07 11:00,84.9,9.2,51.3
2023-08-07 12:00,84.9,9.2,51.3
2023-08-07 13:00,84.0,8.1,54.8
2023-08-07 14:00,87.1,4.7,49.7
2023-08-07 15:00,87.1,8.1,49.7
2023-08-07 16:00,91.9,3.4,42.6
2023-08-07 17:00,95.0,4.7,38.8
2023-08-07 18:00,95.0,4.7,38.8
2023-08-07 19:00,96.1,5.8,37.5
2023-08-07 20:00,100.9,11.4,32.4
2023-08-07 21:00,99.0,4.7,33.1
2023-08-07 22:00,100.9,6.9,30.2
2023-08-07 23:00,102.2,9.2,27.7
2023-08-08 00:00,102.0,10.3,27.3
2023-08-08 01:00,98.1,6.9,31.7
2023-08-08 02:00,96.1,5.8,35.0
2023-08-08 03:00,93.0,9.2,39.7
2023-08-08 04:00,91.9,10.3,41.1
2023-08-08 05:00,91.9,6.9,39.8
2023-08-08 06:00,91.9,6.9,39.8
2023-08-08 07:00,88.0,9.2,43.4
2023-08-08 08:00,88.0,8.1,43.4
2023-08-08 09:00,86.0,6.9,43.1
2023-08-08 10:00,84.9,6.9,43.2
2023-08-08 11:00,82.9,10.3,46.1
2023-08-08 12:00,82.9,10.3,46.1
2023-08-08 13:00,82.0,9.2,50.9
2023-08-08 14:00,84.0,5.8,47.7
2023-08-08 15:00,87.1,4.7,43.3
2023-08-08 16:00,90.0,0.0,39.5
2023-08-08 17:00,93.0,0.0,37.1
2023-08-08 18:00,93.0,0.0,37.1
2023-08-08 19:00,98.1,4.7,31.7
2023-08-08 20:00,98.1,0.0,31.7
2023-08-08 21:00,91.0,12.8,42.2
2023-08-08 22:00,86.0,11.4,43.1
2023-08-08 23:00,84.0,11.4,49.3
2023-08-09 00:00,84.0,9.2,49.3
2023-08-09 01:00,80.1,9.2,64.3
2023-08-09 02:00,78.1,9.2,64.1
2023-08-09 03:00,79.0,3.4,64.6
2023-08-09 04:00,78.1,9.2,66.5
2023-08-09 05:00,78.1,6.9,66.5
2023-08-09 06:00,78.1,6.9,66.5
2023-08-09 07:00,79.0,6.9,56.2
2023-08-09 08:00,77.0,5.8,60.0
2023-08-09 09:00,78.1,4.7,55.7
2023-08-09 10:00,75.9,6.9,66.7
2023-08-09 11:00,77.0,4.7,61.9
2023-08-09 12:00,77.0,4.7,61.9
2023-08-09 13:00,80.1,3.4,52.2
2023-08-09 14:00,82.9,5.8,47.6
2023-08-09 15:00,87.1,6.9,40.3
2023-08-09 16:00,91.9,5.8,34.6
2023-08-09 17:00,93.9,0.0,32.6
2023-08-09 18:00,93.9,0.0,32.6
2023-08-09 19:00,99.0,5.8,27.9
2023-08-09 20:00,100.9,10.3,24.3
2023-08-09 21:00,102.0,11.4,21.9
2023-08-09 22:00,102.9,12.8,19.9
2023-08-09 23:00,102.0,10.3,19.7
2023-08-10 00:00,102.0,10.3,19.7
2023-08-10 01:00,100.0,15.0,19.5
2023-08-10 02:00,97.0,8.1,23.0
2023-08-10 03:00,93.0,9.2,28.9
2023-08-10 04:00,91.0,8.1,34.3
2023-08-10 05:00,91.0,6.9,34.3
2023-08-10 06:00,91.0,6.9,34.3
2023-08-10 07:00,88.0,3.4,36.3
2023-08-10 08:00,86.0,10.3,41.8
2023-08-10 09:00,84.9,15.0,38.7
2023-08-10 10:00,82.9,11.4,44.3
2023-08-10 11:00,82.0,11.4,49.0
2023-08-10 12:00,81.0,5.8,50.7
2023-08-10 13:00,82.0,4.7,49.0
2023-08-10 14:00,84.9,9.2,44.6
2023-08-10 15:00,86.0,5.8,44.8
2023-08-10 16:00,90.0,6.9,36.8
2023-08-10 17:00,91.9,9.2,32.0
2023-08-10 18:00,91.9,9.2,32.0
2023-08-10 19:00,96.1,,24.4
2023-08-10 20:00,100.0,5.8,18.7
2023-08-10 21:00,100.0,0.0,18.0
2023-08-10 22:00,100.9,0.0,18.2
2023-08-10 23:00,100.0,8.1,20.1
2023-08-11 00:00,100.0,8.1,20.1
2023-08-11 01:00,93.9,11.4,28.1
2023-08-11 02:00,89.1,21.9,35.1
2023-08-11 03:00,90.0,13.9,29.5
2023-08-11 04:00,90.0,5.8,35.4
2023-08-11 05:00,88.0,4.7,37.7
2023-08-11 06:00,88.0,4.7,37.7
2023-08-11 07:00,87.1,5.8,38.8
2023-08-11 08:00,86.0,5.8,44.8
2023-08-11 09:00,86.0,4.7,44.8
2023-08-11 10:00,86.0,4.7,36.0
2023-08-11 11:00,84.0,6.9,44.5
2023-08-11 12:00,84.0,6.9,44.5
2023-08-11 13:00,82.9,3.4,47.6
2023-08-11 14:00,84.9,5.8,44.6
2023-08-11 15:00,86.0,11.4,40.2
2023-08-11 16:00,88.0,17.2,36.3
2023-08-11 17:00,91.9,17.2,33.3
2023-08-11 18:00,91.9,17.2,33.3
2023-08-11 19:00,91.0,16.1,34.3
2023-08-11 20:00,91.9,10.3,31.0
2023-08-11 21:00,93.0,5.8,30.0
2023-08-11 22:00,93.0,5.8,30.0
2023-08-11 23:00,88.0,12.8,36.3
2023-08-12 00:00,88.0,12.8,36.3
2023-08-12 01:00,91.0,9.2,28.6
2023-08-12 02:00,90.0,5.8,31.7
2023-08-12 03:00,86.0,10.3,37.4
2023-08-12 04:00,84.9,10.3,37.2
2023-08-12 05:00,82.0,6.9,42.5
2023-08-12 06:00,82.0,6.9,42.5
2023-08-12 07:00,82.9,5.8,42.6
2023-08-12 08:00,82.0,8.1,47.4
2023-08-12 09:00,81.0,8.1,49.1
2023-08-12 10:00,80.1,4.7,50.6
2023-08-12 11:00,78.1,6.9,51.9
2023-08-12 12:00,78.1,6.9,51.9
2023-08-12 13:00,75.9,4.7,59.9
2023-08-12 14:00,79.0,0.0,54.1
2023-08-12 15:00,84.9,0.0,43.2
2023-08-12 16:00,88.0,3.4,37.7
2023-08-12 17:00,91.9,,33.3
2023-08-12 18:00,91.9,,33.3
2023-08-12 19:00,96.1,4.7,28.2
2023-08-12 20:00,93.9,9.2,29.2
2023-08-12 21:00,96.1,8.1,28.2
2023-08-12 22:00,93.9,11.4,26.1
2023-08-12 23:00,95.0,8.1,22.7
2023-08-13 00:00,95.0,12.8,22.7
2023-08-13 01:00,86.0,10.3,41.8
2023-08-13 02:00,86.0,4.7,37.4
2023-08-13 03:00,82.9,13.9,44.3
2023-08-13 04:00,82.0,6.9,47.4
2023-08-13 05:00,86.0,8.1,34.8
2023-08-13 06:00,86.0,8.1,34.8
2023-08-13 07:00,81.0,9.2,44.0
2023-08-13 08:00,80.1,6.9,45.3
2023-08-13 09:00,77.0,6.9,48.2
2023-08-13 10:00,77.0,8.1,48.2
2023-08-13 11:00,75.9,9.2,52.0
2023-08-13 12:00,75.9,9.2,52.0
2023-08-13 13:00,75.9,4.7,50.0
2023-08-13 14:00,79.0,8.1,47.0
2023-08-13 15:00,82.9,5.8,44.3
2023-08-13 16:00,89.1,3.4,34.0
2023-08-13 17:00,93.0,3.4,25.0
2023-08-13 18:00,93.0,3.4,25.0
2023-08-13 19:00,98.1,5.8,22.3
2023-08-13 20:00,98.1,0.0,22.3
2023-08-13 21:00,100.9,,19.6
2023-08-13 22:00,98.1,4.7,19.1
2023-08-13 23:00,100.0,12.8,18.0
2023-08-14 00:00,100.0,12.8,18.0
2023-08-14 01:00,93.0,13.9,26.0
2023-08-14 02:00,93.0,6.9,24.1
2023-08-14 03:00,91.9,6.9,25.0
2023-08-14 04:00,90.0,6.9,28.6
2023-08-14 05:00,87.1,6.9,33.7
2023-08-14 06:00,87.1,6.9,33.7
2023-08-14 07:00,84.0,5.8,42.8
2023-08-14 08:00,82.9,4.7,42.6
2023-08-14 09:00,81.0,4.7,45.5
2023-08-14 10:00,79.0,5.8,50.4
2023-08-14 11:00,79.0,6.9,50.4
2023-08-14 12:00,79.0,6.9,50.4
2023-08-14 13:00,79.0,8.1,48.5
2023-08-14 14:00,81.0,6.9,45.5
2023-08-14 15:00,84.0,3.4,41.2
2023-08-14 16:00,88.0,0.0,35.1
2023-08-14 17:00,91.9,4.7,28.9
2023-08-14 18:00,91.9,4.7,28.9
2023-08-14 19:00,98.1,12.8,23.9
2023-08-14 20:00,100.0,11.4,22.5
2023-08-14 21:00,102.0,9.2,20.4
2023-08-14 22:00,102.0,0.0,19.7
2023-08-14 23:00,100.9,5.8,19.6
2023-08-15 00:00,100.9,5.8,19.6
2023-08-15 01:00,88.0,23.0,40.5
2023-08-15 02:00,86.0,6.9,48.0
2023-08-15 03:00,88.0,11.4,42.1
2023-08-15 04:00,86.0,4.7,41.8
2023-08-15 05:00,84.9,0.0,47.9
2023-08-15 06:00,84.9,0.0,47.9
2023-08-15 07:00,86.0,5.8,43.1
2023-08-15 08:00,84.9,12.8,44.6
2023-08-15 09:00,84.9,17.2,44.6
2023-08-15 10:00,84.0,17.2,45.9
2023-08-15 11:00,84.0,13.9,44.5
2023-08-15 12:00,84.0,13.9,44.5
2023-08-15 13:00,84.9,12.8,41.6
2023-08-15 14:00,86.0,20.8,38.6
2023-08-15 15:00,89.1,17.2,35.1
2023-08-15 16:00,93.0,20.8,30.0
2023-08-15 17:00,96.1,16.1,27.3
2023-08-15 18:00,96.1,16.1,27.3
2023-08-15 19:00,99.0,5.8,24.0
2023-08-15 20:00,99.0,9.2,23.3
2023-08-15 21:00,97.0,5.8,26.6
2023-08-15 22:00,100.0,0.0,23.3
2023-08-15 23:00,100.0,5.8,22.5
2023-08-16 00:00,100.0,5.8,22.5
2023-08-16 01:00,98.1,5.8,24.7
2023-08-16 02:00,97.0,6.9,26.6
2023-08-16 03:00,95.0,5.8,27.1
2023-08-16 04:00,93.0,8.1,31.0
2023-08-16 05:00,90.0,9.2,34.1
2023-08-16 06:00,90.0,9.2,34.1
2023-08-16 07:00,89.1,4.7,35.1
2023-08-16 08:00,88.0,3.4,36.3
2023-08-16 09:00,86.0,4.7,40.2
2023-08-16 10:00,86.0,6.9,41.8
2023-08-16 11:00,86.0,6.9,41.8
2023-08-16 12:00,86.0,6.9,41.8
2023-08-16 13:00,88.0,8.1,37.7
2023-08-16 14:00,93.9,6.9,31.3
2023-08-16 15:00,95.0,10.3,30.3
2023-08-16 16:00,97.0,9.2,28.5
2023-08-16 17:00,100.0,5.8,25.0
2023-08-16 18:00,100.0,5.8,25.0
2023-08-16 19:00,105.1,9.2,16.8
2023-08-16 20:00,106.0,5.8,15.7
2023-08-16 21:00,106.0,9.8,14.6
2023-08-16 22:00,102.9,10.3,19.9
2023-08-16 23:00,102.0,23.0,23.6
2023-08-17 00:00,91.9,18.3,33.3
2023-08-17 01:00,87.1,8.1,47.9
2023-08-17 02:00,89.1,11.4,39.1
2023-08-17 03:00,88.0,13.9,42.1
2023-08-17 04:00,88.0,0.0,43.4
2023-08-17 05:00,84.0,6.9,58.7
2023-08-17 06:00,84.0,6.9,58.7
2023-08-17 07:00,82.9,4.7,58.5
2023-08-17 08:00,82.0,5.8,62.6
2023-08-17 09:00,80.1,6.9,64.3
2023-08-17 10:00,81.0,8.1,58.3
2023-08-17 11:00,80.1,6.9,56.0
2023-08-17 12:00,80.1,6.9,56.0
2023-08-17 13:00,80.1,5.8,56.0
2023-08-17 14:00,84.0,5.8,51.2
2023-08-17 15:00,88.0,3.4,43.4
2023-08-17 16:00,93.9,3.4,34.9
2023-08-17 17:00,98.1,4.7,28.7
2023-08-17 18:00,98.1,4.7,28.7
2023-08-17 19:00,104.0,0.0,19.2
2023-08-17 20:00,102.9,18.3,21.3
2023-08-17 21:00,102.9,15.0,21.3
2023-08-17 22:00,98.1,13.9,25.7
2023-08-17 23:00,90.0,8.1,35.4
2023-08-18 00:00,89.1,4.7,36.5
2023-08-18 01:00,91.0,5.8,30.7
2023-08-18 02:00,88.0,5.8,33.8
2023-08-18 03:00,89.1,12.8,36.5
2023-08-18 04:00,88.0,13.9,40.5
2023-08-18 05:00,80.1,20.8,62.3
2023-08-18 06:00,75.0,15.0,73.6
2023-08-18 07:00,75.9,8.1,73.7
2023-08-18 08:00,80.1,12.8,56.0
2023-08-18 09:00,75.9,15.0,71.4
2023-08-18 10:00,77.0,5.8,66.4
2023-08-18 11:00,75.0,6.9,75.9
2023-08-18 12:00,75.0,6.9,75.9
2023-08-18 13:00,75.9,9.2,66.7
2023-08-18 14:00,79.0,8.1,60.3
2023-08-18 15:00,81.0,6.9,58.3
2023-08-18 16:00,84.0,6.9,52.8
2023-08-18 17:00,84.9,8.1,47.9
2023-08-18 18:00,84.9,8.1,47.9
2023-08-18 19:00,89.1,0.0,40.6
2023-08-18 20:00,95.0,5.8,30.3
2023-08-18 21:00,97.0,6.9,26.6
2023-08-18 22:00,98.1,4.7,23.0
2023-08-18 23:00,95.0,15.0,29.1
2023-08-19 00:00,95.0,15.0,29.1
2023-08-19 01:00,89.1,17.2,32.7
2023-08-19 02:00,82.9,18.3,42.6
2023-08-19 03:00,78.1,17.2,59.8
2023-08-19 04:00,73.0,10.3,78.7
2023-08-19 05:00,77.0,13.9,69.4
2023-08-19 06:00,75.9,13.9,71.4
2023-08-19 07:00,73.9,10.3,71.2
2023-08-19 08:00,78.1,10.3,57.9
2023-08-19 09:00,77.0,6.9,60.0
2023-08-19 10:00,77.0,6.9,53.8
2023-08-19 11:00,77.0,0.0,53.8
2023-08-19 12:00,77.0,0.0,53.8
2023-08-19 13:00,75.9,11.4,59.9
2023-08-19 14:00,75.0,8.1,66.2
2023-08-19 15:00,78.1,3.4,57.9
2023-08-19 16:00,82.0,9.2,50.9
2023-08-19 17:00,86.0,12.8,43.1
2023-08-19 18:00,86.0,12.8,43.1
2023-08-19 19:00,86.0,4.7,43.1
2023-08-19 20:00,88.0,8.1,40.5
2023-08-19 21:00,88.0,6.9,40.5
2023-08-19 22:00,87.1,9.2,43.3
2023-08-19 23:00,88.0,8.1,40.5
2023-08-20 00:00,88.0,8.1,40.5
2023-08-20 01:00,82.0,12.8,56.3
2023-08-20 02:00,81.0,10.3,58.3
2023-08-20 03:00,80.1,6.9,60.0
2023-08-20 04:00,78.1,10.3,62.1
2023-08-20 05:00,78.1,6.9,64.1
2023-08-20 06:00,78.1,6.9,64.1
2023-08-20 07:00,75.9,0.0,71.4
2023-08-20 08:00,75.0,4.7,75.9
2023-08-20 09:00,75.9,0.0,73.7
2023-08-20 10:00,75.9,0.0,71.4
2023-08-20 11:00,75.0,3.4,75.9
2023-08-20 12:00,75.0,3.4,75.9
2023-08-20 13:00,77.0,3.4,68.9
2023-08-20 14:00,84.0,11.4,47.7
2023-08-20 15:00,88.0,21.9,40.5
2023-08-20 16:00,90.0,24.2,38.0
2023-08-20 17:00,91.0,19.7,36.8
2023-08-20 18:00,91.0,19.7,36.8
2023-08-20 19:00,93.0,24.2,34.6
2023-08-20 20:00,93.0,20.8,35.9
2023-08-20 21:00,93.9,23.0,33.6
2023-08-20 22:00,90.0,16.1,39.5
2023-08-20 23:00,90.0,20.8,38.0
2023-08-21 00:00,90.0,20.8,38.0
2023-08-21 01:00,84.9,16.1,49.7
2023-08-21 02:00,82.0,17.2,56.3
2023-08-21 03:00,81.0,11.4,54.4
2023-08-21 04:00,80.1,5.8,60.0
2023-08-21 05:00,79.0,4.7,64.6
2023-08-21 06:00,79.0,4.7,64.6
2023-08-21 07:00,77.0,3.4,73.8
2023-08-21 08:00,75.9,0.0,81.9
2023-08-21 09:00,75.9,0.0,81.9
2023-08-21 10:00,77.0,6.9,76.6
2023-08-21 11:00,75.0,3.4,81.8
2023-08-21 12:00,75.0,3.4,81.8
2023-08-21 13:00,73.9,4.7,87.5
2023-08-21 14:00,75.0,3.4,84.4
2023-08-21 15:00,79.0,3.4,71.7
2023-08-21 16:00,82.0,0.0,62.6
2023-08-21 17:00,86.0,4.7,53.1
2023-08-21 18:00,86.0,4.7,53.1
2023-08-21 19:00,89.1,8.1,45.0
2023-08-21 20:00,91.9,8.1,41.1
2023-08-21 21:00,91.0,11.4,43.9
2023-08-21 22:00,77.0,10.3,71.1
2023-08-21 23:00,80.1,3.4,69.3
2023-08-22 00:00,84.0,5.8,65.2
2023-08-22 01:00,79.0,12.8,66.6
2023-08-22 02:00,71.1,17.2,75.6
2023-08-22 03:00,69.1,17.2,84.0
2023-08-22 04:00,72.0,4.7,78.6
2023-08-22 05:00,73.0,10.3,78.7
2023-08-22 06:00,73.0,10.3,78.7
2023-08-22 07:00,72.0,0.0,81.6
2023-08-22 08:00,73.0,4.7,78.7
2023-08-22 09:00,71.1,0.0,84.1
2023-08-22 10:00,71.1,0.0,81.0
2023-08-22 11:00,70.0,0.0,87.3
2023-08-22 12:00,70.0,0.0,87.3
2023-08-22 13:00,70.0,3.4,84.1
2023-08-22 14:00,73.0,4.7,78.7
2023-08-22 15:00,75.9,3.4,68.8
2023-08-22 16:00,80.1,4.7,60.0
2023-08-22 17:00,86.0,3.4,48.0
2023-08-22 18:00,86.0,3.4,48.0
2023-08-22 19:00,93.9,5.8,37.4
2023-08-22 20:00,96.1,5.8,32.7
2023-08-22 21:00,99.0,4.7,27.9
2023-08-22 22:00,98.1,3.4,29.6
2023-08-22 23:00,90.0,5.8,39.5
2023-08-23 00:00,91.0,4.7,39.4
2023-08-23 01:00,84.9,5.8,51.3
2023-08-23 02:00,75.0,10.3,81.8
2023-08-23 03:00,77.0,13.9,71.1
2023-08-23 04:00,79.0,5.8,62.2
2023-08-23 05:00,77.0,8.1,73.8
2023-08-23 06:00,77.0,8.1,73.8
2023-08-23 07:00,75.0,4.7,78.8
2023-08-23 08:00,73.9,5.8,81.7
2023-08-23 09:00,73.9,4.7,76.3
2023-08-23 10:00,73.0,6.9,78.7
2023-08-23 11:00,73.0,6.9,75.8
2023-08-23 12:00,73.0,6.9,75.8
2023-08-23 13:00,75.0,6.9,68.7
2023-08-23 14:00,78.1,8.1,64.1
2023-08-23 15:00,86.0,15.0,43.1
2023-08-23 16:00,89.1,9.2,34.0
2023-08-23 17:00,91.9,17.2,31.0
2023-08-23 18:00,91.9,17.2,31.0
2023-08-23 19:00,96.1,19.7,28.2
2023-08-23 20:00,96.1,15.0,27.3
2023-08-23 21:00,96.1,15.0,27.3
2023-08-23 22:00,95.0,13.9,29.1
2023-08-23 23:00,95.0,17.2,29.1
2023-08-24 00:00,95.0,17.2,29.1
2023-08-24 01:00,82.9,11.4,49.4
2023-08-24 02:00,82.0,11.4,50.9
2023-08-24 03:00,81.0,8.1,52.7
2023-08-24 04:00,81.0,8.1,52.7
2023-08-24 05:00,79.0,6.9,56.2
2023-08-24 06:00,79.0,6.9,56.2
2023-08-24 07:00,75.9,6.9,66.7
2023-08-24 08:00,75.9,6.9,68.8
2023-08-24 09:00,77.0,3.4,64.3
2023-08-24 10:00,77.0,5.8,61.9
2023-08-24 11:00,77.0,5.8,64.3
2023-08-24 12:00,77.0,5.8,64.3
2023-08-24 13:00,78.1,8.1,59.8
2023-08-24 14:00,80.1,6.9,56.0
2023-08-24 15:00,81.0,4.7,54.4
2023-08-24 16:00,84.9,3.4,49.7
2023-08-24 17:00,90.0,0.0,38.0
2023-08-24 18:00,90.0,0.0,38.0
2023-08-24 19:00,93.0,0.0,32.2
2023-08-24 20:00,95.0,3.4,28.2
2023-08-24 21:00,96.1,5.8,27.3
2023-08-24 22:00,99.0,6.9,23.3
2023-08-24 23:00,99.0,6.9,23.3
2023-08-25 00:00,99.0,6.9,23.3
2023-08-25 01:00,93.9,5.8,29.2
2023-08-25 02:00,93.0,0.0,31.0
2023-08-25 03:00,91.9,0.0,32.0
2023-08-25 04:00,89.1,0.0,37.9
2023-08-25 05:00,86.0,3.4,43.1
2023-08-25 06:00,86.0,3.4,43.1
2023-08-25 07:00,82.0,6.9,54.5
2023-08-25 08:00,81.0,4.7,54.4
2023-08-25 09:00,80.1,4.7,60.0
2023-08-25 10:00,80.1,6.9,54.3
2023-08-25 11:00,78.1,9.2,59.8
2023-08-25 12:00,78.1,9.2,59.8
2023-08-25 13:00,78.1,5.8,59.8
2023-08-25 14:00,81.0,3.4,54.4
2023-08-25 15:00,87.1,0.0,43.3
2023-08-25 16:00,91.9,0.0,35.7
2023-08-25 17:00,98.1,4.7,28.7
2023-08-25 18:00,98.1,4.7,28.7
2023-08-25 19:00,100.0,5.8,25.0
2023-08-25 20:00,102.9,3.4,20.7
2023-08-25 21:00,102.0,3.4,20.4
2023-08-25 22:00,104.0,10.3,21.5
2023-08-25 23:00,100.9,5.8,22.7
2023-08-26 00:00,100.9,5.8,22.7
2023-08-26 01:00,91.0,21.9,35.6
2023-08-26 02:00,91.0,6.9,31.9
2023-08-26 03:00,90.0,6.9,34.1
2023-08-26 04:00,91.9,8.1,31.0
2023-08-26 05:00,90.0,8.1,35.4
2023-08-26 06:00,90.0,8.1,35.4
2023-08-26 07:00,88.0,13.9,39.2
2023-08-26 08:00,87.1,18.3,41.6
2023-08-26 09:00,87.1,15.0,40.3
2023-08-26 10:00,84.9,9.2,43.2
2023-08-26 11:00,84.9,13.9,43.2
2023-08-26 12:00,84.9,13.9,43.2
2023-08-26 13:00,84.0,8.1,47.7
2023-08-26 14:00,84.9,5.8,47.9
2023-08-26 15:00,88.0,11.4,39.2
2023-08-26 16:00,89.1,11.4,37.9
2023-08-26 17:00,91.9,9.2,37.1
2023-08-26 18:00,91.9,9.2,37.1
2023-08-26 19:00,95.0,9.2,31.5
2023-08-26 20:00,96.1,10.3,28.2
2023-08-26 21:00,97.0,3.4,28.5
2023-08-26 22:00,100.0,4.7,25.0
2023-08-26 23:00,102.0,0.0,23.6
2023-08-27 00:00,102.0,0.0,23.6
2023-08-27 01:00,95.0,15.0,28.2
2023-08-27 02:00,90.0,19.7,36.8
2023-08-27 03:00,87.1,10.3,41.6
2023-08-27 04:00,84.0,9.2,49.3
2023-08-27 05:00,84.9,9.2,49.7
2023-08-27 06:00,84.9,9.2,49.7
2023-08-27 07:00,82.0,5.8,62.6
2023-08-27 08:00,82.0,8.1,60.3
2023-08-27 09:00,82.9,0.0,56.7
2023-08-27 10:00,82.0,3.4,60.3
2023-08-27 11:00,82.0,3.4,54.5
2023-08-27 12:00,82.0,3.4,54.5
2023-08-27 13:00,82.0,0.0,54.5
2023-08-27 14:00,84.0,4.7,52.8
2023-08-27 15:00,88.0,0.0,46.5
2023-08-27 16:00,93.0,0.0,37.1
2023-08-27 17:00,98.1,4.7,28.7
2023-08-27 18:00,98.1,4.7,28.7
2023-08-27 19:00,100.0,3.4,24.2
2023-08-27 20:00,102.9,0.0,22.9
2023-08-27 21:00,104.0,18.3,21.5
2023-08-27 22:00,102.0,3.4,21.9
2023-08-27 23:00,100.0,8.1,26.0
2023-08-28 00:00,100.0,8.1,26.0
2023-08-28 01:00,96.1,6.9,29.3
2023-08-28 02:00,93.9,3.4,33.6
2023-08-28 03:00,91.9,3.4,38.3
2023-08-28 04:00,91.0,8.1,38.2
2023-08-28 05:00,89.1,5.8,41.9
2023-08-28 06:00,89.1,5.8,41.9
2023-08-28 07:00,84.9,5.8,47.9
2023-08-28 08:00,82.9,6.9,53.0
2023-08-28 09:00,82.9,8.1,49.4
2023-08-28 10:00,81.0,5.8,52.7
2023-08-28 11:00,82.0,8.1,50.9
2023-08-28 12:00,82.0,8.1,50.9
2023-08-28 13:00,81.0,8.1,52.7
2023-08-28 14:00,84.0,6.9,49.3
2023-08-28 15:00,89.1,4.7,41.9
2023-08-28 16:00,93.9,0.0,34.9
2023-08-28 17:00,100.9,0.0,27.1
2023-08-28 18:00,100.9,0.0,27.1
2023-08-28 19:00,105.1,0.0,16.8
2023-08-28 20:00,109.0,5.8,15.4
2023-08-28 21:00,108.0,10.3,16.6
2023-08-28 22:00,108.0,10.3,17.1
2023-08-28 23:00,107.1,10.3,17.0
2023-08-29 00:00,107.1,10.3,17.0
2023-08-29 01:00,102.0,12.8,21.2
2023-08-29 02:00,100.9,10.3,21.1
2023-08-29 03:00,97.0,4.7,26.6
2023-08-29 04:00,96.1,3.4,27.3
2023-08-29 05:00,91.0,8.1,34.3
2023-08-29 06:00,91.0,8.1,34.3
2023-08-29 07:00,90.0,9.2,34.1
2023-08-29 08:00,87.1,5.8,37.3
2023-08-29 09:00,84.9,8.1,40.0
2023-08-29 10:00,84.0,4.7,41.2
2023-08-29 11:00,82.9,6.9,44.3
2023-08-29 12:00,82.9,6.9,44.3
2023-08-29 13:00,84.9,6.9,40.0
2023-08-29 14:00,88.0,10.3,36.3
2023-08-29 15:00,91.0,9.2,34.3
2023-08-29 16:00,95.0,6.9,31.5
2023-08-29 17:00,98.1,3.4,27.6
2023-08-29 18:00,98.1,3.4,27.6
2023-08-29 19:00,102.0,5.8,23.6
2023-08-29 20:00,104.0,5.8,21.5
2023-08-29 21:00,107.1,0.0,18.3
2023-08-29 22:00,106.0,5.8,18.1
2023-08-29 23:00,106.0,5.8,17.6
2023-08-30 00:00,106.0,3.4,17.6
2023-08-30 01:00,102.0,3.4,20.4
2023-08-30 02:00,100.0,0.0,20.1
2023-08-30 03:00,97.0,6.9,23.8
2023-08-30 04:00,95.0,12.8,21.8
2023-08-30 05:00,93.9,10.3,20.1
2023-08-30 06:00,93.9,10.3,20.1
2023-08-30 07:00,93.0,17.2,27.9
2023-08-30 08:00,91.0,8.1,29.7
2023-08-30 09:00,88.0,4.7,33.8
2023-08-30 10:00,88.0,10.3,32.7
2023-08-30 11:00,86.0,8.1,34.8
2023-08-30 12:00,86.0,8.1,34.8
2023-08-30 13:00,86.0,9.2,38.6
2023-08-30 14:00,90.0,10.3,34.1
2023-08-30 15:00,91.9,6.9,34.6
2023-08-30 16:00,95.0,8.1,31.5
2023-08-30 17:00,97.0,5.8,30.6
2023-08-30 18:00,97.0,5.8,30.6
2023-08-30 19:00,100.0,0.0,23.3
2023-08-30 20:00,102.9,4.7,20.7
2023-08-30 21:00,104.0,0.0,20.0
2023-08-30 22:00,105.1,4.7,20.0
2023-08-30 23:00,106.0,10.3,19.5
2023-08-31 00:00,104.0,8.1,20.0
2023-08-31 01:00,93.2,12.8,34.1
2023-08-31 02:00,90.0,25.3,30.7
2023-08-31 03:00,84.0,17.2,44.5
2023-08-31 04:00,79.0,18.3,58.0
2023-08-31 05:00,84.9,10.3,41.6
2023-08-31 06:00,84.9,10.3,41.6
2023-08-31 07:00,82.0,5.8,49.0
2023-08-31 08:00,81.0,3.4,52.7
2023-08-31 09:00,80.1,0.0,56.0
2023-08-31 10:00,79.0,5.8,58.0
2023-08-31 11:00,77.0,5.8,64.3
2023-08-31 12:00,77.0,5.8,64.3
2023-08-31 13:00,80.1,6.9,52.2
2023-08-31 14:00,84.0,8.1,42.8
2023-08-31 15:00,86.0,10.3,43.1
2023-08-31 16:00,91.0,6.9,35.6
2023-08-31 17:00,93.9,4.7,28.1
2023-08-31 18:00,93.9,4.7,28.1
2023-08-31 19:00,99.0,3.4,25.0
2023-08-31 20:00,100.9,4.7,23.6
2023-08-31 21:00,102.0,8.1,22.8
2023-08-31 22:00,102.0,9.2,22.8
2023-08-31 23:00,100.0,8.1,24.2
2023-09-01 00:00,100.0,8.1,24.2
2023-09-01 01:00,84.0,16.1,47.7
2023-09-01 02:00,84.9,8.1,41.6
2023-09-01 03:00,82.9,4.7,51.0
2023-09-01 04:00,81.0,5.8,52.7
2023-09-01 05:00,82.0,0.0,52.5
2023-09-01 06:00,82.0,0.0,52.5
2023-09-01 07:00,81.0,6.9,45.5
2023-09-01 08:00,78.1,8.1,50.0
2023-09-01 09:00,77.0,5.8,53.8
2023-09-01 10:00,78.1,8.1,51.9
2023-09-01 11:00,75.0,4.7,64.1
2023-09-01 12:00,75.9,10.3,62.2
2023-09-01 13:00,75.9,5.8,62.2
2023-09-01 14:00,77.0,4.7,60.0
2023-09-01 15:00,79.0,10.3,56.2
2023-09-01 16:00,84.0,11.4,47.7
2023-09-01 17:00,84.9,15.0,44.6
2023-09-01 18:00,84.9,15.0,44.6
2023-09-01 19:00,78.1,8.1,66.5
2023-09-01 20:00,81.0,5.8,56.5
2023-09-01 21:00,84.0,6.9,52.8
2023-09-01 22:00,84.0,8.1,49.3
2023-09-01 23:00,86.0,3.4,43.1
2023-09-02 00:00,86.0,3.4,43.1
2023-09-02 01:00,82.9,6.9,51.0
2023-09-02 02:00,75.9,8.1,64.2
2023-09-02 03:00,77.0,3.4,61.9
2023-09-02 04:00,79.0,0.0,60.3
2023-09-02 05:00,77.0,3.4,64.3
2023-09-02 06:00,77.0,3.4,64.3
2023-09-02 07:00,77.0,3.4,64.3
2023-09-02 08:00,75.9,0.0,68.8
2023-09-02 09:00,77.0,0.0,66.4
2023-09-02 10:00,75.9,0.0,68.8
2023-09-02 11:00,75.0,5.8,70.9
2023-09-02 12:00,75.0,5.8,70.9
2023-09-02 13:00,75.0,4.7,70.9
2023-09-02 14:00,78.1,5.8,66.5
2023-09-02 15:00,82.9,4.7,54.7
2023-09-02 16:00,86.0,0.0,49.5
2023-09-02 17:00,88.0,5.8,45.1
2023-09-02 18:00,88.0,5.8,45.1
2023-09-02 19:00,91.0,6.9,36.8
2023-09-02 20:00,95.0,8.1,32.5
2023-09-02 21:00,96.1,4.7,29.3
2023-09-02 22:00,96.1,6.9,28.2
2023-09-02 23:00,96.1,6.9,28.2
2023-09-03 00:00,96.1,6.9,28.2
2023-09-03 01:00,91.0,8.1,38.2
2023-09-03 02:00,88.0,10.3,43.4
2023-09-03 03:00,87.1,11.4,47.9
2023-09-03 04:00,84.9,10.3,51.3
2023-09-03 05:00,84.0,9.2,52.8
2023-09-03 06:00,84.0,9.2,52.8
2023-09-03 07:00,80.1,5.8,60.0
2023-09-03 08:00,78.1,8.1,64.1
2023-09-03 09:00,78.1,4.7,64.1
2023-09-03 10:00,77.0,0.0,66.4
2023-09-03 11:00,77.0,0.0,64.3
2023-09-03 12:00,77.0,0.0,64.3
2023-09-03 13:00,77.0,4.7,66.4
2023-09-03 14:00,79.0,0.0,62.2
2023-09-03 15:00,82.9,0.0,54.7
2023-09-03 16:00,86.0,3.4,51.4
2023-09-03 17:00,91.0,5.8,42.2
2023-09-03 18:00,91.0,5.8,42.2
2023-09-03 19:00,95.0,4.7,36.2
2023-09-03 20:00,97.0,8.1,31.8
2023-09-03 21:00,97.0,12.8,28.5
2023-09-03 22:00,97.0,13.9,28.5
2023-09-03 23:00,96.1,9.2,30.5
2023-09-04 00:00,96.1,9.2,30.5
2023-09-04 01:00,91.9,11.4,34.6
2023-09-04 02:00,90.0,4.7,36.8
2023-09-04 03:00,89.1,5.8,36.5
2023-09-04 04:00,84.9,3.4,44.6
2023-09-04 05:00,82.9,4.7,49.4
2023-09-04 06:00,82.9,4.7,49.4
2023-09-04 07:00,81.0,4.7,47.3
2023-09-04 08:00,80.1,5.8,50.6
2023-09-04 09:00,78.1,4.7,51.9
2023-09-04 10:00,77.0,3.4,53.8
2023-09-04 11:00,75.0,5.8,59.8
2023-09-04 12:00,75.0,5.8,59.8
2023-09-04 13:00,75.0,5.8,57.5
2023-09-04 14:00,80.1,3.4,50.6
2023-09-04 15:00,84.0,0.0,44.5
2023-09-04 16:00,88.0,3.4,40.5
2023-09-04 17:00,89.1,,35.1
2023-09-04 18:00,89.1,,35.1
2023-09-04 19:00,93.9,5.8,27.2
2023-09-04 20:00,99.0,,16.7
2023-09-04 21:00,99.0,13.9,15.5
2023-09-04 22:00,99.0,12.8,16.0
2023-09-04 23:00,98.1,9.2,15.9
2023-09-05 00:00,98.1,9.2,15.9
2023-09-05 01:00,91.9,5.8,19.9
2023-09-05 02:00,89.1,6.9,21.7
2023-09-05 03:00,87.1,6.9,24.1
2023-09-05 04:00,84.9,4.7,24.8
2023-09-05 05:00,82.9,0.0,27.5
2023-09-05 06:00,82.9,0.0,27.5
2023-09-05 07:00,79.0,3.4,32.4
2023-09-05 08:00,73.9,0.0,38.3
2023-09-05 09:00,75.0,8.1,38.5
2023-09-05 10:00,73.9,6.9,39.9
2023-09-05 11:00,72.0,5.8,42.6
2023-09-05 12:00,72.0,5.8,42.6
2023-09-05 13:00,73.9,6.9,39.9
2023-09-05 14:00,77.0,6.9,38.8
2023-09-05 15:00,82.9,9.2,34.4
2023-09-05 16:00,88.0,3.4,29.2
2023-09-05 17:00,91.9,10.3,20.7
2023-09-05 18:00,91.9,10.3,20.7
2023-09-05 19:00,97.0,12.8,17.0
2023-09-05 20:00,99.0,10.3,14.8
2023-09-05 21:00,100.0,9.2,10.1
2023-09-05 22:00,99.0,9.2,10.1
2023-09-05 23:00,99.0,10.3,10.9
2023-09-06 00:00,99.0,10.3,10.9
2023-09-06 01:00,93.9,4.7,15.4
2023-09-06 02:00,91.0,3.4,18.3
2023-09-06 03:00,88.0,3.4,21.7
2023-09-06 04:00,84.9,4.7,24.0
2023-09-06 05:00,82.0,3.4,26.3
2023-09-06 06:00,82.0,3.4,26.3
2023-09-06 07:00,78.1,8.1,31.0
2023-09-06 08:00,75.0,6.9,35.7
2023-09-06 09:00,73.9,5.8,38.3
2023-09-06 10:00,73.0,5.8,39.5
2023-09-06 11:00,71.1,4.7,42.2
2023-09-06 12:00,71.1,4.7,42.2
2023-09-06 13:00,73.0,10.3,41.1
2023-09-06 14:00,78.1,8.1,35.9
2023-09-06 15:00,82.0,3.4,32.9
2023-09-06 16:00,88.0,0.0,26.1
2023-09-06 17:00,93.0,0.0,22.3
2023-09-06 18:00,93.0,0.0,22.3
2023-09-06 19:00,102.9,13.9,12.2
2023-09-06 20:00,102.9,0.0,13.7
2023-09-06 21:00,104.0,9.2,13.3
2023-09-06 22:00,105.1,12.8,11.4
2023-09-06 23:00,102.9,9.2,12.2
2023-09-07 00:00,102.9,9.2,12.2
2023-09-07 01:00,98.1,10.3,11.2
2023-09-07 02:00,95.0,5.8,13.3
2023-09-07 03:00,89.1,0.0,16.0
2023-09-07 04:00,88.0,0.0,16.6
2023-09-07 05:00,84.0,3.4,20.3
2023-09-07 06:00,84.0,3.4,20.3
2023-09-07 07:00,81.0,6.9,23.2
2023-09-07 08:00,78.1,3.4,27.7
2023-09-07 09:00,78.1,5.8,25.5
2023-09-07 10:00,75.9,4.7,28.6
2023-09-07 11:00,73.0,6.9,32.8
2023-09-07 12:00,73.0,8.1,32.8
2023-09-07 13:00,73.0,6.9,32.8
2023-09-07 14:00,79.0,6.9,29.0
2023-09-07 15:00,86.0,4.7,22.2
2023-09-07 16:00,93.0,0.0,15.3
2023-09-07 17:00,95.0,0.0,14.4
2023-09-07 18:00,95.0,0.0,14.4
2023-09-07 19:00,100.9,4.7,13.5
2023-09-07 20:00,105.1,13.4,11.9
2023-09-07 21:00,102.9,8.1,12.7
2023-09-07 22:00,102.0,4.7,12.5
2023-09-07 23:00,100.9,6.9,12.9
2023-09-08 00:00,100.9,6.9,12.9
2023-09-08 01:00,98.1,9.2,13.5
2023-09-08 02:00,97.0,10.3,13.0
2023-09-08 03:00,95.0,5.8,13.8
2023-09-08 04:00,90.0,5.8,20.4
2023-09-08 05:00,88.0,5.8,21.7
2023-09-08 06:00,88.0,5.8,21.7
2023-09-08 07:00,87.1,4.7,19.9
2023-09-08 08:00,82.9,8.1,26.4
2023-09-08 09:00,81.0,6.9,31.6
2023-09-08 10:00,79.0,4.7,33.7
2023-09-08 11:00,78.1,0.0,37.4
2023-09-08 12:00,78.1,0.0,37.4
2023-09-08 13:00,81.0,4.7,32.7
2023-09-08 14:00,84.0,4.7,30.8
2023-09-08 15:00,87.1,0.0,26.0
2023-09-08 16:00,89.1,4.7,22.6
2023-09-08 17:00,93.0,4.7,19.2
2023-09-08 18:00,93.0,4.7,19.2
2023-09-08 19:00,99.0,6.9,13.7
2023-09-08 20:00,100.9,9.2,12.9
2023-09-08 21:00,102.0,12.8,14.1
2023-09-08 22:00,102.0,17.2,14.6
2023-09-08 23:00,100.9,11.4,15.7
2023-09-09 00:00,100.9,11.4,15.7
2023-09-09 01:00,97.0,9.2,15.8
2023-09-09 02:00,96.1,9.2,15.6
2023-09-09 03:00,95.0,5.8,16.2
2023-09-09 04:00,91.9,4.7,18.4
2023-09-09 05:00,90.0,5.8,19.6
2023-09-09 06:00,90.0,5.8,19.6
2023-09-09 07:00,84.9,3.4,24.0
2023-09-09 08:00,84.9,0.0,24.8
2023-09-09 09:00,82.0,4.7,27.2
2023-09-09 10:00,81.0,3.4,27.2
2023-09-09 11:00,78.1,4.7,31.0
2023-09-09 12:00,78.1,4.7,31.0
2023-09-09 13:00,79.0,5.8,30.1
2023-09-09 14:00,82.9,4.7,28.5
2023-09-09 15:00,89.1,0.0,24.4
2023-09-09 16:00,89.1,3.4,27.3
2023-09-09 17:00,93.9,0.0,20.1
2023-09-09 18:00,93.9,0.0,20.1
2023-09-09 19:00,102.0,8.1,16.4
2023-09-09 20:00,105.1,9.2,13.9
2023-09-09 21:00,108.0,8.1,11.3
2023-09-09 22:00,108.0,9.2,11.3
2023-09-09 23:00,106.0,5.8,11.6
2023-09-10 00:00,106.0,5.8,11.6
2023-09-10 01:00,100.9,8.1,14.6
2023-09-10 02:00,98.1,6.9,15.9
2023-09-10 03:00,96.1,6.9,16.9
2023-09-10 04:00,93.9,4.7,18.0
2023-09-10 05:00,88.0,6.9,22.5
2023-09-10 06:00,88.0,6.9,22.5
2023-09-10 07:00,87.1,5.8,23.1
2023-09-10 08:00,84.0,3.4,26.6
2023-09-10 09:00,84.9,8.1,24.8
2023-09-10 10:00,82.0,3.4,28.3
2023-09-10 11:00,80.1,3.4,29.0
2023-09-10 12:00,80.1,3.4,29.0
2023-09-10 13:00,80.1,6.9,29.0
2023-09-10 14:00,84.0,6.9,27.5
2023-09-10 15:00,91.0,6.9,22.9
2023-09-10 16:00,98.1,3.4,17.7
2023-09-10 17:00,102.9,0.0,15.3
2023-09-10 18:00,102.9,0.0,15.3
2023-09-10 19:00,108.0,4.7,10.5
2023-09-10 20:00,107.1,3.4,10.8
2023-09-10 21:00,107.1,8.1,11.3
2023-09-10 22:00,107.1,8.1,11.3
2023-09-10 23:00,105.1,9.2,12.9
2023-09-11 00:00,105.1,9.2,12.9
2023-09-11 01:00,100.9,10.3,15.1
2023-09-11 02:00,99.0,16.1,16.7
2023-09-11 03:00,97.0,8.1,19.7
2023-09-11 04:00,93.9,5.8,21.7
2023-09-11 05:00,91.9,8.1,23.0
2023-09-11 06:00,91.9,8.1,23.0
2023-09-11 07:00,88.0,3.4,26.1
2023-09-11 08:00,86.0,3.4,28.9
2023-09-11 09:00,87.1,3.4,28.0
2023-09-11 10:00,84.9,5.8,33.5
2023-09-11 11:00,84.0,5.8,34.5
2023-09-11 12:00,84.0,5.8,34.5
2023-09-11 13:00,84.0,8.1,35.7
2023-09-11 14:00,89.1,9.2,35.1
2023-09-11 15:00,91.9,8.1,33.3
2023-09-11 16:00,96.1,10.3,29.3
2023-09-11 17:00,98.1,9.2,25.7
2023-09-11 18:00,98.1,9.2,25.7
2023-09-11 19:00,100.0,11.4,22.5
2023-09-11 20:00,100.9,12.8,21.9
2023-09-11 21:00,102.0,11.4,20.4
2023-09-11 22:00,100.9,10.3,20.4
2023-09-11 23:00,99.0,12.8,20.1
2023-09-12 00:00,99.0,12.8,20.1
2023-09-12 01:00,96.1,10.3,23.6
2023-09-12 02:00,95.0,10.3,24.4
2023-09-12 03:00,90.0,11.4,36.8
2023-09-12 04:00,86.0,17.2,41.8
2023-09-12 05:00,84.9,12.8,44.6
2023-09-12 06:00,84.9,12.8,44.6
2023-09-12 07:00,82.0,8.1,49.0
2023-09-12 08:00,82.0,8.1,49.0
2023-09-12 09:00,82.0,8.1,49.0
2023-09-12 10:00,82.0,11.4,49.0
2023-09-12 11:00,81.0,8.1,52.7
2023-09-12 12:00,81.0,5.8,52.7
2023-09-12 13:00,77.0,8.1,64.3
2023-09-12 14:00,77.0,6.9,64.3
2023-09-12 15:00,77.0,10.3,71.1
2023-09-12 16:00,77.0,5.8,71.1
2023-09-12 17:00,81.0,6.9,58.3
2023-09-12 18:00,81.0,6.9,58.3
2023-09-12 19:00,84.0,4.7,52.8
2023-09-12 20:00,89.1,9.2,41.9
2023-09-12 21:00,91.9,4.7,35.7
2023-09-12 22:00,91.0,3.4,35.6
2023-09-12 23:00,91.9,,34.6
2023-09-13 00:00,90.0,17.2,39.5
2023-09-13 01:00,82.0,9.2,50.9
2023-09-13 02:00,82.9,9.2,49.4
2023-09-13 03:00,80.1,17.2,56.0
2023-09-13 04:00,78.1,10.3,57.9
2023-09-13 05:00,78.1,6.9,62.1
2023-09-13 06:00,78.1,6.9,62.1
2023-09-13 07:00,77.0,10.3,64.3
2023-09-13 08:00,79.0,9.2,58.0
2023-09-13 09:00,78.1,10.3,59.8
2023-09-13 10:00,77.0,8.1,60.0
2023-09-13 11:00,75.9,10.3,66.7
2023-09-13 12:00,75.9,10.3,66.7
2023-09-13 13:00,75.0,9.2,64.1
2023-09-13 14:00,79.0,9.2,58.0
2023-09-13 15:00,84.9,4.7,43.2
2023-09-13 16:00,87.1,5.8,40.3
2023-09-13 17:00,87.1,0.0,38.8
2023-09-13 18:00,87.1,0.0,38.8
2023-09-13 19:00,93.0,4.7,32.2
2023-09-13 20:00,88.0,13.9,37.7
2023-09-13 21:00,81.0,10.3,64.8
2023-09-13 22:00,79.0,4.7,69.1
2023-09-13 23:00,81.0,10.3,58.3
2023-09-14 00:00,84.0,15.0,51.2
2023-09-14 01:00,79.0,13.9,54.1
2023-09-14 02:00,78.1,12.8,55.7
2023-09-14 03:00,78.1,13.9,55.7
2023-09-14 04:00,77.0,13.9,57.8
2023-09-14 05:00,77.0,11.4,57.8
2023-09-14 06:00,77.0,11.4,57.8
2023-09-14 07:00,75.0,12.8,61.7
2023-09-14 08:00,73.9,12.8,64.0
2023-09-14 09:00,73.0,10.3,65.9
2023-09-14 10:00,73.9,8.1,62.0
2023-09-14 11:00,72.0,9.2,68.4
2023-09-14 12:00,72.0,8.1,66.2
2023-09-14 13:00,72.0,9.2,66.2
2023-09-14 14:00,75.9,6.9,58.0
2023-09-14 15:00,81.0,5.8,47.3
2023-09-14 16:00,84.9,9.2,38.7
2023-09-14 17:00,88.0,0.0,35.1
2023-09-14 18:00,88.0,0.0,35.1
2023-09-14 19:00,91.9,3.4,26.9
2023-09-14 20:00,93.9,6.9,25.3
2023-09-14 21:00,95.0,8.1,22.7
2023-09-14 22:00,93.0,5.8,23.2
2023-09-14 23:00,96.1,4.7,19.6
2023-09-15 00:00,96.1,4.7,19.6
2023-09-15 01:00,90.0,6.9,20.4
2023-09-15 02:00,84.0,4.7,29.6
2023-09-15 03:00,82.0,5.8,29.3
2023-09-15 04:00,79.0,3.4,24.8
2023-09-15 05:00,78.1,0.0,29.9
2023-09-15 06:00,78.1,0.0,29.9
2023-09-15 07:00,73.0,5.8,41.1
2023-09-15 08:00,72.0,5.8,40.9
2023-09-15 09:00,71.1,6.9,42.2
2023-09-15 10:00,71.1,5.8,40.8
2023-09-15 11:00,71.1,9.2,40.8
2023-09-15 12:00,71.1,9.2,40.8
2023-09-15 13:00,70.0,9.2,42.3
2023-09-15 14:00,75.9,8.1,34.6
2023-09-15 15:00,81.0,8.1,30.4
2023-09-15 16:00,86.0,5.8,23.9
2023-09-15 17:00,90.0,0.0,20.4
2023-09-15 18:00,90.0,0.0,20.4
2023-09-15 19:00,96.1,9.2,13.3
2023-09-15 20:00,98.1,0.0,13.1
2023-09-15 21:00,98.1,6.9,13.5
2023-09-15 22:00,98.1,5.8,11.6
2023-09-15 23:00,97.0,9.2,10.7
2023-09-16 00:00,97.0,9.2,10.7
2023-09-16 01:00,91.0,0.0,15.0
2023-09-16 02:00,86.0,4.7,20.6
2023-09-16 03:00,82.9,5.8,22.7
2023-09-16 04:00,79.0,3.4,26.9
2023-09-16 05:00,78.1,4.7,27.7
2023-09-16 06:00,78.1,4.7,27.7
2023-09-16 07:00,73.9,5.8,30.5
2023-09-16 08:00,72.0,6.9,32.6
2023-09-16 09:00,70.0,6.9,36.4
2023-09-16 10:00,69.1,8.1,36.0
2023-09-16 11:00,69.1,5.8,36.0
2023-09-16 12:00,69.1,5.8,36.0
2023-09-16 13:00,70.0,9.2,33.5
2023-09-16 14:00,75.0,9.2,30.7
2023-09-16 15:00,81.0,6.9,25.2
2023-09-16 16:00,87.1,3.4,20.7
2023-09-16 17:00,91.0,0.0,16.8
2023-09-16 18:00,91.0,0.0,16.8
2023-09-16 19:00,96.1,5.8,14.4
2023-09-16 20:00,97.0,4.7,14.0
2023-09-16 21:00,98.1,3.4,13.5
2023-09-16 22:00,99.0,4.7,13.2
2023-09-16 23:00,98.1,3.4,12.1
2023-09-17 00:00,98.1,3.4,12.1
2023-09-17 01:00,91.9,6.9,16.4
2023-09-17 02:00,90.0,5.8,17.4
2023-09-17 03:00,87.1,6.9,19.1
2023-09-17 04:00,82.9,5.8,22.7
2023-09-17 05:00,81.0,5.8,24.2
2023-09-17 06:00,81.0,5.8,24.2
2023-09-17 07:00,77.0,8.1,28.7
2023-09-17 08:00,75.0,5.8,30.7
2023-09-17 09:00,73.9,5.8,30.5
2023-09-17 10:00,73.0,3.4,31.5
2023-09-17 11:00,70.0,4.7,34.9
2023-09-17 12:00,70.0,4.7,34.9
2023-09-17 13:00,72.0,6.9,34.0
2023-09-17 14:00,75.9,10.3,29.8
2023-09-17 15:00,82.9,4.7,24.5
2023-09-17 16:00,88.0,4.7,20.8
2023-09-17 17:00,93.9,6.9,18.0
2023-09-17 18:00,93.9,6.9,18.0
2023-09-17 19:00,97.0,9.2,14.6
2023-09-17 20:00,99.0,4.7,14.3
2023-09-17 21:00,100.0,15.0,13.9
2023-09-17 22:00,100.9,12.8,13.5
2023-09-17 23:00,100.0,13.9,12.8
2023-09-18 00:00,100.0,13.9,12.8
2023-09-18 01:00,93.0,5.8,15.3
2023-09-18 02:00,90.0,6.9,16.1
2023-09-18 03:00,87.1,3.4,17.0
2023-09-18 04:00,86.0,3.4,19.7
2023-09-18 05:00,81.0,4.7,25.2
2023-09-18 06:00,81.0,4.7,25.2
2023-09-18 07:00,77.0,0.0,28.7
2023-09-18 08:00,75.9,6.9,30.8
2023-09-18 09:00,73.0,5.8,34.0
2023-09-18 10:00,72.0,4.7,34.0
2023-09-18 11:00,73.0,6.9,32.8
2023-09-18 12:00,73.0,6.9,32.8
2023-09-18 13:00,72.0,5.8,36.7
2023-09-18 14:00,75.9,6.9,32.1
2023-09-18 15:00,84.9,6.9,24.8
2023-09-18 16:00,91.0,8.1,18.9
2023-09-18 17:00,93.9,10.3,16.7
2023-09-18 18:00,97.0,11.4,14.6
2023-09-18 19:00,98.1,13.9,14.7
2023-09-18 20:00,99.0,18.3,13.2
2023-09-18 21:00,99.0,13.9,13.2
2023-09-18 22:00,98.1,12.8,14.1
2023-09-18 23:00,96.1,12.8,14.4
2023-09-19 00:00,93.9,13.9,14.9
2023-09-19 01:00,90.0,6.9,14.9
2023-09-19 02:00,86.0,4.7,15.6
2023-09-19 03:00,84.9,4.7,12.7
2023-09-19 04:00,82.9,0.0,15.2
2023-09-19 05:00,78.1,4.7,21.1
2023-09-19 06:00,77.0,3.4,21.8
2023-09-19 07:00,73.0,3.4,31.5
2023-09-19 08:00,72.0,3.4,32.6
2023-09-19 09:00,71.1,4.7,32.3
2023-09-19 10:00,70.0,8.1,32.3
2023-09-19 11:00,68.0,5.8,37.4
2023-09-19 12:00,68.0,5.8,38.9
2023-09-19 13:00,68.0,3.4,40.3
2023-09-19 14:00,73.0,6.9,36.6
2023-09-19 15:00,81.0,5.8,31.6
2023-09-19 16:00,84.9,8.1,27.8
2023-09-19 17:00,90.0,9.2,17.4
2023-09-19 18:00,93.9,11.4,11.7
2023-09-19 19:00,93.0,5.8,11.1
2023-09-19 20:00,97.0,8.1,7.7
2023-09-19 21:00,98.1,10.3,7.4
2023-09-19 22:00,98.1,8.1,8.1
2023-09-19 23:00,97.0,10.3,8.0
2023-09-20 00:00,95.0,9.2,6.9
2023-09-20 01:00,90.0,9.2,13.8
2023-09-20 02:00,86.0,5.8,14.4
2023-09-20 03:00,81.0,3.4,17.7
2023-09-20 04:00,81.0,5.8,15.7
2023-09-20 05:00,77.0,5.8,17.8
2023-09-20 06:00,75.0,6.9,22.3
2023-09-20 07:00,73.0,6.9,25.8
2023-09-20 08:00,72.0,5.8,25.9
2023-09-20 09:00,71.1,6.9,27.6
2023-09-20 10:00,71.1,4.7,27.6
2023-09-20 11:00,70.0,9.2,29.9
2023-09-20 12:00,70.0,9.2,27.7
2023-09-20 13:00,71.1,6.9,31.2
2023-09-20 14:00,75.9,10.3,30.8
2023-09-20 15:00,82.9,6.9,28.5
2023-09-20 16:00,86.0,6.9,24.9
2023-09-20 17:00,90.0,13.9,19.6
2023-09-20 18:00,89.1,17.2,17.9
2023-09-20 19:00,86.0,10.3,24.9
2023-09-20 20:00,87.1,10.3,24.9
2023-09-20 21:00,91.0,11.4,22.0
2023-09-20 22:00,91.0,15.0,22.0
2023-09-20 23:00,90.0,5.8,23.7
2023-09-21 00:00,89.1,8.1,26.3
2023-09-21 01:00,87.1,9.2,26.9
2023-09-21 02:00,84.0,4.7,29.6
2023-09-21 03:00,84.0,4.7,29.6
2023-09-21 04:00,81.0,5.8,32.7
2023-09-21 05:00,82.9,13.9,28.5
2023-09-21 06:00,80.1,9.2,31.3
2023-09-21 07:00,78.1,4.7,33.4
2023-09-21 08:00,75.9,0.0,37.3
2023-09-21 09:00,75.9,5.8,37.3
2023-09-21 10:00,75.0,0.0,39.8
2023-09-21 11:00,68.0,3.4,50.5
2023-09-21 12:00,69.1,3.4,48.6
2023-09-21 13:00,70.0,0.0,49.1
2023-09-21 14:00,73.9,4.7,46.2
2023-09-21 15:00,82.0,6.9,35.4
2023-09-21 16:00,87.1,12.8,30.1
2023-09-21 17:00,90.0,17.2,26.6
2023-09-21 18:00,91.9,12.8,24.0
2023-09-21 19:00,93.9,16.1,20.1
2023-09-21 20:00,95.0,10.3,18.8
2023-09-21 21:00,96.1,11.4,16.2
2023-09-21 22:00,95.0,11.4,18.8
2023-09-21 23:00,93.0,13.9,21.5
2023-09-22 00:00,91.9,15.0,21.4
2023-09-22 01:00,90.0,11.4,21.1
2023-09-22 02:00,87.1,5.8,20.7
2023-09-22 03:00,86.0,6.9,21.4
2023-09-22 04:00,84.9,3.4,22.2
2023-09-22 05:00,84.9,0.0,18.9
2023-09-22 06:00,82.9,0.0,19.4
2023-09-22 07:00,81.0,4.7,22.4
2023-09-22 08:00,79.0,3.4,24.8
2023-09-22 09:00,77.0,3.4,26.4
2023-09-22 10:00,75.0,4.7,28.2
2023-09-22 11:00,73.9,0.0,29.3
2023-09-22 12:00,71.1,0.0,39.2
2023-09-22 13:00,71.1,4.7,40.8
2023-09-22 14:00,75.0,5.8,36.9
2023-09-22 15:00,81.0,3.4,31.6
2023-09-22 16:00,87.1,0.0,26.9
2023-09-22 17:00,90.0,5.8,22.0
2023-09-22 18:00,90.0,5.8,22.0
2023-09-22 19:00,97.0,4.7,18.3
2023-09-22 20:00,96.1,4.7,14.4
2023-09-22 21:00,99.0,9.2,12.2
2023-09-22 22:00,96.1,13.9,12.3
2023-09-22 23:00,98.1,9.2,10.7
2023-09-23 00:00,98.1,9.2,10.7
2023-09-23 01:00,89.1,9.2,10.7
2023-09-23 02:00,87.1,12.8,11.9
2023-09-23 03:00,84.9,9.2,11.7
2023-09-23 04:00,79.0,4.7,16.0
2023-09-23 05:00,75.9,6.9,17.0
2023-09-23 06:00,75.9,6.9,17.0
2023-09-23 07:00,73.9,6.9,18.9
2023-09-23 08:00,72.0,5.8,21.1
2023-09-23 09:00,72.0,4.7,20.2
2023-09-23 10:00,70.0,5.8,21.6
2023-09-23 11:00,69.1,5.8,23.3
2023-09-23 12:00,69.1,5.8,23.3
2023-09-23 13:00,71.1,5.8,22.6
2023-09-23 14:00,75.9,6.9,20.0
2023-09-23 15:00,81.0,4.7,17.7
2023-09-23 16:00,87.1,3.4,13.9
2023-09-23 17:00,90.0,0.0,11.2
2023-09-23 18:00,90.0,0.0,11.2
2023-09-23 19:00,96.1,9.2,11.0
2023-09-23 20:00,96.1,11.4,10.1
2023-09-23 21:00,96.1,4.7,10.5
2023-09-23 22:00,96.1,11.4,10.5
2023-09-23 23:00,95.0,10.3,10.9
2023-09-24 00:00,95.0,10.3,10.9
2023-09-24 01:00,88.0,6.9,14.1
2023-09-24 02:00,87.1,6.9,15.1
2023-09-24 03:00,82.0,4.7,19.2
2023-09-24 04:00,78.1,4.7,22.8
2023-09-24 05:00,77.0,6.9,24.5
2023-09-24 06:00,77.0,6.9,24.5
2023-09-24 07:00,73.9,4.7,28.3
2023-09-24 08:00,73.9,5.8,28.3
2023-09-24 09:00,71.1,4.7,28.8
2023-09-24 10:00,71.1,0.0,31.2
2023-09-24 11:00,69.1,3.4,31.9
2023-09-24 12:00,69.1,3.4,31.9
2023-09-24 13:00,66.9,8.1,35.9
2023-09-24 14:00,73.0,4.7,31.5
2023-09-24 15:00,80.1,0.0,28.0
2023-09-24 16:00,82.9,0.0,25.5
2023-09-24 17:00,88.0,0.0,20.8
2023-09-24 18:00,88.0,0.0,20.8
2023-09-24 19:00,93.0,3.4,14.6
2023-09-24 20:00,95.0,10.3,9.6
2023-09-24 21:00,97.0,8.1,10.2
2023-09-24 22:00,97.0,4.7,11.1
2023-09-24 23:00,95.0,9.2,11.8
2023-09-25 00:00,95.0,9.2,11.8
2023-09-25 01:00,89.1,8.1,14.2
2023-09-25 02:00,86.0,5.8,15.6
2023-09-25 03:00,82.0,0.0,20.0
2023-09-25 04:00,80.1,8.1,20.5
2023-09-25 05:00,75.0,4.7,27.3
2023-09-25 06:00,75.0,4.7,27.3
2023-09-25 07:00,73.0,4.7,23.9
2023-09-25 08:00,71.1,8.1,26.7
2023-09-25 09:00,70.0,6.9,27.7
2023-09-25 10:00,69.1,8.1,29.6
2023-09-25 11:00,68.0,6.9,29.6
2023-09-25 12:00,68.0,6.9,29.6
2023-09-25 13:00,69.1,6.9,29.6
2023-09-25 14:00,71.1,6.9,28.8
2023-09-25 15:00,79.0,5.8,23.9
2023-09-25 16:00,86.0,3.4,19.0
2023-09-25 17:00,91.0,3.4,16.2
2023-09-25 18:00,91.0,3.4,16.2
2023-09-25 19:00,99.0,6.9,11.8
2023-09-25 20:00,100.0,,11.8
2023-09-25 21:00,100.9,5.8,11.5
2023-09-25 22:00,100.9,10.3,11.1
2023-09-25 23:00,100.0,5.8,11.4
2023-09-26 00:00,100.0,5.8,11.4
2023-09-26 01:00,93.0,8.1,14.6
2023-09-26 02:00,91.0,8.1,16.2
2023-09-26 03:00,88.0,5.8,17.9
2023-09-26 04:00,82.9,4.7,21.0
2023-09-26 05:00,81.0,4.7,22.4
2023-09-26 06:00,81.0,4.7,22.4
2023-09-26 07:00,77.0,4.7,25.5
2023-09-26 08:00,75.9,3.4,25.4
2023-09-26 09:00,73.9,5.8,27.1
2023-09-26 10:00,73.0,4.7,29.1
2023-09-26 11:00,71.1,6.9,29.9
2023-09-26 12:00,71.1,6.9,29.9
2023-09-26 13:00,70.0,5.8,32.3
2023-09-26 14:00,75.9,8.1,27.4
2023-09-26 15:00,81.0,4.7,25.2
2023-09-26 16:00,88.0,4.7,20.1
2023-09-26 17:00,93.0,0.0,16.5
2023-09-26 18:00,93.0,0.0,16.5
2023-09-26 19:00,100.0,5.8,13.3
2023-09-26 20:00,102.0,3.4,13.1
2023-09-26 21:00,102.9,10.3,12.7
2023-09-26 22:00,102.0,10.3,13.1
2023-09-26 23:00,100.0,16.1,14.4
2023-09-27 00:00,100.0,16.1,14.4
2023-09-27 01:00,93.0,8.1,15.8
2023-09-27 02:00,90.0,4.7,16.8
2023-09-27 03:00,84.9,5.8,19.7
2023-09-27 04:00,82.0,0.0,22.4
2023-09-27 05:00,79.0,3.4,23.9
2023-09-27 06:00,79.0,3.4,23.9
2023-09-27 07:00,77.0,6.9,24.5
2023-09-27 08:00,75.0,3.4,27.3
2023-09-27 09:00,72.0,5.8,29.0
2023-09-27 10:00,72.0,8.1,29.0
2023-09-27 11:00,72.0,8.1,29.0
2023-09-27 12:00,72.0,8.1,29.0
2023-09-27 13:00,70.0,9.2,31.0
2023-09-27 14:00,75.9,8.1,26.5
2023-09-27 15:00,82.9,8.1,21.8
2023-09-27 16:00,87.1,4.7,19.9
2023-09-27 17:00,93.9,4.7,14.9
2023-09-27 18:00,93.9,4.7,14.9
2023-09-27 19:00,100.0,3.4,12.3
2023-09-27 20:00,100.9,8.1,11.1
2023-09-27 21:00,102.0,13.9,10.3
2023-09-27 22:00,100.9,8.1,10.3
2023-09-27 23:00,100.9,11.4,11.1
2023-09-28 00:00,100.9,11.4,11.1
2023-09-28 01:00,91.9,4.7,15.8
2023-09-28 02:00,89.1,6.9,16.6
2023-09-28 03:00,87.1,6.9,17.0
2023-09-28 04:00,86.0,3.4,18.3
2023-09-28 05:00,81.0,5.8,21.5
2023-09-28 06:00,81.0,5.8,21.5
2023-09-28 07:00,75.0,3.4,26.1
2023-09-28 08:00,75.9,5.8,26.5
2023-09-28 09:00,75.0,5.8,27.3
2023-09-28 10:00,73.9,9.2,28.3
2023-09-28 11:00,73.0,8.1,30.2
2023-09-28 12:00,73.0,8.1,30.2
2023-09-28 13:00,73.0,8.1,30.2
2023-09-28 14:00,78.1,9.2,27.7
2023-09-28 15:00,86.0,8.1,23.1
2023-09-28 16:00,91.0,12.8,20.4
2023-09-28 17:00,93.0,8.1,20.7
2023-09-28 18:00,93.0,8.1,20.7
2023-09-28 19:00,95.0,9.2,18.8
2023-09-28 20:00,99.0,13.9,14.3
2023-09-28 21:00,100.0,10.3,14.4
2023-09-28 22:00,100.0,16.1,12.3
2023-09-28 23:00,99.0,11.4,14.3
2023-09-29 00:00,99.0,11.4,14.3
2023-09-29 01:00,91.9,9.2,17.8
2023-09-29 02:00,89.1,5.8,18.7
2023-09-29 03:00,86.0,5.8,21.4
2023-09-29 04:00,84.0,3.4,22.9
2023-09-29 05:00,82.0,4.7,25.2
2023-09-29 06:00,80.1,5.8,26.9
2023-09-29 07:00,78.1,5.8,29.9
2023-09-29 08:00,73.0,3.4,36.6
2023-09-29 09:00,75.9,8.1,37.3
2023-09-29 10:00,72.0,4.7,39.6
2023-09-29 11:00,72.0,8.1,40.9
2023-09-29 12:00,72.0,8.1,40.9
2023-09-29 13:00,72.0,9.2,45.9
2023-09-29 14:00,75.9,10.3,41.8
2023-09-29 15:00,81.0,8.1,36.6
2023-09-29 16:00,87.1,6.9,28.0
2023-09-29 17:00,93.0,13.9,15.8
2023-09-29 18:00,96.1,18.3,14.4
2023-09-29 19:00,98.1,9.2,10.7
2023-09-29 20:00,99.0,11.4,10.1
2023-09-29 21:00,99.0,13.9,10.4
2023-09-29 22:00,99.0,13.9,10.1
2023-09-29 23:00,98.1,12.8,12.1
2023-09-30 00:00,98.1,12.8,12.1
2023-09-30 01:00,90.0,5.8,11.7
2023-09-30 02:00,87.1,4.7,11.3
2023-09-30 03:00,84.0,5.8,13.1
2023-09-30 04:00,82.0,5.8,16.4
2023-09-30 05:00,78.1,5.8,20.2
2023-09-30 06:00,78.1,5.8,20.2
2023-09-30 07:00,75.0,5.8,22.3
2023-09-30 08:00,73.9,3.4,24.2
2023-09-30 09:00,73.0,4.7,27.0
2023-09-30 10:00,69.1,0.0,31.9
2023-09-30 11:00,71.1,5.8,29.9
2023-09-30 12:00,71.1,5.8,29.9
2023-09-30 13:00,72.0,0.0,31.3
2023-09-30 14:00,73.9,0.0,32.9
2023-09-30 15:00,82.9,4.7,23.7
2023-09-30 16:00,88.0,20.8,17.1
2023-09-30 17:00,91.0,18.3,15.0
2023-09-30 18:00,91.0,18.3,15.0
2023-09-30 19:00,95.0,20.8,10.0
2023-09-30 20:00,96.1,21.9,9.3
2023-09-30 21:00,96.1,21.9,9.7
2023-09-30 22:00,95.0,21.9,9.6
2023-09-30 23:00,93.0,15.0,9.4
2023-10-01 00:00,93.0,15.0,9.4
2023-10-01 01:00,88.0,11.4,15.3
2023-10-01 02:00,84.9,6.9,17.5
2023-10-01 03:00,81.0,4.7,21.5
2023-10-01 04:00,80.1,8.1,26.0
2023-10-01 05:00,77.0,6.9,29.7
2023-10-01 06:00,77.0,6.9,29.7
2023-10-01 07:00,73.9,4.7,32.9
2023-10-01 08:00,71.1,8.1,37.8
2023-10-01 09:00,70.0,5.8,40.6
2023-10-01 10:00,70.0,6.9,37.7
2023-10-01 11:00,68.0,10.3,38.9
2023-10-01 12:00,68.0,10.3,38.9
2023-10-01 13:00,68.0,4.7,33.2
2023-10-01 14:00,73.0,4.7,29.1
2023-10-01 15:00,78.1,4.7,25.5
2023-10-01 16:00,82.0,12.8,23.4
2023-10-01 17:00,84.9,10.3,21.3
2023-10-01 18:00,84.9,10.3,21.3
2023-10-01 19:00,90.0,15.0,20.4
2023-10-01 20:00,90.0,18.3,22.8
2023-10-01 21:00,91.9,20.8,21.4
2023-10-01 22:00,91.9,25.3,19.9
2023-10-01 23:00,90.0,23.0,20.4
2023-10-02 00:00,90.0,23.0,20.4
2023-10-02 01:00,84.9,11.4,24.8
2023-10-02 02:00,81.0,9.2,29.3
2023-10-02 03:00,78.1,8.1,33.4
2023-10-02 04:00,75.0,8.1,35.7
2023-10-02 05:00,73.9,0.0,38.3
2023-10-02 06:00,73.9,0.0,38.3
2023-10-02 07:00,71.1,0.0,40.8
2023-10-02 08:00,70.0,3.4,37.7
2023-10-02 09:00,69.1,0.0,37.5
2023-10-02 10:00,68.0,4.7,37.4
2023-10-02 11:00,66.9,0.0,40.4
2023-10-02 12:00,66.9,0.0,40.4
2023-10-02 13:00,64.0,3.4,46.2
2023-10-02 14:00,66.0,4.7,43.2
2023-10-02 15:00,70.0,0.0,43.8
2023-10-02 16:00,73.9,0.0,38.3
2023-10-02 17:00,77.0,8.1,34.6
2023-10-02 18:00,77.0,8.1,34.6
2023-10-02 19:00,82.0,5.8,27.2
2023-10-02 20:00,87.1,20.8,15.7
2023-10-02 21:00,87.1,17.2,14.6
2023-10-02 22:00,86.0,13.9,16.9
2023-10-02 23:00,84.0,16.1,16.6
2023-10-03 00:00,84.0,16.1,16.6
2023-10-03 01:00,79.0,10.3,21.2
2023-10-03 02:00,75.9,4.7,25.4
2023-10-03 03:00,72.0,4.7,30.2
2023-10-03 04:00,70.0,6.9,31.0
2023-10-03 05:00,68.0,5.8,34.6
2023-10-03 06:00,68.0,5.8,34.6
2023-10-03 07:00,66.0,3.4,40.0
2023-10-03 08:00,64.0,3.4,41.1
2023-10-03 09:00,62.1,5.8,42.5
2023-10-03 10:00,61.0,5.8,42.4
2023-10-03 11:00,60.1,5.8,45.6
2023-10-03 12:00,60.1,5.8,45.6
2023-10-03 13:00,60.1,4.7,47.3
2023-10-03 14:00,63.0,0.0,44.5
2023-10-03 15:00,66.9,3.4,38.8
2023-10-03 16:00,73.0,5.8,32.8
2023-10-03 17:00,75.9,0.0,29.8
2023-10-03 18:00,75.9,0.0,29.8
2023-10-03 19:00,84.0,9.2,18.0
2023-10-03 20:00,84.9,,18.2
2023-10-03 21:00,84.9,4.7,18.9
2023-10-03 22:00,87.1,5.8,13.9
2023-10-03 23:00,84.9,12.8,15.6
2023-10-04 00:00,84.9,12.8,15.6
2023-10-04 01:00,79.0,9.2,22.1
2023-10-04 02:00,75.9,9.2,23.5
2023-10-04 03:00,73.9,4.7,26.2
2023-10-04 04:00,69.1,4.7,29.6
2023-10-04 05:00,68.0,5.8,30.7
2023-10-04 06:00,68.0,5.8,30.7
2023-10-04 07:00,64.9,4.7,32.9
2023-10-04 08:00,63.0,5.8,35.3
2023-10-04 09:00,61.0,8.1,36.2
2023-10-04 10:00,61.0,5.8,36.2
2023-10-04 11:00,60.1,6.9,37.4
2023-10-04 12:00,60.1,6.9,37.4
2023-10-04 13:00,57.9,8.1,39.0
2023-10-04 14:00,62.1,6.9,34.9
2023-10-04 15:00,69.1,6.9,29.6
2023-10-04 16:00,75.0,4.7,25.2
2023-10-04 17:00,81.0,3.4,20.7
2023-10-04 18:00,81.0,3.4,20.7
2023-10-04 19:00,86.0,3.4,15.1
2023-10-04 20:00,89.1,,12.1
2023-10-04 21:00,89.1,3.4,10.7
2023-10-04 22:00,90.0,5.8,12.7
2023-10-04 23:00,89.1,9.2,13.1
2023-10-05 00:00,89.1,9.2,13.1
2023-10-05 01:00,82.0,6.9,17.1
2023-10-05 02:00,78.1,4.7,19.5
2023-10-05 03:00,73.9,5.8,21.4
2023-10-05 04:00,71.1,6.9,22.6
2023-10-05 05:00,70.0,4.7,23.4
2023-10-05 06:00,70.0,4.7,23.4
2023-10-05 07:00,66.9,4.7,26.0
2023-10-05 08:00,64.0,5.8,27.7
2023-10-05 09:00,64.0,8.1,27.7
2023-10-05 10:00,62.1,8.1,29.7
2023-10-05 11:00,63.0,5.8,28.8
2023-10-05 12:00,61.0,8.1,29.5
2023-10-05 13:00,62.1,8.1,29.7
2023-10-05 14:00,66.0,11.4,25.9
2023-10-05 15:00,72.0,5.8,21.9
2023-10-05 16:00,78.1,0.0,19.5
2023-10-05 17:00,88.0,3.4,14.1
2023-10-05 18:00,88.0,3.4,14.1
2023-10-05 19:00,93.9,4.7,10.4
2023-10-05 20:00,95.0,8.1,9.3
2023-10-05 21:00,96.1,6.9,8.6
2023-10-05 22:00,96.1,6.9,8.3
2023-10-05 23:00,96.1,4.7,7.6
2023-10-06 00:00,96.1,4.7,7.6
2023-10-06 01:00,88.0,10.3,12.0
2023-10-06 02:00,86.0,11.4,12.7
2023-10-06 03:00,82.9,6.9,14.7
2023-10-06 04:00,78.1,4.7,17.2
2023-10-06 05:00,78.1,5.8,17.2
2023-10-06 06:00,78.1,5.8,17.2
2023-10-06 07:00,75.9,5.8,18.5
2023-10-06 08:00,73.9,0.0,19.8
2023-10-06 09:00,72.0,0.0,20.2
2023-10-06 10:00,69.1,6.9,22.3
2023-10-06 11:00,68.0,9.2,23.1
2023-10-06 12:00,68.0,9.2,23.1
2023-10-06 13:00,69.1,4.7,22.3
2023-10-06 14:00,77.0,4.7,19.3
2023-10-06 15:00,87.1,15.0,14.6
2023-10-06 16:00,88.0,16.1,15.9
2023-10-06 17:00,93.9,18.3,13.7
2023-10-06 18:00,93.9,18.3,13.7
2023-10-06 19:00,99.0,11.4,11.8
2023-10-06 20:00,98.1,3.4,11.6
2023-10-06 21:00,99.0,5.8,11.3
2023-10-06 22:00,100.9,8.1,10.6
2023-10-06 23:00,99.0,3.4,11.8
2023-10-07 00:00,99.0,3.4,11.8
2023-10-07 01:00,93.0,8.1,14.1
2023-10-07 02:00,90.0,9.2,14.4
2023-10-07 03:00,90.0,6.9,18.1
2023-10-07 04:00,89.1,13.9,19.5
2023-10-07 05:00,88.0,16.1,18.5
2023-10-07 06:00,88.0,16.1,18.5
2023-10-07 07:00,86.0,16.1,17.6
2023-10-07 08:00,84.9,18.3,16.9
2023-10-07 09:00,84.0,19.7,17.4
2023-10-07 10:00,82.9,16.1,18.6
2023-10-07 11:00,81.0,13.9,20.7
2023-10-07 12:00,81.0,13.9,20.7
2023-10-07 13:00,81.0,21.9,23.2
2023-10-07 14:00,82.0,18.3,22.4
2023-10-07 15:00,84.0,24.2,21.9
2023-10-07 16:00,86.0,27.7,23.1
2023-10-07 17:00,90.0,20.8,20.4
2023-10-07 18:00,90.0,20.8,20.4
2023-10-07 19:00,91.9,18.3,17.8
2023-10-07 20:00,93.9,15.0,17.3
2023-10-07 21:00,93.9,15.0,16.0
2023-10-07 22:00,93.0,13.9,16.5
2023-10-07 23:00,91.9,9.2,17.1
2023-10-08 00:00,91.9,9.2,17.1
2023-10-08 01:00,88.0,10.3,18.5
2023-10-08 02:00,87.1,4.7,18.4
2023-10-08 03:00,87.1,16.1,18.4
2023-10-08 04:00,84.0,13.9,21.0
2023-10-08 05:00,81.0,10.3,23.2
2023-10-08 06:00,81.0,10.3,23.2
2023-10-08 07:00,79.0,8.1,25.8
2023-10-08 08:00,79.0,11.4,26.9
2023-10-08 09:00,78.1,8.1,27.7
2023-10-08 10:00,77.0,6.9,29.7
2023-10-08 11:00,75.0,8.1,31.8
2023-10-08 12:00,75.0,8.1,31.8
2023-10-08 13:00,73.0,9.2,34.0
2023-10-08 14:00,78.1,8.1,29.9
2023-10-08 15:00,82.9,15.0,26.4
2023-10-08 16:00,87.1,13.9,24.1
2023-10-08 17:00,90.0,13.9,22.0
2023-10-08 18:00,90.0,13.9,22.0
2023-10-08 19:00,93.9,10.3,14.2
2023-10-08 20:00,93.0,3.4,14.1
2023-10-08 21:00,95.0,,14.9
2023-10-08 22:00,95.0,4.7,14.9
2023-10-08 23:00,93.9,0.0,14.9
2023-10-09 00:00,93.9,0.0,14.9
2023-10-09 01:00,89.1,3.4,17.9
2023-10-09 02:00,86.0,3.4,19.7
2023-10-09 03:00,84.0,3.4,21.0
2023-10-09 04:00,82.0,0.0,19.2
2023-10-09 05:00,81.0,6.9,20.7
2023-10-09 06:00,81.0,6.9,20.7
2023-10-09 07:00,81.0,15.0,20.7
2023-10-09 08:00,75.9,6.9,23.5
2023-10-09 09:00,73.9,8.1,26.2
2023-10-09 10:00,72.0,6.9,28.0
2023-10-09 11:00,71.1,6.9,29.9
2023-10-09 12:00,71.1,6.9,29.9
2023-10-09 13:00,71.1,5.8,29.9
2023-10-09 14:00,72.0,6.9,30.2
2023-10-09 15:00,79.0,5.8,29.0
2023-10-09 16:00,84.0,3.4,27.5
2023-10-09 17:00,88.0,6.9,22.5
2023-10-09 18:00,88.0,6.9,22.5
2023-10-09 19:00,93.0,5.8,17.8
2023-10-09 20:00,91.9,,18.4
2023-10-09 21:00,91.9,9.2,17.8
2023-10-09 22:00,89.1,13.9,17.9
2023-10-09 23:00,87.1,11.4,22.4
2023-10-10 00:00,87.1,11.4,22.4
2023-10-10 01:00,84.0,8.1,24.7
2023-10-10 02:00,82.0,9.2,26.3
2023-10-10 03:00,79.0,9.2,32.4
2023-10-10 04:00,77.0,11.4,36.0
2023-10-10 05:00,75.0,9.2,36.9
2023-10-10 06:00,75.0,9.2,36.9
2023-10-10 07:00,73.0,8.1,35.4
2023-10-10 08:00,70.0,9.2,43.8
2023-10-10 09:00,68.0,6.9,46.9
2023-10-10 10:00,66.0,6.9,50.2
2023-10-10 11:00,66.0,4.7,52.3
2023-10-10 12:00,66.0,4.7,52.3
2023-10-10 13:00,64.9,8.1,52.1
2023-10-10 14:00,69.1,9.2,45.2
2023-10-10 15:00,75.0,6.9,38.5
2023-10-10 16:00,82.0,0.0,32.9
2023-10-10 17:00,87.1,4.7,26.9
2023-10-10 18:00,86.0,0.0,25.8
2023-10-10 19:00,89.1,0.0,21.0
2023-10-10 20:00,91.0,13.9,15.0
2023-10-10 21:00,91.9,3.4,15.8
2023-10-10 22:00,91.9,13.9,15.1
2023-10-10 23:00,91.9,8.1,15.8
2023-10-11 00:00,91.9,8.1,15.8
2023-10-11 01:00,86.0,5.8,20.6
2023-10-11 02:00,82.0,5.8,23.4
2023-10-11 03:00,80.1,5.8,26.0
2023-10-11 04:00,77.0,5.8,29.7
2023-10-11 05:00,75.9,6.9,32.1
2023-10-11 06:00,75.9,6.9,32.1
2023-10-11 07:00,73.0,5.8,35.4
2023-10-11 08:00,71.1,6.9,40.8
2023-10-11 09:00,71.1,5.8,40.8
2023-10-11 10:00,69.1,8.1,41.9
2023-10-11 11:00,68.0,9.2,43.5
2023-10-11 12:00,68.0,9.2,43.5
2023-10-11 13:00,68.0,9.2,43.5
2023-10-11 14:00,72.0,11.4,40.9
2023-10-11 15:00,78.1,6.9,35.9
2023-10-11 16:00,84.9,12.8,25.8
2023-10-11 17:00,88.0,,21.7
2023-10-11 18:00,88.0,,21.7
2023-10-11 19:00,93.9,15.0,12.2
2023-10-11 20:00,93.9,16.1,11.2
2023-10-11 21:00,93.0,15.0,9.8
2023-10-11 22:00,93.0,12.8,10.2
2023-10-11 23:00,91.0,11.4,12.3
2023-10-12 00:00,91.0,11.4,12.3
2023-10-12 01:00,86.0,12.8,17.6
2023-10-12 02:00,82.9,9.2,21.0
2023-10-12 03:00,79.0,12.8,33.7
2023-10-12 04:00,75.0,4.7,38.5
2023-10-12 05:00,75.0,5.8,29.4
2023-10-12 06:00,75.0,5.8,29.4
2023-10-12 07:00,70.0,3.4,28.7
2023-10-12 08:00,70.0,5.8,33.5
2023-10-12 09:00,69.1,0.0,36.0
2023-10-12 10:00,69.1,3.4,38.8
2023-10-12 11:00,69.1,3.4,40.5
2023-10-12 12:00,69.1,3.4,40.5
2023-10-12 13:00,64.0,4.7,44.7
2023-10-12 14:00,68.0,4.7,38.9
2023-10-12 15:00,73.9,3.4,34.3
2023-10-12 16:00,77.0,6.9,37.2
2023-10-12 17:00,78.1,6.9,35.9
2023-10-12 18:00,82.0,9.2,32.9
2023-10-12 19:00,84.0,,30.8
2023-10-12 20:00,84.9,13.9,27.8
2023-10-12 21:00,84.9,12.8,27.8
2023-10-12 22:00,84.9,6.9,27.8
2023-10-12 23:00,82.9,12.8,26.4
2023-10-13 00:00,82.9,12.8,26.4
2023-10-13 01:00,78.1,6.9,26.6
2023-10-13 02:00,77.0,8.1,25.5
2023-10-13 03:00,73.0,4.7,30.2
2023-10-13 04:00,71.1,5.8,31.2
2023-10-13 05:00,69.1,5.8,33.3
2023-10-13 06:00,69.1,5.8,33.3
2023-10-13 07:00,66.9,0.0,33.2
2023-10-13 08:00,62.1,0.0,40.8
2023-10-13 09:00,63.0,3.4,39.5
2023-10-13 10:00,62.1,4.7,40.8
2023-10-13 11:00,61.0,5.8,42.4
2023-10-13 12:00,61.0,5.8,42.4
2023-10-13 13:00,62.1,6.9,44.1
2023-10-13 14:00,66.9,8.1,43.6
2023-10-13 15:00,73.0,4.7,36.6
2023-10-13 16:00,77.0,4.7,32.1
2023-10-13 17:00,81.0,0.0,29.3
2023-10-13 18:00,81.0,0.0,29.3
2023-10-13 19:00,84.9,6.9,23.0
2023-10-13 20:00,86.0,5.8,21.4
2023-10-13 21:00,88.0,8.1,21.7
2023-10-13 22:00,87.1,5.8,22.4
2023-10-13 23:00,86.0,5.8,22.2
2023-10-14 00:00,86.0,5.8,22.2
2023-10-14 01:00,82.0,4.7,24.4
2023-10-14 02:00,79.0,3.4,26.9
2023-10-14 03:00,75.0,4.7,30.7
2023-10-14 04:00,73.0,3.4,32.8
2023-10-14 05:00,71.1,4.7,36.3
2023-10-14 06:00,71.1,4.7,36.3
2023-10-14 07:00,69.1,3.4,40.5
2023-10-14 08:00,66.9,0.0,41.8
2023-10-14 09:00,64.9,5.8,44.8
2023-10-14 10:00,64.0,5.8,48.2
2023-10-14 11:00,64.0,8.1,46.2
2023-10-14 12:00,64.0,8.1,46.2
2023-10-14 13:00,64.0,5.8,48.2
2023-10-14 14:00,69.1,6.9,41.9
2023-10-14 15:00,69.1,6.9,43.6
2023-10-14 16:00,71.1,0.0,40.8
2023-10-14 17:00,75.9,0.0,35.8
2023-10-14 18:00,75.9,0.0,35.8
2023-10-14 19:00,86.0,0.0,26.9
2023-10-14 20:00,89.1,6.9,24.4
2023-10-14 21:00,90.0,0.0,22.0
2023-10-14 22:00,91.0,9.2,20.4
2023-10-14 23:00,89.1,10.3,19.5
2023-10-15 00:00,89.1,10.3,19.5
2023-10-15 01:00,82.0,5.8,20.7
2023-10-15 02:00,81.0,8.1,20.7
2023-10-15 03:00,80.1,9.2,21.4
2023-10-15 04:00,73.0,5.8,27.0
2023-10-15 05:00,73.0,0.0,27.0
2023-10-15 06:00,73.0,0.0,27.0
2023-10-15 07:00,69.1,4.7,30.8
2023-10-15 08:00,66.0,5.8,32.8
2023-10-15 09:00,64.0,5.8,35.2
2023-10-15 10:00,64.0,5.8,36.7
2023-10-15 11:00,64.0,5.8,36.7
2023-10-15 12:00,64.0,5.8,36.7
2023-10-15 13:00,63.0,5.8,38.1
2023-10-15 14:00,66.0,5.8,37.0
2023-10-15 15:00,72.0,0.0,31.3
2023-10-15 16:00,80.1,0.0,24.9
2023-10-15 17:00,87.1,5.8,20.7
2023-10-15 18:00,87.1,5.8,20.7
2023-10-15 19:00,93.9,3.4,17.3
2023-10-15 20:00,95.0,6.9,16.2
2023-10-15 21:00,96.1,6.9,15.6
2023-10-15 22:00,97.0,5.8,14.6
2023-10-15 23:00,96.1,6.9,15.0
2023-10-16 00:00,96.1,6.9,15.0
2023-10-16 01:00,89.1,6.9,18.7
2023-10-16 02:00,87.1,10.3,19.1
2023-10-16 03:00,82.9,6.9,21.8
2023-10-16 04:00,80.1,3.4,23.9
2023-10-16 05:00,78.1,4.7,25.5
2023-10-16 06:00,78.1,4.7,25.5
2023-10-16 07:00,73.9,4.7,28.3
2023-10-16 08:00,71.1,3.4,29.9
2023-10-16 09:00,68.0,5.8,34.6
2023-10-16 10:00,69.1,5.8,33.3
2023-10-16 11:00,70.0,6.9,33.5
2023-10-16 12:00,70.0,6.9,33.5
2023-10-16 13:00,70.0,3.4,34.9
2023-10-16 14:00,73.9,5.8,32.9
2023-10-16 15:00,84.9,12.8,25.8
2023-10-16 16:00,90.0,12.8,22.8
2023-10-16 17:00,93.0,8.1,21.5
2023-10-16 18:00,93.0,8.1,21.5
2023-10-16 19:00,97.0,4.7,17.0
2023-10-16 20:00,99.0,5.8,16.0
2023-10-16 21:00,100.0,10.3,14.4
2023-10-16 22:00,99.0,4.7,14.3
2023-10-16 23:00,98.1,3.4,13.5
2023-10-17 00:00,98.1,3.4,13.5
2023-10-17 01:00,91.9,4.7,19.9
2023-10-17 02:00,86.0,5.8,20.6
2023-10-17 03:00,84.0,3.4,20.3
2023-10-17 04:00,82.0,8.1,20.0
2023-10-17 05:00,79.0,5.8,19.6
2023-10-17 06:00,79.0,5.8,19.6
2023-10-17 07:00,73.9,5.8,23.2
2023-10-17 08:00,72.0,5.8,24.8
2023-10-17 09:00,70.0,5.8,26.5
2023-10-17 10:00,73.0,5.8,23.9
2023-10-17 11:00,71.1,11.4,26.7
2023-10-17 12:00,71.1,11.4,26.7
2023-10-17 13:00,72.0,5.8,26.8
2023-10-17 14:00,75.0,8.1,25.2
2023-10-17 15:00,82.9,6.9,21.0
2023-10-17 16:00,82.9,10.3,21.8
2023-10-17 17:00,80.1,10.3,35.1
2023-10-17 18:00,84.9,8.1,32.2
2023-10-17 19:00,91.0,8.1,23.7
2023-10-17 20:00,93.9,3.4,18.7
2023-10-17 21:00,93.9,5.8,18.7
2023-10-17 22:00,93.9,5.8,18.0
2023-10-17 23:00,91.9,5.8,18.4
2023-10-18 00:00,91.9,5.8,18.4
2023-10-18 01:00,88.0,10.3,23.4
2023-10-18 02:00,87.1,6.9,24.1
2023-10-18 03:00,86.0,11.4,27.8
2023-10-18 04:00,84.0,4.7,27.5
2023-10-18 05:00,78.1,4.7,37.4
2023-10-18 06:00,78.1,4.7,37.4
2023-10-18 07:00,73.9,5.8,38.3
2023-10-18 08:00,70.0,5.8,47.2
2023-10-18 09:00,68.0,5.8,50.5
2023-10-18 10:00,69.1,4.7,47.0
2023-10-18 11:00,66.0,6.9,48.5
2023-10-18 12:00,66.0,6.9,48.5
2023-10-18 13:00,66.0,8.1,50.2
2023-10-18 14:00,71.1,10.3,42.2
2023-10-18 15:00,75.0,5.8,38.5
2023-10-18 16:00,82.0,5.8,30.5
2023-10-18 17:00,86.0,3.4,26.9
2023-10-18 18:00,86.0,3.4,26.9
2023-10-18 19:00,93.9,6.9,16.7
2023-10-18 20:00,95.0,4.7,13.3
2023-10-18 21:00,96.1,11.4,12.9
2023-10-18 22:00,96.1,11.4,13.3
2023-10-18 23:00,93.9,9.2,13.7
2023-10-19 00:00,93.9,9.2,13.7
2023-10-19 01:00,87.1,6.9,17.0
2023-10-19 02:00,84.0,4.7,18.8
2023-10-19 03:00,82.0,4.7,20.0
2023-10-19 04:00,75.9,5.8,24.5
2023-10-19 05:00,75.0,4.7,25.2
2023-10-19 06:00,75.0,4.7,25.2
2023-10-19 07:00,72.0,3.4,29.0
2023-10-19 08:00,68.0,6.9,30.7
2023-10-19 09:00,66.9,4.7,33.2
2023-10-19 10:00,66.0,5.8,34.3
2023-10-19 11:00,64.9,8.1,35.6
2023-10-19 12:00,64.9,8.1,35.6
2023-10-19 13:00,64.0,9.2,35.2
2023-10-19 14:00,70.0,9.2,28.7
2023-10-19 15:00,73.9,8.1,27.1
2023-10-19 16:00,82.0,6.9,20.7
2023-10-19 17:00,88.0,4.7,16.6
2023-10-19 18:00,88.0,4.7,16.6
2023-10-19 19:00,98.1,6.9,9.9
2023-10-19 20:00,98.1,9.2,9.5
2023-10-19 21:00,100.0,6.9,8.6
2023-10-19 22:00,99.0,6.9,8.5
2023-10-19 23:00,99.0,5.8,8.5
2023-10-20 00:00,99.0,5.8,8.5
2023-10-20 01:00,89.1,6.9,12.5
2023-10-20 02:00,87.1,6.9,13.9
2023-10-20 03:00,82.9,3.4,15.2
2023-10-20 04:00,78.1,3.4,18.6
2023-10-20 05:00,75.0,6.9,19.0
2023-10-20 06:00,75.0,6.9,19.0
2023-10-20 07:00,70.0,5.8,22.6
2023-10-20 08:00,68.0,6.9,24.2
2023-10-20 09:00,66.9,9.2,26.0
2023-10-20 10:00,68.0,9.2,24.2
2023-10-20 11:00,66.0,8.1,25.9
2023-10-20 12:00,66.0,8.1,25.9
2023-10-20 13:00,64.9,8.1,26.9
2023-10-20 14:00,70.0,4.7,22.6
2023-10-20 15:00,78.1,6.9,17.8
2023-10-20 16:00,84.0,5.8,14.7
2023-10-20 17:00,90.0,0.0,12.7
2023-10-20 18:00,90.0,0.0,12.7
2023-10-20 19:00,97.0,3.4,8.7
2023-10-20 20:00,99.0,4.7,7.2
2023-10-20 21:00,100.9,6.9,6.8
2023-10-20 22:00,100.0,,7.0
2023-10-20 23:00,98.1,8.1,7.8
2023-10-21 00:00,98.1,8.1,7.8
2023-10-21 01:00,89.1,9.2,12.5
2023-10-21 02:00,89.1,8.1,12.1
2023-10-21 03:00,82.0,8.1,15.7
2023-10-21 04:00,79.0,6.9,17.3
2023-10-21 05:00,77.0,5.8,18.5
2023-10-21 06:00,75.9,3.4,19.2
2023-10-21 07:00,73.0,3.4,20.4
2023-10-21 08:00,68.0,4.7,25.1
2023-10-21 09:00,66.9,8.1,24.0
2023-10-21 10:00,68.0,4.7,23.1
2023-10-21 11:00,66.0,5.8,24.8
2023-10-21 12:00,66.0,5.8,24.8
2023-10-21 13:00,64.9,6.9,26.9
2023-10-21 14:00,69.1,9.2,23.3
2023-10-21 15:00,75.9,8.1,19.2
2023-10-21 16:00,82.0,4.7,16.4
2023-10-21 17:00,87.1,3.4,14.6
2023-10-21 18:00,87.1,3.4,14.6
2023-10-21 19:00,93.9,0.0,10.8
2023-10-21 20:00,96.1,3.4,9.7
2023-10-21 21:00,97.0,6.9,9.8
2023-10-21 22:00,97.0,8.1,9.4
2023-10-21 23:00,95.0,9.2,11.4
2023-10-22 00:00,95.0,9.2,11.4
2023-10-22 01:00,86.0,6.9,15.1
2023-10-22 02:00,81.0,5.8,17.7
2023-10-22 03:00,77.0,5.8,19.3
2023-10-22 04:00,79.0,10.3,18.9
2023-10-22 05:00,77.0,6.9,20.2
2023-10-22 06:00,77.0,6.9,20.2
2023-10-22 07:00,75.9,8.1,34.6
2023-10-22 08:00,73.9,8.1,38.3
2023-10-22 09:00,73.0,6.9,38.2
2023-10-22 10:00,71.1,8.1,39.2
2023-10-22 11:00,66.9,0.0,47.0
2023-10-22 12:00,66.9,0.0,47.0
2023-10-22 13:00,64.9,3.4,50.4
2023-10-22 14:00,70.0,9.2,43.8
2023-10-22 15:00,77.0,13.9,36.0
2023-10-22 16:00,82.0,4.7,30.5
2023-10-22 17:00,84.9,3.4,26.7
2023-10-22 18:00,84.9,3.4,26.7
2023-10-22 19:00,91.9,0.0,14.6
2023-10-22 20:00,91.9,0.0,11.4
2023-10-22 21:00,91.9,0.0,12.9
2023-10-22 22:00,93.0,0.0,13.1
2023-10-22 23:00,91.9,0.0,12.9
2023-10-23 00:00,91.9,0.0,12.9
2023-10-23 01:00,84.0,0.0,17.4
2023-10-23 02:00,81.0,4.7,19.9
2023-10-23 03:00,77.0,3.4,22.6
2023-10-23 04:00,77.0,3.4,22.6
2023-10-23 05:00,73.9,5.8,25.1
2023-10-23 06:00,73.9,5.8,25.1
2023-10-23 07:00,72.0,5.8,28.0
2023-10-23 08:00,70.0,5.8,31.0
2023-10-23 09:00,68.0,4.7,35.8
2023-10-23 10:00,68.0,5.8,35.8
2023-10-23 11:00,68.0,4.7,34.6
2023-10-23 12:00,68.0,4.7,34.6
2023-10-23 13:00,66.9,4.7,37.2
2023-10-23 14:00,72.0,6.9,34.0
2023-10-23 15:00,75.9,5.8,32.1
2023-10-23 16:00,82.0,10.3,29.3
2023-10-23 17:00,84.0,9.2,26.6
2023-10-23 18:00,84.0,9.2,26.6
2023-10-23 19:00,87.1,9.2,26.9
2023-10-23 20:00,88.0,16.1,25.2
2023-10-23 21:00,88.0,18.3,24.2
2023-10-23 22:00,88.0,15.0,23.4
2023-10-23 23:00,86.0,9.2,24.9
2023-10-24 00:00,86.0,9.2,24.9
2023-10-24 01:00,81.0,5.8,32.7
2023-10-24 02:00,79.0,11.4,37.8
2023-10-24 03:00,78.1,11.4,40.3
2023-10-24 04:00,75.0,5.8,36.9
2023-10-24 05:00,72.0,4.7,42.6
2023-10-24 06:00,72.0,4.7,42.6
2023-10-24 07:00,70.0,0.0,40.6
2023-10-24 08:00,68.0,0.0,43.5
2023-10-24 09:00,68.0,4.7,43.5
2023-10-24 10:00,66.9,0.0,48.6
2023-10-24 11:00,66.0,4.7,54.0
2023-10-24 12:00,66.0,4.7,54.0
2023-10-24 13:00,60.1,8.1,61.8
2023-10-24 14:00,63.0,0.0,58.1
2023-10-24 15:00,69.1,4.7,50.6
2023-10-24 16:00,73.0,4.7,46.1
2023-10-24 17:00,75.9,0.0,41.8
2023-10-24 18:00,75.9,0.0,41.8
2023-10-24 19:00,75.0,15.0,43.1
2023-10-24 20:00,75.0,11.4,43.1
2023-10-24 21:00,68.0,5.8,63.2
2023-10-24 22:00,66.2,10.3,63.8
2023-10-24 23:00,66.9,9.2,58.7
2023-10-25 00:00,66.9,9.2,58.7
2023-10-25 01:00,66.0,8.1,56.3
2023-10-25 02:00,63.0,11.4,67.4
2023-10-25 03:00,62.1,0.0,69.5
2023-10-25 04:00,62.1,5.8,67.3
2023-10-25 05:00,63.0,6.9,62.6
2023-10-25 06:00,63.0,6.9,62.6
2023-10-25 07:00,61.0,8.1,69.9
2023-10-25 08:00,62.1,5.8,64.6
2023-10-25 09:00,61.0,9.2,67.1
2023-10-25 10:00,59.0,8.1,75.0
2023-10-25 11:00,57.9,6.9,77.9
2023-10-25 12:00,57.9,6.9,77.9
2023-10-25 13:00,57.0,8.1,77.3
2023-10-25 14:00,60.1,8.1,69.3
2023-10-25 15:00,63.0,9.2,65.2
2023-10-25 16:00,66.9,0.0,54.5
2023-10-25 17:00,69.1,6.9,50.6
2023-10-25 18:00,69.1,6.9,50.6
2023-10-25 19:00,72.0,4.7,44.1
2023-10-25 20:00,75.0,4.7,39.8
2023-10-25 21:00,75.0,4.7,36.9
2023-10-25 22:00,77.0,4.7,34.6
2023-10-25 23:00,77.0,0.0,34.6
2023-10-26 00:00,77.0,0.0,34.6
2023-10-26 01:00,73.0,0.0,42.5
2023-10-26 02:00,70.0,3.4,47.2
2023-10-26 03:00,68.0,5.8,54.7
2023-10-26 04:00,64.9,5.8,62.9
2023-10-26 05:00,64.0,5.8,64.9
2023-10-26 06:00,64.0,5.8,64.9
2023-10-26 07:00,61.0,5.8,72.2
2023-10-26 08:00,60.1,6.9,72.1
2023-10-26 09:00,59.0,6.9,69.2
2023-10-26 10:00,60.1,9.2,66.6
2023-10-26 11:00,57.9,5.8,71.9
2023-10-26 12:00,57.9,5.8,71.9
2023-10-26 13:00,57.9,6.9,69.5
2023-10-26 14:00,61.0,10.3,64.5
2023-10-26 15:00,66.0,6.9,54.0
2023-10-26 16:00,70.0,4.7,47.2
2023-10-26 17:00,73.0,0.0,42.5
2023-10-26 18:00,73.0,0.0,42.5
2023-10-26 19:00,77.0,3.4,34.6
2023-10-26 20:00,79.0,5.8,32.4
2023-10-26 21:00,81.0,0.0,28.2
2023-10-26 22:00,82.0,3.4,27.2
2023-10-26 23:00,80.1,0.0,28.0
2023-10-27 00:00,80.1,0.0,28.0
2023-10-27 01:00,75.0,4.7,35.7
2023-10-27 02:00,73.0,0.0,38.2
2023-10-27 03:00,69.1,4.7,45.2
2023-10-27 04:00,66.9,4.7,54.5
2023-10-27 05:00,64.0,5.8,57.9
2023-10-27 06:00,64.0,5.8,57.9
2023-10-27 07:00,62.1,6.9,55.7
2023-10-27 08:00,61.0,6.9,57.9
2023-10-27 09:00,60.1,6.9,57.4
2023-10-27 10:00,59.0,9.2,59.6
2023-10-27 11:00,59.0,9.2,59.6
2023-10-27 12:00,59.0,9.2,59.6
2023-10-27 13:00,57.9,6.9,62.0
2023-10-27 14:00,60.1,8.1,57.4
2023-10-27 15:00,66.9,9.2,45.1
2023-10-27 16:00,72.0,5.8,38.0
2023-10-27 17:00,75.9,0.0,33.3
2023-10-27 18:00,75.9,0.0,33.3
2023-10-27 19:00,81.0,3.4,24.2
2023-10-27 20:00,82.9,4.7,22.7
2023-10-27 21:00,84.9,8.1,18.9
2023-10-27 22:00,84.9,8.1,20.4
2023-10-27 23:00,84.0,0.0,20.3
2023-10-28 00:00,84.0,0.0,20.3
2023-10-28 01:00,77.0,0.0,25.5
2023-10-28 02:00,73.0,4.7,31.5
2023-10-28 03:00,70.0,3.4,33.5
2023-10-28 04:00,68.0,5.8,40.3
2023-10-28 05:00,66.0,4.7,41.7
2023-10-28 06:00,66.0,4.7,41.7
2023-10-28 07:00,63.0,5.8,44.5
2023-10-28 08:00,61.0,4.7,51.5
2023-10-28 09:00,60.1,6.9,53.2
2023-10-28 10:00,59.0,4.7,51.2
2023-10-28 11:00,59.0,4.7,49.1
2023-10-28 12:00,59.0,4.7,49.1
2023-10-28 13:00,55.9,5.8,54.8
2023-10-28 14:00,60.1,4.7,49.3
2023-10-28 15:00,66.0,0.0,41.7
2023-10-28 16:00,73.9,6.9,30.5
2023-10-28 17:00,77.0,3.4,28.7
2023-10-28 18:00,77.0,3.4,28.7
2023-10-28 19:00,82.0,4.7,24.4
2023-10-28 20:00,84.0,9.2,20.3
2023-10-28 21:00,84.9,12.8,17.5
2023-10-28 22:00,84.9,11.4,18.2
2023-10-28 23:00,82.9,6.9,19.4
2023-10-29 00:00,82.9,6.9,19.4
2023-10-29 01:00,77.0,10.3,22.6
2023-10-29 02:00,72.0,6.9,26.8
2023-10-29 03:00,71.1,3.4,25.5
2023-10-29 04:00,69.1,3.4,29.6
2023-10-29 05:00,66.9,4.7,34.4
2023-10-29 06:00,66.9,4.7,34.4
2023-10-29 07:00,61.0,5.8,45.8
2023-10-29 08:00,61.0,4.7,47.7
2023-10-29 09:00,60.1,0.0,51.4
2023-10-29 10:00,57.9,5.8,55.5
2023-10-29 11:00,57.0,5.8,57.3
2023-10-29 12:00,57.0,5.8,57.3
2023-10-29 13:00,55.0,4.7,61.6
2023-10-29 14:00,57.9,4.7,57.4
2023-10-29 15:00,64.0,0.0,49.9
2023-10-29 16:00,66.9,0.0,43.6
2023-10-29 17:00,71.1,3.4,21.8
2023-10-29 18:00,71.1,3.4,21.8
2023-10-29 19:00,75.0,6.9,17.6
2023-10-29 20:00,75.9,8.1,16.3
2023-10-29 21:00,75.9,13.9,16.3
2023-10-29 22:00,75.0,11.4,16.8
2023-10-29 23:00,73.0,13.9,17.3
2023-10-30 00:00,73.0,13.9,17.3
2023-10-30 01:00,68.0,8.1,16.6
2023-10-30 02:00,66.9,9.2,15.9
2023-10-30 03:00,64.9,8.1,16.2
2023-10-30 04:00,63.0,8.1,16.7
2023-10-30 05:00,59.0,6.9,19.2
2023-10-30 06:00,59.0,6.9,19.2
2023-10-30 07:00,55.9,3.4,21.5
2023-10-30 08:00,55.0,3.4,23.1
2023-10-30 09:00,52.0,0.0,29.4
2023-10-30 10:00,50.0,0.0,34.4
2023-10-30 11:00,46.0,3.4,39.9
2023-10-30 12:00,46.0,3.4,39.9
2023-10-30 13:00,46.0,5.8,41.8
2023-10-30 14:00,51.1,3.4,35.9
2023-10-30 15:00,64.0,17.2,28.8
2023-10-30 16:00,64.9,23.0,27.9
2023-10-30 17:00,66.9,25.3,27.2
2023-10-30 18:00,66.9,25.3,27.2
2023-10-30 19:00,71.1,19.7,23.6
2023-10-30 20:00,73.0,16.1,22.1
2023-10-30 21:00,73.9,8.1,22.3
2023-10-30 22:00,73.9,10.3,21.4
2023-10-30 23:00,72.0,9.2,22.9
2023-10-31 00:00,72.0,9.2,22.9
2023-10-31 01:00,64.9,11.4,27.9
2023-10-31 02:00,63.0,10.3,29.9
2023-10-31 03:00,61.0,11.4,30.9
2023-10-31 04:00,62.1,11.4,29.7
2023-10-31 05:00,60.1,13.9,30.5
2023-10-31 06:00,60.1,13.9,30.5
2023-10-31 07:00,57.0,15.0,32.8
2023-10-31 08:00,57.9,16.1,30.4
2023-10-31 09:00,57.0,13.9,31.4
2023-10-31 10:00,55.9,10.3,32.6
2023-10-31 11:00,55.9,10.3,32.6
2023-10-31 12:00,55.9,10.3,32.6
2023-10-31 13:00,57.0,15.0,31.4
2023-10-31 14:00,60.1,12.8,28.1
2023-10-31 15:00,63.0,21.9,25.4
2023-10-31 16:00,66.0,20.8,20.3
2023-10-31 17:00,69.1,21.9,18.2
2023-10-31 18:00,69.1,21.9,18.2
2023-10-31 19:00,73.0,24.2,18.0
2023-10-31 20:00,75.9,18.3,17.0
2023-10-31 21:00,77.0,18.3,16.4
2023-10-31 22:00,77.0,17.2,16.4
2023-10-31 23:00,73.9,13.9,17.4
2023-11-01 00:00,73.9,13.9,17.4
2023-11-01 01:00,68.0,10.3,21.3
2023-11-01 02:00,66.0,11.4,22.0
2023-11-01 03:00,66.0,11.4,22.8
2023-11-01 04:00,64.0,21.9,23.6
2023-11-01 05:00,63.0,17.2,25.4
2023-11-01 06:00,63.0,17.2,25.4
2023-11-01 07:00,61.0,12.8,27.2
2023-11-01 08:00,60.1,13.9,27.1
2023-11-01 09:00,59.0,11.4,28.2
2023-11-01 10:00,57.9,8.1,29.3
2023-11-01 11:00,57.0,9.2,30.2
2023-11-01 12:00,57.0,9.2,30.2
2023-11-01 13:00,55.9,17.2,29.0
2023-11-01 14:00,59.0,17.2,26.9
2023-11-01 15:00,63.0,23.0,24.5
2023-11-01 16:00,68.0,19.7,23.1
2023-11-01 17:00,71.1,18.3,21.8
2023-11-01 18:00,71.1,18.3,21.8
2023-11-01 19:00,77.0,10.3,18.5
2023-11-01 20:00,78.1,4.7,17.2
2023-11-01 21:00,80.1,4.7,15.4
2023-11-01 22:00,80.1,8.1,13.7
2023-11-01 23:00,79.0,5.8,14.7
2023-11-02 00:00,79.0,5.8,14.7
2023-11-02 01:00,72.0,4.7,20.2
2023-11-02 02:00,69.1,4.7,22.3
2023-11-02 03:00,66.9,3.4,24.0
2023-11-02 04:00,66.0,0.0,24.8
2023-11-02 05:00,64.0,6.9,27.7
2023-11-02 06:00,64.0,6.9,27.7
2023-11-02 07:00,63.0,6.9,29.9
2023-11-02 08:00,57.9,5.8,35.7
2023-11-02 09:00,57.0,6.9,35.6
2023-11-02 10:00,55.9,5.8,37.0
2023-11-02 11:00,55.0,4.7,38.2
2023-11-02 12:00,55.0,4.7,38.2
2023-11-02 13:00,54.0,5.8,39.7
2023-11-02 14:00,57.9,9.2,35.7
2023-11-02 15:00,62.1,4.7,32.2
2023-11-02 16:00,68.0,0.0,28.3
2023-11-02 17:00,75.0,0.0,22.3
2023-11-02 18:00,75.0,0.0,22.3
2023-11-02 19:00,80.1,0.0,16.7
2023-11-02 20:00,81.0,3.4,15.7
2023-11-02 21:00,82.9,4.7,13.5
2023-11-02 22:00,82.9,,11.9
2023-11-02 23:00,82.9,5.8,11.5
2023-11-03 00:00,82.9,5.8,11.5
2023-11-03 01:00,73.0,4.7,19.5
2023-11-03 02:00,72.0,6.9,19.5
2023-11-03 03:00,64.9,4.7,24.8
2023-11-03 04:00,64.0,5.8,25.6
2023-11-03 05:00,61.0,5.8,28.5
2023-11-03 06:00,61.0,5.8,28.5
2023-11-03 07:00,55.9,5.8,31.4
2023-11-03 08:00,55.0,5.8,32.5
2023-11-03 09:00,55.0,6.9,35.2
2023-11-03 10:00,54.0,6.9,36.7
2023-11-03 11:00,54.0,6.9,35.1
2023-11-03 12:00,54.0,6.9,35.1
2023-11-03 13:00,54.0,9.2,33.8
2023-11-03 14:00,57.9,9.2,30.4
2023-11-03 15:00,63.0,6.9,26.6
2023-11-03 16:00,69.1,8.1,22.3
2023-11-03 17:00,75.0,0.0,18.2
2023-11-03 18:00,75.0,0.0,18.2
2023-11-03 19:00,84.0,3.4,12.1
2023-11-03 20:00,84.0,3.4,10.1
2023-11-03 21:00,84.9,0.0,9.1
2023-11-03 22:00,86.0,3.4,8.7
2023-11-03 23:00,84.0,8.1,10.1
2023-11-04 00:00,84.0,8.1,10.1
2023-11-04 01:00,75.9,8.1,16.3
2023-11-04 02:00,73.0,5.8,18.0
2023-11-04 03:00,68.0,5.8,21.3
2023-11-04 04:00,64.9,3.4,23.7
2023-11-04 05:00,62.1,4.7,27.4
2023-11-04 06:00,62.1,4.7,27.4
2023-11-04 07:00,55.9,3.4,29.0
2023-11-04 08:00,54.0,4.7,29.7
2023-11-04 09:00,54.0,4.7,31.1
2023-11-04 10:00,53.1,6.9,32.2
2023-11-04 11:00,53.1,5.8,32.2
2023-11-04 12:00,53.1,5.8,32.2
2023-11-04 13:00,52.0,9.2,33.5
2023-11-04 14:00,55.0,10.3,31.1
2023-11-04 15:00,61.0,9.2,26.2
2023-11-04 16:00,69.1,4.7,19.8
2023-11-04 17:00,75.9,3.4,16.3
2023-11-04 18:00,75.9,3.4,16.3
2023-11-04 19:00,86.0,0.0,9.5
2023-11-04 20:00,87.1,4.7,8.9
2023-11-04 21:00,88.0,4.7,8.2
2023-11-04 22:00,89.1,4.7,7.6
2023-11-04 23:00,87.1,9.2,8.5
2023-11-05 00:00,87.1,9.2,8.5
2023-11-05 01:00,79.0,5.8,12.5
2023-11-05 02:00,71.1,4.7,17.0
2023-11-05 03:00,70.0,3.4,17.7
2023-11-05 04:00,68.0,3.4,18.9
2023-11-05 05:00,63.0,4.7,22.5
2023-11-05 06:00,63.0,4.7,22.5
2023-11-05 07:00,59.0,6.9,23.7
2023-11-05 08:00,57.9,9.2,25.8
2023-11-05 09:00,59.0,9.2,25.9
2023-11-05 10:00,60.1,5.8,25.0
2023-11-05 11:00,61.0,9.2,24.2
2023-11-05 12:00,61.0,9.2,24.2
2023-11-05 13:00,57.9,8.1,29.3
2023-11-05 14:00,63.0,3.4,24.5
2023-11-05 15:00,71.1,6.9,20.8
2023-11-05 16:00,77.0,5.8,19.3
2023-11-05 17:00,82.9,4.7,15.9
2023-11-05 18:00,82.9,4.7,15.9
2023-11-05 19:00,91.0,3.4,13.9
2023-11-05 20:00,91.0,0.0,13.3
2023-11-05 21:00,93.0,9.2,12.5
2023-11-05 22:00,91.9,4.7,12.9
2023-11-05 23:00,91.0,11.4,14.4
2023-11-06 00:00,90.0,11.4,14.4
2023-11-06 01:00,81.0,0.0,19.9
2023-11-06 02:00,75.9,3.4,22.6
2023-11-06 03:00,72.0,4.7,26.8
2023-11-06 04:00,68.0,6.9,30.7
2023-11-06 05:00,66.9,6.9,29.4
2023-11-06 06:00,66.9,6.9,29.4
2023-11-06 07:00,64.0,5.8,31.4
2023-11-06 08:00,63.0,6.9,32.6
2023-11-06 09:00,63.0,5.8,33.8
2023-11-06 10:00,64.0,10.3,32.5
2023-11-06 11:00,63.0,8.1,33.8
2023-11-06 12:00,63.0,8.1,33.8
2023-11-06 13:00,61.0,5.8,36.2
2023-11-06 14:00,64.9,9.2,31.5
2023-11-06 15:00,64.9,9.2,31.5
2023-11-06 16:00,77.0,4.7,23.6
2023-11-06 17:00,82.9,4.7,19.4
2023-11-06 18:00,86.0,0.0,16.9
2023-11-06 19:00,88.0,3.4,16.6
2023-11-06 20:00,90.0,3.4,15.5
2023-11-06 21:00,90.0,3.4,15.5
2023-11-06 22:00,90.0,9.2,13.3
2023-11-06 23:00,88.0,9.2,12.0
2023-11-07 00:00,88.0,9.2,12.0
2023-11-07 01:00,79.0,4.7,16.0
2023-11-07 02:00,75.0,0.0,19.0
2023-11-07 03:00,75.0,0.0,19.0
2023-11-07 04:00,68.0,4.7,28.3
2023-11-07 05:00,68.0,4.7,32.0
2023-11-07 06:00,68.0,4.7,32.0
2023-11-07 07:00,64.0,5.8,35.2
2023-11-07 08:00,62.1,5.8,39.4
2023-11-07 09:00,62.1,5.8,39.4
2023-11-07 10:00,57.0,4.7,47.1
2023-11-07 11:00,55.9,4.7,46.9
2023-11-07 12:00,55.9,4.7,46.9
2023-11-07 13:00,62.1,6.9,39.4
2023-11-07 14:00,63.0,5.8,36.5
2023-11-07 15:00,63.0,5.8,36.5
2023-11-07 16:00,79.0,5.8,22.1
2023-11-07 17:00,84.0,0.0,18.8
2023-11-07 18:00,84.0,0.0,18.8
2023-11-07 19:00,89.1,15.0,13.1
2023-11-07 20:00,91.0,23.0,12.3
2023-11-07 21:00,91.0,23.0,12.3
2023-11-07 22:00,88.0,20.8,10.6
2023-11-07 23:00,86.0,13.9,8.4
2023-11-08 00:00,86.0,13.9,8.4
2023-11-08 01:00,75.0,5.8,12.5
2023-11-08 02:00,73.9,4.7,13.6
2023-11-08 03:00,73.9,4.7,13.6
2023-11-08 04:00,71.1,5.8,15.0
2023-11-08 05:00,68.0,8.1,15.3
2023-11-08 06:00,68.0,8.1,15.3
2023-11-08 07:00,64.0,8.1,19.8
2023-11-08 08:00,61.0,4.7,22.1
2023-11-08 09:00,61.0,4.7,22.1
2023-11-08 10:00,55.9,0.0,29.0
2023-11-08 11:00,55.0,3.4,28.6
2023-11-08 12:00,55.0,3.4,28.6
2023-11-08 13:00,54.0,5.8,32.3
2023-11-08 14:00,57.0,5.8,30.2
2023-11-08 15:00,57.0,5.8,30.2
2023-11-08 16:00,69.1,0.0,24.2
2023-11-08 17:00,73.0,3.4,24.9
2023-11-08 18:00,73.0,3.4,24.9
2023-11-08 19:00,78.1,9.2,19.5
2023-11-08 20:00,78.1,13.9,21.8
2023-11-08 21:00,78.1,13.9,21.8
2023-11-08 22:00,77.0,13.9,21.8
2023-11-08 23:00,75.0,10.3,22.3
2023-11-09 00:00,75.0,10.3,22.3
2023-11-09 01:00,69.1,0.0,25.2
2023-11-09 02:00,66.9,3.4,27.2
2023-11-09 03:00,66.9,3.4,27.2
2023-11-09 04:00,60.1,3.4,29.4
2023-11-09 05:00,57.0,5.8,32.8
2023-11-09 06:00,57.0,5.8,32.8
2023-11-09 07:00,54.0,3.4,35.1
2023-11-09 08:00,53.1,3.4,36.2
2023-11-09 09:00,53.1,3.4,36.2
2023-11-09 10:00,48.9,5.8,40.7
2023-11-09 11:00,48.0,4.7,42.1
2023-11-09 12:00,48.0,4.7,42.1
2023-11-09 13:00,46.0,6.9,43.4
2023-11-09 14:00,48.9,6.9,40.7
2023-11-09 15:00,48.9,6.9,40.7
2023-11-09 16:00,61.0,3.4,28.5
2023-11-09 17:00,64.9,0.0,24.8
2023-11-09 18:00,64.9,0.0,24.8
2023-11-09 19:00,72.0,3.4,15.1
2023-11-09 20:00,70.0,0.0,16.9
2023-11-09 21:00,72.0,5.8,15.1
2023-11-09 22:00,71.1,10.3,15.6
2023-11-09 23:00,69.1,11.4,16.0
2023-11-10 00:00,69.1,11.4,16.0
2023-11-10 01:00,64.0,5.8,19.8
2023-11-10 02:00,59.0,4.7,23.7
2023-11-10 03:00,59.0,4.7,23.7
2023-11-10 04:00,55.0,5.8,27.3
2023-11-10 05:00,54.0,5.8,27.4
2023-11-10 06:00,54.0,5.8,27.4
2023-11-10 07:00,50.0,4.7,31.7
2023-11-10 08:00,48.9,8.1,31.5
2023-11-10 09:00,48.9,8.1,31.5
2023-11-10 10:00,45.0,8.1,36.5
2023-11-10 11:00,45.0,6.9,38.3
2023-11-10 12:00,45.0,6.9,38.3
2023-11-10 13:00,44.1,9.2,39.6
2023-11-10 14:00,46.9,6.9,35.5
2023-11-10 15:00,46.9,6.9,35.5
2023-11-10 16:00,57.9,0.0,27.0
2023-11-10 17:00,63.0,0.0,22.5
2023-11-10 18:00,63.0,0.0,22.5
2023-11-10 19:00,70.0,5.8,15.5
2023-11-10 20:00,71.1,5.8,13.8
2023-11-10 21:00,71.1,5.8,13.8
2023-11-10 22:00,71.1,4.7,13.8
2023-11-10 23:00,71.1,5.8,13.8
2023-11-11 00:00,71.1,5.8,13.8
2023-11-11 01:00,64.0,4.7,19.1
2023-11-11 02:00,62.1,4.7,20.5
2023-11-11 03:00,62.1,4.7,20.5
2023-11-11 04:00,55.0,6.9,24.2
2023-11-11 05:00,52.0,6.9,27.0
2023-11-11 06:00,52.0,6.9,27.0
2023-11-11 07:00,50.0,6.9,31.7
2023-11-11 08:00,46.9,3.4,32.6
2023-11-11 09:00,46.9,3.4,32.6
2023-11-11 10:00,50.0,4.7,47.7
2023-11-11 11:00,55.9,10.3,57.2
2023-11-11 12:00,55.9,10.3,57.2
2023-11-11 13:00,55.0,9.2,59.1
2023-11-11 14:00,57.0,8.1,57.3
2023-11-11 15:00,57.0,8.1,57.3
2023-11-11 16:00,66.9,18.3,38.8
2023-11-11 17:00,69.1,21.9,34.5
2023-11-11 18:00,69.1,21.9,34.5
2023-11-11 19:00,73.0,8.1,24.9
2023-11-11 20:00,75.0,10.3,21.6
2023-11-11 21:00,75.0,10.3,21.6
2023-11-11 22:00,75.9,3.4,21.7
2023-11-11 23:00,75.0,6.9,23.3
2023-11-12 00:00,75.0,6.9,23.3
2023-11-12 01:00,70.0,11.4,28.7
2023-11-12 02:00,68.0,6.9,30.7
2023-11-12 03:00,68.0,6.9,30.7
2023-11-12 04:00,61.0,9.2,39.2
2023-11-12 05:00,63.0,9.2,38.1
2023-11-12 06:00,63.0,9.2,38.1
2023-11-12 07:00,62.1,11.4,40.8
2023-11-12 08:00,61.0,13.9,44.2
2023-11-12 09:00,61.0,13.9,44.2
2023-11-12 10:00,59.0,17.2,47.4
2023-11-12 11:00,59.0,8.1,45.5
2023-11-12 12:00,59.0,8.1,45.5
2023-11-12 13:00,57.0,11.4,47.1
2023-11-12 14:00,59.0,15.0,43.9
2023-11-12 15:00,59.0,15.0,43.9
2023-11-12 16:00,69.1,25.3,34.5
2023-11-12 17:00,72.0,20.8,31.3
2023-11-12 18:00,72.0,20.8,31.3
2023-11-12 19:00,77.0,13.9,27.6
2023-11-12 20:00,79.0,10.3,24.8
2023-11-12 21:00,79.0,10.3,24.8
2023-11-12 22:00,80.1,10.3,21.4
2023-11-12 23:00,79.0,11.4,21.2
2023-11-13 00:00,79.0,11.4,21.2
2023-11-13 01:00,73.0,11.4,27.9
2023-11-13 02:00,70.0,5.8,31.0
2023-11-13 03:00,70.0,5.8,31.0
2023-11-13 04:00,70.0,17.2,33.5
2023-11-13 05:00,69.1,15.0,36.0
2023-11-13 06:00,69.1,15.0,36.0
2023-11-13 07:00,64.9,6.9,41.5
2023-11-13 08:00,64.0,11.4,44.7
2023-11-13 09:00,64.0,11.4,44.7
2023-11-13 10:00,63.0,11.4,46.4
2023-11-13 11:00,63.0,15.0,48.0
2023-11-13 12:00,63.0,15.0,48.0
2023-11-13 13:00,62.1,11.4,47.9
2023-11-13 14:00,62.1,11.4,47.9
2023-11-13 15:00,64.0,15.0,44.7
2023-11-13 16:00,71.1,20.8,39.2
2023-11-13 17:00,75.0,16.1,34.3
2023-11-13 18:00,75.0,16.1,34.3
2023-11-13 19:00,80.1,11.4,23.1
2023-11-13 20:00,80.1,10.3,22.1
2023-11-13 21:00,80.1,10.3,22.1
2023-11-13 22:00,81.0,13.9,20.7
2023-11-13 23:00,80.1,12.8,23.9
2023-11-14 00:00,80.1,12.8,23.9
2023-11-14 01:00,73.9,9.2,29.3
2023-11-14 02:00,71.1,6.9,31.2
2023-11-14 03:00,71.1,6.9,31.2
2023-11-14 04:00,72.0,16.1,36.7
2023-11-14 05:00,70.0,12.8,40.6
2023-11-14 06:00,70.0,12.8,40.6
2023-11-14 07:00,69.1,13.9,41.9
2023-11-14 08:00,68.0,12.8,43.5
2023-11-14 09:00,68.0,12.8,43.5
2023-11-14 10:00,66.0,19.7,46.6
2023-11-14 11:00,66.0,10.3,46.6
2023-11-14 12:00,66.0,10.3,46.6
2023-11-14 13:00,64.9,13.9,48.3
2023-11-14 14:00,66.0,16.1,46.6
2023-11-14 15:00,66.0,16.1,46.6
2023-11-14 16:00,71.1,15.0,40.8
2023-11-14 17:00,75.9,11.4,34.6
2023-11-14 18:00,75.9,11.4,34.6
2023-11-14 19:00,80.1,3.4,28.0
2023-11-14 20:00,81.0,4.7,25.2
2023-11-14 21:00,82.0,5.8,23.4
2023-11-14 22:00,82.9,5.8,22.7
2023-11-14 23:00,81.0,3.4,23.2
2023-11-15 00:00,81.0,3.4,23.2
2023-11-15 01:00,77.0,8.1,28.7
2023-11-15 02:00,73.9,8.1,32.9
2023-11-15 03:00,73.9,8.1,32.9
2023-11-15 04:00,73.0,11.4,34.0
2023-11-15 05:00,70.0,5.8,37.7
2023-11-15 06:00,70.0,5.8,37.7
2023-11-15 07:00,68.0,4.7,37.4
2023-11-15 08:00,66.0,8.1,41.7
2023-11-15 09:00,66.0,8.1,41.7
2023-11-15 10:00,66.0,9.2,41.7
2023-11-15 11:00,59.0,4.7,51.2
2023-11-15 12:00,59.0,4.7,51.2
2023-11-15 13:00,64.0,6.9,44.7
2023-11-15 14:00,60.1,3.4,49.3
2023-11-15 15:00,60.1,3.4,49.3
2023-11-15 16:00,73.9,10.3,32.9
2023-11-15 17:00,78.1,8.1,29.9
2023-11-15 18:00,78.1,8.1,29.9
2023-11-15 19:00,82.9,5.8,22.7
2023-11-15 20:00,84.0,6.9,20.3
2023-11-15 21:00,84.0,6.9,20.3
2023-11-15 22:00,82.9,0.0,19.4
2023-11-15 23:00,82.0,4.7,21.6
2023-11-16 00:00,82.0,4.7,21.6
2023-11-16 01:00,78.1,3.4,24.6
2023-11-16 02:00,75.0,0.0,26.1
2023-11-16 03:00,75.0,0.0,26.1
2023-11-16 04:00,73.0,5.8,31.5
2023-11-16 05:00,72.0,9.2,32.6
2023-11-16 06:00,72.0,9.2,32.6
2023-11-16 07:00,70.0,0.0,34.9
2023-11-16 08:00,69.1,4.7,34.5
2023-11-16 09:00,69.1,4.7,34.5
2023-11-16 10:00,66.9,4.7,38.8
2023-11-16 11:00,66.9,0.0,38.8
2023-11-16 12:00,66.9,0.0,38.8
2023-11-16 13:00,63.0,3.4,44.5
2023-11-16 14:00,64.0,3.4,42.9
2023-11-16 15:00,64.0,3.4,42.9
2023-11-16 16:00,70.0,4.7,36.4
2023-11-16 17:00,75.0,6.9,30.7
2023-11-16 18:00,75.0,6.9,30.7
2023-11-16 19:00,79.0,3.4,26.9
2023-11-16 20:00,81.0,0.0,25.2
2023-11-16 21:00,81.0,0.0,25.2
2023-11-16 22:00,78.1,10.3,27.7
2023-11-16 23:00,75.9,9.2,30.8
2023-11-17 00:00,75.9,9.2,30.8
2023-11-17 01:00,69.1,4.7,50.6
2023-11-17 02:00,69.1,4.7,54.5
2023-11-17 03:00,69.1,4.7,54.5
2023-11-17 04:00,64.0,3.4,83.7
2023-11-17 05:00,63.0,0.0,86.9
2023-11-17 06:00,63.0,0.0,86.9
2023-11-17 07:00,63.0,0.0,86.9
2023-11-17 08:00,62.1,0.0,89.7
2023-11-17 09:00,62.1,0.0,89.7
2023-11-17 10:00,62.1,4.7,86.3
2023-11-17 11:00,62.1,8.1,86.3
2023-11-17 12:00,62.1,8.1,86.3
2023-11-17 13:00,64.0,5.8,77.9
2023-11-17 14:00,64.0,3.4,77.9
2023-11-17 15:00,64.0,3.4,77.9
2023-11-17 16:00,70.0,5.8,65.6
2023-11-17 17:00,73.9,0.0,57.3
2023-11-17 18:00,73.9,0.0,57.3
2023-11-17 19:00,78.1,3.4,48.4
2023-11-17 20:00,78.1,3.4,46.5
2023-11-17 21:00,78.1,3.4,46.5
2023-11-17 22:00,78.1,5.8,48.4
2023-11-17 23:00,75.9,5.8,52.0
2023-11-18 00:00,75.9,5.8,52.0
2023-11-18 01:00,73.0,6.9,57.2
2023-11-18 02:00,72.0,0.0,59.4
2023-11-18 03:00,72.0,0.0,59.4
2023-11-18 04:00,69.1,0.0,67.6
2023-11-18 05:00,69.1,0.0,70.3
2023-11-18 06:00,69.1,0.0,70.3
2023-11-18 07:00,68.0,8.1,70.2
2023-11-18 08:00,64.0,3.4,89.8
2023-11-18 09:00,64.0,3.4,89.8
2023-11-18 10:00,64.0,4.7,89.8
2023-11-18 11:00,61.0,3.4,89.7
2023-11-18 12:00,61.0,3.4,89.7
2023-11-18 13:00,62.1,3.4,83.6
2023-11-18 14:00,63.0,5.8,80.9
2023-11-18 15:00,63.0,5.8,80.9
2023-11-18 16:00,66.0,0.0,81.2
2023-11-18 17:00,72.0,3.4,68.4
2023-11-18 18:00,72.0,3.4,68.4
2023-11-18 19:00,73.9,6.9,57.3
2023-11-18 20:00,72.0,13.9,71.0
2023-11-18 21:00,72.0,13.9,71.0
2023-11-18 22:00,66.0,10.3,81.2
2023-11-18 23:00,66.0,12.8,78.1
2023-11-19 00:00,66.0,12.8,78.1
2023-11-19 01:00,64.0,8.1,83.7
2023-11-19 02:00,64.0,4.7,80.5
2023-11-19 03:00,64.0,4.7,80.5
2023-11-19 04:00,62.1,5.8,83.6
2023-11-19 05:00,60.1,5.8,92.6
2023-11-19 06:00,60.1,5.8,92.6
2023-11-19 07:00,57.9,3.4,90.1
2023-11-19 08:00,57.9,0.0,90.1
2023-11-19 09:00,57.9,0.0,90.1
2023-11-19 10:00,55.0,3.4,89.4
2023-11-19 11:00,54.0,3.4,90.0
2023-11-19 12:00,54.0,3.4,90.0
2023-11-19 13:00,51.1,3.4,92.3
2023-11-19 14:00,53.1,8.1,89.3
2023-11-19 15:00,53.1,8.1,89.3
2023-11-19 16:00,61.0,4.7,77.7
2023-11-19 17:00,64.9,0.0,60.8
2023-11-19 18:00,64.9,0.0,60.8
2023-11-19 19:00,70.0,13.9,40.6
2023-11-19 20:00,71.1,12.8,36.3
2023-11-19 21:00,71.1,12.8,36.3
2023-11-19 22:00,70.0,15.0,34.9
2023-11-19 23:00,69.1,12.8,37.5
2023-11-20 00:00,69.1,12.8,37.5
2023-11-20 01:00,64.0,4.7,38.0
2023-11-20 02:00,61.0,4.7,49.8
2023-11-20 03:00,61.0,4.7,49.8
2023-11-20 04:00,57.0,6.9,55.0
2023-11-20 05:00,55.9,4.7,59.6
2023-11-20 06:00,55.9,4.7,59.6
2023-11-20 07:00,55.9,8.1,57.2
2023-11-20 08:00,52.0,5.8,63.4
2023-11-20 09:00,52.0,5.8,63.4
2023-11-20 10:00,48.9,4.7,60.8
2023-11-20 11:00,48.0,5.8,56.0
2023-11-20 12:00,48.0,5.8,56.0
2023-11-20 13:00,46.0,3.4,55.3
2023-11-20 14:00,48.0,4.7,47.4
2023-11-20 15:00,48.0,4.7,47.4
2023-11-20 16:00,57.0,5.8,34.0
2023-11-20 17:00,60.1,6.9,31.9
2023-11-20 18:00,60.1,6.9,31.9
2023-11-20 19:00,64.9,6.9,29.1
2023-11-20 20:00,66.9,8.1,29.4
2023-11-20 21:00,66.9,8.1,29.4
2023-11-20 22:00,66.9,12.8,30.7
2023-11-20 23:00,66.0,9.2,34.3
2023-11-21 00:00,66.0,9.2,34.3
2023-11-21 01:00,62.1,11.4,39.4
2023-11-21 02:00,61.0,8.1,40.9
2023-11-21 03:00,61.0,8.1,40.9
2023-11-21 04:00,57.9,3.4,47.2
2023-11-21 05:00,54.0,0.0,50.4
2023-11-21 06:00,54.0,0.0,50.4
2023-11-21 07:00,50.0,0.0,56.3
2023-11-21 08:00,50.0,0.0,56.3
2023-11-21 09:00,50.0,0.0,56.3
2023-11-21 10:00,46.0,3.4,62.6
2023-11-21 11:00,55.9,9.2,43.4
2023-11-21 12:00,55.9,9.2,43.4
2023-11-21 13:00,60.1,9.2,37.4
2023-11-21 14:00,60.1,9.2,37.4
2023-11-21 15:00,60.1,9.2,37.4
2023-11-21 16:00,66.0,11.4,29.3
2023-11-21 17:00,68.0,19.7,25.1
2023-11-21 18:00,68.0,19.7,25.1
2023-11-21 19:00,72.0,23.0,18.6
2023-11-21 20:00,73.0,15.0,17.3
2023-11-21 21:00,73.0,15.0,17.3
2023-11-21 22:00,72.0,10.3,17.2
2023-11-21 23:00,70.0,13.9,19.2
2023-11-22 00:00,70.0,13.9,19.2
2023-11-22 01:00,64.9,6.9,21.8
2023-11-22 02:00,62.1,4.7,24.2
2023-11-22 03:00,62.1,4.7,24.2
2023-11-22 04:00,61.0,9.2,26.2
2023-11-22 05:00,60.1,10.3,27.1
2023-11-22 06:00,60.1,10.3,27.1
2023-11-22 07:00,57.9,12.8,29.3
2023-11-22 08:00,55.9,11.4,30.1
2023-11-22 09:00,55.9,11.4,30.1
2023-11-22 10:00,55.0,9.2,31.1
2023-11-22 11:00,54.0,13.9,32.3
2023-11-22 12:00,54.0,13.9,32.3
2023-11-22 13:00,53.1,10.3,33.4
2023-11-22 14:00,55.9,16.1,29.0
2023-11-22 15:00,55.9,16.1,29.0
2023-11-22 16:00,64.0,20.8,21.7
2023-11-22 17:00,66.9,20.8,17.9
2023-11-22 18:00,66.9,20.8,17.9
2023-11-22 19:00,71.1,16.1,15.6
2023-11-22 20:00,73.0,18.3,14.0
2023-11-22 21:00,73.0,18.3,14.0
2023-11-22 22:00,73.9,10.3,11.9
2023-11-22 23:00,73.0,11.4,13.4
2023-11-23 00:00,73.0,11.4,13.4
2023-11-23 01:00,66.0,5.8,17.0
2023-11-23 02:00,62.1,9.2,20.5
2023-11-23 03:00,62.1,9.2,20.5
2023-11-23 04:00,60.1,9.2,21.9
2023-11-23 05:00,60.1,10.3,21.0
2023-11-23 06:00,60.1,10.3,21.0
2023-11-23 07:00,55.0,6.9,24.2
2023-11-23 08:00,50.0,5.8,29.1
2023-11-23 09:00,50.0,5.8,29.1
2023-11-23 10:00,51.1,11.4,26.7
2023-11-23 11:00,51.1,8.1,26.7
2023-11-23 12:00,51.1,8.1,26.7
2023-11-23 13:00,50.0,10.3,27.8
2023-11-23 14:00,50.0,10.3,29.1
2023-11-23 15:00,50.0,10.3,29.1
2023-11-23 16:00,61.0,10.3,18.6
2023-11-23 17:00,66.0,9.2,16.4
2023-11-23 18:00,66.0,9.2,16.4
2023-11-23 19:00,73.9,16.1,11.9
2023-11-23 20:00,73.9,16.1,11.0
2023-11-23 21:00,73.9,16.1,11.0
2023-11-23 22:00,73.9,12.8,11.0
2023-11-23 23:00,71.1,9.2,12.6
2023-11-24 00:00,71.1,9.2,12.6
2023-11-24 01:00,62.1,0.0,17.9
2023-11-24 02:00,62.1,3.4,19.5
2023-11-24 03:00,62.1,3.4,19.5
2023-11-24 04:00,55.0,5.8,27.3
2023-11-24 05:00,55.9,5.8,30.1
2023-11-24 06:00,55.9,5.8,30.1
2023-11-24 07:00,55.0,5.8,32.5
2023-11-24 08:00,50.0,3.4,34.4
2023-11-24 09:00,50.0,3.4,34.4
2023-11-24 10:00,50.0,4.7,34.4
2023-11-24 11:00,50.0,5.8,37.4
2023-11-24 12:00,50.0,5.8,37.4
2023-11-24 13:00,52.0,6.9,37.7
2023-11-24 14:00,55.9,0.0,35.4
2023-11-24 15:00,55.9,0.0,35.4
2023-11-24 16:00,64.9,17.2,41.5
2023-11-24 17:00,66.9,19.7,38.8
2023-11-24 18:00,66.9,19.7,38.8
2023-11-24 19:00,71.1,16.1,28.8
2023-11-24 20:00,73.0,19.7,22.1
2023-11-24 21:00,73.0,19.7,22.1
2023-11-24 22:00,72.0,18.3,25.9
2023-11-24 23:00,71.1,12.8,24.6
2023-11-25 00:00,71.1,12.8,24.6
2023-11-25 01:00,64.0,6.9,27.7
2023-11-25 02:00,64.0,8.1,31.4
2023-11-25 03:00,64.0,8.1,31.4
2023-11-25 04:00,59.0,6.9,43.9
2023-11-25 05:00,57.9,6.9,49.3
2023-11-25 06:00,57.9,6.9,49.3
2023-11-25 07:00,54.0,4.7,54.5
2023-11-25 08:00,54.0,0.0,58.9
2023-11-25 09:00,54.0,0.0,58.9
2023-11-25 10:00,52.0,3.4,61.2
2023-11-25 11:00,52.0,5.8,58.6
2023-11-25 12:00,52.0,5.8,58.6
2023-11-25 13:00,51.1,3.4,60.6
2023-11-25 14:00,48.0,4.7,82.6
2023-11-25 15:00,48.0,4.7,82.6
2023-11-25 16:00,52.0,5.8,86.3
2023-11-25 17:00,54.0,0.0,83.0
2023-11-25 18:00,54.0,0.0,83.0
2023-11-25 19:00,59.0,0.0,64.2
2023-11-25 20:00,60.1,0.0,51.4
2023-11-25 21:00,60.1,0.0,51.4
2023-11-25 22:00,63.0,5.8,42.7
2023-11-25 23:00,61.0,4.7,44.2
2023-11-26 00:00,61.0,4.7,44.2
2023-11-26 01:00,57.0,3.4,52.7
2023-11-26 02:00,53.1,0.0,58.8
2023-11-26 03:00,53.1,0.0,58.8
2023-11-26 04:00,48.9,0.0,71.0
2023-11-26 05:00,48.9,0.0,68.5
2023-11-26 06:00,48.9,0.0,68.5
2023-11-26 07:00,46.9,0.0,65.4
2023-11-26 08:00,44.1,0.0,76.2
2023-11-26 09:00,44.1,0.0,76.2
2023-11-26 10:00,41.0,0.0,85.7
2023-11-26 11:00,42.1,3.4,78.8
2023-11-26 12:00,42.1,3.4,78.8
2023-11-26 13:00,41.0,5.8,75.9
2023-11-26 14:00,41.0,0.0,82.1
2023-11-26 15:00,41.0,0.0,82.1
2023-11-26 16:00,54.0,0.0,54.5
2023-11-26 17:00,57.9,4.7,49.3
2023-11-26 18:00,57.9,4.7,49.3
2023-11-26 19:00,66.0,8.1,32.8
2023-11-26 20:00,68.0,8.1,30.7
2023-11-26 21:00,68.0,8.1,30.7
2023-11-26 22:00,66.9,6.9,31.8
2023-11-26 23:00,64.9,6.9,34.1
2023-11-27 00:00,64.9,6.9,34.1
2023-11-27 01:00,57.9,5.8,43.7
2023-11-27 02:00,57.0,4.7,43.6
2023-11-27 03:00,57.0,4.7,43.6
2023-11-27 04:00,54.0,0.0,52.6
2023-11-27 05:00,51.1,4.7,58.5
2023-11-27 06:00,51.1,4.7,58.5
2023-11-27 07:00,48.9,5.8,56.2
2023-11-27 08:00,48.9,6.9,54.2
2023-11-27 09:00,48.9,6.9,54.2
2023-11-27 10:00,50.0,5.8,53.9
2023-11-27 11:00,48.9,5.8,54.2
2023-11-27 12:00,48.9,5.8,54.2
2023-11-27 13:00,48.9,5.8,56.2
2023-11-27 14:00,51.1,5.8,51.8
2023-11-27 15:00,51.1,5.8,51.8
2023-11-27 16:00,57.9,5.8,43.7
2023-11-27 17:00,62.1,0.0,39.4
2023-11-27 18:00,62.1,0.0,39.4
2023-11-27 19:00,69.1,5.8,33.3
2023-11-27 20:00,70.0,3.4,31.0
2023-11-27 21:00,70.0,3.4,31.0
2023-11-27 22:00,73.0,5.8,29.1
2023-11-27 23:00,71.1,4.7,29.9
2023-11-28 00:00,71.1,4.7,29.9
2023-11-28 01:00,64.0,5.8,39.7
2023-11-28 02:00,60.1,4.7,45.6
2023-11-28 03:00,60.1,4.7,45.6
2023-11-28 04:00,55.9,3.4,50.7
2023-11-28 05:00,55.9,3.4,50.7
2023-11-28 06:00,55.9,3.4,50.7
2023-11-28 07:00,54.0,6.9,50.4
2023-11-28 08:00,52.0,5.8,54.2
2023-11-28 09:00,52.0,5.8,54.2
2023-11-28 10:00,53.1,5.8,52.1
2023-11-28 11:00,54.0,4.7,50.4
2023-11-28 12:00,54.0,4.7,50.4
2023-11-28 13:00,54.0,5.8,48.7
2023-11-28 14:00,54.0,6.9,50.4
2023-11-28 15:00,54.0,6.9,50.4
2023-11-28 16:00,66.0,13.9,30.4
2023-11-28 17:00,69.1,10.3,28.5
2023-11-28 18:00,69.1,10.3,28.5
2023-11-28 19:00,73.0,4.7,29.1
2023-11-28 20:00,73.9,0.0,27.1
2023-11-28 21:00,73.9,0.0,27.1
2023-11-28 22:00,75.9,0.0,26.5
2023-11-28 23:00,73.9,11.4,29.3
2023-11-29 00:00,73.9,11.4,29.3
2023-11-29 01:00,66.0,4.7,38.4
2023-11-29 02:00,61.0,4.7,45.8
2023-11-29 03:00,61.0,4.7,45.8
2023-11-29 04:00,57.0,5.8,50.9
2023-11-29 05:00,55.9,4.7,52.9
2023-11-29 06:00,55.9,4.7,52.9
2023-11-29 07:00,52.0,4.7,58.6
2023-11-29 08:00,51.1,5.8,58.5
2023-11-29 09:00,51.1,5.8,58.5
2023-11-29 10:00,48.9,9.2,63.4
2023-11-29 11:00,48.0,5.8,65.6
2023-11-29 12:00,48.0,5.8,65.6
2023-11-29 13:00,46.9,4.7,68.3
2023-11-29 14:00,46.9,9.2,68.3
2023-11-29 15:00,46.9,9.2,68.3
2023-11-29 16:00,60.1,6.9,45.6
2023-11-29 17:00,66.0,4.7,38.4
2023-11-29 18:00,66.0,4.7,38.4
2023-11-29 19:00,70.0,,33.5
2023-11-29 20:00,69.1,0.0,34.5
2023-11-29 21:00,71.1,3.4,33.6
2023-11-29 22:00,70.0,12.8,31.0
2023-11-29 23:00,68.0,10.3,32.0
2023-11-30 00:00,68.0,10.3,32.0
2023-11-30 01:00,63.0,6.9,29.9
2023-11-30 02:00,60.1,9.2,40.5
2023-11-30 03:00,60.1,9.2,40.5
2023-11-30 04:00,57.9,6.9,49.3
2023-11-30 05:00,57.0,6.9,52.7
2023-11-30 06:00,57.0,6.9,52.7
2023-11-30 07:00,55.0,5.8,56.6
2023-11-30 08:00,53.1,4.7,60.9
2023-11-30 09:00,53.1,4.7,60.9
2023-11-30 10:00,51.1,3.4,65.5
2023-11-30 11:00,51.1,3.4,65.5
2023-11-30 12:00,51.1,4.7,65.5
2023-11-30 13:00,51.1,5.8,68.3
2023-11-30 14:00,52.0,4.7,68.9
2023-11-30 15:00,52.0,4.7,68.9
2023-11-30 16:00,57.0,5.8,45.1
2023-11-30 17:00,57.0,6.9,41.7
2023-11-30 18:00,61.0,16.1,36.2
2023-11-30 19:00,61.0,10.3,30.9
2023-11-30 20:00,61.0,10.3,28.5
2023-11-30 21:00,61.0,10.3,28.5
2023-11-30 22:00,61.0,8.1,32.0
2023-11-30 23:00,60.1,8.1,36.1
2023-12-01 00:00,60.1,8.1,36.1
2023-12-01 01:00,59.0,4.7,38.9
2023-12-01 02:00,57.9,5.8,40.4
2023-12-01 03:00,57.9,5.8,40.4
2023-12-01 04:00,55.0,0.0,48.5
2023-12-01 05:00,54.0,3.4,50.4
2023-12-01 06:00,54.0,3.4,50.4
2023-12-01 07:00,52.0,3.4,54.2
2023-12-01 08:00,50.0,0.0,58.4
2023-12-01 09:00,50.0,0.0,58.4
2023-12-01 10:00,48.9,0.0,68.5
2023-12-01 11:00,48.9,4.7,65.7
2023-12-01 12:00,48.9,4.7,65.7
2023-12-01 13:00,50.0,5.8,60.9
2023-12-01 14:00,48.9,0.0,65.7
2023-12-01 15:00,48.9,0.0,65.7
2023-12-01 16:00,55.9,0.0,54.8
2023-12-01 17:00,52.0,12.8,76.9
2023-12-01 18:00,51.1,6.9,82.8
2023-12-01 19:00,52.0,0.0,80.1
2023-12-01 20:00,52.0,0.0,80.1
2023-12-01 21:00,52.0,0.0,80.1
2023-12-01 22:00,53.1,10.3,77.0
2023-12-01 23:00,53.1,4.7,73.9
2023-12-02 00:00,53.1,4.7,73.9
2023-12-02 01:00,50.0,4.7,89.2
2023-12-02 02:00,50.0,0.0,89.2
2023-12-02 03:00,50.0,0.0,89.2
2023-12-02 04:00,50.0,3.4,86.2
2023-12-02 05:00,46.9,3.4,92.8
2023-12-02 06:00,46.9,3.4,92.8
2023-12-02 07:00,46.0,4.7,89.0
2023-12-02 08:00,44.1,6.9,88.9
2023-12-02 09:00,44.1,6.9,88.9
2023-12-02 10:00,42.1,6.9,88.8
2023-12-02 11:00,41.0,3.4,92.6
2023-12-02 12:00,41.0,3.4,92.6
2023-12-02 13:00,41.0,5.8,88.8
2023-12-02 14:00,41.0,6.9,88.8
2023-12-02 15:00,41.0,6.9,88.8
2023-12-02 16:00,48.9,5.8,77.2
2023-12-02 17:00,52.0,0.0,74.3
2023-12-02 18:00,52.0,0.0,74.3
2023-12-02 19:00,57.9,3.4,51.0
2023-12-02 20:00,61.0,0.0,37.8
2023-12-02 21:00,61.0,0.0,37.8
2023-12-02 22:00,62.1,5.8,29.7
2023-12-02 23:00,61.0,4.7,37.8
2023-12-03 00:00,61.0,4.7,37.8
2023-12-03 01:00,53.1,0.0,54.4
2023-12-03 02:00,54.0,0.0,50.4
2023-12-03 03:00,54.0,0.0,50.4
2023-12-03 04:00,46.9,4.7,68.3
2023-12-03 05:00,44.1,5.8,76.2
2023-12-03 06:00,44.1,5.8,76.2
2023-12-03 07:00,44.1,5.8,67.5
2023-12-03 08:00,41.0,6.9,75.9
2023-12-03 09:00,41.0,6.9,75.9
2023-12-03 10:00,39.0,6.9,79.1
2023-12-03 11:00,39.0,8.1,75.7
2023-12-03 12:00,39.0,8.1,75.7
2023-12-03 13:00,37.9,6.9,75.6
2023-12-03 14:00,39.9,6.9,70.0
2023-12-03 15:00,39.9,6.9,70.0
2023-12-03 16:00,48.9,5.8,54.2
2023-12-03 17:00,54.0,0.0,48.7
2023-12-03 18:00,54.0,0.0,48.7
2023-12-03 19:00,63.0,0.0,29.9
2023-12-03 20:00,66.0,0.0,22.8
2023-12-03 21:00,66.0,0.0,22.8
2023-12-03 22:00,66.9,6.9,20.4
2023-12-03 23:00,64.9,8.1,25.7
2023-12-04 00:00,64.9,8.1,25.7
2023-12-04 01:00,60.1,3.4,31.9
2023-12-04 02:00,53.1,4.7,48.2
2023-12-04 03:00,53.1,4.7,48.2
2023-12-04 04:00,48.9,5.8,56.2
2023-12-04 05:00,46.9,6.9,58.4
2023-12-04 06:00,46.9,6.9,58.4
2023-12-04 07:00,43.0,5.8,59.9
2023-12-04 08:00,44.1,3.4,50.7
2023-12-04 09:00,44.1,3.4,50.7
2023-12-04 10:00,42.1,5.8,57.2
2023-12-04 11:00,41.0,5.8,59.7
2023-12-04 12:00,41.0,5.8,59.7
2023-12-04 13:00,42.1,10.3,52.8
2023-12-04 14:00,42.1,5.8,54.8
2023-12-04 15:00,42.1,5.8,54.8
2023-12-04 16:00,52.0,6.9,37.7
2023-12-04 17:00,57.9,3.4,30.4
2023-12-04 18:00,57.9,3.4,30.4
2023-12-04 19:00,68.0,0.0,21.3
2023-12-04 20:00,71.1,6.9,19.2
2023-12-04 21:00,71.1,6.9,19.2
2023-12-04 22:00,69.1,5.8,22.3
2023-12-04 23:00,66.0,5.8,24.8
2023-12-05 00:00,66.0,5.8,24.8
2023-12-05 01:00,61.0,0.0,32.0
2023-12-05 02:00,57.9,4.7,39.0
2023-12-05 03:00,57.9,4.7,39.0
2023-12-05 04:00,53.1,0.0,48.2
2023-12-05 05:00,51.1,0.0,54.1
2023-12-05 06:00,51.1,0.0,54.1
2023-12-05 07:00,48.0,4.7,53.7
2023-12-05 08:00,48.0,5.8,51.4
2023-12-05 09:00,48.0,5.8,51.4
2023-12-05 10:00,48.0,5.8,53.7
2023-12-05 11:00,46.9,5.8,55.9
2023-12-05 12:00,46.9,5.8,55.9
2023-12-05 13:00,48.9,5.8,49.7
2023-12-05 14:00,48.0,9.2,53.7
2023-12-05 15:00,48.0,9.2,53.7
2023-12-05 16:00,64.9,5.8,30.4
2023-12-05 17:00,73.0,17.2,17.3
2023-12-05 18:00,73.0,17.2,17.3
2023-12-05 19:00,79.0,9.2,14.2
2023-12-05 20:00,80.1,5.8,13.1
2023-12-05 21:00,80.1,5.8,13.1
2023-12-05 22:00,80.1,8.1,13.1
2023-12-05 23:00,77.0,5.8,15.2
2023-12-06 00:00,77.0,5.8,15.2
2023-12-06 01:00,69.1,5.8,21.5
2023-12-06 02:00,63.0,3.4,28.8
2023-12-06 03:00,63.0,3.4,28.8
2023-12-06 04:00,64.9,4.7,23.7
2023-12-06 05:00,63.0,9.2,26.6
2023-12-06 06:00,63.0,9.2,26.6
2023-12-06 07:00,57.9,3.4,33.0
2023-12-06 08:00,55.9,10.3,34.1
2023-12-06 09:00,55.9,10.3,34.1
2023-12-06 10:00,53.1,9.2,39.3
2023-12-06 11:00,53.1,5.8,36.2
2023-12-06 12:00,53.1,5.8,36.2
2023-12-06 13:00,48.9,10.3,44.2
2023-12-06 14:00,50.0,9.2,40.6
2023-12-06 15:00,50.0,9.2,40.6
2023-12-06 16:00,66.9,9.2,22.1
2023-12-06 17:00,73.0,10.3,17.3
2023-12-06 18:00,73.0,10.3,17.3
2023-12-06 19:00,78.1,9.2,14.6
2023-12-06 20:00,80.1,4.7,12.6
2023-12-06 21:00,80.1,4.7,12.6
2023-12-06 22:00,82.0,3.4,10.8
2023-12-06 23:00,80.1,0.0,12.1
2023-12-07 00:00,80.1,0.0,12.1
2023-12-07 01:00,69.1,0.0,20.5
2023-12-07 02:00,63.0,5.8,26.6
2023-12-07 03:00,63.0,5.8,26.6
2023-12-07 04:00,55.0,8.1,33.7
2023-12-07 05:00,54.0,6.9,35.1
2023-12-07 06:00,54.0,6.9,35.1
2023-12-07 07:00,52.0,9.2,34.7
2023-12-07 08:00,52.0,11.4,33.5
2023-12-07 09:00,52.0,11.4,33.5
2023-12-07 10:00,46.9,4.7,45.5
2023-12-07 11:00,48.0,6.9,38.8
2023-12-07 12:00,48.0,6.9,38.8
2023-12-07 13:00,46.9,4.7,40.4
2023-12-07 14:00,48.0,5.8,38.8
2023-12-07 15:00,48.0,5.8,38.8
2023-12-07 16:00,63.0,4.7,21.5
2023-12-07 17:00,66.0,0.0,21.0
2023-12-07 18:00,66.0,0.0,21.0
2023-12-07 19:00,75.0,0.0,15.5
2023-12-07 20:00,75.9,3.4,15.7
2023-12-07 21:00,75.9,3.4,15.7
2023-12-07 22:00,77.0,10.3,16.4
2023-12-07 23:00,73.9,5.8,18.9
2023-12-08 00:00,73.9,5.8,18.9
2023-12-08 01:00,66.9,0.0,25.1
2023-12-08 02:00,61.0,4.7,30.9
2023-12-08 03:00,61.0,4.7,30.9
2023-12-08 04:00,54.0,8.1,38.0
2023-12-08 05:00,52.0,8.1,39.4
2023-12-08 06:00,52.0,8.1,39.4
2023-12-08 07:00,48.9,0.0,44.2
2023-12-08 08:00,48.0,6.9,43.7
2023-12-08 09:00,48.0,6.9,43.7
2023-12-08 10:00,46.0,6.9,45.4
2023-12-08 11:00,45.0,5.8,49.0
2023-12-08 12:00,45.0,5.8,49.0
2023-12-08 13:00,46.0,5.8,45.4
2023-12-08 14:00,46.0,8.1,43.4
2023-12-08 15:00,46.0,8.1,43.4
2023-12-08 16:00,55.9,3.4,32.6
2023-12-08 17:00,64.0,4.7,27.7
2023-12-08 18:00,64.0,4.7,27.7
2023-12-08 19:00,68.0,6.9,22.3
2023-12-08 20:00,69.1,4.7,20.5
2023-12-08 21:00,69.1,4.7,20.5
2023-12-08 22:00,70.0,5.8,20.8
2023-12-08 23:00,68.0,5.8,23.1
2023-12-09 00:00,68.0,5.8,23.1
2023-12-09 01:00,60.1,3.4,31.9
2023-12-09 02:00,57.9,3.4,34.4
2023-12-09 03:00,57.9,3.4,34.4
2023-12-09 04:00,50.0,3.4,42.4
2023-12-09 05:00,48.0,5.8,43.7
2023-12-09 06:00,48.0,5.8,43.7
2023-12-09 07:00,45.0,5.8,47.2
2023-12-09 08:00,44.1,3.4,48.9
2023-12-09 09:00,44.1,3.4,48.9
2023-12-09 10:00,41.0,6.9,52.6
2023-12-09 11:00,39.9,4.7,57.3
2023-12-09 12:00,39.9,4.7,57.3
2023-12-09 13:00,39.0,4.7,56.8
2023-12-09 14:00,41.0,5.8,55.0
2023-12-09 15:00,41.0,5.8,55.0
2023-12-09 16:00,51.1,0.0,40.8
2023-12-09 17:00,55.9,3.4,35.4
2023-12-09 18:00,55.9,3.4,35.4
2023-12-09 19:00,63.0,,20.6
2023-12-09 20:00,64.9,4.7,14.3
2023-12-09 21:00,64.9,4.7,14.3
2023-12-09 22:00,64.9,6.9,13.0
2023-12-09 23:00,63.0,9.2,11.7
2023-12-10 00:00,63.0,9.2,11.7
2023-12-10 01:00,54.0,3.4,16.2
2023-12-10 02:00,54.0,4.7,16.2
2023-12-10 03:00,54.0,4.7,16.2
2023-12-10 04:00,46.0,4.7,22.8
2023-12-10 05:00,45.0,4.7,24.7
2023-12-10 06:00,45.0,4.7,24.7
2023-12-10 07:00,48.9,12.8,16.3
2023-12-10 08:00,51.1,12.8,15.0
2023-12-10 09:00,51.1,12.8,15.0
2023-12-10 10:00,50.0,9.2,15.6
2023-12-10 11:00,52.0,18.3,13.8
2023-12-10 12:00,52.0,18.3,13.8
2023-12-10 13:00,50.0,13.9,14.9
2023-12-10 14:00,48.9,20.8,14.9
2023-12-10 15:00,48.9,20.8,14.9
2023-12-10 16:00,57.0,18.3,11.5
2023-12-10 17:00,61.0,18.3,10.0
2023-12-10 18:00,61.0,18.3,10.0
2023-12-10 19:00,66.0,18.3,8.8
2023-12-10 20:00,68.0,18.3,8.2
2023-12-10 21:00,68.0,18.3,8.2
2023-12-10 22:00,70.0,8.1,8.1
2023-12-10 23:00,68.0,9.2,8.6
2023-12-11 00:00,63.0,6.9,10.3
2023-12-11 01:00,61.0,10.3,11.5
2023-12-11 02:00,57.9,15.0,12.8
2023-12-11 03:00,57.9,15.0,12.8
2023-12-11 04:00,48.0,0.0,20.1
2023-12-11 05:00,48.9,3.4,18.7
2023-12-11 06:00,48.9,3.4,18.7
2023-12-11 07:00,44.1,4.7,24.6
2023-12-11 08:00,44.1,3.4,22.5
2023-12-11 09:00,44.1,3.4,22.5
2023-12-11 10:00,44.1,9.2,21.4
2023-12-11 11:00,42.1,9.2,23.1
2023-12-11 12:00,42.1,9.2,23.1
2023-12-11 13:00,41.0,6.9,23.1
2023-12-11 14:00,41.0,5.8,24.1
2023-12-11 15:00,41.0,5.8,24.1
2023-12-11 16:00,55.9,3.4,13.8
2023-12-11 17:00,63.0,8.1,11.7
2023-12-11 18:00,69.1,6.9,9.5
2023-12-11 19:00,73.9,8.1,7.3
2023-12-11 20:00,75.9,4.7,5.7
2023-12-11 21:00,75.9,4.7,5.7
2023-12-11 22:00,73.9,4.7,8.8
2023-12-11 23:00,68.0,4.7,13.4
2023-12-12 00:00,68.0,4.7,13.4
2023-12-12 01:00,61.0,3.4,16.5
2023-12-12 02:00,57.9,0.0,19.1
2023-12-12 03:00,57.9,0.0,19.1
2023-12-12 04:00,51.1,0.0,23.6
2023-12-12 05:00,48.0,9.2,24.0
2023-12-12 06:00,48.0,9.2,24.0
2023-12-12 07:00,48.9,6.9,21.3
2023-12-12 08:00,50.0,10.3,19.6
2023-12-12 09:00,50.0,10.3,19.6
2023-12-12 10:00,51.1,6.9,19.6
2023-12-12 11:00,50.0,10.3,22.3
2023-12-12 12:00,50.0,10.3,22.3
2023-12-12 13:00,55.0,6.9,19.4
2023-12-12 14:00,55.9,8.1,19.7
2023-12-12 15:00,55.0,6.9,21.2
2023-12-12 16:00,66.0,0.0,15.6
2023-12-12 17:00,70.0,0.0,14.3
2023-12-12 18:00,70.0,0.0,14.3
2023-12-12 19:00,77.0,10.3,9.1
2023-12-12 20:00,78.1,5.8,8.8
2023-12-12 21:00,78.1,5.8,8.8
2023-12-12 22:00,75.9,13.9,6.6
2023-12-12 23:00,75.0,8.1,6.5
2023-12-13 00:00,70.0,9.2,8.1
2023-12-13 01:00,66.0,3.4,8.8
2023-12-13 02:00,62.1,4.7,10.6
2023-12-13 03:00,62.1,4.7,10.6
2023-12-13 04:00,59.0,4.7,13.5
2023-12-13 05:00,50.0,4.7,19.6
2023-12-13 06:00,50.0,4.7,19.6
2023-12-13 07:00,46.9,0.0,24.0
2023-12-13 08:00,45.0,5.8,24.7
2023-12-13 09:00,45.0,5.8,24.7
2023-12-13 10:00,45.0,5.8,29.6
2023-12-13 11:00,45.0,5.8,30.8
2023-12-13 12:00,45.0,5.8,30.8
2023-12-13 13:00,42.1,6.9,37.5
2023-12-13 14:00,45.0,9.2,35.2
2023-12-13 15:00,45.0,9.2,35.2
2023-12-13 16:00,57.9,3.4,23.7
2023-12-13 17:00,64.9,6.9,20.1
2023-12-13 18:00,64.9,6.9,20.1
2023-12-13 19:00,70.0,4.7,18.4
2023-12-13 20:00,70.0,8.1,16.1
2023-12-13 21:00,70.0,8.1,16.1
2023-12-13 22:00,68.0,12.8,19.6
2023-12-13 23:00,66.9,10.3,20.4
2023-12-14 00:00,66.9,10.3,20.4
2023-12-14 01:00,60.1,3.4,27.1
2023-12-14 02:00,57.0,0.0,30.2
2023-12-14 03:00,57.0,0.0,30.2
2023-12-14 04:00,51.1,6.9,33.1
2023-12-14 05:00,50.0,4.7,31.7
2023-12-14 06:00,50.0,4.7,31.7
2023-12-14 07:00,43.0,5.8,42.9
2023-12-14 08:00,42.1,4.7,44.4
2023-12-14 09:00,42.1,4.7,44.4
2023-12-14 10:00,39.9,8.1,48.2
2023-12-14 11:00,39.0,6.9,52.3
2023-12-14 12:00,39.0,6.9,52.3
2023-12-14 13:00,37.9,6.9,54.5
2023-12-14 14:00,39.0,9.2,50.0
2023-12-14 15:00,39.0,9.2,50.0
2023-12-14 16:00,50.0,4.7,37.4
2023-12-14 17:00,57.0,0.0,28.9
2023-12-14 18:00,57.0,0.0,28.9
2023-12-14 19:00,64.0,4.7,22.5
2023-12-14 20:00,64.9,6.9,15.6
2023-12-14 21:00,64.9,6.9,15.6
2023-12-14 22:00,66.0,9.2,17.8
2023-12-14 23:00,64.0,8.1,16.7
2023-12-15 00:00,60.1,5.8,21.0
2023-12-15 01:00,55.0,0.0,25.1
2023-12-15 02:00,54.0,0.0,25.1
2023-12-15 03:00,54.0,0.0,25.1
2023-12-15 04:00,48.0,4.7,29.9
2023-12-15 05:00,45.0,5.8,32.3
2023-12-15 06:00,45.0,5.8,32.3
2023-12-15 07:00,41.0,6.9,39.1
2023-12-15 08:00,41.0,6.9,37.6
2023-12-15 09:00,41.0,6.9,37.6
2023-12-15 10:00,37.9,6.9,42.3
2023-12-15 11:00,37.0,4.7,43.9
2023-12-15 12:00,37.0,4.7,43.9
2023-12-15 13:00,36.0,0.0,47.6
2023-12-15 14:00,37.0,0.0,47.8
2023-12-15 15:00,37.0,0.0,47.8
2023-12-15 16:00,61.0,12.8,21.3
2023-12-15 17:00,66.0,12.8,17.0
2023-12-15 18:00,66.0,12.8,17.0
2023-12-15 19:00,70.0,6.9,13.6
2023-12-15 20:00,73.9,11.4,11.0
2023-12-15 21:00,73.9,11.4,11.0
2023-12-15 22:00,73.9,10.3,11.0
2023-12-15 23:00,71.1,13.9,12.1
2023-12-16 00:00,71.1,13.9,12.1
2023-12-16 01:00,64.9,9.2,14.9
2023-12-16 02:00,64.0,9.2,16.1
2023-12-16 03:00,64.0,9.2,16.1
2023-12-16 04:00,59.0,8.1,20.0
2023-12-16 05:00,57.9,11.4,20.8
2023-12-16 06:00,57.9,8.1,20.0
2023-12-16 07:00,57.9,9.2,20.0
2023-12-16 08:00,59.0,15.0,19.2
2023-12-16 09:00,59.0,15.0,19.2
2023-12-16 10:00,57.9,13.9,20.0
2023-12-16 11:00,57.9,19.7,20.8
2023-12-16 12:00,57.9,19.7,20.8
2023-12-16 13:00,57.9,15.0,20.8
2023-12-16 14:00,57.9,17.2,21.8
2023-12-16 15:00,57.9,17.2,21.8
2023-12-16 16:00,66.0,23.0,16.4
2023-12-16 17:00,69.1,25.3,14.1
2023-12-16 18:00,69.1,25.3,14.1
2023-12-16 19:00,72.0,19.7,12.3
2023-12-16 20:00,75.0,19.7,11.5
2023-12-16 21:00,75.0,19.7,11.5
2023-12-16 22:00,75.0,15.0,11.5
2023-12-16 23:00,73.0,13.9,12.3
2023-12-17 00:00,73.0,13.9,12.3
2023-12-17 01:00,66.0,9.2,16.4
2023-12-17 02:00,64.0,13.9,19.1
2023-12-17 03:00,64.0,13.9,19.1
2023-12-17 04:00,62.1,6.9,20.5
2023-12-17 05:00,59.0,5.8,22.8
2023-12-17 06:00,59.0,5.8,22.8
2023-12-17 07:00,54.0,6.9,22.0
2023-12-17 08:00,48.9,3.4,28.9
2023-12-17 09:00,48.9,3.4,28.9
2023-12-17 10:00,50.0,8.1,25.5
2023-12-17 11:00,48.9,6.9,26.5
2023-12-17 12:00,48.9,6.9,26.5
2023-12-17 13:00,46.0,4.7,31.0
2023-12-17 14:00,46.9,9.2,28.6
2023-12-17 15:00,46.9,9.2,28.6
2023-12-17 16:00,60.1,5.8,19.3
2023-12-17 17:00,66.0,6.9,15.6
2023-12-17 18:00,66.0,6.9,15.6
2023-12-17 19:00,75.9,6.9,11.2
2023-12-17 20:00,80.1,4.7,8.9
2023-12-17 21:00,80.1,4.7,8.9
2023-12-17 22:00,81.0,0.0,7.6
2023-12-17 23:00,80.1,3.4,8.2
2023-12-18 00:00,80.1,3.4,8.2
2023-12-18 01:00,66.0,0.0,16.4
2023-12-18 02:00,60.1,3.4,21.0
2023-12-18 03:00,60.1,3.4,21.0
2023-12-18 04:00,55.9,5.8,21.5
2023-12-18 05:00,55.9,4.7,20.5
2023-12-18 06:00,55.9,4.7,20.5
2023-12-18 07:00,51.1,9.2,19.6
2023-12-18 08:00,54.0,6.9,17.0
2023-12-18 09:00,54.0,6.9,17.0
2023-12-18 10:00,50.0,5.8,21.4
2023-12-18 11:00,48.9,10.3,22.3
2023-12-18 12:00,48.9,10.3,22.3
2023-12-18 13:00,52.0,9.2,21.7
2023-12-18 14:00,52.0,5.8,22.8
2023-12-18 15:00,52.0,5.8,22.8
2023-12-18 16:00,64.0,11.4,17.5
2023-12-18 17:00,69.1,10.3,14.1
2023-12-18 18:00,69.1,10.3,14.1
2023-12-18 19:00,80.1,10.3,9.7
2023-12-18 20:00,79.0,3.4,11.0
2023-12-18 21:00,79.0,3.4,11.0
2023-12-18 22:00,79.0,3.4,12.5
2023-12-18 23:00,75.9,0.0,13.2
2023-12-19 00:00,75.9,0.0,13.2
2023-12-19 01:00,72.0,10.3,12.3
2023-12-19 02:00,70.0,0.0,13.6
2023-12-19 03:00,70.0,0.0,13.6
2023-12-19 04:00,66.0,3.4,18.5
2023-12-19 05:00,59.0,3.4,22.8
2023-12-19 06:00,59.0,3.4,22.8
2023-12-19 07:00,55.9,4.7,26.4
2023-12-19 08:00,55.9,5.8,25.5
2023-12-19 09:00,55.9,5.8,25.5
2023-12-19 10:00,54.0,0.0,25.1
2023-12-19 11:00,53.1,0.0,27.0
2023-12-19 12:00,53.1,0.0,27.0
2023-12-19 13:00,53.1,0.0,27.0
2023-12-19 14:00,53.1,0.0,28.3
2023-12-19 15:00,53.1,0.0,28.3
2023-12-19 16:00,61.0,3.4,23.1
2023-12-19 17:00,64.9,3.4,20.1
2023-12-19 18:00,64.9,3.4,20.1
2023-12-19 19:00,70.0,0.0,15.5
2023-12-19 20:00,72.0,0.0,13.4
2023-12-19 21:00,72.0,0.0,13.4
2023-12-19 22:00,73.9,5.8,13.6
2023-12-19 23:00,73.0,0.0,14.0
2023-12-20 00:00,73.0,0.0,14.0
2023-12-20 01:00,66.9,0.0,19.6
2023-12-20 02:00,62.1,4.7,22.2
2023-12-20 03:00,62.1,4.7,22.2
2023-12-20 04:00,59.0,4.7,29.2
2023-12-20 05:00,57.9,3.4,25.8
2023-12-20 06:00,57.9,3.4,25.8
2023-12-20 07:00,57.9,0.0,25.8
2023-12-20 08:00,55.9,3.4,27.7
2023-12-20 09:00,55.9,3.4,27.7
2023-12-20 10:00,55.0,5.8,27.3
2023-12-20 11:00,55.9,3.4,25.5
2023-12-20 12:00,55.9,3.4,25.5
2023-12-20 13:00,55.0,3.4,25.1
2023-12-20 14:00,54.0,4.7,28.4
2023-12-20 15:00,54.0,4.7,28.4
2023-12-20 16:00,57.9,8.1,34.4
2023-12-20 17:00,61.0,,26.2
2023-12-20 18:00,61.0,,26.2
2023-12-20 19:00,71.1,4.7,20.1
2023-12-20 20:00,73.9,3.4,17.4
2023-12-20 21:00,73.9,3.4,17.4
2023-12-20 22:00,75.0,0.0,19.0
2023-12-20 23:00,73.0,0.0,21.1
2023-12-21 00:00,73.0,0.0,21.1
2023-12-21 01:00,66.0,5.8,26.8
2023-12-21 02:00,61.0,3.4,36.2
2023-12-21 03:00,61.0,3.4,36.2
2023-12-21 04:00,55.9,6.9,38.4
2023-12-21 05:00,54.0,5.8,39.7
2023-12-21 06:00,54.0,5.8,39.7
2023-12-21 07:00,53.1,5.8,46.5
2023-12-21 08:00,48.0,4.7,47.4
2023-12-21 09:00,48.0,4.7,47.4
2023-12-21 10:00,50.0,5.8,53.9
2023-12-21 11:00,50.0,4.7,56.3
2023-12-21 12:00,50.0,4.7,56.3
2023-12-21 13:00,54.0,10.3,54.5
2023-12-21 14:00,45.0,3.4,65.2
2023-12-21 15:00,45.0,3.4,65.2
2023-12-21 16:00,63.0,5.8,42.7
2023-12-21 17:00,66.0,0.0,38.4
2023-12-21 18:00,66.0,0.0,38.4
2023-12-21 19:00,73.0,6.9,29.1
2023-12-21 20:00,73.9,4.7,28.3
2023-12-21 21:00,73.9,4.7,28.3
2023-12-21 22:00,75.9,3.4,24.5
2023-12-21 23:00,75.0,4.7,24.2
2023-12-22 00:00,75.0,4.7,24.2
2023-12-22 01:00,66.9,4.7,35.9
2023-12-22 02:00,64.0,3.4,39.7
2023-12-22 03:00,64.0,3.4,39.7
2023-12-22 04:00,59.0,5.8,47.4
2023-12-22 05:00,55.0,5.8,46.8
2023-12-22 06:00,55.0,5.8,46.8
2023-12-22 07:00,52.0,5.8,50.1
2023-12-22 08:00,53.1,6.9,48.2
2023-12-22 09:00,53.1,6.9,48.2
2023-12-22 10:00,50.0,8.1,53.9
2023-12-22 11:00,51.1,5.8,54.1
2023-12-22 12:00,51.1,5.8,54.1
2023-12-22 13:00,53.1,9.2,66.2
2023-12-22 14:00,53.1,11.4,73.9
2023-12-22 15:00,53.1,11.4,73.9
2023-12-22 16:00,52.0,5.8,92.9
2023-12-22 17:00,54.0,9.2,86.4
2023-12-22 18:00,54.0,9.2,86.4
2023-12-22 19:00,54.0,0.0,93.0
2023-12-22 20:00,55.0,8.1,89.4
2023-12-22 21:00,55.0,8.1,89.4
2023-12-22 22:00,55.0,3.4,89.4
2023-12-22 23:00,54.0,5.8,90.0
2023-12-23 00:00,54.0,5.8,90.0
2023-12-23 01:00,53.1,3.4,93.0
2023-12-23 02:00,54.0,8.1,86.4
2023-12-23 03:00,54.0,8.1,86.4
2023-12-23 04:00,54.0,4.7,86.4
2023-12-23 05:00,55.0,5.8,79.8
2023-12-23 06:00,55.0,5.8,79.8
2023-12-23 07:00,53.1,0.0,89.3
2023-12-23 08:00,51.1,0.0,92.3
2023-12-23 09:00,51.1,0.0,92.3
2023-12-23 10:00,50.0,4.7,89.2
2023-12-23 11:00,50.0,0.0,89.2
2023-12-23 12:00,50.0,0.0,89.2
2023-12-23 13:00,48.9,4.7,89.7
2023-12-23 14:00,50.0,4.7,80.0
2023-12-23 15:00,50.0,4.7,80.0
2023-12-23 16:00,53.1,5.8,73.9
2023-12-23 17:00,52.0,4.7,86.3
2023-12-23 18:00,52.0,4.7,86.3
2023-12-23 19:00,54.0,6.9,77.1
2023-12-23 20:00,54.0,10.3,74.5
2023-12-23 21:00,54.0,10.3,74.5
2023-12-23 22:00,55.0,8.1,71.6
2023-12-23 23:00,54.0,10.3,69.1
2023-12-24 00:00,54.0,8.1,71.5
2023-12-24 01:00,53.1,5.8,73.9
2023-12-24 02:00,53.1,0.0,73.9
2023-12-24 03:00,53.1,0.0,73.9
2023-12-24 04:00,52.0,0.0,76.9
2023-12-24 05:00,51.1,3.4,82.8
2023-12-24 06:00,51.1,3.4,82.8
2023-12-24 07:00,50.0,3.4,87.4
2023-12-24 08:00,46.4,0.0,93.4
2023-12-24 09:00,46.9,0.0,92.8
2023-12-24 10:00,44.1,0.0,92.7
2023-12-24 11:00,45.0,0.0,92.7
2023-12-24 12:00,44.1,0.0,92.7
2023-12-24 13:00,44.1,4.7,88.9
2023-12-24 14:00,44.1,3.4,88.9
2023-12-24 15:00,44.1,3.4,88.9
2023-12-24 16:00,50.0,3.4,76.7
2023-12-24 17:00,53.1,0.0,71.4
2023-12-24 18:00,53.1,0.0,71.4
2023-12-24 19:00,57.9,3.4,55.5
2023-12-24 20:00,60.1,9.2,49.3
2023-12-24 21:00,60.1,9.2,49.3
2023-12-24 22:00,59.0,6.9,45.5
2023-12-24 23:00,57.9,6.9,47.2
2023-12-25 00:00,57.9,6.9,47.2
2023-12-25 01:00,52.0,4.7,63.4
2023-12-25 02:00,48.9,0.0,74.0
2023-12-25 03:00,48.9,0.0,74.0
2023-12-25 04:00,46.0,3.4,82.5
2023-12-25 05:00,45.0,6.9,85.9
2023-12-25 06:00,45.0,6.9,85.9
2023-12-25 07:00,43.0,4.7,85.8
2023-12-25 08:00,42.1,4.7,85.1
2023-12-25 09:00,42.1,4.7,85.1
2023-12-25 10:00,39.9,5.8,89.3
2023-12-25 11:00,39.0,4.7,92.5
2023-12-25 12:00,39.0,4.7,92.5
2023-12-25 13:00,39.0,4.7,88.7
2023-12-25 14:00,37.9,8.1,89.3
2023-12-25 15:00,39.0,4.7,85.6
2023-12-25 16:00,45.0,3.4,82.4
2023-12-25 17:00,50.0,0.0,71.1
2023-12-25 18:00,50.0,0.0,71.1
2023-12-25 19:00,55.9,3.4,52.9
2023-12-25 20:00,59.0,0.0,45.5
2023-12-25 21:00,59.0,0.0,45.5
2023-12-25 22:00,61.0,6.9,39.2
2023-12-25 23:00,59.0,5.8,47.4
2023-12-26 00:00,59.0,5.8,47.4
2023-12-26 01:00,53.1,5.8,60.9
2023-12-26 02:00,50.0,0.0,65.8
2023-12-26 03:00,50.0,0.0,65.8
2023-12-26 04:00,48.0,6.9,70.9
2023-12-26 05:00,46.0,4.7,76.4
2023-12-26 06:00,46.0,4.7,76.4
2023-12-26 07:00,43.0,3.4,82.2
2023-12-26 08:00,41.0,0.0,85.7
2023-12-26 09:00,41.0,0.0,85.7
2023-12-26 10:00,39.0,4.7,85.6
2023-12-26 11:00,39.0,4.7,82.0
2023-12-26 12:00,39.0,4.7,82.0
2023-12-26 13:00,37.0,3.4,85.4
2023-12-26 14:00,37.0,8.1,85.4
2023-12-26 15:00,37.0,8.1,85.4
2023-12-26 16:00,46.0,5.8,70.7
2023-12-26 17:00,50.0,0.0,65.8
2023-12-26 18:00,50.0,0.0,65.8
2023-12-26 19:00,55.9,4.7,49.0
2023-12-26 20:00,60.1,4.7,29.4
2023-12-26 21:00,60.1,4.7,29.4
2023-12-26 22:00,61.0,11.4,22.1
2023-12-26 23:00,57.9,4.7,29.3
2023-12-27 00:00,57.9,4.7,29.3
2023-12-27 01:00,48.9,4.7,49.7
2023-12-27 02:00,48.0,3.4,51.4
2023-12-27 03:00,48.0,3.4,51.4
2023-12-27 04:00,44.1,5.8,65.1
2023-12-27 05:00,42.1,5.8,70.2
2023-12-27 06:00,42.1,5.8,70.2
2023-12-27 07:00,39.9,4.7,70.0
2023-12-27 08:00,37.9,5.8,75.6
2023-12-27 09:00,37.9,5.8,75.6
2023-12-27 10:00,37.0,6.9,72.3
2023-12-27 11:00,37.0,5.8,69.6
2023-12-27 12:00,37.0,5.8,69.6
2023-12-27 13:00,36.0,8.1,69.5
2023-12-27 14:00,37.0,5.8,66.6
2023-12-27 15:00,37.0,5.8,66.6
2023-12-27 16:00,46.9,6.9,45.5
2023-12-27 17:00,50.0,4.7,39.1
2023-12-27 18:00,50.0,4.7,39.1
2023-12-27 19:00,57.9,0.0,24.6
2023-12-27 20:00,59.0,0.0,23.7
2023-12-27 21:00,59.0,0.0,23.7
2023-12-27 22:00,62.1,4.7,20.5
2023-12-27 23:00,60.1,6.9,30.5
2023-12-28 00:00,60.1,6.9,30.5
2023-12-28 01:00,53.1,0.0,39.3
2023-12-28 02:00,48.9,3.4,49.7
2023-12-28 03:00,48.9,3.4,49.7
2023-12-28 04:00,43.0,0.0,70.3
2023-12-28 05:00,43.0,6.9,65.0
2023-12-28 06:00,43.0,6.9,65.0
2023-12-28 07:00,43.0,3.4,62.2
2023-12-28 08:00,42.1,6.9,64.4
2023-12-28 09:00,42.1,6.9,64.4
2023-12-28 10:00,42.1,3.4,57.2
2023-12-28 11:00,39.0,3.4,66.9
2023-12-28 12:00,39.0,3.4,66.9
2023-12-28 13:00,39.0,9.2,61.6
2023-12-28 14:00,39.9,6.9,62.2
2023-12-28 15:00,39.9,6.9,62.2
2023-12-28 16:00,48.0,6.9,45.7
2023-12-28 17:00,53.1,0.0,36.2
2023-12-28 18:00,53.1,0.0,36.2
2023-12-28 19:00,61.0,3.4,23.1
2023-12-28 20:00,64.0,3.4,18.2
2023-12-28 21:00,64.0,3.4,18.2
2023-12-28 22:00,66.9,6.9,19.6
2023-12-28 23:00,64.0,5.8,21.7
2023-12-29 00:00,64.0,5.8,21.7
2023-12-29 01:00,55.9,0.0,37.0
2023-12-29 02:00,54.0,0.0,41.2
2023-12-29 03:00,54.0,0.0,41.2
2023-12-29 04:00,48.0,3.4,53.7
2023-12-29 05:00,45.0,4.7,68.1
2023-12-29 06:00,45.0,4.7,68.1
2023-12-29 07:00,42.1,6.9,67.2
2023-12-29 08:00,41.0,9.2,67.1
2023-12-29 09:00,41.0,9.2,67.1
2023-12-29 10:00,41.0,3.4,61.9
2023-12-29 11:00,39.9,0.0,64.6
2023-12-29 12:00,39.9,0.0,64.6
2023-12-29 13:00,39.9,4.7,62.2
2023-12-29 14:00,39.9,6.9,62.2
2023-12-29 15:00,39.9,6.9,62.2
2023-12-29 16:00,60.1,18.3,19.3
2023-12-29 17:00,63.0,20.8,16.0
2023-12-29 18:00,63.0,20.8,16.0
2023-12-29 19:00,69.1,13.9,12.9
2023-12-29 20:00,70.0,11.4,12.5
2023-12-29 21:00,70.0,11.4,12.5
2023-12-29 22:00,70.0,9.2,11.5
2023-12-29 23:00,66.9,9.2,14.6
2023-12-30 00:00,66.9,9.2,14.6
2023-12-30 01:00,60.1,6.9,21.0
2023-12-30 02:00,57.9,9.2,22.6
2023-12-30 03:00,57.9,9.2,22.6
2023-12-30 04:00,57.0,4.7,22.5
2023-12-30 05:00,57.0,11.4,22.5
2023-12-30 06:00,57.0,11.4,22.5
2023-12-30 07:00,55.0,6.9,25.1
2023-12-30 08:00,48.9,8.1,42.2
2023-12-30 09:00,48.9,8.1,42.2
2023-12-30 10:00,50.0,5.8,34.4
2023-12-30 11:00,46.9,9.2,43.8
2023-12-30 12:00,46.9,9.2,43.8
2023-12-30 13:00,46.9,9.2,41.9
2023-12-30 14:00,46.9,4.7,40.4
2023-12-30 15:00,46.9,4.7,40.4
2023-12-30 16:00,57.0,10.3,22.5
2023-12-30 17:00,57.9,10.3,21.8
2023-12-30 18:00,57.9,10.3,21.8
2023-12-30 19:00,70.0,8.1,13.6
2023-12-30 20:00,73.0,12.8,11.8
2023-12-30 21:00,73.0,12.8,11.8
2023-12-30 22:00,73.9,10.3,11.5
2023-12-30 23:00,72.0,6.9,12.3
2023-12-31 00:00,72.0,6.9,12.3
2023-12-31 01:00,63.0,4.7,25.4
2023-12-31 02:00,57.9,4.7,33.0
2023-12-31 03:00,57.9,4.7,33.0
2023-12-31 04:00,55.9,8.1,32.6
2023-12-31 05:00,53.1,4.7,37.9
2023-12-31 06:00,53.1,4.7,37.9
2023-12-31 07:00,46.9,4.7,51.6
2023-12-31 08:00,44.1,6.9,59.7
2023-12-31 09:00,44.1,6.9,59.7
2023-12-31 10:00,42.1,0.0,62.1
2023-12-31 11:00,41.0,0.0,64.7
2023-12-31 12:00,41.0,0.0,64.7
2023-12-31 13:00,39.0,6.9,69.9
2023-12-31 14:00,39.9,9.2,67.5
2023-12-31 15:00,39.9,9.2,67.5
2023-12-31 16:00,50.0,5.8,53.9
2023-12-31 17:00,55.9,3.4,41.9
2023-12-31 18:00,55.9,3.4,41.9
2023-12-31 19:00,61.0,0.0,32.0
2023-12-31 20:00,62.1,8.1,28.4
2023-12-31 21:00,62.1,8.1,28.4
2023-12-31 22:00,63.0,4.7,26.6
2023-12-31 23:00,61.0,4.7,32.0
