DateTime,Month,Hour,DayType,Season,BusinessHours,Electricity_kWh,Cooling_kWh,HeatingElec_kWh,Lighting_kWh,Equipment_kWh,Gas_kWh
2023-01-01 00:00,1,0,Weekend,Winter,No,33.58,0.0,0.0,2.68,16.08,0.02
2023-01-01 01:00,1,1,Weekend,Winter,No,33.58,0.0,0.0,2.68,16.08,0.02
2023-01-01 02:00,1,2,Weekend,Winter,No,33.58,0.0,0.0,2.68,16.08,1.1
2023-01-01 03:00,1,3,Weekend,Winter,No,33.58,0.0,0.0,2.68,16.08,0.02
2023-01-01 04:00,1,4,Weekend,Winter,No,33.58,0.0,0.0,2.68,16.08,0.02
2023-01-01 05:00,1,5,Weekend,Winter,No,34.85,0.0,1.05,2.68,16.08,1.1
2023-01-01 06:00,1,6,Weekend,Winter,No,40.63,0.0,5.92,2.68,16.08,0.02
2023-01-01 07:00,1,7,Weekend,Winter,No,29.12,0.0,4.5,2.68,16.08,1.1
2023-01-01 08:00,1,8,Weekend,Winter,No,20.6,0.0,1.38,2.68,16.08,0.02
2023-01-01 09:00,1,9,Weekend,Winter,No,18.77,0.0,0.0,2.68,16.08,0.02
2023-01-01 10:00,1,10,Weekend,Winter,No,18.77,0.0,0.0,2.68,16.08,1.1
2023-01-01 11:00,1,11,Weekend,Winter,No,18.77,0.0,0.0,2.68,16.08,0.02
2023-01-01 12:00,1,12,Weekend,Winter,No,20.85,1.28,0.0,2.68,16.08,1.1
2023-01-01 13:00,1,13,Weekend,Winter,No,22.93,2.6,0.0,2.68,16.08,0.02
2023-01-01 14:00,1,14,Weekend,Winter,No,24.33,3.8,0.0,2.68,16.08,1.1
2023-01-01 15:00,1,15,Weekend,Winter,No,20.19,1.01,0.0,2.68,16.08,0.02
2023-01-01 16:00,1,16,Weekend,Winter,No,18.77,0.0,0.0,2.68,16.08,0.02
2023-01-01 17:00,1,17,Weekend,Winter,No,28.64,0.0,0.0,2.68,16.08,1.1
2023-01-01 18:00,1,18,Weekend,Winter,No,33.58,0.0,0.0,2.68,16.08,0.02
2023-01-01 19:00,1,19,Weekend,Winter,No,33.58,0.0,0.0,2.68,16.08,1.1
2023-01-01 20:00,1,20,Weekend,Winter,No,33.58,0.0,0.0,2.68,16.08,0.02
2023-01-01 21:00,1,21,Weekend,Winter,No,33.58,0.0,0.0,2.68,16.08,0.02
2023-01-01 22:00,1,22,Weekend,Winter,No,33.58,0.0,0.0,2.68,16.08,1.1
2023-01-01 23:00,1,23,Weekend,Winter,No,33.58,0.0,0.0,2.68,16.08,0.02
2023-01-02 00:00,1,0,Weekday,Winter,No,38.94,0.0,0.0,2.68,21.44,1.1
2023-01-02 01:00,1,1,Weekday,Winter,No,38.94,0.0,0.0,2.68,21.44,0.02
2023-01-02 02:00,1,2,Weekday,Winter,No,38.94,0.0,0.0,2.68,21.44,0.02
2023-01-02 03:00,1,3,Weekday,Winter,No,38.94,0.0,0.0,2.68,21.44,1.1
2023-01-02 04:00,1,4,Weekday,Winter,No,38.94,0.0,0.0,2.68,21.44,0.02
2023-01-02 05:00,1,5,Weekday,Winter,No,46.9,0.0,4.37,5.36,21.44,1.1
2023-01-02 06:00,1,6,Weekday,Winter,No,200.84,0.0,155.47,5.36,21.44,0.02
2023-01-02 07:00,1,7,Weekday,Winter,No,172.7,0.0,115.23,16.08,32.68,8.18
2023-01-02 08:00,1,8,Weekday,Winter,Yes,179.15,0.0,56.73,48.25,70.4,2.85
2023-01-02 09:00,1,9,Weekday,Winter,Yes,149.96,0.17,35.72,48.25,62.05,1.1
2023-01-02 10:00,1,10,Weekday,Winter,Yes,142.48,3.01,27.32,48.25,60.13,2.19
2023-01-02 11:00,1,11,Weekday,Winter,Yes,142.86,6.47,22.29,48.25,62.05,2.19
2023-01-02 12:00,1,12,Weekday,Winter,Yes,148.2,9.46,25.1,48.25,61.51,2.19
2023-01-02 13:00,1,13,Weekday,Winter,Yes,140.74,10.59,14.33,48.25,63.66,2.19
2023-01-02 14:00,1,14,Weekday,Winter,Yes,133.93,12.82,8.88,48.25,60.13,2.19
2023-01-02 15:00,1,15,Weekday,Winter,Yes,132.3,14.18,5.74,48.25,60.13,1.1
2023-01-02 16:00,1,16,Weekday,Winter,Yes,132.94,11.73,6.02,48.25,63.02,2.19
2023-01-02 17:00,1,17,Weekday,Winter,Yes,134.02,7.63,12.33,37.53,62.79,1.1
2023-01-02 18:00,1,18,Weekday,Winter,No,109.66,3.56,24.7,26.8,36.02,1.1
2023-01-02 19:00,1,19,Weekday,Winter,No,112.34,1.47,32.04,26.8,33.45,1.1
2023-01-02 20:00,1,20,Weekday,Winter,No,107.96,0.15,45.07,16.08,28.09,1.1
2023-01-02 21:00,1,21,Weekday,Winter,No,112.43,0.0,50.97,16.08,26.8,1.1
2023-01-02 22:00,1,22,Weekday,Winter,No,41.62,0.0,0.0,5.36,21.44,0.02
2023-01-02 23:00,1,23,Weekday,Winter,No,38.94,0.0,0.0,2.68,21.44,1.1
2023-01-03 00:00,1,0,Weekday,Winter,No,38.94,0.0,0.0,2.68,21.44,0.02
2023-01-03 01:00,1,1,Weekday,Winter,No,38.94,0.0,0.0,2.68,21.44,0.02
2023-01-03 02:00,1,2,Weekday,Winter,No,38.94,0.0,0.0,2.68,21.44,1.1
2023-01-03 03:00,1,3,Weekday,Winter,No,38.94,0.0,0.0,2.68,21.44,0.02
2023-01-03 04:00,1,4,Weekday,Winter,No,38.94,0.0,0.0,2.68,21.44,1.1
2023-01-03 05:00,1,5,Weekday,Winter,No,41.62,0.0,0.0,5.36,21.44,0.02
2023-01-03 06:00,1,6,Weekday,Winter,No,139.09,0.0,93.71,5.36,21.44,1.1
2023-01-03 07:00,1,7,Weekday,Winter,No,131.84,0.0,74.37,16.08,32.68,0.02
2023-01-03 08:00,1,8,Weekday,Winter,Yes,158.29,0.0,35.87,48.25,70.4,2.19
2023-01-03 09:00,1,9,Weekday,Winter,Yes,132.58,0.0,18.51,48.25,62.05,2.19
2023-01-03 10:00,1,10,Weekday,Winter,Yes,126.34,1.85,12.32,48.25,60.13,1.1
2023-01-03 11:00,1,11,Weekday,Winter,Yes,129.6,5.4,10.13,48.25,62.05,2.19
2023-01-03 12:00,1,12,Weekday,Winter,Yes,132.41,7.48,11.39,48.25,61.51,2.19
2023-01-03 13:00,1,13,Weekday,Winter,Yes,130.96,8.67,6.57,48.25,63.66,3.27
2023-01-03 14:00,1,14,Weekday,Winter,Yes,128.02,12.77,3.11,48.25,60.13,1.1
2023-01-03 15:00,1,15,Weekday,Winter,Yes,129.05,14.76,2.15,48.25,60.13,2.19
2023-01-03 16:00,1,16,Weekday,Winter,Yes,131.01,13.64,2.26,48.25,63.02,2.19
2023-01-03 17:00,1,17,Weekday,Winter,Yes,132.82,11.02,7.68,37.53,62.79,1.1
2023-01-03 18:00,1,18,Weekday,Winter,No,105.17,5.76,18.02,26.8,36.02,1.1
2023-01-03 19:00,1,19,Weekday,Winter,No,105.67,2.05,24.79,26.8,33.45,1.1
2023-01-03 20:00,1,20,Weekday,Winter,No,96.21,0.07,33.39,16.08,28.09,1.1
2023-01-03 21:00,1,21,Weekday,Winter,No,100.43,0.0,38.97,16.08,26.8,0.02
2023-01-03 22:00,1,22,Weekday,Winter,No,41.62,0.0,0.0,5.36,21.44,0.02
2023-01-03 23:00,1,23,Weekday,Winter,No,38.94,0.0,0.0,2.68,21.44,1.1
2023-01-04 00:00,1,0,Weekday,Winter,No,38.94,0.0,0.0,2.68,21.44,0.02
2023-01-04 01:00,1,1,Weekday,Winter,No,38.94,0.0,0.0,2.68,21.44,1.1
2023-01-04 02:00,1,2,Weekday,Winter,No,38.94,0.0,0.0,2.68,21.44,0.02
2023-01-04 03:00,1,3,Weekday,Winter,No,38.94,0.0,0.0,2.68,21.44,1.1
2023-01-04 04:00,1,4,Weekday,Winter,No,38.94,0.0,0.0,2.68,21.44,0.02
2023-01-04 05:00,1,5,Weekday,Winter,No,41.62,0.0,0.0,5.36,21.44,0.59
2023-01-04 06:00,1,6,Weekday,Winter,No,148.9,0.0,103.53,5.36,21.44,0.54
2023-01-04 07:00,1,7,Weekday,Winter,No,137.28,0.0,79.81,16.08,32.68,8.44
2023-01-04 08:00,1,8,Weekday,Winter,Yes,157.36,0.0,34.93,48.25,70.4,2.06
2023-01-04 09:00,1,9,Weekday,Winter,Yes,134.22,0.0,20.15,48.25,62.05,2.19
2023-01-04 10:00,1,10,Weekday,Winter,Yes,127.06,0.0,14.82,48.25,60.13,2.19
2023-01-04 11:00,1,11,Weekday,Winter,Yes,128.57,1.68,12.44,48.25,62.05,2.19
2023-01-04 12:00,1,12,Weekday,Winter,Yes,134.52,5.42,14.97,48.25,61.51,2.19
2023-01-04 13:00,1,13,Weekday,Winter,Yes,132.51,7.64,8.37,48.25,63.66,2.19
2023-01-04 14:00,1,14,Weekday,Winter,Yes,125.16,8.1,4.17,48.25,60.13,2.19
2023-01-04 15:00,1,15,Weekday,Winter,Yes,123.49,6.97,3.82,48.25,60.13,1.1
2023-01-04 16:00,1,16,Weekday,Winter,Yes,123.67,3.94,4.38,48.25,63.02,2.19
2023-01-04 17:00,1,17,Weekday,Winter,Yes,125.26,0.81,10.29,37.53,62.79,1.1
2023-01-04 18:00,1,18,Weekday,Winter,No,102.25,0.0,20.85,26.8,36.02,1.1
2023-01-04 19:00,1,19,Weekday,Winter,No,106.07,0.0,27.24,26.8,33.45,1.1
2023-01-04 20:00,1,20,Weekday,Winter,No,98.34,0.0,35.59,16.08,28.09,1.1
2023-01-04 21:00,1,21,Weekday,Winter,No,102.68,0.0,41.22,16.08,26.8,1.1
2023-01-04 22:00,1,22,Weekday,Winter,No,41.62,0.0,0.0,5.36,21.44,0.02
2023-01-04 23:00,1,23,Weekday,Winter,No,38.94,0.0,0.0,2.68,21.44,0.02
2023-01-05 00:00,1,0,Weekday,Winter,No,38.94,0.0,0.0,2.68,21.44,1.1
2023-01-05 01:00,1,1,Weekday,Winter,No,38.94,0.0,0.0,2.68,21.44,0.02
2023-01-05 02:00,1,2,Weekday,Winter,No,38.94,0.0,0.0,2.68,21.44,1.1
2023-01-05 03:00,1,3,Weekday,Winter,No,38.94,0.0,0.0,2.68,21.44,0.02
2023-01-05 04:00,1,4,Weekday,Winter,No,38.94,0.0,0.0,2.68,21.44,0.02
2023-01-05 05:00,1,5,Weekday,Winter,No,41.62,0.0,0.0,5.36,21.44,1.1
2023-01-05 06:00,1,6,Weekday,Winter,No,157.72,0.0,112.34,5.36,21.44,0.02
2023-01-05 07:00,1,7,Weekday,Winter,No,142.33,0.0,84.86,16.08,32.68,16.92
2023-01-05 08:00,1,8,Weekday,Winter,Yes,162.48,0.0,40.06,48.25,70.4,6.37
2023-01-05 09:00,1,9,Weekday,Winter,Yes,138.22,0.0,24.15,48.25,62.05,1.1
2023-01-05 10:00,1,10,Weekday,Winter,Yes,129.72,0.0,17.53,48.25,60.13,2.19
2023-01-05 11:00,1,11,Weekday,Winter,Yes,130.34,0.86,15.05,48.25,62.05,2.19
2023-01-05 12:00,1,12,Weekday,Winter,Yes,134.62,3.75,16.67,48.25,61.51,2.19
2023-01-05 13:00,1,13,Weekday,Winter,Yes,132.29,6.74,8.98,48.25,63.66,3.27
2023-01-05 14:00,1,14,Weekday,Winter,Yes,124.57,7.56,4.31,48.25,60.13,1.1
2023-01-05 15:00,1,15,Weekday,Winter,Yes,124.49,8.24,4.02,48.25,60.13,2.19
2023-01-05 16:00,1,16,Weekday,Winter,Yes,126.22,7.15,3.9,48.25,63.02,1.1
2023-01-05 17:00,1,17,Weekday,Winter,Yes,128.62,2.91,11.56,37.53,62.79,2.19
2023-01-05 18:00,1,18,Weekday,Winter,No,104.29,0.0,22.9,26.8,36.02,1.1
2023-01-05 19:00,1,19,Weekday,Winter,No,109.14,0.0,30.31,26.8,33.45,1.1
2023-01-05 20:00,1,20,Weekday,Winter,No,103.08,0.0,40.33,16.08,28.09,0.02
2023-01-05 21:00,1,21,Weekday,Winter,No,108.26,0.0,46.8,16.08,26.8,1.1
2023-01-05 22:00,1,22,Weekday,Winter,No,41.62,0.0,0.0,5.36,21.44,0.02
2023-01-05 23:00,1,23,Weekday,Winter,No,38.94,0.0,0.0,2.68,21.44,1.1
2023-01-06 00:00,1,0,Weekday,Winter,No,38.94,0.0,0.0,2.68,21.44,0.02
2023-01-06 01:00,1,1,Weekday,Winter,No,38.94,0.0,0.0,2.68,21.44,1.1
2023-01-06 02:00,1,2,Weekday,Winter,No,38.94,0.0,0.0,2.68,21.44,0.02
2023-01-06 03:00,1,3,Weekday,Winter,No,38.94,0.0,0.0,2.68,21.44,0.02
2023-01-06 04:00,1,4,Weekday,Winter,No,38.94,0.0,0.0,2.68,21.44,1.1
2023-01-06 05:00,1,5,Weekday,Winter,No,41.62,0.0,0.0,5.36,21.44,0.02
2023-01-06 06:00,1,6,Weekday,Winter,No,163.48,0.0,118.11,5.36,21.44,1.1
2023-01-06 07:00,1,7,Weekday,Winter,No,151.18,0.0,91.24,16.08,32.68,17.43
2023-01-06 08:00,1,8,Weekday,Winter,Yes,167.25,0.0,44.83,48.25,70.4,4.37
2023-01-06 09:00,1,9,Weekday,Winter,Yes,140.43,0.0,26.36,48.25,62.05,2.19
2023-01-06 10:00,1,10,Weekday,Winter,Yes,129.67,0.0,17.52,48.25,60.13,2.19
2023-01-06 11:00,1,11,Weekday,Winter,Yes,129.48,1.52,13.62,48.25,62.05,2.19
2023-01-06 12:00,1,12,Weekday,Winter,Yes,136.56,7.4,15.1,48.25,61.51,2.19
2023-01-06 13:00,1,13,Weekday,Winter,Yes,137.54,13.45,7.51,48.25,63.66,2.19
2023-01-06 14:00,1,14,Weekday,Winter,Yes,132.47,16.05,3.46,48.25,60.13,2.19
2023-01-06 15:00,1,15,Weekday,Winter,Yes,131.99,16.68,2.66,48.25,60.13,1.1
2023-01-06 16:00,1,16,Weekday,Winter,Yes,131.41,13.36,2.68,48.25,63.02,2.19
2023-01-06 17:00,1,17,Weekday,Winter,Yes,129.13,7.71,7.26,37.53,62.79,1.1
2023-01-06 18:00,1,18,Weekday,Winter,No,101.77,2.13,18.25,26.8,36.02,1.1
2023-01-06 19:00,1,19,Weekday,Winter,No,103.38,0.0,24.55,26.8,33.45,1.1
2023-01-06 20:00,1,20,Weekday,Winter,No,98.7,0.0,35.95,16.08,28.09,1.1
2023-01-06 21:00,1,21,Weekday,Winter,No,104.16,0.0,42.7,16.08,26.8,0.02
2023-01-06 22:00,1,22,Weekday,Winter,No,41.62,0.0,0.0,5.36,21.44,1.1
2023-01-06 23:00,1,23,Weekday,Winter,No,38.94,0.0,0.0,2.68,21.44,0.02
2023-01-07 00:00,1,0,Weekend,Winter,No,33.58,0.0,0.0,2.68,16.08,1.1
2023-01-07 01:00,1,1,Weekend,Winter,No,33.58,0.0,0.0,2.68,16.08,0.02
2023-01-07 02:00,1,2,Weekend,Winter,No,33.58,0.0,0.0,2.68,16.08,1.1
2023-01-07 03:00,1,3,Weekend,Winter,No,33.58,0.0,0.0,2.68,16.08,0.02
2023-01-07 04:00,1,4,Weekend,Winter,No,33.58,0.0,0.0,2.68,16.08,0.02
2023-01-07 05:00,1,5,Weekend,Winter,No,33.58,0.0,0.0,2.68,16.08,1.1
2023-01-07 06:00,1,6,Weekend,Winter,No,152.19,0.0,106.81,5.36,21.44,0.02
2023-01-07 07:00,1,7,Weekend,Winter,No,130.55,0.0,87.44,5.36,26.58,4.62
2023-01-07 08:00,1,8,Weekend,Winter,No,114.54,0.0,52.67,26.8,31.3,1.44
2023-01-07 09:00,1,9,Weekend,Winter,No,97.79,0.0,33.66,26.8,33.55,1.1
2023-01-07 10:00,1,10,Weekend,Winter,No,91.52,1.53,26.8,26.8,32.58,1.1
2023-01-07 11:00,1,11,Weekend,Winter,No,98.54,9.01,23.85,26.8,34.83,1.1
2023-01-07 12:00,1,12,Weekend,Winter,No,101.64,16.38,20.66,26.8,33.55,1.1
2023-01-07 13:00,1,13,Weekend,Winter,No,99.35,22.78,14.3,26.8,30.98,1.1
2023-01-07 14:00,1,14,Weekend,Winter,No,74.5,24.27,16.54,8.04,21.33,1.1
2023-01-07 15:00,1,15,Weekend,Winter,No,72.99,23.68,17.19,8.04,20.05,0.02
2023-01-07 16:00,1,16,Weekend,Winter,No,70.03,21.29,16.53,8.04,20.37,1.1
2023-01-07 17:00,1,17,Weekend,Winter,No,77.25,15.66,27.26,2.68,18.01,1.1
2023-01-07 18:00,1,18,Weekend,Winter,No,33.58,0.0,0.0,2.68,16.08,0.02
2023-01-07 19:00,1,19,Weekend,Winter,No,33.58,0.0,0.0,2.68,16.08,0.02
2023-01-07 20:00,1,20,Weekend,Winter,No,33.58,0.0,0.0,2.68,16.08,1.1
2023-01-07 21:00,1,21,Weekend,Winter,No,33.58,0.0,0.0,2.68,16.08,1.1
2023-01-07 22:00,1,22,Weekend,Winter,No,33.58,0.0,0.0,2.68,16.08,0.02
2023-01-07 23:00,1,23,Weekend,Winter,No,33.58,0.0,0.0,2.68,16.08,0.02
2023-01-08 00:00,1,0,Weekend,Winter,No,33.58,0.0,0.0,2.68,16.08,1.1
2023-01-08 01:00,1,1,Weekend,Winter,No,33.58,0.0,0.0,2.68,16.08,0.02
2023-01-08 02:00,1,2,Weekend,Winter,No,33.58,0.0,0.0,2.68,16.08,1.1
2023-01-08 03:00,1,3,Weekend,Winter,No,33.58,0.0,0.0,2.68,16.08,0.02
2023-01-08 04:00,1,4,Weekend,Winter,No,33.58,0.0,0.0,2.68,16.08,0.02
2023-01-08 05:00,1,5,Weekend,Winter,No,33.58,0.0,0.0,2.68,16.08,1.1
2023-01-08 06:00,1,6,Weekend,Winter,No,33.58,0.0,0.0,2.68,16.08,0.02
2023-01-08 07:00,1,7,Weekend,Winter,No,26.17,0.0,0.0,2.68,16.08,1.1
2023-01-08 08:00,1,8,Weekend,Winter,No,18.77,0.0,0.0,2.68,16.08,0.02
2023-01-08 09:00,1,9,Weekend,Winter,No,18.77,0.0,0.0,2.68,16.08,0.02
2023-01-08 10:00,1,10,Weekend,Winter,No,18.77,0.0,0.0,2.68,16.08,1.1
2023-01-08 11:00,1,11,Weekend,Winter,No,27.67,7.58,0.0,2.68,16.08,0.02
2023-01-08 12:00,1,12,Weekend,Winter,No,39.51,17.63,0.0,2.68,16.08,1.1
2023-01-08 13:00,1,13,Weekend,Winter,No,37.03,15.67,0.0,2.68,16.08,0.02
2023-01-08 14:00,1,14,Weekend,Winter,No,43.35,21.35,0.0,2.68,16.08,1.1
2023-01-08 15:00,1,15,Weekend,Winter,No,39.13,17.8,0.0,2.68,16.08,0.02
2023-01-08 16:00,1,16,Weekend,Winter,No,44.36,22.43,0.0,2.68,16.08,0.02
2023-01-08 17:00,1,17,Weekend,Winter,No,29.48,2.89,0.0,2.68,16.08,1.1
2023-01-08 18:00,1,18,Weekend,Winter,No,33.58,0.0,0.0,2.68,16.08,0.02
2023-01-08 19:00,1,19,Weekend,Winter,No,33.58,0.0,0.0,2.68,16.08,0.02
2023-01-08 20:00,1,20,Weekend,Winter,No,33.58,0.0,0.0,2.68,16.08,1.1
2023-01-08 21:00,1,21,Weekend,Winter,No,33.58,0.0,0.0,2.68,16.08,0.02
2023-01-08 22:00,1,22,Weekend,Winter,No,33.58,0.0,0.0,2.68,16.08,1.1
2023-01-08 23:00,1,23,Weekend,Winter,No,33.58,0.0,0.0,2.68,16.08,0.02
2023-01-09 00:00,1,0,Weekday,Winter,No,38.94,0.0,0.0,2.68,21.44,1.1
2023-01-09 01:00,1,1,Weekday,Winter,No,38.94,0.0,0.0,2.68,21.44,0.02
2023-01-09 02:00,1,2,Weekday,Winter,No,38.94,0.0,0.0,2.68,21.44,0.02
2023-01-09 03:00,1,3,Weekday,Winter,No,38.94,0.0,0.0,2.68,21.44,1.1
2023-01-09 04:00,1,4,Weekday,Winter,No,38.94,0.0,0.0,2.68,21.44,0.02
2023-01-09 05:00,1,5,Weekday,Winter,No,41.62,0.0,0.0,5.36,21.44,1.1
2023-01-09 06:00,1,6,Weekday,Winter,No,134.5,0.0,89.13,5.36,21.44,0.02
2023-01-09 07:00,1,7,Weekday,Winter,No,130.61,0.0,70.67,16.08,32.68,1.1
2023-01-09 08:00,1,8,Weekday,Winter,Yes,155.69,0.0,33.27,48.25,70.4,2.19
2023-01-09 09:00,1,9,Weekday,Winter,Yes,135.01,5.73,15.21,48.25,62.05,1.1
2023-01-09 10:00,1,10,Weekday,Winter,Yes,135.13,14.13,8.85,48.25,60.13,2.19
2023-01-09 11:00,1,11,Weekday,Winter,Yes,141.83,21.53,6.0,48.25,62.05,2.19
2023-01-09 12:00,1,12,Weekday,Winter,Yes,147.65,27.72,5.84,48.25,61.51,2.19
2023-01-09 13:00,1,13,Weekday,Winter,Yes,147.8,30.54,0.95,48.25,63.66,2.19
2023-01-09 14:00,1,14,Weekday,Winter,Yes,145.08,32.19,0.01,48.25,60.13,2.19
2023-01-09 15:00,1,15,Weekday,Winter,Yes,140.33,27.91,0.11,48.25,60.13,1.1
2023-01-09 16:00,1,16,Weekday,Winter,Yes,142.31,26.71,0.32,48.25,63.02,2.19
2023-01-09 17:00,1,17,Weekday,Winter,Yes,135.1,20.86,2.57,37.53,62.79,2.19
2023-01-09 18:00,1,18,Weekday,Winter,No,105.91,15.35,9.17,26.8,36.02,1.1
2023-01-09 19:00,1,19,Weekday,Winter,No,104.34,11.86,13.66,26.8,33.45,0.02
2023-01-09 20:00,1,20,Weekday,Winter,No,93.15,10.22,20.19,16.08,28.09,1.1
2023-01-09 21:00,1,21,Weekday,Winter,No,94.07,6.64,25.97,16.08,26.8,1.1
2023-01-09 22:00,1,22,Weekday,Winter,No,41.62,0.0,0.0,5.36,21.44,0.02
2023-01-09 23:00,1,23,Weekday,Winter,No,38.94,0.0,0.0,2.68,21.44,1.1
2023-01-10 00:00,1,0,Weekday,Winter,No,38.94,0.0,0.0,2.68,21.44,0.02
2023-01-10 01:00,1,1,Weekday,Winter,No,38.94,0.0,0.0,2.68,21.44,1.1
2023-01-10 02:00,1,2,Weekday,Winter,No,38.94,0.0,0.0,2.68,21.44,0.02
2023-01-10 03:00,1,3,Weekday,Winter,No,38.94,0.0,0.0,2.68,21.44,0.02
2023-01-10 04:00,1,4,Weekday,Winter,No,38.94,0.0,0.0,2.68,21.44,1.1
2023-01-10 05:00,1,5,Weekday,Winter,No,41.62,0.0,0.0,5.36,21.44,0.02
2023-01-10 06:00,1,6,Weekday,Winter,No,105.52,0.0,60.14,5.36,21.44,1.1
2023-01-10 07:00,1,7,Weekday,Winter,No,111.58,0.0,51.65,16.08,32.68,1.1
2023-01-10 08:00,1,8,Weekday,Winter,Yes,148.84,0.0,26.39,48.25,70.4,1.1
2023-01-10 09:00,1,9,Weekday,Winter,Yes,131.86,2.02,15.76,48.25,62.05,2.19
2023-01-10 10:00,1,10,Weekday,Winter,Yes,131.56,7.03,12.38,48.25,60.13,1.1
2023-01-10 11:00,1,11,Weekday,Winter,Yes,134.63,10.56,10.0,48.25,62.05,2.19
2023-01-10 12:00,1,12,Weekday,Winter,Yes,135.86,12.99,9.11,48.25,61.51,3.27
2023-01-10 13:00,1,13,Weekday,Winter,Yes,135.99,15.89,3.69,48.25,63.66,2.19
2023-01-10 14:00,1,14,Weekday,Winter,Yes,132.82,18.43,1.53,48.25,60.13,2.19
2023-01-10 15:00,1,15,Weekday,Winter,Yes,133.7,19.61,1.27,48.25,60.13,1.1
2023-01-10 16:00,1,16,Weekday,Winter,Yes,134.69,17.91,1.26,48.25,63.02,2.19
2023-01-10 17:00,1,17,Weekday,Winter,Yes,127.51,12.81,2.98,37.53,62.79,1.1
2023-01-10 18:00,1,18,Weekday,Winter,No,100.64,10.1,9.15,26.8,36.02,1.1
2023-01-10 19:00,1,19,Weekday,Winter,No,101.3,8.57,13.9,26.8,33.45,1.1
2023-01-10 20:00,1,20,Weekday,Winter,No,90.16,4.51,22.9,16.08,28.09,1.1
2023-01-10 21:00,1,21,Weekday,Winter,No,91.58,1.65,28.47,16.08,26.8,0.02
2023-01-10 22:00,1,22,Weekday,Winter,No,41.62,0.0,0.0,5.36,21.44,1.1
2023-01-10 23:00,1,23,Weekday,Winter,No,38.94,0.0,0.0,2.68,21.44,0.02
2023-01-11 00:00,1,0,Weekday,Winter,No,38.94,0.0,0.0,2.68,21.44,1.1
2023-01-11 01:00,1,1,Weekday,Winter,No,38.94,0.0,0.0,2.68,21.44,0.02
2023-01-11 02:00,1,2,Weekday,Winter,No,38.94,0.0,0.0,2.68,21.44,1.1
2023-01-11 03:00,1,3,Weekday,Winter,No,38.94,0.0,0.0,2.68,21.44,0.02
2023-01-11 04:00,1,4,Weekday,Winter,No,38.94,0.0,0.0,2.68,21.44,0.02
2023-01-11 05:00,1,5,Weekday,Winter,No,41.62,0.0,0.0,5.36,21.44,1.1
2023-01-11 06:00,1,6,Weekday,Winter,No,117.57,0.0,72.2,5.36,21.44,0.02
2023-01-11 07:00,1,7,Weekday,Winter,No,116.21,0.0,56.28,16.08,32.68,1.1
2023-01-11 08:00,1,8,Weekday,Winter,Yes,141.87,0.0,19.41,48.25,70.4,2.19
2023-01-11 09:00,1,9,Weekday,Winter,Yes,128.83,2.78,11.97,48.25,62.05,1.1
2023-01-11 10:00,1,10,Weekday,Winter,Yes,128.62,7.94,8.35,48.25,60.13,2.19
2023-01-11 11:00,1,11,Weekday,Winter,Yes,133.02,11.9,6.5,48.25,62.05,2.19
2023-01-11 12:00,1,12,Weekday,Winter,Yes,137.22,15.61,7.24,48.25,61.51,2.19
2023-01-11 13:00,1,13,Weekday,Winter,Yes,137.64,18.59,2.22,48.25,63.66,3.27
2023-01-11 14:00,1,14,Weekday,Winter,Yes,132.71,18.88,0.67,48.25,60.13,1.1
2023-01-11 15:00,1,15,Weekday,Winter,Yes,131.85,18.2,0.71,48.25,60.13,2.19
2023-01-11 16:00,1,16,Weekday,Winter,Yes,132.31,15.7,1.0,48.25,63.02,2.19
2023-01-11 17:00,1,17,Weekday,Winter,Yes,126.64,11.94,2.95,37.53,62.79,1.1
2023-01-11 18:00,1,18,Weekday,Winter,No,99.13,6.64,11.09,26.8,36.02,1.1
2023-01-11 19:00,1,19,Weekday,Winter,No,98.34,2.86,16.65,26.8,33.45,1.1
2023-01-11 20:00,1,20,Weekday,Winter,No,88.63,0.28,25.6,16.08,28.09,0.02
2023-01-11 21:00,1,21,Weekday,Winter,No,92.46,0.0,31.0,16.08,26.8,1.1
2023-01-11 22:00,1,22,Weekday,Winter,No,41.62,0.0,0.0,5.36,21.44,0.02
2023-01-11 23:00,1,23,Weekday,Winter,No,38.94,0.0,0.0,2.68,21.44,1.1
2023-01-12 00:00,1,0,Weekday,Winter,No,38.94,0.0,0.0,2.68,21.44,0.02
2023-01-12 01:00,1,1,Weekday,Winter,No,38.94,0.0,0.0,2.68,21.44,1.1
2023-01-12 02:00,1,2,Weekday,Winter,No,38.94,0.0,0.0,2.68,21.44,0.02
2023-01-12 03:00,1,3,Weekday,Winter,No,38.94,0.0,0.0,2.68,21.44,1.1
2023-01-12 04:00,1,4,Weekday,Winter,No,38.94,0.0,0.0,2.68,21.44,0.02
2023-01-12 05:00,1,5,Weekday,Winter,No,41.62,0.0,0.0,5.36,21.44,0.02
2023-01-12 06:00,1,6,Weekday,Winter,No,127.51,0.0,82.13,5.36,21.44,1.1
2023-01-12 07:00,1,7,Weekday,Winter,No,126.21,0.0,66.27,16.08,32.68,2.59
2023-01-12 08:00,1,8,Weekday,Winter,Yes,148.43,0.0,25.98,48.25,70.4,1.1
2023-01-12 09:00,1,9,Weekday,Winter,Yes,129.76,0.41,15.28,48.25,62.05,2.19
2023-01-12 10:00,1,10,Weekday,Winter,Yes,130.02,7.88,9.81,48.25,60.13,2.19
2023-01-12 11:00,1,11,Weekday,Winter,Yes,138.19,16.62,6.93,48.25,62.05,2.19
2023-01-12 12:00,1,12,Weekday,Winter,Yes,145.08,23.5,7.12,48.25,61.51,2.19
2023-01-12 13:00,1,13,Weekday,Winter,Yes,146.62,28.06,1.63,48.25,63.66,2.19
2023-01-12 14:00,1,14,Weekday,Winter,Yes,142.11,28.65,0.13,48.25,60.13,2.19
2023-01-12 15:00,1,15,Weekday,Winter,Yes,143.07,29.75,0.01,48.25,60.13,1.1
2023-01-12 16:00,1,16,Weekday,Winter,Yes,146.48,30.29,0.06,48.25,63.02,2.19
2023-01-12 17:00,1,17,Weekday,Winter,Yes,134.14,20.69,1.6,37.53,62.79,1.1
2023-01-12 18:00,1,18,Weekday,Winter,No,100.68,13.16,6.12,26.8,36.02,1.1
2023-01-12 19:00,1,19,Weekday,Winter,No,97.51,5.24,13.45,26.8,33.45,1.1
2023-01-12 20:00,1,20,Weekday,Winter,No,85.59,0.28,22.57,16.08,28.09,1.1
2023-01-12 21:00,1,21,Weekday,Winter,No,89.28,0.0,27.82,16.08,26.8,1.1
2023-01-12 22:00,1,22,Weekday,Winter,No,41.62,0.0,0.0,5.36,21.44,0.02
2023-01-12 23:00,1,23,Weekday,Winter,No,38.94,0.0,0.0,2.68,21.44,1.1
2023-01-13 00:00,1,0,Weekday,Winter,No,38.94,0.0,0.0,2.68,21.44,0.02
2023-01-13 01:00,1,1,Weekday,Winter,No,38.94,0.0,0.0,2.68,21.44,0.02
2023-01-13 02:00,1,2,Weekday,Winter,No,38.94,0.0,0.0,2.68,21.44,1.1
2023-01-13 03:00,1,3,Weekday,Winter,No,38.94,0.0,0.0,2.68,21.44,0.02
2023-01-13 04:00,1,4,Weekday,Winter,No,38.94,0.0,0.0,2.68,21.44,1.1
2023-01-13 05:00,1,5,Weekday,Winter,No,41.62,0.0,0.0,5.36,21.44,0.02
2023-01-13 06:00,1,6,Weekday,Winter,No,126.41,0.0,81.03,5.36,21.44,1.1
2023-01-13 07:00,1,7,Weekday,Winter,No,122.14,0.0,64.67,16.08,32.68,1.1
2023-01-13 08:00,1,8,Weekday,Winter,Yes,148.08,0.0,25.63,48.25,70.4,1.1
2023-01-13 09:00,1,9,Weekday,Winter,Yes,129.6,0.0,15.53,48.25,62.05,2.19
2023-01-13 10:00,1,10,Weekday,Winter,Yes,125.69,2.82,10.51,48.25,60.13,1.1
2023-01-13 11:00,1,11,Weekday,Winter,Yes,132.48,10.37,7.37,48.25,62.05,2.19
2023-01-13 12:00,1,12,Weekday,Winter,Yes,140.07,18.04,7.45,48.25,61.51,3.27
2023-01-13 13:00,1,13,Weekday,Winter,Yes,142.32,23.75,1.57,48.25,63.66,2.19
2023-01-13 14:00,1,14,Weekday,Winter,Yes,140.25,26.89,0.06,48.25,60.13,1.1
2023-01-13 15:00,1,15,Weekday,Winter,Yes,140.15,26.93,0.05,48.25,60.13,2.19
2023-01-13 16:00,1,16,Weekday,Winter,Yes,139.39,23.32,0.21,48.25,63.02,2.19
2023-01-13 17:00,1,17,Weekday,Winter,Yes,129.33,15.42,2.11,37.53,62.79,1.1
2023-01-13 18:00,1,18,Weekday,Winter,No,97.83,7.93,8.51,26.8,36.02,1.1
2023-01-13 19:00,1,19,Weekday,Winter,No,97.67,4.08,14.76,26.8,33.45,1.1
2023-01-13 20:00,1,20,Weekday,Winter,No,87.96,0.4,24.82,16.08,28.09,1.1
2023-01-13 21:00,1,21,Weekday,Winter,No,94.51,0.0,33.05,16.08,26.8,0.02
2023-01-13 22:00,1,22,Weekday,Winter,No,41.62,0.0,0.0,5.36,21.44,1.1
2023-01-13 23:00,1,23,Weekday,Winter,No,38.94,0.0,0.0,2.68,21.44,0.02
2023-01-14 00:00,1,0,Weekend,Winter,No,33.58,0.0,0.0,2.68,16.08,1.1
2023-01-14 01:00,1,1,Weekend,Winter,No,33.58,0.0,0.0,2.68,16.08,0.02
2023-01-14 02:00,1,2,Weekend,Winter,No,33.58,0.0,0.0,2.68,16.08,0.02
2023-01-14 03:00,1,3,Weekend,Winter,No,33.58,0.0,0.0,2.68,16.08,1.1
2023-01-14 04:00,1,4,Weekend,Winter,No,33.58,0.0,0.0,2.68,16.08,0.02
2023-01-14 05:00,1,5,Weekend,Winter,No,33.58,0.0,0.0,2.68,16.08,1.1
2023-01-14 06:00,1,6,Weekend,Winter,No,135.64,0.0,90.26,5.36,21.44,0.02
2023-01-14 07:00,1,7,Weekend,Winter,No,114.65,0.0,74.0,5.36,26.58,1.1
2023-01-14 08:00,1,8,Weekend,Winter,No,104.75,0.0,42.88,26.8,31.3,1.1
2023-01-14 09:00,1,9,Weekend,Winter,No,90.97,0.16,26.69,26.8,33.55,1.1
2023-01-14 10:00,1,10,Weekend,Winter,No,89.28,5.67,20.42,26.8,32.58,1.1
2023-01-14 11:00,1,11,Weekend,Winter,No,96.68,13.83,17.09,26.8,34.83,1.1
2023-01-14 12:00,1,12,Weekend,Winter,No,101.06,21.71,14.58,26.8,33.55,1.1
2023-01-14 13:00,1,13,Weekend,Winter,No,99.01,28.6,8.13,26.8,30.98,1.1
2023-01-14 14:00,1,14,Weekend,Winter,No,73.17,29.91,9.48,8.04,21.33,0.02
2023-01-14 15:00,1,15,Weekend,Winter,No,72.61,29.66,10.54,8.04,20.05,1.1
2023-01-14 16:00,1,16,Weekend,Winter,No,70.26,27.72,10.09,8.04,20.37,1.1
2023-01-14 17:00,1,17,Weekend,Winter,No,69.39,21.53,16.0,2.68,18.01,0.02
2023-01-14 18:00,1,18,Weekend,Winter,No,33.58,0.0,0.0,2.68,16.08,1.1
2023-01-14 19:00,1,19,Weekend,Winter,No,33.58,0.0,0.0,2.68,16.08,0.02
2023-01-14 20:00,1,20,Weekend,Winter,No,33.58,0.0,0.0,2.68,16.08,1.1
2023-01-14 21:00,1,21,Weekend,Winter,No,33.58,0.0,0.0,2.68,16.08,0.02
2023-01-14 22:00,1,22,Weekend,Winter,No,33.58,0.0,0.0,2.68,16.08,1.1
2023-01-14 23:00,1,23,Weekend,Winter,No,33.58,0.0,0.0,2.68,16.08,0.02
2023-01-15 00:00,1,0,Weekend,Winter,No,33.58,0.0,0.0,2.68,16.08,1.1
2023-01-15 01:00,1,1,Weekend,Winter,No,33.58,0.0,0.0,2.68,16.08,0.02
2023-01-15 02:00,1,2,Weekend,Winter,No,33.58,0.0,0.0,2.68,16.08,0.02
2023-01-15 03:00,1,3,Weekend,Winter,No,33.58,0.0,0.0,2.68,16.08,1.1
2023-01-15 04:00,1,4,Weekend,Winter,No,33.58,0.0,0.0,2.68,16.08,0.02
2023-01-15 05:00,1,5,Weekend,Winter,No,33.58,0.0,0.0,2.68,16.08,1.1
2023-01-15 06:00,1,6,Weekend,Winter,No,33.58,0.0,0.0,2.68,16.08,0.02
2023-01-15 07:00,1,7,Weekend,Winter,No,23.71,0.0,0.0,2.68,16.08,0.02
2023-01-15 08:00,1,8,Weekend,Winter,No,18.77,0.0,0.0,2.68,16.08,1.1
2023-01-15 09:00,1,9,Weekend,Winter,No,18.77,0.0,0.0,2.68,16.08,0.02
2023-01-15 10:00,1,10,Weekend,Winter,No,18.77,0.0,0.0,2.68,16.08,1.1
2023-01-15 11:00,1,11,Weekend,Winter,No,18.77,0.0,0.0,2.68,16.08,0.02
2023-01-15 12:00,1,12,Weekend,Winter,No,18.77,0.0,0.0,2.68,16.08,0.02
2023-01-15 13:00,1,13,Weekend,Winter,No,18.77,0.0,0.0,2.68,16.08,1.1
2023-01-15 14:00,1,14,Weekend,Winter,No,18.77,0.0,0.0,2.68,16.08,1.1
2023-01-15 15:00,1,15,Weekend,Winter,No,18.77,0.0,0.0,2.68,16.08,0.02
2023-01-15 16:00,1,16,Weekend,Winter,No,18.77,0.0,0.0,2.68,16.08,0.02
2023-01-15 17:00,1,17,Weekend,Winter,No,26.17,0.0,0.0,2.68,16.08,1.1
2023-01-15 18:00,1,18,Weekend,Winter,No,33.58,0.0,0.0,2.68,16.08,0.02
2023-01-15 19:00,1,19,Weekend,Winter,No,33.58,0.0,0.0,2.68,16.08,0.02
2023-01-15 20:00,1,20,Weekend,Winter,No,33.58,0.0,0.0,2.68,16.08,1.1
2023-01-15 21:00,1,21,Weekend,Winter,No,33.58,0.0,0.0,2.68,16.08,0.02
2023-01-15 22:00,1,22,Weekend,Winter,No,33.58,0.0,0.0,2.68,16.08,1.1
2023-01-15 23:00,1,23,Weekend,Winter,No,33.58,0.0,0.0,2.68,16.08,0.02
2023-01-16 00:00,1,0,Weekday,Winter,No,33.58,0.0,0.0,2.68,16.08,0.02
2023-01-16 01:00,1,1,Weekday,Winter,No,33.58,0.0,0.0,2.68,16.08,1.1
2023-01-16 02:00,1,2,Weekday,Winter,No,33.58,0.0,0.0,2.68,16.08,0.02
2023-01-16 03:00,1,3,Weekday,Winter,No,33.58,0.0,0.0,2.68,16.08,1.1
2023-01-16 04:00,1,4,Weekday,Winter,No,33.58,0.0,0.0,2.68,16.08,0.02
2023-01-16 05:00,1,5,Weekday,Winter,No,33.58,0.0,0.0,2.68,16.08,0.02
2023-01-16 06:00,1,6,Weekday,Winter,No,33.58,0.0,0.0,2.68,16.08,1.1
2023-01-16 07:00,1,7,Weekday,Winter,No,23.71,0.0,0.0,2.68,16.08,0.02
2023-01-16 08:00,1,8,Weekday,Winter,Yes,18.77,0.0,0.0,2.68,16.08,1.1
2023-01-16 09:00,1,9,Weekday,Winter,Yes,18.77,0.0,0.0,2.68,16.08,0.02
2023-01-16 10:00,1,10,Weekday,Winter,Yes,18.77,0.0,0.0,2.68,16.08,0.02
2023-01-16 11:00,1,11,Weekday,Winter,Yes,18.77,0.0,0.0,2.68,16.08,1.1
2023-01-16 12:00,1,12,Weekday,Winter,Yes,18.77,0.0,0.0,2.68,16.08,0.02
2023-01-16 13:00,1,13,Weekday,Winter,Yes,18.77,0.0,0.0,2.68,16.08,1.1
2023-01-16 14:00,1,14,Weekday,Winter,Yes,18.77,0.0,0.0,2.68,16.08,0.02
2023-01-16 15:00,1,15,Weekday,Winter,Yes,18.77,0.0,0.0,2.68,16.08,1.1
2023-01-16 16:00,1,16,Weekday,Winter,Yes,18.77,0.0,0.0,2.68,16.08,0.02
2023-01-16 17:00,1,17,Weekday,Winter,Yes,26.17,0.0,0.0,2.68,16.08,0.02
2023-01-16 18:00,1,18,Weekday,Winter,No,33.58,0.0,0.0,2.68,16.08,1.1
2023-01-16 19:00,1,19,Weekday,Winter,No,33.58,0.0,0.0,2.68,16.08,0.02
2023-01-16 20:00,1,20,Weekday,Winter,No,33.58,0.0,0.0,2.68,16.08,1.1
2023-01-16 21:00,1,21,Weekday,Winter,No,33.58,0.0,0.0,2.68,16.08,0.02
2023-01-16 22:00,1,22,Weekday,Winter,No,33.58,0.0,0.0,2.68,16.08,0.02
2023-01-16 23:00,1,23,Weekday,Winter,No,33.58,0.0,0.0,2.68,16.08,1.1
2023-01-17 00:00,1,0,Weekday,Winter,No,38.94,0.0,0.0,2.68,21.44,0.02
2023-01-17 01:00,1,1,Weekday,Winter,No,38.94,0.0,0.0,2.68,21.44,1.1
2023-01-17 02:00,1,2,Weekday,Winter,No,38.94,0.0,0.0,2.68,21.44,0.02
2023-01-17 03:00,1,3,Weekday,Winter,No,38.94,0.0,0.0,2.68,21.44,0.02
2023-01-17 04:00,1,4,Weekday,Winter,No,38.94,0.0,0.0,2.68,21.44,1.1
2023-01-17 05:00,1,5,Weekday,Winter,No,41.62,0.0,0.0,5.36,21.44,0.02
2023-01-17 06:00,1,6,Weekday,Winter,No,139.41,0.0,94.04,5.36,21.44,1.1
2023-01-17 07:00,1,7,Weekday,Winter,No,131.36,0.0,73.89,16.08,32.68,1.1
2023-01-17 08:00,1,8,Weekday,Winter,Yes,155.12,0.0,32.7,48.25,70.4,1.1
2023-01-17 09:00,1,9,Weekday,Winter,Yes,134.25,0.0,20.18,48.25,62.05,2.19
2023-01-17 10:00,1,10,Weekday,Winter,Yes,125.13,0.27,12.68,48.25,60.13,2.19
2023-01-17 11:00,1,11,Weekday,Winter,Yes,128.47,2.85,11.27,48.25,62.05,2.19
2023-01-17 12:00,1,12,Weekday,Winter,Yes,134.12,5.69,14.37,48.25,61.51,2.19
2023-01-17 13:00,1,13,Weekday,Winter,Yes,132.88,8.38,8.08,48.25,63.66,2.19
2023-01-17 14:00,1,14,Weekday,Winter,Yes,126.7,10.06,3.81,48.25,60.13,2.19
2023-01-17 15:00,1,15,Weekday,Winter,Yes,126.93,10.96,3.3,48.25,60.13,1.1
2023-01-17 16:00,1,16,Weekday,Winter,Yes,127.61,8.78,3.48,48.25,63.02,2.19
2023-01-17 17:00,1,17,Weekday,Winter,Yes,124.07,4.04,8.38,37.53,62.79,1.1
2023-01-17 18:00,1,18,Weekday,Winter,No,100.94,0.7,18.85,26.8,36.02,1.1
2023-01-17 19:00,1,19,Weekday,Winter,No,104.51,0.0,25.68,26.8,33.45,1.1
2023-01-17 20:00,1,20,Weekday,Winter,No,98.07,0.0,35.33,16.08,28.09,1.1
2023-01-17 21:00,1,21,Weekday,Winter,No,103.18,0.0,41.72,16.08,26.8,1.1
2023-01-17 22:00,1,22,Weekday,Winter,No,41.62,0.0,0.0,5.36,21.44,0.02
2023-01-17 23:00,1,23,Weekday,Winter,No,38.94,0.0,0.0,2.68,21.44,0.02
2023-01-18 00:00,1,0,Weekday,Winter,No,38.94,0.0,0.0,2.68,21.44,1.1
2023-01-18 01:00,1,1,Weekday,Winter,No,38.94,0.0,0.0,2.68,21.44,0.02
2023-01-18 02:00,1,2,Weekday,Winter,No,38.94,0.0,0.0,2.68,21.44,1.1
2023-01-18 03:00,1,3,Weekday,Winter,No,38.94,0.0,0.0,2.68,21.44,0.02
2023-01-18 04:00,1,4,Weekday,Winter,No,38.94,0.0,0.0,2.68,21.44,1.1
2023-01-18 05:00,1,5,Weekday,Winter,No,41.62,0.0,0.0,5.36,21.44,0.02
2023-01-18 06:00,1,6,Weekday,Winter,No,146.97,0.0,101.59,5.36,21.44,1.1
2023-01-18 07:00,1,7,Weekday,Winter,No,133.64,0.0,76.18,16.08,32.68,1.15
2023-01-18 08:00,1,8,Weekday,Winter,Yes,154.53,0.0,32.11,48.25,70.4,2.19
2023-01-18 09:00,1,9,Weekday,Winter,Yes,132.79,0.0,18.72,48.25,62.05,2.19
2023-01-18 10:00,1,10,Weekday,Winter,Yes,126.55,0.0,14.33,48.25,60.13,1.1
2023-01-18 11:00,1,11,Weekday,Winter,Yes,126.67,0.82,11.53,48.25,62.05,2.19
2023-01-18 12:00,1,12,Weekday,Winter,Yes,129.34,2.78,12.84,48.25,61.51,3.27
2023-01-18 13:00,1,13,Weekday,Winter,Yes,127.7,4.16,7.38,48.25,63.66,2.19
2023-01-18 14:00,1,14,Weekday,Winter,Yes,120.42,3.7,4.43,48.25,60.13,1.1
2023-01-18 15:00,1,15,Weekday,Winter,Yes,119.68,3.89,3.49,48.25,60.13,2.19
2023-01-18 16:00,1,16,Weekday,Winter,Yes,122.66,3.71,3.76,48.25,63.02,2.19
2023-01-18 17:00,1,17,Weekday,Winter,Yes,122.86,0.67,10.51,37.53,62.79,1.1
2023-01-18 18:00,1,18,Weekday,Winter,No,104.14,0.0,22.75,26.8,36.02,1.1
2023-01-18 19:00,1,19,Weekday,Winter,No,108.57,0.0,29.75,26.8,33.45,1.1
2023-01-18 20:00,1,20,Weekday,Winter,No,101.91,0.0,39.17,16.08,28.09,1.1
2023-01-18 21:00,1,21,Weekday,Winter,No,107.71,0.0,46.25,16.08,26.8,0.02
2023-01-18 22:00,1,22,Weekday,Winter,No,41.62,0.0,0.0,5.36,21.44,1.1
2023-01-18 23:00,1,23,Weekday,Winter,No,38.94,0.0,0.0,2.68,21.44,0.02
2023-01-19 00:00,1,0,Weekday,Winter,No,38.94,0.0,0.0,2.68,21.44,1.1
2023-01-19 01:00,1,1,Weekday,Winter,No,38.94,0.0,0.0,2.68,21.44,0.02
2023-01-19 02:00,1,2,Weekday,Winter,No,38.94,0.0,0.0,2.68,21.44,0.02
2023-01-19 03:00,1,3,Weekday,Winter,No,38.94,0.0,0.0,2.68,21.44,1.1
2023-01-19 04:00,1,4,Weekday,Winter,No,38.94,0.0,0.0,2.68,21.44,0.02
2023-01-19 05:00,1,5,Weekday,Winter,No,41.62,0.0,0.0,5.36,21.44,1.1
2023-01-19 06:00,1,6,Weekday,Winter,No,171.39,0.0,126.01,5.36,21.44,0.03
2023-01-19 07:00,1,7,Weekday,Winter,No,156.77,0.0,99.3,16.08,32.68,22.29
2023-01-19 08:00,1,8,Weekday,Winter,Yes,184.93,0.0,62.51,48.25,70.4,7.71
2023-01-19 09:00,1,9,Weekday,Winter,Yes,152.33,0.0,38.26,48.25,62.05,1.1
2023-01-19 10:00,1,10,Weekday,Winter,Yes,137.97,0.0,25.83,48.25,60.13,2.19
2023-01-19 11:00,1,11,Weekday,Winter,Yes,133.5,0.0,19.43,48.25,62.05,2.19
2023-01-19 12:00,1,12,Weekday,Winter,Yes,134.79,1.73,19.53,48.25,61.51,2.19
2023-01-19 13:00,1,13,Weekday,Winter,Yes,131.49,4.63,11.04,48.25,63.66,3.27
2023-01-19 14:00,1,14,Weekday,Winter,Yes,125.94,7.99,5.55,48.25,60.13,1.1
2023-01-19 15:00,1,15,Weekday,Winter,Yes,126.1,9.17,4.74,48.25,60.13,2.19
2023-01-19 16:00,1,16,Weekday,Winter,Yes,132.59,8.44,9.04,48.25,63.02,1.1
2023-01-19 17:00,1,17,Weekday,Winter,Yes,131.17,6.6,15.4,37.53,62.79,2.19
2023-01-19 18:00,1,18,Weekday,Winter,No,109.52,3.37,24.76,26.8,36.02,1.1
2023-01-19 19:00,1,19,Weekday,Winter,No,109.51,0.28,30.4,26.8,33.45,1.1
2023-01-19 20:00,1,20,Weekday,Winter,No,103.37,0.0,40.62,16.08,28.09,0.02
2023-01-19 21:00,1,21,Weekday,Winter,No,109.85,0.0,48.39,16.08,26.8,1.1
2023-01-19 22:00,1,22,Weekday,Winter,No,41.62,0.0,0.0,5.36,21.44,0.02
2023-01-19 23:00,1,23,Weekday,Winter,No,38.94,0.0,0.0,2.68,21.44,1.1
2023-01-20 00:00,1,0,Weekday,Winter,No,38.94,0.0,0.0,2.68,21.44,0.02
2023-01-20 01:00,1,1,Weekday,Winter,No,38.94,0.0,0.0,2.68,21.44,1.1
2023-01-20 02:00,1,2,Weekday,Winter,No,38.94,0.0,0.0,2.68,21.44,0.02
2023-01-20 03:00,1,3,Weekday,Winter,No,38.94,0.0,0.0,2.68,21.44,1.1
2023-01-20 04:00,1,4,Weekday,Winter,No,38.94,0.0,0.0,2.68,21.44,0.02
2023-01-20 05:00,1,5,Weekday,Winter,No,41.62,0.0,0.0,5.36,21.44,0.02
2023-01-20 06:00,1,6,Weekday,Winter,No,167.3,0.0,121.92,5.36,21.44,1.1
2023-01-20 07:00,1,7,Weekday,Winter,No,150.41,0.0,92.94,16.08,32.68,21.49
2023-01-20 08:00,1,8,Weekday,Winter,Yes,167.56,0.0,45.14,48.25,70.4,9.33
2023-01-20 09:00,1,9,Weekday,Winter,Yes,140.55,0.0,26.48,48.25,62.05,2.19
2023-01-20 10:00,1,10,Weekday,Winter,Yes,131.23,0.0,19.04,48.25,60.13,2.19
2023-01-20 11:00,1,11,Weekday,Winter,Yes,130.22,0.0,15.84,48.25,62.05,2.19
2023-01-20 12:00,1,12,Weekday,Winter,Yes,133.59,0.35,19.16,48.25,61.51,2.19
2023-01-20 13:00,1,13,Weekday,Winter,Yes,130.98,2.65,11.86,48.25,63.66,2.19
2023-01-20 14:00,1,14,Weekday,Winter,Yes,123.48,4.38,6.22,48.25,60.13,2.19
2023-01-20 15:00,1,15,Weekday,Winter,Yes,123.19,5.5,5.01,48.25,60.13,1.1
2023-01-20 16:00,1,16,Weekday,Winter,Yes,125.24,4.45,5.39,48.25,63.02,2.19
2023-01-20 17:00,1,17,Weekday,Winter,Yes,120.85,0.92,10.72,37.53,62.79,1.1
2023-01-20 18:00,1,18,Weekday,Winter,No,103.45,0.0,22.06,26.8,36.02,2.19
2023-01-20 19:00,1,19,Weekday,Winter,No,108.92,0.0,30.09,26.8,33.45,0.02
2023-01-20 20:00,1,20,Weekday,Winter,No,103.38,0.0,40.63,16.08,28.09,1.1
2023-01-20 21:00,1,21,Weekday,Winter,No,109.62,0.0,48.16,16.08,26.8,1.1
2023-01-20 22:00,1,22,Weekday,Winter,No,41.62,0.0,0.0,5.36,21.44,0.02
2023-01-20 23:00,1,23,Weekday,Winter,No,38.94,0.0,0.0,2.68,21.44,1.1
2023-01-21 00:00,1,0,Weekend,Winter,No,33.58,0.0,0.0,2.68,16.08,0.02
2023-01-21 01:00,1,1,Weekend,Winter,No,33.58,0.0,0.0,2.68,16.08,0.02
2023-01-21 02:00,1,2,Weekend,Winter,No,33.58,0.0,0.0,2.68,16.08,1.1
2023-01-21 03:00,1,3,Weekend,Winter,No,33.58,0.0,0.0,2.68,16.08,0.02
2023-01-21 04:00,1,4,Weekend,Winter,No,33.58,0.0,0.0,2.68,16.08,1.1
2023-01-21 05:00,1,5,Weekend,Winter,No,36.43,0.0,2.4,2.68,16.08,0.02
2023-01-21 06:00,1,6,Weekend,Winter,No,176.3,0.0,130.92,5.36,21.44,1.1
2023-01-21 07:00,1,7,Weekend,Winter,No,144.33,0.0,103.68,5.36,26.58,21.12
2023-01-21 08:00,1,8,Weekend,Winter,No,126.4,0.0,64.53,26.8,31.3,9.39
2023-01-21 09:00,1,9,Weekend,Winter,No,106.38,0.0,42.26,26.8,33.55,1.1
2023-01-21 10:00,1,10,Weekend,Winter,No,97.1,0.0,33.94,26.8,32.58,1.1
2023-01-21 11:00,1,11,Weekend,Winter,No,97.08,1.73,29.86,26.8,34.83,1.1
2023-01-21 12:00,1,12,Weekend,Winter,No,97.92,6.7,26.8,26.8,33.55,1.1
2023-01-21 13:00,1,13,Weekend,Winter,No,94.2,10.25,21.9,26.8,30.98,1.1
2023-01-21 14:00,1,14,Weekend,Winter,No,72.21,13.71,24.95,8.04,21.33,1.1
2023-01-21 15:00,1,15,Weekend,Winter,No,71.62,15.83,23.67,8.04,20.05,1.1
2023-01-21 16:00,1,16,Weekend,Winter,No,68.96,14.03,22.69,8.04,20.37,0.02
2023-01-21 17:00,1,17,Weekend,Winter,No,70.01,9.15,31.46,2.68,18.01,1.1
2023-01-21 18:00,1,18,Weekend,Winter,No,33.58,0.0,0.0,2.68,16.08,0.02
2023-01-21 19:00,1,19,Weekend,Winter,No,33.58,0.0,0.0,2.68,16.08,1.1
2023-01-21 20:00,1,20,Weekend,Winter,No,33.58,0.0,0.0,2.68,16.08,0.02
2023-01-21 21:00,1,21,Weekend,Winter,No,33.58,0.0,0.0,2.68,16.08,1.1
2023-01-21 22:00,1,22,Weekend,Winter,No,33.58,0.0,0.0,2.68,16.08,0.02
2023-01-21 23:00,1,23,Weekend,Winter,No,33.58,0.0,0.0,2.68,16.08,1.1
2023-01-22 00:00,1,0,Weekend,Winter,No,33.58,0.0,0.0,2.68,16.08,0.02
2023-01-22 01:00,1,1,Weekend,Winter,No,33.58,0.0,0.0,2.68,16.08,1.1
2023-01-22 02:00,1,2,Weekend,Winter,No,33.58,0.0,0.0,2.68,16.08,0.02
2023-01-22 03:00,1,3,Weekend,Winter,No,33.58,0.0,0.0,2.68,16.08,0.02
2023-01-22 04:00,1,4,Weekend,Winter,No,33.58,0.0,0.0,2.68,16.08,1.1
2023-01-22 05:00,1,5,Weekend,Winter,No,33.58,0.0,0.0,2.68,16.08,0.02
2023-01-22 06:00,1,6,Weekend,Winter,No,35.01,0.0,1.21,2.68,16.08,1.1
2023-01-22 07:00,1,7,Weekend,Winter,No,26.42,0.0,2.26,2.68,16.08,0.02
2023-01-22 08:00,1,8,Weekend,Winter,No,18.77,0.0,0.0,2.68,16.08,0.02
2023-01-22 09:00,1,9,Weekend,Winter,No,18.77,0.0,0.0,2.68,16.08,1.1
2023-01-22 10:00,1,10,Weekend,Winter,No,18.77,0.0,0.0,2.68,16.08,0.02
2023-01-22 11:00,1,11,Weekend,Winter,No,18.77,0.0,0.0,2.68,16.08,1.1
2023-01-22 12:00,1,12,Weekend,Winter,No,24.88,4.91,0.0,2.68,16.08,0.02
2023-01-22 13:00,1,13,Weekend,Winter,No,29.95,9.22,0.0,2.68,16.08,1.1
2023-01-22 14:00,1,14,Weekend,Winter,No,31.91,10.9,0.0,2.68,16.08,0.02
2023-01-22 15:00,1,15,Weekend,Winter,No,25.83,5.86,0.0,2.68,16.08,0.02
2023-01-22 16:00,1,16,Weekend,Winter,No,18.77,0.0,0.0,2.68,16.08,1.1
2023-01-22 17:00,1,17,Weekend,Winter,No,23.71,0.0,0.0,2.68,16.08,0.02
2023-01-22 18:00,1,18,Weekend,Winter,No,33.58,0.0,0.0,2.68,16.08,1.1
2023-01-22 19:00,1,19,Weekend,Winter,No,33.58,0.0,0.0,2.68,16.08,0.02
2023-01-22 20:00,1,20,Weekend,Winter,No,33.58,0.0,0.0,2.68,16.08,0.02
2023-01-22 21:00,1,21,Weekend,Winter,No,33.58,0.0,0.0,2.68,16.08,1.1
2023-01-22 22:00,1,22,Weekend,Winter,No,33.58,0.0,0.0,2.68,16.08,0.02
2023-01-22 23:00,1,23,Weekend,Winter,No,33.58,0.0,0.0,2.68,16.08,1.1
2023-01-23 00:00,1,0,Weekday,Winter,No,38.94,0.0,0.0,2.68,21.44,0.02
2023-01-23 01:00,1,1,Weekday,Winter,No,38.94,0.0,0.0,2.68,21.44,0.02
2023-01-23 02:00,1,2,Weekday,Winter,No,38.94,0.0,0.0,2.68,21.44,1.1
2023-01-23 03:00,1,3,Weekday,Winter,No,38.94,0.0,0.0,2.68,21.44,0.02
2023-01-23 04:00,1,4,Weekday,Winter,No,38.94,0.0,0.0,2.68,21.44,1.1
2023-01-23 05:00,1,5,Weekday,Winter,No,41.62,0.0,0.0,5.36,21.44,0.02
2023-01-23 06:00,1,6,Weekday,Winter,No,173.9,0.0,128.52,5.36,21.44,1.1
2023-01-23 07:00,1,7,Weekday,Winter,No,158.25,0.0,100.78,16.08,32.68,3.81
2023-01-23 08:00,1,8,Weekday,Winter,Yes,183.37,0.0,60.95,48.25,70.4,1.1
2023-01-23 09:00,1,9,Weekday,Winter,Yes,161.09,0.0,47.02,48.25,62.05,2.19
2023-01-23 10:00,1,10,Weekday,Winter,Yes,150.68,0.0,38.53,48.25,60.13,1.1
2023-01-23 11:00,1,11,Weekday,Winter,Yes,143.75,0.0,29.68,48.25,62.05,2.19
2023-01-23 12:00,1,12,Weekday,Winter,Yes,146.89,0.0,33.37,48.25,61.51,3.27
2023-01-23 13:00,1,13,Weekday,Winter,Yes,135.34,0.0,19.67,48.25,63.66,2.19
2023-01-23 14:00,1,14,Weekday,Winter,Yes,135.43,0.0,23.29,48.25,60.13,2.19
2023-01-23 15:00,1,15,Weekday,Winter,Yes,125.26,0.0,13.11,48.25,60.13,1.1
2023-01-23 16:00,1,16,Weekday,Winter,Yes,128.11,0.0,13.08,48.25,63.02,2.19
2023-01-23 17:00,1,17,Weekday,Winter,Yes,129.44,0.0,20.34,37.53,62.79,1.1
2023-01-23 18:00,1,18,Weekday,Winter,No,121.26,0.0,39.86,26.8,36.02,1.1
2023-01-23 19:00,1,19,Weekday,Winter,No,125.7,0.0,46.88,26.8,33.45,1.1
2023-01-23 20:00,1,20,Weekday,Winter,No,123.44,0.0,60.69,16.08,28.09,1.19
2023-01-23 21:00,1,21,Weekday,Winter,No,128.33,0.0,66.87,16.08,26.8,0.14
2023-01-23 22:00,1,22,Weekday,Winter,No,41.62,0.0,0.0,5.36,21.44,1.1
2023-01-23 23:00,1,23,Weekday,Winter,No,38.94,0.0,0.0,2.68,21.44,0.02
2023-01-24 00:00,1,0,Weekday,Winter,No,38.94,0.0,0.0,2.68,21.44,1.1
2023-01-24 01:00,1,1,Weekday,Winter,No,38.94,0.0,0.0,2.68,21.44,0.02
2023-01-24 02:00,1,2,Weekday,Winter,No,38.94,0.0,0.0,2.68,21.44,0.02
2023-01-24 03:00,1,3,Weekday,Winter,No,38.94,0.0,0.0,2.68,21.44,1.1
2023-01-24 04:00,1,4,Weekday,Winter,No,46.61,0.0,6.53,2.68,21.44,0.02
2023-01-24 05:00,1,5,Weekday,Winter,No,48.65,0.0,6.13,5.36,21.44,1.1
2023-01-24 06:00,1,6,Weekday,Winter,No,194.46,0.0,149.08,5.36,21.44,0.02
2023-01-24 07:00,1,7,Weekday,Winter,No,172.73,0.0,115.26,16.08,32.68,35.54
2023-01-24 08:00,1,8,Weekday,Winter,Yes,178.75,0.0,56.33,48.25,70.4,22.23
2023-01-24 09:00,1,9,Weekday,Winter,Yes,149.49,0.0,35.42,48.25,62.05,5.88
2023-01-24 10:00,1,10,Weekday,Winter,Yes,140.6,0.0,28.46,48.25,60.13,2.19
2023-01-24 11:00,1,11,Weekday,Winter,Yes,140.05,0.0,25.89,48.25,62.05,2.19
2023-01-24 12:00,1,12,Weekday,Winter,Yes,142.47,0.0,28.73,48.25,61.51,2.19
2023-01-24 13:00,1,13,Weekday,Winter,Yes,134.92,0.0,18.81,48.25,63.66,3.27
2023-01-24 14:00,1,14,Weekday,Winter,Yes,124.18,0.0,11.61,48.25,60.13,1.1
2023-01-24 15:00,1,15,Weekday,Winter,Yes,121.39,0.45,8.59,48.25,60.13,2.19
2023-01-24 16:00,1,16,Weekday,Winter,Yes,124.59,0.98,8.46,48.25,63.02,2.19
2023-01-24 17:00,1,17,Weekday,Winter,Yes,123.63,0.04,14.41,37.53,62.79,1.1
2023-01-24 18:00,1,18,Weekday,Winter,No,108.98,0.0,27.58,26.8,36.02,1.1
2023-01-24 19:00,1,19,Weekday,Winter,No,114.48,0.0,35.65,26.8,33.45,1.1
2023-01-24 20:00,1,20,Weekday,Winter,No,109.63,0.0,46.89,16.08,28.09,1.1
2023-01-24 21:00,1,21,Weekday,Winter,No,118.0,0.0,56.54,16.08,26.8,0.51
2023-01-24 22:00,1,22,Weekday,Winter,No,41.62,0.0,0.0,5.36,21.44,1.1
2023-01-24 23:00,1,23,Weekday,Winter,No,38.94,0.0,0.0,2.68,21.44,0.02
2023-01-25 00:00,1,0,Weekday,Winter,No,38.94,0.0,0.0,2.68,21.44,0.02
2023-01-25 01:00,1,1,Weekday,Winter,No,38.94,0.0,0.0,2.68,21.44,1.1
2023-01-25 02:00,1,2,Weekday,Winter,No,38.94,0.0,0.0,2.68,21.44,0.02
2023-01-25 03:00,1,3,Weekday,Winter,No,38.94,0.0,0.0,2.68,21.44,1.1
2023-01-25 04:00,1,4,Weekday,Winter,No,38.94,0.0,0.0,2.68,21.44,0.02
2023-01-25 05:00,1,5,Weekday,Winter,No,41.62,0.0,0.0,5.36,21.44,1.1
2023-01-25 06:00,1,6,Weekday,Winter,No,155.72,0.0,110.34,5.36,21.44,0.02
2023-01-25 07:00,1,7,Weekday,Winter,No,139.97,0.0,82.5,16.08,32.68,1.1
2023-01-25 08:00,1,8,Weekday,Winter,Yes,157.54,0.0,35.12,48.25,70.4,1.1
2023-01-25 09:00,1,9,Weekday,Winter,Yes,135.69,0.0,21.62,48.25,62.05,2.19
2023-01-25 10:00,1,10,Weekday,Winter,Yes,130.36,1.74,16.46,48.25,60.13,2.19
2023-01-25 11:00,1,11,Weekday,Winter,Yes,133.06,5.37,13.48,48.25,62.05,2.19
2023-01-25 12:00,1,12,Weekday,Winter,Yes,138.58,8.55,16.25,48.25,61.51,2.19
2023-01-25 13:00,1,13,Weekday,Winter,Yes,137.15,11.69,9.3,48.25,63.66,2.19
2023-01-25 14:00,1,14,Weekday,Winter,Yes,131.27,14.46,4.22,48.25,60.13,2.19
2023-01-25 15:00,1,15,Weekday,Winter,Yes,131.13,15.35,3.29,48.25,60.13,1.1
2023-01-25 16:00,1,16,Weekday,Winter,Yes,132.54,14.2,3.03,48.25,63.02,2.19
2023-01-25 17:00,1,17,Weekday,Winter,Yes,126.89,11.75,5.92,37.53,62.79,2.19
2023-01-25 18:00,1,18,Weekday,Winter,No,104.82,7.37,16.05,26.8,36.02,1.1
2023-01-25 19:00,1,19,Weekday,Winter,No,104.25,1.73,23.69,26.8,33.45,0.02
2023-01-25 20:00,1,20,Weekday,Winter,No,97.21,0.0,34.47,16.08,28.09,1.1
2023-01-25 21:00,1,21,Weekday,Winter,No,100.73,0.0,39.27,16.08,26.8,1.1
2023-01-25 22:00,1,22,Weekday,Winter,No,41.62,0.0,0.0,5.36,21.44,0.02
2023-01-25 23:00,1,23,Weekday,Winter,No,38.94,0.0,0.0,2.68,21.44,1.1
2023-01-26 00:00,1,0,Weekday,Winter,No,38.94,0.0,0.0,2.68,21.44,0.02
2023-01-26 01:00,1,1,Weekday,Winter,No,38.94,0.0,0.0,2.68,21.44,0.02
2023-01-26 02:00,1,2,Weekday,Winter,No,38.94,0.0,0.0,2.68,21.44,1.1
2023-01-26 03:00,1,3,Weekday,Winter,No,38.94,0.0,0.0,2.68,21.44,0.02
2023-01-26 04:00,1,4,Weekday,Winter,No,38.94,0.0,0.0,2.68,21.44,1.1
2023-01-26 05:00,1,5,Weekday,Winter,No,41.62,0.0,0.0,5.36,21.44,0.02
2023-01-26 06:00,1,6,Weekday,Winter,No,138.29,0.0,92.92,5.36,21.44,1.1
2023-01-26 07:00,1,7,Weekday,Winter,No,129.27,0.0,71.81,16.08,32.68,1.1
2023-01-26 08:00,1,8,Weekday,Winter,Yes,151.55,0.0,29.12,48.25,70.4,1.1
2023-01-26 09:00,1,9,Weekday,Winter,Yes,130.46,0.16,16.23,48.25,62.05,2.19
2023-01-26 10:00,1,10,Weekday,Winter,Yes,127.98,4.38,11.36,48.25,60.13,1.1
2023-01-26 11:00,1,11,Weekday,Winter,Yes,133.0,10.67,7.75,48.25,62.05,2.19
2023-01-26 12:00,1,12,Weekday,Winter,Yes,141.37,19.44,7.55,48.25,61.51,3.27
2023-01-26 13:00,1,13,Weekday,Winter,Yes,145.49,26.77,1.92,48.25,63.66,2.19
2023-01-26 14:00,1,14,Weekday,Winter,Yes,143.15,29.9,0.15,48.25,60.13,2.19
2023-01-26 15:00,1,15,Weekday,Winter,Yes,143.57,30.65,0.0,48.25,60.13,1.1
2023-01-26 16:00,1,16,Weekday,Winter,Yes,145.23,29.43,0.01,48.25,63.02,2.19
2023-01-26 17:00,1,17,Weekday,Winter,Yes,133.3,22.47,1.5,37.53,62.79,1.1
2023-01-26 18:00,1,18,Weekday,Winter,No,101.72,14.41,5.92,26.8,36.02,1.1
2023-01-26 19:00,1,19,Weekday,Winter,No,99.73,7.93,12.97,26.8,33.45,1.1
2023-01-26 20:00,1,20,Weekday,Winter,No,87.15,1.73,22.67,16.08,28.09,1.1
2023-01-26 21:00,1,21,Weekday,Winter,No,90.84,0.0,29.38,16.08,26.8,0.02
2023-01-26 22:00,1,22,Weekday,Winter,No,41.62,0.0,0.0,5.36,21.44,1.1
2023-01-26 23:00,1,23,Weekday,Winter,No,38.94,0.0,0.0,2.68,21.44,0.02
2023-01-27 00:00,1,0,Weekday,Winter,No,38.94,0.0,0.0,2.68,21.44,1.1
2023-01-27 01:00,1,1,Weekday,Winter,No,38.94,0.0,0.0,2.68,21.44,0.02
2023-01-27 02:00,1,2,Weekday,Winter,No,38.94,0.0,0.0,2.68,21.44,1.1
2023-01-27 03:00,1,3,Weekday,Winter,No,38.94,0.0,0.0,2.68,21.44,0.02
2023-01-27 04:00,1,4,Weekday,Winter,No,38.94,0.0,0.0,2.68,21.44,0.02
2023-01-27 05:00,1,5,Weekday,Winter,No,41.62,0.0,0.0,5.36,21.44,1.1
2023-01-27 06:00,1,6,Weekday,Winter,No,110.82,0.0,65.44,5.36,21.44,0.02
2023-01-27 07:00,1,7,Weekday,Winter,No,111.42,0.0,53.95,16.08,32.68,1.1
2023-01-27 08:00,1,8,Weekday,Winter,Yes,144.97,0.0,22.51,48.25,70.4,2.19
2023-01-27 09:00,1,9,Weekday,Winter,Yes,127.57,2.09,11.4,48.25,62.05,1.1
2023-01-27 10:00,1,10,Weekday,Winter,Yes,127.69,8.64,6.85,48.25,60.13,2.19
2023-01-27 11:00,1,11,Weekday,Winter,Yes,135.57,16.55,4.42,48.25,62.05,2.19
2023-01-27 12:00,1,12,Weekday,Winter,Yes,139.47,21.47,3.78,48.25,61.51,2.19
2023-01-27 13:00,1,13,Weekday,Winter,Yes,137.88,20.47,1.41,48.25,63.66,3.27
2023-01-27 14:00,1,14,Weekday,Winter,Yes,135.8,23.05,0.0,48.25,60.13,1.1
2023-01-27 15:00,1,15,Weekday,Winter,Yes,135.84,23.13,0.0,48.25,60.13,2.19
2023-01-27 16:00,1,16,Weekday,Winter,Yes,134.47,18.82,0.45,48.25,63.02,2.19
2023-01-27 17:00,1,17,Weekday,Winter,Yes,129.72,16.08,4.39,37.53,62.79,1.1
2023-01-27 18:00,1,18,Weekday,Winter,No,103.52,11.84,10.28,26.8,36.02,1.1
2023-01-27 19:00,1,19,Weekday,Winter,No,101.64,8.77,14.04,26.8,33.45,1.1
2023-01-27 20:00,1,20,Weekday,Winter,No,91.09,7.76,20.59,16.08,28.09,1.1
2023-01-27 21:00,1,21,Weekday,Winter,No,92.65,7.76,23.43,16.08,26.8,0.02
2023-01-27 22:00,1,22,Weekday,Winter,No,41.62,0.0,0.0,5.36,21.44,1.1
2023-01-27 23:00,1,23,Weekday,Winter,No,38.94,0.0,0.0,2.68,21.44,0.02
2023-01-28 00:00,1,0,Weekend,Winter,No,33.58,0.0,0.0,2.68,16.08,0.02
2023-01-28 01:00,1,1,Weekend,Winter,No,33.58,0.0,0.0,2.68,16.08,1.1
2023-01-28 02:00,1,2,Weekend,Winter,No,33.58,0.0,0.0,2.68,16.08,0.02
2023-01-28 03:00,1,3,Weekend,Winter,No,33.58,0.0,0.0,2.68,16.08,1.1
2023-01-28 04:00,1,4,Weekend,Winter,No,33.58,0.0,0.0,2.68,16.08,0.02
2023-01-28 05:00,1,5,Weekend,Winter,No,33.58,0.0,0.0,2.68,16.08,1.1
2023-01-28 06:00,1,6,Weekend,Winter,No,99.99,0.0,54.61,5.36,21.44,0.02
2023-01-28 07:00,1,7,Weekend,Winter,No,92.65,0.0,52.0,5.36,26.58,1.1
2023-01-28 08:00,1,8,Weekend,Winter,No,103.97,0.0,42.09,26.8,31.3,1.1
2023-01-28 09:00,1,9,Weekend,Winter,No,102.75,0.22,38.4,26.8,33.55,1.1
2023-01-28 10:00,1,10,Weekend,Winter,No,101.01,2.81,35.04,26.8,32.58,0.02
2023-01-28 11:00,1,11,Weekend,Winter,No,103.85,7.0,31.44,26.8,34.83,2.19
2023-01-28 12:00,1,12,Weekend,Winter,No,101.73,7.74,29.88,26.8,33.55,1.1
2023-01-28 13:00,1,13,Weekend,Winter,No,97.34,5.52,30.27,26.8,30.98,0.02
2023-01-28 14:00,1,14,Weekend,Winter,No,78.93,4.49,41.3,8.04,21.33,1.1
2023-01-28 15:00,1,15,Weekend,Winter,No,79.72,4.49,43.37,8.04,20.05,1.1
2023-01-28 16:00,1,16,Weekend,Winter,No,83.44,3.87,47.4,8.04,20.37,1.1
2023-01-28 17:00,1,17,Weekend,Winter,No,87.96,2.68,55.88,2.68,18.01,0.02
2023-01-28 18:00,1,18,Weekend,Winter,No,33.58,0.0,0.0,2.68,16.08,1.1
2023-01-28 19:00,1,19,Weekend,Winter,No,33.58,0.0,0.0,2.68,16.08,0.02
2023-01-28 20:00,1,20,Weekend,Winter,No,33.58,0.0,0.0,2.68,16.08,1.1
2023-01-28 21:00,1,21,Weekend,Winter,No,33.58,0.0,0.0,2.68,16.08,0.02
2023-01-28 22:00,1,22,Weekend,Winter,No,33.58,0.0,0.0,2.68,16.08,1.1
2023-01-28 23:00,1,23,Weekend,Winter,No,33.58,0.0,0.0,2.68,16.08,0.02
2023-01-29 00:00,1,0,Weekend,Winter,No,33.58,0.0,0.0,2.68,16.08,1.1
2023-01-29 01:00,1,1,Weekend,Winter,No,33.58,0.0,0.0,2.68,16.08,0.02
2023-01-29 02:00,1,2,Weekend,Winter,No,33.58,0.0,0.0,2.68,16.08,0.02
2023-01-29 03:00,1,3,Weekend,Winter,No,33.58,0.0,0.0,2.68,16.08,1.1
2023-01-29 04:00,1,4,Weekend,Winter,No,33.58,0.0,0.0,2.68,16.08,0.02
2023-01-29 05:00,1,5,Weekend,Winter,No,33.58,0.0,0.0,2.68,16.08,1.1
2023-01-29 06:00,1,6,Weekend,Winter,No,33.58,0.0,0.0,2.68,16.08,0.02
2023-01-29 07:00,1,7,Weekend,Winter,No,23.71,0.0,0.0,2.68,16.08,0.02
2023-01-29 08:00,1,8,Weekend,Winter,No,18.77,0.0,0.0,2.68,16.08,1.1
2023-01-29 09:00,1,9,Weekend,Winter,No,18.77,0.0,0.0,2.68,16.08,0.02
2023-01-29 10:00,1,10,Weekend,Winter,No,18.77,0.0,0.0,2.68,16.08,0.02
2023-01-29 11:00,1,11,Weekend,Winter,No,18.77,0.0,0.0,2.68,16.08,1.1
2023-01-29 12:00,1,12,Weekend,Winter,No,18.77,0.0,0.0,2.68,16.08,0.02
2023-01-29 13:00,1,13,Weekend,Winter,No,18.77,0.0,0.0,2.68,16.08,1.1
2023-01-29 14:00,1,14,Weekend,Winter,No,18.77,0.0,0.0,2.68,16.08,0.02
2023-01-29 15:00,1,15,Weekend,Winter,No,18.77,0.0,0.0,2.68,16.08,1.1
2023-01-29 16:00,1,16,Weekend,Winter,No,18.77,0.0,0.0,2.68,16.08,0.02
2023-01-29 17:00,1,17,Weekend,Winter,No,23.71,0.0,0.0,2.68,16.08,1.1
2023-01-29 18:00,1,18,Weekend,Winter,No,33.58,0.0,0.0,2.68,16.08,0.02
2023-01-29 19:00,1,19,Weekend,Winter,No,33.58,0.0,0.0,2.68,16.08,0.02
2023-01-29 20:00,1,20,Weekend,Winter,No,33.58,0.0,0.0,2.68,16.08,1.1
2023-01-29 21:00,1,21,Weekend,Winter,No,33.58,0.0,0.0,2.68,16.08,0.02
2023-01-29 22:00,1,22,Weekend,Winter,No,33.58,0.0,0.0,2.68,16.08,1.1
2023-01-29 23:00,1,23,Weekend,Winter,No,33.58,0.0,0.0,2.68,16.08,0.02
2023-01-30 00:00,1,0,Weekday,Winter,No,38.94,0.0,0.0,2.68,21.44,0.02
2023-01-30 01:00,1,1,Weekday,Winter,No,38.94,0.0,0.0,2.68,21.44,1.1
2023-01-30 02:00,1,2,Weekday,Winter,No,38.94,0.0,0.0,2.68,21.44,0.02
2023-01-30 03:00,1,3,Weekday,Winter,No,38.94,0.0,0.0,2.68,21.44,1.1
2023-01-30 04:00,1,4,Weekday,Winter,No,38.94,0.0,0.0,2.68,21.44,0.02
2023-01-30 05:00,1,5,Weekday,Winter,No,41.62,0.0,0.0,5.36,21.44,1.1
2023-01-30 06:00,1,6,Weekday,Winter,No,174.16,0.0,128.78,5.36,21.44,0.02
2023-01-30 07:00,1,7,Weekday,Winter,No,160.45,0.0,102.98,16.08,32.68,7.74
2023-01-30 08:00,1,8,Weekday,Winter,Yes,190.69,0.0,68.27,48.25,70.4,6.65
2023-01-30 09:00,1,9,Weekday,Winter,Yes,172.45,0.0,58.38,48.25,62.05,4.35
2023-01-30 10:00,1,10,Weekday,Winter,Yes,175.96,0.0,63.81,48.25,60.13,5.34
2023-01-30 11:00,1,11,Weekday,Winter,Yes,196.15,0.0,82.08,48.25,62.05,9.27
2023-01-30 12:00,1,12,Weekday,Winter,Yes,192.77,0.0,79.24,48.25,61.51,5.99
2023-01-30 13:00,1,13,Weekday,Winter,Yes,161.87,0.0,46.19,48.25,63.66,3.16
2023-01-30 14:00,1,14,Weekday,Winter,Yes,165.53,0.0,53.39,48.25,60.13,4.25
2023-01-30 15:00,1,15,Weekday,Winter,Yes,162.46,0.0,50.31,48.25,60.13,2.6
2023-01-30 16:00,1,16,Weekday,Winter,Yes,143.69,0.0,28.66,48.25,63.02,2.37
2023-01-30 17:00,1,17,Weekday,Winter,Yes,144.93,0.0,38.36,37.53,62.79,1.16
2023-01-30 18:00,1,18,Weekday,Winter,No,137.08,0.0,55.69,26.8,36.02,1.84
2023-01-30 19:00,1,19,Weekday,Winter,No,139.94,0.0,61.11,26.8,33.45,2.76
2023-01-30 20:00,1,20,Weekday,Winter,No,138.76,0.0,76.01,16.08,28.09,5.72
2023-01-30 21:00,1,21,Weekday,Winter,No,143.83,0.0,82.37,16.08,26.8,10.19
2023-01-30 22:00,1,22,Weekday,Winter,No,41.62,0.0,0.0,5.36,21.44,0.02
2023-01-30 23:00,1,23,Weekday,Winter,No,38.94,0.0,0.0,2.68,21.44,1.1
2023-01-31 00:00,1,0,Weekday,Winter,No,38.94,0.0,0.0,2.68,21.44,0.02
2023-01-31 01:00,1,1,Weekday,Winter,No,38.94,0.0,0.0,2.68,21.44,0.02
2023-01-31 02:00,1,2,Weekday,Winter,No,43.81,0.0,4.2,2.68,21.44,1.1
2023-01-31 03:00,1,3,Weekday,Winter,No,48.62,0.0,8.55,2.68,21.44,0.02
2023-01-31 04:00,1,4,Weekday,Winter,No,47.57,0.0,7.72,2.68,21.44,1.1
2023-01-31 05:00,1,5,Weekday,Winter,No,53.72,0.0,10.97,5.36,21.44,0.04
2023-01-31 06:00,1,6,Weekday,Winter,No,206.57,0.0,161.19,5.36,21.44,1.1
2023-01-31 07:00,1,7,Weekday,Winter,No,179.59,0.0,122.12,16.08,32.68,33.75
2023-01-31 08:00,1,8,Weekday,Winter,Yes,187.21,0.0,64.79,48.25,70.4,25.48
2023-01-31 09:00,1,9,Weekday,Winter,Yes,157.71,0.0,43.64,48.25,62.05,14.85
2023-01-31 10:00,1,10,Weekday,Winter,Yes,146.48,0.0,34.34,48.25,60.13,4.05
2023-01-31 11:00,1,11,Weekday,Winter,Yes,144.91,0.0,30.8,48.25,62.05,2.19
2023-01-31 12:00,1,12,Weekday,Winter,Yes,145.65,0.0,32.0,48.25,61.51,3.27
2023-01-31 13:00,1,13,Weekday,Winter,Yes,137.38,0.0,21.49,48.25,63.66,2.19
2023-01-31 14:00,1,14,Weekday,Winter,Yes,126.92,0.0,14.56,48.25,60.13,2.19
2023-01-31 15:00,1,15,Weekday,Winter,Yes,123.99,0.0,11.67,48.25,60.13,1.1
2023-01-31 16:00,1,16,Weekday,Winter,Yes,126.96,0.0,11.85,48.25,63.02,2.19
2023-01-31 17:00,1,17,Weekday,Winter,Yes,122.51,0.0,15.81,37.53,62.79,1.1
2023-01-31 18:00,1,18,Weekday,Winter,No,112.22,0.0,30.83,26.8,36.02,1.1
2023-01-31 19:00,1,19,Weekday,Winter,No,120.15,0.0,41.32,26.8,33.45,1.1
2023-01-31 20:00,1,20,Weekday,Winter,No,116.7,0.0,53.96,16.08,28.09,1.1
2023-01-31 21:00,1,21,Weekday,Winter,No,121.29,0.0,59.83,16.08,26.8,0.02
2023-01-31 22:00,1,22,Weekday,Winter,No,41.62,0.0,0.0,5.36,21.44,1.1
2023-01-31 23:00,1,23,Weekday,Winter,No,38.94,0.0,0.0,2.68,21.44,0.02
2023-02-01 00:00,2,0,Weekday,Winter,No,38.94,0.0,0.0,2.68,21.44,1.1
2023-02-01 01:00,2,1,Weekday,Winter,No,38.94,0.0,0.0,2.68,21.44,0.02
2023-02-01 02:00,2,2,Weekday,Winter,No,38.94,0.0,0.0,2.68,21.44,0.02
2023-02-01 03:00,2,3,Weekday,Winter,No,38.94,0.0,0.0,2.68,21.44,1.1
2023-02-01 04:00,2,4,Weekday,Winter,No,38.94,0.0,0.0,2.68,21.44,0.02
2023-02-01 05:00,2,5,Weekday,Winter,No,41.62,0.0,0.0,5.36,21.44,1.1
2023-02-01 06:00,2,6,Weekday,Winter,No,125.71,0.0,80.34,5.36,21.44,0.02
2023-02-01 07:00,2,7,Weekday,Winter,No,121.38,0.0,63.91,16.08,32.68,1.1
2023-02-01 08:00,2,8,Weekday,Winter,Yes,153.56,0.0,31.14,48.25,70.4,2.19
2023-02-01 09:00,2,9,Weekday,Winter,Yes,134.73,2.01,18.65,48.25,62.05,1.1
2023-02-01 10:00,2,10,Weekday,Winter,Yes,127.95,5.07,10.73,48.25,60.13,2.19
2023-02-01 11:00,2,11,Weekday,Winter,Yes,132.97,10.02,8.88,48.25,62.05,2.19
2023-02-01 12:00,2,12,Weekday,Winter,Yes,136.16,12.87,9.76,48.25,61.51,2.19
2023-02-01 13:00,2,13,Weekday,Winter,Yes,135.99,13.94,6.34,48.25,63.66,3.27
2023-02-01 14:00,2,14,Weekday,Winter,Yes,131.31,13.93,5.23,48.25,60.13,1.1
2023-02-01 15:00,2,15,Weekday,Winter,Yes,130.9,13.53,5.23,48.25,60.13,2.19
2023-02-01 16:00,2,16,Weekday,Winter,Yes,133.75,14.43,4.23,48.25,63.02,1.1
2023-02-01 17:00,2,17,Weekday,Winter,Yes,126.57,11.59,8.29,37.53,62.79,2.19
2023-02-01 18:00,2,18,Weekday,Winter,No,108.18,6.78,20.01,26.8,36.02,1.1
2023-02-01 19:00,2,19,Weekday,Winter,No,108.2,4.24,25.13,26.8,33.45,1.1
2023-02-01 20:00,2,20,Weekday,Winter,No,96.37,0.78,32.84,16.08,28.09,0.02
2023-02-01 21:00,2,21,Weekday,Winter,No,99.31,0.0,37.85,16.08,26.8,1.1
2023-02-01 22:00,2,22,Weekday,Winter,No,41.62,0.0,0.0,5.36,21.44,0.02
2023-02-01 23:00,2,23,Weekday,Winter,No,38.94,0.0,0.0,2.68,21.44,1.1
2023-02-02 00:00,2,0,Weekday,Winter,No,38.94,0.0,0.0,2.68,21.44,0.02
2023-02-02 01:00,2,1,Weekday,Winter,No,38.94,0.0,0.0,2.68,21.44,1.1
2023-02-02 02:00,2,2,Weekday,Winter,No,38.94,0.0,0.0,2.68,21.44,0.02
2023-02-02 03:00,2,3,Weekday,Winter,No,38.94,0.0,0.0,2.68,21.44,0.02
2023-02-02 04:00,2,4,Weekday,Winter,No,38.94,0.0,0.0,2.68,21.44,1.1
2023-02-02 05:00,2,5,Weekday,Winter,No,41.62,0.0,0.0,5.36,21.44,0.02
2023-02-02 06:00,2,6,Weekday,Winter,No,117.08,0.0,71.7,5.36,21.44,1.1
2023-02-02 07:00,2,7,Weekday,Winter,No,114.9,0.0,57.43,16.08,32.68,1.1
2023-02-02 08:00,2,8,Weekday,Winter,Yes,143.31,0.0,20.88,48.25,70.4,1.1
2023-02-02 09:00,2,9,Weekday,Winter,Yes,127.93,0.86,13.0,48.25,62.05,2.19
2023-02-02 10:00,2,10,Weekday,Winter,Yes,129.0,7.48,9.25,48.25,60.13,2.19
2023-02-02 11:00,2,11,Weekday,Winter,Yes,134.36,13.09,6.72,48.25,62.05,2.19
2023-02-02 12:00,2,12,Weekday,Winter,Yes,137.84,16.75,6.84,48.25,61.51,2.19
2023-02-02 13:00,2,13,Weekday,Winter,Yes,138.71,20.34,1.82,48.25,63.66,2.19
2023-02-02 14:00,2,14,Weekday,Winter,Yes,134.39,21.47,0.05,48.25,60.13,2.19
2023-02-02 15:00,2,15,Weekday,Winter,Yes,132.54,19.61,0.24,48.25,60.13,1.1
2023-02-02 16:00,2,16,Weekday,Winter,Yes,133.6,17.45,0.76,48.25,63.02,2.19
2023-02-02 17:00,2,17,Weekday,Winter,Yes,123.68,14.39,2.52,37.53,62.79,1.1
2023-02-02 18:00,2,18,Weekday,Winter,No,101.51,9.98,10.13,26.8,36.02,1.1
2023-02-02 19:00,2,19,Weekday,Winter,No,101.25,6.39,16.03,26.8,33.45,1.1
2023-02-02 20:00,2,20,Weekday,Winter,No,90.84,3.98,24.12,16.08,28.09,1.1
2023-02-02 21:00,2,21,Weekday,Winter,No,91.63,0.75,29.42,16.08,26.8,1.1
2023-02-02 22:00,2,22,Weekday,Winter,No,41.62,0.0,0.0,5.36,21.44,0.02
2023-02-02 23:00,2,23,Weekday,Winter,No,38.94,0.0,0.0,2.68,21.44,0.02
2023-02-03 00:00,2,0,Weekday,Winter,No,38.94,0.0,0.0,2.68,21.44,1.1
2023-02-03 01:00,2,1,Weekday,Winter,No,38.94,0.0,0.0,2.68,21.44,0.02
2023-02-03 02:00,2,2,Weekday,Winter,No,38.94,0.0,0.0,2.68,21.44,1.1
2023-02-03 03:00,2,3,Weekday,Winter,No,38.94,0.0,0.0,2.68,21.44,0.02
2023-02-03 04:00,2,4,Weekday,Winter,No,38.94,0.0,0.0,2.68,21.44,0.02
2023-02-03 05:00,2,5,Weekday,Winter,No,41.62,0.0,0.0,5.36,21.44,1.1
2023-02-03 06:00,2,6,Weekday,Winter,No,119.92,0.0,74.55,5.36,21.44,0.02
2023-02-03 07:00,2,7,Weekday,Winter,No,114.39,0.0,56.92,16.08,32.68,1.1
2023-02-03 08:00,2,8,Weekday,Winter,Yes,143.41,0.0,20.96,48.25,70.4,2.19
2023-02-03 09:00,2,9,Weekday,Winter,Yes,127.91,0.25,13.59,48.25,62.05,2.19
2023-02-03 10:00,2,10,Weekday,Winter,Yes,127.37,5.56,9.5,48.25,60.13,1.1
2023-02-03 11:00,2,11,Weekday,Winter,Yes,132.89,11.74,6.58,48.25,62.05,2.19
2023-02-03 12:00,2,12,Weekday,Winter,Yes,135.68,14.67,6.72,48.25,61.51,2.19
2023-02-03 13:00,2,13,Weekday,Winter,Yes,135.25,16.45,2.18,48.25,63.66,3.27
2023-02-03 14:00,2,14,Weekday,Winter,Yes,130.69,17.51,0.28,48.25,60.13,1.1
2023-02-03 15:00,2,15,Weekday,Winter,Yes,130.91,17.79,0.33,48.25,60.13,2.19
2023-02-03 16:00,2,16,Weekday,Winter,Yes,133.33,17.24,0.56,48.25,63.02,2.19
2023-02-03 17:00,2,17,Weekday,Winter,Yes,122.93,13.98,2.13,37.53,62.79,1.1
2023-02-03 18:00,2,18,Weekday,Winter,No,98.04,8.94,7.71,26.8,36.02,1.1
2023-02-03 19:00,2,19,Weekday,Winter,No,98.32,5.12,14.37,26.8,33.45,1.1
2023-02-03 20:00,2,20,Weekday,Winter,No,87.7,2.2,22.76,16.08,28.09,1.1
2023-02-03 21:00,2,21,Weekday,Winter,No,89.67,0.16,28.05,16.08,26.8,0.02
2023-02-03 22:00,2,22,Weekday,Winter,No,41.62,0.0,0.0,5.36,21.44,1.1
2023-02-03 23:00,2,23,Weekday,Winter,No,38.94,0.0,0.0,2.68,21.44,0.02
2023-02-04 00:00,2,0,Weekend,Winter,No,33.58,0.0,0.0,2.68,16.08,0.02
2023-02-04 01:00,2,1,Weekend,Winter,No,33.58,0.0,0.0,2.68,16.08,1.1
2023-02-04 02:00,2,2,Weekend,Winter,No,33.58,0.0,0.0,2.68,16.08,0.02
2023-02-04 03:00,2,3,Weekend,Winter,No,33.58,0.0,0.0,2.68,16.08,1.1
2023-02-04 04:00,2,4,Weekend,Winter,No,33.58,0.0,0.0,2.68,16.08,0.02
2023-02-04 05:00,2,5,Weekend,Winter,No,33.58,0.0,0.0,2.68,16.08,1.1
2023-02-04 06:00,2,6,Weekend,Winter,No,110.21,0.0,64.83,5.36,21.44,0.02
2023-02-04 07:00,2,7,Weekend,Winter,No,97.35,0.0,56.7,5.36,26.58,1.1
2023-02-04 08:00,2,8,Weekend,Winter,No,102.84,0.0,40.97,26.8,31.3,0.02
2023-02-04 09:00,2,9,Weekend,Winter,No,100.64,0.0,36.51,26.8,33.55,1.1
2023-02-04 10:00,2,10,Weekend,Winter,No,95.37,0.0,32.21,26.8,32.58,1.1
2023-02-04 11:00,2,11,Weekend,Winter,No,97.1,0.0,31.7,26.8,34.83,1.1
2023-02-04 12:00,2,12,Weekend,Winter,No,97.78,0.0,33.66,26.8,33.55,1.1
2023-02-04 13:00,2,13,Weekend,Winter,No,96.7,0.0,35.15,26.8,30.98,1.1
2023-02-04 14:00,2,14,Weekend,Winter,No,78.61,0.0,45.47,8.04,21.33,1.1
2023-02-04 15:00,2,15,Weekend,Winter,No,78.38,0.0,46.52,8.04,20.05,1.1
2023-02-04 16:00,2,16,Weekend,Winter,No,80.69,0.0,48.51,8.04,20.37,1.1
2023-02-04 17:00,2,17,Weekend,Winter,No,87.85,0.0,60.92,2.68,18.01,0.02
2023-02-04 18:00,2,18,Weekend,Winter,No,33.58,0.0,0.0,2.68,16.08,1.1
2023-02-04 19:00,2,19,Weekend,Winter,No,33.58,0.0,0.0,2.68,16.08,0.02
2023-02-04 20:00,2,20,Weekend,Winter,No,33.58,0.0,0.0,2.68,16.08,1.1
2023-02-04 21:00,2,21,Weekend,Winter,No,33.58,0.0,0.0,2.68,16.08,0.02
2023-02-04 22:00,2,22,Weekend,Winter,No,33.58,0.0,0.0,2.68,16.08,1.1
2023-02-04 23:00,2,23,Weekend,Winter,No,33.58,0.0,0.0,2.68,16.08,0.02
2023-02-05 00:00,2,0,Weekend,Winter,No,33.58,0.0,0.0,2.68,16.08,0.02
2023-02-05 01:00,2,1,Weekend,Winter,No,33.58,0.0,0.0,2.68,16.08,1.1
2023-02-05 02:00,2,2,Weekend,Winter,No,33.58,0.0,0.0,2.68,16.08,0.02
2023-02-05 03:00,2,3,Weekend,Winter,No,33.58,0.0,0.0,2.68,16.08,1.1
2023-02-05 04:00,2,4,Weekend,Winter,No,33.58,0.0,0.0,2.68,16.08,0.02
2023-02-05 05:00,2,5,Weekend,Winter,No,33.58,0.0,0.0,2.68,16.08,0.02
2023-02-05 06:00,2,6,Weekend,Winter,No,39.79,0.0,5.31,2.68,16.08,1.1
2023-02-05 07:00,2,7,Weekend,Winter,No,27.23,0.0,4.86,2.68,16.08,0.02
2023-02-05 08:00,2,8,Weekend,Winter,No,18.77,0.0,0.0,2.68,16.08,1.1
2023-02-05 09:00,2,9,Weekend,Winter,No,18.77,0.0,0.0,2.68,16.08,0.02
2023-02-05 10:00,2,10,Weekend,Winter,No,18.77,0.0,0.0,2.68,16.08,0.02
2023-02-05 11:00,2,11,Weekend,Winter,No,18.77,0.0,0.0,2.68,16.08,1.1
2023-02-05 12:00,2,12,Weekend,Winter,No,18.77,0.0,0.0,2.68,16.08,0.02
2023-02-05 13:00,2,13,Weekend,Winter,No,18.77,0.0,0.0,2.68,16.08,1.1
2023-02-05 14:00,2,14,Weekend,Winter,No,18.77,0.0,0.0,2.68,16.08,0.02
2023-02-05 15:00,2,15,Weekend,Winter,No,18.77,0.0,0.0,2.68,16.08,1.1
2023-02-05 16:00,2,16,Weekend,Winter,No,18.77,0.0,0.0,2.68,16.08,0.02
2023-02-05 17:00,2,17,Weekend,Winter,No,21.24,0.0,0.0,2.68,16.08,0.02
2023-02-05 18:00,2,18,Weekend,Winter,No,33.58,0.0,0.0,2.68,16.08,1.1
2023-02-05 19:00,2,19,Weekend,Winter,No,33.58,0.0,0.0,2.68,16.08,0.02
2023-02-05 20:00,2,20,Weekend,Winter,No,33.58,0.0,0.0,2.68,16.08,1.1
2023-02-05 21:00,2,21,Weekend,Winter,No,33.58,0.0,0.0,2.68,16.08,0.02
2023-02-05 22:00,2,22,Weekend,Winter,No,33.58,0.0,0.0,2.68,16.08,0.02
2023-02-05 23:00,2,23,Weekend,Winter,No,33.58,0.0,0.0,2.68,16.08,1.1
2023-02-06 00:00,2,0,Weekday,Winter,No,38.94,0.0,0.0,2.68,21.44,0.02
2023-02-06 01:00,2,1,Weekday,Winter,No,38.94,0.0,0.0,2.68,21.44,1.1
2023-02-06 02:00,2,2,Weekday,Winter,No,38.94,0.0,0.0,2.68,21.44,0.02
2023-02-06 03:00,2,3,Weekday,Winter,No,38.94,0.0,0.0,2.68,21.44,0.02
2023-02-06 04:00,2,4,Weekday,Winter,No,38.94,0.0,0.0,2.68,21.44,1.1
2023-02-06 05:00,2,5,Weekday,Winter,No,41.62,0.0,0.0,5.36,21.44,0.02
2023-02-06 06:00,2,6,Weekday,Winter,No,168.29,0.0,122.91,5.36,21.44,1.1
2023-02-06 07:00,2,7,Weekday,Winter,No,147.54,0.0,92.53,16.08,32.68,1.1
2023-02-06 08:00,2,8,Weekday,Winter,Yes,172.57,0.0,50.15,48.25,70.4,1.1
2023-02-06 09:00,2,9,Weekday,Winter,Yes,150.68,0.0,36.61,48.25,62.05,2.19
2023-02-06 10:00,2,10,Weekday,Winter,Yes,140.2,0.0,28.06,48.25,60.13,2.19
2023-02-06 11:00,2,11,Weekday,Winter,Yes,137.48,1.05,22.35,48.25,62.05,2.19
2023-02-06 12:00,2,12,Weekday,Winter,Yes,142.17,4.01,24.63,48.25,61.51,2.19
2023-02-06 13:00,2,13,Weekday,Winter,Yes,137.15,6.79,14.68,48.25,63.66,2.19
2023-02-06 14:00,2,14,Weekday,Winter,Yes,131.0,8.54,10.31,48.25,60.13,2.19
2023-02-06 15:00,2,15,Weekday,Winter,Yes,130.9,8.32,10.43,48.25,60.13,1.1
2023-02-06 16:00,2,16,Weekday,Winter,Yes,135.01,6.44,13.54,48.25,63.02,2.19
2023-02-06 17:00,2,17,Weekday,Winter,Yes,132.87,4.95,21.3,37.53,62.79,1.1
2023-02-06 18:00,2,18,Weekday,Winter,No,118.86,0.37,37.09,26.8,36.02,1.1
2023-02-06 19:00,2,19,Weekday,Winter,No,124.26,0.0,45.43,26.8,33.45,1.1
2023-02-06 20:00,2,20,Weekday,Winter,No,121.1,0.0,58.36,16.08,28.09,1.1
2023-02-06 21:00,2,21,Weekday,Winter,No,127.19,0.0,65.73,16.08,26.8,0.12
2023-02-06 22:00,2,22,Weekday,Winter,No,41.62,0.0,0.0,5.36,21.44,1.1
2023-02-06 23:00,2,23,Weekday,Winter,No,38.94,0.0,0.0,2.68,21.44,0.02
2023-02-07 00:00,2,0,Weekday,Winter,No,38.94,0.0,0.0,2.68,21.44,1.1
2023-02-07 01:00,2,1,Weekday,Winter,No,38.94,0.0,0.0,2.68,21.44,0.02
2023-02-07 02:00,2,2,Weekday,Winter,No,38.94,0.0,0.0,2.68,21.44,1.1
2023-02-07 03:00,2,3,Weekday,Winter,No,38.94,0.0,0.0,2.68,21.44,0.02
2023-02-07 04:00,2,4,Weekday,Winter,No,38.94,0.0,0.0,2.68,21.44,0.02
2023-02-07 05:00,2,5,Weekday,Winter,No,41.62,0.0,0.0,5.36,21.44,1.1
2023-02-07 06:00,2,6,Weekday,Winter,No,184.38,0.0,139.0,5.36,21.44,0.02
2023-02-07 07:00,2,7,Weekday,Winter,No,155.71,0.0,100.71,16.08,32.68,24.67
2023-02-07 08:00,2,8,Weekday,Winter,Yes,170.46,0.0,48.04,48.25,70.4,13.51
2023-02-07 09:00,2,9,Weekday,Winter,Yes,145.29,0.0,31.21,48.25,62.05,1.81
2023-02-07 10:00,2,10,Weekday,Winter,Yes,136.59,0.0,24.45,48.25,60.13,2.19
2023-02-07 11:00,2,11,Weekday,Winter,Yes,135.59,0.0,21.43,48.25,62.05,2.19
2023-02-07 12:00,2,12,Weekday,Winter,Yes,138.98,0.0,25.24,48.25,61.51,2.19
2023-02-07 13:00,2,13,Weekday,Winter,Yes,132.46,0.0,16.42,48.25,63.66,3.27
2023-02-07 14:00,2,14,Weekday,Winter,Yes,122.9,0.0,10.51,48.25,60.13,1.1
2023-02-07 15:00,2,15,Weekday,Winter,Yes,120.66,0.0,8.35,48.25,60.13,2.19
2023-02-07 16:00,2,16,Weekday,Winter,Yes,123.65,0.44,8.07,48.25,63.02,1.1
2023-02-07 17:00,2,17,Weekday,Winter,Yes,118.67,0.04,11.92,37.53,62.79,2.19
2023-02-07 18:00,2,18,Weekday,Winter,No,106.06,0.0,24.67,26.8,36.02,1.1
2023-02-07 19:00,2,19,Weekday,Winter,No,111.87,0.0,33.04,26.8,33.45,0.02
2023-02-07 20:00,2,20,Weekday,Winter,No,105.78,0.0,43.04,16.08,28.09,1.1
2023-02-07 21:00,2,21,Weekday,Winter,No,111.4,0.0,49.94,16.08,26.8,1.1
2023-02-07 22:00,2,22,Weekday,Winter,No,41.62,0.0,0.0,5.36,21.44,0.02
2023-02-07 23:00,2,23,Weekday,Winter,No,38.94,0.0,0.0,2.68,21.44,1.1
2023-02-08 00:00,2,0,Weekday,Winter,No,38.94,0.0,0.0,2.68,21.44,0.02
2023-02-08 01:00,2,1,Weekday,Winter,No,38.94,0.0,0.0,2.68,21.44,1.1
2023-02-08 02:00,2,2,Weekday,Winter,No,38.94,0.0,0.0,2.68,21.44,0.02
2023-02-08 03:00,2,3,Weekday,Winter,No,38.94,0.0,0.0,2.68,21.44,0.02
2023-02-08 04:00,2,4,Weekday,Winter,No,38.94,0.0,0.0,2.68,21.44,1.1
2023-02-08 05:00,2,5,Weekday,Winter,No,41.62,0.0,0.0,5.36,21.44,0.02
2023-02-08 06:00,2,6,Weekday,Winter,No,146.66,0.0,101.28,5.36,21.44,1.1
2023-02-08 07:00,2,7,Weekday,Winter,No,133.58,0.0,78.58,16.08,32.68,1.1
2023-02-08 08:00,2,8,Weekday,Winter,Yes,168.13,0.0,45.71,48.25,70.4,1.1
2023-02-08 09:00,2,9,Weekday,Winter,Yes,147.77,0.0,33.7,48.25,62.05,2.19
2023-02-08 10:00,2,10,Weekday,Winter,Yes,136.45,0.0,24.3,48.25,60.13,1.1
2023-02-08 11:00,2,11,Weekday,Winter,Yes,133.87,0.0,19.8,48.25,62.05,2.19
2023-02-08 12:00,2,12,Weekday,Winter,Yes,135.8,0.0,22.28,48.25,61.51,3.27
2023-02-08 13:00,2,13,Weekday,Winter,Yes,134.87,0.0,19.19,48.25,63.66,2.19
2023-02-08 14:00,2,14,Weekday,Winter,Yes,136.08,0.0,23.94,48.25,60.13,2.19
2023-02-08 15:00,2,15,Weekday,Winter,Yes,140.47,0.0,28.33,48.25,60.13,1.1
2023-02-08 16:00,2,16,Weekday,Winter,Yes,145.54,0.0,30.49,48.25,63.02,2.19
2023-02-08 17:00,2,17,Weekday,Winter,Yes,142.63,0.0,35.98,37.53,62.79,1.1
2023-02-08 18:00,2,18,Weekday,Winter,No,125.67,0.0,44.27,26.8,36.02,1.1
2023-02-08 19:00,2,19,Weekday,Winter,No,125.36,0.0,46.53,26.8,33.45,1.1
2023-02-08 20:00,2,20,Weekday,Winter,No,117.26,0.0,54.51,16.08,28.09,1.1
2023-02-08 21:00,2,21,Weekday,Winter,No,120.34,0.0,58.88,16.08,26.8,0.02
2023-02-08 22:00,2,22,Weekday,Winter,No,41.62,0.0,0.0,5.36,21.44,1.1
2023-02-08 23:00,2,23,Weekday,Winter,No,38.94,0.0,0.0,2.68,21.44,0.02
2023-02-09 00:00,2,0,Weekday,Winter,No,38.94,0.0,0.0,2.68,21.44,1.1
2023-02-09 01:00,2,1,Weekday,Winter,No,38.94,0.0,0.0,2.68,21.44,0.02
2023-02-09 02:00,2,2,Weekday,Winter,No,38.94,0.0,0.0,2.68,21.44,0.02
2023-02-09 03:00,2,3,Weekday,Winter,No,38.94,0.0,0.0,2.68,21.44,1.1
2023-02-09 04:00,2,4,Weekday,Winter,No,38.94,0.0,0.0,2.68,21.44,0.02
2023-02-09 05:00,2,5,Weekday,Winter,No,41.62,0.0,0.0,5.36,21.44,1.1
2023-02-09 06:00,2,6,Weekday,Winter,No,150.18,0.0,104.8,5.36,21.44,0.02
2023-02-09 07:00,2,7,Weekday,Winter,No,135.08,0.0,80.08,16.08,32.68,1.1
2023-02-09 08:00,2,8,Weekday,Winter,Yes,163.84,0.0,41.42,48.25,70.4,2.19
2023-02-09 09:00,2,9,Weekday,Winter,Yes,144.11,0.0,30.04,48.25,62.05,1.1
2023-02-09 10:00,2,10,Weekday,Winter,Yes,134.64,0.0,22.49,48.25,60.13,2.19
2023-02-09 11:00,2,11,Weekday,Winter,Yes,134.05,0.0,19.98,48.25,62.05,2.19
2023-02-09 12:00,2,12,Weekday,Winter,Yes,137.93,0.0,24.4,48.25,61.51,2.19
2023-02-09 13:00,2,13,Weekday,Winter,Yes,133.9,0.0,18.22,48.25,63.66,2.19
2023-02-09 14:00,2,14,Weekday,Winter,Yes,134.28,0.0,22.14,48.25,60.13,2.19
2023-02-09 15:00,2,15,Weekday,Winter,Yes,138.61,0.0,26.47,48.25,60.13,1.1
2023-02-09 16:00,2,16,Weekday,Winter,Yes,145.42,0.0,30.38,48.25,63.02,2.19
2023-02-09 17:00,2,17,Weekday,Winter,Yes,144.49,0.0,37.84,37.53,62.79,2.19
2023-02-09 18:00,2,18,Weekday,Winter,No,128.77,0.0,47.38,26.8,36.02,1.1
2023-02-09 19:00,2,19,Weekday,Winter,No,128.57,0.0,49.75,26.8,33.45,0.02
2023-02-09 20:00,2,20,Weekday,Winter,No,121.5,0.0,58.75,16.08,28.09,1.17
2023-02-09 21:00,2,21,Weekday,Winter,No,126.49,0.0,65.03,16.08,26.8,2.11
2023-02-09 22:00,2,22,Weekday,Winter,No,41.62,0.0,0.0,5.36,21.44,0.02
2023-02-09 23:00,2,23,Weekday,Winter,No,38.94,0.0,0.0,2.68,21.44,1.1
2023-02-10 00:00,2,0,Weekday,Winter,No,38.94,0.0,0.0,2.68,21.44,0.02
2023-02-10 01:00,2,1,Weekday,Winter,No,38.94,0.0,0.0,2.68,21.44,0.02
2023-02-10 02:00,2,2,Weekday,Winter,No,38.94,0.0,0.0,2.68,21.44,1.1
2023-02-10 03:00,2,3,Weekday,Winter,No,38.94,0.0,0.0,2.68,21.44,0.02
2023-02-10 04:00,2,4,Weekday,Winter,No,38.94,0.0,0.0,2.68,21.44,1.1
2023-02-10 05:00,2,5,Weekday,Winter,No,47.7,0.0,5.17,5.36,21.44,0.02
2023-02-10 06:00,2,6,Weekday,Winter,No,184.58,0.0,139.2,5.36,21.44,1.1
2023-02-10 07:00,2,7,Weekday,Winter,No,155.85,0.0,100.85,16.08,32.68,22.0
2023-02-10 08:00,2,8,Weekday,Winter,Yes,172.39,0.0,49.97,48.25,70.4,12.61
2023-02-10 09:00,2,9,Weekday,Winter,Yes,146.47,0.0,32.4,48.25,62.05,3.39
2023-02-10 10:00,2,10,Weekday,Winter,Yes,136.8,0.0,24.66,48.25,60.13,1.1
2023-02-10 11:00,2,11,Weekday,Winter,Yes,135.3,0.0,21.14,48.25,62.05,2.19
2023-02-10 12:00,2,12,Weekday,Winter,Yes,138.36,0.0,24.61,48.25,61.51,3.27
2023-02-10 13:00,2,13,Weekday,Winter,Yes,131.99,0.0,15.89,48.25,63.66,2.19
2023-02-10 14:00,2,14,Weekday,Winter,Yes,122.38,0.0,9.84,48.25,60.13,1.1
2023-02-10 15:00,2,15,Weekday,Winter,Yes,120.79,0.0,8.39,48.25,60.13,2.19
2023-02-10 16:00,2,16,Weekday,Winter,Yes,123.79,0.0,8.64,48.25,63.02,2.19
2023-02-10 17:00,2,17,Weekday,Winter,Yes,117.41,0.0,13.17,37.53,62.79,1.1
2023-02-10 18:00,2,18,Weekday,Winter,No,107.45,0.0,26.05,26.8,36.02,1.1
2023-02-10 19:00,2,19,Weekday,Winter,No,113.09,0.0,34.27,26.8,33.45,1.1
2023-02-10 20:00,2,20,Weekday,Winter,No,107.33,0.0,44.59,16.08,28.09,1.1
2023-02-10 21:00,2,21,Weekday,Winter,No,114.24,0.0,52.78,16.08,26.8,0.02
2023-02-10 22:00,2,22,Weekday,Winter,No,41.62,0.0,0.0,5.36,21.44,1.1
2023-02-10 23:00,2,23,Weekday,Winter,No,38.94,0.0,0.0,2.68,21.44,0.02
2023-02-11 00:00,2,0,Weekend,Winter,No,33.58,0.0,0.0,2.68,16.08,0.02
2023-02-11 01:00,2,1,Weekend,Winter,No,33.58,0.0,0.0,2.68,16.08,1.1
2023-02-11 02:00,2,2,Weekend,Winter,No,33.58,0.0,0.0,2.68,16.08,0.02
2023-02-11 03:00,2,3,Weekend,Winter,No,33.58,0.0,0.0,2.68,16.08,1.1
2023-02-11 04:00,2,4,Weekend,Winter,No,33.58,0.0,0.0,2.68,16.08,0.02
2023-02-11 05:00,2,5,Weekend,Winter,No,37.95,0.0,3.7,2.68,16.08,1.1
2023-02-11 06:00,2,6,Weekend,Winter,No,181.48,0.0,136.11,5.36,21.44,0.02
2023-02-11 07:00,2,7,Weekend,Winter,No,142.53,0.0,104.35,5.36,26.58,22.02
2023-02-11 08:00,2,8,Weekend,Winter,No,128.24,0.0,66.37,26.8,31.3,7.25
2023-02-11 09:00,2,9,Weekend,Winter,No,108.72,0.0,44.6,26.8,33.55,1.1
2023-02-11 10:00,2,10,Weekend,Winter,No,98.52,0.0,35.36,26.8,32.58,1.1
2023-02-11 11:00,2,11,Weekend,Winter,No,97.63,0.0,32.19,26.8,34.83,1.1
2023-02-11 12:00,2,12,Weekend,Winter,No,95.02,0.46,30.27,26.8,33.55,1.1
2023-02-11 13:00,2,13,Weekend,Winter,No,90.04,2.38,25.83,26.8,30.98,1.1
2023-02-11 14:00,2,14,Weekend,Winter,No,68.45,4.64,30.51,8.04,21.33,1.1
2023-02-11 15:00,2,15,Weekend,Winter,No,65.96,6.23,27.83,8.04,20.05,1.1
2023-02-11 16:00,2,16,Weekend,Winter,No,66.45,6.69,27.58,8.04,20.37,1.1
2023-02-11 17:00,2,17,Weekend,Winter,No,66.41,3.32,38.63,2.68,18.01,0.02
2023-02-11 18:00,2,18,Weekend,Winter,No,33.58,0.0,0.0,2.68,16.08,1.1
2023-02-11 19:00,2,19,Weekend,Winter,No,33.58,0.0,0.0,2.68,16.08,0.02
2023-02-11 20:00,2,20,Weekend,Winter,No,33.58,0.0,0.0,2.68,16.08,1.1
2023-02-11 21:00,2,21,Weekend,Winter,No,33.58,0.0,0.0,2.68,16.08,0.02
2023-02-11 22:00,2,22,Weekend,Winter,No,33.58,0.0,0.0,2.68,16.08,1.1
2023-02-11 23:00,2,23,Weekend,Winter,No,33.58,0.0,0.0,2.68,16.08,0.02
2023-02-12 00:00,2,0,Weekend,Winter,No,33.58,0.0,0.0,2.68,16.08,0.02
2023-02-12 01:00,2,1,Weekend,Winter,No,33.58,0.0,0.0,2.68,16.08,1.1
2023-02-12 02:00,2,2,Weekend,Winter,No,33.58,0.0,0.0,2.68,16.08,0.02
2023-02-12 03:00,2,3,Weekend,Winter,No,33.58,0.0,0.0,2.68,16.08,0.02
2023-02-12 04:00,2,4,Weekend,Winter,No,33.58,0.0,0.0,2.68,16.08,1.1
2023-02-12 05:00,2,5,Weekend,Winter,No,33.58,0.0,0.0,2.68,16.08,0.02
2023-02-12 06:00,2,6,Weekend,Winter,No,33.58,0.0,0.0,2.68,16.08,1.1
2023-02-12 07:00,2,7,Weekend,Winter,No,21.24,0.0,0.0,2.68,16.08,0.02
2023-02-12 08:00,2,8,Weekend,Winter,No,18.77,0.0,0.0,2.68,16.08,0.02
2023-02-12 09:00,2,9,Weekend,Winter,No,18.77,0.0,0.0,2.68,16.08,1.1
2023-02-12 10:00,2,10,Weekend,Winter,No,18.77,0.0,0.0,2.68,16.08,0.02
2023-02-12 11:00,2,11,Weekend,Winter,No,18.77,0.0,0.0,2.68,16.08,1.1
2023-02-12 12:00,2,12,Weekend,Winter,No,23.4,3.52,0.0,2.68,16.08,0.02
2023-02-12 13:00,2,13,Weekend,Winter,No,31.04,9.87,0.0,2.68,16.08,1.1
2023-02-12 14:00,2,14,Weekend,Winter,No,32.16,11.06,0.0,2.68,16.08,0.02
2023-02-12 15:00,2,15,Weekend,Winter,No,21.97,2.63,0.0,2.68,16.08,1.1
2023-02-12 16:00,2,16,Weekend,Winter,No,18.77,0.0,0.0,2.68,16.08,0.02
2023-02-12 17:00,2,17,Weekend,Winter,No,18.77,0.0,0.0,2.68,16.08,0.02
2023-02-12 18:00,2,18,Weekend,Winter,No,33.58,0.0,0.0,2.68,16.08,1.1
2023-02-12 19:00,2,19,Weekend,Winter,No,33.58,0.0,0.0,2.68,16.08,0.02
2023-02-12 20:00,2,20,Weekend,Winter,No,33.58,0.0,0.0,2.68,16.08,0.02
2023-02-12 21:00,2,21,Weekend,Winter,No,33.58,0.0,0.0,2.68,16.08,1.1
2023-02-12 22:00,2,22,Weekend,Winter,No,33.58,0.0,0.0,2.68,16.08,0.02
2023-02-12 23:00,2,23,Weekend,Winter,No,33.58,0.0,0.0,2.68,16.08,1.1
2023-02-13 00:00,2,0,Weekday,Winter,No,38.94,0.0,0.0,2.68,21.44,0.02
2023-02-13 01:00,2,1,Weekday,Winter,No,38.94,0.0,0.0,2.68,21.44,0.02
2023-02-13 02:00,2,2,Weekday,Winter,No,38.94,0.0,0.0,2.68,21.44,1.1
2023-02-13 03:00,2,3,Weekday,Winter,No,38.94,0.0,0.0,2.68,21.44,0.02
2023-02-13 04:00,2,4,Weekday,Winter,No,38.94,0.0,0.0,2.68,21.44,1.1
2023-02-13 05:00,2,5,Weekday,Winter,No,41.62,0.0,0.0,5.36,21.44,0.02
2023-02-13 06:00,2,6,Weekday,Winter,No,163.79,0.0,118.41,5.36,21.44,1.1
2023-02-13 07:00,2,7,Weekday,Winter,No,142.22,0.0,87.22,16.08,32.68,1.1
2023-02-13 08:00,2,8,Weekday,Winter,Yes,161.61,0.0,39.19,48.25,70.4,1.1
2023-02-13 09:00,2,9,Weekday,Winter,Yes,138.3,1.14,23.09,48.25,62.05,2.19
2023-02-13 10:00,2,10,Weekday,Winter,Yes,134.35,6.9,15.31,48.25,60.13,1.1
2023-02-13 11:00,2,11,Weekday,Winter,Yes,137.69,12.78,10.84,48.25,62.05,2.19
2023-02-13 12:00,2,12,Weekday,Winter,Yes,143.14,18.26,11.3,48.25,61.51,3.27
2023-02-13 13:00,2,13,Weekday,Winter,Yes,140.28,19.16,5.44,48.25,63.66,2.19
2023-02-13 14:00,2,14,Weekday,Winter,Yes,135.11,21.21,1.57,48.25,60.13,1.1
2023-02-13 15:00,2,15,Weekday,Winter,Yes,135.64,22.28,1.08,48.25,60.13,2.19
2023-02-13 16:00,2,16,Weekday,Winter,Yes,135.54,19.02,1.45,48.25,63.02,2.19
2023-02-13 17:00,2,17,Weekday,Winter,Yes,122.1,14.24,3.64,37.53,62.79,1.1
2023-02-13 18:00,2,18,Weekday,Winter,No,105.11,9.74,13.98,26.8,36.02,1.1
2023-02-13 19:00,2,19,Weekday,Winter,No,105.13,6.31,19.99,26.8,33.45,1.1
2023-02-13 20:00,2,20,Weekday,Winter,No,94.81,1.19,30.88,16.08,28.09,1.1
2023-02-13 21:00,2,21,Weekday,Winter,No,100.13,0.0,38.67,16.08,26.8,0.02
2023-02-13 22:00,2,22,Weekday,Winter,No,41.62,0.0,0.0,5.36,21.44,0.02
2023-02-13 23:00,2,23,Weekday,Winter,No,38.94,0.0,0.0,2.68,21.44,1.1
2023-02-14 00:00,2,0,Weekday,Winter,No,38.94,0.0,0.0,2.68,21.44,0.02
2023-02-14 01:00,2,1,Weekday,Winter,No,38.94,0.0,0.0,2.68,21.44,1.1
2023-02-14 02:00,2,2,Weekday,Winter,No,38.94,0.0,0.0,2.68,21.44,0.02
2023-02-14 03:00,2,3,Weekday,Winter,No,38.94,0.0,0.0,2.68,21.44,1.1
2023-02-14 04:00,2,4,Weekday,Winter,No,38.94,0.0,0.0,2.68,21.44,0.02
2023-02-14 05:00,2,5,Weekday,Winter,No,41.62,0.0,0.0,5.36,21.44,0.02
2023-02-14 06:00,2,6,Weekday,Winter,No,130.76,0.0,85.38,5.36,21.44,1.1
2023-02-14 07:00,2,7,Weekday,Winter,No,119.15,0.0,64.15,16.08,32.68,1.1
2023-02-14 08:00,2,8,Weekday,Winter,Yes,152.18,0.19,29.57,48.25,70.4,1.1
2023-02-14 09:00,2,9,Weekday,Winter,Yes,133.62,3.33,16.23,48.25,62.05,2.19
2023-02-14 10:00,2,10,Weekday,Winter,Yes,128.45,7.03,9.27,48.25,60.13,2.19
2023-02-14 11:00,2,11,Weekday,Winter,Yes,134.2,14.71,5.32,48.25,62.05,2.19
2023-02-14 12:00,2,12,Weekday,Winter,Yes,142.32,24.19,4.19,48.25,61.51,2.19
2023-02-14 13:00,2,13,Weekday,Winter,Yes,147.11,30.41,0.33,48.25,63.66,2.19
2023-02-14 14:00,2,14,Weekday,Winter,Yes,143.97,31.27,0.0,48.25,60.13,2.19
2023-02-14 15:00,2,15,Weekday,Winter,Yes,141.09,28.77,0.0,48.25,60.13,1.1
2023-02-14 16:00,2,16,Weekday,Winter,Yes,142.41,27.26,0.0,48.25,63.02,2.19
2023-02-14 17:00,2,17,Weekday,Winter,Yes,128.47,23.14,1.05,37.53,62.79,1.1
2023-02-14 18:00,2,18,Weekday,Winter,No,105.55,17.01,7.15,26.8,36.02,1.1
2023-02-14 19:00,2,19,Weekday,Winter,No,102.97,13.47,10.67,26.8,33.45,1.1
2023-02-14 20:00,2,20,Weekday,Winter,No,91.98,10.88,18.36,16.08,28.09,1.1
2023-02-14 21:00,2,21,Weekday,Winter,No,92.46,5.86,25.14,16.08,26.8,0.02
2023-02-14 22:00,2,22,Weekday,Winter,No,41.62,0.0,0.0,5.36,21.44,1.1
2023-02-14 23:00,2,23,Weekday,Winter,No,38.94,0.0,0.0,2.68,21.44,0.02
2023-02-15 00:00,2,0,Weekday,Winter,No,38.94,0.0,0.0,2.68,21.44,1.1
2023-02-15 01:00,2,1,Weekday,Winter,No,38.94,0.0,0.0,2.68,21.44,0.02
2023-02-15 02:00,2,2,Weekday,Winter,No,38.94,0.0,0.0,2.68,21.44,0.02
2023-02-15 03:00,2,3,Weekday,Winter,No,38.94,0.0,0.0,2.68,21.44,1.1
2023-02-15 04:00,2,4,Weekday,Winter,No,38.94,0.0,0.0,2.68,21.44,0.02
2023-02-15 05:00,2,5,Weekday,Winter,No,41.62,0.0,0.0,5.36,21.44,1.1
2023-02-15 06:00,2,6,Weekday,Winter,No,91.0,1.09,44.53,5.36,21.44,0.02
2023-02-15 07:00,2,7,Weekday,Winter,No,96.1,2.49,38.62,16.08,32.68,1.1
2023-02-15 08:00,2,8,Weekday,Winter,Yes,144.92,3.54,18.92,48.25,70.4,2.19
2023-02-15 09:00,2,9,Weekday,Winter,Yes,131.17,6.27,10.83,48.25,62.05,1.1
2023-02-15 10:00,2,10,Weekday,Winter,Yes,128.77,10.75,5.87,48.25,60.13,2.19
2023-02-15 11:00,2,11,Weekday,Winter,Yes,133.71,16.11,3.53,48.25,62.05,2.19
2023-02-15 12:00,2,12,Weekday,Winter,Yes,135.2,17.89,3.73,48.25,61.51,2.19
2023-02-15 13:00,2,13,Weekday,Winter,Yes,134.91,16.44,2.71,48.25,63.66,2.19
2023-02-15 14:00,2,14,Weekday,Winter,Yes,129.43,15.49,1.79,48.25,60.13,2.19
2023-02-15 15:00,2,15,Weekday,Winter,Yes,129.13,15.29,1.68,48.25,60.13,1.1
2023-02-15 16:00,2,16,Weekday,Winter,Yes,133.29,15.9,2.27,48.25,63.02,2.19
2023-02-15 17:00,2,17,Weekday,Winter,Yes,125.71,16.62,4.82,37.53,62.79,1.1
2023-02-15 18:00,2,18,Weekday,Winter,No,106.67,15.6,9.67,26.8,36.02,1.1
2023-02-15 19:00,2,19,Weekday,Winter,No,106.49,14.13,13.53,26.8,33.45,1.1
2023-02-15 20:00,2,20,Weekday,Winter,No,96.25,11.71,21.8,16.08,28.09,1.1
2023-02-15 21:00,2,21,Weekday,Winter,No,97.58,11.4,24.72,16.08,26.8,0.02
2023-02-15 22:00,2,22,Weekday,Winter,No,41.62,0.0,0.0,5.36,21.44,1.1
2023-02-15 23:00,2,23,Weekday,Winter,No,38.94,0.0,0.0,2.68,21.44,0.02
2023-02-16 00:00,2,0,Weekday,Winter,No,38.94,0.0,0.0,2.68,21.44,1.1
2023-02-16 01:00,2,1,Weekday,Winter,No,38.94,0.0,0.0,2.68,21.44,0.02
2023-02-16 02:00,2,2,Weekday,Winter,No,38.94,0.0,0.0,2.68,21.44,1.1
2023-02-16 03:00,2,3,Weekday,Winter,No,38.94,0.0,0.0,2.68,21.44,0.02
2023-02-16 04:00,2,4,Weekday,Winter,No,38.94,0.0,0.0,2.68,21.44,0.02
2023-02-16 05:00,2,5,Weekday,Winter,No,41.62,0.0,0.0,5.36,21.44,1.1
2023-02-16 06:00,2,6,Weekday,Winter,No,89.55,5.39,38.79,5.36,21.44,0.02
2023-02-16 07:00,2,7,Weekday,Winter,No,93.81,4.24,34.58,16.08,32.68,1.1
2023-02-16 08:00,2,8,Weekday,Winter,Yes,141.44,6.6,12.36,48.25,70.4,2.19
2023-02-16 09:00,2,9,Weekday,Winter,Yes,131.33,11.74,5.52,48.25,62.05,1.1
2023-02-16 10:00,2,10,Weekday,Winter,Yes,130.51,14.89,3.47,48.25,60.13,2.19
2023-02-16 11:00,2,11,Weekday,Winter,Yes,132.76,16.35,2.32,48.25,62.05,2.19
2023-02-16 12:00,2,12,Weekday,Winter,Yes,133.94,17.79,2.54,48.25,61.51,2.19
2023-02-16 13:00,2,13,Weekday,Winter,Yes,135.03,17.88,1.37,48.25,63.66,2.19
2023-02-16 14:00,2,14,Weekday,Winter,Yes,129.41,16.52,0.73,48.25,60.13,2.19
2023-02-16 15:00,2,15,Weekday,Winter,Yes,129.16,16.98,0.0,48.25,60.13,1.1
2023-02-16 16:00,2,16,Weekday,Winter,Yes,131.68,16.32,0.19,48.25,63.02,2.19
2023-02-16 17:00,2,17,Weekday,Winter,Yes,120.59,14.64,1.64,37.53,62.79,1.1
2023-02-16 18:00,2,18,Weekday,Winter,No,99.5,11.24,6.86,26.8,36.02,1.1
2023-02-16 19:00,2,19,Weekday,Winter,No,99.33,7.71,12.8,26.8,33.45,1.1
2023-02-16 20:00,2,20,Weekday,Winter,No,89.24,4.45,22.05,16.08,28.09,1.1
2023-02-16 21:00,2,21,Weekday,Winter,No,89.77,0.71,27.6,16.08,26.8,1.1
2023-02-16 22:00,2,22,Weekday,Winter,No,41.62,0.0,0.0,5.36,21.44,0.02
2023-02-16 23:00,2,23,Weekday,Winter,No,38.94,0.0,0.0,2.68,21.44,0.02
2023-02-17 00:00,2,0,Weekday,Winter,No,38.94,0.0,0.0,2.68,21.44,1.1
2023-02-17 01:00,2,1,Weekday,Winter,No,38.94,0.0,0.0,2.68,21.44,0.02
2023-02-17 02:00,2,2,Weekday,Winter,No,38.94,0.0,0.0,2.68,21.44,1.1
2023-02-17 03:00,2,3,Weekday,Winter,No,38.94,0.0,0.0,2.68,21.44,0.02
2023-02-17 04:00,2,4,Weekday,Winter,No,38.94,0.0,0.0,2.68,21.44,0.02
2023-02-17 05:00,2,5,Weekday,Winter,No,41.62,0.0,0.0,5.36,21.44,1.1
2023-02-17 06:00,2,6,Weekday,Winter,No,114.98,0.0,69.6,5.36,21.44,0.02
2023-02-17 07:00,2,7,Weekday,Winter,No,102.22,0.0,49.68,16.08,32.68,1.1
2023-02-17 08:00,2,8,Weekday,Winter,Yes,139.82,0.0,17.36,48.25,70.4,2.19
2023-02-17 09:00,2,9,Weekday,Winter,Yes,127.42,2.93,10.41,48.25,62.05,1.1
2023-02-17 10:00,2,10,Weekday,Winter,Yes,129.88,10.67,6.95,48.25,60.13,2.19
2023-02-17 11:00,2,11,Weekday,Winter,Yes,134.31,15.52,4.35,48.25,62.05,2.19
2023-02-17 12:00,2,12,Weekday,Winter,Yes,137.91,19.64,4.02,48.25,61.51,2.19
2023-02-17 13:00,2,13,Weekday,Winter,Yes,140.97,23.68,0.59,48.25,63.66,2.19
2023-02-17 14:00,2,14,Weekday,Winter,Yes,137.74,24.76,0.0,48.25,60.13,2.19
2023-02-17 15:00,2,15,Weekday,Winter,Yes,137.27,24.43,0.0,48.25,60.13,1.1
2023-02-17 16:00,2,16,Weekday,Winter,Yes,140.17,24.47,0.0,48.25,63.02,2.19
2023-02-17 17:00,2,17,Weekday,Winter,Yes,126.85,22.1,0.35,37.53,62.79,1.1
2023-02-17 18:00,2,18,Weekday,Winter,No,101.59,17.43,2.76,26.8,36.02,2.17
2023-02-17 19:00,2,19,Weekday,Winter,No,99.72,13.55,7.34,26.8,33.45,0.04
2023-02-17 20:00,2,20,Weekday,Winter,No,86.53,8.03,15.75,16.08,28.09,1.1
2023-02-17 21:00,2,21,Weekday,Winter,No,86.41,2.89,22.05,16.08,26.8,1.1
2023-02-17 22:00,2,22,Weekday,Winter,No,41.62,0.0,0.0,5.36,21.44,0.02
2023-02-17 23:00,2,23,Weekday,Winter,No,38.94,0.0,0.0,2.68,21.44,1.1
2023-02-18 00:00,2,0,Weekend,Winter,No,33.58,0.0,0.0,2.68,16.08,0.02
2023-02-18 01:00,2,1,Weekend,Winter,No,33.58,0.0,0.0,2.68,16.08,0.02
2023-02-18 02:00,2,2,Weekend,Winter,No,33.58,0.0,0.0,2.68,16.08,1.1
2023-02-18 03:00,2,3,Weekend,Winter,No,33.58,0.0,0.0,2.68,16.08,0.02
2023-02-18 04:00,2,4,Weekend,Winter,No,33.58,0.0,0.0,2.68,16.08,1.1
2023-02-18 05:00,2,5,Weekend,Winter,No,33.58,0.0,0.0,2.68,16.08,0.02
2023-02-18 06:00,2,6,Weekend,Winter,No,104.43,0.0,59.05,5.36,21.44,1.1
2023-02-18 07:00,2,7,Weekend,Winter,No,83.93,0.0,48.22,5.36,26.58,0.02
2023-02-18 08:00,2,8,Weekend,Winter,No,93.73,1.42,30.43,26.8,31.3,1.1
2023-02-18 09:00,2,9,Weekend,Winter,No,89.61,9.19,16.29,26.8,33.55,1.1
2023-02-18 10:00,2,10,Weekend,Winter,No,88.63,16.09,9.39,26.8,32.58,1.1
2023-02-18 11:00,2,11,Weekend,Winter,No,93.09,21.38,6.1,26.8,34.83,1.1
2023-02-18 12:00,2,12,Weekend,Winter,No,95.34,25.92,4.8,26.8,33.55,1.1
2023-02-18 13:00,2,13,Weekend,Winter,No,92.78,28.76,1.87,26.8,30.98,1.1
2023-02-18 14:00,2,14,Weekend,Winter,No,64.43,28.3,2.55,8.04,21.33,1.1
2023-02-18 15:00,2,15,Weekend,Winter,No,64.94,28.34,4.44,8.04,20.05,0.02
2023-02-18 16:00,2,16,Weekend,Winter,No,65.14,27.92,4.94,8.04,20.37,1.1
2023-02-18 17:00,2,17,Weekend,Winter,No,58.19,25.67,8.06,2.68,18.01,1.1
2023-02-18 18:00,2,18,Weekend,Winter,No,33.58,0.0,0.0,2.68,16.08,0.02
2023-02-18 19:00,2,19,Weekend,Winter,No,33.58,0.0,0.0,2.68,16.08,1.1
2023-02-18 20:00,2,20,Weekend,Winter,No,33.58,0.0,0.0,2.68,16.08,0.02
2023-02-18 21:00,2,21,Weekend,Winter,No,33.58,0.0,0.0,2.68,16.08,1.1
2023-02-18 22:00,2,22,Weekend,Winter,No,33.58,0.0,0.0,2.68,16.08,0.02
2023-02-18 23:00,2,23,Weekend,Winter,No,33.58,0.0,0.0,2.68,16.08,0.02
2023-02-19 00:00,2,0,Weekend,Winter,No,33.58,0.0,0.0,2.68,16.08,1.1
2023-02-19 01:00,2,1,Weekend,Winter,No,33.58,0.0,0.0,2.68,16.08,0.02
2023-02-19 02:00,2,2,Weekend,Winter,No,33.58,0.0,0.0,2.68,16.08,1.1
2023-02-19 03:00,2,3,Weekend,Winter,No,33.58,0.0,0.0,2.68,16.08,0.02
2023-02-19 04:00,2,4,Weekend,Winter,No,33.58,0.0,0.0,2.68,16.08,0.02
2023-02-19 05:00,2,5,Weekend,Winter,No,33.58,0.0,0.0,2.68,16.08,1.1
2023-02-19 06:00,2,6,Weekend,Winter,No,33.58,0.0,0.0,2.68,16.08,0.02
2023-02-19 07:00,2,7,Weekend,Winter,No,18.77,0.0,0.0,2.68,16.08,0.02
2023-02-19 08:00,2,8,Weekend,Winter,No,18.77,0.0,0.0,2.68,16.08,1.1
2023-02-19 09:00,2,9,Weekend,Winter,No,18.77,0.0,0.0,2.68,16.08,0.02
2023-02-19 10:00,2,10,Weekend,Winter,No,19.5,0.62,0.0,2.68,16.08,1.1
2023-02-19 11:00,2,11,Weekend,Winter,No,34.15,13.23,0.0,2.68,16.08,0.02
2023-02-19 12:00,2,12,Weekend,Winter,No,40.57,18.84,0.0,2.68,16.08,1.1
2023-02-19 13:00,2,13,Weekend,Winter,No,39.96,18.43,0.0,2.68,16.08,0.02
2023-02-19 14:00,2,14,Weekend,Winter,No,43.03,21.29,0.0,2.68,16.08,1.1
2023-02-19 15:00,2,15,Weekend,Winter,No,41.63,20.12,0.0,2.68,16.08,0.02
2023-02-19 16:00,2,16,Weekend,Winter,No,29.99,9.89,0.0,2.68,16.08,0.02
2023-02-19 17:00,2,17,Weekend,Winter,No,18.77,0.0,0.0,2.68,16.08,1.1
2023-02-19 18:00,2,18,Weekend,Winter,No,33.58,0.0,0.0,2.68,16.08,0.02
2023-02-19 19:00,2,19,Weekend,Winter,No,33.58,0.0,0.0,2.68,16.08,0.02
2023-02-19 20:00,2,20,Weekend,Winter,No,33.58,0.0,0.0,2.68,16.08,1.1
2023-02-19 21:00,2,21,Weekend,Winter,No,33.58,0.0,0.0,2.68,16.08,0.02
2023-02-19 22:00,2,22,Weekend,Winter,No,33.58,0.0,0.0,2.68,16.08,1.1
2023-02-19 23:00,2,23,Weekend,Winter,No,33.58,0.0,0.0,2.68,16.08,0.02
2023-02-20 00:00,2,0,Weekday,Winter,No,33.58,0.0,0.0,2.68,16.08,0.02
2023-02-20 01:00,2,1,Weekday,Winter,No,33.58,0.0,0.0,2.68,16.08,1.1
2023-02-20 02:00,2,2,Weekday,Winter,No,33.58,0.0,0.0,2.68,16.08,0.02
2023-02-20 03:00,2,3,Weekday,Winter,No,33.58,0.0,0.0,2.68,16.08,0.02
2023-02-20 04:00,2,4,Weekday,Winter,No,33.58,0.0,0.0,2.68,16.08,1.1
2023-02-20 05:00,2,5,Weekday,Winter,No,33.58,0.0,0.0,2.68,16.08,0.02
2023-02-20 06:00,2,6,Weekday,Winter,No,33.58,0.0,0.0,2.68,16.08,1.1
2023-02-20 07:00,2,7,Weekday,Winter,No,18.77,0.0,0.0,2.68,16.08,0.02
2023-02-20 08:00,2,8,Weekday,Winter,Yes,18.77,0.0,0.0,2.68,16.08,0.02
2023-02-20 09:00,2,9,Weekday,Winter,Yes,18.77,0.0,0.0,2.68,16.08,1.1
2023-02-20 10:00,2,10,Weekday,Winter,Yes,18.77,0.0,0.0,2.68,16.08,0.02
2023-02-20 11:00,2,11,Weekday,Winter,Yes,21.39,2.19,0.0,2.68,16.08,1.1
2023-02-20 12:00,2,12,Weekday,Winter,Yes,33.33,12.39,0.0,2.68,16.08,0.02
2023-02-20 13:00,2,13,Weekday,Winter,Yes,39.36,17.67,0.0,2.68,16.08,1.1
2023-02-20 14:00,2,14,Weekday,Winter,Yes,38.26,16.8,0.0,2.68,16.08,0.02
2023-02-20 15:00,2,15,Weekday,Winter,Yes,20.48,1.48,0.0,2.68,16.08,0.02
2023-02-20 16:00,2,16,Weekday,Winter,Yes,18.77,0.0,0.0,2.68,16.08,1.1
2023-02-20 17:00,2,17,Weekday,Winter,Yes,18.77,0.0,0.0,2.68,16.08,0.02
2023-02-20 18:00,2,18,Weekday,Winter,No,33.58,0.0,0.0,2.68,16.08,1.1
2023-02-20 19:00,2,19,Weekday,Winter,No,33.58,0.0,0.0,2.68,16.08,0.02
2023-02-20 20:00,2,20,Weekday,Winter,No,33.58,0.0,0.0,2.68,16.08,0.02
2023-02-20 21:00,2,21,Weekday,Winter,No,33.58,0.0,0.0,2.68,16.08,1.1
2023-02-20 22:00,2,22,Weekday,Winter,No,33.58,0.0,0.0,2.68,16.08,0.02
2023-02-20 23:00,2,23,Weekday,Winter,No,33.58,0.0,0.0,2.68,16.08,1.1
2023-02-21 00:00,2,0,Weekday,Winter,No,38.94,0.0,0.0,2.68,21.44,0.02
2023-02-21 01:00,2,1,Weekday,Winter,No,38.94,0.0,0.0,2.68,21.44,0.02
2023-02-21 02:00,2,2,Weekday,Winter,No,38.94,0.0,0.0,2.68,21.44,1.1
2023-02-21 03:00,2,3,Weekday,Winter,No,38.94,0.0,0.0,2.68,21.44,0.02
2023-02-21 04:00,2,4,Weekday,Winter,No,38.94,0.0,0.0,2.68,21.44,1.1
2023-02-21 05:00,2,5,Weekday,Winter,No,41.62,0.0,0.0,5.36,21.44,0.02
2023-02-21 06:00,2,6,Weekday,Winter,No,119.03,0.0,73.65,5.36,21.44,1.1
2023-02-21 07:00,2,7,Weekday,Winter,No,102.31,0.0,49.77,16.08,32.68,1.1
2023-02-21 08:00,2,8,Weekday,Winter,Yes,142.33,0.0,19.91,48.25,70.4,1.1
2023-02-21 09:00,2,9,Weekday,Winter,Yes,127.7,1.31,12.32,48.25,62.05,2.19
2023-02-21 10:00,2,10,Weekday,Winter,Yes,126.31,5.85,8.19,48.25,60.13,1.1
2023-02-21 11:00,2,11,Weekday,Winter,Yes,131.65,11.33,5.78,48.25,62.05,2.19
2023-02-21 12:00,2,12,Weekday,Winter,Yes,135.2,15.54,5.52,48.25,61.51,2.19
2023-02-21 13:00,2,13,Weekday,Winter,Yes,134.74,16.7,1.59,48.25,63.66,3.27
2023-02-21 14:00,2,14,Weekday,Winter,Yes,130.02,17.15,0.07,48.25,60.13,1.1
2023-02-21 15:00,2,15,Weekday,Winter,Yes,129.37,16.49,0.22,48.25,60.13,1.1
2023-02-21 16:00,2,16,Weekday,Winter,Yes,130.58,14.67,0.47,48.25,63.02,2.19
2023-02-21 17:00,2,17,Weekday,Winter,Yes,118.11,11.86,1.93,37.53,62.79,1.1
2023-02-21 18:00,2,18,Weekday,Winter,No,93.12,8.15,6.05,26.8,36.02,1.1
2023-02-21 19:00,2,19,Weekday,Winter,No,95.96,3.93,13.21,26.8,33.45,1.1
2023-02-21 20:00,2,20,Weekday,Winter,No,86.73,2.02,21.96,16.08,28.09,1.1
2023-02-21 21:00,2,21,Weekday,Winter,No,89.78,1.44,26.88,16.08,26.8,1.1
2023-02-21 22:00,2,22,Weekday,Winter,No,41.62,0.0,0.0,5.36,21.44,0.02
2023-02-21 23:00,2,23,Weekday,Winter,No,38.94,0.0,0.0,2.68,21.44,0.02
2023-02-22 00:00,2,0,Weekday,Winter,No,38.94,0.0,0.0,2.68,21.44,1.1
2023-02-22 01:00,2,1,Weekday,Winter,No,38.94,0.0,0.0,2.68,21.44,0.02
2023-02-22 02:00,2,2,Weekday,Winter,No,38.94,0.0,0.0,2.68,21.44,1.1
2023-02-22 03:00,2,3,Weekday,Winter,No,38.94,0.0,0.0,2.68,21.44,0.02
2023-02-22 04:00,2,4,Weekday,Winter,No,38.94,0.0,0.0,2.68,21.44,1.1
2023-02-22 05:00,2,5,Weekday,Winter,No,41.62,0.0,0.0,5.36,21.44,0.02
2023-02-22 06:00,2,6,Weekday,Winter,No,127.52,0.0,82.15,5.36,21.44,1.1
2023-02-22 07:00,2,7,Weekday,Winter,No,107.37,0.0,54.84,16.08,32.68,0.02
2023-02-22 08:00,2,8,Weekday,Winter,Yes,142.62,0.33,19.84,48.25,70.4,2.19
2023-02-22 09:00,2,9,Weekday,Winter,Yes,131.27,6.04,11.15,48.25,62.05,1.1
2023-02-22 10:00,2,10,Weekday,Winter,Yes,131.27,11.65,7.32,48.25,60.13,2.19
2023-02-22 11:00,2,11,Weekday,Winter,Yes,136.84,16.98,5.29,48.25,62.05,2.19
2023-02-22 12:00,2,12,Weekday,Winter,Yes,141.97,23.07,4.55,48.25,61.51,2.19
2023-02-22 13:00,2,13,Weekday,Winter,Yes,145.99,28.57,0.67,48.25,63.66,2.19
2023-02-22 14:00,2,14,Weekday,Winter,Yes,143.6,30.54,0.0,48.25,60.13,2.19
2023-02-22 15:00,2,15,Weekday,Winter,Yes,140.78,27.95,0.0,48.25,60.13,1.1
2023-02-22 16:00,2,16,Weekday,Winter,Yes,142.09,26.56,0.0,48.25,63.02,2.19
2023-02-22 17:00,2,17,Weekday,Winter,Yes,127.93,23.27,0.27,37.53,62.79,1.1
2023-02-22 18:00,2,18,Weekday,Winter,No,97.21,15.66,2.63,26.8,36.02,1.1
2023-02-22 19:00,2,19,Weekday,Winter,No,95.5,8.41,8.26,26.8,33.45,1.1
2023-02-22 20:00,2,20,Weekday,Winter,No,84.33,4.09,17.49,16.08,28.09,1.1
2023-02-22 21:00,2,21,Weekday,Winter,No,86.78,0.52,24.81,16.08,26.8,0.66
2023-02-22 22:00,2,22,Weekday,Winter,No,41.62,0.0,0.0,5.36,21.44,0.46
2023-02-22 23:00,2,23,Weekday,Winter,No,38.94,0.0,0.0,2.68,21.44,0.02
2023-02-23 00:00,2,0,Weekday,Winter,No,38.94,0.0,0.0,2.68,21.44,1.1
2023-02-23 01:00,2,1,Weekday,Winter,No,38.94,0.0,0.0,2.68,21.44,0.02
2023-02-23 02:00,2,2,Weekday,Winter,No,38.94,0.0,0.0,2.68,21.44,1.1
2023-02-23 03:00,2,3,Weekday,Winter,No,38.94,0.0,0.0,2.68,21.44,0.02
2023-02-23 04:00,2,4,Weekday,Winter,No,38.94,0.0,0.0,2.68,21.44,0.02
2023-02-23 05:00,2,5,Weekday,Winter,No,41.62,0.0,0.0,5.36,21.44,1.1
2023-02-23 06:00,2,6,Weekday,Winter,No,123.42,0.0,78.04,5.36,21.44,0.02
2023-02-23 07:00,2,7,Weekday,Winter,No,103.88,0.0,51.34,16.08,32.68,1.1
2023-02-23 08:00,2,8,Weekday,Winter,Yes,141.22,0.0,18.76,48.25,70.4,2.19
2023-02-23 09:00,2,9,Weekday,Winter,Yes,128.3,3.05,11.18,48.25,62.05,1.1
2023-02-23 10:00,2,10,Weekday,Winter,Yes,130.39,10.93,7.15,48.25,60.13,2.19
2023-02-23 11:00,2,11,Weekday,Winter,Yes,139.94,20.88,4.41,48.25,62.05,2.19
2023-02-23 12:00,2,12,Weekday,Winter,Yes,148.15,30.27,3.42,48.25,61.51,2.19
2023-02-23 13:00,2,13,Weekday,Winter,Yes,154.77,37.61,0.28,48.25,63.66,2.19
2023-02-23 14:00,2,14,Weekday,Winter,Yes,153.57,40.28,0.0,48.25,60.13,2.19
2023-02-23 15:00,2,15,Weekday,Winter,Yes,156.17,42.79,0.0,48.25,60.13,1.1
2023-02-23 16:00,2,16,Weekday,Winter,Yes,158.97,42.68,0.0,48.25,63.02,2.19
2023-02-23 17:00,2,17,Weekday,Winter,Yes,139.03,34.28,0.0,37.53,62.79,1.1
2023-02-23 18:00,2,18,Weekday,Winter,No,103.01,23.13,0.95,26.8,36.02,1.1
2023-02-23 19:00,2,19,Weekday,Winter,No,97.99,15.69,3.48,26.8,33.45,1.1
2023-02-23 20:00,2,20,Weekday,Winter,No,83.07,9.32,11.0,16.08,28.09,1.1
2023-02-23 21:00,2,21,Weekday,Winter,No,83.7,4.96,17.28,16.08,26.8,0.02
2023-02-23 22:00,2,22,Weekday,Winter,No,41.62,0.0,0.0,5.36,21.44,1.1
2023-02-23 23:00,2,23,Weekday,Winter,No,38.94,0.0,0.0,2.68,21.44,0.02
2023-02-24 00:00,2,0,Weekday,Winter,No,38.94,0.0,0.0,2.68,21.44,1.1
2023-02-24 01:00,2,1,Weekday,Winter,No,38.94,0.0,0.0,2.68,21.44,0.02
2023-02-24 02:00,2,2,Weekday,Winter,No,38.94,0.0,0.0,2.68,21.44,0.02
2023-02-24 03:00,2,3,Weekday,Winter,No,38.94,0.0,0.0,2.68,21.44,1.1
2023-02-24 04:00,2,4,Weekday,Winter,No,38.94,0.0,0.0,2.68,21.44,0.02
2023-02-24 05:00,2,5,Weekday,Winter,No,41.62,0.0,0.0,5.36,21.44,1.1
2023-02-24 06:00,2,6,Weekday,Winter,No,104.33,0.0,58.95,5.36,21.44,0.02
2023-02-24 07:00,2,7,Weekday,Winter,No,92.48,0.0,39.94,16.08,32.68,1.1
2023-02-24 08:00,2,8,Weekday,Winter,Yes,137.88,2.05,13.34,48.25,70.4,1.1
2023-02-24 09:00,2,9,Weekday,Winter,Yes,131.8,10.53,7.19,48.25,62.05,2.19
2023-02-24 10:00,2,10,Weekday,Winter,Yes,139.28,22.84,3.92,48.25,60.13,2.19
2023-02-24 11:00,2,11,Weekday,Winter,Yes,150.46,33.78,1.72,48.25,62.05,2.19
2023-02-24 12:00,2,12,Weekday,Winter,Yes,155.76,40.03,0.94,48.25,61.51,2.19
2023-02-24 13:00,2,13,Weekday,Winter,Yes,163.23,46.01,0.0,48.25,63.66,2.19
2023-02-24 14:00,2,14,Weekday,Winter,Yes,163.42,49.79,0.0,48.25,60.13,1.1
2023-02-24 15:00,2,15,Weekday,Winter,Yes,166.31,52.44,0.0,48.25,60.13,2.19
2023-02-24 16:00,2,16,Weekday,Winter,Yes,168.04,51.33,0.0,48.25,63.02,2.19
2023-02-24 17:00,2,17,Weekday,Winter,Yes,149.37,44.31,0.0,37.53,62.79,1.1
2023-02-24 18:00,2,18,Weekday,Winter,No,110.22,31.15,0.13,26.8,36.02,1.1
2023-02-24 19:00,2,19,Weekday,Winter,No,102.19,22.29,1.07,26.8,33.45,1.1
2023-02-24 20:00,2,20,Weekday,Winter,No,81.67,13.04,5.89,16.08,28.09,0.02
2023-02-24 21:00,2,21,Weekday,Winter,No,80.7,8.19,11.05,16.08,26.8,1.1
2023-02-24 22:00,2,22,Weekday,Winter,No,41.62,0.0,0.0,5.36,21.44,0.02
2023-02-24 23:00,2,23,Weekday,Winter,No,38.94,0.0,0.0,2.68,21.44,1.1
2023-02-25 00:00,2,0,Weekend,Winter,No,33.58,0.0,0.0,2.68,16.08,0.02
2023-02-25 01:00,2,1,Weekend,Winter,No,33.58,0.0,0.0,2.68,16.08,1.1
2023-02-25 02:00,2,2,Weekend,Winter,No,33.58,0.0,0.0,2.68,16.08,0.02
2023-02-25 03:00,2,3,Weekend,Winter,No,33.58,0.0,0.0,2.68,16.08,0.02
2023-02-25 04:00,2,4,Weekend,Winter,No,33.58,0.0,0.0,2.68,16.08,1.1
2023-02-25 05:00,2,5,Weekend,Winter,No,33.58,0.0,0.0,2.68,16.08,0.02
2023-02-25 06:00,2,6,Weekend,Winter,No,91.5,0.0,46.12,5.36,21.44,1.1
2023-02-25 07:00,2,7,Weekend,Winter,No,66.94,0.25,30.98,5.36,26.58,0.02
2023-02-25 08:00,2,8,Weekend,Winter,No,83.42,7.45,14.1,26.8,31.3,1.1
2023-02-25 09:00,2,9,Weekend,Winter,No,90.24,17.33,8.78,26.8,33.55,1.1
2023-02-25 10:00,2,10,Weekend,Winter,No,95.18,26.47,5.29,26.8,32.58,1.1
2023-02-25 11:00,2,11,Weekend,Winter,No,103.7,34.41,3.21,26.8,34.83,1.1
2023-02-25 12:00,2,12,Weekend,Winter,No,107.55,40.77,1.67,26.8,33.55,1.1
2023-02-25 13:00,2,13,Weekend,Winter,No,108.74,45.96,0.1,26.8,30.98,1.1
2023-02-25 14:00,2,14,Weekend,Winter,No,82.11,48.0,0.0,8.04,21.33,1.1
2023-02-25 15:00,2,15,Weekend,Winter,No,81.51,48.1,0.74,8.04,20.05,0.02
2023-02-25 16:00,2,16,Weekend,Winter,No,79.92,46.09,1.04,8.04,20.37,1.1
2023-02-25 17:00,2,17,Weekend,Winter,No,65.58,38.56,2.46,2.68,18.01,1.1
2023-02-25 18:00,2,18,Weekend,Winter,No,31.11,0.0,0.0,2.68,16.08,0.02
2023-02-25 19:00,2,19,Weekend,Winter,No,33.58,0.0,0.0,2.68,16.08,1.1
2023-02-25 20:00,2,20,Weekend,Winter,No,33.58,0.0,0.0,2.68,16.08,0.02
2023-02-25 21:00,2,21,Weekend,Winter,No,33.58,0.0,0.0,2.68,16.08,1.1
2023-02-25 22:00,2,22,Weekend,Winter,No,33.58,0.0,0.0,2.68,16.08,0.02
2023-02-25 23:00,2,23,Weekend,Winter,No,33.58,0.0,0.0,2.68,16.08,1.1
2023-02-26 00:00,2,0,Weekend,Winter,No,33.58,0.0,0.0,2.68,16.08,0.02
2023-02-26 01:00,2,1,Weekend,Winter,No,33.58,0.0,0.0,2.68,16.08,0.02
2023-02-26 02:00,2,2,Weekend,Winter,No,33.58,0.0,0.0,2.68,16.08,1.1
2023-02-26 03:00,2,3,Weekend,Winter,No,33.58,0.0,0.0,2.68,16.08,0.02
2023-02-26 04:00,2,4,Weekend,Winter,No,33.58,0.0,0.0,2.68,16.08,0.02
2023-02-26 05:00,2,5,Weekend,Winter,No,33.58,0.0,0.0,2.68,16.08,1.1
2023-02-26 06:00,2,6,Weekend,Winter,No,31.11,0.0,0.0,2.68,16.08,0.02
2023-02-26 07:00,2,7,Weekend,Winter,No,18.77,0.0,0.0,2.68,16.08,1.1
2023-02-26 08:00,2,8,Weekend,Winter,No,19.45,0.46,0.0,2.68,16.08,0.02
2023-02-26 09:00,2,9,Weekend,Winter,No,28.33,7.64,0.0,2.68,16.08,0.02
2023-02-26 10:00,2,10,Weekend,Winter,No,29.63,9.28,0.0,2.68,16.08,1.1
2023-02-26 11:00,2,11,Weekend,Winter,No,43.48,21.62,0.0,2.68,16.08,0.02
2023-02-26 12:00,2,12,Weekend,Winter,No,41.27,19.88,0.0,2.68,16.08,1.1
2023-02-26 13:00,2,13,Weekend,Winter,No,48.54,26.47,0.0,2.68,16.08,0.02
2023-02-26 14:00,2,14,Weekend,Winter,No,44.09,22.65,0.0,2.68,16.08,1.1
2023-02-26 15:00,2,15,Weekend,Winter,No,50.37,28.37,0.0,2.68,16.08,0.02
2023-02-26 16:00,2,16,Weekend,Winter,No,44.42,23.08,0.0,2.68,16.08,0.02
2023-02-26 17:00,2,17,Weekend,Winter,No,48.99,27.07,0.0,2.68,16.08,1.1
2023-02-26 18:00,2,18,Weekend,Winter,No,39.39,7.41,0.0,2.68,16.08,0.02
2023-02-26 19:00,2,19,Weekend,Winter,No,33.58,0.0,0.0,2.68,16.08,0.02
2023-02-26 20:00,2,20,Weekend,Winter,No,33.58,0.0,0.0,2.68,16.08,1.1
2023-02-26 21:00,2,21,Weekend,Winter,No,33.58,0.0,0.0,2.68,16.08,0.02
2023-02-26 22:00,2,22,Weekend,Winter,No,33.58,0.0,0.0,2.68,16.08,1.1
2023-02-26 23:00,2,23,Weekend,Winter,No,33.58,0.0,0.0,2.68,16.08,0.02
2023-02-27 00:00,2,0,Weekday,Winter,No,38.94,0.0,0.0,2.68,21.44,0.02
2023-02-27 01:00,2,1,Weekday,Winter,No,38.94,0.0,0.0,2.68,21.44,1.1
2023-02-27 02:00,2,2,Weekday,Winter,No,38.94,0.0,0.0,2.68,21.44,0.02
2023-02-27 03:00,2,3,Weekday,Winter,No,38.94,0.0,0.0,2.68,21.44,1.1
2023-02-27 04:00,2,4,Weekday,Winter,No,38.94,0.0,0.0,2.68,21.44,0.02
2023-02-27 05:00,2,5,Weekday,Winter,No,41.62,0.0,0.0,5.36,21.44,1.1
2023-02-27 06:00,2,6,Weekday,Winter,No,86.19,0.0,43.28,5.36,21.44,0.02
2023-02-27 07:00,2,7,Weekday,Winter,No,80.49,1.37,26.59,16.08,32.68,1.1
2023-02-27 08:00,2,8,Weekday,Winter,Yes,139.39,9.31,7.63,48.25,70.4,1.1
2023-02-27 09:00,2,9,Weekday,Winter,Yes,135.38,17.3,3.93,48.25,62.05,2.19
2023-02-27 10:00,2,10,Weekday,Winter,Yes,143.04,28.68,1.68,48.25,60.13,2.19
2023-02-27 11:00,2,11,Weekday,Winter,Yes,152.59,37.35,0.22,48.25,62.05,1.1
2023-02-27 12:00,2,12,Weekday,Winter,Yes,157.71,42.8,0.05,48.25,61.51,3.27
2023-02-27 13:00,2,13,Weekday,Winter,Yes,164.55,47.28,0.0,48.25,63.66,2.19
2023-02-27 14:00,2,14,Weekday,Winter,Yes,163.51,49.85,0.0,48.25,60.13,1.1
2023-02-27 15:00,2,15,Weekday,Winter,Yes,167.96,53.97,0.0,48.25,60.13,2.19
2023-02-27 16:00,2,16,Weekday,Winter,Yes,172.88,55.85,0.0,48.25,63.02,1.1
2023-02-27 17:00,2,17,Weekday,Winter,Yes,153.29,48.03,0.0,37.53,62.79,2.19
2023-02-27 18:00,2,18,Weekday,Winter,No,113.14,34.18,0.01,26.8,36.02,1.1
2023-02-27 19:00,2,19,Weekday,Winter,No,107.59,28.31,0.46,26.8,33.45,0.02
2023-02-27 20:00,2,20,Weekday,Winter,No,89.71,24.69,2.27,16.08,28.09,1.1
2023-02-27 21:00,2,21,Weekday,Winter,No,85.15,18.55,5.14,16.08,26.8,1.1
2023-02-27 22:00,2,22,Weekday,Winter,No,41.62,0.0,0.0,5.36,21.44,0.02
2023-02-27 23:00,2,23,Weekday,Winter,No,38.94,0.0,0.0,2.68,21.44,1.1
2023-02-28 00:00,2,0,Weekday,Winter,No,38.94,0.0,0.0,2.68,21.44,0.02
2023-02-28 01:00,2,1,Weekday,Winter,No,38.94,0.0,0.0,2.68,21.44,0.02
2023-02-28 02:00,2,2,Weekday,Winter,No,38.94,0.0,0.0,2.68,21.44,1.1
2023-02-28 03:00,2,3,Weekday,Winter,No,38.94,0.0,0.0,2.68,21.44,0.02
2023-02-28 04:00,2,4,Weekday,Winter,No,38.94,0.0,0.0,2.68,21.44,1.1
2023-02-28 05:00,2,5,Weekday,Winter,No,41.62,0.0,0.0,5.36,21.44,0.02
2023-02-28 06:00,2,6,Weekday,Winter,No,74.16,8.01,23.2,5.36,21.44,1.1
2023-02-28 07:00,2,7,Weekday,Winter,No,74.66,6.89,15.23,16.08,32.68,0.02
2023-02-28 08:00,2,8,Weekday,Winter,Yes,142.11,15.23,4.32,48.25,70.4,2.19
2023-02-28 09:00,2,9,Weekday,Winter,Yes,142.52,26.45,1.78,48.25,62.05,1.1
2023-02-28 10:00,2,10,Weekday,Winter,Yes,146.21,32.93,0.5,48.25,60.13,2.19
2023-02-28 11:00,2,11,Weekday,Winter,Yes,152.99,37.89,0.03,48.25,62.05,2.19
2023-02-28 12:00,2,12,Weekday,Winter,Yes,156.07,41.28,0.0,48.25,61.51,2.19
2023-02-28 13:00,2,13,Weekday,Winter,Yes,161.8,44.61,0.0,48.25,63.66,2.19
2023-02-28 14:00,2,14,Weekday,Winter,Yes,161.49,47.77,0.0,48.25,60.13,2.19
2023-02-28 15:00,2,15,Weekday,Winter,Yes,165.4,51.29,0.0,48.25,60.13,1.1
2023-02-28 16:00,2,16,Weekday,Winter,Yes,168.09,51.03,0.0,48.25,63.02,2.19
2023-02-28 17:00,2,17,Weekday,Winter,Yes,148.05,42.88,0.0,37.53,62.79,1.1
2023-02-28 18:00,2,18,Weekday,Winter,No,109.48,30.51,0.02,26.8,36.02,1.1
2023-02-28 19:00,2,19,Weekday,Winter,No,104.16,24.73,0.6,26.8,33.45,1.1
2023-02-28 20:00,2,20,Weekday,Winter,No,85.67,20.37,2.55,16.08,28.09,1.1
2023-02-28 21:00,2,21,Weekday,Winter,No,83.02,16.02,5.54,16.08,26.8,0.02
2023-02-28 22:00,2,22,Weekday,Winter,No,41.62,0.0,0.0,5.36,21.44,1.1
2023-02-28 23:00,2,23,Weekday,Winter,No,38.94,0.0,0.0,2.68,21.44,0.02
2023-03-01 00:00,3,0,Weekday,Spring,No,38.94,0.0,0.0,2.68,21.44,1.1
2023-03-01 01:00,3,1,Weekday,Spring,No,38.94,0.0,0.0,2.68,21.44,0.02
2023-03-01 02:00,3,2,Weekday,Spring,No,38.94,0.0,0.0,2.68,21.44,0.02
2023-03-01 03:00,3,3,Weekday,Spring,No,38.94,0.0,0.0,2.68,21.44,1.1
2023-03-01 04:00,3,4,Weekday,Spring,No,38.94,0.0,0.0,2.68,21.44,0.02
2023-03-01 05:00,3,5,Weekday,Spring,No,41.62,0.0,0.0,5.36,21.44,1.1
2023-03-01 06:00,3,6,Weekday,Spring,No,80.87,0.0,37.92,5.36,21.44,0.02
2023-03-01 07:00,3,7,Weekday,Spring,No,83.14,0.0,30.6,16.08,32.68,1.1
2023-03-01 08:00,3,8,Weekday,Spring,Yes,131.5,0.99,7.9,48.25,70.4,1.1
2023-03-01 09:00,3,9,Weekday,Spring,Yes,125.18,6.95,4.09,48.25,62.05,2.19
2023-03-01 10:00,3,10,Weekday,Spring,Yes,128.69,14.36,2.03,48.25,60.13,2.19
2023-03-01 11:00,3,11,Weekday,Spring,Yes,136.28,21.15,0.47,48.25,62.05,1.1
2023-03-01 12:00,3,12,Weekday,Spring,Yes,140.16,25.68,0.08,48.25,61.51,3.27
2023-03-01 13:00,3,13,Weekday,Spring,Yes,147.67,30.82,0.0,48.25,63.66,2.19
2023-03-01 14:00,3,14,Weekday,Spring,Yes,144.96,31.8,0.0,48.25,60.13,1.1
2023-03-01 15:00,3,15,Weekday,Spring,Yes,142.91,30.09,0.0,48.25,60.13,2.19
2023-03-01 16:00,3,16,Weekday,Spring,Yes,145.34,29.69,0.0,48.25,63.02,1.1
2023-03-01 17:00,3,17,Weekday,Spring,Yes,131.03,26.5,0.0,37.53,62.79,2.19
2023-03-01 18:00,3,18,Weekday,Spring,No,100.54,21.13,0.49,26.8,36.02,1.1
2023-03-01 19:00,3,19,Weekday,Spring,No,99.32,18.17,2.32,26.8,33.45,0.02
2023-03-01 20:00,3,20,Weekday,Spring,No,84.68,16.09,5.85,16.08,28.09,1.1
2023-03-01 21:00,3,21,Weekday,Spring,No,83.95,14.74,7.75,16.08,26.8,1.1
2023-03-01 22:00,3,22,Weekday,Spring,No,41.62,0.0,0.0,5.36,21.44,0.02
2023-03-01 23:00,3,23,Weekday,Spring,No,38.94,0.0,0.0,2.68,21.44,1.1
2023-03-02 00:00,3,0,Weekday,Spring,No,38.94,0.0,0.0,2.68,21.44,0.02
2023-03-02 01:00,3,1,Weekday,Spring,No,38.94,0.0,0.0,2.68,21.44,0.02
2023-03-02 02:00,3,2,Weekday,Spring,No,38.94,0.0,0.0,2.68,21.44,1.1
2023-03-02 03:00,3,3,Weekday,Spring,No,38.94,0.0,0.0,2.68,21.44,0.02
2023-03-02 04:00,3,4,Weekday,Spring,No,38.94,0.0,0.0,2.68,21.44,1.1
2023-03-02 05:00,3,5,Weekday,Spring,No,41.62,0.0,0.0,5.36,21.44,0.02
2023-03-02 06:00,3,6,Weekday,Spring,No,71.05,3.67,24.43,5.36,21.44,1.1
2023-03-02 07:00,3,7,Weekday,Spring,No,77.95,3.31,22.1,16.08,32.68,0.02
2023-03-02 08:00,3,8,Weekday,Spring,Yes,134.58,5.23,6.69,48.25,70.4,2.19
2023-03-02 09:00,3,9,Weekday,Spring,Yes,125.5,8.2,3.13,48.25,62.05,1.1
2023-03-02 10:00,3,10,Weekday,Spring,Yes,125.35,11.49,1.65,48.25,60.13,2.19
2023-03-02 11:00,3,11,Weekday,Spring,Yes,129.72,14.83,0.66,48.25,62.05,2.19
2023-03-02 12:00,3,12,Weekday,Spring,Yes,132.49,18.15,0.58,48.25,61.51,2.19
2023-03-02 13:00,3,13,Weekday,Spring,Yes,137.46,21.51,0.0,48.25,63.66,2.19
2023-03-02 14:00,3,14,Weekday,Spring,Yes,136.47,24.0,0.0,48.25,60.13,2.19
2023-03-02 15:00,3,15,Weekday,Spring,Yes,138.55,26.02,0.0,48.25,60.13,1.1
2023-03-02 16:00,3,16,Weekday,Spring,Yes,143.04,27.62,0.0,48.25,63.02,2.19
2023-03-02 17:00,3,17,Weekday,Spring,Yes,131.22,26.71,0.0,37.53,62.79,1.1
2023-03-02 18:00,3,18,Weekday,Spring,No,101.83,22.0,0.9,26.8,36.02,1.1
2023-03-02 19:00,3,19,Weekday,Spring,No,101.61,19.53,3.25,26.8,33.45,1.1
2023-03-02 20:00,3,20,Weekday,Spring,No,86.52,16.88,6.89,16.08,28.09,1.1
2023-03-02 21:00,3,21,Weekday,Spring,No,84.29,14.01,8.82,16.08,26.8,0.02
2023-03-02 22:00,3,22,Weekday,Spring,No,41.62,0.0,0.0,5.36,21.44,1.1
2023-03-02 23:00,3,23,Weekday,Spring,No,38.94,0.0,0.0,2.68,21.44,0.02
2023-03-03 00:00,3,0,Weekday,Spring,No,38.94,0.0,0.0,2.68,21.44,0.02
2023-03-03 01:00,3,1,Weekday,Spring,No,38.94,0.0,0.0,2.68,21.44,1.1
2023-03-03 02:00,3,2,Weekday,Spring,No,38.94,0.0,0.0,2.68,21.44,0.02
2023-03-03 03:00,3,3,Weekday,Spring,No,38.94,0.0,0.0,2.68,21.44,1.1
2023-03-03 04:00,3,4,Weekday,Spring,No,38.94,0.0,0.0,2.68,21.44,0.02
2023-03-03 05:00,3,5,Weekday,Spring,No,41.62,0.0,0.0,5.36,21.44,0.02
2023-03-03 06:00,3,6,Weekday,Spring,No,70.14,8.95,18.25,5.36,21.44,1.1
2023-03-03 07:00,3,7,Weekday,Spring,No,81.59,8.57,20.49,16.08,32.68,1.1
2023-03-03 08:00,3,8,Weekday,Spring,Yes,139.9,9.67,7.58,48.25,70.4,1.1
2023-03-03 09:00,3,9,Weekday,Spring,Yes,129.25,11.26,3.84,48.25,62.05,2.19
2023-03-03 10:00,3,10,Weekday,Spring,Yes,127.35,12.94,2.21,48.25,60.13,1.1
2023-03-03 11:00,3,11,Weekday,Spring,Yes,129.63,14.27,1.16,48.25,62.05,2.19
2023-03-03 12:00,3,12,Weekday,Spring,Yes,131.04,15.33,1.97,48.25,61.51,2.19
2023-03-03 13:00,3,13,Weekday,Spring,Yes,132.49,16.27,0.3,48.25,63.66,2.19
2023-03-03 14:00,3,14,Weekday,Spring,Yes,129.27,16.82,0.0,48.25,60.13,2.19
2023-03-03 15:00,3,15,Weekday,Spring,Yes,129.22,16.7,0.0,48.25,60.13,1.1
2023-03-03 16:00,3,16,Weekday,Spring,Yes,131.78,16.43,0.0,48.25,63.02,2.19
2023-03-03 17:00,3,17,Weekday,Spring,Yes,119.86,14.94,0.44,37.53,62.79,1.1
2023-03-03 18:00,3,18,Weekday,Spring,No,95.64,11.38,5.34,26.8,36.02,1.1
2023-03-03 19:00,3,19,Weekday,Spring,No,96.18,8.68,8.68,26.8,33.45,1.1
2023-03-03 20:00,3,20,Weekday,Spring,No,84.28,6.5,15.04,16.08,28.09,1.1
2023-03-03 21:00,3,21,Weekday,Spring,No,86.52,4.91,20.14,16.08,26.8,0.02
2023-03-03 22:00,3,22,Weekday,Spring,No,41.62,0.0,0.0,5.36,21.44,1.1
2023-03-03 23:00,3,23,Weekday,Spring,No,38.94,0.0,0.0,2.68,21.44,0.02
2023-03-04 00:00,3,0,Weekend,Spring,No,33.58,0.0,0.0,2.68,16.08,1.1
2023-03-04 01:00,3,1,Weekend,Spring,No,33.58,0.0,0.0,2.68,16.08,0.02
2023-03-04 02:00,3,2,Weekend,Spring,No,33.58,0.0,0.0,2.68,16.08,0.02
2023-03-04 03:00,3,3,Weekend,Spring,No,33.58,0.0,0.0,2.68,16.08,1.1
2023-03-04 04:00,3,4,Weekend,Spring,No,33.58,0.0,0.0,2.68,16.08,0.02
2023-03-04 05:00,3,5,Weekend,Spring,No,33.58,0.0,0.0,2.68,16.08,1.1
2023-03-04 06:00,3,6,Weekend,Spring,No,90.73,0.0,47.82,5.36,21.44,0.02
2023-03-04 07:00,3,7,Weekend,Spring,No,70.54,0.0,34.83,5.36,26.58,1.1
2023-03-04 08:00,3,8,Weekend,Spring,No,80.65,0.12,18.66,26.8,31.3,1.1
2023-03-04 09:00,3,9,Weekend,Spring,No,80.44,2.84,13.47,26.8,33.55,0.02
2023-03-04 10:00,3,10,Weekend,Spring,No,79.76,6.1,10.51,26.8,32.58,1.1
2023-03-04 11:00,3,11,Weekend,Spring,No,81.72,8.64,7.61,26.8,34.83,1.1
2023-03-04 12:00,3,12,Weekend,Spring,No,81.36,11.31,5.66,26.8,33.55,1.1
2023-03-04 13:00,3,13,Weekend,Spring,No,79.33,14.43,2.94,26.8,30.98,1.1
2023-03-04 14:00,3,14,Weekend,Spring,No,51.81,15.43,2.99,8.04,21.33,1.1
2023-03-04 15:00,3,15,Weekend,Spring,No,51.18,15.29,3.93,8.04,20.05,1.1
2023-03-04 16:00,3,16,Weekend,Spring,No,52.45,15.27,5.0,8.04,20.37,0.02
2023-03-04 17:00,3,17,Weekend,Spring,No,47.02,13.35,9.2,2.68,18.01,1.1
2023-03-04 18:00,3,18,Weekend,Spring,No,31.11,0.0,0.0,2.68,16.08,0.02
2023-03-04 19:00,3,19,Weekend,Spring,No,33.58,0.0,0.0,2.68,16.08,1.1
2023-03-04 20:00,3,20,Weekend,Spring,No,33.58,0.0,0.0,2.68,16.08,0.02
2023-03-04 21:00,3,21,Weekend,Spring,No,33.58,0.0,0.0,2.68,16.08,1.1
2023-03-04 22:00,3,22,Weekend,Spring,No,33.58,0.0,0.0,2.68,16.08,0.02
2023-03-04 23:00,3,23,Weekend,Spring,No,33.58,0.0,0.0,2.68,16.08,1.1
2023-03-05 00:00,3,0,Weekend,Spring,No,33.58,0.0,0.0,2.68,16.08,0.02
2023-03-05 01:00,3,1,Weekend,Spring,No,33.58,0.0,0.0,2.68,16.08,0.02
2023-03-05 02:00,3,2,Weekend,Spring,No,33.58,0.0,0.0,2.68,16.08,1.1
2023-03-05 03:00,3,3,Weekend,Spring,No,33.58,0.0,0.0,2.68,16.08,0.02
2023-03-05 04:00,3,4,Weekend,Spring,No,33.58,0.0,0.0,2.68,16.08,1.1
2023-03-05 05:00,3,5,Weekend,Spring,No,33.58,0.0,0.0,2.68,16.08,0.02
2023-03-05 06:00,3,6,Weekend,Spring,No,31.11,0.0,0.0,2.68,16.08,0.02
2023-03-05 07:00,3,7,Weekend,Spring,No,18.77,0.0,0.0,2.68,16.08,1.1
2023-03-05 08:00,3,8,Weekend,Spring,No,18.77,0.0,0.0,2.68,16.08,0.02
2023-03-05 09:00,3,9,Weekend,Spring,No,18.77,0.0,0.0,2.68,16.08,0.02
2023-03-05 10:00,3,10,Weekend,Spring,No,18.77,0.0,0.0,2.68,16.08,1.1
2023-03-05 11:00,3,11,Weekend,Spring,No,19.81,0.83,0.0,2.68,16.08,0.02
2023-03-05 12:00,3,12,Weekend,Spring,No,31.71,10.58,0.0,2.68,16.08,1.1
2023-03-05 13:00,3,13,Weekend,Spring,No,35.38,13.99,0.0,2.68,16.08,0.02
2023-03-05 14:00,3,14,Weekend,Spring,No,39.28,17.56,0.0,2.68,16.08,1.1
2023-03-05 15:00,3,15,Weekend,Spring,No,33.99,13.13,0.0,2.68,16.08,0.02
2023-03-05 16:00,3,16,Weekend,Spring,No,40.81,19.14,0.0,2.68,16.08,0.02
2023-03-05 17:00,3,17,Weekend,Spring,No,33.89,13.02,0.0,2.68,16.08,1.1
2023-03-05 18:00,3,18,Weekend,Spring,No,32.31,1.02,0.0,2.68,16.08,0.02
2023-03-05 19:00,3,19,Weekend,Spring,No,33.58,0.0,0.0,2.68,16.08,1.1
2023-03-05 20:00,3,20,Weekend,Spring,No,33.58,0.0,0.0,2.68,16.08,0.02
2023-03-05 21:00,3,21,Weekend,Spring,No,33.58,0.0,0.0,2.68,16.08,0.02
2023-03-05 22:00,3,22,Weekend,Spring,No,33.58,0.0,0.0,2.68,16.08,1.1
2023-03-05 23:00,3,23,Weekend,Spring,No,33.58,0.0,0.0,2.68,16.08,0.02
2023-03-06 00:00,3,0,Weekday,Spring,No,38.94,0.0,0.0,2.68,21.44,1.1
2023-03-06 01:00,3,1,Weekday,Spring,No,38.94,0.0,0.0,2.68,21.44,0.02
2023-03-06 02:00,3,2,Weekday,Spring,No,38.94,0.0,0.0,2.68,21.44,0.02
2023-03-06 03:00,3,3,Weekday,Spring,No,38.94,0.0,0.0,2.68,21.44,1.1
2023-03-06 04:00,3,4,Weekday,Spring,No,38.94,0.0,0.0,2.68,21.44,0.02
2023-03-06 05:00,3,5,Weekday,Spring,No,41.62,0.0,0.0,5.36,21.44,1.1
2023-03-06 06:00,3,6,Weekday,Spring,No,106.87,0.0,63.96,5.36,21.44,0.02
2023-03-06 07:00,3,7,Weekday,Spring,No,96.42,0.0,43.88,16.08,32.68,1.1
2023-03-06 08:00,3,8,Weekday,Spring,Yes,139.53,0.77,16.28,48.25,70.4,1.1
2023-03-06 09:00,3,9,Weekday,Spring,Yes,129.78,6.08,9.63,48.25,62.05,2.19
2023-03-06 10:00,3,10,Weekday,Spring,Yes,130.05,12.61,5.27,48.25,60.13,1.1
2023-03-06 11:00,3,11,Weekday,Spring,Yes,133.84,17.1,2.55,48.25,62.05,2.19
2023-03-06 12:00,3,12,Weekday,Spring,Yes,135.09,19.52,1.81,48.25,61.51,2.19
2023-03-06 13:00,3,13,Weekday,Spring,Yes,138.8,22.59,0.1,48.25,63.66,3.27
2023-03-06 14:00,3,14,Weekday,Spring,Yes,134.79,22.34,0.0,48.25,60.13,1.1
2023-03-06 15:00,3,15,Weekday,Spring,Yes,133.36,20.99,0.0,48.25,60.13,1.1
2023-03-06 16:00,3,16,Weekday,Spring,Yes,135.12,19.87,0.0,48.25,63.02,2.19
2023-03-06 17:00,3,17,Weekday,Spring,Yes,122.12,17.69,0.02,37.53,62.79,1.1
2023-03-06 18:00,3,18,Weekday,Spring,No,93.42,13.36,3.6,26.8,36.02,1.1
2023-03-06 19:00,3,19,Weekday,Spring,No,97.73,10.32,8.58,26.8,33.45,1.1
2023-03-06 20:00,3,20,Weekday,Spring,No,87.04,7.95,16.34,16.08,28.09,1.1
2023-03-06 21:00,3,21,Weekday,Spring,No,89.3,6.14,21.7,16.08,26.8,0.02
2023-03-06 22:00,3,22,Weekday,Spring,No,41.62,0.0,0.0,5.36,21.44,1.1
2023-03-06 23:00,3,23,Weekday,Spring,No,38.94,0.0,0.0,2.68,21.44,0.02
2023-03-07 00:00,3,0,Weekday,Spring,No,38.94,0.0,0.0,2.68,21.44,1.1
2023-03-07 01:00,3,1,Weekday,Spring,No,38.94,0.0,0.0,2.68,21.44,0.02
2023-03-07 02:00,3,2,Weekday,Spring,No,38.94,0.0,0.0,2.68,21.44,0.02
2023-03-07 03:00,3,3,Weekday,Spring,No,38.94,0.0,0.0,2.68,21.44,1.1
2023-03-07 04:00,3,4,Weekday,Spring,No,38.94,0.0,0.0,2.68,21.44,0.02
2023-03-07 05:00,3,5,Weekday,Spring,No,41.62,0.0,0.0,5.36,21.44,1.1
2023-03-07 06:00,3,6,Weekday,Spring,No,81.18,0.0,40.74,5.36,21.44,0.02
2023-03-07 07:00,3,7,Weekday,Spring,No,89.29,0.0,36.75,16.08,32.68,1.1
2023-03-07 08:00,3,8,Weekday,Spring,Yes,134.64,0.0,12.06,48.25,70.4,1.1
2023-03-07 09:00,3,9,Weekday,Spring,Yes,120.58,0.19,6.28,48.25,62.05,2.19
2023-03-07 10:00,3,10,Weekday,Spring,Yes,118.5,1.78,4.56,48.25,60.13,2.19
2023-03-07 11:00,3,11,Weekday,Spring,Yes,121.95,4.37,3.32,48.25,62.05,1.1
2023-03-07 12:00,3,12,Weekday,Spring,Yes,124.59,7.58,3.01,48.25,61.51,3.27
2023-03-07 13:00,3,13,Weekday,Spring,Yes,127.23,10.64,0.19,48.25,63.66,2.19
2023-03-07 14:00,3,14,Weekday,Spring,Yes,124.65,11.92,0.0,48.25,60.13,1.1
2023-03-07 15:00,3,15,Weekday,Spring,Yes,124.82,12.2,0.0,48.25,60.13,1.1
2023-03-07 16:00,3,16,Weekday,Spring,Yes,127.84,12.46,0.0,48.25,63.02,2.19
2023-03-07 17:00,3,17,Weekday,Spring,Yes,116.41,11.35,0.6,37.53,62.79,1.1
2023-03-07 18:00,3,18,Weekday,Spring,No,89.18,8.39,4.33,26.8,36.02,1.1
2023-03-07 19:00,3,19,Weekday,Spring,No,94.2,5.93,9.44,26.8,33.45,1.1
2023-03-07 20:00,3,20,Weekday,Spring,No,83.98,3.45,17.79,16.08,28.09,1.1
2023-03-07 21:00,3,21,Weekday,Spring,No,85.99,0.85,23.68,16.08,26.8,0.02
2023-03-07 22:00,3,22,Weekday,Spring,No,41.62,0.0,0.0,5.36,21.44,1.1
2023-03-07 23:00,3,23,Weekday,Spring,No,38.94,0.0,0.0,2.68,21.44,0.02
2023-03-08 00:00,3,0,Weekday,Spring,No,38.94,0.0,0.0,2.68,21.44,1.1
2023-03-08 01:00,3,1,Weekday,Spring,No,38.94,0.0,0.0,2.68,21.44,0.02
2023-03-08 02:00,3,2,Weekday,Spring,No,38.94,0.0,0.0,2.68,21.44,0.02
2023-03-08 03:00,3,3,Weekday,Spring,No,38.94,0.0,0.0,2.68,21.44,1.1
2023-03-08 04:00,3,4,Weekday,Spring,No,38.94,0.0,0.0,2.68,21.44,0.02
2023-03-08 05:00,3,5,Weekday,Spring,No,41.62,0.0,0.0,5.36,21.44,1.1
2023-03-08 06:00,3,6,Weekday,Spring,No,101.24,0.0,60.8,5.36,21.44,0.02
2023-03-08 07:00,3,7,Weekday,Spring,No,96.59,0.0,44.06,16.08,32.68,1.1
2023-03-08 08:00,3,8,Weekday,Spring,Yes,140.47,0.0,17.89,48.25,70.4,1.1
2023-03-08 09:00,3,9,Weekday,Spring,Yes,125.68,0.58,10.99,48.25,62.05,2.19
2023-03-08 10:00,3,10,Weekday,Spring,Yes,125.22,5.69,7.32,48.25,60.13,2.19
2023-03-08 11:00,3,11,Weekday,Spring,Yes,129.93,10.41,5.02,48.25,62.05,1.1
2023-03-08 12:00,3,12,Weekday,Spring,Yes,133.07,14.44,4.38,48.25,61.51,2.19
2023-03-08 13:00,3,13,Weekday,Spring,Yes,135.94,18.76,0.57,48.25,63.66,3.27
2023-03-08 14:00,3,14,Weekday,Spring,Yes,133.3,20.35,0.0,48.25,60.13,1.1
2023-03-08 15:00,3,15,Weekday,Spring,Yes,133.62,20.73,0.0,48.25,60.13,1.1
2023-03-08 16:00,3,16,Weekday,Spring,Yes,136.88,21.13,0.0,48.25,63.02,2.19
2023-03-08 17:00,3,17,Weekday,Spring,Yes,122.52,18.0,0.03,37.53,62.79,1.1
2023-03-08 18:00,3,18,Weekday,Spring,No,91.87,13.38,2.03,26.8,36.02,1.1
2023-03-08 19:00,3,19,Weekday,Spring,No,94.64,10.36,5.45,26.8,33.45,1.1
2023-03-08 20:00,3,20,Weekday,Spring,No,82.86,7.21,12.91,16.08,28.09,1.1
2023-03-08 21:00,3,21,Weekday,Spring,No,83.93,3.82,18.66,16.08,26.8,0.02
2023-03-08 22:00,3,22,Weekday,Spring,No,41.62,0.0,0.0,5.36,21.44,1.1
2023-03-08 23:00,3,23,Weekday,Spring,No,38.94,0.0,0.0,2.68,21.44,0.02
2023-03-09 00:00,3,0,Weekday,Spring,No,38.94,0.0,0.0,2.68,21.44,1.1
2023-03-09 01:00,3,1,Weekday,Spring,No,38.94,0.0,0.0,2.68,21.44,0.02
2023-03-09 02:00,3,2,Weekday,Spring,No,38.94,0.0,0.0,2.68,21.44,0.02
2023-03-09 03:00,3,3,Weekday,Spring,No,38.94,0.0,0.0,2.68,21.44,1.1
2023-03-09 04:00,3,4,Weekday,Spring,No,38.94,0.0,0.0,2.68,21.44,0.02
2023-03-09 05:00,3,5,Weekday,Spring,No,41.62,0.0,0.0,5.36,21.44,1.1
2023-03-09 06:00,3,6,Weekday,Spring,No,94.47,0.0,54.03,5.36,21.44,0.02
2023-03-09 07:00,3,7,Weekday,Spring,No,92.73,0.0,40.2,16.08,32.68,1.1
2023-03-09 08:00,3,8,Weekday,Spring,Yes,137.27,0.0,14.68,48.25,70.4,1.1
2023-03-09 09:00,3,9,Weekday,Spring,Yes,123.32,1.15,8.05,48.25,62.05,2.19
2023-03-09 10:00,3,10,Weekday,Spring,Yes,123.45,6.06,5.17,48.25,60.13,1.1
2023-03-09 11:00,3,11,Weekday,Spring,Yes,127.59,10.36,2.77,48.25,62.05,2.19
2023-03-09 12:00,3,12,Weekday,Spring,Yes,129.67,13.89,1.74,48.25,61.51,2.19
2023-03-09 13:00,3,13,Weekday,Spring,Yes,134.35,17.95,0.03,48.25,63.66,2.19
2023-03-09 14:00,3,14,Weekday,Spring,Yes,130.68,18.21,0.0,48.25,60.13,2.19
2023-03-09 15:00,3,15,Weekday,Spring,Yes,129.91,17.6,0.0,48.25,60.13,1.1
2023-03-09 16:00,3,16,Weekday,Spring,Yes,133.24,17.95,0.0,48.25,63.02,2.19
2023-03-09 17:00,3,17,Weekday,Spring,Yes,121.45,16.85,0.15,37.53,62.79,1.1
2023-03-09 18:00,3,18,Weekday,Spring,No,94.27,13.31,4.5,26.8,36.02,1.1
2023-03-09 19:00,3,19,Weekday,Spring,No,97.36,11.09,7.44,26.8,33.45,1.1
2023-03-09 20:00,3,20,Weekday,Spring,No,83.32,8.81,11.77,16.08,28.09,1.1
2023-03-09 21:00,3,21,Weekday,Spring,No,83.93,6.55,15.92,16.08,26.8,0.02
2023-03-09 22:00,3,22,Weekday,Spring,No,41.62,0.0,0.0,5.36,21.44,1.1
2023-03-09 23:00,3,23,Weekday,Spring,No,38.94,0.0,0.0,2.68,21.44,0.02
2023-03-10 00:00,3,0,Weekday,Spring,No,38.94,0.0,0.0,2.68,21.44,0.02
2023-03-10 01:00,3,1,Weekday,Spring,No,38.94,0.0,0.0,2.68,21.44,1.1
2023-03-10 02:00,3,2,Weekday,Spring,No,38.94,0.0,0.0,2.68,21.44,0.02
2023-03-10 03:00,3,3,Weekday,Spring,No,38.94,0.0,0.0,2.68,21.44,1.1
2023-03-10 04:00,3,4,Weekday,Spring,No,38.94,0.0,0.0,2.68,21.44,0.02
2023-03-10 05:00,3,5,Weekday,Spring,No,41.62,0.0,0.0,5.36,21.44,1.1
2023-03-10 06:00,3,6,Weekday,Spring,No,76.89,0.99,35.46,5.36,21.44,0.02
2023-03-10 07:00,3,7,Weekday,Spring,No,87.93,1.74,33.66,16.08,32.68,1.1
2023-03-10 08:00,3,8,Weekday,Spring,Yes,143.58,4.0,16.97,48.25,70.4,1.1
2023-03-10 09:00,3,9,Weekday,Spring,Yes,132.27,6.96,11.19,48.25,62.05,2.19
2023-03-10 10:00,3,10,Weekday,Spring,Yes,129.66,10.22,7.27,48.25,60.13,1.1
2023-03-10 11:00,3,11,Weekday,Spring,Yes,131.56,12.13,5.27,48.25,62.05,2.19
2023-03-10 12:00,3,12,Weekday,Spring,Yes,132.46,12.68,6.09,48.25,61.51,2.19
2023-03-10 13:00,3,13,Weekday,Spring,Yes,132.68,13.15,3.68,48.25,63.66,2.19
2023-03-10 14:00,3,14,Weekday,Spring,Yes,127.82,11.84,3.75,48.25,60.13,2.19
2023-03-10 15:00,3,15,Weekday,Spring,Yes,127.06,9.29,5.53,48.25,60.13,1.1
2023-03-10 16:00,3,16,Weekday,Spring,Yes,128.33,5.55,7.55,48.25,63.02,2.19
2023-03-10 17:00,3,17,Weekday,Spring,Yes,119.01,2.74,11.89,37.53,62.79,1.1
2023-03-10 18:00,3,18,Weekday,Spring,No,98.05,1.43,20.16,26.8,36.02,1.1
2023-03-10 19:00,3,19,Weekday,Spring,No,102.69,0.21,23.66,26.8,33.45,1.1
2023-03-10 20:00,3,20,Weekday,Spring,No,92.57,0.0,29.83,16.08,28.09,1.1
2023-03-10 21:00,3,21,Weekday,Spring,No,93.14,0.0,31.68,16.08,26.8,0.02
2023-03-10 22:00,3,22,Weekday,Spring,No,41.62,0.0,0.0,5.36,21.44,0.02
2023-03-10 23:00,3,23,Weekday,Spring,No,38.94,0.0,0.0,2.68,21.44,1.1
2023-03-11 00:00,3,0,Weekend,Spring,No,33.58,0.0,0.0,2.68,16.08,0.02
2023-03-11 01:00,3,1,Weekend,Spring,No,33.58,0.0,0.0,2.68,16.08,1.1
2023-03-11 02:00,3,2,Weekend,Spring,No,33.58,0.0,0.0,2.68,16.08,0.02
2023-03-11 03:00,3,3,Weekend,Spring,No,33.58,0.0,0.0,2.68,16.08,0.02
2023-03-11 04:00,3,4,Weekend,Spring,No,33.58,0.0,0.0,2.68,16.08,1.1
2023-03-11 05:00,3,5,Weekend,Spring,No,33.58,0.0,0.0,2.68,16.08,0.02
2023-03-11 06:00,3,6,Weekend,Spring,No,91.82,0.0,51.37,5.36,21.44,1.1
2023-03-11 07:00,3,7,Weekend,Spring,No,80.38,0.0,44.67,5.36,26.58,0.02
2023-03-11 08:00,3,8,Weekend,Spring,No,84.79,0.14,22.78,26.8,31.3,1.1
2023-03-11 09:00,3,9,Weekend,Spring,No,82.59,3.32,15.15,26.8,33.55,1.1
2023-03-11 10:00,3,10,Weekend,Spring,No,81.31,7.09,11.06,26.8,32.58,1.1
2023-03-11 11:00,3,11,Weekend,Spring,No,83.25,8.9,8.94,26.8,34.83,1.1
2023-03-11 12:00,3,12,Weekend,Spring,No,82.65,9.35,9.17,26.8,33.55,1.1
2023-03-11 13:00,3,13,Weekend,Spring,No,79.93,9.88,8.49,26.8,30.98,1.1
2023-03-11 14:00,3,14,Weekend,Spring,No,57.85,10.29,14.42,8.04,21.33,0.02
2023-03-11 15:00,3,15,Weekend,Spring,No,60.87,10.54,18.47,8.04,20.05,1.1
2023-03-11 16:00,3,16,Weekend,Spring,No,64.89,10.76,21.95,8.04,20.37,1.1
2023-03-11 17:00,3,17,Weekend,Spring,No,63.14,9.69,29.0,2.68,18.01,0.02
2023-03-11 18:00,3,18,Weekend,Spring,No,28.64,0.0,0.0,2.68,16.08,1.1
2023-03-11 19:00,3,19,Weekend,Spring,No,33.58,0.0,0.0,2.68,16.08,0.02
2023-03-11 20:00,3,20,Weekend,Spring,No,33.58,0.0,0.0,2.68,16.08,1.1
2023-03-11 21:00,3,21,Weekend,Spring,No,33.58,0.0,0.0,2.68,16.08,0.02
2023-03-11 22:00,3,22,Weekend,Spring,No,33.58,0.0,0.0,2.68,16.08,1.1
2023-03-11 23:00,3,23,Weekend,Spring,No,33.58,0.0,0.0,2.68,16.08,0.02
2023-03-12 00:00,3,0,Weekend,Spring,No,33.58,0.0,0.0,2.68,16.08,0.02
2023-03-12 01:00,3,1,Weekend,Spring,No,33.58,0.0,0.0,2.68,16.08,1.1
2023-03-12 02:00,3,2,Weekend,Spring,No,33.58,0.0,0.0,2.68,16.08,0.02
2023-03-12 03:00,3,3,Weekend,Spring,No,33.58,0.0,0.0,2.68,16.08,1.1
2023-03-12 04:00,3,4,Weekend,Spring,No,33.58,0.0,0.0,2.68,16.08,0.02
2023-03-12 05:00,3,5,Weekend,Spring,No,33.58,0.0,0.0,2.68,16.08,0.02
2023-03-12 06:00,3,6,Weekend,Spring,No,28.64,0.0,0.0,2.68,16.08,1.1
2023-03-12 07:00,3,7,Weekend,Spring,No,18.77,0.0,0.0,2.68,16.08,0.02
2023-03-12 08:00,3,8,Weekend,Spring,No,18.77,0.0,0.0,2.68,16.08,0.02
2023-03-12 09:00,3,9,Weekend,Spring,No,18.77,0.0,0.0,2.68,16.08,1.1
2023-03-12 10:00,3,10,Weekend,Spring,No,18.77,0.0,0.0,2.68,16.08,0.02
2023-03-12 11:00,3,11,Weekend,Spring,No,18.77,0.0,0.0,2.68,16.08,1.1
2023-03-12 12:00,3,12,Weekend,Spring,No,18.77,0.0,0.0,2.68,16.08,0.02
2023-03-12 13:00,3,13,Weekend,Spring,No,21.12,1.71,0.0,2.68,16.08,1.1
2023-03-12 14:00,3,14,Weekend,Spring,No,18.77,0.0,0.0,2.68,16.08,0.02
2023-03-12 15:00,3,15,Weekend,Spring,No,24.85,4.67,0.0,2.68,16.08,0.02
2023-03-12 16:00,3,16,Weekend,Spring,No,28.7,7.77,0.0,2.68,16.08,1.1
2023-03-12 17:00,3,17,Weekend,Spring,No,29.0,7.91,0.0,2.68,16.08,0.02
2023-03-12 18:00,3,18,Weekend,Spring,No,28.64,0.0,0.0,2.68,16.08,0.02
2023-03-12 19:00,3,19,Weekend,Spring,No,33.58,0.0,0.0,2.68,16.08,1.1
2023-03-12 20:00,3,20,Weekend,Spring,No,33.58,0.0,0.0,2.68,16.08,0.02
2023-03-12 21:00,3,21,Weekend,Spring,No,33.58,0.0,0.0,2.68,16.08,1.1
2023-03-12 22:00,3,22,Weekend,Spring,No,33.58,0.0,0.0,2.68,16.08,0.02
2023-03-12 23:00,3,23,Weekend,Spring,No,33.58,0.0,0.0,2.68,16.08,0.02
2023-03-13 00:00,3,0,Weekday,Spring,No,38.94,0.0,0.0,2.68,21.44,1.1
2023-03-13 01:00,3,1,Weekday,Spring,No,38.94,0.0,0.0,2.68,21.44,0.02
2023-03-13 02:00,3,2,Weekday,Spring,No,38.94,0.0,0.0,2.68,21.44,1.1
2023-03-13 03:00,3,3,Weekday,Spring,No,38.94,0.0,0.0,2.68,21.44,0.02
2023-03-13 04:00,3,4,Weekday,Spring,No,41.62,0.0,0.0,5.36,21.44,0.02
2023-03-13 05:00,3,5,Weekday,Spring,No,120.85,0.0,75.47,5.36,21.44,1.1
2023-03-13 06:00,3,6,Weekday,Spring,No,125.25,0.0,62.85,16.08,32.68,1.1
2023-03-13 07:00,3,7,Weekday,Spring,No,152.17,0.0,29.72,48.25,70.4,1.1
2023-03-13 08:00,3,8,Weekday,Spring,Yes,132.31,0.0,18.23,48.25,62.05,2.19
2023-03-13 09:00,3,9,Weekday,Spring,Yes,126.67,3.13,11.4,48.25,60.13,1.1
2023-03-13 10:00,3,10,Weekday,Spring,Yes,132.04,10.45,7.49,48.25,62.05,2.19
2023-03-13 11:00,3,11,Weekday,Spring,Yes,136.01,15.92,6.29,48.25,61.51,2.19
2023-03-13 12:00,3,12,Weekday,Spring,Yes,140.71,21.44,2.96,48.25,63.66,2.19
2023-03-13 13:00,3,13,Weekday,Spring,Yes,139.54,26.42,0.28,48.25,60.13,2.19
2023-03-13 14:00,3,14,Weekday,Spring,Yes,141.61,28.77,0.0,48.25,60.13,1.1
2023-03-13 15:00,3,15,Weekday,Spring,Yes,145.45,29.6,0.0,48.25,63.02,2.19
2023-03-13 16:00,3,16,Weekday,Spring,Yes,134.52,29.66,0.0,37.53,62.79,1.1
2023-03-13 17:00,3,17,Weekday,Spring,Yes,90.91,23.8,0.44,26.8,36.02,1.1
2023-03-13 18:00,3,18,Weekday,Spring,No,95.42,19.51,2.02,26.8,33.45,0.02
2023-03-13 19:00,3,19,Weekday,Spring,No,85.75,16.73,6.27,16.08,28.09,1.1
2023-03-13 20:00,3,20,Weekday,Spring,No,87.34,13.62,12.26,16.08,26.8,1.1
2023-03-13 21:00,3,21,Weekday,Spring,No,41.62,0.0,0.0,5.36,21.44,0.02
2023-03-13 22:00,3,22,Weekday,Spring,No,38.94,0.0,0.0,2.68,21.44,1.1
2023-03-13 23:00,3,23,Weekday,Spring,No,38.94,0.0,0.0,2.68,21.44,0.02
2023-03-14 00:00,3,0,Weekday,Spring,No,38.94,0.0,0.0,2.68,21.44,0.02
2023-03-14 01:00,3,1,Weekday,Spring,No,38.94,0.0,0.0,2.68,21.44,1.1
2023-03-14 02:00,3,2,Weekday,Spring,No,38.94,0.0,0.0,2.68,21.44,0.02
2023-03-14 03:00,3,3,Weekday,Spring,No,38.94,0.0,0.0,2.68,21.44,1.1
2023-03-14 04:00,3,4,Weekday,Spring,No,41.62,0.0,0.0,5.36,21.44,0.02
2023-03-14 05:00,3,5,Weekday,Spring,No,94.32,0.0,48.94,5.36,21.44,1.1
2023-03-14 06:00,3,6,Weekday,Spring,No,106.42,0.0,44.02,16.08,32.68,0.02
2023-03-14 07:00,3,7,Weekday,Spring,No,141.62,0.0,19.05,48.25,70.4,2.19
2023-03-14 08:00,3,8,Weekday,Spring,Yes,127.3,2.87,10.32,48.25,62.05,1.1
2023-03-14 09:00,3,9,Weekday,Spring,Yes,128.32,9.75,6.4,48.25,60.13,2.19
2023-03-14 10:00,3,10,Weekday,Spring,Yes,134.88,16.71,3.87,48.25,62.05,1.1
2023-03-14 11:00,3,11,Weekday,Spring,Yes,140.23,23.1,3.01,48.25,61.51,3.27
2023-03-14 12:00,3,12,Weekday,Spring,Yes,146.05,28.59,0.84,48.25,63.66,2.19
2023-03-14 13:00,3,13,Weekday,Spring,Yes,146.08,33.01,0.0,48.25,60.13,1.1
2023-03-14 14:00,3,14,Weekday,Spring,Yes,146.89,33.82,0.0,48.25,60.13,1.1
2023-03-14 15:00,3,15,Weekday,Spring,Yes,148.95,32.84,0.0,48.25,63.02,2.19
2023-03-14 16:00,3,16,Weekday,Spring,Yes,135.78,30.7,0.0,37.53,62.79,1.1
2023-03-14 17:00,3,17,Weekday,Spring,Yes,90.33,23.63,0.02,26.8,36.02,1.1
2023-03-14 18:00,3,18,Weekday,Spring,No,94.57,19.98,0.7,26.8,33.45,1.1
2023-03-14 19:00,3,19,Weekday,Spring,No,83.72,17.36,3.62,16.08,28.09,1.1
2023-03-14 20:00,3,20,Weekday,Spring,No,83.75,14.18,8.11,16.08,26.8,0.02
2023-03-14 21:00,3,21,Weekday,Spring,No,41.62,0.0,0.0,5.36,21.44,1.1
2023-03-14 22:00,3,22,Weekday,Spring,No,38.94,0.0,0.0,2.68,21.44,0.02
2023-03-14 23:00,3,23,Weekday,Spring,No,38.94,0.0,0.0,2.68,21.44,0.02
2023-03-15 00:00,3,0,Weekday,Spring,No,38.94,0.0,0.0,2.68,21.44,1.1
2023-03-15 01:00,3,1,Weekday,Spring,No,38.94,0.0,0.0,2.68,21.44,0.02
2023-03-15 02:00,3,2,Weekday,Spring,No,38.94,0.0,0.0,2.68,21.44,1.1
2023-03-15 03:00,3,3,Weekday,Spring,No,38.94,0.0,0.0,2.68,21.44,0.02
2023-03-15 04:00,3,4,Weekday,Spring,No,41.62,0.0,0.0,5.36,21.44,1.1
2023-03-15 05:00,3,5,Weekday,Spring,No,85.84,0.0,40.46,5.36,21.44,0.02
2023-03-15 06:00,3,6,Weekday,Spring,No,97.47,0.0,37.53,16.08,32.68,1.1
2023-03-15 07:00,3,7,Weekday,Spring,No,139.65,0.0,17.04,48.25,70.4,1.1
2023-03-15 08:00,3,8,Weekday,Spring,Yes,125.15,1.67,9.35,48.25,62.05,2.19
2023-03-15 09:00,3,9,Weekday,Spring,Yes,122.88,6.5,4.21,48.25,60.13,1.1
2023-03-15 10:00,3,10,Weekday,Spring,Yes,127.22,11.23,1.81,48.25,62.05,2.19
2023-03-15 11:00,3,11,Weekday,Spring,Yes,129.86,15.29,0.85,48.25,61.51,2.19
2023-03-15 12:00,3,12,Weekday,Spring,Yes,134.88,18.92,0.04,48.25,63.66,2.19
2023-03-15 13:00,3,13,Weekday,Spring,Yes,135.04,22.65,0.0,48.25,60.13,2.19
2023-03-15 14:00,3,14,Weekday,Spring,Yes,138.09,25.52,0.0,48.25,60.13,1.1
2023-03-15 15:00,3,15,Weekday,Spring,Yes,142.27,26.68,0.0,48.25,63.02,2.19
2023-03-15 16:00,3,16,Weekday,Spring,Yes,131.12,26.59,0.0,37.53,62.79,1.1
2023-03-15 17:00,3,17,Weekday,Spring,Yes,89.76,23.12,0.05,26.8,36.02,1.1
2023-03-15 18:00,3,18,Weekday,Spring,No,95.73,20.44,1.4,26.8,33.45,0.02
2023-03-15 19:00,3,19,Weekday,Spring,No,86.77,17.93,6.09,16.08,28.09,1.1
2023-03-15 20:00,3,20,Weekday,Spring,No,85.39,15.35,8.58,16.08,26.8,1.1
2023-03-15 21:00,3,21,Weekday,Spring,No,41.62,0.0,0.0,5.36,21.44,0.02
2023-03-15 22:00,3,22,Weekday,Spring,No,38.94,0.0,0.0,2.68,21.44,0.02
2023-03-15 23:00,3,23,Weekday,Spring,No,38.94,0.0,0.0,2.68,21.44,1.1
2023-03-16 00:00,3,0,Weekday,Spring,No,38.94,0.0,0.0,2.68,21.44,0.02
2023-03-16 01:00,3,1,Weekday,Spring,No,38.94,0.0,0.0,2.68,21.44,1.1
2023-03-16 02:00,3,2,Weekday,Spring,No,38.94,0.0,0.0,2.68,21.44,0.02
2023-03-16 03:00,3,3,Weekday,Spring,No,38.94,0.0,0.0,2.68,21.44,0.02
2023-03-16 04:00,3,4,Weekday,Spring,No,41.62,0.0,0.0,5.36,21.44,1.1
2023-03-16 05:00,3,5,Weekday,Spring,No,81.63,0.0,36.25,5.36,21.44,0.02
2023-03-16 06:00,3,6,Weekday,Spring,No,94.83,0.0,34.9,16.08,32.68,1.1
2023-03-16 07:00,3,7,Weekday,Spring,No,136.03,0.0,13.4,48.25,70.4,2.19
2023-03-16 08:00,3,8,Weekday,Spring,Yes,123.36,1.53,7.69,48.25,62.05,1.1
2023-03-16 09:00,3,9,Weekday,Spring,Yes,123.49,6.05,5.23,48.25,60.13,2.19
2023-03-16 10:00,3,10,Weekday,Spring,Yes,129.09,11.36,3.39,48.25,62.05,1.1
2023-03-16 11:00,3,11,Weekday,Spring,Yes,133.05,15.96,2.95,48.25,61.51,2.19
2023-03-16 12:00,3,12,Weekday,Spring,Yes,137.41,19.73,1.05,48.25,63.66,2.19
2023-03-16 13:00,3,13,Weekday,Spring,Yes,135.66,22.58,0.02,48.25,60.13,2.19
2023-03-16 14:00,3,14,Weekday,Spring,Yes,136.28,23.26,0.0,48.25,60.13,1.1
2023-03-16 15:00,3,15,Weekday,Spring,Yes,139.02,23.03,0.0,48.25,63.02,2.19
2023-03-16 16:00,3,16,Weekday,Spring,Yes,127.12,22.15,0.0,37.53,62.79,1.1
2023-03-16 17:00,3,17,Weekday,Spring,Yes,83.69,16.87,0.17,26.8,36.02,1.1
2023-03-16 18:00,3,18,Weekday,Spring,No,88.62,13.37,1.35,26.8,33.45,1.1
2023-03-16 19:00,3,19,Weekday,Spring,No,78.48,10.32,5.41,16.08,28.09,0.02
2023-03-16 20:00,3,20,Weekday,Spring,No,79.84,7.43,10.94,16.08,26.8,1.1
2023-03-16 21:00,3,21,Weekday,Spring,No,41.62,0.0,0.0,5.36,21.44,0.02
2023-03-16 22:00,3,22,Weekday,Spring,No,38.94,0.0,0.0,2.68,21.44,1.1
2023-03-16 23:00,3,23,Weekday,Spring,No,38.94,0.0,0.0,2.68,21.44,0.02
2023-03-17 00:00,3,0,Weekday,Spring,No,38.94,0.0,0.0,2.68,21.44,1.1
2023-03-17 01:00,3,1,Weekday,Spring,No,38.94,0.0,0.0,2.68,21.44,0.02
2023-03-17 02:00,3,2,Weekday,Spring,No,38.94,0.0,0.0,2.68,21.44,0.02
2023-03-17 03:00,3,3,Weekday,Spring,No,38.94,0.0,0.0,2.68,21.44,1.1
2023-03-17 04:00,3,4,Weekday,Spring,No,41.62,0.0,0.0,5.36,21.44,0.02
2023-03-17 05:00,3,5,Weekday,Spring,No,93.1,0.0,47.72,5.36,21.44,1.1
2023-03-17 06:00,3,6,Weekday,Spring,No,102.45,0.0,42.51,16.08,32.68,1.1
2023-03-17 07:00,3,7,Weekday,Spring,No,142.13,0.0,19.52,48.25,70.4,1.1
2023-03-17 08:00,3,8,Weekday,Spring,Yes,122.33,0.09,8.11,48.25,62.05,1.1
2023-03-17 09:00,3,9,Weekday,Spring,Yes,119.84,3.03,4.63,48.25,60.13,2.19
2023-03-17 10:00,3,10,Weekday,Spring,Yes,125.61,7.61,3.74,48.25,62.05,2.19
2023-03-17 11:00,3,11,Weekday,Spring,Yes,130.08,12.32,3.73,48.25,61.51,2.19
2023-03-17 12:00,3,12,Weekday,Spring,Yes,135.54,17.11,1.91,48.25,63.66,2.19
2023-03-17 13:00,3,13,Weekday,Spring,Yes,134.6,21.48,0.14,48.25,60.13,1.1
2023-03-17 14:00,3,14,Weekday,Spring,Yes,137.49,24.52,0.0,48.25,60.13,1.1
2023-03-17 15:00,3,15,Weekday,Spring,Yes,142.88,26.86,0.0,48.25,63.02,2.19
2023-03-17 16:00,3,16,Weekday,Spring,Yes,134.23,29.05,0.0,37.53,62.79,1.1
2023-03-17 17:00,3,17,Weekday,Spring,Yes,89.77,22.84,0.14,26.8,36.02,1.1
2023-03-17 18:00,3,18,Weekday,Spring,No,92.64,17.37,1.37,26.8,33.45,1.1
2023-03-17 19:00,3,19,Weekday,Spring,No,80.78,13.26,4.78,16.08,28.09,1.1
2023-03-17 20:00,3,20,Weekday,Spring,No,82.04,10.77,9.81,16.08,26.8,0.02
2023-03-17 21:00,3,21,Weekday,Spring,No,41.62,0.0,0.0,5.36,21.44,1.1
2023-03-17 22:00,3,22,Weekday,Spring,No,38.94,0.0,0.0,2.68,21.44,0.02
2023-03-17 23:00,3,23,Weekday,Spring,No,38.94,0.0,0.0,2.68,21.44,0.02
2023-03-18 00:00,3,0,Weekend,Spring,No,33.58,0.0,0.0,2.68,16.08,1.1
2023-03-18 01:00,3,1,Weekend,Spring,No,33.58,0.0,0.0,2.68,16.08,0.02
2023-03-18 02:00,3,2,Weekend,Spring,No,33.58,0.0,0.0,2.68,16.08,1.1
2023-03-18 03:00,3,3,Weekend,Spring,No,33.58,0.0,0.0,2.68,16.08,0.02
2023-03-18 04:00,3,4,Weekend,Spring,No,33.58,0.0,0.0,2.68,16.08,0.02
2023-03-18 05:00,3,5,Weekend,Spring,No,82.93,0.21,37.34,5.36,21.44,1.1
2023-03-18 06:00,3,6,Weekend,Spring,No,79.88,0.9,35.87,5.36,26.58,1.1
2023-03-18 07:00,3,7,Weekend,Spring,No,85.37,1.61,21.89,26.8,31.3,0.02
2023-03-18 08:00,3,8,Weekend,Spring,No,83.21,4.8,14.28,26.8,33.55,1.1
2023-03-18 09:00,3,9,Weekend,Spring,No,82.9,10.14,9.61,26.8,32.58,1.1
2023-03-18 10:00,3,10,Weekend,Spring,No,88.16,16.08,6.66,26.8,34.83,1.1
2023-03-18 11:00,3,11,Weekend,Spring,No,90.96,22.07,4.54,26.8,33.55,1.1
2023-03-18 12:00,3,12,Weekend,Spring,No,92.55,27.43,3.14,26.8,30.98,1.1
2023-03-18 13:00,3,13,Weekend,Spring,No,64.97,30.42,1.02,8.04,21.33,0.02
2023-03-18 14:00,3,14,Weekend,Spring,No,62.64,30.41,0.08,8.04,20.05,1.1
2023-03-18 15:00,3,15,Weekend,Spring,No,60.86,28.3,0.28,8.04,20.37,1.1
2023-03-18 16:00,3,16,Weekend,Spring,No,52.09,26.4,1.23,2.68,18.01,0.02
2023-03-18 17:00,3,17,Weekend,Spring,No,18.77,0.0,0.0,2.68,16.08,1.1
2023-03-18 18:00,3,18,Weekend,Spring,No,28.64,0.0,0.0,2.68,16.08,0.02
2023-03-18 19:00,3,19,Weekend,Spring,No,33.58,0.0,0.0,2.68,16.08,1.1
2023-03-18 20:00,3,20,Weekend,Spring,No,33.58,0.0,0.0,2.68,16.08,0.02
2023-03-18 21:00,3,21,Weekend,Spring,No,33.58,0.0,0.0,2.68,16.08,1.1
2023-03-18 22:00,3,22,Weekend,Spring,No,33.58,0.0,0.0,2.68,16.08,0.02
2023-03-18 23:00,3,23,Weekend,Spring,No,33.58,0.0,0.0,2.68,16.08,0.02
2023-03-19 00:00,3,0,Weekend,Spring,No,33.58,0.0,0.0,2.68,16.08,1.1
2023-03-19 01:00,3,1,Weekend,Spring,No,33.58,0.0,0.0,2.68,16.08,0.02
2023-03-19 02:00,3,2,Weekend,Spring,No,33.58,0.0,0.0,2.68,16.08,0.02
2023-03-19 03:00,3,3,Weekend,Spring,No,33.58,0.0,0.0,2.68,16.08,1.1
2023-03-19 04:00,3,4,Weekend,Spring,No,33.58,0.0,0.0,2.68,16.08,0.02
2023-03-19 05:00,3,5,Weekend,Spring,No,33.58,0.0,0.0,2.68,16.08,1.1
2023-03-19 06:00,3,6,Weekend,Spring,No,26.17,0.0,0.0,2.68,16.08,0.02
2023-03-19 07:00,3,7,Weekend,Spring,No,18.77,0.0,0.0,2.68,16.08,0.02
2023-03-19 08:00,3,8,Weekend,Spring,No,18.77,0.0,0.0,2.68,16.08,1.1
2023-03-19 09:00,3,9,Weekend,Spring,No,18.77,0.0,0.0,2.68,16.08,0.02
2023-03-19 10:00,3,10,Weekend,Spring,No,18.77,0.0,0.0,2.68,16.08,1.1
2023-03-19 11:00,3,11,Weekend,Spring,No,18.77,0.0,0.0,2.68,16.08,0.02
2023-03-19 12:00,3,12,Weekend,Spring,No,18.77,0.0,0.0,2.68,16.08,0.02
2023-03-19 13:00,3,13,Weekend,Spring,No,18.77,0.0,0.0,2.68,16.08,1.1
2023-03-19 14:00,3,14,Weekend,Spring,No,18.77,0.0,0.0,2.68,16.08,0.02
2023-03-19 15:00,3,15,Weekend,Spring,No,18.77,0.0,0.0,2.68,16.08,1.1
2023-03-19 16:00,3,16,Weekend,Spring,No,18.77,0.0,0.0,2.68,16.08,0.02
2023-03-19 17:00,3,17,Weekend,Spring,No,19.6,0.19,0.0,2.68,16.08,0.02
2023-03-19 18:00,3,18,Weekend,Spring,No,28.64,0.0,0.0,2.68,16.08,1.1
2023-03-19 19:00,3,19,Weekend,Spring,No,33.58,0.0,0.0,2.68,16.08,0.02
2023-03-19 20:00,3,20,Weekend,Spring,No,33.58,0.0,0.0,2.68,16.08,0.02
2023-03-19 21:00,3,21,Weekend,Spring,No,33.58,0.0,0.0,2.68,16.08,1.1
2023-03-19 22:00,3,22,Weekend,Spring,No,33.58,0.0,0.0,2.68,16.08,0.02
2023-03-19 23:00,3,23,Weekend,Spring,No,33.58,0.0,0.0,2.68,16.08,1.1
2023-03-20 00:00,3,0,Weekday,Spring,No,38.94,0.0,0.0,2.68,21.44,0.02
2023-03-20 01:00,3,1,Weekday,Spring,No,38.94,0.0,0.0,2.68,21.44,0.02
2023-03-20 02:00,3,2,Weekday,Spring,No,38.94,0.0,0.0,2.68,21.44,1.1
2023-03-20 03:00,3,3,Weekday,Spring,No,38.94,0.0,0.0,2.68,21.44,0.02
2023-03-20 04:00,3,4,Weekday,Spring,No,41.62,0.0,0.0,5.36,21.44,1.1
2023-03-20 05:00,3,5,Weekday,Spring,No,139.32,0.0,93.94,5.36,21.44,0.02
2023-03-20 06:00,3,6,Weekday,Spring,No,134.72,0.0,74.78,16.08,32.68,1.1
2023-03-20 07:00,3,7,Weekday,Spring,No,160.93,0.0,38.48,48.25,70.4,1.1
2023-03-20 08:00,3,8,Weekday,Spring,Yes,138.69,0.0,24.62,48.25,62.05,2.19
2023-03-20 09:00,3,9,Weekday,Spring,Yes,127.58,0.0,15.44,48.25,60.13,1.1
2023-03-20 10:00,3,10,Weekday,Spring,Yes,126.0,1.37,10.55,48.25,62.05,2.19
2023-03-20 11:00,3,11,Weekday,Spring,Yes,128.27,5.21,9.41,48.25,61.51,2.19
2023-03-20 12:00,3,12,Weekday,Spring,Yes,130.19,8.3,5.85,48.25,63.66,2.19
2023-03-20 13:00,3,13,Weekday,Spring,Yes,125.35,11.38,1.44,48.25,60.13,1.1
2023-03-20 14:00,3,14,Weekday,Spring,Yes,126.43,13.82,0.05,48.25,60.13,2.19
2023-03-20 15:00,3,15,Weekday,Spring,Yes,131.59,16.04,0.0,48.25,63.02,1.1
2023-03-20 16:00,3,16,Weekday,Spring,Yes,123.43,18.33,0.42,37.53,62.79,1.1
2023-03-20 17:00,3,17,Weekday,Spring,Yes,85.16,16.13,2.31,26.8,36.02,1.1
2023-03-20 18:00,3,18,Weekday,Spring,No,88.75,13.32,4.01,26.8,33.45,1.1
2023-03-20 19:00,3,19,Weekday,Spring,No,84.67,11.22,10.71,16.08,28.09,1.1
2023-03-20 20:00,3,20,Weekday,Spring,No,87.84,8.47,17.91,16.08,26.8,0.02
2023-03-20 21:00,3,21,Weekday,Spring,No,41.62,0.0,0.0,5.36,21.44,1.1
2023-03-20 22:00,3,22,Weekday,Spring,No,38.94,0.0,0.0,2.68,21.44,0.02
2023-03-20 23:00,3,23,Weekday,Spring,No,38.94,0.0,0.0,2.68,21.44,1.1
2023-03-21 00:00,3,0,Weekday,Spring,No,38.94,0.0,0.0,2.68,21.44,0.02
2023-03-21 01:00,3,1,Weekday,Spring,No,38.94,0.0,0.0,2.68,21.44,0.02
2023-03-21 02:00,3,2,Weekday,Spring,No,38.94,0.0,0.0,2.68,21.44,1.1
2023-03-21 03:00,3,3,Weekday,Spring,No,38.94,0.0,0.0,2.68,21.44,0.02
2023-03-21 04:00,3,4,Weekday,Spring,No,41.62,0.0,0.0,5.36,21.44,1.1
2023-03-21 05:00,3,5,Weekday,Spring,No,105.86,0.0,60.49,5.36,21.44,0.02
2023-03-21 06:00,3,6,Weekday,Spring,No,111.31,0.0,51.37,16.08,32.68,1.1
2023-03-21 07:00,3,7,Weekday,Spring,No,146.2,0.0,23.65,48.25,70.4,1.1
2023-03-21 08:00,3,8,Weekday,Spring,Yes,128.8,0.94,13.77,48.25,62.05,2.19
2023-03-21 09:00,3,9,Weekday,Spring,Yes,127.14,6.88,8.1,48.25,60.13,1.1
2023-03-21 10:00,3,10,Weekday,Spring,Yes,133.61,14.29,5.12,48.25,62.05,2.19
2023-03-21 11:00,3,11,Weekday,Spring,Yes,139.04,21.2,3.87,48.25,61.51,2.19
2023-03-21 12:00,3,12,Weekday,Spring,Yes,145.07,27.24,1.36,48.25,63.66,2.19
2023-03-21 13:00,3,13,Weekday,Spring,Yes,145.42,32.43,0.03,48.25,60.13,1.1
2023-03-21 14:00,3,14,Weekday,Spring,Yes,147.75,34.77,0.0,48.25,60.13,2.19
2023-03-21 15:00,3,15,Weekday,Spring,Yes,152.38,36.22,0.0,48.25,63.02,1.1
2023-03-21 16:00,3,16,Weekday,Spring,Yes,141.32,36.1,0.0,37.53,62.79,1.1
2023-03-21 17:00,3,17,Weekday,Spring,Yes,95.14,28.25,0.01,26.8,36.02,1.1
2023-03-21 18:00,3,18,Weekday,Spring,No,93.9,21.71,0.76,26.8,33.45,1.1
2023-03-21 19:00,3,19,Weekday,Spring,No,83.28,17.24,3.29,16.08,28.09,1.1
2023-03-21 20:00,3,20,Weekday,Spring,No,83.53,14.43,7.64,16.08,26.8,0.02
2023-03-21 21:00,3,21,Weekday,Spring,No,41.62,0.0,0.0,5.36,21.44,1.1
2023-03-21 22:00,3,22,Weekday,Spring,No,38.94,0.0,0.0,2.68,21.44,0.02
2023-03-21 23:00,3,23,Weekday,Spring,No,38.94,0.0,0.0,2.68,21.44,0.02
2023-03-22 00:00,3,0,Weekday,Spring,No,38.94,0.0,0.0,2.68,21.44,1.1
2023-03-22 01:00,3,1,Weekday,Spring,No,38.94,0.0,0.0,2.68,21.44,0.02
2023-03-22 02:00,3,2,Weekday,Spring,No,38.94,0.0,0.0,2.68,21.44,1.1
2023-03-22 03:00,3,3,Weekday,Spring,No,38.94,0.0,0.0,2.68,21.44,0.02
2023-03-22 04:00,3,4,Weekday,Spring,No,41.62,0.0,0.0,5.36,21.44,1.1
2023-03-22 05:00,3,5,Weekday,Spring,No,76.31,0.88,30.05,5.36,21.44,0.02
2023-03-22 06:00,3,6,Weekday,Spring,No,92.88,0.0,32.94,16.08,32.68,1.1
2023-03-22 07:00,3,7,Weekday,Spring,No,139.82,0.0,17.2,48.25,70.4,1.1
2023-03-22 08:00,3,8,Weekday,Spring,Yes,122.17,0.0,8.04,48.25,62.05,2.19
2023-03-22 09:00,3,9,Weekday,Spring,Yes,118.63,0.3,6.16,48.25,60.13,1.1
2023-03-22 10:00,3,10,Weekday,Spring,Yes,121.03,2.29,4.55,48.25,62.05,2.19
2023-03-22 11:00,3,11,Weekday,Spring,Yes,122.27,4.22,4.27,48.25,61.51,2.19
2023-03-22 12:00,3,12,Weekday,Spring,Yes,124.47,5.99,2.45,48.25,63.66,2.19
2023-03-22 13:00,3,13,Weekday,Spring,Yes,120.67,7.77,0.37,48.25,60.13,1.1
2023-03-22 14:00,3,14,Weekday,Spring,Yes,120.12,7.61,0.0,48.25,60.13,1.1
2023-03-22 15:00,3,15,Weekday,Spring,Yes,121.61,6.26,0.0,48.25,63.02,2.19
2023-03-22 16:00,3,16,Weekday,Spring,Yes,109.94,5.07,0.4,37.53,62.79,1.1
2023-03-22 17:00,3,17,Weekday,Spring,Yes,72.73,3.33,2.81,26.8,36.02,1.1
2023-03-22 18:00,3,18,Weekday,Spring,No,80.96,1.81,7.73,26.8,33.45,1.1
2023-03-22 19:00,3,19,Weekday,Spring,No,82.17,0.38,19.05,16.08,28.09,1.1
2023-03-22 20:00,3,20,Weekday,Spring,No,86.78,0.0,25.32,16.08,26.8,0.02
2023-03-22 21:00,3,21,Weekday,Spring,No,41.62,0.0,0.0,5.36,21.44,0.02
2023-03-22 22:00,3,22,Weekday,Spring,No,38.94,0.0,0.0,2.68,21.44,1.1
2023-03-22 23:00,3,23,Weekday,Spring,No,38.94,0.0,0.0,2.68,21.44,0.02
2023-03-23 00:00,3,0,Weekday,Spring,No,38.94,0.0,0.0,2.68,21.44,1.1
2023-03-23 01:00,3,1,Weekday,Spring,No,38.94,0.0,0.0,2.68,21.44,0.02
2023-03-23 02:00,3,2,Weekday,Spring,No,38.94,0.0,0.0,2.68,21.44,0.02
2023-03-23 03:00,3,3,Weekday,Spring,No,38.94,0.0,0.0,2.68,21.44,1.1
2023-03-23 04:00,3,4,Weekday,Spring,No,41.62,0.0,0.0,5.36,21.44,0.02
2023-03-23 05:00,3,5,Weekday,Spring,No,107.84,0.0,62.46,5.36,21.44,1.1
2023-03-23 06:00,3,6,Weekday,Spring,No,112.04,0.0,54.57,16.08,32.68,1.1
2023-03-23 07:00,3,7,Weekday,Spring,No,153.44,0.0,30.88,48.25,70.4,1.1
2023-03-23 08:00,3,8,Weekday,Spring,Yes,130.12,0.0,16.02,48.25,62.05,1.1
2023-03-23 09:00,3,9,Weekday,Spring,Yes,122.17,0.0,10.02,48.25,60.13,2.19
2023-03-23 10:00,3,10,Weekday,Spring,Yes,123.11,1.63,7.33,48.25,62.05,2.19
2023-03-23 11:00,3,11,Weekday,Spring,Yes,125.15,4.7,6.71,48.25,61.51,2.19
2023-03-23 12:00,3,12,Weekday,Spring,Yes,127.38,7.51,3.73,48.25,63.66,1.1
2023-03-23 13:00,3,13,Weekday,Spring,Yes,123.5,10.18,0.71,48.25,60.13,2.19
2023-03-23 14:00,3,14,Weekday,Spring,Yes,124.48,11.88,0.0,48.25,60.13,1.1
2023-03-23 15:00,3,15,Weekday,Spring,Yes,128.4,12.85,0.0,48.25,63.02,2.19
2023-03-23 16:00,3,16,Weekday,Spring,Yes,118.78,13.91,0.19,37.53,62.79,1.1
2023-03-23 17:00,3,17,Weekday,Spring,Yes,80.68,11.77,2.24,26.8,36.02,1.1
2023-03-23 18:00,3,18,Weekday,Spring,No,84.76,9.49,3.85,26.8,33.45,1.1
2023-03-23 19:00,3,19,Weekday,Spring,No,80.73,7.5,10.49,16.08,28.09,0.02
2023-03-23 20:00,3,20,Weekday,Spring,No,84.09,5.7,16.93,16.08,26.8,1.1
2023-03-23 21:00,3,21,Weekday,Spring,No,41.62,0.0,0.0,5.36,21.44,0.02
2023-03-23 22:00,3,22,Weekday,Spring,No,38.94,0.0,0.0,2.68,21.44,1.1
2023-03-23 23:00,3,23,Weekday,Spring,No,38.94,0.0,0.0,2.68,21.44,0.02
2023-03-24 00:00,3,0,Weekday,Spring,No,38.94,0.0,0.0,2.68,21.44,0.02
2023-03-24 01:00,3,1,Weekday,Spring,No,38.94,0.0,0.0,2.68,21.44,1.1
2023-03-24 02:00,3,2,Weekday,Spring,No,38.94,0.0,0.0,2.68,21.44,0.02
2023-03-24 03:00,3,3,Weekday,Spring,No,38.94,0.0,0.0,2.68,21.44,1.1
2023-03-24 04:00,3,4,Weekday,Spring,No,41.62,0.0,0.0,5.36,21.44,0.02
2023-03-24 05:00,3,5,Weekday,Spring,No,102.92,0.0,57.54,5.36,21.44,0.02
2023-03-24 06:00,3,6,Weekday,Spring,No,108.58,0.0,51.11,16.08,32.68,1.1
2023-03-24 07:00,3,7,Weekday,Spring,No,153.22,0.0,30.65,48.25,70.4,2.19
2023-03-24 08:00,3,8,Weekday,Spring,Yes,137.25,0.0,23.15,48.25,62.05,1.1
2023-03-24 09:00,3,9,Weekday,Spring,Yes,128.7,0.0,16.55,48.25,60.13,1.1
2023-03-24 10:00,3,10,Weekday,Spring,Yes,125.52,0.84,10.54,48.25,62.05,2.19
2023-03-24 11:00,3,11,Weekday,Spring,Yes,125.32,4.36,7.28,48.25,61.51,2.19
2023-03-24 12:00,3,12,Weekday,Spring,Yes,126.72,8.44,2.43,48.25,63.66,2.19
2023-03-24 13:00,3,13,Weekday,Spring,Yes,125.39,12.61,0.54,48.25,60.13,2.19
2023-03-24 14:00,3,14,Weekday,Spring,Yes,128.11,15.8,0.0,48.25,60.13,1.1
2023-03-24 15:00,3,15,Weekday,Spring,Yes,133.41,18.12,0.0,48.25,63.02,1.1
2023-03-24 16:00,3,16,Weekday,Spring,Yes,125.06,20.49,0.13,37.53,62.79,2.19
2023-03-24 17:00,3,17,Weekday,Spring,Yes,85.39,16.81,1.98,26.8,36.02,0.02
2023-03-24 18:00,3,18,Weekday,Spring,No,87.35,11.79,4.14,26.8,33.45,1.1
2023-03-24 19:00,3,19,Weekday,Spring,No,83.37,7.2,13.42,16.08,28.09,1.1
2023-03-24 20:00,3,20,Weekday,Spring,No,86.88,4.32,21.09,16.08,26.8,0.02
2023-03-24 21:00,3,21,Weekday,Spring,No,41.62,0.0,0.0,5.36,21.44,1.1
2023-03-24 22:00,3,22,Weekday,Spring,No,38.94,0.0,0.0,2.68,21.44,0.02
2023-03-24 23:00,3,23,Weekday,Spring,No,38.94,0.0,0.0,2.68,21.44,1.1
2023-03-25 00:00,3,0,Weekend,Spring,No,33.58,0.0,0.0,2.68,16.08,0.02
2023-03-25 01:00,3,1,Weekend,Spring,No,33.58,0.0,0.0,2.68,16.08,0.02
2023-03-25 02:00,3,2,Weekend,Spring,No,33.58,0.0,0.0,2.68,16.08,1.1
2023-03-25 03:00,3,3,Weekend,Spring,No,33.58,0.0,0.0,2.68,16.08,0.02
2023-03-25 04:00,3,4,Weekend,Spring,No,33.58,0.0,0.0,2.68,16.08,1.1
2023-03-25 05:00,3,5,Weekend,Spring,No,104.47,0.0,59.09,5.36,21.44,0.02
2023-03-25 06:00,3,6,Weekend,Spring,No,92.73,0.0,52.09,5.36,26.58,1.1
2023-03-25 07:00,3,7,Weekend,Spring,No,95.3,0.0,33.43,26.8,31.3,0.02
2023-03-25 08:00,3,8,Weekend,Spring,No,87.66,0.2,23.33,26.8,33.55,1.1
2023-03-25 09:00,3,9,Weekend,Spring,No,82.18,3.56,15.46,26.8,32.58,1.1
2023-03-25 10:00,3,10,Weekend,Spring,No,84.12,8.19,10.52,26.8,34.83,1.1
2023-03-25 11:00,3,11,Weekend,Spring,No,82.74,11.19,7.41,26.8,33.55,1.1
2023-03-25 12:00,3,12,Weekend,Spring,No,81.27,13.3,6.3,26.8,30.98,1.1
2023-03-25 13:00,3,13,Weekend,Spring,No,54.36,15.09,6.02,8.04,21.33,0.02
2023-03-25 14:00,3,14,Weekend,Spring,No,51.46,15.91,3.64,8.04,20.05,1.1
2023-03-25 15:00,3,15,Weekend,Spring,No,52.18,16.24,3.77,8.04,20.37,1.1
2023-03-25 16:00,3,16,Weekend,Spring,No,47.63,16.74,6.43,2.68,18.01,0.02
2023-03-25 17:00,3,17,Weekend,Spring,No,18.77,0.0,0.0,2.68,16.08,1.1
2023-03-25 18:00,3,18,Weekend,Spring,No,26.17,0.0,0.0,2.68,16.08,0.02
2023-03-25 19:00,3,19,Weekend,Spring,No,33.58,0.0,0.0,2.68,16.08,1.1
2023-03-25 20:00,3,20,Weekend,Spring,No,33.58,0.0,0.0,2.68,16.08,0.02
2023-03-25 21:00,3,21,Weekend,Spring,No,33.58,0.0,0.0,2.68,16.08,1.1
2023-03-25 22:00,3,22,Weekend,Spring,No,33.58,0.0,0.0,2.68,16.08,0.02
2023-03-25 23:00,3,23,Weekend,Spring,No,33.58,0.0,0.0,2.68,16.08,0.02
2023-03-26 00:00,3,0,Weekend,Spring,No,33.58,0.0,0.0,2.68,16.08,1.1
2023-03-26 01:00,3,1,Weekend,Spring,No,33.58,0.0,0.0,2.68,16.08,0.02
2023-03-26 02:00,3,2,Weekend,Spring,No,33.58,0.0,0.0,2.68,16.08,0.02
2023-03-26 03:00,3,3,Weekend,Spring,No,33.58,0.0,0.0,2.68,16.08,1.1
2023-03-26 04:00,3,4,Weekend,Spring,No,33.58,0.0,0.0,2.68,16.08,0.02
2023-03-26 05:00,3,5,Weekend,Spring,No,33.58,0.0,0.0,2.68,16.08,1.1
2023-03-26 06:00,3,6,Weekend,Spring,No,23.71,0.0,0.0,2.68,16.08,0.02
2023-03-26 07:00,3,7,Weekend,Spring,No,18.77,0.0,0.0,2.68,16.08,0.02
2023-03-26 08:00,3,8,Weekend,Spring,No,18.77,0.0,0.0,2.68,16.08,1.1
2023-03-26 09:00,3,9,Weekend,Spring,No,18.77,0.0,0.0,2.68,16.08,0.02
2023-03-26 10:00,3,10,Weekend,Spring,No,18.77,0.0,0.0,2.68,16.08,0.02
2023-03-26 11:00,3,11,Weekend,Spring,No,18.77,0.0,0.0,2.68,16.08,1.1
2023-03-26 12:00,3,12,Weekend,Spring,No,18.77,0.0,0.0,2.68,16.08,0.02
2023-03-26 13:00,3,13,Weekend,Spring,No,18.77,0.0,0.0,2.68,16.08,1.1
2023-03-26 14:00,3,14,Weekend,Spring,No,18.77,0.0,0.0,2.68,16.08,0.02
2023-03-26 15:00,3,15,Weekend,Spring,No,18.77,0.0,0.0,2.68,16.08,0.02
2023-03-26 16:00,3,16,Weekend,Spring,No,18.77,0.0,0.0,2.68,16.08,1.1
2023-03-26 17:00,3,17,Weekend,Spring,No,18.77,0.0,0.0,2.68,16.08,0.02
2023-03-26 18:00,3,18,Weekend,Spring,No,26.17,0.0,0.0,2.68,16.08,0.02
2023-03-26 19:00,3,19,Weekend,Spring,No,33.58,0.0,0.0,2.68,16.08,1.1
2023-03-26 20:00,3,20,Weekend,Spring,No,33.58,0.0,0.0,2.68,16.08,0.02
2023-03-26 21:00,3,21,Weekend,Spring,No,33.58,0.0,0.0,2.68,16.08,1.1
2023-03-26 22:00,3,22,Weekend,Spring,No,33.58,0.0,0.0,2.68,16.08,0.02
2023-03-26 23:00,3,23,Weekend,Spring,No,33.58,0.0,0.0,2.68,16.08,0.02
2023-03-27 00:00,3,0,Weekday,Spring,No,38.94,0.0,0.0,2.68,21.44,1.1
2023-03-27 01:00,3,1,Weekday,Spring,No,38.94,0.0,0.0,2.68,21.44,0.02
2023-03-27 02:00,3,2,Weekday,Spring,No,38.94,0.0,0.0,2.68,21.44,1.1
2023-03-27 03:00,3,3,Weekday,Spring,No,38.94,0.0,0.0,2.68,21.44,0.02
2023-03-27 04:00,3,4,Weekday,Spring,No,41.62,0.0,0.0,5.36,21.44,0.02
2023-03-27 05:00,3,5,Weekday,Spring,No,148.04,0.0,102.66,5.36,21.44,1.1
2023-03-27 06:00,3,6,Weekday,Spring,No,138.97,0.0,81.51,16.08,32.68,1.1
2023-03-27 07:00,3,7,Weekday,Spring,No,172.62,0.0,50.19,48.25,70.4,1.1
2023-03-27 08:00,3,8,Weekday,Spring,Yes,152.22,0.0,38.14,48.25,62.05,1.1
2023-03-27 09:00,3,9,Weekday,Spring,Yes,136.92,0.0,24.77,48.25,60.13,2.19
2023-03-27 10:00,3,10,Weekday,Spring,Yes,129.69,0.0,15.62,48.25,62.05,1.1
2023-03-27 11:00,3,11,Weekday,Spring,Yes,127.85,0.0,14.29,48.25,61.51,2.19
2023-03-27 12:00,3,12,Weekday,Spring,Yes,125.37,0.12,9.49,48.25,63.66,2.19
2023-03-27 13:00,3,13,Weekday,Spring,Yes,121.02,2.5,6.37,48.25,60.13,2.19
2023-03-27 14:00,3,14,Weekday,Spring,Yes,119.65,4.48,3.0,48.25,60.13,1.1
2023-03-27 15:00,3,15,Weekday,Spring,Yes,123.01,5.58,2.26,48.25,63.02,2.19
2023-03-27 16:00,3,16,Weekday,Spring,Yes,114.33,6.67,3.33,37.53,62.79,1.1
2023-03-27 17:00,3,17,Weekday,Spring,Yes,79.44,6.35,6.5,26.8,36.02,1.1
2023-03-27 18:00,3,18,Weekday,Spring,No,88.38,5.58,11.37,26.8,33.45,0.02
2023-03-27 19:00,3,19,Weekday,Spring,No,91.11,4.78,23.58,16.08,28.09,1.1
2023-03-27 20:00,3,20,Weekday,Spring,No,93.55,2.69,29.4,16.08,26.8,1.1
2023-03-27 21:00,3,21,Weekday,Spring,No,41.62,0.0,0.0,5.36,21.44,0.02
2023-03-27 22:00,3,22,Weekday,Spring,No,38.94,0.0,0.0,2.68,21.44,0.02
2023-03-27 23:00,3,23,Weekday,Spring,No,38.94,0.0,0.0,2.68,21.44,1.1
2023-03-28 00:00,3,0,Weekday,Spring,No,38.94,0.0,0.0,2.68,21.44,0.02
2023-03-28 01:00,3,1,Weekday,Spring,No,38.94,0.0,0.0,2.68,21.44,0.02
2023-03-28 02:00,3,2,Weekday,Spring,No,38.94,0.0,0.0,2.68,21.44,1.1
2023-03-28 03:00,3,3,Weekday,Spring,No,38.94,0.0,0.0,2.68,21.44,0.02
2023-03-28 04:00,3,4,Weekday,Spring,No,41.62,0.0,0.0,5.36,21.44,1.1
2023-03-28 05:00,3,5,Weekday,Spring,No,120.54,0.0,75.17,5.36,21.44,0.02
2023-03-28 06:00,3,6,Weekday,Spring,No,118.82,0.0,61.35,16.08,32.68,1.1
2023-03-28 07:00,3,7,Weekday,Spring,No,153.22,0.0,30.72,48.25,70.4,1.1
2023-03-28 08:00,3,8,Weekday,Spring,Yes,136.8,0.0,22.72,48.25,62.05,2.19
2023-03-28 09:00,3,9,Weekday,Spring,Yes,124.98,0.0,12.84,48.25,60.13,1.1
2023-03-28 10:00,3,10,Weekday,Spring,Yes,124.22,1.73,8.39,48.25,62.05,2.19
2023-03-28 11:00,3,11,Weekday,Spring,Yes,126.89,4.66,8.59,48.25,61.51,2.19
2023-03-28 12:00,3,12,Weekday,Spring,Yes,128.94,7.09,5.98,48.25,63.66,2.19
2023-03-28 13:00,3,13,Weekday,Spring,Yes,124.4,9.55,2.54,48.25,60.13,1.1
2023-03-28 14:00,3,14,Weekday,Spring,Yes,123.79,10.34,1.13,48.25,60.13,1.1
2023-03-28 15:00,3,15,Weekday,Spring,Yes,126.64,10.15,1.2,48.25,63.02,2.19
2023-03-28 16:00,3,16,Weekday,Spring,Yes,116.88,10.09,2.28,37.53,62.79,1.1
2023-03-28 17:00,3,17,Weekday,Spring,Yes,79.4,7.74,5.03,26.8,36.02,1.1
2023-03-28 18:00,3,18,Weekday,Spring,No,85.34,5.2,8.72,26.8,33.45,1.1
2023-03-28 19:00,3,19,Weekday,Spring,No,86.87,2.86,21.26,16.08,28.09,0.02
2023-03-28 20:00,3,20,Weekday,Spring,No,90.84,1.36,28.02,16.08,26.8,1.1
2023-03-28 21:00,3,21,Weekday,Spring,No,41.62,0.0,0.0,5.36,21.44,0.02
2023-03-28 22:00,3,22,Weekday,Spring,No,38.94,0.0,0.0,2.68,21.44,1.1
2023-03-28 23:00,3,23,Weekday,Spring,No,38.94,0.0,0.0,2.68,21.44,0.02
2023-03-29 00:00,3,0,Weekday,Spring,No,38.94,0.0,0.0,2.68,21.44,0.02
2023-03-29 01:00,3,1,Weekday,Spring,No,38.94,0.0,0.0,2.68,21.44,1.1
2023-03-29 02:00,3,2,Weekday,Spring,No,38.94,0.0,0.0,2.68,21.44,0.02
2023-03-29 03:00,3,3,Weekday,Spring,No,38.94,0.0,0.0,2.68,21.44,0.02
2023-03-29 04:00,3,4,Weekday,Spring,No,41.62,0.0,0.0,5.36,21.44,1.1
2023-03-29 05:00,3,5,Weekday,Spring,No,123.26,0.0,77.88,5.36,21.44,0.02
2023-03-29 06:00,3,6,Weekday,Spring,No,119.73,0.0,62.26,16.08,32.68,1.1
2023-03-29 07:00,3,7,Weekday,Spring,No,152.41,0.0,29.88,48.25,70.4,1.1
2023-03-29 08:00,3,8,Weekday,Spring,Yes,133.84,0.0,19.76,48.25,62.05,2.19
2023-03-29 09:00,3,9,Weekday,Spring,Yes,124.4,0.0,12.25,48.25,60.13,1.1
2023-03-29 10:00,3,10,Weekday,Spring,Yes,124.44,2.16,8.13,48.25,62.05,2.19
2023-03-29 11:00,3,11,Weekday,Spring,Yes,126.97,5.98,7.3,48.25,61.51,2.19
2023-03-29 12:00,3,12,Weekday,Spring,Yes,129.48,9.23,4.22,48.25,63.66,2.19
2023-03-29 13:00,3,13,Weekday,Spring,Yes,125.62,12.4,0.74,48.25,60.13,1.1
2023-03-29 14:00,3,14,Weekday,Spring,Yes,126.51,14.04,0.0,48.25,60.13,1.1
2023-03-29 15:00,3,15,Weekday,Spring,Yes,130.15,14.71,0.0,48.25,63.02,2.19
2023-03-29 16:00,3,16,Weekday,Spring,Yes,120.43,15.68,0.08,37.53,62.79,1.1
2023-03-29 17:00,3,17,Weekday,Spring,Yes,81.52,12.69,2.15,26.8,36.02,1.1
2023-03-29 18:00,3,18,Weekday,Spring,No,85.07,9.4,4.24,26.8,33.45,1.1
2023-03-29 19:00,3,19,Weekday,Spring,No,81.78,6.56,12.47,16.08,28.09,0.02
2023-03-29 20:00,3,20,Weekday,Spring,No,85.9,3.85,20.59,16.08,26.8,1.1
2023-03-29 21:00,3,21,Weekday,Spring,No,41.62,0.0,0.0,5.36,21.44,0.02
2023-03-29 22:00,3,22,Weekday,Spring,No,38.94,0.0,0.0,2.68,21.44,1.1
2023-03-29 23:00,3,23,Weekday,Spring,No,38.94,0.0,0.0,2.68,21.44,0.02
2023-03-30 00:00,3,0,Weekday,Spring,No,38.94,0.0,0.0,2.68,21.44,1.1
2023-03-30 01:00,3,1,Weekday,Spring,No,38.94,0.0,0.0,2.68,21.44,0.02
2023-03-30 02:00,3,2,Weekday,Spring,No,38.94,0.0,0.0,2.68,21.44,0.02
2023-03-30 03:00,3,3,Weekday,Spring,No,38.94,0.0,0.0,2.68,21.44,1.1
2023-03-30 04:00,3,4,Weekday,Spring,No,41.62,0.0,0.0,5.36,21.44,0.02
2023-03-30 05:00,3,5,Weekday,Spring,No,112.42,0.0,67.04,5.36,21.44,1.1
2023-03-30 06:00,3,6,Weekday,Spring,No,109.35,0.0,54.35,16.08,32.68,0.02
2023-03-30 07:00,3,7,Weekday,Spring,No,147.97,0.0,25.41,48.25,70.4,2.19
2023-03-30 08:00,3,8,Weekday,Spring,Yes,130.0,0.0,15.9,48.25,62.05,1.1
2023-03-30 09:00,3,9,Weekday,Spring,Yes,123.59,2.0,9.41,48.25,60.13,1.1
2023-03-30 10:00,3,10,Weekday,Spring,Yes,128.36,7.83,6.36,48.25,62.05,2.19
2023-03-30 11:00,3,11,Weekday,Spring,Yes,132.01,12.71,5.49,48.25,61.51,2.19
2023-03-30 12:00,3,12,Weekday,Spring,Yes,135.79,16.94,2.62,48.25,63.66,2.19
2023-03-30 13:00,3,13,Weekday,Spring,Yes,133.55,20.68,0.18,48.25,60.13,1.1
2023-03-30 14:00,3,14,Weekday,Spring,Yes,136.06,23.36,0.0,48.25,60.13,2.19
2023-03-30 15:00,3,15,Weekday,Spring,Yes,141.83,26.01,0.0,48.25,63.02,1.1
2023-03-30 16:00,3,16,Weekday,Spring,Yes,133.32,28.32,0.0,37.53,62.79,1.1
2023-03-30 17:00,3,17,Weekday,Spring,Yes,90.48,23.41,0.17,26.8,36.02,1.1
2023-03-30 18:00,3,18,Weekday,Spring,No,90.41,17.46,1.51,26.8,33.45,1.1
2023-03-30 19:00,3,19,Weekday,Spring,No,80.7,13.28,4.68,16.08,28.09,1.1
2023-03-30 20:00,3,20,Weekday,Spring,No,82.46,10.12,10.88,16.08,26.8,0.02
2023-03-30 21:00,3,21,Weekday,Spring,No,41.62,0.0,0.0,5.36,21.44,0.02
2023-03-30 22:00,3,22,Weekday,Spring,No,38.94,0.0,0.0,2.68,21.44,1.1
2023-03-30 23:00,3,23,Weekday,Spring,No,38.94,0.0,0.0,2.68,21.44,0.02
2023-03-31 00:00,3,0,Weekday,Spring,No,38.94,0.0,0.0,2.68,21.44,1.1
2023-03-31 01:00,3,1,Weekday,Spring,No,38.94,0.0,0.0,2.68,21.44,0.02
2023-03-31 02:00,3,2,Weekday,Spring,No,38.94,0.0,0.0,2.68,21.44,0.02
2023-03-31 03:00,3,3,Weekday,Spring,No,38.94,0.0,0.0,2.68,21.44,1.1
2023-03-31 04:00,3,4,Weekday,Spring,No,41.62,0.0,0.0,5.36,21.44,0.02
2023-03-31 05:00,3,5,Weekday,Spring,No,86.41,0.0,41.03,5.36,21.44,1.1
2023-03-31 06:00,3,6,Weekday,Spring,No,92.0,0.0,37.0,16.08,32.68,0.02
2023-03-31 07:00,3,7,Weekday,Spring,No,138.35,0.0,15.74,48.25,70.4,2.19
2023-03-31 08:00,3,8,Weekday,Spring,Yes,122.95,0.0,8.82,48.25,62.05,1.1
2023-03-31 09:00,3,9,Weekday,Spring,Yes,119.19,0.57,6.44,48.25,60.13,1.1
2023-03-31 10:00,3,10,Weekday,Spring,Yes,121.35,2.46,4.71,48.25,62.05,2.19
2023-03-31 11:00,3,11,Weekday,Spring,Yes,122.6,4.19,4.65,48.25,61.51,2.19
2023-03-31 12:00,3,12,Weekday,Spring,Yes,124.85,6.15,2.55,48.25,63.66,2.19
2023-03-31 13:00,3,13,Weekday,Spring,Yes,120.73,7.87,0.26,48.25,60.13,1.1
2023-03-31 14:00,3,14,Weekday,Spring,Yes,121.35,8.78,0.0,48.25,60.13,2.19
2023-03-31 15:00,3,15,Weekday,Spring,Yes,124.9,9.36,0.0,48.25,63.02,1.1
2023-03-31 16:00,3,16,Weekday,Spring,Yes,114.99,10.14,0.08,37.53,62.79,1.1
2023-03-31 17:00,3,17,Weekday,Spring,Yes,77.1,8.34,2.02,26.8,36.02,1.1
2023-03-31 18:00,3,18,Weekday,Spring,No,81.71,6.44,3.85,26.8,33.45,1.1
2023-03-31 19:00,3,19,Weekday,Spring,No,78.2,4.85,10.6,16.08,28.09,1.1
2023-03-31 20:00,3,20,Weekday,Spring,No,82.35,2.04,18.85,16.08,26.8,0.02
2023-03-31 21:00,3,21,Weekday,Spring,No,41.62,0.0,0.0,5.36,21.44,0.02
2023-03-31 22:00,3,22,Weekday,Spring,No,38.94,0.0,0.0,2.68,21.44,1.1
2023-03-31 23:00,3,23,Weekday,Spring,No,38.94,0.0,0.0,2.68,21.44,0.02
2023-04-01 00:00,4,0,Weekend,Spring,No,33.58,0.0,0.0,2.68,16.08,1.1
2023-04-01 01:00,4,1,Weekend,Spring,No,33.58,0.0,0.0,2.68,16.08,0.02
2023-04-01 02:00,4,2,Weekend,Spring,No,33.58,0.0,0.0,2.68,16.08,0.02
2023-04-01 03:00,4,3,Weekend,Spring,No,33.58,0.0,0.0,2.68,16.08,1.1
2023-04-01 04:00,4,4,Weekend,Spring,No,33.58,0.0,0.0,2.68,16.08,0.02
2023-04-01 05:00,4,5,Weekend,Spring,No,91.51,0.0,46.14,5.36,21.44,1.1
2023-04-01 06:00,4,6,Weekend,Spring,No,77.72,2.36,37.18,5.36,26.58,0.02
2023-04-01 07:00,4,7,Weekend,Spring,No,88.42,6.16,20.38,26.8,31.3,1.1
2023-04-01 08:00,4,8,Weekend,Spring,No,88.21,12.31,11.74,26.8,33.55,1.1
2023-04-01 09:00,4,9,Weekend,Spring,No,90.72,20.85,6.64,26.8,32.58,0.02
2023-04-01 10:00,4,10,Weekend,Spring,No,97.93,28.86,3.59,26.8,34.83,1.1
2023-04-01 11:00,4,11,Weekend,Spring,No,100.51,34.65,1.5,26.8,33.55,1.1
2023-04-01 12:00,4,12,Weekend,Spring,No,101.11,38.65,0.49,26.8,30.98,1.1
2023-04-01 13:00,4,13,Weekend,Spring,No,74.62,41.04,0.01,8.04,21.33,1.1
2023-04-01 14:00,4,14,Weekend,Spring,No,73.81,41.64,0.0,8.04,20.05,0.02
2023-04-01 15:00,4,15,Weekend,Spring,No,73.36,41.01,0.0,8.04,20.37,1.1
2023-04-01 16:00,4,16,Weekend,Spring,No,64.36,39.88,0.0,2.68,18.01,1.1
2023-04-01 17:00,4,17,Weekend,Spring,No,24.57,5.27,0.0,2.68,16.08,0.02
2023-04-01 18:00,4,18,Weekend,Spring,No,26.17,0.0,0.0,2.68,16.08,0.02
2023-04-01 19:00,4,19,Weekend,Spring,No,33.58,0.0,0.0,2.68,16.08,1.1
2023-04-01 20:00,4,20,Weekend,Spring,No,33.58,0.0,0.0,2.68,16.08,0.02
2023-04-01 21:00,4,21,Weekend,Spring,No,33.58,0.0,0.0,2.68,16.08,1.1
2023-04-01 22:00,4,22,Weekend,Spring,No,33.58,0.0,0.0,2.68,16.08,0.02
2023-04-01 23:00,4,23,Weekend,Spring,No,33.58,0.0,0.0,2.68,16.08,1.1
2023-04-02 00:00,4,0,Weekend,Spring,No,33.58,0.0,0.0,2.68,16.08,0.02
2023-04-02 01:00,4,1,Weekend,Spring,No,33.58,0.0,0.0,2.68,16.08,0.02
2023-04-02 02:00,4,2,Weekend,Spring,No,33.58,0.0,0.0,2.68,16.08,1.1
2023-04-02 03:00,4,3,Weekend,Spring,No,33.58,0.0,0.0,2.68,16.08,0.02
2023-04-02 04:00,4,4,Weekend,Spring,No,33.58,0.0,0.0,2.68,16.08,0.02
2023-04-02 05:00,4,5,Weekend,Spring,No,33.58,0.0,0.0,2.68,16.08,1.1
2023-04-02 06:00,4,6,Weekend,Spring,No,21.24,0.0,0.0,2.68,16.08,0.02
2023-04-02 07:00,4,7,Weekend,Spring,No,18.77,0.0,0.0,2.68,16.08,0.02
2023-04-02 08:00,4,8,Weekend,Spring,No,27.55,6.88,0.0,2.68,16.08,1.1
2023-04-02 09:00,4,9,Weekend,Spring,No,35.79,14.3,0.0,2.68,16.08,0.02
2023-04-02 10:00,4,10,Weekend,Spring,No,38.38,17.04,0.0,2.68,16.08,1.1
2023-04-02 11:00,4,11,Weekend,Spring,No,28.63,8.7,0.0,2.68,16.08,0.02
2023-04-02 12:00,4,12,Weekend,Spring,No,42.41,20.9,0.0,2.68,16.08,0.02
2023-04-02 13:00,4,13,Weekend,Spring,No,42.87,21.38,0.0,2.68,16.08,1.1
2023-04-02 14:00,4,14,Weekend,Spring,No,45.24,23.59,0.0,2.68,16.08,0.02
2023-04-02 15:00,4,15,Weekend,Spring,No,43.38,22.01,0.0,2.68,16.08,1.1
2023-04-02 16:00,4,16,Weekend,Spring,No,47.07,25.37,0.0,2.68,16.08,0.02
2023-04-02 17:00,4,17,Weekend,Spring,No,44.69,23.18,0.0,2.68,16.08,0.02
2023-04-02 18:00,4,18,Weekend,Spring,No,40.49,12.72,0.0,2.68,16.08,1.1
2023-04-02 19:00,4,19,Weekend,Spring,No,33.58,0.0,0.0,2.68,16.08,0.02
2023-04-02 20:00,4,20,Weekend,Spring,No,33.58,0.0,0.0,2.68,16.08,0.02
2023-04-02 21:00,4,21,Weekend,Spring,No,33.58,0.0,0.0,2.68,16.08,1.1
2023-04-02 22:00,4,22,Weekend,Spring,No,33.58,0.0,0.0,2.68,16.08,0.02
2023-04-02 23:00,4,23,Weekend,Spring,No,33.58,0.0,0.0,2.68,16.08,0.02
2023-04-03 00:00,4,0,Weekday,Spring,No,38.94,0.0,0.0,2.68,21.44,1.1
2023-04-03 01:00,4,1,Weekday,Spring,No,38.94,0.0,0.0,2.68,21.44,0.02
2023-04-03 02:00,4,2,Weekday,Spring,No,38.94,0.0,0.0,2.68,21.44,1.1
2023-04-03 03:00,4,3,Weekday,Spring,No,38.94,0.0,0.0,2.68,21.44,0.02
2023-04-03 04:00,4,4,Weekday,Spring,No,41.62,0.0,0.0,5.36,21.44,0.02
2023-04-03 05:00,4,5,Weekday,Spring,No,76.21,1.01,29.83,5.36,21.44,1.1
2023-04-03 06:00,4,6,Weekday,Spring,No,82.3,3.35,23.95,16.08,32.68,1.1
2023-04-03 07:00,4,7,Weekday,Spring,No,135.0,6.05,6.27,48.25,70.4,1.1
2023-04-03 08:00,4,8,Weekday,Spring,Yes,128.61,10.73,3.54,48.25,62.05,1.1
2023-04-03 09:00,4,9,Weekday,Spring,Yes,131.47,17.05,2.04,48.25,60.13,2.19
2023-04-03 10:00,4,10,Weekday,Spring,Yes,140.14,25.17,0.48,48.25,62.05,1.1
2023-04-03 11:00,4,11,Weekday,Spring,Yes,145.72,31.44,0.13,48.25,61.51,2.19
2023-04-03 12:00,4,12,Weekday,Spring,Yes,152.91,36.33,0.0,48.25,63.66,2.19
2023-04-03 13:00,4,13,Weekday,Spring,Yes,152.19,39.09,0.0,48.25,60.13,1.1
2023-04-03 14:00,4,14,Weekday,Spring,Yes,154.18,40.98,0.0,48.25,60.13,2.19
2023-04-03 15:00,4,15,Weekday,Spring,Yes,161.06,44.5,0.0,48.25,63.02,1.1
2023-04-03 16:00,4,16,Weekday,Spring,Yes,150.51,44.92,0.0,37.53,62.79,1.1
2023-04-03 17:00,4,17,Weekday,Spring,Yes,103.39,36.45,0.0,26.8,36.02,1.1
2023-04-03 18:00,4,18,Weekday,Spring,No,99.13,30.14,0.0,26.8,33.45,1.1
2023-04-03 19:00,4,19,Weekday,Spring,No,88.06,24.96,0.35,16.08,28.09,0.02
2023-04-03 20:00,4,20,Weekday,Spring,No,83.32,20.0,1.86,16.08,26.8,1.1
2023-04-03 21:00,4,21,Weekday,Spring,No,41.62,0.0,0.0,5.36,21.44,0.02
2023-04-03 22:00,4,22,Weekday,Spring,No,38.94,0.0,0.0,2.68,21.44,1.1
2023-04-03 23:00,4,23,Weekday,Spring,No,38.94,0.0,0.0,2.68,21.44,0.02
2023-04-04 00:00,4,0,Weekday,Spring,No,38.94,0.0,0.0,2.68,21.44,0.02
2023-04-04 01:00,4,1,Weekday,Spring,No,38.94,0.0,0.0,2.68,21.44,1.1
2023-04-04 02:00,4,2,Weekday,Spring,No,38.94,0.0,0.0,2.68,21.44,0.02
2023-04-04 03:00,4,3,Weekday,Spring,No,38.94,0.0,0.0,2.68,21.44,1.1
2023-04-04 04:00,4,4,Weekday,Spring,No,41.62,0.0,0.0,5.36,21.44,0.02
2023-04-04 05:00,4,5,Weekday,Spring,No,71.6,1.31,24.87,5.36,21.44,1.1
2023-04-04 06:00,4,6,Weekday,Spring,No,78.42,3.96,19.46,16.08,32.68,0.02
2023-04-04 07:00,4,7,Weekday,Spring,No,134.91,7.19,4.91,48.25,70.4,2.19
2023-04-04 08:00,4,8,Weekday,Spring,Yes,129.71,12.18,2.98,48.25,62.05,1.1
2023-04-04 09:00,4,9,Weekday,Spring,Yes,132.85,18.76,1.42,48.25,60.13,1.1
2023-04-04 10:00,4,10,Weekday,Spring,Yes,141.85,26.81,0.26,48.25,62.05,2.19
2023-04-04 11:00,4,11,Weekday,Spring,Yes,147.86,33.43,0.06,48.25,61.51,2.19
2023-04-04 12:00,4,12,Weekday,Spring,Yes,156.22,39.35,0.0,48.25,63.66,2.19
2023-04-04 13:00,4,13,Weekday,Spring,Yes,155.99,42.63,0.0,48.25,60.13,1.1
2023-04-04 14:00,4,14,Weekday,Spring,Yes,159.22,45.69,0.0,48.25,60.13,1.1
2023-04-04 15:00,4,15,Weekday,Spring,Yes,165.76,48.88,0.0,48.25,63.02,2.19
2023-04-04 16:00,4,16,Weekday,Spring,Yes,152.63,47.06,0.0,37.53,62.79,1.1
2023-04-04 17:00,4,17,Weekday,Spring,Yes,103.87,37.05,0.0,26.8,36.02,1.1
2023-04-04 18:00,4,18,Weekday,Spring,No,99.69,30.71,0.0,26.8,33.45,0.02
2023-04-04 19:00,4,19,Weekday,Spring,No,88.11,25.26,0.1,16.08,28.09,1.1
2023-04-04 20:00,4,20,Weekday,Spring,No,82.9,20.22,1.22,16.08,26.8,1.1
2023-04-04 21:00,4,21,Weekday,Spring,No,41.62,0.0,0.0,5.36,21.44,0.02
2023-04-04 22:00,4,22,Weekday,Spring,No,38.94,0.0,0.0,2.68,21.44,0.02
2023-04-04 23:00,4,23,Weekday,Spring,No,38.94,0.0,0.0,2.68,21.44,1.1
2023-04-05 00:00,4,0,Weekday,Spring,No,38.94,0.0,0.0,2.68,21.44,0.02
2023-04-05 01:00,4,1,Weekday,Spring,No,38.94,0.0,0.0,2.68,21.44,0.02
2023-04-05 02:00,4,2,Weekday,Spring,No,38.94,0.0,0.0,2.68,21.44,1.1
2023-04-05 03:00,4,3,Weekday,Spring,No,38.94,0.0,0.0,2.68,21.44,0.02
2023-04-05 04:00,4,4,Weekday,Spring,No,41.62,0.0,0.0,5.36,21.44,1.1
2023-04-05 05:00,4,5,Weekday,Spring,No,70.54,0.0,25.08,5.36,21.44,0.02
2023-04-05 06:00,4,6,Weekday,Spring,No,76.72,0.0,21.72,16.08,32.68,1.1
2023-04-05 07:00,4,7,Weekday,Spring,No,129.45,0.0,6.66,48.25,70.4,1.1
2023-04-05 08:00,4,8,Weekday,Spring,Yes,119.51,0.85,4.23,48.25,62.05,1.1
2023-04-05 09:00,4,9,Weekday,Spring,Yes,119.61,4.08,3.0,48.25,60.13,2.19
2023-04-05 10:00,4,10,Weekday,Spring,Yes,123.74,7.37,1.89,48.25,62.05,1.1
2023-04-05 11:00,4,11,Weekday,Spring,Yes,126.61,10.7,1.84,48.25,61.51,2.19
2023-04-05 12:00,4,12,Weekday,Spring,Yes,131.64,14.77,0.31,48.25,63.66,2.19
2023-04-05 13:00,4,13,Weekday,Spring,Yes,131.5,18.5,0.0,48.25,60.13,1.1
2023-04-05 14:00,4,14,Weekday,Spring,Yes,134.0,20.96,0.0,48.25,60.13,2.19
2023-04-05 15:00,4,15,Weekday,Spring,Yes,139.03,22.84,0.0,48.25,63.02,1.1
2023-04-05 16:00,4,16,Weekday,Spring,Yes,128.58,23.45,0.0,37.53,62.79,1.1
2023-04-05 17:00,4,17,Weekday,Spring,Yes,85.28,18.59,0.0,26.8,36.02,1.1
2023-04-05 18:00,4,18,Weekday,Spring,No,84.57,15.35,0.26,26.8,33.45,1.1
2023-04-05 19:00,4,19,Weekday,Spring,No,77.68,12.67,2.26,16.08,28.09,1.1
2023-04-05 20:00,4,20,Weekday,Spring,No,77.3,9.6,6.24,16.08,26.8,0.02
2023-04-05 21:00,4,21,Weekday,Spring,No,41.62,0.0,0.0,5.36,21.44,0.02
2023-04-05 22:00,4,22,Weekday,Spring,No,38.94,0.0,0.0,2.68,21.44,1.1
2023-04-05 23:00,4,23,Weekday,Spring,No,38.94,0.0,0.0,2.68,21.44,0.02
2023-04-06 00:00,4,0,Weekday,Spring,No,38.94,0.0,0.0,2.68,21.44,1.1
2023-04-06 01:00,4,1,Weekday,Spring,No,38.94,0.0,0.0,2.68,21.44,0.02
2023-04-06 02:00,4,2,Weekday,Spring,No,38.94,0.0,0.0,2.68,21.44,0.02
2023-04-06 03:00,4,3,Weekday,Spring,No,38.94,0.0,0.0,2.68,21.44,1.1
2023-04-06 04:00,4,4,Weekday,Spring,No,41.62,0.0,0.0,5.36,21.44,0.02
2023-04-06 05:00,4,5,Weekday,Spring,No,86.66,0.0,41.25,5.36,21.44,1.1
2023-04-06 06:00,4,6,Weekday,Spring,No,89.28,0.0,34.28,16.08,32.68,0.02
2023-04-06 07:00,4,7,Weekday,Spring,No,135.18,0.0,12.44,48.25,70.4,2.19
2023-04-06 08:00,4,8,Weekday,Spring,Yes,120.68,0.0,6.45,48.25,62.05,1.1
2023-04-06 09:00,4,9,Weekday,Spring,Yes,118.4,2.47,3.66,48.25,60.13,1.1
2023-04-06 10:00,4,10,Weekday,Spring,Yes,124.4,8.24,1.87,48.25,62.05,2.19
2023-04-06 11:00,4,11,Weekday,Spring,Yes,128.63,12.91,1.83,48.25,61.51,2.19
2023-04-06 12:00,4,12,Weekday,Spring,Yes,134.01,17.27,0.38,48.25,63.66,2.19
2023-04-06 13:00,4,13,Weekday,Spring,Yes,134.05,21.21,0.0,48.25,60.13,1.1
2023-04-06 14:00,4,14,Weekday,Spring,Yes,137.06,24.2,0.0,48.25,60.13,1.1
2023-04-06 15:00,4,15,Weekday,Spring,Yes,144.1,28.01,0.0,48.25,63.02,2.19
2023-04-06 16:00,4,16,Weekday,Spring,Yes,135.76,30.58,0.0,37.53,62.79,1.1
2023-04-06 17:00,4,17,Weekday,Spring,Yes,92.41,25.54,0.0,26.8,36.02,1.1
2023-04-06 18:00,4,18,Weekday,Spring,No,89.71,20.36,0.37,26.8,33.45,0.02
2023-04-06 19:00,4,19,Weekday,Spring,No,81.84,16.83,2.27,16.08,28.09,1.1
2023-04-06 20:00,4,20,Weekday,Spring,No,79.76,12.91,5.39,16.08,26.8,0.02
2023-04-06 21:00,4,21,Weekday,Spring,No,41.62,0.0,0.0,5.36,21.44,1.1
2023-04-06 22:00,4,22,Weekday,Spring,No,38.94,0.0,0.0,2.68,21.44,0.02
2023-04-06 23:00,4,23,Weekday,Spring,No,38.94,0.0,0.0,2.68,21.44,1.1
2023-04-07 00:00,4,0,Weekday,Spring,No,38.94,0.0,0.0,2.68,21.44,0.02
2023-04-07 01:00,4,1,Weekday,Spring,No,38.94,0.0,0.0,2.68,21.44,0.02
2023-04-07 02:00,4,2,Weekday,Spring,No,38.94,0.0,0.0,2.68,21.44,1.1
2023-04-07 03:00,4,3,Weekday,Spring,No,38.94,0.0,0.0,2.68,21.44,0.02
2023-04-07 04:00,4,4,Weekday,Spring,No,41.62,0.0,0.0,5.36,21.44,1.1
2023-04-07 05:00,4,5,Weekday,Spring,No,84.23,0.0,38.82,5.36,21.44,0.02
2023-04-07 06:00,4,6,Weekday,Spring,No,82.62,0.0,30.09,16.08,32.68,1.1
2023-04-07 07:00,4,7,Weekday,Spring,No,134.36,0.0,11.61,48.25,70.4,1.1
2023-04-07 08:00,4,8,Weekday,Spring,Yes,122.01,1.28,6.33,48.25,62.05,1.1
2023-04-07 09:00,4,9,Weekday,Spring,Yes,123.26,7.0,3.76,48.25,60.13,2.19
2023-04-07 10:00,4,10,Weekday,Spring,Yes,130.44,13.84,2.1,48.25,62.05,1.1
2023-04-07 11:00,4,11,Weekday,Spring,Yes,135.31,19.65,1.51,48.25,61.51,2.19
2023-04-07 12:00,4,12,Weekday,Spring,Yes,141.67,24.89,0.16,48.25,63.66,2.19
2023-04-07 13:00,4,13,Weekday,Spring,Yes,142.27,29.22,0.0,48.25,60.13,1.1
2023-04-07 14:00,4,14,Weekday,Spring,Yes,145.98,32.83,0.0,48.25,60.13,1.1
2023-04-07 15:00,4,15,Weekday,Spring,Yes,153.95,37.39,0.0,48.25,63.02,2.19
2023-04-07 16:00,4,16,Weekday,Spring,Yes,144.34,38.84,0.0,37.53,62.79,1.1
2023-04-07 17:00,4,17,Weekday,Spring,Yes,98.2,31.39,0.0,26.8,36.02,1.1
2023-04-07 18:00,4,18,Weekday,Spring,No,95.74,26.78,0.0,26.8,33.45,0.58
2023-04-07 19:00,4,19,Weekday,Spring,No,87.19,23.98,0.46,16.08,28.09,0.54
2023-04-07 20:00,4,20,Weekday,Spring,No,83.4,19.7,2.24,16.08,26.8,1.1
2023-04-07 21:00,4,21,Weekday,Spring,No,41.62,0.0,0.0,5.36,21.44,0.02
2023-04-07 22:00,4,22,Weekday,Spring,No,38.94,0.0,0.0,2.68,21.44,0.02
2023-04-07 23:00,4,23,Weekday,Spring,No,38.94,0.0,0.0,2.68,21.44,1.1
2023-04-08 00:00,4,0,Weekend,Spring,No,33.58,0.0,0.0,2.68,16.08,0.02
2023-04-08 01:00,4,1,Weekend,Spring,No,33.58,0.0,0.0,2.68,16.08,1.1
2023-04-08 02:00,4,2,Weekend,Spring,No,33.58,0.0,0.0,2.68,16.08,0.02
2023-04-08 03:00,4,3,Weekend,Spring,No,33.58,0.0,0.0,2.68,16.08,0.02
2023-04-08 04:00,4,4,Weekend,Spring,No,33.58,0.0,0.0,2.68,16.08,1.1
2023-04-08 05:00,4,5,Weekend,Spring,No,76.08,2.89,27.79,5.36,21.44,0.02
2023-04-08 06:00,4,6,Weekend,Spring,No,66.49,4.39,26.39,5.36,26.58,1.1
2023-04-08 07:00,4,7,Weekend,Spring,No,84.47,5.98,16.61,26.8,31.3,0.02
2023-04-08 08:00,4,8,Weekend,Spring,No,85.33,11.28,9.93,26.8,33.55,1.1
2023-04-08 09:00,4,9,Weekend,Spring,No,86.79,19.97,3.66,26.8,32.58,1.1
2023-04-08 10:00,4,10,Weekend,Spring,No,94.85,28.29,1.16,26.8,34.83,1.1
2023-04-08 11:00,4,11,Weekend,Spring,No,97.82,33.33,0.28,26.8,33.55,1.1
2023-04-08 12:00,4,12,Weekend,Spring,No,98.76,36.89,0.05,26.8,30.98,1.1
2023-04-08 13:00,4,13,Weekend,Spring,No,72.21,38.78,0.0,8.04,21.33,0.02
2023-04-08 14:00,4,14,Weekend,Spring,No,71.8,39.72,0.0,8.04,20.05,1.1
2023-04-08 15:00,4,15,Weekend,Spring,No,72.79,40.41,0.0,8.04,20.37,0.02
2023-04-08 16:00,4,16,Weekend,Spring,No,66.26,41.53,0.0,2.68,18.01,1.1
2023-04-08 17:00,4,17,Weekend,Spring,No,45.56,24.03,0.0,2.68,16.08,0.02
2023-04-08 18:00,4,18,Weekend,Spring,No,44.18,18.24,0.0,2.68,16.08,1.1
2023-04-08 19:00,4,19,Weekend,Spring,No,33.58,0.0,0.0,2.68,16.08,0.02
2023-04-08 20:00,4,20,Weekend,Spring,No,33.58,0.0,0.0,2.68,16.08,1.1
2023-04-08 21:00,4,21,Weekend,Spring,No,33.58,0.0,0.0,2.68,16.08,0.02
2023-04-08 22:00,4,22,Weekend,Spring,No,33.58,0.0,0.0,2.68,16.08,0.02
2023-04-08 23:00,4,23,Weekend,Spring,No,33.58,0.0,0.0,2.68,16.08,1.1
2023-04-09 00:00,4,0,Weekend,Spring,No,33.58,0.0,0.0,2.68,16.08,0.02
2023-04-09 01:00,4,1,Weekend,Spring,No,33.58,0.0,0.0,2.68,16.08,1.1
2023-04-09 02:00,4,2,Weekend,Spring,No,33.58,0.0,0.0,2.68,16.08,0.02
2023-04-09 03:00,4,3,Weekend,Spring,No,33.58,0.0,0.0,2.68,16.08,0.02
2023-04-09 04:00,4,4,Weekend,Spring,No,33.58,0.0,0.0,2.68,16.08,1.1
2023-04-09 05:00,4,5,Weekend,Spring,No,33.58,0.0,0.0,2.68,16.08,0.02
2023-04-09 06:00,4,6,Weekend,Spring,No,18.77,0.0,0.0,2.68,16.08,0.02
2023-04-09 07:00,4,7,Weekend,Spring,No,18.77,0.0,0.0,2.68,16.08,1.1
2023-04-09 08:00,4,8,Weekend,Spring,No,22.12,1.93,0.0,2.68,16.08,0.02
2023-04-09 09:00,4,9,Weekend,Spring,No,26.43,5.4,0.0,2.68,16.08,0.02
2023-04-09 10:00,4,10,Weekend,Spring,No,27.38,6.79,0.0,2.68,16.08,1.1
2023-04-09 11:00,4,11,Weekend,Spring,No,18.77,0.0,0.0,2.68,16.08,0.02
2023-04-09 12:00,4,12,Weekend,Spring,No,29.81,9.61,0.0,2.68,16.08,1.1
2023-04-09 13:00,4,13,Weekend,Spring,No,35.68,14.87,0.0,2.68,16.08,0.02
2023-04-09 14:00,4,14,Weekend,Spring,No,38.58,17.54,0.0,2.68,16.08,0.02
2023-04-09 15:00,4,15,Weekend,Spring,No,42.07,20.66,0.0,2.68,16.08,1.1
2023-04-09 16:00,4,16,Weekend,Spring,No,44.91,23.21,0.0,2.68,16.08,0.02
2023-04-09 17:00,4,17,Weekend,Spring,No,42.54,21.04,0.0,2.68,16.08,0.02
2023-04-09 18:00,4,18,Weekend,Spring,No,32.52,7.77,0.0,2.68,16.08,1.1
2023-04-09 19:00,4,19,Weekend,Spring,No,33.58,0.0,0.0,2.68,16.08,0.02
2023-04-09 20:00,4,20,Weekend,Spring,No,33.58,0.0,0.0,2.68,16.08,1.1
2023-04-09 21:00,4,21,Weekend,Spring,No,33.58,0.0,0.0,2.68,16.08,0.02
2023-04-09 22:00,4,22,Weekend,Spring,No,33.58,0.0,0.0,2.68,16.08,0.02
2023-04-09 23:00,4,23,Weekend,Spring,No,33.58,0.0,0.0,2.68,16.08,1.1
2023-04-10 00:00,4,0,Weekday,Spring,No,38.94,0.0,0.0,2.68,21.44,0.02
2023-04-10 01:00,4,1,Weekday,Spring,No,38.94,0.0,0.0,2.68,21.44,0.02
2023-04-10 02:00,4,2,Weekday,Spring,No,38.94,0.0,0.0,2.68,21.44,1.1
2023-04-10 03:00,4,3,Weekday,Spring,No,38.94,0.0,0.0,2.68,21.44,0.02
2023-04-10 04:00,4,4,Weekday,Spring,No,41.62,0.0,0.0,5.36,21.44,1.1
2023-04-10 05:00,4,5,Weekday,Spring,No,76.72,0.1,31.24,5.36,21.44,0.02
2023-04-10 06:00,4,6,Weekday,Spring,No,77.22,2.42,22.26,16.08,32.68,1.1
2023-04-10 07:00,4,7,Weekday,Spring,No,135.05,5.81,6.54,48.25,70.4,1.1
2023-04-10 08:00,4,8,Weekday,Spring,Yes,129.61,11.66,3.54,48.25,62.05,1.1
2023-04-10 09:00,4,9,Weekday,Spring,Yes,134.45,20.23,1.68,48.25,60.13,2.19
2023-04-10 10:00,4,10,Weekday,Spring,Yes,144.81,30.01,0.23,48.25,62.05,1.1
2023-04-10 11:00,4,11,Weekday,Spring,Yes,148.88,34.73,0.04,48.25,61.51,2.19
2023-04-10 12:00,4,12,Weekday,Spring,Yes,155.17,38.65,0.0,48.25,63.66,2.19
2023-04-10 13:00,4,13,Weekday,Spring,Yes,154.07,41.12,0.0,48.25,60.13,1.1
2023-04-10 14:00,4,14,Weekday,Spring,Yes,157.21,44.04,0.0,48.25,60.13,1.1
2023-04-10 15:00,4,15,Weekday,Spring,Yes,164.58,47.91,0.0,48.25,63.02,2.19
2023-04-10 16:00,4,16,Weekday,Spring,Yes,153.23,47.54,0.0,37.53,62.79,1.1
2023-04-10 17:00,4,17,Weekday,Spring,Yes,106.47,39.42,0.0,26.8,36.02,1.1
2023-04-10 18:00,4,18,Weekday,Spring,No,102.0,32.97,0.0,26.8,33.45,0.02
2023-04-10 19:00,4,19,Weekday,Spring,No,90.87,28.02,0.11,16.08,28.09,1.1
2023-04-10 20:00,4,20,Weekday,Spring,No,85.94,23.55,0.93,16.08,26.8,0.02
2023-04-10 21:00,4,21,Weekday,Spring,No,41.62,0.0,0.0,5.36,21.44,1.1
2023-04-10 22:00,4,22,Weekday,Spring,No,38.94,0.0,0.0,2.68,21.44,0.02
2023-04-10 23:00,4,23,Weekday,Spring,No,38.94,0.0,0.0,2.68,21.44,1.1
2023-04-11 00:00,4,0,Weekday,Spring,No,38.94,0.0,0.0,2.68,21.44,0.02
2023-04-11 01:00,4,1,Weekday,Spring,No,38.94,0.0,0.0,2.68,21.44,0.02
2023-04-11 02:00,4,2,Weekday,Spring,No,38.94,0.0,0.0,2.68,21.44,1.1
2023-04-11 03:00,4,3,Weekday,Spring,No,38.94,0.0,0.0,2.68,21.44,0.02
2023-04-11 04:00,4,4,Weekday,Spring,No,41.62,0.0,0.0,5.36,21.44,1.1
2023-04-11 05:00,4,5,Weekday,Spring,No,70.62,1.51,23.68,5.36,21.44,0.02
2023-04-11 06:00,4,6,Weekday,Spring,No,74.06,4.54,16.99,16.08,32.68,1.1
2023-04-11 07:00,4,7,Weekday,Spring,No,135.52,8.38,4.34,48.25,70.4,1.1
2023-04-11 08:00,4,8,Weekday,Spring,Yes,131.46,14.52,2.43,48.25,62.05,1.1
2023-04-11 09:00,4,9,Weekday,Spring,Yes,136.5,23.09,0.76,48.25,60.13,2.19
2023-04-11 10:00,4,10,Weekday,Spring,Yes,147.6,32.79,0.04,48.25,62.05,1.1
2023-04-11 11:00,4,11,Weekday,Spring,Yes,152.19,37.82,0.0,48.25,61.51,2.19
2023-04-11 12:00,4,12,Weekday,Spring,Yes,159.72,42.84,0.0,48.25,63.66,2.19
2023-04-11 13:00,4,13,Weekday,Spring,Yes,160.46,47.01,0.0,48.25,60.13,1.1
2023-04-11 14:00,4,14,Weekday,Spring,Yes,165.22,51.39,0.0,48.25,60.13,1.1
2023-04-11 15:00,4,15,Weekday,Spring,Yes,172.47,55.15,0.0,48.25,63.02,2.19
2023-04-11 16:00,4,16,Weekday,Spring,Yes,159.95,53.84,0.0,37.53,62.79,1.1
2023-04-11 17:00,4,17,Weekday,Spring,Yes,109.58,42.52,0.0,26.8,36.02,1.1
2023-04-11 18:00,4,18,Weekday,Spring,No,104.37,35.33,0.0,26.8,33.45,0.02
2023-04-11 19:00,4,19,Weekday,Spring,No,92.76,30.01,0.01,16.08,28.09,1.1
2023-04-11 20:00,4,20,Weekday,Spring,No,88.23,26.38,0.39,16.08,26.8,0.02
2023-04-11 21:00,4,21,Weekday,Spring,No,41.62,0.0,0.0,5.36,21.44,1.1
2023-04-11 22:00,4,22,Weekday,Spring,No,38.94,0.0,0.0,2.68,21.44,0.02
2023-04-11 23:00,4,23,Weekday,Spring,No,38.94,0.0,0.0,2.68,21.44,0.06
2023-04-12 00:00,4,0,Weekday,Spring,No,38.94,0.0,0.0,2.68,21.44,1.06
2023-04-12 01:00,4,1,Weekday,Spring,No,38.94,0.0,0.0,2.68,21.44,0.02
2023-04-12 02:00,4,2,Weekday,Spring,No,38.94,0.0,0.0,2.68,21.44,1.1
2023-04-12 03:00,4,3,Weekday,Spring,No,38.94,0.0,0.0,2.68,21.44,0.02
2023-04-12 04:00,4,4,Weekday,Spring,No,41.62,0.0,0.0,5.36,21.44,0.02
2023-04-12 05:00,4,5,Weekday,Spring,No,63.74,9.41,8.81,5.36,21.44,1.1
2023-04-12 06:00,4,6,Weekday,Spring,No,70.21,11.46,6.22,16.08,32.68,1.1
2023-04-12 07:00,4,7,Weekday,Spring,No,139.72,14.97,1.8,48.25,70.4,1.1
2023-04-12 08:00,4,8,Weekday,Spring,Yes,135.13,19.81,0.57,48.25,62.05,1.1
2023-04-12 09:00,4,9,Weekday,Spring,Yes,138.53,25.7,0.01,48.25,60.13,1.1
2023-04-12 10:00,4,10,Weekday,Spring,Yes,147.42,32.51,0.0,48.25,62.05,2.19
2023-04-12 11:00,4,11,Weekday,Spring,Yes,150.55,36.14,0.0,48.25,61.51,2.19
2023-04-12 12:00,4,12,Weekday,Spring,Yes,157.73,40.59,0.0,48.25,63.66,2.19
2023-04-12 13:00,4,13,Weekday,Spring,Yes,156.3,42.59,0.0,48.25,60.13,1.1
2023-04-12 14:00,4,14,Weekday,Spring,Yes,158.07,44.19,0.0,48.25,60.13,1.1
2023-04-12 15:00,4,15,Weekday,Spring,Yes,160.75,43.91,0.0,48.25,63.02,1.1
2023-04-12 16:00,4,16,Weekday,Spring,Yes,144.95,39.64,0.0,37.53,62.79,1.1
2023-04-12 17:00,4,17,Weekday,Spring,Yes,96.44,29.79,0.0,26.8,36.02,1.1
2023-04-12 18:00,4,18,Weekday,Spring,No,93.89,24.91,0.0,26.8,33.45,1.1
2023-04-12 19:00,4,19,Weekday,Spring,No,83.52,20.45,0.33,16.08,28.09,1.1
2023-04-12 20:00,4,20,Weekday,Spring,No,80.86,17.24,2.16,16.08,26.8,0.02
2023-04-12 21:00,4,21,Weekday,Spring,No,41.62,0.0,0.0,5.36,21.44,1.1
2023-04-12 22:00,4,22,Weekday,Spring,No,38.94,0.0,0.0,2.68,21.44,0.02
2023-04-12 23:00,4,23,Weekday,Spring,No,38.94,0.0,0.0,2.68,21.44,0.02
2023-04-13 00:00,4,0,Weekday,Spring,No,38.94,0.0,0.0,2.68,21.44,1.1
2023-04-13 01:00,4,1,Weekday,Spring,No,38.94,0.0,0.0,2.68,21.44,0.02
2023-04-13 02:00,4,2,Weekday,Spring,No,38.94,0.0,0.0,2.68,21.44,0.02
2023-04-13 03:00,4,3,Weekday,Spring,No,38.94,0.0,0.0,2.68,21.44,1.1
2023-04-13 04:00,4,4,Weekday,Spring,No,41.62,0.0,0.0,5.36,21.44,0.02
2023-04-13 05:00,4,5,Weekday,Spring,No,63.89,6.94,11.44,5.36,21.44,1.1
2023-04-13 06:00,4,6,Weekday,Spring,No,68.43,6.53,9.37,16.08,32.68,0.02
2023-04-13 07:00,4,7,Weekday,Spring,No,132.65,6.63,3.19,48.25,70.4,2.19
2023-04-13 08:00,4,8,Weekday,Spring,Yes,124.34,8.14,1.79,48.25,62.05,1.1
2023-04-13 09:00,4,9,Weekday,Spring,Yes,124.09,10.84,0.77,48.25,60.13,1.1
2023-04-13 10:00,4,10,Weekday,Spring,Yes,128.8,14.21,0.08,48.25,62.05,2.19
2023-04-13 11:00,4,11,Weekday,Spring,Yes,131.18,17.13,0.03,48.25,61.51,2.19
2023-04-13 12:00,4,12,Weekday,Spring,Yes,137.34,20.9,0.0,48.25,63.66,1.1
2023-04-13 13:00,4,13,Weekday,Spring,Yes,136.21,23.43,0.0,48.25,60.13,2.19
2023-04-13 14:00,4,14,Weekday,Spring,Yes,137.78,24.99,0.0,48.25,60.13,1.1
2023-04-13 15:00,4,15,Weekday,Spring,Yes,142.2,26.31,0.0,48.25,63.02,1.1
2023-04-13 16:00,4,16,Weekday,Spring,Yes,130.98,26.14,0.0,37.53,62.79,1.1
2023-04-13 17:00,4,17,Weekday,Spring,Yes,87.44,20.85,0.0,26.8,36.02,1.1
2023-04-13 18:00,4,18,Weekday,Spring,No,86.51,17.41,0.15,26.8,33.45,1.1
2023-04-13 19:00,4,19,Weekday,Spring,No,80.65,14.64,3.26,16.08,28.09,0.02
2023-04-13 20:00,4,20,Weekday,Spring,No,80.2,12.8,5.93,16.08,26.8,1.1
2023-04-13 21:00,4,21,Weekday,Spring,No,41.62,0.0,0.0,5.36,21.44,0.02
2023-04-13 22:00,4,22,Weekday,Spring,No,38.94,0.0,0.0,2.68,21.44,1.1
2023-04-13 23:00,4,23,Weekday,Spring,No,38.94,0.0,0.0,2.68,21.44,0.02
2023-04-14 00:00,4,0,Weekday,Spring,No,38.94,0.0,0.0,2.68,21.44,0.02
2023-04-14 01:00,4,1,Weekday,Spring,No,38.94,0.0,0.0,2.68,21.44,1.1
2023-04-14 02:00,4,2,Weekday,Spring,No,38.94,0.0,0.0,2.68,21.44,0.02
2023-04-14 03:00,4,3,Weekday,Spring,No,38.94,0.0,0.0,2.68,21.44,0.02
2023-04-14 04:00,4,4,Weekday,Spring,No,41.62,0.0,0.0,5.36,21.44,1.1
2023-04-14 05:00,4,5,Weekday,Spring,No,67.89,5.99,16.44,5.36,21.44,0.02
2023-04-14 06:00,4,6,Weekday,Spring,No,75.23,4.89,17.8,16.08,32.68,1.1
2023-04-14 07:00,4,7,Weekday,Spring,No,132.36,3.85,5.74,48.25,70.4,1.1
2023-04-14 08:00,4,8,Weekday,Spring,Yes,123.35,6.27,2.83,48.25,62.05,1.1
2023-04-14 09:00,4,9,Weekday,Spring,Yes,124.81,10.9,1.61,48.25,60.13,2.19
2023-04-14 10:00,4,10,Weekday,Spring,Yes,129.56,14.72,0.52,48.25,62.05,1.1
2023-04-14 11:00,4,11,Weekday,Spring,Yes,129.23,14.69,0.66,48.25,61.51,2.19
2023-04-14 12:00,4,12,Weekday,Spring,Yes,128.5,12.16,0.19,48.25,63.66,2.19
2023-04-14 13:00,4,13,Weekday,Spring,Yes,121.37,8.9,0.0,48.25,60.13,1.1
2023-04-14 14:00,4,14,Weekday,Spring,Yes,119.04,6.57,0.0,48.25,60.13,1.1
2023-04-14 15:00,4,15,Weekday,Spring,Yes,120.74,5.24,0.0,48.25,63.02,2.19
2023-04-14 16:00,4,16,Weekday,Spring,Yes,108.39,3.7,0.09,37.53,62.79,1.1
2023-04-14 17:00,4,17,Weekday,Spring,Yes,72.35,0.83,4.94,26.8,36.02,1.1
2023-04-14 18:00,4,18,Weekday,Spring,No,78.25,0.0,9.29,26.8,33.45,0.02
2023-04-14 19:00,4,19,Weekday,Spring,No,81.3,0.0,18.56,16.08,28.09,1.1
2023-04-14 20:00,4,20,Weekday,Spring,No,85.03,0.0,23.57,16.08,26.8,0.02
2023-04-14 21:00,4,21,Weekday,Spring,No,41.62,0.0,0.0,5.36,21.44,1.1
2023-04-14 22:00,4,22,Weekday,Spring,No,38.94,0.0,0.0,2.68,21.44,0.02
2023-04-14 23:00,4,23,Weekday,Spring,No,38.94,0.0,0.0,2.68,21.44,1.1
2023-04-15 00:00,4,0,Weekend,Spring,No,33.58,0.0,0.0,2.68,16.08,0.02
2023-04-15 01:00,4,1,Weekend,Spring,No,33.58,0.0,0.0,2.68,16.08,0.02
2023-04-15 02:00,4,2,Weekend,Spring,No,33.58,0.0,0.0,2.68,16.08,1.1
2023-04-15 03:00,4,3,Weekend,Spring,No,33.58,0.0,0.0,2.68,16.08,0.02
2023-04-15 04:00,4,4,Weekend,Spring,No,33.58,0.0,0.0,2.68,16.08,0.02
2023-04-15 05:00,4,5,Weekend,Spring,No,90.64,0.0,47.73,5.36,21.44,1.1
2023-04-15 06:00,4,6,Weekend,Spring,No,76.91,0.0,41.2,5.36,26.58,0.02
2023-04-15 07:00,4,7,Weekend,Spring,No,88.87,0.0,26.99,26.8,31.3,1.1
2023-04-15 08:00,4,8,Weekend,Spring,No,83.69,0.0,19.57,26.8,33.55,1.1
2023-04-15 09:00,4,9,Weekend,Spring,No,76.68,0.0,13.52,26.8,32.58,1.1
2023-04-15 10:00,4,10,Weekend,Spring,No,74.08,0.0,8.68,26.8,34.83,0.02
2023-04-15 11:00,4,11,Weekend,Spring,No,73.14,0.0,9.02,26.8,33.55,1.1
2023-04-15 12:00,4,12,Weekend,Spring,No,72.0,0.18,10.27,26.8,30.98,1.1
2023-04-15 13:00,4,13,Weekend,Spring,No,46.01,1.71,11.16,8.04,21.33,1.1
2023-04-15 14:00,4,14,Weekend,Spring,No,44.75,2.97,9.92,8.04,20.05,0.02
2023-04-15 15:00,4,15,Weekend,Spring,No,46.94,3.81,10.95,8.04,20.37,1.1
2023-04-15 16:00,4,16,Weekend,Spring,No,46.25,4.69,17.1,2.68,18.01,0.02
2023-04-15 17:00,4,17,Weekend,Spring,No,18.77,0.0,0.0,2.68,16.08,1.1
2023-04-15 18:00,4,18,Weekend,Spring,No,23.71,0.0,0.0,2.68,16.08,0.02
2023-04-15 19:00,4,19,Weekend,Spring,No,33.58,0.0,0.0,2.68,16.08,1.1
2023-04-15 20:00,4,20,Weekend,Spring,No,33.58,0.0,0.0,2.68,16.08,0.02
2023-04-15 21:00,4,21,Weekend,Spring,No,33.58,0.0,0.0,2.68,16.08,0.02
2023-04-15 22:00,4,22,Weekend,Spring,No,33.58,0.0,0.0,2.68,16.08,1.1
2023-04-15 23:00,4,23,Weekend,Spring,No,33.58,0.0,0.0,2.68,16.08,0.02
2023-04-16 00:00,4,0,Weekend,Spring,No,33.58,0.0,0.0,2.68,16.08,1.1
2023-04-16 01:00,4,1,Weekend,Spring,No,33.58,0.0,0.0,2.68,16.08,0.02
2023-04-16 02:00,4,2,Weekend,Spring,No,33.58,0.0,0.0,2.68,16.08,0.02
2023-04-16 03:00,4,3,Weekend,Spring,No,33.58,0.0,0.0,2.68,16.08,1.1
2023-04-16 04:00,4,4,Weekend,Spring,No,33.58,0.0,0.0,2.68,16.08,0.02
2023-04-16 05:00,4,5,Weekend,Spring,No,31.11,0.0,0.0,2.68,16.08,0.02
2023-04-16 06:00,4,6,Weekend,Spring,No,18.77,0.0,0.0,2.68,16.08,1.1
2023-04-16 07:00,4,7,Weekend,Spring,No,18.77,0.0,0.0,2.68,16.08,0.02
2023-04-16 08:00,4,8,Weekend,Spring,No,18.77,0.0,0.0,2.68,16.08,0.02
2023-04-16 09:00,4,9,Weekend,Spring,No,18.77,0.0,0.0,2.68,16.08,1.1
2023-04-16 10:00,4,10,Weekend,Spring,No,18.77,0.0,0.0,2.68,16.08,0.02
2023-04-16 11:00,4,11,Weekend,Spring,No,18.77,0.0,0.0,2.68,16.08,0.02
2023-04-16 12:00,4,12,Weekend,Spring,No,18.77,0.0,0.0,2.68,16.08,1.1
2023-04-16 13:00,4,13,Weekend,Spring,No,18.77,0.0,0.0,2.68,16.08,0.02
2023-04-16 14:00,4,14,Weekend,Spring,No,18.77,0.0,0.0,2.68,16.08,1.1
2023-04-16 15:00,4,15,Weekend,Spring,No,18.77,0.0,0.0,2.68,16.08,0.02
2023-04-16 16:00,4,16,Weekend,Spring,No,18.77,0.0,0.0,2.68,16.08,0.02
2023-04-16 17:00,4,17,Weekend,Spring,No,18.77,0.0,0.0,2.68,16.08,1.1
2023-04-16 18:00,4,18,Weekend,Spring,No,23.71,0.0,0.0,2.68,16.08,0.02
2023-04-16 19:00,4,19,Weekend,Spring,No,33.58,0.0,0.0,2.68,16.08,0.02
2023-04-16 20:00,4,20,Weekend,Spring,No,33.58,0.0,0.0,2.68,16.08,1.1
2023-04-16 21:00,4,21,Weekend,Spring,No,33.58,0.0,0.0,2.68,16.08,0.02
2023-04-16 22:00,4,22,Weekend,Spring,No,33.58,0.0,0.0,2.68,16.08,0.02
2023-04-16 23:00,4,23,Weekend,Spring,No,33.58,0.0,0.0,2.68,16.08,1.1
2023-04-17 00:00,4,0,Weekday,Spring,No,41.97,0.0,2.58,2.68,21.44,0.02
2023-04-17 01:00,4,1,Weekday,Spring,No,45.33,0.0,5.48,2.68,21.44,1.1
2023-04-17 02:00,4,2,Weekday,Spring,No,48.08,0.0,8.01,2.68,21.44,0.02
2023-04-17 03:00,4,3,Weekday,Spring,No,46.67,0.0,6.83,2.68,21.44,0.02
2023-04-17 04:00,4,4,Weekday,Spring,No,52.15,0.0,9.4,5.36,21.44,1.1
2023-04-17 05:00,4,5,Weekday,Spring,No,190.41,0.0,147.5,5.36,21.44,0.02
2023-04-17 06:00,4,6,Weekday,Spring,No,156.61,0.0,104.08,16.08,32.68,10.9
2023-04-17 07:00,4,7,Weekday,Spring,No,180.28,0.0,57.84,48.25,70.4,3.07
2023-04-17 08:00,4,8,Weekday,Spring,Yes,157.26,0.0,43.19,48.25,62.05,1.1
2023-04-17 09:00,4,9,Weekday,Spring,Yes,143.33,0.0,31.19,48.25,60.13,2.19
2023-04-17 10:00,4,10,Weekday,Spring,Yes,135.75,0.0,21.67,48.25,62.05,1.1
2023-04-17 11:00,4,11,Weekday,Spring,Yes,136.32,0.0,22.7,48.25,61.51,2.19
2023-04-17 12:00,4,12,Weekday,Spring,Yes,130.83,0.0,15.03,48.25,63.66,2.19
2023-04-17 13:00,4,13,Weekday,Spring,Yes,122.11,0.37,9.56,48.25,60.13,1.1
2023-04-17 14:00,4,14,Weekday,Spring,Yes,119.72,2.0,5.52,48.25,60.13,1.1
2023-04-17 15:00,4,15,Weekday,Spring,Yes,123.29,3.74,4.35,48.25,63.02,1.1
2023-04-17 16:00,4,16,Weekday,Spring,Yes,115.47,5.5,5.58,37.53,62.79,1.1
2023-04-17 17:00,4,17,Weekday,Spring,Yes,82.55,5.15,10.8,26.8,36.02,1.1
2023-04-17 18:00,4,18,Weekday,Spring,No,88.26,4.01,15.3,26.8,33.45,1.1
2023-04-17 19:00,4,19,Weekday,Spring,No,94.28,2.79,28.74,16.08,28.09,0.02
2023-04-17 20:00,4,20,Weekday,Spring,No,97.78,0.81,35.52,16.08,26.8,1.1
2023-04-17 21:00,4,21,Weekday,Spring,No,41.62,0.0,0.0,5.36,21.44,0.02
2023-04-17 22:00,4,22,Weekday,Spring,No,38.94,0.0,0.0,2.68,21.44,1.1
2023-04-17 23:00,4,23,Weekday,Spring,No,38.94,0.0,0.0,2.68,21.44,0.02
2023-04-18 00:00,4,0,Weekday,Spring,No,38.94,0.0,0.0,2.68,21.44,0.02
2023-04-18 01:00,4,1,Weekday,Spring,No,38.94,0.0,0.0,2.68,21.44,1.1
2023-04-18 02:00,4,2,Weekday,Spring,No,38.94,0.0,0.0,2.68,21.44,0.02
2023-04-18 03:00,4,3,Weekday,Spring,No,38.94,0.0,0.0,2.68,21.44,1.1
2023-04-18 04:00,4,4,Weekday,Spring,No,41.62,0.0,0.0,5.36,21.44,0.02
2023-04-18 05:00,4,5,Weekday,Spring,No,123.94,0.0,81.03,5.36,21.44,0.02
2023-04-18 06:00,4,6,Weekday,Spring,No,110.33,0.0,57.79,16.08,32.68,1.1
2023-04-18 07:00,4,7,Weekday,Spring,No,149.7,0.0,27.11,48.25,70.4,1.1
2023-04-18 08:00,4,8,Weekday,Spring,Yes,132.58,0.0,18.43,48.25,62.05,2.19
2023-04-18 09:00,4,9,Weekday,Spring,Yes,125.63,1.71,11.71,48.25,60.13,1.1
2023-04-18 10:00,4,10,Weekday,Spring,Yes,129.04,7.2,7.65,48.25,62.05,1.1
2023-04-18 11:00,4,11,Weekday,Spring,Yes,131.92,11.1,7.1,48.25,61.51,2.19
2023-04-18 12:00,4,12,Weekday,Spring,Yes,133.58,13.82,3.83,48.25,63.66,2.19
2023-04-18 13:00,4,13,Weekday,Spring,Yes,129.22,16.38,0.51,48.25,60.13,1.1
2023-04-18 14:00,4,14,Weekday,Spring,Yes,130.43,18.09,0.0,48.25,60.13,1.1
2023-04-18 15:00,4,15,Weekday,Spring,Yes,134.94,19.48,0.0,48.25,63.02,2.19
2023-04-18 16:00,4,16,Weekday,Spring,Yes,126.06,21.18,0.04,37.53,62.79,1.1
2023-04-18 17:00,4,17,Weekday,Spring,Yes,85.66,17.64,1.25,26.8,36.02,0.02
2023-04-18 18:00,4,18,Weekday,Spring,No,83.55,14.35,2.7,26.8,33.45,1.1
2023-04-18 19:00,4,19,Weekday,Spring,No,82.27,11.93,7.6,16.08,28.09,1.1
2023-04-18 20:00,4,20,Weekday,Spring,No,86.71,9.42,15.84,16.08,26.8,0.02
2023-04-18 21:00,4,21,Weekday,Spring,No,41.62,0.0,0.0,5.36,21.44,1.1
2023-04-18 22:00,4,22,Weekday,Spring,No,38.94,0.0,0.0,2.68,21.44,0.02
2023-04-18 23:00,4,23,Weekday,Spring,No,38.94,0.0,0.0,2.68,21.44,0.02
2023-04-19 00:00,4,0,Weekday,Spring,No,38.94,0.0,0.0,2.68,21.44,1.1
2023-04-19 01:00,4,1,Weekday,Spring,No,38.94,0.0,0.0,2.68,21.44,0.02
2023-04-19 02:00,4,2,Weekday,Spring,No,38.94,0.0,0.0,2.68,21.44,0.02
2023-04-19 03:00,4,3,Weekday,Spring,No,38.94,0.0,0.0,2.68,21.44,1.1
2023-04-19 04:00,4,4,Weekday,Spring,No,41.62,0.0,0.0,5.36,21.44,0.02
2023-04-19 05:00,4,5,Weekday,Spring,No,92.43,0.0,49.52,5.36,21.44,1.1
2023-04-19 06:00,4,6,Weekday,Spring,No,87.88,0.0,35.35,16.08,32.68,0.02
2023-04-19 07:00,4,7,Weekday,Spring,No,138.0,0.0,15.33,48.25,70.4,1.1
2023-04-19 08:00,4,8,Weekday,Spring,Yes,125.75,2.22,9.26,48.25,62.05,2.19
2023-04-19 09:00,4,9,Weekday,Spring,Yes,124.14,5.94,5.88,48.25,60.13,1.1
2023-04-19 10:00,4,10,Weekday,Spring,Yes,127.51,9.22,4.02,48.25,62.05,1.1
2023-04-19 11:00,4,11,Weekday,Spring,Yes,130.52,12.99,3.74,48.25,61.51,2.19
2023-04-19 12:00,4,12,Weekday,Spring,Yes,134.84,17.19,1.6,48.25,63.66,2.19
2023-04-19 13:00,4,13,Weekday,Spring,Yes,133.72,21.22,0.05,48.25,60.13,1.1
2023-04-19 14:00,4,14,Weekday,Spring,Yes,135.48,23.02,0.0,48.25,60.13,1.1
2023-04-19 15:00,4,15,Weekday,Spring,Yes,139.77,24.15,0.0,48.25,63.02,2.19
2023-04-19 16:00,4,16,Weekday,Spring,Yes,130.34,25.35,0.0,37.53,62.79,1.1
2023-04-19 17:00,4,17,Weekday,Spring,Yes,88.04,21.18,0.04,26.8,36.02,0.02
2023-04-19 18:00,4,18,Weekday,Spring,No,84.97,17.6,0.87,26.8,33.45,1.1
2023-04-19 19:00,4,19,Weekday,Spring,No,81.05,15.15,3.15,16.08,28.09,1.1
2023-04-19 20:00,4,20,Weekday,Spring,No,80.9,11.87,7.57,16.08,26.8,0.02
2023-04-19 21:00,4,21,Weekday,Spring,No,41.62,0.0,0.0,5.36,21.44,1.1
2023-04-19 22:00,4,22,Weekday,Spring,No,38.94,0.0,0.0,2.68,21.44,0.02
2023-04-19 23:00,4,23,Weekday,Spring,No,38.94,0.0,0.0,2.68,21.44,0.02
2023-04-20 00:00,4,0,Weekday,Spring,No,38.94,0.0,0.0,2.68,21.44,1.1
2023-04-20 01:00,4,1,Weekday,Spring,No,38.94,0.0,0.0,2.68,21.44,0.02
2023-04-20 02:00,4,2,Weekday,Spring,No,38.94,0.0,0.0,2.68,21.44,0.02
2023-04-20 03:00,4,3,Weekday,Spring,No,38.94,0.0,0.0,2.68,21.44,1.1
2023-04-20 04:00,4,4,Weekday,Spring,No,41.62,0.0,0.0,5.36,21.44,0.02
2023-04-20 05:00,4,5,Weekday,Spring,No,83.35,0.0,40.44,5.36,21.44,1.1
2023-04-20 06:00,4,6,Weekday,Spring,No,80.32,0.11,27.67,16.08,32.68,0.02
2023-04-20 07:00,4,7,Weekday,Spring,No,135.99,2.56,10.71,48.25,70.4,1.1
2023-04-20 08:00,4,8,Weekday,Spring,Yes,127.9,7.77,5.77,48.25,62.05,2.19
2023-04-20 09:00,4,9,Weekday,Spring,Yes,130.21,14.59,3.14,48.25,60.13,1.1
2023-04-20 10:00,4,10,Weekday,Spring,Yes,138.57,22.8,1.35,48.25,62.05,1.1
2023-04-20 11:00,4,11,Weekday,Spring,Yes,143.66,28.94,0.77,48.25,61.51,2.19
2023-04-20 12:00,4,12,Weekday,Spring,Yes,150.6,34.2,0.03,48.25,63.66,2.19
2023-04-20 13:00,4,13,Weekday,Spring,Yes,149.75,36.95,0.0,48.25,60.13,1.1
2023-04-20 14:00,4,14,Weekday,Spring,Yes,151.91,39.06,0.0,48.25,60.13,1.1
2023-04-20 15:00,4,15,Weekday,Spring,Yes,158.7,42.54,0.0,48.25,63.02,2.19
2023-04-20 16:00,4,16,Weekday,Spring,Yes,149.16,43.82,0.0,37.53,62.79,1.1
2023-04-20 17:00,4,17,Weekday,Spring,Yes,104.68,37.7,0.0,26.8,36.02,0.02
2023-04-20 18:00,4,18,Weekday,Spring,No,99.09,32.54,0.0,26.8,33.45,1.1
2023-04-20 19:00,4,19,Weekday,Spring,No,92.07,29.13,0.19,16.08,28.09,1.1
2023-04-20 20:00,4,20,Weekday,Spring,No,86.88,24.16,1.25,16.08,26.8,0.02
2023-04-20 21:00,4,21,Weekday,Spring,No,41.62,0.0,0.0,5.36,21.44,1.1
2023-04-20 22:00,4,22,Weekday,Spring,No,38.94,0.0,0.0,2.68,21.44,0.02
2023-04-20 23:00,4,23,Weekday,Spring,No,38.94,0.0,0.0,2.68,21.44,0.02
2023-04-21 00:00,4,0,Weekday,Spring,No,38.94,0.0,0.0,2.68,21.44,1.1
2023-04-21 01:00,4,1,Weekday,Spring,No,38.94,0.0,0.0,2.68,21.44,0.02
2023-04-21 02:00,4,2,Weekday,Spring,No,38.94,0.0,0.0,2.68,21.44,0.02
2023-04-21 03:00,4,3,Weekday,Spring,No,38.94,0.0,0.0,2.68,21.44,1.1
2023-04-21 04:00,4,4,Weekday,Spring,No,41.62,0.0,0.0,5.36,21.44,0.02
2023-04-21 05:00,4,5,Weekday,Spring,No,69.42,2.12,24.35,5.36,21.44,1.1
2023-04-21 06:00,4,6,Weekday,Spring,No,75.56,5.88,17.15,16.08,32.68,0.02
2023-04-21 07:00,4,7,Weekday,Spring,No,136.63,9.83,4.03,48.25,70.4,1.1
2023-04-21 08:00,4,8,Weekday,Spring,Yes,132.0,15.63,1.95,48.25,62.05,2.19
2023-04-21 09:00,4,9,Weekday,Spring,Yes,137.13,24.14,0.43,48.25,60.13,1.1
2023-04-21 10:00,4,10,Weekday,Spring,Yes,147.52,32.84,0.0,48.25,62.05,1.1
2023-04-21 11:00,4,11,Weekday,Spring,Yes,152.14,37.83,0.0,48.25,61.51,2.19
2023-04-21 12:00,4,12,Weekday,Spring,Yes,159.68,42.83,0.0,48.25,63.66,2.19
2023-04-21 13:00,4,13,Weekday,Spring,Yes,160.13,46.69,0.0,48.25,60.13,1.1
2023-04-21 14:00,4,14,Weekday,Spring,Yes,166.19,52.21,0.0,48.25,60.13,1.1
2023-04-21 15:00,4,15,Weekday,Spring,Yes,174.5,57.05,0.0,48.25,63.02,1.1
2023-04-21 16:00,4,16,Weekday,Spring,Yes,162.65,56.52,0.0,37.53,62.79,1.1
2023-04-21 17:00,4,17,Weekday,Spring,Yes,110.9,43.99,0.0,26.8,36.02,1.1
2023-04-21 18:00,4,18,Weekday,Spring,No,104.37,37.82,0.0,26.8,33.45,1.1
2023-04-21 19:00,4,19,Weekday,Spring,No,95.52,32.77,0.0,16.08,28.09,1.1
2023-04-21 20:00,4,20,Weekday,Spring,No,90.24,28.54,0.24,16.08,26.8,0.02
2023-04-21 21:00,4,21,Weekday,Spring,No,41.62,0.0,0.0,5.36,21.44,0.02
2023-04-21 22:00,4,22,Weekday,Spring,No,38.94,0.0,0.0,2.68,21.44,1.1
2023-04-21 23:00,4,23,Weekday,Spring,No,38.94,0.0,0.0,2.68,21.44,0.02
2023-04-22 00:00,4,0,Weekend,Spring,No,33.58,0.0,0.0,2.68,16.08,0.02
2023-04-22 01:00,4,1,Weekend,Spring,No,33.58,0.0,0.0,2.68,16.08,1.1
2023-04-22 02:00,4,2,Weekend,Spring,No,33.58,0.0,0.0,2.68,16.08,0.02
2023-04-22 03:00,4,3,Weekend,Spring,No,33.58,0.0,0.0,2.68,16.08,1.1
2023-04-22 04:00,4,4,Weekend,Spring,No,33.58,0.0,0.0,2.68,16.08,0.02
2023-04-22 05:00,4,5,Weekend,Spring,No,62.13,11.45,7.65,5.36,21.44,0.02
2023-04-22 06:00,4,6,Weekend,Spring,No,56.2,13.94,6.55,5.36,26.58,1.1
2023-04-22 07:00,4,7,Weekend,Spring,No,82.32,17.16,3.29,26.8,31.3,1.1
2023-04-22 08:00,4,8,Weekend,Spring,No,87.57,21.45,2.0,26.8,33.55,0.02
2023-04-22 09:00,4,9,Weekend,Spring,No,91.47,27.49,0.7,26.8,32.58,1.1
2023-04-22 10:00,4,10,Weekend,Spring,No,96.85,31.3,0.06,26.8,34.83,1.1
2023-04-22 11:00,4,11,Weekend,Spring,No,98.56,34.31,0.0,26.8,33.55,1.1
2023-04-22 12:00,4,12,Weekend,Spring,No,99.31,37.48,0.0,26.8,30.98,0.02
2023-04-22 13:00,4,13,Weekend,Spring,No,72.06,38.73,0.0,8.04,21.33,1.1
2023-04-22 14:00,4,14,Weekend,Spring,No,70.95,38.99,0.0,8.04,20.05,1.1
2023-04-22 15:00,4,15,Weekend,Spring,No,71.6,39.28,0.0,8.04,20.37,0.02
2023-04-22 16:00,4,16,Weekend,Spring,No,64.75,40.01,0.0,2.68,18.01,1.1
2023-04-22 17:00,4,17,Weekend,Spring,No,45.87,24.34,0.0,2.68,16.08,0.02
2023-04-22 18:00,4,18,Weekend,Spring,No,44.6,20.9,0.0,2.68,16.08,0.02
2023-04-22 19:00,4,19,Weekend,Spring,No,33.58,0.0,0.0,2.68,16.08,1.1
2023-04-22 20:00,4,20,Weekend,Spring,No,33.58,0.0,0.0,2.68,16.08,0.02
2023-04-22 21:00,4,21,Weekend,Spring,No,33.58,0.0,0.0,2.68,16.08,1.1
2023-04-22 22:00,4,22,Weekend,Spring,No,33.58,0.0,0.0,2.68,16.08,0.02
2023-04-22 23:00,4,23,Weekend,Spring,No,33.58,0.0,0.0,2.68,16.08,0.02
2023-04-23 00:00,4,0,Weekend,Spring,No,33.58,0.0,0.0,2.68,16.08,1.1
2023-04-23 01:00,4,1,Weekend,Spring,No,33.58,0.0,0.0,2.68,16.08,0.02
2023-04-23 02:00,4,2,Weekend,Spring,No,33.58,0.0,0.0,2.68,16.08,0.02
2023-04-23 03:00,4,3,Weekend,Spring,No,33.58,0.0,0.0,2.68,16.08,1.1
2023-04-23 04:00,4,4,Weekend,Spring,No,33.58,0.0,0.0,2.68,16.08,0.02
2023-04-23 05:00,4,5,Weekend,Spring,No,31.11,0.0,0.0,2.68,16.08,0.02
2023-04-23 06:00,4,6,Weekend,Spring,No,18.77,0.0,0.0,2.68,16.08,1.1
2023-04-23 07:00,4,7,Weekend,Spring,No,27.98,7.03,0.0,2.68,16.08,0.02
2023-04-23 08:00,4,8,Weekend,Spring,No,33.56,11.91,0.0,2.68,16.08,0.02
2023-04-23 09:00,4,9,Weekend,Spring,No,36.2,14.7,0.0,2.68,16.08,1.1
2023-04-23 10:00,4,10,Weekend,Spring,No,40.49,18.86,0.0,2.68,16.08,0.02
2023-04-23 11:00,4,11,Weekend,Spring,No,24.85,5.34,0.0,2.68,16.08,1.1
2023-04-23 12:00,4,12,Weekend,Spring,No,30.82,10.73,0.0,2.68,16.08,0.02
2023-04-23 13:00,4,13,Weekend,Spring,No,30.33,10.33,0.0,2.68,16.08,0.02
2023-04-23 14:00,4,14,Weekend,Spring,No,44.39,22.93,0.0,2.68,16.08,1.1
2023-04-23 15:00,4,15,Weekend,Spring,No,44.73,23.23,0.0,2.68,16.08,0.02
2023-04-23 16:00,4,16,Weekend,Spring,No,47.19,25.47,0.0,2.68,16.08,0.02
2023-04-23 17:00,4,17,Weekend,Spring,No,44.71,23.19,0.0,2.68,16.08,1.1
2023-04-23 18:00,4,18,Weekend,Spring,No,45.02,21.25,0.0,2.68,16.08,0.02
2023-04-23 19:00,4,19,Weekend,Spring,No,36.71,2.76,0.0,2.68,16.08,0.02
2023-04-23 20:00,4,20,Weekend,Spring,No,33.58,0.0,0.0,2.68,16.08,1.1
2023-04-23 21:00,4,21,Weekend,Spring,No,33.58,0.0,0.0,2.68,16.08,0.02
2023-04-23 22:00,4,22,Weekend,Spring,No,33.58,0.0,0.0,2.68,16.08,1.1
2023-04-23 23:00,4,23,Weekend,Spring,No,33.58,0.0,0.0,2.68,16.08,0.02
2023-04-24 00:00,4,0,Weekday,Spring,No,38.94,0.0,0.0,2.68,21.44,0.02
2023-04-24 01:00,4,1,Weekday,Spring,No,38.94,0.0,0.0,2.68,21.44,1.1
2023-04-24 02:00,4,2,Weekday,Spring,No,38.94,0.0,0.0,2.68,21.44,0.02
2023-04-24 03:00,4,3,Weekday,Spring,No,38.94,0.0,0.0,2.68,21.44,0.02
2023-04-24 04:00,4,4,Weekday,Spring,No,41.62,0.0,0.0,5.36,21.44,1.1
2023-04-24 05:00,4,5,Weekday,Spring,No,62.26,4.52,17.24,5.36,21.44,0.02
2023-04-24 06:00,4,6,Weekday,Spring,No,71.48,8.07,10.87,16.08,32.68,1.1
2023-04-24 07:00,4,7,Weekday,Spring,No,137.99,12.38,2.8,48.25,70.4,1.1
2023-04-24 08:00,4,8,Weekday,Spring,Yes,133.52,17.82,1.14,48.25,62.05,1.1
2023-04-24 09:00,4,9,Weekday,Spring,Yes,137.26,24.51,0.09,48.25,60.13,1.1
2023-04-24 10:00,4,10,Weekday,Spring,Yes,145.94,31.31,0.0,48.25,62.05,2.19
2023-04-24 11:00,4,11,Weekday,Spring,Yes,149.59,35.47,0.0,48.25,61.51,2.19
2023-04-24 12:00,4,12,Weekday,Spring,Yes,157.05,40.46,0.0,48.25,63.66,1.1
2023-04-24 13:00,4,13,Weekday,Spring,Yes,158.37,45.14,0.0,48.25,60.13,1.1
2023-04-24 14:00,4,14,Weekday,Spring,Yes,164.34,50.57,0.0,48.25,60.13,1.1
2023-04-24 15:00,4,15,Weekday,Spring,Yes,172.6,55.2,0.0,48.25,63.02,2.19
2023-04-24 16:00,4,16,Weekday,Spring,Yes,161.08,54.76,0.0,37.53,62.79,1.1
2023-04-24 17:00,4,17,Weekday,Spring,Yes,112.13,44.84,0.0,26.8,36.02,1.1
2023-04-24 18:00,4,18,Weekday,Spring,No,105.55,38.85,0.0,26.8,33.45,0.02
2023-04-24 19:00,4,19,Weekday,Spring,No,97.06,34.31,0.0,16.08,28.09,1.1
2023-04-24 20:00,4,20,Weekday,Spring,No,92.0,30.43,0.11,16.08,26.8,0.02
2023-04-24 21:00,4,21,Weekday,Spring,No,41.62,0.0,0.0,5.36,21.44,1.1
2023-04-24 22:00,4,22,Weekday,Spring,No,38.94,0.0,0.0,2.68,21.44,0.02
2023-04-24 23:00,4,23,Weekday,Spring,No,38.94,0.0,0.0,2.68,21.44,0.02
2023-04-25 00:00,4,0,Weekday,Spring,No,38.94,0.0,0.0,2.68,21.44,1.1
2023-04-25 01:00,4,1,Weekday,Spring,No,38.94,0.0,0.0,2.68,21.44,0.02
2023-04-25 02:00,4,2,Weekday,Spring,No,38.94,0.0,0.0,2.68,21.44,0.02
2023-04-25 03:00,4,3,Weekday,Spring,No,38.94,0.0,0.0,2.68,21.44,1.1
2023-04-25 04:00,4,4,Weekday,Spring,No,41.62,0.0,0.0,5.36,21.44,0.02
2023-04-25 05:00,4,5,Weekday,Spring,No,59.85,6.89,12.36,5.36,21.44,1.1
2023-04-25 06:00,4,6,Weekday,Spring,No,70.82,10.63,7.65,16.08,32.68,0.02
2023-04-25 07:00,4,7,Weekday,Spring,No,140.93,16.39,1.7,48.25,70.4,1.1
2023-04-25 08:00,4,8,Weekday,Spring,Yes,138.63,23.76,0.22,48.25,62.05,2.19
2023-04-25 09:00,4,9,Weekday,Spring,Yes,145.82,32.92,0.0,48.25,60.13,1.1
2023-04-25 10:00,4,10,Weekday,Spring,Yes,156.31,41.09,0.0,48.25,62.05,1.1
2023-04-25 11:00,4,11,Weekday,Spring,Yes,159.6,44.87,0.0,48.25,61.51,2.19
2023-04-25 12:00,4,12,Weekday,Spring,Yes,169.88,52.17,0.0,48.25,63.66,2.19
2023-04-25 13:00,4,13,Weekday,Spring,Yes,169.02,54.89,0.0,48.25,60.13,1.1
2023-04-25 14:00,4,14,Weekday,Spring,Yes,171.23,56.96,0.0,48.25,60.13,1.1
2023-04-25 15:00,4,15,Weekday,Spring,Yes,176.31,58.84,0.0,48.25,63.02,1.1
2023-04-25 16:00,4,16,Weekday,Spring,Yes,162.51,56.41,0.0,37.53,62.79,1.1
2023-04-25 17:00,4,17,Weekday,Spring,Yes,110.26,43.33,0.0,26.8,36.02,1.1
2023-04-25 18:00,4,18,Weekday,Spring,No,104.43,37.81,0.0,26.8,33.45,1.1
2023-04-25 19:00,4,19,Weekday,Spring,No,95.58,32.83,0.0,16.08,28.09,0.02
2023-04-25 20:00,4,20,Weekday,Spring,No,89.59,27.91,0.22,16.08,26.8,1.1
2023-04-25 21:00,4,21,Weekday,Spring,No,41.62,0.0,0.0,5.36,21.44,0.02
2023-04-25 22:00,4,22,Weekday,Spring,No,38.94,0.0,0.0,2.68,21.44,0.02
2023-04-25 23:00,4,23,Weekday,Spring,No,38.94,0.0,0.0,2.68,21.44,1.1
2023-04-26 00:00,4,0,Weekday,Spring,No,38.94,0.0,0.0,2.68,21.44,0.02
2023-04-26 01:00,4,1,Weekday,Spring,No,38.94,0.0,0.0,2.68,21.44,1.1
2023-04-26 02:00,4,2,Weekday,Spring,No,38.94,0.0,0.0,2.68,21.44,0.02
2023-04-26 03:00,4,3,Weekday,Spring,No,38.94,0.0,0.0,2.68,21.44,0.02
2023-04-26 04:00,4,4,Weekday,Spring,No,41.62,0.0,0.0,5.36,21.44,1.1
2023-04-26 05:00,4,5,Weekday,Spring,No,56.74,7.02,9.12,5.36,21.44,0.02
2023-04-26 06:00,4,6,Weekday,Spring,No,70.38,11.97,5.88,16.08,32.68,1.1
2023-04-26 07:00,4,7,Weekday,Spring,No,145.0,20.32,1.49,48.25,70.4,1.1
2023-04-26 08:00,4,8,Weekday,Spring,Yes,142.37,27.16,0.21,48.25,62.05,1.1
2023-04-26 09:00,4,9,Weekday,Spring,Yes,145.84,32.78,0.0,48.25,60.13,1.1
2023-04-26 10:00,4,10,Weekday,Spring,Yes,153.59,38.43,0.0,48.25,62.05,2.19
2023-04-26 11:00,4,11,Weekday,Spring,Yes,154.86,40.39,0.0,48.25,61.51,1.1
2023-04-26 12:00,4,12,Weekday,Spring,Yes,164.38,47.13,0.0,48.25,63.66,2.19
2023-04-26 13:00,4,13,Weekday,Spring,Yes,165.13,51.28,0.0,48.25,60.13,1.1
2023-04-26 14:00,4,14,Weekday,Spring,Yes,169.46,55.17,0.0,48.25,60.13,1.1
2023-04-26 15:00,4,15,Weekday,Spring,Yes,175.76,57.98,0.0,48.25,63.02,2.19
2023-04-26 16:00,4,16,Weekday,Spring,Yes,162.76,56.18,0.0,37.53,62.79,1.1
2023-04-26 17:00,4,17,Weekday,Spring,Yes,111.38,44.12,0.0,26.8,36.02,0.02
2023-04-26 18:00,4,18,Weekday,Spring,No,104.53,37.84,0.0,26.8,33.45,1.1
2023-04-26 19:00,4,19,Weekday,Spring,No,96.01,33.26,0.0,16.08,28.09,1.1
2023-04-26 20:00,4,20,Weekday,Spring,No,91.38,29.9,0.02,16.08,26.8,0.02
2023-04-26 21:00,4,21,Weekday,Spring,No,41.62,0.0,0.0,5.36,21.44,0.02
2023-04-26 22:00,4,22,Weekday,Spring,No,38.94,0.0,0.0,2.68,21.44,1.1
2023-04-26 23:00,4,23,Weekday,Spring,No,38.94,0.0,0.0,2.68,21.44,0.02
2023-04-27 00:00,4,0,Weekday,Spring,No,38.94,0.0,0.0,2.68,21.44,1.1
2023-04-27 01:00,4,1,Weekday,Spring,No,38.94,0.0,0.0,2.68,21.44,0.02
2023-04-27 02:00,4,2,Weekday,Spring,No,38.94,0.0,0.0,2.68,21.44,0.02
2023-04-27 03:00,4,3,Weekday,Spring,No,38.94,0.0,0.0,2.68,21.44,1.1
2023-04-27 04:00,4,4,Weekday,Spring,No,41.62,0.0,0.0,5.36,21.44,0.02
2023-04-27 05:00,4,5,Weekday,Spring,No,58.13,14.01,3.47,5.36,21.44,0.02
2023-04-27 06:00,4,6,Weekday,Spring,No,70.74,14.95,3.25,16.08,32.68,1.1
2023-04-27 07:00,4,7,Weekday,Spring,No,141.33,18.11,0.28,48.25,70.4,1.1
2023-04-27 08:00,4,8,Weekday,Spring,Yes,137.46,22.8,0.0,48.25,62.05,1.1
2023-04-27 09:00,4,9,Weekday,Spring,Yes,143.81,30.81,0.0,48.25,60.13,2.19
2023-04-27 10:00,4,10,Weekday,Spring,Yes,154.82,39.46,0.0,48.25,62.05,1.1
2023-04-27 11:00,4,11,Weekday,Spring,Yes,156.49,41.8,0.0,48.25,61.51,2.19
2023-04-27 12:00,4,12,Weekday,Spring,Yes,165.5,48.01,0.0,48.25,63.66,1.1
2023-04-27 13:00,4,13,Weekday,Spring,Yes,165.13,51.11,0.0,48.25,60.13,1.1
2023-04-27 14:00,4,14,Weekday,Spring,Yes,168.09,53.75,0.0,48.25,60.13,2.19
2023-04-27 15:00,4,15,Weekday,Spring,Yes,172.77,55.13,0.0,48.25,63.02,1.1
2023-04-27 16:00,4,16,Weekday,Spring,Yes,159.37,52.9,0.0,37.53,62.79,1.1
2023-04-27 17:00,4,17,Weekday,Spring,Yes,107.53,40.43,0.0,26.8,36.02,1.1
2023-04-27 18:00,4,18,Weekday,Spring,No,101.59,34.95,0.0,26.8,33.45,0.02
2023-04-27 19:00,4,19,Weekday,Spring,No,93.23,30.48,0.0,16.08,28.09,1.1
2023-04-27 20:00,4,20,Weekday,Spring,No,88.2,26.63,0.11,16.08,26.8,0.02
2023-04-27 21:00,4,21,Weekday,Spring,No,41.62,0.0,0.0,5.36,21.44,1.1
2023-04-27 22:00,4,22,Weekday,Spring,No,38.94,0.0,0.0,2.68,21.44,0.02
2023-04-27 23:00,4,23,Weekday,Spring,No,38.94,0.0,0.0,2.68,21.44,0.02
2023-04-28 00:00,4,0,Weekday,Spring,No,38.94,0.0,0.0,2.68,21.44,1.1
2023-04-28 01:00,4,1,Weekday,Spring,No,38.94,0.0,0.0,2.68,21.44,0.02
2023-04-28 02:00,4,2,Weekday,Spring,No,38.94,0.0,0.0,2.68,21.44,0.02
2023-04-28 03:00,4,3,Weekday,Spring,No,38.94,0.0,0.0,2.68,21.44,1.1
2023-04-28 04:00,4,4,Weekday,Spring,No,41.62,0.0,0.0,5.36,21.44,0.02
2023-04-28 05:00,4,5,Weekday,Spring,No,55.51,4.53,10.37,5.36,21.44,1.1
2023-04-28 06:00,4,6,Weekday,Spring,No,67.44,8.05,6.86,16.08,32.68,0.02
2023-04-28 07:00,4,7,Weekday,Spring,No,137.64,12.69,1.93,48.25,70.4,1.1
2023-04-28 08:00,4,8,Weekday,Spring,Yes,133.07,17.65,0.59,48.25,62.05,2.19
2023-04-28 09:00,4,9,Weekday,Spring,Yes,137.14,24.15,0.0,48.25,60.13,1.1
2023-04-28 10:00,4,10,Weekday,Spring,Yes,147.67,32.57,0.0,48.25,62.05,1.1
2023-04-28 11:00,4,11,Weekday,Spring,Yes,152.07,37.59,0.0,48.25,61.51,2.19
2023-04-28 12:00,4,12,Weekday,Spring,Yes,161.24,44.0,0.0,48.25,63.66,1.1
2023-04-28 13:00,4,13,Weekday,Spring,Yes,161.23,47.39,0.0,48.25,60.13,2.19
2023-04-28 14:00,4,14,Weekday,Spring,Yes,166.19,51.85,0.0,48.25,60.13,1.1
2023-04-28 15:00,4,15,Weekday,Spring,Yes,173.43,55.6,0.0,48.25,63.02,1.1
2023-04-28 16:00,4,16,Weekday,Spring,Yes,160.41,54.0,0.0,37.53,62.79,1.1
2023-04-28 17:00,4,17,Weekday,Spring,Yes,109.77,42.6,0.0,26.8,36.02,1.1
2023-04-28 18:00,4,18,Weekday,Spring,No,102.53,35.84,0.0,26.8,33.45,0.02
2023-04-28 19:00,4,19,Weekday,Spring,No,92.83,30.06,0.0,16.08,28.09,1.1
2023-04-28 20:00,4,20,Weekday,Spring,No,87.78,26.01,0.31,16.08,26.8,0.02
2023-04-28 21:00,4,21,Weekday,Spring,No,41.62,0.0,0.0,5.36,21.44,1.1
2023-04-28 22:00,4,22,Weekday,Spring,No,38.94,0.0,0.0,2.68,21.44,0.02
2023-04-28 23:00,4,23,Weekday,Spring,No,38.94,0.0,0.0,2.68,21.44,0.02
2023-04-29 00:00,4,0,Weekend,Spring,No,33.58,0.0,0.0,2.68,16.08,1.1
2023-04-29 01:00,4,1,Weekend,Spring,No,33.58,0.0,0.0,2.68,16.08,0.02
2023-04-29 02:00,4,2,Weekend,Spring,No,33.58,0.0,0.0,2.68,16.08,1.1
2023-04-29 03:00,4,3,Weekend,Spring,No,33.58,0.0,0.0,2.68,16.08,0.02
2023-04-29 04:00,4,4,Weekend,Spring,No,33.58,0.0,0.0,2.68,16.08,0.02
2023-04-29 05:00,4,5,Weekend,Spring,No,58.34,5.57,12.2,5.36,21.44,1.1
2023-04-29 06:00,4,6,Weekend,Spring,No,52.67,8.41,8.55,5.36,26.58,0.02
2023-04-29 07:00,4,7,Weekend,Spring,No,78.04,11.39,4.7,26.8,31.3,1.1
2023-04-29 08:00,4,8,Weekend,Spring,No,83.69,15.91,3.39,26.8,33.55,1.1
2023-04-29 09:00,4,9,Weekend,Spring,No,87.35,21.82,2.08,26.8,32.58,0.02
2023-04-29 10:00,4,10,Weekend,Spring,No,93.49,27.08,0.85,26.8,34.83,1.1
2023-04-29 11:00,4,11,Weekend,Spring,No,94.59,30.3,0.11,26.8,33.55,1.1
2023-04-29 12:00,4,12,Weekend,Spring,No,95.72,33.97,0.0,26.8,30.98,1.1
2023-04-29 13:00,4,13,Weekend,Spring,No,69.67,36.38,0.0,8.04,21.33,0.02
2023-04-29 14:00,4,14,Weekend,Spring,No,69.87,37.91,0.0,8.04,20.05,1.1
2023-04-29 15:00,4,15,Weekend,Spring,No,72.63,40.19,0.0,8.04,20.37,0.02
2023-04-29 16:00,4,16,Weekend,Spring,No,67.04,42.15,0.0,2.68,18.01,1.1
2023-04-29 17:00,4,17,Weekend,Spring,No,47.89,26.25,0.0,2.68,16.08,0.02
2023-04-29 18:00,4,18,Weekend,Spring,No,45.89,22.15,0.0,2.68,16.08,1.1
2023-04-29 19:00,4,19,Weekend,Spring,No,39.38,5.24,0.0,2.68,16.08,0.02
2023-04-29 20:00,4,20,Weekend,Spring,No,33.58,0.0,0.0,2.68,16.08,0.02
2023-04-29 21:00,4,21,Weekend,Spring,No,33.58,0.0,0.0,2.68,16.08,1.1
2023-04-29 22:00,4,22,Weekend,Spring,No,33.58,0.0,0.0,2.68,16.08,0.02
2023-04-29 23:00,4,23,Weekend,Spring,No,33.58,0.0,0.0,2.68,16.08,0.02
2023-04-30 00:00,4,0,Weekend,Spring,No,33.58,0.0,0.0,2.68,16.08,1.1
2023-04-30 01:00,4,1,Weekend,Spring,No,33.58,0.0,0.0,2.68,16.08,0.02
2023-04-30 02:00,4,2,Weekend,Spring,No,33.58,0.0,0.0,2.68,16.08,0.02
2023-04-30 03:00,4,3,Weekend,Spring,No,33.58,0.0,0.0,2.68,16.08,1.1
2023-04-30 04:00,4,4,Weekend,Spring,No,33.58,0.0,0.0,2.68,16.08,0.02
2023-04-30 05:00,4,5,Weekend,Spring,No,28.64,0.0,0.0,2.68,16.08,1.1
2023-04-30 06:00,4,6,Weekend,Spring,No,18.77,0.0,0.0,2.68,16.08,0.02
2023-04-30 07:00,4,7,Weekend,Spring,No,27.95,7.09,0.0,2.68,16.08,0.02
2023-04-30 08:00,4,8,Weekend,Spring,No,35.53,13.85,0.0,2.68,16.08,0.19
2023-04-30 09:00,4,9,Weekend,Spring,No,38.78,17.31,0.0,2.68,16.08,0.93
2023-04-30 10:00,4,10,Weekend,Spring,No,42.27,20.68,0.0,2.68,16.08,0.02
2023-04-30 11:00,4,11,Weekend,Spring,No,32.54,12.24,0.0,2.68,16.08,1.1
2023-04-30 12:00,4,12,Weekend,Spring,No,32.38,12.29,0.0,2.68,16.08,0.02
2023-04-30 13:00,4,13,Weekend,Spring,No,37.4,16.89,0.0,2.68,16.08,0.02
2023-04-30 14:00,4,14,Weekend,Spring,No,50.06,28.41,0.0,2.68,16.08,1.1
2023-04-30 15:00,4,15,Weekend,Spring,No,48.06,26.58,0.0,2.68,16.08,0.02
2023-04-30 16:00,4,16,Weekend,Spring,No,51.08,29.33,0.0,2.68,16.08,0.02
2023-04-30 17:00,4,17,Weekend,Spring,No,47.51,26.02,0.0,2.68,16.08,1.1
2023-04-30 18:00,4,18,Weekend,Spring,No,49.71,25.71,0.0,2.68,16.08,0.02
2023-04-30 19:00,4,19,Weekend,Spring,No,38.68,4.65,0.0,2.68,16.08,0.02
2023-04-30 20:00,4,20,Weekend,Spring,No,36.02,2.22,0.0,2.68,16.08,1.1
2023-04-30 21:00,4,21,Weekend,Spring,No,33.58,0.0,0.0,2.68,16.08,0.02
2023-04-30 22:00,4,22,Weekend,Spring,No,33.58,0.0,0.0,2.68,16.08,0.02
2023-04-30 23:00,4,23,Weekend,Spring,No,33.58,0.0,0.0,2.68,16.08,1.1
2023-05-01 00:00,5,0,Weekday,Spring,No,38.94,0.0,0.0,2.68,21.44,0.02
2023-05-01 01:00,5,1,Weekday,Spring,No,38.94,0.0,0.0,2.68,21.44,0.02
2023-05-01 02:00,5,2,Weekday,Spring,No,38.94,0.0,0.0,2.68,21.44,1.1
2023-05-01 03:00,5,3,Weekday,Spring,No,38.94,0.0,0.0,2.68,21.44,0.02
2023-05-01 04:00,5,4,Weekday,Spring,No,41.62,0.0,0.0,5.36,21.44,1.1
2023-05-01 05:00,5,5,Weekday,Spring,No,55.99,2.84,12.62,5.36,21.44,0.02
2023-05-01 06:00,5,6,Weekday,Spring,No,64.74,3.11,9.09,16.08,32.68,1.1
2023-05-01 07:00,5,7,Weekday,Spring,No,131.63,6.37,2.53,48.25,70.4,1.1
2023-05-01 08:00,5,8,Weekday,Spring,Yes,126.23,10.8,1.17,48.25,62.05,1.1
2023-05-01 09:00,5,9,Weekday,Spring,Yes,128.95,16.31,0.18,48.25,60.13,1.1
2023-05-01 10:00,5,10,Weekday,Spring,Yes,133.65,19.24,0.0,48.25,62.05,1.1
2023-05-01 11:00,5,11,Weekday,Spring,Yes,136.56,22.66,0.0,48.25,61.51,2.19
2023-05-01 12:00,5,12,Weekday,Spring,Yes,145.43,29.14,0.0,48.25,63.66,2.19
2023-05-01 13:00,5,13,Weekday,Spring,Yes,145.96,33.13,0.0,48.25,60.13,1.1
2023-05-01 14:00,5,14,Weekday,Spring,Yes,146.48,33.54,0.0,48.25,60.13,1.1
2023-05-01 15:00,5,15,Weekday,Spring,Yes,152.68,36.36,0.0,48.25,63.02,1.1
2023-05-01 16:00,5,16,Weekday,Spring,Yes,140.02,34.61,0.0,37.53,62.79,1.1
2023-05-01 17:00,5,17,Weekday,Spring,Yes,93.87,27.0,0.0,26.8,36.02,1.1
2023-05-01 18:00,5,18,Weekday,Spring,No,87.72,21.19,0.0,26.8,33.45,0.02
2023-05-01 19:00,5,19,Weekday,Spring,No,79.41,15.99,0.67,16.08,28.09,1.1
2023-05-01 20:00,5,20,Weekday,Spring,No,76.85,12.7,2.69,16.08,26.8,1.1
2023-05-01 21:00,5,21,Weekday,Spring,No,41.62,0.0,0.0,5.36,21.44,0.02
2023-05-01 22:00,5,22,Weekday,Spring,No,38.94,0.0,0.0,2.68,21.44,0.02
2023-05-01 23:00,5,23,Weekday,Spring,No,38.94,0.0,0.0,2.68,21.44,1.1
2023-05-02 00:00,5,0,Weekday,Spring,No,38.94,0.0,0.0,2.68,21.44,0.02
2023-05-02 01:00,5,1,Weekday,Spring,No,38.94,0.0,0.0,2.68,21.44,0.02
2023-05-02 02:00,5,2,Weekday,Spring,No,38.94,0.0,0.0,2.68,21.44,1.1
2023-05-02 03:00,5,3,Weekday,Spring,No,38.94,0.0,0.0,2.68,21.44,0.02
2023-05-02 04:00,5,4,Weekday,Spring,No,41.62,0.0,0.0,5.36,21.44,0.02
2023-05-02 05:00,5,5,Weekday,Spring,No,61.03,2.61,17.91,5.36,21.44,1.1
2023-05-02 06:00,5,6,Weekday,Spring,No,72.87,1.17,19.17,16.08,32.68,0.02
2023-05-02 07:00,5,7,Weekday,Spring,No,131.72,4.58,4.36,48.25,70.4,2.19
2023-05-02 08:00,5,8,Weekday,Spring,Yes,126.31,10.37,1.68,48.25,62.05,1.1
2023-05-02 09:00,5,9,Weekday,Spring,Yes,124.92,11.89,0.72,48.25,60.13,1.1
2023-05-02 10:00,5,10,Weekday,Spring,Yes,126.9,12.25,0.31,48.25,62.05,1.1
2023-05-02 11:00,5,11,Weekday,Spring,Yes,128.18,14.03,0.26,48.25,61.51,2.19
2023-05-02 12:00,5,12,Weekday,Spring,Yes,130.45,14.36,0.0,48.25,63.66,1.1
2023-05-02 13:00,5,13,Weekday,Spring,Yes,127.91,15.44,0.0,48.25,60.13,2.19
2023-05-02 14:00,5,14,Weekday,Spring,Yes,127.72,15.23,0.0,48.25,60.13,1.1
2023-05-02 15:00,5,15,Weekday,Spring,Yes,128.54,13.01,0.0,48.25,63.02,1.1
2023-05-02 16:00,5,16,Weekday,Spring,Yes,119.56,14.89,0.0,37.53,62.79,1.1
2023-05-02 17:00,5,17,Weekday,Spring,Yes,82.37,15.68,0.08,26.8,36.02,1.1
2023-05-02 18:00,5,18,Weekday,Spring,No,80.73,12.84,1.41,26.8,33.45,0.02
2023-05-02 19:00,5,19,Weekday,Spring,No,76.63,8.77,5.11,16.08,28.09,1.1
2023-05-02 20:00,5,20,Weekday,Spring,No,78.12,5.48,11.19,16.08,26.8,0.02
2023-05-02 21:00,5,21,Weekday,Spring,No,41.62,0.0,0.0,5.36,21.44,1.1
2023-05-02 22:00,5,22,Weekday,Spring,No,38.94,0.0,0.0,2.68,21.44,0.02
2023-05-02 23:00,5,23,Weekday,Spring,No,38.94,0.0,0.0,2.68,21.44,0.02
2023-05-03 00:00,5,0,Weekday,Spring,No,38.94,0.0,0.0,2.68,21.44,1.1
2023-05-03 01:00,5,1,Weekday,Spring,No,38.94,0.0,0.0,2.68,21.44,0.02
2023-05-03 02:00,5,2,Weekday,Spring,No,38.94,0.0,0.0,2.68,21.44,0.02
2023-05-03 03:00,5,3,Weekday,Spring,No,38.94,0.0,0.0,2.68,21.44,1.1
2023-05-03 04:00,5,4,Weekday,Spring,No,41.62,0.0,0.0,5.36,21.44,0.02
2023-05-03 05:00,5,5,Weekday,Spring,No,79.42,0.0,38.95,5.36,21.44,1.1
2023-05-03 06:00,5,6,Weekday,Spring,No,79.57,0.0,27.04,16.08,32.68,0.02
2023-05-03 07:00,5,7,Weekday,Spring,No,136.93,5.7,8.48,48.25,70.4,1.1
2023-05-03 08:00,5,8,Weekday,Spring,Yes,131.78,13.4,4.0,48.25,62.05,1.1
2023-05-03 09:00,5,9,Weekday,Spring,Yes,134.39,20.08,1.79,48.25,60.13,2.19
2023-05-03 10:00,5,10,Weekday,Spring,Yes,143.07,28.09,0.5,48.25,62.05,1.1
2023-05-03 11:00,5,11,Weekday,Spring,Yes,146.22,32.05,0.24,48.25,61.51,2.19
2023-05-03 12:00,5,12,Weekday,Spring,Yes,152.08,35.8,0.0,48.25,63.66,1.1
2023-05-03 13:00,5,13,Weekday,Spring,Yes,150.28,37.57,0.0,48.25,60.13,1.1
2023-05-03 14:00,5,14,Weekday,Spring,Yes,154.62,41.62,0.0,48.25,60.13,1.1
2023-05-03 15:00,5,15,Weekday,Spring,Yes,162.15,45.64,0.0,48.25,63.02,1.1
2023-05-03 16:00,5,16,Weekday,Spring,Yes,150.04,44.6,0.0,37.53,62.79,1.1
2023-05-03 17:00,5,17,Weekday,Spring,Yes,104.5,37.63,0.0,26.8,36.02,1.1
2023-05-03 18:00,5,18,Weekday,Spring,No,97.16,33.12,0.0,26.8,33.45,1.1
2023-05-03 19:00,5,19,Weekday,Spring,No,92.38,29.61,0.02,16.08,28.09,0.02
2023-05-03 20:00,5,20,Weekday,Spring,No,88.06,26.03,0.57,16.08,26.8,1.1
2023-05-03 21:00,5,21,Weekday,Spring,No,41.62,0.0,0.0,5.36,21.44,0.02
2023-05-03 22:00,5,22,Weekday,Spring,No,38.94,0.0,0.0,2.68,21.44,1.1
2023-05-03 23:00,5,23,Weekday,Spring,No,38.94,0.0,0.0,2.68,21.44,0.02
2023-05-04 00:00,5,0,Weekday,Spring,No,38.94,0.0,0.0,2.68,21.44,0.02
2023-05-04 01:00,5,1,Weekday,Spring,No,38.94,0.0,0.0,2.68,21.44,1.1
2023-05-04 02:00,5,2,Weekday,Spring,No,38.94,0.0,0.0,2.68,21.44,0.02
2023-05-04 03:00,5,3,Weekday,Spring,No,38.94,0.0,0.0,2.68,21.44,0.02
2023-05-04 04:00,5,4,Weekday,Spring,No,41.62,0.0,0.0,5.36,21.44,1.1
2023-05-04 05:00,5,5,Weekday,Spring,No,59.37,7.18,14.13,5.36,21.44,0.02
2023-05-04 06:00,5,6,Weekday,Spring,No,73.9,13.24,8.13,16.08,32.68,1.1
2023-05-04 07:00,5,7,Weekday,Spring,No,148.37,23.27,1.97,48.25,70.4,1.1
2023-05-04 08:00,5,8,Weekday,Spring,Yes,146.28,31.06,0.33,48.25,62.05,1.1
2023-05-04 09:00,5,9,Weekday,Spring,Yes,148.53,35.58,0.0,48.25,60.13,1.1
2023-05-04 10:00,5,10,Weekday,Spring,Yes,153.73,38.77,0.0,48.25,62.05,1.1
2023-05-04 11:00,5,11,Weekday,Spring,Yes,155.53,41.19,0.0,48.25,61.51,2.19
2023-05-04 12:00,5,12,Weekday,Spring,Yes,163.94,46.97,0.0,48.25,63.66,2.19
2023-05-04 13:00,5,13,Weekday,Spring,Yes,163.05,49.42,0.0,48.25,60.13,1.1
2023-05-04 14:00,5,14,Weekday,Spring,Yes,169.57,55.27,0.0,48.25,60.13,1.1
2023-05-04 15:00,5,15,Weekday,Spring,Yes,177.95,60.26,0.0,48.25,63.02,1.1
2023-05-04 16:00,5,16,Weekday,Spring,Yes,161.68,55.63,0.0,37.53,62.79,1.1
2023-05-04 17:00,5,17,Weekday,Spring,Yes,107.75,40.85,0.0,26.8,36.02,1.1
2023-05-04 18:00,5,18,Weekday,Spring,No,96.99,32.85,0.0,26.8,33.45,0.02
2023-05-04 19:00,5,19,Weekday,Spring,No,91.05,28.31,0.0,16.08,28.09,1.1
2023-05-04 20:00,5,20,Weekday,Spring,No,87.24,25.59,0.18,16.08,26.8,0.02
2023-05-04 21:00,5,21,Weekday,Spring,No,41.62,0.0,0.0,5.36,21.44,1.1
2023-05-04 22:00,5,22,Weekday,Spring,No,38.94,0.0,0.0,2.68,21.44,0.02
2023-05-04 23:00,5,23,Weekday,Spring,No,38.94,0.0,0.0,2.68,21.44,0.02
2023-05-05 00:00,5,0,Weekday,Spring,No,38.94,0.0,0.0,2.68,21.44,1.1
2023-05-05 01:00,5,1,Weekday,Spring,No,38.94,0.0,0.0,2.68,21.44,0.02
2023-05-05 02:00,5,2,Weekday,Spring,No,38.94,0.0,0.0,2.68,21.44,0.02
2023-05-05 03:00,5,3,Weekday,Spring,No,38.94,0.0,0.0,2.68,21.44,1.1
2023-05-05 04:00,5,4,Weekday,Spring,No,41.62,0.0,0.0,5.36,21.44,0.02
2023-05-05 05:00,5,5,Weekday,Spring,No,55.96,12.1,5.7,5.36,21.44,1.1
2023-05-05 06:00,5,6,Weekday,Spring,No,70.76,13.57,4.66,16.08,32.68,0.02
2023-05-05 07:00,5,7,Weekday,Spring,No,146.03,22.05,0.81,48.25,70.4,1.1
2023-05-05 08:00,5,8,Weekday,Spring,Yes,145.79,30.76,0.0,48.25,62.05,1.1
2023-05-05 09:00,5,9,Weekday,Spring,Yes,149.41,36.25,0.0,48.25,60.13,2.19
2023-05-05 10:00,5,10,Weekday,Spring,Yes,156.7,41.29,0.0,48.25,62.05,1.1
2023-05-05 11:00,5,11,Weekday,Spring,Yes,157.9,43.21,0.0,48.25,61.51,2.19
2023-05-05 12:00,5,12,Weekday,Spring,Yes,168.1,50.47,0.0,48.25,63.66,1.1
2023-05-05 13:00,5,13,Weekday,Spring,Yes,168.96,54.68,0.0,48.25,60.13,1.1
2023-05-05 14:00,5,14,Weekday,Spring,Yes,174.85,59.9,0.0,48.25,60.13,1.1
2023-05-05 15:00,5,15,Weekday,Spring,Yes,182.0,63.52,0.0,48.25,63.02,1.1
2023-05-05 16:00,5,16,Weekday,Spring,Yes,167.76,60.7,0.0,37.53,62.79,1.1
2023-05-05 17:00,5,17,Weekday,Spring,Yes,116.73,49.13,0.0,26.8,36.02,1.1
2023-05-05 18:00,5,18,Weekday,Spring,No,106.9,42.45,0.0,26.8,33.45,1.1
2023-05-05 19:00,5,19,Weekday,Spring,No,98.7,35.9,0.0,16.08,28.09,0.02
2023-05-05 20:00,5,20,Weekday,Spring,No,93.32,31.86,0.0,16.08,26.8,1.1
2023-05-05 21:00,5,21,Weekday,Spring,No,41.62,0.0,0.0,5.36,21.44,0.02
2023-05-05 22:00,5,22,Weekday,Spring,No,38.94,0.0,0.0,2.68,21.44,0.02
2023-05-05 23:00,5,23,Weekday,Spring,No,38.94,0.0,0.0,2.68,21.44,1.1
2023-05-06 00:00,5,0,Weekend,Spring,No,33.58,0.0,0.0,2.68,16.08,0.02
2023-05-06 01:00,5,1,Weekend,Spring,No,33.58,0.0,0.0,2.68,16.08,0.02
2023-05-06 02:00,5,2,Weekend,Spring,No,33.58,0.0,0.0,2.68,16.08,1.1
2023-05-06 03:00,5,3,Weekend,Spring,No,33.58,0.0,0.0,2.68,16.08,0.02
2023-05-06 04:00,5,4,Weekend,Spring,No,33.58,0.0,0.0,2.68,16.08,1.1
2023-05-06 05:00,5,5,Weekend,Spring,No,56.82,15.04,3.62,5.36,21.44,0.02
2023-05-06 06:00,5,6,Weekend,Spring,No,57.85,18.71,3.43,5.36,26.58,0.02
2023-05-06 07:00,5,7,Weekend,Spring,No,89.78,25.99,1.68,26.8,31.3,1.1
2023-05-06 08:00,5,8,Weekend,Spring,No,96.9,31.74,0.65,26.8,33.55,1.1
2023-05-06 09:00,5,9,Weekend,Spring,No,97.38,33.75,0.08,26.8,32.58,0.02
2023-05-06 10:00,5,10,Weekend,Spring,No,100.42,34.79,0.0,26.8,34.83,1.1
2023-05-06 11:00,5,11,Weekend,Spring,No,101.42,37.17,0.0,26.8,33.55,1.1
2023-05-06 12:00,5,12,Weekend,Spring,No,102.76,40.97,0.0,26.8,30.98,1.1
2023-05-06 13:00,5,13,Weekend,Spring,No,75.06,41.74,0.0,8.04,21.33,0.02
2023-05-06 14:00,5,14,Weekend,Spring,No,74.3,42.29,0.0,8.04,20.05,1.1
2023-05-06 15:00,5,15,Weekend,Spring,No,76.63,44.19,0.0,8.04,20.37,0.02
2023-05-06 16:00,5,16,Weekend,Spring,No,70.83,45.95,0.0,2.68,18.01,1.1
2023-05-06 17:00,5,17,Weekend,Spring,No,49.33,27.69,0.0,2.68,16.08,0.02
2023-05-06 18:00,5,18,Weekend,Spring,No,44.65,23.36,0.0,2.68,16.08,1.1
2023-05-06 19:00,5,19,Weekend,Spring,No,46.88,11.99,0.0,2.68,16.08,0.02
2023-05-06 20:00,5,20,Weekend,Spring,No,33.58,0.0,0.0,2.68,16.08,0.02
2023-05-06 21:00,5,21,Weekend,Spring,No,33.58,0.0,0.0,2.68,16.08,1.1
2023-05-06 22:00,5,22,Weekend,Spring,No,33.58,0.0,0.0,2.68,16.08,0.02
2023-05-06 23:00,5,23,Weekend,Spring,No,33.58,0.0,0.0,2.68,16.08,0.02
2023-05-07 00:00,5,0,Weekend,Spring,No,33.58,0.0,0.0,2.68,16.08,1.1
2023-05-07 01:00,5,1,Weekend,Spring,No,33.58,0.0,0.0,2.68,16.08,0.02
2023-05-07 02:00,5,2,Weekend,Spring,No,33.58,0.0,0.0,2.68,16.08,0.02
2023-05-07 03:00,5,3,Weekend,Spring,No,33.58,0.0,0.0,2.68,16.08,1.1
2023-05-07 04:00,5,4,Weekend,Spring,No,33.58,0.0,0.0,2.68,16.08,0.02
2023-05-07 05:00,5,5,Weekend,Spring,No,26.17,0.0,0.0,2.68,16.08,0.02
2023-05-07 06:00,5,6,Weekend,Spring,No,24.23,4.47,0.0,2.68,16.08,1.1
2023-05-07 07:00,5,7,Weekend,Spring,No,36.79,15.32,0.0,2.68,16.08,0.02
2023-05-07 08:00,5,8,Weekend,Spring,No,41.93,20.19,0.0,2.68,16.08,0.02
2023-05-07 09:00,5,9,Weekend,Spring,No,42.02,20.53,0.0,2.68,16.08,1.1
2023-05-07 10:00,5,10,Weekend,Spring,No,46.56,24.82,0.0,2.68,16.08,0.02
2023-05-07 11:00,5,11,Weekend,Spring,No,44.62,23.25,0.0,2.68,16.08,0.02
2023-05-07 12:00,5,12,Weekend,Spring,No,43.8,22.75,0.0,2.68,16.08,1.1
2023-05-07 13:00,5,13,Weekend,Spring,No,43.74,22.73,0.0,2.68,16.08,0.02
2023-05-07 14:00,5,14,Weekend,Spring,No,52.54,30.86,0.0,2.68,16.08,1.1
2023-05-07 15:00,5,15,Weekend,Spring,No,50.82,29.33,0.0,2.68,16.08,0.02
2023-05-07 16:00,5,16,Weekend,Spring,No,54.22,32.46,0.0,2.68,16.08,0.02
2023-05-07 17:00,5,17,Weekend,Spring,No,50.1,28.59,0.0,2.68,16.08,1.1
2023-05-07 18:00,5,18,Weekend,Spring,No,51.39,29.65,0.0,2.68,16.08,0.02
2023-05-07 19:00,5,19,Weekend,Spring,No,49.39,14.36,0.0,2.68,16.08,0.02
2023-05-07 20:00,5,20,Weekend,Spring,No,40.93,6.67,0.0,2.68,16.08,1.1
2023-05-07 21:00,5,21,Weekend,Spring,No,33.58,0.0,0.0,2.68,16.08,0.02
2023-05-07 22:00,5,22,Weekend,Spring,No,33.58,0.0,0.0,2.68,16.08,0.02
2023-05-07 23:00,5,23,Weekend,Spring,No,33.58,0.0,0.0,2.68,16.08,1.1
2023-05-08 00:00,5,0,Weekday,Spring,No,38.94,0.0,0.0,2.68,21.44,0.02
2023-05-08 01:00,5,1,Weekday,Spring,No,38.94,0.0,0.0,2.68,21.44,0.02
2023-05-08 02:00,5,2,Weekday,Spring,No,38.94,0.0,0.0,2.68,21.44,1.1
2023-05-08 03:00,5,3,Weekday,Spring,No,38.94,0.0,0.0,2.68,21.44,0.02
2023-05-08 04:00,5,4,Weekday,Spring,No,41.62,0.0,0.0,5.36,21.44,0.02
2023-05-08 05:00,5,5,Weekday,Spring,No,53.42,12.49,2.75,5.36,21.44,1.1
2023-05-08 06:00,5,6,Weekday,Spring,No,69.89,14.36,3.0,16.08,32.68,0.02
2023-05-08 07:00,5,7,Weekday,Spring,No,151.65,28.3,0.15,48.25,70.4,1.1
2023-05-08 08:00,5,8,Weekday,Spring,Yes,152.19,37.16,0.0,48.25,62.05,2.19
2023-05-08 09:00,5,9,Weekday,Spring,Yes,156.23,42.96,0.0,48.25,60.13,1.1
2023-05-08 10:00,5,10,Weekday,Spring,Yes,165.65,50.03,0.0,48.25,62.05,1.1
2023-05-08 11:00,5,11,Weekday,Spring,Yes,166.98,52.1,0.0,48.25,61.51,2.19
2023-05-08 12:00,5,12,Weekday,Spring,Yes,178.02,60.25,0.0,48.25,63.66,1.1
2023-05-08 13:00,5,13,Weekday,Spring,Yes,178.95,64.54,0.0,48.25,60.13,1.1
2023-05-08 14:00,5,14,Weekday,Spring,Yes,186.48,71.31,0.0,48.25,60.13,1.1
2023-05-08 15:00,5,15,Weekday,Spring,Yes,196.88,77.93,0.0,48.25,63.02,1.1
2023-05-08 16:00,5,16,Weekday,Spring,Yes,183.0,75.24,0.0,37.53,62.79,1.1
2023-05-08 17:00,5,17,Weekday,Spring,Yes,128.83,60.7,0.0,26.8,36.02,1.1
2023-05-08 18:00,5,18,Weekday,Spring,No,117.05,52.13,0.0,26.8,33.45,1.1
2023-05-08 19:00,5,19,Weekday,Spring,No,103.82,40.99,0.0,16.08,28.09,0.02
2023-05-08 20:00,5,20,Weekday,Spring,No,95.82,34.34,0.0,16.08,26.8,1.1
2023-05-08 21:00,5,21,Weekday,Spring,No,41.62,0.0,0.0,5.36,21.44,0.02
2023-05-08 22:00,5,22,Weekday,Spring,No,38.94,0.0,0.0,2.68,21.44,0.02
2023-05-08 23:00,5,23,Weekday,Spring,No,38.94,0.0,0.0,2.68,21.44,1.1
2023-05-09 00:00,5,0,Weekday,Spring,No,38.94,0.0,0.0,2.68,21.44,0.02
2023-05-09 01:00,5,1,Weekday,Spring,No,38.94,0.0,0.0,2.68,21.44,0.02
2023-05-09 02:00,5,2,Weekday,Spring,No,38.94,0.0,0.0,2.68,21.44,1.1
2023-05-09 03:00,5,3,Weekday,Spring,No,38.94,0.0,0.0,2.68,21.44,0.02
2023-05-09 04:00,5,4,Weekday,Spring,No,41.62,0.0,0.0,5.36,21.44,0.02
2023-05-09 05:00,5,5,Weekday,Spring,No,50.24,6.33,5.73,5.36,21.44,1.1
2023-05-09 06:00,5,6,Weekday,Spring,No,67.64,11.0,4.1,16.08,32.68,1.1
2023-05-09 07:00,5,7,Weekday,Spring,No,146.85,23.39,0.29,48.25,70.4,1.1
2023-05-09 08:00,5,8,Weekday,Spring,Yes,152.89,37.72,0.0,48.25,62.05,1.1
2023-05-09 09:00,5,9,Weekday,Spring,Yes,158.4,44.92,0.0,48.25,60.13,1.1
2023-05-09 10:00,5,10,Weekday,Spring,Yes,166.39,50.56,0.0,48.25,62.05,1.1
2023-05-09 11:00,5,11,Weekday,Spring,Yes,172.26,56.86,0.0,48.25,61.51,2.19
2023-05-09 12:00,5,12,Weekday,Spring,Yes,186.26,67.64,0.0,48.25,63.66,1.1
2023-05-09 13:00,5,13,Weekday,Spring,Yes,183.81,68.59,0.0,48.25,60.13,1.1
2023-05-09 14:00,5,14,Weekday,Spring,Yes,189.61,73.84,0.0,48.25,60.13,1.1
2023-05-09 15:00,5,15,Weekday,Spring,Yes,198.49,79.0,0.0,48.25,63.02,1.1
2023-05-09 16:00,5,16,Weekday,Spring,Yes,180.6,72.95,0.0,37.53,62.79,1.1
2023-05-09 17:00,5,17,Weekday,Spring,Yes,123.03,55.41,0.0,26.8,36.02,1.1
2023-05-09 18:00,5,18,Weekday,Spring,No,111.76,47.27,0.0,26.8,33.45,1.1
2023-05-09 19:00,5,19,Weekday,Spring,No,103.84,41.01,0.0,16.08,28.09,0.02
2023-05-09 20:00,5,20,Weekday,Spring,No,98.69,37.2,0.0,16.08,26.8,1.1
2023-05-09 21:00,5,21,Weekday,Spring,No,41.62,0.0,0.0,5.36,21.44,0.02
2023-05-09 22:00,5,22,Weekday,Spring,No,38.94,0.0,0.0,2.68,21.44,0.02
2023-05-09 23:00,5,23,Weekday,Spring,No,38.94,0.0,0.0,2.68,21.44,1.1
2023-05-10 00:00,5,0,Weekday,Spring,No,38.94,0.0,0.0,2.68,21.44,0.02
2023-05-10 01:00,5,1,Weekday,Spring,No,38.94,0.0,0.0,2.68,21.44,0.02
2023-05-10 02:00,5,2,Weekday,Spring,No,38.94,0.0,0.0,2.68,21.44,1.1
2023-05-10 03:00,5,3,Weekday,Spring,No,38.94,0.0,0.0,2.68,21.44,0.02
2023-05-10 04:00,5,4,Weekday,Spring,No,41.62,0.0,0.0,5.36,21.44,0.02
2023-05-10 05:00,5,5,Weekday,Spring,No,52.36,11.19,2.95,5.36,21.44,1.1
2023-05-10 06:00,5,6,Weekday,Spring,No,68.43,12.52,3.38,16.08,32.68,0.02
2023-05-10 07:00,5,7,Weekday,Spring,No,144.15,20.93,0.16,48.25,70.4,1.1
2023-05-10 08:00,5,8,Weekday,Spring,Yes,144.07,29.44,0.0,48.25,62.05,2.19
2023-05-10 09:00,5,9,Weekday,Spring,Yes,149.21,36.39,0.0,48.25,60.13,1.1
2023-05-10 10:00,5,10,Weekday,Spring,Yes,159.87,44.43,0.0,48.25,62.05,1.1
2023-05-10 11:00,5,11,Weekday,Spring,Yes,162.91,47.87,0.0,48.25,61.51,2.19
2023-05-10 12:00,5,12,Weekday,Spring,Yes,169.65,51.77,0.0,48.25,63.66,1.1
2023-05-10 13:00,5,13,Weekday,Spring,Yes,168.77,54.33,0.0,48.25,60.13,1.1
2023-05-10 14:00,5,14,Weekday,Spring,Yes,172.65,57.9,0.0,48.25,60.13,1.1
2023-05-10 15:00,5,15,Weekday,Spring,Yes,176.97,58.95,0.0,48.25,63.02,1.1
2023-05-10 16:00,5,16,Weekday,Spring,Yes,162.35,55.82,0.0,37.53,62.79,1.1
2023-05-10 17:00,5,17,Weekday,Spring,Yes,111.33,44.26,0.0,26.8,36.02,1.1
2023-05-10 18:00,5,18,Weekday,Spring,No,104.12,39.88,0.0,26.8,33.45,0.02
2023-05-10 19:00,5,19,Weekday,Spring,No,97.28,34.52,0.0,16.08,28.09,1.1
2023-05-10 20:00,5,20,Weekday,Spring,No,91.47,29.99,0.01,16.08,26.8,1.1
2023-05-10 21:00,5,21,Weekday,Spring,No,41.62,0.0,0.0,5.36,21.44,0.02
2023-05-10 22:00,5,22,Weekday,Spring,No,38.94,0.0,0.0,2.68,21.44,0.02
2023-05-10 23:00,5,23,Weekday,Spring,No,38.94,0.0,0.0,2.68,21.44,1.1
2023-05-11 00:00,5,0,Weekday,Spring,No,38.94,0.0,0.0,2.68,21.44,0.02
2023-05-11 01:00,5,1,Weekday,Spring,No,38.94,0.0,0.0,2.68,21.44,0.02
2023-05-11 02:00,5,2,Weekday,Spring,No,38.94,0.0,0.0,2.68,21.44,1.1
2023-05-11 03:00,5,3,Weekday,Spring,No,38.94,0.0,0.0,2.68,21.44,0.02
2023-05-11 04:00,5,4,Weekday,Spring,No,41.62,0.0,0.0,5.36,21.44,0.02
2023-05-11 05:00,5,5,Weekday,Spring,No,48.03,0.0,9.85,5.36,21.44,1.1
2023-05-11 06:00,5,6,Weekday,Spring,No,64.04,4.87,6.64,16.08,32.68,0.02
2023-05-11 07:00,5,7,Weekday,Spring,No,143.28,18.7,1.29,48.25,70.4,1.1
2023-05-11 08:00,5,8,Weekday,Spring,Yes,142.8,27.62,0.07,48.25,62.05,1.1
2023-05-11 09:00,5,9,Weekday,Spring,Yes,146.77,33.58,0.0,48.25,60.13,2.19
2023-05-11 10:00,5,10,Weekday,Spring,Yes,155.94,40.7,0.0,48.25,62.05,1.1
2023-05-11 11:00,5,11,Weekday,Spring,Yes,157.38,42.89,0.0,48.25,61.51,1.1
2023-05-11 12:00,5,12,Weekday,Spring,Yes,165.19,47.94,0.0,48.25,63.66,2.19
2023-05-11 13:00,5,13,Weekday,Spring,Yes,163.78,49.99,0.0,48.25,60.13,1.1
2023-05-11 14:00,5,14,Weekday,Spring,Yes,167.09,52.88,0.0,48.25,60.13,1.1
2023-05-11 15:00,5,15,Weekday,Spring,Yes,174.27,56.5,0.0,48.25,63.02,1.1
2023-05-11 16:00,5,16,Weekday,Spring,Yes,161.66,55.04,0.0,37.53,62.79,1.1
2023-05-11 17:00,5,17,Weekday,Spring,Yes,111.03,43.65,0.0,26.8,36.02,1.1
2023-05-11 18:00,5,18,Weekday,Spring,No,99.27,34.9,0.0,26.8,33.45,0.02
2023-05-11 19:00,5,19,Weekday,Spring,No,88.68,25.91,0.0,16.08,28.09,1.1
2023-05-11 20:00,5,20,Weekday,Spring,No,83.94,22.28,0.2,16.08,26.8,0.02
2023-05-11 21:00,5,21,Weekday,Spring,No,41.62,0.0,0.0,5.36,21.44,1.1
2023-05-11 22:00,5,22,Weekday,Spring,No,38.94,0.0,0.0,2.68,21.44,0.02
2023-05-11 23:00,5,23,Weekday,Spring,No,38.94,0.0,0.0,2.68,21.44,0.02
2023-05-12 00:00,5,0,Weekday,Spring,No,38.94,0.0,0.0,2.68,21.44,1.1
2023-05-12 01:00,5,1,Weekday,Spring,No,38.94,0.0,0.0,2.68,21.44,0.02
2023-05-12 02:00,5,2,Weekday,Spring,No,38.94,0.0,0.0,2.68,21.44,0.02
2023-05-12 03:00,5,3,Weekday,Spring,No,38.94,0.0,0.0,2.68,21.44,1.1
2023-05-12 04:00,5,4,Weekday,Spring,No,41.62,0.0,0.0,5.36,21.44,0.02
2023-05-12 05:00,5,5,Weekday,Spring,No,54.24,0.0,16.12,5.36,21.44,1.1
2023-05-12 06:00,5,6,Weekday,Spring,No,65.74,3.53,9.68,16.08,32.68,0.02
2023-05-12 07:00,5,7,Weekday,Spring,No,137.43,11.79,2.53,48.25,70.4,1.1
2023-05-12 08:00,5,8,Weekday,Spring,Yes,136.7,21.09,0.7,48.25,62.05,1.1
2023-05-12 09:00,5,9,Weekday,Spring,Yes,145.08,32.07,0.0,48.25,60.13,1.1
2023-05-12 10:00,5,10,Weekday,Spring,Yes,154.45,39.47,0.0,48.25,62.05,2.19
2023-05-12 11:00,5,11,Weekday,Spring,Yes,158.38,44.03,0.0,48.25,61.51,1.1
2023-05-12 12:00,5,12,Weekday,Spring,Yes,170.98,53.69,0.0,48.25,63.66,2.19
2023-05-12 13:00,5,13,Weekday,Spring,Yes,171.12,57.11,0.0,48.25,60.13,1.1
2023-05-12 14:00,5,14,Weekday,Spring,Yes,179.08,64.33,0.0,48.25,60.13,1.1
2023-05-12 15:00,5,15,Weekday,Spring,Yes,188.67,70.34,0.0,48.25,63.02,1.1
2023-05-12 16:00,5,16,Weekday,Spring,Yes,173.94,67.02,0.0,37.53,62.79,1.1
2023-05-12 17:00,5,17,Weekday,Spring,Yes,122.6,55.0,0.0,26.8,36.02,0.02
2023-05-12 18:00,5,18,Weekday,Spring,No,110.65,46.22,0.0,26.8,33.45,1.1
2023-05-12 19:00,5,19,Weekday,Spring,No,100.63,37.84,0.0,16.08,28.09,1.1
2023-05-12 20:00,5,20,Weekday,Spring,No,94.28,32.82,0.0,16.08,26.8,0.02
2023-05-12 21:00,5,21,Weekday,Spring,No,41.62,0.0,0.0,5.36,21.44,0.02
2023-05-12 22:00,5,22,Weekday,Spring,No,38.94,0.0,0.0,2.68,21.44,1.1
2023-05-12 23:00,5,23,Weekday,Spring,No,38.94,0.0,0.0,2.68,21.44,0.02
2023-05-13 00:00,5,0,Weekend,Spring,No,33.58,0.0,0.0,2.68,16.08,0.02
2023-05-13 01:00,5,1,Weekend,Spring,No,33.58,0.0,0.0,2.68,16.08,1.1
2023-05-13 02:00,5,2,Weekend,Spring,No,33.58,0.0,0.0,2.68,16.08,0.02
2023-05-13 03:00,5,3,Weekend,Spring,No,33.58,0.0,0.0,2.68,16.08,0.02
2023-05-13 04:00,5,4,Weekend,Spring,No,33.58,0.0,0.0,2.68,16.08,1.1
2023-05-13 05:00,5,5,Weekend,Spring,No,51.2,2.51,10.57,5.36,21.44,0.02
2023-05-13 06:00,5,6,Weekend,Spring,No,51.33,8.11,7.51,5.36,26.58,1.1
2023-05-13 07:00,5,7,Weekend,Spring,No,84.45,18.71,3.67,26.8,31.3,0.02
2023-05-13 08:00,5,8,Weekend,Spring,No,94.23,27.6,2.09,26.8,33.55,1.1
2023-05-13 09:00,5,9,Weekend,Spring,No,99.68,35.46,0.65,26.8,32.58,1.1
2023-05-13 10:00,5,10,Weekend,Spring,No,107.59,41.92,0.0,26.8,34.83,0.02
2023-05-13 11:00,5,11,Weekend,Spring,No,109.58,45.33,0.0,26.8,33.55,1.1
2023-05-13 12:00,5,12,Weekend,Spring,No,111.84,50.06,0.0,26.8,30.98,1.1
2023-05-13 13:00,5,13,Weekend,Spring,No,84.91,51.59,0.0,8.04,21.33,0.02
2023-05-13 14:00,5,14,Weekend,Spring,No,84.84,52.74,0.0,8.04,20.05,1.1
2023-05-13 15:00,5,15,Weekend,Spring,No,86.73,54.07,0.0,8.04,20.37,0.02
2023-05-13 16:00,5,16,Weekend,Spring,No,78.1,53.06,0.0,2.68,18.01,1.1
2023-05-13 17:00,5,17,Weekend,Spring,No,52.66,30.97,0.0,2.68,16.08,0.02
2023-05-13 18:00,5,18,Weekend,Spring,No,47.28,25.97,0.0,2.68,16.08,0.02
2023-05-13 19:00,5,19,Weekend,Spring,No,56.23,20.54,0.0,2.68,16.08,1.1
2023-05-13 20:00,5,20,Weekend,Spring,No,38.57,4.54,0.0,2.68,16.08,0.02
2023-05-13 21:00,5,21,Weekend,Spring,No,33.58,0.0,0.0,2.68,16.08,1.1
2023-05-13 22:00,5,22,Weekend,Spring,No,33.58,0.0,0.0,2.68,16.08,0.02
2023-05-13 23:00,5,23,Weekend,Spring,No,33.58,0.0,0.0,2.68,16.08,0.02
2023-05-14 00:00,5,0,Weekend,Spring,No,33.58,0.0,0.0,2.68,16.08,1.1
2023-05-14 01:00,5,1,Weekend,Spring,No,33.58,0.0,0.0,2.68,16.08,0.02
2023-05-14 02:00,5,2,Weekend,Spring,No,33.58,0.0,0.0,2.68,16.08,0.02
2023-05-14 03:00,5,3,Weekend,Spring,No,33.58,0.0,0.0,2.68,16.08,1.1
2023-05-14 04:00,5,4,Weekend,Spring,No,33.58,0.0,0.0,2.68,16.08,0.02
2023-05-14 05:00,5,5,Weekend,Spring,No,26.17,0.0,0.0,2.68,16.08,0.02
2023-05-14 06:00,5,6,Weekend,Spring,No,26.74,6.78,0.0,2.68,16.08,1.1
2023-05-14 07:00,5,7,Weekend,Spring,No,39.58,18.11,0.0,2.68,16.08,0.02
2023-05-14 08:00,5,8,Weekend,Spring,No,42.89,21.15,0.0,2.68,16.08,0.02
2023-05-14 09:00,5,9,Weekend,Spring,No,41.77,20.28,0.0,2.68,16.08,1.1
2023-05-14 10:00,5,10,Weekend,Spring,No,44.67,22.94,0.0,2.68,16.08,0.02
2023-05-14 11:00,5,11,Weekend,Spring,No,39.91,18.87,0.0,2.68,16.08,0.02
2023-05-14 12:00,5,12,Weekend,Spring,No,39.96,19.08,0.0,2.68,16.08,1.1
2023-05-14 13:00,5,13,Weekend,Spring,No,36.12,15.69,0.0,2.68,16.08,0.02
2023-05-14 14:00,5,14,Weekend,Spring,No,49.27,27.58,0.0,2.68,16.08,0.02
2023-05-14 15:00,5,15,Weekend,Spring,No,47.88,26.4,0.0,2.68,16.08,1.1
2023-05-14 16:00,5,16,Weekend,Spring,No,51.34,29.6,0.0,2.68,16.08,0.02
2023-05-14 17:00,5,17,Weekend,Spring,No,48.07,26.56,0.0,2.68,16.08,0.02
2023-05-14 18:00,5,18,Weekend,Spring,No,49.0,27.28,0.0,2.68,16.08,1.1
2023-05-14 19:00,5,19,Weekend,Spring,No,40.23,6.05,0.0,2.68,16.08,0.02
2023-05-14 20:00,5,20,Weekend,Spring,No,33.58,0.0,0.0,2.68,16.08,0.02
2023-05-14 21:00,5,21,Weekend,Spring,No,33.58,0.0,0.0,2.68,16.08,1.1
2023-05-14 22:00,5,22,Weekend,Spring,No,33.58,0.0,0.0,2.68,16.08,0.02
2023-05-14 23:00,5,23,Weekend,Spring,No,33.58,0.0,0.0,2.68,16.08,0.02
2023-05-15 00:00,5,0,Weekday,Spring,No,38.94,0.0,0.0,2.68,21.44,1.1
2023-05-15 01:00,5,1,Weekday,Spring,No,38.94,0.0,0.0,2.68,21.44,0.02
2023-05-15 02:00,5,2,Weekday,Spring,No,38.94,0.0,0.0,2.68,21.44,0.02
2023-05-15 03:00,5,3,Weekday,Spring,No,38.94,0.0,0.0,2.68,21.44,1.1
2023-05-15 04:00,5,4,Weekday,Spring,No,41.62,0.0,0.0,5.36,21.44,0.02
2023-05-15 05:00,5,5,Weekday,Spring,No,49.98,5.47,6.36,5.36,21.44,0.02
2023-05-15 06:00,5,6,Weekday,Spring,No,68.42,11.13,4.76,16.08,32.68,1.1
2023-05-15 07:00,5,7,Weekday,Spring,No,145.7,22.12,0.49,48.25,70.4,1.1
2023-05-15 08:00,5,8,Weekday,Spring,Yes,144.35,29.51,0.0,48.25,62.05,1.1
2023-05-15 09:00,5,9,Weekday,Spring,Yes,148.17,35.2,0.0,48.25,60.13,1.1
2023-05-15 10:00,5,10,Weekday,Spring,Yes,155.31,40.28,0.0,48.25,62.05,2.19
2023-05-15 11:00,5,11,Weekday,Spring,Yes,157.35,43.03,0.0,48.25,61.51,1.1
2023-05-15 12:00,5,12,Weekday,Spring,Yes,167.57,50.41,0.0,48.25,63.66,1.1
2023-05-15 13:00,5,13,Weekday,Spring,Yes,169.43,55.5,0.0,48.25,60.13,1.1
2023-05-15 14:00,5,14,Weekday,Spring,Yes,175.3,60.76,0.0,48.25,60.13,1.1
2023-05-15 15:00,5,15,Weekday,Spring,Yes,182.77,64.66,0.0,48.25,63.02,2.19
2023-05-15 16:00,5,16,Weekday,Spring,Yes,170.6,63.52,0.0,37.53,62.79,0.02
2023-05-15 17:00,5,17,Weekday,Spring,Yes,121.31,53.48,0.0,26.8,36.02,1.1
2023-05-15 18:00,5,18,Weekday,Spring,No,112.85,48.03,0.0,26.8,33.45,1.1
2023-05-15 19:00,5,19,Weekday,Spring,No,99.83,37.02,0.0,16.08,28.09,0.02
2023-05-15 20:00,5,20,Weekday,Spring,No,92.89,31.42,0.0,16.08,26.8,1.1
2023-05-15 21:00,5,21,Weekday,Spring,No,41.62,0.0,0.0,5.36,21.44,0.02
2023-05-15 22:00,5,22,Weekday,Spring,No,38.94,0.0,0.0,2.68,21.44,0.02
2023-05-15 23:00,5,23,Weekday,Spring,No,38.94,0.0,0.0,2.68,21.44,1.1
2023-05-16 00:00,5,0,Weekday,Spring,No,38.94,0.0,0.0,2.68,21.44,0.02
2023-05-16 01:00,5,1,Weekday,Spring,No,38.94,0.0,0.0,2.68,21.44,0.02
2023-05-16 02:00,5,2,Weekday,Spring,No,38.94,0.0,0.0,2.68,21.44,1.1
2023-05-16 03:00,5,3,Weekday,Spring,No,38.94,0.0,0.0,2.68,21.44,0.02
2023-05-16 04:00,5,4,Weekday,Spring,No,41.62,0.0,0.0,5.36,21.44,1.1
2023-05-16 05:00,5,5,Weekday,Spring,No,49.8,2.61,9.03,5.36,21.44,0.02
2023-05-16 06:00,5,6,Weekday,Spring,No,66.73,8.16,6.04,16.08,32.68,1.1
2023-05-16 07:00,5,7,Weekday,Spring,No,145.3,20.99,1.04,48.25,70.4,0.02
2023-05-16 08:00,5,8,Weekday,Spring,Yes,146.86,31.74,0.02,48.25,62.05,2.19
2023-05-16 09:00,5,9,Weekday,Spring,Yes,152.55,39.29,0.0,48.25,60.13,1.1
2023-05-16 10:00,5,10,Weekday,Spring,Yes,160.17,44.77,0.0,48.25,62.05,1.1
2023-05-16 11:00,5,11,Weekday,Spring,Yes,161.93,47.23,0.0,48.25,61.51,1.1
2023-05-16 12:00,5,12,Weekday,Spring,Yes,173.91,56.29,0.0,48.25,63.66,2.19
2023-05-16 13:00,5,13,Weekday,Spring,Yes,178.45,63.99,0.0,48.25,60.13,1.1
2023-05-16 14:00,5,14,Weekday,Spring,Yes,185.9,70.71,0.0,48.25,60.13,1.1
2023-05-16 15:00,5,15,Weekday,Spring,Yes,194.12,75.18,0.0,48.25,63.02,1.1
2023-05-16 16:00,5,16,Weekday,Spring,Yes,180.6,72.96,0.0,37.53,62.79,1.1
2023-05-16 17:00,5,17,Weekday,Spring,Yes,126.37,58.58,0.0,26.8,36.02,0.02
2023-05-16 18:00,5,18,Weekday,Spring,No,114.39,49.83,0.0,26.8,33.45,1.1
2023-05-16 19:00,5,19,Weekday,Spring,No,104.75,41.89,0.0,16.08,28.09,1.1
2023-05-16 20:00,5,20,Weekday,Spring,No,99.66,38.15,0.0,16.08,26.8,0.02
2023-05-16 21:00,5,21,Weekday,Spring,No,41.62,0.0,0.0,5.36,21.44,0.02
2023-05-16 22:00,5,22,Weekday,Spring,No,38.94,0.0,0.0,2.68,21.44,1.1
2023-05-16 23:00,5,23,Weekday,Spring,No,38.94,0.0,0.0,2.68,21.44,0.02
2023-05-17 00:00,5,0,Weekday,Spring,No,38.94,0.0,0.0,2.68,21.44,0.02
2023-05-17 01:00,5,1,Weekday,Spring,No,38.94,0.0,0.0,2.68,21.44,1.1
2023-05-17 02:00,5,2,Weekday,Spring,No,38.94,0.0,0.0,2.68,21.44,0.02
2023-05-17 03:00,5,3,Weekday,Spring,No,38.94,0.0,0.0,2.68,21.44,0.02
2023-05-17 04:00,5,4,Weekday,Spring,No,41.62,0.0,0.0,5.36,21.44,1.1
2023-05-17 05:00,5,5,Weekday,Spring,No,51.38,13.22,2.41,5.36,21.44,0.02
2023-05-17 06:00,5,6,Weekday,Spring,No,69.38,14.32,2.52,16.08,32.68,1.1
2023-05-17 07:00,5,7,Weekday,Spring,No,145.25,21.99,0.09,48.25,70.4,1.1
2023-05-17 08:00,5,8,Weekday,Spring,Yes,149.39,34.44,0.0,48.25,62.05,1.1
2023-05-17 09:00,5,9,Weekday,Spring,Yes,159.97,46.3,0.0,48.25,60.13,1.1
2023-05-17 10:00,5,10,Weekday,Spring,Yes,172.72,56.41,0.0,48.25,62.05,1.1
2023-05-17 11:00,5,11,Weekday,Spring,Yes,177.34,61.8,0.0,48.25,61.51,2.19
2023-05-17 12:00,5,12,Weekday,Spring,Yes,189.97,71.31,0.0,48.25,63.66,1.1
2023-05-17 13:00,5,13,Weekday,Spring,Yes,192.21,76.64,0.0,48.25,60.13,1.1
2023-05-17 14:00,5,14,Weekday,Spring,Yes,198.4,82.06,0.0,48.25,60.13,1.1
2023-05-17 15:00,5,15,Weekday,Spring,Yes,204.66,85.1,0.0,48.25,63.02,1.1
2023-05-17 16:00,5,16,Weekday,Spring,Yes,192.11,83.91,0.0,37.53,62.79,1.1
2023-05-17 17:00,5,17,Weekday,Spring,Yes,138.83,70.23,0.0,26.8,36.02,1.1
2023-05-17 18:00,5,18,Weekday,Spring,No,126.38,61.02,0.0,26.8,33.45,0.02
2023-05-17 19:00,5,19,Weekday,Spring,No,106.11,45.59,0.0,16.08,28.09,1.1
2023-05-17 20:00,5,20,Weekday,Spring,No,100.72,39.17,0.0,16.08,26.8,0.02
2023-05-17 21:00,5,21,Weekday,Spring,No,41.62,0.0,0.0,5.36,21.44,1.1
2023-05-17 22:00,5,22,Weekday,Spring,No,44.64,5.02,0.0,2.68,21.44,0.02
2023-05-17 23:00,5,23,Weekday,Spring,No,38.94,0.0,0.0,2.68,21.44,0.02
2023-05-18 00:00,5,0,Weekday,Spring,No,38.94,0.0,0.0,2.68,21.44,1.1
2023-05-18 01:00,5,1,Weekday,Spring,No,38.94,0.0,0.0,2.68,21.44,0.02
2023-05-18 02:00,5,2,Weekday,Spring,No,38.94,0.0,0.0,2.68,21.44,0.02
2023-05-18 03:00,5,3,Weekday,Spring,No,38.94,0.0,0.0,2.68,21.44,1.1
2023-05-18 04:00,5,4,Weekday,Spring,No,41.62,0.0,0.0,5.36,21.44,0.02
2023-05-18 05:00,5,5,Weekday,Spring,No,49.26,10.89,2.62,5.36,21.44,0.02
2023-05-18 06:00,5,6,Weekday,Spring,No,67.49,12.27,2.68,16.08,32.68,1.1
2023-05-18 07:00,5,7,Weekday,Spring,No,143.46,20.0,0.15,48.25,70.4,1.1
2023-05-18 08:00,5,8,Weekday,Spring,Yes,148.65,33.54,0.0,48.25,62.05,1.1
2023-05-18 09:00,5,9,Weekday,Spring,Yes,158.44,44.85,0.0,48.25,60.13,1.1
2023-05-18 10:00,5,10,Weekday,Spring,Yes,166.76,50.69,0.0,48.25,62.05,1.1
2023-05-18 11:00,5,11,Weekday,Spring,Yes,167.32,52.03,0.0,48.25,61.51,2.19
2023-05-18 12:00,5,12,Weekday,Spring,Yes,177.21,59.1,0.0,48.25,63.66,1.1
2023-05-18 13:00,5,13,Weekday,Spring,Yes,177.41,62.67,0.0,48.25,60.13,1.1
2023-05-18 14:00,5,14,Weekday,Spring,Yes,183.55,68.1,0.0,48.25,60.13,1.1
2023-05-18 15:00,5,15,Weekday,Spring,Yes,191.54,72.44,0.0,48.25,63.02,1.1
2023-05-18 16:00,5,16,Weekday,Spring,Yes,175.11,67.69,0.0,37.53,62.79,1.1
2023-05-18 17:00,5,17,Weekday,Spring,Yes,120.01,52.3,0.0,26.8,36.02,1.1
2023-05-18 18:00,5,18,Weekday,Spring,No,108.96,44.44,0.0,26.8,33.45,0.02
2023-05-18 19:00,5,19,Weekday,Spring,No,97.34,36.97,0.0,16.08,28.09,1.1
2023-05-18 20:00,5,20,Weekday,Spring,No,92.27,30.78,0.0,16.08,26.8,0.02
2023-05-18 21:00,5,21,Weekday,Spring,No,41.62,0.0,0.0,5.36,21.44,1.1
2023-05-18 22:00,5,22,Weekday,Spring,No,38.94,0.0,0.0,2.68,21.44,0.02
2023-05-18 23:00,5,23,Weekday,Spring,No,38.94,0.0,0.0,2.68,21.44,0.02
2023-05-19 00:00,5,0,Weekday,Spring,No,38.94,0.0,0.0,2.68,21.44,1.1
2023-05-19 01:00,5,1,Weekday,Spring,No,38.94,0.0,0.0,2.68,21.44,0.02
2023-05-19 02:00,5,2,Weekday,Spring,No,38.94,0.0,0.0,2.68,21.44,0.02
2023-05-19 03:00,5,3,Weekday,Spring,No,38.94,0.0,0.0,2.68,21.44,1.1
2023-05-19 04:00,5,4,Weekday,Spring,No,41.62,0.0,0.0,5.36,21.44,0.02
2023-05-19 05:00,5,5,Weekday,Spring,No,46.72,3.7,7.31,5.36,21.44,0.02
2023-05-19 06:00,5,6,Weekday,Spring,No,67.07,9.43,5.1,16.08,32.68,1.1
2023-05-19 07:00,5,7,Weekday,Spring,No,147.04,23.64,0.38,48.25,70.4,1.1
2023-05-19 08:00,5,8,Weekday,Spring,Yes,147.5,32.67,0.0,48.25,62.05,1.1
2023-05-19 09:00,5,9,Weekday,Spring,Yes,154.3,41.09,0.0,48.25,60.13,1.1
2023-05-19 10:00,5,10,Weekday,Spring,Yes,166.91,51.13,0.0,48.25,62.05,1.1
2023-05-19 11:00,5,11,Weekday,Spring,Yes,167.7,52.57,0.0,48.25,61.51,2.19
2023-05-19 12:00,5,12,Weekday,Spring,Yes,178.97,60.87,0.0,48.25,63.66,1.1
2023-05-19 13:00,5,13,Weekday,Spring,Yes,179.07,64.35,0.0,48.25,60.13,1.1
2023-05-19 14:00,5,14,Weekday,Spring,Yes,180.86,65.57,0.0,48.25,60.13,1.1
2023-05-19 15:00,5,15,Weekday,Spring,Yes,182.38,64.06,0.0,48.25,63.02,1.1
2023-05-19 16:00,5,16,Weekday,Spring,Yes,167.08,60.26,0.0,37.53,62.79,1.1
2023-05-19 17:00,5,17,Weekday,Spring,Yes,114.11,46.81,0.0,26.8,36.02,1.1
2023-05-19 18:00,5,18,Weekday,Spring,No,104.22,39.89,0.0,26.8,33.45,0.02
2023-05-19 19:00,5,19,Weekday,Spring,No,93.72,33.41,0.0,16.08,28.09,1.1
2023-05-19 20:00,5,20,Weekday,Spring,No,88.85,27.38,0.01,16.08,26.8,0.02
2023-05-19 21:00,5,21,Weekday,Spring,No,41.62,0.0,0.0,5.36,21.44,1.1
2023-05-19 22:00,5,22,Weekday,Spring,No,38.94,0.0,0.0,2.68,21.44,0.02
2023-05-19 23:00,5,23,Weekday,Spring,No,38.94,0.0,0.0,2.68,21.44,0.02
2023-05-20 00:00,5,0,Weekend,Spring,No,33.58,0.0,0.0,2.68,16.08,1.1
2023-05-20 01:00,5,1,Weekend,Spring,No,33.58,0.0,0.0,2.68,16.08,0.02
2023-05-20 02:00,5,2,Weekend,Spring,No,33.58,0.0,0.0,2.68,16.08,0.02
2023-05-20 03:00,5,3,Weekend,Spring,No,33.58,0.0,0.0,2.68,16.08,1.1
2023-05-20 04:00,5,4,Weekend,Spring,No,33.58,0.0,0.0,2.68,16.08,0.02
2023-05-20 05:00,5,5,Weekend,Spring,No,46.36,0.16,10.55,5.36,21.44,0.02
2023-05-20 06:00,5,6,Weekend,Spring,No,48.63,4.68,8.23,5.36,26.58,1.1
2023-05-20 07:00,5,7,Weekend,Spring,No,80.41,14.27,4.09,26.8,31.3,0.02
2023-05-20 08:00,5,8,Weekend,Spring,No,90.36,23.34,2.51,26.8,33.55,1.1
2023-05-20 09:00,5,9,Weekend,Spring,No,95.25,30.61,1.1,26.8,32.58,1.1
2023-05-20 10:00,5,10,Weekend,Spring,No,99.97,34.15,0.21,26.8,34.83,1.1
2023-05-20 11:00,5,11,Weekend,Spring,No,99.25,35.12,0.0,26.8,33.55,0.02
2023-05-20 12:00,5,12,Weekend,Spring,No,98.7,37.12,0.0,26.8,30.98,1.1
2023-05-20 13:00,5,13,Weekend,Spring,No,72.82,39.67,0.0,8.04,21.33,0.02
2023-05-20 14:00,5,14,Weekend,Spring,No,74.32,42.43,0.0,8.04,20.05,1.1
2023-05-20 15:00,5,15,Weekend,Spring,No,78.53,46.07,0.0,8.04,20.37,0.02
2023-05-20 16:00,5,16,Weekend,Spring,No,73.85,48.91,0.0,2.68,18.01,1.1
2023-05-20 17:00,5,17,Weekend,Spring,No,51.16,29.48,0.0,2.68,16.08,0.02
2023-05-20 18:00,5,18,Weekend,Spring,No,45.91,24.61,0.0,2.68,16.08,1.1
2023-05-20 19:00,5,19,Weekend,Spring,No,50.42,17.43,0.0,2.68,16.08,0.02
2023-05-20 20:00,5,20,Weekend,Spring,No,40.88,6.62,0.0,2.68,16.08,0.02
2023-05-20 21:00,5,21,Weekend,Spring,No,33.58,0.0,0.0,2.68,16.08,1.1
2023-05-20 22:00,5,22,Weekend,Spring,No,33.58,0.0,0.0,2.68,16.08,0.02
2023-05-20 23:00,5,23,Weekend,Spring,No,33.58,0.0,0.0,2.68,16.08,0.02
2023-05-21 00:00,5,0,Weekend,Spring,No,33.58,0.0,0.0,2.68,16.08,1.1
2023-05-21 01:00,5,1,Weekend,Spring,No,33.58,0.0,0.0,2.68,16.08,0.02
2023-05-21 02:00,5,2,Weekend,Spring,No,33.58,0.0,0.0,2.68,16.08,0.02
2023-05-21 03:00,5,3,Weekend,Spring,No,33.58,0.0,0.0,2.68,16.08,1.1
2023-05-21 04:00,5,4,Weekend,Spring,No,33.58,0.0,0.0,2.68,16.08,0.02
2023-05-21 05:00,5,5,Weekend,Spring,No,23.71,0.0,0.0,2.68,16.08,0.02
2023-05-21 06:00,5,6,Weekend,Spring,No,18.77,0.0,0.0,2.68,16.08,1.1
2023-05-21 07:00,5,7,Weekend,Spring,No,31.65,10.77,0.0,2.68,16.08,0.02
2023-05-21 08:00,5,8,Weekend,Spring,No,44.78,22.87,0.0,2.68,16.08,0.02
2023-05-21 09:00,5,9,Weekend,Spring,No,42.77,21.47,0.0,2.68,16.08,1.1
2023-05-21 10:00,5,10,Weekend,Spring,No,50.98,29.06,0.0,2.68,16.08,0.02
2023-05-21 11:00,5,11,Weekend,Spring,No,44.9,23.71,0.0,2.68,16.08,0.02
2023-05-21 12:00,5,12,Weekend,Spring,No,48.73,27.37,0.0,2.68,16.08,1.1
2023-05-21 13:00,5,13,Weekend,Spring,No,44.29,23.43,0.0,2.68,16.08,0.02
2023-05-21 14:00,5,14,Weekend,Spring,No,57.47,35.6,0.0,2.68,16.08,0.02
2023-05-21 15:00,5,15,Weekend,Spring,No,52.03,30.71,0.0,2.68,16.08,1.1
2023-05-21 16:00,5,16,Weekend,Spring,No,60.52,38.57,0.0,2.68,16.08,0.02
2023-05-21 17:00,5,17,Weekend,Spring,No,50.63,29.34,0.0,2.68,16.08,0.02
2023-05-21 18:00,5,18,Weekend,Spring,No,53.76,32.04,0.0,2.68,16.08,1.1
2023-05-21 19:00,5,19,Weekend,Spring,No,43.57,11.41,0.0,2.68,16.08,0.02
2023-05-21 20:00,5,20,Weekend,Spring,No,40.54,6.4,0.0,2.68,16.08,0.02
2023-05-21 21:00,5,21,Weekend,Spring,No,41.3,7.04,0.0,2.68,16.08,1.1
2023-05-21 22:00,5,22,Weekend,Spring,No,33.58,0.0,0.0,2.68,16.08,0.02
2023-05-21 23:00,5,23,Weekend,Spring,No,33.58,0.0,0.0,2.68,16.08,0.02
2023-05-22 00:00,5,0,Weekday,Spring,No,38.94,0.0,0.0,2.68,21.44,1.1
2023-05-22 01:00,5,1,Weekday,Spring,No,38.94,0.0,0.0,2.68,21.44,0.02
2023-05-22 02:00,5,2,Weekday,Spring,No,38.94,0.0,0.0,2.68,21.44,0.02
2023-05-22 03:00,5,3,Weekday,Spring,No,38.94,0.0,0.0,2.68,21.44,1.1
2023-05-22 04:00,5,4,Weekday,Spring,No,41.62,0.0,0.0,5.36,21.44,0.02
2023-05-22 05:00,5,5,Weekday,Spring,No,50.01,11.62,2.69,5.36,21.44,0.02
2023-05-22 06:00,5,6,Weekday,Spring,No,70.12,14.99,2.6,16.08,32.68,1.1
2023-05-22 07:00,5,7,Weekday,Spring,No,152.13,29.03,0.07,48.25,70.4,1.1
2023-05-22 08:00,5,8,Weekday,Spring,Yes,155.54,40.48,0.0,48.25,62.05,1.1
2023-05-22 09:00,5,9,Weekday,Spring,Yes,161.65,48.2,0.0,48.25,60.13,1.1
2023-05-22 10:00,5,10,Weekday,Spring,Yes,174.34,58.2,0.0,48.25,62.05,1.1
2023-05-22 11:00,5,11,Weekday,Spring,Yes,180.29,64.7,0.0,48.25,61.51,2.19
2023-05-22 12:00,5,12,Weekday,Spring,Yes,193.88,75.26,0.0,48.25,63.66,1.1
2023-05-22 13:00,5,13,Weekday,Spring,Yes,196.64,81.08,0.0,48.25,60.13,1.1
2023-05-22 14:00,5,14,Weekday,Spring,Yes,200.74,84.29,0.0,48.25,60.13,1.1
2023-05-22 15:00,5,15,Weekday,Spring,Yes,201.71,82.16,0.0,48.25,63.02,1.1
2023-05-22 16:00,5,16,Weekday,Spring,Yes,180.34,72.95,0.0,37.53,62.79,1.1
2023-05-22 17:00,5,17,Weekday,Spring,Yes,125.61,57.99,0.0,26.8,36.02,0.02
2023-05-22 18:00,5,18,Weekday,Spring,No,118.36,53.62,0.0,26.8,33.45,1.1
2023-05-22 19:00,5,19,Weekday,Spring,No,105.85,45.37,0.0,16.08,28.09,1.1
2023-05-22 20:00,5,20,Weekday,Spring,No,101.12,39.6,0.0,16.08,26.8,0.02
2023-05-22 21:00,5,21,Weekday,Spring,No,41.62,0.0,0.0,5.36,21.44,0.02
2023-05-22 22:00,5,22,Weekday,Spring,No,41.0,1.83,0.0,2.68,21.44,1.1
2023-05-22 23:00,5,23,Weekday,Spring,No,42.92,3.53,0.0,2.68,21.44,0.02
2023-05-23 00:00,5,0,Weekday,Spring,No,38.94,0.0,0.0,2.68,21.44,0.02
2023-05-23 01:00,5,1,Weekday,Spring,No,38.94,0.0,0.0,2.68,21.44,1.1
2023-05-23 02:00,5,2,Weekday,Spring,No,38.94,0.0,0.0,2.68,21.44,0.02
2023-05-23 03:00,5,3,Weekday,Spring,No,38.94,0.0,0.0,2.68,21.44,0.02
2023-05-23 04:00,5,4,Weekday,Spring,No,41.62,0.0,0.0,5.36,21.44,1.1
2023-05-23 05:00,5,5,Weekday,Spring,No,50.48,12.75,1.96,5.36,21.44,0.02
2023-05-23 06:00,5,6,Weekday,Spring,No,72.44,17.8,2.11,16.08,32.68,1.1
2023-05-23 07:00,5,7,Weekday,Spring,No,159.36,35.63,0.02,48.25,70.4,1.1
2023-05-23 08:00,5,8,Weekday,Spring,Yes,163.88,48.06,0.0,48.25,62.05,1.1
2023-05-23 09:00,5,9,Weekday,Spring,Yes,173.48,59.02,0.0,48.25,60.13,1.1
2023-05-23 10:00,5,10,Weekday,Spring,Yes,189.23,71.98,0.0,48.25,62.05,1.1
2023-05-23 11:00,5,11,Weekday,Spring,Yes,193.67,77.18,0.0,48.25,61.51,1.1
2023-05-23 12:00,5,12,Weekday,Spring,Yes,202.33,82.97,0.0,48.25,63.66,2.19
2023-05-23 13:00,5,13,Weekday,Spring,Yes,205.49,88.99,0.0,48.25,60.13,1.1
2023-05-23 14:00,5,14,Weekday,Spring,Yes,216.21,98.47,0.0,48.25,60.13,0.02
2023-05-23 15:00,5,15,Weekday,Spring,Yes,226.29,104.55,0.0,48.25,63.02,2.19
2023-05-23 16:00,5,16,Weekday,Spring,Yes,212.33,102.08,0.0,37.53,62.79,0.02
2023-05-23 17:00,5,17,Weekday,Spring,Yes,147.33,78.33,0.0,26.8,36.02,1.1
2023-05-23 18:00,5,18,Weekday,Spring,No,131.82,66.42,0.0,26.8,33.45,1.1
2023-05-23 19:00,5,19,Weekday,Spring,No,117.35,56.49,0.0,16.08,28.09,0.02
2023-05-23 20:00,5,20,Weekday,Spring,No,113.33,51.5,0.0,16.08,26.8,1.1
2023-05-23 21:00,5,21,Weekday,Spring,No,55.72,12.9,0.0,5.36,21.44,0.02
2023-05-23 22:00,5,22,Weekday,Spring,No,55.93,15.55,0.0,2.68,21.44,0.02
2023-05-23 23:00,5,23,Weekday,Spring,No,46.84,7.22,0.0,2.68,21.44,1.1
2023-05-24 00:00,5,0,Weekday,Spring,No,52.67,12.46,0.0,2.68,21.44,0.02
2023-05-24 01:00,5,1,Weekday,Spring,No,46.41,6.79,0.0,2.68,21.44,0.02
2023-05-24 02:00,5,2,Weekday,Spring,No,38.94,0.0,0.0,2.68,21.44,1.1
2023-05-24 03:00,5,3,Weekday,Spring,No,45.92,6.31,0.0,2.68,21.44,0.02
2023-05-24 04:00,5,4,Weekday,Spring,No,41.62,0.0,0.0,5.36,21.44,0.02
2023-05-24 05:00,5,5,Weekday,Spring,No,69.47,33.12,0.0,5.36,21.44,1.1
2023-05-24 06:00,5,6,Weekday,Spring,No,83.59,31.06,0.0,16.08,32.68,0.02
2023-05-24 07:00,5,7,Weekday,Spring,No,169.54,45.45,0.0,48.25,70.4,1.1
2023-05-24 08:00,5,8,Weekday,Spring,Yes,170.1,53.43,0.0,48.25,62.05,1.1
2023-05-24 09:00,5,9,Weekday,Spring,Yes,172.96,57.83,0.0,48.25,60.13,1.1
2023-05-24 10:00,5,10,Weekday,Spring,Yes,180.67,63.25,0.0,48.25,62.05,1.1
2023-05-24 11:00,5,11,Weekday,Spring,Yes,181.71,65.45,0.0,48.25,61.51,2.19
2023-05-24 12:00,5,12,Weekday,Spring,Yes,196.56,77.05,0.0,48.25,63.66,1.1
2023-05-24 13:00,5,13,Weekday,Spring,Yes,198.93,82.56,0.0,48.25,60.13,1.1
2023-05-24 14:00,5,14,Weekday,Spring,Yes,207.09,89.89,0.0,48.25,60.13,1.1
2023-05-24 15:00,5,15,Weekday,Spring,Yes,214.46,93.5,0.0,48.25,63.02,1.1
2023-05-24 16:00,5,16,Weekday,Spring,Yes,198.0,88.48,0.0,37.53,62.79,1.1
2023-05-24 17:00,5,17,Weekday,Spring,Yes,143.33,73.98,0.0,26.8,36.02,1.1
2023-05-24 18:00,5,18,Weekday,Spring,No,130.65,64.64,0.0,26.8,33.45,0.02
2023-05-24 19:00,5,19,Weekday,Spring,No,108.67,47.97,0.0,16.08,28.09,1.1
2023-05-24 20:00,5,20,Weekday,Spring,No,103.5,41.9,0.0,16.08,26.8,0.02
2023-05-24 21:00,5,21,Weekday,Spring,No,41.62,0.0,0.0,5.36,21.44,1.1
2023-05-24 22:00,5,22,Weekday,Spring,No,46.39,6.77,0.0,2.68,21.44,0.02
2023-05-24 23:00,5,23,Weekday,Spring,No,40.67,1.5,0.0,2.68,21.44,0.02
2023-05-25 00:00,5,0,Weekday,Spring,No,42.39,3.0,0.0,2.68,21.44,1.1
2023-05-25 01:00,5,1,Weekday,Spring,No,38.94,0.0,0.0,2.68,21.44,0.02
2023-05-25 02:00,5,2,Weekday,Spring,No,38.94,0.0,0.0,2.68,21.44,0.02
2023-05-25 03:00,5,3,Weekday,Spring,No,38.94,0.0,0.0,2.68,21.44,1.1
2023-05-25 04:00,5,4,Weekday,Spring,No,41.62,0.0,0.0,5.36,21.44,0.02
2023-05-25 05:00,5,5,Weekday,Spring,No,46.06,8.13,2.13,5.36,21.44,0.02
2023-05-25 06:00,5,6,Weekday,Spring,No,69.5,14.8,2.13,16.08,32.68,1.1
2023-05-25 07:00,5,7,Weekday,Spring,No,157.84,33.7,0.03,48.25,70.4,1.1
2023-05-25 08:00,5,8,Weekday,Spring,Yes,161.35,45.32,0.0,48.25,62.05,1.1
2023-05-25 09:00,5,9,Weekday,Spring,Yes,166.93,52.56,0.0,48.25,60.13,1.1
2023-05-25 10:00,5,10,Weekday,Spring,Yes,176.02,59.29,0.0,48.25,62.05,1.1
2023-05-25 11:00,5,11,Weekday,Spring,Yes,176.99,61.18,0.0,48.25,61.51,1.1
2023-05-25 12:00,5,12,Weekday,Spring,Yes,190.74,71.86,0.0,48.25,63.66,2.19
2023-05-25 13:00,5,13,Weekday,Spring,Yes,193.87,78.07,0.0,48.25,60.13,1.1
2023-05-25 14:00,5,14,Weekday,Spring,Yes,201.22,84.5,0.0,48.25,60.13,1.1
2023-05-25 15:00,5,15,Weekday,Spring,Yes,208.79,88.36,0.0,48.25,63.02,1.1
2023-05-25 16:00,5,16,Weekday,Spring,Yes,196.98,87.82,0.0,37.53,62.79,0.02
2023-05-25 17:00,5,17,Weekday,Spring,Yes,142.65,73.65,0.0,26.8,36.02,1.1
2023-05-25 18:00,5,18,Weekday,Spring,No,130.46,64.83,0.0,26.8,33.45,1.1
2023-05-25 19:00,5,19,Weekday,Spring,No,109.91,49.29,0.0,16.08,28.09,0.02
2023-05-25 20:00,5,20,Weekday,Spring,No,103.99,42.4,0.0,16.08,26.8,1.1
2023-05-25 21:00,5,21,Weekday,Spring,No,41.62,0.0,0.0,5.36,21.44,0.02
2023-05-25 22:00,5,22,Weekday,Spring,No,45.81,6.19,0.0,2.68,21.44,0.02
2023-05-25 23:00,5,23,Weekday,Spring,No,38.94,0.0,0.0,2.68,21.44,1.1
2023-05-26 00:00,5,0,Weekday,Spring,No,43.96,4.34,0.0,2.68,21.44,0.02
2023-05-26 01:00,5,1,Weekday,Spring,No,38.94,0.0,0.0,2.68,21.44,0.02
2023-05-26 02:00,5,2,Weekday,Spring,No,38.94,0.0,0.0,2.68,21.44,1.1
2023-05-26 03:00,5,3,Weekday,Spring,No,38.94,0.0,0.0,2.68,21.44,0.02
2023-05-26 04:00,5,4,Weekday,Spring,No,41.62,0.0,0.0,5.36,21.44,0.02
2023-05-26 05:00,5,5,Weekday,Spring,No,48.43,10.63,2.01,5.36,21.44,1.1
2023-05-26 06:00,5,6,Weekday,Spring,No,69.14,14.49,2.12,16.08,32.68,0.02
2023-05-26 07:00,5,7,Weekday,Spring,No,155.03,31.29,0.03,48.25,70.4,1.1
2023-05-26 08:00,5,8,Weekday,Spring,Yes,160.08,44.3,0.0,48.25,62.05,1.1
2023-05-26 09:00,5,9,Weekday,Spring,Yes,165.65,51.47,0.0,48.25,60.13,1.1
2023-05-26 10:00,5,10,Weekday,Spring,Yes,173.75,57.25,0.0,48.25,62.05,1.1
2023-05-26 11:00,5,11,Weekday,Spring,Yes,175.61,60.0,0.0,48.25,61.51,2.19
2023-05-26 12:00,5,12,Weekday,Spring,Yes,188.77,70.18,0.0,48.25,63.66,1.1
2023-05-26 13:00,5,13,Weekday,Spring,Yes,189.35,73.9,0.0,48.25,60.13,1.1
2023-05-26 14:00,5,14,Weekday,Spring,Yes,198.21,81.93,0.0,48.25,60.13,1.1
2023-05-26 15:00,5,15,Weekday,Spring,Yes,209.05,89.02,0.0,48.25,63.02,1.1
2023-05-26 16:00,5,16,Weekday,Spring,Yes,191.67,83.18,0.0,37.53,62.79,1.1
2023-05-26 17:00,5,17,Weekday,Spring,Yes,137.56,68.94,0.0,26.8,36.02,1.1
2023-05-26 18:00,5,18,Weekday,Spring,No,125.07,59.85,0.0,26.8,33.45,0.02
2023-05-26 19:00,5,19,Weekday,Spring,No,107.06,46.53,0.0,16.08,28.09,1.1
2023-05-26 20:00,5,20,Weekday,Spring,No,101.46,39.9,0.0,16.08,26.8,0.02
2023-05-26 21:00,5,21,Weekday,Spring,No,41.62,0.0,0.0,5.36,21.44,0.02
2023-05-26 22:00,5,22,Weekday,Spring,No,44.73,5.11,0.0,2.68,21.44,1.1
2023-05-26 23:00,5,23,Weekday,Spring,No,38.94,0.0,0.0,2.68,21.44,0.02
2023-05-27 00:00,5,0,Weekend,Spring,No,33.58,0.0,0.0,2.68,16.08,0.02
2023-05-27 01:00,5,1,Weekend,Spring,No,33.58,0.0,0.0,2.68,16.08,1.1
2023-05-27 02:00,5,2,Weekend,Spring,No,33.58,0.0,0.0,2.68,16.08,0.02
2023-05-27 03:00,5,3,Weekend,Spring,No,33.58,0.0,0.0,2.68,16.08,0.02
2023-05-27 04:00,5,4,Weekend,Spring,No,33.58,0.0,0.0,2.68,16.08,1.1
2023-05-27 05:00,5,5,Weekend,Spring,No,47.25,7.35,4.19,5.36,21.44,0.02
2023-05-27 06:00,5,6,Weekend,Spring,No,52.3,12.55,4.04,5.36,26.58,1.1
2023-05-27 07:00,5,7,Weekend,Spring,No,87.59,23.74,1.7,26.8,31.3,0.02
2023-05-27 08:00,5,8,Weekend,Spring,No,99.43,34.38,0.42,26.8,33.55,1.1
2023-05-27 09:00,5,9,Weekend,Spring,No,103.35,39.69,0.0,26.8,32.58,0.02
2023-05-27 10:00,5,10,Weekend,Spring,No,107.43,41.68,0.0,26.8,34.83,1.1
2023-05-27 11:00,5,11,Weekend,Spring,No,109.17,44.85,0.0,26.8,33.55,1.1
2023-05-27 12:00,5,12,Weekend,Spring,No,111.14,49.31,0.0,26.8,30.98,0.02
2023-05-27 13:00,5,13,Weekend,Spring,No,84.07,50.73,0.0,8.04,21.33,1.1
2023-05-27 14:00,5,14,Weekend,Spring,No,87.69,55.46,0.0,8.04,20.05,0.02
2023-05-27 15:00,5,15,Weekend,Spring,No,91.71,58.86,0.0,8.04,20.37,1.1
2023-05-27 16:00,5,16,Weekend,Spring,No,84.47,59.24,0.0,2.68,18.01,0.02
2023-05-27 17:00,5,17,Weekend,Spring,No,55.33,33.63,0.0,2.68,16.08,1.1
2023-05-27 18:00,5,18,Weekend,Spring,No,49.94,28.63,0.0,2.68,16.08,0.02
2023-05-27 19:00,5,19,Weekend,Spring,No,61.98,28.28,0.0,2.68,16.08,0.02
2023-05-27 20:00,5,20,Weekend,Spring,No,45.46,10.88,0.0,2.68,16.08,1.1
2023-05-27 21:00,5,21,Weekend,Spring,No,33.58,0.0,0.0,2.68,16.08,0.02
2023-05-27 22:00,5,22,Weekend,Spring,No,33.58,0.0,0.0,2.68,16.08,0.02
2023-05-27 23:00,5,23,Weekend,Spring,No,33.58,0.0,0.0,2.68,16.08,1.1
2023-05-28 00:00,5,0,Weekend,Spring,No,33.58,0.0,0.0,2.68,16.08,0.02
2023-05-28 01:00,5,1,Weekend,Spring,No,33.58,0.0,0.0,2.68,16.08,0.02
2023-05-28 02:00,5,2,Weekend,Spring,No,33.58,0.0,0.0,2.68,16.08,1.1
2023-05-28 03:00,5,3,Weekend,Spring,No,33.58,0.0,0.0,2.68,16.08,0.02
2023-05-28 04:00,5,4,Weekend,Spring,No,33.58,0.0,0.0,2.68,16.08,0.02
2023-05-28 05:00,5,5,Weekend,Spring,No,23.71,0.0,0.0,2.68,16.08,1.1
2023-05-28 06:00,5,6,Weekend,Spring,No,22.88,3.56,0.0,2.68,16.08,0.02
2023-05-28 07:00,5,7,Weekend,Spring,No,40.65,19.28,0.0,2.68,16.08,0.02
2023-05-28 08:00,5,8,Weekend,Spring,No,45.38,23.67,0.0,2.68,16.08,1.1
2023-05-28 09:00,5,9,Weekend,Spring,No,45.18,23.68,0.0,2.68,16.08,0.02
2023-05-28 10:00,5,10,Weekend,Spring,No,49.38,27.68,0.0,2.68,16.08,0.02
2023-05-28 11:00,5,11,Weekend,Spring,No,45.77,24.51,0.0,2.68,16.08,1.1
2023-05-28 12:00,5,12,Weekend,Spring,No,39.68,19.07,0.0,2.68,16.08,0.02
2023-05-28 13:00,5,13,Weekend,Spring,No,43.62,22.69,0.0,2.68,16.08,0.02
2023-05-28 14:00,5,14,Weekend,Spring,No,49.0,27.63,0.0,2.68,16.08,1.1
2023-05-28 15:00,5,15,Weekend,Spring,No,51.75,30.06,0.0,2.68,16.08,0.02
2023-05-28 16:00,5,16,Weekend,Spring,No,50.44,28.89,0.0,2.68,16.08,0.02
2023-05-28 17:00,5,17,Weekend,Spring,No,50.45,28.75,0.0,2.68,16.08,1.1
2023-05-28 18:00,5,18,Weekend,Spring,No,46.04,24.62,0.0,2.68,16.08,0.02
2023-05-28 19:00,5,19,Weekend,Spring,No,37.44,5.68,0.0,2.68,16.08,0.02
2023-05-28 20:00,5,20,Weekend,Spring,No,33.58,0.0,0.0,2.68,16.08,1.1
2023-05-28 21:00,5,21,Weekend,Spring,No,33.58,0.0,0.0,2.68,16.08,0.02
2023-05-28 22:00,5,22,Weekend,Spring,No,33.58,0.0,0.0,2.68,16.08,0.02
2023-05-28 23:00,5,23,Weekend,Spring,No,33.58,0.0,0.0,2.68,16.08,0.02
2023-05-29 00:00,5,0,Weekday,Spring,No,33.58,0.0,0.0,2.68,16.08,1.1
2023-05-29 01:00,5,1,Weekday,Spring,No,33.58,0.0,0.0,2.68,16.08,0.02
2023-05-29 02:00,5,2,Weekday,Spring,No,33.58,0.0,0.0,2.68,16.08,0.02
2023-05-29 03:00,5,3,Weekday,Spring,No,33.58,0.0,0.0,2.68,16.08,1.1
2023-05-29 04:00,5,4,Weekday,Spring,No,33.58,0.0,0.0,2.68,16.08,0.02
2023-05-29 05:00,5,5,Weekday,Spring,No,23.71,0.0,0.0,2.68,16.08,0.02
2023-05-29 06:00,5,6,Weekday,Spring,No,18.77,0.0,0.0,2.68,16.08,1.1
2023-05-29 07:00,5,7,Weekday,Spring,No,31.86,10.63,0.0,2.68,16.08,0.02
2023-05-29 08:00,5,8,Weekday,Spring,Yes,32.79,11.55,0.0,2.68,16.08,0.02
2023-05-29 09:00,5,9,Weekday,Spring,Yes,37.63,15.72,0.0,2.68,16.08,1.1
2023-05-29 10:00,5,10,Weekday,Spring,Yes,33.75,12.7,0.0,2.68,16.08,0.02
2023-05-29 11:00,5,11,Weekday,Spring,Yes,26.84,6.97,0.0,2.68,16.08,0.02
2023-05-29 12:00,5,12,Weekday,Spring,Yes,24.96,5.51,0.0,2.68,16.08,1.1
2023-05-29 13:00,5,13,Weekday,Spring,Yes,30.13,10.13,0.0,2.68,16.08,0.02
2023-05-29 14:00,5,14,Weekday,Spring,Yes,44.68,23.13,0.0,2.68,16.08,0.02
2023-05-29 15:00,5,15,Weekday,Spring,Yes,45.28,23.76,0.0,2.68,16.08,1.1
2023-05-29 16:00,5,16,Weekday,Spring,Yes,46.48,24.78,0.0,2.68,16.08,0.02
2023-05-29 17:00,5,17,Weekday,Spring,Yes,45.08,23.56,0.0,2.68,16.08,0.02
2023-05-29 18:00,5,18,Weekday,Spring,No,41.06,19.76,0.0,2.68,16.08,1.1
2023-05-29 19:00,5,19,Weekday,Spring,No,35.21,3.6,0.0,2.68,16.08,0.02
2023-05-29 20:00,5,20,Weekday,Spring,No,33.58,0.0,0.0,2.68,16.08,0.02
2023-05-29 21:00,5,21,Weekday,Spring,No,33.58,0.0,0.0,2.68,16.08,1.1
2023-05-29 22:00,5,22,Weekday,Spring,No,33.58,0.0,0.0,2.68,16.08,0.02
2023-05-29 23:00,5,23,Weekday,Spring,No,33.58,0.0,0.0,2.68,16.08,0.02
2023-05-30 00:00,5,0,Weekday,Spring,No,38.94,0.0,0.0,2.68,21.44,1.1
2023-05-30 01:00,5,1,Weekday,Spring,No,38.94,0.0,0.0,2.68,21.44,0.02
2023-05-30 02:00,5,2,Weekday,Spring,No,38.94,0.0,0.0,2.68,21.44,0.02
2023-05-30 03:00,5,3,Weekday,Spring,No,38.94,0.0,0.0,2.68,21.44,0.02
2023-05-30 04:00,5,4,Weekday,Spring,No,41.62,0.0,0.0,5.36,21.44,1.1
2023-05-30 05:00,5,5,Weekday,Spring,No,50.36,2.96,11.77,5.36,21.44,0.02
2023-05-30 06:00,5,6,Weekday,Spring,No,69.11,9.77,6.8,16.08,32.68,1.1
2023-05-30 07:00,5,7,Weekday,Spring,No,144.37,20.73,0.81,48.25,70.4,1.1
2023-05-30 08:00,5,8,Weekday,Spring,Yes,142.37,27.72,0.0,48.25,62.05,1.1
2023-05-30 09:00,5,9,Weekday,Spring,Yes,145.37,32.57,0.0,48.25,60.13,1.1
2023-05-30 10:00,5,10,Weekday,Spring,Yes,152.09,37.24,0.0,48.25,62.05,1.1
2023-05-30 11:00,5,11,Weekday,Spring,Yes,154.93,40.77,0.0,48.25,61.51,1.1
2023-05-30 12:00,5,12,Weekday,Spring,Yes,165.82,48.88,0.0,48.25,63.66,1.1
2023-05-30 13:00,5,13,Weekday,Spring,Yes,165.34,51.76,0.0,48.25,60.13,1.1
2023-05-30 14:00,5,14,Weekday,Spring,Yes,173.78,59.48,0.0,48.25,60.13,1.1
2023-05-30 15:00,5,15,Weekday,Spring,Yes,185.86,67.69,0.0,48.25,63.02,1.1
2023-05-30 16:00,5,16,Weekday,Spring,Yes,176.24,68.95,0.0,37.53,62.79,1.1
2023-05-30 17:00,5,17,Weekday,Spring,Yes,126.91,58.85,0.0,26.8,36.02,1.1
2023-05-30 18:00,5,18,Weekday,Spring,No,115.89,50.95,0.0,26.8,33.45,0.02
2023-05-30 19:00,5,19,Weekday,Spring,No,100.11,39.71,0.0,16.08,28.09,1.1
2023-05-30 20:00,5,20,Weekday,Spring,No,96.25,34.75,0.0,16.08,26.8,0.02
2023-05-30 21:00,5,21,Weekday,Spring,No,41.62,0.0,0.0,5.36,21.44,1.1
2023-05-30 22:00,5,22,Weekday,Spring,No,38.94,0.0,0.0,2.68,21.44,0.02
2023-05-30 23:00,5,23,Weekday,Spring,No,38.94,0.0,0.0,2.68,21.44,0.02
2023-05-31 00:00,5,0,Weekday,Spring,No,38.94,0.0,0.0,2.68,21.44,1.1
2023-05-31 01:00,5,1,Weekday,Spring,No,38.94,0.0,0.0,2.68,21.44,0.02
2023-05-31 02:00,5,2,Weekday,Spring,No,38.94,0.0,0.0,2.68,21.44,0.02
2023-05-31 03:00,5,3,Weekday,Spring,No,38.94,0.0,0.0,2.68,21.44,1.1
2023-05-31 04:00,5,4,Weekday,Spring,No,41.62,0.0,0.0,5.36,21.44,0.02
2023-05-31 05:00,5,5,Weekday,Spring,No,48.95,9.68,3.55,5.36,21.44,0.02
2023-05-31 06:00,5,6,Weekday,Spring,No,68.59,12.65,3.4,16.08,32.68,1.1
2023-05-31 07:00,5,7,Weekday,Spring,No,149.19,25.6,0.17,48.25,70.4,1.1
2023-05-31 08:00,5,8,Weekday,Spring,Yes,149.66,34.34,0.0,48.25,62.05,1.1
2023-05-31 09:00,5,9,Weekday,Spring,Yes,155.13,41.58,0.0,48.25,60.13,1.1
2023-05-31 10:00,5,10,Weekday,Spring,Yes,163.18,47.36,0.0,48.25,62.05,1.1
2023-05-31 11:00,5,11,Weekday,Spring,Yes,162.69,47.71,0.0,48.25,61.51,1.1
2023-05-31 12:00,5,12,Weekday,Spring,Yes,175.89,58.04,0.0,48.25,63.66,1.1
2023-05-31 13:00,5,13,Weekday,Spring,Yes,180.81,66.21,0.0,48.25,60.13,1.1
2023-05-31 14:00,5,14,Weekday,Spring,Yes,189.42,73.96,0.0,48.25,60.13,1.1
2023-05-31 15:00,5,15,Weekday,Spring,Yes,197.78,78.6,0.0,48.25,63.02,1.1
2023-05-31 16:00,5,16,Weekday,Spring,Yes,184.56,76.66,0.0,37.53,62.79,1.1
2023-05-31 17:00,5,17,Weekday,Spring,Yes,131.73,63.39,0.0,26.8,36.02,1.1
2023-05-31 18:00,5,18,Weekday,Spring,No,119.91,54.78,0.0,26.8,33.45,0.02
2023-05-31 19:00,5,19,Weekday,Spring,No,101.66,41.21,0.0,16.08,28.09,1.1
2023-05-31 20:00,5,20,Weekday,Spring,No,96.29,34.76,0.0,16.08,26.8,0.02
2023-05-31 21:00,5,21,Weekday,Spring,No,41.62,0.0,0.0,5.36,21.44,1.1
2023-05-31 22:00,5,22,Weekday,Spring,No,38.94,0.0,0.0,2.68,21.44,0.02
2023-05-31 23:00,5,23,Weekday,Spring,No,38.94,0.0,0.0,2.68,21.44,0.02
2023-06-01 00:00,6,0,Weekday,Summer,No,38.94,0.0,0.0,2.68,21.44,1.1
2023-06-01 01:00,6,1,Weekday,Summer,No,38.94,0.0,0.0,2.68,21.44,0.02
2023-06-01 02:00,6,2,Weekday,Summer,No,38.94,0.0,0.0,2.68,21.44,0.02
2023-06-01 03:00,6,3,Weekday,Summer,No,38.94,0.0,0.0,2.68,21.44,0.02
2023-06-01 04:00,6,4,Weekday,Summer,No,41.62,0.0,0.0,5.36,21.44,1.1
2023-06-01 05:00,6,5,Weekday,Summer,No,56.71,19.8,1.06,5.36,21.44,0.02
2023-06-01 06:00,6,6,Weekday,Summer,No,76.49,22.91,1.0,16.08,32.68,1.1
2023-06-01 07:00,6,7,Weekday,Summer,No,162.52,38.49,0.0,48.25,70.4,1.1
2023-06-01 08:00,6,8,Weekday,Summer,Yes,162.33,46.27,0.0,48.25,62.05,1.1
2023-06-01 09:00,6,9,Weekday,Summer,Yes,169.85,55.31,0.0,48.25,60.13,1.1
2023-06-01 10:00,6,10,Weekday,Summer,Yes,183.17,66.18,0.0,48.25,62.05,1.1
2023-06-01 11:00,6,11,Weekday,Summer,Yes,188.88,72.71,0.0,48.25,61.51,1.1
2023-06-01 12:00,6,12,Weekday,Summer,Yes,203.35,84.09,0.0,48.25,63.66,1.1
2023-06-01 13:00,6,13,Weekday,Summer,Yes,207.39,91.04,0.0,48.25,60.13,1.1
2023-06-01 14:00,6,14,Weekday,Summer,Yes,217.99,100.41,0.0,48.25,60.13,1.1
2023-06-01 15:00,6,15,Weekday,Summer,Yes,228.53,106.93,0.0,48.25,63.02,1.1
2023-06-01 16:00,6,16,Weekday,Summer,Yes,215.69,105.37,0.0,37.53,62.79,1.1
2023-06-01 17:00,6,17,Weekday,Summer,Yes,160.3,90.08,0.0,26.8,36.02,1.1
2023-06-01 18:00,6,18,Weekday,Summer,No,148.39,81.51,0.0,26.8,33.45,0.02
2023-06-01 19:00,6,19,Weekday,Summer,No,122.04,61.02,0.0,16.08,28.09,1.1
2023-06-01 20:00,6,20,Weekday,Summer,No,113.52,51.72,0.0,16.08,26.8,0.02
2023-06-01 21:00,6,21,Weekday,Summer,No,56.45,13.56,0.0,5.36,21.44,0.02
2023-06-01 22:00,6,22,Weekday,Summer,No,46.1,6.56,0.0,2.68,21.44,1.1
2023-06-01 23:00,6,23,Weekday,Summer,No,46.3,6.69,0.0,2.68,21.44,0.02
2023-06-02 00:00,6,0,Weekday,Summer,No,38.94,0.0,0.0,2.68,21.44,0.02
2023-06-02 01:00,6,1,Weekday,Summer,No,45.5,5.89,0.0,2.68,21.44,1.1
2023-06-02 02:00,6,2,Weekday,Summer,No,38.94,0.0,0.0,2.68,21.44,0.02
2023-06-02 03:00,6,3,Weekday,Summer,No,38.94,0.0,0.0,2.68,21.44,0.02
2023-06-02 04:00,6,4,Weekday,Summer,No,45.35,3.28,0.0,5.36,21.44,1.1
2023-06-02 05:00,6,5,Weekday,Summer,No,64.25,28.18,0.22,5.36,21.44,0.02
2023-06-02 06:00,6,6,Weekday,Summer,No,82.38,29.46,0.3,16.08,32.68,1.1
2023-06-02 07:00,6,7,Weekday,Summer,No,171.63,46.99,0.0,48.25,70.4,1.1
2023-06-02 08:00,6,8,Weekday,Summer,Yes,173.96,57.15,0.0,48.25,62.05,0.02
2023-06-02 09:00,6,9,Weekday,Summer,Yes,179.84,64.59,0.0,48.25,60.13,1.1
2023-06-02 10:00,6,10,Weekday,Summer,Yes,187.82,70.33,0.0,48.25,62.05,2.19
2023-06-02 11:00,6,11,Weekday,Summer,Yes,191.68,75.18,0.0,48.25,61.51,1.1
2023-06-02 12:00,6,12,Weekday,Summer,Yes,203.72,84.23,0.0,48.25,63.66,1.1
2023-06-02 13:00,6,13,Weekday,Summer,Yes,204.07,87.77,0.0,48.25,60.13,1.1
2023-06-02 14:00,6,14,Weekday,Summer,Yes,214.38,97.0,0.0,48.25,60.13,1.1
2023-06-02 15:00,6,15,Weekday,Summer,Yes,222.21,100.97,0.0,48.25,63.02,1.1
2023-06-02 16:00,6,16,Weekday,Summer,Yes,208.4,98.47,0.0,37.53,62.79,1.1
2023-06-02 17:00,6,17,Weekday,Summer,Yes,154.1,84.28,0.0,26.8,36.02,0.02
2023-06-02 18:00,6,18,Weekday,Summer,No,140.78,74.33,0.0,26.8,33.45,1.1
2023-06-02 19:00,6,19,Weekday,Summer,No,112.55,54.17,0.0,16.08,28.09,0.02
2023-06-02 20:00,6,20,Weekday,Summer,No,107.67,46.01,0.0,16.08,26.8,1.1
2023-06-02 21:00,6,21,Weekday,Summer,No,47.25,5.18,0.0,5.36,21.44,0.02
2023-06-02 22:00,6,22,Weekday,Summer,No,41.59,2.42,0.0,2.68,21.44,1.1
2023-06-02 23:00,6,23,Weekday,Summer,No,46.25,6.63,0.0,2.68,21.44,0.02
2023-06-03 00:00,6,0,Weekend,Summer,No,33.58,0.0,0.0,2.68,16.08,0.02
2023-06-03 01:00,6,1,Weekend,Summer,No,33.58,0.0,0.0,2.68,16.08,0.02
2023-06-03 02:00,6,2,Weekend,Summer,No,33.58,0.0,0.0,2.68,16.08,1.1
2023-06-03 03:00,6,3,Weekend,Summer,No,33.58,0.0,0.0,2.68,16.08,0.02
2023-06-03 04:00,6,4,Weekend,Summer,No,33.58,0.0,0.0,2.68,16.08,1.1
2023-06-03 05:00,6,5,Weekend,Summer,No,62.39,25.92,0.56,5.36,21.44,0.02
2023-06-03 06:00,6,6,Weekend,Summer,No,66.87,30.36,0.7,5.36,26.58,0.02
2023-06-03 07:00,6,7,Weekend,Summer,No,103.6,41.13,0.04,26.8,31.3,1.1
2023-06-03 08:00,6,8,Weekend,Summer,No,112.93,48.08,0.0,26.8,33.55,0.02
2023-06-03 09:00,6,9,Weekend,Summer,No,117.63,53.66,0.0,26.8,32.58,1.1
2023-06-03 10:00,6,10,Weekend,Summer,No,124.66,58.4,0.0,26.8,34.83,1.1
2023-06-03 11:00,6,11,Weekend,Summer,No,127.36,62.37,0.0,26.8,33.55,0.02
2023-06-03 12:00,6,12,Weekend,Summer,No,127.09,64.6,0.0,26.8,30.98,1.1
2023-06-03 13:00,6,13,Weekend,Summer,No,95.8,62.09,0.0,8.04,21.33,0.02
2023-06-03 14:00,6,14,Weekend,Summer,No,98.51,65.86,0.0,8.04,20.05,1.1
2023-06-03 15:00,6,15,Weekend,Summer,No,99.74,66.56,0.0,8.04,20.37,0.02
2023-06-03 16:00,6,16,Weekend,Summer,No,89.21,63.78,0.0,2.68,18.01,1.1
2023-06-03 17:00,6,17,Weekend,Summer,No,55.7,34.01,0.0,2.68,16.08,0.02
2023-06-03 18:00,6,18,Weekend,Summer,No,49.77,28.46,0.0,2.68,16.08,0.02
2023-06-03 19:00,6,19,Weekend,Summer,No,58.45,27.26,0.0,2.68,16.08,1.1
2023-06-03 20:00,6,20,Weekend,Summer,No,45.35,10.77,0.0,2.68,16.08,0.02
2023-06-03 21:00,6,21,Weekend,Summer,No,33.58,0.0,0.0,2.68,16.08,1.1
2023-06-03 22:00,6,22,Weekend,Summer,No,33.58,0.0,0.0,2.68,16.08,0.02
2023-06-03 23:00,6,23,Weekend,Summer,No,33.58,0.0,0.0,2.68,16.08,0.02
2023-06-04 00:00,6,0,Weekend,Summer,No,33.58,0.0,0.0,2.68,16.08,1.1
2023-06-04 01:00,6,1,Weekend,Summer,No,33.58,0.0,0.0,2.68,16.08,0.02
2023-06-04 02:00,6,2,Weekend,Summer,No,33.58,0.0,0.0,2.68,16.08,0.02
2023-06-04 03:00,6,3,Weekend,Summer,No,33.58,0.0,0.0,2.68,16.08,0.02
2023-06-04 04:00,6,4,Weekend,Summer,No,33.58,0.0,0.0,2.68,16.08,1.1
2023-06-04 05:00,6,5,Weekend,Summer,No,23.71,0.0,0.0,2.68,16.08,0.02
2023-06-04 06:00,6,6,Weekend,Summer,No,33.16,12.3,0.0,2.68,16.08,0.02
2023-06-04 07:00,6,7,Weekend,Summer,No,44.87,23.14,0.0,2.68,16.08,1.1
2023-06-04 08:00,6,8,Weekend,Summer,No,44.56,23.06,0.0,2.68,16.08,0.02
2023-06-04 09:00,6,9,Weekend,Summer,No,48.87,27.12,0.0,2.68,16.08,0.02
2023-06-04 10:00,6,10,Weekend,Summer,No,48.12,26.62,0.0,2.68,16.08,1.1
2023-06-04 11:00,6,11,Weekend,Summer,No,50.0,28.47,0.0,2.68,16.08,0.02
2023-06-04 12:00,6,12,Weekend,Summer,No,45.52,24.47,0.0,2.68,16.08,0.02
2023-06-04 13:00,6,13,Weekend,Summer,No,51.19,29.78,0.0,2.68,16.08,1.1
2023-06-04 14:00,6,14,Weekend,Summer,No,52.07,30.6,0.0,2.68,16.08,0.02
2023-06-04 15:00,6,15,Weekend,Summer,No,56.42,34.67,0.0,2.68,16.08,0.02
2023-06-04 16:00,6,16,Weekend,Summer,No,53.93,32.37,0.0,2.68,16.08,1.1
2023-06-04 17:00,6,17,Weekend,Summer,No,57.33,35.51,0.0,2.68,16.08,0.02
2023-06-04 18:00,6,18,Weekend,Summer,No,51.88,30.38,0.0,2.68,16.08,0.02
2023-06-04 19:00,6,19,Weekend,Summer,No,59.87,28.51,0.0,2.68,16.08,1.1
2023-06-04 20:00,6,20,Weekend,Summer,No,39.97,5.86,0.0,2.68,16.08,0.02
2023-06-04 21:00,6,21,Weekend,Summer,No,40.58,6.32,0.0,2.68,16.08,0.02
2023-06-04 22:00,6,22,Weekend,Summer,No,33.58,0.0,0.0,2.68,16.08,1.1
2023-06-04 23:00,6,23,Weekend,Summer,No,33.58,0.0,0.0,2.68,16.08,0.02
2023-06-05 00:00,6,0,Weekday,Summer,No,38.94,0.0,0.0,2.68,21.44,0.02
2023-06-05 01:00,6,1,Weekday,Summer,No,38.94,0.0,0.0,2.68,21.44,1.1
2023-06-05 02:00,6,2,Weekday,Summer,No,38.94,0.0,0.0,2.68,21.44,0.02
2023-06-05 03:00,6,3,Weekday,Summer,No,38.94,0.0,0.0,2.68,21.44,0.02
2023-06-05 04:00,6,4,Weekday,Summer,No,41.62,0.0,0.0,5.36,21.44,1.1
2023-06-05 05:00,6,5,Weekday,Summer,No,50.36,11.34,3.3,5.36,21.44,0.02
2023-06-05 06:00,6,6,Weekday,Summer,No,70.91,15.58,2.8,16.08,32.68,0.02
2023-06-05 07:00,6,7,Weekday,Summer,No,152.89,29.45,0.16,48.25,70.4,1.1
2023-06-05 08:00,6,8,Weekday,Summer,Yes,157.62,42.39,0.0,48.25,62.05,1.1
2023-06-05 09:00,6,9,Weekday,Summer,Yes,163.77,50.2,0.0,48.25,60.13,1.1
2023-06-05 10:00,6,10,Weekday,Summer,Yes,170.14,54.35,0.0,48.25,62.05,1.1
2023-06-05 11:00,6,11,Weekday,Summer,Yes,170.77,55.85,0.0,48.25,61.51,2.19
2023-06-05 12:00,6,12,Weekday,Summer,Yes,183.14,65.32,0.0,48.25,63.66,1.1
2023-06-05 13:00,6,13,Weekday,Summer,Yes,184.17,69.61,0.0,48.25,60.13,1.1
2023-06-05 14:00,6,14,Weekday,Summer,Yes,191.66,76.21,0.0,48.25,60.13,1.1
2023-06-05 15:00,6,15,Weekday,Summer,Yes,204.52,85.05,0.0,48.25,63.02,1.1
2023-06-05 16:00,6,16,Weekday,Summer,Yes,194.0,85.45,0.0,37.53,62.79,0.02
2023-06-05 17:00,6,17,Weekday,Summer,Yes,143.73,74.58,0.0,26.8,36.02,1.1
2023-06-05 18:00,6,18,Weekday,Summer,No,135.67,69.61,0.0,26.8,33.45,1.1
2023-06-05 19:00,6,19,Weekday,Summer,No,111.37,53.11,0.0,16.08,28.09,0.02
2023-06-05 20:00,6,20,Weekday,Summer,No,105.11,43.49,0.0,16.08,26.8,0.02
2023-06-05 21:00,6,21,Weekday,Summer,No,47.07,5.0,0.0,5.36,21.44,1.1
2023-06-05 22:00,6,22,Weekday,Summer,No,41.51,2.35,0.0,2.68,21.44,0.02
2023-06-05 23:00,6,23,Weekday,Summer,No,44.82,5.2,0.0,2.68,21.44,0.02
2023-06-06 00:00,6,0,Weekday,Summer,No,38.94,0.0,0.0,2.68,21.44,1.1
2023-06-06 01:00,6,1,Weekday,Summer,No,38.94,0.0,0.0,2.68,21.44,0.02
2023-06-06 02:00,6,2,Weekday,Summer,No,38.94,0.0,0.0,2.68,21.44,0.02
2023-06-06 03:00,6,3,Weekday,Summer,No,38.94,0.0,0.0,2.68,21.44,1.1
2023-06-06 04:00,6,4,Weekday,Summer,No,41.62,0.0,0.0,5.36,21.44,0.02
2023-06-06 05:00,6,5,Weekday,Summer,No,51.38,13.91,1.7,5.36,21.44,0.02
2023-06-06 06:00,6,6,Weekday,Summer,No,71.32,16.93,1.83,16.08,32.68,1.1
2023-06-06 07:00,6,7,Weekday,Summer,No,157.47,33.64,0.05,48.25,70.4,1.1
2023-06-06 08:00,6,8,Weekday,Summer,Yes,160.73,44.98,0.0,48.25,62.05,1.1
2023-06-06 09:00,6,9,Weekday,Summer,Yes,166.82,52.65,0.0,48.25,60.13,1.1
2023-06-06 10:00,6,10,Weekday,Summer,Yes,175.91,59.43,0.0,48.25,62.05,1.1
2023-06-06 11:00,6,11,Weekday,Summer,Yes,179.21,63.62,0.0,48.25,61.51,1.1
2023-06-06 12:00,6,12,Weekday,Summer,Yes,193.28,74.71,0.0,48.25,63.66,1.1
2023-06-06 13:00,6,13,Weekday,Summer,Yes,196.2,80.75,0.0,48.25,60.13,1.1
2023-06-06 14:00,6,14,Weekday,Summer,Yes,205.06,88.58,0.0,48.25,60.13,1.1
2023-06-06 15:00,6,15,Weekday,Summer,Yes,216.82,96.24,0.0,48.25,63.02,1.1
2023-06-06 16:00,6,16,Weekday,Summer,Yes,205.89,96.35,0.0,37.53,62.79,1.1
2023-06-06 17:00,6,17,Weekday,Summer,Yes,156.28,86.41,0.0,26.8,36.02,0.02
2023-06-06 18:00,6,18,Weekday,Summer,No,146.91,80.17,0.0,26.8,33.45,1.1
2023-06-06 19:00,6,19,Weekday,Summer,No,116.38,57.89,0.0,16.08,28.09,1.1
2023-06-06 20:00,6,20,Weekday,Summer,No,111.11,49.36,0.0,16.08,26.8,0.02
2023-06-06 21:00,6,21,Weekday,Summer,No,48.52,6.33,0.0,5.36,21.44,0.02
2023-06-06 22:00,6,22,Weekday,Summer,No,43.63,4.24,0.0,2.68,21.44,1.1
2023-06-06 23:00,6,23,Weekday,Summer,No,41.23,2.07,0.0,2.68,21.44,0.02
2023-06-07 00:00,6,0,Weekday,Summer,No,45.6,5.98,0.0,2.68,21.44,0.02
2023-06-07 01:00,6,1,Weekday,Summer,No,38.94,0.0,0.0,2.68,21.44,1.1
2023-06-07 02:00,6,2,Weekday,Summer,No,38.94,0.0,0.0,2.68,21.44,0.02
2023-06-07 03:00,6,3,Weekday,Summer,No,38.94,0.0,0.0,2.68,21.44,0.02
2023-06-07 04:00,6,4,Weekday,Summer,No,41.62,0.0,0.0,5.36,21.44,1.1
2023-06-07 05:00,6,5,Weekday,Summer,No,53.9,16.96,1.08,5.36,21.44,0.02
2023-06-07 06:00,6,6,Weekday,Summer,No,73.67,19.93,1.17,16.08,32.68,0.02
2023-06-07 07:00,6,7,Weekday,Summer,No,162.97,38.85,0.0,48.25,70.4,1.1
2023-06-07 08:00,6,8,Weekday,Summer,Yes,166.02,49.84,0.0,48.25,62.05,1.1
2023-06-07 09:00,6,9,Weekday,Summer,Yes,174.25,59.56,0.0,48.25,60.13,1.1
2023-06-07 10:00,6,10,Weekday,Summer,Yes,185.23,68.15,0.0,48.25,62.05,1.1
2023-06-07 11:00,6,11,Weekday,Summer,Yes,188.99,72.82,0.0,48.25,61.51,2.19
2023-06-07 12:00,6,12,Weekday,Summer,Yes,203.29,84.03,0.0,48.25,63.66,1.1
2023-06-07 13:00,6,13,Weekday,Summer,Yes,207.94,91.64,0.0,48.25,60.13,1.1
2023-06-07 14:00,6,14,Weekday,Summer,Yes,218.46,100.97,0.0,48.25,60.13,1.1
2023-06-07 15:00,6,15,Weekday,Summer,Yes,230.7,109.04,0.0,48.25,63.02,1.1
2023-06-07 16:00,6,16,Weekday,Summer,Yes,219.38,108.8,0.0,37.53,62.79,0.02
2023-06-07 17:00,6,17,Weekday,Summer,Yes,166.94,96.32,0.0,26.8,36.02,1.1
2023-06-07 18:00,6,18,Weekday,Summer,No,155.39,88.13,0.0,26.8,33.45,0.02
2023-06-07 19:00,6,19,Weekday,Summer,No,122.69,63.96,0.0,16.08,28.09,1.1
2023-06-07 20:00,6,20,Weekday,Summer,No,115.17,53.34,0.0,16.08,26.8,0.02
2023-06-07 21:00,6,21,Weekday,Summer,No,56.89,14.01,0.0,5.36,21.44,1.1
2023-06-07 22:00,6,22,Weekday,Summer,No,48.08,8.4,0.0,2.68,21.44,0.02
2023-06-07 23:00,6,23,Weekday,Summer,No,49.8,9.91,0.0,2.68,21.44,0.02
2023-06-08 00:00,6,0,Weekday,Summer,No,46.04,6.42,0.0,2.68,21.44,1.1
2023-06-08 01:00,6,1,Weekday,Summer,No,38.94,0.0,0.0,2.68,21.44,0.02
2023-06-08 02:00,6,2,Weekday,Summer,No,38.94,0.0,0.0,2.68,21.44,0.02
2023-06-08 03:00,6,3,Weekday,Summer,No,38.94,0.0,0.0,2.68,21.44,1.1
2023-06-08 04:00,6,4,Weekday,Summer,No,41.62,0.0,0.0,5.36,21.44,0.02
2023-06-08 05:00,6,5,Weekday,Summer,No,57.03,20.46,0.63,5.36,21.44,0.02
2023-06-08 06:00,6,6,Weekday,Summer,No,77.08,23.77,0.73,16.08,32.68,1.1
2023-06-08 07:00,6,7,Weekday,Summer,No,166.58,42.27,0.0,48.25,70.4,1.1
2023-06-08 08:00,6,8,Weekday,Summer,Yes,169.79,53.32,0.0,48.25,62.05,1.1
2023-06-08 09:00,6,9,Weekday,Summer,Yes,183.18,68.0,0.0,48.25,60.13,1.1
2023-06-08 10:00,6,10,Weekday,Summer,Yes,199.84,82.07,0.0,48.25,62.05,1.1
2023-06-08 11:00,6,11,Weekday,Summer,Yes,204.36,87.52,0.0,48.25,61.51,1.1
2023-06-08 12:00,6,12,Weekday,Summer,Yes,221.52,101.33,0.0,48.25,63.66,1.1
2023-06-08 13:00,6,13,Weekday,Summer,Yes,225.08,107.76,0.0,48.25,60.13,1.1
2023-06-08 14:00,6,14,Weekday,Summer,Yes,233.25,114.69,0.0,48.25,60.13,1.1
2023-06-08 15:00,6,15,Weekday,Summer,Yes,243.94,121.17,0.0,48.25,63.02,1.1
2023-06-08 16:00,6,16,Weekday,Summer,Yes,231.78,120.18,0.0,37.53,62.79,1.1
2023-06-08 17:00,6,17,Weekday,Summer,Yes,174.65,103.51,0.0,26.8,36.02,0.02
2023-06-08 18:00,6,18,Weekday,Summer,No,160.3,92.69,0.0,26.8,33.45,1.1
2023-06-08 19:00,6,19,Weekday,Summer,No,130.14,71.13,0.0,16.08,28.09,0.02
2023-06-08 20:00,6,20,Weekday,Summer,No,120.01,58.03,0.0,16.08,26.8,1.1
2023-06-08 21:00,6,21,Weekday,Summer,No,53.35,10.75,0.0,5.36,21.44,0.02
2023-06-08 22:00,6,22,Weekday,Summer,No,52.29,12.21,0.0,2.68,21.44,0.02
2023-06-08 23:00,6,23,Weekday,Summer,No,47.1,7.48,0.0,2.68,21.44,1.1
2023-06-09 00:00,6,0,Weekday,Summer,No,46.58,6.96,0.0,2.68,21.44,0.02
2023-06-09 01:00,6,1,Weekday,Summer,No,43.28,3.89,0.0,2.68,21.44,0.02
2023-06-09 02:00,6,2,Weekday,Summer,No,41.04,1.88,0.0,2.68,21.44,1.1
2023-06-09 03:00,6,3,Weekday,Summer,No,38.94,0.0,0.0,2.68,21.44,0.02
2023-06-09 04:00,6,4,Weekday,Summer,No,41.62,0.0,0.0,5.36,21.44,0.02
2023-06-09 05:00,6,5,Weekday,Summer,No,61.03,24.63,0.32,5.36,21.44,1.1
2023-06-09 06:00,6,6,Weekday,Summer,No,76.2,22.99,0.56,16.08,32.68,0.02
2023-06-09 07:00,6,7,Weekday,Summer,No,169.43,44.73,0.0,48.25,70.4,1.1
2023-06-09 08:00,6,8,Weekday,Summer,Yes,176.23,59.27,0.0,48.25,62.05,1.1
2023-06-09 09:00,6,9,Weekday,Summer,Yes,183.83,68.34,0.0,48.25,60.13,1.1
2023-06-09 10:00,6,10,Weekday,Summer,Yes,194.3,76.5,0.0,48.25,62.05,1.1
2023-06-09 11:00,6,11,Weekday,Summer,Yes,197.74,80.95,0.0,48.25,61.51,1.1
2023-06-09 12:00,6,12,Weekday,Summer,Yes,210.52,90.61,0.0,48.25,63.66,1.1
2023-06-09 13:00,6,13,Weekday,Summer,Yes,213.05,96.07,0.0,48.25,60.13,1.1
2023-06-09 14:00,6,14,Weekday,Summer,Yes,225.92,107.58,0.0,48.25,60.13,1.1
2023-06-09 15:00,6,15,Weekday,Summer,Yes,238.79,116.2,0.0,48.25,63.02,1.1
2023-06-09 16:00,6,16,Weekday,Summer,Yes,223.58,112.28,0.0,37.53,62.79,1.1
2023-06-09 17:00,6,17,Weekday,Summer,Yes,167.03,96.21,0.0,26.8,36.02,0.02
2023-06-09 18:00,6,18,Weekday,Summer,No,154.57,87.22,0.0,26.8,33.45,1.1
2023-06-09 19:00,6,19,Weekday,Summer,No,125.72,66.85,0.0,16.08,28.09,1.1
2023-06-09 20:00,6,20,Weekday,Summer,No,115.55,53.64,0.0,16.08,26.8,0.02
2023-06-09 21:00,6,21,Weekday,Summer,No,57.47,14.53,0.0,5.36,21.44,0.02
2023-06-09 22:00,6,22,Weekday,Summer,No,50.01,10.13,0.0,2.68,21.44,1.1
2023-06-09 23:00,6,23,Weekday,Summer,No,48.84,9.01,0.0,2.68,21.44,0.02
2023-06-10 00:00,6,0,Weekend,Summer,No,33.58,0.0,0.0,2.68,16.08,0.02
2023-06-10 01:00,6,1,Weekend,Summer,No,39.84,5.58,0.0,2.68,16.08,1.1
2023-06-10 02:00,6,2,Weekend,Summer,No,33.58,0.0,0.0,2.68,16.08,0.02
2023-06-10 03:00,6,3,Weekend,Summer,No,33.58,0.0,0.0,2.68,16.08,0.02
2023-06-10 04:00,6,4,Weekend,Summer,No,33.58,0.0,0.0,2.68,16.08,1.1
2023-06-10 05:00,6,5,Weekend,Summer,No,60.81,24.51,0.37,5.36,21.44,0.02
2023-06-10 06:00,6,6,Weekend,Summer,No,64.59,28.24,0.52,5.36,26.58,0.02
2023-06-10 07:00,6,7,Weekend,Summer,No,99.33,36.87,0.0,26.8,31.3,1.1
2023-06-10 08:00,6,8,Weekend,Summer,No,109.24,44.24,0.0,26.8,33.55,0.02
2023-06-10 09:00,6,9,Weekend,Summer,No,114.11,49.96,0.0,26.8,32.58,1.1
2023-06-10 10:00,6,10,Weekend,Summer,No,121.71,55.28,0.0,26.8,34.83,1.1
2023-06-10 11:00,6,11,Weekend,Summer,No,126.25,61.11,0.0,26.8,33.55,0.02
2023-06-10 12:00,6,12,Weekend,Summer,No,128.54,65.91,0.0,26.8,30.98,1.1
2023-06-10 13:00,6,13,Weekend,Summer,No,103.14,69.19,0.0,8.04,21.33,0.02
2023-06-10 14:00,6,14,Weekend,Summer,No,112.87,79.66,0.0,8.04,20.05,1.1
2023-06-10 15:00,6,15,Weekend,Summer,No,117.09,83.15,0.0,8.04,20.37,0.02
2023-06-10 16:00,6,16,Weekend,Summer,No,108.4,82.16,0.0,2.68,18.01,1.1
2023-06-10 17:00,6,17,Weekend,Summer,No,61.71,39.91,0.0,2.68,16.08,0.02
2023-06-10 18:00,6,18,Weekend,Summer,No,54.82,33.47,0.0,2.68,16.08,0.02
2023-06-10 19:00,6,19,Weekend,Summer,No,68.94,37.28,0.0,2.68,16.08,1.1
2023-06-10 20:00,6,20,Weekend,Summer,No,56.55,21.16,0.0,2.68,16.08,0.02
2023-06-10 21:00,6,21,Weekend,Summer,No,50.88,15.89,0.0,2.68,16.08,0.02
2023-06-10 22:00,6,22,Weekend,Summer,No,42.93,8.56,0.0,2.68,16.08,1.1
2023-06-10 23:00,6,23,Weekend,Summer,No,38.8,4.77,0.0,2.68,16.08,0.02
2023-06-11 00:00,6,0,Weekend,Summer,No,36.07,2.27,0.0,2.68,16.08,0.02
2023-06-11 01:00,6,1,Weekend,Summer,No,33.58,0.0,0.0,2.68,16.08,1.1
2023-06-11 02:00,6,2,Weekend,Summer,No,33.58,0.0,0.0,2.68,16.08,0.02
2023-06-11 03:00,6,3,Weekend,Summer,No,33.58,0.0,0.0,2.68,16.08,0.02
2023-06-11 04:00,6,4,Weekend,Summer,No,33.58,0.0,0.0,2.68,16.08,1.1
2023-06-11 05:00,6,5,Weekend,Summer,No,23.71,0.0,0.0,2.68,16.08,0.02
2023-06-11 06:00,6,6,Weekend,Summer,No,25.31,5.81,0.0,2.68,16.08,0.02
2023-06-11 07:00,6,7,Weekend,Summer,No,42.63,21.35,0.0,2.68,16.08,0.02
2023-06-11 08:00,6,8,Weekend,Summer,No,51.33,29.35,0.0,2.68,16.08,1.1
2023-06-11 09:00,6,9,Weekend,Summer,No,46.69,25.32,0.0,2.68,16.08,0.02
2023-06-11 10:00,6,10,Weekend,Summer,No,55.44,33.47,0.0,2.68,16.08,0.02
2023-06-11 11:00,6,11,Weekend,Summer,No,49.86,28.57,0.0,2.68,16.08,1.1
2023-06-11 12:00,6,12,Weekend,Summer,No,59.51,37.6,0.0,2.68,16.08,0.02
2023-06-11 13:00,6,13,Weekend,Summer,No,52.29,31.02,0.0,2.68,16.08,0.02
2023-06-11 14:00,6,14,Weekend,Summer,No,64.06,42.04,0.0,2.68,16.08,1.1
2023-06-11 15:00,6,15,Weekend,Summer,No,55.77,34.38,0.0,2.68,16.08,0.02
2023-06-11 16:00,6,16,Weekend,Summer,No,65.81,43.71,0.0,2.68,16.08,0.02
2023-06-11 17:00,6,17,Weekend,Summer,No,54.95,33.6,0.0,2.68,16.08,1.1
2023-06-11 18:00,6,18,Weekend,Summer,No,63.23,41.18,0.0,2.68,16.08,0.02
2023-06-11 19:00,6,19,Weekend,Summer,No,58.96,27.97,0.0,2.68,16.08,0.02
2023-06-11 20:00,6,20,Weekend,Summer,No,58.67,23.1,0.0,2.68,16.08,1.1
2023-06-11 21:00,6,21,Weekend,Summer,No,52.13,16.96,0.0,2.68,16.08,0.02
2023-06-11 22:00,6,22,Weekend,Summer,No,43.97,9.5,0.0,2.68,16.08,0.02
2023-06-11 23:00,6,23,Weekend,Summer,No,49.89,14.76,0.0,2.68,16.08,1.1
2023-06-12 00:00,6,0,Weekday,Summer,No,46.0,6.39,0.0,2.68,21.44,0.02
2023-06-12 01:00,6,1,Weekday,Summer,No,41.26,2.1,0.0,2.68,21.44,0.02
2023-06-12 02:00,6,2,Weekday,Summer,No,43.42,4.03,0.0,2.68,21.44,1.1
2023-06-12 03:00,6,3,Weekday,Summer,No,45.86,6.24,0.0,2.68,21.44,0.02
2023-06-12 04:00,6,4,Weekday,Summer,No,41.62,0.0,0.0,5.36,21.44,0.02
2023-06-12 05:00,6,5,Weekday,Summer,No,63.38,27.04,0.32,5.36,21.44,1.1
2023-06-12 06:00,6,6,Weekday,Summer,No,82.48,29.46,0.38,16.08,32.68,0.02
2023-06-12 07:00,6,7,Weekday,Summer,No,170.69,46.1,0.0,48.25,70.4,1.1
2023-06-12 08:00,6,8,Weekday,Summer,Yes,168.21,51.5,0.0,48.25,62.05,1.1
2023-06-12 09:00,6,9,Weekday,Summer,Yes,173.0,57.86,0.0,48.25,60.13,1.1
2023-06-12 10:00,6,10,Weekday,Summer,Yes,180.83,63.4,0.0,48.25,62.05,1.1
2023-06-12 11:00,6,11,Weekday,Summer,Yes,182.98,66.65,0.0,48.25,61.51,1.1
2023-06-12 12:00,6,12,Weekday,Summer,Yes,196.1,76.8,0.0,48.25,63.66,1.1
2023-06-12 13:00,6,13,Weekday,Summer,Yes,198.51,82.31,0.0,48.25,60.13,1.1
2023-06-12 14:00,6,14,Weekday,Summer,Yes,208.48,91.29,0.0,48.25,60.13,1.1
2023-06-12 15:00,6,15,Weekday,Summer,Yes,218.99,97.87,0.0,48.25,63.02,1.1
2023-06-12 16:00,6,16,Weekday,Summer,Yes,204.86,95.04,0.0,37.53,62.79,1.1
2023-06-12 17:00,6,17,Weekday,Summer,Yes,149.75,79.94,0.0,26.8,36.02,0.02
2023-06-12 18:00,6,18,Weekday,Summer,No,136.74,70.25,0.0,26.8,33.45,1.1
2023-06-12 19:00,6,19,Weekday,Summer,No,109.57,51.16,0.0,16.08,28.09,0.02
2023-06-12 20:00,6,20,Weekday,Summer,No,104.98,43.28,0.0,16.08,26.8,1.1
2023-06-12 21:00,6,21,Weekday,Summer,No,49.11,6.81,0.0,5.36,21.44,0.02
2023-06-12 22:00,6,22,Weekday,Summer,No,48.55,8.68,0.0,2.68,21.44,0.02
2023-06-12 23:00,6,23,Weekday,Summer,No,41.28,2.12,0.0,2.68,21.44,1.1
2023-06-13 00:00,6,0,Weekday,Summer,No,45.21,5.59,0.0,2.68,21.44,0.02
2023-06-13 01:00,6,1,Weekday,Summer,No,38.94,0.0,0.0,2.68,21.44,0.02
2023-06-13 02:00,6,2,Weekday,Summer,No,38.94,0.0,0.0,2.68,21.44,1.1
2023-06-13 03:00,6,3,Weekday,Summer,No,38.94,0.0,0.0,2.68,21.44,0.02
2023-06-13 04:00,6,4,Weekday,Summer,No,41.62,0.0,0.0,5.36,21.44,0.02
2023-06-13 05:00,6,5,Weekday,Summer,No,58.52,21.98,0.56,5.36,21.44,1.1
2023-06-13 06:00,6,6,Weekday,Summer,No,77.72,24.45,0.67,16.08,32.68,0.02
2023-06-13 07:00,6,7,Weekday,Summer,No,165.74,41.32,0.0,48.25,70.4,1.1
2023-06-13 08:00,6,8,Weekday,Summer,Yes,163.14,46.85,0.0,48.25,62.05,1.1
2023-06-13 09:00,6,9,Weekday,Summer,Yes,165.87,51.31,0.0,48.25,60.13,1.1
2023-06-13 10:00,6,10,Weekday,Summer,Yes,174.6,57.82,0.0,48.25,62.05,1.1
2023-06-13 11:00,6,11,Weekday,Summer,Yes,175.93,60.13,0.0,48.25,61.51,1.1
2023-06-13 12:00,6,12,Weekday,Summer,Yes,184.56,65.9,0.0,48.25,63.66,1.1
2023-06-13 13:00,6,13,Weekday,Summer,Yes,183.46,68.15,0.0,48.25,60.13,1.1
2023-06-13 14:00,6,14,Weekday,Summer,Yes,189.5,73.37,0.0,48.25,60.13,1.1
2023-06-13 15:00,6,15,Weekday,Summer,Yes,197.59,77.66,0.0,48.25,63.02,1.1
2023-06-13 16:00,6,16,Weekday,Summer,Yes,182.6,73.91,0.0,37.53,62.79,1.1
2023-06-13 17:00,6,17,Weekday,Summer,Yes,130.72,61.72,0.0,26.8,36.02,0.02
2023-06-13 18:00,6,18,Weekday,Summer,No,122.48,56.59,0.0,26.8,33.45,1.1
2023-06-13 19:00,6,19,Weekday,Summer,No,100.39,42.2,0.0,16.08,28.09,0.02
2023-06-13 20:00,6,20,Weekday,Summer,No,97.52,35.95,0.0,16.08,26.8,1.1
2023-06-13 21:00,6,21,Weekday,Summer,No,41.62,0.0,0.0,5.36,21.44,0.02
2023-06-13 22:00,6,22,Weekday,Summer,No,45.55,5.93,0.0,2.68,21.44,0.02
2023-06-13 23:00,6,23,Weekday,Summer,No,38.94,0.0,0.0,2.68,21.44,1.1
2023-06-14 00:00,6,0,Weekday,Summer,No,44.97,5.35,0.0,2.68,21.44,0.02
2023-06-14 01:00,6,1,Weekday,Summer,No,38.94,0.0,0.0,2.68,21.44,0.02
2023-06-14 02:00,6,2,Weekday,Summer,No,38.94,0.0,0.0,2.68,21.44,1.1
2023-06-14 03:00,6,3,Weekday,Summer,No,38.94,0.0,0.0,2.68,21.44,0.02
2023-06-14 04:00,6,4,Weekday,Summer,No,41.62,0.0,0.0,5.36,21.44,0.02
2023-06-14 05:00,6,5,Weekday,Summer,No,57.81,21.0,0.91,5.36,21.44,1.1
2023-06-14 06:00,6,6,Weekday,Summer,No,75.7,22.03,1.1,16.08,32.68,0.02
2023-06-14 07:00,6,7,Weekday,Summer,No,157.22,33.12,0.0,48.25,70.4,1.1
2023-06-14 08:00,6,8,Weekday,Summer,Yes,155.1,39.06,0.0,48.25,62.05,1.1
2023-06-14 09:00,6,9,Weekday,Summer,Yes,156.77,42.5,0.0,48.25,60.13,1.1
2023-06-14 10:00,6,10,Weekday,Summer,Yes,162.62,46.18,0.0,48.25,62.05,1.1
2023-06-14 11:00,6,11,Weekday,Summer,Yes,162.48,47.02,0.0,48.25,61.51,1.1
2023-06-14 12:00,6,12,Weekday,Summer,Yes,171.36,53.08,0.0,48.25,63.66,1.1
2023-06-14 13:00,6,13,Weekday,Summer,Yes,172.25,57.36,0.0,48.25,60.13,1.1
2023-06-14 14:00,6,14,Weekday,Summer,Yes,178.82,63.16,0.0,48.25,60.13,1.1
2023-06-14 15:00,6,15,Weekday,Summer,Yes,188.99,69.47,0.0,48.25,63.02,1.1
2023-06-14 16:00,6,16,Weekday,Summer,Yes,180.15,71.57,0.0,37.53,62.79,1.1
2023-06-14 17:00,6,17,Weekday,Summer,Yes,131.23,62.17,0.0,26.8,36.02,0.02
2023-06-14 18:00,6,18,Weekday,Summer,No,121.92,56.04,0.0,26.8,33.45,1.1
2023-06-14 19:00,6,19,Weekday,Summer,No,101.08,42.89,0.0,16.08,28.09,0.02
2023-06-14 20:00,6,20,Weekday,Summer,No,99.61,38.0,0.0,16.08,26.8,1.1
2023-06-14 21:00,6,21,Weekday,Summer,No,41.62,0.0,0.0,5.36,21.44,0.02
2023-06-14 22:00,6,22,Weekday,Summer,No,45.89,6.28,0.0,2.68,21.44,0.02
2023-06-14 23:00,6,23,Weekday,Summer,No,42.23,2.84,0.0,2.68,21.44,1.1
2023-06-15 00:00,6,0,Weekday,Summer,No,40.58,1.41,0.0,2.68,21.44,0.02
2023-06-15 01:00,6,1,Weekday,Summer,No,38.94,0.0,0.0,2.68,21.44,0.02
2023-06-15 02:00,6,2,Weekday,Summer,No,38.94,0.0,0.0,2.68,21.44,0.02
2023-06-15 03:00,6,3,Weekday,Summer,No,38.94,0.0,0.0,2.68,21.44,1.1
2023-06-15 04:00,6,4,Weekday,Summer,No,41.62,0.0,0.0,5.36,21.44,0.02
2023-06-15 05:00,6,5,Weekday,Summer,No,50.88,12.98,2.13,5.36,21.44,0.02
2023-06-15 06:00,6,6,Weekday,Summer,No,73.71,19.29,1.87,16.08,32.68,1.1
2023-06-15 07:00,6,7,Weekday,Summer,No,158.13,34.25,0.03,48.25,70.4,1.1
2023-06-15 08:00,6,8,Weekday,Summer,Yes,159.03,43.24,0.0,48.25,62.05,1.1
2023-06-15 09:00,6,9,Weekday,Summer,Yes,164.0,49.86,0.0,48.25,60.13,1.1
2023-06-15 10:00,6,10,Weekday,Summer,Yes,177.39,60.81,0.0,48.25,62.05,1.1
2023-06-15 11:00,6,11,Weekday,Summer,Yes,179.9,64.17,0.0,48.25,61.51,1.1
2023-06-15 12:00,6,12,Weekday,Summer,Yes,187.79,69.18,0.0,48.25,63.66,1.1
2023-06-15 13:00,6,13,Weekday,Summer,Yes,188.74,73.29,0.0,48.25,60.13,1.1
2023-06-15 14:00,6,14,Weekday,Summer,Yes,196.96,80.45,0.0,48.25,60.13,1.1
2023-06-15 15:00,6,15,Weekday,Summer,Yes,207.44,86.83,0.0,48.25,63.02,1.1
2023-06-15 16:00,6,16,Weekday,Summer,Yes,194.77,85.23,0.0,37.53,62.79,0.02
2023-06-15 17:00,6,17,Weekday,Summer,Yes,144.02,74.22,0.0,26.8,36.02,1.1
2023-06-15 18:00,6,18,Weekday,Summer,No,137.0,70.33,0.0,26.8,33.45,0.02
2023-06-15 19:00,6,19,Weekday,Summer,No,112.24,53.67,0.0,16.08,28.09,1.1
2023-06-15 20:00,6,20,Weekday,Summer,No,107.63,45.86,0.0,16.08,26.8,0.02
2023-06-15 21:00,6,21,Weekday,Summer,No,50.34,7.95,0.0,5.36,21.44,1.1
2023-06-15 22:00,6,22,Weekday,Summer,No,50.47,10.43,0.0,2.68,21.44,0.02
2023-06-15 23:00,6,23,Weekday,Summer,No,43.48,4.09,0.0,2.68,21.44,0.02
2023-06-16 00:00,6,0,Weekday,Summer,No,41.14,1.97,0.0,2.68,21.44,1.1
2023-06-16 01:00,6,1,Weekday,Summer,No,42.25,2.86,0.0,2.68,21.44,0.02
2023-06-16 02:00,6,2,Weekday,Summer,No,40.53,1.37,0.0,2.68,21.44,0.02
2023-06-16 03:00,6,3,Weekday,Summer,No,38.94,0.0,0.0,2.68,21.44,1.1
2023-06-16 04:00,6,4,Weekday,Summer,No,41.62,0.0,0.0,5.36,21.44,0.02
2023-06-16 05:00,6,5,Weekday,Summer,No,53.81,16.94,1.03,5.36,21.44,0.02
2023-06-16 06:00,6,6,Weekday,Summer,No,75.12,21.48,1.09,16.08,32.68,1.1
2023-06-16 07:00,6,7,Weekday,Summer,No,162.35,38.34,0.0,48.25,70.4,1.1
2023-06-16 08:00,6,8,Weekday,Summer,Yes,163.54,47.4,0.0,48.25,62.05,1.1
2023-06-16 09:00,6,9,Weekday,Summer,Yes,171.22,56.54,0.0,48.25,60.13,0.02
2023-06-16 10:00,6,10,Weekday,Summer,Yes,184.97,67.79,0.0,48.25,62.05,1.1
2023-06-16 11:00,6,11,Weekday,Summer,Yes,189.03,72.68,0.0,48.25,61.51,2.19
2023-06-16 12:00,6,12,Weekday,Summer,Yes,199.32,79.94,0.0,48.25,63.66,1.1
2023-06-16 13:00,6,13,Weekday,Summer,Yes,203.45,86.9,0.0,48.25,60.13,1.1
2023-06-16 14:00,6,14,Weekday,Summer,Yes,215.54,97.72,0.0,48.25,60.13,1.1
2023-06-16 15:00,6,15,Weekday,Summer,Yes,228.64,106.67,0.0,48.25,63.02,0.02
2023-06-16 16:00,6,16,Weekday,Summer,Yes,216.42,105.57,0.0,37.53,62.79,1.1
2023-06-16 17:00,6,17,Weekday,Summer,Yes,159.49,88.87,0.0,26.8,36.02,1.1
2023-06-16 18:00,6,18,Weekday,Summer,No,144.47,77.31,0.0,26.8,33.45,0.02
2023-06-16 19:00,6,19,Weekday,Summer,No,117.74,58.92,0.0,16.08,28.09,1.1
2023-06-16 20:00,6,20,Weekday,Summer,No,112.95,51.02,0.0,16.08,26.8,0.02
2023-06-16 21:00,6,21,Weekday,Summer,No,55.67,12.83,0.0,5.36,21.44,1.1
2023-06-16 22:00,6,22,Weekday,Summer,No,57.04,16.5,0.0,2.68,21.44,0.02
2023-06-16 23:00,6,23,Weekday,Summer,No,45.15,5.65,0.0,2.68,21.44,0.02
2023-06-17 00:00,6,0,Weekend,Summer,No,33.58,0.0,0.0,2.68,16.08,0.02
2023-06-17 01:00,6,1,Weekend,Summer,No,40.12,5.86,0.0,2.68,16.08,1.1
2023-06-17 02:00,6,2,Weekend,Summer,No,33.58,0.0,0.0,2.68,16.08,0.02
2023-06-17 03:00,6,3,Weekend,Summer,No,33.58,0.0,0.0,2.68,16.08,0.02
2023-06-17 04:00,6,4,Weekend,Summer,No,33.58,0.0,0.0,2.68,16.08,1.1
2023-06-17 05:00,6,5,Weekend,Summer,No,59.93,23.66,0.3,5.36,21.44,0.02
2023-06-17 06:00,6,6,Weekend,Summer,No,60.32,24.05,0.56,5.36,26.58,1.1
2023-06-17 07:00,6,7,Weekend,Summer,No,93.01,31.1,0.01,26.8,31.3,0.02
2023-06-17 08:00,6,8,Weekend,Summer,No,105.22,40.69,0.0,26.8,33.55,1.1
2023-06-17 09:00,6,9,Weekend,Summer,No,115.15,51.05,0.0,26.8,32.58,0.02
2023-06-17 10:00,6,10,Weekend,Summer,No,124.51,57.92,0.0,26.8,34.83,1.1
2023-06-17 11:00,6,11,Weekend,Summer,No,127.88,62.4,0.0,26.8,33.55,0.02
2023-06-17 12:00,6,12,Weekend,Summer,No,131.96,68.93,0.0,26.8,30.98,1.1
2023-06-17 13:00,6,13,Weekend,Summer,No,105.07,70.63,0.0,8.04,21.33,0.02
2023-06-17 14:00,6,14,Weekend,Summer,No,105.35,71.93,0.0,8.04,20.05,1.1
2023-06-17 15:00,6,15,Weekend,Summer,No,99.55,66.44,0.0,8.04,20.37,0.02
2023-06-17 16:00,6,16,Weekend,Summer,No,90.2,64.98,0.0,2.68,18.01,1.1
2023-06-17 17:00,6,17,Weekend,Summer,No,49.8,28.79,0.0,2.68,16.08,0.02
2023-06-17 18:00,6,18,Weekend,Summer,No,57.68,36.0,0.0,2.68,16.08,0.02
2023-06-17 19:00,6,19,Weekend,Summer,No,63.46,32.11,0.0,2.68,16.08,1.1
2023-06-17 20:00,6,20,Weekend,Summer,No,56.26,20.82,0.0,2.68,16.08,0.02
2023-06-17 21:00,6,21,Weekend,Summer,No,52.19,17.04,0.0,2.68,16.08,0.02
2023-06-17 22:00,6,22,Weekend,Summer,No,49.48,14.47,0.0,2.68,16.08,1.1
2023-06-17 23:00,6,23,Weekend,Summer,No,41.14,6.88,0.0,2.68,16.08,0.02
2023-06-18 00:00,6,0,Weekend,Summer,No,40.82,6.56,0.0,2.68,16.08,0.02
2023-06-18 01:00,6,1,Weekend,Summer,No,33.58,0.0,0.0,2.68,16.08,1.1
2023-06-18 02:00,6,2,Weekend,Summer,No,33.58,0.0,0.0,2.68,16.08,0.02
2023-06-18 03:00,6,3,Weekend,Summer,No,33.58,0.0,0.0,2.68,16.08,0.02
2023-06-18 04:00,6,4,Weekend,Summer,No,33.58,0.0,0.0,2.68,16.08,1.1
2023-06-18 05:00,6,5,Weekend,Summer,No,32.95,8.3,0.0,2.68,16.08,0.02
2023-06-18 06:00,6,6,Weekend,Summer,No,42.05,20.8,0.0,2.68,16.08,0.02
2023-06-18 07:00,6,7,Weekend,Summer,No,49.59,27.63,0.0,2.68,16.08,0.02
2023-06-18 08:00,6,8,Weekend,Summer,No,45.61,24.19,0.0,2.68,16.08,1.1
2023-06-18 09:00,6,9,Weekend,Summer,No,53.55,31.48,0.0,2.68,16.08,0.02
2023-06-18 10:00,6,10,Weekend,Summer,No,47.56,26.21,0.0,2.68,16.08,0.02
2023-06-18 11:00,6,11,Weekend,Summer,No,56.06,34.12,0.0,2.68,16.08,1.1
2023-06-18 12:00,6,12,Weekend,Summer,No,49.33,28.05,0.0,2.68,16.08,0.02
2023-06-18 13:00,6,13,Weekend,Summer,No,58.18,36.27,0.0,2.68,16.08,0.02
2023-06-18 14:00,6,14,Weekend,Summer,No,52.45,31.05,0.0,2.68,16.08,1.1
2023-06-18 15:00,6,15,Weekend,Summer,No,63.11,40.98,0.0,2.68,16.08,0.02
2023-06-18 16:00,6,16,Weekend,Summer,No,58.4,36.71,0.0,2.68,16.08,0.02
2023-06-18 17:00,6,17,Weekend,Summer,No,68.6,46.18,0.0,2.68,16.08,1.1
2023-06-18 18:00,6,18,Weekend,Summer,No,56.65,35.02,0.0,2.68,16.08,0.02
2023-06-18 19:00,6,19,Weekend,Summer,No,69.79,37.95,0.0,2.68,16.08,0.02
2023-06-18 20:00,6,20,Weekend,Summer,No,61.84,25.96,0.0,2.68,16.08,1.1
2023-06-18 21:00,6,21,Weekend,Summer,No,55.54,20.19,0.0,2.68,16.08,0.02
2023-06-18 22:00,6,22,Weekend,Summer,No,47.12,12.36,0.0,2.68,16.08,0.02
2023-06-18 23:00,6,23,Weekend,Summer,No,50.1,14.98,0.0,2.68,16.08,0.02
2023-06-19 00:00,6,0,Weekday,Summer,No,47.63,7.9,0.0,2.68,21.44,1.1
2023-06-19 01:00,6,1,Weekday,Summer,No,51.22,11.08,0.0,2.68,21.44,0.02
2023-06-19 02:00,6,2,Weekday,Summer,No,45.71,6.09,0.0,2.68,21.44,0.02
2023-06-19 03:00,6,3,Weekday,Summer,No,41.24,2.07,0.0,2.68,21.44,1.1
2023-06-19 04:00,6,4,Weekday,Summer,No,46.02,3.95,0.0,5.36,21.44,0.02
2023-06-19 05:00,6,5,Weekday,Summer,No,69.12,32.92,0.0,5.36,21.44,0.02
2023-06-19 06:00,6,6,Weekday,Summer,No,87.15,34.36,0.0,16.08,32.68,1.1
2023-06-19 07:00,6,7,Weekday,Summer,No,174.78,49.76,0.0,48.25,70.4,1.1
2023-06-19 08:00,6,8,Weekday,Summer,Yes,174.96,57.85,0.0,48.25,62.05,1.1
2023-06-19 09:00,6,9,Weekday,Summer,Yes,180.03,64.5,0.0,48.25,60.13,1.1
2023-06-19 10:00,6,10,Weekday,Summer,Yes,186.93,69.18,0.0,48.25,62.05,1.1
2023-06-19 11:00,6,11,Weekday,Summer,Yes,184.81,68.18,0.0,48.25,61.51,1.1
2023-06-19 12:00,6,12,Weekday,Summer,Yes,195.25,75.55,0.0,48.25,63.66,1.1
2023-06-19 13:00,6,13,Weekday,Summer,Yes,198.79,81.92,0.0,48.25,60.13,1.1
2023-06-19 14:00,6,14,Weekday,Summer,Yes,206.86,89.0,0.0,48.25,60.13,1.1
2023-06-19 15:00,6,15,Weekday,Summer,Yes,217.54,95.68,0.0,48.25,63.02,0.02
2023-06-19 16:00,6,16,Weekday,Summer,Yes,205.92,95.31,0.0,37.53,62.79,1.1
2023-06-19 17:00,6,17,Weekday,Summer,Yes,149.38,79.47,0.0,26.8,36.02,1.1
2023-06-19 18:00,6,18,Weekday,Summer,No,134.5,68.66,0.0,26.8,33.45,0.02
2023-06-19 19:00,6,19,Weekday,Summer,No,116.66,58.15,0.0,16.08,28.09,1.1
2023-06-19 20:00,6,20,Weekday,Summer,No,111.47,49.61,0.0,16.08,26.8,0.02
2023-06-19 21:00,6,21,Weekday,Summer,No,55.87,12.94,0.0,5.36,21.44,0.02
2023-06-19 22:00,6,22,Weekday,Summer,No,52.25,12.08,0.0,2.68,21.44,1.1
2023-06-19 23:00,6,23,Weekday,Summer,No,47.37,7.64,0.0,2.68,21.44,0.02
2023-06-20 00:00,6,0,Weekday,Summer,No,51.77,11.56,0.0,2.68,21.44,0.02
2023-06-20 01:00,6,1,Weekday,Summer,No,38.94,0.0,0.0,2.68,21.44,1.1
2023-06-20 02:00,6,2,Weekday,Summer,No,46.13,6.52,0.0,2.68,21.44,0.02
2023-06-20 03:00,6,3,Weekday,Summer,No,50.65,10.56,0.0,2.68,21.44,0.02
2023-06-20 04:00,6,4,Weekday,Summer,No,41.62,0.0,0.0,5.36,21.44,1.1
2023-06-20 05:00,6,5,Weekday,Summer,No,71.03,34.62,0.0,5.36,21.44,0.02
2023-06-20 06:00,6,6,Weekday,Summer,No,89.27,36.42,0.0,16.08,32.68,1.1
2023-06-20 07:00,6,7,Weekday,Summer,No,179.65,54.19,0.0,48.25,70.4,0.02
2023-06-20 08:00,6,8,Weekday,Summer,Yes,180.21,62.48,0.0,48.25,62.05,1.1
2023-06-20 09:00,6,9,Weekday,Summer,Yes,182.88,66.77,0.0,48.25,60.13,1.1
2023-06-20 10:00,6,10,Weekday,Summer,Yes,188.62,70.38,0.0,48.25,62.05,1.1
2023-06-20 11:00,6,11,Weekday,Summer,Yes,185.3,68.41,0.0,48.25,61.51,1.1
2023-06-20 12:00,6,12,Weekday,Summer,Yes,195.16,75.33,0.0,48.25,63.66,1.1
2023-06-20 13:00,6,13,Weekday,Summer,Yes,199.82,82.89,0.0,48.25,60.13,1.1
2023-06-20 14:00,6,14,Weekday,Summer,Yes,207.65,89.54,0.0,48.25,60.13,1.1
2023-06-20 15:00,6,15,Weekday,Summer,Yes,213.53,91.86,0.0,48.25,63.02,1.1
2023-06-20 16:00,6,16,Weekday,Summer,Yes,191.52,82.83,0.0,37.53,62.79,1.1
2023-06-20 17:00,6,17,Weekday,Summer,Yes,124.74,56.71,0.0,26.8,36.02,0.02
2023-06-20 18:00,6,18,Weekday,Summer,No,109.41,44.92,0.0,26.8,33.45,1.1
2023-06-20 19:00,6,19,Weekday,Summer,No,97.26,39.24,0.06,16.08,28.09,0.02
2023-06-20 20:00,6,20,Weekday,Summer,No,99.13,37.51,0.08,16.08,26.8,1.1
2023-06-20 21:00,6,21,Weekday,Summer,No,41.62,0.0,0.0,5.36,21.44,0.02
2023-06-20 22:00,6,22,Weekday,Summer,No,38.94,0.0,0.0,2.68,21.44,0.02
2023-06-20 23:00,6,23,Weekday,Summer,No,45.83,6.21,0.0,2.68,21.44,1.1
2023-06-21 00:00,6,0,Weekday,Summer,No,38.94,0.0,0.0,2.68,21.44,0.02
2023-06-21 01:00,6,1,Weekday,Summer,No,38.94,0.0,0.0,2.68,21.44,0.02
2023-06-21 02:00,6,2,Weekday,Summer,No,38.94,0.0,0.0,2.68,21.44,1.1
2023-06-21 03:00,6,3,Weekday,Summer,No,38.94,0.0,0.0,2.68,21.44,0.02
2023-06-21 04:00,6,4,Weekday,Summer,No,41.62,0.0,0.0,5.36,21.44,0.02
2023-06-21 05:00,6,5,Weekday,Summer,No,61.82,25.02,0.87,5.36,21.44,1.1
2023-06-21 06:00,6,6,Weekday,Summer,No,80.99,27.58,0.83,16.08,32.68,0.02
2023-06-21 07:00,6,7,Weekday,Summer,No,169.53,45.23,0.0,48.25,70.4,1.1
2023-06-21 08:00,6,8,Weekday,Summer,Yes,166.7,50.43,0.0,48.25,62.05,1.1
2023-06-21 09:00,6,9,Weekday,Summer,Yes,168.67,54.1,0.0,48.25,60.13,1.1
2023-06-21 10:00,6,10,Weekday,Summer,Yes,174.74,57.96,0.0,48.25,62.05,1.1
2023-06-21 11:00,6,11,Weekday,Summer,Yes,175.6,59.75,0.0,48.25,61.51,1.1
2023-06-21 12:00,6,12,Weekday,Summer,Yes,186.06,67.21,0.0,48.25,63.66,1.1
2023-06-21 13:00,6,13,Weekday,Summer,Yes,186.42,70.77,0.0,48.25,60.13,1.1
2023-06-21 14:00,6,14,Weekday,Summer,Yes,195.54,78.74,0.0,48.25,60.13,1.1
2023-06-21 15:00,6,15,Weekday,Summer,Yes,208.59,87.65,0.0,48.25,63.02,1.1
2023-06-21 16:00,6,16,Weekday,Summer,Yes,192.16,83.42,0.0,37.53,62.79,0.02
2023-06-21 17:00,6,17,Weekday,Summer,Yes,134.32,65.84,0.0,26.8,36.02,1.1
2023-06-21 18:00,6,18,Weekday,Summer,No,126.62,61.15,0.0,26.8,33.45,0.02
2023-06-21 19:00,6,19,Weekday,Summer,No,104.02,45.71,0.0,16.08,28.09,1.1
2023-06-21 20:00,6,20,Weekday,Summer,No,99.25,37.6,0.0,16.08,26.8,0.02
2023-06-21 21:00,6,21,Weekday,Summer,No,44.88,2.96,0.0,5.36,21.44,1.1
2023-06-21 22:00,6,22,Weekday,Summer,No,41.41,2.24,0.0,2.68,21.44,0.02
2023-06-21 23:00,6,23,Weekday,Summer,No,46.27,6.66,0.0,2.68,21.44,0.02
2023-06-22 00:00,6,0,Weekday,Summer,No,38.94,0.0,0.0,2.68,21.44,0.02
2023-06-22 01:00,6,1,Weekday,Summer,No,38.94,0.0,0.0,2.68,21.44,1.1
2023-06-22 02:00,6,2,Weekday,Summer,No,38.94,0.0,0.0,2.68,21.44,0.02
2023-06-22 03:00,6,3,Weekday,Summer,No,38.94,0.0,0.0,2.68,21.44,0.02
2023-06-22 04:00,6,4,Weekday,Summer,No,41.62,0.0,0.0,5.36,21.44,1.1
2023-06-22 05:00,6,5,Weekday,Summer,No,71.73,35.16,0.52,5.36,21.44,0.02
2023-06-22 06:00,6,6,Weekday,Summer,No,87.38,34.2,0.65,16.08,32.68,1.1
2023-06-22 07:00,6,7,Weekday,Summer,No,169.74,45.89,0.0,48.25,70.4,0.02
2023-06-22 08:00,6,8,Weekday,Summer,Yes,165.19,49.12,0.0,48.25,62.05,1.1
2023-06-22 09:00,6,9,Weekday,Summer,Yes,170.13,55.53,0.0,48.25,60.13,1.1
2023-06-22 10:00,6,10,Weekday,Summer,Yes,178.23,61.3,0.0,48.25,62.05,1.1
2023-06-22 11:00,6,11,Weekday,Summer,Yes,178.24,62.27,0.0,48.25,61.51,1.1
2023-06-22 12:00,6,12,Weekday,Summer,Yes,189.59,70.58,0.0,48.25,63.66,1.1
2023-06-22 13:00,6,13,Weekday,Summer,Yes,194.64,78.6,0.0,48.25,60.13,1.1
2023-06-22 14:00,6,14,Weekday,Summer,Yes,203.25,86.05,0.0,48.25,60.13,1.1
2023-06-22 15:00,6,15,Weekday,Summer,Yes,213.78,92.48,0.0,48.25,63.02,1.1
2023-06-22 16:00,6,16,Weekday,Summer,Yes,196.61,87.71,0.0,37.53,62.79,1.1
2023-06-22 17:00,6,17,Weekday,Summer,Yes,136.6,68.18,0.0,26.8,36.02,0.02
2023-06-22 18:00,6,18,Weekday,Summer,No,126.07,60.21,0.0,26.8,33.45,1.1
2023-06-22 19:00,6,19,Weekday,Summer,No,102.71,44.42,0.0,16.08,28.09,0.02
2023-06-22 20:00,6,20,Weekday,Summer,No,101.98,40.35,0.0,16.08,26.8,1.1
2023-06-22 21:00,6,21,Weekday,Summer,No,44.24,2.4,0.0,5.36,21.44,0.02
2023-06-22 22:00,6,22,Weekday,Summer,No,43.95,4.56,0.0,2.68,21.44,0.02
2023-06-22 23:00,6,23,Weekday,Summer,No,46.12,6.5,0.0,2.68,21.44,1.1
2023-06-23 00:00,6,0,Weekday,Summer,No,43.52,4.13,0.0,2.68,21.44,0.02
2023-06-23 01:00,6,1,Weekday,Summer,No,41.22,2.05,0.0,2.68,21.44,0.02
2023-06-23 02:00,6,2,Weekday,Summer,No,38.94,0.0,0.0,2.68,21.44,1.1
2023-06-23 03:00,6,3,Weekday,Summer,No,38.94,0.0,0.0,2.68,21.44,0.02
2023-06-23 04:00,6,4,Weekday,Summer,No,48.79,6.5,0.0,5.36,21.44,0.02
2023-06-23 05:00,6,5,Weekday,Summer,No,72.56,36.34,0.22,5.36,21.44,1.1
2023-06-23 06:00,6,6,Weekday,Summer,No,86.7,33.95,0.21,16.08,32.68,0.02
2023-06-23 07:00,6,7,Weekday,Summer,No,172.74,48.31,0.0,48.25,70.4,1.1
2023-06-23 08:00,6,8,Weekday,Summer,Yes,172.56,55.76,0.0,48.25,62.05,1.1
2023-06-23 09:00,6,9,Weekday,Summer,Yes,176.7,61.33,0.0,48.25,60.13,1.1
2023-06-23 10:00,6,10,Weekday,Summer,Yes,184.26,66.46,0.0,48.25,62.05,1.1
2023-06-23 11:00,6,11,Weekday,Summer,Yes,184.41,67.47,0.0,48.25,61.51,1.1
2023-06-23 12:00,6,12,Weekday,Summer,Yes,194.75,74.87,0.0,48.25,63.66,1.1
2023-06-23 13:00,6,13,Weekday,Summer,Yes,195.82,79.19,0.0,48.25,60.13,1.1
2023-06-23 14:00,6,14,Weekday,Summer,Yes,202.07,84.51,0.0,48.25,60.13,0.02
2023-06-23 15:00,6,15,Weekday,Summer,Yes,210.94,89.49,0.0,48.25,63.02,1.1
2023-06-23 16:00,6,16,Weekday,Summer,Yes,197.9,87.69,0.0,37.53,62.79,1.1
2023-06-23 17:00,6,17,Weekday,Summer,Yes,141.74,71.86,0.0,26.8,36.02,1.1
2023-06-23 18:00,6,18,Weekday,Summer,No,128.33,62.44,0.0,26.8,33.45,0.02
2023-06-23 19:00,6,19,Weekday,Summer,No,110.86,52.41,0.0,16.08,28.09,1.1
2023-06-23 20:00,6,20,Weekday,Summer,No,109.11,47.28,0.0,16.08,26.8,0.02
2023-06-23 21:00,6,21,Weekday,Summer,No,55.25,12.39,0.0,5.36,21.44,0.02
2023-06-23 22:00,6,22,Weekday,Summer,No,45.65,6.11,0.0,2.68,21.44,1.1
2023-06-23 23:00,6,23,Weekday,Summer,No,51.12,11.03,0.0,2.68,21.44,0.02
2023-06-24 00:00,6,0,Weekend,Summer,No,33.58,0.0,0.0,2.68,16.08,0.02
2023-06-24 01:00,6,1,Weekend,Summer,No,40.66,6.41,0.0,2.68,16.08,1.1
2023-06-24 02:00,6,2,Weekend,Summer,No,33.58,0.0,0.0,2.68,16.08,0.02
2023-06-24 03:00,6,3,Weekend,Summer,No,33.58,0.0,0.0,2.68,16.08,0.02
2023-06-24 04:00,6,4,Weekend,Summer,No,33.58,0.0,0.0,2.68,16.08,1.1
2023-06-24 05:00,6,5,Weekend,Summer,No,67.63,31.39,0.22,5.36,21.44,0.02
2023-06-24 06:00,6,6,Weekend,Summer,No,68.57,32.3,0.41,5.36,26.58,0.02
2023-06-24 07:00,6,7,Weekend,Summer,No,101.33,38.78,0.0,26.8,31.3,1.1
2023-06-24 08:00,6,8,Weekend,Summer,No,110.2,45.1,0.0,26.8,33.55,0.02
2023-06-24 09:00,6,9,Weekend,Summer,No,114.1,49.75,0.0,26.8,32.58,1.1
2023-06-24 10:00,6,10,Weekend,Summer,No,121.63,54.88,0.0,26.8,34.83,1.1
2023-06-24 11:00,6,11,Weekend,Summer,No,124.78,59.27,0.0,26.8,33.55,0.02
2023-06-24 12:00,6,12,Weekend,Summer,No,124.65,61.66,0.0,26.8,30.98,1.1
2023-06-24 13:00,6,13,Weekend,Summer,No,92.06,57.9,0.0,8.04,21.33,0.02
2023-06-24 14:00,6,14,Weekend,Summer,No,94.6,61.41,0.0,8.04,20.05,1.1
2023-06-24 15:00,6,15,Weekend,Summer,No,101.67,67.81,0.0,8.04,20.37,0.02
2023-06-24 16:00,6,16,Weekend,Summer,No,93.2,67.2,0.0,2.68,18.01,0.02
2023-06-24 17:00,6,17,Weekend,Summer,No,55.2,33.46,0.0,2.68,16.08,1.1
2023-06-24 18:00,6,18,Weekend,Summer,No,50.23,28.87,0.0,2.68,16.08,0.02
2023-06-24 19:00,6,19,Weekend,Summer,No,64.3,32.64,0.0,2.68,16.08,0.02
2023-06-24 20:00,6,20,Weekend,Summer,No,54.15,18.76,0.0,2.68,16.08,1.1
2023-06-24 21:00,6,21,Weekend,Summer,No,50.92,15.8,0.0,2.68,16.08,0.02
2023-06-24 22:00,6,22,Weekend,Summer,No,48.48,13.52,0.0,2.68,16.08,0.02
2023-06-24 23:00,6,23,Weekend,Summer,No,40.65,6.39,0.0,2.68,16.08,1.1
2023-06-25 00:00,6,0,Weekend,Summer,No,38.34,4.32,0.0,2.68,16.08,0.02
2023-06-25 01:00,6,1,Weekend,Summer,No,35.89,2.09,0.0,2.68,16.08,0.02
2023-06-25 02:00,6,2,Weekend,Summer,No,40.49,6.23,0.0,2.68,16.08,1.1
2023-06-25 03:00,6,3,Weekend,Summer,No,33.58,0.0,0.0,2.68,16.08,0.02
2023-06-25 04:00,6,4,Weekend,Summer,No,33.58,0.0,0.0,2.68,16.08,0.02
2023-06-25 05:00,6,5,Weekend,Summer,No,29.59,5.22,0.0,2.68,16.08,1.1
2023-06-25 06:00,6,6,Weekend,Summer,No,40.31,19.18,0.0,2.68,16.08,0.02
2023-06-25 07:00,6,7,Weekend,Summer,No,47.7,25.78,0.0,2.68,16.08,0.02
2023-06-25 08:00,6,8,Weekend,Summer,No,42.43,21.13,0.0,2.68,16.08,0.02
2023-06-25 09:00,6,9,Weekend,Summer,No,43.7,22.4,0.0,2.68,16.08,1.1
2023-06-25 10:00,6,10,Weekend,Summer,No,42.25,21.2,0.0,2.68,16.08,0.02
2023-06-25 11:00,6,11,Weekend,Summer,No,41.64,20.68,0.0,2.68,16.08,0.02
2023-06-25 12:00,6,12,Weekend,Summer,No,33.81,13.56,0.0,2.68,16.08,1.1
2023-06-25 13:00,6,13,Weekend,Summer,No,26.26,6.81,0.0,2.68,16.08,0.02
2023-06-25 14:00,6,14,Weekend,Summer,No,18.77,0.0,0.0,2.68,16.08,0.02
2023-06-25 15:00,6,15,Weekend,Summer,No,18.77,0.0,0.0,2.68,16.08,1.1
2023-06-25 16:00,6,16,Weekend,Summer,No,18.77,0.0,0.0,2.68,16.08,0.02
2023-06-25 17:00,6,17,Weekend,Summer,No,30.46,10.56,0.0,2.68,16.08,0.02
2023-06-25 18:00,6,18,Weekend,Summer,No,33.13,13.04,0.0,2.68,16.08,1.1
2023-06-25 19:00,6,19,Weekend,Summer,No,28.64,0.0,0.0,2.68,16.08,0.02
2023-06-25 20:00,6,20,Weekend,Summer,No,33.58,0.0,0.0,2.68,16.08,0.02
2023-06-25 21:00,6,21,Weekend,Summer,No,33.58,0.0,0.0,2.68,16.08,0.02
2023-06-25 22:00,6,22,Weekend,Summer,No,33.58,0.0,0.0,2.68,16.08,1.1
2023-06-25 23:00,6,23,Weekend,Summer,No,33.58,0.0,0.0,2.68,16.08,0.02
2023-06-26 00:00,6,0,Weekday,Summer,No,38.94,0.0,0.0,2.68,21.44,0.02
2023-06-26 01:00,6,1,Weekday,Summer,No,38.94,0.0,0.0,2.68,21.44,1.1
2023-06-26 02:00,6,2,Weekday,Summer,No,38.94,0.0,0.0,2.68,21.44,0.02
2023-06-26 03:00,6,3,Weekday,Summer,No,38.94,0.0,0.0,2.68,21.44,0.02
2023-06-26 04:00,6,4,Weekday,Summer,No,41.62,0.0,0.0,5.36,21.44,1.1
2023-06-26 05:00,6,5,Weekday,Summer,No,68.9,31.23,1.94,5.36,21.44,0.02
2023-06-26 06:00,6,6,Weekday,Summer,No,85.3,30.55,2.2,16.08,32.68,1.1
2023-06-26 07:00,6,7,Weekday,Summer,No,169.66,45.97,0.1,48.25,70.4,0.02
2023-06-26 08:00,6,8,Weekday,Summer,Yes,164.2,48.6,0.0,48.25,62.05,1.1
2023-06-26 09:00,6,9,Weekday,Summer,Yes,164.35,50.44,0.0,48.25,60.13,1.1
2023-06-26 10:00,6,10,Weekday,Summer,Yes,171.41,55.19,0.0,48.25,62.05,1.1
2023-06-26 11:00,6,11,Weekday,Summer,Yes,170.11,54.74,0.0,48.25,61.51,1.1
2023-06-26 12:00,6,12,Weekday,Summer,Yes,179.49,61.2,0.0,48.25,63.66,1.1
2023-06-26 13:00,6,13,Weekday,Summer,Yes,182.69,67.52,0.0,48.25,60.13,1.1
2023-06-26 14:00,6,14,Weekday,Summer,Yes,190.83,74.65,0.0,48.25,60.13,1.1
2023-06-26 15:00,6,15,Weekday,Summer,Yes,199.99,79.92,0.0,48.25,63.02,1.1
2023-06-26 16:00,6,16,Weekday,Summer,Yes,187.92,78.99,0.0,37.53,62.79,0.02
2023-06-26 17:00,6,17,Weekday,Summer,Yes,140.0,70.54,0.0,26.8,36.02,1.1
2023-06-26 18:00,6,18,Weekday,Summer,No,131.32,65.02,0.0,26.8,33.45,0.02
2023-06-26 19:00,6,19,Weekday,Summer,No,106.53,48.18,0.0,16.08,28.09,1.1
2023-06-26 20:00,6,20,Weekday,Summer,No,102.1,40.46,0.0,16.08,26.8,0.02
2023-06-26 21:00,6,21,Weekday,Summer,No,48.88,6.58,0.0,5.36,21.44,1.1
2023-06-26 22:00,6,22,Weekday,Summer,No,38.94,0.0,0.0,2.68,21.44,0.02
2023-06-26 23:00,6,23,Weekday,Summer,No,45.61,6.0,0.0,2.68,21.44,0.02
2023-06-27 00:00,6,0,Weekday,Summer,No,38.94,0.0,0.0,2.68,21.44,1.1
2023-06-27 01:00,6,1,Weekday,Summer,No,44.72,5.1,0.0,2.68,21.44,0.02
2023-06-27 02:00,6,2,Weekday,Summer,No,38.94,0.0,0.0,2.68,21.44,0.02
2023-06-27 03:00,6,3,Weekday,Summer,No,38.94,0.0,0.0,2.68,21.44,1.1
2023-06-27 04:00,6,4,Weekday,Summer,No,41.62,0.0,0.0,5.36,21.44,0.02
2023-06-27 05:00,6,5,Weekday,Summer,No,60.34,23.85,0.57,5.36,21.44,0.02
2023-06-27 06:00,6,6,Weekday,Summer,No,77.17,23.88,0.68,16.08,32.68,1.1
2023-06-27 07:00,6,7,Weekday,Summer,No,159.88,35.63,0.0,48.25,70.4,1.1
2023-06-27 08:00,6,8,Weekday,Summer,Yes,161.46,45.26,0.0,48.25,62.05,0.02
2023-06-27 09:00,6,9,Weekday,Summer,Yes,170.05,55.26,0.0,48.25,60.13,1.1
2023-06-27 10:00,6,10,Weekday,Summer,Yes,178.94,61.7,0.0,48.25,62.05,1.1
2023-06-27 11:00,6,11,Weekday,Summer,Yes,179.75,63.44,0.0,48.25,61.51,1.1
2023-06-27 12:00,6,12,Weekday,Summer,Yes,190.31,71.11,0.0,48.25,63.66,1.1
2023-06-27 13:00,6,13,Weekday,Summer,Yes,189.36,73.46,0.0,48.25,60.13,1.1
2023-06-27 14:00,6,14,Weekday,Summer,Yes,196.58,79.76,0.0,48.25,60.13,1.1
2023-06-27 15:00,6,15,Weekday,Summer,Yes,207.2,86.28,0.0,48.25,63.02,1.1
2023-06-27 16:00,6,16,Weekday,Summer,Yes,197.62,87.63,0.0,37.53,62.79,1.1
2023-06-27 17:00,6,17,Weekday,Summer,Yes,147.75,77.57,0.0,26.8,36.02,0.02
2023-06-27 18:00,6,18,Weekday,Summer,No,139.67,72.73,0.0,26.8,33.45,1.1
2023-06-27 19:00,6,19,Weekday,Summer,No,114.11,55.44,0.0,16.08,28.09,0.02
2023-06-27 20:00,6,20,Weekday,Summer,No,108.61,46.8,0.0,16.08,26.8,1.1
2023-06-27 21:00,6,21,Weekday,Summer,No,55.05,12.22,0.0,5.36,21.44,0.02
2023-06-27 22:00,6,22,Weekday,Summer,No,44.85,5.38,0.0,2.68,21.44,0.02
2023-06-27 23:00,6,23,Weekday,Summer,No,45.76,6.14,0.0,2.68,21.44,0.02
2023-06-28 00:00,6,0,Weekday,Summer,No,41.1,1.94,0.0,2.68,21.44,1.1
2023-06-28 01:00,6,1,Weekday,Summer,No,43.24,3.85,0.0,2.68,21.44,0.02
2023-06-28 02:00,6,2,Weekday,Summer,No,38.94,0.0,0.0,2.68,21.44,0.02
2023-06-28 03:00,6,3,Weekday,Summer,No,44.42,4.8,0.0,2.68,21.44,1.1
2023-06-28 04:00,6,4,Weekday,Summer,No,41.62,0.0,0.0,5.36,21.44,0.02
2023-06-28 05:00,6,5,Weekday,Summer,No,60.17,23.78,0.38,5.36,21.44,0.02
2023-06-28 06:00,6,6,Weekday,Summer,No,77.73,24.68,0.5,16.08,32.68,1.1
2023-06-28 07:00,6,7,Weekday,Summer,No,163.4,39.31,0.0,48.25,70.4,1.1
2023-06-28 08:00,6,8,Weekday,Summer,Yes,167.4,50.84,0.0,48.25,62.05,1.1
2023-06-28 09:00,6,9,Weekday,Summer,Yes,175.72,60.56,0.0,48.25,60.13,0.02
2023-06-28 10:00,6,10,Weekday,Summer,Yes,188.12,70.53,0.0,48.25,62.05,1.1
2023-06-28 11:00,6,11,Weekday,Summer,Yes,192.83,76.09,0.0,48.25,61.51,2.19
2023-06-28 12:00,6,12,Weekday,Summer,Yes,206.21,86.27,0.0,48.25,63.66,1.1
2023-06-28 13:00,6,13,Weekday,Summer,Yes,209.17,92.09,0.0,48.25,60.13,0.02
2023-06-28 14:00,6,14,Weekday,Summer,Yes,216.99,98.86,0.0,48.25,60.13,1.1
2023-06-28 15:00,6,15,Weekday,Summer,Yes,229.68,107.34,0.0,48.25,63.02,1.1
2023-06-28 16:00,6,16,Weekday,Summer,Yes,219.08,107.96,0.0,37.53,62.79,1.1
2023-06-28 17:00,6,17,Weekday,Summer,Yes,159.51,89.39,0.0,26.8,36.02,0.02
2023-06-28 18:00,6,18,Weekday,Summer,No,141.04,75.09,0.0,26.8,33.45,1.1
2023-06-28 19:00,6,19,Weekday,Summer,No,118.95,60.37,0.0,16.08,28.09,0.02
2023-06-28 20:00,6,20,Weekday,Summer,No,113.83,51.93,0.0,16.08,26.8,1.1
2023-06-28 21:00,6,21,Weekday,Summer,No,55.86,13.0,0.0,5.36,21.44,0.02
2023-06-28 22:00,6,22,Weekday,Summer,No,51.56,11.53,0.0,2.68,21.44,0.02
2023-06-28 23:00,6,23,Weekday,Summer,No,46.18,6.58,0.0,2.68,21.44,1.1
2023-06-29 00:00,6,0,Weekday,Summer,No,45.9,6.28,0.0,2.68,21.44,0.02
2023-06-29 01:00,6,1,Weekday,Summer,No,45.54,5.92,0.0,2.68,21.44,0.02
2023-06-29 02:00,6,2,Weekday,Summer,No,38.94,0.0,0.0,2.68,21.44,1.1
2023-06-29 03:00,6,3,Weekday,Summer,No,38.94,0.0,0.0,2.68,21.44,0.02
2023-06-29 04:00,6,4,Weekday,Summer,No,47.58,5.28,0.0,5.36,21.44,0.02
2023-06-29 05:00,6,5,Weekday,Summer,No,66.77,30.62,0.18,5.36,21.44,1.1
2023-06-29 06:00,6,6,Weekday,Summer,No,83.76,31.02,0.2,16.08,32.68,0.02
2023-06-29 07:00,6,7,Weekday,Summer,No,169.25,44.62,0.0,48.25,70.4,1.1
2023-06-29 08:00,6,8,Weekday,Summer,Yes,169.31,52.43,0.0,48.25,62.05,1.1
2023-06-29 09:00,6,9,Weekday,Summer,Yes,177.33,61.84,0.0,48.25,60.13,1.1
2023-06-29 10:00,6,10,Weekday,Summer,Yes,193.21,75.08,0.0,48.25,62.05,1.1
2023-06-29 11:00,6,11,Weekday,Summer,Yes,198.59,81.32,0.0,48.25,61.51,1.1
2023-06-29 12:00,6,12,Weekday,Summer,Yes,213.3,92.65,0.0,48.25,63.66,1.1
2023-06-29 13:00,6,13,Weekday,Summer,Yes,216.79,99.11,0.0,48.25,60.13,1.1
2023-06-29 14:00,6,14,Weekday,Summer,Yes,225.04,106.39,0.0,48.25,60.13,0.02
2023-06-29 15:00,6,15,Weekday,Summer,Yes,235.53,112.82,0.0,48.25,63.02,1.1
2023-06-29 16:00,6,16,Weekday,Summer,Yes,223.12,111.66,0.0,37.53,62.79,1.1
2023-06-29 17:00,6,17,Weekday,Summer,Yes,165.84,94.95,0.0,26.8,36.02,0.02
2023-06-29 18:00,6,18,Weekday,Summer,No,156.1,88.53,0.0,26.8,33.45,1.1
2023-06-29 19:00,6,19,Weekday,Summer,No,130.38,71.23,0.0,16.08,28.09,0.02
2023-06-29 20:00,6,20,Weekday,Summer,No,120.6,58.53,0.0,16.08,26.8,1.1
2023-06-29 21:00,6,21,Weekday,Summer,No,56.74,13.91,0.0,5.36,21.44,0.02
2023-06-29 22:00,6,22,Weekday,Summer,No,58.82,18.2,0.0,2.68,21.44,0.02
2023-06-29 23:00,6,23,Weekday,Summer,No,51.49,11.4,0.0,2.68,21.44,1.1
2023-06-30 00:00,6,0,Weekday,Summer,No,51.44,11.33,0.0,2.68,21.44,0.02
2023-06-30 01:00,6,1,Weekday,Summer,No,48.55,8.72,0.0,2.68,21.44,0.02
2023-06-30 02:00,6,2,Weekday,Summer,No,47.93,8.12,0.0,2.68,21.44,1.1
2023-06-30 03:00,6,3,Weekday,Summer,No,46.0,6.38,0.0,2.68,21.44,0.02
2023-06-30 04:00,6,4,Weekday,Summer,No,41.62,0.0,0.0,5.36,21.44,0.02
2023-06-30 05:00,6,5,Weekday,Summer,No,69.48,33.08,0.0,5.36,21.44,1.1
2023-06-30 06:00,6,6,Weekday,Summer,No,86.24,33.39,0.0,16.08,32.68,0.02
2023-06-30 07:00,6,7,Weekday,Summer,No,175.34,49.82,0.0,48.25,70.4,1.1
2023-06-30 08:00,6,8,Weekday,Summer,Yes,173.7,56.13,0.0,48.25,62.05,1.1
2023-06-30 09:00,6,9,Weekday,Summer,Yes,180.61,64.7,0.0,48.25,60.13,1.1
2023-06-30 10:00,6,10,Weekday,Summer,Yes,191.81,73.54,0.0,48.25,62.05,1.1
2023-06-30 11:00,6,11,Weekday,Summer,Yes,193.29,75.77,0.0,48.25,61.51,1.1
2023-06-30 12:00,6,12,Weekday,Summer,Yes,208.78,87.83,0.0,48.25,63.66,1.1
2023-06-30 13:00,6,13,Weekday,Summer,Yes,215.82,97.84,0.0,48.25,60.13,1.1
2023-06-30 14:00,6,14,Weekday,Summer,Yes,224.03,104.96,0.0,48.25,60.13,0.02
2023-06-30 15:00,6,15,Weekday,Summer,Yes,236.31,113.18,0.0,48.25,63.02,1.1
2023-06-30 16:00,6,16,Weekday,Summer,Yes,217.3,106.27,0.0,37.53,62.79,1.1
2023-06-30 17:00,6,17,Weekday,Summer,Yes,161.12,90.45,0.0,26.8,36.02,1.1
2023-06-30 18:00,6,18,Weekday,Summer,No,154.58,86.95,0.0,26.8,33.45,0.02
2023-06-30 19:00,6,19,Weekday,Summer,No,126.45,67.32,0.0,16.08,28.09,1.1
2023-06-30 20:00,6,20,Weekday,Summer,No,116.82,54.75,0.0,16.08,26.8,0.02
2023-06-30 21:00,6,21,Weekday,Summer,No,57.16,14.2,0.0,5.36,21.44,0.02
2023-06-30 22:00,6,22,Weekday,Summer,No,55.72,15.29,0.0,2.68,21.44,1.1
2023-06-30 23:00,6,23,Weekday,Summer,No,51.41,11.29,0.0,2.68,21.44,0.02
2023-07-01 00:00,7,0,Weekend,Summer,No,40.73,6.47,0.0,2.68,16.08,0.02
2023-07-01 01:00,7,1,Weekend,Summer,No,33.58,0.0,0.0,2.68,16.08,0.02
2023-07-01 02:00,7,2,Weekend,Summer,No,40.19,5.93,0.0,2.68,16.08,1.1
2023-07-01 03:00,7,3,Weekend,Summer,No,33.58,0.0,0.0,2.68,16.08,0.02
2023-07-01 04:00,7,4,Weekend,Summer,No,33.58,0.0,0.0,2.68,16.08,0.02
2023-07-01 05:00,7,5,Weekend,Summer,No,64.39,28.16,0.11,5.36,21.44,1.1
2023-07-01 06:00,7,6,Weekend,Summer,No,64.93,28.92,0.23,5.36,26.58,0.02
2023-07-01 07:00,7,7,Weekend,Summer,No,98.65,36.21,0.0,26.8,31.3,1.1
2023-07-01 08:00,7,8,Weekend,Summer,No,110.41,45.3,0.0,26.8,33.55,0.02
2023-07-01 09:00,7,9,Weekend,Summer,No,114.99,50.59,0.0,26.8,32.58,1.1
2023-07-01 10:00,7,10,Weekend,Summer,No,121.26,54.58,0.0,26.8,34.83,0.02
2023-07-01 11:00,7,11,Weekend,Summer,No,125.68,60.16,0.0,26.8,33.55,1.1
2023-07-01 12:00,7,12,Weekend,Summer,No,128.16,65.2,0.0,26.8,30.98,0.02
2023-07-01 13:00,7,13,Weekend,Summer,No,102.06,67.87,0.0,8.04,21.33,1.1
2023-07-01 14:00,7,14,Weekend,Summer,No,106.4,73.16,0.0,8.04,20.05,0.02
2023-07-01 15:00,7,15,Weekend,Summer,No,108.41,74.56,0.0,8.04,20.37,1.1
2023-07-01 16:00,7,16,Weekend,Summer,No,101.33,75.17,0.0,2.68,18.01,0.02
2023-07-01 17:00,7,17,Weekend,Summer,No,58.13,36.38,0.0,2.68,16.08,0.02
2023-07-01 18:00,7,18,Weekend,Summer,No,52.07,30.73,0.0,2.68,16.08,1.1
2023-07-01 19:00,7,19,Weekend,Summer,No,66.36,34.7,0.0,2.68,16.08,0.02
2023-07-01 20:00,7,20,Weekend,Summer,No,56.04,20.6,0.0,2.68,16.08,0.02
2023-07-01 21:00,7,21,Weekend,Summer,No,53.83,18.57,0.0,2.68,16.08,1.1
2023-07-01 22:00,7,22,Weekend,Summer,No,49.05,14.11,0.0,2.68,16.08,0.02
2023-07-01 23:00,7,23,Weekend,Summer,No,45.41,10.73,0.0,2.68,16.08,0.02
2023-07-02 00:00,7,0,Weekend,Summer,No,40.76,6.51,0.0,2.68,16.08,1.1
2023-07-02 01:00,7,1,Weekend,Summer,No,33.58,0.0,0.0,2.68,16.08,0.02
2023-07-02 02:00,7,2,Weekend,Summer,No,33.58,0.0,0.0,2.68,16.08,0.02
2023-07-02 03:00,7,3,Weekend,Summer,No,33.58,0.0,0.0,2.68,16.08,1.1
2023-07-02 04:00,7,4,Weekend,Summer,No,33.58,0.0,0.0,2.68,16.08,0.02
2023-07-02 05:00,7,5,Weekend,Summer,No,32.35,7.7,0.0,2.68,16.08,0.02
2023-07-02 06:00,7,6,Weekend,Summer,No,41.48,20.23,0.0,2.68,16.08,1.1
2023-07-02 07:00,7,7,Weekend,Summer,No,49.28,27.32,0.0,2.68,16.08,0.02
2023-07-02 08:00,7,8,Weekend,Summer,No,45.66,24.24,0.0,2.68,16.08,0.02
2023-07-02 09:00,7,9,Weekend,Summer,No,54.95,32.88,0.0,2.68,16.08,0.02
2023-07-02 10:00,7,10,Weekend,Summer,No,48.77,27.41,0.0,2.68,16.08,1.1
2023-07-02 11:00,7,11,Weekend,Summer,No,57.33,35.38,0.0,2.68,16.08,0.02
2023-07-02 12:00,7,12,Weekend,Summer,No,52.01,30.67,0.0,2.68,16.08,0.02
2023-07-02 13:00,7,13,Weekend,Summer,No,61.62,39.63,0.0,2.68,16.08,1.1
2023-07-02 14:00,7,14,Weekend,Summer,No,55.15,33.69,0.0,2.68,16.08,0.02
2023-07-02 15:00,7,15,Weekend,Summer,No,64.9,42.74,0.0,2.68,16.08,0.02
2023-07-02 16:00,7,16,Weekend,Summer,No,57.29,35.64,0.0,2.68,16.08,1.1
2023-07-02 17:00,7,17,Weekend,Summer,No,63.7,41.6,0.0,2.68,16.08,0.02
2023-07-02 18:00,7,18,Weekend,Summer,No,52.52,31.12,0.0,2.68,16.08,0.02
2023-07-02 19:00,7,19,Weekend,Summer,No,64.42,32.81,0.0,2.68,16.08,0.02
2023-07-02 20:00,7,20,Weekend,Summer,No,55.01,19.59,0.0,2.68,16.08,1.1
2023-07-02 21:00,7,21,Weekend,Summer,No,53.42,18.07,0.0,2.68,16.08,0.02
2023-07-02 22:00,7,22,Weekend,Summer,No,46.39,11.64,0.0,2.68,16.08,0.02
2023-07-02 23:00,7,23,Weekend,Summer,No,50.81,15.62,0.0,2.68,16.08,1.1
2023-07-03 00:00,7,0,Weekday,Summer,No,50.79,10.69,0.0,2.68,21.44,0.02
2023-07-03 01:00,7,1,Weekday,Summer,No,45.86,6.24,0.0,2.68,21.44,0.02
2023-07-03 02:00,7,2,Weekday,Summer,No,45.35,5.73,0.0,2.68,21.44,1.1
2023-07-03 03:00,7,3,Weekday,Summer,No,41.12,1.96,0.0,2.68,21.44,0.02
2023-07-03 04:00,7,4,Weekday,Summer,No,45.88,3.81,0.0,5.36,21.44,0.02
2023-07-03 05:00,7,5,Weekday,Summer,No,67.25,31.08,0.01,5.36,21.44,1.1
2023-07-03 06:00,7,6,Weekday,Summer,No,84.96,32.25,0.01,16.08,32.68,0.02
2023-07-03 07:00,7,7,Weekday,Summer,No,175.67,50.75,0.0,48.25,70.4,1.1
2023-07-03 08:00,7,8,Weekday,Summer,Yes,176.44,59.3,0.0,48.25,62.05,1.1
2023-07-03 09:00,7,9,Weekday,Summer,Yes,181.87,66.29,0.0,48.25,60.13,1.1
2023-07-03 10:00,7,10,Weekday,Summer,Yes,189.85,72.03,0.0,48.25,62.05,1.1
2023-07-03 11:00,7,11,Weekday,Summer,Yes,190.0,73.32,0.0,48.25,61.51,1.1
2023-07-03 12:00,7,12,Weekday,Summer,Yes,206.3,86.24,0.0,48.25,63.66,1.1
2023-07-03 13:00,7,13,Weekday,Summer,Yes,210.72,93.74,0.0,48.25,60.13,1.1
2023-07-03 14:00,7,14,Weekday,Summer,Yes,220.74,102.46,0.0,48.25,60.13,0.02
2023-07-03 15:00,7,15,Weekday,Summer,Yes,226.87,104.84,0.0,48.25,63.02,1.1
2023-07-03 16:00,7,16,Weekday,Summer,Yes,211.49,101.09,0.0,37.53,62.79,1.1
2023-07-03 17:00,7,17,Weekday,Summer,Yes,153.17,83.37,0.0,26.8,36.02,0.02
2023-07-03 18:00,7,18,Weekday,Summer,No,141.25,74.89,0.0,26.8,33.45,1.1
2023-07-03 19:00,7,19,Weekday,Summer,No,119.6,60.91,0.0,16.08,28.09,0.02
2023-07-03 20:00,7,20,Weekday,Summer,No,115.51,53.57,0.0,16.08,26.8,1.1
2023-07-03 21:00,7,21,Weekday,Summer,No,55.89,13.08,0.0,5.36,21.44,0.02
2023-07-03 22:00,7,22,Weekday,Summer,No,57.13,16.64,0.0,2.68,21.44,0.02
2023-07-03 23:00,7,23,Weekday,Summer,No,52.52,12.37,0.0,2.68,21.44,1.1
2023-07-04 00:00,7,0,Weekday,Summer,No,48.88,13.87,0.0,2.68,16.08,0.02
2023-07-04 01:00,7,1,Weekday,Summer,No,40.87,6.61,0.0,2.68,16.08,0.02
2023-07-04 02:00,7,2,Weekday,Summer,No,35.93,2.12,0.0,2.68,16.08,1.1
2023-07-04 03:00,7,3,Weekday,Summer,No,40.56,6.3,0.0,2.68,16.08,0.02
2023-07-04 04:00,7,4,Weekday,Summer,No,33.58,0.0,0.0,2.68,16.08,0.02
2023-07-04 05:00,7,5,Weekday,Summer,No,31.63,7.13,0.0,2.68,16.08,0.02
2023-07-04 06:00,7,6,Weekday,Summer,No,33.61,13.3,0.0,2.68,16.08,1.1
2023-07-04 07:00,7,7,Weekday,Summer,No,42.78,21.59,0.0,2.68,16.08,0.02
2023-07-04 08:00,7,8,Weekday,Summer,Yes,47.98,26.3,0.0,2.68,16.08,0.02
2023-07-04 09:00,7,9,Weekday,Summer,Yes,46.06,24.63,0.0,2.68,16.08,1.1
2023-07-04 10:00,7,10,Weekday,Summer,Yes,50.4,28.67,0.0,2.68,16.08,0.02
2023-07-04 11:00,7,11,Weekday,Summer,Yes,48.81,27.35,0.0,2.68,16.08,0.02
2023-07-04 12:00,7,12,Weekday,Summer,Yes,51.8,30.13,0.0,2.68,16.08,1.1
2023-07-04 13:00,7,13,Weekday,Summer,Yes,49.11,27.67,0.0,2.68,16.08,0.02
2023-07-04 14:00,7,14,Weekday,Summer,Yes,52.69,30.98,0.0,2.68,16.08,0.02
2023-07-04 15:00,7,15,Weekday,Summer,Yes,50.36,28.83,0.0,2.68,16.08,1.1
2023-07-04 16:00,7,16,Weekday,Summer,Yes,53.81,32.03,0.0,2.68,16.08,0.02
2023-07-04 17:00,7,17,Weekday,Summer,Yes,51.89,30.3,0.0,2.68,16.08,0.02
2023-07-04 18:00,7,18,Weekday,Summer,No,54.33,32.59,0.0,2.68,16.08,0.02
2023-07-04 19:00,7,19,Weekday,Summer,No,54.85,23.97,0.0,2.68,16.08,1.1
2023-07-04 20:00,7,20,Weekday,Summer,No,56.71,21.1,0.0,2.68,16.08,0.02
2023-07-04 21:00,7,21,Weekday,Summer,No,49.01,14.03,0.0,2.68,16.08,0.02
2023-07-04 22:00,7,22,Weekday,Summer,No,51.09,15.89,0.0,2.68,16.08,1.1
2023-07-04 23:00,7,23,Weekday,Summer,No,47.11,12.26,0.0,2.68,16.08,0.02
2023-07-05 00:00,7,0,Weekday,Summer,No,50.65,10.61,0.0,2.68,21.44,0.02
2023-07-05 01:00,7,1,Weekday,Summer,No,48.34,8.51,0.0,2.68,21.44,1.1
2023-07-05 02:00,7,2,Weekday,Summer,No,50.47,10.4,0.0,2.68,21.44,0.02
2023-07-05 03:00,7,3,Weekday,Summer,No,43.54,4.15,0.0,2.68,21.44,0.02
2023-07-05 04:00,7,4,Weekday,Summer,No,48.54,6.24,0.0,5.36,21.44,1.1
2023-07-05 05:00,7,5,Weekday,Summer,No,69.91,33.75,0.0,5.36,21.44,0.02
2023-07-05 06:00,7,6,Weekday,Summer,No,88.0,35.43,0.0,16.08,32.68,0.02
2023-07-05 07:00,7,7,Weekday,Summer,No,168.73,44.85,0.0,48.25,70.4,1.1
2023-07-05 08:00,7,8,Weekday,Summer,Yes,171.4,55.11,0.0,48.25,62.05,1.1
2023-07-05 09:00,7,9,Weekday,Summer,Yes,174.14,59.51,0.0,48.25,60.13,1.1
2023-07-05 10:00,7,10,Weekday,Summer,Yes,182.43,64.96,0.0,48.25,62.05,1.1
2023-07-05 11:00,7,11,Weekday,Summer,Yes,185.03,68.19,0.0,48.25,61.51,1.1
2023-07-05 12:00,7,12,Weekday,Summer,Yes,197.28,77.36,0.0,48.25,63.66,1.1
2023-07-05 13:00,7,13,Weekday,Summer,Yes,203.29,86.31,0.0,48.25,60.13,1.1
2023-07-05 14:00,7,14,Weekday,Summer,Yes,208.18,90.66,0.0,48.25,60.13,0.02
2023-07-05 15:00,7,15,Weekday,Summer,Yes,218.64,97.39,0.0,48.25,63.02,1.1
2023-07-05 16:00,7,16,Weekday,Summer,Yes,199.22,90.22,0.0,37.53,62.79,1.1
2023-07-05 17:00,7,17,Weekday,Summer,Yes,142.18,73.2,0.0,26.8,36.02,1.1
2023-07-05 18:00,7,18,Weekday,Summer,No,133.7,67.85,0.0,26.8,33.45,0.02
2023-07-05 19:00,7,19,Weekday,Summer,No,115.4,56.84,0.0,16.08,28.09,1.1
2023-07-05 20:00,7,20,Weekday,Summer,No,114.15,52.24,0.0,16.08,26.8,0.02
2023-07-05 21:00,7,21,Weekday,Summer,No,56.47,13.62,0.0,5.36,21.44,0.02
2023-07-05 22:00,7,22,Weekday,Summer,No,56.87,16.38,0.0,2.68,21.44,1.1
2023-07-05 23:00,7,23,Weekday,Summer,No,50.61,10.62,0.0,2.68,21.44,0.02
2023-07-06 00:00,7,0,Weekday,Summer,No,54.89,14.49,0.0,2.68,21.44,0.02
2023-07-06 01:00,7,1,Weekday,Summer,No,53.41,13.11,0.0,2.68,21.44,0.02
2023-07-06 02:00,7,2,Weekday,Summer,No,52.52,12.27,0.0,2.68,21.44,1.1
2023-07-06 03:00,7,3,Weekday,Summer,No,41.27,2.11,0.0,2.68,21.44,0.02
2023-07-06 04:00,7,4,Weekday,Summer,No,48.52,6.23,0.0,5.36,21.44,0.02
2023-07-06 05:00,7,5,Weekday,Summer,No,69.5,33.3,0.02,5.36,21.44,1.1
2023-07-06 06:00,7,6,Weekday,Summer,No,86.4,33.79,0.0,16.08,32.68,0.02
2023-07-06 07:00,7,7,Weekday,Summer,No,176.04,51.03,0.0,48.25,70.4,1.1
2023-07-06 08:00,7,8,Weekday,Summer,Yes,175.78,58.79,0.0,48.25,62.05,1.1
2023-07-06 09:00,7,9,Weekday,Summer,Yes,181.45,65.82,0.0,48.25,60.13,1.1
2023-07-06 10:00,7,10,Weekday,Summer,Yes,191.76,73.63,0.0,48.25,62.05,1.1
2023-07-06 11:00,7,11,Weekday,Summer,Yes,192.85,75.67,0.0,48.25,61.51,1.1
2023-07-06 12:00,7,12,Weekday,Summer,Yes,207.05,86.62,0.0,48.25,63.66,1.1
2023-07-06 13:00,7,13,Weekday,Summer,Yes,210.99,93.41,0.0,48.25,60.13,1.1
2023-07-06 14:00,7,14,Weekday,Summer,Yes,221.74,103.1,0.0,48.25,60.13,0.02
2023-07-06 15:00,7,15,Weekday,Summer,Yes,233.51,110.91,0.0,48.25,63.02,1.1
2023-07-06 16:00,7,16,Weekday,Summer,Yes,215.93,104.99,0.0,37.53,62.79,1.1
2023-07-06 17:00,7,17,Weekday,Summer,Yes,156.07,85.73,0.0,26.8,36.02,0.02
2023-07-06 18:00,7,18,Weekday,Summer,No,145.0,77.86,0.0,26.8,33.45,1.1
2023-07-06 19:00,7,19,Weekday,Summer,No,121.18,62.2,0.0,16.08,28.09,0.02
2023-07-06 20:00,7,20,Weekday,Summer,No,116.95,54.88,0.0,16.08,26.8,1.1
2023-07-06 21:00,7,21,Weekday,Summer,No,58.35,15.36,0.0,5.36,21.44,0.02
2023-07-06 22:00,7,22,Weekday,Summer,No,61.05,20.19,0.0,2.68,21.44,0.02
2023-07-06 23:00,7,23,Weekday,Summer,No,50.33,10.39,0.0,2.68,21.44,1.1
2023-07-07 00:00,7,0,Weekday,Summer,No,49.31,9.48,0.0,2.68,21.44,0.02
2023-07-07 01:00,7,1,Weekday,Summer,No,53.73,13.48,0.0,2.68,21.44,0.02
2023-07-07 02:00,7,2,Weekday,Summer,No,47.01,7.39,0.0,2.68,21.44,1.1
2023-07-07 03:00,7,3,Weekday,Summer,No,38.94,0.0,0.0,2.68,21.44,0.02
2023-07-07 04:00,7,4,Weekday,Summer,No,50.23,7.93,0.0,5.36,21.44,0.02
2023-07-07 05:00,7,5,Weekday,Summer,No,74.46,38.09,0.0,5.36,21.44,1.1
2023-07-07 06:00,7,6,Weekday,Summer,No,90.75,38.13,0.0,16.08,32.68,0.02
2023-07-07 07:00,7,7,Weekday,Summer,No,182.38,57.46,0.0,48.25,70.4,1.1
2023-07-07 08:00,7,8,Weekday,Summer,Yes,181.88,64.99,0.0,48.25,62.05,1.1
2023-07-07 09:00,7,9,Weekday,Summer,Yes,189.61,73.97,0.0,48.25,60.13,0.02
2023-07-07 10:00,7,10,Weekday,Summer,Yes,199.32,81.16,0.0,48.25,62.05,1.1
2023-07-07 11:00,7,11,Weekday,Summer,Yes,201.14,83.99,0.0,48.25,61.51,2.19
2023-07-07 12:00,7,12,Weekday,Summer,Yes,213.12,92.81,0.0,48.25,63.66,1.1
2023-07-07 13:00,7,13,Weekday,Summer,Yes,217.01,99.64,0.0,48.25,60.13,0.02
2023-07-07 14:00,7,14,Weekday,Summer,Yes,226.02,107.43,0.0,48.25,60.13,1.1
2023-07-07 15:00,7,15,Weekday,Summer,Yes,235.62,113.06,0.0,48.25,63.02,1.1
2023-07-07 16:00,7,16,Weekday,Summer,Yes,218.33,107.53,0.0,37.53,62.79,1.1
2023-07-07 17:00,7,17,Weekday,Summer,Yes,156.58,86.73,0.0,26.8,36.02,0.02
2023-07-07 18:00,7,18,Weekday,Summer,No,143.45,77.2,0.0,26.8,33.45,1.1
2023-07-07 19:00,7,19,Weekday,Summer,No,112.76,54.23,0.0,16.08,28.09,0.02
2023-07-07 20:00,7,20,Weekday,Summer,No,106.61,44.86,0.0,16.08,26.8,1.1
2023-07-07 21:00,7,21,Weekday,Summer,No,49.7,7.41,0.0,5.36,21.44,0.02
2023-07-07 22:00,7,22,Weekday,Summer,No,51.32,11.29,0.0,2.68,21.44,0.02
2023-07-07 23:00,7,23,Weekday,Summer,No,44.42,5.03,0.0,2.68,21.44,0.02
2023-07-08 00:00,7,0,Weekend,Summer,No,38.82,4.79,0.0,2.68,16.08,1.1
2023-07-08 01:00,7,1,Weekend,Summer,No,33.58,0.0,0.0,2.68,16.08,0.02
2023-07-08 02:00,7,2,Weekend,Summer,No,41.82,7.56,0.0,2.68,16.08,0.02
2023-07-08 03:00,7,3,Weekend,Summer,No,33.58,0.0,0.0,2.68,16.08,1.1
2023-07-08 04:00,7,4,Weekend,Summer,No,33.58,0.0,0.0,2.68,16.08,0.02
2023-07-08 05:00,7,5,Weekend,Summer,No,75.56,39.2,0.0,5.36,21.44,0.02
2023-07-08 06:00,7,6,Weekend,Summer,No,73.41,37.64,0.06,5.36,26.58,1.1
2023-07-08 07:00,7,7,Weekend,Summer,No,103.91,41.93,0.0,26.8,31.3,0.02
2023-07-08 08:00,7,8,Weekend,Summer,No,111.55,47.05,0.0,26.8,33.55,1.1
2023-07-08 09:00,7,9,Weekend,Summer,No,118.4,54.46,0.0,26.8,32.58,0.02
2023-07-08 10:00,7,10,Weekend,Summer,No,129.4,62.86,0.0,26.8,34.83,1.1
2023-07-08 11:00,7,11,Weekend,Summer,No,131.72,66.42,0.0,26.8,33.55,0.02
2023-07-08 12:00,7,12,Weekend,Summer,No,132.59,69.8,0.0,26.8,30.98,1.1
2023-07-08 13:00,7,13,Weekend,Summer,No,104.53,70.43,0.0,8.04,21.33,0.02
2023-07-08 14:00,7,14,Weekend,Summer,No,109.14,75.9,0.0,8.04,20.05,1.1
2023-07-08 15:00,7,15,Weekend,Summer,No,114.59,80.59,0.0,8.04,20.37,0.02
2023-07-08 16:00,7,16,Weekend,Summer,No,104.28,78.1,0.0,2.68,18.01,1.1
2023-07-08 17:00,7,17,Weekend,Summer,No,59.2,37.45,0.0,2.68,16.08,0.02
2023-07-08 18:00,7,18,Weekend,Summer,No,53.03,31.7,0.0,2.68,16.08,0.02
2023-07-08 19:00,7,19,Weekend,Summer,No,66.48,34.82,0.0,2.68,16.08,1.1
2023-07-08 20:00,7,20,Weekend,Summer,No,53.9,18.55,0.0,2.68,16.08,0.02
2023-07-08 21:00,7,21,Weekend,Summer,No,41.12,6.9,0.0,2.68,16.08,0.02
2023-07-08 22:00,7,22,Weekend,Summer,No,39.71,5.68,0.0,2.68,16.08,1.1
2023-07-08 23:00,7,23,Weekend,Summer,No,41.83,7.57,0.0,2.68,16.08,0.02
2023-07-09 00:00,7,0,Weekend,Summer,No,33.58,0.0,0.0,2.68,16.08,0.02
2023-07-09 01:00,7,1,Weekend,Summer,No,41.69,7.43,0.0,2.68,16.08,1.1
2023-07-09 02:00,7,2,Weekend,Summer,No,33.58,0.0,0.0,2.68,16.08,0.02
2023-07-09 03:00,7,3,Weekend,Summer,No,33.58,0.0,0.0,2.68,16.08,0.02
2023-07-09 04:00,7,4,Weekend,Summer,No,33.58,0.0,0.0,2.68,16.08,0.02
2023-07-09 05:00,7,5,Weekend,Summer,No,25.04,1.22,0.0,2.68,16.08,1.1
2023-07-09 06:00,7,6,Weekend,Summer,No,42.35,21.57,0.0,2.68,16.08,0.02
2023-07-09 07:00,7,7,Weekend,Summer,No,43.35,22.28,0.0,2.68,16.08,0.02
2023-07-09 08:00,7,8,Weekend,Summer,No,53.4,31.46,0.0,2.68,16.08,1.1
2023-07-09 09:00,7,9,Weekend,Summer,No,47.66,26.31,0.0,2.68,16.08,0.02
2023-07-09 10:00,7,10,Weekend,Summer,No,55.3,33.35,0.0,2.68,16.08,0.02
2023-07-09 11:00,7,11,Weekend,Summer,No,49.46,28.16,0.0,2.68,16.08,1.1
2023-07-09 12:00,7,12,Weekend,Summer,No,58.17,36.27,0.0,2.68,16.08,0.02
2023-07-09 13:00,7,13,Weekend,Summer,No,52.26,30.92,0.0,2.68,16.08,0.02
2023-07-09 14:00,7,14,Weekend,Summer,No,61.45,39.46,0.0,2.68,16.08,1.1
2023-07-09 15:00,7,15,Weekend,Summer,No,55.31,33.81,0.0,2.68,16.08,0.02
2023-07-09 16:00,7,16,Weekend,Summer,No,61.21,39.2,0.0,2.68,16.08,0.02
2023-07-09 17:00,7,17,Weekend,Summer,No,48.24,26.9,0.0,2.68,16.08,0.02
2023-07-09 18:00,7,18,Weekend,Summer,No,47.13,25.94,0.0,2.68,16.08,1.1
2023-07-09 19:00,7,19,Weekend,Summer,No,39.24,9.79,0.0,2.68,16.08,0.02
2023-07-09 20:00,7,20,Weekend,Summer,No,42.68,8.43,0.0,2.68,16.08,0.02
2023-07-09 21:00,7,21,Weekend,Summer,No,42.26,8.01,0.0,2.68,16.08,1.1
2023-07-09 22:00,7,22,Weekend,Summer,No,39.09,5.07,0.0,2.68,16.08,0.02
2023-07-09 23:00,7,23,Weekend,Summer,No,36.31,2.51,0.0,2.68,16.08,0.02
2023-07-10 00:00,7,0,Weekday,Summer,No,46.92,7.3,0.0,2.68,21.44,1.1
2023-07-10 01:00,7,1,Weekday,Summer,No,38.94,0.0,0.0,2.68,21.44,0.02
2023-07-10 02:00,7,2,Weekday,Summer,No,38.94,0.0,0.0,2.68,21.44,0.02
2023-07-10 03:00,7,3,Weekday,Summer,No,38.94,0.0,0.0,2.68,21.44,0.02
2023-07-10 04:00,7,4,Weekday,Summer,No,49.41,7.11,0.0,5.36,21.44,1.1
2023-07-10 05:00,7,5,Weekday,Summer,No,76.95,40.44,0.65,5.36,21.44,0.02
2023-07-10 06:00,7,6,Weekday,Summer,No,93.13,39.97,0.62,16.08,32.68,1.1
2023-07-10 07:00,7,7,Weekday,Summer,No,172.79,48.82,0.0,48.25,70.4,0.02
2023-07-10 08:00,7,8,Weekday,Summer,Yes,172.89,56.68,0.0,48.25,62.05,1.1
2023-07-10 09:00,7,9,Weekday,Summer,Yes,178.15,63.36,0.0,48.25,60.13,1.1
2023-07-10 10:00,7,10,Weekday,Summer,Yes,183.94,66.91,0.0,48.25,62.05,1.1
2023-07-10 11:00,7,11,Weekday,Summer,Yes,181.32,65.31,0.0,48.25,61.51,1.1
2023-07-10 12:00,7,12,Weekday,Summer,Yes,191.67,72.69,0.0,48.25,63.66,1.1
2023-07-10 13:00,7,13,Weekday,Summer,Yes,196.65,80.61,0.0,48.25,60.13,1.1
2023-07-10 14:00,7,14,Weekday,Summer,Yes,205.54,88.43,0.0,48.25,60.13,1.1
2023-07-10 15:00,7,15,Weekday,Summer,Yes,214.72,93.7,0.0,48.25,63.02,1.1
2023-07-10 16:00,7,16,Weekday,Summer,Yes,200.29,90.6,0.0,37.53,62.79,0.02
2023-07-10 17:00,7,17,Weekday,Summer,Yes,138.9,69.81,0.0,26.8,36.02,1.1
2023-07-10 18:00,7,18,Weekday,Summer,No,121.36,56.03,0.0,26.8,33.45,0.02
2023-07-10 19:00,7,19,Weekday,Summer,No,101.67,43.51,0.0,16.08,28.09,1.1
2023-07-10 20:00,7,20,Weekday,Summer,No,105.54,43.94,0.0,16.08,26.8,0.02
2023-07-10 21:00,7,21,Weekday,Summer,No,41.62,0.0,0.0,5.36,21.44,0.02
2023-07-10 22:00,7,22,Weekday,Summer,No,47.61,7.99,0.0,2.68,21.44,1.1
2023-07-10 23:00,7,23,Weekday,Summer,No,38.94,0.0,0.0,2.68,21.44,0.02
2023-07-11 00:00,7,0,Weekday,Summer,No,38.94,0.0,0.0,2.68,21.44,0.02
2023-07-11 01:00,7,1,Weekday,Summer,No,38.94,0.0,0.0,2.68,21.44,1.1
2023-07-11 02:00,7,2,Weekday,Summer,No,38.94,0.0,0.0,2.68,21.44,0.02
2023-07-11 03:00,7,3,Weekday,Summer,No,38.94,0.0,0.0,2.68,21.44,0.02
2023-07-11 04:00,7,4,Weekday,Summer,No,41.62,0.0,0.0,5.36,21.44,1.1
2023-07-11 05:00,7,5,Weekday,Summer,No,77.49,40.67,0.85,5.36,21.44,0.02
2023-07-11 06:00,7,6,Weekday,Summer,No,94.55,41.09,0.87,16.08,32.68,0.02
2023-07-11 07:00,7,7,Weekday,Summer,No,182.74,58.57,0.0,48.25,70.4,1.1
2023-07-11 08:00,7,8,Weekday,Summer,Yes,170.04,54.04,0.0,48.25,62.05,1.1
2023-07-11 09:00,7,9,Weekday,Summer,Yes,170.31,55.92,0.0,48.25,60.13,1.1
2023-07-11 10:00,7,10,Weekday,Summer,Yes,176.39,59.51,0.0,48.25,62.05,1.1
2023-07-11 11:00,7,11,Weekday,Summer,Yes,176.44,60.46,0.0,48.25,61.51,1.1
2023-07-11 12:00,7,12,Weekday,Summer,Yes,187.95,69.12,0.0,48.25,63.66,1.1
2023-07-11 13:00,7,13,Weekday,Summer,Yes,190.39,74.69,0.0,48.25,60.13,1.1
2023-07-11 14:00,7,14,Weekday,Summer,Yes,196.86,80.29,0.0,48.25,60.13,0.02
2023-07-11 15:00,7,15,Weekday,Summer,Yes,207.41,86.98,0.0,48.25,63.02,1.1
2023-07-11 16:00,7,16,Weekday,Summer,Yes,195.13,85.92,0.0,37.53,62.79,1.1
2023-07-11 17:00,7,17,Weekday,Summer,Yes,141.83,72.64,0.0,26.8,36.02,0.02
2023-07-11 18:00,7,18,Weekday,Summer,No,128.9,63.21,0.0,26.8,33.45,1.1
2023-07-11 19:00,7,19,Weekday,Summer,No,108.79,50.47,0.0,16.08,28.09,0.02
2023-07-11 20:00,7,20,Weekday,Summer,No,107.51,45.81,0.0,16.08,26.8,1.1
2023-07-11 21:00,7,21,Weekday,Summer,No,49.6,7.3,0.0,5.36,21.44,0.02
2023-07-11 22:00,7,22,Weekday,Summer,No,50.93,10.91,0.0,2.68,21.44,0.02
2023-07-11 23:00,7,23,Weekday,Summer,No,41.44,2.28,0.0,2.68,21.44,1.1
2023-07-12 00:00,7,0,Weekday,Summer,No,47.11,7.49,0.0,2.68,21.44,0.02
2023-07-12 01:00,7,1,Weekday,Summer,No,38.94,0.0,0.0,2.68,21.44,0.02
2023-07-12 02:00,7,2,Weekday,Summer,No,47.7,8.08,0.0,2.68,21.44,1.1
2023-07-12 03:00,7,3,Weekday,Summer,No,38.94,0.0,0.0,2.68,21.44,0.02
2023-07-12 04:00,7,4,Weekday,Summer,No,41.62,0.0,0.0,5.36,21.44,0.02
2023-07-12 05:00,7,5,Weekday,Summer,No,82.05,43.22,0.23,5.36,21.44,1.1
2023-07-12 06:00,7,6,Weekday,Summer,No,94.63,41.61,0.45,16.08,32.68,0.02
2023-07-12 07:00,7,7,Weekday,Summer,No,176.69,52.51,0.0,48.25,70.4,1.1
2023-07-12 08:00,7,8,Weekday,Summer,Yes,177.14,60.64,0.0,48.25,62.05,1.1
2023-07-12 09:00,7,9,Weekday,Summer,Yes,181.38,66.41,0.0,48.25,60.13,0.02
2023-07-12 10:00,7,10,Weekday,Summer,Yes,189.04,71.68,0.0,48.25,62.05,1.1
2023-07-12 11:00,7,11,Weekday,Summer,Yes,187.58,71.27,0.0,48.25,61.51,1.1
2023-07-12 12:00,7,12,Weekday,Summer,Yes,197.03,77.74,0.0,48.25,63.66,2.19
2023-07-12 13:00,7,13,Weekday,Summer,Yes,198.52,82.33,0.0,48.25,60.13,0.02
2023-07-12 14:00,7,14,Weekday,Summer,Yes,206.51,89.27,0.0,48.25,60.13,1.1
2023-07-12 15:00,7,15,Weekday,Summer,Yes,216.44,95.05,0.0,48.25,63.02,1.1
2023-07-12 16:00,7,16,Weekday,Summer,Yes,201.98,91.91,0.0,37.53,62.79,1.1
2023-07-12 17:00,7,17,Weekday,Summer,Yes,146.83,77.02,0.0,26.8,36.02,0.02
2023-07-12 18:00,7,18,Weekday,Summer,No,136.02,69.54,0.0,26.8,33.45,1.1
2023-07-12 19:00,7,19,Weekday,Summer,No,113.03,54.44,0.0,16.08,28.09,0.02
2023-07-12 20:00,7,20,Weekday,Summer,No,109.51,47.69,0.0,16.08,26.8,0.02
2023-07-12 21:00,7,21,Weekday,Summer,No,54.43,11.66,0.0,5.36,21.44,1.1
2023-07-12 22:00,7,22,Weekday,Summer,No,51.75,11.64,0.0,2.68,21.44,0.02
2023-07-12 23:00,7,23,Weekday,Summer,No,45.46,5.91,0.0,2.68,21.44,0.02
2023-07-13 00:00,7,0,Weekday,Summer,No,46.06,6.44,0.0,2.68,21.44,1.1
2023-07-13 01:00,7,1,Weekday,Summer,No,38.94,0.0,0.0,2.68,21.44,0.02
2023-07-13 02:00,7,2,Weekday,Summer,No,46.13,6.51,0.0,2.68,21.44,0.02
2023-07-13 03:00,7,3,Weekday,Summer,No,38.94,0.0,0.0,2.68,21.44,1.1
2023-07-13 04:00,7,4,Weekday,Summer,No,41.62,0.0,0.0,5.36,21.44,0.02
2023-07-13 05:00,7,5,Weekday,Summer,No,77.09,38.41,0.01,5.36,21.44,0.02
2023-07-13 06:00,7,6,Weekday,Summer,No,87.55,34.99,0.02,16.08,32.68,1.1
2023-07-13 07:00,7,7,Weekday,Summer,No,167.77,44.14,0.0,48.25,70.4,1.1
2023-07-13 08:00,7,8,Weekday,Summer,Yes,166.75,50.85,0.0,48.25,62.05,0.02
2023-07-13 09:00,7,9,Weekday,Summer,Yes,171.0,56.44,0.0,48.25,60.13,1.1
2023-07-13 10:00,7,10,Weekday,Summer,Yes,175.68,58.98,0.0,48.25,62.05,1.1
2023-07-13 11:00,7,11,Weekday,Summer,Yes,177.29,61.23,0.0,48.25,61.51,1.1
2023-07-13 12:00,7,12,Weekday,Summer,Yes,198.44,78.76,0.0,48.25,63.66,1.1
2023-07-13 13:00,7,13,Weekday,Summer,Yes,205.17,88.09,0.0,48.25,60.13,1.1
2023-07-13 14:00,7,14,Weekday,Summer,Yes,209.12,92.04,0.0,48.25,60.13,1.1
2023-07-13 15:00,7,15,Weekday,Summer,Yes,211.05,90.53,0.0,48.25,63.02,1.1
2023-07-13 16:00,7,16,Weekday,Summer,Yes,192.9,83.69,0.0,37.53,62.79,0.02
2023-07-13 17:00,7,17,Weekday,Summer,Yes,141.8,72.33,0.0,26.8,36.02,1.1
2023-07-13 18:00,7,18,Weekday,Summer,No,135.1,68.58,0.0,26.8,33.45,0.02
2023-07-13 19:00,7,19,Weekday,Summer,No,111.74,53.18,0.0,16.08,28.09,1.1
2023-07-13 20:00,7,20,Weekday,Summer,No,105.91,44.16,0.0,16.08,26.8,0.02
2023-07-13 21:00,7,21,Weekday,Summer,No,50.13,7.74,0.0,5.36,21.44,0.02
2023-07-13 22:00,7,22,Weekday,Summer,No,49.46,9.53,0.0,2.68,21.44,1.1
2023-07-13 23:00,7,23,Weekday,Summer,No,46.18,6.56,0.0,2.68,21.44,0.02
2023-07-14 00:00,7,0,Weekday,Summer,No,38.94,0.0,0.0,2.68,21.44,0.02
2023-07-14 01:00,7,1,Weekday,Summer,No,45.73,6.11,0.0,2.68,21.44,1.1
2023-07-14 02:00,7,2,Weekday,Summer,No,38.94,0.0,0.0,2.68,21.44,0.02
2023-07-14 03:00,7,3,Weekday,Summer,No,38.94,0.0,0.0,2.68,21.44,0.02
2023-07-14 04:00,7,4,Weekday,Summer,No,47.73,5.43,0.0,5.36,21.44,1.1
2023-07-14 05:00,7,5,Weekday,Summer,No,69.16,30.46,0.16,5.36,21.44,0.02
2023-07-14 06:00,7,6,Weekday,Summer,No,82.89,30.09,0.24,16.08,32.68,0.02
2023-07-14 07:00,7,7,Weekday,Summer,No,166.11,41.71,0.0,48.25,70.4,1.1
2023-07-14 08:00,7,8,Weekday,Summer,Yes,170.45,53.61,0.0,48.25,62.05,1.1
2023-07-14 09:00,7,9,Weekday,Summer,Yes,180.66,65.09,0.0,48.25,60.13,1.1
2023-07-14 10:00,7,10,Weekday,Summer,Yes,191.4,73.42,0.0,48.25,62.05,1.1
2023-07-14 11:00,7,11,Weekday,Summer,Yes,193.98,77.06,0.0,48.25,61.51,1.1
2023-07-14 12:00,7,12,Weekday,Summer,Yes,206.61,86.64,0.0,48.25,63.66,1.1
2023-07-14 13:00,7,13,Weekday,Summer,Yes,213.26,96.04,0.0,48.25,60.13,1.1
2023-07-14 14:00,7,14,Weekday,Summer,Yes,225.01,106.39,0.0,48.25,60.13,0.02
2023-07-14 15:00,7,15,Weekday,Summer,Yes,233.66,110.99,0.0,48.25,63.02,1.1
2023-07-14 16:00,7,16,Weekday,Summer,Yes,215.04,104.06,0.0,37.53,62.79,1.1
2023-07-14 17:00,7,17,Weekday,Summer,Yes,156.67,86.47,0.0,26.8,36.02,1.1
2023-07-14 18:00,7,18,Weekday,Summer,No,149.29,82.39,0.0,26.8,33.45,0.02
2023-07-14 19:00,7,19,Weekday,Summer,No,126.59,67.6,0.0,16.08,28.09,0.02
2023-07-14 20:00,7,20,Weekday,Summer,No,118.7,56.65,0.0,16.08,26.8,1.1
2023-07-14 21:00,7,21,Weekday,Summer,No,57.51,14.55,0.0,5.36,21.44,0.02
2023-07-14 22:00,7,22,Weekday,Summer,No,55.96,15.53,0.0,2.68,21.44,0.02
2023-07-14 23:00,7,23,Weekday,Summer,No,51.86,11.69,0.0,2.68,21.44,1.1
2023-07-15 00:00,7,0,Weekend,Summer,No,38.27,4.24,0.0,2.68,16.08,0.02
2023-07-15 01:00,7,1,Weekend,Summer,No,35.81,2.01,0.0,2.68,16.08,0.02
2023-07-15 02:00,7,2,Weekend,Summer,No,33.58,0.0,0.0,2.68,16.08,1.1
2023-07-15 03:00,7,3,Weekend,Summer,No,39.44,5.18,0.0,2.68,16.08,0.02
2023-07-15 04:00,7,4,Weekend,Summer,No,33.58,0.0,0.0,2.68,16.08,0.02
2023-07-15 05:00,7,5,Weekend,Summer,No,65.17,26.52,0.22,5.36,21.44,1.1
2023-07-15 06:00,7,6,Weekend,Summer,No,65.48,29.26,0.41,5.36,26.58,0.02
2023-07-15 07:00,7,7,Weekend,Summer,No,99.96,37.48,0.0,26.8,31.3,0.02
2023-07-15 08:00,7,8,Weekend,Summer,No,110.82,45.75,0.0,26.8,33.55,1.1
2023-07-15 09:00,7,9,Weekend,Summer,No,118.95,54.57,0.0,26.8,32.58,1.1
2023-07-15 10:00,7,10,Weekend,Summer,No,128.97,62.18,0.0,26.8,34.83,0.02
2023-07-15 11:00,7,11,Weekend,Summer,No,133.83,68.31,0.0,26.8,33.55,1.1
2023-07-15 12:00,7,12,Weekend,Summer,No,136.11,73.06,0.0,26.8,30.98,0.02
2023-07-15 13:00,7,13,Weekend,Summer,No,107.86,73.57,0.0,8.04,21.33,1.1
2023-07-15 14:00,7,14,Weekend,Summer,No,115.67,82.15,0.0,8.04,20.05,0.02
2023-07-15 15:00,7,15,Weekend,Summer,No,120.53,86.25,0.0,8.04,20.37,1.1
2023-07-15 16:00,7,16,Weekend,Summer,No,111.92,85.38,0.0,2.68,18.01,0.02
2023-07-15 17:00,7,17,Weekend,Summer,No,63.25,41.37,0.0,2.68,16.08,0.02
2023-07-15 18:00,7,18,Weekend,Summer,No,56.18,34.74,0.0,2.68,16.08,1.1
2023-07-15 19:00,7,19,Weekend,Summer,No,71.32,39.47,0.0,2.68,16.08,0.02
2023-07-15 20:00,7,20,Weekend,Summer,No,63.46,27.51,0.0,2.68,16.08,0.02
2023-07-15 21:00,7,21,Weekend,Summer,No,57.36,21.88,0.0,2.68,16.08,1.1
2023-07-15 22:00,7,22,Weekend,Summer,No,50.45,15.41,0.0,2.68,16.08,0.02
2023-07-15 23:00,7,23,Weekend,Summer,No,46.62,11.86,0.0,2.68,16.08,0.02
2023-07-16 00:00,7,0,Weekend,Summer,No,40.9,6.64,0.0,2.68,16.08,0.02
2023-07-16 01:00,7,1,Weekend,Summer,No,38.18,4.15,0.0,2.68,16.08,1.1
2023-07-16 02:00,7,2,Weekend,Summer,No,33.58,0.0,0.0,2.68,16.08,0.02
2023-07-16 03:00,7,3,Weekend,Summer,No,40.42,6.16,0.0,2.68,16.08,0.02
2023-07-16 04:00,7,4,Weekend,Summer,No,33.58,0.0,0.0,2.68,16.08,1.1
2023-07-16 05:00,7,5,Weekend,Summer,No,27.96,1.57,0.0,2.68,16.08,0.02
2023-07-16 06:00,7,6,Weekend,Summer,No,43.59,22.1,0.0,2.68,16.08,0.02
2023-07-16 07:00,7,7,Weekend,Summer,No,44.16,22.71,0.0,2.68,16.08,1.1
2023-07-16 08:00,7,8,Weekend,Summer,No,49.58,27.79,0.0,2.68,16.08,0.02
2023-07-16 09:00,7,9,Weekend,Summer,No,49.55,27.97,0.0,2.68,16.08,0.02
2023-07-16 10:00,7,10,Weekend,Summer,No,53.98,32.19,0.0,2.68,16.08,0.02
2023-07-16 11:00,7,11,Weekend,Summer,No,53.17,31.62,0.0,2.68,16.08,1.1
2023-07-16 12:00,7,12,Weekend,Summer,No,58.74,36.97,0.0,2.68,16.08,0.02
2023-07-16 13:00,7,13,Weekend,Summer,No,58.14,36.51,0.0,2.68,16.08,0.02
2023-07-16 14:00,7,14,Weekend,Summer,No,63.15,41.3,0.0,2.68,16.08,1.1
2023-07-16 15:00,7,15,Weekend,Summer,No,62.44,40.6,0.0,2.68,16.08,0.02
2023-07-16 16:00,7,16,Weekend,Summer,No,67.84,45.72,0.0,2.68,16.08,0.02
2023-07-16 17:00,7,17,Weekend,Summer,No,63.43,41.49,0.0,2.68,16.08,1.1
2023-07-16 18:00,7,18,Weekend,Summer,No,62.42,40.57,0.0,2.68,16.08,0.02
2023-07-16 19:00,7,19,Weekend,Summer,No,64.33,33.02,0.0,2.68,16.08,0.02
2023-07-16 20:00,7,20,Weekend,Summer,No,68.06,31.83,0.0,2.68,16.08,0.02
2023-07-16 21:00,7,21,Weekend,Summer,No,56.09,20.68,0.0,2.68,16.08,1.1
2023-07-16 22:00,7,22,Weekend,Summer,No,56.92,21.32,0.0,2.68,16.08,0.02
2023-07-16 23:00,7,23,Weekend,Summer,No,50.2,15.12,0.0,2.68,16.08,0.02
2023-07-17 00:00,7,0,Weekday,Summer,No,56.42,15.87,0.0,2.68,21.44,1.1
2023-07-17 01:00,7,1,Weekday,Summer,No,50.37,10.34,0.0,2.68,21.44,0.02
2023-07-17 02:00,7,2,Weekday,Summer,No,46.15,6.53,0.0,2.68,21.44,0.02
2023-07-17 03:00,7,3,Weekday,Summer,No,45.84,6.22,0.0,2.68,21.44,1.1
2023-07-17 04:00,7,4,Weekday,Summer,No,49.67,7.25,0.0,5.36,21.44,0.02
2023-07-17 05:00,7,5,Weekday,Summer,No,70.94,32.59,0.0,5.36,21.44,0.02
2023-07-17 06:00,7,6,Weekday,Summer,No,85.88,33.3,0.0,16.08,32.68,1.1
2023-07-17 07:00,7,7,Weekday,Summer,No,172.88,48.23,0.0,48.25,70.4,0.02
2023-07-17 08:00,7,8,Weekday,Summer,Yes,173.18,56.49,0.0,48.25,62.05,1.1
2023-07-17 09:00,7,9,Weekday,Summer,Yes,179.36,64.02,0.0,48.25,60.13,1.1
2023-07-17 10:00,7,10,Weekday,Summer,Yes,190.33,72.26,0.0,48.25,62.05,1.1
2023-07-17 11:00,7,11,Weekday,Summer,Yes,189.93,72.74,0.0,48.25,61.51,1.1
2023-07-17 12:00,7,12,Weekday,Summer,Yes,200.02,79.69,0.0,48.25,63.66,1.1
2023-07-17 13:00,7,13,Weekday,Summer,Yes,203.33,86.04,0.0,48.25,60.13,1.1
2023-07-17 14:00,7,14,Weekday,Summer,Yes,209.09,91.05,0.0,48.25,60.13,1.1
2023-07-17 15:00,7,15,Weekday,Summer,Yes,218.39,96.71,0.0,48.25,63.02,1.1
2023-07-17 16:00,7,16,Weekday,Summer,Yes,203.62,93.48,0.0,37.53,62.79,0.02
2023-07-17 17:00,7,17,Weekday,Summer,Yes,141.28,72.16,0.0,26.8,36.02,1.1
2023-07-17 18:00,7,18,Weekday,Summer,No,130.21,64.47,0.0,26.8,33.45,0.02
2023-07-17 19:00,7,19,Weekday,Summer,No,114.18,55.62,0.0,16.08,28.09,1.1
2023-07-17 20:00,7,20,Weekday,Summer,No,113.85,51.91,0.0,16.08,26.8,0.02
2023-07-17 21:00,7,21,Weekday,Summer,No,47.52,5.39,0.0,5.36,21.44,0.02
2023-07-17 22:00,7,22,Weekday,Summer,No,47.97,8.35,0.0,2.68,21.44,1.1
2023-07-17 23:00,7,23,Weekday,Summer,No,41.76,2.6,0.0,2.68,21.44,0.02
2023-07-18 00:00,7,0,Weekday,Summer,No,44.49,5.1,0.0,2.68,21.44,0.02
2023-07-18 01:00,7,1,Weekday,Summer,No,44.4,5.01,0.0,2.68,21.44,1.1
2023-07-18 02:00,7,2,Weekday,Summer,No,41.68,2.51,0.0,2.68,21.44,0.02
2023-07-18 03:00,7,3,Weekday,Summer,No,38.94,0.0,0.0,2.68,21.44,0.02
2023-07-18 04:00,7,4,Weekday,Summer,No,50.09,7.79,0.0,5.36,21.44,1.1
2023-07-18 05:00,7,5,Weekday,Summer,No,82.51,44.0,0.07,5.36,21.44,0.02
2023-07-18 06:00,7,6,Weekday,Summer,No,91.56,38.81,0.22,16.08,32.68,0.02
2023-07-18 07:00,7,7,Weekday,Summer,No,176.45,52.85,0.0,48.25,70.4,1.1
2023-07-18 08:00,7,8,Weekday,Summer,Yes,169.06,53.35,0.0,48.25,62.05,1.1
2023-07-18 09:00,7,9,Weekday,Summer,Yes,173.14,58.8,0.0,48.25,60.13,1.1
2023-07-18 10:00,7,10,Weekday,Summer,Yes,183.35,66.3,0.0,48.25,62.05,1.1
2023-07-18 11:00,7,11,Weekday,Summer,Yes,187.38,70.93,0.0,48.25,61.51,1.1
2023-07-18 12:00,7,12,Weekday,Summer,Yes,197.1,77.58,0.0,48.25,63.66,1.1
2023-07-18 13:00,7,13,Weekday,Summer,Yes,195.73,79.48,0.0,48.25,60.13,1.1
2023-07-18 14:00,7,14,Weekday,Summer,Yes,203.96,86.94,0.0,48.25,60.13,0.02
2023-07-18 15:00,7,15,Weekday,Summer,Yes,210.76,90.42,0.0,48.25,63.02,1.1
2023-07-18 16:00,7,16,Weekday,Summer,Yes,192.62,84.34,0.0,37.53,62.79,1.1
2023-07-18 17:00,7,17,Weekday,Summer,Yes,137.74,69.35,0.0,26.8,36.02,0.02
2023-07-18 18:00,7,18,Weekday,Summer,No,126.83,61.69,0.0,26.8,33.45,1.1
2023-07-18 19:00,7,19,Weekday,Summer,No,104.79,46.73,0.0,16.08,28.09,0.02
2023-07-18 20:00,7,20,Weekday,Summer,No,104.93,43.38,0.0,16.08,26.8,1.1
2023-07-18 21:00,7,21,Weekday,Summer,No,41.62,0.0,0.0,5.36,21.44,0.02
2023-07-18 22:00,7,22,Weekday,Summer,No,38.94,0.0,0.0,2.68,21.44,0.02
2023-07-18 23:00,7,23,Weekday,Summer,No,38.94,0.0,0.0,2.68,21.44,1.1
2023-07-19 00:00,7,0,Weekday,Summer,No,38.94,0.0,0.0,2.68,21.44,0.02
2023-07-19 01:00,7,1,Weekday,Summer,No,38.94,0.0,0.0,2.68,21.44,0.02
2023-07-19 02:00,7,2,Weekday,Summer,No,38.94,0.0,0.0,2.68,21.44,1.1
2023-07-19 03:00,7,3,Weekday,Summer,No,38.94,0.0,0.0,2.68,21.44,0.02
2023-07-19 04:00,7,4,Weekday,Summer,No,41.62,0.0,0.0,5.36,21.44,0.02
2023-07-19 05:00,7,5,Weekday,Summer,No,81.48,42.11,0.97,5.36,21.44,1.1
2023-07-19 06:00,7,6,Weekday,Summer,No,93.99,40.56,0.9,16.08,32.68,0.02
2023-07-19 07:00,7,7,Weekday,Summer,No,177.55,54.04,0.0,48.25,70.4,1.1
2023-07-19 08:00,7,8,Weekday,Summer,Yes,168.52,52.83,0.0,48.25,62.05,1.1
2023-07-19 09:00,7,9,Weekday,Summer,Yes,168.82,54.78,0.0,48.25,60.13,0.02
2023-07-19 10:00,7,10,Weekday,Summer,Yes,175.65,59.22,0.0,48.25,62.05,1.1
2023-07-19 11:00,7,11,Weekday,Summer,Yes,174.57,58.85,0.0,48.25,61.51,1.1
2023-07-19 12:00,7,12,Weekday,Summer,Yes,184.42,65.87,0.0,48.25,63.66,1.1
2023-07-19 13:00,7,13,Weekday,Summer,Yes,188.29,73.01,0.0,48.25,60.13,1.1
2023-07-19 14:00,7,14,Weekday,Summer,Yes,198.08,81.91,0.0,48.25,60.13,1.1
2023-07-19 15:00,7,15,Weekday,Summer,Yes,208.61,88.59,0.0,48.25,63.02,1.1
2023-07-19 16:00,7,16,Weekday,Summer,Yes,196.2,87.4,0.0,37.53,62.79,0.02
2023-07-19 17:00,7,17,Weekday,Summer,Yes,144.48,75.31,0.0,26.8,36.02,1.1
2023-07-19 18:00,7,18,Weekday,Summer,No,134.34,68.31,0.0,26.8,33.45,0.02
2023-07-19 19:00,7,19,Weekday,Summer,No,111.63,53.25,0.0,16.08,28.09,1.1
2023-07-19 20:00,7,20,Weekday,Summer,No,110.31,48.57,0.0,16.08,26.8,0.02
2023-07-19 21:00,7,21,Weekday,Summer,No,50.44,8.04,0.0,5.36,21.44,1.1
2023-07-19 22:00,7,22,Weekday,Summer,No,50.2,10.27,0.0,2.68,21.44,0.02
2023-07-19 23:00,7,23,Weekday,Summer,No,38.94,0.0,0.0,2.68,21.44,0.02
2023-07-20 00:00,7,0,Weekday,Summer,No,46.7,7.09,0.0,2.68,21.44,1.1
2023-07-20 01:00,7,1,Weekday,Summer,No,38.94,0.0,0.0,2.68,21.44,0.02
2023-07-20 02:00,7,2,Weekday,Summer,No,38.94,0.0,0.0,2.68,21.44,0.02
2023-07-20 03:00,7,3,Weekday,Summer,No,38.94,0.0,0.0,2.68,21.44,0.02
2023-07-20 04:00,7,4,Weekday,Summer,No,44.79,2.95,0.0,5.36,21.44,1.1
2023-07-20 05:00,7,5,Weekday,Summer,No,75.27,36.63,0.3,5.36,21.44,0.02
2023-07-20 06:00,7,6,Weekday,Summer,No,90.38,37.3,0.54,16.08,32.68,1.1
2023-07-20 07:00,7,7,Weekday,Summer,No,169.05,45.65,0.0,48.25,70.4,0.02
2023-07-20 08:00,7,8,Weekday,Summer,Yes,165.87,50.52,0.0,48.25,62.05,1.1
2023-07-20 09:00,7,9,Weekday,Summer,Yes,171.92,57.62,0.0,48.25,60.13,1.1
2023-07-20 10:00,7,10,Weekday,Summer,Yes,179.71,62.83,0.0,48.25,62.05,1.1
2023-07-20 11:00,7,11,Weekday,Summer,Yes,181.94,66.09,0.0,48.25,61.51,1.1
2023-07-20 12:00,7,12,Weekday,Summer,Yes,193.67,74.82,0.0,48.25,63.66,1.1
2023-07-20 13:00,7,13,Weekday,Summer,Yes,194.88,79.23,0.0,48.25,60.13,1.1
2023-07-20 14:00,7,14,Weekday,Summer,Yes,205.17,88.36,0.0,48.25,60.13,1.1
2023-07-20 15:00,7,15,Weekday,Summer,Yes,210.73,90.45,0.0,48.25,63.02,0.02
2023-07-20 16:00,7,16,Weekday,Summer,Yes,189.61,81.4,0.0,37.53,62.79,1.1
2023-07-20 17:00,7,17,Weekday,Summer,Yes,134.28,66.01,0.0,26.8,36.02,1.1
2023-07-20 18:00,7,18,Weekday,Summer,No,124.06,58.94,0.0,26.8,33.45,0.02
2023-07-20 19:00,7,19,Weekday,Summer,No,109.3,51.12,0.0,16.08,28.09,1.1
2023-07-20 20:00,7,20,Weekday,Summer,No,110.21,48.57,0.0,16.08,26.8,0.02
2023-07-20 21:00,7,21,Weekday,Summer,No,49.93,7.63,0.0,5.36,21.44,0.02
2023-07-20 22:00,7,22,Weekday,Summer,No,44.54,5.15,0.0,2.68,21.44,1.1
2023-07-20 23:00,7,23,Weekday,Summer,No,41.53,2.37,0.0,2.68,21.44,0.02
2023-07-21 00:00,7,0,Weekday,Summer,No,47.33,7.71,0.0,2.68,21.44,0.02
2023-07-21 01:00,7,1,Weekday,Summer,No,38.94,0.0,0.0,2.68,21.44,0.02
2023-07-21 02:00,7,2,Weekday,Summer,No,47.47,7.86,0.0,2.68,21.44,1.1
2023-07-21 03:00,7,3,Weekday,Summer,No,38.94,0.0,0.0,2.68,21.44,0.02
2023-07-21 04:00,7,4,Weekday,Summer,No,50.87,8.57,0.0,5.36,21.44,0.02
2023-07-21 05:00,7,5,Weekday,Summer,No,81.25,42.59,0.0,5.36,21.44,1.1
2023-07-21 06:00,7,6,Weekday,Summer,No,93.17,40.57,0.06,16.08,32.68,0.02
2023-07-21 07:00,7,7,Weekday,Summer,No,174.06,50.3,0.0,48.25,70.4,1.1
2023-07-21 08:00,7,8,Weekday,Summer,Yes,174.46,58.32,0.0,48.25,62.05,1.1
2023-07-21 09:00,7,9,Weekday,Summer,Yes,181.78,66.72,0.0,48.25,60.13,1.1
2023-07-21 10:00,7,10,Weekday,Summer,Yes,191.81,74.22,0.0,48.25,62.05,0.02
2023-07-21 11:00,7,11,Weekday,Summer,Yes,194.36,77.62,0.0,48.25,61.51,2.19
2023-07-21 12:00,7,12,Weekday,Summer,Yes,204.55,84.77,0.0,48.25,63.66,1.1
2023-07-21 13:00,7,13,Weekday,Summer,Yes,203.89,87.28,0.0,48.25,60.13,0.02
2023-07-21 14:00,7,14,Weekday,Summer,Yes,191.8,75.63,0.0,48.25,60.13,1.1
2023-07-21 15:00,7,15,Weekday,Summer,Yes,192.46,73.51,0.0,48.25,63.02,1.1
2023-07-21 16:00,7,16,Weekday,Summer,Yes,187.79,79.83,0.0,37.53,62.79,1.1
2023-07-21 17:00,7,17,Weekday,Summer,Yes,133.1,64.89,0.0,26.8,36.02,0.02
2023-07-21 18:00,7,18,Weekday,Summer,No,121.97,56.96,0.0,26.8,33.45,1.1
2023-07-21 19:00,7,19,Weekday,Summer,No,106.6,48.52,0.0,16.08,28.09,0.02
2023-07-21 20:00,7,20,Weekday,Summer,No,106.11,44.56,0.0,16.08,26.8,0.02
2023-07-21 21:00,7,21,Weekday,Summer,No,41.62,0.0,0.0,5.36,21.44,1.1
2023-07-21 22:00,7,22,Weekday,Summer,No,47.42,7.8,0.0,2.68,21.44,0.02
2023-07-21 23:00,7,23,Weekday,Summer,No,38.94,0.0,0.0,2.68,21.44,0.02
2023-07-22 00:00,7,0,Weekend,Summer,No,33.58,0.0,0.0,2.68,16.08,1.1
2023-07-22 01:00,7,1,Weekend,Summer,No,33.58,0.0,0.0,2.68,16.08,0.02
2023-07-22 02:00,7,2,Weekend,Summer,No,33.58,0.0,0.0,2.68,16.08,0.02
2023-07-22 03:00,7,3,Weekend,Summer,No,33.58,0.0,0.0,2.68,16.08,1.1
2023-07-22 04:00,7,4,Weekend,Summer,No,33.58,0.0,0.0,2.68,16.08,0.02
2023-07-22 05:00,7,5,Weekend,Summer,No,75.94,36.82,0.71,5.36,21.44,0.02
2023-07-22 06:00,7,6,Weekend,Summer,No,72.57,36.05,0.76,5.36,26.58,1.1
2023-07-22 07:00,7,7,Weekend,Summer,No,105.01,42.59,0.04,26.8,31.3,0.02
2023-07-22 08:00,7,8,Weekend,Summer,No,113.9,48.98,0.0,26.8,33.55,1.1
2023-07-22 09:00,7,9,Weekend,Summer,No,116.53,52.4,0.0,26.8,32.58,0.02
2023-07-22 10:00,7,10,Weekend,Summer,No,122.28,55.79,0.0,26.8,34.83,1.1
2023-07-22 11:00,7,11,Weekend,Summer,No,121.52,56.35,0.0,26.8,33.55,0.02
2023-07-22 12:00,7,12,Weekend,Summer,No,122.96,60.32,0.0,26.8,30.98,1.1
2023-07-22 13:00,7,13,Weekend,Summer,No,97.93,63.98,0.0,8.04,21.33,0.02
2023-07-22 14:00,7,14,Weekend,Summer,No,102.82,69.83,0.0,8.04,20.05,1.1
2023-07-22 15:00,7,15,Weekend,Summer,No,107.92,74.2,0.0,8.04,20.37,0.02
2023-07-22 16:00,7,16,Weekend,Summer,No,103.87,77.77,0.0,2.68,18.01,1.1
2023-07-22 17:00,7,17,Weekend,Summer,No,59.59,37.86,0.0,2.68,16.08,0.02
2023-07-22 18:00,7,18,Weekend,Summer,No,53.38,32.06,0.0,2.68,16.08,0.02
2023-07-22 19:00,7,19,Weekend,Summer,No,64.39,32.96,0.0,2.68,16.08,1.1
2023-07-22 20:00,7,20,Weekend,Summer,No,52.86,17.7,0.0,2.68,16.08,0.02
2023-07-22 21:00,7,21,Weekend,Summer,No,50.37,15.36,0.0,2.68,16.08,0.02
2023-07-22 22:00,7,22,Weekend,Summer,No,49.7,14.58,0.0,2.68,16.08,0.02
2023-07-22 23:00,7,23,Weekend,Summer,No,38.4,4.37,0.0,2.68,16.08,1.1
2023-07-23 00:00,7,0,Weekend,Summer,No,35.9,2.09,0.0,2.68,16.08,0.02
2023-07-23 01:00,7,1,Weekend,Summer,No,33.58,0.0,0.0,2.68,16.08,0.02
2023-07-23 02:00,7,2,Weekend,Summer,No,33.58,0.0,0.0,2.68,16.08,1.1
2023-07-23 03:00,7,3,Weekend,Summer,No,33.58,0.0,0.0,2.68,16.08,0.02
2023-07-23 04:00,7,4,Weekend,Summer,No,33.58,0.0,0.0,2.68,16.08,0.02
2023-07-23 05:00,7,5,Weekend,Summer,No,27.52,1.24,0.0,2.68,16.08,1.1
2023-07-23 06:00,7,6,Weekend,Summer,No,49.17,27.72,0.0,2.68,16.08,0.02
2023-07-23 07:00,7,7,Weekend,Summer,No,46.39,24.89,0.0,2.68,16.08,0.02
2023-07-23 08:00,7,8,Weekend,Summer,No,50.93,29.1,0.0,2.68,16.08,0.02
2023-07-23 09:00,7,9,Weekend,Summer,No,50.12,28.52,0.0,2.68,16.08,1.1
2023-07-23 10:00,7,10,Weekend,Summer,No,54.96,33.15,0.0,2.68,16.08,0.02
2023-07-23 11:00,7,11,Weekend,Summer,No,52.54,31.03,0.0,2.68,16.08,0.02
2023-07-23 12:00,7,12,Weekend,Summer,No,56.97,35.21,0.0,2.68,16.08,1.1
2023-07-23 13:00,7,13,Weekend,Summer,No,55.05,33.51,0.0,2.68,16.08,0.02
2023-07-23 14:00,7,14,Weekend,Summer,No,59.91,38.07,0.0,2.68,16.08,0.02
2023-07-23 15:00,7,15,Weekend,Summer,No,57.32,35.65,0.0,2.68,16.08,1.1
2023-07-23 16:00,7,16,Weekend,Summer,No,58.17,36.35,0.0,2.68,16.08,0.02
2023-07-23 17:00,7,17,Weekend,Summer,No,53.08,31.62,0.0,2.68,16.08,0.02
2023-07-23 18:00,7,18,Weekend,Summer,No,56.18,34.54,0.0,2.68,16.08,0.02
2023-07-23 19:00,7,19,Weekend,Summer,No,56.43,25.56,0.0,2.68,16.08,1.1
2023-07-23 20:00,7,20,Weekend,Summer,No,54.83,19.55,0.0,2.68,16.08,0.02
2023-07-23 21:00,7,21,Weekend,Summer,No,50.35,15.39,0.0,2.68,16.08,0.02
2023-07-23 22:00,7,22,Weekend,Summer,No,50.57,15.59,0.0,2.68,16.08,1.1
2023-07-23 23:00,7,23,Weekend,Summer,No,41.96,7.7,0.0,2.68,16.08,0.02
2023-07-24 00:00,7,0,Weekday,Summer,No,51.56,11.53,0.0,2.68,21.44,0.02
2023-07-24 01:00,7,1,Weekday,Summer,No,47.03,7.42,0.0,2.68,21.44,1.1
2023-07-24 02:00,7,2,Weekday,Summer,No,44.57,5.18,0.0,2.68,21.44,0.02
2023-07-24 03:00,7,3,Weekday,Summer,No,41.47,2.31,0.0,2.68,21.44,0.02
2023-07-24 04:00,7,4,Weekday,Summer,No,50.28,7.98,0.0,5.36,21.44,1.1
2023-07-24 05:00,7,5,Weekday,Summer,No,75.49,36.89,0.08,5.36,21.44,0.02
2023-07-24 06:00,7,6,Weekday,Summer,No,93.34,40.42,0.24,16.08,32.68,0.02
2023-07-24 07:00,7,7,Weekday,Summer,No,183.61,58.98,0.0,48.25,70.4,1.1
2023-07-24 08:00,7,8,Weekday,Summer,Yes,184.35,67.45,0.0,48.25,62.05,1.1
2023-07-24 09:00,7,9,Weekday,Summer,Yes,187.09,71.74,0.0,48.25,60.13,1.1
2023-07-24 10:00,7,10,Weekday,Summer,Yes,194.47,76.81,0.0,48.25,62.05,1.1
2023-07-24 11:00,7,11,Weekday,Summer,Yes,194.46,77.85,0.0,48.25,61.51,1.1
2023-07-24 12:00,7,12,Weekday,Summer,Yes,209.09,89.33,0.0,48.25,63.66,1.1
2023-07-24 13:00,7,13,Weekday,Summer,Yes,216.29,99.38,0.0,48.25,60.13,1.1
2023-07-24 14:00,7,14,Weekday,Summer,Yes,223.48,105.55,0.0,48.25,60.13,0.02
2023-07-24 15:00,7,15,Weekday,Summer,Yes,235.59,113.5,0.0,48.25,63.02,1.1
2023-07-24 16:00,7,16,Weekday,Summer,Yes,220.9,110.55,0.0,37.53,62.79,1.1
2023-07-24 17:00,7,17,Weekday,Summer,Yes,154.6,84.98,0.0,26.8,36.02,0.02
2023-07-24 18:00,7,18,Weekday,Summer,No,123.64,58.3,0.0,26.8,33.45,1.1
2023-07-24 19:00,7,19,Weekday,Summer,No,103.1,45.01,0.0,16.08,28.09,0.02
2023-07-24 20:00,7,20,Weekday,Summer,No,105.02,43.42,0.0,16.08,26.8,1.1
2023-07-24 21:00,7,21,Weekday,Summer,No,41.62,0.0,0.0,5.36,21.44,0.02
2023-07-24 22:00,7,22,Weekday,Summer,No,47.47,7.85,0.0,2.68,21.44,0.02
2023-07-24 23:00,7,23,Weekday,Summer,No,44.31,4.92,0.0,2.68,21.44,1.1
2023-07-25 00:00,7,0,Weekday,Summer,No,41.42,2.26,0.0,2.68,21.44,0.02
2023-07-25 01:00,7,1,Weekday,Summer,No,47.34,7.72,0.0,2.68,21.44,0.02
2023-07-25 02:00,7,2,Weekday,Summer,No,38.94,0.0,0.0,2.68,21.44,1.1
2023-07-25 03:00,7,3,Weekday,Summer,No,38.94,0.0,0.0,2.68,21.44,0.02
2023-07-25 04:00,7,4,Weekday,Summer,No,50.24,7.94,0.0,5.36,21.44,0.02
2023-07-25 05:00,7,5,Weekday,Summer,No,84.42,45.7,0.21,5.36,21.44,0.02
2023-07-25 06:00,7,6,Weekday,Summer,No,90.98,38.11,0.33,16.08,32.68,1.1
2023-07-25 07:00,7,7,Weekday,Summer,No,172.5,48.51,0.0,48.25,70.4,1.1
2023-07-25 08:00,7,8,Weekday,Summer,Yes,174.11,57.81,0.0,48.25,62.05,1.1
2023-07-25 09:00,7,9,Weekday,Summer,Yes,180.56,65.64,0.0,48.25,60.13,0.02
2023-07-25 10:00,7,10,Weekday,Summer,Yes,190.17,72.66,0.0,48.25,62.05,1.1
2023-07-25 11:00,7,11,Weekday,Summer,Yes,192.74,76.01,0.0,48.25,61.51,1.1
2023-07-25 12:00,7,12,Weekday,Summer,Yes,204.32,84.66,0.0,48.25,63.66,1.1
2023-07-25 13:00,7,13,Weekday,Summer,Yes,208.24,91.64,0.0,48.25,60.13,1.1
2023-07-25 14:00,7,14,Weekday,Summer,Yes,219.66,101.99,0.0,48.25,60.13,1.1
2023-07-25 15:00,7,15,Weekday,Summer,Yes,229.42,107.73,0.0,48.25,63.02,1.1
2023-07-25 16:00,7,16,Weekday,Summer,Yes,207.34,97.8,0.0,37.53,62.79,0.02
2023-07-25 17:00,7,17,Weekday,Summer,Yes,144.71,75.74,0.0,26.8,36.02,1.1
2023-07-25 18:00,7,18,Weekday,Summer,No,133.21,67.43,0.0,26.8,33.45,0.02
2023-07-25 19:00,7,19,Weekday,Summer,No,115.41,56.9,0.0,16.08,28.09,1.1
2023-07-25 20:00,7,20,Weekday,Summer,No,109.43,47.61,0.0,16.08,26.8,0.02
2023-07-25 21:00,7,21,Weekday,Summer,No,48.16,5.98,0.0,5.36,21.44,1.1
2023-07-25 22:00,7,22,Weekday,Summer,No,52.15,12.02,0.0,2.68,21.44,0.02
2023-07-25 23:00,7,23,Weekday,Summer,No,46.76,7.14,0.0,2.68,21.44,0.02
2023-07-26 00:00,7,0,Weekday,Summer,No,44.9,5.51,0.0,2.68,21.44,0.02
2023-07-26 01:00,7,1,Weekday,Summer,No,41.91,2.75,0.0,2.68,21.44,1.1
2023-07-26 02:00,7,2,Weekday,Summer,No,47.73,8.11,0.0,2.68,21.44,0.02
2023-07-26 03:00,7,3,Weekday,Summer,No,38.94,0.0,0.0,2.68,21.44,0.02
2023-07-26 04:00,7,4,Weekday,Summer,No,47.43,5.35,0.0,5.36,21.44,1.1
2023-07-26 05:00,7,5,Weekday,Summer,No,85.28,46.74,0.06,5.36,21.44,0.02
2023-07-26 06:00,7,6,Weekday,Summer,No,97.39,44.61,0.25,16.08,32.68,1.1
2023-07-26 07:00,7,7,Weekday,Summer,No,179.47,55.92,0.0,48.25,70.4,0.02
2023-07-26 08:00,7,8,Weekday,Summer,Yes,167.6,52.17,0.0,48.25,62.05,1.1
2023-07-26 09:00,7,9,Weekday,Summer,Yes,175.72,61.24,0.0,48.25,60.13,1.1
2023-07-26 10:00,7,10,Weekday,Summer,Yes,183.01,65.88,0.0,48.25,62.05,1.1
2023-07-26 11:00,7,11,Weekday,Summer,Yes,183.13,66.83,0.0,48.25,61.51,1.1
2023-07-26 12:00,7,12,Weekday,Summer,Yes,195.74,76.46,0.0,48.25,63.66,1.1
2023-07-26 13:00,7,13,Weekday,Summer,Yes,199.5,83.36,0.0,48.25,60.13,1.1
2023-07-26 14:00,7,14,Weekday,Summer,Yes,206.41,89.35,0.0,48.25,60.13,0.02
2023-07-26 15:00,7,15,Weekday,Summer,Yes,214.53,93.72,0.0,48.25,63.02,1.1
2023-07-26 16:00,7,16,Weekday,Summer,Yes,203.5,93.83,0.0,37.53,62.79,1.1
2023-07-26 17:00,7,17,Weekday,Summer,Yes,149.08,79.42,0.0,26.8,36.02,1.1
2023-07-26 18:00,7,18,Weekday,Summer,No,136.82,70.52,0.0,26.8,33.45,0.02
2023-07-26 19:00,7,19,Weekday,Summer,No,114.01,55.5,0.0,16.08,28.09,1.1
2023-07-26 20:00,7,20,Weekday,Summer,No,112.16,50.36,0.0,16.08,26.8,0.02
2023-07-26 21:00,7,21,Weekday,Summer,No,56.93,14.0,0.0,5.36,21.44,0.02
2023-07-26 22:00,7,22,Weekday,Summer,No,46.21,6.67,0.0,2.68,21.44,0.02
2023-07-26 23:00,7,23,Weekday,Summer,No,52.68,12.51,0.0,2.68,21.44,1.1
2023-07-27 00:00,7,0,Weekday,Summer,No,41.77,2.61,0.0,2.68,21.44,0.02
2023-07-27 01:00,7,1,Weekday,Summer,No,43.99,4.6,0.0,2.68,21.44,0.02
2023-07-27 02:00,7,2,Weekday,Summer,No,44.57,5.18,0.0,2.68,21.44,1.1
2023-07-27 03:00,7,3,Weekday,Summer,No,41.53,2.36,0.0,2.68,21.44,0.02
2023-07-27 04:00,7,4,Weekday,Summer,No,41.62,0.0,0.0,5.36,21.44,0.02
2023-07-27 05:00,7,5,Weekday,Summer,No,80.99,42.25,0.03,5.36,21.44,1.1
2023-07-27 06:00,7,6,Weekday,Summer,No,90.38,37.66,0.15,16.08,32.68,0.02
2023-07-27 07:00,7,7,Weekday,Summer,No,177.14,52.6,0.0,48.25,70.4,1.1
2023-07-27 08:00,7,8,Weekday,Summer,Yes,177.0,60.22,0.0,48.25,62.05,1.1
2023-07-27 09:00,7,9,Weekday,Summer,Yes,182.05,66.78,0.0,48.25,60.13,1.1
2023-07-27 10:00,7,10,Weekday,Summer,Yes,191.96,74.15,0.0,48.25,62.05,0.02
2023-07-27 11:00,7,11,Weekday,Summer,Yes,192.39,75.53,0.0,48.25,61.51,2.19
2023-07-27 12:00,7,12,Weekday,Summer,Yes,207.08,86.93,0.0,48.25,63.66,1.1
2023-07-27 13:00,7,13,Weekday,Summer,Yes,212.71,95.51,0.0,48.25,60.13,0.02
2023-07-27 14:00,7,14,Weekday,Summer,Yes,216.42,98.58,0.0,48.25,60.13,1.1
2023-07-27 15:00,7,15,Weekday,Summer,Yes,195.79,76.75,0.0,48.25,63.02,1.1
2023-07-27 16:00,7,16,Weekday,Summer,Yes,164.13,57.71,0.0,37.53,62.79,1.1
2023-07-27 17:00,7,17,Weekday,Summer,Yes,115.52,48.25,0.0,26.8,36.02,0.02
2023-07-27 18:00,7,18,Weekday,Summer,No,111.69,47.16,0.0,26.8,33.45,1.1
2023-07-27 19:00,7,19,Weekday,Summer,No,101.2,43.28,0.0,16.08,28.09,0.02
2023-07-27 20:00,7,20,Weekday,Summer,No,104.57,43.04,0.03,16.08,26.8,0.02
2023-07-27 21:00,7,21,Weekday,Summer,No,41.62,0.0,0.0,5.36,21.44,1.1
2023-07-27 22:00,7,22,Weekday,Summer,No,38.94,0.0,0.0,2.68,21.44,0.02
2023-07-27 23:00,7,23,Weekday,Summer,No,38.94,0.0,0.0,2.68,21.44,0.02
2023-07-28 00:00,7,0,Weekday,Summer,No,38.94,0.0,0.0,2.68,21.44,1.1
2023-07-28 01:00,7,1,Weekday,Summer,No,38.94,0.0,0.0,2.68,21.44,0.02
2023-07-28 02:00,7,2,Weekday,Summer,No,38.94,0.0,0.0,2.68,21.44,0.02
2023-07-28 03:00,7,3,Weekday,Summer,No,38.94,0.0,0.0,2.68,21.44,1.1
2023-07-28 04:00,7,4,Weekday,Summer,No,41.62,0.0,0.0,5.36,21.44,0.02
2023-07-28 05:00,7,5,Weekday,Summer,No,81.41,42.19,0.75,5.36,21.44,0.02
2023-07-28 06:00,7,6,Weekday,Summer,No,95.14,41.77,0.83,16.08,32.68,1.1
2023-07-28 07:00,7,7,Weekday,Summer,No,178.81,55.04,0.0,48.25,70.4,1.1
2023-07-28 08:00,7,8,Weekday,Summer,Yes,167.03,51.09,0.0,48.25,62.05,0.02
2023-07-28 09:00,7,9,Weekday,Summer,Yes,166.16,52.19,0.0,48.25,60.13,1.1
2023-07-28 10:00,7,10,Weekday,Summer,Yes,173.17,56.79,0.0,48.25,62.05,1.1
2023-07-28 11:00,7,11,Weekday,Summer,Yes,174.47,58.62,0.0,48.25,61.51,1.1
2023-07-28 12:00,7,12,Weekday,Summer,Yes,187.61,68.56,0.0,48.25,63.66,1.1
2023-07-28 13:00,7,13,Weekday,Summer,Yes,192.57,76.62,0.0,48.25,60.13,1.1
2023-07-28 14:00,7,14,Weekday,Summer,Yes,196.89,80.39,0.0,48.25,60.13,1.1
2023-07-28 15:00,7,15,Weekday,Summer,Yes,204.16,84.1,0.0,48.25,63.02,1.1
2023-07-28 16:00,7,16,Weekday,Summer,Yes,192.71,83.9,0.0,37.53,62.79,0.02
2023-07-28 17:00,7,17,Weekday,Summer,Yes,139.49,70.56,0.0,26.8,36.02,1.1
2023-07-28 18:00,7,18,Weekday,Summer,No,128.44,62.83,0.0,26.8,33.45,0.02
2023-07-28 19:00,7,19,Weekday,Summer,No,110.22,51.97,0.0,16.08,28.09,1.1
2023-07-28 20:00,7,20,Weekday,Summer,No,110.39,48.72,0.0,16.08,26.8,0.02
2023-07-28 21:00,7,21,Weekday,Summer,No,48.4,6.21,0.0,5.36,21.44,0.02
2023-07-28 22:00,7,22,Weekday,Summer,No,54.01,13.76,0.0,2.68,21.44,1.1
2023-07-28 23:00,7,23,Weekday,Summer,No,44.75,5.36,0.0,2.68,21.44,0.02
2023-07-29 00:00,7,0,Weekend,Summer,No,36.06,2.26,0.0,2.68,16.08,0.02
2023-07-29 01:00,7,1,Weekend,Summer,No,33.58,0.0,0.0,2.68,16.08,1.1
2023-07-29 02:00,7,2,Weekend,Summer,No,33.58,0.0,0.0,2.68,16.08,0.02
2023-07-29 03:00,7,3,Weekend,Summer,No,33.58,0.0,0.0,2.68,16.08,0.02
2023-07-29 04:00,7,4,Weekend,Summer,No,33.58,0.0,0.0,2.68,16.08,1.1
2023-07-29 05:00,7,5,Weekend,Summer,No,86.63,45.38,0.29,5.36,21.44,0.02
2023-07-29 06:00,7,6,Weekend,Summer,No,80.39,44.19,0.49,5.36,26.58,0.02
2023-07-29 07:00,7,7,Weekend,Summer,No,105.69,43.8,0.02,26.8,31.3,1.1
2023-07-29 08:00,7,8,Weekend,Summer,No,105.47,41.31,0.0,26.8,33.55,0.02
2023-07-29 09:00,7,9,Weekend,Summer,No,108.02,44.63,0.0,26.8,32.58,1.1
2023-07-29 10:00,7,10,Weekend,Summer,No,115.01,49.17,0.0,26.8,34.83,0.02
2023-07-29 11:00,7,11,Weekend,Summer,No,119.46,54.69,0.0,26.8,33.55,1.1
2023-07-29 12:00,7,12,Weekend,Summer,No,123.07,60.63,0.0,26.8,30.98,0.02
2023-07-29 13:00,7,13,Weekend,Summer,No,94.67,60.8,0.0,8.04,21.33,1.1
2023-07-29 14:00,7,14,Weekend,Summer,No,85.54,53.31,0.0,8.04,20.05,0.02
2023-07-29 15:00,7,15,Weekend,Summer,No,80.2,47.92,0.0,8.04,20.37,1.1
2023-07-29 16:00,7,16,Weekend,Summer,No,71.32,46.82,0.0,2.68,18.01,0.02
2023-07-29 17:00,7,17,Weekend,Summer,No,32.62,12.65,0.0,2.68,16.08,0.02
2023-07-29 18:00,7,18,Weekend,Summer,No,43.32,22.36,0.0,2.68,16.08,1.1
2023-07-29 19:00,7,19,Weekend,Summer,No,35.37,3.84,0.0,2.68,16.08,0.02
2023-07-29 20:00,7,20,Weekend,Summer,No,42.04,7.78,0.0,2.68,16.08,0.02
2023-07-29 21:00,7,21,Weekend,Summer,No,33.58,0.0,0.0,2.68,16.08,1.1
2023-07-29 22:00,7,22,Weekend,Summer,No,33.58,0.0,0.0,2.68,16.08,0.02
2023-07-29 23:00,7,23,Weekend,Summer,No,33.58,0.0,0.0,2.68,16.08,0.02
2023-07-30 00:00,7,0,Weekend,Summer,No,33.58,0.0,0.0,2.68,16.08,1.1
2023-07-30 01:00,7,1,Weekend,Summer,No,33.58,0.0,0.0,2.68,16.08,0.02
2023-07-30 02:00,7,2,Weekend,Summer,No,33.58,0.0,0.0,2.68,16.08,0.02
2023-07-30 03:00,7,3,Weekend,Summer,No,33.58,0.0,0.0,2.68,16.08,1.1
2023-07-30 04:00,7,4,Weekend,Summer,No,33.58,0.0,0.0,2.68,16.08,0.02
2023-07-30 05:00,7,5,Weekend,Summer,No,28.64,0.0,0.0,2.68,16.08,0.02
2023-07-30 06:00,7,6,Weekend,Summer,No,18.77,0.0,0.0,2.68,16.08,0.02
2023-07-30 07:00,7,7,Weekend,Summer,No,18.77,0.0,0.0,2.68,16.08,1.1
2023-07-30 08:00,7,8,Weekend,Summer,No,18.77,0.0,0.0,2.68,16.08,0.02
2023-07-30 09:00,7,9,Weekend,Summer,No,34.87,14.82,0.0,2.68,16.08,0.02
2023-07-30 10:00,7,10,Weekend,Summer,No,38.88,18.3,0.0,2.68,16.08,1.1
2023-07-30 11:00,7,11,Weekend,Summer,No,43.96,22.93,0.0,2.68,16.08,0.02
2023-07-30 12:00,7,12,Weekend,Summer,No,43.29,22.27,0.0,2.68,16.08,0.02
2023-07-30 13:00,7,13,Weekend,Summer,No,44.3,23.15,0.0,2.68,16.08,1.1
2023-07-30 14:00,7,14,Weekend,Summer,No,47.92,26.56,0.0,2.68,16.08,0.02
2023-07-30 15:00,7,15,Weekend,Summer,No,51.84,30.15,0.0,2.68,16.08,0.02
2023-07-30 16:00,7,16,Weekend,Summer,No,50.42,28.9,0.0,2.68,16.08,1.1
2023-07-30 17:00,7,17,Weekend,Summer,No,50.34,28.66,0.0,2.68,16.08,0.02
2023-07-30 18:00,7,18,Weekend,Summer,No,44.04,22.94,0.0,2.68,16.08,0.02
2023-07-30 19:00,7,19,Weekend,Summer,No,44.18,11.89,0.0,2.68,16.08,0.02
2023-07-30 20:00,7,20,Weekend,Summer,No,33.58,0.0,0.0,2.68,16.08,1.1
2023-07-30 21:00,7,21,Weekend,Summer,No,33.58,0.0,0.0,2.68,16.08,0.02
2023-07-30 22:00,7,22,Weekend,Summer,No,36.88,3.07,0.0,2.68,16.08,0.02
2023-07-30 23:00,7,23,Weekend,Summer,No,39.16,5.13,0.0,2.68,16.08,1.1
2023-07-31 00:00,7,0,Weekday,Summer,No,38.94,0.0,0.0,2.68,21.44,0.02
2023-07-31 01:00,7,1,Weekday,Summer,No,38.94,0.0,0.0,2.68,21.44,0.02
2023-07-31 02:00,7,2,Weekday,Summer,No,38.94,0.0,0.0,2.68,21.44,1.1
2023-07-31 03:00,7,3,Weekday,Summer,No,38.94,0.0,0.0,2.68,21.44,0.02
2023-07-31 04:00,7,4,Weekday,Summer,No,41.62,0.0,0.0,5.36,21.44,0.02
2023-07-31 05:00,7,5,Weekday,Summer,No,79.1,37.08,1.1,5.36,21.44,1.1
2023-07-31 06:00,7,6,Weekday,Summer,No,89.68,36.22,0.92,16.08,32.68,0.02
2023-07-31 07:00,7,7,Weekday,Summer,No,166.71,43.58,0.0,48.25,70.4,1.1
2023-07-31 08:00,7,8,Weekday,Summer,Yes,166.21,50.91,0.0,48.25,62.05,1.1
2023-07-31 09:00,7,9,Weekday,Summer,Yes,170.72,56.86,0.0,48.25,60.13,0.02
2023-07-31 10:00,7,10,Weekday,Summer,Yes,180.17,63.67,0.0,48.25,62.05,1.1
2023-07-31 11:00,7,11,Weekday,Summer,Yes,178.65,62.92,0.0,48.25,61.51,1.1
2023-07-31 12:00,7,12,Weekday,Summer,Yes,186.45,67.81,0.0,48.25,63.66,1.1
2023-07-31 13:00,7,13,Weekday,Summer,Yes,187.3,72.04,0.0,48.25,60.13,1.1
2023-07-31 14:00,7,14,Weekday,Summer,Yes,184.85,69.9,0.0,48.25,60.13,1.1
2023-07-31 15:00,7,15,Weekday,Summer,Yes,184.76,66.95,0.0,48.25,63.02,1.1
2023-07-31 16:00,7,16,Weekday,Summer,Yes,168.18,61.96,0.0,37.53,62.79,0.02
2023-07-31 17:00,7,17,Weekday,Summer,Yes,117.79,50.55,0.0,26.8,36.02,1.1
2023-07-31 18:00,7,18,Weekday,Summer,No,112.37,47.93,0.0,26.8,33.45,0.02
2023-07-31 19:00,7,19,Weekday,Summer,No,102.82,42.46,0.0,16.08,28.09,1.1
2023-07-31 20:00,7,20,Weekday,Summer,No,100.86,39.36,0.01,16.08,26.8,0.02
2023-07-31 21:00,7,21,Weekday,Summer,No,41.62,0.0,0.0,5.36,21.44,1.1
2023-07-31 22:00,7,22,Weekday,Summer,No,38.94,0.0,0.0,2.68,21.44,0.02
2023-07-31 23:00,7,23,Weekday,Summer,No,46.1,6.71,0.0,2.68,21.44,0.02
2023-08-01 00:00,8,0,Weekday,Summer,No,41.9,2.73,0.0,2.68,21.44,1.1
2023-08-01 01:00,8,1,Weekday,Summer,No,38.94,0.0,0.0,2.68,21.44,0.02
2023-08-01 02:00,8,2,Weekday,Summer,No,38.94,0.0,0.0,2.68,21.44,0.02
2023-08-01 03:00,8,3,Weekday,Summer,No,38.94,0.0,0.0,2.68,21.44,0.02
2023-08-01 04:00,8,4,Weekday,Summer,No,50.16,7.86,0.0,5.36,21.44,1.1
2023-08-01 05:00,8,5,Weekday,Summer,No,80.02,38.86,0.11,5.36,21.44,0.02
2023-08-01 06:00,8,6,Weekday,Summer,No,90.83,37.98,0.31,16.08,32.68,1.1
2023-08-01 07:00,8,7,Weekday,Summer,No,171.1,47.72,0.0,48.25,70.4,0.02
2023-08-01 08:00,8,8,Weekday,Summer,Yes,165.17,49.77,0.0,48.25,62.05,1.1
2023-08-01 09:00,8,9,Weekday,Summer,Yes,173.28,59.01,0.0,48.25,60.13,1.1
2023-08-01 10:00,8,10,Weekday,Summer,Yes,182.62,65.62,0.0,48.25,62.05,1.1
2023-08-01 11:00,8,11,Weekday,Summer,Yes,185.34,69.11,0.0,48.25,61.51,1.1
2023-08-01 12:00,8,12,Weekday,Summer,Yes,197.74,78.55,0.0,48.25,63.66,1.1
2023-08-01 13:00,8,13,Weekday,Summer,Yes,199.99,83.91,0.0,48.25,60.13,1.1
2023-08-01 14:00,8,14,Weekday,Summer,Yes,200.85,84.6,0.0,48.25,60.13,1.1
2023-08-01 15:00,8,15,Weekday,Summer,Yes,211.55,91.31,0.0,48.25,63.02,0.02
2023-08-01 16:00,8,16,Weekday,Summer,Yes,195.16,86.97,0.0,37.53,62.79,1.1
2023-08-01 17:00,8,17,Weekday,Summer,Yes,137.25,68.98,0.0,26.8,36.02,1.1
2023-08-01 18:00,8,18,Weekday,Summer,No,123.5,58.53,0.0,26.8,33.45,0.02
2023-08-01 19:00,8,19,Weekday,Summer,No,110.61,50.07,0.0,16.08,28.09,1.1
2023-08-01 20:00,8,20,Weekday,Summer,No,109.29,47.72,0.0,16.08,26.8,0.02
2023-08-01 21:00,8,21,Weekday,Summer,No,47.48,5.4,0.0,5.36,21.44,0.02
2023-08-01 22:00,8,22,Weekday,Summer,No,44.68,5.29,0.0,2.68,21.44,1.1
2023-08-01 23:00,8,23,Weekday,Summer,No,44.48,5.09,0.0,2.68,21.44,0.02
2023-08-02 00:00,8,0,Weekday,Summer,No,47.45,7.84,0.0,2.68,21.44,0.02
2023-08-02 01:00,8,1,Weekday,Summer,No,38.94,0.0,0.0,2.68,21.44,1.1
2023-08-02 02:00,8,2,Weekday,Summer,No,47.46,7.85,0.0,2.68,21.44,0.02
2023-08-02 03:00,8,3,Weekday,Summer,No,38.94,0.0,0.0,2.68,21.44,0.02
2023-08-02 04:00,8,4,Weekday,Summer,No,41.62,0.0,0.0,5.36,21.44,0.02
2023-08-02 05:00,8,5,Weekday,Summer,No,79.97,38.66,0.08,5.36,21.44,1.1
2023-08-02 06:00,8,6,Weekday,Summer,No,92.2,39.43,0.23,16.08,32.68,0.02
2023-08-02 07:00,8,7,Weekday,Summer,No,180.6,56.16,0.0,48.25,70.4,1.1
2023-08-02 08:00,8,8,Weekday,Summer,Yes,182.51,65.72,0.0,48.25,62.05,1.1
2023-08-02 09:00,8,9,Weekday,Summer,Yes,189.69,74.26,0.0,48.25,60.13,1.1
2023-08-02 10:00,8,10,Weekday,Summer,Yes,199.17,81.32,0.0,48.25,62.05,1.1
2023-08-02 11:00,8,11,Weekday,Summer,Yes,199.74,82.8,0.0,48.25,61.51,1.1
2023-08-02 12:00,8,12,Weekday,Summer,Yes,214.03,93.75,0.0,48.25,63.66,1.1
2023-08-02 13:00,8,13,Weekday,Summer,Yes,218.79,101.33,0.0,48.25,60.13,1.1
2023-08-02 14:00,8,14,Weekday,Summer,Yes,226.27,107.64,0.0,48.25,60.13,0.02
2023-08-02 15:00,8,15,Weekday,Summer,Yes,224.64,103.39,0.0,48.25,63.02,1.1
2023-08-02 16:00,8,16,Weekday,Summer,Yes,173.73,66.67,0.0,37.53,62.79,1.1
2023-08-02 17:00,8,17,Weekday,Summer,Yes,112.89,45.69,0.0,26.8,36.02,0.02
2023-08-02 18:00,8,18,Weekday,Summer,No,107.73,43.31,0.0,26.8,33.45,1.1
2023-08-02 19:00,8,19,Weekday,Summer,No,101.11,40.72,0.0,16.08,28.09,0.02
2023-08-02 20:00,8,20,Weekday,Summer,No,101.92,40.34,0.08,16.08,26.8,1.1
2023-08-02 21:00,8,21,Weekday,Summer,No,41.62,0.0,0.0,5.36,21.44,0.02
2023-08-02 22:00,8,22,Weekday,Summer,No,38.94,0.0,0.0,2.68,21.44,0.02
2023-08-02 23:00,8,23,Weekday,Summer,No,38.94,0.0,0.0,2.68,21.44,1.1
2023-08-03 00:00,8,0,Weekday,Summer,No,38.94,0.0,0.0,2.68,21.44,0.02
2023-08-03 01:00,8,1,Weekday,Summer,No,38.94,0.0,0.0,2.68,21.44,0.02
2023-08-03 02:00,8,2,Weekday,Summer,No,38.94,0.0,0.0,2.68,21.44,1.1
2023-08-03 03:00,8,3,Weekday,Summer,No,38.94,0.0,0.0,2.68,21.44,0.02
2023-08-03 04:00,8,4,Weekday,Summer,No,49.41,7.12,0.0,5.36,21.44,0.02
2023-08-03 05:00,8,5,Weekday,Summer,No,83.64,42.33,0.46,5.36,21.44,1.1
2023-08-03 06:00,8,6,Weekday,Summer,No,95.74,42.48,0.72,16.08,32.68,0.02
2023-08-03 07:00,8,7,Weekday,Summer,No,177.11,53.42,0.0,48.25,70.4,1.1
2023-08-03 08:00,8,8,Weekday,Summer,Yes,172.02,56.03,0.0,48.25,62.05,1.1
2023-08-03 09:00,8,9,Weekday,Summer,Yes,178.11,63.41,0.0,48.25,60.13,0.02
2023-08-03 10:00,8,10,Weekday,Summer,Yes,188.41,71.08,0.0,48.25,62.05,1.1
2023-08-03 11:00,8,11,Weekday,Summer,Yes,188.45,72.0,0.0,48.25,61.51,1.1
2023-08-03 12:00,8,12,Weekday,Summer,Yes,196.37,77.03,0.0,48.25,63.66,1.1
2023-08-03 13:00,8,13,Weekday,Summer,Yes,200.34,83.98,0.0,48.25,60.13,1.1
2023-08-03 14:00,8,14,Weekday,Summer,Yes,211.77,94.3,0.0,48.25,60.13,1.1
2023-08-03 15:00,8,15,Weekday,Summer,Yes,219.96,98.74,0.0,48.25,63.02,1.1
2023-08-03 16:00,8,16,Weekday,Summer,Yes,204.61,94.81,0.0,37.53,62.79,1.1
2023-08-03 17:00,8,17,Weekday,Summer,Yes,148.71,79.27,0.0,26.8,36.02,0.02
2023-08-03 18:00,8,18,Weekday,Summer,No,137.18,71.2,0.0,26.8,33.45,1.1
2023-08-03 19:00,8,19,Weekday,Summer,No,119.77,58.9,0.0,16.08,28.09,0.02
2023-08-03 20:00,8,20,Weekday,Summer,No,114.96,53.18,0.0,16.08,26.8,0.02
2023-08-03 21:00,8,21,Weekday,Summer,No,56.55,13.69,0.0,5.36,21.44,1.1
2023-08-03 22:00,8,22,Weekday,Summer,No,47.44,7.82,0.0,2.68,21.44,0.02
2023-08-03 23:00,8,23,Weekday,Summer,No,53.11,12.97,0.0,2.68,21.44,0.02
2023-08-04 00:00,8,0,Weekday,Summer,No,47.46,7.84,0.0,2.68,21.44,1.1
2023-08-04 01:00,8,1,Weekday,Summer,No,38.94,0.0,0.0,2.68,21.44,0.02
2023-08-04 02:00,8,2,Weekday,Summer,No,47.32,7.7,0.0,2.68,21.44,0.02
2023-08-04 03:00,8,3,Weekday,Summer,No,38.94,0.0,0.0,2.68,21.44,1.1
2023-08-04 04:00,8,4,Weekday,Summer,No,49.63,7.34,0.0,5.36,21.44,0.02
2023-08-04 05:00,8,5,Weekday,Summer,No,84.24,43.24,0.0,5.36,21.44,0.02
2023-08-04 06:00,8,6,Weekday,Summer,No,93.8,41.03,0.24,16.08,32.68,1.1
2023-08-04 07:00,8,7,Weekday,Summer,No,173.2,49.68,0.0,48.25,70.4,0.02
2023-08-04 08:00,8,8,Weekday,Summer,Yes,163.14,47.65,0.0,48.25,62.05,1.1
2023-08-04 09:00,8,9,Weekday,Summer,Yes,170.88,56.54,0.0,48.25,60.13,1.1
2023-08-04 10:00,8,10,Weekday,Summer,Yes,183.92,66.89,0.0,48.25,62.05,1.1
2023-08-04 11:00,8,11,Weekday,Summer,Yes,187.72,71.49,0.0,48.25,61.51,1.1
2023-08-04 12:00,8,12,Weekday,Summer,Yes,199.68,80.4,0.0,48.25,63.66,1.1
2023-08-04 13:00,8,13,Weekday,Summer,Yes,203.36,87.14,0.0,48.25,60.13,1.1
2023-08-04 14:00,8,14,Weekday,Summer,Yes,209.83,92.54,0.0,48.25,60.13,1.1
2023-08-04 15:00,8,15,Weekday,Summer,Yes,206.74,86.46,0.0,48.25,63.02,1.1
2023-08-04 16:00,8,16,Weekday,Summer,Yes,194.07,85.67,0.0,37.53,62.79,0.02
2023-08-04 17:00,8,17,Weekday,Summer,Yes,131.74,63.66,0.0,26.8,36.02,1.1
2023-08-04 18:00,8,18,Weekday,Summer,No,113.79,49.08,0.0,26.8,33.45,0.02
2023-08-04 19:00,8,19,Weekday,Summer,No,104.27,43.84,0.0,16.08,28.09,1.1
2023-08-04 20:00,8,20,Weekday,Summer,No,104.37,42.83,0.0,16.08,26.8,0.02
2023-08-04 21:00,8,21,Weekday,Summer,No,41.62,0.0,0.0,5.36,21.44,0.02
2023-08-04 22:00,8,22,Weekday,Summer,No,47.43,7.81,0.0,2.68,21.44,1.1
2023-08-04 23:00,8,23,Weekday,Summer,No,38.94,0.0,0.0,2.68,21.44,0.02
2023-08-05 00:00,8,0,Weekend,Summer,No,33.58,0.0,0.0,2.68,16.08,0.02
2023-08-05 01:00,8,1,Weekend,Summer,No,33.58,0.0,0.0,2.68,16.08,1.1
2023-08-05 02:00,8,2,Weekend,Summer,No,33.58,0.0,0.0,2.68,16.08,0.02
2023-08-05 03:00,8,3,Weekend,Summer,No,33.58,0.0,0.0,2.68,16.08,0.02
2023-08-05 04:00,8,4,Weekend,Summer,No,33.58,0.0,0.0,2.68,16.08,1.1
2023-08-05 05:00,8,5,Weekend,Summer,No,86.29,44.78,0.69,5.36,21.44,0.02
2023-08-05 06:00,8,6,Weekend,Summer,No,79.72,43.2,0.81,5.36,26.58,0.02
2023-08-05 07:00,8,7,Weekend,Summer,No,102.9,40.74,0.18,26.8,31.3,1.1
2023-08-05 08:00,8,8,Weekend,Summer,No,110.17,45.65,0.0,26.8,33.55,0.02
2023-08-05 09:00,8,9,Weekend,Summer,No,111.62,47.98,0.0,26.8,32.58,1.1
2023-08-05 10:00,8,10,Weekend,Summer,No,116.79,50.86,0.0,26.8,34.83,0.02
2023-08-05 11:00,8,11,Weekend,Summer,No,120.14,55.35,0.0,26.8,33.55,1.1
2023-08-05 12:00,8,12,Weekend,Summer,No,121.92,59.49,0.0,26.8,30.98,0.02
2023-08-05 13:00,8,13,Weekend,Summer,No,95.5,61.62,0.0,8.04,21.33,1.1
2023-08-05 14:00,8,14,Weekend,Summer,No,97.33,64.42,0.0,8.04,20.05,0.02
2023-08-05 15:00,8,15,Weekend,Summer,No,92.24,59.32,0.0,8.04,20.37,1.1
2023-08-05 16:00,8,16,Weekend,Summer,No,81.55,56.57,0.0,2.68,18.01,0.02
2023-08-05 17:00,8,17,Weekend,Summer,No,51.96,30.46,0.0,2.68,16.08,1.1
2023-08-05 18:00,8,18,Weekend,Summer,No,46.55,25.42,0.0,2.68,16.08,0.02
2023-08-05 19:00,8,19,Weekend,Summer,No,45.76,13.43,0.0,2.68,16.08,0.02
2023-08-05 20:00,8,20,Weekend,Summer,No,42.47,8.21,0.0,2.68,16.08,1.1
2023-08-05 21:00,8,21,Weekend,Summer,No,39.22,5.19,0.0,2.68,16.08,0.02
2023-08-05 22:00,8,22,Weekend,Summer,No,42.3,8.04,0.0,2.68,16.08,0.02
2023-08-05 23:00,8,23,Weekend,Summer,No,33.58,0.0,0.0,2.68,16.08,0.02
2023-08-06 00:00,8,0,Weekend,Summer,No,33.58,0.0,0.0,2.68,16.08,1.1
2023-08-06 01:00,8,1,Weekend,Summer,No,39.88,5.85,0.0,2.68,16.08,0.02
2023-08-06 02:00,8,2,Weekend,Summer,No,36.32,2.52,0.0,2.68,16.08,0.02
2023-08-06 03:00,8,3,Weekend,Summer,No,33.58,0.0,0.0,2.68,16.08,1.1
2023-08-06 04:00,8,4,Weekend,Summer,No,33.58,0.0,0.0,2.68,16.08,0.02
2023-08-06 05:00,8,5,Weekend,Summer,No,28.64,0.0,0.0,2.68,16.08,0.02
2023-08-06 06:00,8,6,Weekend,Summer,No,50.54,29.09,0.0,2.68,16.08,1.1
2023-08-06 07:00,8,7,Weekend,Summer,No,45.49,24.2,0.0,2.68,16.08,0.02
2023-08-06 08:00,8,8,Weekend,Summer,No,53.93,31.9,0.0,2.68,16.08,0.02
2023-08-06 09:00,8,9,Weekend,Summer,No,47.63,26.26,0.0,2.68,16.08,0.02
2023-08-06 10:00,8,10,Weekend,Summer,No,55.75,33.78,0.0,2.68,16.08,1.1
2023-08-06 11:00,8,11,Weekend,Summer,No,49.53,28.23,0.0,2.68,16.08,0.02
2023-08-06 12:00,8,12,Weekend,Summer,No,58.69,36.73,0.0,2.68,16.08,0.02
2023-08-06 13:00,8,13,Weekend,Summer,No,51.92,30.59,0.0,2.68,16.08,1.1
2023-08-06 14:00,8,14,Weekend,Summer,No,62.87,40.81,0.0,2.68,16.08,0.02
2023-08-06 15:00,8,15,Weekend,Summer,No,53.75,32.35,0.0,2.68,16.08,0.02
2023-08-06 16:00,8,16,Weekend,Summer,No,63.35,41.22,0.0,2.68,16.08,1.1
2023-08-06 17:00,8,17,Weekend,Summer,No,52.76,31.42,0.0,2.68,16.08,0.02
2023-08-06 18:00,8,18,Weekend,Summer,No,60.11,38.14,0.0,2.68,16.08,0.02
2023-08-06 19:00,8,19,Weekend,Summer,No,52.26,19.43,0.0,2.68,16.08,1.1
2023-08-06 20:00,8,20,Weekend,Summer,No,53.64,18.4,0.0,2.68,16.08,0.02
2023-08-06 21:00,8,21,Weekend,Summer,No,50.2,15.22,0.0,2.68,16.08,0.02
2023-08-06 22:00,8,22,Weekend,Summer,No,51.0,15.95,0.0,2.68,16.08,0.02
2023-08-06 23:00,8,23,Weekend,Summer,No,44.54,10.06,0.0,2.68,16.08,1.1
2023-08-07 00:00,8,0,Weekday,Summer,No,47.28,7.66,0.0,2.68,21.44,0.02
2023-08-07 01:00,8,1,Weekday,Summer,No,44.71,5.32,0.0,2.68,21.44,0.02
2023-08-07 02:00,8,2,Weekday,Summer,No,41.56,2.39,0.0,2.68,21.44,1.1
2023-08-07 03:00,8,3,Weekday,Summer,No,47.41,7.79,0.0,2.68,21.44,0.02
2023-08-07 04:00,8,4,Weekday,Summer,No,41.62,0.0,0.0,5.36,21.44,0.02
2023-08-07 05:00,8,5,Weekday,Summer,No,79.54,38.32,0.01,5.36,21.44,1.1
2023-08-07 06:00,8,6,Weekday,Summer,No,93.66,41.06,0.04,16.08,32.68,0.02
2023-08-07 07:00,8,7,Weekday,Summer,No,182.79,58.42,0.0,48.25,70.4,1.1
2023-08-07 08:00,8,8,Weekday,Summer,Yes,184.86,68.16,0.0,48.25,62.05,1.1
2023-08-07 09:00,8,9,Weekday,Summer,Yes,190.75,75.27,0.0,48.25,60.13,1.1
2023-08-07 10:00,8,10,Weekday,Summer,Yes,199.58,81.47,0.0,48.25,62.05,0.02
2023-08-07 11:00,8,11,Weekday,Summer,Yes,192.27,75.52,0.0,48.25,61.51,2.19
2023-08-07 12:00,8,12,Weekday,Summer,Yes,204.88,84.88,0.0,48.25,63.66,1.1
2023-08-07 13:00,8,13,Weekday,Summer,Yes,208.8,91.68,0.0,48.25,60.13,0.02
2023-08-07 14:00,8,14,Weekday,Summer,Yes,210.52,92.82,0.0,48.25,60.13,1.1
2023-08-07 15:00,8,15,Weekday,Summer,Yes,211.34,90.56,0.0,48.25,63.02,1.1
2023-08-07 16:00,8,16,Weekday,Summer,Yes,193.75,84.98,0.0,37.53,62.79,1.1
2023-08-07 17:00,8,17,Weekday,Summer,Yes,143.84,74.99,0.0,26.8,36.02,0.02
2023-08-07 18:00,8,18,Weekday,Summer,No,135.56,69.74,0.0,26.8,33.45,1.1
2023-08-07 19:00,8,19,Weekday,Summer,No,117.66,56.85,0.0,16.08,28.09,0.02
2023-08-07 20:00,8,20,Weekday,Summer,No,114.52,52.77,0.0,16.08,26.8,1.1
2023-08-07 21:00,8,21,Weekday,Summer,No,54.13,11.47,0.0,5.36,21.44,0.02
2023-08-07 22:00,8,22,Weekday,Summer,No,46.72,7.18,0.0,2.68,21.44,0.02
2023-08-07 23:00,8,23,Weekday,Summer,No,53.16,13.01,0.0,2.68,21.44,1.1
2023-08-08 00:00,8,0,Weekday,Summer,No,41.96,2.8,0.0,2.68,21.44,0.02
2023-08-08 01:00,8,1,Weekday,Summer,No,44.38,4.99,0.0,2.68,21.44,0.02
2023-08-08 02:00,8,2,Weekday,Summer,No,44.7,5.31,0.0,2.68,21.44,0.02
2023-08-08 03:00,8,3,Weekday,Summer,No,41.49,2.32,0.0,2.68,21.44,1.1
2023-08-08 04:00,8,4,Weekday,Summer,No,41.62,0.0,0.0,5.36,21.44,0.02
2023-08-08 05:00,8,5,Weekday,Summer,No,81.62,40.24,0.0,5.36,21.44,0.02
2023-08-08 06:00,8,6,Weekday,Summer,No,91.35,38.82,0.0,16.08,32.68,1.1
2023-08-08 07:00,8,7,Weekday,Summer,No,180.21,55.81,0.0,48.25,70.4,1.1
2023-08-08 08:00,8,8,Weekday,Summer,Yes,183.89,66.95,0.0,48.25,62.05,0.02
2023-08-08 09:00,8,9,Weekday,Summer,Yes,190.49,74.8,0.0,48.25,60.13,1.1
2023-08-08 10:00,8,10,Weekday,Summer,Yes,199.56,81.16,0.0,48.25,62.05,1.1
2023-08-08 11:00,8,11,Weekday,Summer,Yes,200.81,83.32,0.0,48.25,61.51,1.1
2023-08-08 12:00,8,12,Weekday,Summer,Yes,214.58,93.75,0.0,48.25,63.66,1.1
2023-08-08 13:00,8,13,Weekday,Summer,Yes,217.1,99.1,0.0,48.25,60.13,1.1
2023-08-08 14:00,8,14,Weekday,Summer,Yes,222.33,103.31,0.0,48.25,60.13,1.1
2023-08-08 15:00,8,15,Weekday,Summer,Yes,228.76,106.49,0.0,48.25,63.02,1.1
2023-08-08 16:00,8,16,Weekday,Summer,Yes,209.09,99.25,0.0,37.53,62.79,1.1
2023-08-08 17:00,8,17,Weekday,Summer,Yes,147.08,77.88,0.0,26.8,36.02,0.02
2023-08-08 18:00,8,18,Weekday,Summer,No,126.51,61.05,0.0,26.8,33.45,1.1
2023-08-08 19:00,8,19,Weekday,Summer,No,107.54,46.81,0.0,16.08,28.09,0.02
2023-08-08 20:00,8,20,Weekday,Summer,No,104.42,42.73,0.0,16.08,26.8,0.02
2023-08-08 21:00,8,21,Weekday,Summer,No,49.38,7.08,0.0,5.36,21.44,1.1
2023-08-08 22:00,8,22,Weekday,Summer,No,44.7,5.31,0.0,2.68,21.44,0.02
2023-08-08 23:00,8,23,Weekday,Summer,No,41.45,2.29,0.0,2.68,21.44,0.02
2023-08-09 00:00,8,0,Weekday,Summer,No,47.56,7.94,0.0,2.68,21.44,1.1
2023-08-09 01:00,8,1,Weekday,Summer,No,42.0,2.84,0.0,2.68,21.44,0.02
2023-08-09 02:00,8,2,Weekday,Summer,No,44.29,4.9,0.0,2.68,21.44,0.02
2023-08-09 03:00,8,3,Weekday,Summer,No,41.84,2.68,0.0,2.68,21.44,1.1
2023-08-09 04:00,8,4,Weekday,Summer,No,49.62,7.33,0.0,5.36,21.44,0.02
2023-08-09 05:00,8,5,Weekday,Summer,No,79.7,38.6,0.0,5.36,21.44,0.02
2023-08-09 06:00,8,6,Weekday,Summer,No,91.08,38.54,0.0,16.08,32.68,1.1
2023-08-09 07:00,8,7,Weekday,Summer,No,172.35,48.52,0.0,48.25,70.4,0.02
2023-08-09 08:00,8,8,Weekday,Summer,Yes,167.34,51.67,0.0,48.25,62.05,1.1
2023-08-09 09:00,8,9,Weekday,Summer,Yes,170.76,56.6,0.0,48.25,60.13,1.1
2023-08-09 10:00,8,10,Weekday,Summer,Yes,182.07,65.16,0.0,48.25,62.05,1.1
2023-08-09 11:00,8,11,Weekday,Summer,Yes,181.34,65.0,0.0,48.25,61.51,1.1
2023-08-09 12:00,8,12,Weekday,Summer,Yes,192.88,73.22,0.0,48.25,63.66,1.1
2023-08-09 13:00,8,13,Weekday,Summer,Yes,203.83,86.64,0.0,48.25,60.13,1.1
2023-08-09 14:00,8,14,Weekday,Summer,Yes,214.32,96.04,0.0,48.25,60.13,1.1
2023-08-09 15:00,8,15,Weekday,Summer,Yes,219.45,97.82,0.0,48.25,63.02,1.1
2023-08-09 16:00,8,16,Weekday,Summer,Yes,203.47,93.85,0.0,37.53,62.79,0.02
2023-08-09 17:00,8,17,Weekday,Summer,Yes,144.17,75.03,0.0,26.8,36.02,1.1
2023-08-09 18:00,8,18,Weekday,Summer,No,130.27,64.69,0.0,26.8,33.45,0.02
2023-08-09 19:00,8,19,Weekday,Summer,No,114.29,53.51,0.0,16.08,28.09,1.1
2023-08-09 20:00,8,20,Weekday,Summer,No,107.57,45.9,0.0,16.08,26.8,0.02
2023-08-09 21:00,8,21,Weekday,Summer,No,47.03,4.96,0.0,5.36,21.44,1.1
2023-08-09 22:00,8,22,Weekday,Summer,No,41.47,2.3,0.0,2.68,21.44,0.02
2023-08-09 23:00,8,23,Weekday,Summer,No,48.28,8.66,0.0,2.68,21.44,0.02
2023-08-10 00:00,8,0,Weekday,Summer,No,47.92,8.3,0.0,2.68,21.44,0.02
2023-08-10 01:00,8,1,Weekday,Summer,No,38.94,0.0,0.0,2.68,21.44,1.1
2023-08-10 02:00,8,2,Weekday,Summer,No,48.08,8.46,0.0,2.68,21.44,0.02
2023-08-10 03:00,8,3,Weekday,Summer,No,38.94,0.0,0.0,2.68,21.44,0.02
2023-08-10 04:00,8,4,Weekday,Summer,No,41.62,0.0,0.0,5.36,21.44,1.1
2023-08-10 05:00,8,5,Weekday,Summer,No,90.08,48.72,0.04,5.36,21.44,0.02
2023-08-10 06:00,8,6,Weekday,Summer,No,97.85,45.11,0.2,16.08,32.68,1.1
2023-08-10 07:00,8,7,Weekday,Summer,No,179.51,55.88,0.0,48.25,70.4,0.02
2023-08-10 08:00,8,8,Weekday,Summer,Yes,170.75,55.38,0.0,48.25,62.05,1.1
2023-08-10 09:00,8,9,Weekday,Summer,Yes,165.55,51.93,0.0,48.25,60.13,1.1
2023-08-10 10:00,8,10,Weekday,Summer,Yes,170.93,54.79,0.0,48.25,62.05,1.1
2023-08-10 11:00,8,11,Weekday,Summer,Yes,174.19,58.38,0.0,48.25,61.51,1.1
2023-08-10 12:00,8,12,Weekday,Summer,Yes,186.18,67.3,0.0,48.25,63.66,1.1
2023-08-10 13:00,8,13,Weekday,Summer,Yes,190.85,75.03,0.0,48.25,60.13,1.1
2023-08-10 14:00,8,14,Weekday,Summer,Yes,192.47,76.15,0.0,48.25,60.13,1.1
2023-08-10 15:00,8,15,Weekday,Summer,Yes,189.14,70.47,0.0,48.25,63.02,1.1
2023-08-10 16:00,8,16,Weekday,Summer,Yes,170.47,63.69,0.0,37.53,62.79,0.02
2023-08-10 17:00,8,17,Weekday,Summer,Yes,118.79,51.37,0.0,26.8,36.02,1.1
2023-08-10 18:00,8,18,Weekday,Summer,No,113.93,49.37,0.0,26.8,33.45,0.02
2023-08-10 19:00,8,19,Weekday,Summer,No,105.64,45.27,0.0,16.08,28.09,1.1
2023-08-10 20:00,8,20,Weekday,Summer,No,104.18,42.69,0.0,16.08,26.8,0.02
2023-08-10 21:00,8,21,Weekday,Summer,No,41.62,0.0,0.0,5.36,21.44,0.02
2023-08-10 22:00,8,22,Weekday,Summer,No,38.94,0.0,0.0,2.68,21.44,1.1
2023-08-10 23:00,8,23,Weekday,Summer,No,47.2,7.58,0.0,2.68,21.44,0.02
2023-08-11 00:00,8,0,Weekday,Summer,No,38.94,0.0,0.0,2.68,21.44,0.02
2023-08-11 01:00,8,1,Weekday,Summer,No,38.94,0.0,0.0,2.68,21.44,1.1
2023-08-11 02:00,8,2,Weekday,Summer,No,38.94,0.0,0.0,2.68,21.44,0.02
2023-08-11 03:00,8,3,Weekday,Summer,No,38.94,0.0,0.0,2.68,21.44,0.02
2023-08-11 04:00,8,4,Weekday,Summer,No,41.62,0.0,0.0,5.36,21.44,1.1
2023-08-11 05:00,8,5,Weekday,Summer,No,84.88,43.23,0.75,5.36,21.44,0.02
2023-08-11 06:00,8,6,Weekday,Summer,No,94.43,40.92,0.97,16.08,32.68,0.02
2023-08-11 07:00,8,7,Weekday,Summer,No,174.73,51.38,0.0,48.25,70.4,1.1
2023-08-11 08:00,8,8,Weekday,Summer,Yes,169.84,54.74,0.0,48.25,62.05,1.1
2023-08-11 09:00,8,9,Weekday,Summer,Yes,171.03,57.54,0.0,48.25,60.13,1.1
2023-08-11 10:00,8,10,Weekday,Summer,Yes,170.72,54.59,0.0,48.25,62.05,1.1
2023-08-11 11:00,8,11,Weekday,Summer,Yes,172.52,57.1,0.0,48.25,61.51,1.1
2023-08-11 12:00,8,12,Weekday,Summer,Yes,184.05,65.64,0.0,48.25,63.66,1.1
2023-08-11 13:00,8,13,Weekday,Summer,Yes,171.7,57.44,0.0,48.25,60.13,1.1
2023-08-11 14:00,8,14,Weekday,Summer,Yes,174.44,59.72,0.0,48.25,60.13,1.1
2023-08-11 15:00,8,15,Weekday,Summer,Yes,186.83,68.24,0.0,48.25,63.02,0.02
2023-08-11 16:00,8,16,Weekday,Summer,Yes,170.75,63.74,0.0,37.53,62.79,1.1
2023-08-11 17:00,8,17,Weekday,Summer,Yes,118.71,51.29,0.0,26.8,36.02,1.1
2023-08-11 18:00,8,18,Weekday,Summer,No,112.09,47.49,0.0,26.8,33.45,0.02
2023-08-11 19:00,8,19,Weekday,Summer,No,103.84,41.01,0.0,16.08,28.09,1.1
2023-08-11 20:00,8,20,Weekday,Summer,No,100.5,39.0,0.0,16.08,26.8,0.02
2023-08-11 21:00,8,21,Weekday,Summer,No,41.62,0.0,0.0,5.36,21.44,0.02
2023-08-11 22:00,8,22,Weekday,Summer,No,38.94,0.0,0.0,2.68,21.44,1.1
2023-08-11 23:00,8,23,Weekday,Summer,No,38.94,0.0,0.0,2.68,21.44,0.02
2023-08-12 00:00,8,0,Weekend,Summer,No,33.58,0.0,0.0,2.68,16.08,0.02
2023-08-12 01:00,8,1,Weekend,Summer,No,33.58,0.0,0.0,2.68,16.08,1.1
2023-08-12 02:00,8,2,Weekend,Summer,No,33.58,0.0,0.0,2.68,16.08,0.02
2023-08-12 03:00,8,3,Weekend,Summer,No,33.58,0.0,0.0,2.68,16.08,0.02
2023-08-12 04:00,8,4,Weekend,Summer,No,33.58,0.0,0.0,2.68,16.08,1.1
2023-08-12 05:00,8,5,Weekend,Summer,No,79.36,37.94,0.45,5.36,21.44,0.02
2023-08-12 06:00,8,6,Weekend,Summer,No,73.79,37.12,0.96,5.36,26.58,0.02
2023-08-12 07:00,8,7,Weekend,Summer,No,101.61,39.58,0.15,26.8,31.3,1.1
2023-08-12 08:00,8,8,Weekend,Summer,No,107.23,43.04,0.0,26.8,33.55,0.02
2023-08-12 09:00,8,9,Weekend,Summer,No,111.07,47.51,0.0,26.8,32.58,1.1
2023-08-12 10:00,8,10,Weekend,Summer,No,117.38,51.32,0.0,26.8,34.83,0.02
2023-08-12 11:00,8,11,Weekend,Summer,No,119.47,54.6,0.0,26.8,33.55,1.1
2023-08-12 12:00,8,12,Weekend,Summer,No,123.12,60.58,0.0,26.8,30.98,0.02
2023-08-12 13:00,8,13,Weekend,Summer,No,95.83,61.88,0.0,8.04,21.33,1.1
2023-08-12 14:00,8,14,Weekend,Summer,No,93.19,60.52,0.0,8.04,20.05,0.02
2023-08-12 15:00,8,15,Weekend,Summer,No,94.3,61.08,0.0,8.04,20.37,1.1
2023-08-12 16:00,8,16,Weekend,Summer,No,85.31,59.99,0.0,2.68,18.01,0.02
2023-08-12 17:00,8,17,Weekend,Summer,No,52.68,31.1,0.0,2.68,16.08,1.1
2023-08-12 18:00,8,18,Weekend,Summer,No,48.1,26.82,0.0,2.68,16.08,0.02
2023-08-12 19:00,8,19,Weekend,Summer,No,52.09,16.95,0.0,2.68,16.08,0.02
2023-08-12 20:00,8,20,Weekend,Summer,No,49.51,14.51,0.0,2.68,16.08,1.1
2023-08-12 21:00,8,21,Weekend,Summer,No,38.94,4.91,0.0,2.68,16.08,0.02
2023-08-12 22:00,8,22,Weekend,Summer,No,36.1,2.3,0.0,2.68,16.08,0.02
2023-08-12 23:00,8,23,Weekend,Summer,No,33.58,0.0,0.0,2.68,16.08,1.1
2023-08-13 00:00,8,0,Weekend,Summer,No,33.58,0.0,0.0,2.68,16.08,0.02
2023-08-13 01:00,8,1,Weekend,Summer,No,33.58,0.0,0.0,2.68,16.08,0.02
2023-08-13 02:00,8,2,Weekend,Summer,No,33.58,0.0,0.0,2.68,16.08,0.02
2023-08-13 03:00,8,3,Weekend,Summer,No,33.58,0.0,0.0,2.68,16.08,1.1
2023-08-13 04:00,8,4,Weekend,Summer,No,33.58,0.0,0.0,2.68,16.08,0.02
2023-08-13 05:00,8,5,Weekend,Summer,No,31.11,0.0,0.0,2.68,16.08,0.02
2023-08-13 06:00,8,6,Weekend,Summer,No,40.69,20.08,0.0,2.68,16.08,1.1
2023-08-13 07:00,8,7,Weekend,Summer,No,49.05,27.32,0.0,2.68,16.08,0.02
2023-08-13 08:00,8,8,Weekend,Summer,No,46.58,25.05,0.0,2.68,16.08,0.02
2023-08-13 09:00,8,9,Weekend,Summer,No,50.72,28.91,0.0,2.68,16.08,0.02
2023-08-13 10:00,8,10,Weekend,Summer,No,49.2,27.67,0.0,2.68,16.08,1.1
2023-08-13 11:00,8,11,Weekend,Summer,No,52.51,30.77,0.0,2.68,16.08,0.02
2023-08-13 12:00,8,12,Weekend,Summer,No,51.4,29.87,0.0,2.68,16.08,0.02
2023-08-13 13:00,8,13,Weekend,Summer,No,55.8,34.01,0.0,2.68,16.08,1.1
2023-08-13 14:00,8,14,Weekend,Summer,No,54.99,33.35,0.0,2.68,16.08,0.02
2023-08-13 15:00,8,15,Weekend,Summer,No,59.01,37.17,0.0,2.68,16.08,0.02
2023-08-13 16:00,8,16,Weekend,Summer,No,56.33,34.59,0.0,2.68,16.08,1.1
2023-08-13 17:00,8,17,Weekend,Summer,No,58.83,36.93,0.0,2.68,16.08,0.02
2023-08-13 18:00,8,18,Weekend,Summer,No,53.22,31.65,0.0,2.68,16.08,0.02
2023-08-13 19:00,8,19,Weekend,Summer,No,66.76,30.35,0.0,2.68,16.08,1.1
2023-08-13 20:00,8,20,Weekend,Summer,No,48.77,13.85,0.0,2.68,16.08,0.02
2023-08-13 21:00,8,21,Weekend,Summer,No,50.31,15.12,0.0,2.68,16.08,0.02
2023-08-13 22:00,8,22,Weekend,Summer,No,40.62,6.36,0.0,2.68,16.08,0.02
2023-08-13 23:00,8,23,Weekend,Summer,No,33.58,0.0,0.0,2.68,16.08,1.1
2023-08-14 00:00,8,0,Weekday,Summer,No,45.85,6.23,0.0,2.68,21.44,0.02
2023-08-14 01:00,8,1,Weekday,Summer,No,43.47,4.08,0.0,2.68,21.44,0.02
2023-08-14 02:00,8,2,Weekday,Summer,No,41.19,2.03,0.0,2.68,21.44,1.1
2023-08-14 03:00,8,3,Weekday,Summer,No,38.94,0.0,0.0,2.68,21.44,0.02
2023-08-14 04:00,8,4,Weekday,Summer,No,47.98,5.68,0.0,5.36,21.44,0.02
2023-08-14 05:00,8,5,Weekday,Summer,No,75.27,31.77,0.2,5.36,21.44,1.1
2023-08-14 06:00,8,6,Weekday,Summer,No,84.69,31.68,0.47,16.08,32.68,0.02
2023-08-14 07:00,8,7,Weekday,Summer,No,165.71,41.79,0.0,48.25,70.4,1.1
2023-08-14 08:00,8,8,Weekday,Summer,Yes,166.21,50.01,0.0,48.25,62.05,1.1
2023-08-14 09:00,8,9,Weekday,Summer,Yes,170.93,56.12,0.0,48.25,60.13,1.1
2023-08-14 10:00,8,10,Weekday,Summer,Yes,179.25,61.92,0.0,48.25,62.05,1.1
2023-08-14 11:00,8,11,Weekday,Summer,Yes,179.98,63.54,0.0,48.25,61.51,1.1
2023-08-14 12:00,8,12,Weekday,Summer,Yes,187.75,68.31,0.0,48.25,63.66,1.1
2023-08-14 13:00,8,13,Weekday,Summer,Yes,186.87,70.67,0.0,48.25,60.13,1.1
2023-08-14 14:00,8,14,Weekday,Summer,Yes,194.08,76.96,0.0,48.25,60.13,0.02
2023-08-14 15:00,8,15,Weekday,Summer,Yes,202.14,81.46,0.0,48.25,63.02,1.1
2023-08-14 16:00,8,16,Weekday,Summer,Yes,186.87,77.91,0.0,37.53,62.79,1.1
2023-08-14 17:00,8,17,Weekday,Summer,Yes,131.14,62.36,0.0,26.8,36.02,1.1
2023-08-14 18:00,8,18,Weekday,Summer,No,118.99,53.63,0.0,26.8,33.45,0.02
2023-08-14 19:00,8,19,Weekday,Summer,No,106.21,43.16,0.0,16.08,28.09,1.1
2023-08-14 20:00,8,20,Weekday,Summer,No,99.89,38.31,0.0,16.08,26.8,0.02
2023-08-14 21:00,8,21,Weekday,Summer,No,44.02,2.17,0.0,5.36,21.44,0.02
2023-08-14 22:00,8,22,Weekday,Summer,No,43.57,4.18,0.0,2.68,21.44,1.1
2023-08-14 23:00,8,23,Weekday,Summer,No,43.02,3.63,0.0,2.68,21.44,0.02
2023-08-15 00:00,8,0,Weekday,Summer,No,40.96,1.79,0.0,2.68,21.44,0.02
2023-08-15 01:00,8,1,Weekday,Summer,No,38.94,0.0,0.0,2.68,21.44,0.02
2023-08-15 02:00,8,2,Weekday,Summer,No,38.94,0.0,0.0,2.68,21.44,1.1
2023-08-15 03:00,8,3,Weekday,Summer,No,38.94,0.0,0.0,2.68,21.44,0.02
2023-08-15 04:00,8,4,Weekday,Summer,No,41.62,0.0,0.0,5.36,21.44,0.02
2023-08-15 05:00,8,5,Weekday,Summer,No,64.78,20.12,1.38,5.36,21.44,1.1
2023-08-15 06:00,8,6,Weekday,Summer,No,76.36,22.52,1.3,16.08,32.68,0.02
2023-08-15 07:00,8,7,Weekday,Summer,No,158.27,34.48,0.01,48.25,70.4,1.1
2023-08-15 08:00,8,8,Weekday,Summer,Yes,159.31,43.34,0.0,48.25,62.05,1.1
2023-08-15 09:00,8,9,Weekday,Summer,Yes,167.29,52.56,0.0,48.25,60.13,1.1
2023-08-15 10:00,8,10,Weekday,Summer,Yes,176.73,59.42,0.0,48.25,62.05,1.1
2023-08-15 11:00,8,11,Weekday,Summer,Yes,176.14,59.73,0.0,48.25,61.51,1.1
2023-08-15 12:00,8,12,Weekday,Summer,Yes,186.32,66.92,0.0,48.25,63.66,1.1
2023-08-15 13:00,8,13,Weekday,Summer,Yes,187.44,71.29,0.0,48.25,60.13,1.1
2023-08-15 14:00,8,14,Weekday,Summer,Yes,195.37,78.35,0.0,48.25,60.13,0.02
2023-08-15 15:00,8,15,Weekday,Summer,Yes,203.94,83.24,0.0,48.25,63.02,1.1
2023-08-15 16:00,8,16,Weekday,Summer,Yes,191.43,82.23,0.0,37.53,62.79,1.1
2023-08-15 17:00,8,17,Weekday,Summer,Yes,135.75,66.84,0.0,26.8,36.02,1.1
2023-08-15 18:00,8,18,Weekday,Summer,No,124.36,58.92,0.0,26.8,33.45,0.02
2023-08-15 19:00,8,19,Weekday,Summer,No,108.95,45.91,0.0,16.08,28.09,1.1
2023-08-15 20:00,8,20,Weekday,Summer,No,99.85,38.27,0.0,16.08,26.8,0.02
2023-08-15 21:00,8,21,Weekday,Summer,No,44.03,2.18,0.0,5.36,21.44,0.02
2023-08-15 22:00,8,22,Weekday,Summer,No,43.51,4.12,0.0,2.68,21.44,1.1
2023-08-15 23:00,8,23,Weekday,Summer,No,43.16,3.77,0.0,2.68,21.44,0.02
2023-08-16 00:00,8,0,Weekday,Summer,No,40.98,1.82,0.0,2.68,21.44,0.02
2023-08-16 01:00,8,1,Weekday,Summer,No,38.94,0.0,0.0,2.68,21.44,0.02
2023-08-16 02:00,8,2,Weekday,Summer,No,38.94,0.0,0.0,2.68,21.44,1.1
2023-08-16 03:00,8,3,Weekday,Summer,No,38.94,0.0,0.0,2.68,21.44,0.02
2023-08-16 04:00,8,4,Weekday,Summer,No,41.62,0.0,0.0,5.36,21.44,0.02
2023-08-16 05:00,8,5,Weekday,Summer,No,65.28,20.66,1.33,5.36,21.44,1.1
2023-08-16 06:00,8,6,Weekday,Summer,No,75.79,21.88,1.38,16.08,32.68,0.02
2023-08-16 07:00,8,7,Weekday,Summer,No,158.66,34.72,0.02,48.25,70.4,1.1
2023-08-16 08:00,8,8,Weekday,Summer,Yes,159.24,43.24,0.0,48.25,62.05,1.1
2023-08-16 09:00,8,9,Weekday,Summer,Yes,167.2,52.49,0.0,48.25,60.13,1.1
2023-08-16 10:00,8,10,Weekday,Summer,Yes,178.55,61.15,0.0,48.25,62.05,1.1
2023-08-16 11:00,8,11,Weekday,Summer,Yes,179.2,62.67,0.0,48.25,61.51,1.1
2023-08-16 12:00,8,12,Weekday,Summer,Yes,190.59,70.99,0.0,48.25,63.66,1.1
2023-08-16 13:00,8,13,Weekday,Summer,Yes,192.41,75.99,0.0,48.25,60.13,1.1
2023-08-16 14:00,8,14,Weekday,Summer,Yes,200.72,83.28,0.0,48.25,60.13,1.1
2023-08-16 15:00,8,15,Weekday,Summer,Yes,210.01,88.78,0.0,48.25,63.02,0.02
2023-08-16 16:00,8,16,Weekday,Summer,Yes,195.89,86.23,0.0,37.53,62.79,1.1
2023-08-16 17:00,8,17,Weekday,Summer,Yes,139.63,70.26,0.0,26.8,36.02,1.1
2023-08-16 18:00,8,18,Weekday,Summer,No,128.11,62.19,0.0,26.8,33.45,0.02
2023-08-16 19:00,8,19,Weekday,Summer,No,112.36,49.16,0.0,16.08,28.09,1.1
2023-08-16 20:00,8,20,Weekday,Summer,No,104.44,42.77,0.0,16.08,26.8,0.02
2023-08-16 21:00,8,21,Weekday,Summer,No,49.02,6.72,0.0,5.36,21.44,0.02
2023-08-16 22:00,8,22,Weekday,Summer,No,50.91,10.8,0.0,2.68,21.44,1.1
2023-08-16 23:00,8,23,Weekday,Summer,No,38.94,0.0,0.0,2.68,21.44,0.02
2023-08-17 00:00,8,0,Weekday,Summer,No,45.76,6.14,0.0,2.68,21.44,0.02
2023-08-17 01:00,8,1,Weekday,Summer,No,38.94,0.0,0.0,2.68,21.44,1.1
2023-08-17 02:00,8,2,Weekday,Summer,No,38.94,0.0,0.0,2.68,21.44,0.02
2023-08-17 03:00,8,3,Weekday,Summer,No,38.94,0.0,0.0,2.68,21.44,0.02
2023-08-17 04:00,8,4,Weekday,Summer,No,41.62,0.0,0.0,5.36,21.44,1.1
2023-08-17 05:00,8,5,Weekday,Summer,No,67.15,22.96,0.83,5.36,21.44,0.02
2023-08-17 06:00,8,6,Weekday,Summer,No,78.43,25.1,0.8,16.08,32.68,0.02
2023-08-17 07:00,8,7,Weekday,Summer,No,160.52,36.78,0.0,48.25,70.4,1.1
2023-08-17 08:00,8,8,Weekday,Summer,Yes,161.45,45.43,0.0,48.25,62.05,1.1
2023-08-17 09:00,8,9,Weekday,Summer,Yes,171.94,56.92,0.0,48.25,60.13,1.1
2023-08-17 10:00,8,10,Weekday,Summer,Yes,185.17,67.34,0.0,48.25,62.05,1.1
2023-08-17 11:00,8,11,Weekday,Summer,Yes,188.48,71.47,0.0,48.25,61.51,1.1
2023-08-17 12:00,8,12,Weekday,Summer,Yes,200.23,80.08,0.0,48.25,63.66,1.1
2023-08-17 13:00,8,13,Weekday,Summer,Yes,204.44,87.33,0.0,48.25,60.13,1.1
2023-08-17 14:00,8,14,Weekday,Summer,Yes,211.77,93.6,0.0,48.25,60.13,1.1
2023-08-17 15:00,8,15,Weekday,Summer,Yes,221.0,98.98,0.0,48.25,63.02,1.1
2023-08-17 16:00,8,16,Weekday,Summer,Yes,207.3,96.87,0.0,37.53,62.79,0.02
2023-08-17 17:00,8,17,Weekday,Summer,Yes,148.7,79.04,0.0,26.8,36.02,1.1
2023-08-17 18:00,8,18,Weekday,Summer,No,133.24,67.28,0.0,26.8,33.45,0.02
2023-08-17 19:00,8,19,Weekday,Summer,No,116.67,53.35,0.0,16.08,28.09,1.1
2023-08-17 20:00,8,20,Weekday,Summer,No,110.31,48.52,0.0,16.08,26.8,0.02
2023-08-17 21:00,8,21,Weekday,Summer,No,55.47,12.6,0.0,5.36,21.44,0.02
2023-08-17 22:00,8,22,Weekday,Summer,No,45.74,6.19,0.0,2.68,21.44,1.1
2023-08-17 23:00,8,23,Weekday,Summer,No,45.82,6.2,0.0,2.68,21.44,0.02
2023-08-18 00:00,8,0,Weekday,Summer,No,38.94,0.0,0.0,2.68,21.44,0.02
2023-08-18 01:00,8,1,Weekday,Summer,No,45.23,5.61,0.0,2.68,21.44,1.1
2023-08-18 02:00,8,2,Weekday,Summer,No,38.94,0.0,0.0,2.68,21.44,0.02
2023-08-18 03:00,8,3,Weekday,Summer,No,38.94,0.0,0.0,2.68,21.44,0.02
2023-08-18 04:00,8,4,Weekday,Summer,No,41.62,0.0,0.0,5.36,21.44,1.1
2023-08-18 05:00,8,5,Weekday,Summer,No,72.9,28.95,0.48,5.36,21.44,0.02
2023-08-18 06:00,8,6,Weekday,Summer,No,81.23,28.06,0.63,16.08,32.68,1.1
2023-08-18 07:00,8,7,Weekday,Summer,No,164.37,40.18,0.0,48.25,70.4,0.02
2023-08-18 08:00,8,8,Weekday,Summer,Yes,165.05,48.65,0.0,48.25,62.05,1.1
2023-08-18 09:00,8,9,Weekday,Summer,Yes,172.8,57.59,0.0,48.25,60.13,1.1
2023-08-18 10:00,8,10,Weekday,Summer,Yes,184.78,66.83,0.0,48.25,62.05,1.1
2023-08-18 11:00,8,11,Weekday,Summer,Yes,190.83,73.67,0.0,48.25,61.51,1.1
2023-08-18 12:00,8,12,Weekday,Summer,Yes,209.5,88.94,0.0,48.25,63.66,1.1
2023-08-18 13:00,8,13,Weekday,Summer,Yes,214.62,96.91,0.0,48.25,60.13,1.1
2023-08-18 14:00,8,14,Weekday,Summer,Yes,220.97,102.26,0.0,48.25,60.13,1.1
2023-08-18 15:00,8,15,Weekday,Summer,Yes,229.28,106.75,0.0,48.25,63.02,1.1
2023-08-18 16:00,8,16,Weekday,Summer,Yes,214.93,104.0,0.0,37.53,62.79,0.02
2023-08-18 17:00,8,17,Weekday,Summer,Yes,158.48,88.27,0.0,26.8,36.02,1.1
2023-08-18 18:00,8,18,Weekday,Summer,No,144.73,78.07,0.0,26.8,33.45,0.02
2023-08-18 19:00,8,19,Weekday,Summer,No,121.86,58.35,0.0,16.08,28.09,1.1
2023-08-18 20:00,8,20,Weekday,Summer,No,112.98,51.11,0.0,16.08,26.8,0.02
2023-08-18 21:00,8,21,Weekday,Summer,No,53.17,10.53,0.0,5.36,21.44,1.1
2023-08-18 22:00,8,22,Weekday,Summer,No,53.95,13.62,0.0,2.68,21.44,0.02
2023-08-18 23:00,8,23,Weekday,Summer,No,43.81,4.42,0.0,2.68,21.44,0.02
2023-08-19 00:00,8,0,Weekend,Summer,No,40.12,5.86,0.0,2.68,16.08,1.1
2023-08-19 01:00,8,1,Weekend,Summer,No,33.58,0.0,0.0,2.68,16.08,0.02
2023-08-19 02:00,8,2,Weekend,Summer,No,33.58,0.0,0.0,2.68,16.08,0.02
2023-08-19 03:00,8,3,Weekend,Summer,No,40.33,6.07,0.0,2.68,16.08,1.1
2023-08-19 04:00,8,4,Weekend,Summer,No,33.58,0.0,0.0,2.68,16.08,0.02
2023-08-19 05:00,8,5,Weekend,Summer,No,76.89,33.22,0.0,5.36,21.44,0.02
2023-08-19 06:00,8,6,Weekend,Summer,No,67.19,31.4,0.08,5.36,26.58,1.1
2023-08-19 07:00,8,7,Weekend,Summer,No,95.99,34.1,0.0,26.8,31.3,0.02
2023-08-19 08:00,8,8,Weekend,Summer,No,106.88,42.35,0.0,26.8,33.55,1.1
2023-08-19 09:00,8,9,Weekend,Summer,No,112.64,48.71,0.0,26.8,32.58,0.02
2023-08-19 10:00,8,10,Weekend,Summer,No,123.38,56.54,0.0,26.8,34.83,1.1
2023-08-19 11:00,8,11,Weekend,Summer,No,125.79,60.14,0.0,26.8,33.55,0.02
2023-08-19 12:00,8,12,Weekend,Summer,No,127.61,64.42,0.0,26.8,30.98,1.1
2023-08-19 13:00,8,13,Weekend,Summer,No,99.99,65.59,0.0,8.04,21.33,0.02
2023-08-19 14:00,8,14,Weekend,Summer,No,104.15,70.71,0.0,8.04,20.05,1.1
2023-08-19 15:00,8,15,Weekend,Summer,No,106.57,72.56,0.0,8.04,20.37,0.02
2023-08-19 16:00,8,16,Weekend,Summer,No,97.49,71.43,0.0,2.68,18.01,1.1
2023-08-19 17:00,8,17,Weekend,Summer,No,56.41,34.76,0.0,2.68,16.08,0.02
2023-08-19 18:00,8,18,Weekend,Summer,No,49.58,28.29,0.0,2.68,16.08,0.02
2023-08-19 19:00,8,19,Weekend,Summer,No,57.93,22.32,0.0,2.68,16.08,1.1
2023-08-19 20:00,8,20,Weekend,Summer,No,52.33,17.12,0.0,2.68,16.08,0.02
2023-08-19 21:00,8,21,Weekend,Summer,No,47.0,12.26,0.0,2.68,16.08,0.02
2023-08-19 22:00,8,22,Weekend,Summer,No,43.55,9.08,0.0,2.68,16.08,1.1
2023-08-19 23:00,8,23,Weekend,Summer,No,38.64,4.61,0.0,2.68,16.08,0.02
2023-08-20 00:00,8,0,Weekend,Summer,No,41.32,7.06,0.0,2.68,16.08,0.02
2023-08-20 01:00,8,1,Weekend,Summer,No,38.88,4.85,0.0,2.68,16.08,1.1
2023-08-20 02:00,8,2,Weekend,Summer,No,36.04,2.23,0.0,2.68,16.08,0.02
2023-08-20 03:00,8,3,Weekend,Summer,No,33.58,0.0,0.0,2.68,16.08,0.02
2023-08-20 04:00,8,4,Weekend,Summer,No,33.58,0.0,0.0,2.68,16.08,0.02
2023-08-20 05:00,8,5,Weekend,Summer,No,32.05,0.87,0.0,2.68,16.08,1.1
2023-08-20 06:00,8,6,Weekend,Summer,No,47.25,25.88,0.0,2.68,16.08,0.02
2023-08-20 07:00,8,7,Weekend,Summer,No,45.65,24.2,0.0,2.68,16.08,0.02
2023-08-20 08:00,8,8,Weekend,Summer,No,50.4,28.58,0.0,2.68,16.08,1.1
2023-08-20 09:00,8,9,Weekend,Summer,No,49.65,28.05,0.0,2.68,16.08,0.02
2023-08-20 10:00,8,10,Weekend,Summer,No,53.7,31.91,0.0,2.68,16.08,0.02
2023-08-20 11:00,8,11,Weekend,Summer,No,52.57,31.01,0.0,2.68,16.08,1.1
2023-08-20 12:00,8,12,Weekend,Summer,No,58.14,36.22,0.0,2.68,16.08,0.02
2023-08-20 13:00,8,13,Weekend,Summer,No,56.44,34.71,0.0,2.68,16.08,0.02
2023-08-20 14:00,8,14,Weekend,Summer,No,59.66,37.78,0.0,2.68,16.08,1.1
2023-08-20 15:00,8,15,Weekend,Summer,No,50.29,28.85,0.0,2.68,16.08,0.02
2023-08-20 16:00,8,16,Weekend,Summer,No,44.96,23.86,0.0,2.68,16.08,0.02
2023-08-20 17:00,8,17,Weekend,Summer,No,38.33,17.8,0.0,2.68,16.08,1.1
2023-08-20 18:00,8,18,Weekend,Summer,No,37.94,15.22,0.0,2.68,16.08,0.02
2023-08-20 19:00,8,19,Weekend,Summer,No,41.59,7.3,0.0,2.68,16.08,0.02
2023-08-20 20:00,8,20,Weekend,Summer,No,40.76,6.61,0.0,2.68,16.08,0.02
2023-08-20 21:00,8,21,Weekend,Summer,No,43.02,8.77,0.0,2.68,16.08,1.1
2023-08-20 22:00,8,22,Weekend,Summer,No,33.58,0.0,0.0,2.68,16.08,0.02
2023-08-20 23:00,8,23,Weekend,Summer,No,42.72,8.47,0.0,2.68,16.08,0.02
2023-08-21 00:00,8,0,Weekday,Summer,No,38.94,0.0,0.0,2.68,21.44,1.1
2023-08-21 01:00,8,1,Weekday,Summer,No,47.73,8.11,0.0,2.68,21.44,0.02
2023-08-21 02:00,8,2,Weekday,Summer,No,38.94,0.0,0.0,2.68,21.44,0.02
2023-08-21 03:00,8,3,Weekday,Summer,No,38.94,0.0,0.0,2.68,21.44,1.1
2023-08-21 04:00,8,4,Weekday,Summer,No,41.62,0.0,0.0,5.36,21.44,0.02
2023-08-21 05:00,8,5,Weekday,Summer,No,85.52,41.57,0.5,5.36,21.44,0.02
2023-08-21 06:00,8,6,Weekday,Summer,No,94.17,40.96,0.68,16.08,32.68,1.1
2023-08-21 07:00,8,7,Weekday,Summer,No,171.63,48.12,0.0,48.25,70.4,1.1
2023-08-21 08:00,8,8,Weekday,Summer,Yes,175.25,59.16,0.0,48.25,62.05,0.02
2023-08-21 09:00,8,9,Weekday,Summer,Yes,182.29,67.16,0.0,48.25,60.13,1.1
2023-08-21 10:00,8,10,Weekday,Summer,Yes,191.8,73.9,0.0,48.25,62.05,1.1
2023-08-21 11:00,8,11,Weekday,Summer,Yes,192.82,75.65,0.0,48.25,61.51,1.1
2023-08-21 12:00,8,12,Weekday,Summer,Yes,199.02,78.85,0.0,48.25,63.66,2.19
2023-08-21 13:00,8,13,Weekday,Summer,Yes,196.05,79.18,0.0,48.25,60.13,0.02
2023-08-21 14:00,8,14,Weekday,Summer,Yes,200.1,82.45,0.0,48.25,60.13,1.1
2023-08-21 15:00,8,15,Weekday,Summer,Yes,202.17,81.39,0.0,48.25,63.02,1.1
2023-08-21 16:00,8,16,Weekday,Summer,Yes,188.41,79.59,0.0,37.53,62.79,1.1
2023-08-21 17:00,8,17,Weekday,Summer,Yes,134.85,66.28,0.0,26.8,36.02,0.02
2023-08-21 18:00,8,18,Weekday,Summer,No,123.39,55.91,0.0,26.8,33.45,1.1
2023-08-21 19:00,8,19,Weekday,Summer,No,108.99,45.96,0.0,16.08,28.09,0.02
2023-08-21 20:00,8,20,Weekday,Summer,No,105.09,43.52,0.0,16.08,26.8,1.1
2023-08-21 21:00,8,21,Weekday,Summer,No,41.62,0.0,0.0,5.36,21.44,0.02
2023-08-21 22:00,8,22,Weekday,Summer,No,46.99,7.37,0.0,2.68,21.44,0.02
2023-08-21 23:00,8,23,Weekday,Summer,No,38.94,0.0,0.0,2.68,21.44,1.1
2023-08-22 00:00,8,0,Weekday,Summer,No,38.94,0.0,0.0,2.68,21.44,0.02
2023-08-22 01:00,8,1,Weekday,Summer,No,38.94,0.0,0.0,2.68,21.44,0.02
2023-08-22 02:00,8,2,Weekday,Summer,No,38.94,0.0,0.0,2.68,21.44,1.1
2023-08-22 03:00,8,3,Weekday,Summer,No,38.94,0.0,0.0,2.68,21.44,0.02
2023-08-22 04:00,8,4,Weekday,Summer,No,41.62,0.0,0.0,5.36,21.44,0.02
2023-08-22 05:00,8,5,Weekday,Summer,No,77.75,33.1,1.35,5.36,21.44,1.1
2023-08-22 06:00,8,6,Weekday,Summer,No,86.85,33.09,1.23,16.08,32.68,0.02
2023-08-22 07:00,8,7,Weekday,Summer,No,167.21,43.92,0.02,48.25,70.4,1.1
2023-08-22 08:00,8,8,Weekday,Summer,Yes,162.31,47.36,0.0,48.25,62.05,1.1
2023-08-22 09:00,8,9,Weekday,Summer,Yes,164.65,50.99,0.0,48.25,60.13,1.1
2023-08-22 10:00,8,10,Weekday,Summer,Yes,175.0,58.42,0.0,48.25,62.05,1.1
2023-08-22 11:00,8,11,Weekday,Summer,Yes,178.63,62.49,0.0,48.25,61.51,1.1
2023-08-22 12:00,8,12,Weekday,Summer,Yes,192.5,73.09,0.0,48.25,63.66,1.1
2023-08-22 13:00,8,13,Weekday,Summer,Yes,194.06,77.76,0.0,48.25,60.13,1.1
2023-08-22 14:00,8,14,Weekday,Summer,Yes,198.28,81.12,0.0,48.25,60.13,1.1
2023-08-22 15:00,8,15,Weekday,Summer,Yes,202.9,82.61,0.0,48.25,63.02,0.02
2023-08-22 16:00,8,16,Weekday,Summer,Yes,182.6,75.14,0.0,37.53,62.79,1.1
2023-08-22 17:00,8,17,Weekday,Summer,Yes,125.03,57.29,0.0,26.8,36.02,1.1
2023-08-22 18:00,8,18,Weekday,Summer,No,116.3,49.1,0.0,26.8,33.45,0.02
2023-08-22 19:00,8,19,Weekday,Summer,No,106.03,43.1,0.0,16.08,28.09,1.1
2023-08-22 20:00,8,20,Weekday,Summer,No,103.08,41.54,0.0,16.08,26.8,0.02
2023-08-22 21:00,8,21,Weekday,Summer,No,44.37,2.53,0.0,5.36,21.44,0.02
2023-08-22 22:00,8,22,Weekday,Summer,No,44.05,4.66,0.0,2.68,21.44,1.1
2023-08-22 23:00,8,23,Weekday,Summer,No,44.62,5.23,0.0,2.68,21.44,0.02
2023-08-23 00:00,8,0,Weekday,Summer,No,41.41,2.25,0.0,2.68,21.44,0.02
2023-08-23 01:00,8,1,Weekday,Summer,No,38.94,0.0,0.0,2.68,21.44,1.1
2023-08-23 02:00,8,2,Weekday,Summer,No,47.63,8.01,0.0,2.68,21.44,0.02
2023-08-23 03:00,8,3,Weekday,Summer,No,38.94,0.0,0.0,2.68,21.44,0.02
2023-08-23 04:00,8,4,Weekday,Summer,No,41.62,0.0,0.0,5.36,21.44,1.1
2023-08-23 05:00,8,5,Weekday,Summer,No,87.16,43.22,0.51,5.36,21.44,0.02
2023-08-23 06:00,8,6,Weekday,Summer,No,94.1,40.84,0.73,16.08,32.68,1.1
2023-08-23 07:00,8,7,Weekday,Summer,No,176.94,52.97,0.0,48.25,70.4,0.02
2023-08-23 08:00,8,8,Weekday,Summer,Yes,172.1,55.9,0.0,48.25,62.05,1.1
2023-08-23 09:00,8,9,Weekday,Summer,Yes,178.97,63.94,0.0,48.25,60.13,1.1
2023-08-23 10:00,8,10,Weekday,Summer,Yes,188.96,71.26,0.0,48.25,62.05,1.1
2023-08-23 11:00,8,11,Weekday,Summer,Yes,188.16,71.33,0.0,48.25,61.51,1.1
2023-08-23 12:00,8,12,Weekday,Summer,Yes,198.56,78.51,0.0,48.25,63.66,1.1
2023-08-23 13:00,8,13,Weekday,Summer,Yes,203.04,85.92,0.0,48.25,60.13,1.1
2023-08-23 14:00,8,14,Weekday,Summer,Yes,207.04,89.15,0.0,48.25,60.13,1.1
2023-08-23 15:00,8,15,Weekday,Summer,Yes,206.85,86.37,0.0,48.25,63.02,1.1
2023-08-23 16:00,8,16,Weekday,Summer,Yes,190.27,81.57,0.0,37.53,62.79,1.1
2023-08-23 17:00,8,17,Weekday,Summer,Yes,134.36,65.73,0.0,26.8,36.02,0.02
2023-08-23 18:00,8,18,Weekday,Summer,No,122.16,54.58,0.0,26.8,33.45,1.1
2023-08-23 19:00,8,19,Weekday,Summer,No,107.6,44.58,0.0,16.08,28.09,0.02
2023-08-23 20:00,8,20,Weekday,Summer,No,106.16,44.57,0.0,16.08,26.8,1.1
2023-08-23 21:00,8,21,Weekday,Summer,No,49.75,7.45,0.0,5.36,21.44,0.02
2023-08-23 22:00,8,22,Weekday,Summer,No,44.43,5.04,0.0,2.68,21.44,0.02
2023-08-23 23:00,8,23,Weekday,Summer,No,41.5,2.34,0.0,2.68,21.44,0.02
2023-08-24 00:00,8,0,Weekday,Summer,No,46.9,7.29,0.0,2.68,21.44,1.1
2023-08-24 01:00,8,1,Weekday,Summer,No,38.94,0.0,0.0,2.68,21.44,0.02
2023-08-24 02:00,8,2,Weekday,Summer,No,46.94,7.32,0.0,2.68,21.44,0.02
2023-08-24 03:00,8,3,Weekday,Summer,No,38.94,0.0,0.0,2.68,21.44,1.1
2023-08-24 04:00,8,4,Weekday,Summer,No,44.36,2.52,0.0,5.36,21.44,0.02
2023-08-24 05:00,8,5,Weekday,Summer,No,85.81,42.28,0.07,5.36,21.44,0.02
2023-08-24 06:00,8,6,Weekday,Summer,No,92.34,39.56,0.25,16.08,32.68,1.1
2023-08-24 07:00,8,7,Weekday,Summer,No,171.61,47.99,0.0,48.25,70.4,1.1
2023-08-24 08:00,8,8,Weekday,Summer,Yes,168.88,53.19,0.0,48.25,62.05,1.1
2023-08-24 09:00,8,9,Weekday,Summer,Yes,175.21,60.42,0.0,48.25,60.13,0.02
2023-08-24 10:00,8,10,Weekday,Summer,Yes,187.51,69.79,0.0,48.25,62.05,1.1
2023-08-24 11:00,8,11,Weekday,Summer,Yes,185.34,68.49,0.0,48.25,61.51,2.19
2023-08-24 12:00,8,12,Weekday,Summer,Yes,197.11,77.06,0.0,48.25,63.66,1.1
2023-08-24 13:00,8,13,Weekday,Summer,Yes,196.21,79.34,0.0,48.25,60.13,1.1
2023-08-24 14:00,8,14,Weekday,Summer,Yes,184.78,68.78,0.0,48.25,60.13,0.02
2023-08-24 15:00,8,15,Weekday,Summer,Yes,180.59,62.05,0.0,48.25,63.02,1.1
2023-08-24 16:00,8,16,Weekday,Summer,Yes,163.99,57.13,0.0,37.53,62.79,1.1
2023-08-24 17:00,8,17,Weekday,Summer,Yes,117.29,50.04,0.0,26.8,36.02,1.1
2023-08-24 18:00,8,18,Weekday,Summer,No,111.61,44.81,0.0,26.8,33.45,0.02
2023-08-24 19:00,8,19,Weekday,Summer,No,97.58,34.74,0.02,16.08,28.09,1.1
2023-08-24 20:00,8,20,Weekday,Summer,No,91.64,29.67,0.5,16.08,26.8,0.02
2023-08-24 21:00,8,21,Weekday,Summer,No,41.62,0.0,0.0,5.36,21.44,0.02
2023-08-24 22:00,8,22,Weekday,Summer,No,38.94,0.0,0.0,2.68,21.44,1.1
2023-08-24 23:00,8,23,Weekday,Summer,No,38.94,0.0,0.0,2.68,21.44,0.02
2023-08-25 00:00,8,0,Weekday,Summer,No,38.94,0.0,0.0,2.68,21.44,0.02
2023-08-25 01:00,8,1,Weekday,Summer,No,38.94,0.0,0.0,2.68,21.44,1.1
2023-08-25 02:00,8,2,Weekday,Summer,No,38.94,0.0,0.0,2.68,21.44,0.02
2023-08-25 03:00,8,3,Weekday,Summer,No,38.94,0.0,0.0,2.68,21.44,0.02
2023-08-25 04:00,8,4,Weekday,Summer,No,41.62,0.0,0.0,5.36,21.44,1.1
2023-08-25 05:00,8,5,Weekday,Summer,No,76.26,30.9,2.18,5.36,21.44,0.02
2023-08-25 06:00,8,6,Weekday,Summer,No,85.86,31.18,2.14,16.08,32.68,0.02
2023-08-25 07:00,8,7,Weekday,Summer,No,163.52,40.04,0.09,48.25,70.4,1.1
2023-08-25 08:00,8,8,Weekday,Summer,Yes,160.67,45.25,0.0,48.25,62.05,1.1
2023-08-25 09:00,8,9,Weekday,Summer,Yes,164.43,50.53,0.0,48.25,60.13,1.1
2023-08-25 10:00,8,10,Weekday,Summer,Yes,176.03,59.44,0.0,48.25,62.05,1.1
2023-08-25 11:00,8,11,Weekday,Summer,Yes,178.83,62.89,0.0,48.25,61.51,1.1
2023-08-25 12:00,8,12,Weekday,Summer,Yes,184.51,65.54,0.0,48.25,63.66,1.1
2023-08-25 13:00,8,13,Weekday,Summer,Yes,179.87,64.49,0.0,48.25,60.13,1.1
2023-08-25 14:00,8,14,Weekday,Summer,Yes,180.58,64.92,0.0,48.25,60.13,1.1
2023-08-25 15:00,8,15,Weekday,Summer,Yes,179.84,61.38,0.0,48.25,63.02,1.1
2023-08-25 16:00,8,16,Weekday,Summer,Yes,158.66,52.43,0.0,37.53,62.79,1.1
2023-08-25 17:00,8,17,Weekday,Summer,Yes,109.19,42.11,0.0,26.8,36.02,0.02
2023-08-25 18:00,8,18,Weekday,Summer,No,103.64,36.9,0.0,26.8,33.45,1.1
2023-08-25 19:00,8,19,Weekday,Summer,No,95.03,32.2,0.03,16.08,28.09,0.02
2023-08-25 20:00,8,20,Weekday,Summer,No,92.58,30.67,0.45,16.08,26.8,1.1
2023-08-25 21:00,8,21,Weekday,Summer,No,41.62,0.0,0.0,5.36,21.44,0.02
2023-08-25 22:00,8,22,Weekday,Summer,No,38.94,0.0,0.0,2.68,21.44,0.02
2023-08-25 23:00,8,23,Weekday,Summer,No,38.94,0.0,0.0,2.68,21.44,0.02
2023-08-26 00:00,8,0,Weekend,Summer,No,33.58,0.0,0.0,2.68,16.08,1.1
2023-08-26 01:00,8,1,Weekend,Summer,No,33.58,0.0,0.0,2.68,16.08,0.02
2023-08-26 02:00,8,2,Weekend,Summer,No,33.58,0.0,0.0,2.68,16.08,0.02
2023-08-26 03:00,8,3,Weekend,Summer,No,33.58,0.0,0.0,2.68,16.08,1.1
2023-08-26 04:00,8,4,Weekend,Summer,No,33.58,0.0,0.0,2.68,16.08,0.02
2023-08-26 05:00,8,5,Weekend,Summer,No,73.37,27.45,2.8,5.36,21.44,0.02
2023-08-26 06:00,8,6,Weekend,Summer,No,65.76,26.68,3.36,5.36,26.58,1.1
2023-08-26 07:00,8,7,Weekend,Summer,No,95.67,31.76,1.92,26.8,31.3,0.02
2023-08-26 08:00,8,8,Weekend,Summer,No,101.76,36.59,0.66,26.8,33.55,1.1
2023-08-26 09:00,8,9,Weekend,Summer,No,101.85,38.19,0.06,26.8,32.58,0.02
2023-08-26 10:00,8,10,Weekend,Summer,No,107.04,41.16,0.0,26.8,34.83,1.1
2023-08-26 11:00,8,11,Weekend,Summer,No,107.87,43.27,0.0,26.8,33.55,1.1
2023-08-26 12:00,8,12,Weekend,Summer,No,106.19,44.06,0.0,26.8,30.98,0.02
2023-08-26 13:00,8,13,Weekend,Summer,No,79.23,45.55,0.0,8.04,21.33,1.1
2023-08-26 14:00,8,14,Weekend,Summer,No,77.07,44.81,0.0,8.04,20.05,0.02
2023-08-26 15:00,8,15,Weekend,Summer,No,68.77,36.43,0.0,8.04,20.37,1.1
2023-08-26 16:00,8,16,Weekend,Summer,No,55.74,31.28,0.0,2.68,18.01,0.02
2023-08-26 17:00,8,17,Weekend,Summer,No,29.88,9.91,0.0,2.68,16.08,0.02
2023-08-26 18:00,8,18,Weekend,Summer,No,40.42,17.08,0.0,2.68,16.08,1.1
2023-08-26 19:00,8,19,Weekend,Summer,No,33.58,0.0,0.0,2.68,16.08,0.02
2023-08-26 20:00,8,20,Weekend,Summer,No,33.58,0.0,0.0,2.68,16.08,0.02
2023-08-26 21:00,8,21,Weekend,Summer,No,33.58,0.0,0.0,2.68,16.08,1.1
2023-08-26 22:00,8,22,Weekend,Summer,No,33.58,0.0,0.0,2.68,16.08,0.02
2023-08-26 23:00,8,23,Weekend,Summer,No,33.58,0.0,0.0,2.68,16.08,0.02
2023-08-27 00:00,8,0,Weekend,Summer,No,33.58,0.0,0.0,2.68,16.08,1.1
2023-08-27 01:00,8,1,Weekend,Summer,No,33.58,0.0,0.0,2.68,16.08,0.02
2023-08-27 02:00,8,2,Weekend,Summer,No,33.58,0.0,0.0,2.68,16.08,0.02
2023-08-27 03:00,8,3,Weekend,Summer,No,33.58,0.0,0.0,2.68,16.08,1.1
2023-08-27 04:00,8,4,Weekend,Summer,No,33.58,0.0,0.0,2.68,16.08,0.02
2023-08-27 05:00,8,5,Weekend,Summer,No,31.11,0.0,0.0,2.68,16.08,0.02
2023-08-27 06:00,8,6,Weekend,Summer,No,21.33,2.17,0.0,2.68,16.08,0.02
2023-08-27 07:00,8,7,Weekend,Summer,No,39.82,18.19,0.0,2.68,16.08,1.1
2023-08-27 08:00,8,8,Weekend,Summer,No,42.0,20.51,0.0,2.68,16.08,0.02
2023-08-27 09:00,8,9,Weekend,Summer,No,45.31,23.56,0.0,2.68,16.08,0.02
2023-08-27 10:00,8,10,Weekend,Summer,No,44.63,23.14,0.0,2.68,16.08,1.1
2023-08-27 11:00,8,11,Weekend,Summer,No,48.37,26.64,0.0,2.68,16.08,0.02
2023-08-27 12:00,8,12,Weekend,Summer,No,46.35,24.84,0.0,2.68,16.08,0.02
2023-08-27 13:00,8,13,Weekend,Summer,No,49.85,28.1,0.0,2.68,16.08,1.1
2023-08-27 14:00,8,14,Weekend,Summer,No,48.7,27.18,0.0,2.68,16.08,0.02
2023-08-27 15:00,8,15,Weekend,Summer,No,53.01,31.24,0.0,2.68,16.08,0.02
2023-08-27 16:00,8,16,Weekend,Summer,No,51.46,29.85,0.0,2.68,16.08,1.1
2023-08-27 17:00,8,17,Weekend,Summer,No,53.08,31.26,0.0,2.68,16.08,0.02
2023-08-27 18:00,8,18,Weekend,Summer,No,50.12,26.17,0.0,2.68,16.08,0.02
2023-08-27 19:00,8,19,Weekend,Summer,No,52.01,16.74,0.0,2.68,16.08,1.1
2023-08-27 20:00,8,20,Weekend,Summer,No,44.23,9.59,0.0,2.68,16.08,0.02
2023-08-27 21:00,8,21,Weekend,Summer,No,33.58,0.0,0.0,2.68,16.08,0.02
2023-08-27 22:00,8,22,Weekend,Summer,No,33.58,0.0,0.0,2.68,16.08,0.02
2023-08-27 23:00,8,23,Weekend,Summer,No,33.58,0.0,0.0,2.68,16.08,1.1
2023-08-28 00:00,8,0,Weekday,Summer,No,38.94,0.0,0.0,2.68,21.44,0.02
2023-08-28 01:00,8,1,Weekday,Summer,No,38.94,0.0,0.0,2.68,21.44,0.02
2023-08-28 02:00,8,2,Weekday,Summer,No,38.94,0.0,0.0,2.68,21.44,1.1
2023-08-28 03:00,8,3,Weekday,Summer,No,38.94,0.0,0.0,2.68,21.44,0.02
2023-08-28 04:00,8,4,Weekday,Summer,No,41.62,0.0,0.0,5.36,21.44,0.02
2023-08-28 05:00,8,5,Weekday,Summer,No,68.6,22.97,2.5,5.36,21.44,1.1
2023-08-28 06:00,8,6,Weekday,Summer,No,79.0,24.25,2.22,16.08,32.68,0.02
2023-08-28 07:00,8,7,Weekday,Summer,No,157.75,34.35,0.15,48.25,70.4,1.1
2023-08-28 08:00,8,8,Weekday,Summer,Yes,157.49,42.22,0.0,48.25,62.05,1.1
2023-08-28 09:00,8,9,Weekday,Summer,Yes,164.9,50.98,0.0,48.25,60.13,1.1
2023-08-28 10:00,8,10,Weekday,Summer,Yes,177.18,60.48,0.0,48.25,62.05,1.1
2023-08-28 11:00,8,11,Weekday,Summer,Yes,178.95,62.87,0.0,48.25,61.51,1.1
2023-08-28 12:00,8,12,Weekday,Summer,Yes,189.07,69.86,0.0,48.25,63.66,1.1
2023-08-28 13:00,8,13,Weekday,Summer,Yes,191.28,75.08,0.0,48.25,60.13,1.1
2023-08-28 14:00,8,14,Weekday,Summer,Yes,197.32,80.26,0.0,48.25,60.13,1.1
2023-08-28 15:00,8,15,Weekday,Summer,Yes,203.0,82.42,0.0,48.25,63.02,1.1
2023-08-28 16:00,8,16,Weekday,Summer,Yes,188.54,79.68,0.0,37.53,62.79,1.1
2023-08-28 17:00,8,17,Weekday,Summer,Yes,136.12,67.32,0.0,26.8,36.02,0.02
2023-08-28 18:00,8,18,Weekday,Summer,No,124.31,56.62,0.0,26.8,33.45,1.1
2023-08-28 19:00,8,19,Weekday,Summer,No,106.74,43.74,0.0,16.08,28.09,0.02
2023-08-28 20:00,8,20,Weekday,Summer,No,99.0,37.42,0.0,16.08,26.8,1.1
2023-08-28 21:00,8,21,Weekday,Summer,No,44.02,2.18,0.0,5.36,21.44,0.02
2023-08-28 22:00,8,22,Weekday,Summer,No,43.58,4.19,0.0,2.68,21.44,0.02
2023-08-28 23:00,8,23,Weekday,Summer,No,43.6,4.21,0.0,2.68,21.44,0.02
2023-08-29 00:00,8,0,Weekday,Summer,No,41.18,2.01,0.0,2.68,21.44,1.1
2023-08-29 01:00,8,1,Weekday,Summer,No,38.94,0.0,0.0,2.68,21.44,0.02
2023-08-29 02:00,8,2,Weekday,Summer,No,38.94,0.0,0.0,2.68,21.44,0.02
2023-08-29 03:00,8,3,Weekday,Summer,No,38.94,0.0,0.0,2.68,21.44,1.1
2023-08-29 04:00,8,4,Weekday,Summer,No,46.47,4.4,0.0,5.36,21.44,0.02
2023-08-29 05:00,8,5,Weekday,Summer,No,78.96,33.12,0.11,5.36,21.44,0.02
2023-08-29 06:00,8,6,Weekday,Summer,No,86.45,33.58,0.33,16.08,32.68,1.1
2023-08-29 07:00,8,7,Weekday,Summer,No,168.34,44.55,0.0,48.25,70.4,1.1
2023-08-29 08:00,8,8,Weekday,Summer,Yes,171.84,55.59,0.0,48.25,62.05,1.1
2023-08-29 09:00,8,9,Weekday,Summer,Yes,181.07,65.85,0.0,48.25,60.13,1.1
2023-08-29 10:00,8,10,Weekday,Summer,Yes,192.33,74.35,0.0,48.25,62.05,1.1
2023-08-29 11:00,8,11,Weekday,Summer,Yes,193.17,75.92,0.0,48.25,61.51,1.1
2023-08-29 12:00,8,12,Weekday,Summer,Yes,199.67,79.15,0.0,48.25,63.66,1.1
2023-08-29 13:00,8,13,Weekday,Summer,Yes,199.65,82.42,0.0,48.25,60.13,1.1
2023-08-29 14:00,8,14,Weekday,Summer,Yes,187.11,71.05,0.0,48.25,60.13,1.1
2023-08-29 15:00,8,15,Weekday,Summer,Yes,182.34,63.93,0.0,48.25,63.02,1.1
2023-08-29 16:00,8,16,Weekday,Summer,Yes,170.36,63.17,0.0,37.53,62.79,0.02
2023-08-29 17:00,8,17,Weekday,Summer,Yes,119.7,52.06,0.0,26.8,36.02,1.1
2023-08-29 18:00,8,18,Weekday,Summer,No,114.8,45.29,0.0,26.8,33.45,0.02
2023-08-29 19:00,8,19,Weekday,Summer,No,102.45,39.6,0.0,16.08,28.09,1.1
2023-08-29 20:00,8,20,Weekday,Summer,No,98.46,36.96,0.0,16.08,26.8,0.02
2023-08-29 21:00,8,21,Weekday,Summer,No,41.62,0.0,0.0,5.36,21.44,1.1
2023-08-29 22:00,8,22,Weekday,Summer,No,38.94,0.0,0.0,2.68,21.44,0.02
2023-08-29 23:00,8,23,Weekday,Summer,No,45.58,5.96,0.0,2.68,21.44,0.02
2023-08-30 00:00,8,0,Weekday,Summer,No,38.94,0.0,0.0,2.68,21.44,1.1
2023-08-30 01:00,8,1,Weekday,Summer,No,38.94,0.0,0.0,2.68,21.44,0.02
2023-08-30 02:00,8,2,Weekday,Summer,No,38.94,0.0,0.0,2.68,21.44,0.02
2023-08-30 03:00,8,3,Weekday,Summer,No,38.94,0.0,0.0,2.68,21.44,1.1
2023-08-30 04:00,8,4,Weekday,Summer,No,41.62,0.0,0.0,5.36,21.44,0.02
2023-08-30 05:00,8,5,Weekday,Summer,No,73.57,26.3,1.52,5.36,21.44,0.02
2023-08-30 06:00,8,6,Weekday,Summer,No,80.71,26.71,1.47,16.08,32.68,1.1
2023-08-30 07:00,8,7,Weekday,Summer,No,162.73,39.05,0.03,48.25,70.4,1.1
2023-08-30 08:00,8,8,Weekday,Summer,Yes,163.47,47.62,0.0,48.25,62.05,0.02
2023-08-30 09:00,8,9,Weekday,Summer,Yes,171.57,56.85,0.0,48.25,60.13,1.1
2023-08-30 10:00,8,10,Weekday,Summer,Yes,185.02,67.42,0.0,48.25,62.05,1.1
2023-08-30 11:00,8,11,Weekday,Summer,Yes,189.65,72.66,0.0,48.25,61.51,2.19
2023-08-30 12:00,8,12,Weekday,Summer,Yes,201.2,80.92,0.0,48.25,63.66,1.1
2023-08-30 13:00,8,13,Weekday,Summer,Yes,201.89,84.67,0.0,48.25,60.13,1.1
2023-08-30 14:00,8,14,Weekday,Summer,Yes,208.47,90.14,0.0,48.25,60.13,0.02
2023-08-30 15:00,8,15,Weekday,Summer,Yes,219.1,97.02,0.0,48.25,63.02,1.1
2023-08-30 16:00,8,16,Weekday,Summer,Yes,204.36,94.24,0.0,37.53,62.79,1.1
2023-08-30 17:00,8,17,Weekday,Summer,Yes,144.87,75.65,0.0,26.8,36.02,1.1
2023-08-30 18:00,8,18,Weekday,Summer,No,133.76,63.33,0.0,26.8,33.45,0.02
2023-08-30 19:00,8,19,Weekday,Summer,No,109.77,46.64,0.0,16.08,28.09,1.1
2023-08-30 20:00,8,20,Weekday,Summer,No,99.2,37.57,0.0,16.08,26.8,0.02
2023-08-30 21:00,8,21,Weekday,Summer,No,43.95,2.11,0.0,5.36,21.44,0.02
2023-08-30 22:00,8,22,Weekday,Summer,No,43.44,4.05,0.0,2.68,21.44,1.1
2023-08-30 23:00,8,23,Weekday,Summer,No,45.55,5.94,0.0,2.68,21.44,0.02
2023-08-31 00:00,8,0,Weekday,Summer,No,38.94,0.0,0.0,2.68,21.44,0.02
2023-08-31 01:00,8,1,Weekday,Summer,No,38.94,0.0,0.0,2.68,21.44,1.1
2023-08-31 02:00,8,2,Weekday,Summer,No,45.1,5.48,0.0,2.68,21.44,0.02
2023-08-31 03:00,8,3,Weekday,Summer,No,38.94,0.0,0.0,2.68,21.44,0.02
2023-08-31 04:00,8,4,Weekday,Summer,No,41.62,0.0,0.0,5.36,21.44,1.1
2023-08-31 05:00,8,5,Weekday,Summer,No,72.82,26.12,0.87,5.36,21.44,0.02
2023-08-31 06:00,8,6,Weekday,Summer,No,79.75,26.33,0.88,16.08,32.68,1.1
2023-08-31 07:00,8,7,Weekday,Summer,No,160.44,36.79,0.0,48.25,70.4,0.02
2023-08-31 08:00,8,8,Weekday,Summer,Yes,162.84,46.84,0.0,48.25,62.05,1.1
2023-08-31 09:00,8,9,Weekday,Summer,Yes,176.95,61.68,0.0,48.25,60.13,1.1
2023-08-31 10:00,8,10,Weekday,Summer,Yes,190.41,72.14,0.0,48.25,62.05,1.1
2023-08-31 11:00,8,11,Weekday,Summer,Yes,191.65,74.19,0.0,48.25,61.51,1.1
2023-08-31 12:00,8,12,Weekday,Summer,Yes,203.08,82.38,0.0,48.25,63.66,2.19
2023-08-31 13:00,8,13,Weekday,Summer,Yes,206.79,88.94,0.0,48.25,60.13,1.1
2023-08-31 14:00,8,14,Weekday,Summer,Yes,208.83,90.34,0.0,48.25,60.13,0.02
2023-08-31 15:00,8,15,Weekday,Summer,Yes,215.83,93.92,0.0,48.25,63.02,1.1
2023-08-31 16:00,8,16,Weekday,Summer,Yes,195.1,85.33,0.0,37.53,62.79,1.1
2023-08-31 17:00,8,17,Weekday,Summer,Yes,135.13,66.18,0.0,26.8,36.02,1.1
2023-08-31 18:00,8,18,Weekday,Summer,No,126.06,55.91,0.0,26.8,33.45,0.02
2023-08-31 19:00,8,19,Weekday,Summer,No,108.5,45.4,0.0,16.08,28.09,1.1
2023-08-31 20:00,8,20,Weekday,Summer,No,102.32,40.69,0.0,16.08,26.8,0.02
2023-08-31 21:00,8,21,Weekday,Summer,No,46.47,4.4,0.0,5.36,21.44,0.02
2023-08-31 22:00,8,22,Weekday,Summer,No,41.24,2.08,0.0,2.68,21.44,1.1
2023-08-31 23:00,8,23,Weekday,Summer,No,45.59,5.97,0.0,2.68,21.44,0.02
2023-09-01 00:00,9,0,Weekday,Fall,No,38.94,0.0,0.0,2.68,21.44,0.02
2023-09-01 01:00,9,1,Weekday,Fall,No,46.29,6.68,0.0,2.68,21.44,1.1
2023-09-01 02:00,9,2,Weekday,Fall,No,38.94,0.0,0.0,2.68,21.44,0.02
2023-09-01 03:00,9,3,Weekday,Fall,No,38.94,0.0,0.0,2.68,21.44,0.02
2023-09-01 04:00,9,4,Weekday,Fall,No,41.62,0.0,0.0,5.36,21.44,1.1
2023-09-01 05:00,9,5,Weekday,Fall,No,81.48,34.88,0.72,5.36,21.44,0.02
2023-09-01 06:00,9,6,Weekday,Fall,No,87.45,34.04,0.87,16.08,32.68,1.1
2023-09-01 07:00,9,7,Weekday,Fall,No,175.19,51.06,0.0,48.25,70.4,0.02
2023-09-01 08:00,9,8,Weekday,Fall,Yes,172.97,56.84,0.0,48.25,62.05,1.1
2023-09-01 09:00,9,9,Weekday,Fall,Yes,170.44,55.72,0.0,48.25,60.13,1.1
2023-09-01 10:00,9,10,Weekday,Fall,Yes,178.48,61.17,0.0,48.25,62.05,1.1
2023-09-01 11:00,9,11,Weekday,Fall,Yes,177.48,61.07,0.0,48.25,61.51,1.1
2023-09-01 12:00,9,12,Weekday,Fall,Yes,188.64,69.15,0.0,48.25,63.66,2.19
2023-09-01 13:00,9,13,Weekday,Fall,Yes,192.03,75.77,0.0,48.25,60.13,0.02
2023-09-01 14:00,9,14,Weekday,Fall,Yes,196.62,79.6,0.0,48.25,60.13,1.1
2023-09-01 15:00,9,15,Weekday,Fall,Yes,203.1,82.56,0.0,48.25,63.02,1.1
2023-09-01 16:00,9,16,Weekday,Fall,Yes,188.36,79.57,0.0,37.53,62.79,1.1
2023-09-01 17:00,9,17,Weekday,Fall,Yes,130.13,61.74,0.0,26.8,36.02,1.1
2023-09-01 18:00,9,18,Weekday,Fall,No,122.4,52.44,0.0,26.8,33.45,0.02
2023-09-01 19:00,9,19,Weekday,Fall,No,107.42,44.45,0.0,16.08,28.09,1.1
2023-09-01 20:00,9,20,Weekday,Fall,No,103.3,41.75,0.0,16.08,26.8,0.02
2023-09-01 21:00,9,21,Weekday,Fall,No,41.62,0.0,0.0,5.36,21.44,0.02
2023-09-01 22:00,9,22,Weekday,Fall,No,46.69,7.07,0.0,2.68,21.44,1.1
2023-09-01 23:00,9,23,Weekday,Fall,No,38.94,0.0,0.0,2.68,21.44,0.02
2023-09-02 00:00,9,0,Weekend,Fall,No,33.58,0.0,0.0,2.68,16.08,0.02
2023-09-02 01:00,9,1,Weekend,Fall,No,33.58,0.0,0.0,2.68,16.08,1.1
2023-09-02 02:00,9,2,Weekend,Fall,No,33.58,0.0,0.0,2.68,16.08,0.02
2023-09-02 03:00,9,3,Weekend,Fall,No,33.58,0.0,0.0,2.68,16.08,0.02
2023-09-02 04:00,9,4,Weekend,Fall,No,33.58,0.0,0.0,2.68,16.08,1.1
2023-09-02 05:00,9,5,Weekend,Fall,No,82.46,35.82,0.88,5.36,21.44,0.02
2023-09-02 06:00,9,6,Weekend,Fall,No,71.07,34.28,1.09,5.36,26.58,0.02
2023-09-02 07:00,9,7,Weekend,Fall,No,102.34,39.77,0.44,26.8,31.3,1.1
2023-09-02 08:00,9,8,Weekend,Fall,No,107.46,42.77,0.02,26.8,33.55,0.02
2023-09-02 09:00,9,9,Weekend,Fall,No,112.09,48.21,0.0,26.8,32.58,1.1
2023-09-02 10:00,9,10,Weekend,Fall,No,119.81,53.47,0.0,26.8,34.83,1.1
2023-09-02 11:00,9,11,Weekend,Fall,No,122.77,57.71,0.0,26.8,33.55,0.02
2023-09-02 12:00,9,12,Weekend,Fall,No,123.86,61.19,0.0,26.8,30.98,1.1
2023-09-02 13:00,9,13,Weekend,Fall,No,94.06,60.0,0.0,8.04,21.33,0.02
2023-09-02 14:00,9,14,Weekend,Fall,No,96.38,63.35,0.0,8.04,20.05,1.1
2023-09-02 15:00,9,15,Weekend,Fall,No,93.27,60.1,0.0,8.04,20.37,0.02
2023-09-02 16:00,9,16,Weekend,Fall,No,80.54,55.49,0.0,2.68,18.01,1.1
2023-09-02 17:00,9,17,Weekend,Fall,No,51.07,29.58,0.0,2.68,16.08,0.02
2023-09-02 18:00,9,18,Weekend,Fall,No,51.54,25.4,0.0,2.68,16.08,0.02
2023-09-02 19:00,9,19,Weekend,Fall,No,47.63,12.85,0.0,2.68,16.08,1.1
2023-09-02 20:00,9,20,Weekend,Fall,No,41.92,7.66,0.0,2.68,16.08,0.02
2023-09-02 21:00,9,21,Weekend,Fall,No,38.87,4.84,0.0,2.68,16.08,0.02
2023-09-02 22:00,9,22,Weekend,Fall,No,33.58,0.0,0.0,2.68,16.08,1.1
2023-09-02 23:00,9,23,Weekend,Fall,No,33.58,0.0,0.0,2.68,16.08,0.02
2023-09-03 00:00,9,0,Weekend,Fall,No,33.58,0.0,0.0,2.68,16.08,0.02
2023-09-03 01:00,9,1,Weekend,Fall,No,33.58,0.0,0.0,2.68,16.08,1.1
2023-09-03 02:00,9,2,Weekend,Fall,No,33.58,0.0,0.0,2.68,16.08,0.02
2023-09-03 03:00,9,3,Weekend,Fall,No,33.58,0.0,0.0,2.68,16.08,0.02
2023-09-03 04:00,9,4,Weekend,Fall,No,33.58,0.0,0.0,2.68,16.08,1.1
2023-09-03 05:00,9,5,Weekend,Fall,No,33.58,0.0,0.0,2.68,16.08,0.02
2023-09-03 06:00,9,6,Weekend,Fall,No,31.8,11.82,0.0,2.68,16.08,0.02
2023-09-03 07:00,9,7,Weekend,Fall,No,52.33,30.42,0.0,2.68,16.08,0.02
2023-09-03 08:00,9,8,Weekend,Fall,No,44.34,23.01,0.0,2.68,16.08,1.1
2023-09-03 09:00,9,9,Weekend,Fall,No,52.44,30.44,0.0,2.68,16.08,0.02
2023-09-03 10:00,9,10,Weekend,Fall,No,46.58,25.25,0.0,2.68,16.08,0.02
2023-09-03 11:00,9,11,Weekend,Fall,No,55.06,33.04,0.0,2.68,16.08,1.1
2023-09-03 12:00,9,12,Weekend,Fall,No,49.34,27.91,0.0,2.68,16.08,0.02
2023-09-03 13:00,9,13,Weekend,Fall,No,58.45,36.33,0.0,2.68,16.08,0.02
2023-09-03 14:00,9,14,Weekend,Fall,No,50.49,29.08,0.0,2.68,16.08,1.1
2023-09-03 15:00,9,15,Weekend,Fall,No,59.18,37.12,0.0,2.68,16.08,0.02
2023-09-03 16:00,9,16,Weekend,Fall,No,49.97,28.62,0.0,2.68,16.08,0.02
2023-09-03 17:00,9,17,Weekend,Fall,No,56.0,34.05,0.0,2.68,16.08,1.1
2023-09-03 18:00,9,18,Weekend,Fall,No,48.69,22.67,0.0,2.68,16.08,0.02
2023-09-03 19:00,9,19,Weekend,Fall,No,44.8,10.24,0.0,2.68,16.08,0.02
2023-09-03 20:00,9,20,Weekend,Fall,No,46.23,11.43,0.0,2.68,16.08,1.1
2023-09-03 21:00,9,21,Weekend,Fall,No,42.0,7.61,0.0,2.68,16.08,0.02
2023-09-03 22:00,9,22,Weekend,Fall,No,40.77,6.51,0.0,2.68,16.08,0.02
2023-09-03 23:00,9,23,Weekend,Fall,No,33.58,0.0,0.0,2.68,16.08,1.1
2023-09-04 00:00,9,0,Weekday,Fall,No,33.58,0.0,0.0,2.68,16.08,0.02
2023-09-04 01:00,9,1,Weekday,Fall,No,33.58,0.0,0.0,2.68,16.08,0.02
2023-09-04 02:00,9,2,Weekday,Fall,No,33.58,0.0,0.0,2.68,16.08,0.02
2023-09-04 03:00,9,3,Weekday,Fall,No,33.58,0.0,0.0,2.68,16.08,1.1
2023-09-04 04:00,9,4,Weekday,Fall,No,33.58,0.0,0.0,2.68,16.08,0.02
2023-09-04 05:00,9,5,Weekday,Fall,No,33.58,0.0,0.0,2.68,16.08,0.02
2023-09-04 06:00,9,6,Weekday,Fall,No,29.89,9.96,0.0,2.68,16.08,1.1
2023-09-04 07:00,9,7,Weekday,Fall,No,45.83,24.24,0.0,2.68,16.08,0.02
2023-09-04 08:00,9,8,Weekday,Fall,Yes,45.16,23.65,0.0,2.68,16.08,0.02
2023-09-04 09:00,9,9,Weekday,Fall,Yes,48.46,26.72,0.0,2.68,16.08,1.1
2023-09-04 10:00,9,10,Weekday,Fall,Yes,46.87,25.35,0.0,2.68,16.08,0.02
2023-09-04 11:00,9,11,Weekday,Fall,Yes,50.14,28.37,0.0,2.68,16.08,0.02
2023-09-04 12:00,9,12,Weekday,Fall,Yes,49.01,27.43,0.0,2.68,16.08,1.1
2023-09-04 13:00,9,13,Weekday,Fall,Yes,53.26,31.39,0.0,2.68,16.08,0.02
2023-09-04 14:00,9,14,Weekday,Fall,Yes,50.75,29.13,0.0,2.68,16.08,0.02
2023-09-04 15:00,9,15,Weekday,Fall,Yes,53.93,32.06,0.0,2.68,16.08,1.1
2023-09-04 16:00,9,16,Weekday,Fall,Yes,51.2,29.56,0.0,2.68,16.08,0.02
2023-09-04 17:00,9,17,Weekday,Fall,Yes,53.91,32.08,0.0,2.68,16.08,0.02
2023-09-04 18:00,9,18,Weekday,Fall,No,54.17,27.73,0.0,2.68,16.08,1.1
2023-09-04 19:00,9,19,Weekday,Fall,No,52.17,16.92,0.0,2.68,16.08,0.02
2023-09-04 20:00,9,20,Weekday,Fall,No,48.26,13.29,0.0,2.68,16.08,0.02
2023-09-04 21:00,9,21,Weekday,Fall,No,40.92,6.66,0.0,2.68,16.08,0.02
2023-09-04 22:00,9,22,Weekday,Fall,No,40.76,6.51,0.0,2.68,16.08,1.1
2023-09-04 23:00,9,23,Weekday,Fall,No,33.58,0.0,0.0,2.68,16.08,0.02
2023-09-05 00:00,9,0,Weekday,Fall,No,45.9,6.28,0.0,2.68,21.44,0.02
2023-09-05 01:00,9,1,Weekday,Fall,No,38.94,0.0,0.0,2.68,21.44,1.1
2023-09-05 02:00,9,2,Weekday,Fall,No,38.94,0.0,0.0,2.68,21.44,0.02
2023-09-05 03:00,9,3,Weekday,Fall,No,38.94,0.0,0.0,2.68,21.44,0.02
2023-09-05 04:00,9,4,Weekday,Fall,No,45.99,3.92,0.0,5.36,21.44,1.1
2023-09-05 05:00,9,5,Weekday,Fall,No,77.47,31.45,0.34,5.36,21.44,0.02
2023-09-05 06:00,9,6,Weekday,Fall,No,83.65,30.48,0.63,16.08,32.68,1.1
2023-09-05 07:00,9,7,Weekday,Fall,No,165.89,42.11,0.0,48.25,70.4,0.02
2023-09-05 08:00,9,8,Weekday,Fall,Yes,165.76,49.75,0.0,48.25,62.05,1.1
2023-09-05 09:00,9,9,Weekday,Fall,Yes,173.49,58.62,0.0,48.25,60.13,1.1
2023-09-05 10:00,9,10,Weekday,Fall,Yes,184.06,66.34,0.0,48.25,62.05,1.1
2023-09-05 11:00,9,11,Weekday,Fall,Yes,184.21,67.4,0.0,48.25,61.51,2.19
2023-09-05 12:00,9,12,Weekday,Fall,Yes,191.04,71.3,0.0,48.25,63.66,1.1
2023-09-05 13:00,9,13,Weekday,Fall,Yes,176.39,61.17,0.0,48.25,60.13,1.1
2023-09-05 14:00,9,14,Weekday,Fall,Yes,167.95,53.46,0.0,48.25,60.13,1.1
2023-09-05 15:00,9,15,Weekday,Fall,Yes,169.32,52.12,0.0,48.25,63.02,1.1
2023-09-05 16:00,9,16,Weekday,Fall,Yes,149.16,43.53,0.0,37.53,62.79,0.02
2023-09-05 17:00,9,17,Weekday,Fall,Yes,101.47,34.62,0.0,26.8,36.02,1.1
2023-09-05 18:00,9,18,Weekday,Fall,No,101.11,31.96,0.05,26.8,33.45,0.02
2023-09-05 19:00,9,19,Weekday,Fall,No,92.73,29.18,0.81,16.08,28.09,1.1
2023-09-05 20:00,9,20,Weekday,Fall,No,92.89,29.29,2.14,16.08,26.8,0.02
2023-09-05 21:00,9,21,Weekday,Fall,No,41.62,0.0,0.0,5.36,21.44,1.1
2023-09-05 22:00,9,22,Weekday,Fall,No,38.94,0.0,0.0,2.68,21.44,0.02
2023-09-05 23:00,9,23,Weekday,Fall,No,38.94,0.0,0.0,2.68,21.44,0.02
2023-09-06 00:00,9,0,Weekday,Fall,No,38.94,0.0,0.0,2.68,21.44,1.1
2023-09-06 01:00,9,1,Weekday,Fall,No,38.94,0.0,0.0,2.68,21.44,0.02
2023-09-06 02:00,9,2,Weekday,Fall,No,38.94,0.0,0.0,2.68,21.44,0.02
2023-09-06 03:00,9,3,Weekday,Fall,No,38.94,0.0,0.0,2.68,21.44,1.1
2023-09-06 04:00,9,4,Weekday,Fall,No,41.62,0.0,0.0,5.36,21.44,0.02
2023-09-06 05:00,9,5,Weekday,Fall,No,75.27,24.42,5.26,5.36,21.44,0.02
2023-09-06 06:00,9,6,Weekday,Fall,No,81.7,24.65,4.51,16.08,32.68,1.1
2023-09-06 07:00,9,7,Weekday,Fall,No,157.43,33.53,0.81,48.25,70.4,1.1
2023-09-06 08:00,9,8,Weekday,Fall,Yes,156.03,40.97,0.0,48.25,62.05,1.1
2023-09-06 09:00,9,9,Weekday,Fall,Yes,157.56,44.05,0.0,48.25,60.13,1.1
2023-09-06 10:00,9,10,Weekday,Fall,Yes,164.75,48.66,0.0,48.25,62.05,1.1
2023-09-06 11:00,9,11,Weekday,Fall,Yes,165.96,50.51,0.0,48.25,61.51,1.1
2023-09-06 12:00,9,12,Weekday,Fall,Yes,176.14,57.68,0.0,48.25,63.66,1.1
2023-09-06 13:00,9,13,Weekday,Fall,Yes,176.48,61.4,0.0,48.25,60.13,1.1
2023-09-06 14:00,9,14,Weekday,Fall,Yes,180.64,64.93,0.0,48.25,60.13,1.1
2023-09-06 15:00,9,15,Weekday,Fall,Yes,188.13,68.91,0.0,48.25,63.02,1.1
2023-09-06 16:00,9,16,Weekday,Fall,Yes,172.97,65.64,0.0,37.53,62.79,1.1
2023-09-06 17:00,9,17,Weekday,Fall,Yes,116.85,49.47,0.0,26.8,36.02,0.02
2023-09-06 18:00,9,18,Weekday,Fall,No,114.78,42.97,0.0,26.8,33.45,1.1
2023-09-06 19:00,9,19,Weekday,Fall,No,100.3,37.48,0.0,16.08,28.09,0.02
2023-09-06 20:00,9,20,Weekday,Fall,No,95.62,34.14,0.0,16.08,26.8,1.1
2023-09-06 21:00,9,21,Weekday,Fall,No,41.62,0.0,0.0,5.36,21.44,0.02
2023-09-06 22:00,9,22,Weekday,Fall,No,38.94,0.0,0.0,2.68,21.44,0.02
2023-09-06 23:00,9,23,Weekday,Fall,No,38.94,0.0,0.0,2.68,21.44,1.1
2023-09-07 00:00,9,0,Weekday,Fall,No,38.94,0.0,0.0,2.68,21.44,0.02
2023-09-07 01:00,9,1,Weekday,Fall,No,38.94,0.0,0.0,2.68,21.44,0.02
2023-09-07 02:00,9,2,Weekday,Fall,No,38.94,0.0,0.0,2.68,21.44,1.1
2023-09-07 03:00,9,3,Weekday,Fall,No,38.94,0.0,0.0,2.68,21.44,0.02
2023-09-07 04:00,9,4,Weekday,Fall,No,41.62,0.0,0.0,5.36,21.44,0.02
2023-09-07 05:00,9,5,Weekday,Fall,No,70.23,21.55,3.06,5.36,21.44,1.1
2023-09-07 06:00,9,6,Weekday,Fall,No,77.8,21.87,3.39,16.08,32.68,0.02
2023-09-07 07:00,9,7,Weekday,Fall,No,154.68,31.37,0.23,48.25,70.4,1.1
2023-09-07 08:00,9,8,Weekday,Fall,Yes,151.94,36.9,0.0,48.25,62.05,1.1
2023-09-07 09:00,9,9,Weekday,Fall,Yes,157.55,43.74,0.0,48.25,60.13,1.1
2023-09-07 10:00,9,10,Weekday,Fall,Yes,168.42,51.85,0.0,48.25,62.05,1.1
2023-09-07 11:00,9,11,Weekday,Fall,Yes,173.11,56.96,0.0,48.25,61.51,1.1
2023-09-07 12:00,9,12,Weekday,Fall,Yes,186.26,66.92,0.0,48.25,63.66,2.19
2023-09-07 13:00,9,13,Weekday,Fall,Yes,186.31,70.33,0.0,48.25,60.13,0.02
2023-09-07 14:00,9,14,Weekday,Fall,Yes,191.81,75.07,0.0,48.25,60.13,1.1
2023-09-07 15:00,9,15,Weekday,Fall,Yes,199.34,79.13,0.0,48.25,63.02,1.1
2023-09-07 16:00,9,16,Weekday,Fall,Yes,182.22,73.87,0.0,37.53,62.79,1.1
2023-09-07 17:00,9,17,Weekday,Fall,Yes,123.74,55.71,0.0,26.8,36.02,1.1
2023-09-07 18:00,9,18,Weekday,Fall,No,119.4,47.36,0.0,26.8,33.45,0.02
2023-09-07 19:00,9,19,Weekday,Fall,No,103.5,40.63,0.0,16.08,28.09,1.1
2023-09-07 20:00,9,20,Weekday,Fall,No,99.08,37.58,0.0,16.08,26.8,0.02
2023-09-07 21:00,9,21,Weekday,Fall,No,41.62,0.0,0.0,5.36,21.44,0.02
2023-09-07 22:00,9,22,Weekday,Fall,No,41.37,2.21,0.0,2.68,21.44,1.1
2023-09-07 23:00,9,23,Weekday,Fall,No,43.64,4.25,0.0,2.68,21.44,0.02
2023-09-08 00:00,9,0,Weekday,Fall,No,38.94,0.0,0.0,2.68,21.44,0.02
2023-09-08 01:00,9,1,Weekday,Fall,No,38.94,0.0,0.0,2.68,21.44,1.1
2023-09-08 02:00,9,2,Weekday,Fall,No,38.94,0.0,0.0,2.68,21.44,0.02
2023-09-08 03:00,9,3,Weekday,Fall,No,38.94,0.0,0.0,2.68,21.44,0.02
2023-09-08 04:00,9,4,Weekday,Fall,No,41.62,0.0,0.0,5.36,21.44,1.1
2023-09-08 05:00,9,5,Weekday,Fall,No,82.55,36.21,0.46,5.36,21.44,0.02
2023-09-08 06:00,9,6,Weekday,Fall,No,87.69,34.53,0.62,16.08,32.68,1.1
2023-09-08 07:00,9,7,Weekday,Fall,No,167.13,43.62,0.0,48.25,70.4,0.02
2023-09-08 08:00,9,8,Weekday,Fall,Yes,161.32,45.8,0.0,48.25,62.05,1.1
2023-09-08 09:00,9,9,Weekday,Fall,Yes,167.44,53.04,0.0,48.25,60.13,1.1
2023-09-08 10:00,9,10,Weekday,Fall,Yes,175.92,58.83,0.0,48.25,62.05,1.1
2023-09-08 11:00,9,11,Weekday,Fall,Yes,176.66,60.33,0.0,48.25,61.51,2.19
2023-09-08 12:00,9,12,Weekday,Fall,Yes,188.6,68.99,0.0,48.25,63.66,1.1
2023-09-08 13:00,9,13,Weekday,Fall,Yes,186.37,70.21,0.0,48.25,60.13,1.1
2023-09-08 14:00,9,14,Weekday,Fall,Yes,188.05,71.51,0.0,48.25,60.13,1.1
2023-09-08 15:00,9,15,Weekday,Fall,Yes,197.54,77.22,0.0,48.25,63.02,1.1
2023-09-08 16:00,9,16,Weekday,Fall,Yes,178.09,70.21,0.0,37.53,62.79,0.02
2023-09-08 17:00,9,17,Weekday,Fall,Yes,115.6,48.25,0.0,26.8,36.02,1.1
2023-09-08 18:00,9,18,Weekday,Fall,No,114.26,42.52,0.0,26.8,33.45,1.1
2023-09-08 19:00,9,19,Weekday,Fall,No,102.82,39.99,0.0,16.08,28.09,0.02
2023-09-08 20:00,9,20,Weekday,Fall,No,99.24,37.74,0.02,16.08,26.8,1.1
2023-09-08 21:00,9,21,Weekday,Fall,No,41.62,0.0,0.0,5.36,21.44,0.02
2023-09-08 22:00,9,22,Weekday,Fall,No,38.94,0.0,0.0,2.68,21.44,0.02
2023-09-08 23:00,9,23,Weekday,Fall,No,38.94,0.0,0.0,2.68,21.44,0.02
2023-09-09 00:00,9,0,Weekend,Fall,No,33.58,0.0,0.0,2.68,16.08,1.1
2023-09-09 01:00,9,1,Weekend,Fall,No,33.58,0.0,0.0,2.68,16.08,0.02
2023-09-09 02:00,9,2,Weekend,Fall,No,33.58,0.0,0.0,2.68,16.08,0.02
2023-09-09 03:00,9,3,Weekend,Fall,No,33.58,0.0,0.0,2.68,16.08,1.1
2023-09-09 04:00,9,4,Weekend,Fall,No,33.58,0.0,0.0,2.68,16.08,0.02
2023-09-09 05:00,9,5,Weekend,Fall,No,75.66,28.18,1.85,5.36,21.44,1.1
2023-09-09 06:00,9,6,Weekend,Fall,No,65.72,27.5,2.52,5.36,26.58,0.02
2023-09-09 07:00,9,7,Weekend,Fall,No,93.82,30.86,1.07,26.8,31.3,0.02
2023-09-09 08:00,9,8,Weekend,Fall,No,99.85,35.18,0.29,26.8,33.55,1.1
2023-09-09 09:00,9,9,Weekend,Fall,No,102.32,38.73,0.0,26.8,32.58,1.1
2023-09-09 10:00,9,10,Weekend,Fall,No,110.13,43.99,0.0,26.8,34.83,0.02
2023-09-09 11:00,9,11,Weekend,Fall,No,113.74,48.75,0.0,26.8,33.55,1.1
2023-09-09 12:00,9,12,Weekend,Fall,No,112.95,50.4,0.0,26.8,30.98,0.02
2023-09-09 13:00,9,13,Weekend,Fall,No,82.75,48.82,0.0,8.04,21.33,1.1
2023-09-09 14:00,9,14,Weekend,Fall,No,84.13,51.39,0.0,8.04,20.05,0.02
2023-09-09 15:00,9,15,Weekend,Fall,No,84.91,51.71,0.0,8.04,20.37,1.1
2023-09-09 16:00,9,16,Weekend,Fall,No,73.41,48.25,0.0,2.68,18.01,0.02
2023-09-09 17:00,9,17,Weekend,Fall,No,48.55,27.02,0.0,2.68,16.08,1.1
2023-09-09 18:00,9,18,Weekend,Fall,No,46.09,18.01,0.0,2.68,16.08,0.02
2023-09-09 19:00,9,19,Weekend,Fall,No,39.68,5.54,0.0,2.68,16.08,0.02
2023-09-09 20:00,9,20,Weekend,Fall,No,33.58,0.0,0.0,2.68,16.08,1.1
2023-09-09 21:00,9,21,Weekend,Fall,No,33.58,0.0,0.0,2.68,16.08,0.02
2023-09-09 22:00,9,22,Weekend,Fall,No,33.58,0.0,0.0,2.68,16.08,0.02
2023-09-09 23:00,9,23,Weekend,Fall,No,33.58,0.0,0.0,2.68,16.08,1.1
2023-09-10 00:00,9,0,Weekend,Fall,No,33.58,0.0,0.0,2.68,16.08,0.02
2023-09-10 01:00,9,1,Weekend,Fall,No,33.58,0.0,0.0,2.68,16.08,0.02
2023-09-10 02:00,9,2,Weekend,Fall,No,33.58,0.0,0.0,2.68,16.08,1.1
2023-09-10 03:00,9,3,Weekend,Fall,No,33.58,0.0,0.0,2.68,16.08,0.02
2023-09-10 04:00,9,4,Weekend,Fall,No,33.58,0.0,0.0,2.68,16.08,0.02
2023-09-10 05:00,9,5,Weekend,Fall,No,33.58,0.0,0.0,2.68,16.08,1.1
2023-09-10 06:00,9,6,Weekend,Fall,No,21.94,2.77,0.0,2.68,16.08,0.02
2023-09-10 07:00,9,7,Weekend,Fall,No,43.25,21.65,0.0,2.68,16.08,0.02
2023-09-10 08:00,9,8,Weekend,Fall,No,43.22,21.73,0.0,2.68,16.08,1.1
2023-09-10 09:00,9,9,Weekend,Fall,No,46.49,24.75,0.0,2.68,16.08,0.02
2023-09-10 10:00,9,10,Weekend,Fall,No,45.29,23.78,0.0,2.68,16.08,0.02
2023-09-10 11:00,9,11,Weekend,Fall,No,49.28,27.51,0.0,2.68,16.08,1.1
2023-09-10 12:00,9,12,Weekend,Fall,No,48.4,26.8,0.0,2.68,16.08,0.02
2023-09-10 13:00,9,13,Weekend,Fall,No,52.04,30.17,0.0,2.68,16.08,0.02
2023-09-10 14:00,9,14,Weekend,Fall,No,49.96,28.33,0.0,2.68,16.08,1.1
2023-09-10 15:00,9,15,Weekend,Fall,No,53.31,31.5,0.0,2.68,16.08,0.02
2023-09-10 16:00,9,16,Weekend,Fall,No,49.91,28.36,0.0,2.68,16.08,0.02
2023-09-10 17:00,9,17,Weekend,Fall,No,51.3,29.57,0.0,2.68,16.08,1.1
2023-09-10 18:00,9,18,Weekend,Fall,No,46.92,18.83,0.0,2.68,16.08,0.02
2023-09-10 19:00,9,19,Weekend,Fall,No,50.53,15.37,0.0,2.68,16.08,0.02
2023-09-10 20:00,9,20,Weekend,Fall,No,40.99,6.74,0.0,2.68,16.08,1.1
2023-09-10 21:00,9,21,Weekend,Fall,No,35.9,2.09,0.0,2.68,16.08,0.02
2023-09-10 22:00,9,22,Weekend,Fall,No,38.19,4.16,0.0,2.68,16.08,0.02
2023-09-10 23:00,9,23,Weekend,Fall,No,33.58,0.0,0.0,2.68,16.08,0.02
2023-09-11 00:00,9,0,Weekday,Fall,No,38.94,0.0,0.0,2.68,21.44,1.1
2023-09-11 01:00,9,1,Weekday,Fall,No,38.94,0.0,0.0,2.68,21.44,0.02
2023-09-11 02:00,9,2,Weekday,Fall,No,38.94,0.0,0.0,2.68,21.44,0.02
2023-09-11 03:00,9,3,Weekday,Fall,No,38.94,0.0,0.0,2.68,21.44,1.1
2023-09-11 04:00,9,4,Weekday,Fall,No,41.62,0.0,0.0,5.36,21.44,0.02
2023-09-11 05:00,9,5,Weekday,Fall,No,74.39,27.26,1.43,5.36,21.44,0.02
2023-09-11 06:00,9,6,Weekday,Fall,No,80.95,27.08,1.33,16.08,32.68,1.1
2023-09-11 07:00,9,7,Weekday,Fall,No,161.07,37.45,0.06,48.25,70.4,1.1
2023-09-11 08:00,9,8,Weekday,Fall,Yes,161.18,45.5,0.0,48.25,62.05,1.1
2023-09-11 09:00,9,9,Weekday,Fall,Yes,166.62,52.26,0.0,48.25,60.13,1.1
2023-09-11 10:00,9,10,Weekday,Fall,Yes,176.05,59.04,0.0,48.25,62.05,1.1
2023-09-11 11:00,9,11,Weekday,Fall,Yes,177.35,60.85,0.0,48.25,61.51,1.1
2023-09-11 12:00,9,12,Weekday,Fall,Yes,188.96,69.1,0.0,48.25,63.66,1.1
2023-09-11 13:00,9,13,Weekday,Fall,Yes,191.21,74.4,0.0,48.25,60.13,1.1
2023-09-11 14:00,9,14,Weekday,Fall,Yes,194.56,77.16,0.0,48.25,60.13,1.1
2023-09-11 15:00,9,15,Weekday,Fall,Yes,198.52,77.84,0.0,48.25,63.02,1.1
2023-09-11 16:00,9,16,Weekday,Fall,Yes,182.29,73.34,0.0,37.53,62.79,1.1
2023-09-11 17:00,9,17,Weekday,Fall,Yes,126.54,58.03,0.0,26.8,36.02,1.1
2023-09-11 18:00,9,18,Weekday,Fall,No,120.17,47.9,0.0,26.8,33.45,0.02
2023-09-11 19:00,9,19,Weekday,Fall,No,103.23,40.29,0.0,16.08,28.09,1.1
2023-09-11 20:00,9,20,Weekday,Fall,No,100.06,38.52,0.0,16.08,26.8,0.02
2023-09-11 21:00,9,21,Weekday,Fall,No,46.55,4.47,0.0,5.36,21.44,0.02
2023-09-11 22:00,9,22,Weekday,Fall,No,41.3,2.14,0.0,2.68,21.44,1.1
2023-09-11 23:00,9,23,Weekday,Fall,No,38.94,0.0,0.0,2.68,21.44,0.02
2023-09-12 00:00,9,0,Weekday,Fall,No,45.49,5.87,0.0,2.68,21.44,0.02
2023-09-12 01:00,9,1,Weekday,Fall,No,38.94,0.0,0.0,2.68,21.44,1.1
2023-09-12 02:00,9,2,Weekday,Fall,No,38.94,0.0,0.0,2.68,21.44,0.02
2023-09-12 03:00,9,3,Weekday,Fall,No,38.94,0.0,0.0,2.68,21.44,0.02
2023-09-12 04:00,9,4,Weekday,Fall,No,41.62,0.0,0.0,5.36,21.44,1.1
2023-09-12 05:00,9,5,Weekday,Fall,No,73.93,27.24,0.88,5.36,21.44,0.02
2023-09-12 06:00,9,6,Weekday,Fall,No,79.63,26.1,1.0,16.08,32.68,1.1
2023-09-12 07:00,9,7,Weekday,Fall,No,156.73,33.26,0.01,48.25,70.4,1.1
2023-09-12 08:00,9,8,Weekday,Fall,Yes,156.51,40.93,0.0,48.25,62.05,1.1
2023-09-12 09:00,9,9,Weekday,Fall,Yes,164.58,49.87,0.0,48.25,60.13,1.1
2023-09-12 10:00,9,10,Weekday,Fall,Yes,177.06,59.32,0.0,48.25,62.05,1.1
2023-09-12 11:00,9,11,Weekday,Fall,Yes,179.2,62.13,0.0,48.25,61.51,1.1
2023-09-12 12:00,9,12,Weekday,Fall,Yes,193.03,72.65,0.0,48.25,63.66,1.1
2023-09-12 13:00,9,13,Weekday,Fall,Yes,194.86,77.42,0.0,48.25,60.13,1.1
2023-09-12 14:00,9,14,Weekday,Fall,Yes,199.64,81.31,0.0,48.25,60.13,1.1
2023-09-12 15:00,9,15,Weekday,Fall,Yes,204.12,82.56,0.0,48.25,63.02,1.1
2023-09-12 16:00,9,16,Weekday,Fall,Yes,186.84,77.58,0.0,37.53,62.79,1.1
2023-09-12 17:00,9,17,Weekday,Fall,Yes,128.3,59.95,0.0,26.8,36.02,0.02
2023-09-12 18:00,9,18,Weekday,Fall,No,123.43,51.09,0.0,26.8,33.45,1.1
2023-09-12 19:00,9,19,Weekday,Fall,No,105.67,42.64,0.0,16.08,28.09,1.1
2023-09-12 20:00,9,20,Weekday,Fall,No,99.93,38.35,0.0,16.08,26.8,0.02
2023-09-12 21:00,9,21,Weekday,Fall,No,46.43,4.36,0.0,5.36,21.44,0.02
2023-09-12 22:00,9,22,Weekday,Fall,No,43.64,4.25,0.0,2.68,21.44,1.1
2023-09-12 23:00,9,23,Weekday,Fall,No,43.52,4.13,0.0,2.68,21.44,0.02
2023-09-13 00:00,9,0,Weekday,Fall,No,38.94,0.0,0.0,2.68,21.44,0.02
2023-09-13 01:00,9,1,Weekday,Fall,No,45.21,5.59,0.0,2.68,21.44,1.1
2023-09-13 02:00,9,2,Weekday,Fall,No,38.94,0.0,0.0,2.68,21.44,0.02
2023-09-13 03:00,9,3,Weekday,Fall,No,38.94,0.0,0.0,2.68,21.44,0.02
2023-09-13 04:00,9,4,Weekday,Fall,No,41.62,0.0,0.0,5.36,21.44,1.1
2023-09-13 05:00,9,5,Weekday,Fall,No,72.43,25.87,0.66,5.36,21.44,0.02
2023-09-13 06:00,9,6,Weekday,Fall,No,77.88,24.59,0.76,16.08,32.68,1.1
2023-09-13 07:00,9,7,Weekday,Fall,No,152.97,29.55,0.0,48.25,70.4,0.02
2023-09-13 08:00,9,8,Weekday,Fall,Yes,151.39,36.26,0.0,48.25,62.05,1.1
2023-09-13 09:00,9,9,Weekday,Fall,Yes,163.83,49.37,0.0,48.25,60.13,1.1
2023-09-13 10:00,9,10,Weekday,Fall,Yes,177.36,59.7,0.0,48.25,62.05,1.1
2023-09-13 11:00,9,11,Weekday,Fall,Yes,179.88,62.86,0.0,48.25,61.51,2.19
2023-09-13 12:00,9,12,Weekday,Fall,Yes,192.4,72.08,0.0,48.25,63.66,1.1
2023-09-13 13:00,9,13,Weekday,Fall,Yes,194.45,77.2,0.0,48.25,60.13,1.1
2023-09-13 14:00,9,14,Weekday,Fall,Yes,201.23,83.03,0.0,48.25,60.13,1.1
2023-09-13 15:00,9,15,Weekday,Fall,Yes,206.56,84.97,0.0,48.25,63.02,1.1
2023-09-13 16:00,9,16,Weekday,Fall,Yes,187.76,78.41,0.0,37.53,62.79,1.1
2023-09-13 17:00,9,17,Weekday,Fall,Yes,130.31,61.63,0.0,26.8,36.02,0.02
2023-09-13 18:00,9,18,Weekday,Fall,No,123.18,50.81,0.0,26.8,33.45,1.1
2023-09-13 19:00,9,19,Weekday,Fall,No,104.33,41.35,0.0,16.08,28.09,0.02
2023-09-13 20:00,9,20,Weekday,Fall,No,97.24,35.69,0.0,16.08,26.8,1.1
2023-09-13 21:00,9,21,Weekday,Fall,No,41.62,0.0,0.0,5.36,21.44,0.02
2023-09-13 22:00,9,22,Weekday,Fall,No,45.43,5.81,0.0,2.68,21.44,0.02
2023-09-13 23:00,9,23,Weekday,Fall,No,38.94,0.0,0.0,2.68,21.44,1.1
2023-09-14 00:00,9,0,Weekday,Fall,No,38.94,0.0,0.0,2.68,21.44,0.02
2023-09-14 01:00,9,1,Weekday,Fall,No,38.94,0.0,0.0,2.68,21.44,0.02
2023-09-14 02:00,9,2,Weekday,Fall,No,38.94,0.0,0.0,2.68,21.44,1.1
2023-09-14 03:00,9,3,Weekday,Fall,No,38.94,0.0,0.0,2.68,21.44,0.02
2023-09-14 04:00,9,4,Weekday,Fall,No,41.62,0.0,0.0,5.36,21.44,0.02
2023-09-14 05:00,9,5,Weekday,Fall,No,68.33,21.21,1.36,5.36,21.44,1.1
2023-09-14 06:00,9,6,Weekday,Fall,No,76.56,19.87,1.69,16.08,32.68,0.02
2023-09-14 07:00,9,7,Weekday,Fall,No,150.42,26.8,0.06,48.25,70.4,1.1
2023-09-14 08:00,9,8,Weekday,Fall,Yes,154.66,38.84,0.0,48.25,62.05,1.1
2023-09-14 09:00,9,9,Weekday,Fall,Yes,166.76,51.87,0.0,48.25,60.13,1.1
2023-09-14 10:00,9,10,Weekday,Fall,Yes,177.92,60.12,0.0,48.25,62.05,1.1
2023-09-14 11:00,9,11,Weekday,Fall,Yes,179.97,62.93,0.0,48.25,61.51,2.19
2023-09-14 12:00,9,12,Weekday,Fall,Yes,191.96,71.76,0.0,48.25,63.66,1.1
2023-09-14 13:00,9,13,Weekday,Fall,Yes,194.23,77.04,0.0,48.25,60.13,1.1
2023-09-14 14:00,9,14,Weekday,Fall,Yes,201.47,83.36,0.0,48.25,60.13,1.1
2023-09-14 15:00,9,15,Weekday,Fall,Yes,209.25,87.52,0.0,48.25,63.02,1.1
2023-09-14 16:00,9,16,Weekday,Fall,Yes,190.17,80.63,0.0,37.53,62.79,1.1
2023-09-14 17:00,9,17,Weekday,Fall,Yes,131.91,63.2,0.0,26.8,36.02,0.02
2023-09-14 18:00,9,18,Weekday,Fall,No,125.8,50.99,0.0,26.8,33.45,1.1
2023-09-14 19:00,9,19,Weekday,Fall,No,103.44,40.48,0.0,16.08,28.09,0.02
2023-09-14 20:00,9,20,Weekday,Fall,No,98.05,36.5,0.0,16.08,26.8,1.1
2023-09-14 21:00,9,21,Weekday,Fall,No,41.62,0.0,0.0,5.36,21.44,0.02
2023-09-14 22:00,9,22,Weekday,Fall,No,45.05,5.43,0.0,2.68,21.44,0.02
2023-09-14 23:00,9,23,Weekday,Fall,No,38.94,0.0,0.0,2.68,21.44,1.1
2023-09-15 00:00,9,0,Weekday,Fall,No,38.94,0.0,0.0,2.68,21.44,0.02
2023-09-15 01:00,9,1,Weekday,Fall,No,38.94,0.0,0.0,2.68,21.44,0.02
2023-09-15 02:00,9,2,Weekday,Fall,No,38.94,0.0,0.0,2.68,21.44,1.1
2023-09-15 03:00,9,3,Weekday,Fall,No,38.94,0.0,0.0,2.68,21.44,0.02
2023-09-15 04:00,9,4,Weekday,Fall,No,41.62,0.0,0.0,5.36,21.44,0.02
2023-09-15 05:00,9,5,Weekday,Fall,No,67.5,20.45,1.3,5.36,21.44,1.1
2023-09-15 06:00,9,6,Weekday,Fall,No,76.87,20.35,1.52,16.08,32.68,0.02
2023-09-15 07:00,9,7,Weekday,Fall,No,150.84,27.46,0.02,48.25,70.4,1.1
2023-09-15 08:00,9,8,Weekday,Fall,Yes,152.49,36.98,0.0,48.25,62.05,1.1
2023-09-15 09:00,9,9,Weekday,Fall,Yes,162.77,48.15,0.0,48.25,60.13,1.1
2023-09-15 10:00,9,10,Weekday,Fall,Yes,177.39,59.68,0.0,48.25,62.05,1.1
2023-09-15 11:00,9,11,Weekday,Fall,Yes,181.86,64.77,0.0,48.25,61.51,2.19
2023-09-15 12:00,9,12,Weekday,Fall,Yes,194.31,73.98,0.0,48.25,63.66,1.1
2023-09-15 13:00,9,13,Weekday,Fall,Yes,196.29,79.08,0.0,48.25,60.13,1.1
2023-09-15 14:00,9,14,Weekday,Fall,Yes,204.62,86.37,0.0,48.25,60.13,1.1
2023-09-15 15:00,9,15,Weekday,Fall,Yes,213.11,91.27,0.0,48.25,63.02,1.1
2023-09-15 16:00,9,16,Weekday,Fall,Yes,195.45,85.8,0.0,37.53,62.79,1.1
2023-09-15 17:00,9,17,Weekday,Fall,Yes,136.19,67.4,0.0,26.8,36.02,0.02
2023-09-15 18:00,9,18,Weekday,Fall,No,128.59,53.77,0.0,26.8,33.45,1.1
2023-09-15 19:00,9,19,Weekday,Fall,No,105.44,42.48,0.0,16.08,28.09,0.02
2023-09-15 20:00,9,20,Weekday,Fall,No,97.84,36.29,0.0,16.08,26.8,1.1
2023-09-15 21:00,9,21,Weekday,Fall,No,41.62,0.0,0.0,5.36,21.44,0.02
2023-09-15 22:00,9,22,Weekday,Fall,No,45.68,6.06,0.0,2.68,21.44,0.02
2023-09-15 23:00,9,23,Weekday,Fall,No,38.94,0.0,0.0,2.68,21.44,1.1
2023-09-16 00:00,9,0,Weekend,Fall,No,33.58,0.0,0.0,2.68,16.08,0.02
2023-09-16 01:00,9,1,Weekend,Fall,No,33.58,0.0,0.0,2.68,16.08,0.02
2023-09-16 02:00,9,2,Weekend,Fall,No,33.58,0.0,0.0,2.68,16.08,1.1
2023-09-16 03:00,9,3,Weekend,Fall,No,33.58,0.0,0.0,2.68,16.08,0.02
2023-09-16 04:00,9,4,Weekend,Fall,No,33.58,0.0,0.0,2.68,16.08,0.02
2023-09-16 05:00,9,5,Weekend,Fall,No,75.11,28.6,0.69,5.36,21.44,1.1
2023-09-16 06:00,9,6,Weekend,Fall,No,67.59,28.44,0.97,5.36,26.58,0.02
2023-09-16 07:00,9,7,Weekend,Fall,No,93.52,31.19,0.31,26.8,31.3,1.1
2023-09-16 08:00,9,8,Weekend,Fall,No,99.73,35.16,0.01,26.8,33.55,0.02
2023-09-16 09:00,9,9,Weekend,Fall,No,105.13,41.21,0.0,26.8,32.58,1.1
2023-09-16 10:00,9,10,Weekend,Fall,No,113.46,46.99,0.0,26.8,34.83,1.1
2023-09-16 11:00,9,11,Weekend,Fall,No,116.72,51.4,0.0,26.8,33.55,0.02
2023-09-16 12:00,9,12,Weekend,Fall,No,119.22,56.23,0.0,26.8,30.98,1.1
2023-09-16 13:00,9,13,Weekend,Fall,No,90.56,56.17,0.0,8.04,21.33,0.02
2023-09-16 14:00,9,14,Weekend,Fall,No,90.29,57.0,0.0,8.04,20.05,1.1
2023-09-16 15:00,9,15,Weekend,Fall,No,78.99,46.35,0.0,8.04,20.37,0.02
2023-09-16 16:00,9,16,Weekend,Fall,No,63.23,38.66,0.0,2.68,18.01,1.1
2023-09-16 17:00,9,17,Weekend,Fall,No,30.11,10.23,0.0,2.68,16.08,0.02
2023-09-16 18:00,9,18,Weekend,Fall,No,33.6,4.51,0.0,2.68,16.08,1.1
2023-09-16 19:00,9,19,Weekend,Fall,No,40.95,6.69,0.0,2.68,16.08,0.02
2023-09-16 20:00,9,20,Weekend,Fall,No,33.58,0.0,0.0,2.68,16.08,0.02
2023-09-16 21:00,9,21,Weekend,Fall,No,38.11,4.08,0.0,2.68,16.08,1.1
2023-09-16 22:00,9,22,Weekend,Fall,No,35.81,2.01,0.0,2.68,16.08,0.02
2023-09-16 23:00,9,23,Weekend,Fall,No,33.58,0.0,0.0,2.68,16.08,0.02
2023-09-17 00:00,9,0,Weekend,Fall,No,33.58,0.0,0.0,2.68,16.08,1.1
2023-09-17 01:00,9,1,Weekend,Fall,No,33.58,0.0,0.0,2.68,16.08,0.02
2023-09-17 02:00,9,2,Weekend,Fall,No,33.58,0.0,0.0,2.68,16.08,0.02
2023-09-17 03:00,9,3,Weekend,Fall,No,33.58,0.0,0.0,2.68,16.08,1.1
2023-09-17 04:00,9,4,Weekend,Fall,No,33.58,0.0,0.0,2.68,16.08,0.02
2023-09-17 05:00,9,5,Weekend,Fall,No,33.58,0.0,0.0,2.68,16.08,0.02
2023-09-17 06:00,9,6,Weekend,Fall,No,26.23,4.34,0.0,2.68,16.08,1.1
2023-09-17 07:00,9,7,Weekend,Fall,No,39.48,18.24,0.0,2.68,16.08,0.02
2023-09-17 08:00,9,8,Weekend,Fall,No,46.78,24.86,0.0,2.68,16.08,0.02
2023-09-17 09:00,9,9,Weekend,Fall,No,41.9,20.61,0.0,2.68,16.08,0.02
2023-09-17 10:00,9,10,Weekend,Fall,No,49.33,27.38,0.0,2.68,16.08,1.1
2023-09-17 11:00,9,11,Weekend,Fall,No,44.65,23.3,0.0,2.68,16.08,0.02
2023-09-17 12:00,9,12,Weekend,Fall,No,53.5,31.36,0.0,2.68,16.08,1.1
2023-09-17 13:00,9,13,Weekend,Fall,No,47.6,26.08,0.0,2.68,16.08,0.02
2023-09-17 14:00,9,14,Weekend,Fall,No,55.82,33.63,0.0,2.68,16.08,0.02
2023-09-17 15:00,9,15,Weekend,Fall,No,48.37,26.93,0.0,2.68,16.08,1.1
2023-09-17 16:00,9,16,Weekend,Fall,No,55.32,33.31,0.0,2.68,16.08,0.02
2023-09-17 17:00,9,17,Weekend,Fall,No,46.54,25.28,0.0,2.68,16.08,0.02
2023-09-17 18:00,9,18,Weekend,Fall,No,55.81,24.72,0.0,2.68,16.08,0.02
2023-09-17 19:00,9,19,Weekend,Fall,No,47.09,12.26,0.0,2.68,16.08,1.1
2023-09-17 20:00,9,20,Weekend,Fall,No,45.15,10.47,0.0,2.68,16.08,0.02
2023-09-17 21:00,9,21,Weekend,Fall,No,41.12,6.87,0.0,2.68,16.08,0.02
2023-09-17 22:00,9,22,Weekend,Fall,No,33.58,0.0,0.0,2.68,16.08,1.1
2023-09-17 23:00,9,23,Weekend,Fall,No,33.58,0.0,0.0,2.68,16.08,0.02
2023-09-18 00:00,9,0,Weekday,Fall,No,38.94,0.0,0.0,2.68,21.44,0.02
2023-09-18 01:00,9,1,Weekday,Fall,No,38.94,0.0,0.0,2.68,21.44,1.1
2023-09-18 02:00,9,2,Weekday,Fall,No,38.94,0.0,0.0,2.68,21.44,0.02
2023-09-18 03:00,9,3,Weekday,Fall,No,38.94,0.0,0.0,2.68,21.44,0.02
2023-09-18 04:00,9,4,Weekday,Fall,No,41.62,0.0,0.0,5.36,21.44,1.1
2023-09-18 05:00,9,5,Weekday,Fall,No,76.26,29.83,0.51,5.36,21.44,0.02
2023-09-18 06:00,9,6,Weekday,Fall,No,84.17,28.34,0.83,16.08,32.68,1.1
2023-09-18 07:00,9,7,Weekday,Fall,No,159.46,35.86,0.0,48.25,70.4,1.1
2023-09-18 08:00,9,8,Weekday,Fall,Yes,157.46,41.59,0.0,48.25,62.05,1.1
2023-09-18 09:00,9,9,Weekday,Fall,Yes,164.85,50.11,0.0,48.25,60.13,1.1
2023-09-18 10:00,9,10,Weekday,Fall,Yes,176.3,58.77,0.0,48.25,62.05,1.1
2023-09-18 11:00,9,11,Weekday,Fall,Yes,177.55,60.81,0.0,48.25,61.51,1.1
2023-09-18 12:00,9,12,Weekday,Fall,Yes,188.34,68.36,0.0,48.25,63.66,1.1
2023-09-18 13:00,9,13,Weekday,Fall,Yes,188.84,72.38,0.0,48.25,60.13,1.1
2023-09-18 14:00,9,14,Weekday,Fall,Yes,186.77,70.61,0.0,48.25,60.13,1.1
2023-09-18 15:00,9,15,Weekday,Fall,Yes,186.37,67.51,0.0,48.25,63.02,1.1
2023-09-18 16:00,9,16,Weekday,Fall,Yes,167.54,60.66,0.0,37.53,62.79,1.1
2023-09-18 17:00,9,17,Weekday,Fall,Yes,114.83,47.39,0.0,26.8,36.02,1.1
2023-09-18 18:00,9,18,Weekday,Fall,No,117.58,43.17,0.0,26.8,33.45,0.02
2023-09-18 19:00,9,19,Weekday,Fall,No,99.37,36.53,0.0,16.08,28.09,1.1
2023-09-18 20:00,9,20,Weekday,Fall,No,95.52,34.03,0.0,16.08,26.8,0.02
2023-09-18 21:00,9,21,Weekday,Fall,No,41.62,0.0,0.0,5.36,21.44,1.1
2023-09-18 22:00,9,22,Weekday,Fall,No,38.94,0.0,0.0,2.68,21.44,0.02
2023-09-18 23:00,9,23,Weekday,Fall,No,38.94,0.0,0.0,2.68,21.44,0.02
2023-09-19 00:00,9,0,Weekday,Fall,No,38.94,0.0,0.0,2.68,21.44,1.1
2023-09-19 01:00,9,1,Weekday,Fall,No,38.94,0.0,0.0,2.68,21.44,0.02
2023-09-19 02:00,9,2,Weekday,Fall,No,38.94,0.0,0.0,2.68,21.44,0.02
2023-09-19 03:00,9,3,Weekday,Fall,No,38.94,0.0,0.0,2.68,21.44,1.1
2023-09-19 04:00,9,4,Weekday,Fall,No,41.62,0.0,0.0,5.36,21.44,0.02
2023-09-19 05:00,9,5,Weekday,Fall,No,71.1,23.41,1.99,5.36,21.44,0.02
2023-09-19 06:00,9,6,Weekday,Fall,No,80.91,23.26,2.64,16.08,32.68,1.1
2023-09-19 07:00,9,7,Weekday,Fall,No,153.65,30.27,0.16,48.25,70.4,1.1
2023-09-19 08:00,9,8,Weekday,Fall,Yes,153.66,38.29,0.0,48.25,62.05,1.1
2023-09-19 09:00,9,9,Weekday,Fall,Yes,159.39,45.23,0.0,48.25,60.13,1.1
2023-09-19 10:00,9,10,Weekday,Fall,Yes,169.13,52.19,0.0,48.25,62.05,1.1
2023-09-19 11:00,9,11,Weekday,Fall,Yes,172.38,55.97,0.0,48.25,61.51,1.1
2023-09-19 12:00,9,12,Weekday,Fall,Yes,183.39,63.71,0.0,48.25,63.66,2.19
2023-09-19 13:00,9,13,Weekday,Fall,Yes,182.95,66.67,0.0,48.25,60.13,1.1
2023-09-19 14:00,9,14,Weekday,Fall,Yes,188.55,71.5,0.0,48.25,60.13,1.1
2023-09-19 15:00,9,15,Weekday,Fall,Yes,194.44,73.95,0.0,48.25,63.02,1.1
2023-09-19 16:00,9,16,Weekday,Fall,Yes,176.81,68.33,0.0,37.53,62.79,0.02
2023-09-19 17:00,9,17,Weekday,Fall,Yes,119.55,51.45,0.0,26.8,36.02,1.1
2023-09-19 18:00,9,18,Weekday,Fall,No,116.95,42.49,0.0,26.8,33.45,1.1
2023-09-19 19:00,9,19,Weekday,Fall,No,100.36,37.5,0.0,16.08,28.09,0.02
2023-09-19 20:00,9,20,Weekday,Fall,No,97.02,35.51,0.0,16.08,26.8,1.1
2023-09-19 21:00,9,21,Weekday,Fall,No,41.62,0.0,0.0,5.36,21.44,0.02
2023-09-19 22:00,9,22,Weekday,Fall,No,38.94,0.0,0.0,2.68,21.44,0.02
2023-09-19 23:00,9,23,Weekday,Fall,No,38.94,0.0,0.0,2.68,21.44,1.1
2023-09-20 00:00,9,0,Weekday,Fall,No,38.94,0.0,0.0,2.68,21.44,0.02
2023-09-20 01:00,9,1,Weekday,Fall,No,38.94,0.0,0.0,2.68,21.44,0.02
2023-09-20 02:00,9,2,Weekday,Fall,No,38.94,0.0,0.0,2.68,21.44,1.1
2023-09-20 03:00,9,3,Weekday,Fall,No,38.94,0.0,0.0,2.68,21.44,0.02
2023-09-20 04:00,9,4,Weekday,Fall,No,41.62,0.0,0.0,5.36,21.44,0.02
2023-09-20 05:00,9,5,Weekday,Fall,No,71.37,23.77,1.9,5.36,21.44,1.1
2023-09-20 06:00,9,6,Weekday,Fall,No,80.52,22.95,2.57,16.08,32.68,0.02
2023-09-20 07:00,9,7,Weekday,Fall,No,152.95,29.5,0.18,48.25,70.4,1.1
2023-09-20 08:00,9,8,Weekday,Fall,Yes,154.82,39.42,0.0,48.25,62.05,1.1
2023-09-20 09:00,9,9,Weekday,Fall,Yes,163.62,49.21,0.0,48.25,60.13,1.1
2023-09-20 10:00,9,10,Weekday,Fall,Yes,173.16,55.91,0.0,48.25,62.05,1.1
2023-09-20 11:00,9,11,Weekday,Fall,Yes,175.78,59.2,0.0,48.25,61.51,2.19
2023-09-20 12:00,9,12,Weekday,Fall,Yes,187.23,67.47,0.0,48.25,63.66,1.1
2023-09-20 13:00,9,13,Weekday,Fall,Yes,187.55,70.95,0.0,48.25,60.13,1.1
2023-09-20 14:00,9,14,Weekday,Fall,Yes,192.88,75.64,0.0,48.25,60.13,1.1
2023-09-20 15:00,9,15,Weekday,Fall,Yes,197.76,77.19,0.0,48.25,63.02,1.1
2023-09-20 16:00,9,16,Weekday,Fall,Yes,177.9,69.48,0.0,37.53,62.79,1.1
2023-09-20 17:00,9,17,Weekday,Fall,Yes,119.36,51.44,0.0,26.8,36.02,1.1
2023-09-20 18:00,9,18,Weekday,Fall,No,117.73,43.27,0.0,26.8,33.45,0.02
2023-09-20 19:00,9,19,Weekday,Fall,No,101.13,38.26,0.0,16.08,28.09,1.1
2023-09-20 20:00,9,20,Weekday,Fall,No,97.9,36.39,0.0,16.08,26.8,0.02
2023-09-20 21:00,9,21,Weekday,Fall,No,41.62,0.0,0.0,5.36,21.44,0.02
2023-09-20 22:00,9,22,Weekday,Fall,No,38.94,0.0,0.0,2.68,21.44,1.1
2023-09-20 23:00,9,23,Weekday,Fall,No,38.94,0.0,0.0,2.68,21.44,0.02
2023-09-21 00:00,9,0,Weekday,Fall,No,38.94,0.0,0.0,2.68,21.44,0.02
2023-09-21 01:00,9,1,Weekday,Fall,No,38.94,0.0,0.0,2.68,21.44,1.1
2023-09-21 02:00,9,2,Weekday,Fall,No,38.94,0.0,0.0,2.68,21.44,0.02
2023-09-21 03:00,9,3,Weekday,Fall,No,38.94,0.0,0.0,2.68,21.44,0.02
2023-09-21 04:00,9,4,Weekday,Fall,No,41.62,0.0,0.0,5.36,21.44,1.1
2023-09-21 05:00,9,5,Weekday,Fall,No,73.39,26.01,1.66,5.36,21.44,0.02
2023-09-21 06:00,9,6,Weekday,Fall,No,81.25,24.13,2.11,16.08,32.68,1.1
2023-09-21 07:00,9,7,Weekday,Fall,No,157.3,33.55,0.14,48.25,70.4,1.1
2023-09-21 08:00,9,8,Weekday,Fall,Yes,161.66,45.8,0.0,48.25,62.05,1.1
2023-09-21 09:00,9,9,Weekday,Fall,Yes,168.05,53.36,0.0,48.25,60.13,1.1
2023-09-21 10:00,9,10,Weekday,Fall,Yes,175.49,58.4,0.0,48.25,62.05,1.1
2023-09-21 11:00,9,11,Weekday,Fall,Yes,177.53,60.96,0.0,48.25,61.51,1.1
2023-09-21 12:00,9,12,Weekday,Fall,Yes,187.36,67.5,0.0,48.25,63.66,2.19
2023-09-21 13:00,9,13,Weekday,Fall,Yes,186.48,70.29,0.0,48.25,60.13,1.1
2023-09-21 14:00,9,14,Weekday,Fall,Yes,190.93,74.23,0.0,48.25,60.13,1.1
2023-09-21 15:00,9,15,Weekday,Fall,Yes,189.03,69.93,0.0,48.25,63.02,1.1
2023-09-21 16:00,9,16,Weekday,Fall,Yes,165.85,58.97,0.0,37.53,62.79,0.02
2023-09-21 17:00,9,17,Weekday,Fall,Yes,111.64,44.27,0.0,26.8,36.02,1.1
2023-09-21 18:00,9,18,Weekday,Fall,No,117.63,40.84,0.0,26.8,33.45,1.1
2023-09-21 19:00,9,19,Weekday,Fall,No,99.79,36.97,0.0,16.08,28.09,0.02
2023-09-21 20:00,9,20,Weekday,Fall,No,95.79,34.31,0.0,16.08,26.8,1.1
2023-09-21 21:00,9,21,Weekday,Fall,No,41.62,0.0,0.0,5.36,21.44,0.02
2023-09-21 22:00,9,22,Weekday,Fall,No,38.94,0.0,0.0,2.68,21.44,0.02
2023-09-21 23:00,9,23,Weekday,Fall,No,38.94,0.0,0.0,2.68,21.44,1.1
2023-09-22 00:00,9,0,Weekday,Fall,No,38.94,0.0,0.0,2.68,21.44,0.02
2023-09-22 01:00,9,1,Weekday,Fall,No,38.94,0.0,0.0,2.68,21.44,0.02
2023-09-22 02:00,9,2,Weekday,Fall,No,38.94,0.0,0.0,2.68,21.44,1.1
2023-09-22 03:00,9,3,Weekday,Fall,No,38.94,0.0,0.0,2.68,21.44,0.02
2023-09-22 04:00,9,4,Weekday,Fall,No,41.62,0.0,0.0,5.36,21.44,0.02
2023-09-22 05:00,9,5,Weekday,Fall,No,84.09,37.76,0.38,5.36,21.44,1.1
2023-09-22 06:00,9,6,Weekday,Fall,No,90.08,34.15,0.92,16.08,32.68,0.02
2023-09-22 07:00,9,7,Weekday,Fall,No,162.59,39.25,0.0,48.25,70.4,1.1
2023-09-22 08:00,9,8,Weekday,Fall,Yes,156.27,41.28,0.0,48.25,62.05,1.1
2023-09-22 09:00,9,9,Weekday,Fall,Yes,164.41,50.6,0.0,48.25,60.13,1.1
2023-09-22 10:00,9,10,Weekday,Fall,Yes,169.95,53.75,0.0,48.25,62.05,2.19
2023-09-22 11:00,9,11,Weekday,Fall,Yes,173.02,57.21,0.0,48.25,61.51,1.1
2023-09-22 12:00,9,12,Weekday,Fall,Yes,178.3,60.0,0.0,48.25,63.66,1.1
2023-09-22 13:00,9,13,Weekday,Fall,Yes,168.97,54.88,0.0,48.25,60.13,1.1
2023-09-22 14:00,9,14,Weekday,Fall,Yes,166.42,52.67,0.0,48.25,60.13,1.1
2023-09-22 15:00,9,15,Weekday,Fall,Yes,163.07,46.61,0.0,48.25,63.02,1.1
2023-09-22 16:00,9,16,Weekday,Fall,Yes,147.83,42.62,0.0,37.53,62.79,1.1
2023-09-22 17:00,9,17,Weekday,Fall,Yes,100.4,33.68,0.01,26.8,36.02,1.1
2023-09-22 18:00,9,18,Weekday,Fall,No,109.15,32.37,0.39,26.8,33.45,0.02
2023-09-22 19:00,9,19,Weekday,Fall,No,97.53,32.93,1.86,16.08,28.09,1.1
2023-09-22 20:00,9,20,Weekday,Fall,No,97.14,32.68,3.01,16.08,26.8,0.02
2023-09-22 21:00,9,21,Weekday,Fall,No,41.62,0.0,0.0,5.36,21.44,1.1
2023-09-22 22:00,9,22,Weekday,Fall,No,38.94,0.0,0.0,2.68,21.44,0.02
2023-09-22 23:00,9,23,Weekday,Fall,No,38.94,0.0,0.0,2.68,21.44,0.02
2023-09-23 00:00,9,0,Weekend,Fall,No,33.58,0.0,0.0,2.68,16.08,1.1
2023-09-23 01:00,9,1,Weekend,Fall,No,33.58,0.0,0.0,2.68,16.08,0.02
2023-09-23 02:00,9,2,Weekend,Fall,No,33.58,0.0,0.0,2.68,16.08,0.02
2023-09-23 03:00,9,3,Weekend,Fall,No,33.58,0.0,0.0,2.68,16.08,1.1
2023-09-23 04:00,9,4,Weekend,Fall,No,33.58,0.0,0.0,2.68,16.08,0.02
2023-09-23 05:00,9,5,Weekend,Fall,No,79.11,28.6,4.97,5.36,21.44,0.02
2023-09-23 06:00,9,6,Weekend,Fall,No,71.47,27.89,5.4,5.36,26.58,1.1
2023-09-23 07:00,9,7,Weekend,Fall,No,95.53,30.3,3.36,26.8,31.3,0.02
2023-09-23 08:00,9,8,Weekend,Fall,No,100.23,34.19,1.89,26.8,33.55,1.1
2023-09-23 09:00,9,9,Weekend,Fall,No,101.96,38.01,0.6,26.8,32.58,1.1
2023-09-23 10:00,9,10,Weekend,Fall,No,103.43,37.66,0.0,26.8,34.83,0.02
2023-09-23 11:00,9,11,Weekend,Fall,No,103.48,38.85,0.0,26.8,33.55,1.1
2023-09-23 12:00,9,12,Weekend,Fall,No,101.69,39.57,0.0,26.8,30.98,1.1
2023-09-23 13:00,9,13,Weekend,Fall,No,72.54,39.0,0.0,8.04,21.33,0.02
2023-09-23 14:00,9,14,Weekend,Fall,No,72.9,40.59,0.0,8.04,20.05,1.1
2023-09-23 15:00,9,15,Weekend,Fall,No,72.52,39.89,0.0,8.04,20.37,0.02
2023-09-23 16:00,9,16,Weekend,Fall,No,60.19,35.71,0.0,2.68,18.01,1.1
2023-09-23 17:00,9,17,Weekend,Fall,No,18.77,0.0,0.0,2.68,16.08,0.02
2023-09-23 18:00,9,18,Weekend,Fall,No,31.11,0.0,0.0,2.68,16.08,0.02
2023-09-23 19:00,9,19,Weekend,Fall,No,33.58,0.0,0.0,2.68,16.08,1.1
2023-09-23 20:00,9,20,Weekend,Fall,No,33.58,0.0,0.0,2.68,16.08,0.02
2023-09-23 21:00,9,21,Weekend,Fall,No,33.58,0.0,0.0,2.68,16.08,0.02
2023-09-23 22:00,9,22,Weekend,Fall,No,33.58,0.0,0.0,2.68,16.08,1.1
2023-09-23 23:00,9,23,Weekend,Fall,No,33.58,0.0,0.0,2.68,16.08,0.02
2023-09-24 00:00,9,0,Weekend,Fall,No,33.58,0.0,0.0,2.68,16.08,0.02
2023-09-24 01:00,9,1,Weekend,Fall,No,33.58,0.0,0.0,2.68,16.08,1.1
2023-09-24 02:00,9,2,Weekend,Fall,No,33.58,0.0,0.0,2.68,16.08,0.02
2023-09-24 03:00,9,3,Weekend,Fall,No,33.58,0.0,0.0,2.68,16.08,0.02
2023-09-24 04:00,9,4,Weekend,Fall,No,33.58,0.0,0.0,2.68,16.08,1.1
2023-09-24 05:00,9,5,Weekend,Fall,No,33.58,0.0,0.0,2.68,16.08,0.02
2023-09-24 06:00,9,6,Weekend,Fall,No,21.24,0.0,0.0,2.68,16.08,0.02
2023-09-24 07:00,9,7,Weekend,Fall,No,30.47,10.05,0.0,2.68,16.08,1.1
2023-09-24 08:00,9,8,Weekend,Fall,No,44.04,22.32,0.0,2.68,16.08,0.02
2023-09-24 09:00,9,9,Weekend,Fall,No,43.18,21.7,0.0,2.68,16.08,0.02
2023-09-24 10:00,9,10,Weekend,Fall,No,45.69,23.96,0.0,2.68,16.08,1.1
2023-09-24 11:00,9,11,Weekend,Fall,No,44.32,22.81,0.0,2.68,16.08,0.02
2023-09-24 12:00,9,12,Weekend,Fall,No,48.46,26.57,0.0,2.68,16.08,0.02
2023-09-24 13:00,9,13,Weekend,Fall,No,46.63,24.97,0.0,2.68,16.08,1.1
2023-09-24 14:00,9,14,Weekend,Fall,No,50.43,28.52,0.0,2.68,16.08,0.02
2023-09-24 15:00,9,15,Weekend,Fall,No,47.4,25.84,0.0,2.68,16.08,0.02
2023-09-24 16:00,9,16,Weekend,Fall,No,50.23,28.42,0.0,2.68,16.08,1.1
2023-09-24 17:00,9,17,Weekend,Fall,No,46.02,24.53,0.0,2.68,16.08,0.02
2023-09-24 18:00,9,18,Weekend,Fall,No,48.39,15.54,0.0,2.68,16.08,0.02
2023-09-24 19:00,9,19,Weekend,Fall,No,38.12,4.09,0.0,2.68,16.08,1.1
2023-09-24 20:00,9,20,Weekend,Fall,No,33.58,0.0,0.0,2.68,16.08,0.02
2023-09-24 21:00,9,21,Weekend,Fall,No,33.58,0.0,0.0,2.68,16.08,0.02
2023-09-24 22:00,9,22,Weekend,Fall,No,33.58,0.0,0.0,2.68,16.08,1.1
2023-09-24 23:00,9,23,Weekend,Fall,No,33.58,0.0,0.0,2.68,16.08,0.02
2023-09-25 00:00,9,0,Weekday,Fall,No,38.94,0.0,0.0,2.68,21.44,0.02
2023-09-25 01:00,9,1,Weekday,Fall,No,38.94,0.0,0.0,2.68,21.44,1.1
2023-09-25 02:00,9,2,Weekday,Fall,No,38.94,0.0,0.0,2.68,21.44,0.02
2023-09-25 03:00,9,3,Weekday,Fall,No,38.94,0.0,0.0,2.68,21.44,0.02
2023-09-25 04:00,9,4,Weekday,Fall,No,41.62,0.0,0.0,5.36,21.44,1.1
2023-09-25 05:00,9,5,Weekday,Fall,No,66.85,14.33,6.96,5.36,21.44,0.02
2023-09-25 06:00,9,6,Weekday,Fall,No,76.34,14.98,6.36,16.08,32.68,1.1
2023-09-25 07:00,9,7,Weekday,Fall,No,145.87,21.76,1.22,48.25,70.4,1.1
2023-09-25 08:00,9,8,Weekday,Fall,Yes,144.56,29.64,0.09,48.25,62.05,1.1
2023-09-25 09:00,9,9,Weekday,Fall,Yes,151.62,38.07,0.0,48.25,60.13,1.1
2023-09-25 10:00,9,10,Weekday,Fall,Yes,162.46,46.26,0.0,48.25,62.05,1.1
2023-09-25 11:00,9,11,Weekday,Fall,Yes,164.79,49.19,0.0,48.25,61.51,1.1
2023-09-25 12:00,9,12,Weekday,Fall,Yes,175.12,56.48,0.0,48.25,63.66,2.19
2023-09-25 13:00,9,13,Weekday,Fall,Yes,175.17,59.8,0.0,48.25,60.13,1.1
2023-09-25 14:00,9,14,Weekday,Fall,Yes,181.82,65.62,0.0,48.25,60.13,1.1
2023-09-25 15:00,9,15,Weekday,Fall,Yes,189.99,70.25,0.0,48.25,63.02,1.1
2023-09-25 16:00,9,16,Weekday,Fall,Yes,172.95,65.03,0.0,37.53,62.79,1.1
2023-09-25 17:00,9,17,Weekday,Fall,Yes,117.39,49.61,0.0,26.8,36.02,0.02
2023-09-25 18:00,9,18,Weekday,Fall,No,116.27,39.62,0.0,26.8,33.45,1.1
2023-09-25 19:00,9,19,Weekday,Fall,No,96.26,33.48,0.0,16.08,28.09,1.1
2023-09-25 20:00,9,20,Weekday,Fall,No,91.13,29.67,0.0,16.08,26.8,0.02
2023-09-25 21:00,9,21,Weekday,Fall,No,41.62,0.0,0.0,5.36,21.44,0.02
2023-09-25 22:00,9,22,Weekday,Fall,No,38.94,0.0,0.0,2.68,21.44,1.1
2023-09-25 23:00,9,23,Weekday,Fall,No,38.94,0.0,0.0,2.68,21.44,0.02
2023-09-26 00:00,9,0,Weekday,Fall,No,38.94,0.0,0.0,2.68,21.44,0.02
2023-09-26 01:00,9,1,Weekday,Fall,No,38.94,0.0,0.0,2.68,21.44,1.1
2023-09-26 02:00,9,2,Weekday,Fall,No,38.94,0.0,0.0,2.68,21.44,0.02
2023-09-26 03:00,9,3,Weekday,Fall,No,38.94,0.0,0.0,2.68,21.44,0.02
2023-09-26 04:00,9,4,Weekday,Fall,No,41.62,0.0,0.0,5.36,21.44,1.1
2023-09-26 05:00,9,5,Weekday,Fall,No,64.26,12.46,6.21,5.36,21.44,0.02
2023-09-26 06:00,9,6,Weekday,Fall,No,73.23,12.29,5.94,16.08,32.68,1.1
2023-09-26 07:00,9,7,Weekday,Fall,No,141.62,17.17,1.39,48.25,70.4,1.1
2023-09-26 08:00,9,8,Weekday,Fall,Yes,140.81,25.59,0.19,48.25,62.05,1.1
2023-09-26 09:00,9,9,Weekday,Fall,Yes,150.55,36.73,0.0,48.25,60.13,1.1
2023-09-26 10:00,9,10,Weekday,Fall,Yes,163.97,47.39,0.0,48.25,62.05,1.1
2023-09-26 11:00,9,11,Weekday,Fall,Yes,168.37,52.38,0.0,48.25,61.51,1.1
2023-09-26 12:00,9,12,Weekday,Fall,Yes,178.91,59.88,0.0,48.25,63.66,2.19
2023-09-26 13:00,9,13,Weekday,Fall,Yes,180.88,65.12,0.0,48.25,60.13,1.1
2023-09-26 14:00,9,14,Weekday,Fall,Yes,188.42,71.71,0.0,48.25,60.13,1.1
2023-09-26 15:00,9,15,Weekday,Fall,Yes,196.69,76.36,0.0,48.25,63.02,1.1
2023-09-26 16:00,9,16,Weekday,Fall,Yes,180.76,72.33,0.0,37.53,62.79,1.1
2023-09-26 17:00,9,17,Weekday,Fall,Yes,123.34,55.3,0.0,26.8,36.02,0.02
2023-09-26 18:00,9,18,Weekday,Fall,No,120.43,43.64,0.0,26.8,33.45,1.1
2023-09-26 19:00,9,19,Weekday,Fall,No,98.58,35.76,0.0,16.08,28.09,1.03
2023-09-26 20:00,9,20,Weekday,Fall,No,93.33,31.85,0.0,16.08,26.8,0.1
2023-09-26 21:00,9,21,Weekday,Fall,No,41.62,0.0,0.0,5.36,21.44,0.02
2023-09-26 22:00,9,22,Weekday,Fall,No,38.94,0.0,0.0,2.68,21.44,1.1
2023-09-26 23:00,9,23,Weekday,Fall,No,38.94,0.0,0.0,2.68,21.44,0.02
2023-09-27 00:00,9,0,Weekday,Fall,No,38.94,0.0,0.0,2.68,21.44,0.02
2023-09-27 01:00,9,1,Weekday,Fall,No,38.94,0.0,0.0,2.68,21.44,1.1
2023-09-27 02:00,9,2,Weekday,Fall,No,38.94,0.0,0.0,2.68,21.44,0.02
2023-09-27 03:00,9,3,Weekday,Fall,No,38.94,0.0,0.0,2.68,21.44,0.02
2023-09-27 04:00,9,4,Weekday,Fall,No,41.62,0.0,0.0,5.36,21.44,1.1
2023-09-27 05:00,9,5,Weekday,Fall,No,63.33,12.35,5.39,5.36,21.44,0.02
2023-09-27 06:00,9,6,Weekday,Fall,No,71.92,11.48,5.44,16.08,32.68,1.1
2023-09-27 07:00,9,7,Weekday,Fall,No,142.9,18.63,1.13,48.25,70.4,1.1
2023-09-27 08:00,9,8,Weekday,Fall,Yes,146.22,30.95,0.04,48.25,62.05,1.1
2023-09-27 09:00,9,9,Weekday,Fall,Yes,156.52,42.43,0.0,48.25,60.13,1.1
2023-09-27 10:00,9,10,Weekday,Fall,Yes,170.35,53.4,0.0,48.25,62.05,1.1
2023-09-27 11:00,9,11,Weekday,Fall,Yes,176.73,60.24,0.0,48.25,61.51,1.1
2023-09-27 12:00,9,12,Weekday,Fall,Yes,188.75,69.31,0.0,48.25,63.66,2.19
2023-09-27 13:00,9,13,Weekday,Fall,Yes,191.08,74.61,0.0,48.25,60.13,1.1
2023-09-27 14:00,9,14,Weekday,Fall,Yes,198.09,80.75,0.0,48.25,60.13,1.1
2023-09-27 15:00,9,15,Weekday,Fall,Yes,204.91,84.01,0.0,48.25,63.02,1.1
2023-09-27 16:00,9,16,Weekday,Fall,Yes,182.99,74.85,0.0,37.53,62.79,1.1
2023-09-27 17:00,9,17,Weekday,Fall,Yes,126.45,58.47,0.0,26.8,36.02,0.02
2023-09-27 18:00,9,18,Weekday,Fall,No,125.2,48.27,0.0,26.8,33.45,1.1
2023-09-27 19:00,9,19,Weekday,Fall,No,102.16,39.31,0.0,16.08,28.09,1.1
2023-09-27 20:00,9,20,Weekday,Fall,No,95.93,34.45,0.0,16.08,26.8,0.02
2023-09-27 21:00,9,21,Weekday,Fall,No,41.62,0.0,0.0,5.36,21.44,0.02
2023-09-27 22:00,9,22,Weekday,Fall,No,38.94,0.0,0.0,2.68,21.44,1.1
2023-09-27 23:00,9,23,Weekday,Fall,No,38.94,0.0,0.0,2.68,21.44,0.02
2023-09-28 00:00,9,0,Weekday,Fall,No,38.94,0.0,0.0,2.68,21.44,0.02
2023-09-28 01:00,9,1,Weekday,Fall,No,38.94,0.0,0.0,2.68,21.44,1.1
2023-09-28 02:00,9,2,Weekday,Fall,No,38.94,0.0,0.0,2.68,21.44,0.02
2023-09-28 03:00,9,3,Weekday,Fall,No,38.94,0.0,0.0,2.68,21.44,0.02
2023-09-28 04:00,9,4,Weekday,Fall,No,41.62,0.0,0.0,5.36,21.44,1.1
2023-09-28 05:00,9,5,Weekday,Fall,No,67.43,19.71,2.07,5.36,21.44,0.02
2023-09-28 06:00,9,6,Weekday,Fall,No,77.96,20.4,2.56,16.08,32.68,1.1
2023-09-28 07:00,9,7,Weekday,Fall,No,150.73,27.45,0.12,48.25,70.4,1.1
2023-09-28 08:00,9,8,Weekday,Fall,Yes,152.45,37.03,0.0,48.25,62.05,1.1
2023-09-28 09:00,9,9,Weekday,Fall,Yes,163.05,48.68,0.0,48.25,60.13,1.1
2023-09-28 10:00,9,10,Weekday,Fall,Yes,179.79,62.31,0.0,48.25,62.05,1.1
2023-09-28 11:00,9,11,Weekday,Fall,Yes,186.96,69.85,0.0,48.25,61.51,2.19
2023-09-28 12:00,9,12,Weekday,Fall,Yes,196.74,76.48,0.0,48.25,63.66,1.1
2023-09-28 13:00,9,13,Weekday,Fall,Yes,198.08,80.79,0.0,48.25,60.13,1.1
2023-09-28 14:00,9,14,Weekday,Fall,Yes,206.46,87.96,0.0,48.25,60.13,1.1
2023-09-28 15:00,9,15,Weekday,Fall,Yes,208.55,87.1,0.0,48.25,63.02,1.1
2023-09-28 16:00,9,16,Weekday,Fall,Yes,186.55,77.74,0.0,37.53,62.79,1.1
2023-09-28 17:00,9,17,Weekday,Fall,Yes,127.73,59.46,0.0,26.8,36.02,1.1
2023-09-28 18:00,9,18,Weekday,Fall,No,124.08,47.0,0.0,26.8,33.45,0.02
2023-09-28 19:00,9,19,Weekday,Fall,No,99.9,37.01,0.0,16.08,28.09,1.1
2023-09-28 20:00,9,20,Weekday,Fall,No,95.55,34.04,0.0,16.08,26.8,0.02
2023-09-28 21:00,9,21,Weekday,Fall,No,41.62,0.0,0.0,5.36,21.44,1.1
2023-09-28 22:00,9,22,Weekday,Fall,No,38.94,0.0,0.0,2.68,21.44,0.02
2023-09-28 23:00,9,23,Weekday,Fall,No,40.99,1.83,0.0,2.68,21.44,0.02
2023-09-29 00:00,9,0,Weekday,Fall,No,42.99,3.6,0.0,2.68,21.44,1.1
2023-09-29 01:00,9,1,Weekday,Fall,No,38.94,0.0,0.0,2.68,21.44,0.02
2023-09-29 02:00,9,2,Weekday,Fall,No,38.94,0.0,0.0,2.68,21.44,0.02
2023-09-29 03:00,9,3,Weekday,Fall,No,38.94,0.0,0.0,2.68,21.44,1.1
2023-09-29 04:00,9,4,Weekday,Fall,No,41.62,0.0,0.0,5.36,21.44,0.02
2023-09-29 05:00,9,5,Weekday,Fall,No,68.16,20.39,2.09,5.36,21.44,0.02
2023-09-29 06:00,9,6,Weekday,Fall,No,77.6,19.99,2.61,16.08,32.68,1.1
2023-09-29 07:00,9,7,Weekday,Fall,No,150.64,27.23,0.15,48.25,70.4,1.1
2023-09-29 08:00,9,8,Weekday,Fall,Yes,151.86,36.31,0.0,48.25,62.05,1.1
2023-09-29 09:00,9,9,Weekday,Fall,Yes,159.14,44.46,0.0,48.25,60.13,1.1
2023-09-29 10:00,9,10,Weekday,Fall,Yes,172.89,55.28,0.0,48.25,62.05,1.1
2023-09-29 11:00,9,11,Weekday,Fall,Yes,179.54,62.56,0.0,48.25,61.51,2.19
2023-09-29 12:00,9,12,Weekday,Fall,Yes,192.5,72.37,0.0,48.25,63.66,1.1
2023-09-29 13:00,9,13,Weekday,Fall,Yes,193.88,76.85,0.0,48.25,60.13,1.1
2023-09-29 14:00,9,14,Weekday,Fall,Yes,193.48,76.41,0.0,48.25,60.13,1.1
2023-09-29 15:00,9,15,Weekday,Fall,Yes,191.98,72.62,0.0,48.25,63.02,1.1
2023-09-29 16:00,9,16,Weekday,Fall,Yes,171.83,64.8,0.0,37.53,62.79,1.1
2023-09-29 17:00,9,17,Weekday,Fall,Yes,117.23,49.83,0.0,26.8,36.02,1.1
2023-09-29 18:00,9,18,Weekday,Fall,No,121.48,42.25,0.0,26.8,33.45,0.02
2023-09-29 19:00,9,19,Weekday,Fall,No,97.56,34.76,0.0,16.08,28.09,1.1
2023-09-29 20:00,9,20,Weekday,Fall,No,91.22,29.69,0.06,16.08,26.8,0.02
2023-09-29 21:00,9,21,Weekday,Fall,No,41.62,0.0,0.0,5.36,21.44,1.1
2023-09-29 22:00,9,22,Weekday,Fall,No,38.94,0.0,0.0,2.68,21.44,0.02
2023-09-29 23:00,9,23,Weekday,Fall,No,38.94,0.0,0.0,2.68,21.44,0.02
2023-09-30 00:00,9,0,Weekend,Fall,No,33.58,0.0,0.0,2.68,16.08,1.1
2023-09-30 01:00,9,1,Weekend,Fall,No,33.58,0.0,0.0,2.68,16.08,0.02
2023-09-30 02:00,9,2,Weekend,Fall,No,33.58,0.0,0.0,2.68,16.08,1.1
2023-09-30 03:00,9,3,Weekend,Fall,No,33.58,0.0,0.0,2.68,16.08,0.02
2023-09-30 04:00,9,4,Weekend,Fall,No,33.58,0.0,0.0,2.68,16.08,0.02
2023-09-30 05:00,9,5,Weekend,Fall,No,66.43,18.22,2.62,5.36,21.44,1.1
2023-09-30 06:00,9,6,Weekend,Fall,No,62.76,18.13,3.98,5.36,26.58,0.02
2023-09-30 07:00,9,7,Weekend,Fall,No,84.22,20.71,1.64,26.8,31.3,1.1
2023-09-30 08:00,9,8,Weekend,Fall,No,90.26,25.8,0.34,26.8,33.55,0.02
2023-09-30 09:00,9,9,Weekend,Fall,No,95.54,32.16,0.0,26.8,32.58,1.1
2023-09-30 10:00,9,10,Weekend,Fall,No,107.75,41.54,0.0,26.8,34.83,1.1
2023-09-30 11:00,9,11,Weekend,Fall,No,111.67,46.56,0.0,26.8,33.55,0.02
2023-09-30 12:00,9,12,Weekend,Fall,No,103.81,41.64,0.0,26.8,30.98,1.1
2023-09-30 13:00,9,13,Weekend,Fall,No,71.28,37.89,0.0,8.04,21.33,1.1
2023-09-30 14:00,9,14,Weekend,Fall,No,66.18,34.31,0.0,8.04,20.05,0.02
2023-09-30 15:00,9,15,Weekend,Fall,No,62.51,30.09,0.24,8.04,20.37,1.1
2023-09-30 16:00,9,16,Weekend,Fall,No,56.24,29.96,1.83,2.68,18.01,0.02
2023-09-30 17:00,9,17,Weekend,Fall,No,18.77,0.0,0.0,2.68,16.08,0.02
2023-09-30 18:00,9,18,Weekend,Fall,No,33.58,0.0,0.0,2.68,16.08,1.1
2023-09-30 19:00,9,19,Weekend,Fall,No,33.58,0.0,0.0,2.68,16.08,0.02
2023-09-30 20:00,9,20,Weekend,Fall,No,33.58,0.0,0.0,2.68,16.08,1.1
2023-09-30 21:00,9,21,Weekend,Fall,No,33.58,0.0,0.0,2.68,16.08,0.02
2023-09-30 22:00,9,22,Weekend,Fall,No,33.58,0.0,0.0,2.68,16.08,0.02
2023-09-30 23:00,9,23,Weekend,Fall,No,33.58,0.0,0.0,2.68,16.08,1.1
2023-10-01 00:00,10,0,Weekend,Fall,No,33.58,0.0,0.0,2.68,16.08,0.02
2023-10-01 01:00,10,1,Weekend,Fall,No,33.58,0.0,0.0,2.68,16.08,0.02
2023-10-01 02:00,10,2,Weekend,Fall,No,33.58,0.0,0.0,2.68,16.08,1.1
2023-10-01 03:00,10,3,Weekend,Fall,No,33.58,0.0,0.0,2.68,16.08,0.02
2023-10-01 04:00,10,4,Weekend,Fall,No,33.58,0.0,0.0,2.68,16.08,0.02
2023-10-01 05:00,10,5,Weekend,Fall,No,33.58,0.0,0.0,2.68,16.08,1.1
2023-10-01 06:00,10,6,Weekend,Fall,No,23.71,0.0,0.0,2.68,16.08,0.02
2023-10-01 07:00,10,7,Weekend,Fall,No,20.54,1.34,0.0,2.68,16.08,0.02
2023-10-01 08:00,10,8,Weekend,Fall,No,33.44,11.95,0.0,2.68,16.08,1.1
2023-10-01 09:00,10,9,Weekend,Fall,No,37.93,16.44,0.0,2.68,16.08,0.02
2023-10-01 10:00,10,10,Weekend,Fall,No,41.74,20.04,0.0,2.68,16.08,0.02
2023-10-01 11:00,10,11,Weekend,Fall,No,41.71,20.19,0.0,2.68,16.08,1.1
2023-10-01 12:00,10,12,Weekend,Fall,No,44.98,23.19,0.0,2.68,16.08,0.02
2023-10-01 13:00,10,13,Weekend,Fall,No,44.33,22.74,0.0,2.68,16.08,0.02
2023-10-01 14:00,10,14,Weekend,Fall,No,47.81,26.0,0.0,2.68,16.08,1.1
2023-10-01 15:00,10,15,Weekend,Fall,No,45.97,24.42,0.0,2.68,16.08,0.02
2023-10-01 16:00,10,16,Weekend,Fall,No,48.51,26.76,0.0,2.68,16.08,0.02
2023-10-01 17:00,10,17,Weekend,Fall,No,36.35,15.85,0.0,2.68,16.08,1.1
2023-10-01 18:00,10,18,Weekend,Fall,No,33.58,0.0,0.0,2.68,16.08,0.02
2023-10-01 19:00,10,19,Weekend,Fall,No,33.58,0.0,0.0,2.68,16.08,0.02
2023-10-01 20:00,10,20,Weekend,Fall,No,33.58,0.0,0.0,2.68,16.08,1.1
2023-10-01 21:00,10,21,Weekend,Fall,No,33.58,0.0,0.0,2.68,16.08,0.02
2023-10-01 22:00,10,22,Weekend,Fall,No,33.58,0.0,0.0,2.68,16.08,0.02
2023-10-01 23:00,10,23,Weekend,Fall,No,33.58,0.0,0.0,2.68,16.08,1.1
2023-10-02 00:00,10,0,Weekday,Fall,No,38.94,0.0,0.0,2.68,21.44,0.02
2023-10-02 01:00,10,1,Weekday,Fall,No,38.94,0.0,0.0,2.68,21.44,0.02
2023-10-02 02:00,10,2,Weekday,Fall,No,38.94,0.0,0.0,2.68,21.44,1.1
2023-10-02 03:00,10,3,Weekday,Fall,No,38.94,0.0,0.0,2.68,21.44,0.02
2023-10-02 04:00,10,4,Weekday,Fall,No,41.62,0.0,0.0,5.36,21.44,0.02
2023-10-02 05:00,10,5,Weekday,Fall,No,64.9,9.99,9.42,5.36,21.44,1.1
2023-10-02 06:00,10,6,Weekday,Fall,No,76.76,9.91,9.38,16.08,32.68,0.02
2023-10-02 07:00,10,7,Weekday,Fall,No,138.7,13.55,2.37,48.25,70.4,1.1
2023-10-02 08:00,10,8,Weekday,Fall,Yes,137.7,22.36,0.7,48.25,62.05,2.19
2023-10-02 09:00,10,9,Weekday,Fall,Yes,147.88,34.56,0.0,48.25,60.13,1.1
2023-10-02 10:00,10,10,Weekday,Fall,Yes,159.65,43.75,0.0,48.25,62.05,1.1
2023-10-02 11:00,10,11,Weekday,Fall,Yes,163.82,48.39,0.0,48.25,61.51,1.1
2023-10-02 12:00,10,12,Weekday,Fall,Yes,172.27,53.96,0.0,48.25,63.66,2.19
2023-10-02 13:00,10,13,Weekday,Fall,Yes,172.42,57.36,0.0,48.25,60.13,1.1
2023-10-02 14:00,10,14,Weekday,Fall,Yes,180.04,63.96,0.0,48.25,60.13,1.1
2023-10-02 15:00,10,15,Weekday,Fall,Yes,188.5,68.72,0.0,48.25,63.02,1.1
2023-10-02 16:00,10,16,Weekday,Fall,Yes,171.01,63.23,0.0,37.53,62.79,1.1
2023-10-02 17:00,10,17,Weekday,Fall,Yes,111.6,44.53,0.0,26.8,36.02,1.1
2023-10-02 18:00,10,18,Weekday,Fall,No,118.07,39.05,0.0,26.8,33.45,0.02
2023-10-02 19:00,10,19,Weekday,Fall,No,96.34,33.58,0.0,16.08,28.09,1.1
2023-10-02 20:00,10,20,Weekday,Fall,No,91.22,29.72,0.05,16.08,26.8,0.02
2023-10-02 21:00,10,21,Weekday,Fall,No,41.62,0.0,0.0,5.36,21.44,1.1
2023-10-02 22:00,10,22,Weekday,Fall,No,38.94,0.0,0.0,2.68,21.44,0.02
2023-10-02 23:00,10,23,Weekday,Fall,No,38.94,0.0,0.0,2.68,21.44,0.02
2023-10-03 00:00,10,0,Weekday,Fall,No,38.94,0.0,0.0,2.68,21.44,1.1
2023-10-03 01:00,10,1,Weekday,Fall,No,38.94,0.0,0.0,2.68,21.44,0.02
2023-10-03 02:00,10,2,Weekday,Fall,No,38.94,0.0,0.0,2.68,21.44,0.02
2023-10-03 03:00,10,3,Weekday,Fall,No,38.94,0.0,0.0,2.68,21.44,1.1
2023-10-03 04:00,10,4,Weekday,Fall,No,41.62,0.0,0.0,5.36,21.44,0.02
2023-10-03 05:00,10,5,Weekday,Fall,No,63.02,10.77,6.67,5.36,21.44,0.02
2023-10-03 06:00,10,6,Weekday,Fall,No,75.26,10.56,7.24,16.08,32.68,1.1
2023-10-03 07:00,10,7,Weekday,Fall,No,142.23,17.73,1.54,48.25,70.4,1.1
2023-10-03 08:00,10,8,Weekday,Fall,Yes,141.33,26.24,0.15,48.25,62.05,1.1
2023-10-03 09:00,10,9,Weekday,Fall,Yes,150.14,36.34,0.0,48.25,60.13,1.1
2023-10-03 10:00,10,10,Weekday,Fall,Yes,161.72,45.2,0.0,48.25,62.05,2.19
2023-10-03 11:00,10,11,Weekday,Fall,Yes,164.85,48.94,0.0,48.25,61.51,1.1
2023-10-03 12:00,10,12,Weekday,Fall,Yes,176.93,57.92,0.0,48.25,63.66,1.1
2023-10-03 13:00,10,13,Weekday,Fall,Yes,177.84,62.11,0.0,48.25,60.13,2.19
2023-10-03 14:00,10,14,Weekday,Fall,Yes,185.47,68.7,0.0,48.25,60.13,1.1
2023-10-03 15:00,10,15,Weekday,Fall,Yes,194.38,73.8,0.0,48.25,63.02,1.1
2023-10-03 16:00,10,16,Weekday,Fall,Yes,176.77,68.3,0.0,37.53,62.79,1.1
2023-10-03 17:00,10,17,Weekday,Fall,Yes,114.91,47.63,0.0,26.8,36.02,0.02
2023-10-03 18:00,10,18,Weekday,Fall,No,119.16,40.05,0.0,26.8,33.45,1.1
2023-10-03 19:00,10,19,Weekday,Fall,No,97.05,34.26,0.0,16.08,28.09,0.02
2023-10-03 20:00,10,20,Weekday,Fall,No,93.12,31.65,0.0,16.08,26.8,1.1
2023-10-03 21:00,10,21,Weekday,Fall,No,41.62,0.0,0.0,5.36,21.44,0.02
2023-10-03 22:00,10,22,Weekday,Fall,No,38.94,0.0,0.0,2.68,21.44,1.1
2023-10-03 23:00,10,23,Weekday,Fall,No,38.94,0.0,0.0,2.68,21.44,0.02
2023-10-04 00:00,10,0,Weekday,Fall,No,38.94,0.0,0.0,2.68,21.44,0.02
2023-10-04 01:00,10,1,Weekday,Fall,No,38.94,0.0,0.0,2.68,21.44,1.1
2023-10-04 02:00,10,2,Weekday,Fall,No,38.94,0.0,0.0,2.68,21.44,0.02
2023-10-04 03:00,10,3,Weekday,Fall,No,38.94,0.0,0.0,2.68,21.44,0.02
2023-10-04 04:00,10,4,Weekday,Fall,No,41.62,0.0,0.0,5.36,21.44,1.1
2023-10-04 05:00,10,5,Weekday,Fall,No,62.15,10.58,5.98,5.36,21.44,0.02
2023-10-04 06:00,10,6,Weekday,Fall,No,74.87,11.05,6.35,16.08,32.68,1.1
2023-10-04 07:00,10,7,Weekday,Fall,No,139.32,14.8,1.5,48.25,70.4,1.1
2023-10-04 08:00,10,8,Weekday,Fall,Yes,140.32,25.09,0.25,48.25,62.05,1.1
2023-10-04 09:00,10,9,Weekday,Fall,Yes,153.13,39.26,0.0,48.25,60.13,1.1
2023-10-04 10:00,10,10,Weekday,Fall,Yes,165.83,49.18,0.0,48.25,62.05,1.1
2023-10-04 11:00,10,11,Weekday,Fall,Yes,172.2,56.06,0.0,48.25,61.51,2.19
2023-10-04 12:00,10,12,Weekday,Fall,Yes,185.41,66.15,0.0,48.25,63.66,1.1
2023-10-04 13:00,10,13,Weekday,Fall,Yes,185.15,69.17,0.0,48.25,60.13,1.1
2023-10-04 14:00,10,14,Weekday,Fall,Yes,193.59,76.46,0.0,48.25,60.13,1.1
2023-10-04 15:00,10,15,Weekday,Fall,Yes,201.81,80.86,0.0,48.25,63.02,1.1
2023-10-04 16:00,10,16,Weekday,Fall,Yes,183.95,75.22,0.0,37.53,62.79,1.1
2023-10-04 17:00,10,17,Weekday,Fall,Yes,120.09,52.69,0.0,26.8,36.02,1.1
2023-10-04 18:00,10,18,Weekday,Fall,No,122.78,43.63,0.0,26.8,33.45,1.1
2023-10-04 19:00,10,19,Weekday,Fall,No,98.06,35.26,0.0,16.08,28.09,0.02
2023-10-04 20:00,10,20,Weekday,Fall,No,93.03,31.54,0.03,16.08,26.8,1.1
2023-10-04 21:00,10,21,Weekday,Fall,No,41.62,0.0,0.0,5.36,21.44,0.02
2023-10-04 22:00,10,22,Weekday,Fall,No,38.94,0.0,0.0,2.68,21.44,0.02
2023-10-04 23:00,10,23,Weekday,Fall,No,38.94,0.0,0.0,2.68,21.44,1.1
2023-10-05 00:00,10,0,Weekday,Fall,No,38.94,0.0,0.0,2.68,21.44,0.02
2023-10-05 01:00,10,1,Weekday,Fall,No,38.94,0.0,0.0,2.68,21.44,0.02
2023-10-05 02:00,10,2,Weekday,Fall,No,38.94,0.0,0.0,2.68,21.44,1.1
2023-10-05 03:00,10,3,Weekday,Fall,No,38.94,0.0,0.0,2.68,21.44,0.02
2023-10-05 04:00,10,4,Weekday,Fall,No,41.62,0.0,0.0,5.36,21.44,0.02
2023-10-05 05:00,10,5,Weekday,Fall,No,59.8,5.6,8.62,5.36,21.44,1.1
2023-10-05 06:00,10,6,Weekday,Fall,No,72.84,6.18,9.19,16.08,32.68,1.1
2023-10-05 07:00,10,7,Weekday,Fall,No,135.17,9.84,2.34,48.25,70.4,1.1
2023-10-05 08:00,10,8,Weekday,Fall,Yes,134.22,18.63,0.69,48.25,62.05,1.1
2023-10-05 09:00,10,9,Weekday,Fall,Yes,147.84,34.13,0.0,48.25,60.13,1.1
2023-10-05 10:00,10,10,Weekday,Fall,Yes,163.34,46.88,0.0,48.25,62.05,1.1
2023-10-05 11:00,10,11,Weekday,Fall,Yes,168.17,52.27,0.0,48.25,61.51,2.19
2023-10-05 12:00,10,12,Weekday,Fall,Yes,178.74,59.83,0.0,48.25,63.66,1.1
2023-10-05 13:00,10,13,Weekday,Fall,Yes,176.82,61.91,0.0,48.25,60.13,1.1
2023-10-05 14:00,10,14,Weekday,Fall,Yes,177.64,62.7,0.0,48.25,60.13,1.1
2023-10-05 15:00,10,15,Weekday,Fall,Yes,188.88,69.6,0.0,48.25,63.02,1.1
2023-10-05 16:00,10,16,Weekday,Fall,Yes,173.05,65.37,0.0,37.53,62.79,1.1
2023-10-05 17:00,10,17,Weekday,Fall,Yes,109.89,42.84,0.0,26.8,36.02,1.1
2023-10-05 18:00,10,18,Weekday,Fall,No,115.94,36.94,0.0,26.8,33.45,0.02
2023-10-05 19:00,10,19,Weekday,Fall,No,95.37,32.61,0.0,16.08,28.09,1.1
2023-10-05 20:00,10,20,Weekday,Fall,No,90.08,28.37,0.25,16.08,26.8,1.1
2023-10-05 21:00,10,21,Weekday,Fall,No,41.62,0.0,0.0,5.36,21.44,0.02
2023-10-05 22:00,10,22,Weekday,Fall,No,38.94,0.0,0.0,2.68,21.44,0.02
2023-10-05 23:00,10,23,Weekday,Fall,No,38.94,0.0,0.0,2.68,21.44,1.1
2023-10-06 00:00,10,0,Weekday,Fall,No,38.94,0.0,0.0,2.68,21.44,0.02
2023-10-06 01:00,10,1,Weekday,Fall,No,38.94,0.0,0.0,2.68,21.44,0.02
2023-10-06 02:00,10,2,Weekday,Fall,No,38.94,0.0,0.0,2.68,21.44,1.1
2023-10-06 03:00,10,3,Weekday,Fall,No,38.94,0.0,0.0,2.68,21.44,0.02
2023-10-06 04:00,10,4,Weekday,Fall,No,41.62,0.0,0.0,5.36,21.44,0.02
2023-10-06 05:00,10,5,Weekday,Fall,No,61.54,6.14,9.84,5.36,21.44,1.1
2023-10-06 06:00,10,6,Weekday,Fall,No,74.19,6.17,10.55,16.08,32.68,0.02
2023-10-06 07:00,10,7,Weekday,Fall,No,136.29,10.62,2.72,48.25,70.4,1.1
2023-10-06 08:00,10,8,Weekday,Fall,Yes,135.73,20.02,0.92,48.25,62.05,2.19
2023-10-06 09:00,10,9,Weekday,Fall,Yes,147.82,34.32,0.01,48.25,60.13,1.1
2023-10-06 10:00,10,10,Weekday,Fall,Yes,161.14,44.98,0.0,48.25,62.05,1.1
2023-10-06 11:00,10,11,Weekday,Fall,Yes,165.17,49.54,0.0,48.25,61.51,1.1
2023-10-06 12:00,10,12,Weekday,Fall,Yes,175.71,57.06,0.0,48.25,63.66,2.19
2023-10-06 13:00,10,13,Weekday,Fall,Yes,175.16,59.83,0.0,48.25,60.13,1.1
2023-10-06 14:00,10,14,Weekday,Fall,Yes,182.13,65.95,0.0,48.25,60.13,1.1
2023-10-06 15:00,10,15,Weekday,Fall,Yes,189.37,69.49,0.0,48.25,63.02,1.1
2023-10-06 16:00,10,16,Weekday,Fall,Yes,171.89,63.98,0.0,37.53,62.79,1.1
2023-10-06 17:00,10,17,Weekday,Fall,Yes,114.33,44.78,0.0,26.8,36.02,1.1
2023-10-06 18:00,10,18,Weekday,Fall,No,117.55,38.53,0.0,26.8,33.45,0.02
2023-10-06 19:00,10,19,Weekday,Fall,No,96.26,33.5,0.0,16.08,28.09,1.1
2023-10-06 20:00,10,20,Weekday,Fall,No,91.97,30.37,0.14,16.08,26.8,1.1
2023-10-06 21:00,10,21,Weekday,Fall,No,41.62,0.0,0.0,5.36,21.44,0.02
2023-10-06 22:00,10,22,Weekday,Fall,No,38.94,0.0,0.0,2.68,21.44,0.02
2023-10-06 23:00,10,23,Weekday,Fall,No,38.94,0.0,0.0,2.68,21.44,1.1
2023-10-07 00:00,10,0,Weekend,Fall,No,33.58,0.0,0.0,2.68,16.08,0.02
2023-10-07 01:00,10,1,Weekend,Fall,No,33.58,0.0,0.0,2.68,16.08,0.02
2023-10-07 02:00,10,2,Weekend,Fall,No,33.58,0.0,0.0,2.68,16.08,1.1
2023-10-07 03:00,10,3,Weekend,Fall,No,33.58,0.0,0.0,2.68,16.08,0.02
2023-10-07 04:00,10,4,Weekend,Fall,No,33.58,0.0,0.0,2.68,16.08,0.02
2023-10-07 05:00,10,5,Weekend,Fall,No,62.64,6.86,10.25,5.36,21.44,1.1
2023-10-07 06:00,10,6,Weekend,Fall,No,59.68,7.34,11.69,5.36,26.58,0.02
2023-10-07 07:00,10,7,Weekend,Fall,No,78.89,12.19,4.83,26.8,31.3,1.1
2023-10-07 08:00,10,8,Weekend,Fall,No,88.67,21.3,3.14,26.8,33.55,0.02
2023-10-07 09:00,10,9,Weekend,Fall,No,95.81,30.95,1.29,26.8,32.58,1.1
2023-10-07 10:00,10,10,Weekend,Fall,No,105.6,39.32,0.09,26.8,34.83,1.1
2023-10-07 11:00,10,11,Weekend,Fall,No,109.38,44.26,0.0,26.8,33.55,1.1
2023-10-07 12:00,10,12,Weekend,Fall,No,111.45,48.68,0.0,26.8,30.98,0.02
2023-10-07 13:00,10,13,Weekend,Fall,No,84.27,50.02,0.0,8.04,21.33,1.1
2023-10-07 14:00,10,14,Weekend,Fall,No,84.86,51.91,0.0,8.04,20.05,0.02
2023-10-07 15:00,10,15,Weekend,Fall,No,87.55,54.14,0.0,8.04,20.37,1.1
2023-10-07 16:00,10,16,Weekend,Fall,No,75.99,50.59,0.0,2.68,18.01,0.02
2023-10-07 17:00,10,17,Weekend,Fall,No,51.07,27.03,0.0,2.68,16.08,1.1
2023-10-07 18:00,10,18,Weekend,Fall,No,46.26,11.49,0.0,2.68,16.08,0.02
2023-10-07 19:00,10,19,Weekend,Fall,No,33.58,0.0,0.0,2.68,16.08,1.1
2023-10-07 20:00,10,20,Weekend,Fall,No,33.58,0.0,0.0,2.68,16.08,0.02
2023-10-07 21:00,10,21,Weekend,Fall,No,33.58,0.0,0.0,2.68,16.08,0.02
2023-10-07 22:00,10,22,Weekend,Fall,No,33.58,0.0,0.0,2.68,16.08,1.1
2023-10-07 23:00,10,23,Weekend,Fall,No,33.58,0.0,0.0,2.68,16.08,0.02
2023-10-08 00:00,10,0,Weekend,Fall,No,33.58,0.0,0.0,2.68,16.08,0.02
2023-10-08 01:00,10,1,Weekend,Fall,No,33.58,0.0,0.0,2.68,16.08,1.1
2023-10-08 02:00,10,2,Weekend,Fall,No,33.58,0.0,0.0,2.68,16.08,0.02
2023-10-08 03:00,10,3,Weekend,Fall,No,33.58,0.0,0.0,2.68,16.08,0.02
2023-10-08 04:00,10,4,Weekend,Fall,No,33.58,0.0,0.0,2.68,16.08,1.1
2023-10-08 05:00,10,5,Weekend,Fall,No,33.58,0.0,0.0,2.68,16.08,0.02
2023-10-08 06:00,10,6,Weekend,Fall,No,23.71,0.0,0.0,2.68,16.08,0.02
2023-10-08 07:00,10,7,Weekend,Fall,No,22.61,2.92,0.0,2.68,16.08,1.1
2023-10-08 08:00,10,8,Weekend,Fall,No,33.99,12.66,0.0,2.68,16.08,0.02
2023-10-08 09:00,10,9,Weekend,Fall,No,43.13,21.41,0.0,2.68,16.08,0.02
2023-10-08 10:00,10,10,Weekend,Fall,No,44.39,22.87,0.0,2.68,16.08,1.1
2023-10-08 11:00,10,11,Weekend,Fall,No,51.48,29.52,0.0,2.68,16.08,0.02
2023-10-08 12:00,10,12,Weekend,Fall,No,51.24,29.44,0.0,2.68,16.08,1.1
2023-10-08 13:00,10,13,Weekend,Fall,No,56.22,34.07,0.0,2.68,16.08,0.02
2023-10-08 14:00,10,14,Weekend,Fall,No,52.7,30.91,0.0,2.68,16.08,0.02
2023-10-08 15:00,10,15,Weekend,Fall,No,56.37,34.34,0.0,2.68,16.08,1.1
2023-10-08 16:00,10,16,Weekend,Fall,No,52.39,30.74,0.0,2.68,16.08,0.02
2023-10-08 17:00,10,17,Weekend,Fall,No,56.22,31.98,0.0,2.68,16.08,0.02
2023-10-08 18:00,10,18,Weekend,Fall,No,53.81,18.4,0.0,2.68,16.08,1.1
2023-10-08 19:00,10,19,Weekend,Fall,No,41.31,7.05,0.0,2.68,16.08,0.02
2023-10-08 20:00,10,20,Weekend,Fall,No,40.52,6.27,0.0,2.68,16.08,0.02
2023-10-08 21:00,10,21,Weekend,Fall,No,33.58,0.0,0.0,2.68,16.08,1.1
2023-10-08 22:00,10,22,Weekend,Fall,No,33.58,0.0,0.0,2.68,16.08,0.02
2023-10-08 23:00,10,23,Weekend,Fall,No,33.58,0.0,0.0,2.68,16.08,0.02
2023-10-09 00:00,10,0,Weekday,Fall,No,33.58,0.0,0.0,2.68,16.08,1.1
2023-10-09 01:00,10,1,Weekday,Fall,No,33.58,0.0,0.0,2.68,16.08,0.02
2023-10-09 02:00,10,2,Weekday,Fall,No,33.58,0.0,0.0,2.68,16.08,0.02
2023-10-09 03:00,10,3,Weekday,Fall,No,33.58,0.0,0.0,2.68,16.08,1.1
2023-10-09 04:00,10,4,Weekday,Fall,No,33.58,0.0,0.0,2.68,16.08,0.02
2023-10-09 05:00,10,5,Weekday,Fall,No,33.58,0.0,0.0,2.68,16.08,0.02
2023-10-09 06:00,10,6,Weekday,Fall,No,23.71,0.0,0.0,2.68,16.08,1.1
2023-10-09 07:00,10,7,Weekday,Fall,No,34.73,13.79,0.0,2.68,16.08,0.02
2023-10-09 08:00,10,8,Weekday,Fall,Yes,43.35,21.62,0.0,2.68,16.08,0.02
2023-10-09 09:00,10,9,Weekday,Fall,Yes,42.69,21.21,0.0,2.68,16.08,1.1
2023-10-09 10:00,10,10,Weekday,Fall,Yes,46.52,24.76,0.0,2.68,16.08,0.02
2023-10-09 11:00,10,11,Weekday,Fall,Yes,46.81,25.14,0.0,2.68,16.08,0.02
2023-10-09 12:00,10,12,Weekday,Fall,Yes,52.07,30.0,0.0,2.68,16.08,1.1
2023-10-09 13:00,10,13,Weekday,Fall,Yes,50.99,29.14,0.0,2.68,16.08,0.02
2023-10-09 14:00,10,14,Weekday,Fall,Yes,53.87,31.79,0.0,2.68,16.08,0.02
2023-10-09 15:00,10,15,Weekday,Fall,Yes,50.99,29.23,0.0,2.68,16.08,1.1
2023-10-09 16:00,10,16,Weekday,Fall,Yes,53.42,31.53,0.0,2.68,16.08,0.02
2023-10-09 17:00,10,17,Weekday,Fall,Yes,50.83,26.86,0.0,2.68,16.08,0.02
2023-10-09 18:00,10,18,Weekday,Fall,No,49.86,14.8,0.0,2.68,16.08,1.1
2023-10-09 19:00,10,19,Weekday,Fall,No,39.68,5.54,0.0,2.68,16.08,0.02
2023-10-09 20:00,10,20,Weekday,Fall,No,33.58,0.0,0.0,2.68,16.08,0.02
2023-10-09 21:00,10,21,Weekday,Fall,No,33.58,0.0,0.0,2.68,16.08,1.1
2023-10-09 22:00,10,22,Weekday,Fall,No,33.58,0.0,0.0,2.68,16.08,0.02
2023-10-09 23:00,10,23,Weekday,Fall,No,33.58,0.0,0.0,2.68,16.08,0.02
2023-10-10 00:00,10,0,Weekday,Fall,No,38.94,0.0,0.0,2.68,21.44,1.1
2023-10-10 01:00,10,1,Weekday,Fall,No,38.94,0.0,0.0,2.68,21.44,0.02
2023-10-10 02:00,10,2,Weekday,Fall,No,38.94,0.0,0.0,2.68,21.44,0.02
2023-10-10 03:00,10,3,Weekday,Fall,No,38.94,0.0,0.0,2.68,21.44,1.1
2023-10-10 04:00,10,4,Weekday,Fall,No,41.62,0.0,0.0,5.36,21.44,0.02
2023-10-10 05:00,10,5,Weekday,Fall,No,64.79,16.27,2.93,5.36,21.44,1.1
2023-10-10 06:00,10,6,Weekday,Fall,No,76.34,14.33,4.55,16.08,32.68,0.02
2023-10-10 07:00,10,7,Weekday,Fall,No,140.44,17.04,0.53,48.25,70.4,1.1
2023-10-10 08:00,10,8,Weekday,Fall,Yes,143.7,28.69,0.02,48.25,62.05,1.1
2023-10-10 09:00,10,9,Weekday,Fall,Yes,157.23,43.27,0.0,48.25,60.13,2.19
2023-10-10 10:00,10,10,Weekday,Fall,Yes,168.6,51.95,0.0,48.25,62.05,1.1
2023-10-10 11:00,10,11,Weekday,Fall,Yes,171.78,55.77,0.0,48.25,61.51,2.19
2023-10-10 12:00,10,12,Weekday,Fall,Yes,181.33,62.28,0.0,48.25,63.66,1.1
2023-10-10 13:00,10,13,Weekday,Fall,Yes,179.88,64.22,0.0,48.25,60.13,1.1
2023-10-10 14:00,10,14,Weekday,Fall,Yes,184.61,68.19,0.0,48.25,60.13,1.1
2023-10-10 15:00,10,15,Weekday,Fall,Yes,187.42,67.72,0.0,48.25,63.02,1.1
2023-10-10 16:00,10,16,Weekday,Fall,Yes,168.89,61.14,0.0,37.53,62.79,1.1
2023-10-10 17:00,10,17,Weekday,Fall,Yes,113.22,43.43,0.0,26.8,36.02,1.1
2023-10-10 18:00,10,18,Weekday,Fall,No,115.17,36.14,0.0,26.8,33.45,1.1
2023-10-10 19:00,10,19,Weekday,Fall,No,93.95,31.2,0.0,16.08,28.09,0.02
2023-10-10 20:00,10,20,Weekday,Fall,No,88.27,26.64,0.17,16.08,26.8,1.1
2023-10-10 21:00,10,21,Weekday,Fall,No,41.62,0.0,0.0,5.36,21.44,0.02
2023-10-10 22:00,10,22,Weekday,Fall,No,38.94,0.0,0.0,2.68,21.44,0.02
2023-10-10 23:00,10,23,Weekday,Fall,No,38.94,0.0,0.0,2.68,21.44,1.1
2023-10-11 00:00,10,0,Weekday,Fall,No,38.94,0.0,0.0,2.68,21.44,0.02
2023-10-11 01:00,10,1,Weekday,Fall,No,38.94,0.0,0.0,2.68,21.44,0.02
2023-10-11 02:00,10,2,Weekday,Fall,No,38.94,0.0,0.0,2.68,21.44,1.1
2023-10-11 03:00,10,3,Weekday,Fall,No,38.94,0.0,0.0,2.68,21.44,0.02
2023-10-11 04:00,10,4,Weekday,Fall,No,41.62,0.0,0.0,5.36,21.44,1.1
2023-10-11 05:00,10,5,Weekday,Fall,No,61.7,7.5,8.64,5.36,21.44,0.02
2023-10-11 06:00,10,6,Weekday,Fall,No,73.24,5.42,10.35,16.08,32.68,1.1
2023-10-11 07:00,10,7,Weekday,Fall,No,137.12,11.59,2.57,48.25,70.4,1.1
2023-10-11 08:00,10,8,Weekday,Fall,Yes,140.4,24.92,0.6,48.25,62.05,1.1
2023-10-11 09:00,10,9,Weekday,Fall,Yes,149.71,36.14,0.0,48.25,60.13,1.1
2023-10-11 10:00,10,10,Weekday,Fall,Yes,157.94,41.84,0.0,48.25,62.05,1.1
2023-10-11 11:00,10,11,Weekday,Fall,Yes,160.09,44.52,0.0,48.25,61.51,2.19
2023-10-11 12:00,10,12,Weekday,Fall,Yes,169.41,50.88,0.0,48.25,63.66,1.1
2023-10-11 13:00,10,13,Weekday,Fall,Yes,167.91,52.85,0.0,48.25,60.13,2.19
2023-10-11 14:00,10,14,Weekday,Fall,Yes,172.85,57.16,0.0,48.25,60.13,1.1
2023-10-11 15:00,10,15,Weekday,Fall,Yes,178.51,59.39,0.0,48.25,63.02,1.1
2023-10-11 16:00,10,16,Weekday,Fall,Yes,163.12,55.71,0.0,37.53,62.79,1.1
2023-10-11 17:00,10,17,Weekday,Fall,Yes,109.35,39.73,0.0,26.8,36.02,1.1
2023-10-11 18:00,10,18,Weekday,Fall,No,111.57,32.62,0.0,26.8,33.45,0.02
2023-10-11 19:00,10,19,Weekday,Fall,No,90.2,27.44,0.01,16.08,28.09,1.1
2023-10-11 20:00,10,20,Weekday,Fall,No,86.08,24.0,0.63,16.08,26.8,0.02
2023-10-11 21:00,10,21,Weekday,Fall,No,41.62,0.0,0.0,5.36,21.44,1.1
2023-10-11 22:00,10,22,Weekday,Fall,No,38.94,0.0,0.0,2.68,21.44,0.02
2023-10-11 23:00,10,23,Weekday,Fall,No,38.94,0.0,0.0,2.68,21.44,0.02
2023-10-12 00:00,10,0,Weekday,Fall,No,38.94,0.0,0.0,2.68,21.44,1.1
2023-10-12 01:00,10,1,Weekday,Fall,No,38.94,0.0,0.0,2.68,21.44,0.02
2023-10-12 02:00,10,2,Weekday,Fall,No,38.94,0.0,0.0,2.68,21.44,0.02
2023-10-12 03:00,10,3,Weekday,Fall,No,38.94,0.0,0.0,2.68,21.44,1.1
2023-10-12 04:00,10,4,Weekday,Fall,No,41.62,0.0,0.0,5.36,21.44,0.02
2023-10-12 05:00,10,5,Weekday,Fall,No,63.68,8.15,10.0,5.36,21.44,0.02
2023-10-12 06:00,10,6,Weekday,Fall,No,76.86,8.62,10.77,16.08,32.68,1.1
2023-10-12 07:00,10,7,Weekday,Fall,No,139.09,13.54,2.61,48.25,70.4,1.1
2023-10-12 08:00,10,8,Weekday,Fall,Yes,140.5,24.89,0.75,48.25,62.05,1.1
2023-10-12 09:00,10,9,Weekday,Fall,Yes,147.77,34.27,0.0,48.25,60.13,2.19
2023-10-12 10:00,10,10,Weekday,Fall,Yes,156.97,40.95,0.0,48.25,62.05,1.1
2023-10-12 11:00,10,11,Weekday,Fall,Yes,159.88,44.3,0.0,48.25,61.51,1.1
2023-10-12 12:00,10,12,Weekday,Fall,Yes,167.54,49.24,0.0,48.25,63.66,2.19
2023-10-12 13:00,10,13,Weekday,Fall,Yes,159.82,45.98,0.0,48.25,60.13,1.1
2023-10-12 14:00,10,14,Weekday,Fall,Yes,169.33,54.19,0.0,48.25,60.13,1.1
2023-10-12 15:00,10,15,Weekday,Fall,Yes,179.87,60.63,0.0,48.25,63.02,1.1
2023-10-12 16:00,10,16,Weekday,Fall,Yes,165.73,58.07,0.0,37.53,62.79,1.1
2023-10-12 17:00,10,17,Weekday,Fall,Yes,112.42,42.72,0.0,26.8,36.02,1.1
2023-10-12 18:00,10,18,Weekday,Fall,No,114.42,35.48,0.0,26.8,33.45,1.1
2023-10-12 19:00,10,19,Weekday,Fall,No,93.65,30.91,0.0,16.08,28.09,0.02
2023-10-12 20:00,10,20,Weekday,Fall,No,89.46,27.92,0.08,16.08,26.8,1.1
2023-10-12 21:00,10,21,Weekday,Fall,No,41.62,0.0,0.0,5.36,21.44,0.02
2023-10-12 22:00,10,22,Weekday,Fall,No,38.94,0.0,0.0,2.68,21.44,0.02
2023-10-12 23:00,10,23,Weekday,Fall,No,38.94,0.0,0.0,2.68,21.44,1.1
2023-10-13 00:00,10,0,Weekday,Fall,No,38.94,0.0,0.0,2.68,21.44,0.02
2023-10-13 01:00,10,1,Weekday,Fall,No,38.94,0.0,0.0,2.68,21.44,1.1
2023-10-13 02:00,10,2,Weekday,Fall,No,38.94,0.0,0.0,2.68,21.44,0.02
2023-10-13 03:00,10,3,Weekday,Fall,No,38.94,0.0,0.0,2.68,21.44,0.02
2023-10-13 04:00,10,4,Weekday,Fall,No,41.62,0.0,0.0,5.36,21.44,1.1
2023-10-13 05:00,10,5,Weekday,Fall,No,61.98,7.73,8.69,5.36,21.44,0.02
2023-10-13 06:00,10,6,Weekday,Fall,No,74.3,6.85,9.98,16.08,32.68,1.1
2023-10-13 07:00,10,7,Weekday,Fall,No,135.84,10.23,2.67,48.25,70.4,1.1
2023-10-13 08:00,10,8,Weekday,Fall,Yes,133.71,18.0,0.9,48.25,62.05,1.1
2023-10-13 09:00,10,9,Weekday,Fall,Yes,141.39,27.8,0.02,48.25,60.13,1.1
2023-10-13 10:00,10,10,Weekday,Fall,Yes,152.9,36.71,0.0,48.25,62.05,1.1
2023-10-13 11:00,10,11,Weekday,Fall,Yes,156.48,40.83,0.0,48.25,61.51,2.19
2023-10-13 12:00,10,12,Weekday,Fall,Yes,166.12,47.54,0.0,48.25,63.66,2.19
2023-10-13 13:00,10,13,Weekday,Fall,Yes,166.44,51.27,0.0,48.25,60.13,1.1
2023-10-13 14:00,10,14,Weekday,Fall,Yes,171.5,55.6,0.0,48.25,60.13,1.1
2023-10-13 15:00,10,15,Weekday,Fall,Yes,179.32,59.82,0.0,48.25,63.02,1.1
2023-10-13 16:00,10,16,Weekday,Fall,Yes,163.2,55.64,0.0,37.53,62.79,1.1
2023-10-13 17:00,10,17,Weekday,Fall,Yes,108.56,38.92,0.0,26.8,36.02,1.1
2023-10-13 18:00,10,18,Weekday,Fall,No,112.22,33.24,0.0,26.8,33.45,0.02
2023-10-13 19:00,10,19,Weekday,Fall,No,92.12,29.37,0.0,16.08,28.09,1.1
2023-10-13 20:00,10,20,Weekday,Fall,No,89.38,27.73,0.2,16.08,26.8,0.02
2023-10-13 21:00,10,21,Weekday,Fall,No,41.62,0.0,0.0,5.36,21.44,1.1
2023-10-13 22:00,10,22,Weekday,Fall,No,38.94,0.0,0.0,2.68,21.44,0.02
2023-10-13 23:00,10,23,Weekday,Fall,No,38.94,0.0,0.0,2.68,21.44,1.1
2023-10-14 00:00,10,0,Weekend,Fall,No,33.58,0.0,0.0,2.68,16.08,0.02
2023-10-14 01:00,10,1,Weekend,Fall,No,33.58,0.0,0.0,2.68,16.08,0.02
2023-10-14 02:00,10,2,Weekend,Fall,No,33.58,0.0,0.0,2.68,16.08,1.1
2023-10-14 03:00,10,3,Weekend,Fall,No,33.58,0.0,0.0,2.68,16.08,0.02
2023-10-14 04:00,10,4,Weekend,Fall,No,33.58,0.0,0.0,2.68,16.08,0.02
2023-10-14 05:00,10,5,Weekend,Fall,No,65.63,14.54,5.56,5.36,21.44,1.1
2023-10-14 06:00,10,6,Weekend,Fall,No,61.79,14.01,7.13,5.36,26.58,0.02
2023-10-14 07:00,10,7,Weekend,Fall,No,81.33,15.7,3.76,26.8,31.3,1.1
2023-10-14 08:00,10,8,Weekend,Fall,No,86.5,19.63,2.69,26.8,33.55,1.1
2023-10-14 09:00,10,9,Weekend,Fall,No,89.13,24.32,1.39,26.8,32.58,0.02
2023-10-14 10:00,10,10,Weekend,Fall,No,95.42,29.13,0.4,26.8,34.83,1.1
2023-10-14 11:00,10,11,Weekend,Fall,No,99.52,34.62,0.0,26.8,33.55,1.1
2023-10-14 12:00,10,12,Weekend,Fall,No,102.14,39.59,0.0,26.8,30.98,1.1
2023-10-14 13:00,10,13,Weekend,Fall,No,75.39,41.31,0.0,8.04,21.33,0.02
2023-10-14 14:00,10,14,Weekend,Fall,No,75.76,43.0,0.0,8.04,20.05,1.1
2023-10-14 15:00,10,15,Weekend,Fall,No,78.22,45.03,0.0,8.04,20.37,0.02
2023-10-14 16:00,10,16,Weekend,Fall,No,68.53,43.39,0.0,2.68,18.01,1.1
2023-10-14 17:00,10,17,Weekend,Fall,No,47.55,23.7,0.0,2.68,16.08,0.02
2023-10-14 18:00,10,18,Weekend,Fall,No,39.66,5.46,0.0,2.68,16.08,0.02
2023-10-14 19:00,10,19,Weekend,Fall,No,33.58,0.0,0.0,2.68,16.08,1.1
2023-10-14 20:00,10,20,Weekend,Fall,No,33.58,0.0,0.0,2.68,16.08,0.02
2023-10-14 21:00,10,21,Weekend,Fall,No,33.58,0.0,0.0,2.68,16.08,1.1
2023-10-14 22:00,10,22,Weekend,Fall,No,33.58,0.0,0.0,2.68,16.08,0.02
2023-10-14 23:00,10,23,Weekend,Fall,No,33.58,0.0,0.0,2.68,16.08,0.02
2023-10-15 00:00,10,0,Weekend,Fall,No,33.58,0.0,0.0,2.68,16.08,1.1
2023-10-15 01:00,10,1,Weekend,Fall,No,33.58,0.0,0.0,2.68,16.08,0.02
2023-10-15 02:00,10,2,Weekend,Fall,No,33.58,0.0,0.0,2.68,16.08,0.02
2023-10-15 03:00,10,3,Weekend,Fall,No,33.58,0.0,0.0,2.68,16.08,1.1
2023-10-15 04:00,10,4,Weekend,Fall,No,33.58,0.0,0.0,2.68,16.08,0.02
2023-10-15 05:00,10,5,Weekend,Fall,No,33.58,0.0,0.0,2.68,16.08,0.02
2023-10-15 06:00,10,6,Weekend,Fall,No,26.17,0.0,0.0,2.68,16.08,1.1
2023-10-15 07:00,10,7,Weekend,Fall,No,18.77,0.0,0.0,2.68,16.08,0.02
2023-10-15 08:00,10,8,Weekend,Fall,No,32.76,11.51,0.0,2.68,16.08,0.02
2023-10-15 09:00,10,9,Weekend,Fall,No,41.58,19.89,0.0,2.68,16.08,1.1
2023-10-15 10:00,10,10,Weekend,Fall,No,43.39,21.84,0.0,2.68,16.08,0.02
2023-10-15 11:00,10,11,Weekend,Fall,No,47.63,25.8,0.0,2.68,16.08,0.02
2023-10-15 12:00,10,12,Weekend,Fall,No,48.26,26.47,0.0,2.68,16.08,1.1
2023-10-15 13:00,10,13,Weekend,Fall,No,51.28,29.33,0.0,2.68,16.08,0.02
2023-10-15 14:00,10,14,Weekend,Fall,No,51.31,29.54,0.0,2.68,16.08,1.1
2023-10-15 15:00,10,15,Weekend,Fall,No,53.4,31.51,0.0,2.68,16.08,0.02
2023-10-15 16:00,10,16,Weekend,Fall,No,49.82,28.2,0.0,2.68,16.08,0.02
2023-10-15 17:00,10,17,Weekend,Fall,No,54.37,27.74,0.0,2.68,16.08,1.1
2023-10-15 18:00,10,18,Weekend,Fall,No,40.84,6.58,0.0,2.68,16.08,0.02
2023-10-15 19:00,10,19,Weekend,Fall,No,33.58,0.0,0.0,2.68,16.08,0.02
2023-10-15 20:00,10,20,Weekend,Fall,No,33.58,0.0,0.0,2.68,16.08,1.1
2023-10-15 21:00,10,21,Weekend,Fall,No,33.58,0.0,0.0,2.68,16.08,0.02
2023-10-15 22:00,10,22,Weekend,Fall,No,33.58,0.0,0.0,2.68,16.08,0.02
2023-10-15 23:00,10,23,Weekend,Fall,No,33.58,0.0,0.0,2.68,16.08,1.1
2023-10-16 00:00,10,0,Weekday,Fall,No,38.94,0.0,0.0,2.68,21.44,0.02
2023-10-16 01:00,10,1,Weekday,Fall,No,38.94,0.0,0.0,2.68,21.44,0.02
2023-10-16 02:00,10,2,Weekday,Fall,No,38.94,0.0,0.0,2.68,21.44,1.1
2023-10-16 03:00,10,3,Weekday,Fall,No,38.94,0.0,0.0,2.68,21.44,0.02
2023-10-16 04:00,10,4,Weekday,Fall,No,41.62,0.0,0.0,5.36,21.44,1.1
2023-10-16 05:00,10,5,Weekday,Fall,No,64.85,11.34,8.01,5.36,21.44,0.02
2023-10-16 06:00,10,6,Weekday,Fall,No,80.31,10.67,9.7,16.08,32.68,1.1
2023-10-16 07:00,10,7,Weekday,Fall,No,141.74,17.27,1.71,48.25,70.4,1.1
2023-10-16 08:00,10,8,Weekday,Fall,Yes,140.48,25.55,0.24,48.25,62.05,1.1
2023-10-16 09:00,10,9,Weekday,Fall,Yes,149.4,35.81,0.0,48.25,60.13,1.1
2023-10-16 10:00,10,10,Weekday,Fall,Yes,159.18,43.01,0.0,48.25,62.05,1.1
2023-10-16 11:00,10,11,Weekday,Fall,Yes,160.13,44.89,0.0,48.25,61.51,2.19
2023-10-16 12:00,10,12,Weekday,Fall,Yes,169.75,51.55,0.0,48.25,63.66,2.19
2023-10-16 13:00,10,13,Weekday,Fall,Yes,168.92,54.15,0.0,48.25,60.13,1.1
2023-10-16 14:00,10,14,Weekday,Fall,Yes,174.9,59.79,0.0,48.25,60.13,1.1
2023-10-16 15:00,10,15,Weekday,Fall,Yes,179.86,61.6,0.0,48.25,63.02,1.1
2023-10-16 16:00,10,16,Weekday,Fall,Yes,160.4,53.97,0.0,37.53,62.79,1.1
2023-10-16 17:00,10,17,Weekday,Fall,Yes,110.34,38.53,0.0,26.8,36.02,1.1
2023-10-16 18:00,10,18,Weekday,Fall,No,113.23,34.32,0.0,26.8,33.45,1.1
2023-10-16 19:00,10,19,Weekday,Fall,No,94.54,31.79,0.0,16.08,28.09,0.02
2023-10-16 20:00,10,20,Weekday,Fall,No,91.46,29.86,0.15,16.08,26.8,1.1
2023-10-16 21:00,10,21,Weekday,Fall,No,41.62,0.0,0.0,5.36,21.44,0.02
2023-10-16 22:00,10,22,Weekday,Fall,No,38.94,0.0,0.0,2.68,21.44,0.02
2023-10-16 23:00,10,23,Weekday,Fall,No,38.94,0.0,0.0,2.68,21.44,1.1
2023-10-17 00:00,10,0,Weekday,Fall,No,38.94,0.0,0.0,2.68,21.44,0.02
2023-10-17 01:00,10,1,Weekday,Fall,No,38.94,0.0,0.0,2.68,21.44,0.02
2023-10-17 02:00,10,2,Weekday,Fall,No,38.94,0.0,0.0,2.68,21.44,1.1
2023-10-17 03:00,10,3,Weekday,Fall,No,38.94,0.0,0.0,2.68,21.44,0.02
2023-10-17 04:00,10,4,Weekday,Fall,No,41.62,0.0,0.0,5.36,21.44,1.1
2023-10-17 05:00,10,5,Weekday,Fall,No,74.31,27.03,1.63,5.36,21.44,0.02
2023-10-17 06:00,10,6,Weekday,Fall,No,88.35,25.5,2.91,16.08,32.68,1.1
2023-10-17 07:00,10,7,Weekday,Fall,No,150.73,27.63,0.13,48.25,70.4,1.1
2023-10-17 08:00,10,8,Weekday,Fall,Yes,143.93,29.26,0.0,48.25,62.05,1.1
2023-10-17 09:00,10,9,Weekday,Fall,Yes,146.07,32.94,0.0,48.25,60.13,1.1
2023-10-17 10:00,10,10,Weekday,Fall,Yes,152.08,36.49,0.0,48.25,62.05,2.19
2023-10-17 11:00,10,11,Weekday,Fall,Yes,153.47,38.3,0.0,48.25,61.51,1.1
2023-10-17 12:00,10,12,Weekday,Fall,Yes,161.07,42.96,0.0,48.25,63.66,2.19
2023-10-17 13:00,10,13,Weekday,Fall,Yes,158.43,43.84,0.0,48.25,60.13,1.1
2023-10-17 14:00,10,14,Weekday,Fall,Yes,161.42,46.2,0.0,48.25,60.13,1.1
2023-10-17 15:00,10,15,Weekday,Fall,Yes,164.03,45.55,0.0,48.25,63.02,1.1
2023-10-17 16:00,10,16,Weekday,Fall,Yes,146.74,40.03,0.0,37.53,62.79,1.1
2023-10-17 17:00,10,17,Weekday,Fall,Yes,98.47,26.68,0.0,26.8,36.02,1.1
2023-10-17 18:00,10,18,Weekday,Fall,No,102.61,23.73,0.0,26.8,33.45,1.1
2023-10-17 19:00,10,19,Weekday,Fall,No,84.68,21.52,0.42,16.08,28.09,0.02
2023-10-17 20:00,10,20,Weekday,Fall,No,83.35,20.05,1.84,16.08,26.8,1.1
2023-10-17 21:00,10,21,Weekday,Fall,No,41.62,0.0,0.0,5.36,21.44,0.02
2023-10-17 22:00,10,22,Weekday,Fall,No,38.94,0.0,0.0,2.68,21.44,0.02
2023-10-17 23:00,10,23,Weekday,Fall,No,38.94,0.0,0.0,2.68,21.44,1.1
2023-10-18 00:00,10,0,Weekday,Fall,No,38.94,0.0,0.0,2.68,21.44,0.02
2023-10-18 01:00,10,1,Weekday,Fall,No,38.94,0.0,0.0,2.68,21.44,0.02
2023-10-18 02:00,10,2,Weekday,Fall,No,38.94,0.0,0.0,2.68,21.44,1.1
2023-10-18 03:00,10,3,Weekday,Fall,No,38.94,0.0,0.0,2.68,21.44,0.02
2023-10-18 04:00,10,4,Weekday,Fall,No,41.62,0.0,0.0,5.36,21.44,1.1
2023-10-18 05:00,10,5,Weekday,Fall,No,63.55,2.95,15.1,5.36,21.44,0.02
2023-10-18 06:00,10,6,Weekday,Fall,No,81.75,3.87,17.94,16.08,32.68,1.1
2023-10-18 07:00,10,7,Weekday,Fall,No,136.52,6.79,6.9,48.25,70.4,1.1
2023-10-18 08:00,10,8,Weekday,Fall,Yes,129.04,11.59,3.12,48.25,62.05,1.1
2023-10-18 09:00,10,9,Weekday,Fall,Yes,129.77,15.55,1.84,48.25,60.13,1.1
2023-10-18 10:00,10,10,Weekday,Fall,Yes,133.51,18.59,0.52,48.25,62.05,2.19
2023-10-18 11:00,10,11,Weekday,Fall,Yes,135.06,20.78,0.37,48.25,61.51,1.1
2023-10-18 12:00,10,12,Weekday,Fall,Yes,138.8,22.64,0.0,48.25,63.66,2.19
2023-10-18 13:00,10,13,Weekday,Fall,Yes,136.15,23.6,0.0,48.25,60.13,1.1
2023-10-18 14:00,10,14,Weekday,Fall,Yes,137.29,24.72,0.0,48.25,60.13,1.1
2023-10-18 15:00,10,15,Weekday,Fall,Yes,141.7,26.11,0.0,48.25,63.02,1.1
2023-10-18 16:00,10,16,Weekday,Fall,Yes,130.69,26.0,0.0,37.53,62.79,1.1
2023-10-18 17:00,10,17,Weekday,Fall,Yes,94.91,23.29,0.1,26.8,36.02,1.1
2023-10-18 18:00,10,18,Weekday,Fall,No,102.53,21.6,2.1,26.8,33.45,1.1
2023-10-18 19:00,10,19,Weekday,Fall,No,87.71,18.48,6.48,16.08,28.09,0.02
2023-10-18 20:00,10,20,Weekday,Fall,No,86.28,16.19,8.62,16.08,26.8,1.1
2023-10-18 21:00,10,21,Weekday,Fall,No,41.62,0.0,0.0,5.36,21.44,0.02
2023-10-18 22:00,10,22,Weekday,Fall,No,38.94,0.0,0.0,2.68,21.44,1.1
2023-10-18 23:00,10,23,Weekday,Fall,No,38.94,0.0,0.0,2.68,21.44,0.02
2023-10-19 00:00,10,0,Weekday,Fall,No,38.94,0.0,0.0,2.68,21.44,0.02
2023-10-19 01:00,10,1,Weekday,Fall,No,38.94,0.0,0.0,2.68,21.44,1.1
2023-10-19 02:00,10,2,Weekday,Fall,No,38.94,0.0,0.0,2.68,21.44,0.02
2023-10-19 03:00,10,3,Weekday,Fall,No,38.94,0.0,0.0,2.68,21.44,0.02
2023-10-19 04:00,10,4,Weekday,Fall,No,41.62,0.0,0.0,5.36,21.44,1.1
2023-10-19 05:00,10,5,Weekday,Fall,No,72.56,0.42,26.72,5.36,21.44,0.02
2023-10-19 06:00,10,6,Weekday,Fall,No,87.31,0.0,27.37,16.08,32.68,1.1
2023-10-19 07:00,10,7,Weekday,Fall,No,132.75,2.83,7.15,48.25,70.4,1.1
2023-10-19 08:00,10,8,Weekday,Fall,Yes,129.24,10.69,4.21,48.25,62.05,1.1
2023-10-19 09:00,10,9,Weekday,Fall,Yes,133.82,18.81,2.25,48.25,60.13,1.1
2023-10-19 10:00,10,10,Weekday,Fall,Yes,140.29,24.45,0.76,48.25,62.05,2.19
2023-10-19 11:00,10,11,Weekday,Fall,Yes,143.29,27.93,0.49,48.25,61.51,2.19
2023-10-19 12:00,10,12,Weekday,Fall,Yes,148.25,30.81,0.0,48.25,63.66,1.1
2023-10-19 13:00,10,13,Weekday,Fall,Yes,148.31,34.45,0.0,48.25,60.13,1.1
2023-10-19 14:00,10,14,Weekday,Fall,Yes,155.39,41.27,0.0,48.25,60.13,1.1
2023-10-19 15:00,10,15,Weekday,Fall,Yes,161.65,44.46,0.0,48.25,63.02,2.19
2023-10-19 16:00,10,16,Weekday,Fall,Yes,148.05,42.18,0.0,37.53,62.79,1.1
2023-10-19 17:00,10,17,Weekday,Fall,Yes,101.82,30.23,0.0,26.8,36.02,0.02
2023-10-19 18:00,10,18,Weekday,Fall,No,104.95,26.12,0.0,26.8,33.45,1.1
2023-10-19 19:00,10,19,Weekday,Fall,No,86.33,22.85,0.74,16.08,28.09,1.1
2023-10-19 20:00,10,20,Weekday,Fall,No,83.18,18.01,3.71,16.08,26.8,0.02
2023-10-19 21:00,10,21,Weekday,Fall,No,41.62,0.0,0.0,5.36,21.44,1.1
2023-10-19 22:00,10,22,Weekday,Fall,No,38.94,0.0,0.0,2.68,21.44,0.02
2023-10-19 23:00,10,23,Weekday,Fall,No,38.94,0.0,0.0,2.68,21.44,0.02
2023-10-20 00:00,10,0,Weekday,Fall,No,38.94,0.0,0.0,2.68,21.44,1.1
2023-10-20 01:00,10,1,Weekday,Fall,No,38.94,0.0,0.0,2.68,21.44,0.02
2023-10-20 02:00,10,2,Weekday,Fall,No,38.94,0.0,0.0,2.68,21.44,0.02
2023-10-20 03:00,10,3,Weekday,Fall,No,38.94,0.0,0.0,2.68,21.44,1.1
2023-10-20 04:00,10,4,Weekday,Fall,No,41.62,0.0,0.0,5.36,21.44,0.02
2023-10-20 05:00,10,5,Weekday,Fall,No,69.5,8.31,15.73,5.36,21.44,1.1
2023-10-20 06:00,10,6,Weekday,Fall,No,86.72,10.66,16.12,16.08,32.68,0.02
2023-10-20 07:00,10,7,Weekday,Fall,No,141.21,14.65,3.75,48.25,70.4,1.1
2023-10-20 08:00,10,8,Weekday,Fall,Yes,135.62,19.15,1.92,48.25,62.05,2.19
2023-10-20 09:00,10,9,Weekday,Fall,Yes,138.46,24.76,0.52,48.25,60.13,1.1
2023-10-20 10:00,10,10,Weekday,Fall,Yes,148.71,33.01,0.03,48.25,62.05,1.1
2023-10-20 11:00,10,11,Weekday,Fall,Yes,154.18,38.9,0.0,48.25,61.51,2.19
2023-10-20 12:00,10,12,Weekday,Fall,Yes,160.95,43.09,0.0,48.25,63.66,2.19
2023-10-20 13:00,10,13,Weekday,Fall,Yes,158.4,44.26,0.0,48.25,60.13,1.1
2023-10-20 14:00,10,14,Weekday,Fall,Yes,157.78,43.97,0.0,48.25,60.13,1.1
2023-10-20 15:00,10,15,Weekday,Fall,Yes,160.2,43.39,0.0,48.25,63.02,1.1
2023-10-20 16:00,10,16,Weekday,Fall,Yes,143.22,37.98,0.0,37.53,62.79,1.1
2023-10-20 17:00,10,17,Weekday,Fall,Yes,103.2,31.67,0.0,26.8,36.02,1.1
2023-10-20 18:00,10,18,Weekday,Fall,No,109.11,30.29,0.0,26.8,33.45,0.02
2023-10-20 19:00,10,19,Weekday,Fall,No,91.61,28.54,0.33,16.08,28.09,1.1
2023-10-20 20:00,10,20,Weekday,Fall,No,90.93,27.99,1.48,16.08,26.8,1.1
2023-10-20 21:00,10,21,Weekday,Fall,No,41.62,0.0,0.0,5.36,21.44,0.02
2023-10-20 22:00,10,22,Weekday,Fall,No,38.94,0.0,0.0,2.68,21.44,0.02
2023-10-20 23:00,10,23,Weekday,Fall,No,38.94,0.0,0.0,2.68,21.44,1.1
2023-10-21 00:00,10,0,Weekend,Fall,No,33.58,0.0,0.0,2.68,16.08,0.02
2023-10-21 01:00,10,1,Weekend,Fall,No,33.58,0.0,0.0,2.68,16.08,0.02
2023-10-21 02:00,10,2,Weekend,Fall,No,33.58,0.0,0.0,2.68,16.08,1.1
2023-10-21 03:00,10,3,Weekend,Fall,No,33.58,0.0,0.0,2.68,16.08,0.02
2023-10-21 04:00,10,4,Weekend,Fall,No,33.58,0.0,0.0,2.68,16.08,1.1
2023-10-21 05:00,10,5,Weekend,Fall,No,69.38,19.06,4.81,5.36,21.44,0.02
2023-10-21 06:00,10,6,Weekend,Fall,No,69.97,19.17,7.69,5.36,26.58,0.02
2023-10-21 07:00,10,7,Weekend,Fall,No,88.4,20.24,6.29,26.8,31.3,1.1
2023-10-21 08:00,10,8,Weekend,Fall,No,91.94,22.76,5.06,26.8,33.55,1.1
2023-10-21 09:00,10,9,Weekend,Fall,No,90.1,23.97,2.98,26.8,32.58,1.1
2023-10-21 10:00,10,10,Weekend,Fall,No,92.41,26.14,0.76,26.8,34.83,0.02
2023-10-21 11:00,10,11,Weekend,Fall,No,96.73,31.91,0.1,26.8,33.55,1.1
2023-10-21 12:00,10,12,Weekend,Fall,No,97.19,34.9,0.0,26.8,30.98,1.1
2023-10-21 13:00,10,13,Weekend,Fall,No,65.77,32.15,0.0,8.04,21.33,1.1
2023-10-21 14:00,10,14,Weekend,Fall,No,59.48,27.58,0.0,8.04,20.05,0.02
2023-10-21 15:00,10,15,Weekend,Fall,No,59.63,25.25,2.2,8.04,20.37,1.1
2023-10-21 16:00,10,16,Weekend,Fall,No,52.53,21.19,6.87,2.68,18.01,0.02
2023-10-21 17:00,10,17,Weekend,Fall,No,23.71,0.0,0.0,2.68,16.08,1.1
2023-10-21 18:00,10,18,Weekend,Fall,No,33.58,0.0,0.0,2.68,16.08,0.02
2023-10-21 19:00,10,19,Weekend,Fall,No,33.58,0.0,0.0,2.68,16.08,0.02
2023-10-21 20:00,10,20,Weekend,Fall,No,33.58,0.0,0.0,2.68,16.08,1.1
2023-10-21 21:00,10,21,Weekend,Fall,No,33.58,0.0,0.0,2.68,16.08,0.02
2023-10-21 22:00,10,22,Weekend,Fall,No,33.58,0.0,0.0,2.68,16.08,1.1
2023-10-21 23:00,10,23,Weekend,Fall,No,33.58,0.0,0.0,2.68,16.08,0.02
2023-10-22 00:00,10,0,Weekend,Fall,No,33.58,0.0,0.0,2.68,16.08,0.02
2023-10-22 01:00,10,1,Weekend,Fall,No,33.58,0.0,0.0,2.68,16.08,1.1
2023-10-22 02:00,10,2,Weekend,Fall,No,33.58,0.0,0.0,2.68,16.08,0.02
2023-10-22 03:00,10,3,Weekend,Fall,No,33.58,0.0,0.0,2.68,16.08,0.02
2023-10-22 04:00,10,4,Weekend,Fall,No,33.58,0.0,0.0,2.68,16.08,1.1
2023-10-22 05:00,10,5,Weekend,Fall,No,33.58,0.0,0.0,2.68,16.08,0.02
2023-10-22 06:00,10,6,Weekend,Fall,No,26.17,0.0,0.0,2.68,16.08,0.02
2023-10-22 07:00,10,7,Weekend,Fall,No,18.77,0.0,0.0,2.68,16.08,1.1
2023-10-22 08:00,10,8,Weekend,Fall,No,18.77,0.0,0.0,2.68,16.08,0.02
2023-10-22 09:00,10,9,Weekend,Fall,No,20.63,1.22,0.0,2.68,16.08,0.02
2023-10-22 10:00,10,10,Weekend,Fall,No,23.44,3.54,0.0,2.68,16.08,1.1
2023-10-22 11:00,10,11,Weekend,Fall,No,30.53,9.23,0.0,2.68,16.08,0.02
2023-10-22 12:00,10,12,Weekend,Fall,No,33.49,11.8,0.0,2.68,16.08,1.1
2023-10-22 13:00,10,13,Weekend,Fall,No,33.72,12.18,0.0,2.68,16.08,0.02
2023-10-22 14:00,10,14,Weekend,Fall,No,35.58,13.89,0.0,2.68,16.08,0.02
2023-10-22 15:00,10,15,Weekend,Fall,No,33.66,12.38,0.0,2.68,16.08,1.1
2023-10-22 16:00,10,16,Weekend,Fall,No,33.6,12.22,0.0,2.68,16.08,0.02
2023-10-22 17:00,10,17,Weekend,Fall,No,23.71,0.0,0.0,2.68,16.08,0.02
2023-10-22 18:00,10,18,Weekend,Fall,No,33.58,0.0,0.0,2.68,16.08,1.1
2023-10-22 19:00,10,19,Weekend,Fall,No,33.58,0.0,0.0,2.68,16.08,0.02
2023-10-22 20:00,10,20,Weekend,Fall,No,33.58,0.0,0.0,2.68,16.08,0.02
2023-10-22 21:00,10,21,Weekend,Fall,No,33.58,0.0,0.0,2.68,16.08,1.1
2023-10-22 22:00,10,22,Weekend,Fall,No,33.58,0.0,0.0,2.68,16.08,0.02
2023-10-22 23:00,10,23,Weekend,Fall,No,33.58,0.0,0.0,2.68,16.08,0.02
2023-10-23 00:00,10,0,Weekday,Fall,No,38.94,0.0,0.0,2.68,21.44,1.1
2023-10-23 01:00,10,1,Weekday,Fall,No,38.94,0.0,0.0,2.68,21.44,0.02
2023-10-23 02:00,10,2,Weekday,Fall,No,38.94,0.0,0.0,2.68,21.44,0.02
2023-10-23 03:00,10,3,Weekday,Fall,No,38.94,0.0,0.0,2.68,21.44,1.1
2023-10-23 04:00,10,4,Weekday,Fall,No,41.62,0.0,0.0,5.36,21.44,0.02
2023-10-23 05:00,10,5,Weekday,Fall,No,98.51,0.0,53.14,5.36,21.44,1.1
2023-10-23 06:00,10,6,Weekday,Fall,No,106.97,0.0,47.03,16.08,32.68,0.02
2023-10-23 07:00,10,7,Weekday,Fall,No,139.53,0.0,16.92,48.25,70.4,1.1
2023-10-23 08:00,10,8,Weekday,Fall,Yes,126.48,2.57,9.76,48.25,62.05,2.19
2023-10-23 09:00,10,9,Weekday,Fall,Yes,129.69,11.14,6.24,48.25,60.13,1.1
2023-10-23 10:00,10,10,Weekday,Fall,Yes,138.87,20.62,3.51,48.25,62.05,1.1
2023-10-23 11:00,10,11,Weekday,Fall,Yes,143.24,25.93,2.72,48.25,61.51,2.19
2023-10-23 12:00,10,12,Weekday,Fall,Yes,146.6,28.83,0.63,48.25,63.66,2.19
2023-10-23 13:00,10,13,Weekday,Fall,Yes,144.45,30.89,0.0,48.25,60.13,1.1
2023-10-23 14:00,10,14,Weekday,Fall,Yes,145.62,32.06,0.0,48.25,60.13,1.1
2023-10-23 15:00,10,15,Weekday,Fall,Yes,150.82,34.01,0.0,48.25,63.02,1.1
2023-10-23 16:00,10,16,Weekday,Fall,Yes,138.12,32.58,0.0,37.53,62.79,1.1
2023-10-23 17:00,10,17,Weekday,Fall,Yes,99.25,25.18,0.05,26.8,36.02,1.1
2023-10-23 18:00,10,18,Weekday,Fall,No,101.76,22.04,0.89,26.8,33.45,1.1
2023-10-23 19:00,10,19,Weekday,Fall,No,86.71,18.82,5.14,16.08,28.09,1.1
2023-10-23 20:00,10,20,Weekday,Fall,No,85.42,15.11,8.84,16.08,26.8,0.02
2023-10-23 21:00,10,21,Weekday,Fall,No,41.62,0.0,0.0,5.36,21.44,0.02
2023-10-23 22:00,10,22,Weekday,Fall,No,38.94,0.0,0.0,2.68,21.44,1.1
2023-10-23 23:00,10,23,Weekday,Fall,No,38.94,0.0,0.0,2.68,21.44,0.02
2023-10-24 00:00,10,0,Weekday,Fall,No,38.94,0.0,0.0,2.68,21.44,0.02
2023-10-24 01:00,10,1,Weekday,Fall,No,38.94,0.0,0.0,2.68,21.44,1.1
2023-10-24 02:00,10,2,Weekday,Fall,No,38.94,0.0,0.0,2.68,21.44,0.02
2023-10-24 03:00,10,3,Weekday,Fall,No,38.94,0.0,0.0,2.68,21.44,1.1
2023-10-24 04:00,10,4,Weekday,Fall,No,41.62,0.0,0.0,5.36,21.44,0.02
2023-10-24 05:00,10,5,Weekday,Fall,No,78.87,0.43,33.06,5.36,21.44,0.02
2023-10-24 06:00,10,6,Weekday,Fall,No,91.82,0.0,31.88,16.08,32.68,1.1
2023-10-24 07:00,10,7,Weekday,Fall,No,136.19,4.86,8.6,48.25,70.4,1.1
2023-10-24 08:00,10,8,Weekday,Fall,Yes,129.97,11.59,4.15,48.25,62.05,1.1
2023-10-24 09:00,10,9,Weekday,Fall,Yes,131.81,17.43,1.96,48.25,60.13,2.19
2023-10-24 10:00,10,10,Weekday,Fall,Yes,139.19,23.73,0.63,48.25,62.05,1.1
2023-10-24 11:00,10,11,Weekday,Fall,Yes,145.0,29.62,0.48,48.25,61.51,2.19
2023-10-24 12:00,10,12,Weekday,Fall,Yes,151.08,33.68,0.0,48.25,63.66,2.19
2023-10-24 13:00,10,13,Weekday,Fall,Yes,148.23,34.46,0.0,48.25,60.13,1.1
2023-10-24 14:00,10,14,Weekday,Fall,Yes,150.03,36.11,0.0,48.25,60.13,1.1
2023-10-24 15:00,10,15,Weekday,Fall,Yes,154.44,37.16,0.0,48.25,63.02,1.1
2023-10-24 16:00,10,16,Weekday,Fall,Yes,141.69,35.71,0.0,37.53,62.79,1.1
2023-10-24 17:00,10,17,Weekday,Fall,Yes,102.0,27.93,0.0,26.8,36.02,1.1
2023-10-24 18:00,10,18,Weekday,Fall,No,104.03,25.12,0.08,26.8,33.45,1.1
2023-10-24 19:00,10,19,Weekday,Fall,No,87.85,23.29,1.81,16.08,28.09,0.02
2023-10-24 20:00,10,20,Weekday,Fall,No,87.66,21.87,4.33,16.08,26.8,1.1
2023-10-24 21:00,10,21,Weekday,Fall,No,41.62,0.0,0.0,5.36,21.44,0.02
2023-10-24 22:00,10,22,Weekday,Fall,No,38.94,0.0,0.0,2.68,21.44,1.1
2023-10-24 23:00,10,23,Weekday,Fall,No,38.94,0.0,0.0,2.68,21.44,0.02
2023-10-25 00:00,10,0,Weekday,Fall,No,38.94,0.0,0.0,2.68,21.44,0.02
2023-10-25 01:00,10,1,Weekday,Fall,No,38.94,0.0,0.0,2.68,21.44,1.1
2023-10-25 02:00,10,2,Weekday,Fall,No,38.94,0.0,0.0,2.68,21.44,0.02
2023-10-25 03:00,10,3,Weekday,Fall,No,38.94,0.0,0.0,2.68,21.44,0.02
2023-10-25 04:00,10,4,Weekday,Fall,No,41.62,0.0,0.0,5.36,21.44,1.1
2023-10-25 05:00,10,5,Weekday,Fall,No,70.09,10.22,14.44,5.36,21.44,0.02
2023-10-25 06:00,10,6,Weekday,Fall,No,86.75,9.91,16.9,16.08,32.68,1.1
2023-10-25 07:00,10,7,Weekday,Fall,No,139.41,12.58,4.04,48.25,70.4,1.1
2023-10-25 08:00,10,8,Weekday,Fall,Yes,136.01,19.58,2.1,48.25,62.05,1.1
2023-10-25 09:00,10,9,Weekday,Fall,Yes,141.67,28.31,0.57,48.25,60.13,2.19
2023-10-25 10:00,10,10,Weekday,Fall,Yes,148.66,33.41,0.02,48.25,62.05,1.1
2023-10-25 11:00,10,11,Weekday,Fall,Yes,149.64,35.03,0.0,48.25,61.51,2.19
2023-10-25 12:00,10,12,Weekday,Fall,Yes,152.72,36.22,0.0,48.25,63.66,1.1
2023-10-25 13:00,10,13,Weekday,Fall,Yes,153.94,40.24,0.0,48.25,60.13,2.19
2023-10-25 14:00,10,14,Weekday,Fall,Yes,157.66,43.6,0.0,48.25,60.13,1.1
2023-10-25 15:00,10,15,Weekday,Fall,Yes,165.02,47.47,0.0,48.25,63.02,1.1
2023-10-25 16:00,10,16,Weekday,Fall,Yes,148.61,42.61,0.0,37.53,62.79,1.1
2023-10-25 17:00,10,17,Weekday,Fall,Yes,105.04,30.99,0.0,26.8,36.02,1.1
2023-10-25 18:00,10,18,Weekday,Fall,No,107.43,28.6,0.0,26.8,33.45,1.1
2023-10-25 19:00,10,19,Weekday,Fall,No,90.72,27.3,0.67,16.08,28.09,0.02
2023-10-25 20:00,10,20,Weekday,Fall,No,90.23,26.06,2.71,16.08,26.8,1.1
2023-10-25 21:00,10,21,Weekday,Fall,No,41.62,0.0,0.0,5.36,21.44,0.02
2023-10-25 22:00,10,22,Weekday,Fall,No,38.94,0.0,0.0,2.68,21.44,0.02
2023-10-25 23:00,10,23,Weekday,Fall,No,38.94,0.0,0.0,2.68,21.44,1.1
2023-10-26 00:00,10,0,Weekday,Fall,No,38.94,0.0,0.0,2.68,21.44,0.02
2023-10-26 01:00,10,1,Weekday,Fall,No,38.94,0.0,0.0,2.68,21.44,1.1
2023-10-26 02:00,10,2,Weekday,Fall,No,38.94,0.0,0.0,2.68,21.44,0.02
2023-10-26 03:00,10,3,Weekday,Fall,No,38.94,0.0,0.0,2.68,21.44,0.02
2023-10-26 04:00,10,4,Weekday,Fall,No,41.62,0.0,0.0,5.36,21.44,1.1
2023-10-26 05:00,10,5,Weekday,Fall,No,70.42,16.25,8.67,5.36,21.44,0.02
2023-10-26 06:00,10,6,Weekday,Fall,No,86.96,14.1,12.92,16.08,32.68,1.1
2023-10-26 07:00,10,7,Weekday,Fall,No,142.95,15.7,4.43,48.25,70.4,1.1
2023-10-26 08:00,10,8,Weekday,Fall,Yes,136.7,21.23,1.17,48.25,62.05,1.1
2023-10-26 09:00,10,9,Weekday,Fall,Yes,137.78,25.25,0.13,48.25,60.13,2.19
2023-10-26 10:00,10,10,Weekday,Fall,Yes,145.37,30.56,0.0,48.25,62.05,1.1
2023-10-26 11:00,10,11,Weekday,Fall,Yes,145.48,31.47,0.0,48.25,61.51,2.19
2023-10-26 12:00,10,12,Weekday,Fall,Yes,151.19,34.89,0.0,48.25,63.66,1.1
2023-10-26 13:00,10,13,Weekday,Fall,Yes,150.25,36.8,0.0,48.25,60.13,2.19
2023-10-26 14:00,10,14,Weekday,Fall,Yes,153.44,39.87,0.0,48.25,60.13,1.1
2023-10-26 15:00,10,15,Weekday,Fall,Yes,162.7,45.99,0.0,48.25,63.02,1.1
2023-10-26 16:00,10,16,Weekday,Fall,Yes,148.28,42.83,0.0,37.53,62.79,1.1
2023-10-26 17:00,10,17,Weekday,Fall,Yes,106.09,32.09,0.0,26.8,36.02,1.1
2023-10-26 18:00,10,18,Weekday,Fall,No,108.62,29.68,0.1,26.8,33.45,1.1
2023-10-26 19:00,10,19,Weekday,Fall,No,93.28,28.94,1.59,16.08,28.09,0.02
2023-10-26 20:00,10,20,Weekday,Fall,No,92.42,27.25,3.71,16.08,26.8,1.1
2023-10-26 21:00,10,21,Weekday,Fall,No,41.62,0.0,0.0,5.36,21.44,0.02
2023-10-26 22:00,10,22,Weekday,Fall,No,38.94,0.0,0.0,2.68,21.44,0.02
2023-10-26 23:00,10,23,Weekday,Fall,No,38.94,0.0,0.0,2.68,21.44,1.1
2023-10-27 00:00,10,0,Weekday,Fall,No,38.94,0.0,0.0,2.68,21.44,0.02
2023-10-27 01:00,10,1,Weekday,Fall,No,38.94,0.0,0.0,2.68,21.44,1.1
2023-10-27 02:00,10,2,Weekday,Fall,No,38.94,0.0,0.0,2.68,21.44,0.02
2023-10-27 03:00,10,3,Weekday,Fall,No,38.94,0.0,0.0,2.68,21.44,0.02
2023-10-27 04:00,10,4,Weekday,Fall,No,41.62,0.0,0.0,5.36,21.44,1.1
2023-10-27 05:00,10,5,Weekday,Fall,No,72.0,17.57,8.93,5.36,21.44,0.02
2023-10-27 06:00,10,6,Weekday,Fall,No,87.56,17.42,10.21,16.08,32.68,1.1
2023-10-27 07:00,10,7,Weekday,Fall,No,144.43,18.92,2.68,48.25,70.4,1.1
2023-10-27 08:00,10,8,Weekday,Fall,Yes,138.75,23.12,1.16,48.25,62.05,1.1
2023-10-27 09:00,10,9,Weekday,Fall,Yes,140.95,27.82,0.18,48.25,60.13,2.19
2023-10-27 10:00,10,10,Weekday,Fall,Yes,146.75,31.49,0.0,48.25,62.05,1.1
2023-10-27 11:00,10,11,Weekday,Fall,Yes,148.39,33.32,0.0,48.25,61.51,2.19
2023-10-27 12:00,10,12,Weekday,Fall,Yes,152.66,34.99,0.0,48.25,63.66,2.19
2023-10-27 13:00,10,13,Weekday,Fall,Yes,151.15,37.26,0.0,48.25,60.13,1.1
2023-10-27 14:00,10,14,Weekday,Fall,Yes,148.99,35.63,0.0,48.25,60.13,1.1
2023-10-27 15:00,10,15,Weekday,Fall,Yes,149.49,33.18,0.0,48.25,63.02,1.1
2023-10-27 16:00,10,16,Weekday,Fall,Yes,135.01,29.82,0.0,37.53,62.79,1.1
2023-10-27 17:00,10,17,Weekday,Fall,Yes,98.33,24.33,0.0,26.8,36.02,1.1
2023-10-27 18:00,10,18,Weekday,Fall,No,101.56,22.7,0.03,26.8,33.45,1.1
2023-10-27 19:00,10,19,Weekday,Fall,No,86.95,21.77,2.43,16.08,28.09,0.02
2023-10-27 20:00,10,20,Weekday,Fall,No,87.55,21.22,4.88,16.08,26.8,1.1
2023-10-27 21:00,10,21,Weekday,Fall,No,41.62,0.0,0.0,5.36,21.44,0.02
2023-10-27 22:00,10,22,Weekday,Fall,No,38.94,0.0,0.0,2.68,21.44,1.1
2023-10-27 23:00,10,23,Weekday,Fall,No,38.94,0.0,0.0,2.68,21.44,0.02
2023-10-28 00:00,10,0,Weekend,Fall,No,33.58,0.0,0.0,2.68,16.08,0.02
2023-10-28 01:00,10,1,Weekend,Fall,No,33.58,0.0,0.0,2.68,16.08,1.1
2023-10-28 02:00,10,2,Weekend,Fall,No,33.58,0.0,0.0,2.68,16.08,0.02
2023-10-28 03:00,10,3,Weekend,Fall,No,33.58,0.0,0.0,2.68,16.08,0.02
2023-10-28 04:00,10,4,Weekend,Fall,No,33.58,0.0,0.0,2.68,16.08,1.1
2023-10-28 05:00,10,5,Weekend,Fall,No,70.86,9.81,15.61,5.36,21.44,0.02
2023-10-28 06:00,10,6,Weekend,Fall,No,73.93,9.06,19.29,5.36,26.58,1.1
2023-10-28 07:00,10,7,Weekend,Fall,No,80.8,10.99,7.94,26.8,31.3,0.02
2023-10-28 08:00,10,8,Weekend,Fall,No,84.37,14.32,5.93,26.8,33.55,1.1
2023-10-28 09:00,10,9,Weekend,Fall,No,85.04,17.4,4.44,26.8,32.58,1.1
2023-10-28 10:00,10,10,Weekend,Fall,No,89.38,20.47,3.27,26.8,34.83,1.1
2023-10-28 11:00,10,11,Weekend,Fall,No,89.93,23.36,2.08,26.8,33.55,1.1
2023-10-28 12:00,10,12,Weekend,Fall,No,87.06,24.46,0.79,26.8,30.98,0.02
2023-10-28 13:00,10,13,Weekend,Fall,No,59.76,24.54,2.08,8.04,21.33,1.1
2023-10-28 14:00,10,14,Weekend,Fall,No,57.31,25.35,0.1,8.04,20.05,1.1
2023-10-28 15:00,10,15,Weekend,Fall,No,52.25,17.38,2.7,8.04,20.37,0.02
2023-10-28 16:00,10,16,Weekend,Fall,No,38.16,3.25,10.46,2.68,18.01,1.1
2023-10-28 17:00,10,17,Weekend,Fall,No,26.17,0.0,0.0,2.68,16.08,0.02
2023-10-28 18:00,10,18,Weekend,Fall,No,33.58,0.0,0.0,2.68,16.08,1.1
2023-10-28 19:00,10,19,Weekend,Fall,No,33.58,0.0,0.0,2.68,16.08,0.02
2023-10-28 20:00,10,20,Weekend,Fall,No,33.58,0.0,0.0,2.68,16.08,0.02
2023-10-28 21:00,10,21,Weekend,Fall,No,33.58,0.0,0.0,2.68,16.08,1.1
2023-10-28 22:00,10,22,Weekend,Fall,No,33.58,0.0,0.0,2.68,16.08,0.02
2023-10-28 23:00,10,23,Weekend,Fall,No,33.58,0.0,0.0,2.68,16.08,1.1
2023-10-29 00:00,10,0,Weekend,Fall,No,33.58,0.0,0.0,2.68,16.08,0.02
2023-10-29 01:00,10,1,Weekend,Fall,No,33.58,0.0,0.0,2.68,16.08,0.02
2023-10-29 02:00,10,2,Weekend,Fall,No,33.58,0.0,0.0,2.68,16.08,1.1
2023-10-29 03:00,10,3,Weekend,Fall,No,33.58,0.0,0.0,2.68,16.08,0.02
2023-10-29 04:00,10,4,Weekend,Fall,No,33.58,0.0,0.0,2.68,16.08,0.02
2023-10-29 05:00,10,5,Weekend,Fall,No,33.58,0.0,0.0,2.68,16.08,1.1
2023-10-29 06:00,10,6,Weekend,Fall,No,28.64,0.0,0.0,2.68,16.08,0.02
2023-10-29 07:00,10,7,Weekend,Fall,No,18.77,0.0,0.0,2.68,16.08,0.02
2023-10-29 08:00,10,8,Weekend,Fall,No,18.77,0.0,0.0,2.68,16.08,1.1
2023-10-29 09:00,10,9,Weekend,Fall,No,18.77,0.0,0.0,2.68,16.08,0.02
2023-10-29 10:00,10,10,Weekend,Fall,No,20.42,1.03,0.0,2.68,16.08,0.02
2023-10-29 11:00,10,11,Weekend,Fall,No,25.87,4.81,0.0,2.68,16.08,1.1
2023-10-29 12:00,10,12,Weekend,Fall,No,28.31,6.84,0.0,2.68,16.08,0.02
2023-10-29 13:00,10,13,Weekend,Fall,No,30.53,8.83,0.0,2.68,16.08,1.1
2023-10-29 14:00,10,14,Weekend,Fall,No,29.92,8.55,0.0,2.68,16.08,0.02
2023-10-29 15:00,10,15,Weekend,Fall,No,28.35,7.48,0.0,2.68,16.08,0.02
2023-10-29 16:00,10,16,Weekend,Fall,No,26.47,5.96,0.0,2.68,16.08,1.1
2023-10-29 17:00,10,17,Weekend,Fall,No,26.17,0.0,0.0,2.68,16.08,0.02
2023-10-29 18:00,10,18,Weekend,Fall,No,33.58,0.0,0.0,2.68,16.08,0.02
2023-10-29 19:00,10,19,Weekend,Fall,No,33.58,0.0,0.0,2.68,16.08,1.1
2023-10-29 20:00,10,20,Weekend,Fall,No,33.58,0.0,0.0,2.68,16.08,0.02
2023-10-29 21:00,10,21,Weekend,Fall,No,33.58,0.0,0.0,2.68,16.08,1.1
2023-10-29 22:00,10,22,Weekend,Fall,No,33.58,0.0,0.0,2.68,16.08,0.02
2023-10-29 23:00,10,23,Weekend,Fall,No,33.58,0.0,0.0,2.68,16.08,0.02
2023-10-30 00:00,10,0,Weekday,Fall,No,38.94,0.0,0.0,2.68,21.44,1.1
2023-10-30 01:00,10,1,Weekday,Fall,No,38.94,0.0,0.0,2.68,21.44,0.02
2023-10-30 02:00,10,2,Weekday,Fall,No,38.94,0.0,0.0,2.68,21.44,0.02
2023-10-30 03:00,10,3,Weekday,Fall,No,38.94,0.0,0.0,2.68,21.44,1.1
2023-10-30 04:00,10,4,Weekday,Fall,No,41.62,0.0,0.0,5.36,21.44,0.02
2023-10-30 05:00,10,5,Weekday,Fall,No,112.8,0.0,67.42,5.36,21.44,1.1
2023-10-30 06:00,10,6,Weekday,Fall,No,121.46,0.0,59.05,16.08,32.68,0.02
2023-10-30 07:00,10,7,Weekday,Fall,No,146.83,0.0,24.25,48.25,70.4,1.1
2023-10-30 08:00,10,8,Weekday,Fall,Yes,128.69,0.0,14.56,48.25,62.05,2.19
2023-10-30 09:00,10,9,Weekday,Fall,Yes,123.1,0.94,9.94,48.25,60.13,1.1
2023-10-30 10:00,10,10,Weekday,Fall,Yes,129.51,8.03,6.95,48.25,62.05,2.19
2023-10-30 11:00,10,11,Weekday,Fall,Yes,135.86,15.22,6.23,48.25,61.51,1.1
2023-10-30 12:00,10,12,Weekday,Fall,Yes,138.67,19.35,2.4,48.25,63.66,2.19
2023-10-30 13:00,10,13,Weekday,Fall,Yes,135.71,22.29,0.08,48.25,60.13,1.1
2023-10-30 14:00,10,14,Weekday,Fall,Yes,136.98,23.68,0.0,48.25,60.13,1.1
2023-10-30 15:00,10,15,Weekday,Fall,Yes,139.24,23.06,0.0,48.25,63.02,2.19
2023-10-30 16:00,10,16,Weekday,Fall,Yes,124.86,19.72,0.28,37.53,62.79,1.1
2023-10-30 17:00,10,17,Weekday,Fall,Yes,92.28,15.61,2.68,26.8,36.02,1.1
2023-10-30 18:00,10,18,Weekday,Fall,No,98.77,13.37,6.57,26.8,33.45,0.02
2023-10-30 19:00,10,19,Weekday,Fall,No,87.07,10.44,13.88,16.08,28.09,1.1
2023-10-30 20:00,10,20,Weekday,Fall,No,86.82,7.26,18.11,16.08,26.8,1.1
2023-10-30 21:00,10,21,Weekday,Fall,No,41.62,0.0,0.0,5.36,21.44,0.02
2023-10-30 22:00,10,22,Weekday,Fall,No,38.94,0.0,0.0,2.68,21.44,0.02
2023-10-30 23:00,10,23,Weekday,Fall,No,38.94,0.0,0.0,2.68,21.44,1.1
2023-10-31 00:00,10,0,Weekday,Fall,No,38.94,0.0,0.0,2.68,21.44,0.02
2023-10-31 01:00,10,1,Weekday,Fall,No,38.94,0.0,0.0,2.68,21.44,0.02
2023-10-31 02:00,10,2,Weekday,Fall,No,38.94,0.0,0.0,2.68,21.44,1.1
2023-10-31 03:00,10,3,Weekday,Fall,No,38.94,0.0,0.0,2.68,21.44,0.02
2023-10-31 04:00,10,4,Weekday,Fall,No,41.62,0.0,0.0,5.36,21.44,1.1
2023-10-31 05:00,10,5,Weekday,Fall,No,99.44,0.0,54.06,5.36,21.44,0.02
2023-10-31 06:00,10,6,Weekday,Fall,No,112.32,0.0,49.91,16.08,32.68,1.1
2023-10-31 07:00,10,7,Weekday,Fall,No,141.81,0.0,19.14,48.25,70.4,1.1
2023-10-31 08:00,10,8,Weekday,Fall,Yes,125.36,0.0,11.17,48.25,62.05,1.1
2023-10-31 09:00,10,9,Weekday,Fall,Yes,122.53,2.67,7.53,48.25,60.13,1.1
2023-10-31 10:00,10,10,Weekday,Fall,Yes,129.68,9.79,5.18,48.25,62.05,2.19
2023-10-31 11:00,10,11,Weekday,Fall,Yes,133.22,14.02,4.68,48.25,61.51,2.19
2023-10-31 12:00,10,12,Weekday,Fall,Yes,135.41,16.66,1.77,48.25,63.66,2.19
2023-10-31 13:00,10,13,Weekday,Fall,Yes,132.25,18.81,0.05,48.25,60.13,1.1
2023-10-31 14:00,10,14,Weekday,Fall,Yes,132.65,19.31,0.0,48.25,60.13,1.1
2023-10-31 15:00,10,15,Weekday,Fall,Yes,135.7,19.39,0.0,48.25,63.02,1.1
2023-10-31 16:00,10,16,Weekday,Fall,Yes,122.13,16.87,0.08,37.53,62.79,1.1
2023-10-31 17:00,10,17,Weekday,Fall,Yes,87.91,11.52,2.4,26.8,36.02,1.1
2023-10-31 18:00,10,18,Weekday,Fall,No,93.81,9.21,5.78,26.8,33.45,1.1
2023-10-31 19:00,10,19,Weekday,Fall,No,82.14,5.77,13.63,16.08,28.09,1.1
2023-10-31 20:00,10,20,Weekday,Fall,No,83.94,4.71,17.77,16.08,26.8,0.02
2023-10-31 21:00,10,21,Weekday,Fall,No,41.62,0.0,0.0,5.36,21.44,0.02
2023-10-31 22:00,10,22,Weekday,Fall,No,38.94,0.0,0.0,2.68,21.44,1.1
2023-10-31 23:00,10,23,Weekday,Fall,No,38.94,0.0,0.0,2.68,21.44,0.02
2023-11-01 00:00,11,0,Weekday,Fall,No,38.94,0.0,0.0,2.68,21.44,1.1
2023-11-01 01:00,11,1,Weekday,Fall,No,38.94,0.0,0.0,2.68,21.44,0.02
2023-11-01 02:00,11,2,Weekday,Fall,No,38.94,0.0,0.0,2.68,21.44,0.02
2023-11-01 03:00,11,3,Weekday,Fall,No,38.94,0.0,0.0,2.68,21.44,1.1
2023-11-01 04:00,11,4,Weekday,Fall,No,41.62,0.0,0.0,5.36,21.44,0.02
2023-11-01 05:00,11,5,Weekday,Fall,No,82.77,20.55,16.84,5.36,21.44,1.1
2023-11-01 06:00,11,6,Weekday,Fall,No,101.4,17.95,21.04,16.08,32.68,0.02
2023-11-01 07:00,11,7,Weekday,Fall,No,147.36,14.62,10.09,48.25,70.4,1.1
2023-11-01 08:00,11,8,Weekday,Fall,Yes,134.89,12.85,7.9,48.25,62.05,2.19
2023-11-01 09:00,11,9,Weekday,Fall,Yes,132.49,14.35,5.96,48.25,60.13,1.1
2023-11-01 10:00,11,10,Weekday,Fall,Yes,134.79,16.42,4.19,48.25,62.05,2.19
2023-11-01 11:00,11,11,Weekday,Fall,Yes,138.35,20.73,3.9,48.25,61.51,1.1
2023-11-01 12:00,11,12,Weekday,Fall,Yes,145.65,28.91,0.61,48.25,63.66,2.19
2023-11-01 13:00,11,13,Weekday,Fall,Yes,144.96,32.37,0.0,48.25,60.13,1.1
2023-11-01 14:00,11,14,Weekday,Fall,Yes,144.09,31.59,0.0,48.25,60.13,2.19
2023-11-01 15:00,11,15,Weekday,Fall,Yes,143.01,27.68,0.0,48.25,63.02,1.1
2023-11-01 16:00,11,16,Weekday,Fall,Yes,130.22,25.66,0.08,37.53,62.79,1.1
2023-11-01 17:00,11,17,Weekday,Fall,Yes,98.12,21.88,2.25,26.8,36.02,1.1
2023-11-01 18:00,11,18,Weekday,Fall,No,102.23,17.56,5.84,26.8,33.45,1.1
2023-11-01 19:00,11,19,Weekday,Fall,No,88.68,14.2,11.74,16.08,28.09,0.02
2023-11-01 20:00,11,20,Weekday,Fall,No,89.49,12.57,15.47,16.08,26.8,1.1
2023-11-01 21:00,11,21,Weekday,Fall,No,41.62,0.0,0.0,5.36,21.44,0.02
2023-11-01 22:00,11,22,Weekday,Fall,No,38.94,0.0,0.0,2.68,21.44,0.02
2023-11-01 23:00,11,23,Weekday,Fall,No,38.94,0.0,0.0,2.68,21.44,1.1
2023-11-02 00:00,11,0,Weekday,Fall,No,38.94,0.0,0.0,2.68,21.44,0.02
2023-11-02 01:00,11,1,Weekday,Fall,No,38.94,0.0,0.0,2.68,21.44,1.1
2023-11-02 02:00,11,2,Weekday,Fall,No,38.94,0.0,0.0,2.68,21.44,0.02
2023-11-02 03:00,11,3,Weekday,Fall,No,38.94,0.0,0.0,2.68,21.44,0.02
2023-11-02 04:00,11,4,Weekday,Fall,No,41.62,0.0,0.0,5.36,21.44,1.1
2023-11-02 05:00,11,5,Weekday,Fall,No,83.64,0.0,38.25,5.36,21.44,0.02
2023-11-02 06:00,11,6,Weekday,Fall,No,98.63,0.0,36.22,16.08,32.68,1.1
2023-11-02 07:00,11,7,Weekday,Fall,No,134.66,0.0,12.05,48.25,70.4,1.1
2023-11-02 08:00,11,8,Weekday,Fall,Yes,128.24,6.95,7.16,48.25,62.05,1.1
2023-11-02 09:00,11,9,Weekday,Fall,Yes,134.94,18.05,4.5,48.25,60.13,2.19
2023-11-02 10:00,11,10,Weekday,Fall,Yes,142.24,24.54,2.82,48.25,62.05,1.1
2023-11-02 11:00,11,11,Weekday,Fall,Yes,145.03,27.86,2.42,48.25,61.51,2.19
2023-11-02 12:00,11,12,Weekday,Fall,Yes,147.44,29.92,0.35,48.25,63.66,2.19
2023-11-02 13:00,11,13,Weekday,Fall,Yes,146.31,32.82,0.0,48.25,60.13,1.1
2023-11-02 14:00,11,14,Weekday,Fall,Yes,148.34,34.89,0.0,48.25,60.13,1.1
2023-11-02 15:00,11,15,Weekday,Fall,Yes,150.43,34.03,0.0,48.25,63.02,2.19
2023-11-02 16:00,11,16,Weekday,Fall,Yes,135.64,30.73,0.0,37.53,62.79,1.1
2023-11-02 17:00,11,17,Weekday,Fall,Yes,98.63,24.35,0.28,26.8,36.02,1.1
2023-11-02 18:00,11,18,Weekday,Fall,No,101.4,20.83,1.74,26.8,33.45,0.02
2023-11-02 19:00,11,19,Weekday,Fall,No,88.17,18.56,6.86,16.08,28.09,1.1
2023-11-02 20:00,11,20,Weekday,Fall,No,86.85,14.6,10.79,16.08,26.8,0.02
2023-11-02 21:00,11,21,Weekday,Fall,No,41.62,0.0,0.0,5.36,21.44,1.1
2023-11-02 22:00,11,22,Weekday,Fall,No,38.94,0.0,0.0,2.68,21.44,0.02
2023-11-02 23:00,11,23,Weekday,Fall,No,38.94,0.0,0.0,2.68,21.44,1.1
2023-11-03 00:00,11,0,Weekday,Fall,No,38.94,0.0,0.0,2.68,21.44,0.02
2023-11-03 01:00,11,1,Weekday,Fall,No,38.94,0.0,0.0,2.68,21.44,0.02
2023-11-03 02:00,11,2,Weekday,Fall,No,38.94,0.0,0.0,2.68,21.44,1.1
2023-11-03 03:00,11,3,Weekday,Fall,No,38.94,0.0,0.0,2.68,21.44,0.02
2023-11-03 04:00,11,4,Weekday,Fall,No,41.62,0.0,0.0,5.36,21.44,1.1
2023-11-03 05:00,11,5,Weekday,Fall,No,81.96,0.0,36.57,5.36,21.44,0.02
2023-11-03 06:00,11,6,Weekday,Fall,No,97.75,0.0,35.34,16.08,32.68,1.1
2023-11-03 07:00,11,7,Weekday,Fall,No,133.85,0.0,11.24,48.25,70.4,1.1
2023-11-03 08:00,11,8,Weekday,Fall,Yes,129.12,8.59,6.39,48.25,62.05,1.1
2023-11-03 09:00,11,9,Weekday,Fall,Yes,134.85,18.65,3.67,48.25,60.13,2.19
2023-11-03 10:00,11,10,Weekday,Fall,Yes,142.02,25.21,1.83,48.25,62.05,1.1
2023-11-03 11:00,11,11,Weekday,Fall,Yes,143.33,27.66,1.15,48.25,61.51,2.19
2023-11-03 12:00,11,12,Weekday,Fall,Yes,145.16,28.63,0.03,48.25,63.66,2.19
2023-11-03 13:00,11,13,Weekday,Fall,Yes,143.28,30.39,0.0,48.25,60.13,1.1
2023-11-03 14:00,11,14,Weekday,Fall,Yes,147.35,34.2,0.0,48.25,60.13,1.1
2023-11-03 15:00,11,15,Weekday,Fall,Yes,148.87,32.88,0.0,48.25,63.02,2.19
2023-11-03 16:00,11,16,Weekday,Fall,Yes,133.49,28.76,0.0,37.53,62.79,1.1
2023-11-03 17:00,11,17,Weekday,Fall,Yes,98.64,22.06,0.12,26.8,36.02,0.02
2023-11-03 18:00,11,18,Weekday,Fall,No,99.23,18.88,1.52,26.8,33.45,1.1
2023-11-03 19:00,11,19,Weekday,Fall,No,84.71,15.54,6.43,16.08,28.09,1.1
2023-11-03 20:00,11,20,Weekday,Fall,No,83.38,11.87,10.05,16.08,26.8,0.02
2023-11-03 21:00,11,21,Weekday,Fall,No,41.62,0.0,0.0,5.36,21.44,1.1
2023-11-03 22:00,11,22,Weekday,Fall,No,38.94,0.0,0.0,2.68,21.44,0.02
2023-11-03 23:00,11,23,Weekday,Fall,No,38.94,0.0,0.0,2.68,21.44,0.02
2023-11-04 00:00,11,0,Weekend,Fall,No,33.58,0.0,0.0,2.68,16.08,1.1
2023-11-04 01:00,11,1,Weekend,Fall,No,33.58,0.0,0.0,2.68,16.08,0.02
2023-11-04 02:00,11,2,Weekend,Fall,No,33.58,0.0,0.0,2.68,16.08,1.1
2023-11-04 03:00,11,3,Weekend,Fall,No,33.58,0.0,0.0,2.68,16.08,0.02
2023-11-04 04:00,11,4,Weekend,Fall,No,33.58,0.0,0.0,2.68,16.08,0.02
2023-11-04 05:00,11,5,Weekend,Fall,No,83.47,0.0,38.09,5.36,21.44,1.1
2023-11-04 06:00,11,6,Weekend,Fall,No,82.55,0.0,36.96,5.36,26.58,0.02
2023-11-04 07:00,11,7,Weekend,Fall,No,85.69,0.41,23.41,26.8,31.3,1.1
2023-11-04 08:00,11,8,Weekend,Fall,No,83.67,4.85,14.7,26.8,33.55,1.1
2023-11-04 09:00,11,9,Weekend,Fall,No,83.28,10.72,9.4,26.8,32.58,1.1
2023-11-04 10:00,11,10,Weekend,Fall,No,90.37,19.91,5.06,26.8,34.83,0.02
2023-11-04 11:00,11,11,Weekend,Fall,No,93.47,26.59,2.76,26.8,33.55,1.1
2023-11-04 12:00,11,12,Weekend,Fall,No,92.67,30.09,1.0,26.8,30.98,1.1
2023-11-04 13:00,11,13,Weekend,Fall,No,65.62,32.28,0.2,8.04,21.33,1.1
2023-11-04 14:00,11,14,Weekend,Fall,No,65.07,33.15,0.06,8.04,20.05,0.02
2023-11-04 15:00,11,15,Weekend,Fall,No,64.84,32.15,0.51,8.04,20.37,1.1
2023-11-04 16:00,11,16,Weekend,Fall,No,57.63,29.99,3.18,2.68,18.01,0.02
2023-11-04 17:00,11,17,Weekend,Fall,No,28.64,0.0,0.0,2.68,16.08,1.1
2023-11-04 18:00,11,18,Weekend,Fall,No,33.58,0.0,0.0,2.68,16.08,0.02
2023-11-04 19:00,11,19,Weekend,Fall,No,33.58,0.0,0.0,2.68,16.08,1.1
2023-11-04 20:00,11,20,Weekend,Fall,No,33.58,0.0,0.0,2.68,16.08,0.02
2023-11-04 21:00,11,21,Weekend,Fall,No,33.58,0.0,0.0,2.68,16.08,1.1
2023-11-04 22:00,11,22,Weekend,Fall,No,33.58,0.0,0.0,2.68,16.08,0.02
2023-11-04 23:00,11,23,Weekend,Fall,No,33.58,0.0,0.0,2.68,16.08,0.02
2023-11-05 00:00,11,0,Weekend,Fall,No,33.58,0.0,0.0,2.68,16.08,1.1
2023-11-05 01:00,11,1,Weekend,Fall,No,33.58,0.0,0.0,2.68,16.08,0.02
2023-11-05 02:00,11,2,Weekend,Fall,No,33.58,0.0,0.0,2.68,16.08,0.02
2023-11-05 03:00,11,3,Weekend,Fall,No,33.58,0.0,0.0,2.68,16.08,1.1
2023-11-05 04:00,11,4,Weekend,Fall,No,33.58,0.0,0.0,2.68,16.08,0.02
2023-11-05 05:00,11,5,Weekend,Fall,No,33.58,0.0,0.0,2.68,16.08,0.02
2023-11-05 06:00,11,6,Weekend,Fall,No,28.64,0.0,0.0,2.68,16.08,1.1
2023-11-05 07:00,11,7,Weekend,Fall,No,18.77,0.0,0.0,2.68,16.08,0.02
2023-11-05 08:00,11,8,Weekend,Fall,No,18.77,0.0,0.0,2.68,16.08,1.1
2023-11-05 09:00,11,9,Weekend,Fall,No,18.77,0.0,0.0,2.68,16.08,0.02
2023-11-05 10:00,11,10,Weekend,Fall,No,30.46,10.1,0.0,2.68,16.08,0.02
2023-11-05 11:00,11,11,Weekend,Fall,No,42.79,21.04,0.0,2.68,16.08,1.1
2023-11-05 12:00,11,12,Weekend,Fall,No,40.87,19.37,0.0,2.68,16.08,0.02
2023-11-05 13:00,11,13,Weekend,Fall,No,43.61,21.86,0.0,2.68,16.08,1.1
2023-11-05 14:00,11,14,Weekend,Fall,No,36.57,15.67,0.0,2.68,16.08,0.02
2023-11-05 15:00,11,15,Weekend,Fall,No,19.78,0.89,0.0,2.68,16.08,0.02
2023-11-05 16:00,11,16,Weekend,Fall,No,22.8,3.57,0.0,2.68,16.08,1.1
2023-11-05 17:00,11,17,Weekend,Fall,No,28.64,0.0,0.0,2.68,16.08,0.02
2023-11-05 18:00,11,18,Weekend,Fall,No,33.58,0.0,0.0,2.68,16.08,0.02
2023-11-05 19:00,11,19,Weekend,Fall,No,33.58,0.0,0.0,2.68,16.08,1.1
2023-11-05 20:00,11,20,Weekend,Fall,No,33.58,0.0,0.0,2.68,16.08,0.02
2023-11-05 21:00,11,21,Weekend,Fall,No,33.58,0.0,0.0,2.68,16.08,0.02
2023-11-05 22:00,11,22,Weekend,Fall,No,33.58,0.0,0.0,2.68,16.08,1.1
2023-11-05 23:00,11,23,Weekend,Fall,No,33.58,0.0,0.0,2.68,16.08,0.02
2023-11-06 00:00,11,0,Weekday,Fall,No,38.94,0.0,0.0,2.68,21.44,0.02
2023-11-06 01:00,11,1,Weekday,Fall,No,38.94,0.0,0.0,2.68,21.44,1.1
2023-11-06 02:00,11,2,Weekday,Fall,No,38.94,0.0,0.0,2.68,21.44,0.02
2023-11-06 03:00,11,3,Weekday,Fall,No,38.94,0.0,0.0,2.68,21.44,1.1
2023-11-06 04:00,11,4,Weekday,Fall,No,38.94,0.0,0.0,2.68,21.44,0.02
2023-11-06 05:00,11,5,Weekday,Fall,No,41.62,0.0,0.0,5.36,21.44,0.02
2023-11-06 06:00,11,6,Weekday,Fall,No,74.68,2.42,31.81,5.36,21.44,1.1
2023-11-06 07:00,11,7,Weekday,Fall,No,73.45,1.75,19.16,16.08,32.68,1.1
2023-11-06 08:00,11,8,Weekday,Fall,Yes,137.25,8.11,6.58,48.25,70.4,1.1
2023-11-06 09:00,11,9,Weekday,Fall,Yes,133.06,15.11,3.71,48.25,62.05,1.1
2023-11-06 10:00,11,10,Weekday,Fall,Yes,132.34,17.57,2.23,48.25,60.13,2.19
2023-11-06 11:00,11,11,Weekday,Fall,Yes,135.11,19.25,1.11,48.25,62.05,1.1
2023-11-06 12:00,11,12,Weekday,Fall,Yes,137.42,22.42,0.54,48.25,61.51,2.19
2023-11-06 13:00,11,13,Weekday,Fall,Yes,140.15,23.28,0.0,48.25,63.66,2.19
2023-11-06 14:00,11,14,Weekday,Fall,Yes,135.92,22.77,0.0,48.25,60.13,1.1
2023-11-06 15:00,11,15,Weekday,Fall,Yes,136.86,23.84,0.0,48.25,60.13,1.1
2023-11-06 16:00,11,16,Weekday,Fall,Yes,138.13,22.51,0.0,48.25,63.02,2.19
2023-11-06 17:00,11,17,Weekday,Fall,Yes,132.99,18.46,0.19,37.53,62.79,1.1
2023-11-06 18:00,11,18,Weekday,Fall,No,98.71,14.54,2.78,26.8,36.02,1.1
2023-11-06 19:00,11,19,Weekday,Fall,No,96.64,11.2,6.61,26.8,33.45,0.02
2023-11-06 20:00,11,20,Weekday,Fall,No,83.13,8.06,12.33,16.08,28.09,1.1
2023-11-06 21:00,11,21,Weekday,Fall,No,84.5,6.23,16.81,16.08,26.8,1.1
2023-11-06 22:00,11,22,Weekday,Fall,No,41.62,0.0,0.0,5.36,21.44,0.02
2023-11-06 23:00,11,23,Weekday,Fall,No,38.94,0.0,0.0,2.68,21.44,0.02
2023-11-07 00:00,11,0,Weekday,Fall,No,38.94,0.0,0.0,2.68,21.44,1.1
2023-11-07 01:00,11,1,Weekday,Fall,No,38.94,0.0,0.0,2.68,21.44,0.02
2023-11-07 02:00,11,2,Weekday,Fall,No,38.94,0.0,0.0,2.68,21.44,0.02
2023-11-07 03:00,11,3,Weekday,Fall,No,38.94,0.0,0.0,2.68,21.44,1.1
2023-11-07 04:00,11,4,Weekday,Fall,No,38.94,0.0,0.0,2.68,21.44,0.02
2023-11-07 05:00,11,5,Weekday,Fall,No,41.62,0.0,0.0,5.36,21.44,1.1
2023-11-07 06:00,11,6,Weekday,Fall,No,88.53,0.0,48.09,5.36,21.44,0.02
2023-11-07 07:00,11,7,Weekday,Fall,No,85.48,0.0,32.95,16.08,32.68,1.1
2023-11-07 08:00,11,8,Weekday,Fall,Yes,133.57,0.0,10.98,48.25,70.4,1.1
2023-11-07 09:00,11,9,Weekday,Fall,Yes,123.54,2.93,6.45,48.25,62.05,1.1
2023-11-07 10:00,11,10,Weekday,Fall,Yes,127.63,10.93,4.24,48.25,60.13,2.19
2023-11-07 11:00,11,11,Weekday,Fall,Yes,135.04,17.41,2.7,48.25,62.05,1.1
2023-11-07 12:00,11,12,Weekday,Fall,Yes,138.0,21.72,1.71,48.25,61.51,2.19
2023-11-07 13:00,11,13,Weekday,Fall,Yes,140.75,24.16,0.0,48.25,63.66,2.19
2023-11-07 14:00,11,14,Weekday,Fall,Yes,138.4,25.41,0.0,48.25,60.13,1.1
2023-11-07 15:00,11,15,Weekday,Fall,Yes,135.88,23.02,0.0,48.25,60.13,1.1
2023-11-07 16:00,11,16,Weekday,Fall,Yes,134.1,18.63,0.0,48.25,63.02,2.19
2023-11-07 17:00,11,17,Weekday,Fall,Yes,130.78,15.87,0.57,37.53,62.79,1.1
2023-11-07 18:00,11,18,Weekday,Fall,No,99.16,12.62,5.14,26.8,36.02,1.1
2023-11-07 19:00,11,19,Weekday,Fall,No,97.75,9.94,8.99,26.8,33.45,1.1
2023-11-07 20:00,11,20,Weekday,Fall,No,84.71,6.12,15.85,16.08,28.09,0.02
2023-11-07 21:00,11,21,Weekday,Fall,No,85.69,3.26,20.97,16.08,26.8,1.1
2023-11-07 22:00,11,22,Weekday,Fall,No,41.62,0.0,0.0,5.36,21.44,0.02
2023-11-07 23:00,11,23,Weekday,Fall,No,38.94,0.0,0.0,2.68,21.44,1.1
2023-11-08 00:00,11,0,Weekday,Fall,No,38.94,0.0,0.0,2.68,21.44,0.02
2023-11-08 01:00,11,1,Weekday,Fall,No,38.94,0.0,0.0,2.68,21.44,0.02
2023-11-08 02:00,11,2,Weekday,Fall,No,38.94,0.0,0.0,2.68,21.44,1.1
2023-11-08 03:00,11,3,Weekday,Fall,No,38.94,0.0,0.0,2.68,21.44,0.02
2023-11-08 04:00,11,4,Weekday,Fall,No,38.94,0.0,0.0,2.68,21.44,0.02
2023-11-08 05:00,11,5,Weekday,Fall,No,41.62,0.0,0.0,5.36,21.44,1.1
2023-11-08 06:00,11,6,Weekday,Fall,No,99.49,0.0,56.58,5.36,21.44,0.02
2023-11-08 07:00,11,7,Weekday,Fall,No,87.07,0.0,34.53,16.08,32.68,1.1
2023-11-08 08:00,11,8,Weekday,Fall,Yes,135.76,0.0,13.16,48.25,70.4,1.1
2023-11-08 09:00,11,9,Weekday,Fall,Yes,127.69,5.37,8.08,48.25,62.05,2.19
2023-11-08 10:00,11,10,Weekday,Fall,Yes,130.54,12.3,5.53,48.25,60.13,1.1
2023-11-08 11:00,11,11,Weekday,Fall,Yes,136.78,18.01,3.68,48.25,62.05,2.19
2023-11-08 12:00,11,12,Weekday,Fall,Yes,139.62,22.12,2.68,48.25,61.51,1.1
2023-11-08 13:00,11,13,Weekday,Fall,Yes,143.18,26.0,0.02,48.25,63.66,2.19
2023-11-08 14:00,11,14,Weekday,Fall,Yes,141.68,28.34,0.0,48.25,60.13,2.19
2023-11-08 15:00,11,15,Weekday,Fall,Yes,141.94,28.72,0.0,48.25,60.13,1.1
2023-11-08 16:00,11,16,Weekday,Fall,Yes,141.53,25.67,0.0,48.25,63.02,1.1
2023-11-08 17:00,11,17,Weekday,Fall,Yes,134.4,19.76,0.27,37.53,62.79,1.1
2023-11-08 18:00,11,18,Weekday,Fall,No,99.68,14.98,3.3,26.8,36.02,1.1
2023-11-08 19:00,11,19,Weekday,Fall,No,98.69,12.79,7.08,26.8,33.45,1.1
2023-11-08 20:00,11,20,Weekday,Fall,No,85.98,10.06,13.17,16.08,28.09,1.1
2023-11-08 21:00,11,21,Weekday,Fall,No,84.46,4.43,18.57,16.08,26.8,0.02
2023-11-08 22:00,11,22,Weekday,Fall,No,41.62,0.0,0.0,5.36,21.44,1.1
2023-11-08 23:00,11,23,Weekday,Fall,No,38.94,0.0,0.0,2.68,21.44,0.02
2023-11-09 00:00,11,0,Weekday,Fall,No,38.94,0.0,0.0,2.68,21.44,0.02
2023-11-09 01:00,11,1,Weekday,Fall,No,38.94,0.0,0.0,2.68,21.44,1.1
2023-11-09 02:00,11,2,Weekday,Fall,No,38.94,0.0,0.0,2.68,21.44,0.02
2023-11-09 03:00,11,3,Weekday,Fall,No,38.94,0.0,0.0,2.68,21.44,0.02
2023-11-09 04:00,11,4,Weekday,Fall,No,38.94,0.0,0.0,2.68,21.44,1.1
2023-11-09 05:00,11,5,Weekday,Fall,No,41.62,0.0,0.0,5.36,21.44,0.02
2023-11-09 06:00,11,6,Weekday,Fall,No,82.86,1.1,38.85,5.36,21.44,1.1
2023-11-09 07:00,11,7,Weekday,Fall,No,78.34,3.19,22.62,16.08,32.68,0.02
2023-11-09 08:00,11,8,Weekday,Fall,Yes,139.96,9.23,8.11,48.25,70.4,2.19
2023-11-09 09:00,11,9,Weekday,Fall,Yes,133.29,13.91,5.07,48.25,62.05,1.1
2023-11-09 10:00,11,10,Weekday,Fall,Yes,134.23,18.08,3.39,48.25,60.13,1.1
2023-11-09 11:00,11,11,Weekday,Fall,Yes,141.6,24.22,2.2,48.25,62.05,2.19
2023-11-09 12:00,11,12,Weekday,Fall,Yes,146.24,29.86,1.48,48.25,61.51,2.19
2023-11-09 13:00,11,13,Weekday,Fall,Yes,150.62,33.38,0.0,48.25,63.66,2.19
2023-11-09 14:00,11,14,Weekday,Fall,Yes,146.73,33.26,0.0,48.25,60.13,1.1
2023-11-09 15:00,11,15,Weekday,Fall,Yes,145.83,32.51,0.0,48.25,60.13,1.1
2023-11-09 16:00,11,16,Weekday,Fall,Yes,145.93,30.0,0.0,48.25,63.02,2.19
2023-11-09 17:00,11,17,Weekday,Fall,Yes,136.47,21.98,0.09,37.53,62.79,1.1
2023-11-09 18:00,11,18,Weekday,Fall,No,97.81,13.81,2.61,26.8,36.02,1.1
2023-11-09 19:00,11,19,Weekday,Fall,No,95.01,9.35,6.83,26.8,33.45,0.02
2023-11-09 20:00,11,20,Weekday,Fall,No,81.98,5.7,13.53,16.08,28.09,1.1
2023-11-09 21:00,11,21,Weekday,Fall,No,84.69,6.28,16.95,16.08,26.8,1.1
2023-11-09 22:00,11,22,Weekday,Fall,No,41.62,0.0,0.0,5.36,21.44,0.02
2023-11-09 23:00,11,23,Weekday,Fall,No,38.94,0.0,0.0,2.68,21.44,0.02
2023-11-10 00:00,11,0,Weekday,Fall,No,38.94,0.0,0.0,2.68,21.44,1.1
2023-11-10 01:00,11,1,Weekday,Fall,No,38.94,0.0,0.0,2.68,21.44,0.02
2023-11-10 02:00,11,2,Weekday,Fall,No,38.94,0.0,0.0,2.68,21.44,0.02
2023-11-10 03:00,11,3,Weekday,Fall,No,38.94,0.0,0.0,2.68,21.44,1.1
2023-11-10 04:00,11,4,Weekday,Fall,No,38.94,0.0,0.0,2.68,21.44,0.02
2023-11-10 05:00,11,5,Weekday,Fall,No,41.62,0.0,0.0,5.36,21.44,1.1
2023-11-10 06:00,11,6,Weekday,Fall,No,78.53,3.33,32.27,5.36,21.44,0.02
2023-11-10 07:00,11,7,Weekday,Fall,No,75.66,4.66,18.47,16.08,32.68,1.1
2023-11-10 08:00,11,8,Weekday,Fall,Yes,138.16,8.68,6.84,48.25,70.4,1.1
2023-11-10 09:00,11,9,Weekday,Fall,Yes,131.25,12.57,4.3,48.25,62.05,2.19
2023-11-10 10:00,11,10,Weekday,Fall,Yes,132.47,16.61,3.02,48.25,60.13,1.1
2023-11-10 11:00,11,11,Weekday,Fall,Yes,139.63,22.46,1.93,48.25,62.05,2.19
2023-11-10 12:00,11,12,Weekday,Fall,Yes,144.11,27.88,1.28,48.25,61.51,1.1
2023-11-10 13:00,11,13,Weekday,Fall,Yes,149.85,32.58,0.0,48.25,63.66,2.19
2023-11-10 14:00,11,14,Weekday,Fall,Yes,149.32,35.77,0.0,48.25,60.13,2.19
2023-11-10 15:00,11,15,Weekday,Fall,Yes,149.72,36.24,0.0,48.25,60.13,1.1
2023-11-10 16:00,11,16,Weekday,Fall,Yes,147.59,31.54,0.0,48.25,63.02,1.1
2023-11-10 17:00,11,17,Weekday,Fall,Yes,137.55,23.1,0.02,37.53,62.79,1.1
2023-11-10 18:00,11,18,Weekday,Fall,No,98.21,15.15,1.66,26.8,36.02,1.1
2023-11-10 19:00,11,19,Weekday,Fall,No,94.59,10.02,5.74,26.8,33.45,1.1
2023-11-10 20:00,11,20,Weekday,Fall,No,81.36,6.83,11.79,16.08,28.09,1.1
2023-11-10 21:00,11,21,Weekday,Fall,No,81.85,3.74,16.65,16.08,26.8,0.02
2023-11-10 22:00,11,22,Weekday,Fall,No,41.62,0.0,0.0,5.36,21.44,1.1
2023-11-10 23:00,11,23,Weekday,Fall,No,38.94,0.0,0.0,2.68,21.44,0.02
2023-11-11 00:00,11,0,Weekend,Fall,No,33.58,0.0,0.0,2.68,16.08,0.02
2023-11-11 01:00,11,1,Weekend,Fall,No,33.58,0.0,0.0,2.68,16.08,1.1
2023-11-11 02:00,11,2,Weekend,Fall,No,33.58,0.0,0.0,2.68,16.08,0.02
2023-11-11 03:00,11,3,Weekend,Fall,No,33.58,0.0,0.0,2.68,16.08,0.02
2023-11-11 04:00,11,4,Weekend,Fall,No,33.58,0.0,0.0,2.68,16.08,1.1
2023-11-11 05:00,11,5,Weekend,Fall,No,33.58,0.0,0.0,2.68,16.08,0.02
2023-11-11 06:00,11,6,Weekend,Fall,No,31.11,0.0,0.0,2.68,16.08,0.02
2023-11-11 07:00,11,7,Weekend,Fall,No,18.77,0.0,0.0,2.68,16.08,1.1
2023-11-11 08:00,11,8,Weekend,Fall,No,18.77,0.0,0.0,2.68,16.08,0.02
2023-11-11 09:00,11,9,Weekend,Fall,No,20.62,1.32,0.0,2.68,16.08,1.1
2023-11-11 10:00,11,10,Weekend,Fall,No,32.23,11.1,0.0,2.68,16.08,0.02
2023-11-11 11:00,11,11,Weekend,Fall,No,38.6,16.86,0.0,2.68,16.08,0.02
2023-11-11 12:00,11,12,Weekend,Fall,No,40.03,18.38,0.0,2.68,16.08,1.1
2023-11-11 13:00,11,13,Weekend,Fall,No,42.92,21.07,0.0,2.68,16.08,0.02
2023-11-11 14:00,11,14,Weekend,Fall,No,41.76,20.15,0.0,2.68,16.08,1.1
2023-11-11 15:00,11,15,Weekend,Fall,No,43.04,21.31,0.0,2.68,16.08,0.02
2023-11-11 16:00,11,16,Weekend,Fall,No,38.19,16.96,0.0,2.68,16.08,0.02
2023-11-11 17:00,11,17,Weekend,Fall,No,30.16,1.31,0.0,2.68,16.08,1.1
2023-11-11 18:00,11,18,Weekend,Fall,No,33.58,0.0,0.0,2.68,16.08,0.02
2023-11-11 19:00,11,19,Weekend,Fall,No,33.58,0.0,0.0,2.68,16.08,0.02
2023-11-11 20:00,11,20,Weekend,Fall,No,33.58,0.0,0.0,2.68,16.08,1.1
2023-11-11 21:00,11,21,Weekend,Fall,No,33.58,0.0,0.0,2.68,16.08,0.02
2023-11-11 22:00,11,22,Weekend,Fall,No,33.58,0.0,0.0,2.68,16.08,0.02
2023-11-11 23:00,11,23,Weekend,Fall,No,33.58,0.0,0.0,2.68,16.08,1.1
2023-11-12 00:00,11,0,Weekend,Fall,No,33.58,0.0,0.0,2.68,16.08,0.02
2023-11-12 01:00,11,1,Weekend,Fall,No,33.58,0.0,0.0,2.68,16.08,1.1
2023-11-12 02:00,11,2,Weekend,Fall,No,33.58,0.0,0.0,2.68,16.08,0.02
2023-11-12 03:00,11,3,Weekend,Fall,No,33.58,0.0,0.0,2.68,16.08,0.02
2023-11-12 04:00,11,4,Weekend,Fall,No,33.58,0.0,0.0,2.68,16.08,1.1
2023-11-12 05:00,11,5,Weekend,Fall,No,33.58,0.0,0.0,2.68,16.08,0.02
2023-11-12 06:00,11,6,Weekend,Fall,No,31.11,0.0,0.0,2.68,16.08,0.02
2023-11-12 07:00,11,7,Weekend,Fall,No,18.77,0.0,0.0,2.68,16.08,1.1
2023-11-12 08:00,11,8,Weekend,Fall,No,18.77,0.0,0.0,2.68,16.08,0.02
2023-11-12 09:00,11,9,Weekend,Fall,No,18.77,0.0,0.0,2.68,16.08,0.02
2023-11-12 10:00,11,10,Weekend,Fall,No,31.05,10.25,0.0,2.68,16.08,1.1
2023-11-12 11:00,11,11,Weekend,Fall,No,37.91,16.4,0.0,2.68,16.08,0.02
2023-11-12 12:00,11,12,Weekend,Fall,No,41.54,19.7,0.0,2.68,16.08,1.1
2023-11-12 13:00,11,13,Weekend,Fall,No,41.32,19.7,0.0,2.68,16.08,0.02
2023-11-12 14:00,11,14,Weekend,Fall,No,43.85,22.04,0.0,2.68,16.08,0.02
2023-11-12 15:00,11,15,Weekend,Fall,No,41.52,20.02,0.0,2.68,16.08,1.1
2023-11-12 16:00,11,16,Weekend,Fall,No,32.73,12.23,0.0,2.68,16.08,0.02
2023-11-12 17:00,11,17,Weekend,Fall,No,30.31,1.44,0.0,2.68,16.08,1.1
2023-11-12 18:00,11,18,Weekend,Fall,No,33.58,0.0,0.0,2.68,16.08,0.02
2023-11-12 19:00,11,19,Weekend,Fall,No,33.58,0.0,0.0,2.68,16.08,0.02
2023-11-12 20:00,11,20,Weekend,Fall,No,33.58,0.0,0.0,2.68,16.08,1.1
2023-11-12 21:00,11,21,Weekend,Fall,No,33.58,0.0,0.0,2.68,16.08,0.02
2023-11-12 22:00,11,22,Weekend,Fall,No,33.58,0.0,0.0,2.68,16.08,0.02
2023-11-12 23:00,11,23,Weekend,Fall,No,33.58,0.0,0.0,2.68,16.08,1.1
2023-11-13 00:00,11,0,Weekday,Fall,No,38.94,0.0,0.0,2.68,21.44,0.02
2023-11-13 01:00,11,1,Weekday,Fall,No,38.94,0.0,0.0,2.68,21.44,1.1
2023-11-13 02:00,11,2,Weekday,Fall,No,38.94,0.0,0.0,2.68,21.44,0.02
2023-11-13 03:00,11,3,Weekday,Fall,No,38.94,0.0,0.0,2.68,21.44,0.02
2023-11-13 04:00,11,4,Weekday,Fall,No,38.94,0.0,0.0,2.68,21.44,1.1
2023-11-13 05:00,11,5,Weekday,Fall,No,41.62,0.0,0.0,5.36,21.44,0.02
2023-11-13 06:00,11,6,Weekday,Fall,No,113.43,0.0,70.52,5.36,21.44,1.1
2023-11-13 07:00,11,7,Weekday,Fall,No,98.05,0.0,45.51,16.08,32.68,0.02
2023-11-13 08:00,11,8,Weekday,Fall,Yes,138.58,1.04,15.06,48.25,70.4,2.19
2023-11-13 09:00,11,9,Weekday,Fall,Yes,132.07,8.89,9.09,48.25,62.05,1.1
2023-11-13 10:00,11,10,Weekday,Fall,Yes,136.08,17.68,5.86,48.25,60.13,1.1
2023-11-13 11:00,11,11,Weekday,Fall,Yes,145.81,27.62,3.18,48.25,62.05,2.19
2023-11-13 12:00,11,12,Weekday,Fall,Yes,151.04,34.58,1.82,48.25,61.51,2.19
2023-11-13 13:00,11,13,Weekday,Fall,Yes,152.24,35.59,0.0,48.25,63.66,2.19
2023-11-13 14:00,11,14,Weekday,Fall,Yes,148.19,35.27,0.0,48.25,60.13,1.1
2023-11-13 15:00,11,15,Weekday,Fall,Yes,145.32,32.75,0.0,48.25,60.13,1.1
2023-11-13 16:00,11,16,Weekday,Fall,Yes,144.49,29.19,0.0,48.25,63.02,2.19
2023-11-13 17:00,11,17,Weekday,Fall,Yes,137.76,23.1,0.4,37.53,62.79,1.1
2023-11-13 18:00,11,18,Weekday,Fall,No,100.86,13.06,6.4,26.8,36.02,1.1
2023-11-13 19:00,11,19,Weekday,Fall,No,97.5,8.1,10.57,26.8,33.45,1.1
2023-11-13 20:00,11,20,Weekday,Fall,No,85.86,5.54,17.57,16.08,28.09,0.02
2023-11-13 21:00,11,21,Weekday,Fall,No,87.56,4.36,21.74,16.08,26.8,1.1
2023-11-13 22:00,11,22,Weekday,Fall,No,41.62,0.0,0.0,5.36,21.44,0.02
2023-11-13 23:00,11,23,Weekday,Fall,No,38.94,0.0,0.0,2.68,21.44,1.1
2023-11-14 00:00,11,0,Weekday,Fall,No,38.94,0.0,0.0,2.68,21.44,0.02
2023-11-14 01:00,11,1,Weekday,Fall,No,38.94,0.0,0.0,2.68,21.44,0.02
2023-11-14 02:00,11,2,Weekday,Fall,No,38.94,0.0,0.0,2.68,21.44,1.1
2023-11-14 03:00,11,3,Weekday,Fall,No,38.94,0.0,0.0,2.68,21.44,0.02
2023-11-14 04:00,11,4,Weekday,Fall,No,38.94,0.0,0.0,2.68,21.44,1.1
2023-11-14 05:00,11,5,Weekday,Fall,No,41.62,0.0,0.0,5.36,21.44,0.02
2023-11-14 06:00,11,6,Weekday,Fall,No,82.38,2.93,36.54,5.36,21.44,0.02
2023-11-14 07:00,11,7,Weekday,Fall,No,83.9,6.31,25.06,16.08,32.68,1.1
2023-11-14 08:00,11,8,Weekday,Fall,Yes,140.94,11.3,7.05,48.25,70.4,1.1
2023-11-14 09:00,11,9,Weekday,Fall,Yes,134.18,15.71,4.28,48.25,62.05,2.19
2023-11-14 10:00,11,10,Weekday,Fall,Yes,133.24,17.77,3.14,48.25,60.13,1.1
2023-11-14 11:00,11,11,Weekday,Fall,Yes,133.74,17.17,2.29,48.25,62.05,2.19
2023-11-14 12:00,11,12,Weekday,Fall,Yes,133.77,17.71,2.29,48.25,61.51,2.19
2023-11-14 13:00,11,13,Weekday,Fall,Yes,136.58,20.23,0.09,48.25,63.66,2.19
2023-11-14 14:00,11,14,Weekday,Fall,Yes,132.97,20.4,0.0,48.25,60.13,1.1
2023-11-14 15:00,11,15,Weekday,Fall,Yes,131.6,19.11,0.0,48.25,60.13,1.1
2023-11-14 16:00,11,16,Weekday,Fall,Yes,132.59,17.24,0.0,48.25,63.02,2.19
2023-11-14 17:00,11,17,Weekday,Fall,Yes,129.3,13.39,1.59,37.53,62.79,1.1
2023-11-14 18:00,11,18,Weekday,Fall,No,98.6,9.44,7.77,26.8,36.02,1.1
2023-11-14 19:00,11,19,Weekday,Fall,No,96.89,5.71,12.34,26.8,33.45,1.1
2023-11-14 20:00,11,20,Weekday,Fall,No,86.41,2.84,20.83,16.08,28.09,0.02
2023-11-14 21:00,11,21,Weekday,Fall,No,88.12,0.81,25.85,16.08,26.8,1.1
2023-11-14 22:00,11,22,Weekday,Fall,No,41.62,0.0,0.0,5.36,21.44,0.02
2023-11-14 23:00,11,23,Weekday,Fall,No,38.94,0.0,0.0,2.68,21.44,1.1
2023-11-15 00:00,11,0,Weekday,Fall,No,38.94,0.0,0.0,2.68,21.44,0.02
2023-11-15 01:00,11,1,Weekday,Fall,No,38.94,0.0,0.0,2.68,21.44,0.02
2023-11-15 02:00,11,2,Weekday,Fall,No,38.94,0.0,0.0,2.68,21.44,1.1
2023-11-15 03:00,11,3,Weekday,Fall,No,38.94,0.0,0.0,2.68,21.44,0.02
2023-11-15 04:00,11,4,Weekday,Fall,No,38.94,0.0,0.0,2.68,21.44,0.02
2023-11-15 05:00,11,5,Weekday,Fall,No,41.62,0.0,0.0,5.36,21.44,1.1
2023-11-15 06:00,11,6,Weekday,Fall,No,97.04,0.0,54.13,5.36,21.44,0.02
2023-11-15 07:00,11,7,Weekday,Fall,No,92.01,0.0,39.48,16.08,32.68,1.1
2023-11-15 08:00,11,8,Weekday,Fall,Yes,137.47,0.0,14.88,48.25,70.4,1.1
2023-11-15 09:00,11,9,Weekday,Fall,Yes,125.68,0.0,11.55,48.25,62.05,2.19
2023-11-15 10:00,11,10,Weekday,Fall,Yes,121.63,0.0,9.33,48.25,60.13,1.1
2023-11-15 11:00,11,11,Weekday,Fall,Yes,122.68,0.0,8.09,48.25,62.05,2.19
2023-11-15 12:00,11,12,Weekday,Fall,Yes,124.12,0.0,9.86,48.25,61.51,2.19
2023-11-15 13:00,11,13,Weekday,Fall,Yes,121.31,0.56,4.19,48.25,63.66,2.19
2023-11-15 14:00,11,14,Weekday,Fall,Yes,117.41,1.77,2.84,48.25,60.13,1.1
2023-11-15 15:00,11,15,Weekday,Fall,Yes,117.71,2.14,2.99,48.25,60.13,1.1
2023-11-15 16:00,11,16,Weekday,Fall,Yes,119.92,0.74,3.86,48.25,63.02,2.19
2023-11-15 17:00,11,17,Weekday,Fall,Yes,123.58,0.0,9.29,37.53,62.79,1.1
2023-11-15 18:00,11,18,Weekday,Fall,No,100.76,0.0,19.36,26.8,36.02,1.1
2023-11-15 19:00,11,19,Weekday,Fall,No,103.84,0.0,25.01,26.8,33.45,1.1
2023-11-15 20:00,11,20,Weekday,Fall,No,96.13,0.0,33.38,16.08,28.09,0.02
2023-11-15 21:00,11,21,Weekday,Fall,No,100.35,0.0,38.89,16.08,26.8,1.1
2023-11-15 22:00,11,22,Weekday,Fall,No,41.62,0.0,0.0,5.36,21.44,0.02
2023-11-15 23:00,11,23,Weekday,Fall,No,38.94,0.0,0.0,2.68,21.44,1.1
2023-11-16 00:00,11,0,Weekday,Fall,No,38.94,0.0,0.0,2.68,21.44,0.02
2023-11-16 01:00,11,1,Weekday,Fall,No,38.94,0.0,0.0,2.68,21.44,0.02
2023-11-16 02:00,11,2,Weekday,Fall,No,38.94,0.0,0.0,2.68,21.44,1.1
2023-11-16 03:00,11,3,Weekday,Fall,No,38.94,0.0,0.0,2.68,21.44,0.02
2023-11-16 04:00,11,4,Weekday,Fall,No,38.94,0.0,0.0,2.68,21.44,1.1
2023-11-16 05:00,11,5,Weekday,Fall,No,41.62,0.0,0.0,5.36,21.44,0.02
2023-11-16 06:00,11,6,Weekday,Fall,No,143.67,0.0,100.76,5.36,21.44,0.02
2023-11-16 07:00,11,7,Weekday,Fall,No,119.83,0.0,67.29,16.08,32.68,11.57
2023-11-16 08:00,11,8,Weekday,Fall,Yes,149.22,0.0,26.7,48.25,70.4,1.63
2023-11-16 09:00,11,9,Weekday,Fall,Yes,131.18,0.0,17.09,48.25,62.05,2.19
2023-11-16 10:00,11,10,Weekday,Fall,Yes,125.31,0.21,12.74,48.25,60.13,1.1
2023-11-16 11:00,11,11,Weekday,Fall,Yes,128.4,3.25,10.44,48.25,62.05,2.19
2023-11-16 12:00,11,12,Weekday,Fall,Yes,133.84,8.39,11.03,48.25,61.51,2.19
2023-11-16 13:00,11,13,Weekday,Fall,Yes,132.49,11.91,3.86,48.25,63.66,2.19
2023-11-16 14:00,11,14,Weekday,Fall,Yes,128.17,13.04,2.15,48.25,60.13,1.1
2023-11-16 15:00,11,15,Weekday,Fall,Yes,126.82,12.19,1.92,48.25,60.13,1.1
2023-11-16 16:00,11,16,Weekday,Fall,Yes,127.83,10.19,2.3,48.25,63.02,2.19
2023-11-16 17:00,11,17,Weekday,Fall,Yes,128.71,5.19,6.78,37.53,62.79,1.1
2023-11-16 18:00,11,18,Weekday,Fall,No,99.09,0.69,17.01,26.8,36.02,1.1
2023-11-16 19:00,11,19,Weekday,Fall,No,101.63,0.0,22.8,26.8,33.45,1.1
2023-11-16 20:00,11,20,Weekday,Fall,No,96.12,0.0,33.38,16.08,28.09,0.02
2023-11-16 21:00,11,21,Weekday,Fall,No,100.67,0.0,39.21,16.08,26.8,1.1
2023-11-16 22:00,11,22,Weekday,Fall,No,41.62,0.0,0.0,5.36,21.44,0.02
2023-11-16 23:00,11,23,Weekday,Fall,No,38.94,0.0,0.0,2.68,21.44,1.1
2023-11-17 00:00,11,0,Weekday,Fall,No,38.94,0.0,0.0,2.68,21.44,0.02
2023-11-17 01:00,11,1,Weekday,Fall,No,38.94,0.0,0.0,2.68,21.44,0.02
2023-11-17 02:00,11,2,Weekday,Fall,No,38.94,0.0,0.0,2.68,21.44,1.1
2023-11-17 03:00,11,3,Weekday,Fall,No,38.94,0.0,0.0,2.68,21.44,0.02
2023-11-17 04:00,11,4,Weekday,Fall,No,38.94,0.0,0.0,2.68,21.44,1.1
2023-11-17 05:00,11,5,Weekday,Fall,No,41.62,0.0,0.0,5.36,21.44,0.02
2023-11-17 06:00,11,6,Weekday,Fall,No,137.51,0.0,94.6,5.36,21.44,1.1
2023-11-17 07:00,11,7,Weekday,Fall,No,122.9,0.0,70.36,16.08,32.68,0.95
2023-11-17 08:00,11,8,Weekday,Fall,Yes,154.31,0.0,31.8,48.25,70.4,2.19
2023-11-17 09:00,11,9,Weekday,Fall,Yes,129.61,0.16,15.38,48.25,62.05,1.1
2023-11-17 10:00,11,10,Weekday,Fall,Yes,127.31,5.0,10.08,48.25,60.13,1.1
2023-11-17 11:00,11,11,Weekday,Fall,Yes,133.98,11.91,7.48,48.25,62.05,2.19
2023-11-17 12:00,11,12,Weekday,Fall,Yes,136.03,15.34,6.85,48.25,61.51,2.19
2023-11-17 13:00,11,13,Weekday,Fall,Yes,135.43,17.51,1.92,48.25,63.66,2.19
2023-11-17 14:00,11,14,Weekday,Fall,Yes,130.91,17.96,0.55,48.25,60.13,1.1
2023-11-17 15:00,11,15,Weekday,Fall,Yes,128.93,15.83,0.84,48.25,60.13,2.19
2023-11-17 16:00,11,16,Weekday,Fall,Yes,130.43,13.24,1.96,48.25,63.02,1.1
2023-11-17 17:00,11,17,Weekday,Fall,Yes,134.65,10.76,7.17,37.53,62.79,1.1
2023-11-17 18:00,11,18,Weekday,Fall,No,102.34,6.93,14.01,26.8,36.02,1.1
2023-11-17 19:00,11,19,Weekday,Fall,No,101.99,4.69,18.48,26.8,33.45,1.1
2023-11-17 20:00,11,20,Weekday,Fall,No,91.69,2.29,26.66,16.08,28.09,1.1
2023-11-17 21:00,11,21,Weekday,Fall,No,92.59,0.96,30.17,16.08,26.8,0.02
2023-11-17 22:00,11,22,Weekday,Fall,No,41.62,0.0,0.0,5.36,21.44,1.1
2023-11-17 23:00,11,23,Weekday,Fall,No,38.94,0.0,0.0,2.68,21.44,0.02
2023-11-18 00:00,11,0,Weekend,Fall,No,33.58,0.0,0.0,2.68,16.08,0.02
2023-11-18 01:00,11,1,Weekend,Fall,No,33.58,0.0,0.0,2.68,16.08,1.1
2023-11-18 02:00,11,2,Weekend,Fall,No,33.58,0.0,0.0,2.68,16.08,0.02
2023-11-18 03:00,11,3,Weekend,Fall,No,33.58,0.0,0.0,2.68,16.08,1.1
2023-11-18 04:00,11,4,Weekend,Fall,No,33.58,0.0,0.0,2.68,16.08,0.02
2023-11-18 05:00,11,5,Weekend,Fall,No,33.58,0.0,0.0,2.68,16.08,0.02
2023-11-18 06:00,11,6,Weekend,Fall,No,110.79,0.0,67.88,5.36,21.44,1.1
2023-11-18 07:00,11,7,Weekend,Fall,No,88.34,0.0,52.63,5.36,26.58,0.02
2023-11-18 08:00,11,8,Weekend,Fall,No,95.69,0.0,33.82,26.8,31.3,1.1
2023-11-18 09:00,11,9,Weekend,Fall,No,85.97,0.0,21.85,26.8,33.55,1.1
2023-11-18 10:00,11,10,Weekend,Fall,No,84.39,3.83,17.4,26.8,32.58,1.1
2023-11-18 11:00,11,11,Weekend,Fall,No,94.16,12.44,16.07,26.8,34.83,1.1
2023-11-18 12:00,11,12,Weekend,Fall,No,98.46,21.29,12.51,26.8,33.55,1.1
2023-11-18 13:00,11,13,Weekend,Fall,No,94.74,26.72,5.83,26.8,30.98,0.02
2023-11-18 14:00,11,14,Weekend,Fall,No,69.29,27.84,7.82,8.04,21.33,1.1
2023-11-18 15:00,11,15,Weekend,Fall,No,66.83,26.4,8.34,8.04,20.05,1.1
2023-11-18 16:00,11,16,Weekend,Fall,No,64.78,23.73,8.86,8.04,20.37,0.02
2023-11-18 17:00,11,17,Weekend,Fall,No,72.07,17.76,17.52,2.68,18.01,1.1
2023-11-18 18:00,11,18,Weekend,Fall,No,33.58,0.0,0.0,2.68,16.08,0.02
2023-11-18 19:00,11,19,Weekend,Fall,No,33.58,0.0,0.0,2.68,16.08,1.1
2023-11-18 20:00,11,20,Weekend,Fall,No,33.58,0.0,0.0,2.68,16.08,0.02
2023-11-18 21:00,11,21,Weekend,Fall,No,33.58,0.0,0.0,2.68,16.08,1.1
2023-11-18 22:00,11,22,Weekend,Fall,No,33.58,0.0,0.0,2.68,16.08,0.02
2023-11-18 23:00,11,23,Weekend,Fall,No,33.58,0.0,0.0,2.68,16.08,1.1
2023-11-19 00:00,11,0,Weekend,Fall,No,33.58,0.0,0.0,2.68,16.08,0.02
2023-11-19 01:00,11,1,Weekend,Fall,No,33.58,0.0,0.0,2.68,16.08,0.02
2023-11-19 02:00,11,2,Weekend,Fall,No,33.58,0.0,0.0,2.68,16.08,1.1
2023-11-19 03:00,11,3,Weekend,Fall,No,33.58,0.0,0.0,2.68,16.08,0.02
2023-11-19 04:00,11,4,Weekend,Fall,No,33.58,0.0,0.0,2.68,16.08,0.02
2023-11-19 05:00,11,5,Weekend,Fall,No,33.58,0.0,0.0,2.68,16.08,1.1
2023-11-19 06:00,11,6,Weekend,Fall,No,31.11,0.0,0.0,2.68,16.08,0.02
2023-11-19 07:00,11,7,Weekend,Fall,No,18.77,0.0,0.0,2.68,16.08,0.02
2023-11-19 08:00,11,8,Weekend,Fall,No,18.77,0.0,0.0,2.68,16.08,1.1
2023-11-19 09:00,11,9,Weekend,Fall,No,18.77,0.0,0.0,2.68,16.08,0.02
2023-11-19 10:00,11,10,Weekend,Fall,No,23.91,4.09,0.0,2.68,16.08,1.1
2023-11-19 11:00,11,11,Weekend,Fall,No,37.35,15.42,0.0,2.68,16.08,0.02
2023-11-19 12:00,11,12,Weekend,Fall,No,35.73,14.41,0.0,2.68,16.08,0.02
2023-11-19 13:00,11,13,Weekend,Fall,No,42.05,20.03,0.0,2.68,16.08,1.1
2023-11-19 14:00,11,14,Weekend,Fall,No,37.87,16.54,0.0,2.68,16.08,0.02
2023-11-19 15:00,11,15,Weekend,Fall,No,43.13,21.19,0.0,2.68,16.08,1.1
2023-11-19 16:00,11,16,Weekend,Fall,No,27.42,7.5,0.0,2.68,16.08,0.02
2023-11-19 17:00,11,17,Weekend,Fall,No,31.11,0.0,0.0,2.68,16.08,0.02
2023-11-19 18:00,11,18,Weekend,Fall,No,33.58,0.0,0.0,2.68,16.08,1.1
2023-11-19 19:00,11,19,Weekend,Fall,No,33.58,0.0,0.0,2.68,16.08,0.02
2023-11-19 20:00,11,20,Weekend,Fall,No,33.58,0.0,0.0,2.68,16.08,0.02
2023-11-19 21:00,11,21,Weekend,Fall,No,33.58,0.0,0.0,2.68,16.08,1.1
2023-11-19 22:00,11,22,Weekend,Fall,No,33.58,0.0,0.0,2.68,16.08,0.02
2023-11-19 23:00,11,23,Weekend,Fall,No,33.58,0.0,0.0,2.68,16.08,1.1
2023-11-20 00:00,11,0,Weekday,Fall,No,38.94,0.0,0.0,2.68,21.44,0.02
2023-11-20 01:00,11,1,Weekday,Fall,No,38.94,0.0,0.0,2.68,21.44,0.02
2023-11-20 02:00,11,2,Weekday,Fall,No,38.94,0.0,0.0,2.68,21.44,1.1
2023-11-20 03:00,11,3,Weekday,Fall,No,38.94,0.0,0.0,2.68,21.44,0.02
2023-11-20 04:00,11,4,Weekday,Fall,No,38.94,0.0,0.0,2.68,21.44,1.1
2023-11-20 05:00,11,5,Weekday,Fall,No,41.62,0.0,0.0,5.36,21.44,0.02
2023-11-20 06:00,11,6,Weekday,Fall,No,109.57,1.86,62.34,5.36,21.44,0.02
2023-11-20 07:00,11,7,Weekday,Fall,No,97.12,2.81,41.77,16.08,32.68,1.1
2023-11-20 08:00,11,8,Weekday,Fall,Yes,142.9,7.75,12.67,48.25,70.4,2.19
2023-11-20 09:00,11,9,Weekday,Fall,Yes,135.88,13.5,8.23,48.25,62.05,1.1
2023-11-20 10:00,11,10,Weekday,Fall,Yes,139.25,21.02,5.61,48.25,60.13,1.1
2023-11-20 11:00,11,11,Weekday,Fall,Yes,147.53,29.05,3.48,48.25,62.05,2.19
2023-11-20 12:00,11,12,Weekday,Fall,Yes,151.81,34.53,2.54,48.25,61.51,2.19
2023-11-20 13:00,11,13,Weekday,Fall,Yes,155.6,38.5,0.03,48.25,63.66,2.19
2023-11-20 14:00,11,14,Weekday,Fall,Yes,154.17,40.76,0.0,48.25,60.13,1.1
2023-11-20 15:00,11,15,Weekday,Fall,Yes,153.45,40.2,0.0,48.25,60.13,2.19
2023-11-20 16:00,11,16,Weekday,Fall,Yes,152.44,36.63,0.0,48.25,63.02,1.1
2023-11-20 17:00,11,17,Weekday,Fall,Yes,143.42,26.34,0.31,37.53,62.79,1.1
2023-11-20 18:00,11,18,Weekday,Fall,No,101.49,15.66,4.44,26.8,36.02,1.1
2023-11-20 19:00,11,19,Weekday,Fall,No,99.16,11.27,9.06,26.8,33.45,1.1
2023-11-20 20:00,11,20,Weekday,Fall,No,86.48,7.38,16.35,16.08,28.09,1.1
2023-11-20 21:00,11,21,Weekday,Fall,No,87.01,3.37,22.17,16.08,26.8,0.02
2023-11-20 22:00,11,22,Weekday,Fall,No,41.62,0.0,0.0,5.36,21.44,1.1
2023-11-20 23:00,11,23,Weekday,Fall,No,38.94,0.0,0.0,2.68,21.44,0.02
2023-11-21 00:00,11,0,Weekday,Fall,No,38.94,0.0,0.0,2.68,21.44,0.02
2023-11-21 01:00,11,1,Weekday,Fall,No,38.94,0.0,0.0,2.68,21.44,1.1
2023-11-21 02:00,11,2,Weekday,Fall,No,38.94,0.0,0.0,2.68,21.44,0.02
2023-11-21 03:00,11,3,Weekday,Fall,No,38.94,0.0,0.0,2.68,21.44,1.1
2023-11-21 04:00,11,4,Weekday,Fall,No,38.94,0.0,0.0,2.68,21.44,0.02
2023-11-21 05:00,11,5,Weekday,Fall,No,41.62,0.0,0.0,5.36,21.44,1.1
2023-11-21 06:00,11,6,Weekday,Fall,No,99.33,0.0,53.96,5.36,21.44,0.02
2023-11-21 07:00,11,7,Weekday,Fall,No,91.39,0.0,38.85,16.08,32.68,1.1
2023-11-21 08:00,11,8,Weekday,Fall,Yes,135.89,0.83,12.48,48.25,70.4,1.1
2023-11-21 09:00,11,9,Weekday,Fall,Yes,129.71,8.41,7.12,48.25,62.05,2.19
2023-11-21 10:00,11,10,Weekday,Fall,Yes,136.77,20.01,4.09,48.25,60.13,1.1
2023-11-21 11:00,11,11,Weekday,Fall,Yes,147.36,29.83,2.37,48.25,62.05,2.19
2023-11-21 12:00,11,12,Weekday,Fall,Yes,152.71,36.17,1.54,48.25,61.51,2.19
2023-11-21 13:00,11,13,Weekday,Fall,Yes,157.52,40.23,0.0,48.25,63.66,2.19
2023-11-21 14:00,11,14,Weekday,Fall,Yes,154.22,40.7,0.0,48.25,60.13,1.1
2023-11-21 15:00,11,15,Weekday,Fall,Yes,148.88,35.64,0.0,48.25,60.13,1.1
2023-11-21 16:00,11,16,Weekday,Fall,Yes,142.87,27.1,0.0,48.25,63.02,2.19
2023-11-21 17:00,11,17,Weekday,Fall,Yes,135.9,18.61,0.47,37.53,62.79,1.1
2023-11-21 18:00,11,18,Weekday,Fall,No,97.97,11.86,4.72,26.8,36.02,1.1
2023-11-21 19:00,11,19,Weekday,Fall,No,94.75,6.03,9.9,26.8,33.45,1.1
2023-11-21 20:00,11,20,Weekday,Fall,No,82.4,1.21,18.45,16.08,28.09,0.02
2023-11-21 21:00,11,21,Weekday,Fall,No,86.17,0.0,24.71,16.08,26.8,1.1
2023-11-21 22:00,11,22,Weekday,Fall,No,41.62,0.0,0.0,5.36,21.44,0.02
2023-11-21 23:00,11,23,Weekday,Fall,No,38.94,0.0,0.0,2.68,21.44,1.1
2023-11-22 00:00,11,0,Weekday,Fall,No,38.94,0.0,0.0,2.68,21.44,0.02
2023-11-22 01:00,11,1,Weekday,Fall,No,38.94,0.0,0.0,2.68,21.44,0.02
2023-11-22 02:00,11,2,Weekday,Fall,No,38.94,0.0,0.0,2.68,21.44,1.1
2023-11-22 03:00,11,3,Weekday,Fall,No,38.94,0.0,0.0,2.68,21.44,0.02
2023-11-22 04:00,11,4,Weekday,Fall,No,38.94,0.0,0.0,2.68,21.44,1.1
2023-11-22 05:00,11,5,Weekday,Fall,No,41.62,0.0,0.0,5.36,21.44,0.02
2023-11-22 06:00,11,6,Weekday,Fall,No,113.28,0.0,67.9,5.36,21.44,1.1
2023-11-22 07:00,11,7,Weekday,Fall,No,97.63,0.0,45.1,16.08,32.68,0.02
2023-11-22 08:00,11,8,Weekday,Fall,Yes,138.55,0.0,15.97,48.25,70.4,2.19
2023-11-22 09:00,11,9,Weekday,Fall,Yes,128.94,5.08,9.64,48.25,62.05,1.1
2023-11-22 10:00,11,10,Weekday,Fall,Yes,131.16,11.97,6.46,48.25,60.13,2.19
2023-11-22 11:00,11,11,Weekday,Fall,Yes,140.82,21.44,4.19,48.25,62.05,1.1
2023-11-22 12:00,11,12,Weekday,Fall,Yes,146.69,28.83,2.9,48.25,61.51,2.19
2023-11-22 13:00,11,13,Weekday,Fall,Yes,147.42,30.12,0.06,48.25,63.66,2.19
2023-11-22 14:00,11,14,Weekday,Fall,Yes,144.04,30.55,0.0,48.25,60.13,2.19
2023-11-22 15:00,11,15,Weekday,Fall,Yes,143.62,30.38,0.0,48.25,60.13,1.1
2023-11-22 16:00,11,16,Weekday,Fall,Yes,142.88,27.17,0.0,48.25,63.02,2.19
2023-11-22 17:00,11,17,Weekday,Fall,Yes,136.69,19.23,0.65,37.53,62.79,1.1
2023-11-22 18:00,11,18,Weekday,Fall,No,97.31,10.58,5.34,26.8,36.02,1.1
2023-11-22 19:00,11,19,Weekday,Fall,No,95.53,6.04,10.66,26.8,33.45,0.02
2023-11-22 20:00,11,20,Weekday,Fall,No,83.59,0.9,19.95,16.08,28.09,1.1
2023-11-22 21:00,11,21,Weekday,Fall,No,88.47,0.0,27.01,16.08,26.8,1.1
2023-11-22 22:00,11,22,Weekday,Fall,No,41.62,0.0,0.0,5.36,21.44,0.02
2023-11-22 23:00,11,23,Weekday,Fall,No,38.94,0.0,0.0,2.68,21.44,0.02
2023-11-23 00:00,11,0,Weekday,Fall,No,33.58,0.0,0.0,2.68,16.08,1.1
2023-11-23 01:00,11,1,Weekday,Fall,No,33.58,0.0,0.0,2.68,16.08,0.02
2023-11-23 02:00,11,2,Weekday,Fall,No,33.58,0.0,0.0,2.68,16.08,0.02
2023-11-23 03:00,11,3,Weekday,Fall,No,33.58,0.0,0.0,2.68,16.08,1.1
2023-11-23 04:00,11,4,Weekday,Fall,No,33.58,0.0,0.0,2.68,16.08,0.02
2023-11-23 05:00,11,5,Weekday,Fall,No,33.58,0.0,0.0,2.68,16.08,1.1
2023-11-23 06:00,11,6,Weekday,Fall,No,33.58,0.0,0.0,2.68,16.08,0.02
2023-11-23 07:00,11,7,Weekday,Fall,No,18.77,0.0,0.0,2.68,16.08,0.02
2023-11-23 08:00,11,8,Weekday,Fall,Yes,18.77,0.0,0.0,2.68,16.08,1.1
2023-11-23 09:00,11,9,Weekday,Fall,Yes,18.77,0.0,0.0,2.68,16.08,0.02
2023-11-23 10:00,11,10,Weekday,Fall,Yes,18.77,0.0,0.0,2.68,16.08,0.02
2023-11-23 11:00,11,11,Weekday,Fall,Yes,21.06,1.75,0.0,2.68,16.08,1.1
2023-11-23 12:00,11,12,Weekday,Fall,Yes,18.77,0.0,0.0,2.68,16.08,0.02
2023-11-23 13:00,11,13,Weekday,Fall,Yes,22.69,3.28,0.0,2.68,16.08,1.1
2023-11-23 14:00,11,14,Weekday,Fall,Yes,18.77,0.0,0.0,2.68,16.08,0.02
2023-11-23 15:00,11,15,Weekday,Fall,Yes,18.77,0.0,0.0,2.68,16.08,1.1
2023-11-23 16:00,11,16,Weekday,Fall,Yes,18.77,0.0,0.0,2.68,16.08,0.02
2023-11-23 17:00,11,17,Weekday,Fall,Yes,31.11,0.0,0.0,2.68,16.08,0.02
2023-11-23 18:00,11,18,Weekday,Fall,No,33.58,0.0,0.0,2.68,16.08,1.1
2023-11-23 19:00,11,19,Weekday,Fall,No,33.58,0.0,0.0,2.68,16.08,0.02
2023-11-23 20:00,11,20,Weekday,Fall,No,33.58,0.0,0.0,2.68,16.08,0.02
2023-11-23 21:00,11,21,Weekday,Fall,No,33.58,0.0,0.0,2.68,16.08,1.1
2023-11-23 22:00,11,22,Weekday,Fall,No,33.58,0.0,0.0,2.68,16.08,0.02
2023-11-23 23:00,11,23,Weekday,Fall,No,33.58,0.0,0.0,2.68,16.08,1.1
2023-11-24 00:00,11,0,Weekday,Fall,No,38.94,0.0,0.0,2.68,21.44,0.02
2023-11-24 01:00,11,1,Weekday,Fall,No,38.94,0.0,0.0,2.68,21.44,0.02
2023-11-24 02:00,11,2,Weekday,Fall,No,38.94,0.0,0.0,2.68,21.44,1.1
2023-11-24 03:00,11,3,Weekday,Fall,No,38.94,0.0,0.0,2.68,21.44,0.02
2023-11-24 04:00,11,4,Weekday,Fall,No,38.94,0.0,0.0,2.68,21.44,1.1
2023-11-24 05:00,11,5,Weekday,Fall,No,41.62,0.0,0.0,5.36,21.44,0.02
2023-11-24 06:00,11,6,Weekday,Fall,No,134.93,0.0,89.55,5.36,21.44,0.02
2023-11-24 07:00,11,7,Weekday,Fall,No,112.16,0.0,59.63,16.08,32.68,2.24
2023-11-24 08:00,11,8,Weekday,Fall,Yes,144.47,0.0,21.99,48.25,70.4,2.19
2023-11-24 09:00,11,9,Weekday,Fall,Yes,129.0,0.0,14.9,48.25,62.05,1.1
2023-11-24 10:00,11,10,Weekday,Fall,Yes,127.44,4.45,10.51,48.25,60.13,2.19
2023-11-24 11:00,11,11,Weekday,Fall,Yes,134.74,12.11,7.78,48.25,62.05,1.1
2023-11-24 12:00,11,12,Weekday,Fall,Yes,140.87,18.74,7.53,48.25,61.51,2.19
2023-11-24 13:00,11,13,Weekday,Fall,Yes,140.91,22.7,1.23,48.25,63.66,2.19
2023-11-24 14:00,11,14,Weekday,Fall,Yes,137.5,23.83,0.44,48.25,60.13,2.19
2023-11-24 15:00,11,15,Weekday,Fall,Yes,137.09,23.66,0.42,48.25,60.13,1.1
2023-11-24 16:00,11,16,Weekday,Fall,Yes,136.94,20.54,0.78,48.25,63.02,2.19
2023-11-24 17:00,11,17,Weekday,Fall,Yes,132.75,13.22,2.79,37.53,62.79,1.1
2023-11-24 18:00,11,18,Weekday,Fall,No,99.45,7.44,10.62,26.8,36.02,1.1
2023-11-24 19:00,11,19,Weekday,Fall,No,97.93,2.39,16.72,26.8,33.45,0.02
2023-11-24 20:00,11,20,Weekday,Fall,No,89.12,0.0,26.38,16.08,28.09,1.1
2023-11-24 21:00,11,21,Weekday,Fall,No,93.6,0.0,32.14,16.08,26.8,1.1
2023-11-24 22:00,11,22,Weekday,Fall,No,41.62,0.0,0.0,5.36,21.44,0.02
2023-11-24 23:00,11,23,Weekday,Fall,No,38.94,0.0,0.0,2.68,21.44,0.02
2023-11-25 00:00,11,0,Weekend,Fall,No,33.58,0.0,0.0,2.68,16.08,1.1
2023-11-25 01:00,11,1,Weekend,Fall,No,33.58,0.0,0.0,2.68,16.08,0.02
2023-11-25 02:00,11,2,Weekend,Fall,No,33.58,0.0,0.0,2.68,16.08,1.1
2023-11-25 03:00,11,3,Weekend,Fall,No,33.58,0.0,0.0,2.68,16.08,0.02
2023-11-25 04:00,11,4,Weekend,Fall,No,33.58,0.0,0.0,2.68,16.08,0.02
2023-11-25 05:00,11,5,Weekend,Fall,No,33.58,0.0,0.0,2.68,16.08,1.1
2023-11-25 06:00,11,6,Weekend,Fall,No,126.24,0.0,80.86,5.36,21.44,0.02
2023-11-25 07:00,11,7,Weekend,Fall,No,92.21,0.0,56.5,5.36,26.58,1.1
2023-11-25 08:00,11,8,Weekend,Fall,No,92.49,0.0,30.61,26.8,31.3,1.1
2023-11-25 09:00,11,9,Weekend,Fall,No,88.08,1.43,22.53,26.8,33.55,1.1
2023-11-25 10:00,11,10,Weekend,Fall,No,91.83,11.21,17.27,26.8,32.58,0.02
2023-11-25 11:00,11,11,Weekend,Fall,No,100.66,20.22,14.52,26.8,34.83,1.1
2023-11-25 12:00,11,12,Weekend,Fall,No,101.79,25.1,11.87,26.8,33.55,1.1
2023-11-25 13:00,11,13,Weekend,Fall,No,96.86,28.83,5.72,26.8,30.98,1.1
2023-11-25 14:00,11,14,Weekend,Fall,No,69.9,27.99,8.21,8.04,21.33,1.1
2023-11-25 15:00,11,15,Weekend,Fall,No,63.27,21.31,9.86,8.04,20.05,0.02
2023-11-25 16:00,11,16,Weekend,Fall,No,59.17,15.39,11.6,8.04,20.37,1.1
2023-11-25 17:00,11,17,Weekend,Fall,No,68.73,8.22,23.71,2.68,18.01,1.1
2023-11-25 18:00,11,18,Weekend,Fall,No,33.58,0.0,0.0,2.68,16.08,0.02
2023-11-25 19:00,11,19,Weekend,Fall,No,33.58,0.0,0.0,2.68,16.08,1.1
2023-11-25 20:00,11,20,Weekend,Fall,No,33.58,0.0,0.0,2.68,16.08,0.02
2023-11-25 21:00,11,21,Weekend,Fall,No,33.58,0.0,0.0,2.68,16.08,0.02
2023-11-25 22:00,11,22,Weekend,Fall,No,33.58,0.0,0.0,2.68,16.08,1.1
2023-11-25 23:00,11,23,Weekend,Fall,No,33.58,0.0,0.0,2.68,16.08,0.02
2023-11-26 00:00,11,0,Weekend,Fall,No,33.58,0.0,0.0,2.68,16.08,1.1
2023-11-26 01:00,11,1,Weekend,Fall,No,33.58,0.0,0.0,2.68,16.08,0.02
2023-11-26 02:00,11,2,Weekend,Fall,No,33.58,0.0,0.0,2.68,16.08,0.02
2023-11-26 03:00,11,3,Weekend,Fall,No,33.58,0.0,0.0,2.68,16.08,1.1
2023-11-26 04:00,11,4,Weekend,Fall,No,33.58,0.0,0.0,2.68,16.08,0.02
2023-11-26 05:00,11,5,Weekend,Fall,No,33.58,0.0,0.0,2.68,16.08,1.1
2023-11-26 06:00,11,6,Weekend,Fall,No,33.58,0.0,0.0,2.68,16.08,0.02
2023-11-26 07:00,11,7,Weekend,Fall,No,18.77,0.0,0.0,2.68,16.08,0.02
2023-11-26 08:00,11,8,Weekend,Fall,No,18.77,0.0,0.0,2.68,16.08,1.1
2023-11-26 09:00,11,9,Weekend,Fall,No,18.77,0.0,0.0,2.68,16.08,0.02
2023-11-26 10:00,11,10,Weekend,Fall,No,18.77,0.0,0.0,2.68,16.08,0.02
2023-11-26 11:00,11,11,Weekend,Fall,No,18.98,0.0,0.0,2.68,16.08,1.1
2023-11-26 12:00,11,12,Weekend,Fall,No,21.44,0.85,0.0,2.68,16.08,0.02
2023-11-26 13:00,11,13,Weekend,Fall,No,22.05,1.77,0.0,2.68,16.08,1.1
2023-11-26 14:00,11,14,Weekend,Fall,No,21.93,1.86,0.0,2.68,16.08,0.02
2023-11-26 15:00,11,15,Weekend,Fall,No,19.29,0.3,0.0,2.68,16.08,1.1
2023-11-26 16:00,11,16,Weekend,Fall,No,18.77,0.0,0.0,2.68,16.08,0.02
2023-11-26 17:00,11,17,Weekend,Fall,No,31.11,0.0,0.0,2.68,16.08,0.02
2023-11-26 18:00,11,18,Weekend,Fall,No,33.58,0.0,0.0,2.68,16.08,1.1
2023-11-26 19:00,11,19,Weekend,Fall,No,33.58,0.0,0.0,2.68,16.08,0.02
2023-11-26 20:00,11,20,Weekend,Fall,No,33.58,0.0,0.0,2.68,16.08,0.02
2023-11-26 21:00,11,21,Weekend,Fall,No,33.58,0.0,0.0,2.68,16.08,1.1
2023-11-26 22:00,11,22,Weekend,Fall,No,33.58,0.0,0.0,2.68,16.08,0.02
2023-11-26 23:00,11,23,Weekend,Fall,No,33.58,0.0,0.0,2.68,16.08,0.02
2023-11-27 00:00,11,0,Weekday,Fall,No,38.94,0.0,0.0,2.68,21.44,1.1
2023-11-27 01:00,11,1,Weekday,Fall,No,38.94,0.0,0.0,2.68,21.44,0.02
2023-11-27 02:00,11,2,Weekday,Fall,No,38.94,0.0,0.0,2.68,21.44,1.1
2023-11-27 03:00,11,3,Weekday,Fall,No,45.71,0.0,5.64,2.68,21.44,0.02
2023-11-27 04:00,11,4,Weekday,Fall,No,45.35,0.0,5.51,2.68,21.44,0.02
2023-11-27 05:00,11,5,Weekday,Fall,No,50.27,0.0,7.51,5.36,21.44,1.1
2023-11-27 06:00,11,6,Weekday,Fall,No,191.28,0.0,145.9,5.36,21.44,0.02
2023-11-27 07:00,11,7,Weekday,Fall,No,150.49,0.0,97.95,16.08,32.68,17.81
2023-11-27 08:00,11,8,Weekday,Fall,Yes,166.89,0.0,44.47,48.25,70.4,5.36
2023-11-27 09:00,11,9,Weekday,Fall,Yes,143.72,0.0,29.65,48.25,62.05,1.1
2023-11-27 10:00,11,10,Weekday,Fall,Yes,135.47,0.82,22.37,48.25,60.13,2.19
2023-11-27 11:00,11,11,Weekday,Fall,Yes,139.44,6.44,18.48,48.25,62.05,1.1
2023-11-27 12:00,11,12,Weekday,Fall,Yes,145.72,11.46,20.08,48.25,61.51,2.19
2023-11-27 13:00,11,13,Weekday,Fall,Yes,140.97,15.69,8.69,48.25,63.66,2.19
2023-11-27 14:00,11,14,Weekday,Fall,Yes,134.54,16.58,5.07,48.25,60.13,2.19
2023-11-27 15:00,11,15,Weekday,Fall,Yes,133.16,15.91,4.58,48.25,60.13,1.1
2023-11-27 16:00,11,16,Weekday,Fall,Yes,134.33,14.26,4.74,48.25,63.02,2.19
2023-11-27 17:00,11,17,Weekday,Fall,Yes,133.86,6.62,10.59,37.53,62.79,1.1
2023-11-27 18:00,11,18,Weekday,Fall,No,103.7,0.44,21.87,26.8,36.02,1.1
2023-11-27 19:00,11,19,Weekday,Fall,No,108.46,0.0,29.64,26.8,33.45,1.1
2023-11-27 20:00,11,20,Weekday,Fall,No,103.34,0.0,40.6,16.08,28.09,0.02
2023-11-27 21:00,11,21,Weekday,Fall,No,105.91,0.0,44.45,16.08,26.8,1.1
2023-11-27 22:00,11,22,Weekday,Fall,No,41.62,0.0,0.0,5.36,21.44,0.02
2023-11-27 23:00,11,23,Weekday,Fall,No,38.94,0.0,0.0,2.68,21.44,1.1
2023-11-28 00:00,11,0,Weekday,Fall,No,38.94,0.0,0.0,2.68,21.44,0.02
2023-11-28 01:00,11,1,Weekday,Fall,No,38.94,0.0,0.0,2.68,21.44,0.02
2023-11-28 02:00,11,2,Weekday,Fall,No,38.94,0.0,0.0,2.68,21.44,1.1
2023-11-28 03:00,11,3,Weekday,Fall,No,38.94,0.0,0.0,2.68,21.44,0.02
2023-11-28 04:00,11,4,Weekday,Fall,No,38.94,0.0,0.0,2.68,21.44,1.1
2023-11-28 05:00,11,5,Weekday,Fall,No,41.62,0.0,0.0,5.36,21.44,0.02
2023-11-28 06:00,11,6,Weekday,Fall,No,144.59,0.0,99.21,5.36,21.44,1.1
2023-11-28 07:00,11,7,Weekday,Fall,No,123.48,0.0,70.94,16.08,32.68,0.02
2023-11-28 08:00,11,8,Weekday,Fall,Yes,152.06,0.0,29.59,48.25,70.4,2.19
2023-11-28 09:00,11,9,Weekday,Fall,Yes,132.37,0.43,17.87,48.25,62.05,1.1
2023-11-28 10:00,11,10,Weekday,Fall,Yes,129.82,4.82,12.74,48.25,60.13,2.19
2023-11-28 11:00,11,11,Weekday,Fall,Yes,137.26,12.35,10.33,48.25,62.05,1.1
2023-11-28 12:00,11,12,Weekday,Fall,Yes,145.64,20.91,10.28,48.25,61.51,3.27
2023-11-28 13:00,11,13,Weekday,Fall,Yes,144.5,24.41,3.32,48.25,63.66,2.19
2023-11-28 14:00,11,14,Weekday,Fall,Yes,139.99,25.26,1.59,48.25,60.13,1.1
2023-11-28 15:00,11,15,Weekday,Fall,Yes,139.51,25.24,1.33,48.25,60.13,1.1
2023-11-28 16:00,11,16,Weekday,Fall,Yes,139.27,22.09,1.6,48.25,63.02,2.19
2023-11-28 17:00,11,17,Weekday,Fall,Yes,134.73,13.75,4.24,37.53,62.79,1.1
2023-11-28 18:00,11,18,Weekday,Fall,No,102.57,8.31,12.86,26.8,36.02,1.1
2023-11-28 19:00,11,19,Weekday,Fall,No,101.3,4.32,18.15,26.8,33.45,1.1
2023-11-28 20:00,11,20,Weekday,Fall,No,91.19,0.44,28.0,16.08,28.09,1.1
2023-11-28 21:00,11,21,Weekday,Fall,No,95.59,0.0,34.13,16.08,26.8,0.02
2023-11-28 22:00,11,22,Weekday,Fall,No,41.62,0.0,0.0,5.36,21.44,0.02
2023-11-28 23:00,11,23,Weekday,Fall,No,38.94,0.0,0.0,2.68,21.44,1.1
2023-11-29 00:00,11,0,Weekday,Fall,No,38.94,0.0,0.0,2.68,21.44,0.02
2023-11-29 01:00,11,1,Weekday,Fall,No,38.94,0.0,0.0,2.68,21.44,1.1
2023-11-29 02:00,11,2,Weekday,Fall,No,38.94,0.0,0.0,2.68,21.44,0.02
2023-11-29 03:00,11,3,Weekday,Fall,No,38.94,0.0,0.0,2.68,21.44,0.02
2023-11-29 04:00,11,4,Weekday,Fall,No,38.94,0.0,0.0,2.68,21.44,1.1
2023-11-29 05:00,11,5,Weekday,Fall,No,41.62,0.0,0.0,5.36,21.44,0.02
2023-11-29 06:00,11,6,Weekday,Fall,No,138.87,0.0,93.5,5.36,21.44,1.1
2023-11-29 07:00,11,7,Weekday,Fall,No,117.61,0.0,65.07,16.08,32.68,6.75
2023-11-29 08:00,11,8,Weekday,Fall,Yes,147.59,0.0,25.07,48.25,70.4,1.16
2023-11-29 09:00,11,9,Weekday,Fall,Yes,129.95,0.0,15.85,48.25,62.05,1.1
2023-11-29 10:00,11,10,Weekday,Fall,Yes,125.71,1.67,11.59,48.25,60.13,2.19
2023-11-29 11:00,11,11,Weekday,Fall,Yes,130.46,6.37,9.39,48.25,62.05,2.19
2023-11-29 12:00,11,12,Weekday,Fall,Yes,130.95,7.17,9.77,48.25,61.51,2.19
2023-11-29 13:00,11,13,Weekday,Fall,Yes,129.88,9.62,3.96,48.25,63.66,2.19
2023-11-29 14:00,11,14,Weekday,Fall,Yes,124.18,9.48,2.3,48.25,60.13,1.1
2023-11-29 15:00,11,15,Weekday,Fall,Yes,122.19,6.45,3.51,48.25,60.13,2.19
2023-11-29 16:00,11,16,Weekday,Fall,Yes,123.71,4.49,4.01,48.25,63.02,1.1
2023-11-29 17:00,11,17,Weekday,Fall,Yes,130.07,1.55,11.82,37.53,62.79,1.1
2023-11-29 18:00,11,18,Weekday,Fall,No,103.06,0.0,21.66,26.8,36.02,1.1
2023-11-29 19:00,11,19,Weekday,Fall,No,105.81,0.0,26.99,26.8,33.45,1.1
2023-11-29 20:00,11,20,Weekday,Fall,No,98.36,0.0,35.62,16.08,28.09,1.1
2023-11-29 21:00,11,21,Weekday,Fall,No,101.94,0.0,40.48,16.08,26.8,0.02
2023-11-29 22:00,11,22,Weekday,Fall,No,41.62,0.0,0.0,5.36,21.44,1.1
2023-11-29 23:00,11,23,Weekday,Fall,No,38.94,0.0,0.0,2.68,21.44,0.02
2023-11-30 00:00,11,0,Weekday,Fall,No,38.94,0.0,0.0,2.68,21.44,1.1
2023-11-30 01:00,11,1,Weekday,Fall,No,38.94,0.0,0.0,2.68,21.44,0.02
2023-11-30 02:00,11,2,Weekday,Fall,No,38.94,0.0,0.0,2.68,21.44,0.02
2023-11-30 03:00,11,3,Weekday,Fall,No,38.94,0.0,0.0,2.68,21.44,1.1
2023-11-30 04:00,11,4,Weekday,Fall,No,38.94,0.0,0.0,2.68,21.44,0.02
2023-11-30 05:00,11,5,Weekday,Fall,No,41.62,0.0,0.0,5.36,21.44,1.1
2023-11-30 06:00,11,6,Weekday,Fall,No,149.36,0.0,103.99,5.36,21.44,0.02
2023-11-30 07:00,11,7,Weekday,Fall,No,124.67,0.0,72.14,16.08,32.68,12.22
2023-11-30 08:00,11,8,Weekday,Fall,Yes,152.98,0.0,30.48,48.25,70.4,2.32
2023-11-30 09:00,11,9,Weekday,Fall,Yes,133.07,0.0,19.0,48.25,62.05,2.19
2023-11-30 10:00,11,10,Weekday,Fall,Yes,126.48,0.19,13.94,48.25,60.13,1.1
2023-11-30 11:00,11,11,Weekday,Fall,Yes,130.25,4.16,11.37,48.25,62.05,2.19
2023-11-30 12:00,11,12,Weekday,Fall,Yes,135.15,8.16,12.55,48.25,61.51,2.19
2023-11-30 13:00,11,13,Weekday,Fall,Yes,132.51,10.56,5.16,48.25,63.66,2.19
2023-11-30 14:00,11,14,Weekday,Fall,Yes,127.49,11.58,2.91,48.25,60.13,2.19
2023-11-30 15:00,11,15,Weekday,Fall,Yes,125.95,10.57,2.79,48.25,60.13,1.1
2023-11-30 16:00,11,16,Weekday,Fall,Yes,126.75,8.13,3.34,48.25,63.02,2.19
2023-11-30 17:00,11,17,Weekday,Fall,Yes,129.64,3.53,9.39,37.53,62.79,1.1
2023-11-30 18:00,11,18,Weekday,Fall,No,100.45,0.14,18.92,26.8,36.02,1.1
2023-11-30 19:00,11,19,Weekday,Fall,No,102.1,0.0,23.28,26.8,33.45,0.02
2023-11-30 20:00,11,20,Weekday,Fall,No,96.21,0.0,33.47,16.08,28.09,1.1
2023-11-30 21:00,11,21,Weekday,Fall,No,100.66,0.0,39.2,16.08,26.8,1.1
2023-11-30 22:00,11,22,Weekday,Fall,No,41.62,0.0,0.0,5.36,21.44,0.02
2023-11-30 23:00,11,23,Weekday,Fall,No,38.94,0.0,0.0,2.68,21.44,1.1
2023-12-01 00:00,12,0,Weekday,Winter,No,38.94,0.0,0.0,2.68,21.44,0.02
2023-12-01 01:00,12,1,Weekday,Winter,No,38.94,0.0,0.0,2.68,21.44,0.02
2023-12-01 02:00,12,2,Weekday,Winter,No,38.94,0.0,0.0,2.68,21.44,1.1
2023-12-01 03:00,12,3,Weekday,Winter,No,38.94,0.0,0.0,2.68,21.44,0.02
2023-12-01 04:00,12,4,Weekday,Winter,No,38.94,0.0,0.0,2.68,21.44,1.1
2023-12-01 05:00,12,5,Weekday,Winter,No,41.62,0.0,0.0,5.36,21.44,0.02
2023-12-01 06:00,12,6,Weekday,Winter,No,151.01,0.0,105.64,5.36,21.44,0.02
2023-12-01 07:00,12,7,Weekday,Winter,No,140.24,0.0,85.24,16.08,32.68,11.91
2023-12-01 08:00,12,8,Weekday,Winter,Yes,173.35,0.0,50.92,48.25,70.4,3.53
2023-12-01 09:00,12,9,Weekday,Winter,Yes,141.4,0.0,27.33,48.25,62.05,1.1
2023-12-01 10:00,12,10,Weekday,Winter,Yes,130.55,0.0,18.39,48.25,60.13,2.19
2023-12-01 11:00,12,11,Weekday,Winter,Yes,130.33,0.65,15.38,48.25,62.05,1.1
2023-12-01 12:00,12,12,Weekday,Winter,Yes,135.01,5.98,14.98,48.25,61.51,3.27
2023-12-01 13:00,12,13,Weekday,Winter,Yes,133.85,10.85,6.49,48.25,63.66,2.19
2023-12-01 14:00,12,14,Weekday,Winter,Yes,128.62,11.87,3.88,48.25,60.13,1.1
2023-12-01 15:00,12,15,Weekday,Winter,Yes,127.61,11.28,3.72,48.25,60.13,1.1
2023-12-01 16:00,12,16,Weekday,Winter,Yes,129.15,7.59,6.4,48.25,63.02,2.19
2023-12-01 17:00,12,17,Weekday,Winter,Yes,133.64,2.22,14.8,37.53,62.79,1.1
2023-12-01 18:00,12,18,Weekday,Winter,No,106.03,0.0,24.64,26.8,36.02,1.1
2023-12-01 19:00,12,19,Weekday,Winter,No,110.71,0.0,31.88,26.8,33.45,1.1
2023-12-01 20:00,12,20,Weekday,Winter,No,104.85,0.0,42.1,16.08,28.09,1.1
2023-12-01 21:00,12,21,Weekday,Winter,No,110.58,0.0,49.12,16.08,26.8,0.17
2023-12-01 22:00,12,22,Weekday,Winter,No,41.62,0.0,0.0,5.36,21.44,1.1
2023-12-01 23:00,12,23,Weekday,Winter,No,38.94,0.0,0.0,2.68,21.44,0.02
2023-12-02 00:00,12,0,Weekend,Winter,No,33.58,0.0,0.0,2.68,16.08,0.02
2023-12-02 01:00,12,1,Weekend,Winter,No,33.58,0.0,0.0,2.68,16.08,1.1
2023-12-02 02:00,12,2,Weekend,Winter,No,33.58,0.0,0.0,2.68,16.08,0.02
2023-12-02 03:00,12,3,Weekend,Winter,No,33.58,0.0,0.0,2.68,16.08,1.1
2023-12-02 04:00,12,4,Weekend,Winter,No,33.58,0.0,0.0,2.68,16.08,0.02
2023-12-02 05:00,12,5,Weekend,Winter,No,37.71,0.0,3.46,2.68,16.08,0.02
2023-12-02 06:00,12,6,Weekend,Winter,No,175.89,0.0,130.51,5.36,21.44,1.1
2023-12-02 07:00,12,7,Weekend,Winter,No,137.27,0.0,99.09,5.36,26.58,22.48
2023-12-02 08:00,12,8,Weekend,Winter,No,123.41,0.0,61.54,26.8,31.3,5.17
2023-12-02 09:00,12,9,Weekend,Winter,No,105.66,0.0,41.54,26.8,33.55,1.1
2023-12-02 10:00,12,10,Weekend,Winter,No,97.76,0.0,34.6,26.8,32.58,1.1
2023-12-02 11:00,12,11,Weekend,Winter,No,98.61,2.0,31.14,26.8,34.83,1.1
2023-12-02 12:00,12,12,Weekend,Winter,No,98.08,7.35,26.4,26.8,33.55,1.1
2023-12-02 13:00,12,13,Weekend,Winter,No,92.93,10.93,20.28,26.8,30.98,1.1
2023-12-02 14:00,12,14,Weekend,Winter,No,70.87,13.35,24.29,8.04,21.33,1.1
2023-12-02 15:00,12,15,Weekend,Winter,No,69.89,13.39,24.63,8.04,20.05,0.02
2023-12-02 16:00,12,16,Weekend,Winter,No,76.59,9.79,34.62,8.04,20.37,1.1
2023-12-02 17:00,12,17,Weekend,Winter,No,89.88,4.32,48.77,2.68,18.01,0.02
2023-12-02 18:00,12,18,Weekend,Winter,No,33.58,0.0,0.0,2.68,16.08,1.1
2023-12-02 19:00,12,19,Weekend,Winter,No,33.58,0.0,0.0,2.68,16.08,0.02
2023-12-02 20:00,12,20,Weekend,Winter,No,33.58,0.0,0.0,2.68,16.08,1.1
2023-12-02 21:00,12,21,Weekend,Winter,No,33.58,0.0,0.0,2.68,16.08,0.02
2023-12-02 22:00,12,22,Weekend,Winter,No,33.58,0.0,0.0,2.68,16.08,1.1
2023-12-02 23:00,12,23,Weekend,Winter,No,33.58,0.0,0.0,2.68,16.08,0.02
2023-12-03 00:00,12,0,Weekend,Winter,No,33.58,0.0,0.0,2.68,16.08,1.1
2023-12-03 01:00,12,1,Weekend,Winter,No,33.58,0.0,0.0,2.68,16.08,0.02
2023-12-03 02:00,12,2,Weekend,Winter,No,33.58,0.0,0.0,2.68,16.08,0.02
2023-12-03 03:00,12,3,Weekend,Winter,No,33.58,0.0,0.0,2.68,16.08,1.1
2023-12-03 04:00,12,4,Weekend,Winter,No,33.58,0.0,0.0,2.68,16.08,0.02
2023-12-03 05:00,12,5,Weekend,Winter,No,33.58,0.0,0.0,2.68,16.08,0.02
2023-12-03 06:00,12,6,Weekend,Winter,No,39.92,0.0,5.44,2.68,16.08,1.1
2023-12-03 07:00,12,7,Weekend,Winter,No,27.03,0.0,4.66,2.68,16.08,0.02
2023-12-03 08:00,12,8,Weekend,Winter,No,18.77,0.0,0.0,2.68,16.08,1.1
2023-12-03 09:00,12,9,Weekend,Winter,No,18.77,0.0,0.0,2.68,16.08,0.02
2023-12-03 10:00,12,10,Weekend,Winter,No,18.77,0.0,0.0,2.68,16.08,0.02
2023-12-03 11:00,12,11,Weekend,Winter,No,18.77,0.0,0.0,2.68,16.08,1.1
2023-12-03 12:00,12,12,Weekend,Winter,No,27.43,6.73,0.0,2.68,16.08,0.02
2023-12-03 13:00,12,13,Weekend,Winter,No,30.57,9.56,0.0,2.68,16.08,1.1
2023-12-03 14:00,12,14,Weekend,Winter,No,18.77,0.0,0.0,2.68,16.08,0.02
2023-12-03 15:00,12,15,Weekend,Winter,No,18.77,0.0,0.0,2.68,16.08,0.02
2023-12-03 16:00,12,16,Weekend,Winter,No,18.77,0.0,0.0,2.68,16.08,1.1
2023-12-03 17:00,12,17,Weekend,Winter,No,31.11,0.0,0.0,2.68,16.08,0.02
2023-12-03 18:00,12,18,Weekend,Winter,No,33.58,0.0,0.0,2.68,16.08,1.1
2023-12-03 19:00,12,19,Weekend,Winter,No,33.58,0.0,0.0,2.68,16.08,0.02
2023-12-03 20:00,12,20,Weekend,Winter,No,33.58,0.0,0.0,2.68,16.08,0.02
2023-12-03 21:00,12,21,Weekend,Winter,No,33.58,0.0,0.0,2.68,16.08,1.1
2023-12-03 22:00,12,22,Weekend,Winter,No,33.58,0.0,0.0,2.68,16.08,0.02
2023-12-03 23:00,12,23,Weekend,Winter,No,33.58,0.0,0.0,2.68,16.08,0.02
2023-12-04 00:00,12,0,Weekday,Winter,No,38.94,0.0,0.0,2.68,21.44,1.1
2023-12-04 01:00,12,1,Weekday,Winter,No,38.94,0.0,0.0,2.68,21.44,0.02
2023-12-04 02:00,12,2,Weekday,Winter,No,38.94,0.0,0.0,2.68,21.44,1.1
2023-12-04 03:00,12,3,Weekday,Winter,No,38.94,0.0,0.0,2.68,21.44,0.02
2023-12-04 04:00,12,4,Weekday,Winter,No,38.94,0.0,0.0,2.68,21.44,0.02
2023-12-04 05:00,12,5,Weekday,Winter,No,41.62,0.0,0.0,5.36,21.44,1.1
2023-12-04 06:00,12,6,Weekday,Winter,No,162.92,0.0,117.54,5.36,21.44,0.02
2023-12-04 07:00,12,7,Weekday,Winter,No,145.5,0.0,90.5,16.08,32.68,1.1
2023-12-04 08:00,12,8,Weekday,Winter,Yes,175.73,0.0,53.31,48.25,70.4,2.19
2023-12-04 09:00,12,9,Weekday,Winter,Yes,160.02,0.0,45.95,48.25,62.05,1.1
2023-12-04 10:00,12,10,Weekday,Winter,Yes,168.07,0.0,55.92,48.25,60.13,2.19
2023-12-04 11:00,12,11,Weekday,Winter,Yes,166.45,0.0,52.38,48.25,62.05,1.1
2023-12-04 12:00,12,12,Weekday,Winter,Yes,165.91,0.0,52.38,48.25,61.51,3.27
2023-12-04 13:00,12,13,Weekday,Winter,Yes,171.96,0.0,56.28,48.25,63.66,2.19
2023-12-04 14:00,12,14,Weekday,Winter,Yes,166.23,0.0,54.09,48.25,60.13,1.1
2023-12-04 15:00,12,15,Weekday,Winter,Yes,165.6,0.0,53.46,48.25,60.13,1.1
2023-12-04 16:00,12,16,Weekday,Winter,Yes,163.74,0.0,48.7,48.25,63.02,2.19
2023-12-04 17:00,12,17,Weekday,Winter,Yes,163.38,0.0,46.95,37.53,62.79,1.1
2023-12-04 18:00,12,18,Weekday,Winter,No,136.59,0.0,55.2,26.8,36.02,1.1
2023-12-04 19:00,12,19,Weekday,Winter,No,134.02,0.0,55.2,26.8,33.45,1.1
2023-12-04 20:00,12,20,Weekday,Winter,No,128.45,0.0,65.7,16.08,28.09,1.1
2023-12-04 21:00,12,21,Weekday,Winter,No,129.76,0.0,68.3,16.08,26.8,0.02
2023-12-04 22:00,12,22,Weekday,Winter,No,41.62,0.0,0.0,5.36,21.44,1.1
2023-12-04 23:00,12,23,Weekday,Winter,No,38.94,0.0,0.0,2.68,21.44,0.02
2023-12-05 00:00,12,0,Weekday,Winter,No,38.94,0.0,0.0,2.68,21.44,1.1
2023-12-05 01:00,12,1,Weekday,Winter,No,38.94,0.0,0.0,2.68,21.44,0.02
2023-12-05 02:00,12,2,Weekday,Winter,No,38.94,0.0,0.0,2.68,21.44,0.02
2023-12-05 03:00,12,3,Weekday,Winter,No,38.94,0.0,0.0,2.68,21.44,1.1
2023-12-05 04:00,12,4,Weekday,Winter,No,38.94,0.0,0.0,2.68,21.44,0.02
2023-12-05 05:00,12,5,Weekday,Winter,No,41.62,0.0,0.0,5.36,21.44,1.1
2023-12-05 06:00,12,6,Weekday,Winter,No,170.21,0.0,124.83,5.36,21.44,0.02
2023-12-05 07:00,12,7,Weekday,Winter,No,145.03,0.0,90.03,16.08,32.68,1.1
2023-12-05 08:00,12,8,Weekday,Winter,Yes,159.96,0.0,37.54,48.25,70.4,1.1
2023-12-05 09:00,12,9,Weekday,Winter,Yes,138.01,0.0,23.94,48.25,62.05,2.19
2023-12-05 10:00,12,10,Weekday,Winter,Yes,131.74,0.0,19.59,48.25,60.13,1.1
2023-12-05 11:00,12,11,Weekday,Winter,Yes,132.89,0.0,18.82,48.25,62.05,2.19
2023-12-05 12:00,12,12,Weekday,Winter,Yes,136.34,0.0,22.81,48.25,61.51,2.19
2023-12-05 13:00,12,13,Weekday,Winter,Yes,129.07,0.53,12.86,48.25,63.66,2.19
2023-12-05 14:00,12,14,Weekday,Winter,Yes,121.31,1.89,7.09,48.25,60.13,2.19
2023-12-05 15:00,12,15,Weekday,Winter,Yes,121.13,2.42,6.4,48.25,60.13,1.1
2023-12-05 16:00,12,16,Weekday,Winter,Yes,127.84,1.66,11.09,48.25,63.02,2.19
2023-12-05 17:00,12,17,Weekday,Winter,Yes,135.62,0.17,18.89,37.53,62.79,1.1
2023-12-05 18:00,12,18,Weekday,Winter,No,109.75,0.0,28.35,26.8,36.02,1.1
2023-12-05 19:00,12,19,Weekday,Winter,No,111.38,0.0,32.56,26.8,33.45,1.1
2023-12-05 20:00,12,20,Weekday,Winter,No,103.51,0.0,40.77,16.08,28.09,1.1
2023-12-05 21:00,12,21,Weekday,Winter,No,105.17,0.0,43.71,16.08,26.8,0.02
2023-12-05 22:00,12,22,Weekday,Winter,No,41.62,0.0,0.0,5.36,21.44,1.1
2023-12-05 23:00,12,23,Weekday,Winter,No,38.94,0.0,0.0,2.68,21.44,0.02
2023-12-06 00:00,12,0,Weekday,Winter,No,38.94,0.0,0.0,2.68,21.44,0.02
2023-12-06 01:00,12,1,Weekday,Winter,No,38.94,0.0,0.0,2.68,21.44,1.1
2023-12-06 02:00,12,2,Weekday,Winter,No,38.94,0.0,0.0,2.68,21.44,0.02
2023-12-06 03:00,12,3,Weekday,Winter,No,38.94,0.0,0.0,2.68,21.44,1.1
2023-12-06 04:00,12,4,Weekday,Winter,No,38.94,0.0,0.0,2.68,21.44,0.02
2023-12-06 05:00,12,5,Weekday,Winter,No,41.62,0.0,0.0,5.36,21.44,0.02
2023-12-06 06:00,12,6,Weekday,Winter,No,144.92,0.0,99.54,5.36,21.44,1.1
2023-12-06 07:00,12,7,Weekday,Winter,No,130.13,0.0,75.13,16.08,32.68,1.1
2023-12-06 08:00,12,8,Weekday,Winter,Yes,168.38,0.0,45.96,48.25,70.4,1.1
2023-12-06 09:00,12,9,Weekday,Winter,Yes,151.77,0.0,37.7,48.25,62.05,2.19
2023-12-06 10:00,12,10,Weekday,Winter,Yes,145.13,0.0,32.99,48.25,60.13,1.1
2023-12-06 11:00,12,11,Weekday,Winter,Yes,142.25,0.0,28.18,48.25,62.05,2.19
2023-12-06 12:00,12,12,Weekday,Winter,Yes,147.39,0.0,33.86,48.25,61.51,2.19
2023-12-06 13:00,12,13,Weekday,Winter,Yes,139.3,0.0,23.62,48.25,63.66,2.19
2023-12-06 14:00,12,14,Weekday,Winter,Yes,125.44,0.0,13.29,48.25,60.13,2.19
2023-12-06 15:00,12,15,Weekday,Winter,Yes,128.11,0.0,15.97,48.25,60.13,1.1
2023-12-06 16:00,12,16,Weekday,Winter,Yes,137.91,0.0,22.85,48.25,63.02,2.19
2023-12-06 17:00,12,17,Weekday,Winter,Yes,145.95,0.0,29.41,37.53,62.79,1.1
2023-12-06 18:00,12,18,Weekday,Winter,No,120.25,0.0,38.85,26.8,36.02,1.1
2023-12-06 19:00,12,19,Weekday,Winter,No,122.35,0.0,43.52,26.8,33.45,1.1
2023-12-06 20:00,12,20,Weekday,Winter,No,115.56,0.0,52.82,16.08,28.09,0.02
2023-12-06 21:00,12,21,Weekday,Winter,No,119.96,0.0,58.5,16.08,26.8,1.1
2023-12-06 22:00,12,22,Weekday,Winter,No,41.62,0.0,0.0,5.36,21.44,0.02
2023-12-06 23:00,12,23,Weekday,Winter,No,38.94,0.0,0.0,2.68,21.44,1.1
2023-12-07 00:00,12,0,Weekday,Winter,No,38.94,0.0,0.0,2.68,21.44,0.02
2023-12-07 01:00,12,1,Weekday,Winter,No,38.94,0.0,0.0,2.68,21.44,1.1
2023-12-07 02:00,12,2,Weekday,Winter,No,38.94,0.0,0.0,2.68,21.44,0.02
2023-12-07 03:00,12,3,Weekday,Winter,No,38.94,0.0,0.0,2.68,21.44,0.02
2023-12-07 04:00,12,4,Weekday,Winter,No,38.94,0.0,0.0,2.68,21.44,1.1
2023-12-07 05:00,12,5,Weekday,Winter,No,41.62,0.0,0.0,5.36,21.44,0.02
2023-12-07 06:00,12,6,Weekday,Winter,No,166.87,0.0,121.49,5.36,21.44,1.1
2023-12-07 07:00,12,7,Weekday,Winter,No,147.29,0.0,92.29,16.08,32.68,7.84
2023-12-07 08:00,12,8,Weekday,Winter,Yes,168.73,0.0,46.31,48.25,70.4,1.58
2023-12-07 09:00,12,9,Weekday,Winter,Yes,143.14,0.0,29.07,48.25,62.05,2.19
2023-12-07 10:00,12,10,Weekday,Winter,Yes,132.95,0.0,20.79,48.25,60.13,1.1
2023-12-07 11:00,12,11,Weekday,Winter,Yes,132.2,0.4,17.53,48.25,62.05,2.19
2023-12-07 12:00,12,12,Weekday,Winter,Yes,134.92,2.16,18.77,48.25,61.51,2.19
2023-12-07 13:00,12,13,Weekday,Winter,Yes,129.2,3.69,9.26,48.25,63.66,2.19
2023-12-07 14:00,12,14,Weekday,Winter,Yes,122.34,3.9,6.18,48.25,60.13,2.19
2023-12-07 15:00,12,15,Weekday,Winter,Yes,122.9,3.8,6.96,48.25,60.13,1.1
2023-12-07 16:00,12,16,Weekday,Winter,Yes,131.07,2.45,13.52,48.25,63.02,2.19
2023-12-07 17:00,12,17,Weekday,Winter,Yes,136.67,0.19,19.91,37.53,62.79,1.1
2023-12-07 18:00,12,18,Weekday,Winter,No,110.74,0.0,29.35,26.8,36.02,1.1
2023-12-07 19:00,12,19,Weekday,Winter,No,111.69,0.0,32.87,26.8,33.45,1.1
2023-12-07 20:00,12,20,Weekday,Winter,No,105.55,0.0,42.81,16.08,28.09,0.02
2023-12-07 21:00,12,21,Weekday,Winter,No,111.17,0.0,49.71,16.08,26.8,1.1
2023-12-07 22:00,12,22,Weekday,Winter,No,41.62,0.0,0.0,5.36,21.44,0.02
2023-12-07 23:00,12,23,Weekday,Winter,No,38.94,0.0,0.0,2.68,21.44,1.1
2023-12-08 00:00,12,0,Weekday,Winter,No,38.94,0.0,0.0,2.68,21.44,0.02
2023-12-08 01:00,12,1,Weekday,Winter,No,38.94,0.0,0.0,2.68,21.44,1.1
2023-12-08 02:00,12,2,Weekday,Winter,No,38.94,0.0,0.0,2.68,21.44,0.02
2023-12-08 03:00,12,3,Weekday,Winter,No,38.94,0.0,0.0,2.68,21.44,0.02
2023-12-08 04:00,12,4,Weekday,Winter,No,38.94,0.0,0.0,2.68,21.44,1.1
2023-12-08 05:00,12,5,Weekday,Winter,No,41.62,0.0,0.0,5.36,21.44,0.02
2023-12-08 06:00,12,6,Weekday,Winter,No,155.0,0.0,109.62,5.36,21.44,1.1
2023-12-08 07:00,12,7,Weekday,Winter,No,133.61,0.0,78.61,16.08,32.68,3.44
2023-12-08 08:00,12,8,Weekday,Winter,Yes,156.03,0.0,33.61,48.25,70.4,1.1
2023-12-08 09:00,12,9,Weekday,Winter,Yes,135.52,0.0,21.45,48.25,62.05,1.1
2023-12-08 10:00,12,10,Weekday,Winter,Yes,128.24,0.0,15.98,48.25,60.13,2.19
2023-12-08 11:00,12,11,Weekday,Winter,Yes,129.26,0.33,14.4,48.25,62.05,2.19
2023-12-08 12:00,12,12,Weekday,Winter,Yes,134.38,4.05,16.1,48.25,61.51,2.19
2023-12-08 13:00,12,13,Weekday,Winter,Yes,131.19,6.74,7.85,48.25,63.66,2.19
2023-12-08 14:00,12,14,Weekday,Winter,Yes,124.67,7.23,4.52,48.25,60.13,2.19
2023-12-08 15:00,12,15,Weekday,Winter,Yes,124.99,8.16,4.24,48.25,60.13,1.1
2023-12-08 16:00,12,16,Weekday,Winter,Yes,129.41,6.73,7.54,48.25,63.02,2.19
2023-12-08 17:00,12,17,Weekday,Winter,Yes,135.46,3.92,14.95,37.53,62.79,1.1
2023-12-08 18:00,12,18,Weekday,Winter,No,104.76,0.61,22.76,26.8,36.02,1.1
2023-12-08 19:00,12,19,Weekday,Winter,No,106.9,0.0,28.07,26.8,33.45,1.1
2023-12-08 20:00,12,20,Weekday,Winter,No,99.11,0.0,36.37,16.08,28.09,0.02
2023-12-08 21:00,12,21,Weekday,Winter,No,103.89,0.0,42.43,16.08,26.8,1.1
2023-12-08 22:00,12,22,Weekday,Winter,No,41.62,0.0,0.0,5.36,21.44,0.02
2023-12-08 23:00,12,23,Weekday,Winter,No,38.94,0.0,0.0,2.68,21.44,1.1
2023-12-09 00:00,12,0,Weekend,Winter,No,33.58,0.0,0.0,2.68,16.08,0.02
2023-12-09 01:00,12,1,Weekend,Winter,No,33.58,0.0,0.0,2.68,16.08,1.1
2023-12-09 02:00,12,2,Weekend,Winter,No,33.58,0.0,0.0,2.68,16.08,0.02
2023-12-09 03:00,12,3,Weekend,Winter,No,33.58,0.0,0.0,2.68,16.08,0.02
2023-12-09 04:00,12,4,Weekend,Winter,No,33.58,0.0,0.0,2.68,16.08,1.1
2023-12-09 05:00,12,5,Weekend,Winter,No,33.58,0.0,0.0,2.68,16.08,0.02
2023-12-09 06:00,12,6,Weekend,Winter,No,149.28,0.0,103.9,5.36,21.44,1.1
2023-12-09 07:00,12,7,Weekend,Winter,No,117.51,0.0,79.33,5.36,26.58,1.87
2023-12-09 08:00,12,8,Weekend,Winter,No,108.12,0.0,46.25,26.8,31.3,1.1
2023-12-09 09:00,12,9,Weekend,Winter,No,97.09,0.0,32.97,26.8,33.55,1.1
2023-12-09 10:00,12,10,Weekend,Winter,No,92.05,0.0,28.85,26.8,32.58,1.1
2023-12-09 11:00,12,11,Weekend,Winter,No,94.32,1.98,26.65,26.8,34.83,1.1
2023-12-09 12:00,12,12,Weekend,Winter,No,94.86,6.29,23.94,26.8,33.55,1.1
2023-12-09 13:00,12,13,Weekend,Winter,No,89.41,9.29,17.98,26.8,30.98,1.1
2023-12-09 14:00,12,14,Weekend,Winter,No,65.05,10.98,20.5,8.04,21.33,0.02
2023-12-09 15:00,12,15,Weekend,Winter,No,65.46,12.28,21.14,8.04,20.05,1.1
2023-12-09 16:00,12,16,Weekend,Winter,No,69.1,10.64,26.29,8.04,20.37,1.1
2023-12-09 17:00,12,17,Weekend,Winter,No,83.14,5.7,40.65,2.68,18.01,0.02
2023-12-09 18:00,12,18,Weekend,Winter,No,33.58,0.0,0.0,2.68,16.08,1.1
2023-12-09 19:00,12,19,Weekend,Winter,No,33.58,0.0,0.0,2.68,16.08,0.02
2023-12-09 20:00,12,20,Weekend,Winter,No,33.58,0.0,0.0,2.68,16.08,1.1
2023-12-09 21:00,12,21,Weekend,Winter,No,33.58,0.0,0.0,2.68,16.08,0.02
2023-12-09 22:00,12,22,Weekend,Winter,No,33.58,0.0,0.0,2.68,16.08,1.1
2023-12-09 23:00,12,23,Weekend,Winter,No,33.58,0.0,0.0,2.68,16.08,0.02
2023-12-10 00:00,12,0,Weekend,Winter,No,33.58,0.0,0.0,2.68,16.08,1.1
2023-12-10 01:00,12,1,Weekend,Winter,No,33.58,0.0,0.0,2.68,16.08,0.02
2023-12-10 02:00,12,2,Weekend,Winter,No,33.58,0.0,0.0,2.68,16.08,0.02
2023-12-10 03:00,12,3,Weekend,Winter,No,33.58,0.0,0.0,2.68,16.08,1.1
2023-12-10 04:00,12,4,Weekend,Winter,No,33.58,0.0,0.0,2.68,16.08,0.02
2023-12-10 05:00,12,5,Weekend,Winter,No,33.58,0.0,0.0,2.68,16.08,0.02
2023-12-10 06:00,12,6,Weekend,Winter,No,33.58,0.0,0.0,2.68,16.08,1.1
2023-12-10 07:00,12,7,Weekend,Winter,No,21.24,0.0,0.0,2.68,16.08,0.02
2023-12-10 08:00,12,8,Weekend,Winter,No,18.77,0.0,0.0,2.68,16.08,1.1
2023-12-10 09:00,12,9,Weekend,Winter,No,18.77,0.0,0.0,2.68,16.08,0.02
2023-12-10 10:00,12,10,Weekend,Winter,No,18.77,0.0,0.0,2.68,16.08,0.02
2023-12-10 11:00,12,11,Weekend,Winter,No,24.38,4.49,0.0,2.68,16.08,1.1
2023-12-10 12:00,12,12,Weekend,Winter,No,34.34,12.93,0.0,2.68,16.08,0.02
2023-12-10 13:00,12,13,Weekend,Winter,No,37.88,16.16,0.0,2.68,16.08,1.1
2023-12-10 14:00,12,14,Weekend,Winter,No,37.34,15.83,0.0,2.68,16.08,0.02
2023-12-10 15:00,12,15,Weekend,Winter,No,36.38,15.03,0.0,2.68,16.08,1.1
2023-12-10 16:00,12,16,Weekend,Winter,No,20.01,1.05,0.0,2.68,16.08,0.02
2023-12-10 17:00,12,17,Weekend,Winter,No,31.11,0.0,0.0,2.68,16.08,0.02
2023-12-10 18:00,12,18,Weekend,Winter,No,33.58,0.0,0.0,2.68,16.08,1.1
2023-12-10 19:00,12,19,Weekend,Winter,No,33.58,0.0,0.0,2.68,16.08,0.02
2023-12-10 20:00,12,20,Weekend,Winter,No,33.58,0.0,0.0,2.68,16.08,0.02
2023-12-10 21:00,12,21,Weekend,Winter,No,33.58,0.0,0.0,2.68,16.08,1.1
2023-12-10 22:00,12,22,Weekend,Winter,No,33.58,0.0,0.0,2.68,16.08,0.02
2023-12-10 23:00,12,23,Weekend,Winter,No,33.58,0.0,0.0,2.68,16.08,1.1
2023-12-11 00:00,12,0,Weekday,Winter,No,38.94,0.0,0.0,2.68,21.44,0.02
2023-12-11 01:00,12,1,Weekday,Winter,No,38.94,0.0,0.0,2.68,21.44,0.02
2023-12-11 02:00,12,2,Weekday,Winter,No,38.94,0.0,0.0,2.68,21.44,1.1
2023-12-11 03:00,12,3,Weekday,Winter,No,38.94,0.0,0.0,2.68,21.44,0.02
2023-12-11 04:00,12,4,Weekday,Winter,No,38.94,0.0,0.0,2.68,21.44,1.1
2023-12-11 05:00,12,5,Weekday,Winter,No,41.62,0.0,0.0,5.36,21.44,0.02
2023-12-11 06:00,12,6,Weekday,Winter,No,124.39,0.0,79.01,5.36,21.44,1.1
2023-12-11 07:00,12,7,Weekday,Winter,No,114.96,0.0,59.96,16.08,32.68,0.02
2023-12-11 08:00,12,8,Weekday,Winter,Yes,142.5,0.55,19.53,48.25,70.4,2.19
2023-12-11 09:00,12,9,Weekday,Winter,Yes,133.12,6.67,12.33,48.25,62.05,1.1
2023-12-11 10:00,12,10,Weekday,Winter,Yes,135.04,13.94,8.6,48.25,60.13,2.19
2023-12-11 11:00,12,11,Weekday,Winter,Yes,143.1,22.31,5.93,48.25,62.05,2.19
2023-12-11 12:00,12,12,Weekday,Winter,Yes,148.68,28.96,5.19,48.25,61.51,2.19
2023-12-11 13:00,12,13,Weekday,Winter,Yes,151.4,34.13,0.34,48.25,63.66,2.19
2023-12-11 14:00,12,14,Weekday,Winter,Yes,149.62,36.3,0.0,48.25,60.13,2.19
2023-12-11 15:00,12,15,Weekday,Winter,Yes,150.87,37.6,0.0,48.25,60.13,1.1
2023-12-11 16:00,12,16,Weekday,Winter,Yes,152.35,36.34,0.0,48.25,63.02,2.19
2023-12-11 17:00,12,17,Weekday,Winter,Yes,141.33,23.54,1.13,37.53,62.79,1.1
2023-12-11 18:00,12,18,Weekday,Winter,No,102.91,15.22,6.29,26.8,36.02,1.1
2023-12-11 19:00,12,19,Weekday,Winter,No,101.22,9.68,12.71,26.8,33.45,1.1
2023-12-11 20:00,12,20,Weekday,Winter,No,88.14,4.48,20.92,16.08,28.09,0.02
2023-12-11 21:00,12,21,Weekday,Winter,No,89.81,0.6,27.74,16.08,26.8,1.1
2023-12-11 22:00,12,22,Weekday,Winter,No,41.62,0.0,0.0,5.36,21.44,0.02
2023-12-11 23:00,12,23,Weekday,Winter,No,38.94,0.0,0.0,2.68,21.44,1.1
2023-12-12 00:00,12,0,Weekday,Winter,No,38.94,0.0,0.0,2.68,21.44,0.02
2023-12-12 01:00,12,1,Weekday,Winter,No,38.94,0.0,0.0,2.68,21.44,1.1
2023-12-12 02:00,12,2,Weekday,Winter,No,38.94,0.0,0.0,2.68,21.44,0.02
2023-12-12 03:00,12,3,Weekday,Winter,No,38.94,0.0,0.0,2.68,21.44,0.02
2023-12-12 04:00,12,4,Weekday,Winter,No,38.94,0.0,0.0,2.68,21.44,1.1
2023-12-12 05:00,12,5,Weekday,Winter,No,41.62,0.0,0.0,5.36,21.44,0.02
2023-12-12 06:00,12,6,Weekday,Winter,No,114.47,0.0,69.1,5.36,21.44,1.1
2023-12-12 07:00,12,7,Weekday,Winter,No,107.15,0.0,52.15,16.08,32.68,1.1
2023-12-12 08:00,12,8,Weekday,Winter,Yes,140.97,0.19,18.32,48.25,70.4,1.1
2023-12-12 09:00,12,9,Weekday,Winter,Yes,131.46,6.87,10.49,48.25,62.05,2.19
2023-12-12 10:00,12,10,Weekday,Winter,Yes,135.96,16.73,6.62,48.25,60.13,1.1
2023-12-12 11:00,12,11,Weekday,Winter,Yes,144.99,25.61,4.3,48.25,62.05,2.19
2023-12-12 12:00,12,12,Weekday,Winter,Yes,150.59,32.67,3.05,48.25,61.51,2.19
2023-12-12 13:00,12,13,Weekday,Winter,Yes,153.59,36.36,0.05,48.25,63.66,2.19
2023-12-12 14:00,12,14,Weekday,Winter,Yes,151.35,37.84,0.0,48.25,60.13,2.19
2023-12-12 15:00,12,15,Weekday,Winter,Yes,151.29,37.89,0.0,48.25,60.13,1.1
2023-12-12 16:00,12,16,Weekday,Winter,Yes,152.68,36.35,0.0,48.25,63.02,2.19
2023-12-12 17:00,12,17,Weekday,Winter,Yes,142.82,25.68,0.37,37.53,62.79,1.1
2023-12-12 18:00,12,18,Weekday,Winter,No,102.46,17.37,3.69,26.8,36.02,1.1
2023-12-12 19:00,12,19,Weekday,Winter,No,98.75,11.09,8.83,26.8,33.45,1.1
2023-12-12 20:00,12,20,Weekday,Winter,No,84.24,3.43,18.07,16.08,28.09,1.1
2023-12-12 21:00,12,21,Weekday,Winter,No,86.46,0.0,25.0,16.08,26.8,0.02
2023-12-12 22:00,12,22,Weekday,Winter,No,41.62,0.0,0.0,5.36,21.44,1.1
2023-12-12 23:00,12,23,Weekday,Winter,No,38.94,0.0,0.0,2.68,21.44,0.02
2023-12-13 00:00,12,0,Weekday,Winter,No,38.94,0.0,0.0,2.68,21.44,0.02
2023-12-13 01:00,12,1,Weekday,Winter,No,38.94,0.0,0.0,2.68,21.44,1.1
2023-12-13 02:00,12,2,Weekday,Winter,No,38.94,0.0,0.0,2.68,21.44,0.02
2023-12-13 03:00,12,3,Weekday,Winter,No,38.94,0.0,0.0,2.68,21.44,1.1
2023-12-13 04:00,12,4,Weekday,Winter,No,38.94,0.0,0.0,2.68,21.44,0.02
2023-12-13 05:00,12,5,Weekday,Winter,No,41.62,0.0,0.0,5.36,21.44,1.1
2023-12-13 06:00,12,6,Weekday,Winter,No,104.39,0.0,59.01,5.36,21.44,0.02
2023-12-13 07:00,12,7,Weekday,Winter,No,101.42,0.0,46.42,16.08,32.68,1.1
2023-12-13 08:00,12,8,Weekday,Winter,Yes,138.6,0.0,16.11,48.25,70.4,1.1
2023-12-13 09:00,12,9,Weekday,Winter,Yes,128.21,4.34,9.74,48.25,62.05,2.19
2023-12-13 10:00,12,10,Weekday,Winter,Yes,130.7,11.7,6.38,48.25,60.13,1.13
2023-12-13 11:00,12,11,Weekday,Winter,Yes,139.76,20.64,4.03,48.25,62.05,2.16
2023-12-13 12:00,12,12,Weekday,Winter,Yes,146.22,28.38,2.94,48.25,61.51,3.27
2023-12-13 13:00,12,13,Weekday,Winter,Yes,151.6,34.29,0.05,48.25,63.66,2.19
2023-12-13 14:00,12,14,Weekday,Winter,Yes,150.05,36.51,0.0,48.25,60.13,1.1
2023-12-13 15:00,12,15,Weekday,Winter,Yes,147.91,34.7,0.0,48.25,60.13,2.19
2023-12-13 16:00,12,16,Weekday,Winter,Yes,144.15,28.54,0.0,48.25,63.02,1.1
2023-12-13 17:00,12,17,Weekday,Winter,Yes,139.02,21.79,0.52,37.53,62.79,1.1
2023-12-13 18:00,12,18,Weekday,Winter,No,102.17,15.69,5.09,26.8,36.02,1.1
2023-12-13 19:00,12,19,Weekday,Winter,No,98.95,10.5,9.62,26.8,33.45,1.1
2023-12-13 20:00,12,20,Weekday,Winter,No,86.62,6.91,16.96,16.08,28.09,1.1
2023-12-13 21:00,12,21,Weekday,Winter,No,87.6,4.6,21.54,16.08,26.8,1.1
2023-12-13 22:00,12,22,Weekday,Winter,No,41.62,0.0,0.0,5.36,21.44,0.02
2023-12-13 23:00,12,23,Weekday,Winter,No,38.94,0.0,0.0,2.68,21.44,0.02
2023-12-14 00:00,12,0,Weekday,Winter,No,38.94,0.0,0.0,2.68,21.44,1.1
2023-12-14 01:00,12,1,Weekday,Winter,No,38.94,0.0,0.0,2.68,21.44,0.02
2023-12-14 02:00,12,2,Weekday,Winter,No,38.94,0.0,0.0,2.68,21.44,1.1
2023-12-14 03:00,12,3,Weekday,Winter,No,38.94,0.0,0.0,2.68,21.44,0.02
2023-12-14 04:00,12,4,Weekday,Winter,No,38.94,0.0,0.0,2.68,21.44,0.02
2023-12-14 05:00,12,5,Weekday,Winter,No,41.62,0.0,0.0,5.36,21.44,1.1
2023-12-14 06:00,12,6,Weekday,Winter,No,91.39,0.0,46.01,5.36,21.44,0.02
2023-12-14 07:00,12,7,Weekday,Winter,No,96.16,0.0,38.69,16.08,32.68,1.1
2023-12-14 08:00,12,8,Weekday,Winter,Yes,136.91,1.22,13.18,48.25,70.4,2.19
2023-12-14 09:00,12,9,Weekday,Winter,Yes,126.84,4.49,8.25,48.25,62.05,1.1
2023-12-14 10:00,12,10,Weekday,Winter,Yes,125.2,6.52,6.3,48.25,60.13,2.19
2023-12-14 11:00,12,11,Weekday,Winter,Yes,129.35,9.89,4.82,48.25,62.05,2.19
2023-12-14 12:00,12,12,Weekday,Winter,Yes,132.93,12.96,5.65,48.25,61.51,2.19
2023-12-14 13:00,12,13,Weekday,Winter,Yes,133.89,16.0,1.19,48.25,63.66,2.19
2023-12-14 14:00,12,14,Weekday,Winter,Yes,130.4,16.93,0.47,48.25,60.13,2.19
2023-12-14 15:00,12,15,Weekday,Winter,Yes,128.85,15.45,0.58,48.25,60.13,1.1
2023-12-14 16:00,12,16,Weekday,Winter,Yes,129.86,13.35,1.02,48.25,63.02,2.19
2023-12-14 17:00,12,17,Weekday,Winter,Yes,129.93,9.93,3.3,37.53,62.79,1.1
2023-12-14 18:00,12,18,Weekday,Winter,No,98.28,5.66,11.22,26.8,36.02,1.1
2023-12-14 19:00,12,19,Weekday,Winter,No,98.25,3.58,15.83,26.8,33.45,1.1
2023-12-14 20:00,12,20,Weekday,Winter,No,88.29,1.88,23.67,16.08,28.09,0.02
2023-12-14 21:00,12,21,Weekday,Winter,No,90.46,0.96,28.04,16.08,26.8,1.1
2023-12-14 22:00,12,22,Weekday,Winter,No,41.62,0.0,0.0,5.36,21.44,0.02
2023-12-14 23:00,12,23,Weekday,Winter,No,38.94,0.0,0.0,2.68,21.44,1.1
2023-12-15 00:00,12,0,Weekday,Winter,No,38.94,0.0,0.0,2.68,21.44,0.02
2023-12-15 01:00,12,1,Weekday,Winter,No,38.94,0.0,0.0,2.68,21.44,1.1
2023-12-15 02:00,12,2,Weekday,Winter,No,38.94,0.0,0.0,2.68,21.44,0.02
2023-12-15 03:00,12,3,Weekday,Winter,No,38.94,0.0,0.0,2.68,21.44,0.02
2023-12-15 04:00,12,4,Weekday,Winter,No,38.94,0.0,0.0,2.68,21.44,1.1
2023-12-15 05:00,12,5,Weekday,Winter,No,41.62,0.0,0.0,5.36,21.44,0.02
2023-12-15 06:00,12,6,Weekday,Winter,No,105.99,0.0,60.62,5.36,21.44,1.1
2023-12-15 07:00,12,7,Weekday,Winter,No,106.31,0.0,48.84,16.08,32.68,1.1
2023-12-15 08:00,12,8,Weekday,Winter,Yes,140.24,0.0,17.75,48.25,70.4,1.1
2023-12-15 09:00,12,9,Weekday,Winter,Yes,126.28,1.19,11.0,48.25,62.05,2.19
2023-12-15 10:00,12,10,Weekday,Winter,Yes,123.75,3.42,7.86,48.25,60.13,1.1
2023-12-15 11:00,12,11,Weekday,Winter,Yes,128.46,7.77,5.85,48.25,62.05,2.19
2023-12-15 12:00,12,12,Weekday,Winter,Yes,134.37,13.9,5.84,48.25,61.51,2.19
2023-12-15 13:00,12,13,Weekday,Winter,Yes,135.28,17.45,0.81,48.25,63.66,3.27
2023-12-15 14:00,12,14,Weekday,Winter,Yes,132.27,18.65,0.32,48.25,60.13,1.1
2023-12-15 15:00,12,15,Weekday,Winter,Yes,132.05,18.66,0.3,48.25,60.13,1.1
2023-12-15 16:00,12,16,Weekday,Winter,Yes,131.27,14.98,0.67,48.25,63.02,2.19
2023-12-15 17:00,12,17,Weekday,Winter,Yes,129.0,9.31,2.99,37.53,62.79,1.1
2023-12-15 18:00,12,18,Weekday,Winter,No,97.14,4.91,10.84,26.8,36.02,1.1
2023-12-15 19:00,12,19,Weekday,Winter,No,96.56,0.71,17.02,26.8,33.45,1.1
2023-12-15 20:00,12,20,Weekday,Winter,No,89.38,0.0,26.63,16.08,28.09,1.1
2023-12-15 21:00,12,21,Weekday,Winter,No,93.34,0.0,31.88,16.08,26.8,1.1
2023-12-15 22:00,12,22,Weekday,Winter,No,41.62,0.0,0.0,5.36,21.44,0.02
2023-12-15 23:00,12,23,Weekday,Winter,No,38.94,0.0,0.0,2.68,21.44,0.02
2023-12-16 00:00,12,0,Weekend,Winter,No,33.58,0.0,0.0,2.68,16.08,1.1
2023-12-16 01:00,12,1,Weekend,Winter,No,33.58,0.0,0.0,2.68,16.08,0.02
2023-12-16 02:00,12,2,Weekend,Winter,No,33.58,0.0,0.0,2.68,16.08,1.1
2023-12-16 03:00,12,3,Weekend,Winter,No,33.58,0.0,0.0,2.68,16.08,0.02
2023-12-16 04:00,12,4,Weekend,Winter,No,33.58,0.0,0.0,2.68,16.08,0.02
2023-12-16 05:00,12,5,Weekend,Winter,No,33.58,0.0,0.0,2.68,16.08,1.1
2023-12-16 06:00,12,6,Weekend,Winter,No,136.3,0.0,90.92,5.36,21.44,0.02
2023-12-16 07:00,12,7,Weekend,Winter,No,112.54,0.0,71.9,5.36,26.58,6.64
2023-12-16 08:00,12,8,Weekend,Winter,No,100.75,0.0,38.88,26.8,31.3,1.46
2023-12-16 09:00,12,9,Weekend,Winter,No,90.12,0.0,26.0,26.8,33.55,1.1
2023-12-16 10:00,12,10,Weekend,Winter,No,85.36,0.0,22.15,26.8,32.58,1.1
2023-12-16 11:00,12,11,Weekend,Winter,No,91.12,4.81,20.58,26.8,34.83,1.1
2023-12-16 12:00,12,12,Weekend,Winter,No,91.89,8.7,18.57,26.8,33.55,1.1
2023-12-16 13:00,12,13,Weekend,Winter,No,86.18,10.37,13.71,26.8,30.98,0.02
2023-12-16 14:00,12,14,Weekend,Winter,No,61.71,12.83,15.33,8.04,21.33,1.1
2023-12-16 15:00,12,15,Weekend,Winter,No,60.98,12.75,16.16,8.04,20.05,1.1
2023-12-16 16:00,12,16,Weekend,Winter,No,58.2,9.44,16.54,8.04,20.37,1.1
2023-12-16 17:00,12,17,Weekend,Winter,No,71.0,6.4,27.81,2.68,18.01,0.02
2023-12-16 18:00,12,18,Weekend,Winter,No,33.58,0.0,0.0,2.68,16.08,1.1
2023-12-16 19:00,12,19,Weekend,Winter,No,33.58,0.0,0.0,2.68,16.08,0.02
2023-12-16 20:00,12,20,Weekend,Winter,No,33.58,0.0,0.0,2.68,16.08,1.1
2023-12-16 21:00,12,21,Weekend,Winter,No,33.58,0.0,0.0,2.68,16.08,0.02
2023-12-16 22:00,12,22,Weekend,Winter,No,33.58,0.0,0.0,2.68,16.08,1.1
2023-12-16 23:00,12,23,Weekend,Winter,No,33.58,0.0,0.0,2.68,16.08,0.02
2023-12-17 00:00,12,0,Weekend,Winter,No,33.58,0.0,0.0,2.68,16.08,0.02
2023-12-17 01:00,12,1,Weekend,Winter,No,33.58,0.0,0.0,2.68,16.08,1.1
2023-12-17 02:00,12,2,Weekend,Winter,No,33.58,0.0,0.0,2.68,16.08,0.02
2023-12-17 03:00,12,3,Weekend,Winter,No,33.58,0.0,0.0,2.68,16.08,0.02
2023-12-17 04:00,12,4,Weekend,Winter,No,33.58,0.0,0.0,2.68,16.08,1.1
2023-12-17 05:00,12,5,Weekend,Winter,No,33.58,0.0,0.0,2.68,16.08,0.02
2023-12-17 06:00,12,6,Weekend,Winter,No,33.58,0.0,0.0,2.68,16.08,1.1
2023-12-17 07:00,12,7,Weekend,Winter,No,23.71,0.0,0.0,2.68,16.08,0.02
2023-12-17 08:00,12,8,Weekend,Winter,No,18.77,0.0,0.0,2.68,16.08,0.02
2023-12-17 09:00,12,9,Weekend,Winter,No,18.77,0.0,0.0,2.68,16.08,1.1
2023-12-17 10:00,12,10,Weekend,Winter,No,18.77,0.0,0.0,2.68,16.08,0.02
2023-12-17 11:00,12,11,Weekend,Winter,No,19.78,0.59,0.0,2.68,16.08,1.1
2023-12-17 12:00,12,12,Weekend,Winter,No,23.74,3.21,0.0,2.68,16.08,0.02
2023-12-17 13:00,12,13,Weekend,Winter,No,28.3,6.62,0.0,2.68,16.08,1.1
2023-12-17 14:00,12,14,Weekend,Winter,No,25.92,5.06,0.0,2.68,16.08,0.02
2023-12-17 15:00,12,15,Weekend,Winter,No,21.03,1.63,0.0,2.68,16.08,0.02
2023-12-17 16:00,12,16,Weekend,Winter,No,18.77,0.0,0.0,2.68,16.08,1.1
2023-12-17 17:00,12,17,Weekend,Winter,No,31.11,0.0,0.0,2.68,16.08,0.02
2023-12-17 18:00,12,18,Weekend,Winter,No,33.58,0.0,0.0,2.68,16.08,1.1
2023-12-17 19:00,12,19,Weekend,Winter,No,33.58,0.0,0.0,2.68,16.08,0.02
2023-12-17 20:00,12,20,Weekend,Winter,No,33.58,0.0,0.0,2.68,16.08,0.02
2023-12-17 21:00,12,21,Weekend,Winter,No,33.58,0.0,0.0,2.68,16.08,1.1
2023-12-17 22:00,12,22,Weekend,Winter,No,33.58,0.0,0.0,2.68,16.08,0.02
2023-12-17 23:00,12,23,Weekend,Winter,No,33.58,0.0,0.0,2.68,16.08,0.02
2023-12-18 00:00,12,0,Weekday,Winter,No,38.94,0.0,0.0,2.68,21.44,1.1
2023-12-18 01:00,12,1,Weekday,Winter,No,38.94,0.0,0.0,2.68,21.44,0.02
2023-12-18 02:00,12,2,Weekday,Winter,No,38.94,0.0,0.0,2.68,21.44,1.1
2023-12-18 03:00,12,3,Weekday,Winter,No,38.94,0.0,0.0,2.68,21.44,0.02
2023-12-18 04:00,12,4,Weekday,Winter,No,38.94,0.0,0.0,2.68,21.44,1.1
2023-12-18 05:00,12,5,Weekday,Winter,No,41.62,0.0,0.0,5.36,21.44,0.02
2023-12-18 06:00,12,6,Weekday,Winter,No,159.37,0.0,113.99,5.36,21.44,1.1
2023-12-18 07:00,12,7,Weekday,Winter,No,139.87,0.0,82.4,16.08,32.68,0.02
2023-12-18 08:00,12,8,Weekday,Winter,Yes,155.27,0.0,32.85,48.25,70.4,2.19
2023-12-18 09:00,12,9,Weekday,Winter,Yes,135.18,0.76,20.35,48.25,62.05,1.1
2023-12-18 10:00,12,10,Weekday,Winter,Yes,131.06,3.3,15.53,48.25,60.13,2.19
2023-12-18 11:00,12,11,Weekday,Winter,Yes,135.02,7.67,12.89,48.25,62.05,2.19
2023-12-18 12:00,12,12,Weekday,Winter,Yes,140.81,12.01,14.67,48.25,61.51,2.19
2023-12-18 13:00,12,13,Weekday,Winter,Yes,137.64,14.41,6.77,48.25,63.66,2.19
2023-12-18 14:00,12,14,Weekday,Winter,Yes,133.08,16.81,3.35,48.25,60.13,2.19
2023-12-18 15:00,12,15,Weekday,Winter,Yes,132.72,17.35,2.69,48.25,60.13,1.1
2023-12-18 16:00,12,16,Weekday,Winter,Yes,133.01,14.89,2.78,48.25,63.02,2.19
2023-12-18 17:00,12,17,Weekday,Winter,Yes,134.04,9.52,7.92,37.53,62.79,1.1
2023-12-18 18:00,12,18,Weekday,Winter,No,103.84,3.89,18.55,26.8,36.02,1.1
2023-12-18 19:00,12,19,Weekday,Winter,No,105.39,3.95,22.61,26.8,33.45,1.1
2023-12-18 20:00,12,20,Weekday,Winter,No,96.71,4.08,29.88,16.08,28.09,1.1
2023-12-18 21:00,12,21,Weekday,Winter,No,99.05,2.44,35.15,16.08,26.8,0.02
2023-12-18 22:00,12,22,Weekday,Winter,No,41.62,0.0,0.0,5.36,21.44,1.1
2023-12-18 23:00,12,23,Weekday,Winter,No,38.94,0.0,0.0,2.68,21.44,0.02
2023-12-19 00:00,12,0,Weekday,Winter,No,38.94,0.0,0.0,2.68,21.44,1.1
2023-12-19 01:00,12,1,Weekday,Winter,No,38.94,0.0,0.0,2.68,21.44,0.02
2023-12-19 02:00,12,2,Weekday,Winter,No,38.94,0.0,0.0,2.68,21.44,0.02
2023-12-19 03:00,12,3,Weekday,Winter,No,38.94,0.0,0.0,2.68,21.44,1.1
2023-12-19 04:00,12,4,Weekday,Winter,No,38.94,0.0,0.0,2.68,21.44,0.02
2023-12-19 05:00,12,5,Weekday,Winter,No,41.62,0.0,0.0,5.36,21.44,1.1
2023-12-19 06:00,12,6,Weekday,Winter,No,123.46,0.0,78.08,5.36,21.44,0.02
2023-12-19 07:00,12,7,Weekday,Winter,No,117.3,0.0,59.83,16.08,32.68,1.1
2023-12-19 08:00,12,8,Weekday,Winter,Yes,144.34,0.0,21.9,48.25,70.4,1.1
2023-12-19 09:00,12,9,Weekday,Winter,Yes,130.05,1.67,14.31,48.25,62.05,2.19
2023-12-19 10:00,12,10,Weekday,Winter,Yes,130.18,7.84,10.11,48.25,60.13,2.19
2023-12-19 11:00,12,11,Weekday,Winter,Yes,135.18,12.64,8.12,48.25,62.05,2.19
2023-12-19 12:00,12,12,Weekday,Winter,Yes,140.87,17.41,9.27,48.25,61.51,2.19
2023-12-19 13:00,12,13,Weekday,Winter,Yes,141.53,22.2,2.77,48.25,63.66,2.19
2023-12-19 14:00,12,14,Weekday,Winter,Yes,137.91,24.11,0.94,48.25,60.13,1.1
2023-12-19 15:00,12,15,Weekday,Winter,Yes,137.14,23.45,0.92,48.25,60.13,2.19
2023-12-19 16:00,12,16,Weekday,Winter,Yes,137.28,20.48,1.19,48.25,63.02,2.19
2023-12-19 17:00,12,17,Weekday,Winter,Yes,134.7,14.53,3.51,37.53,62.79,1.1
2023-12-19 18:00,12,18,Weekday,Winter,No,102.56,9.33,11.83,26.8,36.02,1.1
2023-12-19 19:00,12,19,Weekday,Winter,No,101.56,5.65,17.09,26.8,33.45,1.1
2023-12-19 20:00,12,20,Weekday,Winter,No,91.56,2.86,25.96,16.08,28.09,0.02
2023-12-19 21:00,12,21,Weekday,Winter,No,93.78,2.64,29.67,16.08,26.8,1.1
2023-12-19 22:00,12,22,Weekday,Winter,No,41.62,0.0,0.0,5.36,21.44,0.02
2023-12-19 23:00,12,23,Weekday,Winter,No,38.94,0.0,0.0,2.68,21.44,1.1
2023-12-20 00:00,12,0,Weekday,Winter,No,38.94,0.0,0.0,2.68,21.44,0.02
2023-12-20 01:00,12,1,Weekday,Winter,No,38.94,0.0,0.0,2.68,21.44,1.1
2023-12-20 02:00,12,2,Weekday,Winter,No,38.94,0.0,0.0,2.68,21.44,0.02
2023-12-20 03:00,12,3,Weekday,Winter,No,38.94,0.0,0.0,2.68,21.44,0.02
2023-12-20 04:00,12,4,Weekday,Winter,No,38.94,0.0,0.0,2.68,21.44,1.1
2023-12-20 05:00,12,5,Weekday,Winter,No,41.62,0.0,0.0,5.36,21.44,0.02
2023-12-20 06:00,12,6,Weekday,Winter,No,118.81,0.0,73.43,5.36,21.44,1.1
2023-12-20 07:00,12,7,Weekday,Winter,No,115.36,0.0,57.9,16.08,32.68,1.1
2023-12-20 08:00,12,8,Weekday,Winter,Yes,145.91,0.0,23.44,48.25,70.4,1.1
2023-12-20 09:00,12,9,Weekday,Winter,Yes,128.34,0.45,13.82,48.25,62.05,2.19
2023-12-20 10:00,12,10,Weekday,Winter,Yes,126.75,5.0,9.39,48.25,60.13,1.1
2023-12-20 11:00,12,11,Weekday,Winter,Yes,133.24,11.84,6.64,48.25,62.05,2.19
2023-12-20 12:00,12,12,Weekday,Winter,Yes,139.44,18.55,6.35,48.25,61.51,3.27
2023-12-20 13:00,12,13,Weekday,Winter,Yes,141.6,23.69,0.95,48.25,63.66,2.19
2023-12-20 14:00,12,14,Weekday,Winter,Yes,140.21,26.81,0.14,48.25,60.13,1.1
2023-12-20 15:00,12,15,Weekday,Winter,Yes,139.33,26.29,0.05,48.25,60.13,2.19
2023-12-20 16:00,12,16,Weekday,Winter,Yes,139.11,23.08,0.24,48.25,63.02,1.1
2023-12-20 17:00,12,17,Weekday,Winter,Yes,133.52,14.43,2.39,37.53,62.79,2.19
2023-12-20 18:00,12,18,Weekday,Winter,No,99.19,8.79,9.0,26.8,36.02,1.1
2023-12-20 19:00,12,19,Weekday,Winter,No,97.88,3.82,15.23,26.8,33.45,0.02
2023-12-20 20:00,12,20,Weekday,Winter,No,87.81,0.07,24.99,16.08,28.09,1.1
2023-12-20 21:00,12,21,Weekday,Winter,No,92.1,0.0,30.64,16.08,26.8,1.1
2023-12-20 22:00,12,22,Weekday,Winter,No,41.62,0.0,0.0,5.36,21.44,0.02
2023-12-20 23:00,12,23,Weekday,Winter,No,38.94,0.0,0.0,2.68,21.44,1.1
2023-12-21 00:00,12,0,Weekday,Winter,No,38.94,0.0,0.0,2.68,21.44,0.02
2023-12-21 01:00,12,1,Weekday,Winter,No,38.94,0.0,0.0,2.68,21.44,0.02
2023-12-21 02:00,12,2,Weekday,Winter,No,38.94,0.0,0.0,2.68,21.44,1.1
2023-12-21 03:00,12,3,Weekday,Winter,No,38.94,0.0,0.0,2.68,21.44,0.02
2023-12-21 04:00,12,4,Weekday,Winter,No,38.94,0.0,0.0,2.68,21.44,1.1
2023-12-21 05:00,12,5,Weekday,Winter,No,41.62,0.0,0.0,5.36,21.44,0.02
2023-12-21 06:00,12,6,Weekday,Winter,No,117.72,0.0,72.35,5.36,21.44,1.1
2023-12-21 07:00,12,7,Weekday,Winter,No,114.77,0.0,57.3,16.08,32.68,1.1
2023-12-21 08:00,12,8,Weekday,Winter,Yes,149.63,0.0,27.17,48.25,70.4,1.1
2023-12-21 09:00,12,9,Weekday,Winter,Yes,134.49,1.64,18.79,48.25,62.05,2.19
2023-12-21 10:00,12,10,Weekday,Winter,Yes,129.62,5.09,12.38,48.25,60.13,1.1
2023-12-21 11:00,12,11,Weekday,Winter,Yes,130.76,8.49,8.2,48.25,62.05,2.19
2023-12-21 12:00,12,12,Weekday,Winter,Yes,133.8,12.03,8.17,48.25,61.51,2.19
2023-12-21 13:00,12,13,Weekday,Winter,Yes,133.84,13.12,4.94,48.25,63.66,3.27
2023-12-21 14:00,12,14,Weekday,Winter,Yes,127.98,12.85,2.97,48.25,60.13,1.1
2023-12-21 15:00,12,15,Weekday,Winter,Yes,127.25,11.34,3.74,48.25,60.13,1.1
2023-12-21 16:00,12,16,Weekday,Winter,Yes,127.6,9.84,2.61,48.25,63.02,2.19
2023-12-21 17:00,12,17,Weekday,Winter,Yes,131.4,5.99,8.78,37.53,62.79,1.1
2023-12-21 18:00,12,18,Weekday,Winter,No,102.55,1.33,19.82,26.8,36.02,1.1
2023-12-21 19:00,12,19,Weekday,Winter,No,105.68,0.0,26.86,26.8,33.45,1.1
2023-12-21 20:00,12,20,Weekday,Winter,No,98.14,0.0,35.4,16.08,28.09,1.1
2023-12-21 21:00,12,21,Weekday,Winter,No,100.92,0.0,39.46,16.08,26.8,1.1
2023-12-21 22:00,12,22,Weekday,Winter,No,41.62,0.0,0.0,5.36,21.44,0.02
2023-12-21 23:00,12,23,Weekday,Winter,No,38.94,0.0,0.0,2.68,21.44,0.02
2023-12-22 00:00,12,0,Weekday,Winter,No,38.94,0.0,0.0,2.68,21.44,1.1
2023-12-22 01:00,12,1,Weekday,Winter,No,38.94,0.0,0.0,2.68,21.44,0.02
2023-12-22 02:00,12,2,Weekday,Winter,No,38.94,0.0,0.0,2.68,21.44,1.1
2023-12-22 03:00,12,3,Weekday,Winter,No,38.94,0.0,0.0,2.68,21.44,0.02
2023-12-22 04:00,12,4,Weekday,Winter,No,38.94,0.0,0.0,2.68,21.44,1.1
2023-12-22 05:00,12,5,Weekday,Winter,No,41.62,0.0,0.0,5.36,21.44,0.02
2023-12-22 06:00,12,6,Weekday,Winter,No,139.57,0.0,94.19,5.36,21.44,1.1
2023-12-22 07:00,12,7,Weekday,Winter,No,128.62,0.0,71.15,16.08,32.68,2.42
2023-12-22 08:00,12,8,Weekday,Winter,Yes,151.37,0.0,28.93,48.25,70.4,2.19
2023-12-22 09:00,12,9,Weekday,Winter,Yes,132.13,0.0,18.05,48.25,62.05,1.1
2023-12-22 10:00,12,10,Weekday,Winter,Yes,126.68,0.0,14.36,48.25,60.13,2.19
2023-12-22 11:00,12,11,Weekday,Winter,Yes,127.68,0.0,13.09,48.25,62.05,2.19
2023-12-22 12:00,12,12,Weekday,Winter,Yes,130.12,0.0,15.79,48.25,61.51,2.19
2023-12-22 13:00,12,13,Weekday,Winter,Yes,125.17,0.0,8.49,48.25,63.66,2.19
2023-12-22 14:00,12,14,Weekday,Winter,Yes,118.04,0.55,4.57,48.25,60.13,2.19
2023-12-22 15:00,12,15,Weekday,Winter,Yes,118.54,1.71,4.2,48.25,60.13,1.1
2023-12-22 16:00,12,16,Weekday,Winter,Yes,121.48,1.43,4.84,48.25,63.02,2.19
2023-12-22 17:00,12,17,Weekday,Winter,Yes,129.7,0.14,12.92,37.53,62.79,1.1
2023-12-22 18:00,12,18,Weekday,Winter,No,103.51,0.0,22.11,26.8,36.02,1.1
2023-12-22 19:00,12,19,Weekday,Winter,No,107.0,0.0,28.17,26.8,33.45,1.1
2023-12-22 20:00,12,20,Weekday,Winter,No,99.51,0.0,36.77,16.08,28.09,1.1
2023-12-22 21:00,12,21,Weekday,Winter,No,102.24,0.0,40.78,16.08,26.8,1.1
2023-12-22 22:00,12,22,Weekday,Winter,No,41.62,0.0,0.0,5.36,21.44,0.02
2023-12-22 23:00,12,23,Weekday,Winter,No,38.94,0.0,0.0,2.68,21.44,0.02
2023-12-23 00:00,12,0,Weekend,Winter,No,33.58,0.0,0.0,2.68,16.08,1.1
2023-12-23 01:00,12,1,Weekend,Winter,No,33.58,0.0,0.0,2.68,16.08,0.02
2023-12-23 02:00,12,2,Weekend,Winter,No,33.58,0.0,0.0,2.68,16.08,1.1
2023-12-23 03:00,12,3,Weekend,Winter,No,33.58,0.0,0.0,2.68,16.08,0.02
2023-12-23 04:00,12,4,Weekend,Winter,No,33.58,0.0,0.0,2.68,16.08,0.02
2023-12-23 05:00,12,5,Weekend,Winter,No,33.58,0.0,0.0,2.68,16.08,1.1
2023-12-23 06:00,12,6,Weekend,Winter,No,147.35,0.0,101.97,5.36,21.44,0.02
2023-12-23 07:00,12,7,Weekend,Winter,No,126.58,0.0,85.93,5.36,26.58,16.86
2023-12-23 08:00,12,8,Weekend,Winter,No,116.92,0.0,55.05,26.8,31.3,8.7
2023-12-23 09:00,12,9,Weekend,Winter,No,109.88,0.0,45.76,26.8,33.55,1.52
2023-12-23 10:00,12,10,Weekend,Winter,No,96.65,0.0,33.5,26.8,32.58,1.1
2023-12-23 11:00,12,11,Weekend,Winter,No,97.68,0.0,32.24,26.8,34.83,1.1
2023-12-23 12:00,12,12,Weekend,Winter,No,94.56,0.0,30.24,26.8,33.55,1.1
2023-12-23 13:00,12,13,Weekend,Winter,No,87.73,0.0,25.85,26.8,30.98,1.1
2023-12-23 14:00,12,14,Weekend,Winter,No,62.26,0.0,28.93,8.04,21.33,0.02
2023-12-23 15:00,12,15,Weekend,Winter,No,59.87,0.0,27.98,8.04,20.05,1.1
2023-12-23 16:00,12,16,Weekend,Winter,No,60.4,0.0,28.23,8.04,20.37,1.1
2023-12-23 17:00,12,17,Weekend,Winter,No,84.15,0.0,47.35,2.68,18.01,0.02
2023-12-23 18:00,12,18,Weekend,Winter,No,33.58,0.0,0.0,2.68,16.08,1.1
2023-12-23 19:00,12,19,Weekend,Winter,No,33.58,0.0,0.0,2.68,16.08,0.02
2023-12-23 20:00,12,20,Weekend,Winter,No,33.58,0.0,0.0,2.68,16.08,1.1
2023-12-23 21:00,12,21,Weekend,Winter,No,33.58,0.0,0.0,2.68,16.08,0.02
2023-12-23 22:00,12,22,Weekend,Winter,No,33.58,0.0,0.0,2.68,16.08,1.1
2023-12-23 23:00,12,23,Weekend,Winter,No,33.58,0.0,0.0,2.68,16.08,0.02
2023-12-24 00:00,12,0,Weekend,Winter,No,33.58,0.0,0.0,2.68,16.08,1.1
2023-12-24 01:00,12,1,Weekend,Winter,No,33.58,0.0,0.0,2.68,16.08,0.02
2023-12-24 02:00,12,2,Weekend,Winter,No,33.58,0.0,0.0,2.68,16.08,0.02
2023-12-24 03:00,12,3,Weekend,Winter,No,33.58,0.0,0.0,2.68,16.08,1.1
2023-12-24 04:00,12,4,Weekend,Winter,No,33.58,0.0,0.0,2.68,16.08,0.02
2023-12-24 05:00,12,5,Weekend,Winter,No,33.58,0.0,0.0,2.68,16.08,1.1
2023-12-24 06:00,12,6,Weekend,Winter,No,33.58,0.0,0.0,2.68,16.08,0.02
2023-12-24 07:00,12,7,Weekend,Winter,No,28.19,0.0,3.69,2.68,16.08,0.06
2023-12-24 08:00,12,8,Weekend,Winter,No,20.43,0.0,1.2,2.68,16.08,1.1
2023-12-24 09:00,12,9,Weekend,Winter,No,18.77,0.0,0.0,2.68,16.08,0.02
2023-12-24 10:00,12,10,Weekend,Winter,No,18.77,0.0,0.0,2.68,16.08,0.02
2023-12-24 11:00,12,11,Weekend,Winter,No,18.77,0.0,0.0,2.68,16.08,1.1
2023-12-24 12:00,12,12,Weekend,Winter,No,18.77,0.0,0.0,2.68,16.08,0.02
2023-12-24 13:00,12,13,Weekend,Winter,No,18.98,0.0,0.0,2.68,16.08,1.1
2023-12-24 14:00,12,14,Weekend,Winter,No,19.2,0.0,0.0,2.68,16.08,0.02
2023-12-24 15:00,12,15,Weekend,Winter,No,18.77,0.0,0.0,2.68,16.08,1.1
2023-12-24 16:00,12,16,Weekend,Winter,No,18.77,0.0,0.0,2.68,16.08,0.02
2023-12-24 17:00,12,17,Weekend,Winter,No,31.11,0.0,0.0,2.68,16.08,0.02
2023-12-24 18:00,12,18,Weekend,Winter,No,33.58,0.0,0.0,2.68,16.08,1.1
2023-12-24 19:00,12,19,Weekend,Winter,No,33.58,0.0,0.0,2.68,16.08,0.02
2023-12-24 20:00,12,20,Weekend,Winter,No,33.58,0.0,0.0,2.68,16.08,1.1
2023-12-24 21:00,12,21,Weekend,Winter,No,33.58,0.0,0.0,2.68,16.08,0.02
2023-12-24 22:00,12,22,Weekend,Winter,No,33.58,0.0,0.0,2.68,16.08,0.02
2023-12-24 23:00,12,23,Weekend,Winter,No,37.04,0.0,2.78,2.68,16.08,1.1
2023-12-25 00:00,12,0,Weekday,Winter,No,38.75,0.0,4.26,2.68,16.08,0.02
2023-12-25 01:00,12,1,Weekday,Winter,No,41.22,0.0,6.51,2.68,16.08,1.1
2023-12-25 02:00,12,2,Weekday,Winter,No,40.95,0.0,6.47,2.68,16.08,0.02
2023-12-25 03:00,12,3,Weekday,Winter,No,43.84,0.0,9.12,2.68,16.08,0.02
2023-12-25 04:00,12,4,Weekday,Winter,No,43.4,0.0,8.92,2.68,16.08,1.1
2023-12-25 05:00,12,5,Weekday,Winter,No,46.04,0.0,11.33,2.68,16.08,0.02
2023-12-25 06:00,12,6,Weekday,Winter,No,53.72,0.0,17.88,2.68,16.08,1.29
2023-12-25 07:00,12,7,Weekday,Winter,No,48.17,0.0,21.33,2.68,16.08,0.24
2023-12-25 08:00,12,8,Weekday,Winter,Yes,29.73,0.0,8.85,2.68,16.08,0.33
2023-12-25 09:00,12,9,Weekday,Winter,Yes,24.27,0.0,4.37,2.68,16.08,1.1
2023-12-25 10:00,12,10,Weekday,Winter,Yes,20.75,0.0,1.42,2.68,16.08,0.02
2023-12-25 11:00,12,11,Weekday,Winter,Yes,18.77,0.0,0.0,2.68,16.08,0.02
2023-12-25 12:00,12,12,Weekday,Winter,Yes,18.77,0.0,0.0,2.68,16.08,1.1
2023-12-25 13:00,12,13,Weekday,Winter,Yes,18.77,0.0,0.0,2.68,16.08,0.02
2023-12-25 14:00,12,14,Weekday,Winter,Yes,20.38,1.04,0.0,2.68,16.08,1.1
2023-12-25 15:00,12,15,Weekday,Winter,Yes,18.77,0.0,0.0,2.68,16.08,0.02
2023-12-25 16:00,12,16,Weekday,Winter,Yes,18.77,0.0,0.0,2.68,16.08,1.1
2023-12-25 17:00,12,17,Weekday,Winter,Yes,31.11,0.0,0.0,2.68,16.08,0.02
2023-12-25 18:00,12,18,Weekday,Winter,No,33.58,0.0,0.0,2.68,16.08,0.02
2023-12-25 19:00,12,19,Weekday,Winter,No,33.58,0.0,0.0,2.68,16.08,1.1
2023-12-25 20:00,12,20,Weekday,Winter,No,33.58,0.0,0.0,2.68,16.08,0.02
2023-12-25 21:00,12,21,Weekday,Winter,No,33.58,0.0,0.0,2.68,16.08,1.1
2023-12-25 22:00,12,22,Weekday,Winter,No,33.58,0.0,0.0,2.68,16.08,0.02
2023-12-25 23:00,12,23,Weekday,Winter,No,33.58,0.0,0.0,2.68,16.08,0.02
2023-12-26 00:00,12,0,Weekday,Winter,No,40.12,0.0,0.96,2.68,21.44,1.1
2023-12-26 01:00,12,1,Weekday,Winter,No,45.24,0.0,5.17,2.68,21.44,0.02
2023-12-26 02:00,12,2,Weekday,Winter,No,45.18,0.0,5.33,2.68,21.44,1.1
2023-12-26 03:00,12,3,Weekday,Winter,No,47.84,0.0,7.76,2.68,21.44,0.02
2023-12-26 04:00,12,4,Weekday,Winter,No,47.44,0.0,7.6,2.68,21.44,0.02
2023-12-26 05:00,12,5,Weekday,Winter,No,52.61,0.0,9.86,5.36,21.44,1.1
2023-12-26 06:00,12,6,Weekday,Winter,No,219.39,0.0,174.01,5.36,21.44,0.02
2023-12-26 07:00,12,7,Weekday,Winter,No,186.97,0.0,129.5,16.08,32.68,5.78
2023-12-26 08:00,12,8,Weekday,Winter,Yes,195.0,0.0,72.58,48.25,70.4,2.19
2023-12-26 09:00,12,9,Weekday,Winter,Yes,162.79,0.4,48.31,48.25,62.05,1.1
2023-12-26 10:00,12,10,Weekday,Winter,Yes,159.51,5.29,42.07,48.25,60.13,2.19
2023-12-26 11:00,12,11,Weekday,Winter,Yes,152.45,8.53,29.85,48.25,62.05,2.19
2023-12-26 12:00,12,12,Weekday,Winter,Yes,155.74,11.21,31.0,48.25,61.51,2.19
2023-12-26 13:00,12,13,Weekday,Winter,Yes,147.02,13.6,17.74,48.25,63.66,2.19
2023-12-26 14:00,12,14,Weekday,Winter,Yes,143.2,14.92,16.13,48.25,60.13,2.19
2023-12-26 15:00,12,15,Weekday,Winter,Yes,137.41,14.72,10.54,48.25,60.13,1.1
2023-12-26 16:00,12,16,Weekday,Winter,Yes,134.46,11.86,7.57,48.25,63.02,2.19
2023-12-26 17:00,12,17,Weekday,Winter,Yes,139.6,8.25,17.34,37.53,62.79,1.1
2023-12-26 18:00,12,18,Weekday,Winter,No,118.38,3.3,33.68,26.8,36.02,1.1
2023-12-26 19:00,12,19,Weekday,Winter,No,119.47,0.04,40.61,26.8,33.45,1.1
2023-12-26 20:00,12,20,Weekday,Winter,No,116.41,0.0,53.67,16.08,28.09,1.1
2023-12-26 21:00,12,21,Weekday,Winter,No,120.17,0.0,58.71,16.08,26.8,1.1
2023-12-26 22:00,12,22,Weekday,Winter,No,41.62,0.0,0.0,5.36,21.44,0.02
2023-12-26 23:00,12,23,Weekday,Winter,No,38.94,0.0,0.0,2.68,21.44,0.02
2023-12-27 00:00,12,0,Weekday,Winter,No,38.94,0.0,0.0,2.68,21.44,1.1
2023-12-27 01:00,12,1,Weekday,Winter,No,38.94,0.0,0.0,2.68,21.44,0.02
2023-12-27 02:00,12,2,Weekday,Winter,No,38.94,0.0,0.0,2.68,21.44,1.1
2023-12-27 03:00,12,3,Weekday,Winter,No,38.94,0.0,0.0,2.68,21.44,0.02
2023-12-27 04:00,12,4,Weekday,Winter,No,38.94,0.0,0.0,2.68,21.44,1.1
2023-12-27 05:00,12,5,Weekday,Winter,No,41.62,0.0,0.0,5.36,21.44,0.02
2023-12-27 06:00,12,6,Weekday,Winter,No,147.27,0.0,101.9,5.36,21.44,1.1
2023-12-27 07:00,12,7,Weekday,Winter,No,137.75,0.0,80.28,16.08,32.68,0.02
2023-12-27 08:00,12,8,Weekday,Winter,Yes,165.71,0.0,43.29,48.25,70.4,2.19
2023-12-27 09:00,12,9,Weekday,Winter,Yes,143.42,1.17,28.18,48.25,62.05,1.1
2023-12-27 10:00,12,10,Weekday,Winter,Yes,133.84,3.84,17.86,48.25,60.13,2.19
2023-12-27 11:00,12,11,Weekday,Winter,Yes,133.59,7.07,12.45,48.25,62.05,2.19
2023-12-27 12:00,12,12,Weekday,Winter,Yes,140.35,11.24,15.58,48.25,61.51,2.19
2023-12-27 13:00,12,13,Weekday,Winter,Yes,136.32,12.85,7.78,48.25,63.66,3.27
2023-12-27 14:00,12,14,Weekday,Winter,Yes,129.26,12.83,4.28,48.25,60.13,1.1
2023-12-27 15:00,12,15,Weekday,Winter,Yes,131.58,12.81,6.63,48.25,60.13,2.19
2023-12-27 16:00,12,16,Weekday,Winter,Yes,131.17,12.41,3.66,48.25,63.02,1.1
2023-12-27 17:00,12,17,Weekday,Winter,Yes,134.77,11.49,9.17,37.53,62.79,2.19
2023-12-27 18:00,12,18,Weekday,Winter,No,107.57,6.56,19.62,26.8,36.02,1.1
2023-12-27 19:00,12,19,Weekday,Winter,No,107.08,2.76,25.49,26.8,33.45,0.02
2023-12-27 20:00,12,20,Weekday,Winter,No,97.97,0.51,34.72,16.08,28.09,1.1
2023-12-27 21:00,12,21,Weekday,Winter,No,102.67,0.0,41.21,16.08,26.8,1.1
2023-12-27 22:00,12,22,Weekday,Winter,No,41.62,0.0,0.0,5.36,21.44,0.02
2023-12-27 23:00,12,23,Weekday,Winter,No,38.94,0.0,0.0,2.68,21.44,1.1
2023-12-28 00:00,12,0,Weekday,Winter,No,38.94,0.0,0.0,2.68,21.44,0.02
2023-12-28 01:00,12,1,Weekday,Winter,No,38.94,0.0,0.0,2.68,21.44,0.02
2023-12-28 02:00,12,2,Weekday,Winter,No,38.94,0.0,0.0,2.68,21.44,1.1
2023-12-28 03:00,12,3,Weekday,Winter,No,38.94,0.0,0.0,2.68,21.44,0.02
2023-12-28 04:00,12,4,Weekday,Winter,No,38.94,0.0,0.0,2.68,21.44,1.1
2023-12-28 05:00,12,5,Weekday,Winter,No,41.62,0.0,0.0,5.36,21.44,0.02
2023-12-28 06:00,12,6,Weekday,Winter,No,130.81,0.0,85.43,5.36,21.44,1.1
2023-12-28 07:00,12,7,Weekday,Winter,No,121.43,0.0,63.96,16.08,32.68,1.1
2023-12-28 08:00,12,8,Weekday,Winter,Yes,143.63,0.0,21.2,48.25,70.4,1.1
2023-12-28 09:00,12,9,Weekday,Winter,Yes,129.19,1.89,13.22,48.25,62.05,2.19
2023-12-28 10:00,12,10,Weekday,Winter,Yes,129.43,7.79,9.41,48.25,60.13,1.1
2023-12-28 11:00,12,11,Weekday,Winter,Yes,132.89,10.87,7.95,48.25,62.05,2.19
2023-12-28 12:00,12,12,Weekday,Winter,Yes,136.66,12.89,10.2,48.25,61.51,2.19
2023-12-28 13:00,12,13,Weekday,Winter,Yes,135.46,15.99,3.54,48.25,63.66,3.27
2023-12-28 14:00,12,14,Weekday,Winter,Yes,134.46,17.19,5.12,48.25,60.13,1.1
2023-12-28 15:00,12,15,Weekday,Winter,Yes,135.96,17.91,5.9,48.25,60.13,2.19
2023-12-28 16:00,12,16,Weekday,Winter,Yes,139.88,17.84,6.93,48.25,63.02,1.1
2023-12-28 17:00,12,17,Weekday,Winter,Yes,141.31,16.96,10.22,37.53,62.79,2.19
2023-12-28 18:00,12,18,Weekday,Winter,No,111.85,14.53,15.92,26.8,36.02,1.1
2023-12-28 19:00,12,19,Weekday,Winter,No,109.98,11.37,19.78,26.8,33.45,1.1
2023-12-28 20:00,12,20,Weekday,Winter,No,101.19,12.37,26.08,16.08,28.09,0.02
2023-12-28 21:00,12,21,Weekday,Winter,No,103.11,13.82,27.83,16.08,26.8,1.1
2023-12-28 22:00,12,22,Weekday,Winter,No,41.62,0.0,0.0,5.36,21.44,0.02
2023-12-28 23:00,12,23,Weekday,Winter,No,38.94,0.0,0.0,2.68,21.44,1.1
2023-12-29 00:00,12,0,Weekday,Winter,No,38.94,0.0,0.0,2.68,21.44,0.02
2023-12-29 01:00,12,1,Weekday,Winter,No,38.94,0.0,0.0,2.68,21.44,1.1
2023-12-29 02:00,12,2,Weekday,Winter,No,38.94,0.0,0.0,2.68,21.44,0.02
2023-12-29 03:00,12,3,Weekday,Winter,No,38.94,0.0,0.0,2.68,21.44,0.02
2023-12-29 04:00,12,4,Weekday,Winter,No,38.94,0.0,0.0,2.68,21.44,1.1
2023-12-29 05:00,12,5,Weekday,Winter,No,41.62,0.0,0.0,5.36,21.44,0.02
2023-12-29 06:00,12,6,Weekday,Winter,No,100.89,17.75,37.76,5.36,21.44,1.1
2023-12-29 07:00,12,7,Weekday,Winter,No,109.91,17.65,34.79,16.08,32.68,1.1
2023-12-29 08:00,12,8,Weekday,Winter,Yes,156.21,15.35,18.4,48.25,70.4,1.1
2023-12-29 09:00,12,9,Weekday,Winter,Yes,143.36,15.35,13.94,48.25,62.05,2.19
2023-12-29 10:00,12,10,Weekday,Winter,Yes,140.53,20.16,8.22,48.25,60.13,1.1
2023-12-29 11:00,12,11,Weekday,Winter,Yes,143.63,22.48,7.08,48.25,62.05,2.19
2023-12-29 12:00,12,12,Weekday,Winter,Yes,143.8,22.18,8.0,48.25,61.51,3.27
2023-12-29 13:00,12,13,Weekday,Winter,Yes,142.16,22.68,3.6,48.25,63.66,2.19
2023-12-29 14:00,12,14,Weekday,Winter,Yes,139.03,22.28,4.6,48.25,60.13,1.1
2023-12-29 15:00,12,15,Weekday,Winter,Yes,139.05,21.0,5.9,48.25,60.13,2.19
2023-12-29 16:00,12,16,Weekday,Winter,Yes,140.89,19.18,6.58,48.25,63.02,2.19
2023-12-29 17:00,12,17,Weekday,Winter,Yes,142.45,17.99,10.32,37.53,62.79,1.1
2023-12-29 18:00,12,18,Weekday,Winter,No,113.19,16.19,15.61,26.8,36.02,1.1
2023-12-29 19:00,12,19,Weekday,Winter,No,112.69,15.68,18.18,26.8,33.45,1.1
2023-12-29 20:00,12,20,Weekday,Winter,No,101.54,14.67,24.12,16.08,28.09,1.1
2023-12-29 21:00,12,21,Weekday,Winter,No,101.59,14.44,25.69,16.08,26.8,0.02
2023-12-29 22:00,12,22,Weekday,Winter,No,41.62,0.0,0.0,5.36,21.44,1.1
2023-12-29 23:00,12,23,Weekday,Winter,No,38.94,0.0,0.0,2.68,21.44,0.02
2023-12-30 00:00,12,0,Weekend,Winter,No,33.58,0.0,0.0,2.68,16.08,0.02
2023-12-30 01:00,12,1,Weekend,Winter,No,33.58,0.0,0.0,2.68,16.08,1.1
2023-12-30 02:00,12,2,Weekend,Winter,No,33.58,0.0,0.0,2.68,16.08,0.02
2023-12-30 03:00,12,3,Weekend,Winter,No,33.58,0.0,0.0,2.68,16.08,1.1
2023-12-30 04:00,12,4,Weekend,Winter,No,33.58,0.0,0.0,2.68,16.08,0.02
2023-12-30 05:00,12,5,Weekend,Winter,No,33.58,0.0,0.0,2.68,16.08,1.1
2023-12-30 06:00,12,6,Weekend,Winter,No,102.34,0.0,56.96,5.36,21.44,0.02
2023-12-30 07:00,12,7,Weekend,Winter,No,90.97,0.0,50.32,5.36,26.58,1.1
2023-12-30 08:00,12,8,Weekend,Winter,No,86.26,0.0,24.38,26.8,31.3,0.02
2023-12-30 09:00,12,9,Weekend,Winter,No,83.04,1.01,17.91,26.8,33.55,1.1
2023-12-30 10:00,12,10,Weekend,Winter,No,83.15,5.13,14.73,26.8,32.58,1.1
2023-12-30 11:00,12,11,Weekend,Winter,No,86.95,7.7,13.42,26.8,34.83,1.1
2023-12-30 12:00,12,12,Weekend,Winter,No,88.52,10.45,13.39,26.8,33.55,1.1
2023-12-30 13:00,12,13,Weekend,Winter,No,85.6,13.73,9.57,26.8,30.98,1.1
2023-12-30 14:00,12,14,Weekend,Winter,No,58.94,15.17,10.01,8.04,21.33,1.1
2023-12-30 15:00,12,15,Weekend,Winter,No,58.97,15.09,11.59,8.04,20.05,1.1
2023-12-30 16:00,12,16,Weekend,Winter,No,58.02,13.66,12.02,8.04,20.37,1.1
2023-12-30 17:00,12,17,Weekend,Winter,No,65.39,9.95,21.11,2.68,18.01,0.02
2023-12-30 18:00,12,18,Weekend,Winter,No,33.58,0.0,0.0,2.68,16.08,1.1
2023-12-30 19:00,12,19,Weekend,Winter,No,33.58,0.0,0.0,2.68,16.08,0.02
2023-12-30 20:00,12,20,Weekend,Winter,No,33.58,0.0,0.0,2.68,16.08,1.1
2023-12-30 21:00,12,21,Weekend,Winter,No,33.58,0.0,0.0,2.68,16.08,0.02
2023-12-30 22:00,12,22,Weekend,Winter,No,33.58,0.0,0.0,2.68,16.08,1.1
2023-12-30 23:00,12,23,Weekend,Winter,No,33.58,0.0,0.0,2.68,16.08,0.02
2023-12-31 00:00,12,0,Weekend,Winter,No,33.58,0.0,0.0,2.68,16.08,0.02
2023-12-31 01:00,12,1,Weekend,Winter,No,33.58,0.0,0.0,2.68,16.08,1.1
2023-12-31 02:00,12,2,Weekend,Winter,No,33.58,0.0,0.0,2.68,16.08,0.02
2023-12-31 03:00,12,3,Weekend,Winter,No,33.58,0.0,0.0,2.68,16.08,0.02
2023-12-31 04:00,12,4,Weekend,Winter,No,33.58,0.0,0.0,2.68,16.08,1.1
2023-12-31 05:00,12,5,Weekend,Winter,No,33.58,0.0,0.0,2.68,16.08,0.02
2023-12-31 06:00,12,6,Weekend,Winter,No,33.58,0.0,0.0,2.68,16.08,1.1
2023-12-31 07:00,12,7,Weekend,Winter,No,23.71,0.0,0.0,2.68,16.08,0.02
2023-12-31 08:00,12,8,Weekend,Winter,No,18.77,0.0,0.0,2.68,16.08,0.02
2023-12-31 09:00,12,9,Weekend,Winter,No,18.77,0.0,0.0,2.68,16.08,1.1
2023-12-31 10:00,12,10,Weekend,Winter,No,18.77,0.0,0.0,2.68,16.08,0.02
2023-12-31 11:00,12,11,Weekend,Winter,No,21.51,2.1,0.0,2.68,16.08,1.1
2023-12-31 12:00,12,12,Weekend,Winter,No,29.18,8.37,0.0,2.68,16.08,0.02
2023-12-31 13:00,12,13,Weekend,Winter,No,33.12,11.72,0.0,2.68,16.08,1.1
2023-12-31 14:00,12,14,Weekend,Winter,No,35.22,13.52,0.0,2.68,16.08,0.02
2023-12-31 15:00,12,15,Weekend,Winter,No,32.06,10.89,0.0,2.68,16.08,0.02
2023-12-31 16:00,12,16,Weekend,Winter,No,22.02,2.61,0.0,2.68,16.08,1.1
2023-12-31 17:00,12,17,Weekend,Winter,No,28.64,0.0,0.0,2.68,16.08,0.02
2023-12-31 18:00,12,18,Weekend,Winter,No,33.58,0.0,0.0,2.68,16.08,1.1
2023-12-31 19:00,12,19,Weekend,Winter,No,33.58,0.0,0.0,2.68,16.08,0.02
2023-12-31 20:00,12,20,Weekend,Winter,No,33.58,0.0,0.0,2.68,16.08,0.02
2023-12-31 21:00,12,21,Weekend,Winter,No,33.58,0.0,0.0,2.68,16.08,1.1
2023-12-31 22:00,12,22,Weekend,Winter,No,33.58,0.0,0.0,2.68,16.08,0.02
2023-12-31 23:00,12,23,Weekend,Winter,No,33.58,0.0,0.0,2.68,16.08,1.1
